Job,Interval,Start,End,Energy,Flow
J3400,I5861,17830.0,17843.0,green,1
J3400,I5893,17983.0,17995.0,green,1
J3400,I5956,18245.0,18250.0,brown,4
J7,I59,84.0,85.0,brown,1
J7,I1275,2605.0,2616.0,brown,1
J7,I1723,3678.0,3683.0,brown,2
J951,I2020,4606.0,4610.0,green,1
J951,I3985,11080.0,11089.0,green,1
J405,I556,935.0,936.0,green,1
J405,I756,1375.0,1378.0,green,2
J405,I828,1552.0,1553.0,green,1
J405,I1244,2520.0,2525.0,green,2
J4135,I7789,24386.0,24391.0,green,5
J4135,I8013,25025.0,25027.0,brown,1
J4896,I3363,8883.0,8885.0,brown,1
J4896,I9812,29422.0,29426.0,green,3
J4896,I9844,29490.0,29493.0,green,1
J4867,I4893,14374.0,14378.0,brown,1
J466,I4520,12915.0,12924.0,green,1
J466,I6824,21248.0,21258.0,green,2
J400,I2203,5183.0,5185.0,green,2
J400,I2235,5279.0,5283.0,green,1
J400,I5243,15711.0,15719.0,green,2
J3966,I1099,2149.0,2154.0,brown,1
J3966,I4172,11735.0,11757.0,green,3
J3933,I2038,4653.0,4655.0,brown,1
J3933,I2070,4749.0,4752.0,brown,2
J3933,I2102,4864.0,4865.0,brown,1
J3933,I2134,4969.0,4971.0,brown,1
J3933,I2422,5829.0,5831.0,brown,1
J3279,I2961,7464.0,7471.0,brown,3
J3279,I3857,10682.0,10683.0,brown,1
J3683,I6225,19135.0,19138.0,green,1
J3683,I6545,20265.0,20268.0,green,2
J214,I641,1112.0,1113.0,green,1
J214,I2941,7416.0,7423.0,green,1
J214,I3101,7968.0,7980.0,green,3
J2025,I1462,3049.0,3050.0,brown,1
J2025,I4759,13872.0,13883.0,green,1
J2025,I4791,14010.0,14013.0,green,1
J2025,I7863,24607.0,24612.0,green,3
J4483,I3515,9450.0,9451.0,brown,1
J4483,I3739,10217.0,10221.0,brown,1
J4483,I3899,10817.0,10820.0,brown,1
J4483,I8940,27475.0,27477.0,green,2
J1047,I1841,4002.0,4003.0,green,1
J1047,I2001,4534.0,4538.0,green,1
J4710,I8465,26253.0,26257.0,green,1
J479,I526,879.0,881.0,green,2
J479,I1518,3175.0,3178.0,green,2
J479,I1806,3906.0,3908.0,green,1
J479,I1870,4099.0,4100.0,green,1
J1449,I2526,6151.0,6170.0,green,6
J4916,I9628,29061.0,29063.0,green,2
J4916,I9820,29438.0,29442.0,green,1
J4916,I9852,29502.0,29507.0,green,3
J4576,I4802,14043.0,14045.0,brown,1
J4576,I4834,14154.0,14157.0,brown,2
J4576,I7011,21947.0,21951.0,green,1
J4576,I10035,29815.0,29817.0,green,1
J4576,I10107,29925.0,29927.0,green,1
J1892,I2115,4913.0,4916.0,green,3
J1892,I3107,7995.0,8004.0,green,2
J4972,I5225,15649.0,15651.0,brown,1
J4972,I5513,16576.0,16579.0,brown,1
J4972,I5833,17734.0,17737.0,brown,2
J4641,I1813,3919.0,3921.0,brown,2
J4641,I8310,25879.0,25883.0,green,1
J4641,I9110,27849.0,27851.0,green,1
J4641,I9206,28114.0,28116.0,green,1
J2958,I6472,19987.0,19998.0,green,3
J4632,I8802,27126.0,27131.0,green,2
J4329,I7364,23126.0,23131.0,brown,5
J2656,I4463,12692.0,12696.0,green,2
J2656,I5711,17334.0,17341.0,green,2
J2284,I3183,8251.0,8252.0,green,1
J2284,I3215,8356.0,8359.0,green,1
J2284,I3471,9283.0,9285.0,green,1
J2284,I4655,13471.0,13478.0,green,2
J1823,I6736,20922.0,20932.0,green,1
J1823,I7056,22105.0,22107.0,green,1
J1823,I7088,22224.0,22230.0,green,1
J1823,I7792,24393.0,24398.0,green,1
J1117,I1830,3961.0,3975.0,green,1
J1117,I5002,14772.0,14776.0,green,3
J38,I2103,4865.0,4866.0,brown,1
J38,I2391,5748.0,5754.0,brown,1
J38,I7669,24022.0,24029.0,green,2
J1188,I1013,1943.0,1944.0,brown,1
J1188,I3285,8587.0,8596.0,brown,3
J1188,I7786,24380.0,24383.0,green,2
J1933,I783,1444.0,1451.0,green,1
J1933,I5243,15711.0,15719.0,green,2
J1933,I5495,16507.0,16514.0,green,1
J4622,I6195,19020.0,19022.0,green,2
J4622,I6227,19139.0,19145.0,green,2
J4622,I6291,19358.0,19359.0,green,1
J4622,I6387,19663.0,19669.0,green,1
J1685,I1084,2109.0,2111.0,green,1
J1685,I1116,2202.0,2203.0,green,1
J1685,I1468,3059.0,3061.0,green,1
J1041,I1301,2671.0,2675.0,brown,1
J1041,I4406,12545.0,12547.0,green,1
J2792,I2582,6339.0,6343.0,brown,1
J2792,I6775,21062.0,21073.0,green,2
J2792,I7095,22247.0,22253.0,green,1
J3191,I1492,3115.0,3119.0,brown,3
J1297,I1963,4418.0,4420.0,green,1
J1297,I2091,4832.0,4842.0,green,1
J1297,I5131,15266.0,15270.0,green,2
J379,I1189,2380.0,2388.0,brown,1
J379,I5158,15366.0,15373.0,green,2
J1137,I1629,3434.0,3435.0,brown,1
J1137,I1693,3583.0,3590.0,brown,2
J1137,I6494,20086.0,20090.0,green,2
J3537,I7556,23674.0,23683.0,green,1
J3537,I8580,26552.0,26565.0,green,2
J3537,I8644,26725.0,26733.0,green,1
J3537,I9620,29046.0,29047.0,green,1
J3537,I9684,29188.0,29190.0,green,1
J452,I1177,2351.0,2353.0,green,2
J452,I2073,4764.0,4768.0,green,1
J452,I2909,7319.0,7327.0,green,3
J737,I1394,2910.0,2911.0,green,1
J737,I1426,2984.0,2985.0,green,1
J3000,I8975,27558.0,27570.0,green,1
J3000,I9327,28396.0,28400.0,green,1
J3000,I9551,28890.0,28891.0,green,1
J1470,I1006,1934.0,1935.0,green,1
J1470,I1102,2161.0,2163.0,green,2
J1470,I4860,14251.0,14252.0,green,1
J4826,I6378,19632.0,19633.0,brown,1
J4826,I6699,20773.0,20775.0,green,1
J4826,I6795,21136.0,21140.0,green,2
J4826,I8171,25491.0,25494.0,green,2
J303,I649,1133.0,1136.0,brown,1
J303,I778,1427.0,1428.0,green,1
J303,I1578,3317.0,3322.0,green,1
J4540,I3869,10715.0,10716.0,brown,1
J4540,I6494,20086.0,20090.0,green,1
J635,I5572,16807.0,16813.0,green,3
J635,I6916,21592.0,21599.0,green,1
J1819,I3607,9742.0,9746.0,green,4
J1819,I3703,10074.0,10076.0,green,2
J2660,I3104,7983.0,7984.0,green,1
J2660,I4928,14477.0,14478.0,green,1
J2660,I5136,15281.0,15292.0,green,1
J2660,I6197,19025.0,19030.0,green,1
J2972,I2351,5597.0,5611.0,green,2
J2972,I3119,8040.0,8046.0,green,1
J1045,I1732,3707.0,3710.0,green,2
J1045,I1764,3786.0,3792.0,green,1
J1045,I2051,4715.0,4717.0,brown,1
J2259,I2051,4715.0,4717.0,brown,1
J2259,I2180,5124.0,5132.0,green,2
J2259,I2307,5479.0,5486.0,brown,1
J1003,I6485,20045.0,20050.0,green,5
J505,I1650,3486.0,3487.0,brown,1
J505,I1714,3655.0,3658.0,brown,1
J505,I6739,20939.0,20941.0,green,2
J505,I8627,26677.0,26681.0,green,1
J3955,I6130,18832.0,18834.0,green,2
J3955,I6162,18920.0,18923.0,brown,1
J3955,I8162,25468.0,25470.0,green,1
J3678,I6096,18712.0,18718.0,green,1
J3678,I7216,22649.0,22653.0,green,4
J3467,I4842,14183.0,14190.0,green,2
J3467,I4938,14517.0,14522.0,green,3
J565,I9257,28227.0,28230.0,green,2
J565,I9289,28308.0,28310.0,green,2
J2829,I3032,7721.0,7729.0,green,6
J3935,I4779,13958.0,13970.0,green,3
J3935,I7517,23580.0,23583.0,green,2
J3935,I7543,23641.0,23642.0,green,1
J2028,I5070,15033.0,15044.0,green,1
J2028,I7097,22265.0,22272.0,green,1
J1970,I1414,2963.0,2964.0,green,1
J1970,I1446,3017.0,3018.0,green,1
J1970,I1478,3082.0,3085.0,green,1
J1970,I3814,10522.0,10534.0,green,1
J1716,I1868,4090.0,4097.0,green,2
J3921,I6496,20099.0,20100.0,green,1
J3921,I6528,20204.0,20210.0,green,5
J2866,I2803,6982.0,6986.0,green,1
J2866,I3219,8380.0,8383.0,green,1
J2866,I5331,16017.0,16021.0,green,2
J2866,I8007,25013.0,25017.0,green,1
J3943,I2307,5479.0,5486.0,brown,1
J3943,I2531,6187.0,6194.0,brown,3
J3943,I8580,26552.0,26565.0,green,1
J3943,I8792,27112.0,27113.0,green,1
J3445,I6064,18611.0,18612.0,brown,1
J3445,I6320,19449.0,19451.0,brown,1
J3445,I7921,24763.0,24766.0,green,1
J3445,I8465,26253.0,26257.0,green,1
J120,I374,614.0,615.0,green,1
J120,I406,666.0,671.0,green,1
J120,I2774,6861.0,6869.0,green,1
J120,I6390,19679.0,19682.0,green,1
J120,I6622,20516.0,20518.0,green,1
J4887,I8768,27055.0,27059.0,brown,2
J4244,I7406,23257.0,23267.0,green,4
J4244,I8033,25080.0,25090.0,green,1
J2270,I2538,6213.0,6215.0,brown,2
J4270,I8676,26819.0,26823.0,green,4
J4270,I9588,28978.0,28980.0,green,1
J2705,I5074,15064.0,15079.0,green,1
J2705,I8146,25423.0,25425.0,green,2
J2705,I8178,25514.0,25516.0,green,1
J1687,I3890,10786.0,10793.0,green,4
J1687,I6546,20268.0,20275.0,green,1
J1420,I2820,7038.0,7039.0,green,1
J1420,I3044,7757.0,7761.0,green,2
J1420,I4356,12392.0,12398.0,brown,1
J1420,I5988,18353.0,18361.0,green,2
J3260,I6269,19295.0,19301.0,green,2
J620,I674,1196.0,1198.0,brown,2
J620,I7523,23602.0,23605.0,green,1
J620,I8339,25946.0,25948.0,green,1
J2389,I4617,13333.0,13335.0,green,2
J2389,I4649,13458.0,13464.0,green,1
J1060,I1423,2977.0,2980.0,green,3
J1060,I3247,8459.0,8463.0,green,1
J869,I3107,7995.0,8004.0,green,2
J869,I3331,8771.0,8775.0,green,2
J869,I4067,11401.0,11405.0,green,2
J2493,I1189,2380.0,2388.0,brown,2
J2493,I3558,9577.0,9588.0,green,2
J2493,I3686,10016.0,10026.0,green,1
J2493,I7128,22396.0,22398.0,green,1
J2757,I4614,13325.0,13329.0,green,1
J2757,I7110,22317.0,22327.0,green,2
J3140,I2310,5492.0,5498.0,brown,1
J3140,I5543,16686.0,16696.0,green,1
J3140,I7513,23567.0,23572.0,green,1
J522,I723,1293.0,1295.0,green,2
J522,I1043,2023.0,2027.0,green,1
J2552,I4085,11472.0,11482.0,green,2
J2280,I206,319.0,321.0,brown,2
J2280,I1070,2081.0,2088.0,brown,1
J2280,I3247,8459.0,8463.0,green,1
J4046,I1464,3051.0,3052.0,brown,1
J4046,I3481,9318.0,9331.0,green,1
J4046,I8409,26098.0,26100.0,green,2
J2718,I1628,3431.0,3434.0,brown,3
J2718,I4765,13893.0,13903.0,green,1
J2718,I5073,15052.0,15064.0,green,1
J2718,I6749,20972.0,20974.0,green,1
J2131,I3500,9399.0,9400.0,brown,1
J2131,I3981,11069.0,11074.0,green,1
J2131,I4333,12306.0,12308.0,green,1
J2131,I8493,26328.0,26335.0,green,2
J2131,I8541,26446.0,26448.0,green,1
J3,I64,91.0,92.0,brown,1
J3,I960,1838.0,1840.0,brown,1
J3,I5217,15622.0,15637.0,green,2
J1344,I2533,6195.0,6199.0,brown,1
J1344,I3526,9481.0,9485.0,green,1
J1344,I7806,24430.0,24432.0,green,1
J1344,I7929,24798.0,24804.0,green,2
J870,I4465,12699.0,12705.0,brown,1
J870,I5521,16601.0,16608.0,brown,1
J870,I9554,28897.0,28901.0,green,1
J870,I9972,29714.0,29717.0,green,1
J4320,I5325,16003.0,16004.0,brown,1
J4320,I9454,28670.0,28673.0,green,1
J1113,I7669,24022.0,24029.0,green,1
J1113,I7671,24030.0,24031.0,green,1
J1113,I7681,24057.0,24062.0,green,2
J4822,I5864,17863.0,17867.0,green,1
J4822,I6087,18686.0,18691.0,brown,3
J4822,I6535,20228.0,20229.0,brown,1
J4796,I6969,21774.0,21776.0,brown,2
J4796,I7289,22866.0,22872.0,brown,1
J1789,I3789,10417.0,10422.0,green,1
J1789,I4108,11554.0,11558.0,brown,1
J1789,I6641,20566.0,20567.0,green,1
J1789,I6733,20917.0,20920.0,green,1
J1645,I2674,6600.0,6601.0,green,1
J1645,I2706,6674.0,6677.0,green,1
J1645,I2770,6850.0,6853.0,green,1
J1645,I3154,8161.0,8163.0,green,2
J3523,I3551,9547.0,9548.0,green,1
J3523,I4383,12472.0,12475.0,green,1
J3523,I5055,14959.0,14980.0,green,2
J3523,I5215,15616.0,15620.0,green,1
J3523,I6495,20090.0,20099.0,green,1
J2665,I6403,19721.0,19734.0,green,3
J798,I1652,3495.0,3496.0,brown,1
J798,I1812,3918.0,3919.0,brown,1
J798,I5204,15580.0,15588.0,brown,2
J4765,I7213,22639.0,22646.0,green,1
J4765,I8941,27477.0,27480.0,green,1
J4765,I9709,29233.0,29234.0,green,1
J4765,I9805,29411.0,29412.0,green,1
J4765,I9997,29751.0,29755.0,green,1
J3749,I3505,9421.0,9423.0,brown,1
J3749,I5170,15413.0,15418.0,green,3
J3749,I5874,17893.0,17909.0,green,1
J3749,I7570,23716.0,23718.0,green,1
J487,I894,1676.0,1677.0,brown,1
J487,I2782,6890.0,6895.0,brown,1
J487,I6207,19061.0,19071.0,green,2
J2786,I5514,16579.0,16582.0,brown,2
J2786,I6027,18485.0,18487.0,green,1
J829,I7012,21951.0,21956.0,green,2
J829,I9252,28216.0,28217.0,green,1
J829,I9444,28642.0,28643.0,green,1
J829,I9540,28866.0,28868.0,green,1
J829,I9796,29399.0,29400.0,green,1
J2791,I3187,8257.0,8259.0,green,1
J2791,I3442,9193.0,9194.0,brown,1
J2791,I3762,10293.0,10298.0,brown,1
J2791,I3923,10902.0,10906.0,green,1
J4636,I2785,6908.0,6909.0,brown,1
J4636,I2977,7534.0,7540.0,brown,3
J4636,I4770,13928.0,13940.0,green,2
J255,I2206,5194.0,5197.0,green,1
J255,I3838,10622.0,10625.0,green,2
J1354,I529,885.0,887.0,green,1
J1354,I689,1230.0,1233.0,green,1
J1354,I4849,14214.0,14219.0,green,3
J2032,I2915,7341.0,7343.0,green,2
J2032,I3331,8771.0,8775.0,green,1
J3614,I9540,28866.0,28868.0,green,1
J3614,I9956,29686.0,29690.0,green,1
J1753,I1334,2756.0,2760.0,brown,1
J1753,I8951,27504.0,27508.0,green,3
J2051,I1528,3197.0,3198.0,brown,1
J2051,I3481,9318.0,9331.0,green,1
J2051,I4537,12988.0,13003.0,green,2
J2051,I4825,14120.0,14124.0,green,2
J3045,I1879,4131.0,4142.0,green,5
J3642,I6626,20526.0,20532.0,green,3
J2375,I7948,24853.0,24857.0,green,2
J4682,I5684,17238.0,17240.0,green,1
J4682,I5715,17350.0,17351.0,brown,1
J4682,I5779,17586.0,17587.0,brown,1
J4682,I6036,18515.0,18519.0,green,2
J4682,I9300,28336.0,28337.0,green,1
J610,I3616,9774.0,9780.0,brown,1
J610,I4513,12876.0,12885.0,green,1
J610,I5217,15622.0,15637.0,green,2
J610,I7745,24242.0,24253.0,green,1
J610,I7937,24827.0,24832.0,green,1
J3034,I2750,6793.0,6798.0,brown,2
J3034,I3455,9246.0,9250.0,green,1
J3034,I6175,18961.0,18966.0,green,3
J4064,I1016,1947.0,1949.0,brown,2
J4064,I3769,10317.0,10337.0,green,1
J4064,I4921,14460.0,14462.0,green,1
J1145,I4369,12426.0,12427.0,brown,1
J1145,I7922,24766.0,24775.0,green,1
J1145,I8434,26157.0,26159.0,green,1
J1145,I8690,26865.0,26867.0,green,1
J1145,I9170,28018.0,28022.0,green,2
J3527,I7115,22340.0,22344.0,green,1
J3527,I8459,26235.0,26239.0,green,2
J3527,I9227,28170.0,28173.0,green,1
J3527,I9259,28233.0,28234.0,green,1
J3113,I4640,13425.0,13430.0,green,4
J451,I3486,9341.0,9363.0,green,4
J2789,I1979,4470.0,4471.0,brown,1
J2789,I5148,15317.0,15337.0,green,1
J2789,I8572,26536.0,26537.0,green,1
J4025,I5091,15143.0,15144.0,green,1
J4025,I5187,15491.0,15510.0,green,3
J858,I4083,11458.0,11469.0,green,2
J858,I6131,18834.0,18837.0,green,1
J858,I6491,20067.0,20076.0,green,3
J652,I1567,3293.0,3294.0,green,1
J652,I1695,3592.0,3597.0,brown,1
J652,I3967,11035.0,11037.0,green,1
J652,I4031,11258.0,11260.0,green,2
J1648,I4941,14539.0,14553.0,green,3
J980,I2536,6210.0,6212.0,brown,1
J980,I2792,6936.0,6940.0,brown,1
J980,I5161,15381.0,15382.0,green,1
J980,I9129,27896.0,27905.0,green,2
J87,I223,358.0,359.0,brown,1
J87,I1568,3294.0,3295.0,green,1
J87,I2112,4886.0,4893.0,green,4
J3068,I4777,13950.0,13951.0,green,1
J3068,I4809,14061.0,14065.0,brown,2
J3068,I7025,22003.0,22008.0,green,3
J1263,I1620,3406.0,3410.0,green,2
J1263,I2836,7083.0,7093.0,green,1
J4393,I6295,19376.0,19377.0,green,1
J4393,I6423,19815.0,19821.0,brown,1
J1878,I1482,3089.0,3090.0,green,1
J1878,I3882,10747.0,10752.0,green,1
J1878,I3978,11061.0,11066.0,green,1
J1878,I4817,14078.0,14089.0,green,2
J3133,I5959,18258.0,18259.0,brown,1
J3133,I6087,18686.0,18691.0,brown,2
J3133,I9992,29744.0,29745.0,green,1
J13,I532,891.0,894.0,green,1
J13,I820,1533.0,1537.0,green,1
J13,I2364,5644.0,5646.0,green,1
J13,I3124,8065.0,8068.0,green,1
J3538,I4824,14115.0,14120.0,green,2
J3538,I5112,15209.0,15215.0,green,1
J3538,I5176,15445.0,15448.0,green,1
J859,I1679,3558.0,3562.0,green,4
J2861,I441,728.0,731.0,brown,1
J2861,I1465,3052.0,3056.0,brown,1
J2861,I6170,18947.0,18951.0,green,1
J2861,I6426,19828.0,19831.0,green,2
J2861,I6778,21082.0,21083.0,green,1
J3833,I4178,11767.0,11785.0,green,4
J3833,I6514,20158.0,20166.0,green,1
J3833,I8946,27488.0,27493.0,green,1
J1712,I2782,6890.0,6895.0,brown,2
J1712,I6815,21213.0,21219.0,green,1
J1712,I7199,22599.0,22601.0,green,1
J1611,I3870,10716.0,10717.0,green,1
J1611,I4766,13903.0,13921.0,green,2
J1563,I3467,9277.0,9278.0,green,1
J1563,I3531,9497.0,9500.0,green,2
J123,I392,644.0,645.0,green,1
J123,I904,1693.0,1695.0,green,1
J123,I1352,2798.0,2805.0,green,4
J3029,I4200,11858.0,11859.0,green,1
J3029,I4840,14175.0,14177.0,green,2
J3029,I5000,14758.0,14769.0,green,2
J3029,I6888,21509.0,21511.0,green,1
J2189,I4280,12110.0,12111.0,green,1
J2189,I4568,13097.0,13110.0,green,1
J1832,I415,684.0,685.0,brown,1
J1832,I447,739.0,741.0,brown,1
J1832,I1248,2533.0,2535.0,green,1
J1832,I1472,3066.0,3067.0,green,1
J1832,I2176,5115.0,5117.0,green,1
J1463,I7105,22302.0,22308.0,green,2
J1463,I7137,22432.0,22436.0,green,1
J4363,I2841,7100.0,7101.0,brown,1
J4363,I5914,18057.0,18065.0,green,1
J4363,I7258,22774.0,22782.0,green,2
J4363,I8922,27435.0,27441.0,green,1
J1456,I6394,19694.0,19698.0,green,1
J1456,I7674,24035.0,24047.0,green,2
J691,I972,1860.0,1866.0,brown,1
J691,I4941,14539.0,14553.0,green,1
J691,I7213,22639.0,22646.0,green,3
J3679,I6271,19302.0,19306.0,green,1
J3679,I7623,23901.0,23907.0,green,2
J3679,I7719,24170.0,24174.0,green,1
J851,I1874,4112.0,4119.0,green,2
J1537,I2657,6553.0,6555.0,brown,1
J1537,I2849,7125.0,7131.0,brown,3
J1537,I5602,16937.0,16939.0,green,1
J1537,I5794,17635.0,17639.0,green,1
J3617,I2742,6777.0,6781.0,brown,1
J3617,I9271,28267.0,28268.0,green,1
J3645,I2522,6137.0,6143.0,brown,3
J3645,I6427,19831.0,19834.0,green,2
J3645,I7815,24464.0,24474.0,green,1
J4152,I4846,14203.0,14208.0,green,1
J4152,I5230,15665.0,15674.0,green,1
J4152,I6606,20463.0,20473.0,green,3
J4152,I7950,24860.0,24864.0,green,1
J1521,I4490,12796.0,12802.0,green,1
J1521,I5642,17084.0,17089.0,green,1
J642,I164,236.0,241.0,green,1
J642,I900,1684.0,1686.0,green,1
J1764,I1478,3082.0,3085.0,green,1
J1764,I3558,9577.0,9588.0,green,2
J1764,I3782,10373.0,10391.0,green,1
J1764,I4433,12622.0,12624.0,green,1
J4630,I5521,16601.0,16608.0,brown,1
J4630,I5586,16855.0,16857.0,green,1
J4630,I6482,20027.0,20031.0,green,1
J4630,I8178,25514.0,25516.0,green,1
J2647,I3148,8141.0,8145.0,green,1
J2647,I3404,9048.0,9057.0,green,2
J1317,I2272,5372.0,5374.0,green,2
J1640,I2903,7299.0,7300.0,brown,1
J1640,I3608,9746.0,9750.0,green,1
J1640,I4504,12850.0,12852.0,green,1
J1640,I4728,13744.0,13754.0,green,1
J1640,I5400,16212.0,16216.0,green,1
J1640,I5912,18053.0,18054.0,green,1
J3419,I1602,3363.0,3365.0,brown,2
J3419,I9187,28062.0,28065.0,green,2
J3419,I9379,28506.0,28507.0,green,1
J1322,I1826,3954.0,3956.0,green,1
J1322,I1858,4064.0,4071.0,green,1
J604,I460,762.0,763.0,brown,1
J604,I4077,11448.0,11449.0,green,1
J604,I7133,22409.0,22422.0,green,1
J604,I7469,23465.0,23468.0,green,1
J604,I7725,24187.0,24190.0,green,2
J2204,I2923,7362.0,7366.0,green,2
J2204,I3242,8450.0,8452.0,brown,2
J3320,I5872,17880.0,17886.0,green,6
J972,I1877,4127.0,4130.0,green,1
J972,I6101,18734.0,18742.0,green,5
J723,I1792,3871.0,3877.0,green,5
J723,I2336,5564.0,5567.0,green,1
J4718,I2578,6328.0,6330.0,brown,2
J3030,I4774,13945.0,13948.0,green,3
J3030,I4838,14169.0,14170.0,brown,1
J3030,I4870,14286.0,14296.0,brown,1
J3030,I5158,15366.0,15373.0,green,1
J3567,I5538,16672.0,16675.0,brown,2
J4380,I5250,15748.0,15754.0,green,1
J4380,I5345,16055.0,16058.0,brown,1
J4380,I5377,16143.0,16151.0,brown,3
J4380,I6626,20526.0,20532.0,green,1
J3583,I8989,27594.0,27597.0,green,3
J3583,I9213,28135.0,28138.0,green,1
J3765,I5242,15709.0,15711.0,green,2
J3765,I5338,16033.0,16037.0,green,2
J3765,I5594,16905.0,16913.0,green,1
J3765,I6522,20181.0,20183.0,green,1
J4899,I8525,26399.0,26402.0,green,3
J4899,I9261,28236.0,28242.0,green,2
J4899,I9581,28968.0,28970.0,green,1
J1724,I727,1311.0,1314.0,green,1
J1724,I759,1381.0,1382.0,green,1
J1724,I1207,2427.0,2433.0,green,2
J1724,I1943,4342.0,4348.0,green,1
J2939,I1946,4360.0,4369.0,green,3
J2939,I2298,5465.0,5467.0,green,1
J4423,I5703,17304.0,17308.0,green,1
J4423,I7991,24967.0,24970.0,green,1
J4423,I8583,26567.0,26568.0,green,1
J4423,I8679,26826.0,26834.0,green,1
J3222,I6194,19019.0,19020.0,green,1
J3222,I7096,22253.0,22265.0,green,1
J3222,I7314,22975.0,22989.0,green,1
J225,I519,865.0,871.0,green,5
J4431,I2759,6809.0,6810.0,brown,1
J4431,I2887,7231.0,7237.0,brown,2
J2358,I4706,13661.0,13667.0,brown,1
J2358,I9579,28963.0,28966.0,green,2
J1551,I2016,4586.0,4595.0,green,1
J1551,I2080,4792.0,4799.0,green,1
J1551,I3488,9367.0,9374.0,green,1
J893,I2219,5225.0,5231.0,green,5
J2833,I3283,8573.0,8584.0,green,1
J2833,I4147,11667.0,11670.0,green,1
J2833,I8167,25476.0,25481.0,green,1
J3960,I5630,17024.0,17025.0,brown,1
J3960,I6046,18548.0,18552.0,brown,1
J3330,I5780,17587.0,17596.0,brown,1
J3330,I5877,17911.0,17926.0,green,5
J1844,I2859,7148.0,7159.0,brown,1
J1844,I7148,22463.0,22465.0,green,1
J1844,I9184,28057.0,28058.0,green,1
J4841,I3431,9142.0,9158.0,brown,1
J4841,I9584,28972.0,28973.0,green,1
J4841,I9616,29034.0,29037.0,green,1
J4841,I9624,29051.0,29054.0,green,2
J4841,I9680,29169.0,29176.0,green,1
J3280,I6047,18552.0,18557.0,brown,4
J4155,I4798,14029.0,14033.0,brown,2
J4155,I4894,14378.0,14379.0,brown,1
J4155,I6175,18961.0,18966.0,green,1
J4317,I8268,25758.0,25772.0,green,1
J4317,I8348,25962.0,25964.0,green,2
J4317,I8668,26798.0,26801.0,green,1
J1646,I6452,19930.0,19934.0,green,1
J1646,I6868,21434.0,21439.0,green,1
J1646,I7572,23722.0,23732.0,green,1
J837,I1951,4383.0,4384.0,green,1
J837,I1983,4477.0,4486.0,green,2
J837,I2009,4565.0,4566.0,green,1
J837,I2457,5932.0,5935.0,green,2
J2454,I5543,16686.0,16696.0,green,4
J2454,I9969,29708.0,29709.0,green,1
J1352,I3308,8688.0,8689.0,brown,1
J1352,I3436,9180.0,9182.0,brown,1
J1352,I8429,26149.0,26150.0,green,1
J2669,I3788,10411.0,10417.0,green,1
J4202,I4383,12472.0,12475.0,green,2
J4202,I8863,27274.0,27278.0,green,1
J4202,I8865,27280.0,27283.0,green,3
J4716,I8799,27123.0,27124.0,green,1
J4716,I9279,28282.0,28283.0,green,1
J4716,I9791,29388.0,29392.0,green,1
J4716,I10079,29882.0,29883.0,green,1
J4716,I10111,29933.0,29935.0,green,2
J4754,I3615,9772.0,9774.0,brown,1
J4754,I7104,22294.0,22302.0,green,1
J4754,I10092,29904.0,29907.0,green,1
J1529,I1836,3990.0,3994.0,green,4
J1529,I1932,4304.0,4311.0,brown,1
J1529,I3580,9655.0,9659.0,green,1
J2776,I2819,7037.0,7038.0,green,1
J2776,I3971,11044.0,11051.0,green,3
J2776,I4227,11931.0,11938.0,green,2
J2022,I2045,4674.0,4685.0,green,2
J2022,I5021,14850.0,14857.0,green,2
J2022,I7293,22879.0,22884.0,green,2
J4870,I8437,26171.0,26172.0,green,1
J4870,I8949,27499.0,27502.0,green,2
J4870,I9269,28253.0,28260.0,green,1
J3103,I4811,14067.0,14069.0,green,1
J3103,I5163,15383.0,15385.0,green,1
J3103,I5323,15994.0,16002.0,green,1
J3103,I5387,16183.0,16185.0,green,1
J3103,I6811,21200.0,21201.0,green,1
J784,I1237,2499.0,2506.0,green,1
J784,I5029,14872.0,14874.0,green,1
J784,I5269,15805.0,15811.0,green,3
J2999,I1003,1925.0,1927.0,brown,1
J2999,I3852,10666.0,10669.0,green,1
J2999,I5068,15025.0,15030.0,green,3
J2918,I3489,9374.0,9376.0,green,1
J2918,I3521,9473.0,9474.0,green,1
J2918,I3649,9893.0,9895.0,brown,1
J2918,I4065,11395.0,11396.0,green,1
J2918,I4129,11613.0,11618.0,green,2
J3147,I2799,6954.0,6961.0,green,3
J4385,I4937,14506.0,14517.0,green,2
J4385,I6793,21118.0,21134.0,green,2
J4779,I974,1868.0,1872.0,brown,1
J4779,I6799,21158.0,21164.0,green,1
J1469,I2159,5072.0,5075.0,green,1
J1469,I4463,12692.0,12696.0,green,2
J1469,I5711,17334.0,17341.0,green,1
J542,I1481,3088.0,3089.0,green,1
J542,I2601,6390.0,6397.0,green,1
J542,I3481,9318.0,9331.0,green,4
J2341,I4314,12238.0,12246.0,green,1
J2341,I4697,13617.0,13622.0,brown,1
J2341,I4794,14019.0,14022.0,green,3
J2341,I4954,14583.0,14591.0,brown,1
J4207,I2769,6835.0,6850.0,green,2
J4207,I4304,12190.0,12198.0,brown,2
J4207,I7569,23712.0,23716.0,green,1
J3199,I3284,8584.0,8587.0,brown,1
J3199,I4436,12636.0,12643.0,brown,1
J3199,I5173,15425.0,15442.0,green,2
J3199,I5877,17911.0,17926.0,green,1
J979,I408,673.0,674.0,brown,1
J979,I7385,23177.0,23194.0,green,4
J4012,I6579,20367.0,20375.0,brown,2
J4012,I6612,20492.0,20493.0,green,1
J1190,I902,1691.0,1692.0,green,1
J1190,I1030,1988.0,1994.0,green,2
J1969,I2116,4916.0,4917.0,green,1
J1969,I3108,8004.0,8014.0,green,2
J1969,I6116,18795.0,18797.0,green,1
J1969,I6484,20034.0,20045.0,green,1
J1969,I7300,22905.0,22907.0,green,1
J181,I440,727.0,728.0,brown,1
J181,I3384,8946.0,8967.0,brown,3
J181,I5945,18190.0,18209.0,green,2
J762,I499,825.0,828.0,green,1
J762,I691,1234.0,1235.0,green,1
J762,I2227,5251.0,5253.0,green,2
J762,I3345,8812.0,8814.0,green,1
J762,I3923,10902.0,10906.0,green,1
J3805,I5401,16216.0,16219.0,green,1
J3805,I5433,16304.0,16305.0,green,1
J3805,I6265,19279.0,19280.0,green,1
J2592,I2963,7479.0,7482.0,brown,1
J2592,I4340,12330.0,12336.0,green,2
J2592,I5108,15196.0,15201.0,green,1
J2592,I6292,19359.0,19362.0,green,1
J3204,I4895,14379.0,14380.0,brown,1
J3204,I5343,16053.0,16054.0,brown,1
J3204,I5439,16318.0,16322.0,brown,2
J3204,I5535,16666.0,16668.0,brown,1
J3204,I5888,17964.0,17969.0,green,1
J1951,I7875,24636.0,24638.0,green,1
J1951,I7907,24711.0,24725.0,green,3
J3015,I3431,9142.0,9158.0,brown,1
J3015,I9224,28154.0,28157.0,green,2
J3015,I9680,29169.0,29176.0,green,1
J1197,I1607,3374.0,3375.0,brown,1
J1197,I1703,3610.0,3613.0,brown,1
J1197,I5640,17063.0,17071.0,green,1
J1390,I2380,5715.0,5721.0,green,6
J4584,I8272,25776.0,25778.0,brown,2
J4584,I8304,25858.0,25861.0,brown,1
J2854,I4717,13688.0,13696.0,green,6
J2741,I2039,4655.0,4661.0,brown,1
J2741,I9944,29670.0,29672.0,green,1
J4719,I3287,8597.0,8600.0,brown,1
J4719,I5880,17935.0,17937.0,green,1
J4719,I9336,28418.0,28423.0,green,1
J4719,I9368,28485.0,28487.0,green,2
J4719,I9472,28718.0,28720.0,green,1
J2020,I4166,11720.0,11721.0,green,1
J3451,I4581,13185.0,13188.0,green,3
J3451,I5701,17299.0,17301.0,brown,1
J2991,I2741,6767.0,6777.0,brown,1
J2991,I2901,7286.0,7294.0,brown,1
J2991,I3574,9641.0,9646.0,green,2
J2991,I4790,14008.0,14010.0,green,1
J4620,I647,1131.0,1132.0,brown,1
J4620,I2695,6649.0,6650.0,brown,1
J1847,I5640,17063.0,17071.0,green,2
J1847,I5864,17863.0,17867.0,green,1
J2246,I3407,9066.0,9076.0,green,6
J1639,I7991,24967.0,24970.0,green,1
J4352,I3648,9887.0,9893.0,brown,1
J4352,I6497,20100.0,20103.0,green,3
J4352,I9537,28856.0,28861.0,green,2
J2010,I3889,10772.0,10786.0,green,2
J2010,I5217,15622.0,15637.0,green,1
J4367,I5418,16248.0,16253.0,green,2
J4367,I5513,16576.0,16579.0,brown,1
J3825,I4552,13036.0,13037.0,brown,1
J3825,I9833,29466.0,29468.0,green,1
J3825,I9961,29694.0,29695.0,green,1
J1356,I2278,5386.0,5394.0,brown,3
J1356,I9799,29402.0,29404.0,green,1
J1356,I10025,29802.0,29805.0,green,1
J902,I2526,6151.0,6170.0,green,5
J4325,I9226,28165.0,28170.0,green,4
J4325,I9354,28455.0,28456.0,green,1
J4325,I9418,28593.0,28594.0,green,1
J2576,I1119,2208.0,2209.0,brown,1
J2576,I1439,3001.0,3006.0,brown,1
J2576,I9152,27954.0,27963.0,green,1
J3724,I5157,15362.0,15366.0,brown,1
J3724,I8134,25393.0,25397.0,green,1
J3724,I9222,28151.0,28152.0,green,1
J3724,I9286,28295.0,28306.0,green,1
J383,I664,1174.0,1179.0,green,2
J383,I2552,6255.0,6263.0,green,2
J383,I2896,7266.0,7271.0,green,1
J275,I698,1246.0,1249.0,brown,1
J275,I6151,18876.0,18886.0,green,3
J1082,I5687,17242.0,17250.0,green,4
J1082,I7063,22122.0,22136.0,green,1
J180,I383,629.0,631.0,green,2
J180,I511,851.0,853.0,green,1
J180,I2047,4689.0,4703.0,green,2
J3190,I4998,14738.0,14755.0,green,3
J3574,I6860,21398.0,21405.0,green,1
J3574,I7116,22344.0,22359.0,green,2
J3574,I7724,24183.0,24187.0,green,1
J3574,I7980,24941.0,24945.0,green,1
J2496,I3988,11097.0,11098.0,green,1
J2496,I4052,11339.0,11349.0,green,2
J755,I1360,2827.0,2828.0,brown,1
J755,I2544,6233.0,6235.0,brown,1
J755,I4688,13594.0,13599.0,brown,1
J755,I9169,28011.0,28018.0,green,1
J4604,I882,1647.0,1652.0,brown,1
J4604,I3955,10988.0,10996.0,green,1
J4604,I8635,26699.0,26702.0,green,1
J3447,I3750,10250.0,10256.0,green,6
J1838,I2701,6659.0,6666.0,green,3
J1838,I4525,12935.0,12944.0,green,3
J449,I171,250.0,254.0,green,1
J449,I1675,3548.0,3551.0,green,1
J449,I2443,5890.0,5893.0,green,2
J4688,I6413,19763.0,19769.0,green,1
J4688,I7469,23465.0,23468.0,green,2
J925,I911,1708.0,1710.0,green,2
J925,I943,1793.0,1802.0,green,3
J624,I1136,2245.0,2254.0,green,2
J624,I2256,5335.0,5336.0,green,1
J2101,I4477,12744.0,12748.0,green,4
J2101,I4541,13008.0,13013.0,green,2
J1738,I6989,21839.0,21857.0,green,4
J1738,I7037,22043.0,22044.0,green,1
J3483,I5717,17357.0,17362.0,green,2
J1616,I3071,7849.0,7854.0,green,5
J1616,I3103,7982.0,7983.0,green,1
J1696,I2232,5259.0,5268.0,green,1
J1696,I2391,5748.0,5754.0,brown,2
J2440,I3019,7688.0,7690.0,green,2
J2440,I3051,7793.0,7794.0,green,1
J2440,I3083,7890.0,7895.0,green,2
J2537,I4089,11497.0,11499.0,green,2
J2537,I4121,11595.0,11597.0,green,1
J2537,I4569,13110.0,13124.0,green,1
J2537,I4729,13754.0,13755.0,green,1
J2537,I4890,14364.0,14368.0,brown,1
J4516,I360,589.0,593.0,brown,2
J4516,I5737,17438.0,17443.0,green,1
J4516,I7433,23347.0,23350.0,green,1
J4859,I6964,21750.0,21753.0,brown,2
J4859,I7685,24071.0,24078.0,green,1
J4859,I9625,29054.0,29055.0,green,1
J4740,I8276,25785.0,25787.0,brown,1
J4740,I8341,25949.0,25950.0,green,1
J4740,I8629,26683.0,26687.0,green,2
J4740,I9269,28253.0,28260.0,green,1
J4800,I6059,18602.0,18605.0,brown,3
J4800,I7820,24481.0,24484.0,green,2
J4800,I7916,24748.0,24755.0,green,1
J672,I1192,2390.0,2392.0,green,1
J672,I1256,2551.0,2553.0,green,1
J672,I1352,2798.0,2805.0,green,1
J672,I1960,4406.0,4413.0,green,2
J672,I2800,6961.0,6977.0,green,1
J1791,I2836,7083.0,7093.0,green,1
J1791,I3060,7811.0,7816.0,green,2
J1791,I4724,13720.0,13727.0,green,2
J1791,I4756,13856.0,13863.0,green,1
J4239,I4460,12688.0,12689.0,brown,1
J4239,I6733,20917.0,20920.0,green,1
J2011,I853,1595.0,1596.0,brown,1
J2011,I8534,26427.0,26431.0,green,2
J1360,I1437,2999.0,3000.0,brown,1
J1360,I2014,4576.0,4580.0,green,1
J457,I8863,27274.0,27278.0,green,1
J457,I9311,28358.0,28365.0,green,1
J457,I9375,28498.0,28503.0,green,2
J1915,I3179,8243.0,8247.0,brown,1
J1915,I4940,14527.0,14539.0,green,1
J1915,I6956,21724.0,21726.0,green,1
J1395,I2937,7405.0,7407.0,green,1
J1395,I3321,8721.0,8730.0,green,2
J2300,I3532,9500.0,9502.0,green,2
J2300,I3788,10411.0,10417.0,green,3
J2300,I3820,10558.0,10562.0,green,1
J520,I3217,8363.0,8378.0,green,2
J520,I6427,19831.0,19834.0,green,1
J4381,I2424,5832.0,5833.0,brown,1
J4381,I2648,6530.0,6531.0,brown,1
J4381,I2808,7005.0,7006.0,brown,1
J4381,I4857,14237.0,14239.0,green,1
J4381,I6809,21187.0,21197.0,green,1
J4381,I9049,27719.0,27720.0,green,1
J1596,I1824,3941.0,3942.0,green,1
J1596,I1984,4486.0,4488.0,green,1
J1596,I2080,4792.0,4799.0,green,2
J1596,I3584,9662.0,9668.0,green,1
J1546,I2077,4784.0,4786.0,green,1
J1546,I2109,4873.0,4881.0,green,1
J1546,I2333,5548.0,5552.0,green,3
J1185,I5500,16521.0,16533.0,green,1
J1185,I8444,26195.0,26197.0,green,1
J1185,I8540,26444.0,26446.0,green,2
J1185,I8556,26496.0,26497.0,green,1
J1040,I2730,6737.0,6742.0,green,2
J1040,I2793,6940.0,6944.0,brown,1
J1040,I5546,16699.0,16708.0,green,1
J2139,I4034,11273.0,11275.0,green,2
J2139,I4066,11396.0,11401.0,green,2
J2139,I4770,13928.0,13940.0,green,2
J2546,I3522,9474.0,9476.0,green,2
J2546,I3554,9552.0,9564.0,green,1
J1513,I1666,3532.0,3534.0,brown,2
J1513,I4579,13179.0,13183.0,green,1
J1513,I7843,24542.0,24545.0,green,1
J1689,I3760,10283.0,10287.0,brown,1
J1689,I3889,10772.0,10786.0,green,1
J1689,I3920,10888.0,10891.0,brown,2
J1689,I7313,22974.0,22975.0,green,1
J504,I1271,2594.0,2597.0,green,2
J504,I1431,2992.0,2994.0,green,1
J504,I1559,3269.0,3275.0,green,3
J2216,I3868,10708.0,10715.0,brown,1
J2216,I5213,15612.0,15615.0,green,1
J2216,I6797,21147.0,21157.0,green,1
J2216,I6957,21726.0,21732.0,green,1
J2216,I7349,23095.0,23097.0,green,1
J3252,I3709,10096.0,10099.0,green,2
J3252,I5149,15337.0,15340.0,green,1
J3252,I6941,21675.0,21676.0,green,1
J409,I268,439.0,440.0,brown,1
J409,I972,1860.0,1866.0,brown,1
J409,I1197,2401.0,2405.0,green,1
J409,I4781,13973.0,13974.0,green,1
J3001,I4925,14468.0,14469.0,green,1
J3001,I5149,15337.0,15340.0,green,2
J3235,I4192,11836.0,11837.0,brown,1
J3235,I4352,12372.0,12383.0,brown,3
J2394,I2741,6767.0,6777.0,brown,1
J2394,I8310,25879.0,25883.0,green,2
J4578,I1704,3613.0,3614.0,brown,1
J4578,I2888,7237.0,7241.0,brown,1
J4578,I5961,18260.0,18261.0,green,1
J20,I66,93.0,95.0,brown,1
J20,I9459,28692.0,28693.0,green,1
J4684,I6078,18657.0,18659.0,brown,2
J4684,I6110,18774.0,18777.0,brown,1
J4684,I7679,24054.0,24055.0,green,1
J3313,I5445,16351.0,16357.0,green,2
J3313,I5637,17047.0,17057.0,green,1
J3313,I5893,17983.0,17995.0,green,3
J4406,I7358,23111.0,23113.0,brown,2
J4406,I8543,26449.0,26455.0,green,2
J4406,I8863,27274.0,27278.0,green,2
J1650,I1899,4198.0,4203.0,green,1
J1650,I5179,15455.0,15467.0,green,1
J2207,I4605,13291.0,13292.0,green,1
J2207,I4733,13769.0,13775.0,brown,1
J2207,I7581,23755.0,23761.0,green,1
J2207,I7613,23865.0,23879.0,green,1
J2207,I8141,25413.0,25414.0,green,1
J3702,I4845,14196.0,14203.0,green,5
J3702,I6797,21147.0,21157.0,green,1
J2200,I3884,10753.0,10755.0,green,2
J2200,I3916,10882.0,10883.0,green,1
J2200,I3980,11068.0,11069.0,green,1
J2200,I4172,11735.0,11757.0,green,1
J1898,I1015,1945.0,1947.0,brown,1
J1898,I1687,3571.0,3572.0,brown,1
J1898,I2071,4752.0,4758.0,brown,1
J1898,I3192,8267.0,8273.0,green,1
J1898,I3831,10601.0,10604.0,brown,1
J1898,I6152,18886.0,18889.0,green,1
J4743,I6816,21219.0,21223.0,green,1
J4743,I8960,27523.0,27526.0,green,1
J4743,I8992,27599.0,27602.0,green,1
J970,I1448,3026.0,3027.0,green,1
J970,I1480,3086.0,3088.0,green,2
J970,I1512,3162.0,3163.0,green,1
J970,I2568,6300.0,6306.0,green,1
J1568,I3349,8819.0,8825.0,green,3
J2599,I5290,15885.0,15886.0,green,1
J2599,I5322,15993.0,15994.0,green,1
J4532,I7886,24662.0,24667.0,brown,1
J4532,I8495,26337.0,26338.0,green,1
J4532,I8527,26403.0,26409.0,green,3
J4532,I8943,27484.0,27486.0,green,1
J2693,I2605,6405.0,6406.0,green,1
J2693,I2701,6659.0,6666.0,green,1
J2693,I6797,21147.0,21157.0,green,1
J4782,I9302,28344.0,28346.0,green,1
J4782,I9622,29048.0,29049.0,green,1
J4782,I9846,29494.0,29497.0,green,2
J4782,I9942,29668.0,29669.0,green,1
J609,I1748,3746.0,3748.0,green,1
J609,I1876,4120.0,4127.0,green,1
J3836,I6209,19072.0,19075.0,green,3
J3836,I6337,19503.0,19505.0,green,1
J3836,I7041,22055.0,22057.0,brown,1
J900,I2791,6927.0,6936.0,brown,2
J900,I3431,9142.0,9158.0,brown,1
J900,I7816,24474.0,24476.0,green,1
J900,I8584,26568.0,26570.0,green,1
J900,I8616,26640.0,26645.0,green,1
J2035,I1168,2332.0,2334.0,green,1
J2035,I1552,3252.0,3256.0,green,2
J3619,I2413,5808.0,5811.0,brown,2
J4627,I8105,25293.0,25305.0,green,2
J4627,I8313,25885.0,25888.0,green,3
J4627,I9113,27859.0,27860.0,green,1
J58,I43,59.0,62.0,green,1
J58,I115,167.0,168.0,green,1
J58,I243,392.0,393.0,green,1
J58,I275,450.0,452.0,green,2
J3787,I5641,17071.0,17084.0,green,1
J3787,I7625,23913.0,23915.0,green,1
J891,I2045,4674.0,4685.0,green,4
J891,I2077,4784.0,4786.0,green,1
J891,I4029,11251.0,11255.0,green,1
J4638,I6120,18802.0,18806.0,green,3
J4638,I8552,26488.0,26490.0,green,1
J2770,I4402,12527.0,12529.0,green,1
J2770,I6730,20907.0,20914.0,green,2
J4616,I4314,12238.0,12246.0,green,2
J4043,I7204,22614.0,22616.0,brown,2
J4043,I7268,22815.0,22825.0,brown,2
J1238,I2618,6434.0,6437.0,brown,1
J1238,I3483,9334.0,9338.0,green,2
J1238,I6491,20067.0,20076.0,green,1
J1238,I7099,22277.0,22285.0,green,2
J3725,I4883,14345.0,14347.0,green,1
J3725,I4915,14426.0,14434.0,green,1
J3725,I4946,14561.0,14563.0,brown,2
J3725,I5043,14929.0,14932.0,green,1
J4462,I7179,22544.0,22545.0,green,1
J4462,I7435,23351.0,23352.0,green,1
J760,I2347,5592.0,5593.0,brown,1
J760,I5228,15656.0,15663.0,green,2
J155,I393,645.0,647.0,green,2
J155,I457,756.0,757.0,brown,1
J155,I2265,5355.0,5357.0,green,1
J4050,I5745,17465.0,17479.0,green,1
J4050,I7745,24242.0,24253.0,green,2
J4200,I5108,15196.0,15201.0,green,2
J4200,I5460,16405.0,16409.0,green,2
J4200,I6740,20941.0,20944.0,green,1
J4200,I9537,28856.0,28861.0,green,1
J3471,I3179,8243.0,8247.0,brown,1
J3471,I7148,22463.0,22465.0,green,1
J3471,I7916,24748.0,24755.0,green,1
J2610,I4297,12166.0,12169.0,green,1
J2610,I4521,12924.0,12929.0,green,2
J2610,I5385,16175.0,16182.0,green,1
J2610,I7721,24175.0,24180.0,green,2
J3397,I2540,6216.0,6218.0,brown,2
J3397,I4173,11757.0,11761.0,green,1
J3397,I4941,14539.0,14553.0,green,1
J3397,I6157,18901.0,18902.0,green,1
J3397,I7581,23755.0,23761.0,green,1
J3247,I2656,6551.0,6553.0,brown,1
J3247,I5441,16330.0,16337.0,green,2
J1545,I3037,7738.0,7747.0,brown,1
J1545,I5342,16052.0,16053.0,green,1
J3957,I6757,20995.0,21001.0,brown,1
J3957,I6885,21502.0,21506.0,brown,4
J3957,I7045,22063.0,22066.0,brown,1
J1316,I2374,5676.0,5680.0,green,1
J1316,I2502,6090.0,6095.0,green,3
J623,I2125,4945.0,4947.0,green,1
J623,I2637,6495.0,6501.0,green,2
J623,I5405,16223.0,16224.0,green,1
J3363,I5881,17937.0,17940.0,green,3
J3363,I5913,18054.0,18057.0,green,3
J4605,I7059,22113.0,22114.0,brown,1
J4605,I7347,23089.0,23092.0,brown,2
J4605,I8884,27340.0,27345.0,green,1
J337,I3955,10988.0,10996.0,green,1
J337,I5171,15418.0,15422.0,green,1
J337,I9095,27817.0,27818.0,green,1
J4123,I6572,20343.0,20345.0,brown,1
J4123,I6797,21147.0,21157.0,green,3
J4123,I6989,21839.0,21857.0,green,2
J274,I397,655.0,656.0,green,1
J274,I1037,2010.0,2014.0,green,2
J274,I2941,7416.0,7423.0,green,1
J274,I3101,7968.0,7980.0,green,1
J1083,I3143,8127.0,8131.0,green,1
J1083,I6959,21741.0,21744.0,green,1
J1497,I2926,7371.0,7378.0,green,4
J1096,I1943,4342.0,4348.0,green,3
J1096,I4151,11674.0,11678.0,green,2
J1822,I2022,4614.0,4617.0,green,1
J1822,I2182,5133.0,5137.0,green,2
J1822,I5862,17843.0,17853.0,green,2
J3783,I3001,7630.0,7642.0,green,1
J3783,I5897,18004.0,18008.0,green,2
J3783,I7417,23303.0,23308.0,green,1
J3783,I7577,23741.0,23743.0,green,1
J4429,I9225,28157.0,28165.0,green,3
J2538,I3466,9276.0,9277.0,green,1
J2538,I3498,9391.0,9395.0,green,3
J1713,I2480,6002.0,6003.0,green,1
J1713,I2512,6111.0,6115.0,green,2
J2848,I3431,9142.0,9158.0,brown,1
J2848,I3880,10735.0,10738.0,green,1
J2848,I6856,21376.0,21379.0,green,2
J4180,I8007,25013.0,25017.0,green,1
J4180,I8167,25476.0,25481.0,green,2
J4881,I8711,26909.0,26910.0,brown,1
J4881,I9128,27893.0,27896.0,green,1
J4169,I6318,19444.0,19448.0,brown,2
J4169,I6703,20784.0,20789.0,green,2
J4169,I7183,22553.0,22555.0,green,1
J2451,I4684,13584.0,13585.0,brown,1
J2451,I4908,14402.0,14405.0,brown,2
J903,I3581,9659.0,9660.0,green,1
J903,I4253,12019.0,12024.0,green,1
J903,I4765,13893.0,13903.0,green,1
J903,I6397,19704.0,19706.0,green,2
J637,I346,566.0,569.0,green,2
J637,I730,1317.0,1318.0,green,1
J637,I1178,2353.0,2355.0,green,1
J637,I1402,2934.0,2937.0,green,1
J637,I2554,6265.0,6267.0,green,1
J25,I63,90.0,91.0,brown,1
J25,I3839,10625.0,10629.0,brown,1
J25,I5760,17525.0,17528.0,green,1
J25,I6752,20982.0,20983.0,green,1
J1296,I3340,8789.0,8796.0,green,3
J3530,I4428,12607.0,12610.0,brown,1
J3530,I9613,29025.0,29030.0,green,2
J3748,I967,1853.0,1854.0,brown,1
J3748,I1223,2466.0,2468.0,brown,2
J3748,I1287,2642.0,2645.0,brown,2
J3415,I4370,12427.0,12432.0,brown,1
J3415,I5491,16494.0,16497.0,green,1
J3415,I6099,18721.0,18729.0,green,4
J4335,I4304,12190.0,12198.0,brown,1
J4335,I4752,13849.0,13853.0,brown,1
J4335,I9009,27632.0,27635.0,green,2
J4335,I9169,28011.0,28018.0,green,2
J3526,I4951,14577.0,14579.0,brown,1
J3526,I6904,21558.0,21563.0,green,3
J3526,I8568,26521.0,26522.0,green,1
J431,I1385,2889.0,2892.0,green,1
J431,I2921,7356.0,7359.0,green,1
J2676,I1777,3824.0,3832.0,green,3
J2676,I3377,8924.0,8925.0,green,1
J2676,I6609,20481.0,20483.0,green,2
J1486,I930,1764.0,1769.0,brown,1
J1486,I1122,2212.0,2215.0,brown,1
J1486,I4579,13179.0,13183.0,green,1
J1486,I6915,21589.0,21592.0,green,1
J1486,I7907,24711.0,24725.0,green,1
J1054,I1505,3133.0,3145.0,green,3
J1054,I3072,7854.0,7857.0,brown,1
J1054,I4481,12764.0,12770.0,green,1
J226,I32,41.0,43.0,green,2
J226,I296,484.0,489.0,green,2
J4299,I6755,20987.0,20993.0,brown,4
J4299,I8612,26630.0,26634.0,green,2
J1338,I2552,6255.0,6263.0,green,2
J1338,I3000,7621.0,7630.0,green,3
J1355,I4305,12198.0,12207.0,brown,2
J3237,I6107,18760.0,18762.0,brown,2
J3237,I6332,19483.0,19489.0,green,2
J3237,I6524,20184.0,20192.0,green,2
J3244,I3054,7796.0,7802.0,brown,1
J3244,I8463,26248.0,26252.0,green,1
J3244,I8975,27558.0,27570.0,green,2
J1729,I4250,12013.0,12016.0,green,1
J1729,I4474,12728.0,12738.0,green,1
J1729,I6810,21197.0,21200.0,green,3
J1729,I8609,26625.0,26628.0,green,1
J144,I296,484.0,489.0,green,1
J144,I4917,14439.0,14447.0,green,1
J4568,I6492,20076.0,20085.0,green,5
J4568,I6555,20291.0,20293.0,brown,1
J1817,I3285,8587.0,8596.0,brown,1
J1817,I6902,21556.0,21557.0,green,1
J1817,I8150,25432.0,25436.0,green,2
J1363,I1859,4071.0,4074.0,green,1
J1363,I2019,4604.0,4606.0,green,1
J1363,I2147,5010.0,5014.0,green,2
J1363,I3139,8109.0,8120.0,green,1
J1363,I5051,14950.0,14953.0,green,1
J360,I854,1596.0,1599.0,brown,1
J360,I4279,12108.0,12110.0,green,2
J360,I6871,21445.0,21456.0,green,2
J1457,I2026,4622.0,4624.0,green,1
J1457,I5546,16699.0,16708.0,green,1
J1457,I6618,20505.0,20510.0,green,2
J2920,I4952,14579.0,14580.0,brown,1
J2920,I7881,24650.0,24653.0,green,2
J573,I1630,3435.0,3437.0,green,2
J573,I1758,3771.0,3776.0,green,1
J2559,I5055,14959.0,14980.0,green,2
J2559,I6751,20975.0,20982.0,green,3
J2559,I7327,23036.0,23040.0,green,1
J502,I139,202.0,205.0,green,3
J502,I299,493.0,494.0,green,1
J428,I119,172.0,173.0,green,1
J428,I503,832.0,837.0,green,1
J428,I1917,4248.0,4258.0,green,1
J2504,I5005,14784.0,14787.0,green,1
J2504,I6989,21839.0,21857.0,green,3
J2504,I8925,27443.0,27444.0,green,1
J1378,I1330,2743.0,2744.0,brown,1
J1378,I6707,20795.0,20806.0,green,1
J1378,I8499,26344.0,26347.0,green,2
J1378,I8531,26417.0,26424.0,green,2
J531,I1054,2047.0,2048.0,brown,1
J531,I1374,2868.0,2870.0,brown,2
J531,I7743,24239.0,24240.0,green,1
J531,I9727,29269.0,29270.0,green,1
J2961,I3392,8989.0,8993.0,brown,2
J2961,I6049,18558.0,18565.0,green,1
J4749,I1916,4245.0,4248.0,brown,1
J4749,I5725,17387.0,17392.0,green,1
J4749,I7293,22879.0,22884.0,green,1
J4749,I7613,23865.0,23879.0,green,2
J4749,I9373,28495.0,28497.0,green,1
J2902,I3490,9376.0,9378.0,brown,1
J2902,I6707,20795.0,20806.0,green,4
J4556,I5305,15931.0,15938.0,brown,2
J4556,I5946,18209.0,18220.0,green,1
J4556,I7258,22774.0,22782.0,green,1
J4556,I8154,25445.0,25448.0,green,1
J4047,I5050,14947.0,14950.0,green,1
J4047,I5690,17262.0,17267.0,green,1
J4047,I6266,19280.0,19289.0,green,1
J4047,I7098,22272.0,22277.0,green,1
J3082,I3503,9412.0,9416.0,brown,1
J3082,I6224,19122.0,19135.0,green,1
J3082,I9313,28370.0,28373.0,green,1
J3651,I4480,12755.0,12764.0,green,1
J3651,I7008,21927.0,21936.0,green,1
J1028,I4791,14010.0,14013.0,green,1
J1028,I4983,14681.0,14684.0,green,1
J1028,I7383,23168.0,23172.0,green,4
J3271,I5796,17641.0,17642.0,green,1
J3271,I5828,17726.0,17727.0,brown,1
J3271,I5924,18093.0,18098.0,green,1
J548,I1343,2777.0,2785.0,brown,1
J548,I2080,4792.0,4799.0,green,2
J548,I2144,4996.0,4998.0,green,1
J727,I5277,15832.0,15837.0,green,2
J727,I7197,22592.0,22597.0,green,1
J727,I8093,25253.0,25256.0,green,1
J727,I9277,28277.0,28279.0,green,1
J2774,I6730,20907.0,20914.0,green,2
J2774,I7434,23350.0,23351.0,green,1
J1431,I1676,3551.0,3553.0,green,1
J1431,I2588,6352.0,6361.0,green,3
J2603,I3739,10217.0,10221.0,brown,1
J2603,I4668,13514.0,13520.0,green,1
J2603,I7260,22784.0,22799.0,green,2
J161,I444,734.0,735.0,brown,1
J161,I637,1101.0,1103.0,green,2
J161,I3325,8746.0,8758.0,green,1
J3372,I8948,27496.0,27499.0,green,1
J3372,I9108,27845.0,27848.0,green,2
J3372,I9556,28911.0,28923.0,green,1
J2915,I4998,14738.0,14755.0,green,4
J1718,I254,412.0,413.0,green,1
J1718,I382,627.0,629.0,green,2
J1718,I3454,9241.0,9246.0,green,1
J468,I2200,5170.0,5178.0,green,3
J468,I3735,10194.0,10200.0,brown,1
J3741,I2541,6218.0,6223.0,brown,2
J3741,I4526,12944.0,12945.0,green,1
J3741,I5422,16272.0,16276.0,green,1
J4456,I3844,10640.0,10646.0,brown,3
J4456,I8453,26212.0,26217.0,green,1
J2992,I1816,3924.0,3928.0,brown,2
J4263,I5017,14831.0,14833.0,brown,1
J4263,I5625,17007.0,17010.0,brown,3
J2209,I2086,4813.0,4815.0,green,2
J2209,I2374,5676.0,5680.0,green,1
J4220,I1019,1952.0,1955.0,brown,3
J4220,I1243,2518.0,2520.0,brown,1
J1233,I1124,2216.0,2217.0,brown,1
J1233,I1412,2960.0,2962.0,brown,1
J1233,I7717,24167.0,24168.0,green,1
J1233,I8645,26733.0,26734.0,green,1
J1233,I9965,29701.0,29702.0,green,1
J1233,I9997,29751.0,29755.0,green,1
J3380,I2818,7036.0,7037.0,green,1
J3380,I6914,21581.0,21589.0,green,1
J4060,I5626,17010.0,17016.0,brown,3
J4060,I6491,20067.0,20076.0,green,1
J3070,I5012,14804.0,14816.0,brown,1
J3070,I5236,15691.0,15694.0,brown,1
J3070,I8573,26537.0,26542.0,green,2
J2092,I2376,5694.0,5706.0,green,1
J2092,I4584,13194.0,13196.0,green,1
J4873,I2982,7562.0,7567.0,brown,1
J4873,I10023,29799.0,29801.0,green,1
J4873,I10087,29894.0,29896.0,green,1
J4873,I10089,29897.0,29899.0,green,1
J4873,I10091,29902.0,29904.0,green,1
J4873,I10095,29911.0,29912.0,green,1
J1151,I2398,5768.0,5775.0,green,1
J1151,I3037,7738.0,7747.0,brown,1
J926,I1318,2715.0,2716.0,green,1
J926,I1350,2796.0,2797.0,green,1
J4125,I6865,21427.0,21430.0,brown,2
J4125,I7010,21945.0,21947.0,green,2
J4125,I7026,22008.0,22012.0,green,1
J4125,I7714,24162.0,24165.0,green,1
J3077,I3350,8825.0,8830.0,green,2
J3077,I4693,13610.0,13613.0,brown,1
J3077,I7414,23285.0,23298.0,green,1
J3707,I2879,7204.0,7210.0,brown,1
J3707,I4480,12755.0,12764.0,green,1
J3707,I8672,26809.0,26811.0,green,1
J4733,I8644,26725.0,26733.0,green,2
J2594,I4042,11298.0,11309.0,green,1
J2594,I5130,15260.0,15266.0,green,1
J2594,I7742,24237.0,24239.0,green,2
J2594,I7744,24240.0,24242.0,green,2
J3201,I2212,5214.0,5215.0,brown,1
J3201,I2404,5787.0,5788.0,brown,1
J3201,I2756,6805.0,6807.0,brown,2
J3201,I3076,7864.0,7873.0,brown,1
J3201,I7813,24459.0,24463.0,green,1
J4422,I4094,11511.0,11514.0,brown,1
J4422,I7199,22599.0,22601.0,green,1
J4422,I7839,24533.0,24534.0,green,1
J4422,I7911,24737.0,24740.0,green,1
J4422,I8639,26709.0,26710.0,green,1
J3131,I2621,6443.0,6444.0,brown,1
J3131,I2749,6792.0,6793.0,brown,1
J3131,I3005,7650.0,7652.0,brown,1
J3131,I3037,7738.0,7747.0,brown,1
J3131,I5278,15837.0,15839.0,green,1
J3131,I6750,20974.0,20975.0,green,1
J4339,I7811,24449.0,24454.0,green,1
J4339,I7875,24636.0,24638.0,green,1
J4339,I8131,25382.0,25391.0,green,3
J4014,I5157,15362.0,15366.0,brown,3
J4014,I5158,15366.0,15373.0,green,3
J3675,I495,820.0,822.0,brown,1
J3675,I847,1587.0,1588.0,brown,1
J3675,I1711,3642.0,3650.0,brown,1
J3675,I7777,24356.0,24359.0,green,1
J4457,I5534,16658.0,16666.0,brown,2
J4457,I6399,19707.0,19709.0,green,2
J4457,I10001,29763.0,29765.0,green,2
J4832,I8314,25888.0,25891.0,green,1
J4748,I7344,23085.0,23086.0,brown,1
J4748,I7440,23368.0,23371.0,brown,2
J4748,I8113,25334.0,25337.0,green,1
J4748,I9169,28011.0,28018.0,green,2
J4354,I4646,13448.0,13451.0,green,2
J4354,I8806,27135.0,27139.0,green,1
J2361,I4740,13809.0,13811.0,green,2
J3291,I4314,12238.0,12246.0,green,1
J3291,I8442,26181.0,26193.0,green,1
J3291,I8602,26610.0,26614.0,green,2
J4575,I1541,3224.0,3228.0,brown,1
J4575,I9862,29522.0,29525.0,green,2
J4500,I4456,12682.0,12684.0,green,1
J4500,I7944,24843.0,24846.0,green,1
J4500,I8488,26300.0,26308.0,green,1
J1851,I3767,10314.0,10316.0,green,1
J1851,I4503,12849.0,12850.0,green,1
J1851,I4535,12973.0,12981.0,green,1
J844,I1403,2937.0,2945.0,green,1
J844,I2555,6267.0,6270.0,green,1
J4937,I5544,16696.0,16697.0,brown,1
J4937,I8105,25293.0,25305.0,green,3
J4937,I10089,29897.0,29899.0,green,1
J4937,I10114,29939.0,29941.0,green,1
J3055,I5756,17519.0,17520.0,green,1
J3055,I5788,17617.0,17620.0,green,1
J3055,I5884,17956.0,17958.0,green,2
J3055,I5988,18353.0,18361.0,green,1
J3055,I6155,18892.0,18897.0,green,1
J4327,I8445,26197.0,26200.0,green,2
J3657,I6139,18851.0,18854.0,brown,1
J3657,I6235,19174.0,19179.0,brown,2
J4651,I8468,26262.0,26266.0,brown,1
J4651,I8501,26349.0,26351.0,green,1
J4651,I8533,26425.0,26427.0,green,2
J4651,I8549,26473.0,26475.0,green,1
J4651,I8917,27417.0,27420.0,green,1
J3165,I1331,2744.0,2754.0,brown,1
J3165,I1651,3487.0,3495.0,brown,3
J3165,I2260,5340.0,5344.0,green,1
J3165,I2484,6017.0,6026.0,green,1
J2527,I3146,8134.0,8135.0,green,1
J2527,I3178,8241.0,8243.0,brown,2
J2527,I3306,8684.0,8687.0,brown,1
J2527,I6410,19752.0,19761.0,green,1
J2527,I7370,23140.0,23144.0,green,1
J4458,I6314,19433.0,19435.0,brown,1
J4458,I6442,19899.0,19901.0,brown,2
J4458,I6570,20335.0,20340.0,brown,2
J3671,I6341,19519.0,19526.0,green,3
J3671,I6852,21360.0,21361.0,brown,1
J2245,I4119,11584.0,11593.0,green,1
J4783,I3361,8878.0,8882.0,brown,1
J4783,I6978,21800.0,21805.0,green,2
J4783,I9534,28850.0,28853.0,green,1
J4783,I9610,29016.0,29021.0,green,2
J3334,I5349,16070.0,16073.0,green,3
J3334,I5445,16351.0,16357.0,green,3
J2931,I3825,10575.0,10587.0,brown,4
J2297,I1346,2788.0,2790.0,brown,1
J2297,I3971,11044.0,11051.0,green,1
J2297,I6899,21552.0,21553.0,green,1
J2297,I7331,23051.0,23052.0,green,1
J469,I716,1280.0,1286.0,green,2
J469,I4044,11311.0,11317.0,green,1
J469,I5877,17911.0,17926.0,green,1
J3603,I3177,8238.0,8241.0,green,2
J3603,I3432,9158.0,9170.0,brown,1
J3603,I6425,19824.0,19828.0,green,1
J3488,I2662,6567.0,6569.0,brown,1
J3488,I3879,10734.0,10735.0,green,1
J3488,I7863,24607.0,24612.0,green,2
J2401,I877,1638.0,1641.0,brown,1
J2401,I1005,1930.0,1934.0,brown,2
J2401,I1133,2242.0,2243.0,brown,1
J2401,I5166,15394.0,15404.0,green,2
J1629,I3375,8917.0,8922.0,green,3
J1629,I3407,9066.0,9076.0,green,3
J2910,I4397,12518.0,12522.0,brown,2
J2910,I6670,20650.0,20656.0,green,2
J2910,I8110,25320.0,25327.0,green,1
J2910,I9454,28670.0,28673.0,green,1
J1702,I3914,10871.0,10877.0,green,1
J1702,I4618,13335.0,13342.0,green,3
J3054,I4044,11311.0,11317.0,green,2
J4075,I7257,22772.0,22774.0,brown,2
J4075,I7674,24035.0,24047.0,green,4
J3862,I5867,17869.0,17870.0,brown,1
J3862,I5932,18138.0,18145.0,green,1
J3862,I6860,21398.0,21405.0,green,1
J3268,I930,1764.0,1769.0,brown,2
J3268,I962,1842.0,1848.0,brown,1
J3268,I8531,26417.0,26424.0,green,1
J3268,I8963,27528.0,27530.0,green,1
J3268,I9067,27755.0,27758.0,green,1
J2398,I1760,3777.0,3778.0,green,1
J2398,I3328,8763.0,8769.0,green,1
J2398,I3488,9367.0,9374.0,green,1
J2398,I3712,10102.0,10103.0,brown,1
J4657,I7193,22583.0,22586.0,brown,1
J4657,I8442,26181.0,26193.0,green,3
J4657,I8922,27435.0,27441.0,green,1
J4657,I8986,27587.0,27592.0,green,1
J3424,I4841,14177.0,14183.0,green,1
J3424,I7433,23347.0,23350.0,green,1
J2060,I825,1546.0,1548.0,brown,1
J2060,I6618,20505.0,20510.0,green,2
J2773,I5215,15616.0,15620.0,green,1
J2773,I8263,25746.0,25748.0,green,2
J636,I1069,2078.0,2081.0,brown,2
J636,I4622,13353.0,13368.0,green,1
J636,I6606,20463.0,20473.0,green,1
J636,I7326,23033.0,23036.0,green,1
J636,I7513,23567.0,23572.0,green,1
J1618,I2335,5559.0,5564.0,green,2
J1618,I5601,16935.0,16937.0,green,1
J1142,I3570,9633.0,9636.0,green,1
J1142,I6386,19655.0,19663.0,green,1
J1142,I8634,26693.0,26699.0,green,2
J4548,I5802,17654.0,17655.0,brown,1
J4548,I6058,18599.0,18602.0,brown,3
J4548,I6314,19433.0,19435.0,brown,1
J878,I5186,15488.0,15491.0,green,1
J878,I6210,19075.0,19085.0,green,1
J878,I6530,20215.0,20216.0,green,1
J878,I8130,25376.0,25382.0,green,1
J878,I8642,26714.0,26722.0,green,1
J878,I9626,29055.0,29059.0,green,1
J3655,I859,1606.0,1611.0,brown,2
J3655,I1243,2518.0,2520.0,brown,1
J3655,I1275,2605.0,2616.0,brown,1
J3302,I1617,3402.0,3404.0,brown,2
J3302,I4241,11968.0,11978.0,brown,1
J2957,I5788,17617.0,17620.0,green,2
J2957,I8492,26325.0,26328.0,green,1
J103,I1415,2964.0,2966.0,green,1
J103,I5287,15874.0,15881.0,green,1
J2555,I5863,17853.0,17863.0,green,3
J2779,I3699,10046.0,10048.0,green,2
J2779,I3859,10685.0,10688.0,brown,1
J2779,I4083,11458.0,11469.0,green,1
J2779,I4243,11979.0,12000.0,brown,2
J2229,I2428,5837.0,5839.0,green,1
J2229,I2556,6270.0,6273.0,green,1
J2229,I5909,18045.0,18048.0,green,2
J68,I35,47.0,48.0,green,1
J68,I579,981.0,984.0,green,1
J68,I739,1339.0,1341.0,green,1
J68,I3315,8700.0,8703.0,green,1
J1400,I1917,4248.0,4258.0,green,2
J2752,I5361,16098.0,16099.0,green,1
J2752,I5393,16194.0,16196.0,brown,2
J2752,I5521,16601.0,16608.0,brown,2
J2752,I5745,17465.0,17479.0,green,1
J3980,I5733,17422.0,17425.0,green,3
J3980,I5893,17983.0,17995.0,green,1
J3344,I929,1760.0,1764.0,brown,3
J3344,I9218,28145.0,28146.0,green,1
J3344,I9314,28373.0,28375.0,green,1
J3344,I9338,28424.0,28426.0,green,1
J985,I731,1318.0,1321.0,green,3
J1227,I2778,6877.0,6882.0,green,1
J1227,I3002,7642.0,7644.0,green,1
J1227,I4474,12728.0,12738.0,green,2
J3820,I2535,6202.0,6210.0,brown,1
J630,I1670,3543.0,3544.0,green,1
J630,I1734,3715.0,3718.0,green,3
J630,I1750,3750.0,3755.0,green,1
J3582,I4029,11251.0,11255.0,green,1
J3582,I6429,19839.0,19858.0,green,1
J2810,I3172,8223.0,8224.0,green,1
J2810,I3684,10007.0,10012.0,green,2
J1999,I3053,7795.0,7796.0,green,1
J1999,I3501,9400.0,9407.0,brown,1
J464,I704,1258.0,1260.0,brown,2
J464,I896,1678.0,1680.0,brown,2
J464,I3648,9887.0,9893.0,brown,1
J464,I6401,19712.0,19714.0,green,1
J1850,I3816,10537.0,10538.0,green,1
J1850,I5000,14758.0,14769.0,green,1
J1850,I5660,17163.0,17172.0,green,2
J1850,I5784,17610.0,17613.0,green,2
J2821,I3743,10227.0,10230.0,brown,3
J2821,I4960,14604.0,14613.0,green,2
J4830,I9055,27731.0,27735.0,green,1
J4830,I9311,28358.0,28365.0,green,1
J872,I7942,24839.0,24841.0,green,1
J872,I8150,25432.0,25436.0,green,1
J314,I822,1539.0,1543.0,green,1
J314,I2430,5842.0,5853.0,green,2
J1414,I3558,9577.0,9588.0,green,3
J1406,I2283,5405.0,5410.0,brown,1
J1406,I7776,24349.0,24356.0,green,1
J4304,I7054,22096.0,22100.0,brown,1
J4304,I7727,24191.0,24197.0,green,1
J4304,I8463,26248.0,26252.0,green,1
J4304,I9199,28102.0,28105.0,green,1
J4304,I9359,28463.0,28470.0,green,1
J4304,I9751,29305.0,29309.0,green,1
J915,I3123,8062.0,8065.0,green,1
J915,I3987,11090.0,11097.0,green,2
J4770,I9284,28290.0,28291.0,green,1
J4770,I9636,29080.0,29084.0,green,2
J4770,I9804,29408.0,29411.0,green,1
J1110,I1537,3215.0,3219.0,green,2
J1110,I3889,10772.0,10786.0,green,1
J776,I2033,4644.0,4646.0,brown,1
J776,I2961,7464.0,7471.0,brown,1
J776,I4241,11968.0,11978.0,brown,1
J776,I6482,20027.0,20031.0,green,2
J776,I6514,20158.0,20166.0,green,1
J2575,I3147,8135.0,8141.0,green,1
J2575,I5419,16253.0,16261.0,green,2
J4991,I9749,29301.0,29304.0,green,2
J4991,I10102,29918.0,29920.0,green,2
J2397,I3608,9746.0,9750.0,green,1
J2397,I4568,13097.0,13110.0,green,2
J2397,I4728,13744.0,13754.0,green,3
J804,I5592,16883.0,16898.0,green,2
J768,I724,1295.0,1301.0,green,1
J768,I820,1533.0,1537.0,green,1
J768,I1876,4120.0,4127.0,green,1
J768,I3448,9213.0,9219.0,green,1
J1790,I1041,2018.0,2022.0,green,1
J1790,I1233,2483.0,2488.0,green,4
J1790,I1777,3824.0,3832.0,green,1
J2634,I4062,11385.0,11392.0,green,3
J10,I33,43.0,45.0,green,2
J10,I737,1331.0,1338.0,green,1
J10,I5441,16330.0,16337.0,green,3
J2458,I2580,6336.0,6337.0,brown,1
J2458,I5300,15912.0,15914.0,brown,1
J2159,I4032,11260.0,11265.0,green,1
J2159,I6336,19501.0,19503.0,green,2
J2159,I6484,20034.0,20045.0,green,1
J2159,I7009,21936.0,21945.0,green,2
J60,I135,193.0,197.0,green,1
J60,I340,553.0,559.0,green,3
J60,I406,666.0,671.0,green,2
J3908,I5751,17502.0,17505.0,green,2
J3908,I9623,29049.0,29051.0,green,1
J3437,I2167,5092.0,5097.0,green,3
J3437,I5431,16298.0,16303.0,green,1
J1086,I1206,2422.0,2427.0,green,2
J1086,I1270,2592.0,2594.0,green,1
J1086,I3814,10522.0,10534.0,green,1
J1086,I3846,10647.0,10649.0,green,2
J4276,I5916,18066.0,18068.0,green,2
J4276,I6012,18433.0,18437.0,brown,1
J4276,I6172,18955.0,18956.0,green,1
J1342,I2232,5259.0,5268.0,green,3
J1342,I4213,11905.0,11908.0,green,2
J3809,I4239,11965.0,11967.0,brown,2
J3809,I7056,22105.0,22107.0,green,1
J4712,I6704,20789.0,20792.0,green,1
J4712,I7088,22224.0,22230.0,green,4
J2775,I5020,14843.0,14850.0,green,2
J2775,I6453,19934.0,19936.0,green,2
J2775,I6456,19939.0,19946.0,green,2
J4115,I9866,29530.0,29533.0,green,1
J4115,I9994,29746.0,29747.0,green,1
J2905,I3819,10552.0,10558.0,green,1
J2905,I4555,13040.0,13041.0,green,1
J2905,I6891,21519.0,21529.0,green,1
J2905,I7019,21981.0,21989.0,green,1
J2905,I8619,26653.0,26657.0,green,2
J2964,I702,1254.0,1257.0,green,3
J1057,I1736,3720.0,3725.0,green,1
J1057,I1896,4188.0,4189.0,green,1
J1057,I1992,4504.0,4506.0,green,1
J1057,I2152,5038.0,5044.0,green,3
J3089,I4067,11401.0,11405.0,green,1
J3089,I4259,12039.0,12042.0,green,3
J3089,I7147,22459.0,22463.0,green,2
J4659,I4440,12649.0,12650.0,brown,1
J4659,I4537,12988.0,13003.0,green,1
J4659,I4696,13616.0,13617.0,brown,1
J1909,I3600,9715.0,9716.0,green,1
J1909,I3632,9829.0,9837.0,green,2
J1909,I3665,9947.0,9952.0,green,1
J1909,I3956,10996.0,11007.0,green,1
J2232,I3481,9318.0,9331.0,green,1
J2232,I5945,18190.0,18209.0,green,2
J3878,I7201,22604.0,22609.0,green,5
J3878,I7489,23504.0,23509.0,green,1
J3444,I3899,10817.0,10820.0,brown,1
J3444,I4124,11603.0,11607.0,green,1
J3444,I7196,22589.0,22592.0,green,3
J3035,I4379,12455.0,12466.0,green,3
J1918,I6518,20172.0,20175.0,green,1
J1918,I8694,26874.0,26876.0,green,1
J1435,I696,1243.0,1245.0,brown,1
J45,I170,247.0,250.0,green,1
J45,I330,539.0,541.0,green,2
J45,I394,647.0,649.0,green,2
J45,I1866,4085.0,4089.0,green,1
J4224,I4535,12973.0,12981.0,green,2
J705,I1720,3669.0,3674.0,brown,2
J1394,I8155,25448.0,25453.0,green,2
J4233,I4081,11454.0,11457.0,green,1
J4233,I4688,13594.0,13599.0,brown,3
J4233,I5745,17465.0,17479.0,green,2
J292,I3122,8053.0,8062.0,green,2
J292,I6488,20057.0,20061.0,green,1
J2439,I3847,10649.0,10652.0,green,1
J2439,I8407,26096.0,26097.0,green,1
J2439,I8679,26826.0,26834.0,green,2
J4523,I8986,27587.0,27592.0,green,3
J381,I1391,2903.0,2905.0,green,1
J381,I1871,4100.0,4104.0,green,1
J381,I2639,6503.0,6507.0,green,1
J574,I1216,2449.0,2453.0,brown,1
J574,I3889,10772.0,10786.0,green,2
J946,I2082,4800.0,4803.0,green,1
J946,I2210,5208.0,5212.0,green,1
J946,I3586,9670.0,9674.0,green,1
J946,I6933,21654.0,21659.0,green,2
J1109,I1690,3574.0,3579.0,brown,1
J1109,I1754,3764.0,3765.0,brown,1
J1109,I2395,5764.0,5765.0,green,1
J1109,I4539,13004.0,13006.0,green,1
J4640,I5635,17037.0,17046.0,green,2
J4640,I7011,21947.0,21951.0,green,3
J4640,I7299,22896.0,22905.0,green,1
J2784,I2733,6745.0,6753.0,brown,2
J1384,I6212,19086.0,19089.0,green,1
J1384,I7876,24638.0,24640.0,green,2
J1384,I8644,26725.0,26733.0,green,3
J4769,I90,127.0,129.0,brown,2
J4769,I8347,25960.0,25962.0,green,1
J4769,I9583,28971.0,28972.0,green,1
J4678,I5004,14778.0,14784.0,green,3
J1722,I3604,9729.0,9736.0,green,3
J1722,I3636,9858.0,9860.0,green,2
J1722,I3668,9959.0,9960.0,green,1
J4608,I5056,14980.0,14991.0,green,2
J4608,I5600,16931.0,16935.0,green,1
J4608,I9728,29270.0,29272.0,green,2
J880,I1658,3507.0,3517.0,green,3
J1863,I3825,10575.0,10587.0,brown,1
J1863,I7570,23716.0,23718.0,green,1
J1863,I7794,24406.0,24407.0,green,1
J1863,I7810,24446.0,24449.0,green,1
J1462,I6605,20460.0,20463.0,green,3
J1462,I7997,24979.0,24981.0,green,1
J533,I1960,4406.0,4413.0,green,2
J4303,I5899,18011.0,18012.0,green,1
J4303,I6859,21382.0,21398.0,green,2
J4303,I7211,22628.0,22632.0,green,1
J3170,I5447,16359.0,16372.0,green,6
J1259,I1195,2399.0,2400.0,green,1
J1259,I1995,4511.0,4513.0,green,1
J1259,I2027,4624.0,4626.0,green,1
J1806,I2110,4881.0,4884.0,green,1
J1806,I2206,5194.0,5197.0,green,2
J4459,I5020,14843.0,14850.0,green,3
J4459,I5340,16039.0,16041.0,green,1
J4459,I9804,29408.0,29411.0,green,1
J4459,I9988,29737.0,29739.0,green,1
J1349,I1694,3590.0,3592.0,brown,1
J1349,I1790,3867.0,3870.0,brown,1
J1349,I8543,26449.0,26455.0,green,1
J1349,I9311,28358.0,28365.0,green,1
J147,I107,153.0,155.0,green,2
J3883,I5641,17071.0,17084.0,green,6
J2186,I1752,3760.0,3763.0,green,1
J2186,I2200,5170.0,5178.0,green,1
J2186,I4593,13240.0,13243.0,green,1
J2186,I4885,14354.0,14358.0,green,1
J3913,I2304,5474.0,5475.0,brown,1
J3913,I2688,6632.0,6636.0,brown,1
J3913,I8657,26761.0,26770.0,green,1
J4066,I7340,23071.0,23073.0,brown,2
J4066,I7372,23148.0,23149.0,brown,1
J4066,I8349,25964.0,25966.0,green,2
J70,I5113,15215.0,15221.0,green,3
J70,I5209,15599.0,15607.0,green,2
J70,I5529,16628.0,16639.0,green,1
J580,I4762,13889.0,13891.0,green,2
J580,I5690,17262.0,17267.0,green,1
J1101,I2154,5045.0,5052.0,green,2
J1101,I5746,17479.0,17489.0,green,1
J273,I1214,2445.0,2447.0,brown,1
J273,I6719,20848.0,20850.0,green,2
J273,I7711,24151.0,24152.0,green,1
J273,I8991,27598.0,27599.0,green,1
J2170,I4416,12574.0,12580.0,brown,2
J2170,I5889,17969.0,17971.0,green,1
J4775,I7026,22008.0,22012.0,green,3
J4635,I4386,12479.0,12483.0,brown,1
J4635,I6211,19085.0,19086.0,green,1
J4635,I9447,28649.0,28656.0,green,2
J4635,I9539,28863.0,28866.0,green,1
J3698,I7020,21989.0,21993.0,green,4
J3698,I7052,22084.0,22095.0,green,1
J797,I5031,14876.0,14878.0,green,1
J797,I6055,18584.0,18590.0,green,2
J823,I1798,3885.0,3886.0,brown,1
J823,I2023,4617.0,4619.0,green,1
J823,I2119,4919.0,4931.0,green,2
J823,I3815,10534.0,10537.0,green,1
J823,I5909,18045.0,18048.0,green,1
J1874,I1848,4026.0,4034.0,green,2
J1874,I2072,4758.0,4764.0,green,2
J1874,I3448,9213.0,9219.0,green,1
J1874,I3735,10194.0,10200.0,brown,1
J1458,I2869,7178.0,7179.0,brown,1
J1458,I3030,7715.0,7717.0,green,1
J1458,I3798,10450.0,10455.0,green,2
J4466,I2882,7214.0,7216.0,brown,2
J4466,I8647,26736.0,26737.0,green,1
J4466,I9219,28146.0,28147.0,green,1
J4466,I9355,28456.0,28459.0,green,2
J4472,I6464,19962.0,19963.0,brown,1
J4472,I6561,20308.0,20309.0,green,1
J4472,I6577,20364.0,20365.0,green,1
J4472,I6818,21229.0,21230.0,brown,1
J4472,I7650,23981.0,23982.0,brown,1
J4472,I7874,24635.0,24636.0,brown,1
J1843,I1473,3067.0,3068.0,green,1
J1843,I1729,3694.0,3704.0,green,3
J4677,I4570,13124.0,13133.0,green,2
J2335,I5532,16645.0,16656.0,green,2
J2335,I5732,17411.0,17422.0,green,4
J2424,I6594,20411.0,20420.0,green,5
J1694,I1858,4064.0,4071.0,green,1
J1694,I1921,4274.0,4275.0,brown,1
J1694,I1954,4387.0,4395.0,green,1
J1694,I3041,7750.0,7754.0,brown,1
J1694,I3361,8878.0,8882.0,brown,1
J1694,I3649,9893.0,9895.0,brown,1
J2796,I8871,27292.0,27295.0,green,1
J2796,I9575,28953.0,28957.0,green,2
J2796,I9815,29431.0,29433.0,green,1
J2796,I9841,29483.0,29486.0,green,2
J1056,I2997,7611.0,7612.0,green,1
J1056,I3285,8587.0,8596.0,brown,1
J1056,I4533,12967.0,12971.0,green,3
J1056,I4933,14486.0,14487.0,green,1
J1638,I2962,7471.0,7479.0,brown,3
J1638,I5171,15418.0,15422.0,green,1
J2141,I1557,3264.0,3265.0,green,1
J2141,I2357,5625.0,5632.0,green,2
J29,I11,12.0,13.0,green,1
J29,I13,14.0,15.0,green,1
J29,I43,59.0,62.0,green,2
J2698,I1380,2880.0,2881.0,brown,1
J2698,I1637,3446.0,3453.0,green,1
J2194,I6707,20795.0,20806.0,green,1
J2194,I9181,28048.0,28052.0,green,2
J2194,I9239,28194.0,28196.0,green,1
J4099,I3005,7650.0,7652.0,brown,1
J4099,I3037,7738.0,7747.0,brown,1
J4099,I9630,29066.0,29068.0,green,2
J80,I244,393.0,395.0,green,2
J80,I308,508.0,509.0,green,1
J80,I340,553.0,559.0,green,1
J80,I564,949.0,950.0,green,1
J2764,I2887,7231.0,7237.0,brown,2
J2764,I9112,27855.0,27859.0,green,1
J2461,I4146,11666.0,11667.0,green,1
J2461,I4178,11767.0,11785.0,green,2
J3891,I6253,19234.0,19240.0,brown,1
J3891,I6926,21620.0,21636.0,green,1
J325,I1294,2654.0,2659.0,green,1
J325,I2526,6151.0,6170.0,green,1
J325,I3634,9839.0,9845.0,green,1
J2938,I6831,21273.0,21276.0,green,1
J2938,I9199,28102.0,28105.0,green,2
J2132,I1899,4198.0,4203.0,green,1
J2132,I6389,19672.0,19679.0,green,3
J2383,I4498,12828.0,12836.0,green,2
J2383,I4530,12955.0,12962.0,green,1
J4837,I9635,29077.0,29080.0,green,3
J4837,I9795,29398.0,29399.0,green,1
J4837,I9987,29736.0,29737.0,green,1
J4837,I10019,29791.0,29792.0,green,1
J1512,I2498,6068.0,6071.0,green,3
J1512,I2562,6283.0,6285.0,green,1
J3224,I6218,19109.0,19110.0,green,1
J3224,I6698,20770.0,20773.0,green,2
J3224,I7370,23140.0,23144.0,green,1
J2675,I2812,7016.0,7024.0,green,1
J2675,I2844,7108.0,7111.0,green,2
J2675,I3004,7646.0,7650.0,green,2
J2675,I3612,9760.0,9769.0,green,1
J2274,I3646,9878.0,9886.0,brown,3
J2274,I5215,15616.0,15620.0,green,1
J2274,I7327,23036.0,23040.0,green,1
J2519,I3342,8801.0,8802.0,green,1
J2519,I3438,9183.0,9185.0,brown,1
J2519,I5422,16272.0,16276.0,green,3
J2519,I6126,18822.0,18827.0,green,1
J2777,I4585,13196.0,13207.0,green,6
J512,I1848,4026.0,4034.0,green,2
J1994,I1257,2553.0,2559.0,green,2
J2393,I4871,14296.0,14305.0,green,1
J2393,I5447,16359.0,16372.0,green,1
J2393,I8151,25436.0,25442.0,green,1
J1669,I4565,13089.0,13091.0,brown,1
J1669,I4822,14111.0,14113.0,green,1
J1669,I5718,17362.0,17370.0,green,2
J1669,I7606,23843.0,23857.0,green,2
J261,I1474,3068.0,3072.0,green,1
J261,I2146,4999.0,5010.0,green,1
J3348,I2885,7223.0,7226.0,brown,2
J3348,I8790,27106.0,27110.0,green,2
J699,I1219,2456.0,2457.0,brown,1
J699,I2180,5124.0,5132.0,green,2
J699,I4004,11152.0,11159.0,green,3
J2436,I2995,7604.0,7606.0,green,2
J3377,I5982,18326.0,18338.0,green,2
J3377,I9022,27659.0,27663.0,green,1
J1478,I3107,7995.0,8004.0,green,3
J1478,I4611,13315.0,13323.0,green,1
J1478,I5347,16060.0,16066.0,green,1
J1478,I5411,16235.0,16237.0,green,1
J2801,I4304,12190.0,12198.0,brown,3
J2801,I7089,22230.0,22232.0,green,2
J3010,I4542,13013.0,13016.0,green,1
J3010,I4701,13646.0,13652.0,brown,1
J1447,I1529,3198.0,3201.0,green,1
J1447,I1657,3506.0,3507.0,green,1
J1447,I2329,5542.0,5543.0,green,1
J1447,I2393,5755.0,5761.0,green,1
J1447,I3353,8834.0,8851.0,green,1
J3403,I5024,14859.0,14860.0,brown,1
J3403,I5441,16330.0,16337.0,green,1
J3403,I7681,24057.0,24062.0,green,1
J1201,I880,1644.0,1646.0,brown,1
J1201,I2544,6233.0,6235.0,brown,1
J1201,I5392,16192.0,16194.0,brown,1
J563,I1523,3186.0,3190.0,green,2
J563,I3283,8573.0,8584.0,green,1
J3286,I6290,19356.0,19358.0,green,1
J3286,I6321,19451.0,19454.0,brown,2
J3286,I6514,20158.0,20166.0,green,1
J3286,I6802,21172.0,21174.0,green,2
J920,I1934,4312.0,4317.0,brown,1
J920,I1999,4530.0,4533.0,green,1
J920,I2095,4847.0,4848.0,green,1
J920,I2127,4948.0,4952.0,green,1
J920,I2319,5520.0,5521.0,green,1
J4742,I4742,13812.0,13814.0,brown,1
J4742,I10057,29850.0,29851.0,green,1
J4742,I10073,29874.0,29875.0,green,1
J4742,I10075,29876.0,29877.0,green,1
J1210,I1729,3694.0,3704.0,green,6
J4689,I4501,12845.0,12847.0,brown,1
J4689,I4565,13089.0,13091.0,brown,1
J4689,I7606,23843.0,23857.0,green,2
J4689,I8662,26782.0,26786.0,green,1
J4689,I9238,28193.0,28194.0,green,1
J3468,I3184,8252.0,8255.0,green,3
J860,I1303,2677.0,2682.0,brown,1
J860,I6168,18938.0,18942.0,green,3
J860,I8608,26622.0,26625.0,green,2
J3120,I5983,18338.0,18341.0,green,3
J3120,I6047,18552.0,18557.0,brown,1
J3120,I6079,18659.0,18662.0,brown,2
J1030,I2239,5288.0,5297.0,brown,4
J1030,I9056,27735.0,27737.0,green,2
J4929,I9667,29144.0,29145.0,green,1
J4929,I9827,29453.0,29456.0,green,3
J4929,I9923,29635.0,29638.0,green,2
J3506,I6807,21182.0,21185.0,green,2
J3968,I6252,19228.0,19234.0,green,2
J3968,I6796,21140.0,21147.0,green,3
J2054,I4571,13133.0,13144.0,green,2
J2054,I6939,21668.0,21674.0,green,2
J2054,I7131,22404.0,22408.0,green,2
J1842,I1170,2338.0,2340.0,green,2
J1842,I6034,18509.0,18514.0,green,1
J3007,I5647,17105.0,17108.0,brown,2
J1557,I6736,20922.0,20932.0,green,2
J1557,I7952,24865.0,24868.0,green,3
J1557,I8112,25331.0,25334.0,green,1
J992,I2359,5633.0,5634.0,green,1
J992,I4919,14450.0,14455.0,green,2
J3042,I2941,7416.0,7423.0,green,2
J489,I2235,5279.0,5283.0,green,2
J489,I6389,19672.0,19679.0,green,2
J489,I6395,19698.0,19701.0,green,1
J1959,I1764,3786.0,3792.0,green,1
J1144,I1882,4159.0,4160.0,green,1
J1144,I1946,4360.0,4369.0,green,3
J1144,I2202,5181.0,5183.0,green,1
J1144,I4816,14077.0,14078.0,green,1
J561,I892,1672.0,1674.0,brown,1
J561,I9245,28202.0,28208.0,green,2
J4421,I6896,21544.0,21546.0,green,2
J4421,I7312,22956.0,22974.0,green,1
J4421,I8176,25501.0,25513.0,green,2
J245,I3784,10395.0,10401.0,green,1
J245,I7640,23954.0,23956.0,green,1
J3378,I3432,9158.0,9170.0,brown,1
J3378,I8137,25401.0,25404.0,green,2
J2415,I2601,6390.0,6397.0,green,1
J2415,I3081,7886.0,7889.0,green,1
J2415,I4937,14506.0,14517.0,green,3
J4307,I5849,17788.0,17796.0,brown,2
J4307,I7258,22774.0,22782.0,green,2
J1855,I1608,3375.0,3376.0,brown,1
J1855,I3208,8333.0,8341.0,brown,1
J1855,I3432,9158.0,9170.0,brown,1
J442,I4846,14203.0,14208.0,green,1
J442,I5550,16712.0,16729.0,green,2
J442,I6606,20463.0,20473.0,green,2
J442,I7840,24534.0,24537.0,green,1
J2112,I44,62.0,65.0,green,3
J2112,I5484,16479.0,16482.0,green,1
J3168,I3086,7900.0,7906.0,green,1
J3168,I5166,15394.0,15404.0,green,1
J3168,I5862,17843.0,17853.0,green,3
J54,I1235,2489.0,2492.0,green,1
J54,I4117,11579.0,11583.0,green,3
J787,I2762,6812.0,6814.0,green,2
J3970,I6247,19210.0,19215.0,brown,4
J3970,I6408,19748.0,19750.0,green,1
J3970,I6824,21248.0,21258.0,green,1
J4637,I1373,2861.0,2868.0,brown,1
J4637,I5694,17276.0,17283.0,green,1
J4637,I6526,20193.0,20203.0,green,2
J4637,I6814,21207.0,21213.0,green,2
J2373,I1476,3075.0,3080.0,green,5
J2373,I1668,3536.0,3539.0,green,1
J1820,I3811,10517.0,10518.0,green,1
J1820,I3875,10725.0,10727.0,green,2
J1820,I3971,11044.0,11051.0,green,3
J1350,I489,813.0,814.0,green,1
J1350,I553,931.0,933.0,green,2
J1350,I1066,2071.0,2075.0,brown,1
J1350,I1193,2392.0,2398.0,green,1
J1350,I1385,2889.0,2892.0,green,1
J1460,I1465,3052.0,3056.0,brown,1
J1460,I2394,5761.0,5764.0,green,2
J2000,I3732,10183.0,10184.0,green,1
J2000,I3764,10304.0,10309.0,green,2
J2000,I7316,22997.0,22999.0,green,2
J2416,I6288,19339.0,19343.0,green,1
J2416,I6384,19650.0,19654.0,green,2
J1567,I581,986.0,991.0,green,3
J1567,I1253,2539.0,2545.0,green,1
J3369,I2579,6330.0,6336.0,brown,2
J3369,I7476,23477.0,23478.0,green,1
J1651,I1625,3417.0,3426.0,brown,1
J1651,I3770,10337.0,10346.0,green,2
J1935,I3321,8721.0,8730.0,green,5
J1471,I3274,8539.0,8541.0,green,2
J1471,I6410,19752.0,19761.0,green,1
J1471,I6602,20451.0,20456.0,green,1
J1471,I6972,21779.0,21787.0,green,1
J1471,I7722,24180.0,24181.0,green,1
J2148,I1592,3341.0,3345.0,brown,1
J2148,I2040,4661.0,4663.0,brown,1
J2148,I3384,8946.0,8967.0,brown,1
J2148,I7033,22029.0,22030.0,green,1
J2148,I7465,23455.0,23460.0,green,1
J3646,I3799,10455.0,10480.0,green,1
J3646,I4535,12973.0,12981.0,green,1
J3646,I7063,22122.0,22136.0,green,1
J3646,I8167,25476.0,25481.0,green,1
J1699,I2796,6948.0,6951.0,brown,1
J1699,I2829,7061.0,7063.0,green,1
J1699,I2860,7159.0,7164.0,brown,1
J1699,I3245,8456.0,8457.0,green,1
J1699,I3341,8796.0,8801.0,green,2
J4213,I1214,2445.0,2447.0,brown,1
J4213,I4991,14706.0,14709.0,green,1
J4213,I7391,23216.0,23222.0,green,1
J4903,I6222,19119.0,19121.0,brown,1
J4903,I6543,20253.0,20262.0,green,3
J476,I1300,2669.0,2671.0,green,1
J476,I1428,2986.0,2988.0,green,1
J476,I1491,3113.0,3115.0,brown,1
J1419,I4934,14487.0,14497.0,green,4
J4909,I8105,25293.0,25305.0,green,2
J4909,I8137,25401.0,25404.0,green,1
J4909,I9953,29682.0,29683.0,green,1
J317,I2879,7204.0,7210.0,brown,1
J317,I3968,11037.0,11039.0,green,1
J317,I5728,17397.0,17400.0,green,1
J317,I8648,26737.0,26743.0,green,1
J4072,I8315,25891.0,25895.0,green,2
J4072,I9211,28126.0,28132.0,green,2
J4072,I9371,28490.0,28492.0,green,1
J4072,I9791,29388.0,29392.0,green,1
J3979,I4039,11286.0,11288.0,green,2
J1580,I2099,4852.0,4854.0,brown,1
J1580,I6836,21299.0,21302.0,green,2
J2664,I4283,12118.0,12128.0,green,4
J2338,I3431,9142.0,9158.0,brown,2
J2338,I4520,12915.0,12924.0,green,3
J2338,I9080,27784.0,27785.0,green,1
J3837,I5891,17972.0,17979.0,green,3
J3837,I6019,18451.0,18458.0,green,3
J1194,I878,1641.0,1643.0,brown,1
J1194,I1422,2974.0,2977.0,brown,1
J1194,I2255,5333.0,5335.0,green,1
J3669,I6380,19637.0,19643.0,brown,1
J3669,I6413,19763.0,19769.0,green,3
J3669,I6476,20004.0,20012.0,brown,1
J759,I5148,15317.0,15337.0,green,2
J759,I7036,22033.0,22043.0,green,1
J3894,I4819,14093.0,14096.0,green,3
J3894,I4883,14345.0,14347.0,green,1
J3894,I4915,14426.0,14434.0,green,1
J3894,I6099,18721.0,18729.0,green,1
J3616,I180,273.0,274.0,brown,1
J3616,I3797,10439.0,10450.0,green,1
J3616,I4596,13245.0,13252.0,brown,4
J2463,I4098,11526.0,11527.0,brown,1
J2463,I6115,18788.0,18795.0,green,3
J4601,I8759,27038.0,27042.0,brown,1
J4601,I9016,27649.0,27650.0,green,1
J441,I1110,2188.0,2189.0,green,1
J441,I1366,2838.0,2840.0,green,1
J441,I1398,2923.0,2926.0,green,1
J441,I1878,4130.0,4131.0,green,1
J441,I1942,4338.0,4342.0,green,1
J441,I2774,6861.0,6869.0,green,1
J707,I442,731.0,732.0,brown,1
J707,I922,1745.0,1747.0,brown,2
J707,I6843,21326.0,21327.0,green,1
J707,I9053,27727.0,27729.0,green,2
J3677,I6454,19936.0,19937.0,green,1
J3677,I6486,20050.0,20054.0,green,2
J3766,I5468,16429.0,16438.0,brown,4
J3766,I7613,23865.0,23879.0,green,1
J3766,I8541,26446.0,26448.0,green,1
J4827,I7018,21979.0,21981.0,green,1
J4827,I7081,22202.0,22207.0,brown,1
J4827,I7177,22540.0,22543.0,brown,3
J4827,I7209,22621.0,22625.0,brown,1
J2202,I2830,7063.0,7066.0,green,1
J2202,I3662,9920.0,9924.0,green,1
J3404,I4609,13306.0,13314.0,green,3
J3404,I5153,15349.0,15354.0,green,2
J3404,I6529,20210.0,20215.0,green,1
J4386,I5442,16337.0,16343.0,green,2
J4386,I6594,20411.0,20420.0,green,1
J4386,I8602,26610.0,26614.0,green,2
J4386,I8962,27527.0,27528.0,green,1
J1908,I2976,7531.0,7534.0,brown,1
J1908,I5153,15349.0,15354.0,green,1
J1908,I6721,20857.0,20870.0,green,1
J4234,I7041,22055.0,22057.0,brown,1
J4234,I7169,22520.0,22523.0,brown,2
J4234,I9538,28861.0,28863.0,green,1
J4234,I9658,29130.0,29132.0,green,1
J4234,I9682,29179.0,29184.0,green,1
J1332,I2936,7403.0,7405.0,green,2
J1332,I3000,7621.0,7630.0,green,1
J1662,I2781,6888.0,6890.0,green,2
J1662,I2813,7024.0,7028.0,green,3
J1980,I1358,2818.0,2825.0,brown,2
J1980,I4623,13368.0,13374.0,green,1
J1980,I5711,17334.0,17341.0,green,2
J1980,I6503,20121.0,20127.0,green,1
J564,I1432,2994.0,2995.0,green,1
J564,I1848,4026.0,4034.0,green,2
J564,I2072,4758.0,4764.0,green,2
J564,I2200,5170.0,5178.0,green,1
J899,I2016,4586.0,4595.0,green,4
J899,I2687,6631.0,6632.0,brown,1
J899,I3488,9367.0,9374.0,green,1
J179,I2376,5694.0,5706.0,green,2
J4994,I7260,22784.0,22799.0,green,3
J4994,I9820,29438.0,29442.0,green,1
J4994,I10044,29832.0,29833.0,green,1
J2372,I3179,8243.0,8247.0,brown,1
J2372,I3243,8452.0,8455.0,brown,1
J2372,I5388,16185.0,16188.0,green,1
J2372,I5644,17094.0,17099.0,green,1
J2372,I6828,21266.0,21270.0,green,1
J2372,I7052,22084.0,22095.0,green,1
J1374,I1451,3029.0,3030.0,brown,1
J1374,I1516,3169.0,3174.0,green,1
J1374,I1740,3729.0,3733.0,green,1
J1374,I3052,7794.0,7795.0,green,1
J1374,I5420,16261.0,16269.0,green,1
J2434,I3930,10917.0,10919.0,green,2
J2434,I4058,11372.0,11375.0,green,1
J3723,I4284,12128.0,12134.0,green,3
J3723,I5148,15317.0,15337.0,green,3
J2865,I2036,4649.0,4651.0,brown,1
J2865,I7109,22315.0,22317.0,green,2
J3984,I6692,20728.0,20731.0,green,2
J3984,I6755,20987.0,20993.0,brown,1
J3984,I8644,26725.0,26733.0,green,1
J1281,I2545,6235.0,6239.0,green,2
J1281,I3217,8363.0,8378.0,green,1
J1281,I5713,17342.0,17346.0,green,1
J1281,I6929,21640.0,21643.0,green,1
J2122,I1914,4236.0,4242.0,brown,1
J2122,I2459,5940.0,5945.0,green,1
J2122,I2939,7411.0,7414.0,green,1
J1837,I3663,9924.0,9928.0,green,1
J1837,I3726,10148.0,10152.0,brown,1
J821,I2097,4849.0,4851.0,green,2
J1667,I117,170.0,171.0,green,1
J1667,I245,395.0,396.0,green,1
J1667,I3769,10317.0,10337.0,green,2
J559,I416,685.0,686.0,brown,1
J559,I3296,8634.0,8642.0,brown,1
J559,I3616,9774.0,9780.0,brown,1
J2688,I1598,3355.0,3357.0,brown,1
J2688,I1855,4051.0,4060.0,green,4
J600,I3903,10831.0,10836.0,green,3
J600,I5055,14959.0,14980.0,green,1
J600,I5215,15616.0,15620.0,green,1
J3310,I3410,9081.0,9087.0,green,3
J3310,I3921,10891.0,10899.0,brown,1
J3310,I7188,22565.0,22571.0,green,2
J1218,I6724,20873.0,20892.0,green,1
J1218,I9316,28376.0,28377.0,green,1
J203,I1790,3867.0,3870.0,brown,1
J203,I2878,7199.0,7204.0,brown,1
J203,I4607,13296.0,13299.0,green,1
J203,I7295,22885.0,22887.0,green,1
J827,I414,682.0,684.0,brown,1
J827,I9311,28358.0,28365.0,green,1
J827,I9535,28853.0,28855.0,green,2
J2867,I2878,7199.0,7204.0,brown,2
J2867,I3583,9661.0,9662.0,green,1
J2653,I4458,12685.0,12686.0,green,1
J2653,I4586,13207.0,13210.0,green,1
J2653,I5994,18386.0,18387.0,green,1
J2653,I6730,20907.0,20914.0,green,1
J3993,I4830,14138.0,14139.0,green,1
J3993,I6430,19858.0,19865.0,green,1
J1530,I368,604.0,605.0,brown,1
J1530,I1873,4111.0,4112.0,green,1
J1530,I1969,4435.0,4439.0,green,2
J1530,I3921,10891.0,10899.0,brown,1
J1530,I4117,11579.0,11583.0,green,1
J3916,I4513,12876.0,12885.0,green,1
J3916,I6753,20983.0,20985.0,green,2
J788,I1104,2166.0,2169.0,green,2
J788,I3924,10906.0,10908.0,green,1
J217,I166,242.0,243.0,green,1
J217,I326,535.0,536.0,green,1
J217,I2430,5842.0,5853.0,green,1
J1865,I3702,10058.0,10074.0,green,6
J3092,I5252,15757.0,15763.0,green,6
J2443,I4028,11237.0,11251.0,green,2
J2443,I5148,15317.0,15337.0,green,1
J3418,I1782,3847.0,3848.0,brown,1
J3418,I1814,3921.0,3922.0,brown,1
J3418,I2038,4653.0,4655.0,brown,1
J3418,I6679,20693.0,20695.0,green,1
J3927,I3228,8408.0,8410.0,green,2
J3927,I7605,23838.0,23843.0,green,1
J4288,I5732,17411.0,17422.0,green,1
J4288,I7556,23674.0,23683.0,green,3
J2308,I4178,11767.0,11785.0,green,1
J2308,I5874,17893.0,17909.0,green,2
J2308,I9010,27635.0,27639.0,green,1
J4634,I8724,26951.0,26955.0,green,3
J4634,I8884,27340.0,27345.0,green,2
J4634,I9172,28023.0,28025.0,green,1
J1896,I3188,8259.0,8263.0,green,1
J1896,I4084,11469.0,11472.0,green,1
J1896,I6420,19793.0,19804.0,green,3
J1896,I6932,21646.0,21654.0,green,1
J779,I1780,3837.0,3842.0,green,1
J779,I4592,13230.0,13240.0,green,2
J236,I402,660.0,662.0,brown,1
J236,I7315,22989.0,22997.0,green,2
J236,I9211,28126.0,28132.0,green,1
J1036,I2006,4551.0,4556.0,green,5
J3958,I3314,8698.0,8700.0,green,2
J3958,I3410,9081.0,9087.0,green,1
J3958,I3762,10293.0,10298.0,brown,1
J3958,I4274,12094.0,12096.0,green,1
J3958,I4434,12624.0,12626.0,green,1
J4188,I6724,20873.0,20892.0,green,2
J4188,I9220,28147.0,28150.0,green,1
J4188,I9828,29456.0,29457.0,green,1
J4188,I10020,29792.0,29797.0,green,1
J1751,I17,19.0,22.0,green,1
J1751,I49,70.0,72.0,green,1
J3017,I3099,7962.0,7966.0,green,2
J3017,I5179,15455.0,15467.0,green,1
J4723,I6819,21230.0,21242.0,brown,1
J4723,I9332,28408.0,28414.0,green,3
J1887,I5752,17505.0,17512.0,green,3
J919,I1955,4395.0,4396.0,green,1
J919,I2083,4803.0,4804.0,green,1
J919,I6163,18923.0,18928.0,green,2
J104,I500,828.0,830.0,green,1
J104,I660,1165.0,1168.0,green,3
J1930,I2647,6529.0,6530.0,brown,1
J1930,I3224,8393.0,8399.0,green,3
J4772,I5591,16873.0,16883.0,green,2
J14,I9,10.0,11.0,green,1
J14,I5529,16628.0,16639.0,green,1
J1123,I2439,5880.0,5882.0,brown,2
J1123,I2535,6202.0,6210.0,brown,2
J1123,I9384,28515.0,28518.0,green,1
J1123,I9456,28684.0,28685.0,green,1
J3111,I3499,9395.0,9399.0,green,2
J3111,I3531,9497.0,9500.0,green,1
J4802,I7977,24931.0,24934.0,green,1
J4802,I8089,25244.0,25248.0,green,4
J2712,I5263,15791.0,15794.0,brown,3
J2712,I9104,27836.0,27838.0,green,1
J2502,I4941,14539.0,14553.0,green,1
J2502,I7117,22359.0,22364.0,green,1
J2744,I4505,12852.0,12855.0,green,1
J2744,I7609,23859.0,23862.0,green,1
J1826,I1272,2597.0,2599.0,brown,2
J1826,I4537,12988.0,13003.0,green,1
J1826,I6649,20590.0,20596.0,green,1
J4408,I4756,13856.0,13863.0,green,1
J4408,I5203,15573.0,15580.0,brown,2
J3477,I6958,21732.0,21741.0,green,1
J3477,I8302,25853.0,25857.0,green,1
J2997,I4471,12721.0,12724.0,green,2
J2997,I4535,12973.0,12981.0,green,1
J2997,I5495,16507.0,16514.0,green,1
J3973,I6967,21766.0,21767.0,brown,1
J3973,I7672,24031.0,24033.0,green,1
J3973,I7993,24972.0,24973.0,green,1
J1289,I2606,6406.0,6407.0,green,1
J1289,I2926,7371.0,7378.0,green,2
J1289,I3582,9660.0,9661.0,green,1
J1289,I3694,10037.0,10038.0,green,1
J4643,I4658,13483.0,13484.0,brown,1
J4643,I5043,14929.0,14932.0,green,2
J2628,I6687,20717.0,20719.0,green,2
J2628,I6759,21005.0,21008.0,green,1
J2628,I6815,21213.0,21219.0,green,1
J2628,I7809,24439.0,24446.0,green,1
J2628,I7873,24634.0,24635.0,green,1
J2980,I4227,11931.0,11938.0,green,3
J1496,I207,321.0,324.0,brown,2
J1496,I1200,2410.0,2411.0,green,1
J3680,I4070,11414.0,11423.0,brown,2
J3680,I6055,18584.0,18590.0,green,2
J3680,I8183,25526.0,25529.0,green,2
J4573,I4051,11338.0,11339.0,brown,1
J4573,I4243,11979.0,12000.0,brown,2
J4573,I5108,15196.0,15201.0,green,1
J4573,I6356,19552.0,19557.0,green,1
J4573,I6804,21176.0,21178.0,green,1
J1668,I3719,10121.0,10125.0,brown,3
J1668,I6824,21248.0,21258.0,green,1
J230,I133,190.0,191.0,green,1
J230,I1573,3304.0,3308.0,green,1
J230,I2085,4805.0,4813.0,green,1
J1556,I1398,2923.0,2926.0,green,1
J1556,I1942,4338.0,4342.0,green,2
J1556,I5633,17030.0,17032.0,green,1
J818,I8491,26319.0,26325.0,green,2
J818,I9419,28594.0,28596.0,green,2
J818,I9451,28662.0,28664.0,green,2
J4122,I8460,26239.0,26246.0,green,3
J4011,I4700,13641.0,13646.0,brown,1
J4011,I5725,17387.0,17392.0,green,1
J4011,I8125,25362.0,25366.0,green,1
J4011,I8509,26364.0,26365.0,green,1
J4011,I9725,29262.0,29264.0,green,1
J2171,I2935,7396.0,7403.0,green,3
J2171,I3399,9012.0,9025.0,green,1
J1187,I1821,3936.0,3938.0,brown,1
J1187,I7230,22689.0,22690.0,green,1
J1187,I7518,23583.0,23592.0,green,4
J4815,I919,1739.0,1742.0,brown,3
J4815,I9304,28347.0,28348.0,green,1
J4815,I9464,28703.0,28704.0,green,1
J320,I910,1705.0,1708.0,green,2
J320,I1038,2014.0,2015.0,green,1
J320,I1138,2257.0,2264.0,green,1
J4603,I2791,6927.0,6936.0,brown,6
J2164,I2910,7327.0,7329.0,green,1
J2164,I3486,9341.0,9363.0,green,4
J1424,I1045,2030.0,2032.0,green,2
J3425,I2363,5643.0,5644.0,brown,1
J3425,I5276,15830.0,15832.0,green,2
J3425,I8156,25453.0,25457.0,green,2
J3425,I9312,28365.0,28370.0,green,1
J2030,I2292,5446.0,5449.0,green,2
J2030,I2324,5534.0,5535.0,green,1
J2030,I2356,5624.0,5625.0,green,1
J2030,I5492,16497.0,16502.0,green,2
J648,I240,387.0,389.0,green,2
J648,I304,501.0,503.0,green,1
J648,I1584,3328.0,3329.0,green,1
J648,I3344,8806.0,8812.0,green,1
J4369,I3832,10604.0,10613.0,brown,1
J4369,I5145,15310.0,15313.0,green,2
J2230,I4656,13478.0,13481.0,green,3
J3734,I2847,7123.0,7124.0,brown,1
J3734,I3007,7657.0,7660.0,brown,2
J3734,I3904,10836.0,10840.0,green,1
J3734,I4992,14709.0,14710.0,green,1
J3734,I8545,26458.0,26463.0,green,1
J2652,I3755,10267.0,10275.0,green,2
J2652,I4779,13958.0,13970.0,green,2
J3495,I6050,18565.0,18570.0,green,2
J1683,I1315,2711.0,2712.0,green,1
J1683,I1539,3221.0,3222.0,green,1
J1683,I3171,8215.0,8223.0,green,1
J3075,I3334,8778.0,8780.0,green,1
J3075,I3622,9797.0,9801.0,green,1
J456,I5724,17384.0,17387.0,green,2
J456,I6332,19483.0,19489.0,green,1
J750,I2175,5114.0,5115.0,green,1
J750,I2207,5197.0,5203.0,green,4
J4739,I5597,16920.0,16927.0,brown,4
J4739,I7518,23583.0,23592.0,green,2
J49,I1401,2928.0,2934.0,green,2
J49,I1529,3198.0,3201.0,green,1
J49,I4377,12453.0,12454.0,green,1
J594,I8866,27283.0,27286.0,green,1
J1549,I2468,5970.0,5975.0,green,1
J1549,I2500,6078.0,6080.0,green,2
J1549,I2564,6286.0,6288.0,green,2
J334,I739,1339.0,1341.0,green,1
J334,I2499,6071.0,6078.0,green,5
J1811,I6911,21576.0,21578.0,green,1
J1811,I7015,21960.0,21967.0,green,1
J1811,I7815,24464.0,24474.0,green,4
J3239,I6186,18997.0,19000.0,brown,1
J3239,I6250,19218.0,19219.0,brown,1
J3239,I6282,19328.0,19330.0,brown,2
J3239,I9707,29228.0,29229.0,green,1
J2963,I4334,12308.0,12309.0,green,1
J2963,I7310,22950.0,22954.0,green,1
J2098,I2630,6469.0,6470.0,green,1
J2098,I2662,6567.0,6569.0,brown,1
J2098,I2822,7040.0,7041.0,brown,1
J2098,I3046,7768.0,7771.0,green,1
J2098,I3814,10522.0,10534.0,green,2
J3094,I9323,28387.0,28391.0,green,4
J3094,I9791,29388.0,29392.0,green,1
J2870,I4673,13535.0,13550.0,brown,3
J2870,I7106,22308.0,22310.0,green,1
J2307,I4253,12019.0,12024.0,green,2
J2161,I4147,11667.0,11670.0,green,1
J2161,I4211,11900.0,11904.0,green,1
J2161,I4339,12328.0,12330.0,green,1
J2161,I5139,15297.0,15298.0,green,1
J4729,I5425,16280.0,16283.0,green,3
J4729,I5457,16395.0,16399.0,green,3
J1173,I2901,7286.0,7294.0,brown,1
J1173,I4693,13610.0,13613.0,brown,2
J1173,I6870,21444.0,21445.0,green,1
J169,I575,973.0,974.0,green,1
J169,I735,1327.0,1328.0,green,1
J169,I2527,6170.0,6177.0,green,1
J4319,I5053,14954.0,14956.0,green,1
J4319,I5628,17017.0,17021.0,brown,1
J4319,I8157,25457.0,25463.0,green,1
J4467,I8050,25132.0,25137.0,brown,3
J4467,I8499,26344.0,26347.0,green,1
J2831,I7668,24019.0,24022.0,green,1
J2831,I8180,25518.0,25521.0,green,2
J2831,I8436,26164.0,26171.0,green,3
J1426,I2767,6824.0,6827.0,green,3
J1426,I2799,6954.0,6961.0,green,1
J1426,I2927,7378.0,7384.0,green,1
J1622,I5894,17995.0,18001.0,green,1
J1622,I8006,25011.0,25013.0,green,1
J4357,I5921,18079.0,18089.0,green,2
J4357,I5952,18231.0,18240.0,brown,1
J4357,I6529,20210.0,20215.0,green,1
J540,I1599,3357.0,3358.0,brown,1
J540,I7104,22294.0,22302.0,green,1
J540,I7908,24725.0,24730.0,green,1
J540,I8129,25373.0,25376.0,green,3
J1701,I3197,8300.0,8303.0,green,3
J1701,I3229,8410.0,8411.0,green,1
J1701,I3325,8746.0,8758.0,green,1
J1701,I4029,11251.0,11255.0,green,1
J4250,I8024,25052.0,25059.0,brown,2
J1835,I2163,5083.0,5087.0,green,4
J1835,I5943,18169.0,18182.0,green,2
J1991,I167,243.0,244.0,green,1
J1991,I359,588.0,589.0,brown,1
J1991,I423,696.0,699.0,brown,1
J1991,I2119,4919.0,4931.0,green,1
J2197,I3086,7900.0,7906.0,green,1
J2197,I3406,9063.0,9066.0,green,1
J101,I512,853.0,854.0,green,1
J101,I576,974.0,975.0,green,1
J101,I640,1109.0,1112.0,green,1
J101,I800,1486.0,1487.0,green,1
J101,I832,1561.0,1562.0,green,1
J101,I1184,2371.0,2374.0,green,1
J435,I801,1487.0,1488.0,green,1
J435,I833,1562.0,1565.0,green,1
J435,I865,1617.0,1619.0,green,1
J435,I1919,4265.0,4272.0,green,1
J2233,I1710,3636.0,3642.0,brown,1
J2233,I1743,3736.0,3737.0,green,1
J2233,I4817,14078.0,14089.0,green,1
J140,I3166,8194.0,8196.0,green,1
J140,I3838,10622.0,10625.0,green,1
J140,I6809,21187.0,21197.0,green,1
J896,I6828,21266.0,21270.0,green,1
J896,I7916,24748.0,24755.0,green,1
J896,I8524,26396.0,26399.0,green,2
J896,I8876,27309.0,27312.0,green,2
J4969,I9128,27893.0,27896.0,green,1
J4969,I9672,29156.0,29157.0,green,1
J4969,I9832,29463.0,29466.0,green,1
J4969,I9864,29526.0,29527.0,green,1
J209,I116,168.0,170.0,green,1
J209,I3153,8159.0,8161.0,green,1
J209,I3217,8363.0,8378.0,green,2
J2687,I1287,2642.0,2645.0,brown,1
J2687,I5000,14758.0,14769.0,green,1
J2687,I7688,24082.0,24084.0,green,2
J295,I2783,6895.0,6901.0,brown,1
J295,I3488,9367.0,9374.0,green,1
J295,I4800,14039.0,14042.0,green,2
J4898,I8215,25609.0,25614.0,brown,3
J4898,I9752,29309.0,29311.0,green,1
J4898,I10104,29921.0,29923.0,green,2
J1260,I3114,8024.0,8030.0,green,1
J1260,I3338,8787.0,8788.0,green,1
J1260,I3402,9038.0,9045.0,green,2
J1260,I3978,11061.0,11066.0,green,1
J2947,I4007,11167.0,11180.0,brown,2
J2947,I6120,18802.0,18806.0,green,1
J2947,I10088,29896.0,29897.0,green,1
J4020,I4668,13514.0,13520.0,green,1
J4020,I4699,13625.0,13641.0,brown,5
J3553,I5622,17002.0,17004.0,brown,2
J3553,I5783,17606.0,17610.0,green,1
J3553,I5846,17781.0,17784.0,brown,2
J3553,I6006,18413.0,18418.0,brown,1
J4024,I2596,6377.0,6380.0,brown,1
J4024,I9189,28067.0,28076.0,green,1
J4024,I9445,28643.0,28645.0,green,1
J4024,I9669,29148.0,29151.0,green,1
J4024,I9797,29400.0,29401.0,green,1
J2885,I3340,8789.0,8796.0,green,1
J2885,I6389,19672.0,19679.0,green,1
J2885,I6741,20944.0,20947.0,green,2
J2885,I6860,21398.0,21405.0,green,2
J2763,I4480,12755.0,12764.0,green,1
J2043,I3692,10033.0,10036.0,green,1
J1934,I1258,2559.0,2562.0,brown,1
J1934,I8555,26492.0,26496.0,green,1
J1934,I8919,27427.0,27430.0,green,1
J1160,I1183,2368.0,2371.0,green,1
J1160,I1247,2529.0,2533.0,green,1
J1160,I1503,3131.0,3132.0,green,1
J2489,I1273,2599.0,2603.0,brown,1
J2489,I1625,3417.0,3426.0,brown,2
J2489,I3162,8186.0,8187.0,green,1
J2489,I7514,23572.0,23577.0,green,2
J918,I2194,5160.0,5161.0,green,1
J918,I2290,5440.0,5445.0,green,1
J918,I2354,5615.0,5622.0,green,1
J918,I3633,9837.0,9839.0,green,1
J2090,I3673,9969.0,9977.0,green,6
J2210,I3120,8046.0,8047.0,green,1
J2210,I3152,8153.0,8159.0,green,1
J2210,I3856,10677.0,10682.0,green,2
J2210,I4336,12314.0,12322.0,green,1
J2210,I4592,13230.0,13240.0,green,1
J2700,I980,1878.0,1880.0,brown,2
J2700,I9301,28337.0,28344.0,green,1
J2206,I2980,7542.0,7547.0,brown,1
J2206,I4005,11159.0,11164.0,green,1
J2206,I5061,15001.0,15005.0,green,1
J2206,I7941,24835.0,24839.0,green,1
J3358,I4936,14505.0,14506.0,green,1
J3358,I5416,16243.0,16247.0,brown,1
J3358,I5640,17063.0,17071.0,green,1
J3358,I6728,20898.0,20906.0,brown,1
J75,I924,1748.0,1753.0,brown,2
J75,I1853,4046.0,4048.0,green,1
J75,I1885,4164.0,4165.0,green,1
J75,I6429,19839.0,19858.0,green,2
J98,I270,441.0,442.0,brown,1
J98,I1358,2818.0,2825.0,brown,1
J98,I3151,8150.0,8153.0,green,2
J98,I4623,13368.0,13374.0,green,1
J98,I7381,23163.0,23164.0,green,1
J403,I943,1793.0,1802.0,green,2
J403,I1519,3178.0,3179.0,green,1
J1319,I2232,5259.0,5268.0,green,1
J1319,I5136,15281.0,15292.0,green,1
J2631,I4123,11601.0,11603.0,brown,2
J2631,I4572,13144.0,13146.0,green,1
J2631,I5148,15317.0,15337.0,green,1
J2631,I7036,22033.0,22043.0,green,1
J3257,I3156,8167.0,8169.0,green,2
J4130,I1611,3389.0,3392.0,brown,1
J4130,I7916,24748.0,24755.0,green,2
J4130,I8652,26749.0,26752.0,green,3
J3182,I3635,9845.0,9858.0,green,2
J4612,I3434,9172.0,9178.0,brown,1
J4612,I3851,10660.0,10666.0,green,2
J2570,I4178,11767.0,11785.0,green,4
J438,I1004,1927.0,1930.0,brown,1
J3127,I2763,6814.0,6820.0,green,1
J4157,I4017,11201.0,11202.0,brown,1
J566,I3908,10851.0,10861.0,green,1
J566,I4260,12042.0,12045.0,green,1
J566,I6468,19968.0,19978.0,green,2
J1368,I1618,3404.0,3405.0,brown,1
J1368,I1810,3914.0,3916.0,brown,1
J1368,I6099,18721.0,18729.0,green,1
J1368,I6835,21288.0,21299.0,green,2
J1368,I7731,24204.0,24205.0,green,1
J577,I7015,21960.0,21967.0,green,1
J577,I8903,27384.0,27385.0,green,1
J2157,I3059,7807.0,7811.0,green,4
J326,I1805,3895.0,3906.0,green,6
J36,I499,825.0,828.0,green,1
J36,I2021,4610.0,4614.0,green,1
J36,I2047,4689.0,4703.0,green,2
J4254,I6608,20475.0,20481.0,green,1
J4254,I8624,26670.0,26672.0,green,2
J4254,I9280,28283.0,28284.0,green,1
J4254,I9296,28330.0,28333.0,green,1
J4254,I9424,28608.0,28610.0,green,1
J4411,I8964,27530.0,27532.0,green,2
J4411,I9188,28065.0,28067.0,green,1
J4411,I9332,28408.0,28414.0,green,1
J4411,I9428,28613.0,28614.0,green,1
J4411,I9636,29080.0,29084.0,green,1
J1985,I2889,7241.0,7245.0,brown,1
J1985,I4266,12056.0,12059.0,green,2
J1985,I6490,20066.0,20067.0,green,1
J1985,I6780,21084.0,21086.0,green,2
J3581,I4101,11537.0,11538.0,brown,1
J3581,I8926,27444.0,27448.0,green,1
J1362,I1510,3151.0,3155.0,brown,2
J1737,I1639,3456.0,3459.0,brown,1
J1737,I2663,6569.0,6572.0,brown,1
J1737,I3303,8674.0,8680.0,brown,2
J4204,I4199,11854.0,11858.0,brown,1
J4204,I4264,12050.0,12052.0,green,1
J4204,I5864,17863.0,17867.0,green,1
J4204,I6216,19098.0,19105.0,green,2
J4204,I8088,25236.0,25244.0,green,1
J2748,I2977,7534.0,7540.0,brown,1
J2748,I5746,17479.0,17489.0,green,1
J2748,I6562,20309.0,20321.0,green,2
J3956,I5718,17362.0,17370.0,green,2
J1894,I3682,9998.0,10005.0,green,6
J882,I1833,3979.0,3986.0,green,3
J882,I1865,4083.0,4085.0,green,1
J882,I1897,4189.0,4195.0,green,2
J253,I465,767.0,769.0,brown,1
J253,I4562,13081.0,13084.0,green,1
J1899,I3977,11060.0,11061.0,green,1
J1899,I6793,21118.0,21134.0,green,2
J2727,I4751,13843.0,13849.0,brown,1
J2727,I5072,15047.0,15052.0,green,2
J3361,I1331,2744.0,2754.0,brown,1
J3361,I2836,7083.0,7093.0,green,1
J3361,I4340,12330.0,12336.0,green,1
J3361,I7096,22253.0,22265.0,green,1
J4546,I4825,14120.0,14124.0,green,1
J4546,I6745,20956.0,20963.0,green,3
J1164,I2671,6584.0,6586.0,green,1
J1164,I2799,6954.0,6961.0,green,1
J1593,I2795,6945.0,6948.0,brown,3
J1593,I2859,7148.0,7159.0,brown,1
J1593,I3692,10033.0,10036.0,green,1
J1593,I4940,14527.0,14539.0,green,1
J889,I1433,2995.0,2996.0,green,1
J889,I4821,14100.0,14111.0,green,1
J2621,I3208,8333.0,8341.0,brown,1
J2621,I8329,25924.0,25926.0,green,2
J2621,I9129,27896.0,27905.0,green,1
J2621,I9225,28157.0,28165.0,green,1
J2145,I3196,8297.0,8300.0,green,2
J2145,I4540,13006.0,13008.0,green,1
J2145,I7004,21911.0,21919.0,green,1
J2145,I7516,23579.0,23580.0,green,1
J2145,I8640,26710.0,26712.0,green,1
J4338,I8345,25955.0,25959.0,green,4
J4338,I8361,25996.0,26000.0,brown,1
J3580,I6859,21382.0,21398.0,green,1
J3580,I9019,27654.0,27656.0,green,1
J3500,I2568,6300.0,6306.0,green,1
J3500,I4488,12783.0,12794.0,green,1
J3500,I7264,22806.0,22807.0,green,1
J1635,I2073,4764.0,4768.0,green,1
J1635,I2169,5099.0,5103.0,green,1
J1635,I2393,5755.0,5761.0,green,1
J4198,I1328,2741.0,2742.0,brown,1
J4198,I3249,8465.0,8470.0,green,1
J4198,I4688,13594.0,13599.0,brown,1
J4198,I5200,15555.0,15562.0,brown,2
J1221,I2253,5330.0,5331.0,green,1
J1221,I2701,6659.0,6666.0,green,1
J1517,I2994,7594.0,7604.0,green,4
J1517,I5682,17228.0,17237.0,green,1
J793,I770,1407.0,1408.0,green,1
J793,I802,1488.0,1492.0,green,1
J793,I1378,2873.0,2876.0,brown,1
J793,I1474,3068.0,3072.0,green,1
J793,I1538,3219.0,3221.0,green,1
J793,I2015,4580.0,4586.0,green,1
J3144,I5323,15994.0,16002.0,green,4
J3228,I843,1579.0,1581.0,brown,1
J3228,I2924,7366.0,7370.0,green,1
J3228,I4044,11311.0,11317.0,green,1
J3228,I4172,11735.0,11757.0,green,3
J4820,I9612,29022.0,29025.0,green,3
J4820,I9804,29408.0,29411.0,green,1
J4820,I9868,29536.0,29538.0,green,2
J1258,I8530,26415.0,26417.0,green,1
J1258,I8946,27488.0,27493.0,green,1
J1258,I9554,28897.0,28901.0,green,1
J1768,I2998,7612.0,7619.0,green,1
J1768,I3190,8264.0,8266.0,green,1
J1768,I3222,8387.0,8390.0,green,1
J1768,I3910,10862.0,10865.0,green,1
J931,I1425,2982.0,2984.0,green,2
J931,I1905,4214.0,4216.0,green,2
J931,I2545,6235.0,6239.0,green,1
J2360,I2562,6283.0,6285.0,green,1
J2360,I2914,7340.0,7341.0,green,1
J2360,I3042,7754.0,7755.0,green,1
J625,I827,1550.0,1552.0,brown,1
J625,I956,1829.0,1831.0,green,1
J625,I1148,2285.0,2288.0,green,1
J625,I3480,9315.0,9318.0,green,3
J229,I4766,13903.0,13921.0,green,2
J1573,I2873,7186.0,7191.0,brown,5
J1573,I3161,8178.0,8186.0,brown,1
J529,I1344,2785.0,2787.0,brown,1
J529,I5153,15349.0,15354.0,green,1
J529,I6625,20525.0,20526.0,green,1
J529,I7329,23043.0,23049.0,green,3
J2521,I1450,3028.0,3029.0,brown,1
J2521,I3979,11066.0,11068.0,green,1
J2521,I6715,20825.0,20837.0,green,1
J1917,I2259,5339.0,5340.0,green,1
J1917,I2803,6982.0,6986.0,green,2
J1917,I4341,12336.0,12342.0,green,1
J1917,I5075,15079.0,15084.0,green,1
J426,I1334,2756.0,2760.0,brown,1
J426,I9783,29368.0,29374.0,green,1
J4919,I8281,25797.0,25801.0,brown,1
J4919,I9306,28349.0,28351.0,green,1
J4919,I9754,29313.0,29315.0,green,1
J4919,I9822,29444.0,29446.0,green,2
J2737,I2481,6003.0,6008.0,green,1
J2737,I5041,14916.0,14923.0,green,2
J1502,I1469,3061.0,3063.0,green,2
J1502,I1533,3206.0,3207.0,green,1
J1502,I1565,3288.0,3292.0,green,3
J2881,I2588,6352.0,6361.0,green,1
J2881,I7884,24658.0,24661.0,green,1
J2642,I2644,6521.0,6525.0,green,3
J2642,I3892,10794.0,10797.0,green,1
J2642,I7128,22396.0,22398.0,green,1
J1326,I2996,7606.0,7611.0,green,1
J1326,I3027,7709.0,7712.0,brown,2
J396,I360,589.0,593.0,brown,1
J396,I1288,2645.0,2649.0,brown,1
J2211,I4590,13218.0,13225.0,green,1
J2211,I4685,13585.0,13589.0,brown,1
J2211,I5902,18017.0,18019.0,green,2
J2211,I6958,21732.0,21741.0,green,1
J4808,I4197,11846.0,11849.0,brown,3
J4808,I4389,12491.0,12495.0,brown,1
J389,I1164,2320.0,2323.0,green,3
J389,I1580,3323.0,3324.0,green,1
J3104,I5537,16671.0,16672.0,brown,1
J3104,I5953,18240.0,18242.0,brown,2
J3104,I8898,27370.0,27375.0,green,2
J3786,I2311,5498.0,5504.0,brown,2
J3786,I5640,17063.0,17071.0,green,1
J4511,I6044,18543.0,18547.0,brown,4
J758,I1075,2096.0,2097.0,brown,1
J758,I7220,22665.0,22669.0,green,1
J758,I8500,26347.0,26349.0,green,1
J758,I8916,27413.0,27417.0,green,1
J2333,I2390,5746.0,5748.0,brown,1
J2333,I2487,6028.0,6032.0,green,4
J2333,I7623,23901.0,23907.0,green,1
J1397,I2265,5355.0,5357.0,green,1
J1397,I2361,5638.0,5642.0,green,3
J1397,I2393,5755.0,5761.0,green,1
J1397,I3353,8834.0,8851.0,green,1
J4404,I6100,18729.0,18734.0,green,2
J3507,I8465,26253.0,26257.0,green,1
J3507,I8657,26761.0,26770.0,green,2
J4323,I4553,13037.0,13039.0,brown,2
J1294,I6916,21592.0,21599.0,green,2
J3305,I6126,18822.0,18827.0,green,1
J3305,I7406,23257.0,23267.0,green,3
J4016,I6056,18590.0,18598.0,brown,2
J4016,I6153,18889.0,18891.0,green,1
J4016,I7977,24931.0,24934.0,green,1
J3132,I2993,7591.0,7594.0,green,2
J3132,I8113,25334.0,25337.0,green,2
J3052,I4007,11167.0,11180.0,brown,3
J4154,I5177,15448.0,15454.0,green,1
J4154,I7881,24650.0,24653.0,green,1
J4154,I9633,29073.0,29076.0,green,1
J3105,I3764,10304.0,10309.0,green,3
J3105,I3796,10436.0,10439.0,green,1
J3105,I3859,10685.0,10688.0,brown,1
J3105,I5108,15196.0,15201.0,green,1
J4302,I5352,16077.0,16081.0,brown,2
J4302,I5512,16569.0,16576.0,brown,2
J4302,I9129,27896.0,27905.0,green,1
J3834,I2172,5107.0,5110.0,green,3
J3834,I7388,23197.0,23198.0,green,1
J3753,I2750,6793.0,6798.0,brown,1
J3753,I2782,6890.0,6895.0,brown,1
J3753,I5183,15476.0,15480.0,green,1
J3753,I6559,20301.0,20307.0,green,2
J1359,I697,1245.0,1246.0,brown,1
J1359,I1402,2934.0,2937.0,green,2
J1359,I1625,3417.0,3426.0,brown,2
J2322,I2619,6437.0,6442.0,brown,3
J2322,I3676,9980.0,9985.0,green,2
J2322,I8332,25929.0,25931.0,green,1
J1637,I1944,4348.0,4355.0,green,4
J1637,I3352,8832.0,8834.0,green,2
J1772,I1538,3219.0,3221.0,green,1
J1772,I3554,9552.0,9564.0,green,1
J1404,I2174,5113.0,5114.0,green,1
J1404,I2334,5552.0,5559.0,green,3
J1404,I5926,18101.0,18103.0,green,2
J1989,I628,1086.0,1089.0,brown,2
J1989,I9781,29362.0,29365.0,green,1
J1989,I10077,29878.0,29880.0,green,1
J1989,I10085,29888.0,29892.0,green,1
J1749,I3325,8746.0,8758.0,green,3
J1752,I2823,7041.0,7044.0,brown,1
J1752,I6952,21717.0,21718.0,green,1
J1752,I9640,29088.0,29090.0,green,1
J1752,I9712,29238.0,29242.0,green,2
J1752,I9976,29722.0,29723.0,green,1
J3740,I6251,19219.0,19228.0,brown,1
J3740,I6252,19228.0,19234.0,green,2
J3032,I2668,6580.0,6581.0,brown,1
J3032,I5101,15169.0,15180.0,green,1
J1001,I2196,5163.0,5164.0,green,1
J1001,I2292,5446.0,5449.0,green,1
J1001,I3124,8065.0,8068.0,green,2
J1001,I3249,8465.0,8470.0,green,1
J3637,I2282,5402.0,5405.0,brown,2
J3637,I3979,11066.0,11068.0,green,1
J3637,I4619,13342.0,13351.0,green,1
J3637,I8651,26746.0,26749.0,green,1
J3637,I8801,27125.0,27126.0,green,1
J133,I574,972.0,973.0,green,1
J133,I638,1103.0,1107.0,green,3
J133,I862,1613.0,1614.0,brown,1
J3474,I6708,20806.0,20807.0,green,1
J3474,I7188,22565.0,22571.0,green,1
J3474,I7840,24534.0,24537.0,green,1
J4238,I4133,11629.0,11631.0,brown,2
J4238,I4357,12398.0,12400.0,brown,1
J4238,I4582,13188.0,13190.0,green,1
J4238,I7494,23523.0,23524.0,green,1
J4238,I7854,24579.0,24587.0,green,1
J2201,I3985,11080.0,11089.0,green,1
J1597,I1880,4142.0,4149.0,green,4
J4618,I7116,22344.0,22359.0,green,4
J3448,I5857,17816.0,17818.0,brown,1
J3448,I6914,21581.0,21589.0,green,3
J3448,I7490,23509.0,23519.0,green,1
J2108,I4012,11187.0,11188.0,green,1
J2108,I4044,11311.0,11317.0,green,2
J332,I1027,1971.0,1981.0,green,1
J332,I3331,8771.0,8775.0,green,1
J332,I3635,9845.0,9858.0,green,1
J4675,I3618,9782.0,9788.0,brown,1
J4675,I6531,20216.0,20221.0,green,2
J4675,I7555,23673.0,23674.0,green,1
J4675,I9187,28062.0,28065.0,green,1
J4675,I9383,28511.0,28515.0,green,1
J3835,I5059,14995.0,14997.0,green,1
J3835,I5155,15355.0,15357.0,green,1
J3835,I5635,17037.0,17046.0,green,1
J97,I3310,8691.0,8694.0,green,3
J97,I3374,8916.0,8917.0,green,1
J97,I4590,13218.0,13225.0,green,1
J97,I5742,17456.0,17461.0,green,1
J3602,I4732,13766.0,13769.0,brown,1
J3602,I6429,19839.0,19858.0,green,1
J3602,I6973,21787.0,21790.0,green,2
J4727,I5988,18353.0,18361.0,green,1
J4727,I7012,21951.0,21956.0,green,1
J4727,I8548,26466.0,26473.0,green,2
J4727,I9844,29490.0,29493.0,green,2
J4306,I6235,19174.0,19179.0,brown,3
J4306,I7419,23309.0,23314.0,brown,2
J4306,I8508,26360.0,26364.0,green,1
J3824,I1651,3487.0,3495.0,brown,1
J3824,I8628,26681.0,26683.0,green,1
J1396,I2972,7513.0,7515.0,green,1
J1396,I6492,20076.0,20085.0,green,1
J1396,I6816,21219.0,21223.0,green,1
J1417,I1653,3496.0,3501.0,brown,1
J1417,I3285,8587.0,8596.0,brown,1
J1417,I7638,23946.0,23953.0,green,1
J1417,I8630,26687.0,26690.0,green,2
J885,I1050,2038.0,2041.0,green,1
J1866,I491,815.0,817.0,green,2
J1866,I779,1428.0,1437.0,green,2
J1866,I1899,4198.0,4203.0,green,1
J1866,I3627,9815.0,9819.0,green,1
J751,I2846,7118.0,7123.0,brown,2
J751,I6207,19061.0,19071.0,green,1
J751,I7039,22053.0,22054.0,green,1
J751,I8223,25640.0,25645.0,green,1
J3152,I8268,25758.0,25772.0,green,1
J3152,I9676,29163.0,29164.0,green,1
J3152,I9836,29474.0,29477.0,green,1
J4095,I4438,12645.0,12648.0,brown,2
J4095,I4791,14010.0,14013.0,green,1
J4095,I8567,26519.0,26521.0,green,1
J4095,I9369,28487.0,28489.0,green,1
J4095,I9433,28619.0,28621.0,green,1
J2099,I3295,8629.0,8634.0,brown,1
J2099,I3904,10836.0,10840.0,green,1
J2099,I5984,18341.0,18349.0,green,1
J2099,I8384,26056.0,26058.0,green,1
J1440,I653,1150.0,1153.0,green,2
J1440,I1197,2401.0,2405.0,green,1
J4172,I5320,15988.0,15990.0,brown,2
J4172,I5416,16243.0,16247.0,brown,1
J4172,I5993,18381.0,18386.0,green,1
J4172,I8105,25293.0,25305.0,green,1
J4988,I3740,10221.0,10224.0,brown,2
J4988,I9853,29507.0,29509.0,green,1
J4988,I9949,29677.0,29678.0,green,1
J4988,I10061,29857.0,29859.0,green,1
J4988,I10145,29980.0,29981.0,green,1
J2334,I2284,5410.0,5422.0,brown,1
J2334,I3981,11069.0,11074.0,green,1
J2334,I8669,26801.0,26805.0,green,2
J583,I1100,2154.0,2160.0,brown,1
J583,I5101,15169.0,15180.0,green,1
J583,I7213,22639.0,22646.0,green,2
J1170,I3195,8289.0,8297.0,green,2
J668,I3344,8806.0,8812.0,green,1
J668,I3888,10771.0,10772.0,green,1
J668,I5729,17400.0,17402.0,green,1
J3098,I5001,14769.0,14772.0,green,3
J2883,I8309,25874.0,25879.0,green,2
J3529,I3503,9412.0,9416.0,brown,1
J3529,I8336,25938.0,25943.0,green,1
J3529,I8656,26758.0,26761.0,green,1
J3529,I9008,27629.0,27632.0,green,1
J2406,I2271,5371.0,5372.0,green,1
J2406,I5863,17853.0,17863.0,green,1
J2566,I3755,10267.0,10275.0,green,1
J2566,I4619,13342.0,13351.0,green,1
J2566,I6219,19110.0,19114.0,green,1
J833,I2280,5395.0,5396.0,brown,1
J833,I3208,8333.0,8341.0,brown,1
J833,I3817,10538.0,10542.0,green,1
J833,I5385,16175.0,16182.0,green,1
J266,I4668,13514.0,13520.0,green,3
J266,I4920,14455.0,14460.0,green,1
J4852,I7730,24202.0,24204.0,green,2
J4852,I8946,27488.0,27493.0,green,3
J3673,I6956,21724.0,21726.0,green,1
J3673,I7180,22545.0,22546.0,green,1
J3673,I8268,25758.0,25772.0,green,1
J3673,I9228,28173.0,28179.0,green,3
J3473,I7350,23097.0,23101.0,green,3
J1615,I2846,7118.0,7123.0,brown,1
J1615,I3455,9246.0,9250.0,green,1
J1615,I5919,18076.0,18078.0,green,1
J4132,I7563,23696.0,23700.0,green,4
J770,I1303,2677.0,2682.0,brown,2
J770,I1719,3665.0,3669.0,brown,1
J770,I5464,16416.0,16417.0,green,1
J770,I8168,25481.0,25482.0,green,1
J770,I8984,27584.0,27585.0,green,1
J3901,I6533,20222.0,20226.0,green,3
J3901,I7525,23606.0,23610.0,green,1
J3901,I8005,24996.0,25011.0,green,1
J204,I217,345.0,346.0,green,1
J204,I569,963.0,965.0,green,2
J204,I633,1095.0,1097.0,green,1
J204,I1945,4355.0,4360.0,green,2
J1251,I1685,3567.0,3568.0,green,1
J1251,I1781,3842.0,3847.0,green,1
J1251,I5589,16863.0,16872.0,green,2
J2007,I3569,9629.0,9633.0,green,4
J2007,I5073,15052.0,15064.0,green,2
J4184,I5251,15754.0,15757.0,green,3
J4184,I5315,15971.0,15972.0,green,1
J4184,I8627,26677.0,26681.0,green,1
J4184,I8963,27528.0,27530.0,green,1
J646,I1003,1925.0,1927.0,brown,1
J646,I4172,11735.0,11757.0,green,1
J646,I7392,23222.0,23224.0,green,1
J646,I7468,23464.0,23465.0,green,1
J3910,I8749,27017.0,27020.0,green,1
J3910,I9549,28887.0,28888.0,green,1
J2199,I3941,10952.0,10954.0,brown,1
J2199,I6950,21707.0,21713.0,green,1
J2199,I7822,24486.0,24487.0,green,1
J401,I4622,13353.0,13368.0,green,1
J401,I6670,20650.0,20656.0,green,1
J401,I7605,23838.0,23843.0,green,1
J401,I7614,23879.0,23883.0,green,1
J4426,I8443,26193.0,26195.0,green,2
J4426,I8539,26441.0,26444.0,green,2
J4426,I8635,26699.0,26702.0,green,2
J1042,I388,635.0,638.0,green,2
J1042,I516,861.0,863.0,green,2
J1042,I612,1054.0,1055.0,green,1
J1042,I772,1413.0,1417.0,green,1
J3076,I4818,14089.0,14093.0,green,4
J3076,I7858,24591.0,24595.0,green,1
J2441,I4251,12016.0,12018.0,green,2
J2441,I5147,15315.0,15317.0,green,1
J2441,I5819,17698.0,17702.0,green,3
J1152,I2901,7286.0,7294.0,brown,3
J3992,I5061,15001.0,15005.0,green,1
J3992,I7685,24071.0,24078.0,green,2
J3826,I2860,7159.0,7164.0,brown,2
J3826,I3596,9696.0,9704.0,brown,2
J3826,I7213,22639.0,22646.0,green,1
J69,I4086,11482.0,11493.0,green,4
J69,I6294,19363.0,19376.0,green,1
J69,I6390,19679.0,19682.0,green,1
J3579,I3739,10217.0,10221.0,brown,2
J3579,I5148,15317.0,15337.0,green,1
J3579,I7004,21911.0,21919.0,green,1
J2860,I8169,25482.0,25484.0,green,1
J2860,I8489,26308.0,26318.0,green,1
J430,I668,1188.0,1190.0,green,1
J430,I699,1249.0,1252.0,brown,1
J430,I732,1321.0,1322.0,green,1
J1217,I349,575.0,576.0,green,1
J1217,I509,845.0,848.0,green,2
J1217,I2557,6273.0,6274.0,green,1
J4642,I4675,13551.0,13552.0,brown,1
J4642,I8996,27607.0,27609.0,green,1
J1952,I3662,9920.0,9924.0,green,2
J1952,I5166,15394.0,15404.0,green,2
J3250,I3921,10891.0,10899.0,brown,1
J3250,I5170,15413.0,15418.0,green,1
J3250,I6386,19655.0,19663.0,green,1
J3250,I8530,26415.0,26417.0,green,1
J3250,I8690,26865.0,26867.0,green,1
J3250,I8866,27283.0,27286.0,green,1
J1735,I2814,7028.0,7032.0,green,1
J1735,I2974,7522.0,7524.0,green,2
J2241,I2733,6745.0,6753.0,brown,1
J2520,I1852,4042.0,4046.0,green,1
J2520,I1884,4163.0,4164.0,green,1
J2520,I1948,4375.0,4376.0,green,1
J2520,I2012,4572.0,4575.0,green,1
J2520,I5148,15317.0,15337.0,green,1
J2520,I5596,16914.0,16920.0,green,1
J2630,I1379,2876.0,2880.0,brown,1
J2630,I2531,6187.0,6194.0,brown,1
J1068,I49,70.0,72.0,green,1
J1068,I1936,4319.0,4322.0,brown,1
J1068,I2769,6835.0,6850.0,green,1
J1068,I4048,11326.0,11333.0,brown,1
J4697,I7025,22003.0,22008.0,green,1
J4697,I9009,27632.0,27635.0,green,1
J4933,I9982,29729.0,29732.0,green,2
J4933,I10094,29910.0,29911.0,green,1
J3832,I4779,13958.0,13970.0,green,1
J3832,I9149,27938.0,27949.0,green,2
J4781,I8098,25264.0,25275.0,green,3
J4781,I9250,28213.0,28215.0,green,2
J4781,I9682,29179.0,29184.0,green,1
J3795,I5198,15553.0,15554.0,brown,1
J3795,I5262,15788.0,15791.0,brown,1
J3795,I6799,21158.0,21164.0,green,2
J3795,I7265,22807.0,22810.0,green,1
J2479,I5230,15665.0,15674.0,green,1
J2479,I9294,28319.0,28329.0,green,5
J2612,I6358,19561.0,19563.0,green,1
J2612,I9537,28856.0,28861.0,green,1
J287,I369,605.0,607.0,brown,2
J287,I1809,3911.0,3914.0,brown,3
J287,I7106,22308.0,22310.0,green,1
J2367,I1422,2974.0,2977.0,brown,1
J2367,I4975,14659.0,14664.0,green,2
J2367,I5943,18169.0,18182.0,green,3
J947,I3994,11118.0,11122.0,green,2
J947,I6266,19280.0,19289.0,green,1
J2128,I4580,13183.0,13185.0,green,2
J2128,I5188,15510.0,15517.0,green,1
J2128,I6916,21592.0,21599.0,green,1
J2128,I7637,23942.0,23946.0,green,1
J2617,I5512,16569.0,16576.0,brown,3
J3705,I5891,17972.0,17979.0,green,2
J3705,I5987,18352.0,18353.0,green,1
J3705,I8435,26159.0,26164.0,green,1
J4375,I6323,19457.0,19459.0,brown,1
J4375,I6420,19793.0,19804.0,green,1
J168,I634,1097.0,1099.0,green,1
J168,I1082,2106.0,2108.0,green,1
J168,I1210,2436.0,2440.0,green,2
J168,I1242,2516.0,2518.0,green,1
J168,I2330,5543.0,5544.0,green,1
J1376,I1829,3960.0,3961.0,green,1
J1376,I2021,4610.0,4614.0,green,1
J4312,I8506,26358.0,26359.0,green,1
J4746,I5465,16417.0,16424.0,brown,1
J4746,I6170,18947.0,18951.0,green,1
J4746,I9626,29055.0,29059.0,green,1
J4746,I9726,29264.0,29269.0,green,1
J3285,I4018,11202.0,11204.0,brown,1
J3285,I4083,11458.0,11469.0,green,1
J3285,I5459,16401.0,16405.0,green,1
J3285,I7027,22012.0,22016.0,green,2
J1366,I9173,28025.0,28026.0,green,1
J1366,I9301,28337.0,28344.0,green,1
J1860,I1676,3551.0,3553.0,green,1
J1860,I1868,4090.0,4097.0,green,1
J1860,I2859,7148.0,7159.0,brown,1
J767,I1840,4001.0,4002.0,green,1
J767,I1904,4210.0,4214.0,green,3
J767,I2768,6827.0,6835.0,green,2
J3884,I5353,16081.0,16082.0,brown,1
J3884,I5546,16699.0,16708.0,green,1
J3884,I7018,21979.0,21981.0,green,1
J3884,I7934,24815.0,24823.0,green,1
J3780,I5589,16863.0,16872.0,green,2
J2320,I4282,12113.0,12118.0,green,2
J2320,I5465,16417.0,16424.0,brown,1
J2320,I6812,21201.0,21203.0,green,1
J1018,I840,1572.0,1576.0,brown,1
J1018,I1128,2231.0,2234.0,brown,1
J1018,I9257,28227.0,28230.0,green,1
J1018,I9321,28382.0,28385.0,green,1
J76,I571,966.0,970.0,green,2
J76,I1403,2937.0,2945.0,green,1
J76,I1919,4265.0,4272.0,green,2
J3169,I3831,10601.0,10604.0,brown,2
J3169,I3960,11016.0,11018.0,green,1
J3169,I4056,11362.0,11364.0,green,2
J3169,I6504,20127.0,20135.0,green,1
J3069,I3247,8459.0,8463.0,green,1
J3069,I4719,13700.0,13710.0,green,5
J4683,I7582,23761.0,23765.0,green,3
J4683,I7710,24150.0,24151.0,green,1
J4683,I9662,29139.0,29140.0,green,1
J1849,I3494,9387.0,9388.0,brown,1
J1849,I3687,10026.0,10027.0,green,1
J1849,I3911,10865.0,10868.0,green,3
J1849,I4104,11542.0,11545.0,brown,1
J4735,I8005,24996.0,25011.0,green,1
J2096,I2433,5864.0,5865.0,green,1
J2096,I3169,8206.0,8208.0,green,1
J2096,I5009,14791.0,14794.0,green,1
J2096,I5745,17465.0,17479.0,green,1
J2096,I6977,21796.0,21800.0,green,1
J462,I1196,2400.0,2401.0,green,1
J462,I1292,2652.0,2653.0,green,1
J462,I1388,2898.0,2899.0,green,1
J462,I1996,4513.0,4518.0,green,1
J462,I2204,5185.0,5193.0,green,1
J1692,I1615,3400.0,3401.0,brown,1
J1692,I2192,5156.0,5159.0,green,1
J443,I1228,2473.0,2474.0,brown,1
J443,I1261,2567.0,2570.0,green,3
J443,I1357,2814.0,2818.0,green,2
J2402,I3078,7875.0,7878.0,brown,2
J2402,I3271,8530.0,8536.0,green,3
J3720,I6743,20951.0,20954.0,green,3
J3240,I8268,25758.0,25772.0,green,5
J4133,I4583,13190.0,13194.0,green,2
J1585,I1103,2163.0,2166.0,green,3
J1585,I1199,2407.0,2410.0,green,1
J1412,I3992,11112.0,11117.0,green,1
J1412,I6472,19987.0,19998.0,green,3
J683,I2228,5253.0,5254.0,green,1
J683,I3892,10794.0,10797.0,green,2
J4725,I7508,23555.0,23557.0,brown,2
J4725,I7540,23634.0,23637.0,brown,1
J4725,I8917,27417.0,27420.0,green,2
J4725,I9981,29728.0,29729.0,green,1
J1224,I2837,7093.0,7095.0,green,2
J1224,I2933,7393.0,7395.0,green,1
J1224,I2973,7515.0,7522.0,green,2
J4203,I2541,6218.0,6223.0,brown,1
J4203,I2733,6745.0,6753.0,brown,1
J4203,I8622,26659.0,26668.0,green,3
J4203,I9326,28393.0,28396.0,green,1
J3238,I2804,6986.0,6989.0,green,3
J569,I1065,2068.0,2071.0,brown,1
J569,I3050,7785.0,7793.0,green,3
J569,I6620,20511.0,20514.0,green,2
J1032,I2309,5490.0,5492.0,green,2
J1032,I2373,5670.0,5676.0,green,4
J4448,I7482,23484.0,23485.0,brown,1
J4448,I7770,24329.0,24333.0,brown,1
J740,I5550,16712.0,16729.0,green,2
J740,I6574,20348.0,20356.0,green,3
J1000,I901,1686.0,1691.0,green,1
J4934,I4850,14219.0,14222.0,brown,2
J4934,I9427,28612.0,28613.0,green,1
J4934,I10105,29923.0,29924.0,green,1
J4419,I4537,12988.0,13003.0,green,2
J2904,I4630,13388.0,13396.0,green,2
J2904,I5110,15202.0,15208.0,green,2
J2904,I6390,19679.0,19682.0,green,1
J4006,I6436,19881.0,19883.0,green,1
J4006,I8548,26466.0,26473.0,green,2
J3024,I4299,12171.0,12174.0,green,3
J3024,I4491,12802.0,12814.0,green,2
J2095,I497,823.0,824.0,green,1
J2095,I689,1230.0,1233.0,green,1
J2095,I785,1454.0,1455.0,green,1
J2095,I4529,12951.0,12955.0,green,2
J283,I1039,2015.0,2016.0,green,1
J283,I1935,4317.0,4319.0,brown,1
J283,I2831,7066.0,7067.0,green,1
J1275,I3105,7984.0,7992.0,green,1
J1275,I3841,10634.0,10636.0,green,2
J1275,I4513,12876.0,12885.0,green,1
J3663,I5874,17893.0,17909.0,green,1
J3663,I6837,21302.0,21309.0,green,1
J3097,I4867,14273.0,14275.0,green,2
J1095,I1671,3544.0,3545.0,green,1
J1095,I1895,4185.0,4188.0,green,3
J1095,I1959,4405.0,4406.0,green,1
J782,I1061,2063.0,2064.0,green,1
J782,I1349,2794.0,2796.0,green,1
J782,I1733,3710.0,3715.0,green,2
J3332,I2980,7542.0,7547.0,brown,1
J3332,I8997,27609.0,27614.0,green,1
J4692,I5232,15676.0,15678.0,brown,1
J4692,I5392,16192.0,16194.0,brown,1
J815,I1400,2927.0,2928.0,green,1
J815,I3320,8716.0,8721.0,green,2
J4021,I1455,3035.0,3038.0,brown,2
J4021,I3856,10677.0,10682.0,green,1
J4021,I6928,21637.0,21640.0,green,3
J4170,I5921,18079.0,18089.0,green,1
J4170,I7137,22432.0,22436.0,green,1
J4170,I7745,24242.0,24253.0,green,1
J3433,I6724,20873.0,20892.0,green,6
J1191,I1639,3456.0,3459.0,brown,1
J1191,I1703,3610.0,3613.0,brown,2
J1191,I5480,16464.0,16465.0,green,1
J1191,I8008,25017.0,25019.0,green,1
J1147,I1996,4513.0,4518.0,green,2
J1147,I4172,11735.0,11757.0,green,2
J1147,I5136,15281.0,15292.0,green,1
J2787,I3991,11107.0,11112.0,green,5
J2787,I4055,11353.0,11362.0,green,1
J1974,I2738,6759.0,6762.0,brown,1
J1974,I2899,7275.0,7285.0,green,4
J1974,I3987,11090.0,11097.0,green,1
J1255,I5590,16872.0,16873.0,green,1
J472,I1740,3729.0,3733.0,green,2
J472,I2476,5997.0,5998.0,green,1
J472,I2556,6270.0,6273.0,green,1
J2960,I6019,18451.0,18458.0,green,4
J2584,I2354,5615.0,5622.0,green,1
J2584,I4305,12198.0,12207.0,brown,1
J2584,I7314,22975.0,22989.0,green,1
J249,I224,359.0,361.0,brown,1
J249,I5889,17969.0,17971.0,green,1
J249,I7233,22700.0,22704.0,green,2
J323,I755,1373.0,1375.0,green,2
J323,I2899,7275.0,7285.0,green,1
J4947,I1590,3339.0,3340.0,brown,1
J4947,I1654,3501.0,3502.0,brown,1
J4947,I7511,23560.0,23565.0,green,2
J801,I866,1619.0,1621.0,green,1
J801,I1186,2375.0,2378.0,green,1
J801,I2146,4999.0,5010.0,green,4
J1765,I1373,2861.0,2868.0,brown,1
J1765,I6526,20193.0,20203.0,green,1
J1765,I7582,23761.0,23765.0,green,1
J1765,I9790,29387.0,29388.0,green,1
J1765,I10062,29859.0,29861.0,green,1
J1765,I10070,29870.0,29872.0,green,1
J1992,I7809,24439.0,24446.0,green,2
J1992,I8337,25943.0,25945.0,green,1
J2929,I4242,11978.0,11979.0,brown,1
J2929,I4306,12207.0,12209.0,brown,2
J2929,I4370,12427.0,12432.0,brown,1
J2929,I9783,29368.0,29374.0,green,1
J2906,I4263,12049.0,12050.0,green,1
J2906,I5895,18001.0,18003.0,green,2
J834,I2127,4948.0,4952.0,green,3
J834,I4655,13471.0,13478.0,green,1
J834,I5199,15554.0,15555.0,green,1
J3525,I6526,20193.0,20203.0,green,1
J3525,I6574,20348.0,20356.0,green,2
J3525,I6718,20843.0,20848.0,green,1
J3525,I6814,21207.0,21213.0,green,1
J346,I799,1479.0,1486.0,green,5
J1361,I650,1136.0,1146.0,green,1
J1361,I714,1278.0,1279.0,green,1
J1361,I906,1696.0,1698.0,green,1
J1361,I3978,11061.0,11066.0,green,1
J2038,I2910,7327.0,7329.0,green,1
J927,I650,1136.0,1146.0,green,4
J927,I3050,7785.0,7793.0,green,1
J2501,I5012,14804.0,14816.0,brown,4
J2501,I5189,15517.0,15524.0,green,1
J3760,I2037,4651.0,4653.0,brown,2
J3760,I2133,4967.0,4969.0,brown,1
J3760,I8182,25523.0,25526.0,green,1
J684,I1364,2835.0,2837.0,green,1
J684,I1428,2986.0,2988.0,green,1
J684,I1844,4012.0,4013.0,green,1
J684,I2484,6017.0,6026.0,green,3
J3775,I2899,7275.0,7285.0,green,1
J3775,I3795,10435.0,10436.0,green,1
J3775,I4083,11458.0,11469.0,green,1
J3775,I5075,15079.0,15084.0,green,1
J3775,I6835,21288.0,21299.0,green,1
J3775,I7131,22404.0,22408.0,green,1
J3545,I4055,11353.0,11362.0,green,4
J4588,I6210,19075.0,19085.0,green,6
J4355,I7218,22657.0,22663.0,green,3
J276,I761,1387.0,1388.0,green,1
J276,I1881,4149.0,4159.0,green,2
J276,I2553,6263.0,6265.0,green,1
J276,I2681,6621.0,6624.0,green,1
J276,I3001,7630.0,7642.0,green,1
J3963,I4059,11375.0,11377.0,brown,2
J3963,I4092,11506.0,11509.0,green,1
J3963,I4187,11815.0,11820.0,brown,1
J3300,I4751,13843.0,13849.0,brown,2
J3300,I5424,16278.0,16280.0,green,2
J2633,I771,1408.0,1413.0,green,5
J4847,I7594,23787.0,23794.0,brown,1
J4847,I7947,24850.0,24853.0,green,1
J4847,I8043,25110.0,25111.0,green,1
J4847,I8139,25406.0,25411.0,green,2
J4847,I9803,29407.0,29408.0,green,1
J4910,I3544,9525.0,9528.0,brown,2
J3218,I3706,10080.0,10081.0,green,1
J3218,I3994,11118.0,11122.0,green,2
J3218,I4122,11597.0,11601.0,brown,2
J2181,I2770,6850.0,6853.0,green,2
J2181,I2930,7388.0,7390.0,green,2
J2181,I5682,17228.0,17237.0,green,2
J3624,I2657,6553.0,6555.0,brown,1
J3624,I3041,7750.0,7754.0,brown,1
J3624,I3073,7857.0,7858.0,brown,1
J3624,I4930,14479.0,14482.0,green,1
J3624,I8862,27271.0,27274.0,green,1
J3624,I8866,27283.0,27286.0,green,1
J3575,I2283,5405.0,5410.0,brown,1
J3575,I2859,7148.0,7159.0,brown,1
J3575,I7212,22632.0,22639.0,green,3
J3575,I7572,23722.0,23732.0,green,1
J3628,I4871,14296.0,14305.0,green,1
J3628,I4999,14755.0,14758.0,green,3
J3628,I8953,27509.0,27511.0,green,1
J3225,I1593,3345.0,3346.0,brown,1
J3225,I5658,17153.0,17158.0,green,3
J1445,I1034,2000.0,2001.0,green,1
J1445,I1578,3317.0,3322.0,green,3
J1445,I3914,10871.0,10877.0,green,1
J1445,I4624,13374.0,13376.0,green,1
J3584,I4833,14149.0,14154.0,brown,2
J3584,I6914,21581.0,21589.0,green,2
J4150,I2650,6532.0,6536.0,brown,1
J4150,I8219,25628.0,25637.0,green,5
J2613,I984,1886.0,1888.0,brown,1
J2613,I1720,3669.0,3674.0,brown,1
J4862,I6639,20561.0,20565.0,green,1
J4862,I9071,27763.0,27765.0,green,2
J4862,I9423,28606.0,28608.0,green,1
J4862,I10031,29810.0,29812.0,green,1
J4862,I10099,29915.0,29916.0,green,1
J1595,I687,1226.0,1229.0,brown,2
J1595,I7312,22956.0,22974.0,green,2
J4669,I7032,22027.0,22029.0,green,2
J4669,I9336,28418.0,28423.0,green,3
J3895,I4783,13975.0,13977.0,green,2
J3895,I4943,14554.0,14555.0,green,1
J856,I3353,8834.0,8851.0,green,1
J3689,I5430,16297.0,16298.0,green,1
J3689,I5462,16411.0,16412.0,green,1
J3689,I6614,20497.0,20500.0,green,1
J3518,I4604,13289.0,13291.0,green,1
J3518,I5148,15317.0,15337.0,green,2
J4660,I7932,24811.0,24812.0,green,1
J4660,I8492,26325.0,26328.0,green,2
J4660,I8604,26615.0,26618.0,green,3
J1126,I1736,3720.0,3725.0,green,4
J1126,I2504,6096.0,6097.0,green,1
J2342,I3914,10871.0,10877.0,green,1
J2342,I4586,13207.0,13210.0,green,1
J746,I2010,4566.0,4570.0,green,1
J746,I2554,6265.0,6267.0,green,1
J746,I2928,7384.0,7385.0,green,1
J436,I6693,20731.0,20744.0,green,1
J436,I7557,23683.0,23684.0,green,1
J436,I8309,25874.0,25879.0,green,3
J436,I8661,26775.0,26782.0,green,1
J2803,I3350,8825.0,8830.0,green,2
J2803,I3477,9306.0,9308.0,brown,1
J2803,I3702,10058.0,10074.0,green,2
J2023,I3271,8530.0,8536.0,green,3
J3245,I898,1682.0,1683.0,brown,1
J3245,I930,1764.0,1769.0,brown,2
J3245,I7371,23144.0,23148.0,green,2
J4427,I5790,17621.0,17625.0,green,1
J4427,I7518,23583.0,23592.0,green,2
J3666,I6897,21546.0,21549.0,green,1
J3666,I6913,21579.0,21581.0,green,1
J4138,I6115,18788.0,18795.0,green,2
J4138,I7015,21960.0,21967.0,green,1
J4138,I7307,22936.0,22947.0,green,1
J4138,I7559,23686.0,23687.0,green,1
J4923,I3615,9772.0,9774.0,brown,1
J4923,I5600,16931.0,16935.0,green,1
J4923,I8960,27523.0,27526.0,green,2
J91,I625,1075.0,1080.0,brown,1
J91,I8722,26946.0,26950.0,green,1
J91,I9554,28897.0,28901.0,green,1
J984,I6416,19774.0,19788.0,green,1
J984,I7733,24207.0,24209.0,green,2
J4580,I1439,3001.0,3006.0,brown,2
J4580,I4768,13923.0,13927.0,green,1
J4580,I5248,15742.0,15746.0,green,1
J3304,I2290,5440.0,5445.0,green,1
J3304,I3890,10786.0,10793.0,green,1
J3304,I4210,11892.0,11900.0,green,2
J2266,I4374,12440.0,12446.0,brown,1
J2266,I7791,24392.0,24393.0,green,1
J393,I979,1877.0,1878.0,brown,1
J393,I6484,20034.0,20045.0,green,1
J393,I6868,21434.0,21439.0,green,1
J1071,I3486,9341.0,9363.0,green,1
J1071,I7385,23177.0,23194.0,green,1
J3509,I3432,9158.0,9170.0,brown,1
J3509,I9353,28451.0,28455.0,green,1
J3509,I9385,28518.0,28521.0,green,2
J3509,I9545,28878.0,28881.0,green,1
J3509,I9577,28961.0,28962.0,green,1
J3769,I4216,11916.0,11918.0,brown,1
J3769,I4569,13110.0,13124.0,green,3
J1169,I246,396.0,398.0,green,1
J1169,I310,511.0,512.0,green,1
J1169,I3878,10730.0,10734.0,green,2
J1169,I5569,16797.0,16798.0,green,1
J1169,I5596,16914.0,16920.0,green,1
J2769,I5684,17238.0,17240.0,green,1
J2769,I8448,26205.0,26206.0,green,1
J340,I1689,3573.0,3574.0,brown,1
J340,I4314,12238.0,12246.0,green,2
J340,I6650,20596.0,20599.0,green,3
J4333,I4673,13535.0,13550.0,brown,5
J310,I913,1714.0,1722.0,green,2
J310,I3072,7854.0,7857.0,brown,2
J3084,I1449,3027.0,3028.0,brown,1
J3084,I3114,8024.0,8030.0,green,4
J3084,I5546,16699.0,16708.0,green,1
J4970,I8806,27135.0,27139.0,green,2
J4970,I9446,28645.0,28649.0,green,1
J4970,I9670,29151.0,29154.0,green,1
J4970,I9838,29478.0,29480.0,green,1
J2037,I5532,16645.0,16656.0,green,2
J1306,I9191,28078.0,28080.0,green,2
J1306,I9383,28511.0,28515.0,green,1
J1306,I9447,28649.0,28656.0,green,1
J1643,I4480,12755.0,12764.0,green,2
J862,I1494,3120.0,3121.0,brown,1
J862,I3031,7717.0,7721.0,green,1
J862,I4183,11795.0,11806.0,green,1
J862,I6841,21318.0,21324.0,green,1
J4838,I2066,4741.0,4744.0,brown,1
J4838,I6707,20795.0,20806.0,green,1
J4838,I8403,26088.0,26090.0,green,2
J4838,I9651,29120.0,29122.0,green,1
J4838,I9675,29159.0,29163.0,green,1
J4124,I6350,19540.0,19541.0,brown,1
J4124,I6543,20253.0,20262.0,green,3
J370,I4590,13218.0,13225.0,green,1
J370,I5710,17326.0,17334.0,green,1
J370,I6932,21646.0,21654.0,green,1
J2321,I4041,11292.0,11298.0,green,1
J2321,I6793,21118.0,21134.0,green,2
J2321,I7577,23741.0,23743.0,green,1
J3179,I5518,16589.0,16598.0,brown,1
J3179,I6127,18827.0,18829.0,green,1
J2524,I7116,22344.0,22359.0,green,3
J1543,I3034,7730.0,7733.0,brown,1
J1543,I3066,7837.0,7840.0,brown,1
J4715,I178,266.0,268.0,brown,1
J4715,I9467,28707.0,28711.0,green,1
J4715,I9683,29184.0,29188.0,green,2
J4715,I9723,29260.0,29261.0,green,1
J4715,I9751,29305.0,29309.0,green,1
J1800,I2507,6100.0,6106.0,green,4
J1800,I2603,6398.0,6403.0,green,1
J2017,I2746,6786.0,6789.0,brown,2
J2017,I6715,20825.0,20837.0,green,2
J2017,I7259,22782.0,22784.0,green,2
J1365,I2069,4746.0,4749.0,brown,1
J1365,I2101,4857.0,4864.0,brown,3
J1365,I9270,28260.0,28267.0,green,1
J1365,I9302,28344.0,28346.0,green,1
J1940,I2639,6503.0,6507.0,green,2
J1132,I906,1696.0,1698.0,green,1
J1132,I1674,3547.0,3548.0,green,1
J1132,I1898,4195.0,4198.0,green,1
J1132,I1930,4300.0,4302.0,green,2
J1132,I2114,4899.0,4913.0,green,1
J2743,I5734,17425.0,17429.0,green,1
J2743,I5830,17731.0,17732.0,green,1
J2743,I8102,25285.0,25289.0,green,1
J3100,I3340,8789.0,8796.0,green,1
J3100,I4588,13212.0,13217.0,green,3
J2453,I3329,8769.0,8770.0,green,1
J2453,I3489,9374.0,9376.0,green,1
J2453,I5905,18027.0,18031.0,green,2
J1075,I1267,2588.0,2589.0,green,1
J1075,I1395,2911.0,2917.0,green,3
J1075,I2003,4543.0,4547.0,green,1
J1075,I2483,6015.0,6017.0,green,1
J3893,I7218,22657.0,22663.0,green,2
J3893,I7249,22741.0,22746.0,brown,2
J3893,I7314,22975.0,22989.0,green,1
J4495,I3436,9180.0,9182.0,brown,1
J4495,I3596,9696.0,9704.0,brown,1
J4495,I8973,27555.0,27557.0,green,1
J4495,I9645,29100.0,29102.0,green,1
J4495,I9677,29164.0,29167.0,green,1
J4495,I9837,29477.0,29478.0,green,1
J3157,I696,1243.0,1245.0,brown,1
J3157,I2233,5268.0,5278.0,green,5
J773,I2360,5634.0,5638.0,green,4
J773,I5592,16883.0,16898.0,green,1
J2381,I1306,2686.0,2693.0,brown,2
J2381,I9563,28938.0,28939.0,green,1
J2381,I9855,29510.0,29512.0,green,2
J3206,I1187,2378.0,2379.0,brown,1
J3206,I1667,3534.0,3536.0,brown,1
J3206,I6596,20431.0,20438.0,green,1
J3206,I8548,26466.0,26473.0,green,1
J3206,I8740,26990.0,26992.0,green,2
J4629,I8414,26112.0,26115.0,brown,1
J4629,I8607,26621.0,26622.0,green,1
J4629,I9183,28054.0,28057.0,green,2
J3039,I8684,26851.0,26853.0,green,2
J3039,I9196,28095.0,28098.0,green,2
J3039,I9244,28201.0,28202.0,green,1
J3039,I9588,28978.0,28980.0,green,1
J1576,I3447,9205.0,9213.0,green,2
J1576,I3799,10455.0,10480.0,green,2
J1576,I4631,13396.0,13397.0,green,1
J1576,I4855,14231.0,14235.0,green,1
J4652,I8150,25432.0,25436.0,green,1
J4652,I9334,28415.0,28416.0,green,1
J4652,I9462,28698.0,28699.0,green,1
J4652,I9846,29494.0,29497.0,green,1
J301,I6170,18947.0,18951.0,green,1
J301,I6874,21460.0,21466.0,green,3
J301,I8954,27511.0,27516.0,green,2
J4891,I6591,20400.0,20404.0,green,1
J4891,I6782,21087.0,21092.0,brown,3
J1966,I4162,11706.0,11708.0,green,2
J1966,I4258,12033.0,12039.0,green,4
J3212,I2812,7016.0,7024.0,green,3
J3212,I2843,7106.0,7108.0,brown,1
J3212,I4124,11603.0,11607.0,green,2
J4464,I3504,9416.0,9421.0,brown,1
J4464,I8625,26672.0,26674.0,green,1
J4464,I9425,28610.0,28611.0,green,1
J4464,I9553,28893.0,28897.0,green,1
J1632,I1386,2892.0,2896.0,green,3
J1632,I4913,14420.0,14424.0,green,1
J4082,I4442,12651.0,12653.0,brown,2
J4082,I4698,13622.0,13625.0,brown,1
J4082,I6971,21778.0,21779.0,green,1
J177,I1197,2401.0,2405.0,green,1
J177,I1805,3895.0,3906.0,green,2
J177,I1997,4518.0,4526.0,green,2
J2446,I4028,11237.0,11251.0,green,5
J2446,I4124,11603.0,11607.0,green,1
J1762,I1845,4013.0,4019.0,green,5
J2146,I1697,3598.0,3600.0,brown,1
J2146,I2114,4899.0,4913.0,green,4
J2146,I2977,7534.0,7540.0,brown,1
J1367,I1776,3822.0,3824.0,green,2
J1367,I2096,4848.0,4849.0,green,1
J1206,I1655,3502.0,3505.0,brown,1
J1206,I4120,11593.0,11595.0,green,2
J1206,I5752,17505.0,17512.0,green,1
J1206,I6744,20954.0,20956.0,green,2
J2298,I224,359.0,361.0,brown,1
J2298,I6491,20067.0,20076.0,green,1
J2298,I6869,21439.0,21444.0,green,1
J1377,I2378,5711.0,5713.0,green,2
J1377,I2730,6737.0,6742.0,green,2
J1377,I3402,9038.0,9045.0,green,1
J589,I1266,2587.0,2588.0,green,1
J589,I1298,2662.0,2667.0,green,4
J589,I2802,6979.0,6982.0,green,1
J363,I1373,2861.0,2868.0,brown,1
J363,I4766,13903.0,13921.0,green,1
J363,I5662,17173.0,17177.0,green,1
J1402,I3291,8615.0,8621.0,brown,1
J1402,I8508,26360.0,26364.0,green,1
J1402,I9564,28939.0,28941.0,green,1
J1402,I9644,29098.0,29100.0,green,1
J1402,I9724,29261.0,29262.0,green,1
J1402,I9788,29384.0,29385.0,green,1
J2828,I2875,7192.0,7197.0,brown,3
J2828,I5500,16521.0,16533.0,green,1
J3528,I6773,21053.0,21058.0,brown,2
J3528,I7029,22020.0,22021.0,brown,1
J3528,I7414,23285.0,23298.0,green,3
J152,I2002,4538.0,4543.0,green,1
J152,I2832,7067.0,7068.0,green,1
J152,I2962,7471.0,7479.0,brown,1
J1792,I2239,5288.0,5297.0,brown,2
J1792,I3776,10361.0,10367.0,green,1
J1792,I5600,16931.0,16935.0,green,1
J1792,I8096,25261.0,25262.0,green,1
J1792,I8128,25371.0,25373.0,green,1
J4860,I9435,28622.0,28626.0,green,2
J4860,I9835,29470.0,29474.0,green,2
J4860,I9851,29501.0,29502.0,green,1
J4167,I8104,25290.0,25293.0,green,2
J4167,I8648,26737.0,26743.0,green,1
J4167,I9288,28307.0,28308.0,green,1
J4167,I9320,28381.0,28382.0,green,1
J4167,I9384,28515.0,28518.0,green,1
J4968,I5984,18341.0,18349.0,green,2
J4968,I6303,19396.0,19399.0,brown,2
J4968,I10112,29935.0,29937.0,green,1
J4968,I10144,29979.0,29980.0,green,1
J912,I1163,2314.0,2320.0,green,1
J912,I1419,2971.0,2972.0,green,1
J912,I1675,3548.0,3551.0,green,1
J912,I1963,4418.0,4420.0,green,1
J912,I2091,4832.0,4842.0,green,1
J1181,I1562,3281.0,3282.0,green,1
J1181,I2074,4768.0,4777.0,green,4
J1810,I3812,10518.0,10521.0,green,2
J1810,I3908,10851.0,10861.0,green,2
J3967,I8617,26645.0,26651.0,green,3
J621,I716,1280.0,1286.0,green,2
J495,I1140,2269.0,2270.0,green,1
J495,I1172,2341.0,2345.0,green,4
J495,I1204,2417.0,2421.0,green,1
J2783,I4719,13700.0,13710.0,green,2
J2783,I5007,14788.0,14790.0,green,1
J2783,I5135,15280.0,15281.0,green,1
J2783,I5143,15305.0,15308.0,green,1
J2783,I5487,16484.0,16485.0,green,1
J4809,I5092,15144.0,15145.0,green,1
J4809,I6724,20873.0,20892.0,green,3
J1277,I5907,18038.0,18040.0,green,1
J1277,I9107,27843.0,27845.0,green,2
J1277,I9555,28901.0,28911.0,green,2
J1277,I9683,29184.0,29188.0,green,1
J2094,I4045,11317.0,11323.0,green,3
J2094,I5165,15389.0,15394.0,green,1
J680,I1591,3340.0,3341.0,brown,1
J680,I1783,3848.0,3851.0,brown,1
J680,I7608,23858.0,23859.0,green,1
J680,I7864,24612.0,24613.0,green,1
J4549,I5587,16857.0,16861.0,green,4
J4813,I5862,17843.0,17853.0,green,2
J4813,I6950,21707.0,21713.0,green,2
J4813,I8454,26217.0,26222.0,green,2
J4065,I5255,15767.0,15773.0,green,1
J4065,I5510,16566.0,16568.0,brown,2
J4065,I5670,17197.0,17198.0,brown,1
J1550,I1544,3234.0,3236.0,brown,1
J1550,I4041,11292.0,11298.0,green,1
J1550,I8169,25482.0,25484.0,green,1
J3413,I5893,17983.0,17995.0,green,4
J4368,I8267,25754.0,25758.0,green,4
J4368,I8331,25927.0,25929.0,green,2
J1292,I2399,5775.0,5776.0,green,1
J1292,I2431,5853.0,5859.0,green,1
J1292,I3167,8196.0,8205.0,green,1
J4017,I7222,22671.0,22674.0,green,2
J4017,I7318,23001.0,23003.0,green,1
J4017,I7562,23694.0,23696.0,green,1
J524,I506,839.0,842.0,green,3
J524,I2106,4869.0,4870.0,green,1
J524,I3322,8730.0,8739.0,green,1
J1335,I2763,6814.0,6820.0,green,1
J1335,I4587,13210.0,13212.0,green,1
J1335,I6709,20807.0,20813.0,green,1
J4295,I6138,18849.0,18851.0,brown,2
J4295,I6202,19045.0,19055.0,brown,1
J4295,I6395,19698.0,19701.0,green,2
J4295,I7067,22143.0,22152.0,green,1
J2811,I2283,5405.0,5410.0,brown,1
J2811,I4172,11735.0,11757.0,green,1
J2811,I4844,14193.0,14196.0,green,2
J2811,I6412,19762.0,19763.0,green,1
J2811,I7392,23222.0,23224.0,green,1
J2044,I2815,7032.0,7033.0,green,1
J2044,I2975,7524.0,7531.0,green,3
J4904,I4698,13622.0,13625.0,brown,2
J4904,I9755,29315.0,29316.0,green,1
J4904,I9979,29725.0,29726.0,green,1
J4849,I3309,8689.0,8691.0,brown,1
J4849,I9550,28888.0,28890.0,green,1
J4849,I9614,29030.0,29031.0,green,1
J4849,I9646,29102.0,29106.0,green,2
J4849,I9678,29167.0,29168.0,green,1
J4475,I4307,12209.0,12219.0,brown,1
J4475,I6196,19022.0,19025.0,green,2
J1923,I824,1545.0,1546.0,brown,1
J1923,I1881,4149.0,4159.0,green,1
J1923,I3769,10317.0,10337.0,green,1
J2986,I5427,16284.0,16290.0,green,4
J4032,I2842,7101.0,7106.0,brown,2
J4032,I4283,12118.0,12128.0,green,1
J4032,I5787,17616.0,17617.0,green,1
J1085,I4119,11584.0,11593.0,green,1
J1085,I4151,11674.0,11678.0,green,1
J1085,I4727,13742.0,13744.0,green,2
J1085,I7135,22426.0,22428.0,green,1
J4261,I8338,25945.0,25946.0,green,1
J4261,I8882,27333.0,27336.0,green,1
J4261,I9010,27635.0,27639.0,green,1
J4261,I9022,27659.0,27663.0,green,1
J4261,I9298,28334.0,28335.0,green,1
J3167,I4235,11950.0,11952.0,green,2
J3167,I4491,12802.0,12814.0,green,2
J114,I783,1444.0,1451.0,green,3
J114,I943,1793.0,1802.0,green,1
J114,I1263,2572.0,2576.0,green,1
J114,I2007,4556.0,4562.0,green,1
J1165,I777,1424.0,1427.0,green,1
J1165,I3101,7968.0,7980.0,green,2
J3117,I3167,8196.0,8205.0,green,1
J3117,I6335,19495.0,19501.0,green,3
J3709,I7285,22861.0,22862.0,brown,1
J3709,I7510,23559.0,23560.0,green,1
J3709,I7542,23638.0,23641.0,brown,1
J3709,I8926,27444.0,27448.0,green,1
J4617,I3648,9887.0,9893.0,brown,2
J4617,I5745,17465.0,17479.0,green,1
J4617,I6721,20857.0,20870.0,green,1
J4617,I9217,28143.0,28145.0,green,1
J3414,I4179,11785.0,11788.0,green,3
J3414,I4211,11900.0,11904.0,green,3
J1613,I3399,9012.0,9025.0,green,4
J739,I943,1793.0,1802.0,green,1
J739,I2079,4787.0,4792.0,green,3
J739,I3663,9924.0,9928.0,green,2
J2426,I4476,12743.0,12744.0,green,1
J2426,I4540,13006.0,13008.0,green,1
J2426,I4636,13412.0,13415.0,brown,1
J2426,I5020,14843.0,14850.0,green,1
J3533,I4638,13418.0,13420.0,green,2
J3533,I6174,18958.0,18961.0,green,2
J2242,I3814,10522.0,10534.0,green,1
J2242,I4390,12495.0,12503.0,green,2
J2242,I7014,21958.0,21960.0,green,1
J4301,I5303,15920.0,15929.0,brown,2
J4301,I6680,20695.0,20698.0,green,1
J4301,I7624,23907.0,23913.0,green,1
J246,I819,1532.0,1533.0,green,1
J246,I851,1592.0,1594.0,brown,1
J246,I1043,2023.0,2027.0,green,2
J246,I2355,5622.0,5624.0,green,1
J2169,I3109,8014.0,8017.0,green,1
J2169,I3141,8121.0,8124.0,green,1
J2169,I3685,10012.0,10016.0,green,2
J2169,I5253,15763.0,15764.0,green,1
J2942,I5172,15422.0,15425.0,green,1
J2942,I5492,16497.0,16502.0,green,2
J2942,I6100,18729.0,18734.0,green,3
J4105,I3554,9552.0,9564.0,green,3
J4105,I5730,17402.0,17410.0,green,1
J4105,I8864,27278.0,27280.0,green,2
J2362,I2919,7351.0,7355.0,green,1
J2362,I3047,7771.0,7780.0,green,1
J1947,I5073,15052.0,15064.0,green,2
J4499,I3434,9172.0,9178.0,brown,2
J4499,I3819,10552.0,10558.0,green,2
J4499,I8459,26235.0,26239.0,green,2
J1975,I4075,11438.0,11442.0,green,2
J3181,I1333,2755.0,2756.0,brown,1
J3181,I6422,19808.0,19815.0,green,1
J3181,I7382,23164.0,23168.0,green,2
J4645,I2794,6944.0,6945.0,brown,1
J4645,I5323,15994.0,16002.0,green,1
J4645,I7051,22079.0,22084.0,green,1
J976,I1521,3180.0,3184.0,green,1
J976,I1585,3329.0,3330.0,green,1
J976,I1745,3738.0,3742.0,green,1
J976,I2769,6835.0,6850.0,green,2
J976,I4725,13727.0,13739.0,green,1
J4865,I6449,19922.0,19924.0,brown,1
J4865,I6514,20158.0,20166.0,green,2
J4311,I8053,25139.0,25143.0,brown,1
J3659,I6813,21203.0,21207.0,green,3
J93,I173,256.0,260.0,brown,1
J93,I5230,15665.0,15674.0,green,2
J93,I6574,20348.0,20356.0,green,1
J3411,I6129,18831.0,18832.0,green,1
J3411,I6193,19018.0,19019.0,green,1
J3411,I6225,19135.0,19138.0,green,2
J3227,I4940,14527.0,14539.0,green,3
J3214,I4482,12770.0,12771.0,green,1
J3214,I4546,13024.0,13025.0,green,1
J3214,I5346,16058.0,16060.0,green,2
J3214,I5730,17402.0,17410.0,green,1
J830,I908,1699.0,1701.0,green,1
J830,I940,1789.0,1790.0,green,1
J830,I2508,6106.0,6107.0,green,1
J4015,I7101,22288.0,22290.0,green,1
J4015,I7197,22592.0,22597.0,green,1
J3203,I3724,10136.0,10145.0,brown,2
J3203,I4845,14196.0,14203.0,green,1
J3203,I6749,20972.0,20974.0,green,1
J254,I611,1049.0,1054.0,green,1
J254,I3665,9947.0,9952.0,green,1
J3427,I5360,16094.0,16098.0,green,4
J3427,I6032,18507.0,18508.0,green,1
J3427,I6128,18829.0,18831.0,green,1
J4844,I2593,6369.0,6370.0,brown,1
J4844,I2977,7534.0,7540.0,brown,1
J4844,I9681,29176.0,29179.0,green,2
J2185,I2768,6827.0,6835.0,green,3
J2185,I2800,6961.0,6977.0,green,3
J3440,I6339,19506.0,19512.0,green,6
J2395,I3076,7864.0,7873.0,brown,1
J2395,I3141,8121.0,8124.0,green,1
J2395,I3333,8777.0,8778.0,green,1
J2395,I3397,9006.0,9007.0,green,1
J2395,I7215,22647.0,22649.0,green,1
J2395,I7525,23606.0,23610.0,green,1
J1025,I86,123.0,124.0,green,1
J1025,I246,396.0,398.0,green,1
J1025,I278,455.0,457.0,green,1
J1115,I2000,4533.0,4534.0,green,1
J1115,I2672,6586.0,6598.0,green,5
J671,I4859,14241.0,14251.0,green,3
J671,I7911,24737.0,24740.0,green,1
J3585,I5317,15976.0,15979.0,green,1
J3585,I5445,16351.0,16357.0,green,1
J3585,I5476,16453.0,16454.0,brown,1
J3585,I8333,25931.0,25935.0,green,2
J960,I377,618.0,622.0,green,1
J960,I505,838.0,839.0,green,1
J960,I3249,8465.0,8470.0,green,1
J4726,I3384,8946.0,8967.0,brown,2
J4726,I6489,20061.0,20066.0,green,3
J64,I2126,4947.0,4948.0,green,1
J64,I3486,9341.0,9363.0,green,2
J1080,I1917,4248.0,4258.0,green,3
J1080,I4573,13146.0,13156.0,green,1
J1080,I5021,14850.0,14857.0,green,2
J4478,I7242,22724.0,22725.0,brown,1
J4478,I7594,23787.0,23794.0,brown,3
J4514,I7244,22726.0,22733.0,brown,1
J4514,I8109,25315.0,25320.0,green,1
J2908,I4210,11892.0,11900.0,green,3
J2908,I4626,13379.0,13381.0,green,2
J1321,I309,509.0,511.0,green,1
J1321,I2909,7319.0,7327.0,green,3
J1829,I1709,3627.0,3636.0,brown,1
J1829,I2158,5069.0,5072.0,green,3
J1829,I2734,6753.0,6754.0,green,1
J1829,I4670,13522.0,13526.0,green,1
J3869,I6598,20439.0,20440.0,green,1
J3869,I6694,20744.0,20750.0,green,1
J3869,I7118,22364.0,22365.0,green,1
J3869,I7562,23694.0,23696.0,green,1
J4835,I4694,13613.0,13614.0,brown,1
J4835,I5014,14818.0,14820.0,brown,1
J4835,I5206,15591.0,15597.0,brown,2
J4835,I5302,15919.0,15920.0,brown,1
J4835,I8567,26519.0,26521.0,green,1
J4189,I7207,22619.0,22620.0,brown,1
J4189,I7224,22676.0,22681.0,green,3
J4189,I7400,23241.0,23244.0,green,1
J4189,I7624,23907.0,23913.0,green,1
J2697,I5248,15742.0,15746.0,green,2
J2697,I6400,19709.0,19712.0,green,2
J4469,I4571,13133.0,13144.0,green,3
J4469,I5019,14834.0,14843.0,green,1
J4469,I5883,17947.0,17956.0,green,1
J1698,I3037,7738.0,7747.0,brown,1
J1698,I3389,8978.0,8986.0,brown,3
J1698,I6206,19060.0,19061.0,green,1
J471,I1035,2001.0,2005.0,green,3
J471,I1163,2314.0,2320.0,green,2
J471,I2763,6814.0,6820.0,green,1
J4036,I2417,5820.0,5822.0,brown,1
J4036,I4241,11968.0,11978.0,brown,1
J1312,I1541,3224.0,3228.0,brown,1
J1312,I1862,4077.0,4081.0,green,1
J1312,I3782,10373.0,10391.0,green,1
J4942,I7808,24434.0,24439.0,green,5
J4942,I10096,29912.0,29913.0,green,1
J3738,I5709,17322.0,17326.0,green,2
J1572,I5874,17893.0,17909.0,green,2
J1572,I9274,28274.0,28275.0,green,1
J1572,I9442,28637.0,28638.0,green,1
J3570,I2214,5217.0,5219.0,brown,1
J3570,I3335,8780.0,8784.0,green,2
J3016,I1331,2744.0,2754.0,brown,3
J3016,I2516,6123.0,6124.0,green,1
J380,I173,256.0,260.0,brown,2
J380,I2254,5331.0,5333.0,green,1
J380,I3854,10670.0,10675.0,green,1
J4004,I3303,8674.0,8680.0,brown,1
J4004,I9048,27717.0,27719.0,green,1
J868,I2619,6437.0,6442.0,brown,1
J868,I7036,22033.0,22043.0,green,2
J868,I7228,22686.0,22687.0,green,1
J1796,I1023,1962.0,1963.0,brown,1
J1796,I1024,1963.0,1968.0,green,1
J631,I1210,2436.0,2440.0,green,1
J3006,I3643,9875.0,9876.0,brown,1
J3006,I8876,27309.0,27312.0,green,1
J2228,I5314,15959.0,15971.0,green,1
J2228,I9470,28715.0,28716.0,green,1
J4451,I2541,6218.0,6223.0,brown,1
J4451,I2893,7253.0,7258.0,brown,1
J4451,I7566,23703.0,23708.0,green,1
J4308,I1611,3389.0,3392.0,brown,1
J4308,I4940,14527.0,14539.0,green,1
J4308,I5644,17094.0,17099.0,green,1
J4308,I6860,21398.0,21405.0,green,1
J1505,I459,759.0,762.0,brown,1
J1505,I7564,23700.0,23702.0,green,2
J3466,I3660,9918.0,9919.0,green,1
J3466,I5420,16261.0,16269.0,green,2
J3466,I5900,18012.0,18015.0,green,1
J4101,I2132,4965.0,4967.0,brown,1
J4101,I5173,15425.0,15442.0,green,2
J4101,I6693,20731.0,20744.0,green,3
J2086,I4147,11667.0,11670.0,green,1
J2086,I5243,15711.0,15719.0,green,1
J304,I709,1269.0,1272.0,green,3
J304,I829,1553.0,1558.0,green,1
J304,I865,1617.0,1619.0,green,1
J3198,I8966,27533.0,27537.0,green,1
J3198,I9446,28645.0,28649.0,green,2
J3198,I9958,29691.0,29692.0,green,1
J3198,I9990,29740.0,29741.0,green,1
J799,I2976,7531.0,7534.0,brown,1
J799,I4033,11265.0,11273.0,green,1
J799,I6417,19788.0,19790.0,green,2
J799,I7745,24242.0,24253.0,green,1
J1831,I1169,2334.0,2338.0,green,1
J1831,I1201,2411.0,2415.0,green,4
J1831,I1233,2483.0,2488.0,green,1
J511,I413,680.0,682.0,brown,2
J511,I638,1103.0,1107.0,green,1
J511,I2334,5552.0,5559.0,green,1
J2816,I5416,16243.0,16247.0,brown,2
J2816,I10033,29813.0,29814.0,green,1
J27,I55,77.0,78.0,brown,1
J27,I2008,4562.0,4565.0,green,1
J4283,I5441,16330.0,16337.0,green,1
J4283,I7681,24057.0,24062.0,green,2
J2226,I2469,5975.0,5980.0,green,1
J2226,I3076,7864.0,7873.0,brown,1
J2226,I6405,19736.0,19742.0,green,3
J1601,I2530,6181.0,6187.0,brown,1
J1601,I5571,16799.0,16807.0,green,1
J1601,I6115,18788.0,18795.0,green,1
J1601,I7475,23476.0,23477.0,green,1
J2,I1058,2054.0,2061.0,green,1
J2,I1954,4387.0,4395.0,green,1
J2,I2114,4899.0,4913.0,green,1
J2,I2274,5375.0,5382.0,green,1
J2948,I2087,4815.0,4825.0,green,1
J2948,I2278,5386.0,5394.0,brown,2
J2948,I2375,5680.0,5694.0,green,2
J2948,I5729,17400.0,17402.0,green,1
J764,I5732,17411.0,17422.0,green,5
J124,I1236,2492.0,2499.0,green,4
J124,I2131,4963.0,4965.0,brown,1
J516,I4465,12699.0,12705.0,brown,1
J516,I5329,16012.0,16014.0,brown,1
J1617,I845,1582.0,1585.0,brown,1
J1617,I1198,2405.0,2407.0,green,2
J1617,I1998,4526.0,4530.0,green,1
J1617,I2430,5842.0,5853.0,green,1
J1617,I3454,9241.0,9246.0,green,1
J1019,I1237,2499.0,2506.0,green,1
J1019,I2261,5344.0,5347.0,green,1
J1019,I3157,8169.0,8171.0,green,1
J1019,I3765,10309.0,10313.0,green,1
J1647,I797,1476.0,1477.0,green,1
J1647,I829,1553.0,1558.0,green,4
J1647,I3325,8746.0,8758.0,green,1
J3997,I6420,19793.0,19804.0,green,1
J3997,I6451,19928.0,19930.0,brown,1
J3997,I7348,23092.0,23095.0,green,2
J3997,I8088,25236.0,25244.0,green,1
J4713,I3616,9774.0,9780.0,brown,4
J4713,I5921,18079.0,18089.0,green,1
J4713,I7489,23504.0,23509.0,green,1
J1389,I2765,6822.0,6823.0,green,1
J1389,I2829,7061.0,7063.0,green,1
J1389,I4045,11317.0,11323.0,green,2
J1389,I4725,13727.0,13739.0,green,1
J1389,I4941,14539.0,14553.0,green,1
J2850,I1970,4439.0,4443.0,green,2
J2850,I5426,16283.0,16284.0,green,1
J820,I779,1428.0,1437.0,green,1
J820,I1291,2651.0,2652.0,green,1
J2875,I4547,13025.0,13026.0,green,1
J2875,I4771,13940.0,13941.0,green,1
J2875,I5155,15355.0,15357.0,green,1
J2875,I5331,16017.0,16021.0,green,1
J941,I1359,2825.0,2827.0,brown,2
J941,I1711,3642.0,3650.0,brown,2
J941,I8528,26409.0,26413.0,green,1
J941,I9104,27836.0,27838.0,green,1
J4846,I3504,9416.0,9421.0,brown,1
J4846,I3665,9947.0,9952.0,green,1
J4846,I9649,29113.0,29118.0,green,3
J1514,I3684,10007.0,10012.0,green,3
J1514,I5636,17046.0,17047.0,green,1
J1514,I6484,20034.0,20045.0,green,1
J2410,I615,1058.0,1061.0,green,2
J2410,I1319,2716.0,2721.0,green,1
J1976,I2432,5859.0,5864.0,green,3
J1976,I2528,6177.0,6180.0,green,2
J1574,I1071,2088.0,2093.0,brown,1
J1574,I1264,2576.0,2583.0,green,2
J1574,I3152,8153.0,8159.0,green,1
J1574,I3216,8359.0,8363.0,green,1
J2984,I4532,12963.0,12967.0,green,4
J2984,I4884,14347.0,14354.0,green,1
J2984,I6356,19552.0,19557.0,green,1
J3636,I9963,29696.0,29699.0,green,2
J3636,I9995,29747.0,29749.0,green,2
J3636,I9999,29758.0,29761.0,green,1
J709,I303,499.0,501.0,green,2
J709,I495,820.0,822.0,brown,1
J709,I1871,4100.0,4104.0,green,1
J709,I2143,4995.0,4996.0,green,1
J709,I5596,16914.0,16920.0,green,1
J3788,I5861,17830.0,17843.0,green,6
J3560,I6104,18749.0,18756.0,brown,1
J3560,I6169,18942.0,18947.0,green,4
J3560,I6393,19689.0,19694.0,green,1
J3855,I441,728.0,731.0,brown,1
J3855,I6906,21565.0,21568.0,green,1
J3855,I7002,21901.0,21909.0,green,1
J3855,I9786,29379.0,29380.0,green,1
J2160,I2151,5033.0,5038.0,green,3
J2160,I6407,19746.0,19748.0,green,2
J67,I258,418.0,420.0,green,1
J67,I386,633.0,634.0,green,1
J67,I1474,3068.0,3072.0,green,1
J3999,I4607,13296.0,13299.0,green,1
J3999,I5055,14959.0,14980.0,green,3
J3115,I2655,6547.0,6551.0,brown,1
J3115,I2751,6798.0,6800.0,brown,2
J3115,I5568,16792.0,16797.0,green,1
J3115,I6528,20204.0,20210.0,green,1
J973,I1731,3705.0,3707.0,green,2
J973,I1763,3784.0,3786.0,green,2
J973,I1795,3880.0,3881.0,green,1
J973,I5941,18167.0,18168.0,green,1
J962,I4570,13124.0,13133.0,green,2
J962,I6234,19169.0,19174.0,green,3
J962,I7386,23194.0,23195.0,green,1
J4366,I1600,3358.0,3359.0,brown,1
J4366,I1664,3529.0,3531.0,brown,2
J4366,I7521,23598.0,23601.0,green,2
J2203,I2673,6598.0,6600.0,green,2
J2203,I2833,7068.0,7077.0,green,3
J499,I1156,2303.0,2306.0,green,3
J499,I1572,3300.0,3304.0,green,2
J499,I2852,7134.0,7138.0,brown,1
J355,I1137,2254.0,2257.0,green,1
J355,I1169,2334.0,2338.0,green,3
J355,I5169,15411.0,15413.0,green,1
J355,I5877,17911.0,17926.0,green,1
J3324,I3773,10351.0,10356.0,green,4
J1272,I4596,13245.0,13252.0,brown,2
J2509,I3431,9142.0,9158.0,brown,3
J2509,I3752,10258.0,10259.0,green,1
J2509,I6824,21248.0,21258.0,green,1
J2509,I7385,23177.0,23194.0,green,1
J1461,I2917,7344.0,7349.0,green,1
J1461,I3109,8014.0,8017.0,green,2
J1461,I3141,8121.0,8124.0,green,1
J1461,I3845,10646.0,10647.0,green,1
J2105,I1240,2512.0,2515.0,green,2
J2105,I3127,8073.0,8075.0,brown,1
J2105,I3224,8393.0,8399.0,green,1
J2105,I4568,13097.0,13110.0,green,2
J4921,I425,702.0,706.0,brown,1
J4921,I6410,19752.0,19761.0,green,1
J4921,I8266,25750.0,25754.0,green,1
J4921,I9066,27753.0,27755.0,green,1
J4921,I9258,28230.0,28233.0,green,1
J4921,I9546,28881.0,28883.0,green,1
J3586,I6431,19865.0,19871.0,green,1
J3586,I6462,19955.0,19957.0,brown,2
J3586,I6846,21335.0,21344.0,brown,1
J3586,I7583,23765.0,23767.0,green,2
J2625,I3779,10369.0,10370.0,green,1
J2625,I3907,10845.0,10851.0,brown,1
J2625,I6707,20795.0,20806.0,green,1
J2625,I7115,22340.0,22344.0,green,1
J4258,I4491,12802.0,12814.0,green,1
J4258,I4619,13342.0,13351.0,green,1
J4258,I7211,22628.0,22632.0,green,1
J4258,I8171,25491.0,25494.0,green,1
J2648,I14,15.0,16.0,green,1
J2648,I3854,10670.0,10675.0,green,2
J2648,I6958,21732.0,21741.0,green,1
J2824,I5110,15202.0,15208.0,green,2
J4610,I8513,26374.0,26379.0,green,4
J4610,I8704,26892.0,26894.0,brown,1
J4610,I8993,27602.0,27604.0,green,1
J3050,I4984,14684.0,14686.0,green,2
J3050,I5208,15598.0,15599.0,green,1
J3050,I5592,16883.0,16898.0,green,3
J1134,I1174,2346.0,2348.0,green,2
J1134,I1270,2592.0,2594.0,green,1
J1134,I1366,2838.0,2840.0,green,1
J1134,I1910,4224.0,4225.0,green,1
J4768,I3241,8442.0,8450.0,brown,2
J4768,I9450,28660.0,28662.0,green,1
J4768,I9706,29225.0,29228.0,green,1
J4768,I9802,29406.0,29407.0,green,1
J4768,I9834,29468.0,29470.0,green,1
J2311,I4483,12771.0,12773.0,green,2
J2311,I5187,15491.0,15510.0,green,4
J3573,I4875,14311.0,14314.0,brown,3
J3573,I4907,14401.0,14402.0,brown,1
J3573,I5451,16382.0,16385.0,brown,2
J2510,I4490,12796.0,12802.0,green,3
J2215,I3487,9363.0,9367.0,green,2
J2215,I3967,11035.0,11037.0,green,1
J2215,I5151,15345.0,15347.0,green,2
J2215,I7975,24927.0,24930.0,green,1
J24,I29,34.0,38.0,green,3
J4869,I7818,24479.0,24480.0,green,1
J4869,I9610,29016.0,29021.0,green,1
J4869,I9962,29695.0,29696.0,green,1
J4869,I9982,29729.0,29732.0,green,1
J4974,I9722,29257.0,29260.0,green,3
J297,I954,1827.0,1828.0,brown,1
J297,I1467,3057.0,3059.0,green,1
J297,I4917,14439.0,14447.0,green,3
J4193,I7489,23504.0,23509.0,green,2
J4193,I7793,24398.0,24406.0,green,1
J1815,I1868,4090.0,4097.0,green,1
J1815,I4272,12078.0,12091.0,green,3
J4480,I2797,6951.0,6952.0,brown,1
J4480,I7854,24579.0,24587.0,green,3
J3550,I4916,14434.0,14439.0,green,4
J841,I3247,8459.0,8463.0,green,1
J841,I8087,25234.0,25236.0,green,2
J841,I8111,25327.0,25331.0,green,1
J841,I8135,25397.0,25400.0,green,1
J2707,I5314,15959.0,15971.0,green,1
J2707,I6210,19075.0,19085.0,green,2
J2707,I6562,20309.0,20321.0,green,1
J2707,I8098,25264.0,25275.0,green,2
J3770,I4548,13026.0,13030.0,green,4
J4176,I4436,12636.0,12643.0,brown,3
J4176,I9861,29521.0,29522.0,green,1
J4176,I9941,29667.0,29668.0,green,1
J1033,I1848,4026.0,4034.0,green,1
J1033,I2039,4655.0,4661.0,brown,3
J2483,I4929,14478.0,14479.0,green,1
J463,I4084,11469.0,11472.0,green,1
J2759,I6562,20309.0,20321.0,green,3
J2759,I7490,23509.0,23519.0,green,1
J347,I236,379.0,380.0,green,1
J347,I348,571.0,575.0,green,1
J347,I396,654.0,655.0,green,1
J347,I492,817.0,818.0,green,1
J4613,I7519,23592.0,23595.0,brown,1
J4613,I7712,24152.0,24155.0,green,3
J4613,I7776,24349.0,24356.0,green,2
J183,I6416,19774.0,19788.0,green,4
J4593,I6721,20857.0,20870.0,green,2
J4275,I5264,15794.0,15796.0,brown,1
J4275,I5328,16006.0,16012.0,brown,3
J4275,I7025,22003.0,22008.0,green,1
J109,I1263,2572.0,2576.0,green,3
J109,I2895,7261.0,7266.0,green,3
J1929,I4344,12344.0,12347.0,green,1
J1929,I5592,16883.0,16898.0,green,1
J1929,I8576,26547.0,26549.0,green,1
J4804,I4951,14577.0,14579.0,brown,1
J4804,I5720,17372.0,17375.0,green,1
J4804,I9208,28120.0,28122.0,green,1
J2976,I1825,3942.0,3954.0,green,1
J2976,I6337,19503.0,19505.0,green,1
J2976,I6721,20857.0,20870.0,green,1
J2522,I4052,11339.0,11349.0,green,2
J4874,I646,1129.0,1131.0,brown,1
J4874,I838,1570.0,1571.0,brown,1
J4874,I966,1851.0,1853.0,brown,1
J4874,I9863,29525.0,29526.0,green,1
J4874,I9993,29745.0,29746.0,green,1
J2611,I3840,10629.0,10634.0,brown,2
J2611,I5217,15622.0,15637.0,green,2
J1539,I1489,3109.0,3111.0,green,2
J1539,I1553,3256.0,3258.0,green,2
J1539,I3025,7707.0,7708.0,green,1
J1539,I4149,11671.0,11673.0,green,1
J3288,I3429,9135.0,9137.0,brown,1
J3288,I3493,9382.0,9387.0,brown,1
J3288,I6972,21779.0,21787.0,green,2
J778,I969,1855.0,1857.0,brown,1
J778,I8650,26745.0,26746.0,green,1
J778,I8682,26842.0,26849.0,green,1
J778,I9194,28084.0,28091.0,green,1
J778,I9546,28881.0,28883.0,green,1
J778,I9840,29482.0,29483.0,green,1
J264,I292,474.0,479.0,green,3
J264,I900,1684.0,1686.0,green,1
J4398,I5741,17454.0,17456.0,green,2
J4398,I5901,18015.0,18017.0,green,2
J1981,I4054,11352.0,11353.0,green,1
J3337,I4183,11795.0,11806.0,green,5
J2750,I729,1315.0,1317.0,green,2
J2750,I1881,4149.0,4159.0,green,2
J2750,I2073,4764.0,4768.0,green,2
J4941,I2855,7141.0,7143.0,brown,1
J4941,I8488,26300.0,26308.0,green,1
J4941,I9832,29463.0,29466.0,green,2
J936,I1690,3574.0,3579.0,brown,2
J936,I2107,4870.0,4871.0,green,1
J936,I2971,7506.0,7513.0,green,1
J936,I4571,13133.0,13144.0,green,2
J2316,I639,1107.0,1109.0,green,2
J2316,I2527,6170.0,6177.0,green,2
J2316,I5911,18052.0,18053.0,green,1
J220,I711,1273.0,1276.0,green,3
J220,I775,1421.0,1423.0,green,2
J220,I935,1780.0,1781.0,green,1
J657,I1083,2108.0,2109.0,green,1
J657,I1563,3282.0,3287.0,green,2
J657,I3635,9845.0,9858.0,green,1
J657,I3771,10346.0,10350.0,green,2
J4140,I6756,20993.0,20995.0,brown,1
J4140,I7941,24835.0,24839.0,green,1
J2173,I1499,3126.0,3128.0,brown,2
J2173,I3484,9338.0,9339.0,green,1
J157,I518,864.0,865.0,green,1
J157,I550,926.0,928.0,green,2
J157,I582,991.0,992.0,green,1
J65,I131,187.0,188.0,green,1
J65,I163,234.0,236.0,green,2
J65,I259,420.0,421.0,green,1
J65,I291,473.0,474.0,green,1
J65,I515,858.0,861.0,green,1
J1334,I1830,3961.0,3975.0,green,1
J1334,I1894,4183.0,4185.0,green,2
J1334,I2598,6382.0,6385.0,green,3
J3209,I5389,16188.0,16189.0,green,1
J3209,I5421,16269.0,16272.0,green,2
J3126,I5997,18392.0,18395.0,green,3
J3548,I3685,10012.0,10016.0,green,1
J2179,I2523,6143.0,6146.0,brown,2
J2179,I5596,16914.0,16920.0,green,2
J2179,I9313,28370.0,28373.0,green,1
J2179,I9376,28503.0,28504.0,green,1
J3902,I5235,15683.0,15691.0,brown,2
J2518,I3000,7621.0,7630.0,green,1
J2518,I3032,7721.0,7729.0,green,2
J3021,I5223,15647.0,15648.0,brown,1
J3021,I5256,15773.0,15774.0,green,1
J3021,I5688,17250.0,17251.0,green,1
J3021,I5752,17505.0,17512.0,green,1
J77,I1237,2499.0,2506.0,green,2
J77,I3749,10243.0,10250.0,green,4
J4766,I7299,22896.0,22905.0,green,5
J2310,I2570,6310.0,6312.0,green,1
J2310,I2602,6397.0,6398.0,green,1
J2310,I2634,6484.0,6485.0,green,1
J2310,I4554,13039.0,13040.0,green,1
J3197,I5280,15843.0,15850.0,green,1
J3197,I5488,16485.0,16486.0,green,1
J3197,I6224,19122.0,19135.0,green,1
J2977,I1138,2257.0,2264.0,green,1
J2977,I1329,2742.0,2743.0,brown,1
J2977,I1586,3330.0,3331.0,green,1
J2977,I1906,4216.0,4218.0,green,1
J4461,I8300,25846.0,25848.0,brown,2
J4461,I8973,27555.0,27557.0,green,1
J184,I799,1479.0,1486.0,green,1
J184,I4821,14100.0,14111.0,green,2
J2667,I4386,12479.0,12483.0,brown,1
J2667,I4579,13179.0,13183.0,green,2
J1799,I2199,5167.0,5170.0,green,2
J1799,I3447,9205.0,9213.0,green,2
J4853,I5063,15006.0,15017.0,green,4
J213,I985,1888.0,1890.0,brown,1
J213,I5914,18057.0,18065.0,green,1
J213,I8442,26181.0,26193.0,green,1
J213,I8986,27587.0,27592.0,green,1
J1808,I3601,9716.0,9724.0,green,2
J12,I75,106.0,107.0,brown,1
J12,I203,315.0,316.0,brown,1
J12,I9196,28095.0,28098.0,green,1
J1052,I2688,6632.0,6636.0,brown,1
J1052,I2752,6800.0,6801.0,brown,1
J1052,I2784,6901.0,6908.0,brown,1
J1052,I4257,12031.0,12033.0,green,1
J1052,I6721,20857.0,20870.0,green,1
J1052,I8337,25943.0,25945.0,green,1
J2804,I8493,26328.0,26335.0,green,2
J2804,I9069,27759.0,27762.0,green,1
J2804,I9453,28665.0,28670.0,green,1
J1771,I2944,7425.0,7431.0,green,4
J1379,I920,1742.0,1743.0,brown,1
J1379,I984,1886.0,1888.0,brown,1
J1379,I1720,3669.0,3674.0,brown,1
J1379,I8265,25749.0,25750.0,green,1
J4044,I6393,19689.0,19694.0,green,2
J4044,I8153,25443.0,25445.0,green,2
J4044,I8569,26522.0,26528.0,green,1
J1996,I3859,10685.0,10688.0,brown,1
J1996,I9876,29551.0,29552.0,green,1
J1996,I10004,29768.0,29769.0,green,1
J3188,I1853,4046.0,4048.0,green,1
J3188,I3453,9240.0,9241.0,green,1
J3188,I3485,9339.0,9341.0,green,1
J3188,I5661,17172.0,17173.0,green,1
J4917,I4331,12298.0,12299.0,brown,1
J4917,I5740,17446.0,17454.0,green,1
J4917,I5900,18012.0,18015.0,green,1
J4917,I6860,21398.0,21405.0,green,1
J4136,I1688,3572.0,3573.0,brown,1
J4136,I4505,12852.0,12855.0,green,1
J4136,I8665,26791.0,26792.0,green,1
J3485,I6821,21244.0,21245.0,brown,1
J3485,I6853,21361.0,21365.0,brown,4
J1920,I1436,2998.0,2999.0,brown,1
J1920,I3325,8746.0,8758.0,green,1
J1920,I5341,16041.0,16052.0,green,3
J224,I741,1342.0,1345.0,green,3
J2606,I3748,10241.0,10243.0,brown,2
J2606,I3844,10640.0,10646.0,brown,2
J2606,I4069,11408.0,11414.0,green,1
J2606,I4356,12392.0,12398.0,brown,1
J2711,I5546,16699.0,16708.0,green,1
J2711,I8970,27551.0,27553.0,green,1
J2711,I9098,27821.0,27827.0,green,2
J2248,I4591,13225.0,13230.0,green,5
J2248,I4623,13368.0,13374.0,green,1
J1230,I8659,26771.0,26773.0,green,1
J1230,I9015,27648.0,27649.0,green,1
J1230,I9079,27783.0,27784.0,green,1
J1230,I9111,27851.0,27855.0,green,2
J4529,I7211,22628.0,22632.0,green,1
J4529,I9463,28699.0,28703.0,green,1
J1836,I3215,8356.0,8359.0,green,2
J1836,I3502,9407.0,9412.0,brown,1
J4212,I1304,2682.0,2685.0,brown,2
J4212,I5113,15215.0,15221.0,green,2
J4242,I6266,19280.0,19289.0,green,1
J4242,I7002,21901.0,21909.0,green,2
J4242,I7258,22774.0,22782.0,green,1
J4648,I2755,6804.0,6805.0,brown,1
J4648,I2851,7133.0,7134.0,brown,1
J4648,I9268,28251.0,28253.0,green,1
J1094,I1331,2744.0,2754.0,brown,4
J1094,I4884,14347.0,14354.0,green,1
J1094,I8428,26146.0,26149.0,green,1
J1077,I1321,2723.0,2724.0,brown,1
J1077,I1545,3236.0,3241.0,brown,2
J1077,I8170,25484.0,25491.0,green,1
J1077,I8682,26842.0,26849.0,green,1
J2281,I3195,8289.0,8297.0,green,2
J2281,I3707,10081.0,10095.0,green,2
J2281,I4859,14241.0,14251.0,green,1
J2281,I6215,19094.0,19098.0,green,1
J4503,I3472,9285.0,9287.0,brown,1
J4503,I3504,9416.0,9421.0,brown,1
J4503,I3760,10283.0,10287.0,brown,1
J4503,I3889,10772.0,10786.0,green,2
J3885,I2526,6151.0,6170.0,green,3
J2684,I3760,10283.0,10287.0,brown,1
J2684,I5041,14916.0,14923.0,green,2
J4397,I3067,7840.0,7842.0,brown,2
J4397,I5148,15317.0,15337.0,green,2
J4397,I6940,21674.0,21675.0,green,1
J4397,I9820,29438.0,29442.0,green,1
J4215,I8148,25428.0,25431.0,green,3
J1964,I6628,20534.0,20535.0,green,1
J3768,I4244,12000.0,12007.0,brown,4
J2350,I2041,4663.0,4670.0,brown,1
J2350,I4474,12728.0,12738.0,green,1
J2350,I5914,18057.0,18065.0,green,1
J2350,I7674,24035.0,24047.0,green,2
J4041,I3602,9724.0,9725.0,green,1
J4041,I8254,25725.0,25728.0,green,2
J4661,I3285,8587.0,8596.0,brown,1
J4661,I8662,26782.0,26786.0,green,1
J4661,I9430,28616.0,28617.0,green,1
J4661,I9558,28925.0,28929.0,green,1
J2892,I5638,17057.0,17062.0,green,2
J3612,I1527,3196.0,3197.0,brown,1
J3612,I1783,3848.0,3851.0,brown,1
J3612,I7416,23299.0,23303.0,green,3
J3612,I8408,26097.0,26098.0,green,1
J4518,I2281,5396.0,5402.0,brown,4
J4518,I6698,20770.0,20773.0,green,1
J4518,I8634,26693.0,26699.0,green,1
J3626,I5285,15866.0,15873.0,green,1
J3626,I7845,24546.0,24554.0,green,4
J3626,I8985,27585.0,27587.0,green,1
J1180,I1447,3018.0,3026.0,green,2
J1180,I1542,3228.0,3233.0,brown,2
J2058,I6838,21309.0,21312.0,green,1
J2058,I7414,23285.0,23298.0,green,1
J1943,I2226,5250.0,5251.0,green,1
J1943,I2258,5337.0,5339.0,green,2
J1943,I2290,5440.0,5445.0,green,1
J1943,I3410,9081.0,9087.0,green,1
J3012,I5894,17995.0,18001.0,green,1
J3012,I6854,21365.0,21374.0,green,2
J3012,I6918,21604.0,21606.0,green,2
J1091,I3664,9928.0,9947.0,green,2
J1091,I4336,12314.0,12322.0,green,2
J2292,I4647,13451.0,13454.0,green,3
J4965,I2872,7183.0,7186.0,brown,3
J4965,I2904,7300.0,7305.0,brown,1
J4965,I7497,23527.0,23531.0,green,2
J4778,I5383,16167.0,16172.0,green,2
J2475,I4336,12314.0,12322.0,green,1
J28,I6718,20843.0,20848.0,green,4
J2136,I4264,12050.0,12052.0,green,1
J2136,I4296,12165.0,12166.0,green,1
J2136,I4520,12915.0,12924.0,green,1
J2136,I4913,14420.0,14424.0,green,1
J3866,I2999,7619.0,7621.0,green,2
J1300,I2546,6239.0,6242.0,green,3
J1300,I3122,8053.0,8062.0,green,1
J3242,I2860,7159.0,7164.0,brown,1
J3242,I6349,19539.0,19540.0,green,1
J3242,I8125,25362.0,25366.0,green,1
J4995,I9062,27747.0,27749.0,green,2
J4995,I9286,28295.0,28306.0,green,2
J3463,I183,278.0,284.0,brown,4
J3463,I4344,12344.0,12347.0,green,1
J3251,I5593,16898.0,16905.0,green,2
J3251,I5689,17251.0,17262.0,green,2
J3340,I4216,11916.0,11918.0,brown,1
J3340,I4409,12557.0,12562.0,green,2
J3340,I6489,20061.0,20066.0,green,2
J3340,I7465,23455.0,23460.0,green,1
J2950,I3862,10692.0,10695.0,brown,3
J2950,I4438,12645.0,12648.0,brown,1
J2950,I5975,18302.0,18308.0,green,1
J2950,I6775,21062.0,21073.0,green,1
J3088,I1936,4319.0,4322.0,brown,1
J3088,I4912,14413.0,14420.0,brown,1
J3088,I6817,21223.0,21229.0,green,2
J4208,I7815,24464.0,24474.0,green,1
J4208,I7911,24737.0,24740.0,green,1
J4208,I7943,24841.0,24843.0,green,1
J4208,I8230,25668.0,25670.0,brown,1
J2467,I670,1192.0,1193.0,green,1
J3965,I5873,17886.0,17893.0,green,3
J4676,I7619,23891.0,23892.0,brown,1
J4676,I7747,24259.0,24265.0,brown,1
J4676,I7844,24545.0,24546.0,green,1
J4676,I7940,24834.0,24835.0,green,1
J1443,I1860,4074.0,4075.0,green,1
J1443,I2372,5659.0,5670.0,green,3
J4211,I4934,14487.0,14497.0,green,2
J4211,I4965,14628.0,14633.0,brown,1
J4211,I5286,15873.0,15874.0,green,1
J4211,I7110,22317.0,22327.0,green,1
J4211,I7686,24078.0,24079.0,green,1
J2517,I3754,10263.0,10267.0,green,4
J2517,I3818,10542.0,10552.0,green,2
J4265,I3761,10287.0,10293.0,brown,2
J4265,I9554,28897.0,28901.0,green,1
J4265,I9818,29436.0,29437.0,green,1
J4265,I9874,29548.0,29549.0,green,1
J939,I1845,4013.0,4019.0,green,1
J939,I1909,4222.0,4224.0,green,1
J939,I3781,10371.0,10373.0,green,1
J939,I4132,11623.0,11629.0,brown,1
J939,I4817,14078.0,14089.0,green,1
J3108,I9291,28312.0,28317.0,green,5
J3108,I9611,29021.0,29022.0,green,1
J736,I1326,2737.0,2739.0,brown,1
J934,I2332,5547.0,5548.0,green,1
J2965,I2940,7414.0,7416.0,green,2
J2965,I2972,7513.0,7515.0,green,1
J1561,I5316,15972.0,15976.0,green,2
J1561,I5988,18353.0,18361.0,green,3
J1561,I6596,20431.0,20438.0,green,1
J937,I2355,5622.0,5624.0,green,1
J937,I2643,6518.0,6521.0,green,1
J937,I3283,8573.0,8584.0,green,1
J1264,I6294,19363.0,19376.0,green,3
J1264,I7514,23572.0,23577.0,green,1
J1714,I272,445.0,447.0,brown,2
J1714,I5328,16006.0,16012.0,brown,1
J1714,I5520,16599.0,16601.0,brown,1
J1714,I5873,17886.0,17893.0,green,1
J1714,I6481,20025.0,20027.0,green,1
J1541,I2836,7083.0,7093.0,green,1
J1541,I3252,8473.0,8478.0,green,2
J1541,I4340,12330.0,12336.0,green,1
J1541,I5428,16290.0,16295.0,green,1
J2061,I462,764.0,765.0,brown,1
J2061,I1070,2081.0,2088.0,brown,3
J2061,I3983,11077.0,11078.0,green,1
J2061,I5999,18397.0,18399.0,green,1
J2071,I4538,13003.0,13004.0,green,1
J2071,I7709,24148.0,24150.0,green,2
J2013,I2845,7111.0,7118.0,green,1
J2013,I3036,7737.0,7738.0,brown,1
J4490,I5506,16544.0,16549.0,brown,3
J4490,I7715,24165.0,24166.0,green,1
J4490,I9059,27740.0,27741.0,green,1
J4490,I9411,28576.0,28582.0,green,1
J3987,I6359,19563.0,19571.0,green,5
J3987,I6391,19682.0,19685.0,green,1
J1053,I1709,3627.0,3636.0,brown,2
J1053,I5230,15665.0,15674.0,green,1
J1053,I6606,20463.0,20473.0,green,1
J2627,I2970,7501.0,7506.0,green,5
J2627,I3002,7642.0,7644.0,green,1
J1009,I2013,4575.0,4576.0,green,1
J1009,I3325,8746.0,8758.0,green,1
J4821,I6751,20975.0,20982.0,green,2
J4821,I6846,21335.0,21344.0,brown,2
J4092,I5898,18008.0,18011.0,green,1
J4092,I7882,24653.0,24657.0,green,1
J4092,I8458,26229.0,26235.0,green,1
J1299,I1044,2027.0,2030.0,green,2
J1299,I1108,2182.0,2186.0,green,1
J1299,I1236,2492.0,2499.0,green,3
J2583,I971,1858.0,1860.0,brown,1
J2583,I7024,21997.0,22003.0,green,3
J1857,I2058,4726.0,4728.0,green,2
J251,I273,447.0,448.0,brown,1
J251,I401,659.0,660.0,brown,1
J251,I625,1075.0,1080.0,brown,2
J251,I786,1455.0,1458.0,green,1
J251,I2802,6979.0,6982.0,green,1
J1069,I2835,7079.0,7083.0,green,4
J2661,I5055,14959.0,14980.0,green,4
J2767,I4541,13008.0,13013.0,green,3
J2767,I5660,17163.0,17172.0,green,1
J1423,I70,99.0,100.0,brown,1
J1423,I102,146.0,148.0,brown,1
J1423,I5735,17429.0,17433.0,green,2
J1423,I8999,27615.0,27616.0,green,1
J1423,I9063,27749.0,27750.0,green,1
J4981,I9542,28873.0,28874.0,brown,1
J4981,I9575,28953.0,28957.0,green,2
J4981,I9606,29008.0,29011.0,brown,1
J4981,I9639,29087.0,29088.0,green,1
J4981,I9671,29154.0,29156.0,green,1
J2089,I327,536.0,537.0,green,1
J2089,I2631,6470.0,6475.0,green,2
J2089,I3399,9012.0,9025.0,green,2
J1155,I2129,4954.0,4958.0,green,2
J1155,I2161,5079.0,5082.0,green,3
J2343,I9297,28333.0,28334.0,green,1
J2343,I9585,28973.0,28976.0,green,2
J2760,I4498,12828.0,12836.0,green,6
J1658,I3724,10136.0,10145.0,brown,1
J1658,I9453,28665.0,28670.0,green,3
J617,I1415,2964.0,2966.0,green,1
J617,I1542,3228.0,3233.0,brown,1
J1654,I2076,4779.0,4784.0,green,1
J1654,I6596,20431.0,20438.0,green,5
J256,I1529,3198.0,3201.0,green,1
J256,I1881,4149.0,4159.0,green,2
J256,I2233,5268.0,5278.0,green,2
J3429,I4398,12522.0,12523.0,brown,1
J3429,I6927,21636.0,21637.0,green,1
J3429,I8559,26499.0,26501.0,green,2
J1200,I2904,7300.0,7305.0,brown,1
J1200,I3064,7832.0,7836.0,brown,2
J1200,I3384,8946.0,8967.0,brown,2
J4696,I7644,23968.0,23969.0,green,1
J4696,I7676,24050.0,24052.0,green,2
J4696,I7996,24977.0,24979.0,green,1
J4696,I8124,25357.0,25362.0,green,1
J4803,I9831,29459.0,29463.0,green,4
J4803,I9927,29642.0,29643.0,green,1
J848,I681,1210.0,1211.0,green,1
J848,I2569,6306.0,6310.0,green,1
J485,I1386,2892.0,2896.0,green,1
J485,I1514,3164.0,3168.0,green,2
J485,I2826,7051.0,7054.0,green,1
J2111,I1852,4042.0,4046.0,green,3
J3665,I7116,22344.0,22359.0,green,1
J3665,I9132,27910.0,27912.0,green,1
J1482,I3554,9552.0,9564.0,green,1
J1482,I6402,19714.0,19721.0,green,1
J1482,I6722,20870.0,20872.0,green,1
J1482,I6754,20985.0,20987.0,green,1
J167,I352,579.0,580.0,green,1
J167,I384,631.0,632.0,green,1
J167,I1184,2371.0,2374.0,green,2
J1785,I2922,7359.0,7362.0,green,3
J1785,I3018,7687.0,7688.0,green,1
J1785,I3050,7785.0,7793.0,green,2
J350,I5100,15167.0,15169.0,green,1
J350,I7052,22084.0,22095.0,green,4
J350,I8332,25929.0,25931.0,green,1
J2340,I1821,3936.0,3938.0,brown,1
J2340,I2526,6151.0,6170.0,green,1
J2340,I5790,17621.0,17625.0,green,1
J4287,I6487,20054.0,20057.0,green,3
J4287,I6551,20285.0,20286.0,brown,1
J4287,I6711,20816.0,20819.0,brown,1
J4287,I7191,22577.0,22581.0,brown,1
J2721,I5457,16395.0,16399.0,green,1
J2721,I6869,21439.0,21444.0,green,3
J2721,I6873,21458.0,21460.0,green,2
J1127,I1958,4403.0,4405.0,green,2
J1127,I2022,4614.0,4617.0,green,2
J1127,I2374,5676.0,5680.0,green,1
J1127,I2430,5842.0,5853.0,green,1
J2052,I2005,4548.0,4551.0,green,1
J2004,I4240,11967.0,11968.0,brown,1
J2004,I4337,12322.0,12324.0,green,1
J2004,I4944,14555.0,14557.0,brown,2
J4230,I4470,12719.0,12721.0,green,2
J4230,I4534,12971.0,12973.0,green,1
J4230,I6422,19808.0,19815.0,green,3
J3457,I2934,7395.0,7396.0,green,1
J3457,I3254,8480.0,8481.0,green,1
J3457,I5174,15442.0,15443.0,green,1
J3457,I5862,17843.0,17853.0,green,1
J3457,I7096,22253.0,22265.0,green,2
J3013,I5593,16898.0,16905.0,green,5
J3013,I5945,18190.0,18209.0,green,1
J4210,I5378,16151.0,16155.0,brown,3
J2255,I3384,8946.0,8967.0,brown,1
J2255,I4537,12988.0,13003.0,green,1
J2255,I7817,24476.0,24479.0,green,2
J2082,I4344,12344.0,12347.0,green,1
J2082,I5944,18182.0,18190.0,green,1
J2082,I6824,21248.0,21258.0,green,1
J4353,I4802,14043.0,14045.0,brown,1
J4570,I6007,18418.0,18422.0,brown,1
J4570,I9752,29309.0,29311.0,green,1
J493,I1209,2434.0,2436.0,green,1
J493,I1401,2928.0,2934.0,green,4
J1888,I2266,5357.0,5358.0,green,1
J1888,I2458,5935.0,5940.0,green,1
J4081,I5280,15843.0,15850.0,green,2
J4081,I5568,16792.0,16797.0,green,1
J4081,I5855,17810.0,17815.0,brown,1
J897,I2222,5238.0,5240.0,green,2
J3589,I6095,18711.0,18712.0,green,1
J3589,I6735,20921.0,20922.0,green,1
J4973,I5036,14890.0,14900.0,brown,3
J4973,I9869,29538.0,29543.0,green,2
J3453,I4634,13407.0,13411.0,green,4
J3453,I5914,18057.0,18065.0,green,1
J277,I776,1423.0,1424.0,green,1
J277,I1192,2390.0,2392.0,green,1
J277,I2248,5315.0,5317.0,green,1
J277,I3400,9025.0,9033.0,green,1
J277,I4464,12696.0,12699.0,green,1
J277,I4757,13863.0,13870.0,green,1
J2864,I2641,6510.0,6516.0,green,6
J4539,I5908,18040.0,18045.0,green,5
J4539,I5940,18162.0,18167.0,green,1
J2366,I2849,7125.0,7131.0,brown,1
J2366,I3393,8993.0,8999.0,brown,1
J2366,I8130,25376.0,25382.0,green,2
J2093,I5160,15378.0,15381.0,green,1
J2093,I9648,29109.0,29113.0,green,3
J4147,I3707,10081.0,10095.0,green,1
J4147,I7067,22143.0,22152.0,green,1
J2327,I5641,17071.0,17084.0,green,1
J2327,I5737,17438.0,17443.0,green,2
J2327,I9833,29466.0,29468.0,green,1
J1562,I2369,5654.0,5655.0,green,1
J1562,I2465,5957.0,5960.0,brown,2
J2291,I3908,10851.0,10861.0,green,1
J2291,I5860,17828.0,17830.0,green,1
J2291,I6436,19881.0,19883.0,green,1
J2291,I7096,22253.0,22265.0,green,3
J1499,I1084,2109.0,2111.0,green,1
J1499,I2076,4779.0,4784.0,green,2
J1499,I4464,12696.0,12699.0,green,1
J1731,I2406,5793.0,5796.0,green,1
J1731,I2470,5980.0,5982.0,green,2
J1731,I5254,15764.0,15767.0,green,3
J197,I341,559.0,560.0,green,1
J197,I2501,6080.0,6090.0,green,3
J2983,I4478,12748.0,12753.0,green,3
J2983,I4670,13522.0,13526.0,green,1
J2409,I2200,5170.0,5178.0,green,2
J2409,I2456,5926.0,5932.0,green,1
J2409,I3192,8267.0,8273.0,green,1
J2409,I4760,13883.0,13888.0,green,2
J2217,I1647,3481.0,3484.0,brown,1
J2217,I7312,22956.0,22974.0,green,1
J2217,I7728,24197.0,24200.0,green,1
J2217,I7792,24393.0,24398.0,green,3
J5000,I4468,12711.0,12716.0,brown,1
J5000,I5204,15580.0,15588.0,brown,1
J5000,I9429,28614.0,28616.0,green,2
J5000,I9589,28980.0,28981.0,green,1
J5000,I10085,29888.0,29892.0,green,1
J847,I105,150.0,151.0,green,1
J847,I521,872.0,873.0,green,1
J847,I2973,7515.0,7522.0,green,3
J1575,I3340,8789.0,8796.0,green,1
J1575,I7052,22084.0,22095.0,green,2
J4507,I5777,17584.0,17585.0,brown,1
J4507,I6001,18404.0,18409.0,brown,5
J1982,I2959,7459.0,7463.0,brown,2
J1982,I3503,9412.0,9416.0,brown,1
J1982,I6809,21187.0,21197.0,green,1
J52,I28,33.0,34.0,green,1
J52,I1180,2360.0,2363.0,green,1
J4488,I5714,17346.0,17350.0,green,1
J4488,I5874,17893.0,17909.0,green,1
J4488,I6386,19655.0,19663.0,green,1
J4488,I8722,26946.0,26950.0,green,1
J3491,I4560,13075.0,13077.0,brown,1
J3491,I5232,15676.0,15678.0,brown,1
J3491,I6977,21796.0,21800.0,green,2
J3800,I4839,14170.0,14175.0,brown,3
J3800,I8648,26737.0,26743.0,green,1
J3277,I485,804.0,808.0,brown,2
J2268,I4525,12935.0,12944.0,green,6
J1614,I1933,4311.0,4312.0,brown,1
J1614,I2285,5422.0,5423.0,brown,1
J1614,I2861,7164.0,7166.0,brown,1
J1614,I6062,18607.0,18609.0,green,2
J3345,I4584,13194.0,13196.0,green,1
J3154,I3163,8187.0,8190.0,green,3
J3154,I3195,8289.0,8297.0,green,1
J4624,I6226,19138.0,19139.0,green,1
J4624,I6290,19356.0,19358.0,green,1
J4313,I5825,17719.0,17722.0,brown,3
J4313,I8254,25725.0,25728.0,green,1
J4313,I8441,26179.0,26181.0,green,1
J4313,I8494,26335.0,26337.0,green,1
J212,I726,1302.0,1311.0,green,2
J212,I2133,4967.0,4969.0,brown,1
J212,I2774,6861.0,6869.0,green,1
J212,I2998,7612.0,7619.0,green,1
J1626,I1706,3615.0,3616.0,brown,1
J1626,I4011,11185.0,11187.0,green,2
J1626,I5483,16472.0,16479.0,green,2
J1626,I8651,26746.0,26749.0,green,1
J372,I2471,5982.0,5985.0,green,1
J372,I7015,21960.0,21967.0,green,3
J372,I7061,22115.0,22121.0,green,1
J2981,I2279,5394.0,5395.0,brown,1
J2981,I2311,5498.0,5504.0,brown,4
J2505,I2556,6270.0,6273.0,green,1
J2505,I5532,16645.0,16656.0,green,1
J2505,I6972,21779.0,21787.0,green,2
J190,I113,164.0,166.0,green,2
J190,I2769,6835.0,6850.0,green,1
J190,I5041,14916.0,14923.0,green,1
J190,I5169,15411.0,15413.0,green,1
J2053,I1545,3236.0,3241.0,brown,1
J2053,I1866,4085.0,4089.0,green,1
J2704,I5268,15800.0,15805.0,green,1
J2704,I5460,16405.0,16409.0,green,2
J2704,I5492,16497.0,16502.0,green,1
J2704,I6932,21646.0,21654.0,green,2
J4663,I4462,12691.0,12692.0,brown,1
J4663,I9537,28856.0,28861.0,green,1
J4886,I7338,23066.0,23067.0,brown,1
J4886,I7530,23616.0,23617.0,brown,1
J4886,I7594,23787.0,23794.0,brown,3
J4886,I9675,29159.0,29163.0,green,1
J4600,I8655,26755.0,26758.0,green,3
J4600,I8975,27558.0,27570.0,green,1
J4600,I9295,28329.0,28330.0,green,1
J3792,I5686,17241.0,17242.0,green,1
J3792,I6294,19363.0,19376.0,green,1
J3919,I4278,12106.0,12108.0,green,1
J3919,I4373,12438.0,12440.0,brown,1
J4074,I4157,11690.0,11692.0,brown,1
J4074,I4670,13522.0,13526.0,green,1
J4074,I7518,23583.0,23592.0,green,1
J4074,I8134,25393.0,25397.0,green,1
J4232,I4055,11353.0,11362.0,green,1
J4232,I4374,12440.0,12446.0,brown,1
J4232,I5206,15591.0,15597.0,brown,1
J4290,I4689,13599.0,13601.0,brown,1
J4290,I5010,14794.0,14801.0,green,1
J4290,I7314,22975.0,22989.0,green,3
J2237,I3744,10230.0,10234.0,brown,2
J2237,I5921,18079.0,18089.0,green,1
J4280,I4049,11333.0,11334.0,brown,1
J4280,I6834,21285.0,21288.0,green,1
J4280,I8626,26674.0,26677.0,green,1
J2351,I8978,27574.0,27576.0,green,2
J2351,I9170,28018.0,28022.0,green,1
J4884,I6970,21776.0,21778.0,brown,2
J4884,I7995,24975.0,24977.0,green,1
J4884,I9307,28351.0,28352.0,green,1
J4884,I9371,28490.0,28492.0,green,1
J4884,I9791,29388.0,29392.0,green,1
J1079,I901,1686.0,1691.0,green,1
J1079,I1029,1986.0,1988.0,green,2
J1079,I2085,4805.0,4813.0,green,2
J2554,I2757,6807.0,6808.0,brown,1
J2554,I7142,22444.0,22450.0,green,2
J2554,I8550,26475.0,26477.0,green,2
J2554,I8582,26566.0,26567.0,green,1
J732,I5660,17163.0,17172.0,green,2
J732,I8988,27593.0,27594.0,green,1
J732,I9052,27724.0,27727.0,green,1
J732,I9372,28492.0,28495.0,green,2
J2994,I9287,28306.0,28307.0,green,1
J4436,I7246,22735.0,22736.0,brown,1
J4436,I7567,23708.0,23710.0,green,2
J4436,I8143,25416.0,25419.0,green,2
J4370,I4215,11910.0,11916.0,brown,3
J4370,I9632,29069.0,29073.0,green,3
J1565,I3175,8233.0,8237.0,green,2
J1565,I7047,22070.0,22073.0,green,1
J1229,I285,465.0,468.0,green,3
J1229,I317,518.0,519.0,green,1
J1229,I573,971.0,972.0,green,1
J2386,I1764,3786.0,3792.0,green,1
J1220,I1513,3163.0,3164.0,green,1
J1220,I1865,4083.0,4085.0,green,1
J1220,I3817,10538.0,10542.0,green,1
J3230,I6429,19839.0,19858.0,green,2
J4143,I4217,11918.0,11919.0,brown,1
J4143,I4314,12238.0,12246.0,green,2
J4143,I4858,14239.0,14241.0,green,1
J4554,I2241,5298.0,5300.0,brown,2
J4554,I2753,6801.0,6802.0,brown,1
J4554,I8898,27370.0,27375.0,green,1
J1853,I2944,7425.0,7431.0,green,1
J1853,I3328,8763.0,8769.0,green,1
J1853,I3520,9469.0,9473.0,green,1
J122,I4592,13230.0,13240.0,green,1
J122,I4622,13353.0,13368.0,green,2
J961,I1479,3085.0,3086.0,green,1
J961,I2119,4919.0,4931.0,green,1
J961,I3143,8127.0,8131.0,green,1
J961,I5447,16359.0,16372.0,green,2
J1287,I1715,3658.0,3659.0,brown,1
J1287,I2067,4744.0,4745.0,brown,1
J1287,I2484,6017.0,6026.0,green,3
J1143,I178,266.0,268.0,brown,1
J1143,I7859,24595.0,24599.0,green,4
J1143,I8531,26417.0,26424.0,green,1
J4373,I2864,7170.0,7171.0,brown,1
J4373,I4752,13849.0,13853.0,brown,1
J4520,I8974,27557.0,27558.0,green,1
J4520,I8982,27581.0,27583.0,green,1
J4520,I9022,27659.0,27663.0,green,2
J2659,I5173,15425.0,15442.0,green,5
J2659,I5204,15580.0,15588.0,brown,1
J4717,I4375,12446.0,12452.0,brown,3
J4717,I6680,20695.0,20698.0,green,1
J4717,I8664,26790.0,26791.0,green,1
J4717,I9208,28120.0,28122.0,green,1
J2382,I2308,5486.0,5490.0,green,2
J2382,I2339,5571.0,5572.0,brown,1
J2382,I2435,5866.0,5867.0,brown,1
J2382,I2531,6187.0,6194.0,brown,2
J1428,I2569,6306.0,6310.0,green,1
J1428,I2824,7044.0,7047.0,brown,1
J1428,I4041,11292.0,11298.0,green,2
J1428,I4169,11726.0,11731.0,green,1
J1428,I5785,17613.0,17615.0,green,1
J1249,I2445,5900.0,5901.0,green,1
J1249,I2477,5998.0,5999.0,green,1
J1249,I2637,6495.0,6501.0,green,2
J1249,I2909,7319.0,7327.0,green,1
J1249,I2973,7515.0,7522.0,green,1
J1215,I2436,5867.0,5872.0,brown,3
J1215,I9061,27744.0,27747.0,green,1
J1717,I3432,9158.0,9170.0,brown,1
J3053,I1701,3604.0,3608.0,brown,2
J3053,I7910,24734.0,24737.0,green,1
J1763,I2509,6107.0,6108.0,green,1
J1763,I4725,13727.0,13739.0,green,4
J1763,I5005,14784.0,14787.0,green,1
J2894,I3707,10081.0,10095.0,green,2
J2894,I6171,18951.0,18955.0,green,2
J3938,I5288,15881.0,15884.0,green,2
J3938,I5511,16568.0,16569.0,brown,1
J3938,I5671,17198.0,17203.0,brown,2
J3938,I6152,18886.0,18889.0,green,1
J3501,I1611,3389.0,3392.0,brown,1
J3501,I2859,7148.0,7159.0,brown,1
J3501,I3756,10275.0,10276.0,green,1
J3501,I5100,15167.0,15169.0,green,1
J3501,I6924,21615.0,21617.0,green,1
J3501,I7308,22947.0,22949.0,green,1
J3911,I6844,21327.0,21329.0,green,2
J3911,I7324,23019.0,23028.0,brown,3
J2006,I6742,20947.0,20951.0,green,2
J2006,I7350,23097.0,23101.0,green,1
J2006,I9270,28260.0,28267.0,green,2
J1582,I3047,7771.0,7780.0,green,2
J1582,I3751,10256.0,10258.0,green,1
J1582,I4871,14296.0,14305.0,green,2
J1582,I5383,16167.0,16172.0,green,1
J318,I924,1748.0,1753.0,brown,1
J318,I1085,2111.0,2113.0,green,1
J318,I1245,2525.0,2528.0,green,2
J1059,I908,1699.0,1701.0,green,1
J1059,I1036,2005.0,2010.0,green,2
J1059,I2444,5893.0,5900.0,green,2
J1059,I3212,8350.0,8352.0,green,1
J2503,I5109,15201.0,15202.0,green,1
J2503,I5141,15303.0,15304.0,green,1
J3151,I2205,5193.0,5194.0,brown,1
J3151,I2237,5284.0,5286.0,brown,2
J3151,I3293,8627.0,8628.0,brown,1
J3151,I6996,21879.0,21880.0,green,1
J4996,I6963,21749.0,21750.0,brown,1
J2323,I3681,9996.0,9998.0,green,1
J2323,I4129,11613.0,11618.0,green,3
J2323,I6593,20405.0,20411.0,green,2
J2175,I4405,12538.0,12545.0,green,3
J2175,I6289,19343.0,19356.0,green,1
J2175,I6341,19519.0,19526.0,green,1
J1450,I9610,29016.0,29021.0,green,1
J1450,I9642,29096.0,29097.0,green,1
J1450,I9674,29158.0,29159.0,green,1
J1450,I9808,29414.0,29418.0,green,2
J1450,I9834,29468.0,29470.0,green,1
J2490,I3820,10558.0,10562.0,green,2
J2490,I5148,15317.0,15337.0,green,1
J265,I523,874.0,875.0,green,1
J265,I1515,3168.0,3169.0,green,1
J265,I2091,4832.0,4842.0,green,3
J265,I2827,7054.0,7058.0,green,1
J4949,I3937,10934.0,10936.0,brown,2
J4949,I4001,11143.0,11146.0,brown,1
J4949,I10082,29885.0,29886.0,green,1
J3700,I269,440.0,441.0,brown,1
J3700,I5550,16712.0,16729.0,green,3
J3700,I8110,25320.0,25327.0,green,1
J3700,I8622,26659.0,26668.0,green,1
J4856,I7858,24591.0,24595.0,green,1
J4856,I7922,24766.0,24775.0,green,2
J4856,I9010,27635.0,27639.0,green,2
J4856,I9330,28402.0,28406.0,green,1
J2312,I2398,5768.0,5775.0,green,2
J2312,I3710,10099.0,10101.0,green,2
J2312,I4062,11385.0,11392.0,green,1
J2312,I4126,11609.0,11610.0,green,1
J4979,I9359,28463.0,28470.0,green,1
J4979,I9455,28673.0,28684.0,green,3
J4979,I9999,29758.0,29761.0,green,1
J2371,I3549,9540.0,9544.0,green,3
J2371,I6429,19839.0,19858.0,green,2
J18,I187,289.0,290.0,brown,1
J18,I316,517.0,518.0,green,1
J18,I924,1748.0,1753.0,brown,1
J18,I2108,4871.0,4873.0,green,2
J864,I364,596.0,597.0,brown,1
J864,I1165,2323.0,2326.0,green,2
J864,I1997,4518.0,4526.0,green,2
J1063,I171,250.0,254.0,green,3
J1063,I202,314.0,315.0,brown,1
J1063,I331,541.0,542.0,green,1
J1063,I427,707.0,708.0,brown,1
J3116,I2463,5955.0,5956.0,brown,1
J3116,I2655,6547.0,6551.0,brown,2
J3116,I4576,13160.0,13171.0,green,1
J3116,I5056,14980.0,14991.0,green,1
J3116,I8577,26549.0,26550.0,green,1
J4484,I6294,19363.0,19376.0,green,1
J4484,I6422,19808.0,19815.0,green,1
J4484,I7414,23285.0,23298.0,green,1
J4484,I8446,26200.0,26202.0,green,2
J990,I2070,4749.0,4752.0,brown,1
J990,I3799,10455.0,10480.0,green,1
J990,I5463,16412.0,16416.0,green,1
J990,I8103,25289.0,25290.0,green,1
J4022,I4145,11663.0,11666.0,green,3
J4022,I4273,12091.0,12094.0,green,2
J4449,I2536,6210.0,6212.0,brown,1
J4449,I6825,21258.0,21259.0,green,1
J4449,I8489,26308.0,26318.0,green,1
J4876,I8461,26246.0,26247.0,green,1
J4876,I9421,28598.0,28599.0,green,1
J4876,I9581,28968.0,28970.0,green,1
J4876,I9613,29025.0,29030.0,green,1
J398,I3400,9025.0,9033.0,green,1
J398,I3912,10868.0,10870.0,green,2
J3711,I2774,6861.0,6869.0,green,1
J3711,I2901,7286.0,7294.0,brown,1
J4577,I8642,26714.0,26722.0,green,4
J4577,I8802,27126.0,27131.0,green,1
J4577,I9794,29396.0,29398.0,green,1
J3465,I9726,29264.0,29269.0,green,1
J2507,I3098,7959.0,7962.0,green,2
J2507,I3161,8178.0,8186.0,brown,1
J2507,I5594,16905.0,16913.0,green,1
J491,I2076,4779.0,4784.0,green,1
J491,I7260,22784.0,22799.0,green,2
J3925,I6694,20744.0,20750.0,green,5
J3925,I6758,21001.0,21005.0,green,1
J4589,I5140,15298.0,15303.0,green,3
J4589,I5203,15573.0,15580.0,brown,1
J4589,I6196,19022.0,19025.0,green,1
J2563,I4517,12897.0,12906.0,green,4
J2091,I3618,9782.0,9788.0,brown,3
J2091,I3650,9895.0,9899.0,brown,1
J4158,I3479,9309.0,9315.0,brown,1
J2465,I3174,8230.0,8233.0,green,3
J2465,I3782,10373.0,10391.0,green,2
J2465,I5970,18291.0,18292.0,green,1
J2403,I3865,10702.0,10704.0,brown,2
J2403,I4058,11372.0,11375.0,green,2
J2403,I5465,16417.0,16424.0,brown,1
J2898,I1625,3417.0,3426.0,brown,2
J894,I1254,2545.0,2548.0,green,1
J894,I2406,5793.0,5796.0,green,1
J894,I5894,17995.0,18001.0,green,3
J351,I1066,2071.0,2075.0,brown,2
J351,I6859,21382.0,21398.0,green,1
J351,I6891,21519.0,21529.0,green,1
J351,I7307,22936.0,22947.0,green,2
J4048,I3037,7738.0,7747.0,brown,1
J4048,I7390,23201.0,23216.0,green,3
J3177,I4335,12309.0,12314.0,green,1
J1128,I2849,7125.0,7131.0,brown,2
J1128,I3554,9552.0,9564.0,green,1
J4402,I4701,13646.0,13652.0,brown,2
J2357,I8685,26853.0,26855.0,green,2
J2357,I8749,27017.0,27020.0,green,1
J492,I1247,2529.0,2533.0,green,3
J492,I4725,13727.0,13739.0,green,1
J3362,I3682,9998.0,10005.0,green,1
J3362,I3713,10103.0,10107.0,brown,3
J3362,I3745,10234.0,10238.0,brown,1
J3362,I7938,24832.0,24833.0,green,1
J2740,I4861,14252.0,14256.0,green,3
J2740,I5053,14954.0,14956.0,green,1
J2740,I6973,21787.0,21790.0,green,1
J2740,I6989,21839.0,21857.0,green,1
J2399,I3704,10076.0,10078.0,green,2
J2399,I3768,10316.0,10317.0,green,1
J2399,I3800,10480.0,10482.0,green,2
J2399,I4728,13744.0,13754.0,green,1
J1157,I1048,2036.0,2037.0,green,1
J1157,I1112,2190.0,2192.0,green,1
J1157,I1176,2349.0,2351.0,green,1
J1157,I3320,8716.0,8721.0,green,1
J1157,I4760,13883.0,13888.0,green,1
J1157,I4920,14455.0,14460.0,green,1
J2455,I4053,11349.0,11352.0,green,2
J2455,I4436,12636.0,12643.0,brown,1
J2455,I4645,13437.0,13448.0,green,1
J2455,I6325,19461.0,19464.0,green,2
J2911,I4415,12570.0,12574.0,brown,1
J2911,I5056,14980.0,14991.0,green,5
J958,I1026,1970.0,1971.0,green,1
J958,I1058,2054.0,2061.0,green,2
J958,I1186,2375.0,2378.0,green,1
J1051,I1906,4216.0,4218.0,green,1
J1051,I4178,11767.0,11785.0,green,1
J1051,I4530,12955.0,12962.0,green,1
J4460,I445,735.0,737.0,brown,2
J4460,I1021,1958.0,1960.0,brown,1
J4460,I1373,2861.0,2868.0,brown,1
J4460,I8382,26053.0,26054.0,green,1
J4460,I8926,27444.0,27448.0,green,1
J4839,I5775,17578.0,17581.0,brown,1
J4839,I6544,20262.0,20265.0,green,3
J4839,I6704,20789.0,20792.0,green,1
J4839,I8176,25501.0,25513.0,green,1
J2474,I4575,13158.0,13160.0,green,2
J2474,I6271,19302.0,19306.0,green,2
J2830,I5012,14804.0,14816.0,brown,4
J2830,I6437,19883.0,19890.0,green,2
J2002,I3217,8363.0,8378.0,green,4
J2643,I2173,5110.0,5113.0,green,3
J2643,I2269,5367.0,5368.0,green,1
J2643,I2333,5548.0,5552.0,green,1
J2643,I3325,8746.0,8758.0,green,1
J4752,I3646,9878.0,9886.0,brown,1
J4752,I5663,17177.0,17179.0,green,1
J4752,I6431,19865.0,19871.0,green,1
J1484,I3446,9202.0,9205.0,green,2
J1484,I6294,19363.0,19376.0,green,1
J1484,I7638,23946.0,23953.0,green,1
J796,I1346,2788.0,2790.0,brown,1
J796,I3683,10005.0,10007.0,green,2
J796,I6891,21519.0,21529.0,green,1
J796,I7291,22874.0,22876.0,green,1
J4864,I5932,18138.0,18145.0,green,6
J4443,I7930,24804.0,24805.0,green,1
J4443,I9050,27720.0,27723.0,green,1
J4443,I9872,29545.0,29547.0,green,2
J1657,I1021,1958.0,1960.0,brown,1
J1657,I3166,8194.0,8196.0,green,1
J838,I6620,20511.0,20514.0,green,1
J838,I7048,22073.0,22074.0,green,1
J838,I7673,24033.0,24035.0,green,2
J838,I7904,24702.0,24706.0,green,1
J3420,I2213,5215.0,5217.0,brown,1
J3420,I4390,12495.0,12503.0,green,1
J3420,I7390,23201.0,23216.0,green,1
J3420,I7646,23972.0,23976.0,green,2
J1897,I2361,5638.0,5642.0,green,1
J1897,I2393,5755.0,5761.0,green,2
J1897,I3353,8834.0,8851.0,green,1
J1897,I5945,18190.0,18209.0,green,1
J1107,I2680,6618.0,6621.0,green,3
J1107,I2776,6870.0,6876.0,green,2
J2651,I3889,10772.0,10786.0,green,1
J2651,I5328,16006.0,16012.0,brown,1
J4938,I8369,26014.0,26019.0,brown,3
J3804,I5863,17853.0,17863.0,green,2
J3804,I6055,18584.0,18590.0,green,1
J3804,I6151,18876.0,18886.0,green,1
J3804,I6695,20750.0,20755.0,green,1
J3804,I7943,24841.0,24843.0,green,1
J509,I790,1461.0,1462.0,green,1
J509,I822,1539.0,1543.0,green,2
J4455,I4389,12491.0,12495.0,brown,2
J1149,I2392,5754.0,5755.0,green,1
J1149,I3464,9271.0,9274.0,green,2
J1515,I2076,4779.0,4784.0,green,1
J1515,I7004,21911.0,21919.0,green,2
J1515,I7328,23040.0,23043.0,green,3
J2853,I964,1849.0,1850.0,brown,1
J2853,I1957,4397.0,4403.0,green,3
J2853,I6437,19883.0,19890.0,green,1
J3213,I2290,5440.0,5445.0,green,2
J2873,I4100,11530.0,11537.0,brown,2
J2873,I6949,21698.0,21707.0,green,2
J2014,I2879,7204.0,7210.0,brown,2
J2014,I6176,18966.0,18967.0,green,1
J1,I1250,2536.0,2537.0,green,1
J1,I6215,19094.0,19098.0,green,1
J2119,I5400,16212.0,16216.0,green,2
J373,I4996,14722.0,14734.0,green,1
J373,I6468,19968.0,19978.0,green,3
J2539,I5063,15006.0,15017.0,green,3
J3402,I6608,20475.0,20481.0,green,2
J3402,I7312,22956.0,22974.0,green,2
J3402,I7728,24197.0,24200.0,green,2
J963,I1781,3842.0,3847.0,green,2
J963,I5396,16200.0,16205.0,brown,1
J4667,I5751,17502.0,17505.0,green,1
J4667,I9815,29431.0,29433.0,green,1
J4667,I9977,29723.0,29724.0,green,1
J1339,I2550,6248.0,6249.0,green,1
J1339,I2646,6526.0,6529.0,green,1
J1339,I2998,7612.0,7619.0,green,3
J1339,I5179,15455.0,15467.0,green,1
J4330,I4964,14627.0,14628.0,brown,1
J4330,I5284,15863.0,15866.0,brown,1
J4330,I6405,19736.0,19742.0,green,1
J4159,I6608,20475.0,20481.0,green,3
J4705,I6846,21335.0,21344.0,brown,3
J4705,I8031,25078.0,25079.0,green,1
J4528,I5382,16163.0,16167.0,green,2
J4528,I5990,18364.0,18371.0,green,1
J4528,I7814,24463.0,24464.0,green,1
J2666,I1827,3956.0,3957.0,green,1
J2666,I3171,8215.0,8223.0,green,1
J4541,I5852,17805.0,17808.0,brown,2
J166,I508,844.0,845.0,green,1
J166,I2012,4572.0,4575.0,green,1
J1446,I2321,5523.0,5527.0,green,3
J1446,I2353,5612.0,5615.0,green,3
J4961,I6573,20345.0,20348.0,brown,3
J4961,I6765,21018.0,21024.0,brown,3
J4051,I1789,3864.0,3867.0,brown,2
J4051,I6398,19706.0,19707.0,green,1
J4051,I7006,21922.0,21924.0,green,1
J4051,I7614,23879.0,23883.0,green,2
J164,I2927,7378.0,7384.0,green,4
J4248,I6547,20275.0,20282.0,green,1
J4248,I6578,20365.0,20367.0,brown,2
J1693,I2379,5713.0,5715.0,green,1
J1693,I3851,10660.0,10666.0,green,2
J2601,I3292,8621.0,8627.0,brown,2
J2601,I3356,8859.0,8866.0,brown,1
J2601,I5917,18068.0,18074.0,green,2
J2601,I9021,27657.0,27659.0,green,1
J606,I1269,2590.0,2592.0,green,2
J606,I2357,5625.0,5632.0,green,1
J3975,I1220,2457.0,2458.0,brown,1
J3975,I1412,2960.0,2962.0,brown,1
J3975,I4132,11623.0,11629.0,brown,1
J3975,I6917,21599.0,21604.0,green,1
J4256,I6307,19407.0,19410.0,brown,3
J4400,I3711,10101.0,10102.0,brown,1
J4400,I4576,13160.0,13171.0,green,2
J4400,I8512,26370.0,26374.0,green,1
J2632,I3164,8190.0,8193.0,green,2
J2632,I5052,14953.0,14954.0,green,1
J2632,I8108,25312.0,25315.0,green,2
J189,I116,168.0,170.0,green,1
J189,I724,1295.0,1301.0,green,2
J189,I820,1533.0,1537.0,green,1
J189,I2372,5659.0,5670.0,green,1
J189,I2973,7515.0,7522.0,green,1
J742,I5944,18182.0,18190.0,green,3
J4948,I8273,25778.0,25781.0,brown,3
J4948,I8305,25861.0,25863.0,brown,2
J1477,I2502,6090.0,6095.0,green,1
J1477,I3782,10373.0,10391.0,green,2
J3261,I4622,13353.0,13368.0,green,1
J3261,I5710,17326.0,17334.0,green,4
J1245,I4759,13872.0,13883.0,green,6
J2699,I2065,4740.0,4741.0,brown,1
J2699,I2961,7464.0,7471.0,brown,1
J2699,I3057,7805.0,7806.0,brown,1
J2699,I3921,10891.0,10899.0,brown,2
J2699,I4178,11767.0,11785.0,green,1
J513,I7525,23606.0,23610.0,green,1
J1329,I2601,6390.0,6397.0,green,1
J1329,I3817,10538.0,10542.0,green,1
J1329,I6841,21318.0,21324.0,green,3
J106,I305,503.0,506.0,green,3
J106,I1265,2583.0,2587.0,green,2
J1239,I337,550.0,551.0,green,1
J1239,I689,1230.0,1233.0,green,1
J1239,I721,1291.0,1292.0,green,1
J1239,I913,1714.0,1722.0,green,2
J4430,I3755,10267.0,10275.0,green,3
J4430,I7019,21981.0,21989.0,green,2
J4430,I8669,26801.0,26805.0,green,1
J3931,I4025,11226.0,11229.0,green,3
J3931,I4441,12650.0,12651.0,brown,1
J3931,I5465,16417.0,16424.0,brown,1
J3931,I5945,18190.0,18209.0,green,1
J1705,I1786,3855.0,3857.0,brown,1
J1705,I2075,4777.0,4779.0,green,1
J1705,I2331,5544.0,5547.0,green,2
J1705,I2971,7506.0,7513.0,green,1
J1705,I6165,18931.0,18935.0,green,1
J1675,I1100,2154.0,2160.0,brown,3
J1675,I6797,21147.0,21157.0,green,1
J2192,I4611,13315.0,13323.0,green,3
J4085,I5877,17911.0,17926.0,green,3
J4434,I6056,18590.0,18598.0,brown,1
J4434,I8105,25293.0,25305.0,green,1
J4434,I8873,27301.0,27303.0,green,1
J4971,I9253,28217.0,28220.0,green,3
J4971,I9317,28377.0,28378.0,green,1
J4971,I9349,28445.0,28446.0,green,1
J4971,I9381,28509.0,28510.0,green,1
J775,I3116,8031.0,8036.0,green,2
J2222,I643,1115.0,1118.0,brown,3
J2222,I6692,20728.0,20731.0,green,1
J2995,I5145,15310.0,15313.0,green,1
J2995,I5272,15817.0,15823.0,brown,1
J2995,I7497,23527.0,23531.0,green,1
J3073,I4184,11806.0,11808.0,green,2
J3073,I4248,12011.0,12012.0,green,1
J560,I4940,14527.0,14539.0,green,1
J560,I5132,15270.0,15272.0,green,1
J560,I7884,24658.0,24661.0,green,1
J560,I7980,24941.0,24945.0,green,1
J3044,I2171,5105.0,5107.0,green,1
J3044,I2426,5834.0,5836.0,brown,1
J3044,I2522,6137.0,6143.0,brown,1
J3044,I3675,9978.0,9980.0,green,2
J3044,I3707,10081.0,10095.0,green,1
J269,I293,479.0,481.0,green,2
J269,I389,638.0,640.0,green,1
J269,I645,1122.0,1129.0,brown,1
J269,I4529,12951.0,12955.0,green,1
J1451,I1847,4025.0,4026.0,green,1
J1451,I1879,4131.0,4142.0,green,1
J1451,I5179,15455.0,15467.0,green,3
J3287,I5945,18190.0,18209.0,green,2
J3287,I6393,19689.0,19694.0,green,2
J235,I4026,11229.0,11235.0,green,1
J235,I7002,21901.0,21909.0,green,3
J582,I3296,8634.0,8642.0,brown,1
J582,I4609,13306.0,13314.0,green,2
J4112,I7190,22575.0,22577.0,brown,1
J4112,I7223,22674.0,22676.0,green,2
J4112,I7511,23560.0,23565.0,green,3
J3841,I2748,6791.0,6792.0,brown,1
J3841,I2876,7197.0,7198.0,brown,1
J2430,I1256,2551.0,2553.0,green,1
J2430,I2152,5038.0,5044.0,green,1
J1146,I2512,6111.0,6115.0,green,1
J1146,I2608,6410.0,6411.0,green,1
J1146,I2800,6961.0,6977.0,green,1
J4300,I4157,11690.0,11692.0,brown,1
J4300,I4286,12135.0,12138.0,green,1
J4300,I5182,15475.0,15476.0,green,1
J4300,I5982,18326.0,18338.0,green,1
J3350,I5493,16502.0,16505.0,green,2
J3350,I5589,16863.0,16872.0,green,2
J176,I2365,5646.0,5649.0,green,2
J2605,I5172,15422.0,15425.0,green,2
J2605,I5428,16290.0,16295.0,green,1
J3849,I1066,2071.0,2075.0,brown,1
J3849,I1130,2236.0,2240.0,brown,2
J3849,I6955,21722.0,21724.0,green,1
J2593,I1822,3938.0,3940.0,brown,2
J2593,I2782,6890.0,6895.0,brown,1
J2593,I3775,10358.0,10361.0,green,1
J2593,I4735,13785.0,13790.0,green,1
J1912,I3046,7768.0,7771.0,green,2
J1912,I3142,8124.0,8127.0,green,3
J1912,I4614,13325.0,13329.0,green,1
J3049,I4420,12589.0,12592.0,brown,3
J3049,I4676,13552.0,13553.0,brown,1
J3049,I6693,20731.0,20744.0,green,1
J3371,I7492,23520.0,23522.0,green,1
J3371,I7684,24067.0,24071.0,green,1
J3371,I8172,25494.0,25498.0,green,4
J2979,I2563,6285.0,6286.0,green,1
J2979,I6835,21288.0,21299.0,green,2
J3038,I2675,6601.0,6608.0,green,1
J3038,I3923,10902.0,10906.0,green,1
J3038,I3987,11090.0,11097.0,green,2
J3038,I6099,18721.0,18729.0,green,1
J3038,I6707,20795.0,20806.0,green,1
J3022,I1130,2236.0,2240.0,brown,2
J3022,I1226,2470.0,2471.0,brown,1
J3022,I5931,18130.0,18138.0,green,1
J3022,I6411,19761.0,19762.0,green,1
J3022,I7639,23953.0,23954.0,green,1
J1814,I4057,11364.0,11372.0,green,2
J1814,I4505,12852.0,12855.0,green,1
J1814,I4537,12988.0,13003.0,green,1
J3398,I6298,19380.0,19383.0,green,3
J3578,I7133,22409.0,22422.0,green,2
J4359,I2524,6146.0,6149.0,brown,2
J2713,I6456,19939.0,19946.0,green,3
J4332,I7202,22609.0,22613.0,green,4
J4332,I7362,23123.0,23124.0,brown,1
J4332,I8162,25468.0,25470.0,green,1
J136,I109,156.0,159.0,green,1
J136,I141,207.0,210.0,green,2
J136,I2189,5149.0,5150.0,green,1
J136,I3217,8363.0,8378.0,green,1
J4337,I4409,12557.0,12562.0,green,1
J4337,I9209,28122.0,28125.0,green,1
J4337,I9249,28212.0,28213.0,green,1
J3806,I5281,15850.0,15855.0,green,5
J3806,I7745,24242.0,24253.0,green,1
J1401,I1271,2594.0,2597.0,green,1
J1401,I1431,2992.0,2994.0,green,1
J1401,I1559,3269.0,3275.0,green,1
J1401,I2007,4556.0,4562.0,green,2
J1401,I5633,17030.0,17032.0,green,1
J447,I1071,2088.0,2093.0,brown,1
J447,I3152,8153.0,8159.0,green,1
J447,I4272,12078.0,12091.0,green,1
J1119,I248,399.0,405.0,green,1
J1119,I1815,3922.0,3924.0,brown,1
J1119,I2428,5837.0,5839.0,green,1
J1119,I2600,6387.0,6390.0,green,1
J2532,I4961,14613.0,14616.0,brown,1
J2532,I5570,16798.0,16799.0,green,1
J2532,I7234,22704.0,22708.0,green,3
J3205,I2733,6745.0,6753.0,brown,1
J3205,I6958,21732.0,21741.0,green,2
J3205,I8654,26754.0,26755.0,green,1
J3205,I9230,28180.0,28181.0,green,1
J4611,I8920,27430.0,27432.0,green,1
J4611,I8968,27547.0,27550.0,green,1
J4611,I9047,27715.0,27717.0,brown,1
J4611,I9048,27717.0,27719.0,green,1
J4611,I9272,28268.0,28271.0,green,1
J1192,I6828,21266.0,21270.0,green,1
J1192,I7884,24658.0,24661.0,green,1
J1192,I8268,25758.0,25772.0,green,1
J1192,I8460,26239.0,26246.0,green,1
J4639,I441,728.0,731.0,brown,1
J4639,I1721,3674.0,3677.0,brown,2
J1642,I2689,6636.0,6639.0,brown,1
J1642,I3713,10103.0,10107.0,brown,1
J1642,I3745,10234.0,10238.0,brown,1
J1642,I4930,14479.0,14482.0,green,2
J41,I108,155.0,156.0,green,1
J41,I972,1860.0,1866.0,brown,3
J41,I1100,2154.0,2160.0,brown,1
J41,I3020,7690.0,7695.0,green,1
J4787,I9836,29474.0,29477.0,green,2
J4787,I9964,29699.0,29701.0,green,2
J748,I1260,2566.0,2567.0,green,1
J748,I1740,3729.0,3733.0,green,1
J748,I2028,4626.0,4628.0,green,2
J748,I2396,5765.0,5766.0,green,1
J2473,I4621,13352.0,13353.0,green,1
J2473,I4717,13688.0,13696.0,green,2
J3944,I4756,13856.0,13863.0,green,2
J711,I1684,3566.0,3567.0,green,1
J711,I5444,16347.0,16351.0,green,2
J711,I5883,17947.0,17956.0,green,2
J3915,I4173,11757.0,11761.0,green,3
J4615,I6088,18691.0,18693.0,brown,2
J4615,I6248,19215.0,19216.0,brown,1
J4615,I6728,20898.0,20906.0,brown,2
J1246,I1945,4355.0,4360.0,green,3
J1246,I6197,19025.0,19030.0,green,1
J3564,I4485,12775.0,12778.0,green,3
J3564,I4869,14280.0,14286.0,brown,2
J3564,I5829,17727.0,17731.0,brown,1
J892,I2573,6318.0,6320.0,green,1
J892,I7389,23198.0,23201.0,green,2
J4721,I6247,19210.0,19215.0,brown,1
J4721,I6727,20894.0,20898.0,brown,3
J4721,I9808,29414.0,29418.0,green,1
J1691,I3102,7980.0,7982.0,green,2
J1691,I4062,11385.0,11392.0,green,2
J1691,I4734,13775.0,13785.0,green,1
J1691,I4766,13903.0,13921.0,green,1
J567,I1713,3653.0,3655.0,brown,1
J567,I1970,4439.0,4443.0,green,1
J567,I2354,5615.0,5622.0,green,1
J1523,I2284,5410.0,5422.0,brown,3
J1523,I9293,28318.0,28319.0,green,1
J3058,I4241,11968.0,11978.0,brown,2
J3058,I6738,20935.0,20939.0,green,1
J3058,I8498,26343.0,26344.0,green,1
J3058,I8674,26812.0,26818.0,green,1
J1746,I2925,7370.0,7371.0,green,1
J1746,I3021,7695.0,7696.0,green,1
J1877,I3803,10488.0,10490.0,green,2
J1877,I3835,10617.0,10619.0,brown,2
J1877,I3867,10705.0,10708.0,brown,1
J3496,I6459,19951.0,19953.0,brown,1
J3496,I6716,20837.0,20838.0,green,1
J2301,I1932,4304.0,4311.0,brown,1
J2301,I5101,15169.0,15180.0,green,1
J2301,I7117,22359.0,22364.0,green,1
J2301,I7997,24979.0,24981.0,green,1
J1605,I2917,7344.0,7349.0,green,2
J1605,I3173,8224.0,8230.0,green,1
J1605,I3813,10521.0,10522.0,green,1
J1605,I3893,10797.0,10805.0,green,2
J1986,I3523,9476.0,9478.0,green,1
J1986,I6627,20532.0,20534.0,green,2
J4877,I7773,24345.0,24347.0,brown,1
J4877,I7806,24430.0,24432.0,green,1
J4877,I9278,28279.0,28282.0,green,1
J4986,I6839,21312.0,21316.0,green,1
J4986,I6871,21445.0,21456.0,green,2
J4986,I9303,28346.0,28347.0,green,1
J4986,I9335,28416.0,28418.0,green,1
J4986,I9943,29669.0,29670.0,green,1
J4623,I966,1851.0,1853.0,brown,1
J4623,I1126,2222.0,2227.0,brown,1
J4623,I1222,2462.0,2466.0,brown,1
J4623,I5159,15373.0,15378.0,green,1
J854,I2998,7612.0,7619.0,green,1
J854,I3477,9306.0,9308.0,brown,1
J854,I4822,14111.0,14113.0,green,1
J854,I7142,22444.0,22450.0,green,1
J854,I7221,22669.0,22671.0,green,2
J1318,I370,607.0,610.0,brown,1
J1318,I5107,15190.0,15196.0,green,2
J1318,I6611,20484.0,20492.0,green,2
J1318,I8633,26692.0,26693.0,green,1
J1459,I1961,4413.0,4414.0,green,1
J1459,I2089,4828.0,4830.0,green,1
J1459,I2601,6390.0,6397.0,green,1
J1459,I3353,8834.0,8851.0,green,3
J173,I659,1164.0,1165.0,green,1
J173,I1363,2834.0,2835.0,green,1
J173,I3603,9725.0,9729.0,green,3
J4750,I6884,21501.0,21502.0,brown,1
J4750,I8901,27377.0,27382.0,green,2
J127,I656,1160.0,1161.0,green,1
J127,I720,1290.0,1291.0,green,1
J127,I1632,3440.0,3441.0,green,1
J127,I2080,4792.0,4799.0,green,1
J4680,I6046,18548.0,18552.0,brown,2
J4680,I6559,20301.0,20307.0,green,3
J4680,I9857,29513.0,29516.0,green,1
J991,I2466,5960.0,5965.0,brown,3
J991,I4227,11931.0,11938.0,green,1
J991,I7815,24464.0,24474.0,green,2
J126,I654,1153.0,1155.0,green,2
J126,I718,1287.0,1289.0,green,1
J126,I2318,5519.0,5520.0,green,1
J2778,I1379,2876.0,2880.0,brown,3
J2778,I8260,25742.0,25743.0,green,1
J2778,I8612,26630.0,26634.0,green,1
J1380,I2582,6339.0,6343.0,brown,1
J1380,I4183,11795.0,11806.0,green,2
J4564,I7576,23738.0,23741.0,green,2
J4564,I7767,24322.0,24327.0,brown,2
J4564,I8184,25529.0,25531.0,green,1
J4564,I9624,29051.0,29054.0,green,1
J928,I1085,2111.0,2113.0,green,1
J928,I1117,2203.0,2207.0,green,1
J928,I1788,3861.0,3864.0,brown,1
J928,I2079,4787.0,4792.0,green,1
J928,I2653,6539.0,6541.0,green,2
J3852,I6923,21613.0,21615.0,green,2
J3852,I8663,26786.0,26790.0,green,3
J2696,I4046,11323.0,11324.0,brown,1
J2696,I4271,12070.0,12078.0,green,1
J2696,I4335,12309.0,12314.0,green,1
J2696,I4655,13471.0,13478.0,green,2
J754,I2119,4919.0,4931.0,green,2
J754,I5863,17853.0,17863.0,green,1
J754,I6503,20121.0,20127.0,green,2
J2526,I4641,13430.0,13431.0,green,1
J2526,I5985,18349.0,18350.0,green,1
J2526,I6049,18558.0,18565.0,green,1
J1320,I734,1324.0,1327.0,green,2
J1320,I861,1612.0,1613.0,brown,1
J3621,I4988,14697.0,14703.0,green,4
J3621,I5660,17163.0,17172.0,green,1
J1680,I3223,8390.0,8393.0,green,1
J1680,I3799,10455.0,10480.0,green,4
J1680,I5147,15315.0,15317.0,green,1
J3125,I5408,16226.0,16229.0,green,3
J3125,I5632,17026.0,17030.0,green,1
J3125,I7200,22601.0,22604.0,green,1
J322,I1050,2038.0,2041.0,green,2
J322,I1210,2436.0,2440.0,green,1
J322,I2074,4768.0,4777.0,green,2
J322,I3345,8812.0,8814.0,green,1
J2149,I4386,12479.0,12483.0,brown,1
J2149,I5187,15491.0,15510.0,green,1
J2149,I7171,22528.0,22531.0,green,1
J953,I2283,5405.0,5410.0,brown,1
J953,I4940,14527.0,14539.0,green,1
J953,I5740,17446.0,17454.0,green,2
J1186,I645,1122.0,1129.0,brown,2
J1186,I4006,11164.0,11167.0,green,2
J1186,I6790,21106.0,21113.0,green,2
J3208,I2923,7362.0,7366.0,green,2
J3208,I3819,10552.0,10558.0,green,1
J596,I3391,8988.0,8989.0,brown,1
J596,I4576,13160.0,13171.0,green,1
J596,I4960,14604.0,14613.0,green,2
J596,I8033,25080.0,25090.0,green,2
J4829,I7612,23864.0,23865.0,green,1
J4829,I7996,24977.0,24979.0,green,1
J4829,I8092,25252.0,25253.0,green,1
J4829,I8124,25357.0,25362.0,green,2
J3516,I3664,9928.0,9947.0,green,4
J2034,I1542,3228.0,3233.0,brown,1
J2034,I1606,3371.0,3374.0,brown,2
J2034,I6775,21062.0,21073.0,green,1
J1552,I1128,2231.0,2234.0,brown,1
J1552,I8009,25019.0,25020.0,green,1
J3027,I5075,15079.0,15084.0,green,3
J3757,I4993,14710.0,14718.0,green,4
J3757,I5089,15138.0,15141.0,green,2
J3945,I4993,14710.0,14718.0,green,4
J2624,I1780,3837.0,3842.0,green,1
J2624,I2484,6017.0,6026.0,green,1
J2624,I5944,18182.0,18190.0,green,1
J2422,I4048,11326.0,11333.0,brown,2
J2422,I8881,27328.0,27333.0,green,3
J700,I1825,3942.0,3954.0,green,5
J766,I2283,5405.0,5410.0,brown,1
J766,I5420,16261.0,16269.0,green,2
J766,I6860,21398.0,21405.0,green,1
J766,I7212,22632.0,22639.0,green,1
J766,I8620,26657.0,26658.0,green,1
J4897,I6010,18430.0,18431.0,brown,1
J4897,I6042,18537.0,18539.0,brown,2
J4897,I6106,18757.0,18760.0,brown,2
J2356,I4490,12796.0,12802.0,green,2
J4194,I5301,15914.0,15919.0,brown,1
J4194,I8598,26605.0,26607.0,green,1
J4194,I8982,27581.0,27583.0,green,1
J4547,I2962,7471.0,7479.0,brown,3
J4547,I6707,20795.0,20806.0,green,1
J4547,I9739,29287.0,29288.0,green,1
J2514,I3126,8071.0,8073.0,green,2
J2514,I3158,8171.0,8172.0,green,1
J2514,I3222,8387.0,8390.0,green,1
J2514,I4246,12009.0,12010.0,green,1
J2514,I5894,17995.0,18001.0,green,1
J4509,I2240,5297.0,5298.0,brown,1
J4509,I2464,5956.0,5957.0,brown,1
J4509,I7105,22302.0,22308.0,green,1
J4509,I8657,26761.0,26770.0,green,1
J4708,I7389,23198.0,23201.0,green,1
J4708,I7581,23755.0,23761.0,green,2
J4708,I7613,23865.0,23879.0,green,1
J4708,I9309,28355.0,28356.0,green,1
J4409,I7193,22583.0,22586.0,brown,2
J4409,I7642,23962.0,23966.0,green,2
J669,I1514,3164.0,3168.0,green,2
J669,I1545,3236.0,3241.0,brown,1
J2768,I3836,10619.0,10620.0,brown,1
J2768,I4765,13893.0,13903.0,green,3
J2768,I7261,22799.0,22801.0,green,1
J2247,I3106,7992.0,7995.0,green,2
J2247,I6722,20870.0,20872.0,green,1
J2265,I2887,7231.0,7237.0,brown,1
J2265,I5160,15378.0,15381.0,green,2
J2265,I8872,27295.0,27301.0,green,3
J2734,I4619,13342.0,13351.0,green,3
J4543,I8301,25848.0,25853.0,brown,1
J4543,I9294,28319.0,28329.0,green,1
J4543,I9422,28599.0,28606.0,green,1
J4543,I9806,29412.0,29413.0,green,1
J4543,I9998,29755.0,29758.0,green,1
J2574,I4962,14616.0,14625.0,brown,1
J2574,I8451,26209.0,26210.0,green,1
J2574,I9067,27755.0,27758.0,green,1
J2541,I4775,13948.0,13949.0,green,1
J2541,I4871,14296.0,14305.0,green,1
J2541,I4935,14497.0,14505.0,green,1
J2541,I5009,14791.0,14794.0,green,1
J4376,I3508,9432.0,9435.0,brown,1
J4376,I7941,24835.0,24839.0,green,1
J4038,I7150,22469.0,22473.0,green,4
J4166,I3644,9876.0,9877.0,brown,1
J4166,I9213,28135.0,28138.0,green,2
J1270,I2920,7355.0,7356.0,green,1
J1270,I3048,7780.0,7782.0,green,2
J1270,I3144,8131.0,8133.0,green,1
J1270,I3224,8393.0,8399.0,green,1
J367,I1206,2422.0,2427.0,green,1
J367,I1398,2923.0,2926.0,green,1
J367,I2678,6611.0,6615.0,green,2
J367,I2774,6861.0,6869.0,green,1
J367,I4990,14704.0,14706.0,green,1
J1097,I2071,4752.0,4758.0,brown,2
J1097,I3192,8267.0,8273.0,green,2
J1097,I4760,13883.0,13888.0,green,1
J1097,I6472,19987.0,19998.0,green,1
J4482,I7183,22553.0,22555.0,green,1
J4482,I7727,24191.0,24197.0,green,1
J4482,I8975,27558.0,27570.0,green,2
J4482,I9231,28181.0,28182.0,green,1
J3613,I4815,14076.0,14077.0,green,1
J3613,I4847,14208.0,14212.0,green,2
J4586,I1594,3346.0,3347.0,brown,1
J4586,I9659,29132.0,29136.0,green,1
J4586,I9787,29380.0,29384.0,green,1
J4731,I8266,25750.0,25754.0,green,1
J4731,I9258,28230.0,28233.0,green,1
J4444,I1713,3653.0,3655.0,brown,1
J4444,I7778,24359.0,24364.0,green,1
J4444,I7858,24591.0,24595.0,green,1
J4444,I7922,24766.0,24775.0,green,3
J3801,I4938,14517.0,14522.0,green,1
J3801,I5130,15260.0,15266.0,green,1
J3801,I9194,28084.0,28091.0,green,1
J1547,I3735,10194.0,10200.0,brown,2
J1547,I7512,23565.0,23567.0,green,1
J3110,I2733,6745.0,6753.0,brown,2
J3110,I2861,7164.0,7166.0,brown,1
J3110,I5134,15277.0,15280.0,green,2
J4662,I5305,15931.0,15938.0,brown,2
J4662,I5658,17153.0,17158.0,green,1
J4662,I9726,29264.0,29269.0,green,3
J2317,I2213,5215.0,5217.0,brown,1
J138,I136,197.0,198.0,green,1
J138,I140,205.0,207.0,green,1
J138,I168,244.0,245.0,green,1
J138,I232,372.0,376.0,green,2
J138,I284,464.0,465.0,green,1
J4246,I850,1591.0,1592.0,brown,1
J4246,I8147,25425.0,25428.0,green,1
J2716,I1940,4331.0,4337.0,brown,1
J2716,I2100,4854.0,4857.0,brown,2
J2716,I5525,16617.0,16620.0,green,1
J2716,I5589,16863.0,16872.0,green,2
J3229,I4009,11181.0,11184.0,brown,1
J3229,I5546,16699.0,16708.0,green,1
J3229,I9866,29530.0,29533.0,green,2
J3229,I9930,29645.0,29647.0,green,2
J3704,I6342,19526.0,19531.0,green,1
J3704,I6757,20995.0,21001.0,brown,1
J3417,I6521,20177.0,20181.0,green,2
J3417,I6793,21118.0,21134.0,green,2
J22,I1043,2023.0,2027.0,green,1
J22,I4083,11458.0,11469.0,green,1
J2414,I7882,24653.0,24657.0,green,3
J1592,I8580,26552.0,26565.0,green,2
J1592,I8644,26725.0,26733.0,green,1
J1276,I5525,16617.0,16620.0,green,2
J1276,I6805,21178.0,21180.0,green,1
J4653,I5930,18122.0,18130.0,green,4
J2460,I4953,14580.0,14583.0,brown,2
J2460,I5017,14831.0,14833.0,brown,1
J2460,I5305,15931.0,15938.0,brown,3
J433,I1018,1950.0,1952.0,brown,2
J433,I1179,2355.0,2360.0,green,1
J433,I1307,2693.0,2696.0,green,1
J433,I1403,2937.0,2945.0,green,2
J3328,I2800,6961.0,6977.0,green,4
J3781,I2965,7483.0,7488.0,brown,4
J593,I1788,3861.0,3864.0,brown,1
J593,I3549,9540.0,9544.0,green,1
J593,I3997,11126.0,11130.0,green,1
J593,I4669,13520.0,13522.0,green,1
J785,I2001,4534.0,4538.0,green,2
J785,I2513,6115.0,6118.0,green,2
J585,I825,1546.0,1548.0,brown,1
J585,I985,1888.0,1890.0,brown,1
J585,I1017,1949.0,1950.0,brown,1
J4120,I9440,28633.0,28636.0,green,1
J4120,I9792,29392.0,29395.0,green,3
J1946,I371,610.0,611.0,brown,1
J1946,I5500,16521.0,16533.0,green,2
J957,I4530,12955.0,12962.0,green,1
J957,I6482,20027.0,20031.0,green,1
J3649,I5945,18190.0,18209.0,green,1
J3649,I6777,21075.0,21082.0,green,1
J211,I831,1559.0,1561.0,green,2
J211,I4245,12007.0,12009.0,green,1
J2900,I4488,12783.0,12794.0,green,1
J2900,I5384,16172.0,16175.0,green,1
J1798,I9215,28140.0,28142.0,green,2
J1798,I9375,28498.0,28503.0,green,2
J2745,I2528,6177.0,6180.0,green,1
J2745,I2560,6280.0,6282.0,green,2
J2745,I2784,6901.0,6908.0,brown,1
J2745,I3168,8205.0,8206.0,green,1
J2745,I4960,14604.0,14613.0,green,1
J3498,I4336,12314.0,12322.0,green,1
J3498,I7008,21927.0,21936.0,green,2
J1303,I2270,5368.0,5371.0,green,2
J1303,I3198,8303.0,8309.0,green,1
J3563,I2742,6777.0,6781.0,brown,3
J3563,I4759,13872.0,13883.0,green,1
J3563,I6775,21062.0,21073.0,green,1
J3563,I9111,27851.0,27855.0,green,1
J3057,I2774,6861.0,6869.0,green,2
J3057,I6876,21467.0,21469.0,green,1
J3057,I7222,22671.0,22674.0,green,1
J162,I395,649.0,654.0,green,5
J162,I1035,2001.0,2005.0,green,1
J2951,I3761,10287.0,10293.0,brown,4
J2951,I3825,10575.0,10587.0,brown,1
J2951,I4754,13854.0,13855.0,green,1
J674,I5213,15612.0,15615.0,green,2
J674,I5277,15832.0,15837.0,green,1
J674,I6429,19839.0,19858.0,green,1
J4978,I5803,17655.0,17658.0,brown,2
J4978,I10028,29807.0,29808.0,green,1
J2452,I1126,2222.0,2227.0,brown,1
J2452,I1190,2388.0,2389.0,brown,1
J2452,I9713,29242.0,29244.0,green,2
J2303,I4326,12267.0,12268.0,brown,1
J2303,I4487,12780.0,12783.0,green,3
J2922,I3243,8452.0,8455.0,brown,1
J2922,I4940,14527.0,14539.0,green,2
J2922,I6156,18897.0,18901.0,green,3
J410,I948,1807.0,1808.0,green,1
J410,I1044,2027.0,2030.0,green,1
J410,I1180,2360.0,2363.0,green,1
J2102,I2565,6288.0,6291.0,green,3
J3219,I3004,7646.0,7650.0,green,2
J3219,I3196,8297.0,8300.0,green,1
J2927,I1710,3636.0,3642.0,brown,3
J2927,I6607,20473.0,20475.0,green,1
J2927,I8303,25857.0,25858.0,green,1
J3367,I3775,10358.0,10361.0,green,1
J3367,I6431,19865.0,19871.0,green,1
J3367,I6623,20518.0,20524.0,green,4
J2114,I1819,3932.0,3934.0,brown,1
J2125,I226,363.0,365.0,brown,1
J2125,I3139,8109.0,8120.0,green,1
J2125,I3171,8215.0,8223.0,green,4
J3339,I3182,8250.0,8251.0,brown,1
J3339,I3438,9183.0,9185.0,brown,1
J3339,I7119,22365.0,22368.0,green,2
J3339,I7951,24864.0,24865.0,green,1
J3339,I9559,28929.0,28933.0,green,1
J4883,I8942,27480.0,27484.0,green,4
J3937,I6674,20680.0,20682.0,brown,1
J3937,I6715,20825.0,20837.0,green,1
J448,I686,1222.0,1226.0,brown,3
J448,I1583,3327.0,3328.0,green,1
J448,I1903,4209.0,4210.0,green,1
J448,I5783,17606.0,17610.0,green,1
J424,I924,1748.0,1753.0,brown,1
J424,I6429,19839.0,19858.0,green,1
J424,I7133,22409.0,22422.0,green,1
J948,I85,120.0,123.0,brown,1
J948,I6678,20685.0,20693.0,green,2
J948,I6934,21659.0,21661.0,green,2
J2579,I1712,3650.0,3653.0,brown,1
J2579,I2769,6835.0,6850.0,green,2
J2579,I3985,11080.0,11089.0,green,1
J2579,I4176,11764.0,11765.0,brown,1
J2579,I8033,25080.0,25090.0,green,1
J3392,I6871,21445.0,21456.0,green,4
J1734,I2456,5926.0,5932.0,green,2
J1734,I3992,11112.0,11117.0,green,1
J1734,I4568,13097.0,13110.0,green,1
J2841,I3058,7806.0,7807.0,green,1
J2841,I4562,13081.0,13084.0,green,2
J506,I1139,2264.0,2269.0,green,1
J506,I1203,2416.0,2417.0,green,1
J506,I1235,2489.0,2492.0,green,1
J506,I1555,3261.0,3263.0,green,2
J506,I1587,3331.0,3335.0,green,1
J3877,I6476,20004.0,20012.0,brown,5
J543,I1327,2739.0,2741.0,brown,1
J543,I6800,21164.0,21170.0,green,1
J543,I7408,23268.0,23270.0,green,2
J4888,I2746,6786.0,6789.0,brown,1
J4888,I7131,22404.0,22408.0,green,1
J4888,I9447,28649.0,28656.0,green,1
J4888,I9787,29380.0,29384.0,green,2
J1634,I3318,8707.0,8708.0,green,1
J1634,I3350,8825.0,8830.0,green,1
J1234,I2574,6320.0,6323.0,green,1
J1234,I3454,9241.0,9246.0,green,1
J1234,I3634,9839.0,9845.0,green,2
J302,I3410,9081.0,9087.0,green,1
J302,I3954,10987.0,10988.0,green,1
J302,I5906,18031.0,18038.0,green,1
J4128,I6677,20684.0,20685.0,brown,1
J4128,I6773,21053.0,21058.0,brown,2
J4128,I7574,23734.0,23736.0,green,2
J4128,I8102,25285.0,25289.0,green,1
J2814,I6484,20034.0,20045.0,green,3
J1398,I4057,11364.0,11372.0,green,4
J1343,I3327,8759.0,8763.0,green,1
J1343,I5759,17524.0,17525.0,green,1
J1343,I6623,20518.0,20524.0,green,1
J1343,I7231,22690.0,22693.0,green,3
J1407,I1792,3871.0,3877.0,green,1
J1407,I3488,9367.0,9374.0,green,1
J714,I501,830.0,831.0,green,1
J714,I1621,3410.0,3414.0,green,3
J714,I2101,4857.0,4864.0,brown,1
J4939,I2577,6327.0,6328.0,brown,1
J4939,I2609,6411.0,6412.0,brown,1
J4939,I2705,6672.0,6674.0,brown,1
J4939,I9682,29179.0,29184.0,green,1
J4345,I6949,21698.0,21707.0,green,1
J4345,I8661,26775.0,26782.0,green,1
J1261,I2681,6621.0,6624.0,green,2
J1261,I3001,7630.0,7642.0,green,2
J1261,I3193,8273.0,8279.0,green,1
J2050,I3097,7957.0,7959.0,green,1
J2050,I3353,8834.0,8851.0,green,1
J811,I5664,17179.0,17185.0,green,3
J811,I6880,21479.0,21494.0,green,1
J811,I7584,23767.0,23768.0,green,1
J3746,I5637,17047.0,17057.0,green,4
J3746,I9669,29148.0,29151.0,green,1
J2602,I4736,13790.0,13791.0,green,1
J2602,I4832,14141.0,14149.0,brown,1
J4201,I3384,8946.0,8967.0,brown,2
J4201,I4985,14686.0,14689.0,green,1
J4201,I8985,27585.0,27587.0,green,1
J4201,I9273,28271.0,28274.0,green,1
J4201,I9561,28935.0,28937.0,green,1
J1949,I2448,5903.0,5906.0,brown,2
J1949,I8721,26941.0,26946.0,green,1
J4185,I3040,7749.0,7750.0,brown,1
J4185,I6529,20210.0,20215.0,green,1
J4185,I8513,26374.0,26379.0,green,1
J4644,I7247,22736.0,22739.0,brown,1
J4644,I7312,22956.0,22974.0,green,2
J4644,I9008,27629.0,27632.0,green,2
J3959,I6897,21546.0,21549.0,green,1
J3959,I6976,21792.0,21796.0,brown,2
J4266,I7266,22810.0,22814.0,brown,1
J4266,I7426,23326.0,23328.0,brown,2
J4266,I7523,23602.0,23605.0,green,1
J4266,I7970,24913.0,24918.0,brown,1
J4266,I8179,25516.0,25518.0,green,1
J4454,I5855,17810.0,17815.0,brown,1
J4454,I6560,20307.0,20308.0,green,1
J2481,I1598,3355.0,3357.0,brown,1
J2481,I1662,3525.0,3527.0,brown,2
J2481,I7023,21995.0,21997.0,green,1
J3124,I5978,18318.0,18319.0,green,1
J3124,I6026,18480.0,18485.0,green,5
J4161,I6430,19858.0,19865.0,green,1
J4161,I9950,29678.0,29679.0,green,1
J4161,I10078,29880.0,29882.0,green,2
J4161,I10110,29932.0,29933.0,green,1
J4510,I2901,7286.0,7294.0,brown,1
J4510,I6294,19363.0,19376.0,green,3
J4510,I9270,28260.0,28267.0,green,1
J4510,I9558,28925.0,28929.0,green,1
J2123,I859,1606.0,1611.0,brown,1
J2123,I3164,8190.0,8193.0,green,1
J4018,I9576,28957.0,28961.0,green,2
J4389,I5571,16799.0,16807.0,green,3
J4389,I5635,17037.0,17046.0,green,3
J4428,I2025,4621.0,4622.0,brown,1
J4428,I2217,5221.0,5222.0,brown,1
J4428,I2281,5396.0,5402.0,brown,1
J1279,I1536,3209.0,3215.0,green,5
J1279,I2336,5564.0,5567.0,green,1
J2104,I1791,3870.0,3871.0,green,1
J2104,I1823,3940.0,3941.0,green,1
J2104,I1855,4051.0,4060.0,green,1
J2104,I3167,8196.0,8205.0,green,2
J4236,I1405,2948.0,2949.0,brown,1
J4236,I5982,18326.0,18338.0,green,4
J4236,I9246,28208.0,28210.0,green,1
J908,I1537,3215.0,3219.0,green,2
J908,I2177,5117.0,5122.0,green,2
J908,I4545,13021.0,13024.0,green,1
J908,I5409,16229.0,16231.0,green,1
J4572,I7845,24546.0,24554.0,green,1
J4572,I7861,24602.0,24605.0,green,3
J4572,I8789,27104.0,27106.0,green,1
J3694,I5527,16622.0,16624.0,green,2
J3694,I6519,20175.0,20176.0,green,1
J1767,I3022,7696.0,7701.0,green,5
J1767,I5009,14791.0,14794.0,green,1
J2917,I4668,13514.0,13520.0,green,1
J2917,I6816,21219.0,21223.0,green,1
J2917,I6880,21479.0,21494.0,green,4
J4030,I2971,7506.0,7513.0,green,1
J4030,I3483,9334.0,9338.0,green,1
J4030,I7815,24464.0,24474.0,green,2
J1759,I3311,8694.0,8695.0,green,1
J1759,I3343,8802.0,8806.0,green,2
J74,I5818,17693.0,17698.0,green,2
J4053,I5817,17689.0,17693.0,green,1
J4053,I5945,18190.0,18209.0,green,1
J3189,I1162,2313.0,2314.0,green,1
J3189,I3402,9038.0,9045.0,green,3
J3189,I5975,18302.0,18308.0,green,2
J1314,I2542,6223.0,6231.0,brown,1
J1314,I5871,17877.0,17880.0,green,3
J1314,I7823,24487.0,24495.0,green,1
J1314,I8311,25883.0,25884.0,green,1
J3074,I2148,5014.0,5024.0,green,3
J2909,I2911,7329.0,7331.0,green,2
J2909,I3167,8196.0,8205.0,green,1
J2909,I5279,15839.0,15843.0,green,1
J2909,I5703,17304.0,17308.0,green,1
J3353,I2633,6476.0,6484.0,green,4
J3353,I5321,15990.0,15993.0,green,2
J2855,I3117,8036.0,8039.0,green,1
J2855,I6333,19489.0,19493.0,green,3
J952,I1136,2245.0,2254.0,green,1
J952,I2224,5243.0,5249.0,green,2
J3839,I2584,6344.0,6347.0,brown,2
J3839,I5209,15599.0,15607.0,green,1
J3839,I8505,26357.0,26358.0,green,1
J3839,I8545,26458.0,26463.0,green,2
J4793,I1215,2447.0,2449.0,brown,2
J4793,I1343,2777.0,2785.0,brown,2
J4793,I1439,3001.0,3006.0,brown,1
J4793,I9793,29395.0,29396.0,green,1
J865,I1749,3748.0,3750.0,green,2
J865,I2357,5625.0,5632.0,green,1
J865,I3605,9736.0,9740.0,green,3
J3121,I4352,12372.0,12383.0,brown,3
J2682,I6340,19512.0,19519.0,green,2
J415,I843,1579.0,1581.0,brown,1
J415,I2572,6314.0,6318.0,green,2
J415,I3116,8031.0,8036.0,green,2
J415,I5484,16479.0,16482.0,green,1
J3162,I3096,7955.0,7957.0,green,1
J3162,I4536,12981.0,12988.0,green,4
J3162,I5592,16883.0,16898.0,green,1
J2817,I5331,16017.0,16021.0,green,1
J2817,I5427,16284.0,16290.0,green,2
J2817,I5499,16520.0,16521.0,green,1
J4002,I5820,17702.0,17703.0,green,1
J4002,I5852,17805.0,17808.0,brown,1
J4553,I9556,28911.0,28923.0,green,3
J4205,I2741,6767.0,6777.0,brown,2
J4205,I3798,10450.0,10455.0,green,3
J4205,I7678,24053.0,24054.0,green,1
J3085,I5964,18265.0,18267.0,green,2
J3085,I7116,22344.0,22359.0,green,1
J2142,I4604,13289.0,13291.0,green,1
J2142,I4635,13411.0,13412.0,brown,1
J2142,I4988,14697.0,14703.0,green,2
J1677,I4272,12078.0,12091.0,green,1
J1677,I6736,20922.0,20932.0,green,1
J1677,I7312,22956.0,22974.0,green,1
J1677,I8144,25419.0,25422.0,green,2
J1677,I8512,26370.0,26374.0,green,1
J3552,I6525,20192.0,20193.0,green,1
J3552,I6589,20396.0,20397.0,green,1
J3552,I6621,20514.0,20516.0,green,2
J3552,I6717,20838.0,20843.0,green,2
J1880,I3188,8259.0,8263.0,green,3
J1880,I4820,14096.0,14100.0,green,1
J1880,I4853,14228.0,14230.0,green,1
J85,I251,407.0,409.0,green,2
J85,I277,454.0,455.0,green,1
J85,I283,463.0,464.0,green,1
J85,I315,516.0,517.0,green,1
J85,I379,623.0,624.0,green,1
J4806,I9108,27845.0,27848.0,green,1
J4806,I9684,29188.0,29190.0,green,1
J910,I1695,3592.0,3597.0,brown,1
J910,I5248,15742.0,15746.0,green,1
J910,I6420,19793.0,19804.0,green,1
J2985,I7934,24815.0,24823.0,green,5
J2985,I7937,24827.0,24832.0,green,1
J422,I1202,2415.0,2416.0,green,1
J422,I1234,2488.0,2489.0,green,1
J422,I1298,2662.0,2667.0,green,1
J422,I1970,4439.0,4443.0,green,1
J422,I2047,4689.0,4703.0,green,1
J2940,I2530,6181.0,6187.0,brown,1
J2940,I7147,22459.0,22463.0,green,2
J2940,I7291,22874.0,22876.0,green,1
J2940,I7523,23602.0,23605.0,green,1
J4807,I8873,27301.0,27303.0,green,1
J4807,I9641,29090.0,29096.0,green,1
J4807,I9801,29405.0,29406.0,green,1
J4807,I9841,29483.0,29486.0,green,1
J4807,I9865,29527.0,29530.0,green,1
J4807,I9873,29547.0,29548.0,green,1
J2041,I2185,5139.0,5145.0,green,2
J2041,I5817,17689.0,17693.0,green,3
J2956,I3408,9076.0,9077.0,green,1
J2956,I3664,9928.0,9947.0,green,4
J2956,I6741,20944.0,20947.0,green,1
J3733,I5695,17283.0,17284.0,brown,1
J3733,I5791,17625.0,17627.0,brown,2
J3733,I5984,18341.0,18349.0,green,1
J404,I5720,17372.0,17375.0,green,1
J404,I6488,20057.0,20061.0,green,2
J404,I6680,20695.0,20698.0,green,1
J2756,I4924,14465.0,14468.0,green,3
J2756,I4956,14594.0,14596.0,green,2
J2756,I7820,24481.0,24484.0,green,1
J2087,I2845,7111.0,7118.0,green,2
J397,I784,1451.0,1454.0,green,3
J397,I1136,2245.0,2254.0,green,3
J2299,I2929,7385.0,7388.0,green,2
J1659,I2488,6032.0,6034.0,green,2
J1659,I2616,6431.0,6433.0,brown,2
J1659,I3192,8267.0,8273.0,green,1
J4440,I7675,24047.0,24050.0,green,2
J4281,I844,1581.0,1582.0,brown,1
J4281,I1100,2154.0,2160.0,brown,1
J4281,I1132,2241.0,2242.0,brown,1
J813,I1455,3035.0,3038.0,brown,1
J813,I1552,3252.0,3256.0,green,1
J813,I2128,4952.0,4954.0,green,1
J813,I2192,5156.0,5159.0,green,1
J813,I2644,6521.0,6525.0,green,1
J1393,I2313,5505.0,5506.0,brown,1
J1393,I6410,19752.0,19761.0,green,1
J1393,I6730,20907.0,20914.0,green,2
J121,I610,1046.0,1049.0,green,1
J1285,I971,1858.0,1860.0,brown,1
J1285,I1772,3812.0,3813.0,green,1
J1285,I1868,4090.0,4097.0,green,1
J1285,I3101,7968.0,7980.0,green,1
J1285,I3116,8031.0,8036.0,green,1
J96,I276,452.0,454.0,green,2
J96,I324,532.0,534.0,green,1
J96,I340,553.0,559.0,green,2
J2781,I3020,7690.0,7695.0,green,2
J2781,I3179,8243.0,8247.0,brown,1
J2781,I6268,19291.0,19295.0,green,1
J4907,I3741,10224.0,10225.0,brown,1
J4907,I9534,28850.0,28853.0,green,1
J4907,I9825,29449.0,29452.0,green,2
J2036,I4544,13018.0,13021.0,green,1
J2036,I7776,24349.0,24356.0,green,1
J1739,I1204,2417.0,2421.0,green,3
J1739,I3956,10996.0,11007.0,green,2
J1739,I4052,11339.0,11349.0,green,1
J1213,I6151,18876.0,18886.0,green,1
J1213,I6815,21213.0,21219.0,green,1
J1213,I6841,21318.0,21324.0,green,2
J4241,I7319,23003.0,23007.0,green,4
J1825,I3867,10705.0,10708.0,brown,2
J1825,I5148,15317.0,15337.0,green,1
J1825,I8268,25758.0,25772.0,green,1
J4690,I7992,24970.0,24972.0,green,2
J4690,I8536,26432.0,26437.0,green,1
J3194,I2301,5471.0,5472.0,brown,1
J3194,I2366,5649.0,5651.0,green,1
J3194,I3037,7738.0,7747.0,brown,1
J3194,I3198,8303.0,8309.0,green,2
J3194,I6890,21516.0,21519.0,green,1
J616,I5177,15448.0,15454.0,green,3
J616,I7849,24560.0,24566.0,green,2
J3281,I4954,14583.0,14591.0,brown,1
J3281,I4987,14692.0,14697.0,green,2
J2412,I6832,21276.0,21279.0,green,2
J2412,I8176,25501.0,25513.0,green,3
J2573,I4542,13013.0,13016.0,green,1
J2573,I4862,14256.0,14262.0,green,2
J2573,I6430,19858.0,19865.0,green,2
J2497,I1376,2871.0,2872.0,brown,1
J4508,I7870,24627.0,24628.0,brown,1
J4508,I7966,24901.0,24902.0,brown,1
J4508,I8383,26054.0,26056.0,green,2
J4508,I9151,27953.0,27954.0,green,1
J3452,I6586,20388.0,20390.0,green,2
J3452,I6714,20823.0,20825.0,green,1
J15,I26,31.0,32.0,green,1
J15,I378,622.0,623.0,green,1
J15,I1178,2353.0,2355.0,green,1
J15,I2015,4580.0,4586.0,green,3
J3223,I5832,17733.0,17734.0,green,1
J3223,I5960,18259.0,18260.0,brown,1
J3223,I6056,18590.0,18598.0,brown,1
J3223,I6792,21114.0,21118.0,green,1
J3223,I7512,23565.0,23567.0,green,1
J3223,I7929,24798.0,24804.0,green,1
J1161,I1237,2499.0,2506.0,green,2
J1161,I2357,5625.0,5632.0,green,1
J1161,I3541,9519.0,9523.0,green,1
J1161,I4245,12007.0,12009.0,green,1
J1161,I4596,13245.0,13252.0,brown,1
J3374,I3227,8407.0,8408.0,brown,1
J3374,I3612,9760.0,9769.0,green,2
J1410,I9923,29635.0,29638.0,green,1
J1410,I9955,29684.0,29686.0,green,2
J1410,I10083,29886.0,29887.0,green,1
J1410,I10115,29941.0,29943.0,green,1
J2354,I3498,9391.0,9395.0,green,1
J2354,I3593,9687.0,9689.0,brown,1
J2354,I5682,17228.0,17237.0,green,1
J2012,I772,1413.0,1417.0,green,1
J2012,I1924,4279.0,4281.0,green,1
J2012,I2148,5014.0,5024.0,green,1
J2012,I5188,15510.0,15517.0,green,1
J4597,I5216,15620.0,15622.0,green,1
J4597,I5599,16930.0,16931.0,brown,1
J4597,I5855,17810.0,17815.0,brown,1
J2302,I4171,11732.0,11735.0,green,3
J2302,I4203,11870.0,11874.0,green,1
J3715,I3882,10747.0,10752.0,green,1
J3715,I4618,13335.0,13342.0,green,2
J3715,I7626,23915.0,23916.0,green,1
J3947,I6513,20154.0,20158.0,brown,3
J3947,I8466,26257.0,26258.0,green,1
J3922,I8642,26714.0,26722.0,green,2
J3922,I9706,29225.0,29228.0,green,1
J2080,I2700,6657.0,6659.0,green,1
J2080,I2859,7148.0,7159.0,brown,1
J2080,I6424,19821.0,19824.0,green,3
J4850,I6386,19655.0,19663.0,green,1
J4850,I7858,24591.0,24595.0,green,1
J4850,I9458,28687.0,28692.0,green,1
J4850,I9682,29179.0,29184.0,green,1
J4515,I8404,26090.0,26092.0,green,2
J4515,I8436,26164.0,26171.0,green,2
J4515,I8692,26868.0,26873.0,green,2
J649,I700,1252.0,1253.0,brown,1
J649,I1788,3861.0,3864.0,brown,1
J649,I9245,28202.0,28208.0,green,1
J612,I1241,2515.0,2516.0,green,1
J612,I1561,3280.0,3281.0,green,1
J612,I1913,4229.0,4236.0,green,1
J3040,I5373,16133.0,16138.0,green,5
J3040,I6733,20917.0,20920.0,green,1
J4285,I926,1755.0,1756.0,brown,1
J4285,I958,1833.0,1836.0,brown,3
J4285,I1022,1960.0,1962.0,brown,2
J2492,I1036,2005.0,2010.0,green,3
J2492,I3852,10666.0,10669.0,green,2
J1125,I3060,7811.0,7816.0,green,2
J1125,I4724,13720.0,13727.0,green,1
J1125,I6452,19930.0,19934.0,green,1
J4530,I7579,23747.0,23752.0,green,4
J2891,I4491,12802.0,12814.0,green,2
J2891,I4682,13572.0,13577.0,brown,1
J1916,I3427,9130.0,9132.0,green,2
J1916,I3523,9476.0,9478.0,green,1
J1916,I3587,9674.0,9675.0,green,1
J1916,I4739,13799.0,13809.0,green,2
J2444,I6720,20850.0,20857.0,green,1
J2444,I9152,27954.0,27963.0,green,1
J2444,I9440,28633.0,28636.0,green,2
J2444,I9441,28636.0,28637.0,green,1
J3175,I3068,7842.0,7845.0,brown,1
J3175,I7069,22159.0,22165.0,green,3
J2717,I1395,2911.0,2917.0,green,1
J2717,I2323,5528.0,5534.0,green,1
J2717,I5975,18302.0,18308.0,green,1
J659,I849,1589.0,1591.0,brown,1
J659,I3186,8256.0,8257.0,green,1
J659,I5074,15064.0,15079.0,green,2
J659,I7904,24702.0,24706.0,green,1
J4035,I7352,23102.0,23104.0,green,2
J4035,I7384,23172.0,23177.0,green,1
J2420,I3327,8759.0,8763.0,green,2
J2420,I5055,14959.0,14980.0,green,1
J3896,I2306,5477.0,5479.0,brown,2
J3896,I2530,6181.0,6187.0,brown,1
J3896,I7995,24975.0,24977.0,green,1
J4811,I1188,2379.0,2380.0,brown,1
J4811,I4132,11623.0,11629.0,brown,1
J4811,I9189,28067.0,28076.0,green,2
J2877,I1922,4275.0,4278.0,brown,1
J2877,I7047,22070.0,22073.0,green,1
J2029,I3751,10256.0,10258.0,green,1
J2029,I3815,10534.0,10537.0,green,2
J950,I2533,6195.0,6199.0,brown,1
J950,I7142,22444.0,22450.0,green,1
J950,I7950,24860.0,24864.0,green,1
J950,I7982,24946.0,24949.0,green,1
J4316,I5937,18156.0,18157.0,brown,1
J4316,I8626,26674.0,26677.0,green,1
J4316,I9170,28018.0,28022.0,green,1
J4316,I9458,28687.0,28692.0,green,1
J4316,I9586,28976.0,28977.0,green,1
J202,I69,98.0,99.0,brown,1
J202,I8326,25920.0,25922.0,green,1
J202,I9286,28295.0,28306.0,green,3
J202,I9710,29234.0,29236.0,green,1
J1961,I3652,9902.0,9905.0,brown,1
J1961,I3781,10371.0,10373.0,green,1
J1961,I7973,24920.0,24926.0,green,2
J663,I2049,4704.0,4713.0,green,4
J663,I7297,22891.0,22892.0,green,1
J4666,I9229,28179.0,28180.0,green,1
J2622,I818,1527.0,1532.0,green,1
J2622,I1106,2171.0,2179.0,green,2
J2622,I4305,12198.0,12207.0,brown,1
J2622,I4402,12527.0,12529.0,green,1
J3554,I3180,8247.0,8249.0,brown,1
J3554,I3469,9279.0,9282.0,green,1
J3554,I3596,9696.0,9704.0,brown,2
J3554,I7725,24187.0,24190.0,green,1
J4129,I6028,18487.0,18490.0,green,3
J4129,I6156,18897.0,18901.0,green,1
J4129,I8140,25411.0,25413.0,green,1
J4129,I8524,26396.0,26399.0,green,1
J1754,I2252,5326.0,5330.0,green,4
J2551,I4403,12529.0,12534.0,green,2
J2551,I4499,12836.0,12844.0,green,4
J2457,I458,757.0,759.0,brown,1
J2457,I9579,28963.0,28966.0,green,1
J722,I1714,3655.0,3658.0,brown,2
J722,I8339,25946.0,25948.0,green,1
J722,I9075,27768.0,27773.0,green,2
J722,I9335,28416.0,28418.0,green,1
J587,I72,102.0,103.0,brown,1
J587,I2729,6736.0,6737.0,green,1
J587,I2761,6811.0,6812.0,green,1
J587,I4757,13863.0,13870.0,green,2
J2251,I5289,15884.0,15885.0,green,1
J2251,I5385,16175.0,16182.0,green,1
J2251,I5897,18004.0,18008.0,green,2
J2973,I2994,7594.0,7604.0,green,6
J2578,I2526,6151.0,6170.0,green,2
J2578,I2622,6444.0,6446.0,green,2
J2578,I5790,17621.0,17625.0,green,1
J3146,I5740,17446.0,17454.0,green,5
J3940,I1756,3767.0,3769.0,brown,2
J3940,I1820,3934.0,3936.0,brown,1
J3940,I4765,13893.0,13903.0,green,1
J3940,I7949,24857.0,24860.0,green,2
J694,I6760,21008.0,21010.0,green,2
J694,I7096,22253.0,22265.0,green,3
J1624,I3882,10747.0,10752.0,green,1
J1624,I7978,24934.0,24940.0,green,1
J1624,I8090,25248.0,25250.0,green,1
J1624,I8442,26181.0,26193.0,green,1
J1624,I8554,26491.0,26492.0,green,1
J545,I1668,3536.0,3539.0,green,1
J545,I1764,3786.0,3792.0,green,1
J3459,I9318,28378.0,28380.0,green,2
J3459,I9670,29151.0,29154.0,green,1
J3459,I10086,29892.0,29894.0,green,1
J3153,I2177,5117.0,5122.0,green,2
J3153,I2209,5205.0,5208.0,green,1
J3153,I3873,10722.0,10724.0,green,2
J3153,I5409,16229.0,16231.0,green,1
J1955,I3283,8573.0,8584.0,green,3
J21,I87,124.0,125.0,green,1
J21,I3767,10314.0,10316.0,green,1
J21,I6775,21062.0,21073.0,green,1
J459,I1251,2537.0,2538.0,green,1
J459,I2499,6071.0,6078.0,green,1
J1510,I510,848.0,851.0,green,1
J1510,I2494,6052.0,6058.0,green,2
J1510,I5943,18169.0,18182.0,green,3
J1967,I2962,7471.0,7479.0,brown,1
J1967,I8659,26771.0,26773.0,green,1
J1967,I9305,28348.0,28349.0,green,1
J1442,I2211,5212.0,5214.0,green,2
J1442,I6101,18734.0,18742.0,green,3
J2880,I5624,17006.0,17007.0,brown,1
J2880,I6104,18749.0,18756.0,brown,2
J822,I625,1075.0,1080.0,brown,2
J3764,I4055,11353.0,11362.0,green,3
J1531,I781,1441.0,1443.0,green,1
J1531,I2317,5513.0,5519.0,green,3
J1531,I2637,6495.0,6501.0,green,1
J532,I2114,4899.0,4913.0,green,3
J2068,I5148,15317.0,15337.0,green,1
J2068,I5340,16039.0,16041.0,green,1
J2068,I8268,25758.0,25772.0,green,1
J2500,I1408,2953.0,2954.0,brown,1
J2500,I6289,19343.0,19356.0,green,2
J3359,I646,1129.0,1131.0,brown,1
J3359,I7111,22327.0,22328.0,green,1
J3359,I8807,27139.0,27140.0,green,1
J3359,I8871,27292.0,27295.0,green,2
J3359,I8967,27537.0,27547.0,green,1
J4960,I8898,27370.0,27375.0,green,1
J4960,I9666,29143.0,29144.0,green,1
J4960,I9986,29735.0,29736.0,green,1
J4960,I10018,29788.0,29791.0,green,2
J4001,I7108,22312.0,22315.0,green,1
J4001,I7972,24919.0,24920.0,green,1
J4001,I8612,26630.0,26634.0,green,1
J3079,I4533,12967.0,12971.0,green,1
J3079,I4629,13384.0,13388.0,green,3
J3079,I5989,18361.0,18364.0,green,1
J2407,I4914,14424.0,14426.0,green,2
J2407,I5010,14794.0,14801.0,green,1
J3713,I3147,8135.0,8141.0,green,2
J3713,I4779,13958.0,13970.0,green,2
J4314,I5707,17311.0,17321.0,green,5
J3546,I3079,7878.0,7881.0,green,3
J3546,I3143,8127.0,8131.0,green,1
J1099,I2737,6758.0,6759.0,brown,1
J1099,I3122,8053.0,8062.0,green,1
J1099,I4274,12094.0,12096.0,green,1
J1099,I5074,15064.0,15079.0,green,1
J1099,I5874,17893.0,17909.0,green,1
J2277,I2698,6653.0,6654.0,brown,1
J2277,I3787,10403.0,10411.0,green,1
J2277,I5815,17683.0,17688.0,green,1
J1501,I4132,11623.0,11629.0,brown,1
J1501,I8677,26823.0,26825.0,green,1
J1501,I9445,28643.0,28645.0,green,1
J2057,I1604,3366.0,3369.0,brown,1
J2057,I1669,3539.0,3543.0,green,1
J2057,I1957,4397.0,4403.0,green,1
J2057,I4005,11159.0,11164.0,green,1
J3744,I6415,19772.0,19774.0,green,2
J3744,I6703,20784.0,20789.0,green,2
J982,I2204,5185.0,5193.0,green,1
J982,I4236,11952.0,11953.0,green,1
J982,I5136,15281.0,15292.0,green,1
J1807,I2610,6412.0,6417.0,brown,2
J1807,I3475,9300.0,9304.0,green,1
J1807,I6611,20484.0,20492.0,green,1
J1807,I8503,26353.0,26356.0,green,1
J1807,I8551,26477.0,26488.0,green,1
J1968,I599,1025.0,1026.0,brown,1
J1968,I3543,9524.0,9525.0,brown,1
J1968,I5976,18308.0,18313.0,green,2
J3336,I4357,12398.0,12400.0,brown,1
J3336,I4518,12906.0,12914.0,green,3
J2433,I852,1594.0,1595.0,brown,1
J300,I751,1360.0,1362.0,green,1
J300,I943,1793.0,1802.0,green,2
J2332,I878,1641.0,1643.0,brown,1
J2332,I9263,28244.0,28247.0,green,1
J2332,I9359,28463.0,28470.0,green,4
J1797,I3539,9516.0,9517.0,green,1
J1797,I3571,9636.0,9638.0,green,2
J1797,I5179,15455.0,15467.0,green,1
J2609,I4731,13756.0,13766.0,green,5
J2609,I4763,13891.0,13892.0,green,1
J1166,I4488,12783.0,12794.0,green,1
J1166,I6824,21248.0,21258.0,green,2
J1166,I8088,25236.0,25244.0,green,1
J1166,I8136,25400.0,25401.0,green,1
J2033,I3426,9127.0,9130.0,green,3
J2033,I3554,9552.0,9564.0,green,3
J2884,I2834,7077.0,7079.0,green,2
J2884,I2898,7272.0,7275.0,green,3
J2935,I1274,2603.0,2605.0,brown,2
J2935,I4283,12118.0,12128.0,green,1
J2935,I7527,23612.0,23613.0,green,1
J2935,I7623,23901.0,23907.0,green,2
J638,I1059,2061.0,2062.0,green,1
J638,I1347,2790.0,2793.0,green,2
J638,I1571,3298.0,3300.0,green,1
J638,I1699,3601.0,3603.0,brown,1
J638,I1923,4278.0,4279.0,green,1
J1111,I724,1295.0,1301.0,green,2
J330,I307,507.0,508.0,green,1
J330,I339,552.0,553.0,green,1
J330,I499,825.0,828.0,green,1
J330,I1395,2911.0,2917.0,green,1
J568,I6720,20850.0,20857.0,green,4
J3688,I4606,13292.0,13296.0,green,3
J3688,I4701,13646.0,13652.0,brown,1
J3195,I423,696.0,699.0,brown,1
J3195,I3944,10957.0,10959.0,green,1
J3195,I4520,12915.0,12924.0,green,2
J3195,I6504,20127.0,20135.0,green,2
J4560,I6284,19331.0,19332.0,brown,1
J4560,I6380,19637.0,19643.0,brown,2
J4560,I7981,24945.0,24946.0,green,1
J4560,I9101,27831.0,27833.0,green,1
J3977,I7182,22548.0,22553.0,green,1
J3977,I7245,22733.0,22735.0,brown,2
J3977,I8462,26247.0,26248.0,green,1
J3977,I9870,29543.0,29544.0,green,1
J1391,I1286,2639.0,2642.0,brown,3
J1391,I1510,3151.0,3155.0,brown,1
J1391,I8023,25050.0,25052.0,green,1
J1391,I8791,27110.0,27112.0,green,1
J3934,I4297,12166.0,12169.0,green,2
J4073,I3969,11039.0,11042.0,green,3
J4073,I4033,11265.0,11273.0,green,1
J4073,I5185,15485.0,15488.0,green,2
J3658,I2297,5459.0,5465.0,brown,1
J3658,I6906,21565.0,21568.0,green,2
J3658,I8922,27435.0,27441.0,green,3
J2615,I4563,13084.0,13086.0,green,2
J2615,I6131,18834.0,18837.0,green,2
J4378,I4735,13785.0,13790.0,green,3
J4378,I8159,25464.0,25465.0,green,1
J3593,I2525,6149.0,6151.0,green,1
J3593,I7149,22465.0,22469.0,green,2
J3593,I7613,23865.0,23879.0,green,2
J308,I4085,11472.0,11482.0,green,3
J2374,I5074,15064.0,15079.0,green,1
J2374,I7637,23942.0,23946.0,green,1
J2374,I8094,25256.0,25260.0,green,4
J673,I4305,12198.0,12207.0,brown,1
J673,I6386,19655.0,19663.0,green,2
J673,I7490,23509.0,23519.0,green,2
J673,I7674,24035.0,24047.0,green,1
J1861,I3606,9740.0,9742.0,green,2
J1861,I3702,10058.0,10074.0,green,1
J729,I1879,4131.0,4142.0,green,3
J729,I4341,12336.0,12342.0,green,1
J110,I467,770.0,771.0,brown,1
J110,I627,1082.0,1086.0,brown,1
J110,I8340,25948.0,25949.0,green,1
J110,I9012,27640.0,27646.0,green,1
J3549,I6590,20397.0,20400.0,green,3
J3549,I9310,28356.0,28358.0,green,1
J1902,I1015,1945.0,1947.0,brown,1
J1902,I3639,9864.0,9868.0,brown,1
J1902,I4824,14115.0,14120.0,green,1
J665,I2569,6306.0,6310.0,green,1
J665,I5945,18190.0,18209.0,green,3
J1973,I7672,24031.0,24033.0,green,1
J1973,I8584,26568.0,26570.0,green,1
J385,I247,398.0,399.0,green,1
J385,I279,457.0,459.0,green,2
J385,I503,832.0,837.0,green,1
J385,I1511,3155.0,3162.0,green,2
J1883,I1750,3750.0,3755.0,green,3
J1883,I4086,11482.0,11493.0,green,2
J2719,I3070,7848.0,7849.0,green,1
J2719,I4926,14469.0,14475.0,green,1
J2719,I6814,21207.0,21213.0,green,1
J2163,I6385,19654.0,19655.0,green,1
J2163,I7099,22277.0,22285.0,green,1
J2163,I7121,22371.0,22373.0,green,2
J1736,I1025,1968.0,1970.0,green,2
J1736,I1313,2703.0,2704.0,green,1
J1736,I1505,3133.0,3145.0,green,1
J1736,I5217,15622.0,15637.0,green,1
J4026,I6533,20222.0,20226.0,green,1
J4278,I6437,19883.0,19890.0,green,4
J4278,I7877,24640.0,24644.0,green,1
J4278,I7909,24730.0,24734.0,green,1
J1524,I2296,5454.0,5459.0,brown,2
J1524,I6809,21187.0,21197.0,green,3
J721,I1619,3405.0,3406.0,brown,1
J721,I1651,3487.0,3495.0,brown,1
J721,I3956,10996.0,11007.0,green,3
J721,I6164,18928.0,18931.0,green,1
J1346,I6900,21553.0,21554.0,green,1
J1346,I7002,21901.0,21909.0,green,2
J2083,I2937,7405.0,7407.0,green,1
J2083,I3769,10317.0,10337.0,green,3
J2083,I6425,19824.0,19828.0,green,1
J2330,I3982,11074.0,11077.0,green,3
J2330,I4174,11761.0,11763.0,green,1
J528,I869,1624.0,1626.0,green,1
J528,I901,1686.0,1691.0,green,1
J528,I1317,2713.0,2715.0,green,1
J83,I237,380.0,381.0,green,1
J83,I2941,7416.0,7423.0,green,1
J2795,I4457,12684.0,12685.0,green,1
J2795,I4585,13196.0,13207.0,green,1
J2795,I4649,13458.0,13464.0,green,1
J2795,I4817,14078.0,14089.0,green,1
J2795,I5321,15990.0,15993.0,green,1
J39,I232,372.0,376.0,green,2
J1092,I3455,9246.0,9250.0,green,1
J3080,I37,49.0,51.0,green,1
J3080,I7307,22936.0,22947.0,green,1
J4842,I5856,17815.0,17816.0,brown,1
J4842,I5952,18231.0,18240.0,brown,2
J4842,I8657,26761.0,26770.0,green,1
J4842,I9937,29661.0,29662.0,green,1
J2921,I4585,13196.0,13207.0,green,4
J2921,I4649,13458.0,13464.0,green,2
J3983,I7419,23309.0,23314.0,brown,1
J3983,I7595,23794.0,23795.0,brown,1
J3983,I7627,23916.0,23918.0,brown,1
J3983,I7659,24004.0,24005.0,brown,1
J1610,I4083,11458.0,11469.0,green,1
J2645,I695,1242.0,1243.0,brown,1
J2645,I823,1543.0,1545.0,brown,1
J2645,I4632,13397.0,13400.0,green,2
J2645,I6488,20057.0,20061.0,green,1
J2645,I6777,21075.0,21082.0,green,1
J1007,I1786,3855.0,3857.0,brown,1
J1007,I1818,3931.0,3932.0,brown,1
J1007,I7015,21960.0,21967.0,green,1
J3941,I4667,13512.0,13514.0,brown,2
J3941,I4699,13625.0,13641.0,brown,2
J3941,I4764,13892.0,13893.0,green,1
J3941,I5500,16521.0,16533.0,green,1
J3754,I5821,17703.0,17711.0,brown,2
J3754,I5886,17961.0,17963.0,green,2
J3754,I7390,23201.0,23216.0,green,2
J581,I1067,2075.0,2077.0,brown,1
J581,I7052,22084.0,22095.0,green,2
J581,I7948,24853.0,24857.0,green,1
J581,I9708,29229.0,29233.0,green,1
J632,I928,1759.0,1760.0,brown,1
J632,I1440,3006.0,3010.0,brown,1
J632,I1505,3133.0,3145.0,green,1
J632,I1825,3942.0,3954.0,green,1
J632,I5217,15622.0,15637.0,green,2
J1761,I3553,9550.0,9552.0,green,2
J1761,I3585,9668.0,9670.0,green,2
J1761,I3681,9996.0,9998.0,green,1
J369,I140,205.0,207.0,green,1
J369,I332,542.0,544.0,green,1
J369,I524,875.0,876.0,green,1
J369,I716,1280.0,1286.0,green,1
J1688,I3292,8621.0,8627.0,brown,3
J1688,I4669,13520.0,13522.0,green,1
J1688,I7133,22409.0,22422.0,green,1
J1688,I9181,28048.0,28052.0,green,1
J4784,I8232,25675.0,25676.0,brown,1
J4784,I8296,25835.0,25836.0,brown,1
J4784,I8489,26308.0,26318.0,green,1
J4784,I8649,26743.0,26745.0,green,2
J4784,I9225,28157.0,28165.0,green,1
J115,I256,414.0,415.0,green,1
J115,I288,470.0,471.0,green,1
J115,I320,522.0,529.0,green,3
J115,I328,537.0,538.0,green,1
J4371,I4743,13814.0,13819.0,brown,3
J835,I2884,7219.0,7223.0,brown,1
J835,I8837,27217.0,27219.0,green,1
J835,I9189,28067.0,28076.0,green,2
J3284,I5637,17047.0,17057.0,green,5
J3284,I5893,17983.0,17995.0,green,1
J3443,I5845,17779.0,17781.0,brown,1
J3443,I5910,18048.0,18052.0,green,4
J3443,I6198,19030.0,19035.0,green,1
J227,I2323,5528.0,5534.0,green,3
J227,I3923,10902.0,10906.0,green,1
J227,I5877,17911.0,17926.0,green,2
J4127,I4040,11288.0,11292.0,green,1
J4127,I4168,11724.0,11726.0,green,2
J4127,I4488,12783.0,12794.0,green,3
J2365,I4079,11452.0,11453.0,green,1
J2365,I4207,11884.0,11888.0,brown,1
J2365,I4271,12070.0,12078.0,green,1
J2365,I4719,13700.0,13710.0,green,2
J2365,I5007,14788.0,14790.0,green,1
J4875,I4779,13958.0,13970.0,green,1
J4875,I9431,28617.0,28618.0,green,1
J3221,I6083,18678.0,18679.0,brown,1
J3221,I6755,20987.0,20993.0,brown,1
J3221,I8184,25529.0,25531.0,green,1
J218,I2601,6390.0,6397.0,green,1
J218,I5209,15599.0,15607.0,green,3
J218,I5753,17512.0,17516.0,green,2
J2962,I3106,7992.0,7995.0,green,1
J2962,I3170,8208.0,8215.0,green,2
J3091,I4859,14241.0,14251.0,green,4
J3091,I7067,22143.0,22152.0,green,2
J185,I138,200.0,202.0,green,2
J35,I8,9.0,10.0,green,1
J35,I40,55.0,56.0,green,1
J35,I2408,5797.0,5801.0,green,2
J35,I3101,7968.0,7980.0,green,2
J4383,I2840,7099.0,7100.0,brown,1
J4383,I2904,7300.0,7305.0,brown,3
J4383,I2968,7495.0,7497.0,brown,1
J4383,I9065,27751.0,27753.0,green,1
J4297,I7569,23712.0,23716.0,green,1
J4297,I7793,24398.0,24406.0,green,2
J4788,I5030,14874.0,14876.0,green,2
J4788,I6854,21365.0,21374.0,green,2
J4788,I9854,29509.0,29510.0,green,1
J3317,I3742,10225.0,10227.0,brown,1
J3317,I3934,10928.0,10929.0,brown,1
J3317,I4094,11511.0,11514.0,brown,1
J3317,I9375,28498.0,28503.0,green,1
J3317,I9663,29140.0,29141.0,green,1
J2225,I6914,21581.0,21589.0,green,1
J2249,I4150,11673.0,11674.0,green,1
J2249,I4342,12342.0,12343.0,green,1
J2249,I6422,19808.0,19815.0,green,2
J3939,I6697,20760.0,20770.0,green,6
J1178,I3782,10373.0,10391.0,green,3
J1178,I7290,22872.0,22874.0,green,2
J4153,I6217,19105.0,19109.0,green,2
J4153,I7465,23455.0,23460.0,green,2
J4153,I9449,28658.0,28660.0,green,1
J4153,I9665,29142.0,29143.0,green,1
J2324,I2154,5045.0,5052.0,green,2
J2324,I5874,17893.0,17909.0,green,2
J354,I1427,2985.0,2986.0,green,1
J354,I4821,14100.0,14111.0,green,2
J354,I5339,16037.0,16039.0,green,2
J2913,I8623,26668.0,26670.0,green,2
J4387,I2532,6194.0,6195.0,brown,1
J4387,I2596,6377.0,6380.0,brown,2
J4387,I4069,11408.0,11414.0,green,1
J4387,I8673,26811.0,26812.0,green,1
J262,I566,951.0,957.0,green,2
J262,I726,1302.0,1311.0,green,4
J2857,I5180,15467.0,15470.0,green,3
J2857,I5212,15610.0,15612.0,green,2
J2857,I5244,15719.0,15723.0,green,1
J940,I1784,3851.0,3854.0,brown,1
J940,I2104,4866.0,4867.0,brown,1
J940,I2296,5454.0,5459.0,brown,1
J940,I6233,19168.0,19169.0,green,1
J3102,I3990,11099.0,11107.0,green,1
J3102,I4118,11583.0,11584.0,green,1
J3102,I4214,11908.0,11910.0,brown,2
J3102,I4374,12440.0,12446.0,brown,1
J4435,I2958,7457.0,7459.0,brown,1
J4435,I8695,26876.0,26879.0,green,2
J3561,I5922,18089.0,18091.0,green,2
J3561,I5954,18242.0,18244.0,brown,1
J3561,I6114,18784.0,18788.0,green,3
J446,I1387,2896.0,2898.0,green,1
J446,I1899,4198.0,4203.0,green,1
J446,I2047,4689.0,4703.0,green,3
J1385,I3076,7864.0,7873.0,brown,1
J1385,I3909,10861.0,10862.0,green,1
J1385,I4165,11712.0,11720.0,green,2
J1385,I5989,18361.0,18364.0,green,2
J3848,I4119,11584.0,11593.0,green,2
J4631,I8805,27134.0,27135.0,green,1
J4631,I8837,27217.0,27219.0,green,1
J4631,I9973,29717.0,29719.0,green,2
J4631,I10069,29869.0,29870.0,green,1
J4631,I10101,29917.0,29918.0,green,1
J3481,I5152,15347.0,15349.0,green,2
J3481,I5280,15843.0,15850.0,green,1
J4668,I8967,27537.0,27547.0,green,1
J4668,I9223,28152.0,28154.0,green,1
J1037,I742,1345.0,1347.0,green,1
J1037,I806,1499.0,1505.0,green,3
J3192,I9077,27774.0,27782.0,green,4
J3192,I9245,28202.0,28208.0,green,2
J1971,I4127,11610.0,11612.0,green,2
J1971,I4287,12138.0,12143.0,green,1
J1971,I5055,14959.0,14980.0,green,3
J2353,I1217,2453.0,2455.0,brown,1
J2353,I2114,4899.0,4913.0,green,1
J4382,I1653,3496.0,3501.0,brown,1
J4382,I6358,19561.0,19563.0,green,1
J4382,I7606,23843.0,23857.0,green,1
J4382,I8406,26093.0,26096.0,green,1
J3556,I5429,16295.0,16297.0,green,2
J3556,I7413,23280.0,23285.0,green,1
J4360,I5465,16417.0,16424.0,brown,1
J4360,I5722,17376.0,17382.0,green,2
J4360,I8186,25533.0,25534.0,green,1
J2874,I3475,9300.0,9304.0,green,2
J2874,I3987,11090.0,11097.0,green,1
J3430,I4121,11595.0,11597.0,green,1
J3430,I4185,11808.0,11812.0,green,1
J3430,I4537,12988.0,13003.0,green,2
J3430,I7949,24857.0,24860.0,green,1
J1209,I981,1880.0,1882.0,brown,1
J1209,I8534,26427.0,26431.0,green,1
J1209,I9206,28114.0,28116.0,green,1
J4274,I3962,11019.0,11020.0,brown,1
J4274,I4122,11597.0,11601.0,brown,1
J175,I488,811.0,813.0,green,1
J175,I936,1781.0,1783.0,green,2
J2326,I3139,8109.0,8120.0,green,1
J2326,I6835,21288.0,21299.0,green,1
J2326,I7047,22070.0,22073.0,green,1
J3376,I4823,14113.0,14115.0,green,2
J3597,I3555,9564.0,9565.0,green,1
J3597,I6403,19721.0,19734.0,green,3
J3597,I7307,22936.0,22947.0,green,1
J3329,I5467,16428.0,16429.0,brown,1
J3329,I7100,22285.0,22288.0,green,3
J3329,I7132,22408.0,22409.0,green,1
J1133,I1047,2034.0,2036.0,green,2
J1133,I4855,14231.0,14235.0,green,2
J1133,I5143,15305.0,15308.0,green,1
J1133,I6031,18499.0,18507.0,green,1
J2513,I3241,8442.0,8450.0,brown,1
J2513,I4042,11298.0,11309.0,green,1
J2513,I7978,24934.0,24940.0,green,1
J2513,I8702,26889.0,26890.0,green,1
J3346,I4169,11726.0,11731.0,green,4
J3718,I5706,17310.0,17311.0,green,1
J3718,I5738,17443.0,17445.0,green,2
J4416,I1797,3882.0,3885.0,brown,1
J4416,I8646,26734.0,26736.0,green,2
J4416,I9369,28487.0,28489.0,green,1
J3008,I5988,18353.0,18361.0,green,1
J3008,I7524,23605.0,23606.0,green,1
J1953,I2459,5940.0,5945.0,green,1
J1953,I5403,16221.0,16222.0,green,1
J644,I1257,2553.0,2559.0,green,4
J644,I1417,2967.0,2970.0,green,2
J3856,I3504,9416.0,9421.0,brown,2
J3856,I5200,15555.0,15562.0,brown,2
J3816,I3844,10640.0,10646.0,brown,1
J3816,I7685,24071.0,24078.0,green,2
J738,I3404,9048.0,9057.0,green,1
J738,I4940,14527.0,14539.0,green,1
J1599,I298,491.0,493.0,green,2
J1599,I1962,4414.0,4418.0,green,1
J1599,I3082,7889.0,7890.0,green,1
J1599,I4234,11948.0,11950.0,green,2
J3701,I4578,13175.0,13179.0,green,1
J3701,I4673,13535.0,13550.0,brown,1
J142,I7227,22684.0,22686.0,green,2
J142,I7847,24558.0,24559.0,green,1
J4305,I1816,3924.0,3928.0,brown,1
J4305,I3769,10317.0,10337.0,green,3
J4305,I5721,17375.0,17376.0,green,1
J4305,I6169,18942.0,18947.0,green,1
J2103,I2828,7058.0,7061.0,green,2
J2103,I3148,8141.0,8145.0,green,1
J662,I983,1885.0,1886.0,brown,1
J662,I2264,5352.0,5355.0,green,3
J662,I3000,7621.0,7630.0,green,1
J1956,I2776,6870.0,6876.0,green,3
J3379,I3881,10738.0,10747.0,green,3
J3379,I4104,11542.0,11545.0,brown,1
J107,I941,1790.0,1791.0,green,1
J107,I1037,2010.0,2014.0,green,1
J107,I1165,2323.0,2326.0,green,1
J2073,I2688,6632.0,6636.0,brown,1
J2073,I7745,24242.0,24253.0,green,1
J1840,I3177,8238.0,8241.0,green,1
J1840,I3273,8538.0,8539.0,green,1
J1840,I3881,10738.0,10747.0,green,2
J537,I726,1302.0,1311.0,green,1
J537,I750,1358.0,1360.0,green,2
J537,I1554,3258.0,3261.0,green,1
J3033,I5372,16132.0,16133.0,green,1
J3033,I5628,17017.0,17021.0,brown,1
J3033,I6972,21779.0,21787.0,green,1
J3033,I7004,21911.0,21919.0,green,3
J4067,I5378,16151.0,16155.0,brown,1
J4067,I6403,19721.0,19734.0,green,1
J4067,I7171,22528.0,22531.0,green,2
J432,I412,677.0,680.0,brown,1
J432,I5917,18068.0,18074.0,green,1
J432,I7133,22409.0,22422.0,green,1
J432,I7581,23755.0,23761.0,green,1
J432,I8125,25362.0,25366.0,green,1
J248,I733,1322.0,1324.0,green,2
J248,I1309,2697.0,2699.0,green,1
J4111,I3545,9528.0,9530.0,brown,2
J59,I248,399.0,405.0,green,1
J59,I280,459.0,460.0,green,1
J59,I296,484.0,489.0,green,1
J59,I312,513.0,514.0,green,1
J59,I504,837.0,838.0,green,1
J59,I568,962.0,963.0,green,1
J4052,I6441,19894.0,19899.0,brown,1
J4052,I6826,21259.0,21262.0,green,3
J4052,I6858,21380.0,21382.0,green,1
J4052,I7402,23247.0,23249.0,green,1
J974,I650,1136.0,1146.0,green,1
J974,I3974,11053.0,11056.0,green,2
J4446,I8970,27551.0,27553.0,green,1
J4446,I9050,27720.0,27723.0,green,2
J4284,I5011,14801.0,14804.0,brown,1
J4284,I5235,15683.0,15691.0,brown,1
J4284,I7572,23722.0,23732.0,green,1
J4284,I8212,25597.0,25603.0,green,2
J4284,I9548,28885.0,28887.0,green,1
J1156,I2539,6215.0,6216.0,brown,1
J1156,I2699,6654.0,6657.0,brown,3
J1156,I8140,25411.0,25413.0,green,1
J1503,I252,409.0,410.0,green,1
J1503,I1660,3521.0,3524.0,green,2
J3693,I6515,20166.0,20170.0,green,2
J3693,I9083,27788.0,27791.0,green,2
J234,I2260,5340.0,5344.0,green,1
J234,I3956,10996.0,11007.0,green,2
J4471,I6366,19586.0,19588.0,brown,2
J4471,I6591,20400.0,20404.0,green,1
J4471,I6846,21335.0,21344.0,brown,2
J4471,I7263,22805.0,22806.0,green,1
J4374,I5348,16066.0,16070.0,green,2
J4374,I8100,25279.0,25280.0,green,1
J1492,I425,702.0,706.0,brown,1
J1492,I4298,12169.0,12171.0,green,1
J1492,I6522,20181.0,20183.0,green,1
J1163,I2792,6936.0,6940.0,brown,3
J1163,I4937,14506.0,14517.0,green,2
J1163,I7977,24931.0,24934.0,green,1
J285,I534,900.0,903.0,green,2
J285,I566,951.0,957.0,green,1
J3712,I5876,17910.0,17911.0,green,1
J3712,I5940,18162.0,18167.0,green,2
J664,I1294,2654.0,2659.0,green,1
J664,I1998,4526.0,4530.0,green,1
J664,I2190,5150.0,5153.0,green,1
J664,I2478,5999.0,6000.0,green,1
J664,I2638,6501.0,6503.0,green,1
J3460,I6813,21203.0,21207.0,green,1
J3460,I7061,22115.0,22121.0,green,2
J3460,I7371,23144.0,23148.0,green,2
J243,I973,1866.0,1868.0,brown,2
J243,I1005,1930.0,1934.0,brown,1
J1242,I2640,6507.0,6510.0,green,2
J4745,I3389,8978.0,8986.0,brown,1
J4745,I5502,16535.0,16538.0,green,2
J4745,I9150,27949.0,27953.0,green,1
J3534,I3208,8333.0,8341.0,brown,1
J3534,I5417,16247.0,16248.0,green,1
J3534,I5481,16465.0,16466.0,green,1
J4956,I9627,29059.0,29061.0,green,2
J4956,I9819,29437.0,29438.0,green,1
J4956,I9931,29647.0,29650.0,green,1
J453,I1268,2589.0,2590.0,green,1
J453,I1311,2700.0,2702.0,green,2
J4654,I5323,15994.0,16002.0,green,1
J4654,I9547,28883.0,28885.0,green,2
J4654,I9675,29159.0,29163.0,green,2
J4654,I9867,29533.0,29536.0,green,1
J1666,I1648,3484.0,3485.0,brown,1
J1666,I1777,3824.0,3832.0,green,3
J3143,I3527,9485.0,9486.0,green,1
J3143,I4007,11167.0,11180.0,brown,1
J3143,I5255,15767.0,15773.0,green,1
J743,I1876,4120.0,4127.0,green,2
J743,I2772,6854.0,6855.0,green,1
J743,I6616,20501.0,20503.0,green,2
J4031,I8536,26432.0,26437.0,green,3
J4031,I9112,27855.0,27859.0,green,3
J61,I2518,6125.0,6128.0,green,3
J61,I5158,15366.0,15373.0,green,1
J2219,I4035,11275.0,11276.0,green,1
J2219,I4083,11458.0,11469.0,green,2
J2219,I4817,14078.0,14089.0,green,2
J3756,I1224,2468.0,2469.0,brown,1
J3756,I8489,26308.0,26318.0,green,1
J3660,I7030,22021.0,22024.0,brown,1
J3660,I9945,29672.0,29673.0,green,1
J3648,I6757,20995.0,21001.0,brown,4
J1195,I2912,7331.0,7335.0,green,1
J1195,I2944,7425.0,7431.0,green,1
J1195,I5136,15281.0,15292.0,green,2
J1195,I5728,17397.0,17400.0,green,1
J2252,I4569,13110.0,13124.0,green,5
J3183,I5682,17228.0,17237.0,green,4
J3183,I6834,21285.0,21288.0,green,2
J1998,I157,227.0,228.0,green,1
J1998,I253,410.0,412.0,green,2
J1998,I3325,8746.0,8758.0,green,2
J1670,I1700,3603.0,3604.0,brown,1
J1670,I9189,28067.0,28076.0,green,1
J1606,I736,1328.0,1331.0,green,3
J4417,I5039,14907.0,14909.0,brown,1
J4417,I9264,28247.0,28248.0,green,1
J4417,I9552,28891.0,28893.0,green,1
J4417,I9616,29034.0,29037.0,green,1
J3936,I3735,10194.0,10200.0,brown,2
J3936,I3863,10695.0,10698.0,brown,1
J3936,I5592,16883.0,16898.0,green,1
J3936,I5752,17505.0,17512.0,green,1
J3936,I8640,26710.0,26712.0,green,1
J2670,I2732,6743.0,6745.0,brown,2
J2670,I2796,6948.0,6951.0,brown,2
J2670,I6957,21726.0,21732.0,green,1
J2304,I3724,10136.0,10145.0,brown,1
J2304,I6541,20248.0,20251.0,green,2
J2304,I7405,23251.0,23257.0,green,1
J2304,I9281,28284.0,28287.0,green,1
J2304,I9377,28504.0,28505.0,green,1
J4023,I5036,14890.0,14900.0,brown,2
J4023,I7613,23865.0,23879.0,green,3
J2715,I4633,13400.0,13407.0,green,2
J2715,I6809,21187.0,21197.0,green,4
J4812,I9203,28109.0,28110.0,green,1
J4812,I9235,28187.0,28189.0,green,1
J4812,I9659,29132.0,29136.0,green,1
J2258,I1993,4506.0,4509.0,green,3
J2258,I2089,4828.0,4830.0,green,1
J2258,I5209,15599.0,15607.0,green,1
J2088,I1802,3889.0,3893.0,green,1
J2088,I1866,4085.0,4089.0,green,1
J2088,I1962,4414.0,4418.0,green,1
J2088,I3818,10542.0,10552.0,green,3
J2923,I6989,21839.0,21857.0,green,3
J4008,I5948,18222.0,18225.0,green,3
J4008,I6012,18433.0,18437.0,brown,1
J4008,I6524,20184.0,20192.0,green,1
J2224,I4611,13315.0,13323.0,green,3
J2224,I5187,15491.0,15510.0,green,3
J2176,I5231,15674.0,15676.0,green,2
J2176,I5903,18019.0,18026.0,green,1
J2250,I4254,12024.0,12026.0,green,2
J2250,I4286,12135.0,12138.0,green,1
J4486,I9286,28295.0,28306.0,green,2
J4486,I9550,28888.0,28890.0,green,1
J186,I292,474.0,479.0,green,2
J4531,I6361,19573.0,19576.0,brown,3
J4531,I6426,19828.0,19831.0,green,1
J4531,I6457,19946.0,19949.0,brown,1
J2982,I6363,19577.0,19582.0,green,2
J2982,I9455,28673.0,28684.0,green,2
J1250,I2367,5651.0,5652.0,green,1
J1250,I2431,5853.0,5859.0,green,4
J2607,I4523,12931.0,12934.0,green,3
J2607,I5291,15886.0,15887.0,green,1
J3543,I3899,10817.0,10820.0,brown,1
J3543,I4028,11237.0,11251.0,green,2
J3543,I5532,16645.0,16656.0,green,1
J4527,I3295,8629.0,8634.0,brown,2
J4527,I3647,9886.0,9887.0,brown,1
J4527,I6400,19709.0,19712.0,green,1
J4318,I6792,21114.0,21118.0,green,1
J4318,I7079,22190.0,22192.0,brown,2
J4318,I7976,24930.0,24931.0,green,1
J4318,I8104,25290.0,25293.0,green,1
J4318,I8536,26432.0,26437.0,green,1
J311,I833,1562.0,1565.0,green,1
J311,I4033,11265.0,11273.0,green,1
J311,I4481,12764.0,12770.0,green,2
J311,I5089,15138.0,15141.0,green,1
J311,I5153,15349.0,15354.0,green,1
J1954,I2697,6651.0,6653.0,brown,2
J1954,I2793,6940.0,6944.0,brown,2
J1954,I8682,26842.0,26849.0,green,2
J1475,I248,399.0,405.0,green,4
J3872,I2045,4674.0,4685.0,green,1
J3872,I2236,5283.0,5284.0,brown,1
J3872,I7645,23969.0,23972.0,green,3
J2954,I1516,3169.0,3174.0,green,4
J2954,I2636,6490.0,6495.0,green,1
J2240,I1424,2980.0,2982.0,green,2
J2240,I2800,6961.0,6977.0,green,3
J2240,I6034,18509.0,18514.0,green,1
J3003,I4630,13388.0,13396.0,green,6
J2153,I725,1301.0,1302.0,green,1
J2153,I789,1460.0,1461.0,green,1
J2153,I2261,5344.0,5347.0,green,2
J2153,I3541,9519.0,9523.0,green,1
J2153,I4005,11159.0,11164.0,green,1
J3118,I4262,12048.0,12049.0,green,1
J3118,I8961,27526.0,27527.0,green,1
J735,I757,1378.0,1379.0,green,1
J735,I821,1537.0,1539.0,green,2
J735,I1109,2186.0,2188.0,green,1
J995,I749,1357.0,1358.0,green,1
J995,I877,1638.0,1641.0,brown,2
J4700,I1655,3502.0,3505.0,brown,2
J4700,I3287,8597.0,8600.0,brown,2
J4700,I8696,26879.0,26881.0,green,2
J2914,I5098,15158.0,15164.0,green,6
J2650,I5137,15292.0,15295.0,green,1
J2650,I5243,15711.0,15719.0,green,2
J708,I1105,2169.0,2171.0,green,1
J708,I1137,2254.0,2257.0,green,1
J708,I1393,2906.0,2910.0,green,1
J708,I1777,3824.0,3832.0,green,1
J2359,I3526,9481.0,9485.0,green,1
J2359,I4486,12778.0,12780.0,green,1
J1090,I2579,6330.0,6336.0,brown,1
J1090,I3796,10436.0,10439.0,green,1
J1901,I4618,13335.0,13342.0,green,2
J1901,I9226,28165.0,28170.0,green,1
J3009,I2405,5788.0,5793.0,green,3
J3009,I4356,12392.0,12398.0,brown,2
J3063,I4862,14256.0,14262.0,green,1
J3063,I5918,18074.0,18076.0,green,1
J3063,I6334,19493.0,19495.0,green,2
J1048,I1907,4218.0,4221.0,green,2
J1048,I3283,8573.0,8584.0,green,2
J3791,I7098,22272.0,22277.0,green,2
J3791,I9338,28424.0,28426.0,green,1
J3791,I9978,29724.0,29725.0,green,1
J3791,I10026,29805.0,29806.0,green,1
J2565,I3043,7755.0,7757.0,green,2
J2565,I3107,7995.0,8004.0,green,1
J2085,I3791,10423.0,10425.0,green,2
J2085,I3823,10570.0,10574.0,green,4
J465,I1347,2790.0,2793.0,green,1
J465,I3139,8109.0,8120.0,green,3
J465,I4611,13315.0,13323.0,green,1
J465,I6151,18876.0,18886.0,green,1
J4468,I7765,24311.0,24321.0,brown,3
J4468,I8534,26427.0,26431.0,green,1
J4468,I9241,28197.0,28198.0,green,1
J4990,I6418,19790.0,19791.0,green,1
J4990,I6450,19924.0,19928.0,brown,1
J4990,I7922,24766.0,24775.0,green,3
J993,I2109,4873.0,4881.0,green,5
J2562,I6835,21288.0,21299.0,green,2
J3314,I3847,10649.0,10652.0,green,1
J3314,I5703,17304.0,17308.0,green,2
J3314,I7351,23101.0,23102.0,green,1
J3314,I8001,24986.0,24987.0,green,1
J3314,I8167,25476.0,25481.0,green,1
J3476,I5184,15480.0,15485.0,green,2
J3811,I3915,10877.0,10882.0,green,2
J3811,I5419,16253.0,16261.0,green,2
J3811,I6155,18892.0,18897.0,green,1
J3995,I3825,10575.0,10587.0,brown,1
J3995,I3921,10891.0,10899.0,brown,2
J3995,I4305,12198.0,12207.0,brown,2
J3995,I9234,28186.0,28187.0,green,1
J2655,I1303,2677.0,2682.0,brown,2
J2655,I4568,13097.0,13110.0,green,4
J1944,I2481,6003.0,6008.0,green,3
J1027,I2180,5124.0,5132.0,green,2
J3818,I4501,12845.0,12847.0,brown,1
J3818,I4502,12847.0,12849.0,green,2
J3818,I4534,12971.0,12973.0,green,1
J3818,I7809,24439.0,24446.0,green,1
J790,I1570,3297.0,3298.0,green,1
J790,I1634,3442.0,3444.0,green,2
J4818,I1218,2455.0,2456.0,brown,1
J4818,I8131,25382.0,25391.0,green,1
J3539,I4739,13799.0,13809.0,green,2
J3539,I7907,24711.0,24725.0,green,2
J3539,I8947,27493.0,27496.0,green,1
J3539,I8971,27553.0,27554.0,green,1
J2158,I5977,18313.0,18318.0,green,1
J2158,I5993,18381.0,18386.0,green,1
J1105,I375,615.0,616.0,green,1
J1105,I407,671.0,673.0,green,2
J1105,I2231,5258.0,5259.0,green,1
J1105,I2263,5350.0,5352.0,green,1
J1105,I3063,7826.0,7832.0,green,1
J31,I114,166.0,167.0,green,1
J31,I498,824.0,825.0,green,1
J31,I690,1233.0,1234.0,green,1
J31,I818,1527.0,1532.0,green,1
J2819,I3431,9142.0,9158.0,brown,2
J2819,I6824,21248.0,21258.0,green,1
J4905,I4912,14413.0,14420.0,brown,4
J4905,I9329,28401.0,28402.0,green,1
J117,I2520,6130.0,6136.0,green,2
J117,I3639,9864.0,9868.0,brown,1
J4945,I9269,28253.0,28260.0,green,1
J4945,I9557,28923.0,28925.0,green,1
J4945,I9781,29362.0,29365.0,green,2
J4945,I9989,29739.0,29740.0,green,1
J2572,I91,129.0,130.0,brown,1
J2572,I123,176.0,178.0,brown,2
J2572,I8220,25637.0,25638.0,green,1
J2572,I8668,26798.0,26801.0,green,2
J222,I846,1585.0,1587.0,brown,2
J222,I5903,18019.0,18026.0,green,2
J222,I6031,18499.0,18507.0,green,1
J222,I7407,23267.0,23268.0,green,1
J1583,I1954,4387.0,4395.0,green,1
J1583,I2529,6180.0,6181.0,brown,1
J1583,I2881,7213.0,7214.0,brown,1
J1583,I4738,13797.0,13799.0,green,2
J2754,I642,1113.0,1115.0,brown,1
J2754,I6403,19721.0,19734.0,green,2
J2754,I8627,26677.0,26681.0,green,2
J2754,I8675,26818.0,26819.0,green,1
J4900,I5245,15723.0,15736.0,brown,3
J4900,I5662,17173.0,17177.0,green,2
J4900,I9438,28630.0,28631.0,green,1
J4277,I1753,3763.0,3764.0,brown,1
J4277,I5946,18209.0,18220.0,green,1
J4277,I6234,19169.0,19174.0,green,1
J4277,I8442,26181.0,26193.0,green,2
J1516,I3033,7729.0,7730.0,green,1
J1516,I3097,7957.0,7959.0,green,1
J4674,I4243,11979.0,12000.0,brown,1
J4674,I6388,19669.0,19672.0,green,1
J4674,I6420,19793.0,19804.0,green,3
J4674,I8692,26868.0,26873.0,green,1
J2184,I4270,12068.0,12070.0,green,2
J2184,I5070,15033.0,15044.0,green,1
J4534,I8544,26455.0,26458.0,green,3
J4083,I8493,26328.0,26335.0,green,1
J4083,I8557,26497.0,26498.0,green,1
J2899,I9859,29518.0,29520.0,green,1
J2899,I10003,29767.0,29768.0,green,1
J2899,I10035,29815.0,29817.0,green,1
J1907,I2376,5694.0,5706.0,green,1
J1907,I2408,5797.0,5801.0,green,1
J1907,I3367,8892.0,8893.0,brown,1
J1907,I4341,12336.0,12342.0,green,1
J4599,I6831,21273.0,21276.0,green,1
J4599,I8335,25936.0,25938.0,green,2
J4599,I9615,29031.0,29034.0,green,1
J402,I4250,12013.0,12016.0,green,1
J402,I7296,22887.0,22891.0,green,3
J1607,I2193,5159.0,5160.0,green,1
J1607,I2225,5249.0,5250.0,green,1
J1607,I2257,5336.0,5337.0,green,1
J1607,I3889,10772.0,10786.0,green,3
J2649,I1732,3707.0,3710.0,green,1
J2649,I1828,3957.0,3960.0,green,3
J2649,I6133,18838.0,18841.0,green,2
J4928,I9871,29544.0,29545.0,green,1
J4928,I9967,29706.0,29707.0,green,1
J4928,I9999,29758.0,29761.0,green,1
J4928,I10107,29925.0,29927.0,green,1
J1212,I4521,12924.0,12929.0,green,1
J1212,I5977,18313.0,18318.0,green,1
J1212,I6425,19824.0,19828.0,green,2
J608,I864,1616.0,1617.0,brown,1
J608,I5873,17886.0,17893.0,green,1
J608,I6289,19343.0,19356.0,green,3
J608,I7713,24155.0,24162.0,green,1
J3432,I5324,16002.0,16003.0,brown,1
J3432,I5421,16269.0,16272.0,green,1
J3432,I5452,16385.0,16386.0,brown,1
J3432,I5516,16586.0,16588.0,brown,1
J3432,I6925,21617.0,21620.0,green,2
J331,I430,710.0,711.0,brown,1
J331,I1007,1935.0,1936.0,green,1
J331,I1983,4477.0,4486.0,green,3
J2952,I4198,11849.0,11854.0,brown,3
J188,I632,1094.0,1095.0,green,1
J188,I664,1174.0,1179.0,green,1
J150,I925,1753.0,1755.0,brown,1
J150,I7038,22044.0,22053.0,green,2
J3587,I5076,15084.0,15095.0,brown,4
J3587,I5493,16502.0,16505.0,green,1
J3161,I1871,4100.0,4104.0,green,1
J3161,I2159,5072.0,5075.0,green,2
J3161,I2799,6954.0,6961.0,green,1
J3161,I6823,21246.0,21248.0,green,1
J2742,I3445,9200.0,9202.0,green,2
J2742,I3541,9519.0,9523.0,green,2
J2742,I5173,15425.0,15442.0,green,1
J53,I130,186.0,187.0,green,1
J53,I290,472.0,473.0,green,1
J53,I802,1488.0,1492.0,green,3
J53,I3802,10483.0,10488.0,green,1
J2005,I1030,1988.0,1994.0,green,1
J2005,I3878,10730.0,10734.0,green,2
J2005,I5136,15281.0,15292.0,green,3
J675,I485,804.0,808.0,brown,2
J675,I3686,10016.0,10026.0,green,1
J4649,I5656,17146.0,17151.0,brown,4
J4649,I6040,18533.0,18535.0,brown,2
J481,I388,635.0,638.0,green,1
J481,I483,800.0,801.0,brown,1
J481,I772,1413.0,1417.0,green,1
J481,I868,1623.0,1624.0,green,1
J481,I2084,4804.0,4805.0,green,1
J46,I348,571.0,575.0,green,1
J46,I636,1100.0,1101.0,green,1
J46,I2268,5363.0,5367.0,green,1
J853,I4996,14722.0,14734.0,green,1
J853,I7908,24725.0,24730.0,green,1
J853,I8868,27288.0,27289.0,green,1
J4848,I8351,25972.0,25973.0,brown,1
J4848,I9473,28720.0,28722.0,green,2
J4848,I9633,29073.0,29076.0,green,2
J2825,I3028,7712.0,7713.0,brown,1
J2825,I3220,8383.0,8384.0,brown,1
J2825,I9829,29457.0,29458.0,green,1
J4920,I8055,25144.0,25145.0,brown,1
J4920,I8119,25342.0,25347.0,brown,1
J4920,I9824,29448.0,29449.0,green,1
J1076,I2519,6128.0,6130.0,green,2
J1076,I2551,6249.0,6255.0,green,2
J1029,I7262,22801.0,22805.0,green,2
J1029,I7637,23942.0,23946.0,green,1
J4144,I6614,20497.0,20500.0,green,1
J4144,I7606,23843.0,23857.0,green,2
J4144,I8598,26605.0,26607.0,green,1
J938,I412,677.0,680.0,brown,2
J938,I892,1672.0,1674.0,brown,1
J938,I1916,4245.0,4248.0,brown,1
J938,I5021,14850.0,14857.0,green,1
J938,I7133,22409.0,22422.0,green,1
J4825,I4215,11910.0,11916.0,brown,1
J4825,I9848,29498.0,29499.0,green,1
J4825,I9944,29670.0,29672.0,green,1
J4362,I5183,15476.0,15480.0,green,1
J4362,I6495,20090.0,20099.0,green,2
J4362,I8033,25080.0,25090.0,green,1
J4362,I8511,26368.0,26370.0,green,2
J4763,I3384,8946.0,8967.0,brown,1
J4763,I7497,23527.0,23531.0,green,1
J4763,I8377,26041.0,26043.0,green,2
J2949,I5782,17605.0,17606.0,brown,1
J2949,I5815,17683.0,17688.0,green,2
J2949,I7295,22885.0,22887.0,green,1
J4197,I3922,10899.0,10902.0,brown,3
J4197,I6163,18923.0,18928.0,green,3
J3220,I1543,3233.0,3234.0,brown,1
J3220,I1639,3456.0,3459.0,brown,1
J3220,I3272,8536.0,8538.0,green,1
J3220,I3431,9142.0,9158.0,brown,1
J3220,I6364,19582.0,19585.0,green,2
J579,I1551,3251.0,3252.0,green,1
J579,I1711,3642.0,3650.0,brown,1
J579,I1807,3908.0,3910.0,green,1
J486,I4178,11767.0,11785.0,green,1
J3274,I2278,5386.0,5394.0,brown,1
J3274,I2375,5680.0,5694.0,green,1
J3274,I2407,5796.0,5797.0,green,1
J3274,I3335,8780.0,8784.0,green,2
J3274,I6267,19289.0,19291.0,green,1
J2893,I3361,8878.0,8882.0,brown,1
J2893,I3393,8993.0,8999.0,brown,1
J2893,I7746,24253.0,24259.0,green,1
J2893,I7906,24707.0,24711.0,green,2
J2294,I3972,11051.0,11052.0,green,1
J2294,I4100,11530.0,11537.0,brown,2
J2294,I5412,16237.0,16238.0,green,1
J2294,I6116,18795.0,18797.0,green,1
J2294,I6532,20221.0,20222.0,green,1
J437,I5012,14804.0,14816.0,brown,1
J437,I6421,19804.0,19808.0,green,1
J437,I7141,22441.0,22444.0,green,3
J4414,I6404,19734.0,19736.0,green,2
J4414,I6756,20993.0,20995.0,brown,1
J4414,I6820,21242.0,21244.0,brown,2
J4414,I7268,22815.0,22825.0,brown,1
J4218,I1221,2458.0,2462.0,brown,1
J4218,I8641,26712.0,26714.0,green,2
J3059,I4593,13240.0,13243.0,green,1
J3059,I5264,15794.0,15796.0,brown,1
J3059,I5745,17465.0,17479.0,green,2
J4226,I4283,12118.0,12128.0,green,1
J4226,I9255,28222.0,28226.0,green,2
J2728,I4082,11457.0,11458.0,green,1
J2728,I6386,19655.0,19663.0,green,1
J2888,I1074,2095.0,2096.0,brown,1
J2888,I6835,21288.0,21299.0,green,1
J2888,I6931,21645.0,21646.0,green,1
J2888,I7099,22277.0,22285.0,green,3
J4895,I9835,29470.0,29474.0,green,1
J4895,I9867,29533.0,29536.0,green,1
J2564,I3943,10955.0,10957.0,green,1
J2564,I3975,11056.0,11059.0,green,3
J2564,I5063,15006.0,15017.0,green,2
J4542,I447,739.0,741.0,brown,1
J4542,I1055,2048.0,2051.0,brown,2
J4542,I2783,6895.0,6901.0,brown,1
J4542,I8800,27124.0,27125.0,green,1
J4079,I3492,9380.0,9382.0,brown,2
J4079,I3652,9902.0,9905.0,brown,2
J4079,I7493,23522.0,23523.0,green,1
J4079,I8965,27532.0,27533.0,green,1
J1089,I5019,14834.0,14843.0,green,1
J1148,I640,1109.0,1112.0,green,2
J1148,I2144,4996.0,4998.0,green,1
J1148,I3520,9469.0,9473.0,green,3
J3576,I3223,8390.0,8393.0,green,2
J3576,I3351,8830.0,8832.0,green,2
J3576,I3799,10455.0,10480.0,green,1
J3576,I4535,12973.0,12981.0,green,1
J3093,I5062,15005.0,15006.0,green,1
J3093,I5126,15251.0,15254.0,green,2
J3093,I6854,21365.0,21374.0,green,1
J3442,I5270,15811.0,15812.0,brown,1
J3442,I5335,16026.0,16029.0,green,3
J1327,I2087,4815.0,4825.0,green,4
J3364,I1377,2872.0,2873.0,brown,1
J3364,I3170,8208.0,8215.0,green,1
J3364,I6997,21880.0,21881.0,green,1
J3364,I7586,23769.0,23772.0,green,2
J3887,I6004,18411.0,18412.0,brown,1
J3887,I6228,19145.0,19155.0,brown,3
J1733,I2216,5220.0,5221.0,brown,1
J1733,I3240,8441.0,8442.0,brown,1
J1733,I3304,8680.0,8681.0,brown,1
J1733,I3432,9158.0,9170.0,brown,1
J2969,I3066,7837.0,7840.0,brown,1
J2969,I7099,22277.0,22285.0,green,1
J473,I779,1428.0,1437.0,green,5
J473,I907,1698.0,1699.0,green,1
J777,I1994,4509.0,4511.0,green,2
J777,I5148,15317.0,15337.0,green,1
J3692,I4990,14704.0,14706.0,green,1
J3692,I5245,15723.0,15736.0,brown,2
J3692,I6430,19858.0,19865.0,green,1
J689,I1352,2798.0,2805.0,green,1
J689,I1384,2888.0,2889.0,green,1
J689,I3400,9025.0,9033.0,green,1
J1979,I2501,6080.0,6090.0,green,2
J163,I3456,9250.0,9252.0,green,2
J163,I5984,18341.0,18349.0,green,2
J2437,I4408,12548.0,12557.0,green,4
J4840,I4199,11854.0,11858.0,brown,2
J4840,I10024,29801.0,29802.0,green,1
J4840,I10092,29904.0,29907.0,green,1
J613,I1470,3063.0,3065.0,green,1
J613,I1854,4048.0,4051.0,green,2
J613,I1918,4258.0,4265.0,green,3
J2794,I3302,8672.0,8674.0,green,2
J2794,I3334,8778.0,8780.0,green,1
J4751,I7266,22810.0,22814.0,brown,3
J4751,I7299,22896.0,22905.0,green,1
J4751,I8547,26464.0,26466.0,green,1
J4751,I9251,28215.0,28216.0,green,1
J720,I1463,3050.0,3051.0,brown,1
J720,I1495,3121.0,3123.0,brown,1
J720,I1783,3848.0,3851.0,brown,1
J720,I3479,9309.0,9315.0,brown,1
J720,I8088,25236.0,25244.0,green,1
J720,I9272,28268.0,28271.0,green,1
J3031,I2371,5656.0,5659.0,green,3
J3031,I2403,5785.0,5787.0,green,1
J2515,I791,1462.0,1465.0,green,1
J2515,I4119,11584.0,11593.0,green,1
J2725,I3370,8896.0,8901.0,brown,3
J2725,I8683,26849.0,26851.0,green,2
J1824,I3552,9548.0,9550.0,green,1
J4989,I9270,28260.0,28267.0,green,2
J4989,I9782,29365.0,29368.0,green,1
J4113,I6286,19334.0,19337.0,brown,2
J4113,I6543,20253.0,20262.0,green,1
J4113,I6639,20561.0,20565.0,green,2
J783,I1969,4435.0,4439.0,green,2
J783,I2001,4534.0,4538.0,green,1
J1740,I446,737.0,739.0,brown,2
J1740,I1278,2622.0,2626.0,brown,2
J1740,I2335,5559.0,5564.0,green,1
J1740,I5919,18076.0,18078.0,green,1
J2590,I3901,10824.0,10825.0,brown,1
J2590,I4030,11255.0,11258.0,green,2
J1489,I2010,4566.0,4570.0,green,2
J3540,I6617,20503.0,20505.0,green,2
J3461,I2629,6463.0,6469.0,green,3
J3461,I5317,15976.0,15979.0,green,2
J4346,I6355,19551.0,19552.0,green,1
J4346,I6419,19791.0,19793.0,green,2
J4114,I5571,16799.0,16807.0,green,1
J4114,I9411,28576.0,28582.0,green,1
J4100,I5284,15863.0,15866.0,brown,1
J4100,I7973,24920.0,24926.0,green,1
J6,I17,19.0,22.0,green,2
J1904,I3872,10718.0,10722.0,green,4
J1904,I4160,11697.0,11705.0,green,1
J2730,I3614,9770.0,9772.0,brown,1
J2730,I6271,19302.0,19306.0,green,1
J2730,I8609,26625.0,26628.0,green,1
J1506,I3343,8802.0,8806.0,green,2
J3807,I5394,16196.0,16197.0,brown,1
J3807,I5618,16995.0,16997.0,brown,2
J3807,I8147,25425.0,25428.0,green,2
J3341,I3155,8163.0,8167.0,green,4
J3341,I3187,8257.0,8259.0,green,1
J2738,I3252,8473.0,8478.0,green,3
J2738,I8212,25597.0,25603.0,green,2
J4223,I3392,8989.0,8993.0,brown,2
J4223,I3648,9887.0,9893.0,brown,1
J4223,I10146,29981.0,29982.0,green,1
J4223,I10147,29982.0,29984.0,green,2
J1684,I3432,9158.0,9170.0,brown,1
J1684,I4041,11292.0,11298.0,green,2
J1684,I8097,25262.0,25264.0,green,1
J1942,I3431,9142.0,9158.0,brown,1
J1942,I9640,29088.0,29090.0,green,1
J44,I650,1136.0,1146.0,green,1
J3569,I6695,20750.0,20755.0,green,4
J4453,I4909,14405.0,14409.0,brown,1
J4453,I5134,15277.0,15280.0,green,1
J4453,I8622,26659.0,26668.0,green,1
J4453,I9262,28242.0,28244.0,green,2
J3810,I962,1842.0,1848.0,brown,1
J3810,I8899,27375.0,27376.0,green,1
J3810,I9223,28152.0,28154.0,green,1
J3810,I9355,28456.0,28459.0,green,1
J2349,I8494,26335.0,26337.0,green,1
J2349,I9294,28319.0,28329.0,green,1
J601,I1118,2207.0,2208.0,green,1
J601,I1406,2949.0,2951.0,brown,1
J601,I1566,3292.0,3293.0,green,1
J2932,I3257,8486.0,8489.0,green,2
J2932,I3769,10317.0,10337.0,green,3
J2932,I6777,21075.0,21082.0,green,1
J151,I4865,14265.0,14266.0,green,1
J151,I6289,19343.0,19356.0,green,1
J151,I6689,20720.0,20725.0,green,1
J2988,I3641,9870.0,9871.0,brown,1
J2988,I3737,10206.0,10211.0,brown,1
J1965,I3724,10136.0,10145.0,brown,1
J1965,I6429,19839.0,19858.0,green,2
J1965,I6797,21147.0,21157.0,green,1
J3772,I4367,12421.0,12423.0,brown,2
J3772,I7312,22956.0,22974.0,green,2
J2709,I3961,11018.0,11019.0,green,1
J2709,I3993,11117.0,11118.0,green,1
J2709,I4569,13110.0,13124.0,green,2
J2709,I4954,14583.0,14591.0,brown,1
J2807,I2242,5300.0,5303.0,brown,1
J2807,I2466,5960.0,5965.0,brown,1
J2807,I6595,20420.0,20431.0,green,1
J2807,I6723,20872.0,20873.0,green,1
J2807,I9315,28375.0,28376.0,green,1
J651,I1505,3133.0,3145.0,green,2
J651,I1825,3942.0,3954.0,green,1
J651,I1857,4063.0,4064.0,green,1
J651,I2079,4787.0,4792.0,green,1
J1084,I2238,5286.0,5288.0,brown,1
J1084,I2846,7118.0,7123.0,brown,1
J1084,I3903,10831.0,10836.0,green,2
J1084,I6591,20400.0,20404.0,green,1
J863,I1475,3072.0,3075.0,green,3
J863,I1571,3298.0,3300.0,green,1
J863,I1635,3444.0,3445.0,green,1
J863,I1859,4071.0,4074.0,green,1
J1802,I3629,9820.0,9822.0,green,1
J1802,I3885,10755.0,10757.0,green,2
J1818,I2515,6120.0,6123.0,green,3
J1818,I3219,8380.0,8383.0,green,2
J2079,I3786,10402.0,10403.0,green,1
J2079,I3818,10542.0,10552.0,green,1
J2079,I4784,13977.0,13981.0,green,1
J368,I1255,2548.0,2551.0,green,2
J2331,I963,1848.0,1849.0,brown,1
J2331,I1411,2956.0,2960.0,brown,1
J2331,I1956,4396.0,4397.0,green,1
J2331,I4164,11710.0,11712.0,green,1
J2331,I4516,12891.0,12897.0,green,1
J2331,I5028,14871.0,14872.0,green,1
J2771,I3061,7816.0,7825.0,green,1
J2771,I3508,9432.0,9435.0,brown,1
J2771,I4468,12711.0,12716.0,brown,1
J1286,I6854,21365.0,21374.0,green,1
J1286,I7114,22336.0,22340.0,green,1
J1286,I7417,23303.0,23308.0,green,2
J3609,I6729,20906.0,20907.0,green,1
J3609,I6761,21010.0,21014.0,green,1
J3609,I6793,21118.0,21134.0,green,1
J1775,I404,663.0,665.0,brown,1
J1775,I1909,4222.0,4224.0,green,1
J1775,I3061,7816.0,7825.0,green,1
J201,I2160,5075.0,5079.0,green,1
J201,I3248,8463.0,8465.0,green,1
J2293,I673,1195.0,1196.0,brown,1
J2293,I961,1840.0,1842.0,brown,1
J2293,I1697,3598.0,3600.0,brown,1
J2293,I2210,5208.0,5212.0,green,2
J2193,I3990,11099.0,11107.0,green,3
J1871,I2571,6312.0,6314.0,green,2
J1871,I2603,6398.0,6403.0,green,2
J1784,I2223,5240.0,5243.0,green,3
J1784,I3119,8040.0,8046.0,green,1
J1784,I5815,17683.0,17688.0,green,1
J1784,I5999,18397.0,18399.0,green,1
J2390,I3632,9829.0,9837.0,green,4
J2390,I6832,21276.0,21279.0,green,1
J3416,I4095,11514.0,11519.0,brown,2
J3416,I4128,11612.0,11613.0,green,1
J3416,I4160,11697.0,11705.0,green,1
J3416,I6872,21456.0,21458.0,green,1
J4,I296,484.0,489.0,green,1
J4,I2152,5038.0,5044.0,green,2
J4,I2204,5185.0,5193.0,green,1
J291,I529,885.0,887.0,green,1
J291,I657,1161.0,1162.0,green,1
J291,I945,1804.0,1805.0,green,1
J4391,I5642,17084.0,17089.0,green,4
J2368,I2879,7204.0,7210.0,brown,2
J2368,I8672,26809.0,26811.0,green,1
J2368,I9632,29069.0,29073.0,green,1
J4851,I8489,26308.0,26318.0,green,2
J4851,I9673,29157.0,29158.0,green,1
J4851,I9865,29527.0,29530.0,green,2
J3761,I3291,8615.0,8621.0,brown,1
J3761,I6332,19483.0,19489.0,green,2
J3761,I9212,28132.0,28135.0,green,1
J2404,I4252,12018.0,12019.0,green,1
J2404,I4284,12128.0,12134.0,green,3
J3357,I2805,6989.0,7000.0,green,5
J4247,I2741,6767.0,6777.0,brown,3
J4247,I6678,20685.0,20693.0,green,2
J4247,I7478,23480.0,23481.0,green,1
J2165,I2931,7390.0,7391.0,green,1
J2165,I3635,9845.0,9858.0,green,2
J774,I1373,2861.0,2868.0,brown,2
J774,I7134,22422.0,22426.0,green,3
J774,I8990,27597.0,27598.0,green,1
J741,I1440,3006.0,3010.0,brown,3
J741,I5873,17886.0,17893.0,green,1
J231,I644,1118.0,1122.0,brown,2
J231,I8005,24996.0,25011.0,green,1
J231,I8453,26212.0,26217.0,green,1
J959,I1306,2686.0,2693.0,brown,2
J959,I4475,12738.0,12743.0,green,1
J3990,I6697,20760.0,20770.0,green,4
J3323,I3221,8384.0,8387.0,brown,1
J3323,I9078,27782.0,27783.0,green,1
J3323,I9558,28925.0,28929.0,green,2
J3323,I9782,29365.0,29368.0,green,1
J3323,I9814,29430.0,29431.0,green,1
J1488,I4241,11968.0,11978.0,brown,1
J1488,I5746,17479.0,17489.0,green,4
J1488,I7474,23473.0,23476.0,green,1
J4819,I9011,27639.0,27640.0,green,1
J4819,I9587,28977.0,28978.0,green,1
J2856,I2693,6644.0,6646.0,brown,1
J2856,I4390,12495.0,12503.0,green,5
J3635,I2091,4832.0,4842.0,green,1
J3635,I6859,21382.0,21398.0,green,5
J4089,I10092,29904.0,29907.0,green,1
J4089,I10093,29907.0,29910.0,green,1
J1415,I5111,15208.0,15209.0,green,1
J1415,I6775,21062.0,21073.0,green,1
J1415,I8791,27110.0,27112.0,green,1
J1415,I9433,28619.0,28621.0,green,1
J210,I6958,21732.0,21741.0,green,1
J210,I7214,22646.0,22647.0,green,1
J210,I8174,25499.0,25500.0,green,1
J210,I8334,25935.0,25936.0,green,1
J4182,I5539,16675.0,16676.0,brown,1
J4182,I6724,20873.0,20892.0,green,1
J1579,I2730,6737.0,6742.0,green,1
J1579,I3402,9038.0,9045.0,green,1
J1579,I4042,11298.0,11309.0,green,1
J1579,I4298,12169.0,12171.0,green,1
J3732,I6670,20650.0,20656.0,green,3
J3732,I6926,21620.0,21636.0,green,1
J3898,I4061,11384.0,11385.0,green,1
J3898,I4573,13146.0,13156.0,green,2
J3898,I4637,13415.0,13418.0,green,3
J3217,I4396,12517.0,12518.0,brown,1
J3217,I4845,14196.0,14203.0,green,1
J3217,I6797,21147.0,21157.0,green,1
J695,I1673,3546.0,3547.0,brown,1
J695,I5386,16182.0,16183.0,green,1
J695,I8798,27119.0,27123.0,green,2
J2550,I2535,6202.0,6210.0,brown,3
J2550,I6152,18886.0,18889.0,green,1
J2550,I7944,24843.0,24846.0,green,2
J3513,I3881,10738.0,10747.0,green,4
J3513,I4104,11542.0,11545.0,brown,1
J3513,I4521,12924.0,12929.0,green,1
J1511,I5250,15748.0,15754.0,green,3
J1511,I7138,22436.0,22438.0,green,2
J997,I1492,3115.0,3119.0,brown,1
J997,I9461,28695.0,28698.0,green,3
J997,I9845,29493.0,29494.0,green,1
J997,I9925,29639.0,29641.0,green,1
J3435,I6486,20050.0,20054.0,green,2
J975,I2033,4644.0,4646.0,brown,1
J975,I2558,6274.0,6278.0,green,3
J3306,I5300,15912.0,15914.0,brown,1
J3306,I5396,16200.0,16205.0,brown,1
J3306,I8901,27377.0,27382.0,green,1
J2868,I7572,23722.0,23732.0,green,2
J2868,I7604,23834.0,23838.0,green,2
J4625,I4469,12716.0,12719.0,brown,2
J4625,I8950,27502.0,27504.0,green,1
J4625,I9374,28497.0,28498.0,green,1
J1247,I1505,3133.0,3145.0,green,5
J692,I866,1619.0,1621.0,green,1
J692,I1058,2054.0,2061.0,green,2
J692,I3170,8208.0,8215.0,green,1
J1801,I4026,11229.0,11235.0,green,1
J1801,I6874,21460.0,21466.0,green,2
J1801,I7130,22401.0,22404.0,green,1
J1801,I7934,24815.0,24823.0,green,1
J2946,I3793,10428.0,10433.0,green,5
J2946,I4241,11968.0,11978.0,brown,1
J1881,I1888,4173.0,4175.0,green,2
J1881,I4032,11260.0,11265.0,green,1
J1881,I4608,13299.0,13306.0,green,1
J667,I2169,5099.0,5103.0,green,1
J667,I2633,6476.0,6484.0,green,4
J2753,I6416,19774.0,19788.0,green,3
J3850,I7306,22930.0,22936.0,green,3
J3850,I7370,23140.0,23144.0,green,1
J131,I294,481.0,482.0,green,1
J131,I774,1419.0,1421.0,green,1
J3387,I66,93.0,95.0,brown,1
J3387,I9411,28576.0,28582.0,green,3
J4502,I8613,26634.0,26636.0,green,2
J4502,I8709,26903.0,26908.0,brown,1
J4502,I9189,28067.0,28076.0,green,2
J4901,I8681,26836.0,26842.0,green,3
J2468,I271,442.0,445.0,brown,3
J2468,I463,765.0,766.0,brown,1
J2468,I6704,20789.0,20792.0,green,1
J2468,I9424,28608.0,28610.0,green,1
J3900,I4380,12466.0,12467.0,brown,1
J3900,I4413,12567.0,12568.0,green,1
J3900,I4509,12868.0,12872.0,brown,1
J2844,I839,1571.0,1572.0,brown,1
J2844,I2823,7041.0,7044.0,brown,1
J2844,I6888,21509.0,21511.0,green,1
J2844,I7400,23241.0,23244.0,green,2
J2844,I7816,24474.0,24476.0,green,1
J3446,I4468,12711.0,12716.0,brown,1
J3446,I5269,15805.0,15811.0,green,1
J3446,I8725,26955.0,26958.0,green,1
J3446,I8789,27104.0,27106.0,green,1
J3370,I6288,19339.0,19343.0,green,3
J3370,I7120,22368.0,22371.0,green,3
J2276,I4026,11229.0,11235.0,green,4
J4730,I7770,24329.0,24333.0,brown,1
J4730,I7931,24805.0,24811.0,green,5
J2421,I1672,3545.0,3546.0,brown,1
J2421,I2377,5706.0,5711.0,green,2
J2421,I6761,21010.0,21014.0,green,1
J2015,I7467,23462.0,23464.0,green,2
J2015,I8555,26492.0,26496.0,green,1
J2015,I8651,26746.0,26749.0,green,1
J1139,I2310,5492.0,5498.0,brown,3
J1139,I5735,17429.0,17433.0,green,2
J1139,I6855,21374.0,21376.0,green,1
J411,I1072,2093.0,2094.0,brown,1
J411,I4048,11326.0,11333.0,brown,1
J411,I5745,17465.0,17479.0,green,3
J2596,I826,1548.0,1550.0,brown,1
J2596,I1211,2440.0,2442.0,green,1
J2596,I1659,3517.0,3521.0,green,1
J2596,I2331,5544.0,5547.0,green,1
J2596,I3483,9334.0,9338.0,green,1
J2558,I4261,12045.0,12048.0,green,3
J2558,I4293,12159.0,12160.0,green,1
J250,I320,522.0,529.0,green,4
J250,I788,1459.0,1460.0,green,1
J250,I1216,2449.0,2453.0,brown,1
J4665,I4083,11458.0,11469.0,green,1
J4665,I6611,20484.0,20492.0,green,3
J4665,I9273,28271.0,28274.0,green,2
J2901,I2660,6562.0,6566.0,brown,1
J2901,I2980,7542.0,7547.0,brown,1
J2901,I8997,27609.0,27614.0,green,1
J2901,I9205,28112.0,28114.0,green,1
J1202,I1991,4501.0,4504.0,green,3
J1202,I2023,4617.0,4619.0,green,1
J1202,I5031,14876.0,14878.0,green,1
J4591,I4619,13342.0,13351.0,green,1
J4591,I9643,29097.0,29098.0,green,1
J4591,I9783,29368.0,29374.0,green,2
J4264,I5754,17516.0,17517.0,green,1
J4264,I9972,29714.0,29717.0,green,2
J4264,I9996,29749.0,29751.0,green,2
J4163,I1053,2045.0,2047.0,brown,2
J4163,I3421,9118.0,9121.0,brown,1
J4163,I4766,13903.0,13921.0,green,1
J128,I406,666.0,671.0,green,2
J128,I502,831.0,832.0,green,1
J128,I598,1021.0,1025.0,brown,2
J713,I1148,2285.0,2288.0,green,1
J998,I1833,3979.0,3986.0,green,4
J998,I3697,10042.0,10045.0,green,1
J998,I4757,13863.0,13870.0,green,1
J2872,I4615,13329.0,13331.0,green,2
J2872,I5255,15767.0,15773.0,green,3
J1315,I2512,6111.0,6115.0,green,1
J1315,I3664,9928.0,9947.0,green,4
J1760,I626,1080.0,1082.0,brown,1
J1760,I787,1458.0,1459.0,green,1
J1760,I1299,2667.0,2669.0,green,2
J1760,I2675,6601.0,6608.0,green,1
J3844,I2383,5734.0,5736.0,brown,1
J3844,I3632,9829.0,9837.0,green,1
J3844,I8160,25465.0,25467.0,green,1
J2045,I2888,7237.0,7241.0,brown,1
J2045,I8105,25293.0,25305.0,green,2
J2045,I9321,28382.0,28385.0,green,1
J2045,I9545,28878.0,28881.0,green,2
J1425,I3486,9341.0,9363.0,green,5
J3789,I1751,3755.0,3760.0,green,2
J3789,I7095,22247.0,22253.0,green,2
J2283,I3505,9421.0,9423.0,brown,1
J2283,I3825,10575.0,10587.0,brown,1
J1725,I4759,13872.0,13883.0,green,1
J1725,I6383,19649.0,19650.0,green,1
J1026,I1429,2988.0,2991.0,green,2
J4477,I7721,24175.0,24180.0,green,3
J4477,I8489,26308.0,26318.0,green,3
J4526,I7609,23859.0,23862.0,green,2
J4906,I6893,21535.0,21541.0,green,4
J4906,I7084,22213.0,22215.0,brown,2
J1859,I2567,6294.0,6300.0,green,4
J1058,I2836,7083.0,7093.0,green,4
J3423,I5432,16303.0,16304.0,green,1
J3423,I5656,17146.0,17151.0,brown,1
J3423,I6008,18422.0,18424.0,brown,1
J3423,I8488,26300.0,26308.0,green,1
J3423,I8648,26737.0,26743.0,green,1
J2055,I3584,9662.0,9668.0,green,1
J2055,I5056,14980.0,14991.0,green,2
J4141,I7384,23172.0,23177.0,green,4
J4141,I7416,23299.0,23303.0,green,1
J2974,I2381,5721.0,5728.0,green,3
J2974,I5101,15169.0,15180.0,green,1
J3838,I7385,23177.0,23194.0,green,1
J3393,I6313,19430.0,19433.0,brown,3
J3393,I6377,19630.0,19632.0,brown,2
J3393,I6602,20451.0,20456.0,green,1
J1924,I2685,6629.0,6630.0,brown,1
J1924,I2877,7198.0,7199.0,brown,1
J1924,I4766,13903.0,13921.0,green,3
J1924,I6814,21207.0,21213.0,green,1
J3096,I3195,8289.0,8297.0,green,1
J3096,I6599,20440.0,20444.0,green,1
J3096,I6951,21713.0,21717.0,green,3
J3920,I2412,5807.0,5808.0,brown,1
J3920,I5101,15169.0,15180.0,green,1
J3920,I7069,22159.0,22165.0,green,1
J3920,I7117,22359.0,22364.0,green,1
J3920,I7133,22409.0,22422.0,green,1
J3920,I8157,25457.0,25463.0,green,1
J2859,I4798,14029.0,14033.0,brown,1
J2859,I5246,15736.0,15741.0,brown,1
J2859,I6207,19061.0,19071.0,green,1
J3745,I3319,8708.0,8716.0,green,6
J1553,I842,1577.0,1579.0,brown,1
J693,I1719,3665.0,3669.0,brown,1
J693,I5944,18182.0,18190.0,green,3
J1034,I2694,6646.0,6649.0,brown,1
J1034,I2758,6808.0,6809.0,brown,1
J1034,I2854,7140.0,7141.0,brown,1
J1034,I2886,7226.0,7231.0,brown,2
J1034,I4519,12914.0,12915.0,green,1
J86,I257,415.0,418.0,green,3
J86,I2177,5117.0,5122.0,green,1
J2339,I970,1857.0,1858.0,brown,1
J2339,I6859,21382.0,21398.0,green,4
J3558,I5883,17947.0,17956.0,green,2
J3558,I6106,18757.0,18760.0,brown,1
J4650,I9555,28901.0,28911.0,green,3
J16,I25,30.0,31.0,green,1
J16,I57,79.0,83.0,brown,1
J16,I3769,10317.0,10337.0,green,1
J252,I648,1132.0,1133.0,brown,1
J252,I840,1572.0,1576.0,brown,1
J252,I6345,19534.0,19536.0,green,2
J252,I7129,22398.0,22401.0,green,2
J4519,I5388,16185.0,16188.0,green,2
J4519,I7052,22084.0,22095.0,green,1
J4519,I7788,24385.0,24386.0,green,1
J4834,I4337,12322.0,12324.0,green,1
J4834,I4401,12526.0,12527.0,green,1
J4834,I4465,12699.0,12705.0,brown,3
J828,I1244,2520.0,2525.0,green,2
J3081,I2218,5222.0,5225.0,brown,1
J3081,I3755,10267.0,10275.0,green,1
J3081,I5707,17311.0,17321.0,green,1
J2182,I3118,8039.0,8040.0,green,1
J2182,I3150,8148.0,8150.0,green,2
J2182,I3214,8355.0,8356.0,green,1
J2182,I3246,8457.0,8459.0,green,2
J881,I3895,10806.0,10808.0,green,2
J881,I7031,22024.0,22027.0,green,3
J605,I796,1470.0,1476.0,green,6
J681,I551,928.0,929.0,green,1
J681,I615,1058.0,1061.0,green,1
J681,I2375,5680.0,5694.0,green,2
J681,I2471,5982.0,5985.0,green,1
J1081,I2638,6501.0,6503.0,green,1
J1081,I4622,13353.0,13368.0,green,1
J1081,I6158,18902.0,18909.0,green,1
J874,I1883,4160.0,4163.0,green,3
J874,I1915,4242.0,4245.0,brown,1
J4992,I5323,15994.0,16002.0,green,1
J4992,I6859,21382.0,21398.0,green,2
J4992,I10091,29902.0,29904.0,green,1
J4992,I10097,29913.0,29914.0,green,1
J4992,I10115,29941.0,29943.0,green,1
J3952,I4713,13676.0,13679.0,brown,2
J1214,I9098,27821.0,27827.0,green,1
J1214,I9322,28385.0,28387.0,green,2
J2137,I1954,4387.0,4395.0,green,3
J1269,I1273,2599.0,2603.0,brown,1
J1269,I4474,12728.0,12738.0,green,1
J1269,I9082,27787.0,27788.0,green,1
J3449,I3547,9536.0,9539.0,green,2
J3449,I3738,10211.0,10217.0,brown,2
J3449,I3866,10704.0,10705.0,brown,1
J3449,I8347,25960.0,25962.0,green,1
J2271,I6405,19736.0,19742.0,green,1
J2271,I6917,21599.0,21604.0,green,3
J2074,I1881,4149.0,4159.0,green,2
J2074,I1913,4229.0,4236.0,green,2
J2074,I2457,5932.0,5935.0,green,1
J2074,I3384,8946.0,8967.0,brown,1
J1070,I4083,11458.0,11469.0,green,1
J1070,I7315,22989.0,22997.0,green,5
J789,I965,1850.0,1851.0,brown,1
J789,I1030,1988.0,1994.0,green,3
J789,I1158,2307.0,2308.0,green,1
J789,I1254,2545.0,2548.0,green,1
J494,I613,1055.0,1056.0,green,1
J494,I805,1496.0,1499.0,green,3
J494,I837,1569.0,1570.0,green,1
J4199,I5627,17016.0,17017.0,brown,1
J4199,I6011,18431.0,18433.0,brown,1
J4199,I6203,19055.0,19058.0,brown,3
J4199,I7483,23485.0,23486.0,brown,1
J3767,I8617,26645.0,26651.0,green,3
J3061,I3907,10845.0,10851.0,brown,4
J3061,I5316,15972.0,15976.0,green,2
J3542,I2242,5300.0,5303.0,brown,2
J3542,I8099,25275.0,25279.0,green,1
J3542,I8611,26629.0,26630.0,green,1
J703,I2007,4556.0,4562.0,green,1
J703,I4119,11584.0,11593.0,green,3
J703,I5143,15305.0,15308.0,green,1
J703,I5783,17606.0,17610.0,green,1
J2478,I7778,24359.0,24364.0,green,4
J2478,I8450,26208.0,26209.0,green,1
J2478,I9706,29225.0,29228.0,green,1
J4091,I2656,6551.0,6553.0,brown,1
J4091,I2880,7210.0,7213.0,brown,1
J4091,I3648,9887.0,9893.0,brown,1
J4091,I9857,29513.0,29516.0,green,2
J4473,I7887,24667.0,24671.0,brown,3
J4473,I8496,26338.0,26340.0,green,2
J4473,I8656,26758.0,26761.0,green,1
J3629,I4256,12030.0,12031.0,green,1
J3629,I4544,13018.0,13021.0,green,2
J3629,I5184,15480.0,15485.0,green,1
J3629,I7776,24349.0,24356.0,green,2
J4221,I6170,18947.0,18951.0,green,1
J4221,I8442,26181.0,26193.0,green,2
J4221,I9562,28937.0,28938.0,green,1
J4221,I9946,29673.0,29674.0,green,1
J4221,I10058,29851.0,29855.0,green,1
J3774,I6023,18469.0,18476.0,green,1
J3774,I7095,22247.0,22253.0,green,1
J3774,I7513,23567.0,23572.0,green,1
J3521,I6216,19098.0,19105.0,green,2
J3521,I6600,20444.0,20445.0,green,1
J3521,I8680,26834.0,26836.0,green,1
J1788,I960,1838.0,1840.0,brown,1
J1788,I1569,3295.0,3297.0,green,1
J1788,I4513,12876.0,12885.0,green,1
J2178,I3605,9736.0,9740.0,green,1
J2178,I3669,9960.0,9962.0,green,2
J2178,I3765,10309.0,10313.0,green,2
J2178,I4469,12716.0,12719.0,brown,1
J1050,I1582,3325.0,3327.0,green,2
J1050,I2414,5811.0,5815.0,green,2
J1179,I2273,5374.0,5375.0,green,1
J1179,I2337,5567.0,5568.0,green,1
J1179,I2401,5778.0,5784.0,green,2
J1993,I4779,13958.0,13970.0,green,1
J1993,I5707,17311.0,17321.0,green,2
J1993,I6155,18892.0,18897.0,green,1
J1993,I6955,21722.0,21724.0,green,1
J2869,I2315,5508.0,5510.0,green,2
J2869,I5739,17445.0,17446.0,green,1
J2869,I6891,21519.0,21529.0,green,2
J1226,I4734,13775.0,13785.0,green,3
J845,I1012,1942.0,1943.0,green,1
J845,I1108,2182.0,2186.0,green,2
J3664,I4859,14241.0,14251.0,green,2
J3664,I4923,14463.0,14465.0,green,1
J132,I321,529.0,530.0,green,1
J132,I381,626.0,627.0,green,1
J132,I513,854.0,856.0,green,2
J132,I737,1331.0,1338.0,green,1
J132,I769,1406.0,1407.0,green,1
J1072,I1530,3201.0,3202.0,green,1
J1072,I1658,3507.0,3517.0,green,1
J3309,I5175,15443.0,15445.0,green,2
J3309,I5271,15812.0,15817.0,brown,1
J51,I322,530.0,531.0,green,1
J51,I514,856.0,858.0,green,1
J51,I1186,2375.0,2378.0,green,1
J578,I3464,9271.0,9274.0,green,1
J578,I5128,15256.0,15257.0,green,1
J578,I6472,19987.0,19998.0,green,2
J3974,I5449,16375.0,16379.0,brown,4
J3974,I5801,17653.0,17654.0,brown,1
J3974,I9098,27821.0,27827.0,green,1
J1004,I1677,3553.0,3556.0,green,2
J1004,I1741,3733.0,3735.0,green,1
J1004,I2284,5410.0,5422.0,brown,2
J1004,I2317,5513.0,5519.0,green,1
J3929,I4475,12738.0,12743.0,green,4
J3929,I4890,14364.0,14368.0,brown,1
J2391,I3080,7881.0,7886.0,green,1
J2391,I6268,19291.0,19295.0,green,3
J2772,I184,284.0,286.0,brown,2
J3083,I6012,18433.0,18437.0,brown,1
J3083,I6205,19059.0,19060.0,green,1
J3083,I6333,19489.0,19493.0,green,1
J3083,I7133,22409.0,22422.0,green,3
J733,I3574,9641.0,9646.0,green,1
J733,I6293,19362.0,19363.0,green,1
J733,I6294,19363.0,19376.0,green,1
J733,I6526,20193.0,20203.0,green,1
J2070,I6252,19228.0,19234.0,green,2
J2081,I3225,8399.0,8404.0,green,5
J2081,I3257,8486.0,8489.0,green,1
J3598,I2629,6463.0,6469.0,green,3
J3598,I7813,24459.0,24463.0,green,2
J3996,I3076,7864.0,7873.0,brown,1
J3996,I3557,9568.0,9577.0,green,1
J3996,I4037,11280.0,11283.0,green,2
J3996,I7845,24546.0,24554.0,green,1
J3996,I8161,25467.0,25468.0,green,1
J846,I1735,3718.0,3720.0,green,1
J846,I1831,3975.0,3978.0,green,1
J2138,I1058,2054.0,2061.0,green,1
J2138,I1601,3359.0,3363.0,brown,1
J2138,I5660,17163.0,17172.0,green,2
J4195,I4755,13855.0,13856.0,green,1
J4195,I4915,14426.0,14434.0,green,1
J1782,I1805,3895.0,3906.0,green,1
J1782,I6429,19839.0,19858.0,green,2
J4619,I3490,9376.0,9378.0,brown,1
J4619,I9443,28638.0,28642.0,green,1
J4619,I9683,29184.0,29188.0,green,1
J595,I2892,7247.0,7253.0,brown,2
J3047,I1784,3851.0,3854.0,brown,1
J3047,I3384,8946.0,8967.0,brown,1
J3047,I4633,13400.0,13407.0,green,1
J2129,I4372,12437.0,12438.0,brown,1
J2129,I5236,15691.0,15694.0,brown,1
J2129,I6549,20283.0,20284.0,green,1
J2636,I1701,3604.0,3608.0,brown,2
J2636,I7786,24380.0,24383.0,green,1
J1243,I2874,7191.0,7192.0,brown,1
J1243,I2906,7307.0,7308.0,brown,1
J1243,I3034,7730.0,7733.0,brown,1
J1243,I8155,25448.0,25453.0,green,1
J3401,I6379,19633.0,19637.0,brown,2
J3401,I6540,20246.0,20248.0,green,2
J3401,I6916,21592.0,21599.0,green,2
J922,I921,1743.0,1745.0,brown,1
J922,I3770,10337.0,10346.0,green,3
J922,I7130,22401.0,22404.0,green,2
J4882,I2466,5960.0,5965.0,brown,1
J4882,I9555,28901.0,28911.0,green,1
J4882,I9843,29487.0,29490.0,green,1
J4882,I9859,29518.0,29520.0,green,1
J4882,I9867,29533.0,29536.0,green,1
J4882,I9875,29549.0,29551.0,green,1
J2733,I4516,12891.0,12897.0,green,2
J2733,I5060,14997.0,15001.0,green,1
J2733,I5892,17979.0,17983.0,green,1
J2733,I7509,23557.0,23559.0,green,1
J2110,I1055,2048.0,2051.0,brown,1
J2110,I4480,12755.0,12764.0,green,2
J2110,I4608,13299.0,13306.0,green,1
J2110,I5184,15480.0,15485.0,green,1
J2337,I2773,6855.0,6861.0,green,2
J2337,I2933,7393.0,7395.0,green,1
J4160,I4677,13553.0,13557.0,brown,1
J4160,I4998,14738.0,14755.0,green,4
J4160,I7142,22444.0,22450.0,green,1
J384,I793,1466.0,1467.0,green,1
J384,I3353,8834.0,8851.0,green,1
J4377,I3303,8674.0,8680.0,brown,2
J4377,I9576,28957.0,28961.0,green,2
J839,I6431,19865.0,19871.0,green,2
J839,I7215,22647.0,22649.0,green,1
J944,I5250,15748.0,15754.0,green,2
J944,I8510,26365.0,26368.0,green,1
J944,I8537,26437.0,26440.0,green,3
J1827,I3076,7864.0,7873.0,brown,1
J1827,I7525,23606.0,23610.0,green,1
J1827,I10021,29797.0,29798.0,green,1
J1827,I10093,29907.0,29910.0,green,1
J307,I686,1222.0,1226.0,brown,1
J307,I2351,5597.0,5611.0,green,1
J307,I3695,10038.0,10039.0,green,1
J307,I6363,19577.0,19582.0,green,2
J1649,I2542,6223.0,6231.0,brown,2
J1649,I5423,16276.0,16278.0,green,1
J1649,I6869,21439.0,21444.0,green,1
J174,I4069,11408.0,11414.0,green,1
J174,I6837,21302.0,21309.0,green,1
J4962,I893,1674.0,1676.0,brown,2
J4962,I1277,2619.0,2622.0,brown,1
J4962,I8574,26542.0,26546.0,green,2
J4962,I10086,29892.0,29894.0,green,1
J857,I1387,2896.0,2898.0,green,1
J857,I1483,3090.0,3093.0,green,3
J857,I1995,4511.0,4513.0,green,1
J1609,I3336,8784.0,8785.0,green,1
J1609,I3400,9025.0,9033.0,green,5
J4799,I5203,15573.0,15580.0,brown,1
J4799,I10100,29916.0,29917.0,green,1
J4799,I10108,29927.0,29930.0,green,3
J4799,I10116,29943.0,29944.0,green,1
J2998,I6127,18827.0,18829.0,green,1
J2998,I7727,24191.0,24197.0,green,1
J1990,I2826,7051.0,7054.0,green,2
J1990,I4586,13207.0,13210.0,green,1
J4836,I8838,27219.0,27223.0,brown,2
J4836,I8967,27537.0,27547.0,green,2
J4836,I9351,28449.0,28450.0,green,1
J3747,I4739,13799.0,13809.0,green,1
J2723,I4915,14426.0,14434.0,green,4
J3773,I4780,13970.0,13973.0,green,3
J3773,I5036,14890.0,14900.0,brown,1
J3428,I2325,5535.0,5537.0,green,1
J3428,I3765,10309.0,10313.0,green,1
J3428,I5173,15425.0,15442.0,green,3
J3428,I6517,20171.0,20172.0,green,1
J2545,I3063,7826.0,7832.0,green,2
J2545,I4343,12343.0,12344.0,green,1
J2545,I5495,16507.0,16514.0,green,2
J2545,I5591,16873.0,16883.0,green,1
J3643,I4517,12897.0,12906.0,green,5
J3829,I3129,8081.0,8082.0,brown,1
J3829,I6266,19280.0,19289.0,green,1
J3829,I8314,25888.0,25891.0,green,2
J3829,I8897,27369.0,27370.0,green,1
J1664,I1510,3151.0,3155.0,brown,1
J1664,I9383,28511.0,28515.0,green,1
J4269,I4965,14628.0,14633.0,brown,2
J4269,I7974,24926.0,24927.0,green,1
J4269,I8454,26217.0,26222.0,green,1
J4551,I6305,19401.0,19403.0,brown,2
J4551,I9538,28861.0,28863.0,green,1
J4551,I9938,29662.0,29665.0,green,1
J3948,I7713,24155.0,24162.0,green,2
J710,I1651,3487.0,3495.0,brown,1
J710,I6356,19552.0,19557.0,green,1
J710,I7064,22136.0,22137.0,green,1
J313,I314,515.0,516.0,green,1
J313,I346,566.0,569.0,green,1
J313,I666,1180.0,1183.0,green,1
J2306,I3782,10373.0,10391.0,green,1
J2306,I5990,18364.0,18371.0,green,4
J2306,I8454,26217.0,26222.0,green,1
J4761,I8527,26403.0,26409.0,green,1
J4761,I9263,28244.0,28247.0,green,2
J4315,I6615,20500.0,20501.0,green,1
J4315,I6647,20587.0,20589.0,brown,2
J4315,I6711,20816.0,20819.0,brown,2
J4315,I8631,26690.0,26691.0,green,1
J3469,I5860,17828.0,17830.0,green,1
J3469,I9060,27741.0,27744.0,green,2
J3469,I9172,28023.0,28025.0,green,1
J628,I3707,10081.0,10095.0,green,2
J628,I4379,12455.0,12466.0,green,2
J4168,I7989,24963.0,24966.0,green,3
J4168,I8181,25521.0,25523.0,green,1
J4168,I8661,26775.0,26782.0,green,2
J3670,I6833,21279.0,21285.0,green,4
J1682,I1717,3661.0,3664.0,brown,1
J1682,I3285,8587.0,8596.0,brown,1
J1682,I3574,9641.0,9646.0,green,1
J4831,I4108,11554.0,11558.0,brown,3
J4831,I9261,28236.0,28242.0,green,3
J3210,I3361,8878.0,8882.0,brown,1
J3210,I3778,10368.0,10369.0,green,1
J3210,I5186,15488.0,15491.0,green,1
J4175,I7054,22096.0,22100.0,brown,1
J4175,I8463,26248.0,26252.0,green,1
J2212,I2291,5445.0,5446.0,green,1
J2212,I2323,5528.0,5534.0,green,1
J3631,I2814,7028.0,7032.0,green,1
J3631,I5278,15837.0,15839.0,green,1
J3631,I5502,16535.0,16538.0,green,1
J3631,I6814,21207.0,21213.0,green,1
J3631,I6932,21646.0,21654.0,green,1
J547,I302,496.0,499.0,green,3
J547,I334,545.0,546.0,green,1
J547,I398,656.0,657.0,green,1
J547,I1294,2654.0,2659.0,green,1
J3176,I3253,8478.0,8480.0,green,2
J3176,I5189,15517.0,15524.0,green,1
J3176,I5745,17465.0,17479.0,green,2
J1903,I3773,10351.0,10356.0,green,1
J1903,I4093,11509.0,11511.0,green,2
J1903,I7023,21995.0,21997.0,green,1
J4975,I4671,13526.0,13533.0,brown,1
J4975,I6912,21578.0,21579.0,green,1
J4975,I9968,29707.0,29708.0,green,1
J191,I493,818.0,819.0,green,1
J191,I509,845.0,848.0,green,1
J191,I726,1302.0,1311.0,green,2
J2569,I1869,4097.0,4099.0,green,1
J2569,I1932,4304.0,4311.0,brown,1
J2569,I4941,14539.0,14553.0,green,1
J2569,I6325,19461.0,19464.0,green,1
J4086,I5283,15857.0,15863.0,brown,1
J3385,I4912,14413.0,14420.0,brown,2
J3385,I5137,15292.0,15295.0,green,2
J4866,I8618,26651.0,26653.0,green,2
J4866,I8682,26842.0,26849.0,green,2
J4866,I9130,27905.0,27907.0,green,1
J3109,I5892,17979.0,17983.0,green,1
J3109,I6724,20873.0,20892.0,green,2
J2151,I7063,22122.0,22136.0,green,2
J2151,I7929,24798.0,24804.0,green,1
J1805,I3905,10840.0,10843.0,green,3
J3297,I2971,7506.0,7513.0,green,3
J3888,I6876,21467.0,21469.0,green,1
J3888,I7035,22031.0,22033.0,brown,2
J3888,I7292,22876.0,22879.0,green,1
J3888,I7355,23106.0,23108.0,brown,2
J1678,I3147,8135.0,8141.0,green,1
J2269,I2801,6977.0,6979.0,green,2
J2269,I4305,12198.0,12207.0,brown,1
J3333,I4543,13016.0,13018.0,green,2
J3333,I4831,14139.0,14141.0,green,2
J1271,I6563,20321.0,20324.0,green,1
J1271,I6595,20420.0,20431.0,green,2
J1271,I6691,20727.0,20728.0,green,1
J1858,I3387,8970.0,8973.0,green,3
J1858,I3611,9755.0,9760.0,green,3
J427,I128,184.0,185.0,green,1
J427,I1504,3132.0,3133.0,green,1
J427,I3488,9367.0,9374.0,green,1
J4695,I5400,16212.0,16216.0,green,1
J4088,I5659,17158.0,17163.0,green,3
J4088,I5723,17382.0,17384.0,green,1
J4088,I5850,17796.0,17799.0,brown,1
J4088,I6619,20510.0,20511.0,green,1
J3412,I3734,10185.0,10194.0,brown,2
J3412,I3799,10455.0,10480.0,green,4
J2289,I3557,9568.0,9577.0,green,4
J3803,I5776,17581.0,17584.0,brown,3
J3803,I5808,17667.0,17668.0,brown,1
J3803,I6289,19343.0,19356.0,green,2
J4097,I4137,11641.0,11645.0,green,4
J641,I1524,3190.0,3191.0,green,1
J641,I1588,3335.0,3338.0,green,1
J641,I1620,3406.0,3410.0,green,1
J641,I3985,11080.0,11089.0,green,3
J4720,I4789,14004.0,14008.0,brown,2
J4720,I7606,23843.0,23857.0,green,1
J4720,I8310,25879.0,25883.0,green,1
J4720,I8790,27106.0,27110.0,green,2
J2021,I4955,14591.0,14594.0,green,3
J1534,I2190,5150.0,5153.0,green,1
J1534,I2254,5331.0,5333.0,green,1
J1534,I3406,9063.0,9066.0,green,1
J1534,I3854,10670.0,10675.0,green,1
J1534,I5943,18169.0,18182.0,green,1
J1534,I6030,18498.0,18499.0,green,1
J549,I1430,2991.0,2992.0,green,1
J549,I1558,3265.0,3269.0,green,3
J549,I3062,7825.0,7826.0,green,1
J549,I3574,9641.0,9646.0,green,1
J2780,I4776,13949.0,13950.0,green,1
J2780,I4872,14305.0,14307.0,green,2
J2780,I5000,14758.0,14769.0,green,2
J2780,I6024,18476.0,18478.0,green,1
J294,I7934,24815.0,24823.0,green,1
J519,I1252,2538.0,2539.0,green,1
J519,I2020,4606.0,4610.0,green,2
J2706,I4898,14383.0,14385.0,green,1
J2706,I7746,24253.0,24259.0,green,2
J2106,I5568,16792.0,16797.0,green,2
J2106,I6880,21479.0,21494.0,green,2
J2106,I10032,29812.0,29813.0,green,1
J2106,I10080,29883.0,29884.0,green,1
J1175,I1123,2215.0,2216.0,brown,1
J1175,I1603,3365.0,3366.0,brown,1
J1848,I1744,3737.0,3738.0,green,1
J1848,I2768,6827.0,6835.0,green,2
J2926,I5671,17198.0,17203.0,brown,1
J2926,I8616,26640.0,26645.0,green,1
J2619,I2823,7041.0,7044.0,brown,1
J2619,I7560,23687.0,23690.0,green,1
J2619,I8088,25236.0,25244.0,green,2
J1910,I2975,7524.0,7531.0,green,2
J1910,I5931,18130.0,18138.0,green,1
J4165,I3384,8946.0,8967.0,brown,1
J4165,I3609,9750.0,9753.0,green,1
J4165,I8569,26522.0,26528.0,green,3
J4165,I8969,27550.0,27551.0,green,1
J572,I281,460.0,462.0,green,2
J572,I313,514.0,515.0,green,1
J572,I377,618.0,622.0,green,1
J572,I3705,10078.0,10080.0,green,2
J3365,I5640,17063.0,17071.0,green,3
J3365,I5704,17308.0,17309.0,green,1
J3365,I6024,18476.0,18478.0,green,1
J3365,I6332,19483.0,19489.0,green,1
J849,I1913,4229.0,4236.0,green,2
J849,I3481,9318.0,9331.0,green,2
J2234,I4629,13384.0,13388.0,green,1
J4823,I6726,20893.0,20894.0,brown,1
J4823,I9991,29741.0,29744.0,green,2
J4755,I6626,20526.0,20532.0,green,1
J4755,I6978,21800.0,21805.0,green,1
J4755,I8130,25376.0,25382.0,green,3
J4755,I9842,29486.0,29487.0,green,1
J2305,I3211,8344.0,8350.0,green,6
J1978,I3876,10727.0,10728.0,brown,1
J1978,I3940,10950.0,10952.0,brown,1
J1978,I4997,14734.0,14738.0,green,1
J1978,I9149,27938.0,27949.0,green,3
J4433,I7097,22265.0,22272.0,green,3
J4433,I7433,23347.0,23350.0,green,1
J4433,I9785,29375.0,29379.0,green,1
J4940,I7579,23747.0,23752.0,green,1
J4940,I7611,23863.0,23864.0,green,1
J4940,I7643,23966.0,23968.0,green,2
J4940,I7675,24047.0,24050.0,green,1
J4940,I7931,24805.0,24811.0,green,1
J1413,I2969,7497.0,7501.0,green,3
J1413,I3769,10317.0,10337.0,green,1
J1413,I4081,11454.0,11457.0,green,2
J40,I45,65.0,67.0,green,2
J40,I173,256.0,260.0,brown,1
J40,I301,495.0,496.0,green,1
J40,I3405,9057.0,9063.0,green,1
J1016,I2146,4999.0,5010.0,green,3
J1020,I753,1364.0,1367.0,green,3
J1020,I4241,11968.0,11978.0,brown,1
J633,I1698,3600.0,3601.0,brown,1
J633,I6531,20216.0,20221.0,green,1
J633,I7811,24449.0,24454.0,green,1
J633,I8131,25382.0,25391.0,green,1
J3889,I5197,15548.0,15553.0,brown,4
J2677,I9075,27768.0,27773.0,green,3
J2677,I9651,29120.0,29122.0,green,1
J2363,I3984,11078.0,11080.0,green,2
J2363,I4144,11658.0,11663.0,green,1
J1773,I2561,6282.0,6283.0,green,1
J1773,I2817,7034.0,7036.0,green,1
J1773,I2945,7431.0,7433.0,green,2
J1773,I3105,7984.0,7992.0,green,1
J1223,I4474,12728.0,12738.0,green,3
J1223,I6266,19280.0,19289.0,green,3
J4792,I8507,26359.0,26360.0,green,1
J4792,I8539,26441.0,26444.0,green,1
J365,I1068,2077.0,2078.0,brown,1
J365,I1773,3813.0,3818.0,green,4
J3843,I3877,10728.0,10730.0,brown,2
J3843,I5126,15251.0,15254.0,green,1
J3843,I5734,17425.0,17429.0,green,1
J4817,I5854,17809.0,17810.0,brown,1
J4817,I5887,17963.0,17964.0,green,1
J4817,I6079,18659.0,18662.0,brown,1
J4817,I6239,19190.0,19192.0,brown,1
J3647,I2705,6672.0,6674.0,brown,1
J3647,I7474,23473.0,23476.0,green,2
J3647,I7746,24253.0,24259.0,green,1
J4033,I4007,11167.0,11180.0,brown,3
J1248,I9233,28184.0,28186.0,green,2
J4685,I9353,28451.0,28455.0,green,3
J1787,I2811,7012.0,7016.0,green,2
J1787,I3851,10660.0,10666.0,green,2
J4791,I9680,29169.0,29176.0,green,2
J3847,I204,316.0,317.0,brown,1
J3847,I428,708.0,709.0,brown,1
J3847,I7117,22359.0,22364.0,green,1
J3847,I7405,23251.0,23257.0,green,3
J4379,I3296,8634.0,8642.0,brown,1
J4379,I5057,14991.0,14994.0,green,2
J4379,I8657,26761.0,26770.0,green,1
J2528,I1125,2217.0,2222.0,brown,2
J2528,I6950,21707.0,21713.0,green,1
J2528,I7566,23703.0,23708.0,green,1
J1830,I3193,8273.0,8279.0,green,1
J1830,I3353,8834.0,8851.0,green,2
J1542,I2307,5479.0,5486.0,brown,2
J1542,I4996,14722.0,14734.0,green,1
J1542,I5572,16807.0,16813.0,green,1
J1065,I365,597.0,600.0,brown,1
J1065,I1294,2654.0,2659.0,green,2
J1065,I1390,2902.0,2903.0,green,1
J1065,I1518,3175.0,3178.0,green,1
J1065,I3854,10670.0,10675.0,green,1
J1172,I2118,4918.0,4919.0,green,1
J1172,I3320,8716.0,8721.0,green,1
J2557,I3441,9189.0,9193.0,brown,3
J2557,I4305,12198.0,12207.0,brown,1
J1841,I4570,13124.0,13133.0,green,1
J1841,I5946,18209.0,18220.0,green,2
J172,I768,1403.0,1406.0,green,1
J172,I1312,2702.0,2703.0,green,1
J172,I2016,4586.0,4595.0,green,4
J461,I986,1890.0,1891.0,green,1
J461,I1082,2106.0,2108.0,green,1
J461,I1658,3507.0,3517.0,green,1
J461,I2202,5181.0,5183.0,green,1
J461,I3316,8703.0,8706.0,green,2
J4005,I4070,11414.0,11423.0,brown,2
J4005,I4871,14296.0,14305.0,green,2
J4776,I4007,11167.0,11180.0,brown,1
J917,I1135,2244.0,2245.0,green,1
J917,I1199,2407.0,2410.0,green,1
J917,I2415,5815.0,5817.0,green,2
J192,I929,1760.0,1764.0,brown,1
J192,I1601,3359.0,3363.0,brown,3
J192,I8546,26463.0,26464.0,green,1
J192,I8610,26628.0,26629.0,green,1
J141,I165,241.0,242.0,green,1
J141,I2405,5788.0,5793.0,green,1
J3641,I5070,15033.0,15044.0,green,3
J3641,I6126,18822.0,18827.0,green,2
J3994,I5501,16533.0,16535.0,green,2
J3994,I6877,21469.0,21470.0,green,1
J3994,I9629,29063.0,29066.0,green,3
J1280,I2090,4830.0,4832.0,green,1
J1280,I2154,5045.0,5052.0,green,1
J4000,I5107,15190.0,15196.0,green,2
J4000,I5202,15563.0,15573.0,brown,3
J242,I728,1314.0,1315.0,green,1
J242,I792,1465.0,1466.0,green,1
J242,I1112,2190.0,2192.0,green,1
J242,I2232,5259.0,5268.0,green,1
J242,I2456,5926.0,5932.0,green,2
J1707,I3256,8484.0,8486.0,green,2
J1707,I3320,8716.0,8721.0,green,1
J1707,I3448,9213.0,9219.0,green,3
J562,I1031,1994.0,1995.0,green,1
J562,I1447,3018.0,3026.0,green,1
J562,I2375,5680.0,5694.0,green,4
J3207,I4918,14447.0,14450.0,green,3
J3207,I5718,17362.0,17370.0,green,1
J2933,I3938,10936.0,10939.0,brown,3
J2933,I5347,16060.0,16066.0,green,1
J2933,I6709,20807.0,20813.0,green,1
J345,I555,934.0,935.0,green,1
J345,I651,1146.0,1147.0,green,1
J345,I747,1355.0,1356.0,green,1
J345,I2027,4624.0,4626.0,green,1
J3964,I1500,3128.0,3129.0,brown,1
J3964,I1692,3582.0,3583.0,brown,1
J3964,I5341,16041.0,16052.0,green,3
J3964,I7517,23580.0,23583.0,green,1
J4935,I5819,17698.0,17702.0,green,1
J4935,I9467,28707.0,28711.0,green,1
J4935,I9659,29132.0,29136.0,green,2
J4935,I9787,29380.0,29384.0,green,1
J3751,I4640,13425.0,13430.0,green,1
J3751,I4671,13526.0,13533.0,brown,3
J3751,I4768,13923.0,13927.0,green,2
J408,I1784,3851.0,3854.0,brown,1
J408,I5049,14943.0,14947.0,green,1
J408,I7785,24376.0,24380.0,green,1
J4747,I3444,9196.0,9200.0,brown,3
J4747,I4436,12636.0,12643.0,brown,1
J2126,I2017,4595.0,4596.0,green,1
J2126,I2049,4704.0,4713.0,green,1
J2126,I2209,5205.0,5208.0,green,1
J2126,I4481,12764.0,12770.0,green,1
J1088,I7624,23907.0,23913.0,green,2
J4039,I9148,27935.0,27938.0,green,2
J4039,I9436,28626.0,28627.0,green,1
J1265,I1536,3209.0,3215.0,green,1
J1265,I3039,7748.0,7749.0,brown,1
J4790,I5924,18093.0,18098.0,green,2
J3375,I3925,10908.0,10913.0,green,1
J3375,I5173,15425.0,15442.0,green,2
J474,I1406,2949.0,2951.0,brown,1
J474,I9311,28358.0,28365.0,green,1
J4479,I5594,16905.0,16913.0,green,2
J4479,I8634,26693.0,26699.0,green,1
J2024,I2165,5089.0,5090.0,green,1
J3601,I5594,16905.0,16913.0,green,3
J3601,I5849,17788.0,17796.0,brown,1
J2766,I3003,7644.0,7646.0,green,2
J2766,I4987,14692.0,14697.0,green,2
J873,I425,702.0,706.0,brown,1
J873,I7978,24934.0,24940.0,green,3
J1745,I2805,6989.0,7000.0,green,3
J1745,I3061,7816.0,7825.0,green,1
J4077,I6724,20873.0,20892.0,green,2
J4077,I9236,28189.0,28192.0,green,1
J4077,I9348,28444.0,28445.0,green,1
J3497,I2056,4724.0,4725.0,brown,1
J3497,I7561,23690.0,23694.0,green,1
J602,I795,1468.0,1470.0,green,1
J602,I2555,6267.0,6270.0,green,1
J1508,I2811,7012.0,7016.0,green,2
J1508,I3195,8289.0,8297.0,green,2
J2662,I4991,14706.0,14709.0,green,2
J2662,I8127,25369.0,25371.0,green,1
J2431,I4125,11607.0,11609.0,green,1
J2431,I4188,11820.0,11822.0,brown,1
J1581,I5055,14959.0,14980.0,green,2
J1518,I2566,6291.0,6294.0,green,1
J1518,I3686,10016.0,10026.0,green,1
J1518,I4592,13230.0,13240.0,green,3
J1518,I5168,15410.0,15411.0,green,1
J4410,I8330,25926.0,25927.0,green,1
J4410,I9130,27905.0,27907.0,green,1
J4410,I9258,28230.0,28233.0,green,1
J406,I1115,2198.0,2202.0,green,3
J406,I2299,5467.0,5468.0,green,1
J2364,I4405,12538.0,12545.0,green,4
J2364,I4607,13296.0,13299.0,green,1
J2364,I4779,13958.0,13970.0,green,1
J3160,I5744,17464.0,17465.0,green,1
J3160,I6224,19122.0,19135.0,green,1
J3160,I8176,25501.0,25513.0,green,1
J3160,I8336,25938.0,25943.0,green,1
J3160,I9200,28105.0,28107.0,green,2
J3873,I7006,21922.0,21924.0,green,1
J3873,I7038,22044.0,22053.0,green,3
J2924,I627,1082.0,1086.0,brown,2
J2924,I1780,3837.0,3842.0,green,1
J967,I2308,5486.0,5490.0,green,2
J967,I5060,14997.0,15001.0,green,2
J2561,I4076,11442.0,11448.0,green,5
J3991,I2960,7463.0,7464.0,brown,1
J3991,I3056,7804.0,7805.0,brown,1
J3991,I3440,9188.0,9189.0,brown,1
J3991,I5073,15052.0,15064.0,green,1
J3991,I7793,24398.0,24406.0,green,2
J3484,I4812,14069.0,14071.0,green,2
J3484,I5548,16709.0,16710.0,green,1
J3484,I5644,17094.0,17099.0,green,2
J4331,I4371,12432.0,12437.0,brown,3
J4331,I8532,26424.0,26425.0,green,1
J4326,I5513,16576.0,16579.0,brown,1
J4326,I6858,21380.0,21382.0,green,1
J4326,I7050,22076.0,22079.0,green,1
J4326,I7850,24566.0,24571.0,green,1
J4326,I8458,26229.0,26235.0,green,1
J270,I41,56.0,57.0,green,1
J270,I169,245.0,247.0,green,2
J270,I233,376.0,377.0,green,1
J270,I745,1351.0,1354.0,green,1
J3166,I2543,6231.0,6233.0,brown,1
J3166,I3055,7802.0,7804.0,brown,2
J584,I3810,10511.0,10517.0,green,3
J3410,I1647,3481.0,3484.0,brown,1
J3410,I3344,8806.0,8812.0,green,2
J3410,I6096,18712.0,18718.0,green,3
J4980,I2961,7464.0,7471.0,brown,1
J4980,I9330,28402.0,28406.0,green,1
J4980,I9650,29118.0,29120.0,green,2
J4980,I10098,29914.0,29915.0,green,1
J3771,I4699,13625.0,13641.0,brown,2
J1295,I642,1113.0,1115.0,brown,1
J1295,I1027,1971.0,1981.0,green,2
J1295,I1122,2212.0,2215.0,brown,2
J1295,I6151,18876.0,18886.0,green,1
J3618,I6117,18797.0,18799.0,green,1
J3618,I6228,19145.0,19155.0,brown,3
J3618,I6917,21599.0,21604.0,green,1
J1577,I5592,16883.0,16898.0,green,3
J1577,I8648,26737.0,26743.0,green,1
J1174,I1924,4279.0,4281.0,green,1
J1174,I4260,12042.0,12045.0,green,1
J1174,I6036,18515.0,18519.0,green,1
J1174,I6232,19163.0,19168.0,green,2
J3011,I4268,12061.0,12062.0,green,1
J3011,I4620,13351.0,13352.0,green,1
J3011,I4652,13466.0,13468.0,green,1
J3731,I5632,17026.0,17030.0,green,3
J3731,I5823,17713.0,17715.0,brown,1
J3731,I5855,17810.0,17815.0,brown,1
J3731,I6720,20850.0,20857.0,green,1
J4496,I1078,2100.0,2101.0,brown,1
J4496,I9463,28699.0,28703.0,green,2
J4496,I9783,29368.0,29374.0,green,1
J2227,I2383,5734.0,5736.0,brown,1
J2227,I9168,28007.0,28011.0,green,3
J2227,I9296,28330.0,28333.0,green,1
J2227,I9680,29169.0,29176.0,green,1
J3989,I4886,14358.0,14360.0,brown,2
J3989,I5783,17606.0,17610.0,green,1
J3989,I8503,26353.0,26356.0,green,1
J1500,I3149,8145.0,8148.0,green,3
J1500,I3213,8352.0,8355.0,green,1
J3388,I2741,6767.0,6777.0,brown,3
J3388,I6518,20172.0,20175.0,green,1
J3388,I6550,20284.0,20285.0,green,1
J3388,I7866,24614.0,24616.0,green,1
J37,I760,1382.0,1387.0,green,1
J37,I2328,5540.0,5542.0,green,2
J37,I3096,7955.0,7957.0,green,1
J37,I3224,8393.0,8399.0,green,1
J4797,I8101,25280.0,25285.0,green,5
J3326,I3323,8739.0,8745.0,green,1
J3326,I4379,12455.0,12466.0,green,3
J4058,I6737,20932.0,20935.0,green,3
J55,I135,193.0,197.0,green,3
J55,I2375,5680.0,5694.0,green,1
J1715,I2303,5473.0,5474.0,brown,1
J1715,I2655,6547.0,6551.0,brown,1
J1715,I2783,6895.0,6901.0,brown,1
J1914,I1033,1998.0,2000.0,green,2
J1914,I3481,9318.0,9331.0,green,1
J1914,I3769,10317.0,10337.0,green,1
J4279,I6587,20390.0,20394.0,green,4
J2042,I1056,2051.0,2052.0,brown,1
J2042,I1216,2449.0,2453.0,brown,2
J2042,I7137,22432.0,22436.0,green,1
J2042,I8033,25080.0,25090.0,green,1
J2042,I8177,25513.0,25514.0,green,1
J2377,I1254,2545.0,2548.0,green,1
J2377,I1413,2962.0,2963.0,brown,1
J2377,I3782,10373.0,10391.0,green,4
J1864,I3788,10411.0,10417.0,green,2
J1864,I3947,10964.0,10967.0,brown,1
J2384,I1314,2704.0,2711.0,green,5
J394,I777,1424.0,1427.0,green,2
J394,I4265,12052.0,12056.0,green,1
J394,I4841,14177.0,14183.0,green,2
J3164,I5071,15044.0,15047.0,green,1
J3164,I5359,16090.0,16094.0,green,1
J3023,I2615,6429.0,6431.0,brown,1
J3023,I2776,6870.0,6876.0,green,1
J3023,I3000,7621.0,7630.0,green,1
J1044,I1762,3779.0,3784.0,green,5
J1044,I1794,3878.0,3880.0,green,1
J2793,I4148,11670.0,11671.0,green,1
J2793,I4916,14434.0,14439.0,green,1
J2658,I435,718.0,719.0,brown,1
J2658,I1300,2669.0,2671.0,green,1
J2658,I1620,3406.0,3410.0,green,1
J2658,I1651,3487.0,3495.0,brown,1
J2658,I2035,4647.0,4649.0,brown,2
J145,I570,965.0,966.0,green,1
J145,I634,1097.0,1099.0,green,1
J690,I1185,2374.0,2375.0,green,1
J690,I1249,2535.0,2536.0,green,1
J690,I2111,4884.0,4886.0,green,1
J690,I2513,6115.0,6118.0,green,1
J1311,I1810,3914.0,3916.0,brown,1
J1311,I3731,10180.0,10183.0,green,3
J3859,I1381,2881.0,2883.0,brown,1
J3859,I4614,13325.0,13329.0,green,1
J3859,I7110,22317.0,22327.0,green,3
J82,I15,16.0,17.0,green,1
J82,I47,68.0,69.0,green,1
J82,I111,162.0,163.0,green,1
J82,I1871,4100.0,4104.0,green,1
J3296,I6173,18956.0,18958.0,green,2
J3296,I6269,19295.0,19301.0,green,4
J2075,I4352,12372.0,12383.0,brown,2
J2075,I5713,17342.0,17346.0,green,1
J2075,I6529,20210.0,20215.0,green,2
J2075,I6593,20405.0,20411.0,green,1
J2936,I1077,2098.0,2100.0,brown,2
J2936,I1301,2671.0,2675.0,brown,1
J2936,I1717,3661.0,3664.0,brown,2
J4734,I7780,24366.0,24368.0,brown,2
J4734,I8004,24991.0,24996.0,brown,4
J4497,I3286,8596.0,8597.0,brown,1
J4497,I9111,27851.0,27855.0,green,1
J4497,I9207,28116.0,28120.0,green,1
J4497,I9465,28704.0,28705.0,green,1
J4497,I9753,29311.0,29313.0,green,2
J1821,I3375,8917.0,8922.0,green,2
J1821,I3407,9066.0,9076.0,green,1
J1821,I3471,9283.0,9285.0,green,1
J1821,I4247,12010.0,12011.0,green,1
J1603,I3404,9048.0,9057.0,green,4
J3434,I6949,21698.0,21707.0,green,1
J3434,I8453,26212.0,26217.0,green,1
J3434,I9221,28150.0,28151.0,green,1
J592,I3194,8279.0,8289.0,green,1
J592,I3322,8730.0,8739.0,green,2
J592,I6842,21324.0,21326.0,green,2
J3577,I8660,26773.0,26775.0,green,1
J3577,I9556,28911.0,28923.0,green,1
J1839,I4188,11820.0,11822.0,brown,1
J1839,I4765,13893.0,13903.0,green,1
J1839,I6829,21270.0,21272.0,green,1
J1323,I2448,5903.0,5906.0,brown,1
J1323,I8881,27328.0,27333.0,green,1
J1323,I9169,28011.0,28018.0,green,2
J518,I3707,10081.0,10095.0,green,2
J518,I6491,20067.0,20076.0,green,1
J518,I6503,20121.0,20127.0,green,3
J4146,I4160,11697.0,11705.0,green,5
J4786,I2282,5402.0,5405.0,brown,1
J4786,I9067,27755.0,27758.0,green,1
J1444,I854,1596.0,1599.0,brown,1
J1444,I3799,10455.0,10480.0,green,2
J1444,I6751,20975.0,20982.0,green,1
J1444,I6775,21062.0,21073.0,green,1
J932,I348,571.0,575.0,green,1
J932,I2268,5363.0,5367.0,green,3
J1369,I947,1806.0,1807.0,green,1
J1369,I1107,2179.0,2182.0,green,3
J159,I418,688.0,692.0,brown,1
J159,I515,858.0,861.0,green,2
J1103,I2024,4619.0,4621.0,brown,2
J1103,I2185,5139.0,5145.0,green,3
J1103,I2377,5706.0,5711.0,green,1
J2536,I4078,11449.0,11452.0,green,3
J2536,I4174,11761.0,11763.0,green,1
J2536,I4622,13353.0,13368.0,green,1
J2536,I6574,20348.0,20356.0,green,1
J3072,I4957,14596.0,14598.0,green,2
J3072,I4989,14703.0,14704.0,green,1
J3072,I5021,14850.0,14857.0,green,1
J4229,I8176,25501.0,25513.0,green,2
J929,I522,873.0,874.0,green,1
J929,I650,1136.0,1146.0,green,1
J929,I2090,4830.0,4832.0,green,1
J929,I2154,5045.0,5052.0,green,2
J929,I2178,5122.0,5123.0,green,1
J279,I672,1194.0,1195.0,green,1
J279,I768,1403.0,1406.0,green,2
J279,I1728,3692.0,3694.0,green,1
J279,I3708,10095.0,10096.0,green,1
J279,I3889,10772.0,10786.0,green,1
J2820,I2779,6882.0,6886.0,green,1
J2820,I3259,8491.0,8493.0,green,1
J2820,I3707,10081.0,10095.0,green,1
J2820,I4917,14439.0,14447.0,green,1
J2820,I5755,17517.0,17519.0,green,1
J4196,I6347,19537.0,19538.0,green,1
J4196,I6699,20773.0,20775.0,green,1
J4196,I6827,21262.0,21266.0,green,4
J2629,I1120,2209.0,2210.0,brown,1
J2629,I7329,23043.0,23049.0,green,2
J2629,I7521,23598.0,23601.0,green,1
J2629,I7797,24412.0,24413.0,green,1
J2417,I2147,5010.0,5014.0,green,2
J544,I1651,3487.0,3495.0,brown,1
J544,I1811,3916.0,3918.0,brown,2
J3752,I4937,14506.0,14517.0,green,1
J3752,I6793,21118.0,21134.0,green,4
J3264,I3842,10636.0,10637.0,green,1
J3264,I4770,13928.0,13940.0,green,1
J3264,I5090,15141.0,15143.0,green,1
J3264,I5314,15959.0,15971.0,green,3
J1781,I1934,4312.0,4317.0,brown,1
J1781,I7095,22247.0,22253.0,green,2
J1781,I7719,24170.0,24174.0,green,1
J3972,I5200,15555.0,15562.0,brown,2
J3972,I6715,20825.0,20837.0,green,1
J3972,I7729,24200.0,24202.0,green,2
J3972,I7793,24398.0,24406.0,green,1
J2641,I5347,16060.0,16066.0,green,1
J2641,I6387,19663.0,19669.0,green,3
J1207,I3208,8333.0,8341.0,brown,1
J1207,I5641,17071.0,17084.0,green,1
J1207,I6761,21010.0,21014.0,green,1
J1207,I8185,25531.0,25533.0,green,2
J2623,I5990,18364.0,18371.0,green,2
J2623,I7622,23898.0,23901.0,green,2
J2623,I7878,24644.0,24646.0,green,2
J1138,I1864,4082.0,4083.0,green,1
J1138,I1960,4406.0,4413.0,green,2
J1138,I2408,5797.0,5801.0,green,1
J3233,I4856,14235.0,14237.0,green,2
J3233,I5048,14941.0,14943.0,green,1
J3233,I8088,25236.0,25244.0,green,2
J570,I571,966.0,970.0,green,1
J570,I635,1099.0,1100.0,green,1
J570,I667,1183.0,1188.0,green,1
J570,I1403,2937.0,2945.0,green,1
J570,I2459,5940.0,5945.0,green,1
J570,I3475,9300.0,9304.0,green,1
J3519,I6580,20375.0,20376.0,brown,1
J3519,I7685,24071.0,24078.0,green,1
J3519,I9557,28923.0,28925.0,green,1
J2134,I974,1868.0,1872.0,brown,3
J2134,I7823,24487.0,24495.0,green,2
J2134,I8463,26248.0,26252.0,green,1
J2290,I2568,6300.0,6306.0,green,2
J2290,I5000,14758.0,14769.0,green,1
J4087,I3216,8359.0,8363.0,green,1
J4087,I4336,12314.0,12322.0,green,1
J4087,I5968,18287.0,18290.0,green,2
J965,I6429,19839.0,19858.0,green,4
J965,I7229,22687.0,22689.0,green,2
J4565,I5846,17781.0,17784.0,brown,1
J4565,I5879,17930.0,17935.0,green,1
J4565,I6199,19035.0,19038.0,green,1
J4565,I6455,19937.0,19939.0,green,1
J4565,I8921,27432.0,27435.0,green,1
J2435,I3306,8684.0,8687.0,brown,1
J2435,I5931,18130.0,18138.0,green,3
J3381,I4718,13696.0,13700.0,green,1
J3381,I5070,15033.0,15044.0,green,3
J3381,I5102,15180.0,15181.0,green,1
J2477,I4653,13468.0,13470.0,green,2
J2477,I4685,13585.0,13589.0,brown,1
J2477,I5917,18068.0,18074.0,green,1
J1507,I2817,7034.0,7036.0,green,1
J1507,I2913,7335.0,7340.0,green,4
J1507,I4545,13021.0,13024.0,green,1
J2078,I3819,10552.0,10558.0,green,1
J2078,I4651,13465.0,13466.0,green,1
J4583,I5646,17103.0,17105.0,brown,2
J4583,I6159,18909.0,18915.0,green,3
J2253,I3080,7881.0,7886.0,green,1
J2253,I5384,16172.0,16175.0,green,2
J3248,I4677,13553.0,13557.0,brown,3
J3248,I4901,14387.0,14388.0,brown,1
J2009,I3822,10568.0,10570.0,green,1
J2009,I4590,13218.0,13225.0,green,1
J4706,I7137,22432.0,22436.0,green,1
J4706,I7233,22700.0,22704.0,green,1
J4706,I7745,24242.0,24253.0,green,2
J4706,I9185,28058.0,28059.0,green,1
J1388,I2195,5161.0,5163.0,green,1
J1388,I4725,13727.0,13739.0,green,2
J3149,I4578,13175.0,13179.0,green,1
J3149,I4770,13928.0,13940.0,green,3
J3149,I6690,20725.0,20727.0,green,2
J3799,I3006,7652.0,7657.0,brown,2
J3799,I7135,22426.0,22428.0,green,1
J3799,I8543,26449.0,26455.0,green,2
J4816,I6880,21479.0,21494.0,green,3
J4816,I8992,27599.0,27602.0,green,1
J2432,I1660,3521.0,3524.0,green,1
J2432,I4784,13977.0,13981.0,green,2
J284,I953,1824.0,1827.0,green,3
J284,I1049,2037.0,2038.0,green,1
J284,I1209,2434.0,2436.0,green,1
J278,I652,1147.0,1150.0,green,3
J278,I1004,1927.0,1930.0,brown,1
J2714,I6721,20857.0,20870.0,green,2
J2714,I7265,22807.0,22810.0,green,1
J2714,I8609,26625.0,26628.0,green,1
J2223,I4633,13400.0,13407.0,green,3
J2223,I6745,20956.0,20963.0,green,1
J4664,I6717,20838.0,20843.0,green,3
J4664,I8445,26197.0,26200.0,green,1
J4664,I9373,28495.0,28497.0,green,1
J3114,I5330,16014.0,16017.0,green,3
J3114,I5458,16399.0,16401.0,green,1
J3114,I5874,17893.0,17909.0,green,1
J3255,I4570,13124.0,13133.0,green,3
J3148,I4178,11767.0,11785.0,green,2
J3148,I6914,21581.0,21589.0,green,1
J3148,I7314,22975.0,22989.0,green,1
J2797,I4514,12885.0,12887.0,brown,1
J2797,I7907,24711.0,24725.0,green,2
J2797,I9443,28638.0,28642.0,green,1
J2797,I9619,29041.0,29046.0,green,2
J2260,I2805,6989.0,7000.0,green,2
J2260,I3444,9196.0,9200.0,brown,1
J4151,I8452,26210.0,26212.0,green,1
J4151,I8580,26552.0,26565.0,green,3
J4151,I9204,28110.0,28112.0,green,2
J3594,I5675,17211.0,17214.0,brown,2
J3594,I5708,17321.0,17322.0,green,1
J3594,I6892,21529.0,21535.0,green,1
J3594,I7317,22999.0,23001.0,green,2
J715,I4589,13217.0,13218.0,green,1
J715,I6797,21147.0,21157.0,green,1
J715,I8941,27477.0,27480.0,green,1
J2862,I5269,15805.0,15811.0,green,2
J2862,I8573,26537.0,26542.0,green,1
J2862,I8661,26775.0,26782.0,green,2
J3951,I4846,14203.0,14208.0,green,1
J3951,I4909,14405.0,14409.0,brown,1
J3951,I5742,17456.0,17461.0,green,1
J3951,I7982,24946.0,24949.0,green,1
J3269,I6012,18433.0,18437.0,brown,1
J3269,I9853,29507.0,29509.0,green,1
J2690,I3530,9493.0,9497.0,green,2
J2690,I5874,17893.0,17909.0,green,1
J2188,I1695,3592.0,3597.0,brown,2
J2188,I4608,13299.0,13306.0,green,2
J2188,I7680,24055.0,24057.0,green,2
J4217,I5530,16639.0,16643.0,green,4
J765,I1046,2032.0,2034.0,green,1
J765,I1206,2422.0,2427.0,green,2
J765,I2047,4689.0,4703.0,green,1
J2762,I5280,15843.0,15850.0,green,3
J907,I2296,5454.0,5459.0,brown,2
J4982,I5730,17402.0,17410.0,green,1
J4982,I6562,20309.0,20321.0,green,2
J4982,I10058,29851.0,29855.0,green,2
J4982,I10090,29899.0,29902.0,green,1
J645,I500,828.0,830.0,green,1
J645,I820,1533.0,1537.0,green,1
J645,I2180,5124.0,5132.0,green,2
J3270,I4064,11394.0,11395.0,green,1
J3270,I7136,22428.0,22432.0,green,1
J342,I1027,1971.0,1981.0,green,5
J978,I3431,9142.0,9158.0,brown,1
J978,I8968,27547.0,27550.0,green,2
J514,I944,1802.0,1804.0,green,1
J514,I1040,2016.0,2018.0,green,2
J514,I1168,2332.0,2334.0,green,1
J514,I4272,12078.0,12091.0,green,2
J3450,I5450,16379.0,16382.0,brown,1
J3450,I5931,18130.0,18138.0,green,1
J2937,I5112,15209.0,15215.0,green,5
J2937,I5176,15445.0,15448.0,green,1
J3857,I1627,3429.0,3431.0,brown,1
J3857,I2204,5185.0,5193.0,green,1
J3857,I7404,23250.0,23251.0,green,1
J3857,I7573,23732.0,23734.0,green,1
J1532,I3117,8036.0,8039.0,green,2
J1532,I3213,8352.0,8355.0,green,1
J3982,I2784,6901.0,6908.0,brown,4
J3982,I5745,17465.0,17479.0,green,1
J2836,I1181,2363.0,2366.0,green,3
J2836,I1245,2525.0,2528.0,green,1
J2836,I4253,12019.0,12024.0,green,1
J1464,I1148,2285.0,2288.0,green,1
J1464,I2204,5185.0,5193.0,green,2
J1464,I5164,15385.0,15389.0,green,1
J1464,I5484,16479.0,16482.0,green,1
J1948,I6266,19280.0,19289.0,green,1
J1948,I7514,23572.0,23577.0,green,2
J1948,I7578,23743.0,23747.0,green,2
J1948,I7613,23865.0,23879.0,green,1
J3535,I4568,13097.0,13110.0,green,3
J2882,I2458,5935.0,5940.0,green,1
J2882,I5914,18057.0,18065.0,green,3
J2882,I6151,18876.0,18886.0,green,2
J395,I580,984.0,986.0,green,2
J395,I772,1413.0,1417.0,green,1
J395,I836,1567.0,1569.0,green,2
J395,I1348,2793.0,2794.0,green,1
J4365,I6515,20166.0,20170.0,green,2
J4365,I8083,25222.0,25225.0,green,1
J2445,I1656,3505.0,3506.0,brown,1
J2445,I2040,4661.0,4663.0,brown,1
J2445,I3001,7630.0,7642.0,green,1
J3962,I8581,26565.0,26566.0,green,1
J3962,I8869,27289.0,27290.0,green,1
J3962,I9789,29385.0,29387.0,green,2
J3917,I4132,11623.0,11629.0,brown,1
J3917,I4388,12490.0,12491.0,brown,1
J4243,I7244,22726.0,22733.0,brown,2
J4260,I6121,18806.0,18809.0,green,3
J598,I7823,24487.0,24495.0,green,1
J598,I8431,26152.0,26154.0,green,1
J95,I962,1842.0,1848.0,brown,3
J95,I4067,11401.0,11405.0,green,1
J3797,I4330,12294.0,12298.0,brown,1
J3797,I9239,28194.0,28196.0,green,1
J3797,I9383,28511.0,28515.0,green,1
J1927,I2924,7366.0,7370.0,green,1
J1927,I3020,7690.0,7695.0,green,2
J1927,I4844,14193.0,14196.0,green,1
J1927,I5004,14778.0,14784.0,green,2
J2694,I3628,9819.0,9820.0,green,1
J2694,I3692,10033.0,10036.0,green,1
J2694,I5228,15656.0,15663.0,green,3
J2907,I4271,12070.0,12078.0,green,4
J2076,I3388,8973.0,8978.0,green,1
J2076,I3612,9760.0,9769.0,green,4
J2076,I4172,11735.0,11757.0,green,1
J3005,I1331,2744.0,2754.0,brown,1
J3005,I2579,6330.0,6336.0,brown,1
J3005,I6932,21646.0,21654.0,green,1
J3005,I7188,22565.0,22571.0,green,2
J3005,I7412,23278.0,23280.0,green,1
J3062,I3260,8493.0,8497.0,green,4
J4552,I5690,17262.0,17267.0,green,1
J4552,I5849,17788.0,17796.0,brown,1
J4552,I5946,18209.0,18220.0,green,3
J4552,I7866,24614.0,24616.0,green,1
J215,I764,1391.0,1396.0,green,1
J215,I1052,2044.0,2045.0,green,1
J215,I1244,2520.0,2525.0,green,1
J215,I4848,14212.0,14214.0,green,1
J215,I5136,15281.0,15292.0,green,1
J2839,I5022,14857.0,14858.0,green,1
J2839,I5054,14956.0,14959.0,green,3
J2839,I5439,16318.0,16322.0,brown,1
J2839,I6430,19858.0,19865.0,green,1
J1686,I3063,7826.0,7832.0,green,2
J1686,I5591,16873.0,16883.0,green,3
J1604,I2482,6008.0,6015.0,green,2
J1604,I4241,11968.0,11978.0,brown,1
J1604,I5714,17346.0,17350.0,green,1
J1604,I7522,23601.0,23602.0,green,1
J1604,I7906,24707.0,24711.0,green,1
J1108,I982,1882.0,1885.0,brown,2
J1108,I7991,24967.0,24970.0,green,1
J1108,I8007,25013.0,25017.0,green,2
J3714,I3716,10114.0,10117.0,brown,2
J3714,I5893,17983.0,17995.0,green,2
J3924,I863,1614.0,1616.0,brown,2
J3924,I4768,13923.0,13927.0,green,1
J3924,I6816,21219.0,21223.0,green,1
J2346,I3525,9480.0,9481.0,green,1
J2346,I3557,9568.0,9577.0,green,4
J4714,I5337,16032.0,16033.0,green,1
J4714,I9065,27751.0,27753.0,green,1
J2243,I3635,9845.0,9858.0,green,2
J2243,I7571,23718.0,23722.0,green,3
J2243,I8545,26458.0,26463.0,green,1
J515,I1126,2222.0,2227.0,brown,3
J515,I1159,2308.0,2311.0,green,1
J515,I1319,2716.0,2721.0,green,1
J802,I899,1683.0,1684.0,brown,1
J802,I5156,15357.0,15362.0,green,1
J802,I5892,17979.0,17983.0,green,1
J802,I8724,26951.0,26955.0,green,1
J4273,I4269,12062.0,12068.0,green,4
J4273,I4300,12174.0,12183.0,brown,2
J3690,I5588,16861.0,16863.0,green,2
J3690,I5620,17000.0,17001.0,brown,1
J3690,I6356,19552.0,19557.0,green,1
J2438,I1614,3394.0,3400.0,brown,2
J2438,I2351,5597.0,5611.0,green,1
J2438,I4495,12822.0,12825.0,green,1
J2438,I4655,13471.0,13478.0,green,1
J412,I1046,2032.0,2034.0,green,1
J412,I1846,4019.0,4025.0,green,2
J412,I4784,13977.0,13981.0,green,1
J412,I4821,14100.0,14111.0,green,2
J3101,I1227,2471.0,2473.0,brown,2
J3101,I1259,2562.0,2566.0,brown,2
J3101,I6796,21140.0,21147.0,green,1
J3101,I8160,25465.0,25467.0,green,1
J1891,I464,766.0,767.0,brown,1
J1891,I880,1644.0,1646.0,brown,1
J1891,I1936,4319.0,4322.0,brown,1
J1891,I8145,25422.0,25423.0,green,1
J1891,I8433,26155.0,26157.0,green,2
J607,I1941,4337.0,4338.0,brown,1
J607,I6198,19030.0,19035.0,green,2
J3871,I6280,19326.0,19327.0,brown,1
J3871,I6409,19750.0,19752.0,green,2
J3871,I6761,21010.0,21014.0,green,1
J3871,I6793,21118.0,21134.0,green,1
J1168,I1189,2380.0,2388.0,brown,4
J1168,I5446,16357.0,16359.0,green,2
J2788,I4408,12548.0,12557.0,green,5
J2788,I4632,13397.0,13400.0,green,1
J655,I2153,5044.0,5045.0,green,1
J655,I2569,6306.0,6310.0,green,1
J655,I3241,8442.0,8450.0,brown,1
J655,I3769,10317.0,10337.0,green,1
J655,I5177,15448.0,15454.0,green,2
J1730,I2400,5776.0,5778.0,green,1
J4445,I4509,12868.0,12872.0,brown,2
J4445,I6878,21470.0,21476.0,green,1
J4445,I7838,24532.0,24533.0,green,1
J4445,I9310,28356.0,28358.0,green,1
J2813,I7385,23177.0,23194.0,green,4
J2685,I4577,13171.0,13175.0,green,3
J1288,I2397,5766.0,5768.0,green,2
J1288,I2429,5839.0,5842.0,green,3
J1288,I2493,6050.0,6052.0,green,1
J4094,I205,317.0,319.0,brown,2
J4094,I6158,18902.0,18909.0,green,1
J4094,I6574,20348.0,20356.0,green,1
J4094,I9422,28599.0,28606.0,green,1
J4094,I10000,29761.0,29763.0,green,1
J4009,I7046,22066.0,22070.0,green,4
J597,I7149,22465.0,22469.0,green,2
J597,I7309,22949.0,22950.0,green,1
J4525,I5623,17004.0,17006.0,brown,2
J4525,I6904,21558.0,21563.0,green,1
J4487,I10074,29875.0,29876.0,green,1
J4487,I10090,29899.0,29902.0,green,2
J4487,I10106,29924.0,29925.0,green,1
J4358,I4087,11493.0,11494.0,green,1
J4358,I5463,16412.0,16416.0,green,1
J4358,I7063,22122.0,22136.0,green,1
J259,I6055,18584.0,18590.0,green,1
J259,I6977,21796.0,21800.0,green,1
J3499,I5345,16055.0,16058.0,brown,2
J3499,I7586,23769.0,23772.0,green,1
J3499,I8698,26882.0,26883.0,green,1
J3499,I8898,27370.0,27375.0,green,1
J3499,I8954,27511.0,27516.0,green,1
J3249,I8424,26142.0,26143.0,green,1
J3249,I8488,26300.0,26308.0,green,2
J3249,I9960,29693.0,29694.0,green,1
J4805,I8580,26552.0,26565.0,green,2
J4805,I8804,27133.0,27134.0,green,1
J1467,I2642,6516.0,6518.0,green,2
J1467,I2706,6674.0,6677.0,green,2
J1467,I2802,6979.0,6982.0,green,1
J558,I1411,2956.0,2960.0,brown,1
J558,I2595,6372.0,6377.0,brown,1
J558,I5156,15357.0,15362.0,green,1
J558,I7716,24166.0,24167.0,green,1
J558,I7904,24702.0,24706.0,green,2
J1652,I3821,10562.0,10568.0,green,1
J1652,I4333,12306.0,12308.0,green,1
J1652,I4941,14539.0,14553.0,green,1
J4045,I4673,13535.0,13550.0,brown,2
J4045,I7906,24707.0,24711.0,green,1
J4045,I9282,28287.0,28289.0,green,2
J4045,I9314,28373.0,28375.0,green,1
J3282,I5711,17334.0,17341.0,green,2
J3282,I8111,25327.0,25331.0,green,1
J3282,I8431,26152.0,26154.0,green,1
J1106,I1232,2482.0,2483.0,green,1
J1106,I1712,3650.0,3653.0,brown,1
J2849,I3540,9517.0,9519.0,green,2
J2849,I3604,9729.0,9736.0,green,2
J2849,I3796,10436.0,10439.0,green,1
J2097,I437,720.0,723.0,brown,1
J2097,I7606,23843.0,23857.0,green,1
J1608,I2769,6835.0,6850.0,green,1
J1608,I3952,10975.0,10978.0,brown,2
J1608,I4304,12190.0,12198.0,brown,1
J1608,I5969,18290.0,18291.0,green,1
J1608,I7569,23712.0,23716.0,green,1
J1302,I3968,11037.0,11039.0,green,1
J1302,I6880,21479.0,21494.0,green,5
J1834,I2766,6823.0,6824.0,green,1
J1834,I2926,7371.0,7378.0,green,1
J1834,I3665,9947.0,9952.0,green,1
J1834,I3974,11053.0,11056.0,green,1
J969,I925,1753.0,1755.0,brown,1
J969,I1277,2619.0,2622.0,brown,1
J969,I1854,4048.0,4051.0,green,1
J969,I1918,4258.0,4265.0,green,1
J969,I1950,4379.0,4383.0,green,2
J1868,I2878,7199.0,7204.0,brown,1
J1868,I3006,7652.0,7657.0,brown,1
J3882,I6253,19234.0,19240.0,brown,1
J3882,I7182,22548.0,22553.0,green,4
J3882,I7605,23838.0,23843.0,green,1
J2167,I3941,10952.0,10954.0,brown,1
J2167,I6854,21365.0,21374.0,green,2
J2167,I8678,26825.0,26826.0,green,1
J2167,I8902,27382.0,27384.0,green,2
J4926,I8551,26477.0,26488.0,green,5
J4926,I8967,27537.0,27547.0,green,1
J1558,I1917,4248.0,4258.0,green,4
J749,I763,1389.0,1391.0,green,2
J749,I795,1468.0,1470.0,green,1
J749,I1211,2440.0,2442.0,green,1
J749,I3707,10081.0,10095.0,green,1
J1043,I955,1828.0,1829.0,green,1
J1043,I1563,3282.0,3287.0,green,1
J1043,I2555,6267.0,6270.0,green,1
J108,I278,455.0,457.0,green,1
J108,I630,1091.0,1092.0,green,1
J108,I2074,4768.0,4777.0,green,1
J108,I2082,4800.0,4803.0,green,1
J666,I2131,4963.0,4965.0,brown,1
J666,I2579,6330.0,6336.0,brown,1
J666,I4084,11469.0,11472.0,green,1
J666,I6872,21456.0,21458.0,green,1
J666,I6948,21697.0,21698.0,green,1
J416,I905,1695.0,1696.0,green,1
J416,I937,1783.0,1786.0,green,1
J416,I1929,4298.0,4300.0,green,2
J3283,I3617,9780.0,9782.0,brown,2
J1569,I3081,7886.0,7889.0,green,2
J1569,I3113,8023.0,8024.0,green,1
J1569,I3401,9033.0,9038.0,green,1
J1569,I3465,9274.0,9276.0,green,1
J1569,I4201,11859.0,11867.0,green,1
J3656,I7385,23177.0,23194.0,green,4
J4356,I7098,22272.0,22277.0,green,2
J2887,I4939,14522.0,14527.0,green,3
J3845,I4965,14628.0,14633.0,brown,1
J3845,I4998,14738.0,14755.0,green,1
J3845,I5190,15524.0,15526.0,green,2
J3845,I7014,21958.0,21960.0,green,1
J3845,I7326,23033.0,23036.0,green,1
J2580,I5736,17433.0,17438.0,green,2
J3112,I6575,20356.0,20358.0,green,2
J3112,I6599,20440.0,20444.0,green,3
J3508,I4731,13756.0,13766.0,green,4
J4999,I10005,29769.0,29770.0,green,1
J4999,I10081,29884.0,29885.0,green,1
J4999,I10109,29930.0,29932.0,green,1
J4999,I10113,29937.0,29939.0,green,2
J33,I5529,16628.0,16639.0,green,5
J33,I5945,18190.0,18209.0,green,1
J1439,I1661,3524.0,3525.0,green,1
J1439,I1693,3583.0,3590.0,brown,3
J1439,I2109,4873.0,4881.0,green,2
J2761,I2362,5642.0,5643.0,brown,1
J2761,I2426,5834.0,5836.0,brown,1
J2761,I2618,6434.0,6437.0,brown,1
J2761,I4411,12564.0,12565.0,green,1
J2761,I6523,20183.0,20184.0,green,1
J2761,I8987,27592.0,27593.0,green,1
J3475,I4622,13353.0,13368.0,green,4
J3475,I6606,20463.0,20473.0,green,1
J916,I2234,5278.0,5279.0,green,1
J916,I2394,5761.0,5764.0,green,1
J916,I3194,8279.0,8289.0,green,3
J916,I4090,11499.0,11500.0,green,1
J2109,I4622,13353.0,13368.0,green,1
J2109,I5166,15394.0,15404.0,green,2
J2109,I5943,18169.0,18182.0,green,1
J2498,I3942,10954.0,10955.0,green,1
J2498,I4006,11164.0,11167.0,green,1
J2498,I4934,14487.0,14497.0,green,1
J2498,I5943,18169.0,18182.0,green,2
J4013,I4625,13376.0,13379.0,green,2
J4013,I4657,13481.0,13483.0,green,2
J4013,I4689,13599.0,13601.0,brown,1
J4013,I4785,13981.0,13986.0,green,1
J1336,I4862,14256.0,14262.0,green,1
J1336,I6494,20086.0,20090.0,green,1
J1336,I6878,21470.0,21476.0,green,1
J1336,I7262,22801.0,22805.0,green,2
J1307,I1011,1939.0,1942.0,green,2
J1307,I1587,3331.0,3335.0,green,1
J1307,I3123,8062.0,8065.0,green,2
J2925,I2816,7033.0,7034.0,green,1
J2925,I2912,7331.0,7335.0,green,2
J661,I137,198.0,200.0,green,2
J661,I297,489.0,491.0,green,2
J661,I3353,8834.0,8851.0,green,2
J682,I1320,2721.0,2723.0,green,2
J682,I1992,4504.0,4506.0,green,1
J682,I3432,9158.0,9170.0,brown,1
J682,I4848,14212.0,14214.0,green,1
J4550,I6224,19122.0,19135.0,green,2
J2484,I4473,12727.0,12728.0,green,1
J2484,I4569,13110.0,13124.0,green,2
J2484,I5713,17342.0,17346.0,green,2
J1623,I817,1525.0,1527.0,green,2
J1623,I4277,12102.0,12106.0,green,2
J1623,I4465,12699.0,12705.0,brown,1
J557,I1633,3441.0,3442.0,green,1
J557,I2049,4704.0,4713.0,green,1
J557,I4289,12149.0,12154.0,green,3
J2919,I2171,5105.0,5107.0,green,1
J2919,I2235,5279.0,5283.0,green,1
J2919,I2522,6137.0,6143.0,brown,1
J2919,I5723,17382.0,17384.0,green,1
J1711,I3588,9675.0,9679.0,green,3
J315,I4643,13432.0,13435.0,green,3
J315,I7139,22438.0,22440.0,green,2
J315,I7623,23901.0,23907.0,green,1
J3186,I6800,21164.0,21170.0,green,2
J3186,I7312,22956.0,22974.0,green,2
J4437,I5814,17682.0,17683.0,green,1
J4437,I5878,17926.0,17930.0,green,3
J84,I3802,10483.0,10488.0,green,1
J84,I4858,14239.0,14241.0,green,1
J84,I5594,16905.0,16913.0,green,1
J84,I5690,17262.0,17267.0,green,1
J84,I6394,19694.0,19698.0,green,2
J1480,I2645,6525.0,6526.0,green,1
J1480,I2677,6610.0,6611.0,green,1
J1480,I2805,6989.0,7000.0,green,1
J1480,I3957,11007.0,11013.0,green,2
J399,I631,1092.0,1094.0,green,1
J399,I1943,4342.0,4348.0,green,2
J399,I3063,7826.0,7832.0,green,1
J399,I4183,11795.0,11806.0,green,1
J1962,I5662,17173.0,17177.0,green,1
J1962,I6526,20193.0,20203.0,green,1
J1962,I8622,26659.0,26668.0,green,1
J3667,I2239,5288.0,5297.0,brown,2
J3667,I6688,20719.0,20720.0,green,1
J3667,I7556,23674.0,23683.0,green,2
J1748,I611,1049.0,1054.0,green,3
J1748,I4817,14078.0,14089.0,green,2
J206,I6292,19359.0,19362.0,green,2
J3892,I3733,10184.0,10185.0,brown,1
J3892,I4373,12438.0,12440.0,brown,1
J3892,I6518,20172.0,20175.0,green,1
J935,I1159,2308.0,2311.0,green,2
J935,I1191,2389.0,2390.0,green,1
J935,I1319,2716.0,2721.0,green,2
J935,I4821,14100.0,14111.0,green,1
J3505,I4545,13021.0,13024.0,green,1
J3505,I5905,18027.0,18031.0,green,2
J3505,I7937,24827.0,24832.0,green,1
J4738,I4785,13981.0,13986.0,green,4
J2577,I4939,14522.0,14527.0,green,2
J2577,I5163,15383.0,15385.0,green,1
J2577,I6155,18892.0,18897.0,green,2
J2084,I239,384.0,387.0,green,1
J2084,I2895,7261.0,7266.0,green,1
J2031,I2968,7495.0,7497.0,brown,1
J2031,I3384,8946.0,8967.0,brown,1
J2031,I6217,19105.0,19109.0,green,2
J3743,I4007,11167.0,11180.0,brown,1
J3743,I7513,23567.0,23572.0,green,2
J3743,I7560,23687.0,23690.0,green,1
J3395,I3208,8333.0,8341.0,brown,1
J3395,I9129,27896.0,27905.0,green,2
J3395,I9225,28157.0,28165.0,green,1
J3395,I9641,29090.0,29096.0,green,1
J3395,I9705,29223.0,29225.0,green,1
J1120,I5635,17037.0,17046.0,green,1
J1120,I7795,24407.0,24408.0,green,1
J1120,I7907,24711.0,24725.0,green,2
J4590,I5673,17205.0,17208.0,brown,3
J4590,I5833,17734.0,17737.0,brown,1
J324,I304,501.0,503.0,green,1
J324,I336,548.0,550.0,green,2
J324,I400,658.0,659.0,green,1
J324,I1728,3692.0,3694.0,green,1
J1913,I5690,17262.0,17267.0,green,1
J1913,I9664,29141.0,29142.0,green,1
J3571,I5176,15445.0,15448.0,green,1
J3571,I5976,18308.0,18313.0,green,3
J3571,I8128,25371.0,25373.0,green,1
J4294,I6502,20118.0,20121.0,green,3
J4801,I7663,24010.0,24011.0,brown,1
J4801,I7695,24093.0,24095.0,brown,2
J4801,I7887,24667.0,24671.0,brown,1
J4801,I7919,24759.0,24762.0,brown,2
J1676,I3332,8775.0,8777.0,green,2
J1676,I3556,9565.0,9568.0,green,1
J4119,I7082,22207.0,22210.0,brown,2
J4119,I7210,22625.0,22628.0,brown,1
J43,I760,1382.0,1387.0,green,4
J43,I2391,5748.0,5754.0,brown,1
J43,I2552,6255.0,6263.0,green,1
J42,I3328,8763.0,8769.0,green,1
J42,I3776,10361.0,10367.0,green,2
J42,I7385,23177.0,23194.0,green,1
J4390,I6527,20203.0,20204.0,green,1
J4390,I6783,21092.0,21096.0,brown,4
J3382,I5533,16656.0,16658.0,green,2
J3382,I5597,16920.0,16927.0,brown,1
J3046,I3221,8384.0,8387.0,brown,2
J3046,I5334,16024.0,16026.0,green,2
J4858,I5809,17668.0,17670.0,brown,2
J4858,I6065,18612.0,18614.0,brown,1
J1468,I1558,3265.0,3269.0,green,1
J1468,I1750,3750.0,3755.0,green,1
J1468,I2646,6526.0,6529.0,green,2
J1468,I3676,9980.0,9985.0,green,1
J1468,I3697,10042.0,10045.0,green,1
J677,I1691,3579.0,3582.0,brown,1
J677,I8268,25758.0,25772.0,green,1
J677,I8428,26146.0,26149.0,green,1
J4164,I4453,12678.0,12680.0,brown,1
J4164,I4518,12906.0,12914.0,green,3
J4164,I4646,13448.0,13451.0,green,1
J3880,I3840,10629.0,10634.0,brown,3
J3880,I3936,10930.0,10934.0,brown,3
J2689,I3821,10562.0,10568.0,green,1
J2689,I8333,25931.0,25935.0,green,1
J2689,I8493,26328.0,26335.0,green,1
J4289,I8102,25285.0,25289.0,green,1
J4289,I8229,25666.0,25668.0,brown,2
J2218,I4491,12802.0,12814.0,green,3
J1014,I1521,3180.0,3184.0,green,3
J2934,I8111,25327.0,25331.0,green,2
J744,I295,482.0,484.0,green,2
J744,I1319,2716.0,2721.0,green,1
J744,I3121,8047.0,8053.0,green,1
J2472,I3631,9827.0,9829.0,green,2
J2472,I3919,10886.0,10888.0,brown,1
J2472,I5815,17683.0,17688.0,green,1
J1216,I6547,20275.0,20282.0,green,2
J1216,I6707,20795.0,20806.0,green,1
J3262,I3105,7984.0,7992.0,green,4
J2751,I3820,10558.0,10562.0,green,1
J2751,I4940,14527.0,14539.0,green,1
J2751,I5132,15270.0,15272.0,green,1
J556,I2088,4825.0,4828.0,green,2
J556,I2760,6810.0,6811.0,green,1
J895,I1843,4008.0,4012.0,green,4
J895,I1875,4119.0,4120.0,green,1
J3036,I5998,18395.0,18397.0,green,2
J3036,I8430,26150.0,26152.0,green,2
J4614,I7935,24823.0,24825.0,green,1
J4614,I7999,24982.0,24985.0,green,1
J3906,I3365,8887.0,8888.0,brown,1
J3906,I8006,25011.0,25013.0,green,1
J3906,I8806,27135.0,27139.0,green,1
J3906,I9422,28599.0,28606.0,green,1
J3906,I9534,28850.0,28853.0,green,1
J866,I2050,4713.0,4715.0,green,2
J1886,I3613,9769.0,9770.0,green,1
J1886,I3677,9985.0,9986.0,green,1
J1886,I3709,10096.0,10099.0,green,1
J2275,I4628,13382.0,13384.0,green,2
J2275,I4724,13720.0,13727.0,green,2
J1140,I1908,4221.0,4222.0,green,1
J1140,I6468,19968.0,19978.0,green,3
J1538,I2568,6300.0,6306.0,green,1
J1538,I6492,20076.0,20085.0,green,1
J1555,I3588,9675.0,9679.0,green,1
J1555,I3780,10370.0,10371.0,green,1
J1555,I3812,10518.0,10521.0,green,1
J1555,I3924,10906.0,10908.0,green,1
J344,I4212,11904.0,11905.0,green,1
J344,I6356,19552.0,19557.0,green,1
J344,I7604,23834.0,23838.0,green,1
J344,I7668,24019.0,24022.0,green,2
J344,I8152,25442.0,25443.0,green,1
J1674,I1779,3836.0,3837.0,green,1
J1674,I2003,4543.0,4547.0,green,3
J1454,I2049,4704.0,4713.0,green,3
J1171,I6989,21839.0,21857.0,green,1
J1171,I7405,23251.0,23257.0,green,1
J1171,I9677,29164.0,29167.0,green,2
J199,I818,1527.0,1532.0,green,3
J199,I1106,2171.0,2179.0,green,2
J199,I1874,4112.0,4119.0,green,1
J4976,I9254,28220.0,28222.0,green,2
J4976,I9574,28952.0,28953.0,green,1
J4976,I9670,29151.0,29154.0,green,1
J4976,I9926,29641.0,29642.0,green,1
J4976,I10022,29798.0,29799.0,green,1
J1408,I2503,6095.0,6096.0,green,1
J1408,I2567,6294.0,6300.0,green,2
J1408,I2631,6470.0,6475.0,green,2
J1893,I3144,8131.0,8133.0,green,1
J1893,I3784,10395.0,10401.0,green,1
J1893,I3976,11059.0,11060.0,green,1
J1893,I4824,14115.0,14120.0,green,2
J4348,I7068,22152.0,22159.0,green,1
J4348,I9020,27656.0,27657.0,green,1
J4348,I9212,28132.0,28135.0,green,1
J3441,I5742,17456.0,17461.0,green,3
J3522,I8266,25750.0,25754.0,green,2
J3065,I4404,12534.0,12538.0,green,4
J999,I4513,12876.0,12885.0,green,4
J2586,I5892,17979.0,17983.0,green,1
J2586,I6020,18458.0,18461.0,green,1
J3025,I4488,12783.0,12794.0,green,1
J3025,I6972,21779.0,21787.0,green,1
J2530,I2302,5472.0,5473.0,brown,1
J2530,I2686,6630.0,6631.0,brown,1
J2530,I5311,15956.0,15957.0,green,1
J2530,I6815,21213.0,21219.0,green,2
J2530,I8671,26806.0,26809.0,green,1
J2710,I3169,8206.0,8208.0,green,1
J2710,I3296,8634.0,8642.0,brown,3
J2710,I4769,13927.0,13928.0,green,1
J2168,I4040,11288.0,11292.0,green,3
J1282,I1856,4060.0,4063.0,green,1
J1282,I1952,4384.0,4385.0,green,1
J4384,I5447,16359.0,16372.0,green,2
J4384,I5702,17301.0,17304.0,brown,3
J4384,I9081,27785.0,27787.0,green,1
J2897,I5778,17585.0,17586.0,brown,1
J2897,I5810,17670.0,17677.0,brown,1
J156,I578,978.0,981.0,green,1
J156,I610,1046.0,1049.0,green,2
J156,I834,1565.0,1566.0,green,1
J2708,I4177,11765.0,11767.0,brown,2
J2008,I4165,11712.0,11720.0,green,1
J2008,I4613,13324.0,13325.0,green,1
J2008,I5925,18098.0,18101.0,green,1
J2008,I6949,21698.0,21707.0,green,1
J4701,I7775,24348.0,24349.0,brown,1
J4701,I7871,24628.0,24632.0,brown,1
J1184,I2093,4844.0,4846.0,green,2
J1159,I1863,4081.0,4082.0,green,1
J1159,I3047,7771.0,7780.0,green,3
J2208,I2270,5368.0,5371.0,green,1
J3128,I3719,10121.0,10125.0,brown,1
J3128,I5000,14758.0,14769.0,green,1
J3128,I9216,28142.0,28143.0,green,1
J983,I8005,24996.0,25011.0,green,6
J2618,I6403,19721.0,19734.0,green,3
J2618,I9283,28289.0,28290.0,green,1
J2618,I9347,28443.0,28444.0,green,1
J219,I249,405.0,406.0,green,1
J219,I377,618.0,622.0,green,1
J219,I2909,7319.0,7327.0,green,1
J4764,I5203,15573.0,15580.0,brown,2
J2534,I3981,11069.0,11074.0,green,1
J2534,I4941,14539.0,14553.0,green,1
J2534,I7021,21993.0,21994.0,green,1
J2534,I7509,23557.0,23559.0,green,1
J1348,I666,1180.0,1183.0,green,2
J1348,I794,1467.0,1468.0,green,1
J1348,I1658,3507.0,3517.0,green,1
J3480,I3997,11126.0,11130.0,green,3
J3480,I4029,11251.0,11255.0,green,1
J3480,I8157,25457.0,25463.0,green,1
J1330,I3175,8233.0,8237.0,green,1
J319,I1109,2186.0,2188.0,green,1
J319,I2132,4965.0,4967.0,brown,1
J4893,I5524,16612.0,16617.0,brown,2
J4893,I9269,28253.0,28260.0,green,1
J4893,I9957,29690.0,29691.0,green,1
J945,I2327,5538.0,5540.0,green,2
J134,I325,534.0,535.0,green,1
J2556,I2771,6853.0,6854.0,green,1
J2556,I2803,6982.0,6986.0,green,1
J4029,I3185,8255.0,8256.0,green,1
J4029,I3217,8363.0,8378.0,green,1
J4029,I3537,9509.0,9514.0,green,3
J4029,I8721,26941.0,26946.0,green,1
J905,I6715,20825.0,20837.0,green,2
J905,I7489,23504.0,23509.0,green,1
J1421,I1631,3437.0,3440.0,green,3
J1421,I1759,3776.0,3777.0,green,1
J1421,I4639,13420.0,13425.0,green,1
J1421,I4779,13958.0,13970.0,green,1
J1570,I2267,5358.0,5363.0,green,5
J1570,I3323,8739.0,8745.0,green,1
J3373,I7292,22876.0,22879.0,green,1
J3373,I9180,28045.0,28048.0,green,1
J3373,I9564,28939.0,28941.0,green,1
J3373,I9660,29136.0,29138.0,green,2
J510,I5217,15622.0,15637.0,green,2
J510,I5921,18079.0,18089.0,green,1
J510,I6049,18558.0,18565.0,green,1
J629,I1858,4064.0,4071.0,green,2
J4780,I4368,12423.0,12426.0,brown,3
J4780,I8529,26413.0,26415.0,green,2
J498,I1365,2837.0,2838.0,green,1
J498,I1397,2922.0,2923.0,green,1
J498,I3701,10055.0,10058.0,green,3
J498,I4725,13727.0,13739.0,green,1
J3730,I5443,16343.0,16347.0,green,4
J50,I31,39.0,41.0,green,2
J50,I799,1479.0,1486.0,green,1
J50,I3633,9837.0,9839.0,green,1
J328,I6198,19030.0,19035.0,green,1
J328,I7318,23001.0,23003.0,green,1
J328,I7606,23843.0,23857.0,green,2
J2886,I8637,26705.0,26707.0,green,2
J3981,I981,1880.0,1882.0,brown,1
J3981,I4790,14008.0,14010.0,green,1
J135,I2192,5156.0,5159.0,green,1
J135,I3152,8153.0,8159.0,green,3
J135,I3344,8806.0,8812.0,green,1
J2639,I682,1211.0,1212.0,green,1
J2639,I746,1354.0,1355.0,green,1
J2639,I1578,3317.0,3322.0,green,1
J3697,I2085,4805.0,4813.0,green,2
J3697,I3973,11052.0,11053.0,green,1
J3697,I4165,11712.0,11720.0,green,3
J614,I1369,2844.0,2845.0,green,1
J614,I1465,3052.0,3056.0,brown,1
J614,I1881,4149.0,4159.0,green,1
J614,I3609,9750.0,9753.0,green,2
J614,I3769,10317.0,10337.0,green,1
J2840,I4866,14266.0,14273.0,green,5
J2840,I9150,27949.0,27953.0,green,1
J1182,I1719,3665.0,3669.0,brown,2
J1182,I7776,24349.0,24356.0,green,1
J1182,I7840,24534.0,24537.0,green,1
J4252,I4556,13041.0,13042.0,green,1
J4252,I4652,13466.0,13468.0,green,1
J4252,I5644,17094.0,17099.0,green,1
J3315,I5338,16033.0,16037.0,green,2
J2806,I4766,13903.0,13921.0,green,4
J79,I1115,2198.0,2202.0,green,1
J79,I1403,2937.0,2945.0,green,2
J79,I1947,4369.0,4375.0,green,1
J4059,I7657,24001.0,24003.0,brown,2
J4059,I7945,24846.0,24849.0,brown,3
J1010,I1745,3738.0,3742.0,green,3
J1010,I1808,3910.0,3911.0,brown,1
J3018,I5921,18079.0,18089.0,green,4
J3018,I6049,18558.0,18565.0,green,2
J2336,I9448,28656.0,28658.0,green,2
J2336,I9928,29643.0,29644.0,green,1
J576,I10,11.0,12.0,green,1
J576,I106,151.0,153.0,green,1
J576,I170,247.0,250.0,green,2
J576,I234,377.0,378.0,green,1
J576,I490,814.0,815.0,green,1
J2059,I1565,3288.0,3292.0,green,1
J2059,I4341,12336.0,12342.0,green,2
J2059,I4573,13146.0,13156.0,green,2
J3067,I5069,15030.0,15033.0,green,2
J3067,I6829,21270.0,21272.0,green,1
J3067,I7405,23251.0,23257.0,green,1
J3067,I7677,24052.0,24053.0,green,1
J1341,I2502,6090.0,6095.0,green,1
J1341,I3622,9797.0,9801.0,green,1
J1809,I3822,10568.0,10570.0,green,1
J1809,I4590,13218.0,13225.0,green,2
J2231,I4379,12455.0,12466.0,green,2
J2231,I4731,13756.0,13766.0,green,1
J2231,I6171,18951.0,18955.0,green,1
J3431,I1322,2724.0,2726.0,brown,1
J3431,I3787,10403.0,10411.0,green,2
J3431,I5419,16253.0,16261.0,green,1
J3431,I6887,21508.0,21509.0,green,1
J4861,I7387,23195.0,23197.0,green,2
J4861,I7515,23577.0,23579.0,green,2
J3650,I3936,10930.0,10934.0,brown,1
J2418,I5214,15615.0,15616.0,green,1
J2418,I8110,25320.0,25327.0,green,3
J2418,I8512,26370.0,26374.0,green,1
J2679,I3216,8359.0,8363.0,green,1
J2679,I3664,9928.0,9947.0,green,1
J2679,I6736,20922.0,20932.0,green,3
J2679,I7200,22601.0,22604.0,green,1
J2681,I2806,7000.0,7004.0,brown,1
J2681,I4535,12973.0,12981.0,green,1
J2144,I8916,27413.0,27417.0,green,2
J2144,I9780,29361.0,29362.0,green,1
J2144,I9812,29422.0,29426.0,green,1
J921,I1343,2777.0,2785.0,brown,3
J921,I7232,22693.0,22700.0,green,1
J921,I8992,27599.0,27602.0,green,1
J921,I9536,28855.0,28856.0,green,1
J726,I1595,3347.0,3351.0,brown,1
J726,I1627,3429.0,3431.0,brown,1
J1889,I3086,7900.0,7906.0,green,2
J1889,I6738,20935.0,20939.0,green,1
J1889,I6777,21075.0,21082.0,green,2
J1889,I6817,21223.0,21229.0,green,1
J17,I48,69.0,70.0,green,1
J17,I528,882.0,885.0,green,1
J17,I1104,2166.0,2169.0,green,1
J17,I2080,4792.0,4799.0,green,1
J3490,I4588,13212.0,13217.0,green,2
J2944,I5205,15588.0,15591.0,brown,3
J362,I2021,4610.0,4614.0,green,1
J362,I2469,5975.0,5980.0,green,4
J1067,I2188,5148.0,5149.0,green,1
J1067,I2220,5231.0,5235.0,green,4
J1067,I2444,5893.0,5900.0,green,1
J3356,I6043,18539.0,18543.0,brown,4
J3356,I6139,18851.0,18854.0,brown,1
J1845,I2398,5768.0,5775.0,green,3
J1845,I4062,11385.0,11392.0,green,1
J23,I531,889.0,891.0,green,2
J23,I1011,1939.0,1942.0,green,1
J23,I2643,6518.0,6521.0,green,1
J4585,I5245,15723.0,15736.0,brown,1
J89,I324,532.0,534.0,green,1
J89,I804,1495.0,1496.0,green,1
J89,I2852,7134.0,7138.0,brown,1
J89,I4004,11152.0,11159.0,green,1
J1755,I2113,4893.0,4899.0,green,2
J3366,I4289,12149.0,12154.0,green,2
J3366,I4352,12372.0,12383.0,brown,1
J3366,I4481,12764.0,12770.0,green,2
J3366,I5873,17886.0,17893.0,green,1
J280,I1653,3496.0,3501.0,brown,1
J280,I3446,9202.0,9205.0,green,1
J280,I4854,14230.0,14231.0,green,1
J280,I7038,22044.0,22053.0,green,2
J4562,I3576,9647.0,9651.0,brown,2
J4562,I9985,29734.0,29735.0,green,1
J3644,I6838,21309.0,21312.0,green,2
J3644,I6965,21753.0,21755.0,brown,2
J3644,I7093,22243.0,22245.0,brown,1
J3644,I7670,24029.0,24030.0,green,1
J483,I952,1818.0,1824.0,green,6
J3867,I7310,22950.0,22954.0,green,3
J3867,I7373,23149.0,23150.0,brown,1
J3867,I7437,23354.0,23356.0,brown,2
J2449,I2482,6008.0,6015.0,green,5
J3817,I228,366.0,367.0,brown,1
J3817,I484,801.0,804.0,brown,1
J3817,I2980,7542.0,7547.0,brown,1
J3817,I5285,15866.0,15873.0,green,3
J670,I645,1122.0,1129.0,brown,1
J670,I806,1499.0,1505.0,green,2
J670,I3910,10862.0,10865.0,green,2
J4181,I2769,6835.0,6850.0,green,5
J4181,I3121,8047.0,8053.0,green,1
J1726,I8870,27290.0,27292.0,green,1
J1726,I9382,28510.0,28511.0,green,1
J2863,I4266,12056.0,12059.0,green,1
J2863,I4522,12929.0,12931.0,green,2
J2863,I5418,16248.0,16253.0,green,3
J3243,I3526,9481.0,9485.0,green,1
J3243,I7225,22681.0,22682.0,green,1
J3243,I7566,23703.0,23708.0,green,1
J4687,I6323,19457.0,19459.0,brown,1
J4687,I7028,22016.0,22020.0,green,1
J4687,I8692,26868.0,26873.0,green,1
J4687,I8948,27496.0,27499.0,green,2
J4687,I9332,28408.0,28414.0,green,1
J3295,I3814,10522.0,10534.0,green,2
J3295,I6854,21365.0,21374.0,green,1
J3295,I7142,22444.0,22450.0,green,1
J747,I913,1714.0,1722.0,green,4
J3298,I823,1543.0,1545.0,brown,1
J3298,I2071,4752.0,4758.0,brown,1
J679,I1625,3417.0,3426.0,brown,1
J679,I3322,8730.0,8739.0,green,3
J679,I6938,21666.0,21668.0,green,2
J1183,I2197,5164.0,5166.0,green,2
J1183,I5061,15001.0,15005.0,green,1
J1183,I5589,16863.0,16872.0,green,1
J1183,I6025,18478.0,18480.0,green,1
J4987,I8367,26012.0,26013.0,brown,1
J4987,I8399,26081.0,26082.0,brown,1
J4987,I9168,28007.0,28011.0,green,1
J4987,I9680,29169.0,29176.0,green,2
J4173,I6406,19742.0,19746.0,green,2
J4173,I6758,21001.0,21005.0,green,3
J526,I1009,1937.0,1938.0,green,1
J526,I1041,2018.0,2022.0,green,3
J526,I1105,2169.0,2171.0,green,1
J526,I1137,2254.0,2257.0,green,1
J490,I1846,4019.0,4025.0,green,1
J490,I3702,10058.0,10074.0,green,1
J490,I4086,11482.0,11493.0,green,3
J1353,I3622,9797.0,9801.0,green,1
J1353,I4518,12906.0,12914.0,green,2
J1353,I4998,14738.0,14755.0,green,3
J1409,I2833,7068.0,7077.0,green,1
J1409,I3472,9285.0,9287.0,brown,1
J1409,I6481,20025.0,20027.0,green,1
J1409,I7921,24763.0,24766.0,green,2
J1409,I8109,25315.0,25320.0,green,1
J3750,I5173,15425.0,15442.0,green,1
J2581,I5003,14776.0,14778.0,green,2
J2581,I5035,14887.0,14890.0,green,3
J2581,I5419,16253.0,16261.0,green,1
J305,I1028,1981.0,1986.0,green,1
J305,I5156,15357.0,15362.0,green,2
J305,I5924,18093.0,18098.0,green,1
J1273,I2208,5203.0,5205.0,green,2
J1273,I2432,5859.0,5864.0,green,1
J1273,I3584,9662.0,9668.0,green,1
J1273,I3985,11080.0,11089.0,green,2
J968,I1273,2599.0,2603.0,brown,1
J968,I7226,22682.0,22684.0,green,2
J968,I7258,22774.0,22782.0,green,1
J968,I7349,23095.0,23097.0,green,1
J1571,I2444,5893.0,5900.0,green,2
J1571,I2572,6314.0,6318.0,green,1
J1571,I2604,6403.0,6405.0,green,1
J1571,I2636,6490.0,6495.0,green,2
J3739,I2704,6668.0,6672.0,brown,1
J3739,I3760,10283.0,10287.0,brown,1
J3739,I4304,12190.0,12198.0,brown,1
J3739,I5328,16006.0,16012.0,brown,1
J4078,I8156,25453.0,25457.0,green,1
J4078,I8700,26887.0,26888.0,green,1
J4078,I9228,28173.0,28179.0,green,1
J4078,I9708,29229.0,29233.0,green,2
J2945,I5509,16564.0,16566.0,brown,2
J2945,I7910,24734.0,24737.0,green,1
J1372,I2640,6507.0,6510.0,green,1
J1372,I2672,6586.0,6598.0,green,2
J1372,I4080,11453.0,11454.0,green,1
J1372,I6224,19122.0,19135.0,green,1
J4711,I4869,14280.0,14286.0,brown,4
J4711,I5350,16073.0,16076.0,green,2
J119,I164,236.0,241.0,green,4
J119,I1060,2062.0,2063.0,green,1
J119,I1668,3536.0,3539.0,green,1
J4505,I7044,22062.0,22063.0,brown,1
J4505,I7301,22907.0,22912.0,green,5
J2236,I3153,8159.0,8161.0,green,1
J2236,I5073,15052.0,15064.0,green,2
J2236,I7067,22143.0,22152.0,green,1
J4602,I7081,22202.0,22207.0,brown,1
J4602,I7306,22930.0,22936.0,green,2
J4843,I8738,26988.0,26989.0,brown,1
J4843,I8739,26989.0,26990.0,green,1
J4843,I9539,28863.0,28866.0,green,2
J1290,I2262,5347.0,5350.0,green,1
J1290,I3190,8264.0,8266.0,green,1
J1290,I5750,17498.0,17502.0,green,1
J4255,I2888,7237.0,7241.0,brown,1
J4255,I4201,11859.0,11867.0,green,1
J4255,I4841,14177.0,14183.0,green,1
J4255,I7849,24560.0,24566.0,green,1
J4255,I8681,26836.0,26842.0,green,1
J3610,I3143,8127.0,8131.0,green,1
J3610,I5287,15874.0,15881.0,green,1
J3610,I6855,21374.0,21376.0,green,1
J3610,I7669,24022.0,24029.0,green,1
J2993,I2541,6218.0,6223.0,brown,1
J2993,I6926,21620.0,21636.0,green,2
J2993,I7726,24190.0,24191.0,green,1
J2993,I8798,27119.0,27123.0,green,1
J1586,I1675,3548.0,3551.0,green,1
J1586,I1867,4089.0,4090.0,green,1
J1586,I2091,4832.0,4842.0,green,4
J3492,I6648,20589.0,20590.0,brown,1
J3492,I6649,20590.0,20596.0,green,1
J3492,I6712,20819.0,20821.0,brown,1
J2692,I1830,3961.0,3975.0,green,2
J2692,I3622,9797.0,9801.0,green,1
J1430,I2384,5736.0,5738.0,brown,2
J1232,I361,593.0,594.0,brown,1
J1232,I425,702.0,706.0,brown,1
J1232,I8682,26842.0,26849.0,green,1
J1066,I2427,5836.0,5837.0,brown,1
J1066,I2523,6143.0,6146.0,brown,1
J1066,I2619,6437.0,6442.0,brown,1
J1066,I8508,26360.0,26364.0,green,1
J816,I1465,3052.0,3056.0,brown,1
J816,I8442,26181.0,26193.0,green,1
J816,I8570,26528.0,26533.0,green,1
J2470,I1592,3341.0,3345.0,brown,3
J2470,I3353,8834.0,8851.0,green,1
J1594,I7490,23509.0,23519.0,green,1
J1594,I7605,23838.0,23843.0,green,2
J1594,I7682,24062.0,24063.0,green,1
J4607,I4196,11844.0,11846.0,brown,2
J4607,I7685,24071.0,24078.0,green,1
J4607,I9809,29418.0,29419.0,green,1
J4607,I9817,29435.0,29436.0,green,1
J2450,I4144,11658.0,11663.0,green,4
J1721,I1612,3392.0,3393.0,brown,1
J1721,I1869,4097.0,4099.0,green,1
J1721,I1932,4304.0,4311.0,brown,1
J1721,I2573,6318.0,6320.0,green,1
J1721,I3981,11069.0,11074.0,green,1
J1721,I6197,19025.0,19030.0,green,1
J517,I121,174.0,175.0,green,1
J517,I633,1095.0,1097.0,green,1
J517,I2969,7497.0,7501.0,green,1
J517,I4913,14420.0,14424.0,green,1
J1112,I2775,6869.0,6870.0,green,1
J1112,I3799,10455.0,10480.0,green,4
J1112,I4759,13872.0,13883.0,green,1
J4442,I3542,9523.0,9524.0,brown,1
J4442,I6871,21445.0,21456.0,green,2
J4442,I7575,23736.0,23738.0,green,2
J4442,I8983,27583.0,27584.0,green,1
J1308,I2146,4999.0,5010.0,green,1
J1308,I6594,20411.0,20420.0,green,2
J1308,I7714,24162.0,24165.0,green,2
J1308,I8224,25645.0,25649.0,green,1
J4998,I5823,17713.0,17715.0,brown,1
J4998,I5855,17810.0,17815.0,brown,1
J4998,I7008,21927.0,21936.0,green,1
J4998,I10148,29984.0,29985.0,green,1
J4760,I4808,14059.0,14061.0,brown,1
J4760,I5065,15018.0,15020.0,green,2
J4760,I5129,15257.0,15260.0,green,3
J3517,I3686,10016.0,10026.0,green,6
J906,I1454,3034.0,3035.0,brown,1
J906,I1775,3819.0,3822.0,green,2
J906,I3023,7701.0,7706.0,green,3
J1995,I6878,21470.0,21476.0,green,1
J1995,I7646,23972.0,23976.0,green,2
J1995,I7975,24927.0,24930.0,green,2
J3822,I3344,8806.0,8812.0,green,1
J3822,I3439,9185.0,9188.0,brown,2
J3822,I3856,10677.0,10682.0,green,1
J3822,I6800,21164.0,21170.0,green,1
J3822,I6836,21299.0,21302.0,green,1
J1906,I3399,9012.0,9025.0,green,6
J525,I1658,3507.0,3517.0,green,3
J525,I4170,11731.0,11732.0,green,1
J525,I5162,15382.0,15383.0,green,1
J525,I5500,16521.0,16533.0,green,1
J1241,I1595,3347.0,3351.0,brown,2
J1241,I3772,10350.0,10351.0,green,1
J1241,I7292,22876.0,22879.0,green,1
J1241,I7916,24748.0,24755.0,green,1
J1241,I8444,26195.0,26197.0,green,1
J4774,I7946,24849.0,24850.0,green,1
J4774,I8458,26229.0,26235.0,green,1
J4774,I9610,29016.0,29021.0,green,1
J1988,I4172,11735.0,11757.0,green,4
J3851,I3091,7945.0,7948.0,brown,1
J3851,I7572,23722.0,23732.0,green,1
J3851,I8628,26681.0,26683.0,green,1
J3851,I8692,26868.0,26873.0,green,1
J2261,I644,1118.0,1122.0,brown,1
J2261,I2597,6380.0,6382.0,green,1
J2261,I5285,15866.0,15873.0,green,1
J3596,I5811,17677.0,17678.0,brown,1
J3596,I5843,17765.0,17768.0,brown,1
J3596,I5940,18162.0,18167.0,green,2
J3596,I6132,18837.0,18838.0,green,1
J1660,I951,1812.0,1818.0,green,3
J1481,I3339,8788.0,8789.0,green,1
J1481,I5483,16472.0,16479.0,green,1
J2930,I2888,7237.0,7241.0,brown,1
J826,I1659,3517.0,3521.0,green,3
J826,I1947,4369.0,4375.0,green,2
J290,I566,951.0,957.0,green,3
J4439,I3894,10805.0,10806.0,green,1
J4439,I8694,26874.0,26876.0,green,1
J4117,I2542,6223.0,6231.0,brown,2
J4117,I8751,27021.0,27022.0,green,1
J3489,I4843,14190.0,14193.0,green,1
J3489,I5099,15164.0,15167.0,green,1
J3489,I7307,22936.0,22947.0,green,1
J3489,I7669,24022.0,24029.0,green,2
J3196,I2996,7606.0,7611.0,green,2
J791,I1815,3922.0,3924.0,brown,1
J791,I2391,5748.0,5754.0,brown,2
J791,I3639,9864.0,9868.0,brown,1
J791,I10072,29873.0,29874.0,green,1
J761,I532,891.0,894.0,green,2
J761,I724,1295.0,1301.0,green,1
J3137,I1343,2777.0,2785.0,brown,1
J3137,I4032,11260.0,11265.0,green,1
J3137,I4160,11697.0,11705.0,green,1
J3137,I7200,22601.0,22604.0,green,1
J4679,I4730,13755.0,13756.0,green,1
J4679,I5882,17940.0,17947.0,green,2
J4679,I7418,23308.0,23309.0,green,1
J2722,I4793,14015.0,14019.0,green,4
J2722,I4953,14580.0,14583.0,brown,1
J2722,I4985,14686.0,14689.0,green,1
J2808,I4842,14183.0,14190.0,green,5
J1130,I6099,18721.0,18729.0,green,1
J1130,I7667,24016.0,24019.0,green,2
J1130,I8531,26417.0,26424.0,green,1
J1130,I9299,28335.0,28336.0,green,1
J1130,I9619,29041.0,29046.0,green,1
J1628,I1302,2675.0,2677.0,brown,1
J1628,I1334,2756.0,2760.0,brown,2
J1628,I5687,17242.0,17250.0,green,3
J2851,I3430,9137.0,9142.0,brown,2
J2064,I3098,7959.0,7962.0,green,1
J2064,I3194,8279.0,8289.0,green,4
J2064,I6151,18876.0,18886.0,green,1
J4984,I9285,28291.0,28295.0,green,4
J4984,I9413,28583.0,28584.0,green,1
J1641,I1248,2533.0,2535.0,green,1
J4324,I4981,14673.0,14675.0,brown,2
J4324,I5013,14816.0,14818.0,brown,2
J4324,I7062,22121.0,22122.0,green,1
J4324,I8342,25950.0,25951.0,green,1
J3953,I5591,16873.0,16883.0,green,4
J3672,I5638,17057.0,17062.0,green,3
J3672,I5701,17299.0,17301.0,brown,1
J3846,I2305,5475.0,5477.0,brown,2
J806,I4767,13921.0,13923.0,green,2
J806,I7007,21924.0,21927.0,green,2
J4343,I4028,11237.0,11251.0,green,5
J336,I581,986.0,991.0,green,2
J336,I4821,14100.0,14111.0,green,2
J194,I533,894.0,900.0,green,1
J194,I1877,4127.0,4130.0,green,1
J194,I3061,7816.0,7825.0,green,1
J4068,I7580,23752.0,23755.0,green,3
J4068,I8124,25357.0,25362.0,green,2
J4068,I9948,29676.0,29677.0,green,1
J2735,I1308,2696.0,2697.0,green,1
J2735,I1564,3287.0,3288.0,green,1
J2735,I2044,4673.0,4674.0,green,1
J2735,I4412,12565.0,12567.0,green,2
J1875,I3843,10637.0,10640.0,green,3
J2205,I1914,4236.0,4242.0,brown,1
J2205,I1947,4369.0,4375.0,green,3
J2205,I2043,4671.0,4673.0,green,2
J1441,I2884,7219.0,7223.0,brown,2
J1441,I8005,24996.0,25011.0,green,1
J3216,I3457,9252.0,9255.0,green,3
J3216,I6363,19577.0,19582.0,green,1
J3726,I3193,8273.0,8279.0,green,1
J3726,I5689,17251.0,17262.0,green,3
J3351,I5287,15874.0,15881.0,green,1
J3351,I7607,23857.0,23858.0,green,1
J4767,I1358,2818.0,2825.0,brown,2
J4767,I8943,27484.0,27486.0,green,1
J4767,I8975,27558.0,27570.0,green,1
J4767,I9711,29236.0,29238.0,green,1
J4951,I8849,27242.0,27244.0,brown,1
J4951,I9330,28402.0,28406.0,green,1
J4951,I9458,28687.0,28692.0,green,1
J4951,I9618,29040.0,29041.0,green,1
J4951,I9682,29179.0,29184.0,green,1
J3360,I859,1606.0,1611.0,brown,1
J3360,I923,1747.0,1748.0,brown,1
J3360,I1275,2605.0,2616.0,brown,1
J3360,I2588,6352.0,6361.0,green,2
J3360,I3612,9760.0,9769.0,green,1
J413,I4474,12728.0,12738.0,green,2
J413,I5746,17479.0,17489.0,green,3
J1813,I3145,8133.0,8134.0,green,1
J1813,I3337,8785.0,8787.0,green,1
J1813,I3817,10538.0,10542.0,green,1
J1522,I1490,3111.0,3113.0,green,2
J1560,I987,1891.0,1892.0,green,1
J1560,I1179,2355.0,2360.0,green,2
J1560,I1275,2605.0,2616.0,brown,1
J1560,I3323,8739.0,8745.0,green,1
J4598,I3180,8247.0,8249.0,brown,1
J4598,I8749,27017.0,27020.0,green,1
J4598,I8941,27477.0,27480.0,green,1
J4598,I9069,27759.0,27762.0,green,2
J4441,I8538,26440.0,26441.0,green,1
J4441,I9370,28489.0,28490.0,green,1
J4441,I9466,28705.0,28707.0,green,1
J1890,I2437,5872.0,5875.0,brown,1
J1890,I8998,27614.0,27615.0,green,1
J1890,I9350,28446.0,28449.0,green,2
J3611,I4864,14263.0,14265.0,green,2
J3041,I3313,8697.0,8698.0,green,1
J3041,I5041,14916.0,14923.0,green,2
J3041,I5073,15052.0,15064.0,green,2
J3041,I6401,19712.0,19714.0,green,1
J2485,I4409,12557.0,12562.0,green,2
J2485,I4633,13400.0,13407.0,green,1
J2485,I4825,14120.0,14124.0,green,1
J2485,I6289,19343.0,19356.0,green,2
J687,I1712,3650.0,3653.0,brown,1
J687,I6721,20857.0,20870.0,green,1
J687,I6817,21223.0,21229.0,green,1
J687,I7009,21936.0,21945.0,green,2
J3674,I4710,13671.0,13672.0,brown,1
J3674,I4742,13812.0,13814.0,brown,1
J3674,I4935,14497.0,14505.0,green,1
J3674,I5063,15006.0,15017.0,green,2
J3389,I5952,18231.0,18240.0,brown,1
J3389,I6049,18558.0,18565.0,green,2
J3389,I6097,18718.0,18720.0,green,2
J3389,I6721,20857.0,20870.0,green,1
J3174,I3998,11130.0,11132.0,green,2
J3174,I4030,11255.0,11258.0,green,1
J3946,I4614,13325.0,13329.0,green,1
J3923,I7067,22143.0,22152.0,green,4
J3290,I7561,23690.0,23694.0,green,2
J3290,I8489,26308.0,26318.0,green,1
J2823,I3664,9928.0,9947.0,green,1
J2823,I6420,19793.0,19804.0,green,1
J1383,I2830,7063.0,7066.0,green,2
J1383,I4622,13353.0,13368.0,green,1
J2187,I4416,12574.0,12580.0,brown,2
J2187,I6593,20405.0,20411.0,green,1
J2187,I6689,20720.0,20725.0,green,2
J4028,I7224,22676.0,22681.0,green,2
J4028,I7496,23526.0,23527.0,green,1
J676,I1278,2622.0,2626.0,brown,2
J676,I6623,20518.0,20524.0,green,1
J3853,I5076,15084.0,15095.0,brown,4
J3853,I8605,26618.0,26620.0,green,2
J1631,I2813,7024.0,7028.0,green,1
J1631,I2845,7111.0,7118.0,green,4
J1189,I830,1558.0,1559.0,green,1
J1189,I1310,2699.0,2700.0,green,1
J1189,I2014,4576.0,4580.0,green,3
J4536,I4091,11500.0,11506.0,green,5
J4536,I4379,12455.0,12466.0,green,1
J2967,I1649,3485.0,3486.0,brown,1
J2967,I1938,4325.0,4326.0,green,1
J2967,I2002,4538.0,4543.0,green,3
J349,I258,418.0,420.0,green,1
J1661,I1404,2945.0,2948.0,brown,1
J1661,I2300,5468.0,5471.0,brown,1
J1661,I2941,7416.0,7423.0,green,2
J1661,I4125,11607.0,11609.0,green,1
J1700,I2764,6820.0,6822.0,green,2
J1700,I2828,7058.0,7061.0,green,1
J1700,I3404,9048.0,9057.0,green,2
J1700,I3468,9278.0,9279.0,green,1
J4709,I6416,19774.0,19788.0,green,3
J4773,I5450,16379.0,16382.0,brown,2
J4773,I8491,26319.0,26325.0,green,1
J4773,I8619,26653.0,26657.0,green,2
J4773,I9131,27907.0,27910.0,green,1
J4958,I8510,26365.0,26368.0,green,2
J4958,I8574,26542.0,26546.0,green,2
J4958,I8606,26620.0,26621.0,green,1
J4958,I10062,29859.0,29861.0,green,1
J2842,I3037,7738.0,7747.0,brown,1
J2842,I7096,22253.0,22265.0,green,2
J842,I507,842.0,844.0,green,1
J842,I571,966.0,970.0,green,1
J842,I1179,2355.0,2360.0,green,2
J842,I1467,3057.0,3059.0,green,1
J842,I2939,7411.0,7414.0,green,1
J62,I29,34.0,38.0,green,1
J1719,I3702,10058.0,10074.0,green,5
J3421,I4734,13775.0,13785.0,green,4
J3729,I7077,22186.0,22188.0,green,1
J3729,I7268,22815.0,22825.0,brown,2
J3729,I7877,24640.0,24644.0,green,3
J375,I389,638.0,640.0,green,1
J375,I2117,4917.0,4918.0,green,1
J375,I2405,5788.0,5793.0,green,1
J375,I2501,6080.0,6090.0,green,2
J3662,I6237,19183.0,19188.0,brown,3
J3662,I8958,27521.0,27522.0,green,1
J1757,I3855,10675.0,10677.0,green,2
J1757,I5423,16276.0,16278.0,green,1
J2822,I5489,16486.0,16493.0,green,4
J4259,I5344,16054.0,16055.0,brown,1
J4259,I5376,16141.0,16143.0,brown,2
J2508,I3891,10793.0,10794.0,green,1
J2508,I6547,20275.0,20282.0,green,1
J4134,I4798,14029.0,14033.0,brown,1
J4134,I6207,19061.0,19071.0,green,3
J4134,I9313,28370.0,28373.0,green,1
J1653,I1683,3565.0,3566.0,green,1
J1653,I1939,4326.0,4331.0,green,4
J1653,I2483,6015.0,6017.0,green,1
J2955,I5497,16518.0,16519.0,green,1
J2955,I5689,17251.0,17262.0,green,3
J2955,I7417,23303.0,23308.0,green,2
J4145,I7935,24823.0,24825.0,green,1
J4145,I7999,24982.0,24985.0,green,1
J4145,I8551,26477.0,26488.0,green,1
J4322,I7390,23201.0,23216.0,green,6
J392,I1180,2360.0,2363.0,green,1
J392,I1887,4166.0,4173.0,green,3
J1619,I2524,6146.0,6149.0,brown,1
J1619,I2620,6442.0,6443.0,brown,1
J1619,I3165,8193.0,8194.0,green,1
J1619,I3325,8746.0,8758.0,green,1
J1619,I7181,22546.0,22548.0,green,2
J3840,I5663,17177.0,17179.0,green,1
J3840,I6431,19865.0,19871.0,green,1
J3840,I9055,27731.0,27735.0,green,3
J3986,I9668,29145.0,29148.0,green,3
J3986,I9956,29686.0,29690.0,green,2
J3986,I9988,29737.0,29739.0,green,1
J555,I1559,3269.0,3275.0,green,1
J555,I2007,4556.0,4562.0,green,1
J555,I3799,10455.0,10480.0,green,1
J555,I6745,20956.0,20963.0,green,1
J725,I1317,2713.0,2715.0,green,1
J725,I2597,6380.0,6382.0,green,1
J482,I1496,3123.0,3124.0,brown,1
J482,I6521,20177.0,20181.0,green,2
J2646,I5059,14995.0,14997.0,green,1
J2646,I5187,15491.0,15510.0,green,3
J3717,I1275,2605.0,2616.0,brown,2
J3717,I7260,22784.0,22799.0,green,2
J3717,I7948,24853.0,24857.0,green,1
J3717,I8268,25758.0,25772.0,green,1
J4093,I1343,2777.0,2785.0,brown,1
J4093,I1407,2951.0,2953.0,brown,2
J4093,I5600,16931.0,16935.0,green,1
J4093,I7232,22693.0,22700.0,green,1
J3202,I5500,16521.0,16533.0,green,1
J3202,I7260,22784.0,22799.0,green,1
J1038,I2679,6615.0,6618.0,green,1
J1038,I4183,11795.0,11806.0,green,1
J1038,I8033,25080.0,25090.0,green,2
J3813,I3064,7832.0,7836.0,brown,1
J3813,I4057,11364.0,11372.0,green,1
J3813,I4537,12988.0,13003.0,green,1
J81,I30,38.0,39.0,green,1
J81,I5406,16224.0,16225.0,green,1
J81,I7326,23033.0,23036.0,green,1
J81,I8622,26659.0,26668.0,green,1
J81,I8926,27444.0,27448.0,green,1
J3961,I9270,28260.0,28267.0,green,1
J4894,I4215,11910.0,11916.0,brown,2
J4894,I4311,12229.0,12230.0,brown,1
J4894,I4375,12446.0,12452.0,brown,2
J4894,I8312,25884.0,25885.0,green,1
J4361,I4833,14149.0,14154.0,brown,2
J4361,I7490,23509.0,23519.0,green,1
J4361,I10002,29765.0,29767.0,green,2
J1812,I3546,9530.0,9536.0,green,1
J1812,I3770,10337.0,10346.0,green,2
J1747,I2110,4881.0,4884.0,green,2
J1747,I4734,13775.0,13785.0,green,1
J603,I1621,3410.0,3414.0,green,1
J603,I1716,3659.0,3661.0,brown,2
J603,I1940,4331.0,4337.0,brown,1
J603,I6341,19519.0,19526.0,green,1
J1266,I5159,15373.0,15378.0,green,1
J1266,I5639,17062.0,17063.0,green,1
J1266,I6775,21062.0,21073.0,green,1
J1266,I7879,24646.0,24649.0,green,2
J3903,I2284,5410.0,5422.0,brown,1
J3903,I7293,22879.0,22884.0,green,1
J3903,I7613,23865.0,23879.0,green,1
J321,I782,1443.0,1444.0,green,1
J321,I910,1705.0,1708.0,green,1
J321,I942,1791.0,1793.0,green,2
J1405,I1733,3710.0,3715.0,green,1
J1405,I3893,10797.0,10805.0,green,3
J619,I2467,5965.0,5970.0,green,1
J619,I3603,9725.0,9729.0,green,1
J619,I5019,14834.0,14843.0,green,2
J1122,I2057,4725.0,4726.0,brown,1
J1122,I4042,11298.0,11309.0,green,4
J1122,I6837,21302.0,21309.0,green,1
J1779,I3194,8279.0,8289.0,green,2
J1779,I3322,8730.0,8739.0,green,1
J1922,I2458,5935.0,5940.0,green,2
J4561,I5074,15064.0,15079.0,green,3
J4561,I9106,27842.0,27843.0,green,1
J4561,I9458,28687.0,28692.0,green,2
J3487,I9328,28400.0,28401.0,green,1
J3487,I9360,28470.0,28472.0,green,2
J3487,I9552,28891.0,28893.0,green,1
J3487,I9616,29034.0,29037.0,green,1
J3487,I9648,29109.0,29113.0,green,1
J591,I3050,7785.0,7793.0,green,1
J348,I4151,11674.0,11678.0,green,1
J348,I7063,22122.0,22136.0,green,4
J348,I7385,23177.0,23194.0,green,1
J4179,I6916,21592.0,21599.0,green,1
J4179,I7332,23052.0,23054.0,green,2
J4179,I7556,23674.0,23683.0,green,3
J371,I496,822.0,823.0,green,1
J371,I752,1362.0,1364.0,green,1
J371,I1912,4226.0,4229.0,green,3
J371,I1919,4265.0,4272.0,green,1
J4291,I6118,18799.0,18801.0,green,2
J4291,I6406,19742.0,19746.0,green,2
J1872,I3871,10717.0,10718.0,green,1
J1872,I5183,15476.0,15480.0,green,2
J2871,I851,1592.0,1594.0,brown,1
J2871,I1491,3113.0,3115.0,brown,1
J2871,I8180,25518.0,25521.0,green,1
J2871,I8436,26164.0,26171.0,green,2
J2871,I9332,28408.0,28414.0,green,1
J2805,I3478,9308.0,9309.0,brown,1
J2805,I3734,10185.0,10194.0,brown,1
J2805,I3799,10455.0,10480.0,green,3
J4983,I982,1882.0,1885.0,brown,1
J4983,I8919,27427.0,27430.0,green,1
J4983,I9559,28929.0,28933.0,green,3
J4983,I9783,29368.0,29374.0,green,1
J2608,I1940,4331.0,4337.0,brown,1
J2608,I2100,4854.0,4857.0,brown,1
J2608,I8725,26955.0,26958.0,green,2
J3272,I2422,5829.0,5831.0,brown,1
J3272,I9463,28699.0,28703.0,green,1
J3272,I10007,29771.0,29772.0,green,1
J198,I655,1155.0,1160.0,green,4
J2595,I3448,9213.0,9219.0,green,1
J2595,I3575,9646.0,9647.0,brown,1
J2595,I7097,22265.0,22272.0,green,1
J2166,I3956,10996.0,11007.0,green,3
J2166,I4052,11339.0,11349.0,green,3
J4447,I4619,13342.0,13351.0,green,2
J4447,I8555,26492.0,26496.0,green,1
J4447,I8939,27474.0,27475.0,green,1
J4447,I9131,27907.0,27910.0,green,2
J3814,I6569,20333.0,20335.0,brown,2
J3814,I6794,21134.0,21136.0,green,2
J3814,I7082,22207.0,22210.0,brown,1
J3607,I3935,10929.0,10930.0,brown,1
J3607,I4576,13160.0,13171.0,green,3
J3607,I6208,19071.0,19072.0,green,1
J507,I1176,2349.0,2351.0,green,1
J507,I1208,2433.0,2434.0,green,1
J507,I1240,2512.0,2515.0,green,1
J507,I1304,2682.0,2685.0,brown,1
J507,I2008,4562.0,4565.0,green,2
J130,I1134,2243.0,2244.0,brown,1
J1476,I1996,4513.0,4518.0,green,2
J1476,I2700,6657.0,6659.0,green,1
J1476,I5500,16521.0,16533.0,green,1
J3879,I6380,19637.0,19643.0,brown,3
J3879,I6413,19763.0,19769.0,green,2
J3812,I5402,16219.0,16221.0,green,2
J3812,I5466,16424.0,16428.0,brown,2
J3590,I3978,11061.0,11066.0,green,2
J3590,I5546,16699.0,16708.0,green,1
J3590,I6538,20241.0,20243.0,green,1
J3590,I6602,20451.0,20456.0,green,2
J316,I503,832.0,837.0,green,2
J316,I567,957.0,962.0,green,2
J316,I2047,4689.0,4703.0,green,1
J3439,I6742,20947.0,20951.0,green,2
J3439,I9782,29365.0,29368.0,green,1
J3439,I9952,29680.0,29682.0,green,2
J4235,I2413,5808.0,5811.0,brown,1
J4235,I8622,26659.0,26668.0,green,1
J4137,I5420,16261.0,16269.0,green,3
J701,I687,1226.0,1229.0,brown,1
J701,I688,1229.0,1230.0,green,1
J701,I2112,4886.0,4893.0,green,1
J701,I2274,5375.0,5382.0,green,1
J701,I2300,5468.0,5471.0,brown,2
J470,I4583,13190.0,13194.0,green,1
J470,I5447,16359.0,16372.0,green,1
J470,I6165,18931.0,18935.0,green,1
J3493,I3770,10337.0,10346.0,green,2
J1588,I5707,17311.0,17321.0,green,2
J781,I1616,3401.0,3402.0,brown,1
J781,I3409,9077.0,9081.0,green,1
J781,I3601,9716.0,9724.0,green,2
J781,I6721,20857.0,20870.0,green,1
J2495,I4267,12059.0,12061.0,green,2
J2495,I5099,15164.0,15167.0,green,1
J2495,I5355,16085.0,16087.0,green,2
J3256,I5775,17578.0,17581.0,brown,1
J3256,I6192,19015.0,19018.0,green,2
J3256,I6960,21744.0,21746.0,green,2
J233,I528,882.0,885.0,green,2
J233,I752,1362.0,1364.0,green,1
J233,I756,1375.0,1378.0,green,1
J1727,I2018,4596.0,4604.0,green,4
J1727,I6484,20034.0,20045.0,green,2
J3368,I4868,14275.0,14280.0,green,1
J3368,I6340,19512.0,19519.0,green,1
J4415,I6319,19448.0,19449.0,brown,1
J4415,I6351,19541.0,19546.0,brown,1
J4298,I7307,22936.0,22947.0,green,1
J4298,I9099,27827.0,27828.0,green,1
J4298,I9227,28170.0,28173.0,green,2
J4298,I9435,28622.0,28626.0,green,2
J3226,I5592,16883.0,16898.0,green,2
J3226,I5720,17372.0,17375.0,green,1
J3226,I7936,24825.0,24827.0,green,2
J4954,I1306,2686.0,2693.0,brown,1
J4954,I9019,27654.0,27656.0,green,1
J4954,I9931,29647.0,29650.0,green,2
J4954,I9959,29692.0,29693.0,green,1
J1386,I3323,8739.0,8745.0,green,3
J1386,I4725,13727.0,13739.0,green,1
J30,I1242,2516.0,2518.0,green,1
J30,I2010,4566.0,4570.0,green,1
J30,I2170,5103.0,5105.0,green,1
J30,I2458,5935.0,5940.0,green,1
J30,I3322,8730.0,8739.0,green,1
J4658,I4002,11146.0,11148.0,brown,2
J4658,I8531,26417.0,26424.0,green,2
J4658,I8995,27606.0,27607.0,green,1
J4658,I9245,28202.0,28208.0,green,1
J1794,I2169,5099.0,5103.0,green,1
J1794,I2201,5178.0,5181.0,green,2
J1794,I3001,7630.0,7642.0,green,1
J1794,I4537,12988.0,13003.0,green,1
J718,I1264,2576.0,2583.0,green,4
J3531,I5110,15202.0,15208.0,green,2
J3531,I6198,19030.0,19035.0,green,1
J2990,I3529,9489.0,9493.0,green,4
J329,I1125,2217.0,2222.0,brown,1
J329,I1189,2380.0,2388.0,brown,1
J329,I8870,27290.0,27292.0,green,1
J329,I9350,28446.0,28449.0,green,1
J3687,I5585,16849.0,16855.0,green,2
J3687,I5616,16990.0,16991.0,brown,1
J3687,I5648,17108.0,17111.0,brown,1
J1199,I2018,4596.0,4604.0,green,4
J1199,I3554,9552.0,9564.0,green,2
J3087,I6057,18598.0,18599.0,brown,1
J3087,I6154,18891.0,18892.0,green,1
J3087,I6186,18997.0,19000.0,brown,2
J3087,I9098,27821.0,27827.0,green,1
J3622,I5851,17799.0,17805.0,brown,4
J3622,I6011,18431.0,18433.0,brown,1
J1950,I2201,5178.0,5181.0,green,1
J1950,I2521,6136.0,6137.0,green,1
J1950,I2553,6263.0,6265.0,green,1
J1950,I3001,7630.0,7642.0,green,3
J1136,I2494,6052.0,6058.0,green,4
J1136,I3454,9241.0,9246.0,green,1
J1136,I6526,20193.0,20203.0,green,1
J2113,I3139,8109.0,8120.0,green,4
J429,I699,1249.0,1252.0,brown,1
J429,I1275,2605.0,2616.0,brown,1
J4395,I840,1572.0,1576.0,brown,2
J4395,I1128,2231.0,2234.0,brown,1
J4395,I4937,14506.0,14517.0,green,2
J4395,I8553,26490.0,26491.0,green,1
J1873,I6117,18797.0,18799.0,green,1
J1873,I6597,20438.0,20439.0,green,1
J2329,I7796,24408.0,24412.0,green,4
J2329,I8884,27340.0,27345.0,green,1
J3200,I3045,7761.0,7768.0,brown,4
J2177,I4500,12844.0,12845.0,green,1
J2177,I4788,14000.0,14004.0,green,4
J654,I1273,2599.0,2603.0,brown,1
J654,I6874,21460.0,21466.0,green,1
J1432,I2365,5646.0,5649.0,green,1
J4336,I5652,17120.0,17132.0,brown,2
J4336,I5685,17240.0,17241.0,green,1
J4336,I5717,17357.0,17362.0,green,3
J388,I972,1860.0,1866.0,brown,1
J388,I2125,4945.0,4947.0,green,1
J388,I3821,10562.0,10568.0,green,2
J4131,I4778,13951.0,13958.0,green,3
J4131,I6602,20451.0,20456.0,green,1
J4993,I7767,24322.0,24327.0,brown,2
J4993,I9240,28196.0,28197.0,green,1
J4993,I9272,28268.0,28271.0,green,1
J1331,I3548,9539.0,9540.0,green,1
J1331,I7036,22033.0,22043.0,green,1
J1331,I8508,26360.0,26364.0,green,1
J653,I6649,20590.0,20596.0,green,4
J165,I132,188.0,190.0,green,2
J2046,I7811,24449.0,24454.0,green,1
J2046,I7843,24542.0,24545.0,green,1
J1884,I5382,16163.0,16167.0,green,1
J1884,I8166,25474.0,25476.0,green,2
J1884,I8526,26402.0,26403.0,green,1
J685,I773,1417.0,1419.0,green,1
J685,I1349,2794.0,2796.0,green,1
J685,I1925,4281.0,4284.0,green,1
J685,I1957,4397.0,4403.0,green,1
J685,I3957,11007.0,11013.0,green,1
J685,I4085,11472.0,11482.0,green,1
J237,I754,1367.0,1373.0,green,3
J237,I1554,3258.0,3261.0,green,1
J2978,I461,763.0,764.0,brown,1
J2978,I4846,14203.0,14208.0,green,1
J2978,I6158,18902.0,18909.0,green,2
J2039,I3955,10988.0,10996.0,green,6
J4913,I4008,11180.0,11181.0,brown,1
J4913,I9705,29223.0,29225.0,green,1
J1548,I2912,7331.0,7335.0,green,1
J2567,I2082,4800.0,4803.0,green,1
J2567,I6610,20483.0,20484.0,green,1
J1525,I791,1462.0,1465.0,green,1
J1525,I1751,3755.0,3760.0,green,1
J1525,I5785,17613.0,17615.0,green,1
J1519,I4052,11339.0,11349.0,green,1
J1519,I5428,16290.0,16295.0,green,1
J1519,I7348,23092.0,23095.0,green,1
J1519,I7412,23278.0,23280.0,green,1
J271,I1520,3179.0,3180.0,green,1
J271,I2160,5075.0,5079.0,green,1
J271,I3376,8922.0,8924.0,green,2
J1540,I2570,6310.0,6312.0,green,1
J1540,I3882,10747.0,10752.0,green,2
J2847,I1693,3583.0,3590.0,brown,1
J2847,I3389,8978.0,8986.0,brown,1
J2847,I4286,12135.0,12138.0,green,1
J2847,I6526,20193.0,20203.0,green,2
J1087,I1950,4379.0,4383.0,green,2
J1087,I2366,5649.0,5651.0,green,1
J1087,I4624,13374.0,13376.0,green,1
J1087,I4926,14469.0,14475.0,green,1
J1046,I459,759.0,762.0,brown,2
J1046,I1067,2075.0,2077.0,brown,1
J1046,I7116,22344.0,22359.0,green,2
J3502,I3148,8141.0,8145.0,green,2
J3502,I4172,11735.0,11757.0,green,3
J3138,I6959,21741.0,21744.0,green,2
J3138,I7119,22365.0,22368.0,green,1
J3138,I10023,29799.0,29801.0,green,1
J3138,I10031,29810.0,29812.0,green,1
J3138,I10043,29830.0,29832.0,green,1
J3779,I3258,8489.0,8491.0,green,2
J3779,I4570,13124.0,13133.0,green,1
J3779,I5818,17693.0,17698.0,green,1
J3139,I2607,6407.0,6410.0,green,3
J956,I3216,8359.0,8363.0,green,1
J956,I4272,12078.0,12091.0,green,3
J2729,I3346,8814.0,8817.0,green,3
J2729,I3762,10293.0,10298.0,brown,2
J2729,I7330,23049.0,23051.0,green,1
J1566,I2373,5670.0,5676.0,green,2
J1566,I3749,10243.0,10250.0,green,3
J2818,I2780,6886.0,6888.0,green,2
J2425,I4873,14307.0,14310.0,green,3
J2425,I4937,14506.0,14517.0,green,1
J805,I5069,15030.0,15033.0,green,1
J805,I7133,22409.0,22422.0,green,1
J4559,I8975,27558.0,27570.0,green,3
J4559,I9103,27834.0,27836.0,green,2
J4559,I9327,28396.0,28400.0,green,1
J2614,I3001,7630.0,7642.0,green,3
J2614,I3769,10317.0,10337.0,green,1
J2614,I4921,14460.0,14462.0,green,1
J2614,I7785,24376.0,24380.0,green,1
J819,I420,693.0,694.0,brown,1
J819,I2015,4580.0,4586.0,green,2
J819,I2247,5313.0,5315.0,green,2
J819,I2274,5375.0,5382.0,green,1
J4686,I5312,15957.0,15958.0,green,1
J4686,I5728,17397.0,17400.0,green,1
J2062,I3173,8224.0,8230.0,green,5
J4925,I5167,15404.0,15410.0,green,6
J4192,I7232,22693.0,22700.0,green,2
J4192,I7359,23113.0,23116.0,brown,3
J4953,I9180,28045.0,28048.0,green,1
J4953,I9308,28352.0,28355.0,green,1
J4953,I9820,29438.0,29442.0,green,1
J4953,I9852,29502.0,29507.0,green,2
J4953,I9980,29726.0,29728.0,green,1
J3155,I5133,15272.0,15277.0,green,3
J3155,I6957,21726.0,21732.0,green,1
J1656,I5863,17853.0,17863.0,green,3
J886,I4820,14096.0,14100.0,green,1
J886,I6388,19669.0,19672.0,green,2
J886,I6516,20170.0,20171.0,green,1
J884,I1141,2270.0,2271.0,green,1
J884,I2357,5625.0,5632.0,green,2
J884,I3125,8068.0,8071.0,green,2
J4762,I5628,17017.0,17021.0,brown,2
J129,I238,381.0,384.0,green,2
J909,I2701,6659.0,6666.0,green,1
J909,I2892,7247.0,7253.0,brown,3
J909,I3405,9057.0,9063.0,green,2
J382,I409,674.0,675.0,brown,1
J382,I1658,3507.0,3517.0,green,1
J382,I2298,5465.0,5467.0,green,1
J4056,I6103,18745.0,18749.0,brown,2
J4056,I6472,19987.0,19998.0,green,1
J4056,I6972,21779.0,21787.0,green,1
J867,I274,448.0,450.0,brown,2
J867,I6483,20031.0,20034.0,green,3
J867,I9051,27723.0,27724.0,green,1
J298,I2233,5268.0,5278.0,green,1
J1305,I2166,5090.0,5092.0,green,2
J1305,I3030,7715.0,7717.0,green,1
J2486,I3627,9815.0,9819.0,green,1
J2486,I3659,9916.0,9918.0,green,1
J1114,I1293,2653.0,2654.0,green,1
J1114,I1357,2814.0,2818.0,green,1
J1114,I2317,5513.0,5519.0,green,2
J2072,I488,811.0,813.0,green,1
J2072,I3528,9486.0,9489.0,green,2
J2072,I3944,10957.0,10959.0,green,1
J3342,I4682,13572.0,13577.0,brown,2
J3342,I9447,28649.0,28656.0,green,1
J3342,I9467,28707.0,28711.0,green,2
J3384,I7790,24391.0,24392.0,green,1
J3384,I7854,24579.0,24587.0,green,1
J2344,I598,1021.0,1025.0,brown,1
J2344,I5719,17370.0,17372.0,green,1
J2344,I8095,25260.0,25261.0,green,1
J272,I511,851.0,853.0,green,1
J272,I703,1257.0,1258.0,green,1
J272,I2431,5853.0,5859.0,green,1
J272,I2527,6170.0,6177.0,green,1
J1963,I3661,9919.0,9920.0,green,1
J1963,I3789,10417.0,10422.0,green,4
J2746,I5189,15517.0,15524.0,green,3
J2746,I5508,16561.0,16564.0,brown,2
J4249,I2880,7210.0,7213.0,brown,1
J4249,I7585,23768.0,23769.0,green,1
J2506,I183,278.0,284.0,brown,2
J2506,I9248,28211.0,28212.0,green,1
J2506,I9472,28718.0,28720.0,green,1
J1600,I1663,3527.0,3529.0,brown,1
J1600,I1695,3592.0,3597.0,brown,1
J1600,I8384,26056.0,26058.0,green,1
J1600,I8512,26370.0,26374.0,green,1
J769,I1998,4526.0,4530.0,green,2
J769,I2101,4857.0,4864.0,brown,1
J769,I2349,5594.0,5595.0,brown,1
J769,I2414,5811.0,5815.0,green,1
J769,I2446,5901.0,5902.0,green,1
J4908,I1225,2469.0,2470.0,brown,1
J4908,I1545,3236.0,3241.0,brown,1
J4908,I7978,24934.0,24940.0,green,1
J4908,I8170,25484.0,25491.0,green,1
J4908,I9450,28660.0,28662.0,green,1
J4908,I9578,28962.0,28963.0,green,1
J4914,I9457,28685.0,28687.0,green,2
J4914,I9553,28893.0,28897.0,green,3
J1803,I2215,5219.0,5220.0,brown,1
J1803,I7720,24174.0,24175.0,green,1
J1803,I9081,27785.0,27787.0,green,1
J697,I661,1168.0,1169.0,green,1
J697,I949,1808.0,1811.0,green,1
J697,I3797,10439.0,10450.0,green,2
J2672,I3508,9432.0,9435.0,brown,1
J2672,I3925,10908.0,10913.0,green,2
J2672,I4277,12102.0,12106.0,green,1
J2672,I7311,22954.0,22956.0,green,2
J3322,I3784,10395.0,10401.0,green,2
J3322,I6389,19672.0,19679.0,green,1
J232,I4996,14722.0,14734.0,green,3
J232,I6724,20873.0,20892.0,green,2
J232,I8916,27413.0,27417.0,green,1
J1526,I3083,7890.0,7895.0,green,3
J1526,I3115,8030.0,8031.0,green,1
J1479,I1942,4338.0,4342.0,green,1
J1479,I2326,5537.0,5538.0,green,1
J1479,I2358,5632.0,5633.0,green,1
J1479,I4778,13951.0,13958.0,green,1
J4054,I3860,10688.0,10689.0,brown,1
J4054,I9749,29301.0,29304.0,green,1
J658,I1404,2945.0,2948.0,brown,1
J658,I6909,21570.0,21572.0,green,1
J1371,I718,1287.0,1289.0,green,1
J1371,I5230,15665.0,15674.0,green,1
J1371,I5550,16712.0,16729.0,green,1
J1371,I5746,17479.0,17489.0,green,1
J1370,I6702,20780.0,20784.0,green,3
J1370,I6738,20935.0,20939.0,green,2
J3056,I3755,10267.0,10275.0,green,1
J3056,I6891,21519.0,21529.0,green,2
J1833,I3044,7757.0,7761.0,green,2
J1833,I4036,11276.0,11280.0,green,4
J3158,I2278,5386.0,5394.0,brown,2
J3158,I5255,15767.0,15773.0,green,1
J3742,I9641,29090.0,29096.0,green,4
J898,I172,254.0,256.0,green,2
J898,I300,494.0,495.0,green,1
J898,I3316,8703.0,8706.0,green,1
J4237,I7053,22095.0,22096.0,brown,1
J4237,I8110,25320.0,25327.0,green,2
J4262,I2863,7169.0,7170.0,brown,1
J4262,I8336,25938.0,25943.0,green,3
J4262,I9232,28182.0,28184.0,green,2
J3028,I1420,2972.0,2973.0,brown,1
J3028,I2284,5410.0,5422.0,brown,1
J3028,I2637,6495.0,6501.0,green,1
J3028,I4045,11317.0,11323.0,green,1
J3028,I7117,22359.0,22364.0,green,1
J3028,I7637,23942.0,23946.0,green,1
J3037,I5683,17237.0,17238.0,green,1
J3037,I5875,17909.0,17910.0,green,1
J3037,I5907,18038.0,18040.0,green,1
J2388,I3638,9862.0,9864.0,brown,2
J2388,I4855,14231.0,14235.0,green,1
J2388,I4983,14681.0,14684.0,green,1
J2388,I5879,17930.0,17935.0,green,2
J478,I4560,13075.0,13077.0,brown,1
J478,I8945,27487.0,27488.0,green,1
J478,I8977,27571.0,27574.0,green,3
J478,I9265,28248.0,28249.0,green,1
J3763,I6,7.0,8.0,green,1
J3763,I3814,10522.0,10534.0,green,1
J3763,I7622,23898.0,23901.0,green,1
J3763,I7950,24860.0,24864.0,green,1
J1154,I2812,7016.0,7024.0,green,4
J3511,I5377,16143.0,16151.0,brown,2
J3511,I9182,28052.0,28054.0,green,1
J3107,I4336,12314.0,12322.0,green,1
J3107,I8528,26409.0,26413.0,green,2
J3107,I8656,26758.0,26761.0,green,1
J3107,I8944,27486.0,27487.0,green,1
J4535,I2663,6569.0,6572.0,brown,2
J4535,I9352,28450.0,28451.0,green,1
J4535,I9384,28515.0,28518.0,green,1
J56,I289,471.0,472.0,green,1
J56,I385,632.0,633.0,green,1
J56,I1761,3778.0,3779.0,green,1
J56,I1825,3942.0,3954.0,green,1
J56,I4609,13306.0,13314.0,green,1
J1723,I5267,15799.0,15800.0,green,1
J1723,I7027,22012.0,22016.0,green,2
J1723,I7669,24022.0,24029.0,green,1
J1723,I8219,25628.0,25637.0,green,1
J1167,I2297,5459.0,5465.0,brown,1
J1167,I4282,12113.0,12118.0,green,3
J1167,I5946,18209.0,18220.0,green,1
J1167,I8922,27435.0,27441.0,green,1
J2464,I3176,8237.0,8238.0,green,1
J2464,I3528,9486.0,9489.0,green,1
J2464,I6792,21114.0,21118.0,green,2
J2702,I438,723.0,726.0,brown,1
J2702,I663,1172.0,1174.0,green,1
J2702,I1239,2511.0,2512.0,green,1
J2702,I1559,3269.0,3275.0,green,1
J1465,I3272,8536.0,8538.0,green,1
J1465,I4616,13331.0,13333.0,green,2
J1465,I5896,18003.0,18004.0,green,1
J2499,I1667,3534.0,3536.0,brown,1
J2499,I8580,26552.0,26565.0,green,1
J3318,I6751,20975.0,20982.0,green,1
J3318,I6911,21576.0,21578.0,green,1
J3318,I7719,24170.0,24174.0,green,1
J3318,I7745,24242.0,24253.0,green,1
J571,I1070,2081.0,2088.0,brown,3
J571,I2351,5597.0,5611.0,green,1
J3426,I5012,14804.0,14816.0,brown,1
J3426,I7973,24920.0,24926.0,green,1
J3426,I9785,29375.0,29379.0,green,2
J4494,I8274,25781.0,25782.0,brown,1
J4494,I8306,25863.0,25865.0,brown,1
J4494,I8435,26159.0,26164.0,green,4
J4103,I4789,14004.0,14008.0,brown,2
J4103,I6614,20497.0,20500.0,green,1
J4103,I8182,25523.0,25526.0,green,2
J4103,I8662,26782.0,26786.0,green,1
J1118,I2559,6278.0,6280.0,green,1
J1118,I3167,8196.0,8205.0,green,2
J3861,I5568,16792.0,16797.0,green,1
J3861,I8000,24985.0,24986.0,green,1
J2638,I5156,15357.0,15362.0,green,1
J2638,I8224,25645.0,25649.0,green,2
J2657,I8116,25339.0,25340.0,green,1
J2657,I8660,26773.0,26775.0,green,1
J2657,I9012,27640.0,27646.0,green,2
J501,I951,1812.0,1818.0,green,3
J501,I1175,2348.0,2349.0,green,1
J501,I1207,2427.0,2433.0,green,2
J656,I1752,3760.0,3763.0,green,2
J1919,I3239,8438.0,8441.0,brown,3
J1919,I4456,12682.0,12684.0,green,1
J1919,I5288,15881.0,15884.0,green,1
J879,I2069,4746.0,4749.0,brown,2
J879,I2101,4857.0,4864.0,brown,2
J879,I4278,12106.0,12108.0,green,1
J879,I4726,13739.0,13742.0,green,1
J4798,I3049,7782.0,7785.0,brown,3
J4798,I3241,8442.0,8450.0,brown,2
J4798,I9066,27753.0,27755.0,green,1
J2928,I2520,6130.0,6136.0,green,1
J2928,I4504,12850.0,12852.0,green,1
J2928,I6392,19685.0,19689.0,green,4
J4310,I7471,23470.0,23471.0,green,1
J4310,I7855,24587.0,24588.0,green,1
J1936,I3611,9755.0,9760.0,green,2
J2319,I8219,25628.0,25637.0,green,2
J1337,I2098,4851.0,4852.0,green,1
J1337,I2146,4999.0,5010.0,green,2
J1337,I2162,5082.0,5083.0,green,1
J3652,I5058,14994.0,14995.0,green,1
J3652,I5186,15488.0,15491.0,green,1
J3652,I5730,17402.0,17410.0,green,2
J3652,I6421,19804.0,19808.0,green,1
J3652,I6562,20309.0,20321.0,green,1
J3141,I4578,13175.0,13179.0,green,1
J3141,I4770,13928.0,13940.0,green,1
J3141,I6546,20268.0,20275.0,green,2
J4932,I9269,28253.0,28260.0,green,2
J4932,I9301,28337.0,28344.0,green,1
J4932,I9813,29426.0,29430.0,green,1
J4932,I9925,29639.0,29641.0,green,1
J2378,I1774,3818.0,3819.0,green,1
J2378,I1934,4312.0,4317.0,brown,1
J2378,I2526,6151.0,6170.0,green,1
J2378,I2574,6320.0,6323.0,green,1
J2378,I4734,13775.0,13785.0,green,1
J407,I1898,4195.0,4198.0,green,1
J407,I2186,5145.0,5147.0,green,1
J407,I4650,13464.0,13465.0,green,1
J407,I4778,13951.0,13958.0,green,3
J3976,I3630,9822.0,9827.0,green,5
J1313,I1111,2189.0,2190.0,green,1
J1313,I6165,18931.0,18935.0,green,1
J1357,I5874,17893.0,17909.0,green,4
J2491,I5074,15064.0,15079.0,green,5
J2491,I7314,22975.0,22989.0,green,1
J1452,I3880,10735.0,10738.0,green,1
J1452,I4488,12783.0,12794.0,green,1
J4699,I7642,23962.0,23966.0,green,1
J4699,I8154,25445.0,25448.0,green,2
J4699,I9306,28349.0,28351.0,green,1
J4699,I9434,28621.0,28622.0,green,1
J4699,I9626,29055.0,29059.0,green,1
J484,I5341,16041.0,16052.0,green,5
J48,I88,125.0,126.0,green,1
J48,I120,173.0,174.0,green,1
J48,I1880,4142.0,4149.0,green,3
J2785,I8502,26351.0,26353.0,green,2
J2785,I9014,27647.0,27648.0,green,1
J4545,I5307,15947.0,15948.0,brown,1
J4545,I5404,16222.0,16223.0,green,1
J4545,I5468,16429.0,16438.0,brown,1
J4545,I6108,18762.0,18769.0,brown,1
J425,I734,1324.0,1327.0,green,1
J425,I766,1399.0,1401.0,green,2
J425,I798,1477.0,1479.0,green,2
J3292,I2186,5145.0,5147.0,green,1
J3292,I2281,5396.0,5402.0,brown,1
J3928,I5455,16393.0,16394.0,brown,1
J3928,I5456,16394.0,16395.0,green,1
J3928,I6224,19122.0,19135.0,green,1
J1997,I949,1808.0,1811.0,green,1
J1997,I1781,3842.0,3847.0,green,1
J1997,I4165,11712.0,11720.0,green,2
J1997,I4821,14100.0,14111.0,green,1
J2798,I3259,8491.0,8493.0,green,1
J2798,I3834,10615.0,10617.0,brown,1
J3266,I5878,17926.0,17930.0,green,1
J3266,I5942,18168.0,18169.0,green,1
J3266,I6622,20516.0,20518.0,green,1
J3266,I6790,21106.0,21113.0,green,2
J3668,I5725,17387.0,17392.0,green,3
J3668,I7917,24755.0,24758.0,green,1
J9,I82,114.0,115.0,brown,1
J9,I6803,21174.0,21176.0,green,1
J9,I6835,21288.0,21299.0,green,1
J2214,I3745,10234.0,10238.0,brown,1
J2214,I10018,29788.0,29791.0,green,1
J2214,I10020,29792.0,29797.0,green,4
J3515,I5649,17111.0,17116.0,brown,3
J2895,I2081,4799.0,4800.0,green,1
J2895,I2689,6636.0,6639.0,brown,1
J2895,I4257,12031.0,12033.0,green,1
J2895,I4737,13791.0,13797.0,green,3
J3874,I1276,2616.0,2619.0,brown,3
J3874,I7581,23755.0,23761.0,green,1
J1491,I1735,3718.0,3720.0,green,1
J1491,I1831,3975.0,3978.0,green,1
J1491,I4497,12826.0,12828.0,green,2
J2459,I1926,4284.0,4287.0,green,2
J2459,I2406,5793.0,5796.0,green,1
J2459,I3558,9577.0,9588.0,green,1
J111,I2011,4570.0,4572.0,green,2
J111,I2459,5940.0,5945.0,green,2
J4878,I6506,20138.0,20140.0,brown,2
J3762,I4206,11881.0,11884.0,brown,1
J3762,I4335,12309.0,12314.0,green,1
J3762,I7391,23216.0,23222.0,green,1
J852,I2142,4993.0,4995.0,brown,2
J852,I2238,5286.0,5288.0,brown,1
J852,I3775,10358.0,10361.0,green,1
J852,I7999,24982.0,24985.0,green,1
J170,I487,810.0,811.0,brown,1
J170,I7112,22328.0,22330.0,green,2
J170,I8552,26488.0,26490.0,green,1
J1926,I10071,29872.0,29873.0,green,1
J1926,I10087,29894.0,29896.0,green,1
J1926,I10103,29920.0,29921.0,green,1
J4118,I5924,18093.0,18098.0,green,1
J4118,I9152,27954.0,27963.0,green,1
J4118,I9188,28065.0,28067.0,green,1
J4118,I9220,28147.0,28150.0,green,1
J4118,I9268,28251.0,28253.0,green,1
J855,I5230,15665.0,15674.0,green,2
J855,I6926,21620.0,21636.0,green,3
J855,I6958,21732.0,21741.0,green,1
J728,I2736,6755.0,6758.0,green,3
J728,I6000,18399.0,18404.0,green,1
J553,I2501,6080.0,6090.0,green,3
J3156,I5847,17784.0,17786.0,brown,2
J3156,I5880,17935.0,17937.0,green,1
J3156,I7880,24649.0,24650.0,green,1
J3156,I8632,26691.0,26692.0,green,1
J2174,I2672,6586.0,6598.0,green,5
J3782,I6539,20243.0,20246.0,green,3
J3782,I6731,20914.0,20916.0,green,1
J2600,I1506,3145.0,3147.0,green,2
J2600,I1922,4275.0,4278.0,brown,2
J2600,I4866,14266.0,14273.0,green,1
J2600,I5090,15141.0,15143.0,green,1
J2975,I2857,7145.0,7147.0,brown,2
J2975,I4042,11298.0,11309.0,green,2
J2975,I9054,27729.0,27731.0,green,2
J1351,I1375,2870.0,2871.0,brown,1
J1351,I3904,10836.0,10840.0,green,1
J4286,I4016,11200.0,11201.0,brown,1
J4286,I4433,12622.0,12624.0,green,1
J4286,I4752,13849.0,13853.0,brown,2
J4286,I8465,26253.0,26257.0,green,1
J4286,I9201,28107.0,28108.0,green,1
J1150,I2993,7591.0,7594.0,green,1
J1150,I7409,23270.0,23273.0,green,1
J391,I2527,6170.0,6177.0,green,2
J391,I2878,7199.0,7204.0,brown,1
J391,I6495,20090.0,20099.0,green,1
J1856,I3249,8465.0,8470.0,green,2
J1856,I6779,21083.0,21084.0,green,1
J1856,I7009,21936.0,21945.0,green,3
J3136,I5923,18091.0,18093.0,green,2
J3136,I6595,20420.0,20431.0,green,3
J3136,I7299,22896.0,22905.0,green,1
J4785,I5697,17285.0,17287.0,brown,2
J4785,I5857,17816.0,17818.0,brown,1
J1931,I6892,21529.0,21535.0,green,5
J2588,I1010,1938.0,1939.0,green,1
J2588,I1042,2022.0,2023.0,green,1
J2588,I1138,2257.0,2264.0,green,1
J2588,I5106,15189.0,15190.0,green,1
J2588,I5138,15295.0,15297.0,green,2
J2846,I4772,13941.0,13944.0,green,3
J178,I895,1677.0,1678.0,brown,1
J178,I927,1756.0,1759.0,brown,2
J178,I7296,22887.0,22891.0,green,1
J178,I8752,27022.0,27023.0,green,1
J178,I9344,28440.0,28441.0,green,1
J3462,I5010,14794.0,14801.0,green,4
J3462,I7314,22975.0,22989.0,green,1
J2462,I4612,13323.0,13324.0,green,1
J2462,I4932,14485.0,14486.0,green,1
J2462,I4996,14722.0,14734.0,green,2
J1937,I3927,10914.0,10915.0,green,1
J1937,I4119,11584.0,11593.0,green,1
J1937,I4183,11795.0,11806.0,green,1
J1937,I4593,13240.0,13243.0,green,1
J3231,I9423,28606.0,28608.0,green,1
J3231,I9455,28673.0,28684.0,green,5
J530,I286,468.0,469.0,green,1
J530,I350,576.0,578.0,green,2
J530,I606,1034.0,1036.0,green,1
J530,I2046,4685.0,4689.0,green,1
J808,I1447,3018.0,3026.0,green,1
J808,I2119,4919.0,4931.0,green,3
J808,I2151,5033.0,5038.0,green,2
J2571,I1893,4182.0,4183.0,green,1
J2571,I6709,20807.0,20813.0,green,4
J3299,I5694,17276.0,17283.0,green,3
J3299,I5726,17392.0,17396.0,green,2
J3299,I5982,18326.0,18338.0,green,1
J1939,I3915,10877.0,10882.0,green,3
J4736,I9807,29413.0,29414.0,green,1
J4736,I9839,29480.0,29482.0,green,2
J1453,I567,957.0,962.0,green,2
J1453,I2167,5092.0,5097.0,green,2
J3759,I6875,21466.0,21467.0,green,1
J3759,I6907,21568.0,21569.0,green,1
J3759,I6939,21668.0,21674.0,green,1
J3759,I7061,22115.0,22121.0,green,2
J4728,I7723,24181.0,24183.0,green,2
J4728,I7787,24383.0,24385.0,green,2
J4728,I7819,24480.0,24481.0,green,1
J4728,I8555,26492.0,26496.0,green,1
J3661,I3799,10455.0,10480.0,green,2
J3661,I5431,16298.0,16303.0,green,4
J2782,I5165,15389.0,15394.0,green,3
J2782,I9197,28098.0,28100.0,green,1
J2782,I9357,28460.0,28462.0,green,1
J3719,I3664,9928.0,9947.0,green,1
J3719,I6224,19122.0,19135.0,green,3
J3719,I7477,23478.0,23480.0,green,1
J3638,I5055,14959.0,14980.0,green,1
J3638,I5247,15741.0,15742.0,green,1
J3638,I6495,20090.0,20099.0,green,1
J4452,I5049,14943.0,14947.0,green,2
J688,I1373,2861.0,2868.0,brown,1
J688,I2334,5552.0,5559.0,green,1
J942,I3114,8024.0,8030.0,green,1
J942,I3914,10871.0,10877.0,green,3
J3777,I2187,5147.0,5148.0,green,1
J3777,I2379,5713.0,5715.0,green,1
J3777,I4491,12802.0,12814.0,green,1
J3777,I6901,21554.0,21556.0,green,2
J3784,I3393,8993.0,8999.0,brown,1
J3784,I6754,20985.0,20987.0,green,1
J3784,I7674,24035.0,24047.0,green,3
J3758,I3818,10542.0,10552.0,green,1
J3758,I4042,11298.0,11309.0,green,1
J3758,I7402,23247.0,23249.0,green,1
J3758,I7850,24566.0,24571.0,green,1
J3758,I8170,25484.0,25491.0,green,2
J488,I668,1188.0,1190.0,green,1
J488,I764,1391.0,1396.0,green,4
J488,I2364,5644.0,5646.0,green,1
J3234,I1063,2065.0,2066.0,brown,1
J3234,I5864,17863.0,17867.0,green,1
J3234,I8616,26640.0,26645.0,green,1
J3234,I9128,27893.0,27896.0,green,1
J247,I1163,2314.0,2320.0,green,1
J247,I1579,3322.0,3323.0,green,1
J247,I1739,3728.0,3729.0,green,1
J247,I4539,13004.0,13006.0,green,1
J418,I1139,2264.0,2269.0,green,4
J418,I2195,5161.0,5163.0,green,1
J418,I2675,6601.0,6608.0,green,1
J1373,I698,1246.0,1249.0,brown,2
J1373,I826,1548.0,1550.0,brown,1
J1373,I4571,13133.0,13144.0,green,1
J1373,I6267,19289.0,19291.0,green,1
J2747,I860,1611.0,1612.0,brown,1
J2747,I7197,22592.0,22597.0,green,1
J2747,I7613,23865.0,23879.0,green,1
J696,I1636,3445.0,3446.0,green,1
J696,I1764,3786.0,3792.0,green,2
J696,I1892,4181.0,4182.0,green,1
J696,I2020,4606.0,4610.0,green,1
J4489,I6534,20226.0,20228.0,brown,2
J4489,I7495,23524.0,23526.0,green,2
J4489,I9255,28222.0,28226.0,green,1
J3978,I2852,7134.0,7138.0,brown,1
J3978,I6341,19519.0,19526.0,green,1
J3978,I7333,23054.0,23056.0,green,2
J3978,I7813,24459.0,24463.0,green,1
J2172,I2148,5014.0,5024.0,green,3
J2172,I3908,10851.0,10861.0,green,2
J3512,I4096,11519.0,11520.0,brown,1
J3512,I4352,12372.0,12383.0,brown,2
J3512,I6593,20405.0,20411.0,green,1
J3512,I8657,26761.0,26770.0,green,1
J1473,I5179,15455.0,15467.0,green,3
J1473,I8155,25448.0,25453.0,green,2
J1473,I8551,26477.0,26488.0,green,1
J3639,I6241,19193.0,19194.0,brown,1
J3639,I6338,19505.0,19506.0,green,1
J3639,I6466,19965.0,19966.0,brown,1
J3639,I7042,22057.0,22061.0,brown,2
J374,I4489,12794.0,12796.0,green,2
J374,I6153,18889.0,18891.0,green,1
J374,I6837,21302.0,21309.0,green,2
J4946,I7683,24063.0,24067.0,green,1
J4946,I9869,29538.0,29543.0,green,2
J4946,I9939,29665.0,29666.0,green,1
J2056,I5130,15260.0,15266.0,green,1
J2056,I5930,18122.0,18130.0,green,4
J2056,I6954,21721.0,21722.0,green,1
J850,I4622,13353.0,13368.0,green,1
J850,I5550,16712.0,16729.0,green,5
J5,I16,17.0,19.0,green,2
J5,I42,57.0,59.0,green,2
J5,I106,151.0,153.0,green,1
J2540,I4761,13888.0,13889.0,green,1
J2540,I6745,20956.0,20963.0,green,2
J196,I6715,20825.0,20837.0,green,5
J3785,I4466,12705.0,12708.0,brown,2
J4691,I8661,26775.0,26782.0,green,1
J4691,I9077,27774.0,27782.0,green,1
J4691,I9301,28337.0,28344.0,green,1
J4691,I9469,28712.0,28715.0,green,3
J809,I740,1341.0,1342.0,green,1
J809,I1604,3366.0,3369.0,brown,2
J809,I1944,4348.0,4355.0,green,3
J2279,I3337,8785.0,8787.0,green,1
J2279,I3401,9033.0,9038.0,green,4
J2279,I3465,9274.0,9276.0,green,1
J803,I2233,5268.0,5278.0,green,2
J3595,I5181,15470.0,15475.0,green,1
J3595,I6781,21086.0,21087.0,green,1
J2347,I458,757.0,759.0,brown,1
J2347,I4043,11309.0,11311.0,green,2
J2347,I5419,16253.0,16261.0,green,2
J2758,I4934,14487.0,14497.0,green,1
J2758,I7846,24554.0,24558.0,green,4
J2587,I5818,17693.0,17698.0,green,2
J2587,I7258,22774.0,22782.0,green,1
J1231,I650,1136.0,1146.0,green,1
J1231,I1866,4085.0,4089.0,green,1
J1231,I2314,5506.0,5508.0,green,2
J1231,I3210,8343.0,8344.0,green,1
J1231,I5350,16073.0,16076.0,green,1
J3135,I4287,12138.0,12143.0,green,2
J717,I2783,6895.0,6901.0,brown,2
J717,I7008,21927.0,21936.0,green,4
J4491,I8025,25059.0,25061.0,brown,2
J4491,I8057,25147.0,25148.0,brown,1
J4491,I8121,25350.0,25351.0,brown,1
J4491,I8281,25797.0,25801.0,brown,1
J4491,I8634,26693.0,26699.0,green,1
J90,I1357,2814.0,2818.0,green,1
J90,I1837,3994.0,3997.0,green,1
J90,I3853,10669.0,10670.0,green,1
J90,I3981,11069.0,11074.0,green,1
J90,I5789,17620.0,17621.0,green,1
J4110,I1404,2945.0,2948.0,brown,1
J4110,I5021,14850.0,14857.0,green,1
J4110,I8157,25457.0,25463.0,green,1
J4110,I8385,26058.0,26059.0,green,1
J4110,I8573,26537.0,26542.0,green,2
J3464,I6414,19769.0,19772.0,green,3
J3464,I6446,19909.0,19915.0,brown,1
J139,I417,686.0,688.0,brown,2
J139,I3170,8208.0,8215.0,green,1
J139,I7810,24446.0,24449.0,green,1
J4889,I6731,20914.0,20916.0,green,1
J4889,I6859,21382.0,21398.0,green,1
J3193,I5070,15033.0,15044.0,green,3
J3193,I6126,18822.0,18827.0,green,1
J4216,I6340,19512.0,19519.0,green,4
J4405,I1920,4272.0,4274.0,brown,2
J4405,I7713,24155.0,24162.0,green,2
J2663,I3403,9045.0,9048.0,green,3
J2663,I3499,9395.0,9399.0,green,2
J3171,I1932,4304.0,4311.0,brown,3
J3171,I3405,9057.0,9063.0,green,3
J1591,I5925,18098.0,18101.0,green,2
J1591,I8005,24996.0,25011.0,green,1
J1591,I8549,26473.0,26475.0,green,1
J1591,I8677,26823.0,26825.0,green,1
J4871,I8139,25406.0,25411.0,green,2
J4871,I8491,26319.0,26325.0,green,1
J3907,I7005,21919.0,21922.0,green,3
J3907,I7325,23028.0,23033.0,brown,1
J3907,I8093,25253.0,25256.0,green,2
J335,I1806,3906.0,3908.0,green,1
J335,I4590,13218.0,13225.0,green,1
J335,I4766,13903.0,13921.0,green,1
J335,I4846,14203.0,14208.0,green,1
J335,I5266,15797.0,15799.0,green,2
J4334,I8327,25922.0,25923.0,green,1
J4334,I8455,26222.0,26223.0,green,1
J4334,I8551,26477.0,26488.0,green,3
J4034,I5508,16561.0,16564.0,brown,1
J4034,I6949,21698.0,21707.0,green,1
J2834,I3601,9716.0,9724.0,green,4
J2916,I5440,16322.0,16330.0,brown,3
J497,I1522,3184.0,3186.0,green,2
J497,I3122,8053.0,8062.0,green,1
J497,I3218,8378.0,8380.0,green,2
J497,I5730,17402.0,17410.0,green,1
J100,I6096,18712.0,18718.0,green,2
J100,I7312,22956.0,22974.0,green,1
J4504,I7837,24529.0,24532.0,green,2
J34,I159,229.0,231.0,green,2
J34,I255,413.0,414.0,green,1
J34,I287,469.0,470.0,green,1
J34,I4725,13727.0,13739.0,green,1
J1958,I3139,8109.0,8120.0,green,1
J1958,I6531,20216.0,20221.0,green,1
J3343,I3890,10786.0,10793.0,green,2
J3343,I4530,12955.0,12962.0,green,1
J2154,I1493,3119.0,3120.0,brown,1
J2154,I1653,3496.0,3501.0,brown,2
J2154,I4086,11482.0,11493.0,green,1
J2221,I8379,26046.0,26049.0,green,2
J2221,I9083,27788.0,27791.0,green,1
J2221,I9211,28126.0,28132.0,green,1
J2027,I4066,11396.0,11401.0,green,2
J2027,I4770,13928.0,13940.0,green,2
J2027,I4866,14266.0,14273.0,green,1
J2027,I8002,24987.0,24988.0,green,1
J3949,I2052,4717.0,4718.0,brown,1
J3949,I2436,5867.0,5872.0,brown,2
J3949,I2660,6562.0,6566.0,brown,2
J3949,I5061,15001.0,15005.0,green,1
J4069,I5726,17392.0,17396.0,green,1
J626,I1637,3446.0,3453.0,green,6
J734,I71,100.0,102.0,brown,1
J734,I4488,12783.0,12794.0,green,1
J734,I6824,21248.0,21258.0,green,1
J734,I8488,26300.0,26308.0,green,3
J4927,I6514,20158.0,20166.0,green,3
J2066,I1830,3961.0,3975.0,green,4
J112,I1478,3082.0,3085.0,green,1
J112,I4592,13230.0,13240.0,green,2
J112,I4998,14738.0,14755.0,green,2
J1673,I3061,7816.0,7825.0,green,1
J1673,I3797,10439.0,10450.0,green,2
J1673,I3925,10908.0,10913.0,green,2
J536,I662,1169.0,1172.0,green,3
J536,I2262,5347.0,5350.0,green,1
J536,I3580,9655.0,9659.0,green,1
J2352,I1314,2704.0,2711.0,green,2
J2352,I6034,18509.0,18514.0,green,2
J3185,I3928,10915.0,10916.0,green,1
J3185,I3960,11016.0,11018.0,green,1
J807,I1501,3129.0,3130.0,brown,1
J807,I4766,13903.0,13921.0,green,2
J807,I6174,18958.0,18961.0,green,1
J810,I1005,1930.0,1934.0,brown,1
J3592,I6084,18679.0,18682.0,brown,2
J3592,I8453,26212.0,26217.0,green,1
J1257,I5495,16507.0,16514.0,green,1
J1257,I6839,21312.0,21316.0,green,3
J1257,I9447,28649.0,28656.0,green,1
J2620,I4915,14426.0,14434.0,green,1
J2620,I5171,15418.0,15422.0,green,2
J2620,I6547,20275.0,20282.0,green,2
J3755,I2965,7483.0,7488.0,brown,1
J3755,I7094,22245.0,22247.0,green,1
J3755,I7638,23946.0,23953.0,green,1
J2691,I5882,17940.0,17947.0,green,5
J2691,I6234,19169.0,19174.0,green,1
J99,I411,676.0,677.0,brown,1
J99,I443,732.0,734.0,brown,1
J99,I6396,19701.0,19704.0,green,3
J440,I1848,4026.0,4034.0,green,1
J440,I2232,5259.0,5268.0,green,3
J1124,I2185,5139.0,5145.0,green,1
J3971,I5676,17214.0,17215.0,brown,1
J3971,I5804,17658.0,17660.0,brown,2
J1804,I3317,8706.0,8707.0,green,1
J1804,I3349,8819.0,8825.0,green,3
J1804,I3989,11098.0,11099.0,green,1
J378,I3122,8053.0,8062.0,green,1
J4498,I6894,21541.0,21543.0,green,2
J4498,I7406,23257.0,23267.0,green,1
J4498,I7854,24579.0,24587.0,green,1
J4498,I9808,29414.0,29418.0,green,1
J4350,I2386,5739.0,5741.0,brown,2
J4350,I2610,6412.0,6417.0,brown,1
J4350,I3987,11090.0,11097.0,green,1
J4350,I9149,27938.0,27949.0,green,1
J3950,I7298,22892.0,22896.0,green,4
J3950,I8098,25264.0,25275.0,green,1
J3950,I8642,26714.0,26722.0,green,1
J964,I667,1183.0,1188.0,green,3
J964,I1051,2041.0,2044.0,green,1
J964,I1563,3282.0,3287.0,green,2
J4040,I4100,11530.0,11537.0,brown,3
J4040,I4132,11623.0,11629.0,brown,1
J4040,I4645,13437.0,13448.0,green,2
J3815,I6495,20090.0,20099.0,green,3
J3815,I8127,25369.0,25371.0,green,1
J3815,I8543,26449.0,26455.0,green,1
J3815,I8575,26546.0,26547.0,green,1
J2348,I4671,13526.0,13533.0,brown,3
J2348,I4703,13653.0,13656.0,brown,3
J2732,I961,1840.0,1842.0,brown,1
J2732,I3170,8208.0,8215.0,green,2
J2732,I4898,14383.0,14385.0,green,1
J2067,I1858,4064.0,4071.0,green,3
J2067,I5906,18031.0,18038.0,green,2
J4424,I7916,24748.0,24755.0,green,1
J4424,I9100,27828.0,27831.0,green,1
J4424,I9452,28664.0,28665.0,green,1
J4424,I9556,28911.0,28923.0,green,1
J1706,I2848,7124.0,7125.0,brown,1
J1706,I2880,7210.0,7213.0,brown,1
J1706,I5313,15958.0,15959.0,green,1
J3868,I4732,13766.0,13769.0,brown,1
J3868,I4861,14252.0,14256.0,green,1
J3868,I5181,15470.0,15475.0,green,2
J3399,I3393,8993.0,8999.0,brown,2
J3399,I3586,9670.0,9674.0,green,2
J4225,I3429,9135.0,9137.0,brown,1
J4225,I3493,9382.0,9387.0,brown,1
J4225,I4934,14487.0,14497.0,green,2
J4225,I8262,25745.0,25746.0,green,1
J3599,I4931,14482.0,14485.0,green,3
J3599,I5187,15491.0,15510.0,green,2
J4206,I8099,25275.0,25279.0,green,3
J4206,I8139,25406.0,25411.0,green,1
J444,I644,1118.0,1122.0,brown,1
J444,I2884,7219.0,7223.0,brown,1
J444,I8005,24996.0,25011.0,green,1
J444,I8453,26212.0,26217.0,green,1
J4581,I4329,12291.0,12294.0,brown,1
J4581,I7850,24566.0,24571.0,green,1
J4581,I8170,25484.0,25491.0,green,1
J4581,I8570,26528.0,26533.0,green,1
J4892,I5868,17870.0,17875.0,brown,1
J4892,I6029,18490.0,18498.0,green,2
J4892,I6957,21726.0,21732.0,green,3
J4950,I4700,13641.0,13646.0,brown,1
J4950,I10093,29907.0,29910.0,green,1
J2516,I1316,2712.0,2713.0,green,1
J2516,I3076,7864.0,7873.0,brown,1
J2516,I5356,16087.0,16088.0,green,1
J2376,I2916,7343.0,7344.0,green,1
J2376,I6484,20034.0,20045.0,green,1
J4121,I6705,20792.0,20793.0,green,1
J4121,I7169,22520.0,22523.0,brown,1
J4121,I8225,25649.0,25653.0,brown,1
J3830,I4163,11708.0,11710.0,green,2
J3830,I5187,15491.0,15510.0,green,3
J3830,I5571,16799.0,16807.0,green,1
J4506,I4301,12183.0,12185.0,brown,2
J4506,I6798,21157.0,21158.0,green,1
J4506,I9936,29659.0,29661.0,green,1
J4506,I9998,29755.0,29758.0,green,1
J2040,I1935,4317.0,4319.0,brown,1
J2040,I2128,4952.0,4954.0,green,1
J2040,I2800,6961.0,6977.0,green,1
J1587,I8165,25473.0,25474.0,green,1
J1587,I9149,27938.0,27949.0,green,1
J1587,I9333,28414.0,28415.0,green,1
J639,I3839,10625.0,10629.0,brown,1
J639,I6624,20524.0,20525.0,green,1
J639,I6720,20850.0,20857.0,green,1
J639,I9984,29733.0,29734.0,green,1
J4084,I6728,20898.0,20906.0,brown,2
J4857,I3517,9458.0,9463.0,brown,4
J2845,I5200,15555.0,15562.0,brown,1
J2845,I6929,21640.0,21643.0,green,1
J2845,I7569,23712.0,23716.0,green,1
J2845,I8881,27328.0,27333.0,green,1
J1828,I1574,3308.0,3310.0,green,2
J1828,I1830,3961.0,3975.0,green,2
J1828,I3686,10016.0,10026.0,green,1
J3456,I2527,6170.0,6177.0,green,1
J3456,I6879,21476.0,21479.0,green,3
J4732,I5938,18157.0,18158.0,brown,1
J4732,I5971,18292.0,18293.0,green,1
J4732,I6003,18410.0,18411.0,brown,1
J4732,I6035,18514.0,18515.0,brown,1
J4732,I6803,21174.0,21176.0,green,1
J4732,I9843,29487.0,29490.0,green,1
J1636,I9228,28173.0,28179.0,green,1
J1636,I9276,28276.0,28277.0,green,1
J1636,I9308,28352.0,28355.0,green,2
J1636,I9372,28492.0,28495.0,green,1
J1636,I9708,29229.0,29233.0,green,1
J3504,I5585,16849.0,16855.0,green,4
J3504,I6033,18508.0,18509.0,green,1
J4606,I7817,24476.0,24479.0,green,1
J4606,I9129,27896.0,27905.0,green,3
J3436,I6036,18515.0,18519.0,green,1
J3436,I7860,24599.0,24602.0,green,3
J1035,I3321,8721.0,8730.0,green,2
J1035,I3481,9318.0,9331.0,green,1
J1035,I5753,17512.0,17516.0,green,1
J3026,I1797,3882.0,3885.0,brown,2
J3331,I1452,3030.0,3031.0,brown,1
J3331,I2284,5410.0,5422.0,brown,1
J3331,I5101,15169.0,15180.0,green,2
J3331,I9613,29025.0,29030.0,green,2
J2673,I4642,13431.0,13432.0,green,1
J2673,I4706,13661.0,13667.0,brown,1
J2673,I7842,24538.0,24542.0,green,2
J2673,I9281,28284.0,28287.0,green,1
J4911,I7531,23617.0,23618.0,brown,1
J4911,I7627,23916.0,23918.0,brown,1
J4911,I9580,28966.0,28968.0,green,1
J4364,I6765,21018.0,21024.0,brown,3
J1621,I6114,18784.0,18788.0,green,1
J1621,I6978,21800.0,21805.0,green,2
J1621,I7994,24973.0,24975.0,green,2
J4537,I6613,20493.0,20497.0,green,2
J4537,I8405,26092.0,26093.0,green,1
J4537,I9269,28253.0,28260.0,green,1
J4537,I9301,28337.0,28344.0,green,2
J824,I1669,3539.0,3543.0,green,2
J824,I4997,14734.0,14738.0,green,3
J824,I6405,19736.0,19742.0,green,1
J2287,I3635,9845.0,9858.0,green,1
J2287,I4531,12962.0,12963.0,green,1
J2287,I6791,21113.0,21114.0,green,1
J286,I129,185.0,186.0,green,1
J286,I161,232.0,233.0,green,1
J286,I833,1562.0,1565.0,green,1
J4245,I3769,10317.0,10337.0,green,1
J4245,I6905,21563.0,21565.0,green,2
J4245,I7625,23913.0,23915.0,green,1
J4245,I8569,26522.0,26528.0,green,2
J1885,I959,1836.0,1838.0,brown,2
J1885,I7008,21927.0,21936.0,green,1
J1885,I9152,27954.0,27963.0,green,1
J1741,I3679,9991.0,9994.0,green,3
J1741,I5831,17732.0,17733.0,green,1
J2195,I2939,7411.0,7414.0,green,1
J2195,I2971,7506.0,7513.0,green,1
J2195,I3034,7730.0,7733.0,brown,1
J2195,I6171,18951.0,18955.0,green,1
J1198,I7713,24155.0,24162.0,green,2
J3926,I2901,7286.0,7294.0,brown,1
J3926,I7606,23843.0,23857.0,green,2
J3926,I7990,24966.0,24967.0,green,1
J3150,I2249,5317.0,5319.0,green,1
J3150,I2312,5504.0,5505.0,brown,1
J3150,I2377,5706.0,5711.0,green,2
J3150,I2601,6390.0,6397.0,green,2
J4071,I5150,15340.0,15345.0,green,5
J4071,I7490,23509.0,23519.0,green,1
J771,I1199,2407.0,2410.0,green,1
J771,I1231,2481.0,2482.0,green,1
J771,I1327,2739.0,2741.0,brown,1
J771,I1391,2903.0,2905.0,green,1
J771,I2191,5153.0,5156.0,green,2
J1116,I1071,2088.0,2093.0,brown,1
J1116,I1647,3481.0,3484.0,brown,1
J1116,I5904,18026.0,18027.0,green,1
J1116,I5968,18287.0,18290.0,green,1
J1116,I6384,19650.0,19654.0,green,1
J1116,I7024,21997.0,22003.0,green,1
J1900,I1572,3300.0,3304.0,green,2
J1900,I2148,5014.0,5024.0,green,1
J3482,I3629,9820.0,9822.0,green,1
J3482,I3724,10136.0,10145.0,brown,1
J4930,I3947,10964.0,10967.0,brown,1
J4930,I5900,18012.0,18015.0,green,1
J4930,I9068,27758.0,27759.0,green,1
J4930,I9548,28885.0,28887.0,green,1
J2749,I4340,12330.0,12336.0,green,2
J2838,I4338,12324.0,12328.0,green,4
J2838,I5634,17032.0,17037.0,green,1
J2838,I6133,18838.0,18841.0,green,1
J4062,I4032,11260.0,11265.0,green,2
J3623,I4275,12096.0,12101.0,green,3
J244,I332,542.0,544.0,green,1
J1062,I2551,6249.0,6255.0,green,4
J1062,I2679,6615.0,6618.0,green,2
J4450,I7750,24269.0,24270.0,brown,1
J4450,I7782,24370.0,24372.0,brown,2
J4450,I8230,25668.0,25670.0,brown,1
J4450,I8358,25991.0,25992.0,brown,1
J1472,I737,1331.0,1338.0,green,1
J1472,I1569,3295.0,3297.0,green,1
J1472,I2113,4893.0,4899.0,green,3
J1291,I4587,13210.0,13212.0,green,1
J1291,I5131,15266.0,15270.0,green,1
J1291,I5387,16183.0,16185.0,green,1
J1291,I5643,17089.0,17094.0,green,2
J1291,I7019,21981.0,21989.0,green,1
J1509,I2374,5676.0,5680.0,green,1
J1509,I3814,10522.0,10534.0,green,3
J1509,I7022,21994.0,21995.0,green,1
J2116,I1142,2271.0,2272.0,brown,1
J2116,I2263,5350.0,5352.0,green,1
J2116,I3447,9205.0,9213.0,green,1
J3172,I7779,24364.0,24366.0,green,2
J3172,I8083,25222.0,25225.0,green,1
J193,I577,975.0,978.0,green,3
J193,I609,1045.0,1046.0,green,1
J193,I737,1331.0,1338.0,green,2
J299,I2376,5694.0,5706.0,green,1
J299,I3784,10395.0,10401.0,green,1
J3860,I6939,21668.0,21674.0,green,1
J3860,I7034,22030.0,22031.0,brown,1
J3860,I7354,23105.0,23106.0,brown,1
J3860,I8091,25250.0,25252.0,green,1
J3860,I8571,26533.0,26536.0,green,2
J2016,I3693,10036.0,10037.0,green,1
J2016,I5101,15169.0,15180.0,green,1
J153,I3580,9655.0,9659.0,green,1
J153,I7068,22152.0,22159.0,green,3
J3716,I7234,22704.0,22708.0,green,1
J3716,I7330,23049.0,23051.0,green,1
J3716,I7649,23980.0,23981.0,brown,1
J4845,I8657,26761.0,26770.0,green,2
J4977,I9013,27646.0,27647.0,green,1
J4977,I9077,27774.0,27782.0,green,3
J2065,I3328,8763.0,8769.0,green,1
J2065,I3584,9662.0,9668.0,green,2
J2065,I7265,22807.0,22810.0,green,1
J366,I719,1289.0,1290.0,green,1
J366,I751,1360.0,1362.0,green,1
J366,I783,1444.0,1451.0,green,1
J366,I1839,3998.0,4001.0,green,3
J4646,I7042,22057.0,22061.0,brown,1
J4646,I7683,24063.0,24067.0,green,3
J4646,I7907,24711.0,24725.0,green,2
J2553,I4057,11364.0,11372.0,green,1
J2553,I4537,12988.0,13003.0,green,3
J1422,I3140,8120.0,8121.0,green,1
J1422,I4996,14722.0,14734.0,green,4
J1422,I5348,16066.0,16070.0,green,1
J1681,I160,231.0,232.0,green,1
J1681,I4272,12078.0,12091.0,green,2
J1681,I4608,13299.0,13306.0,green,1
J1766,I867,1621.0,1623.0,green,2
J1766,I3107,7995.0,8004.0,green,1
J4724,I7492,23520.0,23522.0,green,1
J4724,I9236,28189.0,28192.0,green,2
J4724,I9345,28441.0,28442.0,green,1
J352,I1157,2306.0,2307.0,green,1
J352,I1253,2539.0,2545.0,green,2
J352,I2021,4610.0,4614.0,green,1
J352,I5877,17911.0,17926.0,green,1
J2257,I7294,22884.0,22885.0,green,1
J2257,I7382,23164.0,23168.0,green,2
J2285,I141,207.0,210.0,green,1
J2285,I653,1150.0,1153.0,green,1
J2285,I1197,2401.0,2405.0,green,1
J2285,I5073,15052.0,15064.0,green,1
J2285,I5877,17911.0,17926.0,green,1
J2285,I5885,17958.0,17961.0,green,1
J1392,I1826,3954.0,3956.0,green,1
J1392,I1954,4387.0,4395.0,green,1
J1392,I2114,4899.0,4913.0,green,2
J1392,I5634,17032.0,17037.0,green,1
J1022,I348,571.0,575.0,green,1
J1022,I988,1892.0,1895.0,green,2
J1022,I1468,3059.0,3061.0,green,1
J387,I235,378.0,379.0,green,1
J387,I1163,2314.0,2320.0,green,1
J387,I1835,3989.0,3990.0,green,1
J387,I2827,7054.0,7058.0,green,1
J387,I5051,14950.0,14953.0,green,2
J4567,I897,1680.0,1682.0,brown,2
J4567,I1217,2453.0,2455.0,brown,1
J4567,I1441,3010.0,3011.0,brown,1
J4567,I3393,8993.0,8999.0,brown,1
J1710,I1696,3597.0,3598.0,brown,1
J1710,I2784,6901.0,6908.0,brown,1
J1710,I7105,22302.0,22308.0,green,3
J1710,I8625,26672.0,26674.0,green,1
J260,I377,618.0,622.0,green,1
J260,I1265,2583.0,2587.0,green,2
J260,I1289,2649.0,2650.0,green,1
J420,I773,1417.0,1419.0,green,1
J420,I869,1624.0,1626.0,green,1
J420,I1919,4265.0,4272.0,green,3
J3727,I6830,21272.0,21273.0,green,1
J3727,I6926,21620.0,21636.0,green,5
J812,I1396,2917.0,2922.0,green,5
J454,I737,1331.0,1338.0,green,2
J454,I4513,12876.0,12885.0,green,1
J4557,I1381,2881.0,2883.0,brown,1
J4557,I7526,23610.0,23612.0,green,2
J4557,I8134,25393.0,25397.0,green,1
J4493,I6591,20400.0,20404.0,green,1
J2387,I1861,4075.0,4077.0,green,2
J2387,I1925,4281.0,4284.0,green,2
J2387,I1957,4397.0,4403.0,green,1
J2387,I3893,10797.0,10805.0,green,1
J3215,I5861,17830.0,17843.0,green,6
J913,I1587,3331.0,3335.0,green,2
J913,I2547,6242.0,6244.0,green,2
J913,I3119,8040.0,8046.0,green,2
J1017,I2224,5243.0,5249.0,green,4
J2238,I6871,21445.0,21456.0,green,1
J2238,I6903,21557.0,21558.0,green,1
J2238,I6935,21661.0,21662.0,green,1
J1728,I3673,9969.0,9977.0,green,2
J1728,I4985,14686.0,14689.0,green,1
J1728,I5641,17071.0,17084.0,green,1
J1078,I3782,10373.0,10391.0,green,1
J1078,I6950,21707.0,21713.0,green,1
J1078,I7929,24798.0,24804.0,green,1
J4944,I3596,9696.0,9704.0,brown,1
J4944,I7885,24661.0,24662.0,green,1
J4944,I8269,25772.0,25773.0,green,1
J4944,I9453,28665.0,28670.0,green,1
J4944,I9645,29100.0,29102.0,green,1
J4944,I9869,29538.0,29543.0,green,1
J1708,I882,1647.0,1652.0,brown,1
J1708,I6835,21288.0,21299.0,green,1
J1708,I9207,28116.0,28120.0,green,1
J1708,I9211,28126.0,28132.0,green,2
J1235,I239,384.0,387.0,green,2
J1235,I1358,2818.0,2825.0,brown,2
J1235,I2191,5153.0,5156.0,green,1
J3541,I2696,6650.0,6651.0,brown,1
J3541,I4265,12052.0,12056.0,green,3
J3541,I7465,23455.0,23460.0,green,1
J2408,I73,103.0,104.0,brown,1
J2408,I4010,11184.0,11185.0,green,1
J2408,I4853,14228.0,14230.0,green,1
J2644,I1694,3590.0,3592.0,brown,1
J2644,I2559,6278.0,6280.0,green,1
J2644,I3167,8196.0,8205.0,green,2
J2903,I2506,6099.0,6100.0,green,1
J2903,I4885,14354.0,14358.0,green,3
J4955,I6465,19963.0,19965.0,brown,2
J4955,I6881,21494.0,21497.0,brown,1
J622,I1032,1995.0,1998.0,green,2
J622,I2632,6475.0,6476.0,green,1
J622,I3208,8333.0,8341.0,brown,1
J4080,I8343,25951.0,25954.0,green,2
J1416,I2316,5510.0,5513.0,green,3
J1416,I2572,6314.0,6318.0,green,1
J1416,I3340,8789.0,8796.0,green,1
J1436,I5410,16231.0,16235.0,green,2
J1436,I6562,20309.0,20321.0,green,1
J2560,I8693,26873.0,26874.0,green,1
J2560,I8949,27499.0,27502.0,green,1
J3254,I2704,6668.0,6672.0,brown,3
J3254,I9105,27838.0,27842.0,green,1
J3654,I6000,18399.0,18404.0,green,1
J3654,I6736,20922.0,20932.0,green,2
J3654,I7088,22224.0,22230.0,green,1
J3654,I7312,22956.0,22974.0,green,1
J3654,I7472,23471.0,23472.0,green,1
J4936,I7772,24338.0,24345.0,brown,1
J4936,I7933,24812.0,24815.0,green,3
J4936,I10061,29857.0,29859.0,green,1
J756,I1781,3842.0,3847.0,green,1
J756,I2005,4548.0,4551.0,green,2
J1256,I1024,1963.0,1968.0,green,4
J3897,I7391,23216.0,23222.0,green,2
J3897,I7399,23240.0,23241.0,green,1
J3897,I7413,23280.0,23285.0,green,1
J4214,I6212,19086.0,19089.0,green,2
J4214,I7300,22905.0,22907.0,green,1
J3130,I2255,5333.0,5335.0,green,1
J3130,I4495,12822.0,12825.0,green,2
J871,I5336,16029.0,16032.0,green,3
J871,I6776,21073.0,21075.0,green,2
J871,I7061,22115.0,22121.0,green,1
J4555,I6115,18788.0,18795.0,green,1
J4555,I7491,23519.0,23520.0,green,1
J4555,I8547,26464.0,26466.0,green,1
J4555,I8699,26883.0,26887.0,green,3
J924,I4857,14237.0,14239.0,green,1
J650,I743,1347.0,1350.0,green,3
J650,I871,1630.0,1631.0,green,1
J650,I903,1692.0,1693.0,green,1
J650,I3175,8233.0,8237.0,green,1
J455,I671,1193.0,1194.0,green,1
J455,I767,1401.0,1403.0,green,2
J455,I2335,5559.0,5564.0,green,2
J8,I282,462.0,463.0,green,1
J8,I762,1388.0,1389.0,green,1
J8,I3386,8969.0,8970.0,green,1
J8,I3802,10483.0,10488.0,green,1
J3899,I5483,16472.0,16479.0,green,4
J3899,I5514,16579.0,16582.0,brown,1
J3899,I8603,26614.0,26615.0,green,1
J551,I1351,2797.0,2798.0,green,1
J551,I2119,4919.0,4931.0,green,3
J1584,I3105,7984.0,7992.0,green,1
J1584,I4737,13791.0,13797.0,green,2
J1584,I7009,21936.0,21945.0,green,1
J4148,I7660,24005.0,24008.0,brown,1
J4148,I7821,24484.0,24486.0,green,2
J4148,I9217,28143.0,28145.0,green,1
J4148,I9261,28236.0,28242.0,green,1
J3778,I5992,18380.0,18381.0,green,1
J3778,I6696,20755.0,20760.0,green,1
J1278,I2004,4547.0,4548.0,green,1
J1278,I2164,5087.0,5089.0,green,2
J1278,I2548,6244.0,6245.0,green,1
J1977,I311,512.0,513.0,green,1
J1977,I439,726.0,727.0,brown,1
J1977,I663,1172.0,1174.0,green,1
J1977,I1207,2427.0,2433.0,green,1
J1977,I3191,8266.0,8267.0,green,1
J2487,I4954,14583.0,14591.0,brown,2
J2487,I8699,26883.0,26887.0,green,1
J4010,I3783,10391.0,10395.0,green,4
J4010,I5287,15874.0,15881.0,green,1
J2267,I4975,14659.0,14664.0,green,1
J2267,I6543,20253.0,20262.0,green,2
J2267,I6799,21158.0,21164.0,green,3
J1205,I309,509.0,511.0,green,1
J1205,I373,612.0,614.0,green,2
J1205,I405,665.0,666.0,green,1
J1205,I565,950.0,951.0,green,1
J1205,I3573,9640.0,9641.0,green,1
J2135,I3348,8818.0,8819.0,green,1
J2135,I3428,9132.0,9135.0,green,3
J2135,I3556,9565.0,9568.0,green,2
J4670,I3439,9185.0,9188.0,brown,1
J4670,I3503,9412.0,9416.0,brown,1
J4670,I6160,18915.0,18916.0,green,1
J1564,I1983,4477.0,4486.0,green,4
J1564,I2047,4689.0,4703.0,green,1
J3086,I7217,22653.0,22657.0,green,3
J3086,I8497,26340.0,26343.0,green,3
J3591,I7108,22312.0,22315.0,green,2
J4292,I1691,3579.0,3582.0,brown,2
J4292,I7004,21911.0,21919.0,green,1
J4292,I8636,26702.0,26705.0,green,2
J3632,I6311,19425.0,19427.0,brown,2
J3632,I6408,19748.0,19750.0,green,1
J3632,I6440,19893.0,19894.0,green,1
J3776,I7134,22422.0,22426.0,green,1
J3776,I7325,23028.0,23033.0,brown,1
J3776,I8222,25639.0,25640.0,green,1
J3776,I8542,26448.0,26449.0,green,1
J3776,I8638,26707.0,26709.0,green,2
J2155,I4484,12773.0,12775.0,green,1
J3354,I4105,11545.0,11548.0,brown,3
J3354,I4329,12291.0,12294.0,brown,1
J1158,I2068,4745.0,4746.0,brown,1
J1158,I2325,5535.0,5537.0,green,1
J1158,I3125,8068.0,8071.0,green,1
J1158,I6693,20731.0,20744.0,green,2
J4985,I4356,12392.0,12398.0,brown,1
J4985,I9637,29084.0,29085.0,green,1
J4985,I9669,29148.0,29151.0,green,1
J4985,I10085,29888.0,29892.0,green,2
J4985,I10117,29944.0,29945.0,green,1
J877,I1665,3531.0,3532.0,brown,1
J877,I1730,3704.0,3705.0,green,1
J877,I1794,3878.0,3880.0,green,1
J877,I1954,4387.0,4395.0,green,1
J877,I3810,10511.0,10517.0,green,1
J877,I4149,11671.0,11673.0,green,1
J1237,I780,1437.0,1441.0,green,4
J1237,I2636,6490.0,6495.0,green,2
J3653,I2134,4969.0,4971.0,brown,1
J3653,I2390,5746.0,5748.0,brown,1
J3653,I8151,25436.0,25442.0,green,2
J3653,I8679,26826.0,26834.0,green,1
J3653,I8697,26881.0,26882.0,green,1
J3014,I3738,10211.0,10217.0,brown,4
J3014,I6491,20067.0,20076.0,green,1
J3014,I8571,26533.0,26536.0,green,1
J554,I912,1710.0,1714.0,green,4
J554,I944,1802.0,1804.0,green,1
J554,I3801,10482.0,10483.0,green,1
J2272,I4702,13652.0,13653.0,brown,1
J2272,I7879,24646.0,24649.0,green,1
J3823,I5669,17196.0,17197.0,brown,1
J3823,I5829,17727.0,17731.0,brown,1
J3823,I7566,23703.0,23708.0,green,1
J1777,I2346,5591.0,5592.0,brown,1
J1777,I3370,8896.0,8901.0,brown,1
J1777,I8599,26607.0,26608.0,green,1
J1777,I8679,26826.0,26834.0,green,1
J1882,I3122,8053.0,8062.0,green,3
J4587,I9052,27724.0,27727.0,green,2
J4587,I9084,27791.0,27792.0,green,1
J4587,I9148,27935.0,27938.0,green,1
J4587,I9180,28045.0,28048.0,green,1
J4587,I9468,28711.0,28712.0,green,1
J763,I1051,2041.0,2044.0,green,1
J763,I2251,5324.0,5326.0,green,1
J4485,I8653,26752.0,26754.0,green,2
J2996,I2214,5217.0,5219.0,brown,1
J2996,I3943,10955.0,10957.0,green,1
J2996,I5287,15874.0,15881.0,green,1
J2049,I2354,5615.0,5622.0,green,3
J2049,I4038,11283.0,11286.0,green,3
J1671,I2844,7108.0,7111.0,green,1
J1742,I2793,6940.0,6944.0,brown,1
J1742,I2889,7241.0,7245.0,brown,2
J2987,I4701,13646.0,13652.0,brown,1
J2987,I8126,25366.0,25369.0,green,1
J2703,I3782,10373.0,10391.0,green,2
J4418,I5543,16686.0,16696.0,green,5
J4418,I9671,29154.0,29156.0,green,1
J4854,I6222,19119.0,19121.0,brown,1
J4854,I6254,19240.0,19241.0,brown,1
J4854,I6286,19334.0,19337.0,brown,1
J4854,I6607,20473.0,20475.0,green,1
J832,I5885,17958.0,17961.0,green,2
J2273,I3378,8925.0,8926.0,green,1
J2273,I4210,11892.0,11900.0,green,1
J2273,I4434,12624.0,12626.0,green,1
J4049,I6679,20693.0,20695.0,green,1
J4049,I6774,21058.0,21062.0,brown,2
J4049,I8151,25436.0,25442.0,green,1
J1672,I3724,10136.0,10145.0,brown,2
J1672,I6925,21617.0,21620.0,green,1
J1672,I7613,23865.0,23879.0,green,1
J500,I1194,2398.0,2399.0,green,1
J500,I1290,2650.0,2651.0,green,1
J500,I1418,2970.0,2971.0,green,1
J500,I3324,8745.0,8746.0,green,1
J4863,I3690,10029.0,10031.0,brown,1
J4863,I6891,21519.0,21529.0,green,1
J4863,I9623,29049.0,29051.0,green,1
J4863,I9751,29305.0,29309.0,green,2
J4517,I8750,27020.0,27021.0,green,1
J4517,I9070,27762.0,27763.0,green,1
J4517,I9102,27833.0,27834.0,green,1
J4517,I9198,28100.0,28102.0,green,2
J4090,I5466,16424.0,16428.0,brown,2
J4090,I5883,17947.0,17956.0,green,2
J3301,I4233,11947.0,11948.0,green,1
J3301,I8333,25931.0,25935.0,green,1
J4272,I6531,20216.0,20221.0,green,1
J4272,I7907,24711.0,24725.0,green,1
J4272,I8379,26046.0,26049.0,green,1
J3510,I4573,13146.0,13156.0,green,3
J4737,I8967,27537.0,27547.0,green,5
J4737,I9929,29644.0,29645.0,green,1
J3327,I1301,2671.0,2675.0,brown,1
J4253,I3726,10148.0,10152.0,brown,2
J4253,I6639,20561.0,20565.0,green,1
J4253,I6831,21273.0,21276.0,green,1
J450,I4765,13893.0,13903.0,green,1
J450,I5181,15470.0,15475.0,green,2
J450,I6491,20067.0,20076.0,green,1
J450,I6493,20085.0,20086.0,green,1
J450,I6895,21543.0,21544.0,green,1
J2876,I2603,6398.0,6403.0,green,2
J2876,I3370,8896.0,8901.0,brown,1
J2876,I5643,17089.0,17094.0,green,2
J1466,I418,688.0,692.0,brown,3
J1466,I7939,24833.0,24834.0,green,1
J1466,I8947,27493.0,27496.0,green,2
J149,I363,595.0,596.0,brown,1
J149,I7308,22947.0,22949.0,green,1
J149,I7980,24941.0,24945.0,green,2
J2959,I4573,13146.0,13156.0,green,1
J2959,I6909,21570.0,21572.0,green,1
J2959,I7133,22409.0,22422.0,green,1
J3178,I1275,2605.0,2616.0,brown,1
J3178,I3612,9760.0,9769.0,green,1
J4019,I360,589.0,593.0,brown,1
J4019,I7785,24376.0,24380.0,green,2
J4019,I8681,26836.0,26842.0,green,1
J4019,I9385,28518.0,28521.0,green,1
J4019,I9449,28658.0,28660.0,green,1
J2535,I969,1855.0,1857.0,brown,1
J2535,I5130,15260.0,15266.0,green,2
J4481,I5726,17392.0,17396.0,green,1
J4481,I6430,19858.0,19865.0,green,1
J4481,I9246,28208.0,28210.0,green,1
J4744,I6890,21516.0,21519.0,green,1
J4744,I8170,25484.0,25491.0,green,1
J4744,I8458,26229.0,26235.0,green,1
J4744,I9194,28084.0,28091.0,green,1
J4744,I9290,28310.0,28312.0,green,2
J3998,I423,696.0,699.0,brown,1
J3998,I8328,25923.0,25924.0,green,1
J3998,I9256,28226.0,28227.0,green,1
J102,I376,616.0,618.0,green,2
J102,I664,1174.0,1179.0,green,2
J102,I2552,6255.0,6263.0,green,1
J2456,I4203,11870.0,11874.0,green,3
J2456,I5547,16708.0,16709.0,green,1
J2456,I6027,18485.0,18487.0,green,1
J47,I774,1419.0,1421.0,green,1
J2480,I1790,3867.0,3870.0,brown,1
J2480,I6175,18961.0,18966.0,green,1
J2480,I7641,23956.0,23962.0,green,3
J3615,I1127,2227.0,2231.0,brown,1
J3615,I2791,6927.0,6936.0,brown,1
J3615,I2855,7141.0,7143.0,brown,1
J3615,I9800,29404.0,29405.0,green,1
J1253,I2485,6026.0,6027.0,green,1
J1253,I2517,6124.0,6125.0,green,1
J1253,I2773,6855.0,6861.0,green,2
J1253,I3061,7816.0,7825.0,green,2
J312,I3797,10439.0,10450.0,green,2
J312,I4181,11789.0,11793.0,green,2
J312,I5012,14804.0,14816.0,brown,1
J3048,I5851,17799.0,17805.0,brown,2
J1921,I2543,6231.0,6233.0,brown,1
J1921,I2959,7459.0,7463.0,brown,2
J1921,I8176,25501.0,25513.0,green,3
J4156,I6710,20813.0,20816.0,brown,3
J4156,I6774,21058.0,21062.0,brown,1
J4156,I8535,26431.0,26432.0,green,1
J3708,I4701,13646.0,13652.0,brown,1
J3708,I5982,18326.0,18338.0,green,1
J3708,I7198,22597.0,22599.0,green,2
J2765,I4721,13715.0,13716.0,green,1
J2765,I4753,13853.0,13854.0,brown,1
J2765,I5105,15188.0,15189.0,brown,1
J477,I1171,2340.0,2341.0,green,1
J477,I1235,2489.0,2492.0,green,1
J477,I2219,5225.0,5231.0,green,1
J306,I3222,8387.0,8390.0,green,1
J306,I4726,13739.0,13742.0,green,1
J306,I6950,21707.0,21713.0,green,1
J4759,I5933,18145.0,18146.0,green,1
J4759,I6029,18490.0,18498.0,green,4
J1905,I3330,8770.0,8771.0,green,1
J1905,I3618,9782.0,9788.0,brown,1
J1905,I5602,16937.0,16939.0,green,1
J1905,I5730,17402.0,17410.0,green,1
J640,I1229,2474.0,2479.0,brown,1
J640,I2574,6320.0,6323.0,green,1
J686,I882,1647.0,1652.0,brown,1
J686,I7219,22663.0,22665.0,green,2
J1121,I1004,1927.0,1930.0,brown,1
J1121,I3533,9502.0,9503.0,green,1
J1121,I7565,23702.0,23703.0,green,1
J4824,I8836,27216.0,27217.0,green,1
J4824,I8900,27376.0,27377.0,green,1
J4824,I8996,27607.0,27609.0,green,1
J4824,I9380,28507.0,28509.0,green,2
J4824,I9412,28582.0,28583.0,green,1
J216,I5004,14778.0,14784.0,green,1
J216,I7724,24183.0,24187.0,green,1
J216,I8972,27554.0,27555.0,green,1
J794,I112,163.0,164.0,green,1
J794,I1008,1936.0,1937.0,green,1
J794,I2896,7266.0,7271.0,green,1
J794,I3024,7706.0,7707.0,green,1
J4463,I4122,11597.0,11601.0,brown,1
J4463,I4283,12118.0,12128.0,green,1
J1193,I1556,3263.0,3264.0,green,1
J1193,I1588,3335.0,3338.0,green,2
J1193,I3060,7811.0,7816.0,green,1
J1293,I2833,7068.0,7077.0,green,5
J4231,I5660,17163.0,17172.0,green,1
J4231,I6812,21201.0,21203.0,green,1
J4231,I9100,27828.0,27831.0,green,2
J4231,I9324,28391.0,28392.0,green,1
J4231,I9420,28596.0,28598.0,green,1
J2143,I2169,5099.0,5103.0,green,1
J2143,I3353,8834.0,8851.0,green,2
J1987,I3447,9205.0,9213.0,green,3
J1987,I4759,13872.0,13883.0,green,1
J1987,I5879,17930.0,17935.0,green,2
J4267,I5528,16624.0,16628.0,green,4
J4267,I6008,18422.0,18424.0,brown,1
J3319,I5612,16969.0,16971.0,green,2
J3319,I6700,20775.0,20776.0,green,1
J3319,I7212,22632.0,22639.0,green,2
J3828,I6882,21497.0,21498.0,brown,1
J3828,I7299,22896.0,22905.0,green,1
J3828,I8131,25382.0,25391.0,green,4
J3276,I6469,19978.0,19981.0,green,3
J4810,I4887,14360.0,14362.0,brown,1
J4810,I5015,14820.0,14829.0,brown,2
J4810,I9064,27750.0,27751.0,green,1
J4810,I9816,29433.0,29435.0,green,2
J3710,I3388,8973.0,8978.0,green,4
J4109,I7618,23889.0,23891.0,brown,2
J4109,I7811,24449.0,24454.0,green,2
J2591,I6828,21266.0,21270.0,green,1
J2591,I8428,26146.0,26149.0,green,1
J2591,I9260,28234.0,28236.0,green,2
J3405,I5736,17433.0,17438.0,green,1
J3405,I9152,27954.0,27963.0,green,2
J4833,I6819,21230.0,21242.0,brown,3
J4833,I7908,24725.0,24730.0,green,3
J1455,I3707,10081.0,10095.0,green,2
J1455,I4923,14463.0,14465.0,green,1
J3890,I3292,8621.0,8627.0,brown,1
J3890,I5277,15832.0,15837.0,green,2
J3890,I6429,19839.0,19858.0,green,1
J3890,I8701,26888.0,26889.0,green,1
J223,I419,692.0,693.0,brown,1
J223,I1028,1981.0,1986.0,green,1
J223,I2372,5659.0,5670.0,green,2
J1203,I4582,13188.0,13190.0,green,1
J1203,I7470,23468.0,23470.0,green,2
J2423,I2733,6745.0,6753.0,brown,1
J2423,I3406,9063.0,9066.0,green,1
J2616,I3790,10422.0,10423.0,green,1
J2616,I5166,15394.0,15404.0,green,2
J2130,I533,894.0,900.0,green,2
J2130,I1237,2499.0,2506.0,green,1
J2130,I3940,10950.0,10952.0,brown,1
J3796,I5301,15914.0,15919.0,brown,2
J3864,I6524,20184.0,20192.0,green,3
J3864,I7771,24333.0,24338.0,brown,1
J1695,I4004,11152.0,11159.0,green,1
J1695,I5572,16807.0,16813.0,green,2
J3349,I6063,18609.0,18611.0,green,2
J3349,I6159,18909.0,18915.0,green,3
J4413,I7315,22989.0,22997.0,green,1
J4413,I7411,23277.0,23278.0,green,1
J4413,I9267,28250.0,28251.0,green,1
J4413,I9619,29041.0,29046.0,green,2
J4413,I9661,29138.0,29139.0,green,1
J357,I3212,8350.0,8352.0,green,1
J357,I3217,8363.0,8378.0,green,2
J1504,I2535,6202.0,6210.0,brown,2
J1504,I4648,13454.0,13458.0,green,3
J1274,I1488,3107.0,3109.0,green,2
J1274,I1552,3252.0,3256.0,green,1
J1274,I2768,6827.0,6835.0,green,1
J3303,I2892,7247.0,7253.0,brown,1
J3303,I8621,26658.0,26659.0,green,1
J3303,I9101,27831.0,27833.0,green,1
J3303,I9197,28098.0,28100.0,green,1
J3303,I9325,28392.0,28393.0,green,1
J3303,I9357,28460.0,28462.0,green,1
J2549,I1344,2785.0,2787.0,brown,1
J2549,I4033,11265.0,11273.0,green,1
J2549,I5057,14991.0,14994.0,green,1
J2549,I7745,24242.0,24253.0,green,1
J4139,I443,732.0,734.0,brown,1
J4139,I827,1550.0,1552.0,brown,1
J4139,I9132,27910.0,27912.0,green,1
J4139,I9152,27954.0,27963.0,green,1
J3187,I3315,8700.0,8703.0,green,2
J3187,I5107,15190.0,15196.0,green,2
J3187,I8083,25222.0,25225.0,green,1
J3187,I8993,27602.0,27604.0,green,1
J611,I5,5.0,7.0,green,2
J611,I7,8.0,9.0,green,1
J611,I162,233.0,234.0,green,1
J3275,I3493,9382.0,9387.0,brown,2
J3275,I3814,10522.0,10534.0,green,1
J1544,I5140,15298.0,15303.0,green,2
J1544,I8500,26347.0,26349.0,green,1
J3391,I4187,11815.0,11820.0,brown,3
J3634,I1542,3228.0,3233.0,brown,1
J3634,I3047,7771.0,7780.0,green,1
J3634,I8033,25080.0,25090.0,green,2
J1625,I3398,9007.0,9012.0,green,5
J1625,I3526,9481.0,9485.0,green,1
J2799,I5314,15959.0,15971.0,green,1
J2799,I6402,19714.0,19721.0,green,2
J4126,I3766,10313.0,10314.0,brown,1
J4126,I4374,12440.0,12446.0,brown,3
J4126,I9721,29256.0,29257.0,green,1
J4219,I3181,8249.0,8250.0,brown,1
J4219,I3309,8689.0,8691.0,brown,1
J4219,I3437,9182.0,9183.0,brown,1
J4219,I6926,21620.0,21636.0,green,1
J3684,I3825,10575.0,10587.0,brown,2
J3684,I5714,17346.0,17350.0,green,2
J3486,I7036,22033.0,22043.0,green,3
J257,I519,865.0,871.0,green,1
J257,I1255,2548.0,2551.0,green,1
J257,I1383,2886.0,2888.0,green,2
J257,I2631,6470.0,6475.0,green,1
J534,I2467,5965.0,5970.0,green,1
J534,I2499,6071.0,6078.0,green,1
J534,I5411,16235.0,16237.0,green,1
J534,I6357,19557.0,19561.0,green,2
J4633,I8378,26043.0,26046.0,green,3
J4633,I8442,26181.0,26193.0,green,1
J1487,I1897,4189.0,4195.0,green,4
J3827,I6898,21549.0,21552.0,green,3
J3827,I6930,21643.0,21645.0,green,2
J3827,I7314,22975.0,22989.0,green,1
J3253,I3618,9782.0,9788.0,brown,1
J3253,I7843,24542.0,24545.0,green,1
J3253,I8883,27336.0,27340.0,green,1
J3253,I9235,28187.0,28189.0,green,1
J3608,I6294,19363.0,19376.0,green,1
J3608,I7638,23946.0,23953.0,green,4
J3930,I5519,16598.0,16599.0,brown,1
J3930,I5712,17341.0,17342.0,green,1
J3930,I6416,19774.0,19788.0,green,2
J1483,I2774,6861.0,6869.0,green,1
J1483,I5734,17425.0,17429.0,green,2
J1483,I5750,17498.0,17502.0,green,3
J994,I1453,3031.0,3034.0,brown,1
J994,I4654,13470.0,13471.0,green,1
J4592,I5314,15959.0,15971.0,green,1
J4592,I5794,17635.0,17639.0,green,1
J4209,I1071,2088.0,2093.0,brown,2
J4209,I7184,22555.0,22557.0,green,2
J4209,I7312,22956.0,22974.0,green,1
J4963,I7115,22340.0,22344.0,green,2
J4963,I10027,29806.0,29807.0,green,1
J2262,I4180,11788.0,11789.0,green,1
J2262,I4276,12101.0,12102.0,green,1
J2262,I4884,14347.0,14354.0,green,4
J2511,I5008,14790.0,14791.0,green,1
J2511,I5072,15047.0,15052.0,green,3
J1630,I3430,9137.0,9142.0,brown,3
J4698,I5671,17198.0,17203.0,brown,1
J4698,I6696,20755.0,20760.0,green,4
J2150,I3121,8047.0,8053.0,green,4
J2150,I4529,12951.0,12955.0,green,1
J2150,I5249,15746.0,15748.0,green,1
J2626,I4499,12836.0,12844.0,green,3
J4187,I5197,15548.0,15553.0,brown,1
J4187,I6606,20463.0,20473.0,green,1
J4187,I9326,28393.0,28396.0,green,2
J4187,I9966,29702.0,29706.0,green,1
J4187,I10000,29761.0,29763.0,green,1
J3472,I9835,29470.0,29474.0,green,1
J3472,I9997,29751.0,29755.0,green,1
J3472,I10043,29830.0,29832.0,green,1
J3472,I10059,29855.0,29856.0,green,1
J2837,I2284,5410.0,5422.0,brown,1
J2837,I3469,9279.0,9282.0,green,1
J3547,I6227,19139.0,19145.0,green,4
J3547,I6387,19663.0,19669.0,green,2
J933,I3810,10511.0,10517.0,green,2
J933,I8386,26059.0,26060.0,green,1
J116,I2026,4622.0,4624.0,green,1
J26,I365,597.0,600.0,brown,2
J26,I4494,12821.0,12822.0,green,1
J26,I4814,14073.0,14076.0,green,2
J26,I6094,18709.0,18711.0,green,1
J263,I1757,3769.0,3771.0,green,2
J1219,I2777,6876.0,6877.0,green,1
J1219,I3353,8834.0,8851.0,green,1
J1219,I5689,17251.0,17262.0,green,3
J2968,I3270,8526.0,8530.0,brown,2
J2968,I4583,13190.0,13194.0,green,1
J2968,I8343,25951.0,25954.0,green,1
J943,I494,819.0,820.0,brown,1
J943,I2671,6584.0,6586.0,green,1
J943,I5687,17242.0,17250.0,green,1
J4566,I5822,17711.0,17713.0,brown,2
J4566,I8223,25640.0,25645.0,green,1
J4879,I9286,28295.0,28306.0,green,3
J4879,I9798,29401.0,29402.0,green,1
J4879,I9862,29522.0,29525.0,green,1
J4879,I10006,29770.0,29771.0,green,1
J971,I2046,4685.0,4689.0,green,1
J971,I2274,5375.0,5382.0,green,3
J971,I2334,5552.0,5559.0,green,2
J888,I669,1190.0,1192.0,green,2
J888,I1309,2697.0,2699.0,green,1
J888,I2045,4674.0,4685.0,green,3
J4178,I6056,18590.0,18598.0,brown,3
J4178,I6568,20332.0,20333.0,brown,1
J503,I3659,9916.0,9918.0,green,1
J503,I4075,11438.0,11442.0,green,2
J503,I7019,21981.0,21989.0,green,1
J840,I927,1756.0,1759.0,brown,1
J840,I5984,18341.0,18349.0,green,2
J954,I1544,3234.0,3236.0,brown,1
J954,I1640,3459.0,3460.0,brown,1
J954,I2824,7044.0,7047.0,brown,2
J954,I2921,7356.0,7359.0,green,1
J954,I3208,8333.0,8341.0,brown,1
J1347,I1416,2966.0,2967.0,green,1
J1347,I1832,3978.0,3979.0,green,1
J1347,I2376,5694.0,5706.0,green,4
J1345,I1447,3018.0,3026.0,green,1
J1345,I2183,5137.0,5138.0,green,1
J1345,I2375,5680.0,5694.0,green,2
J1345,I3047,7771.0,7780.0,green,2
J11,I12,13.0,14.0,green,1
J11,I716,1280.0,1286.0,green,1
J11,I748,1356.0,1357.0,green,1
J11,I2444,5893.0,5900.0,green,2
J2315,I3390,8986.0,8988.0,brown,2
J2315,I3646,9878.0,9886.0,brown,1
J2482,I2604,6403.0,6405.0,green,1
J780,I1842,4003.0,4008.0,green,5
J780,I1874,4112.0,4119.0,green,1
J2533,I3108,8004.0,8014.0,green,1
J2533,I4260,12042.0,12045.0,green,1
J2533,I4868,14275.0,14280.0,green,2
J3881,I9556,28911.0,28923.0,green,2
J3831,I5595,16913.0,16914.0,green,1
J3831,I5659,17158.0,17163.0,green,2
J3831,I5883,17947.0,17956.0,green,1
J1211,I3685,10012.0,10016.0,green,1
J1211,I4005,11159.0,11164.0,green,1
J1211,I4069,11408.0,11414.0,green,1
J1211,I4645,13437.0,13448.0,green,1
J1211,I8005,24996.0,25011.0,green,2
J1298,I1477,3080.0,3082.0,green,2
J1298,I1573,3304.0,3308.0,green,3
J1298,I1669,3539.0,3543.0,green,1
J521,I6000,18399.0,18404.0,green,1
J521,I7024,21997.0,22003.0,green,2
J521,I7856,24588.0,24589.0,green,1
J2147,I2032,4643.0,4644.0,brown,1
J2147,I2064,4739.0,4740.0,brown,1
J2147,I2416,5817.0,5820.0,brown,3
J240,I713,1277.0,1278.0,green,1
J240,I745,1351.0,1354.0,green,2
J240,I1417,2967.0,2970.0,green,1
J541,I854,1596.0,1599.0,brown,1
J541,I4535,12973.0,12981.0,green,1
J541,I7063,22122.0,22136.0,green,1
J541,I8023,25050.0,25052.0,green,1
J3066,I5010,14794.0,14801.0,green,1
J3066,I5329,16012.0,16014.0,brown,1
J1527,I7842,24538.0,24542.0,green,2
J1527,I8570,26528.0,26533.0,green,3
J3236,I3037,7738.0,7747.0,brown,1
J3236,I3389,8978.0,8986.0,brown,1
J3236,I7809,24439.0,24446.0,green,1
J3236,I7998,24981.0,24982.0,green,1
J706,I1581,3324.0,3325.0,green,1
J706,I1741,3733.0,3735.0,green,1
J2724,I4645,13437.0,13448.0,green,5
J2121,I4484,12773.0,12775.0,green,1
J2121,I4516,12891.0,12897.0,green,3
J3568,I3538,9514.0,9516.0,green,2
J3568,I3570,9633.0,9636.0,green,1
J3568,I3986,11089.0,11090.0,green,1
J3568,I4178,11767.0,11785.0,green,1
J3568,I6890,21516.0,21519.0,green,1
J660,I2423,5831.0,5832.0,brown,1
J660,I2583,6343.0,6344.0,brown,1
J660,I3479,9309.0,9315.0,brown,2
J2523,I1258,2559.0,2562.0,brown,2
J2523,I1322,2724.0,2726.0,brown,1
J2523,I1610,3377.0,3389.0,brown,2
J2523,I8491,26319.0,26325.0,green,1
J4392,I5664,17179.0,17185.0,green,3
J4392,I9856,29512.0,29513.0,green,1
J4412,I6321,19451.0,19454.0,brown,1
J4412,I7746,24253.0,24259.0,green,2
J4412,I8114,25337.0,25338.0,green,1
J2370,I4868,14275.0,14280.0,green,1
J2370,I6840,21316.0,21318.0,green,2
J1104,I879,1643.0,1644.0,brown,1
J4757,I5233,15678.0,15682.0,brown,2
J4757,I9626,29055.0,29059.0,green,1
J4757,I9658,29130.0,29132.0,green,1
J2585,I1879,4131.0,4142.0,green,2
J2585,I1911,4225.0,4226.0,green,1
J2585,I2007,4556.0,4562.0,green,1
J2585,I6215,19094.0,19098.0,green,2
J4341,I5672,17203.0,17205.0,brown,2
J4341,I6056,18590.0,18598.0,brown,1
J4341,I10114,29939.0,29941.0,green,1
J2680,I5071,15044.0,15047.0,green,2
J2680,I5359,16090.0,16094.0,green,1
J2680,I6031,18499.0,18507.0,green,1
J2680,I7687,24079.0,24082.0,green,1
J2183,I466,769.0,770.0,brown,1
J2183,I626,1080.0,1082.0,brown,1
J2183,I8723,26950.0,26951.0,green,1
J3078,I4723,13719.0,13720.0,brown,1
J3078,I4756,13856.0,13863.0,green,3
J3078,I5011,14801.0,14804.0,brown,2
J1846,I6232,19163.0,19168.0,green,3
J1846,I7624,23907.0,23913.0,green,1
J1627,I2085,4805.0,4813.0,green,3
J1627,I4645,13437.0,13448.0,green,2
J3184,I4273,12091.0,12094.0,green,1
J3184,I4625,13376.0,13379.0,green,1
J2604,I7415,23298.0,23299.0,green,1
J2604,I7823,24487.0,24495.0,green,2
J1005,I2150,5029.0,5033.0,green,4
J1005,I2182,5133.0,5137.0,green,2
J3409,I628,1086.0,1089.0,brown,1
J3409,I9301,28337.0,28344.0,green,1
J3409,I10077,29878.0,29880.0,green,1
J3409,I10109,29930.0,29932.0,green,1
J1928,I2251,5324.0,5326.0,green,1
J1928,I2443,5890.0,5893.0,green,1
J1928,I2827,7054.0,7058.0,green,2
J1928,I3147,8135.0,8141.0,green,2
J4282,I1213,2443.0,2445.0,brown,2
J1093,I1535,3208.0,3209.0,green,1
J1093,I5019,14834.0,14843.0,green,2
J281,I758,1379.0,1381.0,green,1
J281,I822,1539.0,1543.0,green,1
J281,I1846,4019.0,4025.0,green,3
J281,I2198,5166.0,5167.0,green,1
J4037,I7217,22653.0,22657.0,green,1
J4037,I7233,22700.0,22704.0,green,1
J4037,I7473,23472.0,23473.0,green,1
J4037,I7793,24398.0,24406.0,green,1
J4037,I8173,25498.0,25499.0,green,1
J4704,I6504,20127.0,20135.0,green,3
J599,I1028,1981.0,1986.0,green,3
J599,I2148,5014.0,5024.0,green,1
J539,I1898,4195.0,4198.0,green,1
J539,I5898,18008.0,18011.0,green,1
J539,I6421,19804.0,19808.0,green,2
J1228,I3007,7657.0,7660.0,brown,1
J1228,I3552,9548.0,9550.0,green,1
J1228,I4960,14604.0,14613.0,green,3
J2107,I1517,3174.0,3175.0,green,1
J2107,I1677,3553.0,3556.0,green,1
J2107,I1773,3813.0,3818.0,green,1
J1309,I1277,2619.0,2622.0,brown,1
J1309,I6526,20193.0,20203.0,green,1
J1309,I6878,21470.0,21476.0,green,3
J1309,I8158,25463.0,25464.0,green,1
J4222,I5314,15959.0,15971.0,green,4
J4222,I5410,16231.0,16235.0,green,2
J2318,I6593,20405.0,20411.0,green,1
J2318,I6689,20720.0,20725.0,green,1
J2318,I7777,24356.0,24359.0,green,2
J4171,I2039,4655.0,4661.0,brown,2
J4171,I2071,4752.0,4758.0,brown,2
J4171,I4728,13744.0,13754.0,green,2
J618,I1393,2906.0,2910.0,green,3
J228,I7260,22784.0,22799.0,green,2
J228,I9580,28966.0,28968.0,green,1
J228,I9644,29098.0,29100.0,green,1
J4694,I5014,14818.0,14820.0,brown,1
J4694,I5046,14938.0,14939.0,brown,1
J4694,I5206,15591.0,15597.0,brown,1
J4694,I5719,17370.0,17372.0,green,1
J4694,I8151,25436.0,25442.0,green,1
J4694,I8951,27504.0,27508.0,green,1
J2966,I2947,7434.0,7435.0,brown,1
J2966,I4644,13435.0,13437.0,green,1
J2966,I8132,25391.0,25392.0,green,1
J2966,I8164,25472.0,25473.0,green,1
J2385,I2675,6601.0,6608.0,green,2
J2385,I4627,13381.0,13382.0,green,1
J2385,I7003,21909.0,21911.0,green,2
J2385,I7028,22016.0,22020.0,green,1
J590,I5489,16486.0,16493.0,green,2
J590,I7409,23270.0,23273.0,green,2
J590,I8721,26941.0,26946.0,green,2
J3060,I3517,9458.0,9463.0,brown,1
J3060,I3645,9877.0,9878.0,brown,1
J3060,I4862,14256.0,14262.0,green,1
J3060,I5982,18326.0,18338.0,green,1
J4656,I5848,17786.0,17788.0,brown,2
J4656,I5977,18313.0,18318.0,green,3
J4521,I7798,24413.0,24416.0,green,3
J4521,I7862,24605.0,24607.0,green,2
J4521,I8662,26782.0,26786.0,green,1
J414,I2114,4899.0,4913.0,green,2
J3721,I4649,13458.0,13464.0,green,2
J2263,I3926,10913.0,10914.0,green,1
J2263,I3990,11099.0,11107.0,green,4
J4186,I4283,12118.0,12128.0,green,2
J4186,I8449,26206.0,26208.0,green,2
J3532,I7307,22936.0,22947.0,green,3
J2180,I1435,2997.0,2998.0,brown,1
J2180,I1595,3347.0,3351.0,brown,1
J2180,I4572,13144.0,13146.0,green,1
J2180,I5596,16914.0,16920.0,green,1
J2180,I6524,20184.0,20192.0,green,1
J3722,I7113,22330.0,22336.0,green,6
J3406,I5359,16090.0,16094.0,green,2
J3406,I7391,23216.0,23222.0,green,1
J3406,I7727,24191.0,24197.0,green,1
J3406,I7809,24439.0,24446.0,green,1
J3985,I6224,19122.0,19135.0,green,3
J3985,I6416,19774.0,19788.0,green,1
J3985,I8720,26939.0,26941.0,green,2
J2152,I2471,5982.0,5985.0,green,1
J2152,I2599,6385.0,6387.0,green,2
J2152,I3111,8019.0,8022.0,green,3
J3308,I5207,15597.0,15598.0,brown,1
J3308,I9336,28418.0,28423.0,green,1
J3308,I9560,28933.0,28935.0,green,2
J836,I1399,2926.0,2927.0,green,1
J2858,I4288,12143.0,12149.0,green,6
J2325,I3546,9530.0,9536.0,green,5
J2325,I3737,10206.0,10211.0,brown,1
J988,I465,767.0,769.0,brown,1
J988,I3921,10891.0,10899.0,brown,1
J353,I1523,3186.0,3190.0,green,2
J353,I2047,4689.0,4703.0,green,2
J353,I2675,6601.0,6608.0,green,1
J1770,I1127,2227.0,2231.0,brown,3
J1770,I3880,10735.0,10738.0,green,1
J1770,I8264,25748.0,25749.0,green,1
J1770,I8504,26356.0,26357.0,green,1
J3551,I3637,9860.0,9862.0,brown,1
J3551,I8406,26093.0,26096.0,green,2
J2802,I1577,3313.0,3317.0,brown,1
J2802,I6538,20241.0,20243.0,green,1
J2802,I7466,23460.0,23462.0,green,2
J1972,I3209,8341.0,8343.0,brown,2
J1972,I3241,8442.0,8450.0,brown,2
J1972,I5546,16699.0,16708.0,green,1
J158,I209,330.0,331.0,green,1
J158,I241,389.0,390.0,green,1
J2244,I597,1020.0,1021.0,brown,1
J2244,I3285,8587.0,8596.0,brown,1
J2244,I3637,9860.0,9862.0,brown,1
J2244,I7178,22543.0,22544.0,green,1
J2971,I2537,6212.0,6213.0,brown,1
J2971,I4042,11298.0,11309.0,green,1
J2971,I5546,16699.0,16708.0,green,1
J2971,I8097,25262.0,25264.0,green,1
J2971,I8170,25484.0,25491.0,green,1
J546,I1051,2041.0,2044.0,green,1
J546,I2779,6882.0,6886.0,green,3
J546,I3635,9845.0,9858.0,green,1
J2835,I5068,15025.0,15030.0,green,2
J2835,I6364,19582.0,19585.0,green,1
J1340,I2447,5902.0,5903.0,green,1
J1340,I2479,6000.0,6002.0,green,2
J4106,I3834,10615.0,10617.0,brown,1
J4106,I5755,17517.0,17519.0,green,1
J4106,I9947,29674.0,29676.0,green,2
J4106,I9951,29679.0,29680.0,green,1
J4106,I9983,29732.0,29733.0,green,1
J1225,I2249,5317.0,5319.0,green,1
J1225,I3913,10870.0,10871.0,green,1
J1225,I6297,19378.0,19380.0,green,2
J3263,I2942,7423.0,7424.0,brown,1
J3263,I6495,20090.0,20099.0,green,1
J2941,I1859,4071.0,4074.0,green,1
J2941,I6119,18801.0,18802.0,green,1
J1744,I1183,2368.0,2371.0,green,2
J1744,I3487,9363.0,9367.0,green,1
J2427,I2913,7335.0,7340.0,green,1
J2427,I3105,7984.0,7992.0,green,1
J2427,I3296,8634.0,8642.0,brown,2
J2427,I4609,13306.0,13314.0,green,2
J4964,I9331,28406.0,28408.0,green,2
J4964,I9555,28901.0,28911.0,green,1
J4964,I9811,29421.0,29422.0,green,1
J4964,I9843,29487.0,29490.0,green,1
J4027,I7477,23478.0,23480.0,green,1
J843,I1953,4385.0,4387.0,green,2
J843,I2209,5205.0,5208.0,green,1
J843,I2401,5778.0,5784.0,green,2
J4959,I9242,28198.0,28200.0,green,2
J989,I210,331.0,334.0,green,1
J989,I306,506.0,507.0,green,1
J989,I338,551.0,552.0,green,1
J989,I754,1367.0,1373.0,green,1
J989,I1874,4112.0,4119.0,green,1
J989,I4528,12947.0,12951.0,green,1
J137,I5179,15455.0,15467.0,green,1
J2296,I1949,4376.0,4379.0,green,3
J2296,I2045,4674.0,4685.0,green,1
J2296,I4573,13146.0,13156.0,green,1
J2296,I4765,13893.0,13903.0,green,1
J3681,I848,1588.0,1589.0,brown,1
J3681,I3920,10888.0,10891.0,brown,1
J3681,I4048,11326.0,11333.0,brown,1
J3681,I6929,21640.0,21643.0,green,1
J3681,I7793,24398.0,24406.0,green,1
J3681,I8721,26941.0,26946.0,green,1
J3071,I2248,5315.0,5317.0,green,1
J3071,I2376,5694.0,5706.0,green,1
J3071,I4792,14013.0,14015.0,green,2
J3071,I5760,17525.0,17528.0,green,2
J1162,I127,183.0,184.0,green,1
J1162,I1887,4166.0,4173.0,green,4
J3142,I5131,15266.0,15270.0,green,1
J3142,I7403,23249.0,23250.0,green,1
J3142,I9195,28091.0,28095.0,green,2
J2313,I2807,7004.0,7005.0,brown,1
J2313,I2871,7181.0,7183.0,brown,1
J2313,I3127,8073.0,8075.0,brown,1
J2313,I9432,28618.0,28619.0,green,1
J2380,I6815,21213.0,21219.0,green,1
J2380,I7327,23036.0,23040.0,green,2
J2380,I8671,26806.0,26809.0,green,2
J4880,I7929,24798.0,24804.0,green,1
J1867,I3530,9493.0,9497.0,green,2
J1867,I3818,10542.0,10552.0,green,1
J1867,I6410,19752.0,19761.0,green,2
J3821,I4202,11867.0,11870.0,green,3
J3821,I8346,25959.0,25960.0,green,1
J4328,I1796,3881.0,3882.0,brown,1
J4328,I2660,6562.0,6566.0,brown,1
J4328,I7941,24835.0,24839.0,green,1
J4328,I8261,25743.0,25745.0,green,2
J2471,I5188,15510.0,15517.0,green,4
J647,I7212,22632.0,22639.0,green,1
J647,I7572,23722.0,23732.0,green,2
J421,I699,1249.0,1252.0,brown,1
J421,I4092,11506.0,11509.0,green,1
J421,I7068,22152.0,22159.0,green,3
J421,I8545,26458.0,26463.0,green,1
J1283,I2368,5652.0,5654.0,green,2
J1283,I2400,5776.0,5778.0,green,1
J1283,I2432,5859.0,5864.0,green,1
J911,I1589,3338.0,3339.0,brown,1
J911,I7414,23285.0,23298.0,green,1
J911,I8630,26687.0,26690.0,green,1
J4703,I5903,18019.0,18026.0,green,2
J4703,I7823,24487.0,24495.0,green,1
J1301,I2176,5115.0,5117.0,green,1
J1301,I3584,9662.0,9668.0,green,1
J1301,I5056,14980.0,14991.0,green,1
J1301,I5920,18078.0,18079.0,green,1
J1644,I1825,3942.0,3954.0,green,3
J2196,I2307,5479.0,5486.0,brown,3
J2196,I4164,11710.0,11712.0,green,1
J2196,I6020,18458.0,18461.0,green,2
J4344,I5597,16920.0,16927.0,brown,1
J4344,I8558,26498.0,26499.0,green,1
J19,I36,48.0,49.0,green,1
J19,I3889,10772.0,10786.0,green,1
J19,I4341,12336.0,12342.0,green,1
J831,I8615,26637.0,26640.0,green,3
J831,I9991,29741.0,29744.0,green,1
J831,I10025,29802.0,29805.0,green,2
J3520,I5002,14772.0,14776.0,green,1
J3520,I5066,15020.0,15024.0,green,1
J3520,I5130,15260.0,15266.0,green,1
J293,I921,1743.0,1745.0,brown,1
J293,I1497,3124.0,3125.0,brown,1
J293,I1721,3674.0,3677.0,brown,1
J293,I6266,19280.0,19289.0,green,1
J293,I9466,28705.0,28707.0,green,1
J1743,I2148,5014.0,5024.0,green,1
J1743,I4068,11405.0,11408.0,green,3
J2678,I403,662.0,663.0,brown,1
J2678,I2676,6608.0,6610.0,green,1
J2678,I7028,22016.0,22020.0,green,2
J4533,I5866,17868.0,17869.0,brown,1
J4533,I6570,20335.0,20340.0,brown,1
J4533,I7307,22936.0,22947.0,green,1
J1862,I3000,7621.0,7630.0,green,2
J1862,I3697,10042.0,10045.0,green,1
J1862,I3985,11080.0,11089.0,green,1
J1862,I3992,11112.0,11117.0,green,1
J4512,I7724,24183.0,24187.0,green,2
J4512,I7852,24573.0,24578.0,green,2
J2413,I665,1179.0,1180.0,green,1
J2413,I2393,5755.0,5761.0,green,1
J2413,I3481,9318.0,9331.0,green,2
J2413,I5489,16486.0,16493.0,green,1
J2413,I5505,16543.0,16544.0,green,1
J1778,I3409,9077.0,9081.0,green,1
J1778,I4048,11326.0,11333.0,brown,2
J1778,I6289,19343.0,19356.0,green,2
J1778,I6545,20265.0,20268.0,green,1
J955,I7013,21956.0,21958.0,green,2
J955,I7077,22186.0,22188.0,green,1
J955,I8005,24996.0,25011.0,green,1
J1663,I2221,5235.0,5238.0,green,3
J1663,I2701,6659.0,6666.0,green,1
J4190,I4201,11859.0,11867.0,green,6
J1013,I1182,2366.0,2368.0,green,1
J1013,I1246,2528.0,2529.0,green,1
J1013,I1534,3207.0,3208.0,green,1
J1013,I1758,3771.0,3776.0,green,1
J1013,I2814,7028.0,7032.0,green,2
J712,I998,1914.0,1915.0,green,1
J712,I1014,1944.0,1945.0,brown,1
J712,I1062,2064.0,2065.0,green,1
J712,I1382,2883.0,2886.0,green,1
J4753,I7851,24571.0,24573.0,green,2
J4753,I7883,24657.0,24658.0,green,1
J4753,I7947,24850.0,24853.0,green,2
J4753,I7979,24940.0,24941.0,green,1
J4571,I6299,19383.0,19384.0,brown,1
J4571,I6459,19951.0,19953.0,brown,1
J4571,I6492,20076.0,20085.0,green,1
J4571,I6524,20184.0,20192.0,green,1
J4571,I6748,20971.0,20972.0,green,1
J2288,I4275,12096.0,12101.0,green,2
J2288,I4499,12836.0,12844.0,green,1
J2288,I6611,20484.0,20492.0,green,1
J745,I4735,13785.0,13790.0,green,1
J745,I7103,22292.0,22294.0,green,2
J745,I7391,23216.0,23222.0,green,1
J1031,I1690,3574.0,3579.0,brown,2
J1031,I9179,28043.0,28045.0,green,2
J1679,I1502,3130.0,3131.0,brown,1
J1679,I2846,7118.0,7123.0,brown,1
J1679,I7807,24432.0,24434.0,green,2
J1679,I9247,28210.0,28211.0,green,1
J1679,I9631,29068.0,29069.0,green,1
J3876,I74,104.0,106.0,brown,1
J3876,I3819,10552.0,10558.0,green,1
J3876,I5931,18130.0,18138.0,green,1
J4794,I8616,26640.0,26645.0,green,2
J4794,I9720,29253.0,29256.0,green,3
J4794,I10112,29935.0,29937.0,green,1
J825,I1868,4090.0,4097.0,green,2
J825,I2924,7366.0,7370.0,green,2
J207,I8674,26812.0,26818.0,green,4
J207,I8802,27126.0,27131.0,green,1
J1418,I2600,6387.0,6390.0,green,2
J1418,I6168,18938.0,18942.0,green,1
J1418,I7136,22428.0,22432.0,green,3
J2120,I2320,5521.0,5523.0,green,2
J2120,I2352,5611.0,5612.0,green,1
J2120,I4592,13230.0,13240.0,green,1
J2912,I4271,12070.0,12078.0,green,2
J2912,I4335,12309.0,12314.0,green,2
J2598,I5982,18326.0,18338.0,green,1
J2598,I7232,22693.0,22700.0,green,3
J2598,I7390,23201.0,23216.0,green,1
J4722,I7268,22815.0,22825.0,brown,4
J4722,I7845,24546.0,24554.0,green,1
J4722,I8133,25392.0,25393.0,green,1
J3536,I5064,15017.0,15018.0,green,1
J3536,I6216,19098.0,19105.0,green,3
J3536,I9784,29374.0,29375.0,green,1
J3536,I9785,29375.0,29379.0,green,1
J3572,I6548,20282.0,20283.0,green,1
J3572,I6640,20565.0,20566.0,green,1
J3572,I6740,20941.0,20944.0,green,2
J3572,I6804,21176.0,21178.0,green,1
J356,I530,887.0,889.0,green,2
J356,I722,1292.0,1293.0,green,1
J356,I754,1367.0,1373.0,green,1
J3232,I6023,18469.0,18476.0,green,3
J3232,I6439,19892.0,19893.0,green,1
J3232,I6471,19985.0,19987.0,green,1
J3232,I8921,27432.0,27435.0,green,1
J3858,I4329,12291.0,12294.0,brown,1
J3858,I7306,22930.0,22936.0,green,1
J3858,I9681,29176.0,29179.0,green,1
J4922,I8950,27502.0,27504.0,green,1
J4922,I9974,29719.0,29720.0,green,1
J2419,I4720,13710.0,13715.0,green,5
J4582,I5965,18267.0,18268.0,green,1
J4582,I6029,18490.0,18498.0,green,2
J4868,I9585,28973.0,28976.0,green,1
J4868,I9617,29037.0,29040.0,green,3
J4868,I9649,29113.0,29118.0,green,2
J1012,I1831,3975.0,3978.0,green,1
J1012,I2087,4815.0,4825.0,green,5
J3246,I5485,16482.0,16483.0,green,1
J3246,I5613,16971.0,16974.0,green,3
J3246,I5709,17322.0,17326.0,green,2
J2989,I2531,6187.0,6194.0,brown,1
J2989,I3108,8004.0,8014.0,green,3
J2989,I5732,17411.0,17422.0,green,1
J4162,I2890,7245.0,7246.0,brown,1
J4162,I3306,8684.0,8687.0,brown,1
J4162,I8491,26319.0,26325.0,green,1
J2191,I2839,7098.0,7099.0,brown,1
J2191,I3992,11112.0,11117.0,green,2
J2191,I5816,17688.0,17689.0,green,1
J4108,I5245,15723.0,15736.0,brown,1
J4108,I5982,18326.0,18338.0,green,1
J3604,I2838,7095.0,7098.0,green,3
J4342,I3038,7747.0,7748.0,brown,1
J4342,I3294,8628.0,8629.0,brown,1
J4342,I8447,26202.0,26205.0,green,1
J2525,I5042,14923.0,14929.0,green,6
J1131,I552,929.0,931.0,green,2
J1131,I872,1631.0,1632.0,green,1
J1131,I904,1693.0,1695.0,green,1
J1131,I2568,6300.0,6306.0,green,1
J3311,I6199,19035.0,19038.0,green,2
J3311,I6231,19162.0,19163.0,green,1
J3311,I6391,19682.0,19685.0,green,1
J3311,I6455,19937.0,19939.0,green,1
J3311,I7063,22122.0,22136.0,green,1
J1945,I2852,7134.0,7138.0,brown,1
J1945,I4037,11280.0,11283.0,green,1
J2671,I3368,8893.0,8895.0,brown,2
J2671,I7097,22265.0,22272.0,green,1
J2671,I7849,24560.0,24566.0,green,3
J4042,I7114,22336.0,22340.0,green,2
J3258,I4935,14497.0,14505.0,green,6
J1039,I3797,10439.0,10450.0,green,1
J724,I1161,2312.0,2313.0,green,1
J724,I1193,2392.0,2398.0,green,5
J4476,I4069,11408.0,11414.0,green,1
J1429,I3341,8796.0,8801.0,green,3
J3438,I6128,18829.0,18831.0,green,1
J3438,I6192,19015.0,19018.0,green,1
J3438,I6736,20922.0,20932.0,green,1
J1333,I2351,5597.0,5611.0,green,5
J390,I717,1286.0,1287.0,green,1
J390,I781,1441.0,1443.0,green,1
J390,I909,1701.0,1705.0,green,1
J390,I1389,2899.0,2902.0,green,1
J390,I1997,4518.0,4526.0,green,2
J364,I1136,2245.0,2254.0,green,3
J364,I1392,2905.0,2906.0,green,1
J364,I3664,9928.0,9947.0,green,1
J719,I8527,26403.0,26409.0,green,2
J3969,I5023,14858.0,14859.0,brown,1
J3969,I5439,16318.0,16322.0,brown,1
J3969,I5535,16666.0,16668.0,brown,1
J3969,I7104,22294.0,22302.0,green,2
J2790,I4549,13030.0,13031.0,green,1
J1284,I715,1279.0,1280.0,green,1
J1284,I779,1428.0,1437.0,green,1
J1284,I1899,4198.0,4203.0,green,1
J1284,I1931,4302.0,4304.0,green,2
J4741,I1663,3527.0,3529.0,brown,1
J4741,I5184,15480.0,15485.0,green,1
J4741,I9312,28365.0,28370.0,green,4
J496,I658,1162.0,1164.0,green,1
J496,I754,1367.0,1373.0,green,1
J496,I786,1455.0,1458.0,green,2
J496,I881,1646.0,1647.0,brown,1
J496,I946,1805.0,1806.0,green,1
J1328,I2887,7231.0,7237.0,brown,1
J1328,I7624,23907.0,23913.0,green,1
J1328,I9224,28154.0,28157.0,green,1
J1064,I2284,5410.0,5422.0,brown,1
J1064,I3469,9279.0,9282.0,green,1
J1064,I3821,10562.0,10568.0,green,1
J1064,I5229,15663.0,15665.0,green,2
J1064,I7853,24578.0,24579.0,green,1
J4789,I2853,7138.0,7140.0,brown,1
J4789,I8134,25393.0,25397.0,green,1
J2494,I1862,4077.0,4081.0,green,3
J2494,I4550,13031.0,13034.0,green,3
J3119,I2688,6632.0,6636.0,brown,1
J3119,I2976,7531.0,7534.0,brown,1
J3119,I5185,15485.0,15488.0,green,1
J3119,I5217,15622.0,15637.0,green,1
J3119,I7905,24706.0,24707.0,green,1
J1578,I3110,8017.0,8019.0,green,2
J1869,I2481,6003.0,6008.0,green,1
J1869,I2769,6835.0,6850.0,green,1
J1869,I3537,9509.0,9514.0,green,2
J996,I2012,4572.0,4575.0,green,1
J2328,I4187,11815.0,11820.0,brown,1
J2328,I5020,14843.0,14850.0,green,1
J3458,I3917,10883.0,10885.0,brown,1
J3458,I6958,21732.0,21741.0,green,2
J1612,I937,1783.0,1786.0,green,2
J1612,I968,1854.0,1855.0,brown,1
J1612,I1064,2066.0,2068.0,brown,1
J1612,I2921,7356.0,7359.0,green,1
J552,I1305,2685.0,2686.0,brown,1
J552,I1625,3417.0,3426.0,brown,1
J552,I8090,25248.0,25250.0,green,1
J552,I9754,29313.0,29315.0,green,1
J552,I9825,29449.0,29452.0,green,1
J552,I9850,29500.0,29501.0,green,1
J3173,I8212,25597.0,25603.0,green,1
J3173,I8884,27340.0,27345.0,green,1
J3173,I9556,28911.0,28923.0,green,2
J4104,I5385,16175.0,16182.0,green,3
J4104,I5993,18381.0,18386.0,green,3
J57,I323,531.0,532.0,green,1
J57,I387,634.0,635.0,green,1
J57,I611,1049.0,1054.0,green,1
J57,I1027,1971.0,1981.0,green,1
J4465,I5074,15064.0,15079.0,green,1
J4465,I9150,27949.0,27953.0,green,1
J4465,I9561,28935.0,28937.0,green,1
J1925,I3776,10361.0,10367.0,green,1
J1925,I6592,20404.0,20405.0,green,1
J309,I901,1686.0,1691.0,green,2
J309,I2980,7542.0,7547.0,brown,1
J538,I841,1576.0,1577.0,brown,1
J538,I1802,3889.0,3893.0,green,2
J538,I3217,8363.0,8378.0,green,1
J1690,I1807,3908.0,3910.0,green,1
J1690,I3023,7701.0,7706.0,green,2
J1690,I3663,9924.0,9928.0,green,1
J1690,I5495,16507.0,16514.0,green,1
J1494,I5189,15517.0,15524.0,green,2
J1494,I6357,19557.0,19561.0,green,2
J480,I1447,3018.0,3026.0,green,3
J1015,I208,324.0,330.0,green,6
J1011,I8432,26154.0,26155.0,green,1
J1011,I8464,26252.0,26253.0,green,1
J1011,I8976,27570.0,27571.0,green,1
J1011,I9296,28330.0,28333.0,green,1
J1153,I437,720.0,723.0,brown,1
J1153,I534,900.0,903.0,green,1
J1153,I2262,5347.0,5350.0,green,1
J1153,I4528,12947.0,12951.0,green,3
J4098,I6402,19714.0,19721.0,green,4
J3145,I3995,11122.0,11125.0,green,1
J3145,I4027,11235.0,11237.0,green,2
J3145,I4091,11500.0,11506.0,green,1
J3145,I4699,13625.0,13641.0,brown,1
J2640,I4847,14208.0,14212.0,green,2
J2640,I4975,14659.0,14664.0,green,2
J359,I533,894.0,900.0,green,3
J359,I2229,5254.0,5255.0,green,1
J1732,I3086,7900.0,7906.0,green,1
J1732,I6094,18709.0,18711.0,green,1
J2018,I3283,8573.0,8584.0,green,1
J2018,I7667,24016.0,24019.0,green,1
J2018,I8115,25338.0,25339.0,green,1
J2018,I8315,25891.0,25895.0,green,2
J4501,I2297,5459.0,5465.0,brown,2
J4501,I5658,17153.0,17158.0,green,1
J4501,I9210,28125.0,28126.0,green,1
J4501,I9278,28279.0,28282.0,green,2
J2379,I4576,13160.0,13171.0,green,4
J2047,I3777,10367.0,10368.0,green,1
J2047,I4033,11265.0,11273.0,green,4
J2047,I4737,13791.0,13797.0,green,1
J2127,I4521,12924.0,12929.0,green,1
J2127,I4841,14177.0,14183.0,green,2
J2127,I5705,17309.0,17310.0,green,1
J2127,I8953,27509.0,27511.0,green,1
J2026,I6678,20685.0,20693.0,green,3
J2026,I6806,21180.0,21182.0,green,2
J2026,I7865,24613.0,24614.0,green,1
J282,I319,520.0,522.0,green,2
J282,I351,578.0,579.0,green,1
J1495,I1147,2283.0,2285.0,brown,2
J1495,I5500,16521.0,16533.0,green,2
J1495,I7036,22033.0,22043.0,green,2
J377,I207,321.0,324.0,brown,1
J377,I2896,7266.0,7271.0,green,3
J377,I3248,8463.0,8465.0,green,1
J377,I3664,9928.0,9947.0,green,1
J3134,I3952,10975.0,10978.0,brown,1
J3134,I7857,24589.0,24591.0,green,2
J3134,I7937,24827.0,24832.0,green,1
J3134,I8109,25315.0,25320.0,green,1
J4425,I7942,24839.0,24841.0,green,1
J4425,I8862,27271.0,27274.0,green,2
J1498,I4063,11392.0,11394.0,green,2
J2309,I7094,22245.0,22247.0,green,1
J2309,I7414,23285.0,23298.0,green,2
J2309,I8608,26622.0,26625.0,green,1
J4569,I8706,26897.0,26898.0,brown,1
J4569,I8803,27131.0,27133.0,green,2
J4569,I8867,27286.0,27288.0,green,2
J4321,I7042,22057.0,22061.0,brown,1
J4321,I8179,25516.0,25518.0,green,1
J4558,I6706,20793.0,20795.0,green,2
J4558,I8722,26946.0,26950.0,green,2
J3988,I5850,17796.0,17799.0,brown,2
J3988,I5883,17947.0,17956.0,green,1
J3988,I5947,18220.0,18222.0,green,2
J3988,I7099,22277.0,22285.0,green,1
J2069,I5529,16628.0,16639.0,green,4
J2048,I2750,6793.0,6798.0,brown,2
J2048,I2975,7524.0,7531.0,green,2
J4183,I4697,13617.0,13622.0,brown,4
J4183,I9936,29659.0,29661.0,green,1
J4183,I9940,29666.0,29667.0,green,1
J105,I318,519.0,520.0,green,1
J105,I606,1034.0,1036.0,green,1
J3691,I6953,21718.0,21721.0,green,1
J3691,I7049,22074.0,22076.0,green,2
J3691,I7081,22202.0,22207.0,brown,1
J3691,I7097,22265.0,22272.0,green,1
J1375,I1999,4530.0,4533.0,green,2
J3703,I4636,13412.0,13415.0,brown,2
J3703,I4700,13641.0,13646.0,brown,3
J3703,I4765,13893.0,13903.0,green,1
J2476,I4281,12111.0,12113.0,green,2
J2476,I4313,12234.0,12238.0,green,2
J1590,I7572,23722.0,23732.0,green,2
J1590,I7732,24205.0,24207.0,green,2
J1236,I2385,5738.0,5739.0,brown,1
J1236,I2961,7464.0,7471.0,brown,1
J1236,I9330,28402.0,28406.0,green,1
J1240,I3050,7785.0,7793.0,green,1
J1240,I3818,10542.0,10552.0,green,2
J1240,I6714,20823.0,20825.0,green,1
J1783,I1117,2203.0,2207.0,green,3
J1783,I2525,6149.0,6151.0,green,1
J1783,I4285,12134.0,12135.0,green,1
J4594,I6782,21087.0,21092.0,brown,2
J4594,I8223,25640.0,25645.0,green,3
J4594,I9343,28439.0,28440.0,green,1
J88,I6023,18469.0,18476.0,green,3
J3316,I4843,14190.0,14193.0,green,2
J3316,I5067,15024.0,15025.0,green,1
J3316,I5099,15164.0,15167.0,green,1
J4271,I8233,25676.0,25680.0,brown,2
J2542,I4269,12062.0,12068.0,green,2
J3555,I4152,11678.0,11680.0,green,2
J3555,I4728,13744.0,13754.0,green,3
J239,I1138,2257.0,2264.0,green,3
J4407,I3432,9158.0,9170.0,brown,1
J4407,I8681,26836.0,26842.0,green,1
J3478,I6306,19403.0,19407.0,brown,1
J3478,I6563,20321.0,20324.0,green,2
J3478,I6595,20420.0,20431.0,green,2
J3294,I3833,10613.0,10615.0,brown,2
J3294,I3897,10815.0,10816.0,brown,1
J4673,I7850,24566.0,24571.0,green,1
J4673,I9194,28084.0,28091.0,green,4
J904,I1775,3819.0,3822.0,green,1
J904,I2351,5597.0,5611.0,green,1
J904,I3151,8150.0,8153.0,green,1
J904,I4987,14692.0,14697.0,green,1
J904,I5179,15455.0,15467.0,green,1
J4513,I7248,22739.0,22741.0,brown,2
J4513,I9105,27838.0,27842.0,green,3
J423,I414,682.0,684.0,brown,1
J423,I1438,3000.0,3001.0,brown,1
J423,I3006,7652.0,7657.0,brown,1
J966,I1729,3694.0,3704.0,green,1
J966,I5217,15622.0,15637.0,green,2
J1310,I510,848.0,851.0,green,1
J1310,I3198,8303.0,8309.0,green,1
J1310,I4181,11789.0,11793.0,green,2
J4872,I9439,28631.0,28633.0,green,2
J4872,I9471,28716.0,28718.0,green,2
J1381,I3100,7966.0,7968.0,green,2
J1381,I3409,9077.0,9081.0,green,1
J1381,I3580,9655.0,9659.0,green,1
J2531,I5718,17362.0,17370.0,green,1
J2531,I7414,23285.0,23298.0,green,4
J3386,I6471,19985.0,19987.0,green,1
J3386,I6759,21005.0,21008.0,green,2
J3386,I6823,21246.0,21248.0,green,1
J238,I188,290.0,291.0,brown,1
J1387,I1173,2345.0,2346.0,green,1
J1387,I1205,2421.0,2422.0,green,1
J1387,I1302,2675.0,2677.0,brown,1
J1387,I5737,17438.0,17443.0,green,2
J2827,I1345,2787.0,2788.0,brown,1
J2827,I9826,29452.0,29453.0,green,1
J2827,I9858,29516.0,29518.0,green,2
J2827,I9954,29683.0,29684.0,green,1
J586,I109,156.0,159.0,green,2
J586,I333,544.0,545.0,green,1
J586,I1837,3994.0,3997.0,green,2
J3347,I5611,16967.0,16969.0,green,2
J3347,I5675,17211.0,17214.0,brown,1
J3347,I6219,19110.0,19114.0,green,3
J4293,I7441,23371.0,23373.0,brown,2
J4293,I8954,27511.0,27516.0,green,1
J4293,I8994,27604.0,27606.0,green,2
J4293,I9058,27738.0,27740.0,green,1
J4574,I2615,6429.0,6431.0,brown,1
J4574,I2743,6781.0,6782.0,brown,1
J4574,I2871,7181.0,7183.0,brown,1
J4574,I3479,9309.0,9315.0,brown,1
J4574,I5592,16883.0,16898.0,green,1
J4574,I8920,27430.0,27432.0,green,1
J3123,I5495,16507.0,16514.0,green,1
J3123,I7063,22122.0,22136.0,green,3
J4997,I9647,29106.0,29109.0,green,3
J4997,I9679,29168.0,29169.0,green,1
J4997,I9711,29236.0,29238.0,green,1
J1795,I3119,8040.0,8046.0,green,2
J1535,I649,1133.0,1136.0,brown,2
J3625,I1789,3864.0,3867.0,brown,1
J3625,I4542,13013.0,13016.0,green,1
J3625,I5918,18074.0,18076.0,green,1
J3625,I7390,23201.0,23216.0,green,1
J3625,I8798,27119.0,27123.0,green,1
J4432,I5468,16429.0,16438.0,brown,4
J4432,I9149,27938.0,27949.0,green,2
J627,I503,832.0,837.0,green,1
J627,I567,957.0,962.0,green,1
J627,I631,1092.0,1094.0,green,1
J627,I2047,4689.0,4703.0,green,1
J2286,I2425,5833.0,5834.0,brown,1
J2286,I2585,6347.0,6348.0,brown,1
J2286,I2617,6433.0,6434.0,brown,1
J2286,I2649,6531.0,6532.0,brown,1
J2286,I6618,20505.0,20510.0,green,1
J2286,I9150,27949.0,27953.0,green,1
J3408,I8098,25264.0,25275.0,green,1
J3408,I8674,26812.0,26818.0,green,1
J3408,I9794,29396.0,29398.0,green,1
J1177,I2889,7241.0,7245.0,brown,1
J1177,I6410,19752.0,19761.0,green,1
J1177,I7370,23140.0,23144.0,green,1
J361,I1540,3222.0,3224.0,green,2
J361,I2372,5659.0,5670.0,green,4
J3019,I9411,28576.0,28582.0,green,1
J3019,I9443,28638.0,28642.0,green,2
J338,I1301,2671.0,2675.0,brown,1
J2548,I1439,3001.0,3006.0,brown,1
J2548,I3295,8629.0,8634.0,brown,2
J2548,I5888,17964.0,17969.0,green,1
J1941,I1913,4229.0,4236.0,green,2
J523,I1758,3771.0,3776.0,green,2
J523,I2078,4786.0,4787.0,green,1
J523,I2398,5768.0,5775.0,green,1
J3794,I6331,19481.0,19483.0,green,2
J3794,I6555,20291.0,20293.0,brown,1
J3794,I7419,23309.0,23314.0,brown,2
J3267,I5631,17025.0,17026.0,green,1
J3267,I5727,17396.0,17397.0,green,1
J3267,I6207,19061.0,19071.0,green,2
J3211,I3996,11125.0,11126.0,green,1
J3211,I4092,11506.0,11509.0,green,1
J3211,I8636,26702.0,26705.0,green,1
J1984,I4926,14469.0,14475.0,green,4
J1098,I1997,4518.0,4526.0,green,2
J1098,I3101,7968.0,7980.0,green,2
J4102,I5710,17326.0,17334.0,green,3
J4102,I6158,18902.0,18909.0,green,3
J4007,I7197,22592.0,22597.0,green,1
J4007,I8221,25638.0,25639.0,green,1
J4007,I9437,28627.0,28630.0,green,1
J4007,I9725,29262.0,29264.0,green,1
J72,I46,67.0,68.0,green,1
J72,I238,381.0,384.0,green,1
J72,I1926,4284.0,4287.0,green,1
J72,I2002,4538.0,4543.0,green,1
J72,I2094,4846.0,4847.0,green,1
J2282,I4695,13614.0,13616.0,brown,2
J2282,I4887,14360.0,14362.0,brown,1
J4890,I4308,12219.0,12220.0,brown,1
J4890,I4436,12636.0,12643.0,brown,1
J4890,I7973,24920.0,24926.0,green,1
J4890,I9621,29047.0,29048.0,green,1
J4890,I9821,29442.0,29444.0,green,2
J3696,I1020,1955.0,1958.0,brown,3
J1769,I179,268.0,273.0,brown,4
J1769,I5915,18065.0,18066.0,green,1
J3503,I372,611.0,612.0,brown,1
J3503,I3157,8169.0,8171.0,green,1
J3503,I5236,15691.0,15694.0,brown,1
J3503,I5461,16409.0,16411.0,green,2
J417,I956,1829.0,1831.0,green,1
J417,I1212,2442.0,2443.0,green,1
J417,I2204,5185.0,5193.0,green,2
J4777,I4713,13676.0,13679.0,brown,1
J4777,I4938,14517.0,14522.0,green,1
J4777,I8490,26318.0,26319.0,green,1
J66,I525,876.0,879.0,green,3
J66,I1037,2010.0,2014.0,green,1
J66,I3101,7968.0,7980.0,green,1
J66,I3821,10562.0,10568.0,green,1
J3912,I6359,19563.0,19571.0,green,3
J3912,I6391,19682.0,19685.0,green,1
J3912,I6775,21062.0,21073.0,green,2
J752,I909,1701.0,1705.0,green,3
J752,I1101,2160.0,2161.0,green,1
J752,I1805,3895.0,3906.0,green,2
J2447,I3501,9400.0,9407.0,brown,1
J2447,I9182,28052.0,28054.0,green,1
J2447,I9454,28670.0,28673.0,green,1
J2447,I9582,28970.0,28971.0,green,1
J2447,I9646,29102.0,29106.0,green,2
J3559,I4942,14553.0,14554.0,green,1
J3559,I5006,14787.0,14788.0,green,1
J3559,I6734,20920.0,20921.0,green,1
J3559,I7329,23043.0,23049.0,green,1
J3559,I7390,23201.0,23216.0,green,1
J4885,I9422,28599.0,28606.0,green,3
J3289,I1495,3121.0,3123.0,brown,1
J3289,I4536,12981.0,12988.0,green,3
J3289,I8344,25954.0,25955.0,green,1
J3289,I8576,26547.0,26549.0,green,1
J4061,I4674,13550.0,13551.0,brown,1
J4061,I4739,13799.0,13809.0,green,5
J4621,I5859,17822.0,17828.0,brown,1
J4621,I8548,26466.0,26473.0,green,2
J4621,I10060,29856.0,29857.0,green,1
J4621,I10084,29887.0,29888.0,green,1
J4544,I7243,22725.0,22726.0,brown,1
J4544,I7339,23067.0,23071.0,brown,4
J2314,I3026,7708.0,7709.0,brown,1
J2314,I3090,7930.0,7945.0,brown,1
J2314,I3251,8472.0,8473.0,green,1
J2314,I3283,8573.0,8584.0,green,2
J4626,I6604,20458.0,20460.0,green,2
J4626,I6732,20916.0,20917.0,green,1
J4626,I6796,21140.0,21147.0,green,1
J4626,I6924,21615.0,21617.0,green,1
J923,I579,981.0,984.0,green,2
J923,I2179,5123.0,5124.0,green,1
J923,I3171,8215.0,8223.0,green,2
J2815,I4277,12102.0,12106.0,green,1
J2815,I4757,13863.0,13870.0,green,3
J2739,I4718,13696.0,13700.0,green,3
J2739,I4782,13974.0,13975.0,green,1
J2739,I4814,14073.0,14076.0,green,1
J2739,I5038,14903.0,14907.0,brown,1
J3865,I5385,16175.0,16182.0,green,1
J3865,I5512,16569.0,16576.0,brown,2
J575,I712,1276.0,1277.0,green,1
J575,I744,1350.0,1351.0,green,1
J575,I873,1632.0,1634.0,brown,1
J1983,I4185,11808.0,11812.0,green,3
J1528,I1751,3755.0,3760.0,green,2
J1528,I2199,5167.0,5170.0,green,1
J1528,I3031,7717.0,7721.0,green,3
J1403,I2917,7344.0,7349.0,green,2
J1403,I3957,11007.0,11013.0,green,3
J3886,I6846,21335.0,21344.0,brown,1
J3886,I6974,21790.0,21791.0,brown,1
J3886,I8030,25073.0,25078.0,brown,2
J1490,I4571,13133.0,13144.0,green,1
J1490,I6939,21668.0,21674.0,green,2
J1876,I3929,10916.0,10917.0,green,1
J1876,I4817,14078.0,14089.0,green,2
J4492,I6893,21535.0,21541.0,green,2
J4492,I6989,21839.0,21857.0,green,2
J4492,I7917,24755.0,24758.0,green,2
J527,I6678,20685.0,20693.0,green,1
J527,I6910,21572.0,21576.0,green,4
J795,I7076,22183.0,22186.0,green,3
J1709,I2545,6235.0,6239.0,green,1
J1709,I6933,21654.0,21659.0,green,3
J4399,I5500,16521.0,16533.0,green,2
J4399,I9152,27954.0,27963.0,green,2
J4399,I9292,28317.0,28318.0,green,1
J4399,I9356,28459.0,28460.0,green,1
J419,I520,871.0,872.0,green,1
J419,I1032,1995.0,1998.0,green,1
J419,I2088,4825.0,4828.0,green,1
J268,I225,361.0,363.0,brown,1
J268,I7490,23509.0,23519.0,green,2
J268,I7810,24446.0,24449.0,green,1
J268,I8098,25264.0,25275.0,green,1
J3863,I5694,17276.0,17283.0,green,3
J3863,I5758,17522.0,17524.0,green,2
J3863,I5790,17621.0,17625.0,green,1
J2736,I1364,2835.0,2837.0,green,1
J2736,I2260,5340.0,5344.0,green,2
J2736,I2676,6608.0,6610.0,green,1
J3557,I6139,18851.0,18854.0,brown,1
J3557,I6428,19834.0,19839.0,green,5
J901,I2783,6895.0,6901.0,brown,1
J901,I3776,10361.0,10367.0,green,1
J1533,I3635,9845.0,9858.0,green,2
J3095,I3753,10259.0,10263.0,green,4
J3095,I3785,10401.0,10402.0,green,1
J2190,I3898,10816.0,10817.0,brown,1
J2190,I3995,11122.0,11125.0,green,2
J2190,I4218,11919.0,11920.0,brown,1
J2190,I4315,12246.0,12247.0,green,1
J2190,I5243,15711.0,15719.0,green,1
J1102,I2111,4884.0,4886.0,green,1
J1102,I2351,5597.0,5611.0,green,3
J4228,I424,699.0,702.0,brown,3
J4228,I456,755.0,756.0,brown,1
J4228,I9225,28157.0,28165.0,green,2
J4966,I7324,23019.0,23028.0,brown,1
J4966,I9021,27657.0,27659.0,green,1
J195,I554,933.0,934.0,green,1
J195,I650,1136.0,1146.0,green,1
J195,I1138,2257.0,2264.0,green,1
J2720,I3099,7962.0,7966.0,green,2
J2720,I5019,14834.0,14843.0,green,1
J4063,I4480,12755.0,12764.0,green,1
J4063,I4896,14380.0,14382.0,green,2
J4063,I4960,14604.0,14613.0,green,1
J2235,I4226,11930.0,11931.0,green,1
J2235,I4258,12033.0,12039.0,green,2
J2235,I6165,18931.0,18935.0,green,1
J2235,I6452,19930.0,19934.0,green,2
J4596,I7312,22956.0,22974.0,green,2
J3735,I6603,20456.0,20458.0,green,2
J3735,I6763,21016.0,21017.0,brown,1
J3735,I6795,21136.0,21140.0,green,2
J3338,I1816,3924.0,3928.0,brown,1
J3338,I5113,15215.0,15221.0,green,1
J3338,I6025,18478.0,18480.0,green,1
J2889,I1876,4120.0,4127.0,green,2
J2889,I2484,6017.0,6026.0,green,1
J2889,I6420,19793.0,19804.0,green,1
J3695,I6953,21718.0,21721.0,green,2
J3695,I7809,24439.0,24446.0,green,1
J1854,I1793,3877.0,3878.0,green,1
J1854,I2113,4893.0,4899.0,green,1
J1854,I2401,5778.0,5784.0,green,2
J3954,I8106,25305.0,25307.0,green,1
J3954,I9098,27821.0,27827.0,green,1
J3514,I598,1021.0,1025.0,brown,1
J3514,I8503,26353.0,26356.0,green,1
J3514,I9847,29497.0,29498.0,green,1
J2405,I4760,13883.0,13888.0,green,1
J2405,I4920,14455.0,14460.0,green,3
J2405,I7841,24537.0,24538.0,green,1
J1448,I2966,7488.0,7494.0,brown,2
J1448,I8183,25526.0,25529.0,green,1
J1448,I8919,27427.0,27430.0,green,1
J1448,I9207,28116.0,28120.0,green,2
J4349,I1411,2956.0,2960.0,brown,2
J4349,I4644,13435.0,13437.0,green,1
J4349,I7012,21951.0,21956.0,green,1
J1100,I2381,5721.0,5728.0,green,4
J3909,I6342,19526.0,19531.0,green,4
J3909,I7910,24734.0,24737.0,green,1
J4177,I7007,21924.0,21927.0,green,1
J4177,I7774,24347.0,24348.0,brown,1
J4177,I7902,24699.0,24700.0,brown,1
J4177,I8030,25073.0,25078.0,brown,2
J2295,I5383,16167.0,16172.0,green,1
J2295,I9255,28222.0,28226.0,green,1
J2970,I2112,4886.0,4893.0,green,2
J2970,I2239,5288.0,5297.0,brown,1
J2970,I2336,5564.0,5567.0,green,1
J2970,I3904,10836.0,10840.0,green,1
J2970,I4800,14039.0,14042.0,green,1
J2635,I3676,9980.0,9985.0,green,1
J2635,I7260,22784.0,22799.0,green,1
J2635,I7852,24573.0,24578.0,green,3
J535,I4407,12547.0,12548.0,green,1
J535,I8151,25436.0,25442.0,green,1
J535,I8441,26179.0,26181.0,green,1
J535,I8447,26202.0,26205.0,green,2
J4912,I6164,18928.0,18931.0,green,2
J4912,I9012,27640.0,27646.0,green,1
J4912,I9556,28911.0,28923.0,green,1
J3875,I3634,9839.0,9845.0,green,3
J3875,I5906,18031.0,18038.0,green,1
J3875,I8224,25645.0,25649.0,green,1
J3454,I5188,15510.0,15517.0,green,1
J3454,I5283,15857.0,15863.0,brown,3
J3454,I6468,19968.0,19978.0,green,2
J3122,I2998,7612.0,7619.0,green,1
J3122,I3029,7713.0,7715.0,brown,2
J3122,I6098,18720.0,18721.0,green,1
J3122,I6270,19301.0,19302.0,green,1
J2133,I5635,17037.0,17046.0,green,2
J2133,I7907,24711.0,24725.0,green,1
J4702,I9294,28319.0,28329.0,green,3
J3064,I4709,13670.0,13671.0,brown,1
J3064,I4741,13811.0,13812.0,brown,1
J3064,I4837,14167.0,14169.0,brown,1
J2213,I9838,29478.0,29480.0,green,1
J2213,I9966,29702.0,29706.0,green,3
J2213,I9998,29755.0,29758.0,green,1
J2213,I10030,29809.0,29810.0,green,1
J3494,I1064,2066.0,2068.0,brown,1
J3494,I1288,2645.0,2649.0,brown,3
J3494,I6857,21379.0,21380.0,green,1
J3494,I9321,28382.0,28385.0,green,1
J4595,I6613,20493.0,20497.0,green,2
J4595,I9205,28112.0,28114.0,green,1
J4595,I9209,28122.0,28125.0,green,2
J3129,I5890,17971.0,17972.0,green,1
J3129,I5954,18242.0,18244.0,brown,1
J3129,I6050,18565.0,18570.0,green,3
J800,I1699,3601.0,3603.0,brown,1
J800,I2372,5659.0,5670.0,green,1
J800,I5060,14997.0,15001.0,green,1
J2115,I4339,12328.0,12330.0,green,1
J2115,I4403,12529.0,12534.0,green,3
J2156,I3041,7750.0,7754.0,brown,1
J2156,I4770,13928.0,13940.0,green,1
J2156,I5634,17032.0,17037.0,green,2
J2156,I6626,20526.0,20532.0,green,1
J4470,I2669,6581.0,6582.0,brown,1
J4470,I5166,15394.0,15404.0,green,1
J4470,I6542,20251.0,20253.0,green,1
J4470,I9358,28462.0,28463.0,green,1
J63,I158,228.0,229.0,green,1
J63,I3486,9341.0,9363.0,green,2
J343,I549,924.0,926.0,green,2
J343,I1253,2539.0,2545.0,green,2
J343,I2210,5208.0,5212.0,green,1
J1073,I1471,3065.0,3066.0,green,1
J1073,I1855,4051.0,4060.0,green,4
J1073,I5943,18169.0,18182.0,green,1
J1222,I2773,6855.0,6861.0,green,2
J1222,I4564,13086.0,13089.0,brown,1
J1222,I5173,15425.0,15442.0,green,1
J1364,I2149,5024.0,5029.0,green,5
J1364,I2181,5132.0,5133.0,green,1
J2162,I2430,5842.0,5853.0,green,3
J3630,I6403,19721.0,19734.0,green,1
J3630,I7051,22079.0,22084.0,green,2
J2637,I4472,12724.0,12727.0,green,3
J2637,I5752,17505.0,17512.0,green,1
J2637,I7928,24796.0,24798.0,green,2
J4096,I6423,19815.0,19821.0,brown,3
J4096,I6456,19939.0,19946.0,green,2
J4096,I8008,25017.0,25019.0,green,1
J4420,I5347,16060.0,16066.0,green,3
J3321,I4381,12467.0,12469.0,brown,2
J3321,I4862,14256.0,14262.0,green,1
J3321,I6932,21646.0,21654.0,green,1
J588,I1429,2988.0,2991.0,green,1
J588,I1525,3191.0,3194.0,green,3
J2278,I3893,10797.0,10805.0,green,2
J977,I842,1577.0,1579.0,brown,1
J977,I1163,2314.0,2320.0,green,1
J977,I2763,6814.0,6820.0,green,3
J32,I67,95.0,97.0,brown,1
J32,I5444,16347.0,16351.0,green,2
J32,I7140,22440.0,22441.0,green,1
J32,I9012,27640.0,27646.0,green,2
J730,I8460,26239.0,26246.0,green,3
J1204,I1106,2171.0,2179.0,green,4
J1204,I4241,11968.0,11978.0,brown,1
J267,I1395,2911.0,2917.0,green,1
J267,I2675,6601.0,6608.0,green,1
J1434,I2740,6765.0,6767.0,brown,2
J1434,I2964,7482.0,7483.0,brown,1
J1434,I4468,12711.0,12716.0,brown,2
J1434,I4773,13944.0,13945.0,green,1
J949,I2230,5255.0,5258.0,green,3
J949,I2678,6611.0,6615.0,green,2
J2726,I4807,14054.0,14059.0,brown,5
J2726,I8952,27508.0,27509.0,green,1
J2547,I5000,14758.0,14769.0,green,3
J2547,I5351,16076.0,16077.0,brown,1
J3737,I7218,22657.0,22663.0,green,1
J3737,I7314,22975.0,22989.0,green,4
J1704,I1307,2693.0,2696.0,green,2
J1704,I1403,2937.0,2945.0,green,1
J1704,I3883,10752.0,10753.0,green,1
J4771,I7748,24265.0,24267.0,brown,2
J4771,I8004,24991.0,24996.0,brown,1
J3942,I6000,18399.0,18404.0,green,2
J3942,I6223,19121.0,19122.0,brown,1
J3942,I6255,19241.0,19242.0,brown,1
J3942,I6384,19650.0,19654.0,green,1
J3942,I8528,26409.0,26413.0,green,1
J4388,I6881,21494.0,21497.0,brown,2
J4388,I9346,28442.0,28443.0,green,1
J4388,I9378,28505.0,28506.0,green,1
J2589,I4863,14262.0,14263.0,green,1
J2589,I4927,14475.0,14477.0,green,2
J2589,I5055,14959.0,14980.0,green,2
J92,I390,640.0,641.0,green,1
J92,I614,1056.0,1058.0,green,2
J92,I742,1345.0,1347.0,green,1
J92,I806,1499.0,1505.0,green,1
J2392,I1332,2754.0,2755.0,brown,1
J2392,I5076,15084.0,15095.0,brown,3
J2392,I9277,28277.0,28279.0,green,1
J4347,I8578,26550.0,26551.0,green,1
J4347,I9058,27738.0,27740.0,green,1
J4347,I9186,28059.0,28062.0,green,3
J333,I2072,4758.0,4764.0,green,1
J333,I2200,5170.0,5178.0,green,1
J333,I2456,5926.0,5932.0,green,1
J3685,I5731,17410.0,17411.0,green,1
J3685,I5795,17639.0,17641.0,green,2
J3685,I5891,17972.0,17979.0,green,2
J2355,I3486,9341.0,9363.0,green,4
J4855,I8369,26014.0,26019.0,brown,2
J4855,I9266,28249.0,28250.0,green,1
J4855,I9426,28611.0,28612.0,green,1
J4855,I9938,29662.0,29665.0,green,1
J3407,I3312,8695.0,8697.0,green,2
J3407,I3824,10574.0,10575.0,green,1
J3407,I6484,20034.0,20045.0,green,1
J3407,I6492,20076.0,20085.0,green,1
J3407,I6721,20857.0,20870.0,green,1
J508,I5442,16337.0,16343.0,green,4
J508,I5730,17402.0,17410.0,green,1
J508,I6210,19075.0,19085.0,green,1
J1474,I1597,3353.0,3355.0,brown,2
J1474,I1693,3583.0,3590.0,brown,1
J1474,I4486,12778.0,12780.0,green,1
J2001,I1830,3961.0,3975.0,green,4
J2512,I6335,19495.0,19501.0,green,3
J4401,I5204,15580.0,15588.0,brown,4
J2812,I3076,7864.0,7873.0,brown,1
J2812,I4005,11159.0,11164.0,green,1
J2812,I6725,20892.0,20893.0,green,1
J3686,I5268,15800.0,15805.0,green,4
J1780,I1626,3426.0,3429.0,brown,3
J1780,I1914,4236.0,4242.0,brown,2
J1780,I2075,4777.0,4779.0,green,1
J3106,I5571,16799.0,16807.0,green,2
J3383,I2522,6137.0,6143.0,brown,1
J3383,I2618,6434.0,6437.0,brown,1
J3383,I9447,28649.0,28656.0,green,1
J3588,I6382,19648.0,19649.0,brown,1
J3588,I6446,19909.0,19915.0,brown,1
J3588,I8695,26876.0,26879.0,green,1
J1437,I2967,7494.0,7495.0,brown,1
J1437,I3095,7953.0,7955.0,brown,2
J1437,I6904,21558.0,21563.0,green,1
J3793,I7205,22616.0,22618.0,brown,2
J3793,I7718,24168.0,24170.0,green,2
J2003,I2858,7147.0,7148.0,brown,1
J2003,I7019,21981.0,21989.0,green,3
J187,I845,1582.0,1585.0,brown,2
J1776,I2582,6339.0,6343.0,brown,2
J1776,I4983,14681.0,14684.0,green,1
J1776,I6807,21182.0,21185.0,green,1
J94,I362,594.0,595.0,brown,1
J94,I426,706.0,707.0,brown,1
J94,I5931,18130.0,18138.0,green,1
J94,I7051,22079.0,22084.0,green,2
J94,I8427,26145.0,26146.0,green,1
J2442,I4849,14214.0,14219.0,green,2
J3241,I4719,13700.0,13710.0,green,1
J3241,I5038,14903.0,14907.0,brown,2
J2400,I4384,12475.0,12478.0,green,3
J2896,I7823,24487.0,24495.0,green,1
J2896,I8975,27558.0,27570.0,green,2
J4957,I2437,5872.0,5875.0,brown,2
J4957,I2533,6195.0,6199.0,brown,2
J4522,I4890,14364.0,14368.0,brown,2
J4522,I5019,14834.0,14843.0,green,2
J3905,I4673,13535.0,13550.0,brown,1
J3905,I5154,15354.0,15355.0,green,1
J3905,I5986,18350.0,18352.0,green,2
J3544,I4353,12383.0,12384.0,brown,1
J3544,I4385,12478.0,12479.0,brown,1
J3544,I4673,13535.0,13550.0,brown,2
J3544,I6562,20309.0,20321.0,green,2
J2755,I4655,13471.0,13478.0,green,1
J2100,I4158,11692.0,11695.0,brown,1
J2100,I4287,12138.0,12143.0,green,2
J2100,I6559,20301.0,20307.0,green,1
J3293,I8098,25264.0,25275.0,green,2
J3293,I8802,27126.0,27131.0,green,1
J3293,I9634,29076.0,29077.0,green,1
J2198,I2129,4954.0,4958.0,green,2
J2198,I2321,5523.0,5527.0,green,1
J2198,I2897,7271.0,7272.0,green,1
J434,I1160,2311.0,2312.0,green,1
J434,I1352,2798.0,2805.0,green,1
J434,I2184,5138.0,5139.0,green,1
J434,I3409,9077.0,9081.0,green,1
J143,I118,171.0,172.0,green,1
J143,I758,1379.0,1381.0,green,1
J143,I4726,13739.0,13742.0,green,1
J143,I5862,17843.0,17853.0,green,2
J1911,I3763,10298.0,10304.0,green,6
J1559,I1264,2576.0,2583.0,green,1
J1559,I4272,12078.0,12091.0,green,1
J1559,I5216,15620.0,15622.0,green,1
J241,I510,848.0,851.0,green,1
J241,I1918,4258.0,4265.0,green,3
J241,I2046,4685.0,4689.0,green,2
J3802,I7116,22344.0,22359.0,green,2
J2809,I3787,10403.0,10411.0,green,5
J2809,I5643,17089.0,17094.0,green,1
J753,I7684,24067.0,24071.0,green,3
J1774,I2460,5945.0,5947.0,green,2
J1774,I2588,6352.0,6361.0,green,3
J1774,I5148,15317.0,15337.0,green,1
J2953,I3572,9638.0,9640.0,green,2
J2953,I3604,9729.0,9736.0,green,2
J2544,I1382,2883.0,2886.0,green,2
J2544,I5793,17631.0,17635.0,green,4
J205,I5101,15169.0,15180.0,green,3
J1129,I2375,5680.0,5694.0,green,2
J1129,I4871,14296.0,14305.0,green,1
J1129,I5159,15373.0,15378.0,green,3
J615,I110,159.0,162.0,green,3
J643,I8175,25500.0,25501.0,green,1
J643,I9327,28396.0,28400.0,green,2
J2832,I5244,15719.0,15723.0,green,3
J3335,I1065,2068.0,2071.0,brown,1
J3335,I7642,23962.0,23966.0,green,1
J1325,I5496,16514.0,16518.0,green,4
J1325,I7576,23738.0,23741.0,green,1
J376,I870,1626.0,1630.0,green,4
J376,I950,1811.0,1812.0,green,1
J376,I1711,3642.0,3650.0,brown,1
J2369,I4574,13156.0,13158.0,green,2
J2369,I4606,13292.0,13296.0,green,1
J1008,I1747,3744.0,3746.0,green,2
J1008,I2899,7275.0,7285.0,green,3
J1008,I3347,8817.0,8818.0,green,1
J4647,I5586,16855.0,16857.0,green,1
J4647,I6386,19655.0,19663.0,green,1
J4647,I8434,26157.0,26159.0,green,1
J4647,I8882,27333.0,27336.0,green,2
J4647,I8954,27511.0,27516.0,green,1
J4149,I5463,16412.0,16416.0,green,2
J2668,I4086,11482.0,11493.0,green,1
J2668,I4437,12643.0,12645.0,brown,2
J2668,I5301,15914.0,15919.0,brown,1
J1756,I3680,9994.0,9996.0,green,2
J1756,I3696,10039.0,10042.0,green,3
J1268,I3061,7816.0,7825.0,green,2
J1074,I1960,4406.0,4413.0,green,1
J1074,I2376,5694.0,5706.0,green,2
J1074,I4400,12525.0,12526.0,green,1
J3620,I6249,19216.0,19218.0,brown,2
J3620,I6281,19327.0,19328.0,brown,1
J3620,I6441,19894.0,19899.0,brown,1
J4268,I8997,27609.0,27614.0,green,3
J4268,I9189,28067.0,28076.0,green,1
J3633,I5066,15020.0,15024.0,green,3
J3633,I5225,15649.0,15651.0,brown,1
J3633,I8106,25305.0,25307.0,green,1
J296,I3198,8303.0,8309.0,green,2
J296,I7038,22044.0,22053.0,green,2
J4003,I6796,21140.0,21147.0,green,2
J4003,I8108,25312.0,25315.0,green,1
J4403,I4480,12755.0,12764.0,green,1
J4403,I4608,13299.0,13306.0,green,2
J4403,I8452,26210.0,26212.0,green,1
J2674,I3627,9815.0,9819.0,green,2
J2674,I4491,12802.0,12814.0,green,1
J4795,I6061,18606.0,18607.0,brown,1
J4795,I7950,24860.0,24864.0,green,1
J3051,I4161,11705.0,11706.0,green,1
J3051,I6689,20720.0,20725.0,green,1
J3051,I6913,21579.0,21581.0,green,1
J3051,I7129,22398.0,22401.0,green,1
J1493,I1613,3393.0,3394.0,brown,1
J1493,I5550,16712.0,16729.0,green,1
J1493,I7406,23257.0,23267.0,green,2
J1493,I7982,24946.0,24949.0,green,1
J1493,I8622,26659.0,26668.0,green,1
J2124,I2694,6646.0,6649.0,brown,2
J2124,I9799,29402.0,29404.0,green,1
J148,I358,587.0,588.0,brown,1
J148,I7641,23956.0,23962.0,green,3
J148,I7687,24079.0,24082.0,green,2
J3819,I4076,11442.0,11448.0,green,1
J3819,I4172,11735.0,11757.0,green,2
J4524,I7081,22202.0,22207.0,brown,2
J4524,I7114,22336.0,22340.0,green,1
J1960,I7640,23954.0,23956.0,green,1
J981,I1678,3556.0,3558.0,green,2
J981,I1742,3735.0,3736.0,green,1
J1786,I1306,2686.0,2693.0,brown,1
J1786,I8091,25250.0,25252.0,green,1
J1786,I8187,25534.0,25535.0,green,1
J1786,I9319,28380.0,28381.0,green,1
J1786,I9615,29031.0,29034.0,green,2
J1536,I3326,8758.0,8759.0,green,1
J1536,I3454,9241.0,9246.0,green,1
J4609,I4243,11979.0,12000.0,brown,4
J4609,I4820,14096.0,14100.0,green,2
J2800,I8143,25416.0,25419.0,green,1
J4116,I5641,17071.0,17084.0,green,2
J4116,I6793,21118.0,21134.0,green,2
J2543,I5201,15562.0,15563.0,brown,1
J2543,I5233,15678.0,15682.0,brown,2
J4351,I6790,21106.0,21113.0,green,2
J2943,I3792,10425.0,10428.0,green,3
J2943,I3856,10677.0,10682.0,green,1
J2890,I38,51.0,53.0,green,2
J2890,I134,191.0,193.0,green,2
J3790,I1065,2068.0,2071.0,brown,1
J3790,I8138,25404.0,25406.0,green,2
J3790,I8458,26229.0,26235.0,green,2
J154,I436,719.0,720.0,brown,1
J154,I3797,10439.0,10450.0,green,3
J154,I6693,20731.0,20744.0,green,2
J1750,I1904,4210.0,4214.0,green,1
J1750,I2160,5075.0,5079.0,green,2
J4394,I18,22.0,24.0,green,2
J4394,I5906,18031.0,18038.0,green,1
J4394,I8082,25221.0,25222.0,green,1
J4394,I8626,26674.0,26677.0,green,1
J2488,I2417,5820.0,5822.0,brown,1
J2488,I2514,6118.0,6120.0,green,2
J2488,I2610,6412.0,6417.0,brown,1
J2488,I5458,16399.0,16401.0,green,1
J2256,I3762,10293.0,10298.0,brown,1
J2256,I5459,16401.0,16405.0,green,2
J2256,I6611,20484.0,20492.0,green,1
J2256,I9975,29720.0,29722.0,green,2
J3932,I7197,22592.0,22597.0,green,1
J3932,I7324,23019.0,23028.0,brown,3
J3736,I3596,9696.0,9704.0,brown,2
J3736,I5005,14784.0,14787.0,green,1
J3736,I5165,15389.0,15394.0,green,1
J2686,I5674,17208.0,17211.0,brown,3
J4251,I3493,9382.0,9387.0,brown,1
J4251,I6790,21106.0,21113.0,green,1
J4251,I8326,25920.0,25922.0,green,1
J4191,I7012,21951.0,21956.0,green,1
J4191,I8580,26552.0,26565.0,green,1
J4191,I9220,28147.0,28150.0,green,1
J1433,I3632,9829.0,9837.0,green,1
J1433,I6800,21164.0,21170.0,green,2
J1433,I6932,21646.0,21654.0,green,1
J1433,I8112,25331.0,25334.0,green,2
J3325,I2919,7351.0,7355.0,green,3
J3325,I3847,10649.0,10652.0,green,1
J890,I4610,13314.0,13315.0,green,1
J890,I4917,14439.0,14447.0,green,1
J890,I5074,15064.0,15079.0,green,1
J221,I727,1311.0,1314.0,green,2
J1895,I3080,7881.0,7886.0,green,2
J1895,I4520,12915.0,12924.0,green,2
J4174,I8302,25853.0,25857.0,green,3
J4174,I9214,28138.0,28140.0,green,2
J3854,I1125,2217.0,2222.0,brown,2
J3854,I7558,23684.0,23686.0,green,2
J3854,I8102,25285.0,25289.0,green,1
J386,I2552,6255.0,6263.0,green,2
J386,I3639,9864.0,9868.0,brown,1
J2019,I2935,7396.0,7403.0,green,4
J4693,I5532,16645.0,16656.0,green,5
J2701,I2860,7159.0,7164.0,brown,1
J2701,I3213,8352.0,8355.0,green,1
J2701,I5917,18068.0,18074.0,green,2
J341,I962,1842.0,1848.0,brown,1
J341,I4227,11931.0,11938.0,green,1
J341,I6595,20420.0,20431.0,green,3
J341,I7719,24170.0,24174.0,green,1
J930,I391,641.0,644.0,green,3
J930,I1511,3155.0,3162.0,green,2
J1024,I1121,2210.0,2212.0,brown,1
J1024,I2274,5375.0,5382.0,green,1
J1024,I8098,25264.0,25275.0,green,1
J1024,I8126,25366.0,25369.0,green,2
J4681,I5148,15317.0,15337.0,green,1
J4681,I9212,28132.0,28135.0,green,1
J4681,I9228,28173.0,28179.0,green,1
J4681,I9281,28284.0,28287.0,green,1
J4396,I8364,26007.0,26009.0,brown,2
J4396,I8493,26328.0,26335.0,green,1
J4396,I8716,26930.0,26932.0,brown,2
J4396,I8748,27009.0,27017.0,brown,1
J3307,I6031,18499.0,18507.0,green,5
J125,I335,546.0,548.0,green,2
J125,I399,657.0,658.0,green,1
J125,I527,881.0,882.0,green,1
J125,I655,1155.0,1160.0,green,1
J634,I1073,2094.0,2095.0,brown,1
J634,I9202,28108.0,28109.0,green,1
J634,I9938,29662.0,29665.0,green,1
J634,I10034,29814.0,29815.0,green,1
J634,I10058,29851.0,29855.0,green,1
J634,I10070,29870.0,29872.0,green,1
J876,I2092,4842.0,4844.0,green,2
J876,I2284,5410.0,5422.0,brown,1
J876,I4172,11735.0,11757.0,green,1
J876,I4913,14420.0,14424.0,green,1
J4672,I6438,19890.0,19892.0,green,2
J4672,I6470,19981.0,19985.0,green,4
J987,I1498,3125.0,3126.0,brown,1
J987,I1722,3677.0,3678.0,brown,1
J987,I1914,4236.0,4242.0,brown,1
J987,I3547,9536.0,9539.0,green,1
J987,I8135,25397.0,25400.0,green,2
J2843,I2739,6762.0,6765.0,brown,2
J2843,I9076,27773.0,27774.0,green,1
J2843,I9460,28693.0,28695.0,green,2
J2843,I9556,28911.0,28923.0,green,1
J4655,I4070,11414.0,11423.0,brown,1
J4655,I5127,15254.0,15256.0,green,2
J4655,I5287,15874.0,15881.0,green,2
J4655,I5447,16359.0,16372.0,green,1
J2568,I1962,4414.0,4418.0,green,2
J1520,I4622,13353.0,13368.0,green,1
J1520,I7566,23703.0,23708.0,green,1
J1520,I7854,24579.0,24587.0,green,2
J4340,I4958,14598.0,14601.0,brown,3
J4240,I4714,13679.0,13682.0,brown,2
J4240,I7211,22628.0,22632.0,green,1
J2264,I2099,4852.0,4854.0,brown,1
J2264,I2836,7083.0,7093.0,green,2
J2264,I7604,23834.0,23838.0,green,1
J3390,I5465,16417.0,16424.0,brown,2
J1938,I3702,10058.0,10074.0,green,1
J1938,I4406,12545.0,12547.0,green,1
J1938,I7937,24827.0,24832.0,green,1
J4967,I5284,15863.0,15866.0,brown,1
J4967,I6949,21698.0,21707.0,green,2
J4967,I10029,29808.0,29809.0,green,1
J3312,I3327,8759.0,8763.0,green,1
J3312,I4639,13420.0,13425.0,green,2
J3312,I5407,16225.0,16226.0,green,1
J3312,I6703,20784.0,20789.0,green,1
J3312,I6721,20857.0,20870.0,green,1
J3798,I6771,21048.0,21050.0,brown,2
J3798,I7188,22565.0,22571.0,green,1
J3798,I7220,22665.0,22669.0,green,3
J3259,I5888,17964.0,17969.0,green,3
J4438,I7909,24730.0,24734.0,green,3
J4438,I8629,26683.0,26687.0,green,2
J358,I448,741.0,742.0,brown,1
J358,I3744,10230.0,10234.0,brown,2
J73,I1098,2148.0,2149.0,brown,1
J73,I9195,28091.0,28095.0,green,2
J475,I6542,20251.0,20253.0,green,1
J475,I9422,28599.0,28606.0,green,1
J4070,I3874,10724.0,10725.0,green,1
J4070,I3970,11042.0,11044.0,green,2
J4070,I4003,11148.0,11152.0,brown,1
J4070,I4066,11396.0,11401.0,green,1
J4070,I4578,13175.0,13179.0,green,1
J1267,I7293,22879.0,22884.0,green,1
J1267,I8157,25457.0,25463.0,green,2
J2597,I4811,14067.0,14069.0,green,1
J146,I34,45.0,47.0,green,2
J146,I37,49.0,51.0,green,1
J1427,I3108,8004.0,8014.0,green,4
J4579,I2348,5593.0,5594.0,brown,1
J4579,I4941,14539.0,14553.0,green,4
J4902,I6348,19538.0,19539.0,green,1
J208,I514,856.0,858.0,green,1
J208,I578,978.0,981.0,green,2
J208,I738,1338.0,1339.0,green,1
J3002,I1914,4236.0,4242.0,brown,1
J3002,I8219,25628.0,25637.0,green,1
J3002,I8923,27441.0,27442.0,green,1
J3355,I4244,12000.0,12007.0,brown,3
J3355,I6805,21178.0,21180.0,green,1
J3355,I9437,28627.0,28630.0,green,2
J3565,I4356,12392.0,12398.0,brown,1
J3565,I5029,14872.0,14874.0,green,1
J3565,I9061,27744.0,27747.0,green,2
J550,I1434,2996.0,2997.0,green,1
J550,I1466,3056.0,3057.0,green,1
J550,I2170,5103.0,5105.0,green,1
J1816,I380,624.0,626.0,green,2
J1816,I572,970.0,971.0,green,1
J1816,I988,1892.0,1895.0,green,1
J1697,I104,149.0,150.0,brown,1
J1697,I329,538.0,539.0,green,1
J1697,I1385,2889.0,2892.0,green,1
J1697,I2505,6097.0,6099.0,green,1
J1697,I5249,15746.0,15748.0,green,1
J1703,I3364,8885.0,8887.0,brown,2
J1703,I3716,10114.0,10117.0,brown,1
J1703,I4069,11408.0,11414.0,green,1
J1703,I6341,19519.0,19526.0,green,1
J2448,I3080,7881.0,7886.0,green,1
J2448,I3112,8022.0,8023.0,green,1
J2448,I3784,10395.0,10401.0,green,1
J2448,I4648,13454.0,13458.0,green,1
J2448,I5048,14941.0,14943.0,green,1
J2448,I6520,20176.0,20177.0,green,1
J4943,I6773,21053.0,21058.0,brown,1
J4943,I7093,22243.0,22245.0,brown,1
J4943,I7253,22759.0,22760.0,brown,1
J4943,I9110,27849.0,27851.0,green,1
J3728,I1720,3669.0,3674.0,brown,1
J3728,I5049,14943.0,14947.0,green,1
J2469,I3908,10851.0,10861.0,green,4
J2469,I4004,11152.0,11159.0,green,2
J1589,I1253,2539.0,2545.0,green,1
J1589,I1733,3710.0,3715.0,green,2
J1589,I4213,11905.0,11908.0,green,1
J1589,I5285,15866.0,15873.0,green,2
J1793,I5382,16163.0,16167.0,green,1
J1793,I5724,17384.0,17387.0,green,1
J1793,I6294,19363.0,19376.0,green,1
J1793,I6296,19377.0,19378.0,green,1
J3099,I3362,8882.0,8883.0,brown,1
J3099,I8679,26826.0,26834.0,green,3
J3918,I5050,14947.0,14950.0,green,2
J3918,I5146,15313.0,15315.0,green,1
J3918,I5498,16519.0,16520.0,green,1
J3918,I5946,18209.0,18220.0,green,1
J2077,I4099,11527.0,11530.0,brown,1
J2077,I4868,14275.0,14280.0,green,1
J2077,I5348,16066.0,16070.0,green,1
J1870,I3524,9478.0,9480.0,green,2
J445,I803,1492.0,1495.0,green,3
J445,I835,1566.0,1567.0,green,1
J445,I1027,1971.0,1981.0,green,1
J445,I5211,15609.0,15610.0,green,1
J2396,I2566,6291.0,6294.0,green,2
J2396,I2661,6566.0,6567.0,brown,1
J2396,I3558,9577.0,9588.0,green,3
J4076,I7837,24529.0,24532.0,green,1
J4076,I9149,27938.0,27949.0,green,2
J4076,I10118,29945.0,29946.0,green,1
J1602,I2682,6624.0,6625.0,green,1
J1602,I2778,6877.0,6882.0,green,4
J467,I3193,8273.0,8279.0,green,3
J467,I5601,16935.0,16937.0,green,1
J4952,I7260,22784.0,22799.0,green,2
J4952,I9980,29726.0,29728.0,green,1
J4952,I10076,29877.0,29878.0,green,1
J2345,I3771,10346.0,10350.0,green,2
J2345,I9057,27737.0,27738.0,green,1
J2345,I9181,28048.0,28052.0,green,1
J258,I4210,11892.0,11900.0,green,2
J258,I6546,20268.0,20275.0,green,4
J4915,I8580,26552.0,26565.0,green,1
J4915,I9060,27741.0,27744.0,green,1
J4915,I9636,29080.0,29084.0,green,1
J4915,I9860,29520.0,29521.0,green,1
J4915,I9924,29638.0,29639.0,green,1
J4915,I9956,29686.0,29690.0,green,1
J4538,I4194,11842.0,11843.0,brown,1
J4538,I7107,22310.0,22312.0,green,2
J914,I1748,3746.0,3748.0,green,1
J914,I1780,3837.0,3842.0,green,2
J914,I4052,11339.0,11349.0,green,1
J1554,I2505,6097.0,6099.0,green,1
J1554,I3385,8967.0,8969.0,green,2
J4474,I5224,15648.0,15649.0,brown,1
J4474,I5448,16372.0,16375.0,brown,3
J1485,I2207,5197.0,5203.0,green,2
J1485,I3455,9246.0,9250.0,green,1
J1485,I4917,14439.0,14447.0,green,2
J2654,I7578,23743.0,23747.0,green,1
J1196,I1907,4218.0,4221.0,green,1
J1196,I1939,4326.0,4331.0,green,1
J1196,I2323,5528.0,5534.0,green,1
J1196,I2643,6518.0,6521.0,green,1
J3904,I7045,22063.0,22066.0,brown,2
J3904,I7110,22317.0,22327.0,green,4
J3265,I1057,2052.0,2054.0,brown,2
J3265,I1121,2210.0,2212.0,brown,1
J3265,I5314,15959.0,15971.0,green,1
J4563,I6801,21170.0,21172.0,green,2
J4563,I6833,21279.0,21285.0,green,2
J4563,I6897,21546.0,21549.0,green,1
J1633,I949,1808.0,1811.0,green,1
J1633,I1877,4127.0,4130.0,green,1
J1633,I3076,7864.0,7873.0,brown,1
J1633,I3217,8363.0,8378.0,green,1
J772,I1470,3063.0,3065.0,green,1
J772,I1886,4165.0,4166.0,green,1
J3524,I5401,16216.0,16219.0,green,2
J3524,I5753,17512.0,17516.0,green,1
J1304,I484,801.0,804.0,brown,2
J1304,I7973,24920.0,24926.0,green,1
J439,I347,569.0,571.0,green,2
J439,I1511,3155.0,3162.0,green,3
J1176,I2549,6245.0,6248.0,green,3
J3479,I4378,12454.0,12455.0,green,1
J3479,I4410,12562.0,12564.0,green,2
J3479,I5946,18209.0,18220.0,green,2
J1598,I2493,6050.0,6052.0,green,1
J1598,I4253,12019.0,12024.0,green,1
J1598,I5757,17520.0,17522.0,green,2
J3352,I4724,13720.0,13727.0,green,2
J3352,I4884,14347.0,14354.0,green,1
J3352,I8212,25597.0,25603.0,green,1
J3352,I8268,25758.0,25772.0,green,1
J4142,I4982,14675.0,14681.0,green,5
J4142,I7606,23843.0,23857.0,green,1
J1720,I3774,10356.0,10358.0,green,2
J1720,I4670,13522.0,13526.0,green,1
J4057,I7845,24546.0,24554.0,green,1
J4057,I8109,25315.0,25320.0,green,2
J4057,I8149,25431.0,25432.0,green,1
J4057,I8181,25521.0,25523.0,green,1
J4756,I8959,27522.0,27523.0,green,1
J4756,I9183,28054.0,28057.0,green,1
J4756,I9311,28358.0,28365.0,green,2
J4756,I9359,28463.0,28470.0,green,1
J4756,I9455,28673.0,28684.0,green,1
J2428,I3776,10361.0,10367.0,green,1
J986,I1076,2097.0,2098.0,brown,1
J986,I6693,20731.0,20744.0,green,4
J2878,I3662,9920.0,9924.0,green,1
J2878,I6702,20780.0,20784.0,green,1
J3004,I6346,19536.0,19537.0,green,1
J3004,I6410,19752.0,19761.0,green,2
J3180,I7104,22294.0,22302.0,green,4
J118,I8454,26217.0,26222.0,green,1
J118,I8966,27533.0,27537.0,green,3
J118,I9190,28076.0,28078.0,green,2
J1135,I5945,18190.0,18209.0,green,3
J1135,I7561,23690.0,23694.0,green,1
J3627,I3825,10575.0,10587.0,brown,2
J1411,I2019,4604.0,4606.0,green,1
J1411,I2403,5785.0,5787.0,green,1
J1411,I2467,5965.0,5970.0,green,3
J3605,I1940,4331.0,4337.0,brown,3
J3605,I8501,26349.0,26351.0,green,1
J3605,I8669,26801.0,26805.0,green,1
J814,I1389,2899.0,2902.0,green,2
J1758,I3782,10373.0,10391.0,green,1
J3396,I5494,16505.0,16507.0,green,2
J3396,I5526,16620.0,16622.0,green,2
J1399,I4250,12013.0,12016.0,green,1
J1399,I5914,18057.0,18065.0,green,1
J3808,I4682,13572.0,13577.0,brown,2
J3808,I6891,21519.0,21529.0,green,2
J4707,I5619,16997.0,17000.0,brown,3
J4707,I5651,17119.0,17120.0,brown,1
J1006,I3479,9309.0,9315.0,brown,1
J1006,I3608,9746.0,9750.0,green,2
J792,I1916,4245.0,4248.0,brown,1
J792,I3485,9339.0,9341.0,green,1
J792,I7069,22159.0,22165.0,green,1
J792,I7261,22799.0,22801.0,green,1
J2731,I3482,9331.0,9334.0,green,3
J2731,I3674,9977.0,9978.0,green,1
J2826,I4524,12934.0,12935.0,green,1
J2826,I5164,15385.0,15389.0,green,3
J2826,I5228,15656.0,15663.0,green,2
J2683,I5794,17635.0,17639.0,green,2
J2683,I7490,23509.0,23519.0,green,1
J1252,I2414,5811.0,5815.0,green,1
J1252,I2510,6108.0,6109.0,green,1
J1252,I4336,12314.0,12322.0,green,1
J1252,I4478,12748.0,12753.0,green,2
J1055,I1560,3275.0,3280.0,green,5
J1055,I2072,4758.0,4764.0,green,1
J887,I2610,6412.0,6417.0,brown,1
J887,I9963,29696.0,29699.0,green,1
J1879,I3635,9845.0,9858.0,green,1
J1879,I5459,16401.0,16405.0,green,1
J1879,I6547,20275.0,20282.0,green,1
J1879,I7571,23718.0,23722.0,green,1
J1879,I7573,23732.0,23734.0,green,1
J3422,I1874,4112.0,4119.0,green,2
J3422,I4178,11767.0,11785.0,green,1
J3422,I4530,12955.0,12962.0,green,1
J3422,I5906,18031.0,18038.0,green,2
J339,I791,1462.0,1465.0,green,1
J339,I1207,2427.0,2433.0,green,1
J2411,I873,1632.0,1634.0,brown,1
J2411,I7050,22076.0,22079.0,green,2
J2411,I7498,23531.0,23532.0,green,1
J2695,I4986,14689.0,14692.0,green,3
J2695,I5146,15313.0,15315.0,green,1
J2695,I5786,17615.0,17616.0,green,1
J2695,I6034,18509.0,18514.0,green,1
J3706,I8614,26636.0,26637.0,green,1
J3706,I9446,28645.0,28649.0,green,1
J3706,I9638,29085.0,29087.0,green,2
J458,I710,1272.0,1273.0,green,1
J458,I2430,5842.0,5853.0,green,2
J458,I2929,7385.0,7388.0,green,1
J200,I218,346.0,347.0,green,1
J200,I2074,4768.0,4777.0,green,2
J2852,I4919,14450.0,14455.0,green,3
J2852,I5975,18302.0,18308.0,green,2
J3159,I5491,16494.0,16497.0,green,2
J3159,I5650,17116.0,17119.0,brown,3
J3159,I8663,26786.0,26790.0,green,1
J1324,I783,1444.0,1451.0,green,2
J1324,I2511,6109.0,6111.0,green,2
J1324,I2735,6754.0,6755.0,green,1
J883,I1182,2366.0,2368.0,green,1
J883,I1758,3771.0,3776.0,green,1
J883,I2430,5842.0,5853.0,green,1
J883,I2558,6274.0,6278.0,green,1
J883,I3665,9947.0,9952.0,green,1
J1852,I3384,8946.0,8967.0,brown,3
J1852,I5209,15599.0,15607.0,green,1
J3640,I5203,15573.0,15580.0,brown,1
J3640,I5428,16290.0,16295.0,green,2
J3914,I6817,21223.0,21229.0,green,2
J3914,I7009,21936.0,21945.0,green,1
J4758,I5614,16974.0,16979.0,brown,4
J4758,I5903,18019.0,18026.0,green,2
J4227,I4837,14167.0,14169.0,brown,1
J4227,I4965,14628.0,14633.0,brown,1
J4227,I5318,15979.0,15982.0,green,3
J1957,I4053,11349.0,11352.0,green,1
J1957,I4085,11472.0,11482.0,green,4
J1957,I5073,15052.0,15064.0,green,1
J182,I1820,3934.0,3936.0,brown,1
J182,I6989,21839.0,21857.0,green,2
J182,I7727,24191.0,24197.0,green,2
J1932,I1326,2737.0,2739.0,brown,1
J1932,I1422,2974.0,2977.0,brown,1
J1932,I2639,6503.0,6507.0,green,1
J1932,I4571,13133.0,13144.0,green,2
J731,I122,175.0,176.0,brown,1
J731,I186,288.0,289.0,brown,1
J731,I410,675.0,676.0,brown,1
J731,I1306,2686.0,2693.0,brown,1
J2118,I2145,4998.0,4999.0,green,1
J2118,I2689,6636.0,6639.0,brown,1
J2118,I4577,13171.0,13175.0,green,1
J2118,I4801,14042.0,14043.0,green,1
J2118,I4897,14382.0,14383.0,green,1
J1244,I2932,7391.0,7393.0,green,2
J1244,I2996,7606.0,7611.0,green,2
J2220,I2635,6485.0,6490.0,green,5
J2220,I2731,6742.0,6743.0,green,1
J678,I859,1606.0,1611.0,brown,1
J678,I1275,2605.0,2616.0,brown,3
J678,I8156,25453.0,25457.0,green,1
J678,I8924,27442.0,27443.0,green,1
J1665,I3328,8763.0,8769.0,green,2
J1665,I3676,9980.0,9985.0,green,1
J1254,I1711,3642.0,3650.0,brown,2
J1254,I7792,24393.0,24398.0,green,1
J1254,I8144,25419.0,25422.0,green,1
J702,I3192,8267.0,8273.0,green,1
J702,I5784,17610.0,17613.0,green,1
J702,I6808,21185.0,21187.0,green,2
J3470,I4167,11721.0,11724.0,green,3
J3470,I4871,14296.0,14305.0,green,1
J3470,I5383,16167.0,16172.0,green,1
J160,I2520,6130.0,6136.0,green,3
J160,I6472,19987.0,19998.0,green,1
J2254,I2507,6100.0,6106.0,green,2
J2254,I6951,21713.0,21717.0,green,1
J1002,I1262,2570.0,2572.0,green,2
J1002,I1838,3997.0,3998.0,green,1
J2239,I4471,12721.0,12724.0,green,1
J4814,I3284,8584.0,8587.0,brown,2
J4814,I4564,13086.0,13089.0,brown,2
J4814,I9849,29499.0,29500.0,green,1
J1049,I3488,9367.0,9374.0,green,1
J1049,I6777,21075.0,21082.0,green,2
J1061,I1802,3889.0,3893.0,green,1
J1061,I1834,3986.0,3989.0,green,3
J1061,I2218,5222.0,5225.0,brown,2
J4257,I4007,11167.0,11180.0,brown,1
J4257,I4488,12783.0,12794.0,green,2
J4257,I8872,27295.0,27301.0,green,3
J3699,I5142,15304.0,15305.0,green,1
J3699,I5206,15591.0,15597.0,brown,2
J3682,I6964,21750.0,21753.0,brown,1
J3682,I7060,22114.0,22115.0,brown,1
J3682,I7540,23634.0,23637.0,brown,2
J786,I1069,2078.0,2081.0,brown,1
J786,I2190,5150.0,5153.0,green,1
J786,I3086,7900.0,7906.0,green,1
J4296,I5898,18008.0,18011.0,green,1
J4296,I7850,24566.0,24571.0,green,1
J4296,I8634,26693.0,26699.0,green,1
J2879,I2899,7275.0,7285.0,green,1
J2879,I6197,19025.0,19030.0,green,2
J2429,I1856,4060.0,4063.0,green,2
J2429,I1984,4486.0,4488.0,green,1
J2429,I2048,4703.0,4704.0,green,1
J2429,I4464,12696.0,12699.0,green,1
J2429,I5136,15281.0,15292.0,green,1
J3562,I3614,9770.0,9772.0,brown,1
J3562,I4639,13420.0,13425.0,green,2
J3562,I5279,15839.0,15843.0,green,3
J698,I39,53.0,55.0,green,1
J698,I2895,7261.0,7266.0,green,1
J698,I2927,7378.0,7384.0,green,1
J875,I849,1589.0,1591.0,brown,1
J875,I1554,3258.0,3261.0,green,1
J875,I3250,8470.0,8472.0,green,1
J875,I3570,9633.0,9636.0,green,1
J288,I658,1162.0,1164.0,green,1
J2466,I3470,9282.0,9283.0,green,1
J2466,I5486,16483.0,16484.0,green,1
J289,I557,936.0,937.0,green,1
J289,I5133,15272.0,15277.0,green,2
J327,I1977,4467.0,4469.0,green,2
J3043,I5352,16077.0,16081.0,brown,2
J3455,I3678,9986.0,9991.0,green,5
J3455,I3742,10225.0,10227.0,brown,1
J113,I1058,2054.0,2061.0,green,1
J113,I1409,2954.0,2955.0,brown,1
J113,I1474,3068.0,3072.0,green,1
J113,I3041,7750.0,7754.0,brown,1
J113,I5682,17228.0,17237.0,green,1
J1655,I2905,7305.0,7307.0,brown,2
J1655,I3065,7836.0,7837.0,brown,1
J1655,I6394,19694.0,19698.0,green,1
J1655,I7578,23743.0,23747.0,green,1
J1655,I9342,28438.0,28439.0,green,1
J3278,I5178,15454.0,15455.0,green,1
J3278,I5722,17376.0,17382.0,green,4
J4055,I4908,14402.0,14405.0,brown,1
J4055,I6093,18706.0,18709.0,green,3
J4055,I7101,22288.0,22290.0,green,1
J4055,I8125,25362.0,25366.0,green,1
J1358,I1711,3642.0,3650.0,brown,1
J1358,I2800,6961.0,6977.0,green,3
J2582,I3441,9189.0,9193.0,brown,1
J2117,I3250,8470.0,8472.0,green,1
J2117,I3698,10045.0,10046.0,green,1
J2117,I6594,20411.0,20420.0,green,1
J2117,I6908,21569.0,21570.0,green,1
J4628,I5230,15665.0,15674.0,green,1
J4628,I6926,21620.0,21636.0,green,3
J3273,I6541,20248.0,20251.0,green,1
J3273,I7069,22159.0,22165.0,green,1
J3870,I7336,23060.0,23061.0,brown,1
J3870,I7369,23138.0,23140.0,green,2
J3870,I7401,23244.0,23247.0,brown,1
J3870,I8105,25293.0,25305.0,green,1
J3870,I8921,27432.0,27435.0,green,1
J1021,I2468,5970.0,5975.0,green,4
J704,I1108,2182.0,2186.0,green,1
J704,I1876,4120.0,4127.0,green,1
J4107,I2584,6344.0,6347.0,brown,1
J4107,I3064,7832.0,7836.0,brown,1
J4107,I7065,22137.0,22140.0,green,3
J4107,I9337,28423.0,28424.0,green,1
J2529,I3487,9363.0,9367.0,green,1
J2529,I6207,19061.0,19071.0,green,1
J2529,I6837,21302.0,21309.0,green,2
J716,I1946,4360.0,4369.0,green,3
J3090,I4249,12012.0,12013.0,green,1
J3090,I4313,12234.0,12238.0,green,2
J3090,I4569,13110.0,13124.0,green,1
J817,I5736,17433.0,17438.0,green,2
J817,I7560,23687.0,23690.0,green,1
J817,I7848,24559.0,24560.0,green,1
J460,I627,1082.0,1086.0,brown,1
J460,I6868,21434.0,21439.0,green,3
J757,I1746,3742.0,3744.0,green,2
J757,I1778,3832.0,3836.0,green,4
J1141,I6504,20127.0,20135.0,green,2
J1141,I6856,21376.0,21379.0,green,1
J4931,I5396,16200.0,16205.0,brown,1
J4931,I9813,29426.0,29430.0,green,3
J4931,I9997,29751.0,29755.0,green,1
J1620,I3322,8730.0,8739.0,green,1
J1620,I3802,10483.0,10488.0,green,2
J78,I210,331.0,334.0,green,2
J78,I242,390.0,392.0,green,2
J1208,I2799,6954.0,6961.0,green,1
J1208,I4527,12945.0,12947.0,green,2
J1208,I4623,13368.0,13374.0,green,3
J1382,I2338,5568.0,5571.0,green,3
J1382,I2370,5655.0,5656.0,green,1
J1382,I2402,5784.0,5785.0,green,1
J1382,I2434,5865.0,5866.0,green,1
J2063,I3255,8481.0,8484.0,green,3
J2063,I3319,8708.0,8716.0,green,2
J1262,I2465,5957.0,5960.0,brown,1
J1262,I3586,9670.0,9674.0,green,1
J1262,I5634,17032.0,17037.0,green,1
J1262,I8032,25079.0,25080.0,green,1
J861,I437,720.0,723.0,brown,1
J861,I4182,11793.0,11795.0,green,2
J861,I4982,14675.0,14681.0,green,1
J861,I5718,17362.0,17370.0,green,2
J3566,I5170,15413.0,15418.0,green,1
J3566,I5490,16493.0,16494.0,green,1
J4918,I9555,28901.0,28911.0,green,3
J3606,I5641,17071.0,17084.0,green,1
J3606,I5945,18190.0,18209.0,green,1
J3606,I6728,20898.0,20906.0,brown,1
J1438,I9420,28596.0,28598.0,green,1
J3020,I6915,21589.0,21592.0,green,2
J3020,I8579,26551.0,26552.0,green,1
J3020,I9171,28022.0,28023.0,green,1
J3020,I9243,28200.0,28201.0,green,1
J3163,I701,1253.0,1254.0,green,1
J3163,I765,1396.0,1399.0,green,3
J71,I101,144.0,146.0,brown,2
J71,I229,367.0,368.0,brown,1
J71,I421,694.0,695.0,brown,1
J71,I6990,21857.0,21858.0,green,1
J3676,I6949,21698.0,21707.0,green,1
J3676,I7413,23280.0,23285.0,green,3
J4924,I8883,27336.0,27340.0,green,3
J4924,I9875,29549.0,29551.0,green,1
J2140,I3303,8674.0,8680.0,brown,1
J2140,I8648,26737.0,26743.0,green,1
J2140,I8680,26834.0,26836.0,green,1
J2140,I9704,29222.0,29223.0,green,1
J2140,I9712,29238.0,29242.0,green,2
J3600,I3794,10433.0,10435.0,green,2
J3600,I4530,12955.0,12962.0,green,2
J1023,I2322,5527.0,5528.0,green,1
J1023,I2354,5615.0,5622.0,green,1
J4828,I404,663.0,665.0,brown,1
J4828,I2036,4649.0,4651.0,brown,1
J4828,I8901,27377.0,27382.0,green,2
J4828,I9109,27848.0,27849.0,green,1
J4828,I9237,28192.0,28193.0,green,1
J3394,I3389,8978.0,8986.0,brown,2
J3394,I8670,26805.0,26806.0,green,1
J3842,I5550,16712.0,16729.0,green,3
J3842,I6606,20463.0,20473.0,green,1
J4372,I4509,12868.0,12872.0,brown,1
J4372,I4766,13903.0,13921.0,green,1
J4372,I7614,23879.0,23883.0,green,1
J4671,I7749,24267.0,24269.0,brown,2
J4671,I7781,24368.0,24370.0,brown,2
J4671,I9710,29234.0,29236.0,green,1
J4671,I9830,29458.0,29459.0,green,1
J171,I27,32.0,33.0,green,1
J171,I39,53.0,55.0,green,1
J171,I507,842.0,844.0,green,1
J171,I667,1183.0,1188.0,green,1
J4309,I6239,19190.0,19192.0,brown,1
J4309,I6303,19396.0,19399.0,brown,1
J4309,I6463,19957.0,19962.0,brown,1
