Job,Interval,Start,End,Energy,Flow
J3893,I5593,18893.0,18904.0,green,3
J3893,I5624,19038.0,19042.0,green,1
J3860,I2672,7295.0,7300.0,red,3
J3860,I2768,7615.0,7617.0,red,1
J3860,I3152,9051.0,9056.0,red,1
J3860,I6897,23853.0,23854.0,brown,1
J3971,I6367,21899.0,21901.0,brown,2
J3971,I6463,22248.0,22253.0,brown,2
J3971,I6887,23798.0,23807.0,brown,1
J734,I1251,2745.0,2751.0,green,4
J1970,I3081,8748.0,8750.0,brown,1
J1970,I3273,9509.0,9514.0,green,1
J1970,I3306,9632.0,9637.0,green,4
J4618,I2978,8334.0,8344.0,green,2
J4618,I3042,8583.0,8590.0,red,2
J4618,I5667,19214.0,19224.0,green,2
J4854,I3723,11201.0,11211.0,brown,3
J4854,I6123,21009.0,21019.0,brown,1
J650,I1629,3751.0,3754.0,red,3
J650,I1917,4666.0,4670.0,red,1
J650,I5710,19351.0,19370.0,green,2
J1323,I2190,5642.0,5654.0,green,1
J1323,I7791,26646.0,26649.0,green,1
J1323,I8534,28605.0,28613.0,brown,4
J1455,I1238,2702.0,2705.0,red,1
J1455,I3734,11251.0,11256.0,green,1
J1455,I5079,16842.0,16853.0,green,2
J1455,I5231,17470.0,17478.0,brown,1
J2946,I5192,17344.0,17345.0,green,1
J2946,I5594,18904.0,18907.0,green,2
J948,I2539,6811.0,6814.0,red,1
J948,I2571,6917.0,6927.0,red,2
J948,I4728,15410.0,15420.0,green,1
J948,I5116,17027.0,17035.0,green,1
J1723,I1409,3148.0,3150.0,red,1
J1723,I6881,23772.0,23778.0,brown,2
J1723,I9202,29951.0,29952.0,green,1
J445,I1354,2995.0,2998.0,brown,1
J445,I1610,3691.0,3702.0,brown,2
J1039,I1713,4053.0,4056.0,green,1
J1039,I1777,4247.0,4250.0,green,2
J1039,I1778,4250.0,4251.0,green,1
J1039,I1810,4344.0,4346.0,green,1
J1039,I2194,5659.0,5667.0,green,1
J669,I1430,3213.0,3218.0,red,1
J669,I5911,20143.0,20150.0,green,1
J669,I7223,24944.0,24959.0,green,1
J669,I7254,25046.0,25047.0,brown,1
J669,I7318,25274.0,25277.0,brown,1
J4288,I4837,15863.0,15865.0,green,1
J4288,I4997,16546.0,16551.0,green,1
J4288,I5029,16674.0,16683.0,green,1
J4288,I5125,17068.0,17073.0,brown,1
J4288,I6533,22469.0,22470.0,brown,1
J4288,I8325,28106.0,28112.0,brown,1
J1877,I1682,3930.0,3932.0,green,2
J1877,I1714,4056.0,4063.0,green,2
J1877,I1906,4632.0,4638.0,brown,1
J1877,I6186,21269.0,21273.0,brown,1
J885,I2982,8367.0,8389.0,green,6
J4563,I4009,12458.0,12469.0,brown,3
J4563,I5866,19948.0,19959.0,green,2
J659,I1959,4813.0,4816.0,red,3
J659,I2055,5171.0,5176.0,red,1
J659,I6268,21528.0,21533.0,green,2
J4043,I5179,17294.0,17299.0,brown,3
J1575,I1726,4089.0,4095.0,red,2
J1575,I3742,11315.0,11326.0,green,1
J1575,I5391,18139.0,18147.0,green,1
J3672,I3205,9273.0,9275.0,brown,1
J3672,I4070,12752.0,12758.0,green,1
J3672,I4166,13157.0,13166.0,green,1
J535,I7183,24785.0,24798.0,brown,3
J4421,I5376,18067.0,18071.0,green,1
J4421,I5568,18799.0,18805.0,brown,3
J2601,I2484,6636.0,6651.0,green,3
J2601,I2516,6760.0,6762.0,green,1
J2601,I5204,17376.0,17378.0,brown,1
J2295,I940,1955.0,1958.0,red,1
J2295,I2124,5383.0,5386.0,green,1
J2295,I3917,12084.0,12087.0,green,1
J2295,I5101,16950.0,16964.0,green,1
J4975,I6516,22427.0,22428.0,red,1
J4975,I6612,22788.0,22790.0,green,1
J4975,I6964,24096.0,24098.0,brown,2
J4975,I7252,25036.0,25045.0,brown,1
J4975,I7925,27034.0,27036.0,green,1
J2243,I2221,5771.0,5775.0,green,1
J2243,I4525,14575.0,14583.0,green,1
J2243,I4529,14601.0,14605.0,green,1
J1873,I1795,4291.0,4294.0,brown,2
J1873,I1827,4390.0,4394.0,red,2
J1873,I2276,5932.0,5936.0,green,2
J419,I842,1718.0,1720.0,green,1
J419,I1674,3901.0,3903.0,brown,1
J419,I4171,13180.0,13187.0,green,2
J2418,I4026,12557.0,12570.0,green,6
J682,I1384,3078.0,3082.0,green,1
J682,I3817,11615.0,11629.0,green,2
J682,I4329,13763.0,13773.0,green,2
J682,I5405,18193.0,18201.0,green,1
J3580,I5370,18016.0,18019.0,green,1
J3580,I6778,23336.0,23347.0,green,2
J3580,I7273,25113.0,25117.0,brown,1
J2994,I4159,13134.0,13137.0,green,2
J2994,I4286,13632.0,13634.0,brown,1
J2994,I6825,23566.0,23572.0,green,1
J3106,I2227,5789.0,5791.0,red,1
J3106,I2356,6202.0,6206.0,green,2
J3106,I2932,8171.0,8173.0,brown,2
J3106,I5204,17376.0,17378.0,brown,1
J4492,I6782,23359.0,23362.0,green,3
J4492,I6814,23506.0,23507.0,green,1
J4492,I6910,23895.0,23897.0,green,1
J4492,I7039,24362.0,24365.0,brown,1
J1647,I3338,9739.0,9743.0,green,1
J1647,I4459,14295.0,14302.0,green,1
J1647,I4555,14711.0,14717.0,green,1
J4126,I5129,17088.0,17089.0,brown,1
J4126,I5225,17439.0,17441.0,brown,1
J4126,I6314,21682.0,21686.0,green,1
J4126,I6889,23812.0,23822.0,brown,1
J4877,I2306,6052.0,6053.0,green,1
J4877,I6563,22577.0,22580.0,green,1
J4877,I6787,23371.0,23372.0,green,1
J4877,I6915,23913.0,23921.0,brown,1
J4877,I8707,29019.0,29020.0,brown,1
J3604,I4711,15347.0,15359.0,green,5
J1458,I1980,4885.0,4886.0,brown,1
J1458,I2045,5117.0,5127.0,green,1
J1458,I2173,5577.0,5579.0,green,1
J1458,I3069,8704.0,8711.0,green,1
J1458,I3293,9585.0,9587.0,green,1
J3213,I2716,7437.0,7439.0,green,1
J3213,I2908,8094.0,8104.0,brown,2
J3213,I5549,18708.0,18717.0,green,1
J3213,I5597,18910.0,18913.0,green,1
J1560,I2479,6622.0,6626.0,brown,4
J1560,I2512,6731.0,6737.0,green,1
J1560,I3185,9177.0,9199.0,green,1
J2255,I2669,7276.0,7282.0,green,2
J2255,I2797,7693.0,7697.0,green,1
J2255,I4173,13197.0,13208.0,green,1
J2255,I4637,15034.0,15049.0,green,2
J1754,I1688,3954.0,3965.0,green,4
J1546,I1175,2534.0,2540.0,green,2
J1546,I3638,10829.0,10837.0,green,1
J3486,I1010,2120.0,2121.0,red,1
J3486,I2835,7839.0,7847.0,green,4
J496,I5634,19087.0,19088.0,green,1
J496,I5666,19206.0,19214.0,green,3
J496,I5922,20185.0,20199.0,brown,1
J496,I6590,22696.0,22701.0,green,1
J1752,I6729,23161.0,23167.0,green,4
J1752,I6904,23870.0,23877.0,brown,1
J1752,I6906,23882.0,23888.0,brown,1
J3869,I2193,5658.0,5659.0,green,1
J3869,I7649,26238.0,26240.0,brown,2
J3869,I8034,27319.0,27327.0,green,3
J2033,I623,1188.0,1190.0,red,1
J2033,I2095,5301.0,5304.0,green,1
J2033,I6172,21185.0,21189.0,green,3
J3034,I5208,17383.0,17387.0,brown,1
J3034,I5241,17511.0,17520.0,green,4
J3034,I5337,17895.0,17904.0,green,1
J2209,I3705,11131.0,11134.0,green,3
J2209,I4057,12690.0,12698.0,brown,1
J436,I1240,2706.0,2712.0,brown,3
J436,I1304,2868.0,2870.0,red,1
J436,I1560,3537.0,3544.0,red,1
J4813,I8551,28652.0,28654.0,green,1
J4813,I8566,28698.0,28701.0,green,1
J4813,I8630,28848.0,28849.0,brown,1
J4813,I8646,28888.0,28890.0,brown,1
J4813,I8679,28963.0,28964.0,green,1
J4813,I8711,29026.0,29027.0,brown,1
J3172,I3225,9336.0,9343.0,green,2
J3172,I3257,9446.0,9454.0,red,2
J1569,I1379,3070.0,3071.0,brown,1
J1569,I1443,3246.0,3248.0,green,1
J1569,I1475,3336.0,3339.0,brown,1
J1569,I3185,9177.0,9199.0,green,3
J3913,I5623,19034.0,19038.0,green,1
J3913,I6743,23212.0,23224.0,green,1
J3913,I7127,24635.0,24636.0,green,1
J3913,I7223,24944.0,24959.0,green,3
J2410,I2276,5932.0,5936.0,green,1
J2410,I2371,6255.0,6264.0,red,1
J2410,I2948,8227.0,8231.0,green,1
J2410,I3684,11034.0,11041.0,green,2
J2410,I4515,14520.0,14526.0,brown,1
J1282,I591,1124.0,1127.0,green,2
J1282,I2703,7396.0,7401.0,brown,4
J1725,I1351,2991.0,2993.0,green,1
J1725,I1446,3259.0,3260.0,green,1
J1725,I4158,13118.0,13134.0,green,2
J1695,I1911,4650.0,4651.0,brown,1
J1695,I1943,4754.0,4755.0,green,1
J1695,I6264,21502.0,21512.0,green,1
J1695,I8055,27381.0,27382.0,brown,1
J1695,I8152,27676.0,27684.0,green,1
J4970,I7898,26969.0,26970.0,green,1
J4970,I7930,27048.0,27050.0,brown,2
J4970,I7994,27213.0,27216.0,brown,3
J645,I2761,7587.0,7594.0,green,4
J645,I3817,11615.0,11629.0,green,1
J3724,I1414,3160.0,3170.0,red,2
J604,I1580,3590.0,3595.0,green,2
J604,I1644,3805.0,3806.0,brown,1
J604,I1676,3906.0,3911.0,brown,1
J604,I2188,5638.0,5641.0,green,2
J4317,I6312,21680.0,21681.0,green,1
J4317,I6632,22872.0,22875.0,brown,1
J4317,I6728,23157.0,23161.0,brown,3
J4317,I7448,25692.0,25694.0,green,1
J4049,I6352,21843.0,21850.0,brown,6
J3236,I473,872.0,873.0,red,1
J3236,I953,1985.0,1991.0,brown,1
J3236,I1657,3846.0,3849.0,brown,1
J3236,I6138,21053.0,21059.0,green,2
J3236,I6986,24185.0,24186.0,green,1
J1564,I286,491.0,492.0,green,1
J1564,I383,682.0,686.0,red,2
J1564,I2751,7553.0,7561.0,green,1
J1564,I6409,22029.0,22037.0,green,2
J3079,I4280,13604.0,13605.0,green,1
J3079,I4697,15294.0,15302.0,green,2
J139,I1398,3112.0,3115.0,brown,1
J139,I4759,15550.0,15560.0,green,3
J139,I7846,26797.0,26810.0,brown,2
J1847,I314,543.0,544.0,green,1
J1847,I5467,18413.0,18418.0,green,1
J1847,I5595,18907.0,18908.0,green,1
J1847,I6299,21630.0,21635.0,green,1
J4755,I6015,20553.0,20564.0,green,2
J4755,I8127,27590.0,27594.0,green,4
J3764,I7335,25315.0,25316.0,green,1
J3764,I7367,25416.0,25420.0,green,3
J4040,I5262,17601.0,17604.0,red,1
J4040,I8454,28419.0,28424.0,brown,1
J4040,I8543,28631.0,28632.0,green,1
J3341,I6078,20821.0,20829.0,green,2
J3341,I6318,21714.0,21727.0,green,2
J3341,I6382,21951.0,21953.0,green,1
J3022,I4484,14409.0,14419.0,brown,4
J3022,I4549,14682.0,14691.0,green,1
J3022,I7397,25509.0,25511.0,green,1
J1186,I2246,5829.0,5837.0,green,1
J1186,I2277,5936.0,5939.0,green,2
J1186,I2629,7147.0,7153.0,green,2
J1186,I3077,8742.0,8743.0,brown,1
J4435,I4603,14898.0,14906.0,brown,4
J4435,I4636,15030.0,15034.0,green,1
J4788,I6349,21835.0,21839.0,brown,1
J4788,I6414,22044.0,22050.0,green,1
J4788,I6765,23285.0,23288.0,brown,1
J4788,I7566,26004.0,26007.0,green,2
J4788,I8590,28745.0,28749.0,green,1
J2136,I2187,5637.0,5638.0,green,1
J2136,I2411,6412.0,6416.0,red,3
J2136,I4587,14848.0,14856.0,green,1
J4022,I2006,4970.0,4975.0,green,1
J4022,I4694,15281.0,15285.0,brown,1
J4022,I6775,23326.0,23332.0,green,3
J4022,I6810,23470.0,23487.0,green,1
J3886,I1670,3885.0,3891.0,brown,1
J3886,I1734,4114.0,4118.0,red,1
J3886,I3911,12035.0,12050.0,green,1
J3886,I4423,14152.0,14168.0,green,1
J3886,I5319,17845.0,17849.0,green,1
J3886,I6443,22153.0,22161.0,green,1
J550,I5004,16577.0,16584.0,green,1
J550,I5372,18034.0,18043.0,green,5
J2503,I2293,6002.0,6013.0,green,2
J2503,I6933,23972.0,23980.0,brown,1
J2503,I7361,25394.0,25404.0,brown,1
J4677,I7621,26154.0,26155.0,green,1
J4677,I8430,28372.0,28373.0,green,1
J4028,I1819,4374.0,4377.0,red,1
J4028,I7846,26797.0,26810.0,brown,2
J2004,I3686,11043.0,11050.0,green,1
J2004,I4038,12611.0,12615.0,brown,2
J2004,I5574,18826.0,18835.0,brown,1
J2004,I7846,26797.0,26810.0,brown,2
J3824,I4962,16387.0,16407.0,green,1
J3824,I6497,22348.0,22358.0,brown,1
J3824,I6562,22571.0,22577.0,green,2
J3794,I3793,11508.0,11511.0,green,2
J3794,I4145,13062.0,13067.0,brown,1
J4071,I4352,13852.0,13881.0,green,1
J4071,I7712,26395.0,26397.0,green,2
J4071,I7856,26840.0,26845.0,green,1
J1252,I1661,3858.0,3862.0,brown,3
J1252,I1694,3976.0,3983.0,green,1
J1252,I2245,5825.0,5829.0,green,1
J1252,I2653,7226.0,7241.0,green,1
J4428,I5756,19567.0,19575.0,green,2
J4428,I6076,20818.0,20820.0,green,2
J4428,I7760,26536.0,26537.0,green,1
J899,I306,528.0,530.0,brown,1
J899,I338,583.0,584.0,brown,1
J899,I403,729.0,732.0,red,1
J899,I498,921.0,924.0,brown,1
J899,I5587,18878.0,18879.0,green,1
J899,I5683,19263.0,19264.0,green,1
J1195,I2335,6135.0,6137.0,brown,2
J1195,I4960,16380.0,16385.0,green,1
J1195,I5792,19699.0,19702.0,green,3
J2411,I1056,2248.0,2250.0,green,1
J2411,I2944,8207.0,8211.0,red,1
J2411,I6057,20740.0,20745.0,green,1
J2411,I6560,22565.0,22570.0,brown,1
J2884,I5017,16631.0,16633.0,brown,2
J2884,I5018,16633.0,16639.0,green,2
J2884,I5306,17781.0,17785.0,green,2
J3699,I4467,14317.0,14320.0,brown,1
J3699,I4531,14615.0,14620.0,green,1
J3699,I4756,15534.0,15543.0,green,1
J4293,I6327,21758.0,21760.0,green,1
J4293,I6359,21875.0,21882.0,brown,1
J4293,I6422,22079.0,22081.0,red,1
J4293,I7815,26723.0,26724.0,brown,1
J4293,I7831,26763.0,26764.0,brown,1
J3666,I5548,18707.0,18708.0,green,1
J3666,I5549,18708.0,18717.0,green,3
J4620,I6892,23827.0,23836.0,brown,1
J4620,I7341,25324.0,25334.0,green,2
J4639,I8168,27732.0,27736.0,green,3
J4639,I8488,28499.0,28502.0,green,3
J3842,I6080,20835.0,20844.0,brown,2
J3842,I6785,23367.0,23369.0,green,1
J3842,I6810,23470.0,23487.0,green,2
J3842,I6817,23512.0,23514.0,green,1
J2235,I393,699.0,703.0,green,1
J2235,I2858,7918.0,7921.0,green,1
J2235,I3946,12197.0,12205.0,green,2
J2235,I3978,12324.0,12328.0,brown,2
J3995,I4106,12867.0,12869.0,green,1
J3995,I4107,12869.0,12871.0,green,1
J3995,I4299,13667.0,13670.0,brown,3
J3995,I5403,18185.0,18187.0,green,1
J2980,I1655,3840.0,3843.0,brown,1
J2980,I1944,4755.0,4761.0,green,2
J2980,I5820,19784.0,19792.0,green,2
J4629,I3078,8743.0,8744.0,brown,1
J4629,I6982,24160.0,24167.0,brown,1
J4629,I7367,25416.0,25420.0,green,1
J3612,I3101,8833.0,8835.0,red,1
J3612,I3165,9103.0,9105.0,red,2
J3612,I3357,9821.0,9829.0,red,1
J3612,I3550,10533.0,10541.0,brown,1
J3612,I8190,27781.0,27782.0,brown,1
J3099,I4416,14134.0,14138.0,green,2
J3099,I4543,14661.0,14663.0,green,1
J3099,I4576,14808.0,14810.0,green,1
J3099,I4640,15053.0,15058.0,green,1
J3099,I5632,19073.0,19083.0,green,1
J1662,I3182,9169.0,9173.0,brown,1
J1662,I3342,9758.0,9761.0,green,1
J1662,I3534,10474.0,10478.0,green,1
J1662,I3598,10683.0,10689.0,brown,2
J1662,I3630,10806.0,10813.0,green,1
J4190,I5378,18072.0,18075.0,green,3
J4190,I5411,18212.0,18216.0,green,2
J4190,I5443,18345.0,18347.0,green,1
J1617,I1933,4718.0,4727.0,red,2
J1617,I6318,21714.0,21727.0,green,2
J3068,I4907,16180.0,16193.0,green,1
J3068,I4938,16276.0,16282.0,green,1
J654,I726,1452.0,1455.0,red,2
J654,I790,1596.0,1597.0,brown,1
J654,I3190,9210.0,9219.0,green,2
J654,I3286,9552.0,9559.0,green,1
J3654,I1534,3469.0,3472.0,brown,1
J3654,I3614,10743.0,10754.0,green,1
J1525,I2475,6615.0,6616.0,green,1
J1525,I2731,7487.0,7492.0,brown,1
J1525,I5036,16708.0,16716.0,green,1
J2695,I1610,3691.0,3702.0,brown,3
J2695,I4650,15107.0,15109.0,brown,2
J892,I1187,2570.0,2572.0,green,2
J892,I1219,2637.0,2639.0,brown,1
J892,I1348,2974.0,2987.0,green,1
J2470,I3914,12052.0,12059.0,green,1
J2470,I8107,27524.0,27525.0,green,1
J2470,I8368,28224.0,28225.0,green,1
J3427,I5382,18099.0,18111.0,green,1
J3427,I5415,18222.0,18223.0,green,1
J3427,I5639,19115.0,19123.0,green,1
J3427,I5671,19230.0,19235.0,green,1
J3427,I5703,19329.0,19330.0,brown,1
J3427,I5735,19487.0,19494.0,brown,1
J52,I161,254.0,258.0,green,2
J52,I2815,7776.0,7784.0,brown,2
J4019,I5203,17372.0,17376.0,brown,1
J4019,I5300,17747.0,17751.0,green,4
J4019,I5396,18156.0,18162.0,green,1
J1683,I2440,6502.0,6507.0,green,1
J1683,I3817,11615.0,11629.0,green,1
J1683,I7080,24485.0,24499.0,brown,1
J1683,I8661,28915.0,28920.0,green,2
J1683,I8665,28927.0,28928.0,green,1
J3573,I3566,10590.0,10593.0,red,1
J3573,I3887,11926.0,11929.0,brown,2
J284,I492,912.0,913.0,brown,1
J284,I652,1256.0,1259.0,green,1
J284,I2156,5505.0,5508.0,green,1
J284,I2252,5856.0,5866.0,brown,3
J2938,I4112,12879.0,12881.0,green,1
J2938,I4144,13042.0,13062.0,brown,2
J2938,I5235,17496.0,17500.0,brown,3
J206,I520,969.0,970.0,green,1
J206,I553,1028.0,1033.0,red,2
J206,I680,1348.0,1352.0,green,1
J206,I1384,3078.0,3082.0,green,1
J206,I1705,4022.0,4025.0,green,1
J1713,I3349,9793.0,9797.0,red,2
J1713,I3542,10501.0,10502.0,green,1
J3590,I1726,4089.0,4095.0,red,3
J3590,I3262,9467.0,9468.0,brown,1
J3590,I7071,24463.0,24464.0,green,1
J3484,I2580,6960.0,6964.0,green,4
J3484,I6549,22521.0,22538.0,green,2
J2180,I4471,14335.0,14344.0,brown,2
J2180,I6816,23508.0,23512.0,green,1
J726,I895,1851.0,1853.0,brown,1
J726,I5216,17407.0,17415.0,green,4
J726,I6268,21528.0,21533.0,green,1
J1947,I2780,7650.0,7655.0,red,2
J1947,I2813,7770.0,7774.0,brown,1
J1110,I7271,25095.0,25108.0,brown,1
J1110,I7424,25599.0,25603.0,green,1
J1475,I1744,4141.0,4145.0,green,1
J1475,I3503,10369.0,10381.0,green,1
J1475,I3727,11219.0,11228.0,brown,3
J2671,I3803,11554.0,11558.0,green,3
J2671,I3804,11558.0,11567.0,green,1
J2671,I4475,14363.0,14366.0,red,1
J2671,I6564,22580.0,22591.0,green,1
J4901,I5918,20166.0,20171.0,brown,1
J4901,I6079,20829.0,20835.0,green,1
J9,I65,91.0,92.0,red,1
J9,I4706,15333.0,15341.0,green,1
J9,I5698,19307.0,19312.0,green,1
J9,I8455,28424.0,28426.0,brown,2
J211,I602,1151.0,1154.0,green,3
J211,I667,1297.0,1316.0,green,1
J211,I1799,4307.0,4310.0,brown,1
J1286,I1659,3851.0,3857.0,brown,1
J1286,I3740,11290.0,11301.0,green,3
J1286,I5356,17965.0,17969.0,green,2
J4048,I3685,11041.0,11043.0,green,1
J4048,I4486,14422.0,14426.0,green,1
J4048,I4614,14932.0,14939.0,green,1
J4048,I4934,16265.0,16268.0,green,2
J4048,I6326,21752.0,21758.0,green,1
J336,I675,1333.0,1334.0,green,1
J336,I835,1699.0,1703.0,green,2
J336,I4873,16016.0,16029.0,green,1
J336,I5356,17965.0,17969.0,green,1
J4140,I6617,22806.0,22808.0,green,1
J4140,I6777,23334.0,23336.0,green,2
J4140,I6809,23465.0,23470.0,green,1
J3130,I5285,17676.0,17678.0,brown,2
J3130,I5317,17836.0,17843.0,green,1
J3130,I5318,17843.0,17845.0,green,2
J3130,I5574,18826.0,18835.0,brown,1
J3321,I4141,13034.0,13037.0,green,2
J3321,I4142,13037.0,13040.0,brown,1
J3321,I4206,13330.0,13334.0,green,1
J3321,I6465,22256.0,22258.0,green,2
J2664,I4185,13237.0,13246.0,green,1
J2664,I8057,27385.0,27389.0,green,2
J4184,I2674,7305.0,7307.0,red,2
J4184,I2770,7618.0,7619.0,red,1
J4184,I7411,25559.0,25565.0,green,3
J1278,I1000,2095.0,2097.0,red,1
J1278,I1097,2346.0,2347.0,green,1
J1278,I2825,7814.0,7818.0,brown,2
J1278,I3529,10453.0,10457.0,green,1
J3863,I5110,17005.0,17012.0,brown,1
J3863,I5270,17625.0,17634.0,brown,1
J3863,I6695,23048.0,23053.0,green,3
J2743,I1968,4848.0,4856.0,red,2
J2743,I7153,24713.0,24718.0,brown,4
J4665,I767,1543.0,1545.0,red,1
J4665,I1311,2884.0,2889.0,red,1
J4665,I6304,21652.0,21658.0,green,1
J3290,I7034,24343.0,24347.0,brown,1
J3290,I8363,28210.0,28213.0,green,1
J3290,I8411,28324.0,28330.0,green,1
J4962,I1698,3989.0,3992.0,red,1
J4962,I1826,4388.0,4390.0,red,1
J4962,I6819,23520.0,23525.0,green,2
J4962,I9075,29746.0,29748.0,brown,2
J3098,I4662,15155.0,15156.0,brown,1
J3098,I4694,15281.0,15285.0,brown,2
J3098,I8214,27837.0,27838.0,brown,1
J3098,I9127,29835.0,29837.0,green,1
J1901,I618,1179.0,1180.0,red,1
J1901,I6922,23943.0,23944.0,brown,1
J1901,I7274,25117.0,25126.0,brown,1
J1901,I7562,25995.0,25998.0,brown,2
J1901,I8587,28734.0,28737.0,green,1
J3144,I2653,7226.0,7241.0,green,1
J3144,I3038,8561.0,8563.0,green,2
J3144,I4030,12587.0,12593.0,green,1
J3365,I6116,20979.0,20981.0,brown,2
J3365,I6212,21348.0,21349.0,brown,1
J3365,I7108,24587.0,24588.0,brown,1
J3365,I7780,26618.0,26621.0,brown,1
J4221,I3293,9585.0,9587.0,green,1
J4221,I3357,9821.0,9829.0,red,3
J4221,I7806,26683.0,26688.0,green,2
J4847,I7837,26779.0,26782.0,brown,2
J4847,I8062,27396.0,27399.0,green,2
J3332,I2243,5821.0,5824.0,green,1
J3332,I4483,14399.0,14409.0,brown,5
J4630,I3268,9488.0,9490.0,green,1
J4630,I4580,14820.0,14825.0,brown,1
J2542,I2610,7069.0,7079.0,green,1
J2542,I2738,7514.0,7522.0,green,2
J1562,I2605,7038.0,7042.0,green,2
J1562,I2637,7183.0,7185.0,green,2
J1562,I2701,7394.0,7395.0,red,1
J1562,I4303,13674.0,13679.0,brown,1
J83,I255,428.0,430.0,green,2
J83,I320,553.0,556.0,green,1
J83,I352,605.0,609.0,green,1
J83,I1344,2967.0,2969.0,green,1
J83,I1376,3057.0,3066.0,brown,1
J3834,I4748,15502.0,15503.0,green,1
J3834,I4749,15503.0,15507.0,green,3
J3834,I6892,23827.0,23836.0,brown,1
J4939,I4442,14235.0,14238.0,brown,3
J4939,I4506,14497.0,14499.0,brown,1
J4939,I6682,23016.0,23023.0,brown,2
J1303,I2080,5254.0,5259.0,red,2
J1303,I2145,5466.0,5468.0,green,1
J1303,I3948,12207.0,12215.0,green,1
J1303,I4015,12498.0,12505.0,brown,2
J3526,I2178,5607.0,5609.0,green,1
J3526,I8597,28760.0,28762.0,green,2
J3526,I8691,28990.0,28993.0,brown,2
J106,I241,406.0,407.0,green,1
J106,I370,650.0,652.0,green,2
J106,I690,1372.0,1376.0,green,1
J106,I2738,7514.0,7522.0,green,1
J106,I3858,11800.0,11804.0,brown,1
J3934,I6446,22167.0,22172.0,green,1
J3934,I6493,22333.0,22336.0,brown,1
J3934,I6590,22696.0,22701.0,green,1
J2037,I2882,7997.0,8001.0,red,1
J2037,I2947,8220.0,8227.0,green,1
J2037,I3042,8583.0,8590.0,red,2
J2037,I5699,19312.0,19317.0,green,1
J2037,I5922,20185.0,20199.0,brown,1
J237,I6773,23312.0,23323.0,green,1
J237,I7285,25165.0,25181.0,green,1
J392,I1350,2988.0,2991.0,green,2
J1104,I1400,3121.0,3124.0,brown,1
J1104,I4994,16529.0,16542.0,green,1
J344,I592,1127.0,1132.0,green,1
J344,I624,1190.0,1191.0,red,1
J344,I752,1514.0,1515.0,red,1
J344,I784,1584.0,1587.0,red,1
J344,I4049,12640.0,12644.0,green,1
J344,I5969,20377.0,20381.0,green,1
J4319,I5698,19307.0,19312.0,green,1
J4319,I5761,19589.0,19597.0,green,2
J4319,I8482,28486.0,28488.0,green,2
J4319,I8642,28881.0,28883.0,brown,1
J3668,I3237,9372.0,9374.0,green,1
J3668,I3270,9493.0,9505.0,green,3
J3668,I6822,23536.0,23554.0,green,2
J2286,I1460,3309.0,3310.0,brown,1
J2286,I1684,3938.0,3941.0,green,1
J2286,I5589,18883.0,18888.0,green,1
J3857,I2621,7120.0,7131.0,green,1
J3857,I2781,7655.0,7659.0,red,1
J3857,I8070,27418.0,27425.0,green,4
J4427,I4056,12679.0,12690.0,brown,2
J4427,I8505,28543.0,28547.0,green,3
J4427,I8824,29267.0,29271.0,brown,1
J2990,I2462,6568.0,6572.0,green,1
J2990,I4414,14126.0,14133.0,brown,3
J8,I21,31.0,33.0,green,1
J8,I28,43.0,44.0,green,1
J8,I52,72.0,73.0,brown,1
J8,I372,655.0,659.0,green,1
J8,I3185,9177.0,9199.0,green,2
J2341,I3111,8874.0,8883.0,red,1
J2341,I3175,9150.0,9152.0,brown,1
J2341,I3239,9380.0,9381.0,brown,1
J2341,I3271,9505.0,9507.0,green,1
J2341,I4168,13167.0,13172.0,green,2
J3490,I3769,11442.0,11444.0,red,1
J3490,I5049,16756.0,16759.0,brown,1
J1332,I2632,7157.0,7166.0,green,2
J1332,I2824,7811.0,7814.0,brown,1
J3837,I5946,20289.0,20297.0,green,4
J3837,I6297,21623.0,21629.0,brown,2
J2513,I3736,11266.0,11268.0,green,1
J2513,I3737,11268.0,11277.0,green,5
J4348,I7198,24836.0,24840.0,green,1
J4348,I7430,25623.0,25628.0,green,1
J4348,I7821,26736.0,26739.0,brown,1
J2660,I2608,7045.0,7055.0,green,1
J2660,I3856,11790.0,11797.0,brown,1
J2660,I4432,14196.0,14211.0,green,1
J2660,I4736,15460.0,15467.0,green,2
J4542,I3837,11702.0,11704.0,brown,1
J4542,I4030,12587.0,12593.0,green,1
J4542,I7854,26824.0,26827.0,green,1
J4542,I8126,27581.0,27590.0,green,2
J4542,I8414,28335.0,28336.0,green,1
J2163,I837,1704.0,1711.0,green,2
J2163,I1222,2644.0,2648.0,green,1
J2163,I1701,4000.0,4010.0,brown,2
J2163,I3750,11347.0,11359.0,green,1
J362,I451,819.0,824.0,brown,2
J362,I643,1236.0,1238.0,green,1
J362,I644,1238.0,1244.0,green,3
J459,I392,698.0,699.0,green,1
J459,I393,699.0,703.0,green,1
J459,I424,774.0,775.0,green,1
J4480,I7115,24614.0,24616.0,brown,1
J4480,I8556,28665.0,28668.0,green,3
J4927,I4394,14039.0,14046.0,brown,3
J4927,I7562,25995.0,25998.0,brown,1
J3919,I3816,11612.0,11615.0,green,1
J3919,I7552,25972.0,25974.0,green,1
J4730,I3370,9865.0,9866.0,red,1
J4730,I3882,11901.0,11906.0,brown,1
J4730,I5898,20113.0,20120.0,brown,1
J4730,I8267,27971.0,27973.0,green,1
J703,I1072,2289.0,2290.0,green,1
J703,I1328,2936.0,2937.0,green,1
J703,I1648,3816.0,3819.0,brown,1
J703,I1776,4239.0,4247.0,green,1
J703,I1872,4529.0,4532.0,green,1
J703,I4049,12640.0,12644.0,green,1
J230,I564,1065.0,1067.0,green,1
J230,I598,1142.0,1143.0,green,1
J204,I600,1146.0,1149.0,green,1
J204,I823,1667.0,1670.0,green,1
J204,I3895,11944.0,11952.0,green,2
J1193,I1585,3601.0,3605.0,green,2
J1193,I1841,4436.0,4440.0,red,1
J1193,I1873,4532.0,4534.0,green,1
J1193,I2001,4948.0,4955.0,green,2
J1227,I1735,4118.0,4120.0,red,2
J1227,I4104,12860.0,12864.0,green,1
J1122,I1702,4010.0,4016.0,brown,2
J4836,I7259,25056.0,25057.0,brown,1
J4836,I7323,25291.0,25294.0,brown,1
J4836,I7356,25377.0,25387.0,green,1
J978,I1864,4512.0,4515.0,brown,3
J978,I2057,5179.0,5184.0,red,1
J978,I4329,13763.0,13773.0,green,1
J978,I5385,18115.0,18117.0,green,1
J1804,I274,469.0,472.0,green,1
J1804,I306,528.0,530.0,brown,1
J1804,I1266,2776.0,2779.0,brown,1
J1804,I1650,3820.0,3829.0,brown,1
J1359,I481,886.0,888.0,green,1
J1359,I545,1012.0,1015.0,red,2
J1359,I4994,16529.0,16542.0,green,1
J1359,I5525,18603.0,18607.0,brown,2
J257,I800,1619.0,1621.0,brown,1
J257,I948,1971.0,1976.0,brown,3
J2973,I2865,7945.0,7953.0,green,4
J2973,I2993,8411.0,8416.0,red,1
J2973,I5105,16990.0,16994.0,brown,1
J1108,I7639,26205.0,26212.0,brown,1
J1108,I8664,28923.0,28927.0,green,2
J4380,I1933,4718.0,4727.0,red,3
J4380,I7277,25135.0,25143.0,brown,1
J4380,I7630,26174.0,26177.0,green,2
J3515,I2413,6417.0,6421.0,red,1
J3515,I2477,6619.0,6620.0,brown,1
J3515,I2509,6719.0,6722.0,green,2
J3515,I2733,7494.0,7496.0,brown,1
J3515,I4845,15910.0,15921.0,brown,1
J311,I727,1455.0,1463.0,red,1
J311,I887,1828.0,1834.0,brown,1
J311,I6524,22445.0,22450.0,green,2
J311,I6871,23746.0,23751.0,brown,1
J3702,I4571,14787.0,14793.0,green,1
J3702,I6619,22815.0,22816.0,green,1
J3702,I7195,24830.0,24832.0,green,1
J3702,I7331,25306.0,25308.0,green,1
J1265,I651,1253.0,1256.0,green,2
J1265,I3531,10458.0,10467.0,green,1
J4255,I4704,15329.0,15332.0,green,1
J4255,I4736,15460.0,15467.0,green,1
J4255,I5121,17052.0,17057.0,brown,1
J595,I556,1042.0,1046.0,red,1
J595,I588,1116.0,1119.0,green,1
J595,I652,1256.0,1259.0,green,2
J595,I972,2039.0,2044.0,red,1
J1434,I2501,6691.0,6695.0,green,2
J1434,I2533,6794.0,6797.0,red,1
J1434,I2821,7800.0,7804.0,brown,2
J1434,I5606,18942.0,18946.0,green,1
J1933,I1486,3366.0,3367.0,red,1
J1933,I1518,3436.0,3440.0,red,1
J1933,I8815,29250.0,29252.0,brown,1
J1036,I2039,5098.0,5106.0,green,1
J1036,I4824,15803.0,15809.0,green,1
J1036,I5544,18671.0,18696.0,green,1
J2871,I4590,14861.0,14866.0,green,1
J2871,I4622,14987.0,14990.0,green,2
J1836,I2995,8417.0,8428.0,red,1
J1836,I3188,9202.0,9207.0,green,2
J1836,I3860,11807.0,11817.0,brown,1
J1836,I3940,12178.0,12179.0,green,1
J348,I566,1068.0,1070.0,green,1
J348,I853,1744.0,1749.0,brown,3
J348,I1046,2213.0,2221.0,green,1
J348,I1909,4643.0,4649.0,brown,1
J3774,I2816,7784.0,7786.0,brown,1
J3774,I6208,21332.0,21340.0,brown,2
J3774,I8528,28587.0,28589.0,brown,1
J3774,I8545,28633.0,28635.0,green,2
J532,I813,1642.0,1647.0,green,3
J532,I1070,2280.0,2287.0,green,3
J1994,I883,1822.0,1823.0,brown,1
J1994,I980,2057.0,2059.0,red,2
J1994,I1907,4638.0,4641.0,brown,1
J1994,I2356,6202.0,6206.0,green,1
J4003,I2538,6809.0,6811.0,red,1
J4003,I6027,20620.0,20625.0,green,1
J4636,I8433,28377.0,28384.0,green,2
J3247,I3062,8666.0,8669.0,green,2
J3247,I3126,8939.0,8941.0,green,2
J3247,I3798,11531.0,11537.0,green,1
J3247,I3894,11940.0,11944.0,green,1
J1175,I156,245.0,247.0,green,1
J1175,I188,301.0,302.0,green,1
J1175,I348,596.0,598.0,green,1
J1175,I444,807.0,812.0,red,1
J1175,I604,1156.0,1159.0,green,1
J1175,I3039,8563.0,8578.0,green,1
J4419,I6017,20565.0,20573.0,green,4
J4419,I6945,24000.0,24004.0,green,1
J3575,I4622,14987.0,14990.0,green,1
J3575,I4813,15756.0,15766.0,brown,1
J3575,I4845,15910.0,15921.0,brown,2
J3575,I4942,16288.0,16292.0,green,2
J1314,I471,867.0,871.0,red,1
J1314,I727,1455.0,1463.0,red,1
J1314,I1895,4603.0,4612.0,brown,1
J1314,I4303,13674.0,13679.0,brown,1
J1314,I4896,16138.0,16144.0,green,2
J4804,I3584,10639.0,10641.0,red,1
J4804,I5889,20071.0,20077.0,brown,1
J4804,I6497,22348.0,22358.0,brown,4
J3760,I3451,10149.0,10151.0,green,1
J3760,I4059,12703.0,12719.0,brown,1
J3760,I5388,18122.0,18131.0,green,2
J3760,I6475,22279.0,22284.0,brown,1
J3760,I6596,22727.0,22733.0,green,1
J4195,I3948,12207.0,12215.0,green,1
J4195,I7916,27013.0,27017.0,brown,3
J4195,I8957,29529.0,29530.0,brown,1
J2040,I474,873.0,876.0,red,1
J2040,I9207,29957.0,29959.0,brown,1
J2279,I2539,6811.0,6814.0,red,1
J2279,I2731,7487.0,7492.0,brown,1
J2279,I5100,16942.0,16950.0,green,3
J2279,I7379,25449.0,25450.0,brown,1
J1161,I922,1910.0,1915.0,green,1
J1161,I1082,2309.0,2317.0,green,2
J1161,I3738,11277.0,11289.0,green,1
J1161,I4025,12544.0,12557.0,green,2
J2211,I2848,7889.0,7891.0,green,1
J2211,I2944,8207.0,8211.0,red,1
J2211,I3329,9710.0,9714.0,green,1
J2211,I5205,17378.0,17380.0,brown,1
J2211,I5697,19302.0,19307.0,green,2
J4000,I3865,11833.0,11837.0,brown,1
J4000,I8137,27630.0,27635.0,brown,2
J675,I257,431.0,432.0,green,1
J675,I322,558.0,559.0,green,1
J675,I354,612.0,614.0,green,1
J675,I482,888.0,893.0,green,1
J1346,I2216,5750.0,5751.0,green,1
J1346,I2344,6155.0,6161.0,brown,4
J1346,I8489,28502.0,28503.0,green,1
J2349,I4512,14512.0,14513.0,brown,1
J2349,I4641,15058.0,15060.0,green,2
J2923,I4224,13392.0,13400.0,green,4
J2923,I7532,25910.0,25914.0,green,2
J2745,I3142,9011.0,9019.0,red,1
J2745,I3238,9374.0,9380.0,brown,1
J2745,I6151,21100.0,21107.0,green,1
J2745,I6521,22433.0,22434.0,green,1
J2558,I1014,2127.0,2128.0,red,1
J2558,I1302,2862.0,2865.0,red,1
J2558,I1398,3112.0,3115.0,brown,2
J2558,I5330,17877.0,17880.0,green,1
J455,I608,1162.0,1164.0,green,2
J455,I3617,10756.0,10764.0,brown,1
J455,I4353,13881.0,13886.0,green,2
J455,I4649,15101.0,15107.0,green,1
J2868,I2950,8235.0,8236.0,green,1
J2868,I2951,8236.0,8241.0,green,2
J2868,I3270,9493.0,9505.0,green,1
J2868,I3623,10783.0,10788.0,green,2
J4455,I2438,6493.0,6501.0,green,1
J4455,I2534,6797.0,6803.0,red,2
J4455,I4423,14152.0,14168.0,green,1
J4455,I5031,16691.0,16695.0,green,1
J4455,I6951,24024.0,24034.0,green,1
J1841,I7580,26029.0,26037.0,green,5
J1841,I7835,26772.0,26774.0,brown,1
J247,I772,1558.0,1559.0,red,1
J247,I996,2082.0,2085.0,red,1
J247,I6821,23526.0,23536.0,green,3
J4968,I7361,25394.0,25404.0,brown,3
J4968,I9132,29844.0,29847.0,green,3
J1755,I1966,4842.0,4847.0,red,1
J1755,I1999,4936.0,4947.0,green,1
J1755,I2190,5642.0,5654.0,green,2
J1755,I5469,18424.0,18429.0,green,2
J902,I4923,16238.0,16239.0,green,1
J902,I8219,27846.0,27850.0,brown,1
J70,I177,284.0,286.0,green,2
J70,I209,344.0,348.0,green,2
J70,I273,467.0,469.0,green,1
J70,I913,1882.0,1884.0,brown,1
J1220,I505,936.0,939.0,red,1
J1220,I537,994.0,998.0,brown,1
J1220,I569,1074.0,1079.0,green,1
J1220,I922,1910.0,1915.0,green,2
J1220,I3226,9343.0,9347.0,green,1
J2879,I6151,21100.0,21107.0,green,1
J2879,I6918,23932.0,23935.0,brown,1
J2879,I6982,24160.0,24167.0,brown,1
J2879,I7366,25414.0,25416.0,brown,1
J2879,I7942,27080.0,27083.0,brown,1
J2879,I8746,29094.0,29099.0,green,1
J4870,I5555,18727.0,18729.0,green,1
J4870,I5778,19646.0,19650.0,brown,2
J4870,I6962,24094.0,24095.0,brown,1
J4870,I8789,29182.0,29192.0,green,2
J2297,I4219,13368.0,13376.0,green,1
J2297,I4260,13529.0,13536.0,green,2
J2297,I4275,13591.0,13594.0,green,1
J2297,I4277,13597.0,13600.0,green,2
J157,I2128,5392.0,5401.0,green,3
J157,I4416,14134.0,14138.0,green,1
J157,I4658,15125.0,15135.0,green,2
J603,I1325,2929.0,2934.0,green,1
J603,I1357,3001.0,3003.0,brown,1
J603,I2157,5508.0,5523.0,green,2
J603,I4393,14026.0,14039.0,brown,1
J603,I4526,14583.0,14595.0,green,1
J819,I425,775.0,780.0,green,2
J819,I1576,3570.0,3581.0,brown,2
J1611,I607,1161.0,1162.0,green,1
J1611,I1631,3758.0,3764.0,brown,2
J1611,I5140,17113.0,17119.0,green,1
J3346,I4937,16273.0,16276.0,green,1
J3346,I6794,23401.0,23403.0,green,1
J2928,I3849,11760.0,11762.0,red,1
J2928,I5322,17855.0,17856.0,green,1
J2928,I5386,18117.0,18118.0,green,1
J2928,I5418,18233.0,18240.0,green,2
J2012,I1999,4936.0,4947.0,green,1
J2012,I5116,17027.0,17035.0,green,4
J832,I1887,4579.0,4580.0,brown,1
J832,I1983,4889.0,4893.0,green,1
J832,I2048,5141.0,5153.0,green,2
J832,I2176,5595.0,5596.0,green,1
J832,I2241,5818.0,5820.0,red,1
J396,I595,1136.0,1139.0,green,1
J396,I755,1517.0,1519.0,red,1
J396,I5972,20387.0,20391.0,green,1
J2650,I3236,9367.0,9372.0,green,2
J2650,I3428,10069.0,10078.0,brown,1
J2650,I5029,16674.0,16683.0,green,3
J3610,I4507,14499.0,14501.0,brown,1
J3610,I4700,15308.0,15316.0,green,4
J3143,I3495,10341.0,10344.0,green,1
J3143,I5032,16695.0,16697.0,green,1
J3143,I5544,18671.0,18696.0,green,3
J3143,I6440,22140.0,22147.0,green,1
J1190,I2599,7017.0,7018.0,green,1
J1190,I2663,7261.0,7266.0,green,2
J1190,I4328,13753.0,13763.0,green,1
J2785,I4649,15101.0,15107.0,green,1
J2785,I6697,23055.0,23064.0,green,2
J2785,I7721,26411.0,26413.0,green,2
J4825,I5699,19312.0,19317.0,green,1
J4825,I8560,28675.0,28682.0,green,1
J4825,I8675,28954.0,28959.0,green,1
J715,I1401,3124.0,3127.0,brown,1
J715,I1593,3623.0,3632.0,green,1
J933,I939,1949.0,1955.0,red,1
J933,I2636,7175.0,7183.0,green,3
J933,I5404,18187.0,18193.0,green,2
J1900,I2707,7414.0,7415.0,green,1
J3670,I5139,17109.0,17113.0,green,1
J2404,I1808,4334.0,4343.0,green,1
J2404,I7824,26745.0,26755.0,brown,1
J2404,I8040,27339.0,27341.0,brown,1
J2647,I4520,14545.0,14546.0,brown,1
J2647,I4552,14703.0,14706.0,green,2
J2647,I4553,14706.0,14709.0,green,2
J1397,I2340,6143.0,6146.0,brown,1
J1397,I2404,6395.0,6399.0,brown,1
J1397,I2437,6489.0,6493.0,green,1
J1397,I2468,6595.0,6598.0,green,2
J1397,I2564,6889.0,6895.0,red,1
J1759,I2578,6950.0,6958.0,green,1
J1445,I1871,4526.0,4529.0,brown,1
J1445,I2575,6934.0,6944.0,red,1
J1445,I7248,25020.0,25030.0,green,4
J1668,I2355,6201.0,6202.0,green,1
J3488,I4962,16387.0,16407.0,green,1
J3488,I6594,22711.0,22723.0,green,2
J3488,I6946,24004.0,24007.0,green,1
J3559,I4673,15184.0,15185.0,green,1
J3559,I5057,16782.0,16786.0,brown,1
J3559,I7905,26987.0,26991.0,green,1
J3465,I7929,27042.0,27048.0,brown,2
J3465,I7993,27211.0,27213.0,brown,1
J3876,I1618,3723.0,3725.0,brown,1
J3876,I4051,12648.0,12669.0,green,1
J3876,I6723,23127.0,23139.0,green,1
J1120,I1711,4048.0,4052.0,green,2
J1120,I1742,4135.0,4137.0,green,1
J1120,I1934,4727.0,4732.0,red,1
J1120,I4014,12497.0,12498.0,brown,1
J1801,I3123,8930.0,8932.0,green,1
J1801,I3124,8932.0,8935.0,green,1
J1801,I3220,9321.0,9323.0,green,1
J1801,I3572,10601.0,10603.0,brown,1
J1842,I3248,9405.0,9408.0,brown,2
J1842,I3344,9764.0,9771.0,green,3
J1842,I3505,10383.0,10385.0,green,1
J3120,I2706,7408.0,7414.0,green,4
J3120,I2835,7839.0,7847.0,green,2
J3005,I2073,5229.0,5235.0,red,1
J3005,I2297,6017.0,6018.0,brown,1
J3005,I2937,8185.0,8190.0,brown,1
J3005,I4634,15021.0,15028.0,green,1
J3005,I5565,18785.0,18792.0,brown,2
J609,I1637,3784.0,3785.0,brown,1
J609,I1734,4114.0,4118.0,red,2
J609,I3270,9493.0,9505.0,green,1
J609,I4742,15482.0,15485.0,green,1
J609,I5766,19610.0,19612.0,green,1
J1949,I2135,5430.0,5435.0,green,1
J1949,I2167,5556.0,5563.0,green,1
J1949,I2199,5691.0,5695.0,brown,4
J3363,I4107,12869.0,12871.0,green,1
J3363,I6444,22161.0,22165.0,green,2
J3363,I8148,27663.0,27664.0,green,1
J1694,I4719,15384.0,15387.0,green,1
J1694,I7951,27099.0,27102.0,green,1
J3547,I1360,3005.0,3006.0,brown,1
J3547,I6622,22837.0,22842.0,brown,1
J3547,I6878,23761.0,23766.0,brown,1
J3866,I8285,28006.0,28010.0,brown,2
J3866,I8765,29134.0,29137.0,brown,1
J3250,I6888,23807.0,23812.0,brown,2
J709,I4026,12557.0,12570.0,green,1
J709,I5026,16665.0,16669.0,green,1
J709,I5034,16698.0,16705.0,green,1
J528,I1188,2572.0,2575.0,green,1
J528,I1284,2809.0,2810.0,green,1
J528,I1444,3248.0,3250.0,green,1
J528,I3185,9177.0,9199.0,green,2
J2763,I4915,16207.0,16209.0,green,1
J2763,I5011,16603.0,16614.0,brown,1
J2763,I5140,17113.0,17119.0,green,2
J2763,I5427,18274.0,18284.0,red,1
J4507,I7595,26062.0,26065.0,green,3
J4507,I7851,26820.0,26821.0,green,1
J3078,I6123,21009.0,21019.0,brown,1
J3423,I2508,6714.0,6719.0,green,1
J3423,I3980,12329.0,12337.0,brown,1
J3423,I5645,19141.0,19142.0,green,1
J3423,I5709,19347.0,19351.0,green,1
J3423,I6557,22556.0,22558.0,green,1
J4609,I7598,26078.0,26079.0,brown,1
J4609,I7599,26079.0,26080.0,green,1
J4609,I7695,26360.0,26363.0,brown,1
J4609,I7823,26742.0,26745.0,brown,3
J1301,I2633,7166.0,7170.0,green,1
J1301,I6090,20872.0,20876.0,green,1
J1301,I7434,25643.0,25651.0,green,2
J1301,I8034,27319.0,27327.0,green,1
J1301,I8117,27562.0,27570.0,green,1
J3103,I2017,5011.0,5026.0,green,2
J3103,I2018,5026.0,5029.0,green,1
J4864,I3013,8479.0,8482.0,red,1
J4864,I8518,28565.0,28566.0,green,1
J4864,I8646,28888.0,28890.0,brown,1
J4864,I8662,28920.0,28922.0,green,2
J4864,I9004,29612.0,29615.0,green,1
J3692,I4297,13665.0,13666.0,brown,1
J3692,I4330,13773.0,13780.0,green,2
J3692,I4522,14549.0,14559.0,green,2
J3692,I4906,16171.0,16180.0,green,1
J93,I463,846.0,849.0,red,1
J93,I6384,21954.0,21961.0,green,2
J93,I6448,22175.0,22179.0,green,1
J93,I8672,28940.0,28942.0,green,1
J93,I8719,29039.0,29041.0,brown,1
J4005,I5622,19017.0,19034.0,green,1
J4005,I5749,19537.0,19545.0,brown,2
J4005,I6614,22791.0,22797.0,green,3
J1724,I273,467.0,469.0,green,1
J1724,I337,578.0,583.0,brown,1
J1724,I465,851.0,854.0,red,1
J1724,I625,1191.0,1198.0,green,1
J1724,I785,1587.0,1589.0,red,1
J1724,I2641,7202.0,7204.0,green,1
J4236,I7824,26745.0,26755.0,brown,4
J4085,I4544,14663.0,14668.0,green,5
J4085,I4576,14808.0,14810.0,green,1
J1583,I599,1143.0,1146.0,green,2
J1583,I887,1828.0,1834.0,brown,1
J1583,I6622,22837.0,22842.0,brown,1
J1583,I6704,23079.0,23082.0,green,2
J756,I1581,3595.0,3597.0,green,1
J756,I1677,3911.0,3914.0,green,1
J756,I1709,4041.0,4046.0,green,1
J390,I1007,2112.0,2115.0,red,1
J390,I2287,5974.0,5985.0,green,1
J390,I3439,10112.0,10120.0,brown,1
J390,I5968,20369.0,20377.0,green,1
J390,I6736,23186.0,23190.0,green,1
J4018,I1853,4476.0,4477.0,red,1
J4018,I5470,18429.0,18433.0,green,3
J4591,I1021,2142.0,2143.0,red,1
J4591,I1917,4666.0,4670.0,red,1
J4591,I2237,5812.0,5813.0,red,1
J4591,I5309,17808.0,17813.0,brown,1
J4591,I8173,27743.0,27748.0,brown,2
J3733,I7199,24840.0,24844.0,green,3
J1825,I2099,5314.0,5317.0,red,1
J1825,I2196,5677.0,5683.0,green,3
J371,I872,1797.0,1801.0,green,1
J371,I2152,5489.0,5496.0,green,2
J371,I6441,22147.0,22152.0,green,1
J371,I7080,24485.0,24499.0,brown,1
J1485,I1470,3328.0,3330.0,brown,1
J1485,I6462,22243.0,22248.0,brown,3
J4773,I1945,4761.0,4768.0,green,1
J4773,I2073,5229.0,5235.0,red,1
J4773,I6618,22808.0,22815.0,green,1
J2003,I2419,6436.0,6443.0,green,1
J2003,I2451,6536.0,6539.0,brown,1
J2003,I2547,6835.0,6836.0,red,1
J2003,I2899,8069.0,8071.0,red,1
J2003,I4804,15708.0,15719.0,green,1
J2003,I4836,15860.0,15863.0,green,1
J3269,I5759,19579.0,19584.0,green,1
J4371,I3296,9595.0,9601.0,green,1
J4371,I8233,27883.0,27884.0,green,1
J4371,I8257,27954.0,27958.0,brown,2
J4371,I8481,28482.0,28486.0,green,2
J3225,I4908,16193.0,16194.0,green,1
J3225,I5037,16716.0,16717.0,green,1
J1928,I1416,3171.0,3179.0,red,2
J1928,I1640,3788.0,3793.0,brown,1
J1928,I2952,8241.0,8251.0,green,1
J1928,I6833,23594.0,23602.0,green,1
J3709,I3986,12366.0,12368.0,red,1
J3709,I4051,12648.0,12669.0,green,1
J3709,I7411,25559.0,25565.0,green,1
J3709,I7698,26366.0,26367.0,brown,1
J3709,I7785,26630.0,26633.0,green,1
J2760,I4636,15030.0,15034.0,green,2
J212,I267,449.0,453.0,green,1
J212,I299,512.0,516.0,brown,2
J212,I427,781.0,783.0,green,2
J212,I555,1040.0,1042.0,red,1
J3568,I6012,20542.0,20547.0,green,4
J3568,I6332,21766.0,21767.0,green,1
J2284,I4173,13197.0,13208.0,green,3
J2284,I4268,13576.0,13577.0,green,1
J836,I1563,3547.0,3550.0,red,1
J836,I3612,10733.0,10739.0,green,1
J836,I4988,16510.0,16513.0,green,1
J836,I5327,17864.0,17872.0,brown,1
J1780,I2568,6908.0,6909.0,red,1
J1780,I2600,7018.0,7031.0,green,1
J1780,I2696,7368.0,7379.0,red,1
J1780,I3880,11886.0,11899.0,brown,3
J3780,I6565,22591.0,22601.0,green,3
J2461,I725,1447.0,1452.0,red,2
J2461,I7990,27197.0,27204.0,green,2
J2461,I8246,27925.0,27929.0,green,1
J2461,I8629,28841.0,28848.0,brown,1
J4328,I5456,18379.0,18388.0,green,4
J4328,I5680,19251.0,19252.0,green,1
J4328,I6128,21033.0,21036.0,green,1
J3792,I6807,23460.0,23464.0,green,1
J3792,I6967,24103.0,24105.0,green,1
J3792,I8167,27727.0,27732.0,green,1
J4518,I4060,12719.0,12726.0,brown,2
J1774,I2063,5198.0,5200.0,red,1
J1774,I2415,6422.0,6428.0,red,1
J1774,I4528,14597.0,14601.0,green,2
J42,I59,83.0,85.0,red,1
J42,I156,245.0,247.0,green,1
J42,I2012,4990.0,4998.0,green,3
J2595,I4676,15188.0,15192.0,green,3
J2595,I7843,26791.0,26792.0,brown,1
J2637,I5169,17252.0,17260.0,brown,2
J2637,I6865,23729.0,23731.0,brown,1
J2637,I7410,25552.0,25559.0,green,2
J4037,I4369,13956.0,13958.0,red,2
J4037,I4625,14997.0,14999.0,red,1
J4037,I4818,15773.0,15785.0,green,2
J1779,I2369,6250.0,6254.0,red,1
J2908,I4702,15317.0,15325.0,green,1
J2908,I4766,15581.0,15583.0,green,2
J2908,I4830,15824.0,15838.0,green,1
J2908,I4990,16520.0,16522.0,green,2
J4967,I4634,15021.0,15028.0,green,1
J4967,I5050,16759.0,16762.0,brown,1
J4967,I9114,29809.0,29810.0,brown,1
J4967,I9163,29888.0,29891.0,green,1
J1293,I2444,6519.0,6524.0,red,1
J1293,I7260,25057.0,25059.0,brown,1
J1293,I7324,25294.0,25295.0,brown,1
J1293,I7373,25431.0,25441.0,green,2
J4833,I5320,17849.0,17853.0,green,1
J1688,I3052,8624.0,8628.0,green,2
J1688,I3053,8628.0,8633.0,green,2
J1688,I3085,8769.0,8771.0,brown,1
J4425,I2804,7733.0,7736.0,brown,2
J4425,I5461,18393.0,18394.0,green,1
J4425,I7637,26197.0,26203.0,brown,1
J4425,I7925,27034.0,27036.0,green,1
J4425,I8558,28671.0,28672.0,green,1
J3164,I4950,16330.0,16333.0,green,3
J3164,I5430,18304.0,18312.0,red,1
J1777,I1321,2918.0,2921.0,red,2
J1777,I2569,6909.0,6913.0,red,1
J1777,I5566,18792.0,18797.0,brown,2
J2508,I3667,10957.0,10963.0,red,1
J2508,I3891,11935.0,11936.0,green,1
J2508,I8116,27550.0,27562.0,green,2
J2508,I8244,27918.0,27921.0,green,1
J2508,I8664,28923.0,28927.0,green,1
J4405,I5366,18010.0,18011.0,green,1
J4405,I5558,18755.0,18757.0,brown,1
J4405,I6135,21048.0,21050.0,green,2
J4405,I7623,26160.0,26164.0,green,1
J1612,I1611,3702.0,3713.0,brown,4
J2782,I2617,7096.0,7101.0,green,2
J2782,I2841,7863.0,7868.0,green,1
J2782,I4945,16296.0,16303.0,green,1
J3252,I6960,24077.0,24085.0,brown,4
J3252,I7057,24431.0,24434.0,green,2
J988,I2539,6811.0,6814.0,red,1
J988,I2987,8393.0,8395.0,green,1
J988,I6891,23824.0,23827.0,brown,1
J988,I7212,24887.0,24893.0,green,3
J3460,I1808,4334.0,4343.0,green,1
J3460,I4177,13217.0,13219.0,green,2
J3460,I6497,22348.0,22358.0,brown,2
J583,I1598,3645.0,3646.0,green,1
J583,I1694,3976.0,3983.0,green,5
J580,I79,113.0,114.0,red,1
J580,I2287,5974.0,5985.0,green,1
J580,I4976,16443.0,16449.0,green,3
J2449,I1767,4215.0,4219.0,brown,1
J2449,I2088,5282.0,5288.0,green,2
J2449,I2375,6270.0,6274.0,red,1
J2449,I3623,10783.0,10788.0,green,1
J407,I805,1627.0,1629.0,green,1
J407,I869,1793.0,1795.0,green,1
J407,I1382,3073.0,3076.0,green,1
J4990,I6477,22285.0,22287.0,brown,2
J4990,I6893,23836.0,23846.0,brown,2
J4990,I9134,29848.0,29849.0,green,1
J2268,I3924,12117.0,12120.0,green,2
J2268,I3956,12241.0,12246.0,green,1
J2268,I4083,12797.0,12801.0,red,1
J2368,I4411,14106.0,14121.0,green,2
J48,I82,116.0,120.0,red,1
J48,I114,165.0,166.0,brown,1
J48,I154,238.0,240.0,green,1
J48,I1510,3409.0,3415.0,green,1
J2652,I1828,4394.0,4399.0,red,2
J2652,I7693,26349.0,26357.0,brown,2
J2039,I3538,10484.0,10493.0,green,1
J2039,I3699,11111.0,11116.0,green,1
J4796,I1847,4460.0,4461.0,red,1
J4796,I4376,13967.0,13968.0,green,1
J4796,I8600,28764.0,28765.0,green,1
J3493,I5635,19088.0,19105.0,green,1
J3493,I5922,20185.0,20199.0,brown,2
J3493,I6451,22192.0,22201.0,green,2
J3226,I2680,7327.0,7329.0,red,1
J3226,I5825,19802.0,19808.0,green,1
J3226,I6356,21861.0,21867.0,brown,4
J377,I1031,2174.0,2182.0,green,1
J377,I1095,2343.0,2345.0,green,1
J377,I2951,8236.0,8241.0,green,1
J3189,I2404,6395.0,6399.0,brown,1
J3189,I4516,14526.0,14537.0,brown,3
J3189,I7397,25509.0,25511.0,green,1
J1501,I469,862.0,864.0,red,1
J1501,I1046,2213.0,2221.0,green,1
J1501,I3429,10078.0,10081.0,brown,1
J1501,I4022,12528.0,12538.0,green,2
J1501,I4094,12818.0,12824.0,green,1
J592,I907,1874.0,1876.0,brown,1
J592,I3083,8751.0,8767.0,brown,1
J4578,I3980,12329.0,12337.0,brown,2
J4578,I6413,22042.0,22044.0,green,2
J4578,I7341,25324.0,25334.0,green,2
J4569,I6210,21346.0,21347.0,brown,1
J4569,I9155,29878.0,29879.0,green,1
J4569,I9165,29893.0,29895.0,green,2
J4556,I8593,28751.0,28756.0,green,2
J4556,I8881,29382.0,29383.0,green,1
J4556,I8953,29525.0,29526.0,brown,1
J4556,I9073,29743.0,29744.0,brown,1
J4453,I7193,24819.0,24827.0,green,1
J4453,I7385,25471.0,25472.0,green,1
J4453,I8697,29001.0,29007.0,brown,1
J4453,I8729,29060.0,29061.0,brown,1
J3374,I3308,9638.0,9641.0,green,1
J3374,I7341,25324.0,25334.0,green,3
J383,I1023,2144.0,2150.0,green,3
J383,I1054,2242.0,2247.0,green,2
J383,I1087,2329.0,2331.0,green,1
J4688,I5246,17534.0,17540.0,brown,4
J1802,I3307,9637.0,9638.0,green,1
J1802,I4011,12487.0,12491.0,brown,3
J1802,I6092,20879.0,20886.0,green,2
J4664,I6188,21275.0,21281.0,brown,1
J4664,I6348,21832.0,21835.0,brown,1
J4664,I7213,24893.0,24904.0,green,1
J586,I2222,5775.0,5784.0,green,1
J1908,I4916,16209.0,16212.0,green,1
J1908,I5011,16603.0,16614.0,brown,3
J4345,I5666,19206.0,19214.0,green,2
J4345,I6306,21660.0,21665.0,green,1
J4345,I8641,28874.0,28881.0,brown,1
J536,I804,1626.0,1627.0,green,1
J536,I836,1703.0,1704.0,green,1
J536,I1445,3250.0,3259.0,green,3
J536,I1636,3776.0,3784.0,brown,1
J4498,I6207,21331.0,21332.0,brown,1
J4498,I6463,22248.0,22253.0,brown,2
J4498,I6495,22340.0,22343.0,brown,2
J559,I1025,2151.0,2153.0,green,1
J559,I1057,2250.0,2255.0,green,2
J4819,I5659,19185.0,19191.0,brown,1
J4819,I6972,24125.0,24133.0,green,1
J4819,I7099,24555.0,24559.0,brown,1
J4819,I8348,28160.0,28165.0,green,1
J4819,I8896,29410.0,29414.0,green,1
J4819,I8900,29420.0,29422.0,green,1
J3908,I2899,8069.0,8071.0,red,1
J3908,I3315,9660.0,9667.0,brown,1
J3908,I5652,19153.0,19160.0,green,1
J3908,I8051,27360.0,27369.0,brown,1
J2067,I86,126.0,127.0,brown,1
J2067,I247,416.0,417.0,green,1
J2067,I311,536.0,538.0,green,1
J2067,I4007,12447.0,12457.0,green,3
J1131,I7958,27117.0,27119.0,green,1
J1131,I8150,27668.0,27675.0,green,1
J1131,I8693,28994.0,28996.0,brown,1
J1131,I8741,29085.0,29087.0,brown,1
J1131,I8757,29117.0,29119.0,brown,2
J3576,I3465,10202.0,10223.0,red,1
J3576,I6250,21451.0,21453.0,green,1
J3576,I6314,21682.0,21686.0,green,2
J2087,I2646,7212.0,7213.0,green,1
J2087,I2710,7420.0,7421.0,green,1
J2087,I2871,7966.0,7970.0,green,2
J2087,I3287,9559.0,9562.0,green,1
J2087,I4649,15101.0,15107.0,green,1
J1975,I2846,7880.0,7883.0,green,1
J1975,I8272,27980.0,27982.0,green,1
J1975,I8326,28112.0,28114.0,brown,1
J3921,I4489,14435.0,14436.0,brown,1
J3921,I4521,14546.0,14549.0,brown,1
J3921,I4522,14549.0,14559.0,green,2
J462,I1248,2734.0,2737.0,green,2
J462,I1376,3057.0,3066.0,brown,1
J2533,I3857,11797.0,11800.0,brown,1
J2533,I4818,15773.0,15785.0,green,3
J2736,I3771,11449.0,11450.0,red,1
J2736,I5212,17397.0,17401.0,brown,2
J2736,I8052,27369.0,27378.0,brown,1
J4495,I4360,13915.0,13925.0,red,1
J4495,I9072,29741.0,29743.0,brown,1
J4495,I9201,29948.0,29951.0,green,1
J4495,I9205,29955.0,29956.0,brown,1
J376,I449,817.0,818.0,green,1
J376,I1633,3765.0,3769.0,brown,1
J376,I2209,5720.0,5725.0,green,1
J376,I2947,8220.0,8227.0,green,2
J936,I276,475.0,478.0,red,3
J936,I372,655.0,659.0,green,1
J936,I5044,16737.0,16745.0,brown,2
J1990,I4948,16313.0,16323.0,green,1
J1990,I6266,21515.0,21526.0,green,1
J1990,I6300,21635.0,21639.0,green,2
J1990,I6324,21743.0,21748.0,green,2
J471,I1141,2452.0,2461.0,green,1
J471,I1172,2525.0,2527.0,green,1
J471,I1684,3938.0,3941.0,green,1
J471,I1908,4641.0,4643.0,brown,1
J4365,I6974,24134.0,24135.0,green,1
J4365,I7070,24461.0,24463.0,green,2
J57,I1544,3498.0,3499.0,brown,1
J57,I3911,12035.0,12050.0,green,3
J57,I3912,12050.0,12051.0,green,1
J2964,I4180,13229.0,13231.0,green,1
J2964,I4276,13594.0,13597.0,green,2
J2964,I4628,15005.0,15007.0,green,1
J513,I336,577.0,578.0,brown,1
J513,I401,724.0,725.0,red,1
J513,I2192,5656.0,5658.0,green,1
J513,I7369,25424.0,25427.0,green,1
J513,I7433,25637.0,25643.0,green,1
J1415,I1075,2295.0,2298.0,green,1
J1415,I2003,4957.0,4967.0,green,1
J1415,I3491,10329.0,10330.0,brown,1
J4243,I4559,14729.0,14732.0,green,1
J4243,I4784,15650.0,15656.0,brown,1
J1761,I2124,5383.0,5386.0,green,1
J1761,I2732,7492.0,7494.0,brown,1
J4471,I7207,24867.0,24871.0,green,1
J4471,I7750,26505.0,26513.0,brown,3
J4471,I8359,28194.0,28201.0,green,1
J4471,I8551,28652.0,28654.0,green,1
J3320,I3777,11461.0,11471.0,red,3
J3320,I3778,11471.0,11474.0,green,2
J3320,I6406,22016.0,22024.0,green,1
J2083,I2047,5133.0,5141.0,green,1
J2083,I7263,25063.0,25070.0,brown,4
J2083,I8402,28302.0,28312.0,green,1
J1319,I1113,2387.0,2389.0,green,1
J1319,I1145,2473.0,2475.0,green,1
J1319,I1657,3846.0,3849.0,brown,1
J1246,I1447,3260.0,3263.0,green,1
J1246,I2567,6904.0,6908.0,red,2
J1246,I6440,22140.0,22147.0,green,1
J299,I260,436.0,440.0,green,1
J299,I4281,13605.0,13608.0,green,1
J299,I4453,14279.0,14283.0,green,2
J3838,I3099,8827.0,8832.0,red,1
J3838,I5788,19686.0,19688.0,brown,1
J3838,I7284,25161.0,25165.0,brown,4
J4226,I2816,7784.0,7786.0,brown,1
J4226,I3744,11327.0,11330.0,green,1
J4226,I3841,11721.0,11730.0,green,1
J4226,I8117,27562.0,27570.0,green,1
J4128,I5786,19680.0,19685.0,green,5
J4128,I5818,19778.0,19780.0,green,1
J4062,I2671,7283.0,7295.0,red,3
J953,I897,1855.0,1857.0,brown,1
J953,I1250,2738.0,2745.0,green,1
J953,I4094,12818.0,12824.0,green,4
J2833,I4375,13965.0,13967.0,green,1
J2833,I4728,15410.0,15420.0,green,1
J2833,I5752,19550.0,19556.0,green,1
J2833,I6744,23224.0,23228.0,green,3
J4832,I5641,19125.0,19134.0,green,2
J4832,I5896,20107.0,20112.0,brown,1
J4832,I6025,20607.0,20618.0,green,1
J4832,I6120,20989.0,20992.0,brown,1
J2016,I2705,7405.0,7408.0,green,2
J2016,I2769,7617.0,7618.0,red,1
J2016,I2993,8411.0,8416.0,red,1
J2016,I4818,15773.0,15785.0,green,2
J2834,I3625,10789.0,10792.0,green,1
J2834,I3689,11056.0,11063.0,green,2
J2834,I3721,11192.0,11200.0,green,2
J2834,I3785,11497.0,11498.0,green,1
J244,I81,115.0,116.0,red,1
J244,I113,164.0,165.0,brown,1
J244,I210,348.0,349.0,brown,1
J244,I242,407.0,410.0,green,1
J244,I274,469.0,472.0,green,2
J1031,I2051,5157.0,5163.0,green,1
J1031,I3684,11034.0,11041.0,green,3
J1031,I4980,16459.0,16470.0,green,2
J379,I2158,5523.0,5530.0,green,1
J3104,I4637,15034.0,15049.0,green,1
J3104,I8061,27394.0,27396.0,green,1
J3104,I9213,29966.0,29968.0,green,2
J4159,I3996,12389.0,12394.0,red,2
J4159,I4605,14907.0,14910.0,brown,1
J4159,I5437,18330.0,18332.0,brown,1
J4159,I6685,23029.0,23032.0,brown,2
J1776,I2711,7421.0,7422.0,green,1
J1776,I2776,7629.0,7639.0,red,1
J1776,I3064,8674.0,8676.0,green,1
J1776,I5596,18908.0,18910.0,green,1
J1325,I2146,5468.0,5473.0,green,1
J1325,I4587,14848.0,14856.0,green,2
J946,I1447,3260.0,3263.0,green,1
J946,I1478,3341.0,3342.0,brown,1
J946,I1510,3409.0,3415.0,green,1
J946,I2182,5618.0,5620.0,green,1
J946,I2278,5939.0,5946.0,green,2
J4963,I4468,14320.0,14333.0,brown,1
J4963,I5301,17751.0,17761.0,green,2
J4963,I9021,29645.0,29647.0,green,1
J4963,I9138,29853.0,29855.0,green,1
J3650,I4035,12607.0,12608.0,brown,1
J3650,I7332,25308.0,25309.0,green,1
J3650,I7396,25504.0,25509.0,green,2
J3650,I8100,27501.0,27503.0,green,2
J2903,I4474,14349.0,14363.0,red,2
J2903,I5114,17016.0,17025.0,brown,1
J2903,I5371,18019.0,18034.0,green,3
J1523,I2569,6909.0,6913.0,red,1
J1523,I2601,7031.0,7033.0,green,1
J1523,I2633,7166.0,7170.0,green,1
J1523,I4778,15630.0,15634.0,green,1
J537,I970,2036.0,2038.0,red,1
J537,I1034,2186.0,2189.0,green,1
J537,I1354,2995.0,2998.0,brown,1
J1419,I1797,4300.0,4306.0,brown,1
J1419,I3430,10081.0,10094.0,brown,2
J1419,I3910,12026.0,12035.0,green,1
J2821,I4577,14810.0,14817.0,brown,2
J2821,I6972,24125.0,24133.0,green,2
J4063,I5965,20364.0,20365.0,green,1
J4063,I6157,21119.0,21122.0,green,1
J4063,I6765,23285.0,23288.0,brown,1
J853,I1013,2124.0,2127.0,red,1
J853,I5045,16745.0,16752.0,brown,2
J853,I6606,22763.0,22768.0,green,1
J3974,I5590,18888.0,18890.0,brown,2
J3974,I6167,21155.0,21165.0,green,4
J774,I102,144.0,145.0,brown,1
J774,I134,202.0,205.0,green,1
J774,I218,363.0,368.0,brown,1
J774,I295,505.0,506.0,red,1
J774,I2215,5735.0,5750.0,green,2
J3006,I5307,17785.0,17798.0,green,1
J3006,I6155,21113.0,21116.0,green,1
J3006,I6443,22153.0,22161.0,green,2
J3918,I1975,4868.0,4872.0,brown,3
J4713,I6016,20564.0,20565.0,green,1
J4713,I6080,20835.0,20844.0,brown,1
J4713,I6177,21229.0,21237.0,green,3
J1553,I702,1397.0,1398.0,green,1
J1553,I3518,10417.0,10429.0,green,1
J1553,I3742,11315.0,11326.0,green,4
J2806,I4044,12625.0,12628.0,green,1
J2806,I4173,13197.0,13208.0,green,1
J2806,I4205,13325.0,13330.0,green,4
J4087,I5354,17962.0,17964.0,green,1
J4087,I5355,17964.0,17965.0,green,1
J4087,I5771,19621.0,19623.0,green,1
J4087,I6427,22094.0,22097.0,green,1
J4700,I7237,24992.0,24997.0,green,5
J2567,I3306,9632.0,9637.0,green,1
J2567,I3499,10355.0,10358.0,green,1
J2567,I6555,22549.0,22554.0,green,1
J2567,I6699,23065.0,23073.0,green,1
J2436,I4483,14399.0,14409.0,brown,1
J2436,I8195,27792.0,27793.0,brown,1
J2436,I8211,27832.0,27833.0,brown,1
J2367,I4906,16171.0,16180.0,green,1
J2367,I6596,22727.0,22733.0,green,1
J2367,I6946,24004.0,24007.0,green,2
J2367,I6950,24020.0,24024.0,green,1
J3454,I3807,11580.0,11589.0,green,1
J3454,I3838,11704.0,11711.0,brown,2
J3454,I3966,12279.0,12284.0,red,1
J3339,I1186,2566.0,2570.0,green,1
J3339,I5091,16902.0,16910.0,green,1
J3339,I5379,18075.0,18090.0,green,2
J224,I1673,3896.0,3901.0,brown,2
J224,I6250,21451.0,21453.0,green,1
J2643,I3698,11099.0,11111.0,green,1
J2643,I4690,15260.0,15269.0,red,1
J2643,I5202,17366.0,17372.0,brown,1
J2643,I7347,25350.0,25356.0,green,2
J2945,I4175,13209.0,13215.0,green,1
J2945,I4239,13451.0,13452.0,red,1
J2945,I4400,14061.0,14067.0,green,2
J95,I37,53.0,54.0,green,1
J95,I4658,15125.0,15135.0,green,2
J764,I5874,20002.0,20005.0,green,1
J764,I6780,23351.0,23354.0,green,1
J764,I6961,24085.0,24094.0,brown,2
J4076,I4848,15929.0,15933.0,brown,4
J4076,I5969,20377.0,20381.0,green,1
J1123,I1399,3115.0,3121.0,brown,3
J3023,I4613,14925.0,14932.0,green,3
J3023,I5581,18851.0,18857.0,green,2
J2220,I3301,9622.0,9624.0,red,2
J2220,I3397,9948.0,9958.0,red,1
J2220,I3750,11347.0,11359.0,green,1
J2220,I4582,14826.0,14828.0,green,1
J2220,I5094,16921.0,16926.0,green,1
J3589,I1376,3057.0,3066.0,brown,2
J3589,I7425,25603.0,25611.0,green,1
J3589,I8673,28942.0,28953.0,green,1
J3589,I8867,29351.0,29352.0,brown,1
J698,I1686,3943.0,3947.0,green,1
J698,I1687,3947.0,3954.0,green,4
J1595,I3068,8694.0,8704.0,green,1
J1595,I3867,11839.0,11842.0,brown,1
J1595,I4028,12576.0,12586.0,green,1
J4754,I2897,8059.0,8065.0,brown,2
J4754,I3089,8780.0,8785.0,red,1
J4754,I8034,27319.0,27327.0,green,2
J162,I204,337.0,338.0,green,1
J162,I218,363.0,368.0,brown,1
J162,I270,459.0,462.0,green,1
J162,I390,692.0,697.0,green,1
J162,I494,914.0,918.0,brown,1
J2319,I2940,8192.0,8195.0,brown,1
J2319,I3036,8557.0,8560.0,red,2
J2319,I7341,25324.0,25334.0,green,1
J2319,I7754,26519.0,26522.0,brown,2
J3624,I1928,4696.0,4703.0,red,1
J3624,I5769,19615.0,19619.0,green,1
J3624,I7080,24485.0,24499.0,brown,2
J2435,I7415,25575.0,25583.0,brown,4
J2435,I8560,28675.0,28682.0,green,1
J328,I982,2060.0,2062.0,green,1
J328,I5911,20143.0,20150.0,green,2
J690,I429,784.0,786.0,green,1
J690,I461,841.0,845.0,red,1
J690,I2222,5775.0,5784.0,green,1
J771,I8720,29041.0,29043.0,brown,2
J771,I8905,29428.0,29432.0,green,2
J771,I8960,29532.0,29536.0,brown,2
J3889,I4162,13144.0,13148.0,green,1
J3889,I4354,13886.0,13893.0,green,1
J3889,I7203,24853.0,24862.0,green,1
J4260,I6806,23446.0,23460.0,green,1
J4260,I6901,23861.0,23864.0,brown,3
J4260,I6933,23972.0,23980.0,brown,1
J4604,I7971,27152.0,27155.0,green,3
J4604,I8067,27406.0,27411.0,green,3
J2944,I4617,14942.0,14961.0,green,4
J2944,I6185,21263.0,21269.0,brown,2
J272,I5609,18954.0,18956.0,green,1
J272,I6601,22750.0,22755.0,green,5
J4889,I4207,13334.0,13340.0,green,1
J4889,I6736,23186.0,23190.0,green,1
J4889,I8831,29281.0,29284.0,brown,1
J4083,I4536,14634.0,14638.0,green,2
J4083,I4600,14891.0,14894.0,brown,3
J4083,I6904,23870.0,23877.0,brown,1
J3412,I9160,29885.0,29886.0,green,1
J3412,I9188,29932.0,29933.0,green,1
J3412,I9220,29980.0,29984.0,green,4
J21,I140,211.0,214.0,green,1
J21,I300,516.0,519.0,brown,2
J21,I4733,15446.0,15457.0,green,1
J1046,I411,748.0,749.0,red,1
J1046,I475,876.0,878.0,red,2
J1046,I604,1156.0,1159.0,green,2
J1046,I1668,3877.0,3882.0,brown,1
J2070,I3396,9935.0,9948.0,red,1
J2070,I3493,10331.0,10340.0,green,2
J2091,I2418,6432.0,6436.0,green,1
J2091,I2482,6630.0,6634.0,green,1
J2091,I5202,17366.0,17372.0,brown,2
J2091,I5970,20381.0,20382.0,green,1
J2091,I6694,23045.0,23048.0,green,1
J1116,I1893,4598.0,4602.0,brown,1
J1116,I2813,7770.0,7774.0,brown,1
J1116,I4158,13118.0,13134.0,green,3
J1116,I4530,14605.0,14615.0,green,1
J1732,I2624,7136.0,7137.0,green,1
J1732,I2689,7349.0,7350.0,brown,1
J1732,I2721,7444.0,7451.0,green,1
J1732,I2785,7664.0,7665.0,red,1
J4607,I6431,22109.0,22112.0,green,3
J4607,I6559,22559.0,22565.0,green,1
J2676,I2880,7995.0,7996.0,red,1
J2676,I2912,8115.0,8117.0,red,1
J2676,I2976,8330.0,8333.0,green,1
J2676,I3552,10542.0,10543.0,brown,1
J2676,I4608,14914.0,14916.0,brown,1
J2676,I5280,17653.0,17654.0,brown,1
J3062,I1489,3369.0,3371.0,red,1
J3062,I1585,3601.0,3605.0,green,1
J3062,I1617,3721.0,3723.0,brown,1
J3062,I1649,3819.0,3820.0,brown,1
J3062,I1714,4056.0,4063.0,green,1
J4808,I6887,23798.0,23807.0,brown,2
J4808,I6919,23935.0,23936.0,brown,1
J4808,I7271,25095.0,25108.0,brown,2
J4808,I8104,27513.0,27515.0,green,1
J2343,I2422,6448.0,6449.0,green,1
J2343,I2519,6766.0,6770.0,green,1
J2343,I3830,11681.0,11684.0,brown,2
J2343,I4731,15436.0,15444.0,green,2
J3077,I4717,15378.0,15381.0,green,3
J2638,I3523,10436.0,10441.0,green,2
J490,I1345,2969.0,2970.0,green,1
J490,I1505,3398.0,3399.0,green,1
J490,I1537,3481.0,3485.0,green,1
J490,I1601,3653.0,3663.0,green,2
J490,I1767,4215.0,4219.0,brown,1
J2769,I740,1487.0,1492.0,red,1
J2769,I1668,3877.0,3882.0,brown,1
J2769,I4997,16546.0,16551.0,green,4
J1876,I1269,2782.0,2785.0,brown,1
J1876,I1630,3754.0,3758.0,brown,3
J1876,I4054,12671.0,12678.0,green,1
J750,I887,1828.0,1834.0,brown,1
J750,I4920,16222.0,16223.0,green,1
J750,I7192,24813.0,24819.0,green,1
J2814,I3336,9735.0,9737.0,green,1
J2814,I7144,24688.0,24693.0,brown,1
J2814,I7625,26165.0,26168.0,green,2
J2814,I7785,26630.0,26633.0,green,1
J2814,I7914,27008.0,27011.0,brown,1
J680,I1519,3440.0,3442.0,red,1
J680,I2736,7505.0,7511.0,green,1
J680,I5552,18719.0,18722.0,green,1
J1272,I855,1752.0,1758.0,brown,4
J1272,I887,1828.0,1834.0,brown,1
J1272,I7064,24449.0,24450.0,green,1
J2158,I2202,5699.0,5702.0,brown,1
J2158,I5210,17392.0,17395.0,brown,2
J2158,I5243,17522.0,17532.0,green,1
J2164,I2268,5910.0,5917.0,red,1
J2164,I4189,13269.0,13274.0,green,1
J2164,I4669,15176.0,15180.0,green,1
J2164,I5181,17306.0,17310.0,brown,3
J4431,I381,676.0,681.0,red,1
J4431,I477,879.0,880.0,red,1
J4431,I3230,9356.0,9358.0,green,2
J4431,I8702,29013.0,29014.0,brown,1
J4431,I9038,29675.0,29676.0,brown,1
J1139,I3880,11886.0,11899.0,brown,2
J2986,I3171,9122.0,9132.0,green,1
J2986,I3908,12016.0,12022.0,green,1
J2986,I5508,18539.0,18542.0,green,1
J2135,I2149,5481.0,5485.0,green,1
J2135,I2180,5614.0,5617.0,green,1
J2135,I2981,8354.0,8367.0,green,3
J2135,I3076,8736.0,8742.0,brown,1
J520,I6173,21189.0,21198.0,green,3
J520,I7036,24348.0,24351.0,brown,1
J4114,I2116,5360.0,5362.0,green,1
J4114,I5933,20223.0,20229.0,green,1
J4114,I6821,23526.0,23536.0,green,4
J3228,I3738,11277.0,11289.0,green,2
J3228,I3769,11442.0,11444.0,red,1
J3228,I4986,16500.0,16509.0,green,1
J3228,I5209,17387.0,17392.0,brown,1
J3228,I5822,19793.0,19800.0,green,1
J1439,I676,1334.0,1342.0,green,2
J3999,I3502,10367.0,10369.0,green,1
J3999,I3566,10590.0,10593.0,red,1
J4154,I5055,16770.0,16778.0,brown,1
J4154,I8607,28778.0,28782.0,brown,3
J4154,I8672,28940.0,28942.0,green,1
J3343,I5675,19240.0,19242.0,brown,2
J3343,I6091,20876.0,20879.0,brown,2
J894,I1064,2271.0,2273.0,green,1
J894,I1223,2648.0,2649.0,green,1
J894,I3185,9177.0,9199.0,green,3
J2835,I2057,5179.0,5184.0,red,1
J2835,I2121,5376.0,5380.0,green,1
J2835,I2345,6161.0,6166.0,brown,1
J1539,I2149,5481.0,5485.0,green,1
J1539,I2373,6267.0,6269.0,red,2
J1539,I3910,12026.0,12035.0,green,1
J1539,I4261,13536.0,13547.0,brown,2
J1747,I2210,5725.0,5728.0,green,1
J1747,I5667,19214.0,19224.0,green,1
J3055,I1417,3179.0,3180.0,red,1
J3055,I1481,3347.0,3351.0,red,1
J3055,I4842,15895.0,15897.0,green,1
J3055,I5418,18233.0,18240.0,green,2
J4744,I2575,6934.0,6944.0,red,1
J4744,I8719,29039.0,29041.0,brown,1
J4744,I8800,29214.0,29218.0,green,2
J4863,I3658,10920.0,10924.0,red,2
J4863,I7787,26636.0,26639.0,green,1
J4863,I8683,28970.0,28973.0,green,2
J952,I1243,2718.0,2727.0,brown,1
J952,I4028,12576.0,12586.0,green,2
J952,I6460,22238.0,22242.0,green,2
J3955,I3351,9810.0,9813.0,red,1
J3955,I3639,10837.0,10846.0,green,1
J3955,I3895,11944.0,11952.0,green,1
J3955,I6391,21973.0,21980.0,brown,1
J3955,I7128,24636.0,24645.0,green,1
J3955,I7559,25986.0,25992.0,brown,1
J2362,I2326,6107.0,6108.0,green,1
J2362,I2359,6209.0,6213.0,green,1
J2362,I2807,7743.0,7750.0,green,1
J2362,I3030,8538.0,8545.0,green,1
J4061,I1635,3770.0,3776.0,brown,3
J4061,I1922,4675.0,4679.0,red,1
J1527,I1843,4445.0,4453.0,red,1
J1527,I2515,6745.0,6760.0,green,1
J1527,I4564,14744.0,14755.0,green,1
J1527,I4772,15609.0,15617.0,green,2
J423,I384,686.0,687.0,red,1
J423,I2721,7444.0,7451.0,green,3
J423,I3745,11330.0,11343.0,green,1
J423,I5168,17239.0,17252.0,brown,1
J3230,I1880,4555.0,4558.0,red,1
J3230,I2937,8185.0,8190.0,brown,2
J3230,I8697,29001.0,29007.0,brown,1
J1355,I1388,3087.0,3092.0,green,2
J1355,I1452,3274.0,3277.0,red,1
J1355,I4012,12491.0,12495.0,brown,1
J1355,I5357,17969.0,17977.0,green,1
J2080,I2250,5845.0,5855.0,brown,4
J2080,I2507,6709.0,6714.0,green,1
J2080,I6731,23172.0,23174.0,green,1
J2713,I1572,3562.0,3563.0,red,1
J2713,I7301,25211.0,25222.0,green,1
J2713,I7333,25309.0,25313.0,green,1
J2408,I2177,5596.0,5607.0,green,1
J2408,I6625,22844.0,22856.0,brown,2
J2408,I8641,28874.0,28881.0,brown,1
J2408,I8737,29080.0,29081.0,brown,1
J4513,I6125,21021.0,21023.0,brown,1
J4513,I7597,26072.0,26078.0,brown,1
J4513,I7821,26736.0,26739.0,brown,1
J4167,I4529,14601.0,14605.0,green,3
J4131,I3909,12022.0,12026.0,green,2
J4131,I5029,16674.0,16683.0,green,2
J2517,I4787,15661.0,15665.0,brown,2
J2517,I5402,18175.0,18185.0,green,1
J4300,I6883,23784.0,23790.0,brown,3
J4300,I8516,28562.0,28564.0,green,1
J2241,I3670,10969.0,10973.0,red,2
J2241,I3766,11416.0,11429.0,red,2
J50,I2221,5771.0,5775.0,green,1
J50,I7406,25539.0,25544.0,green,1
J50,I7634,26187.0,26193.0,green,2
J1665,I2140,5448.0,5452.0,green,1
J1665,I2172,5574.0,5577.0,green,1
J1665,I3229,9350.0,9356.0,green,1
J1665,I4125,12948.0,12960.0,green,2
J3811,I6095,20890.0,20891.0,green,1
J3811,I6384,21954.0,21961.0,green,3
J3811,I6511,22414.0,22416.0,brown,1
J3811,I6959,24071.0,24077.0,brown,1
J4464,I7565,26002.0,26004.0,green,1
J4464,I8077,27438.0,27440.0,green,2
J929,I1294,2830.0,2841.0,red,1
J929,I6510,22410.0,22414.0,brown,1
J929,I8367,28223.0,28224.0,green,1
J929,I8431,28373.0,28375.0,green,1
J929,I8527,28583.0,28587.0,brown,2
J1042,I2043,5110.0,5114.0,green,1
J1042,I2139,5446.0,5448.0,green,2
J1042,I2427,6454.0,6457.0,green,1
J1042,I3708,11143.0,11149.0,green,2
J4916,I2876,7985.0,7990.0,red,1
J4916,I2908,8094.0,8104.0,brown,1
J4916,I9181,29920.0,29922.0,green,2
J4916,I9197,29944.0,29945.0,green,1
J755,I1801,4315.0,4316.0,green,1
J755,I1802,4316.0,4318.0,green,1
J755,I1834,4414.0,4417.0,red,1
J755,I1898,4614.0,4615.0,brown,1
J755,I3914,12052.0,12059.0,green,1
J1582,I9157,29880.0,29883.0,green,3
J1582,I9221,29984.0,29987.0,green,1
J2781,I3441,10124.0,10126.0,green,1
J2781,I3538,10484.0,10493.0,green,2
J2781,I6588,22688.0,22691.0,green,1
J4923,I6804,23440.0,23441.0,brown,1
J4923,I7252,25036.0,25045.0,brown,1
J3080,I5087,16875.0,16881.0,green,1
J3080,I5184,17317.0,17321.0,green,2
J3080,I5216,17407.0,17415.0,green,1
J3080,I6080,20835.0,20844.0,brown,1
J3080,I7042,24371.0,24375.0,brown,1
J3328,I931,1925.0,1930.0,red,1
J3328,I4164,13149.0,13156.0,green,4
J3558,I4282,13608.0,13615.0,green,2
J3558,I4378,13971.0,13978.0,green,3
J3558,I6170,21176.0,21180.0,green,1
J1913,I2117,5362.0,5369.0,green,1
J1913,I4710,15346.0,15347.0,green,1
J1913,I5382,18099.0,18111.0,green,1
J1913,I6486,22309.0,22315.0,brown,1
J4896,I8510,28554.0,28556.0,green,2
J4896,I8542,28629.0,28631.0,green,1
J4896,I8958,29530.0,29531.0,brown,1
J1409,I1619,3725.0,3735.0,brown,1
J1409,I5652,19153.0,19160.0,green,3
J1409,I6004,20519.0,20523.0,green,1
J2552,I3779,11474.0,11482.0,green,5
J2552,I4739,15472.0,15476.0,green,1
J961,I4056,12679.0,12690.0,brown,2
J961,I6169,21171.0,21176.0,green,2
J1588,I1514,3420.0,3424.0,green,1
J1588,I1609,3680.0,3691.0,brown,1
J1588,I2889,8016.0,8022.0,green,3
J1588,I3914,12052.0,12059.0,green,1
J500,I1232,2682.0,2687.0,green,1
J500,I1585,3601.0,3605.0,green,1
J500,I1873,4532.0,4534.0,green,1
J500,I2609,7055.0,7069.0,green,1
J401,I706,1410.0,1411.0,green,1
J401,I1378,3067.0,3070.0,brown,1
J401,I2274,5925.0,5930.0,green,2
J3940,I7033,24338.0,24343.0,brown,3
J3940,I7706,26383.0,26389.0,green,2
J4933,I7321,25281.0,25289.0,brown,1
J4933,I8697,29001.0,29007.0,brown,1
J4933,I9224,29989.0,29991.0,green,2
J4933,I9226,29992.0,29993.0,green,1
J3307,I5344,17923.0,17926.0,brown,1
J3307,I5376,18067.0,18071.0,green,1
J3307,I5473,18435.0,18444.0,green,1
J3307,I5633,19083.0,19087.0,green,1
J3307,I5681,19252.0,19260.0,green,1
J3307,I5857,19900.0,19912.0,green,1
J4597,I7391,25484.0,25487.0,green,3
J4597,I7583,26041.0,26042.0,green,1
J4597,I7903,26980.0,26983.0,green,2
J509,I1503,3390.0,3394.0,green,1
J509,I1695,3983.0,3987.0,red,1
J509,I1727,4095.0,4097.0,red,1
J509,I7808,26689.0,26696.0,green,3
J2704,I4284,13618.0,13631.0,brown,2
J2704,I5469,18424.0,18429.0,green,3
J4279,I2383,6295.0,6303.0,red,3
J4279,I8175,27749.0,27752.0,brown,1
J4279,I9136,29850.0,29851.0,green,1
J1936,I1687,3947.0,3954.0,green,1
J1936,I1944,4755.0,4761.0,green,1
J1936,I4824,15803.0,15809.0,green,1
J1020,I865,1783.0,1785.0,green,1
J1020,I1216,2631.0,2634.0,brown,2
J1102,I1032,2182.0,2184.0,green,2
J1102,I1609,3680.0,3691.0,brown,3
J1507,I1533,3467.0,3469.0,green,1
J1507,I1565,3552.0,3553.0,red,1
J1507,I1949,4784.0,4785.0,red,1
J1507,I4830,15824.0,15838.0,green,3
J4372,I682,1354.0,1359.0,green,2
J4372,I7082,24503.0,24505.0,brown,1
J4372,I7274,25117.0,25126.0,brown,2
J4372,I7883,26942.0,26943.0,green,1
J4964,I7080,24485.0,24499.0,brown,1
J4964,I8185,27766.0,27773.0,green,2
J4964,I9225,29991.0,29992.0,green,1
J2122,I6464,22253.0,22256.0,brown,3
J2122,I6496,22343.0,22348.0,brown,2
J2122,I8897,29414.0,29417.0,green,1
J2758,I4712,15359.0,15364.0,green,4
J2758,I4807,15729.0,15734.0,brown,2
J3295,I4412,14121.0,14124.0,green,3
J3295,I5052,16765.0,16767.0,brown,1
J3295,I7408,25545.0,25547.0,green,1
J3295,I7442,25669.0,25678.0,green,1
J3279,I2040,5106.0,5107.0,green,1
J3279,I4697,15294.0,15302.0,green,1
J3279,I6748,23239.0,23240.0,green,1
J3279,I6905,23877.0,23882.0,brown,3
J1480,I2864,7939.0,7945.0,green,2
J2361,I2777,7639.0,7645.0,red,1
J2361,I4282,13608.0,13615.0,green,1
J2361,I5273,17637.0,17641.0,brown,2
J4056,I4118,12897.0,12903.0,green,1
J4056,I5110,17005.0,17012.0,brown,1
J4056,I7969,27147.0,27151.0,green,2
J2328,I1770,4222.0,4223.0,red,1
J2328,I8067,27406.0,27411.0,green,2
J856,I66,92.0,93.0,red,1
J856,I98,139.0,141.0,brown,2
J856,I5922,20185.0,20199.0,brown,2
J856,I6589,22691.0,22696.0,green,1
J1678,I1445,3250.0,3259.0,green,2
J1678,I1510,3409.0,3415.0,green,1
J1678,I3750,11347.0,11359.0,green,2
J1678,I3814,11607.0,11611.0,green,1
J190,I2284,5961.0,5965.0,green,1
J190,I6381,21944.0,21951.0,green,2
J2863,I1023,2144.0,2150.0,green,1
J2863,I1086,2323.0,2329.0,green,2
J2863,I1183,2557.0,2564.0,green,1
J2863,I1406,3136.0,3144.0,red,1
J2863,I5138,17105.0,17109.0,green,1
J3543,I1917,4666.0,4670.0,red,1
J3543,I3742,11315.0,11326.0,green,1
J1285,I1723,4083.0,4086.0,red,3
J1285,I2908,8094.0,8104.0,brown,1
J2609,I3238,9374.0,9380.0,brown,4
J2609,I3911,12035.0,12050.0,green,1
J2609,I6982,24160.0,24167.0,brown,1
J3050,I4804,15708.0,15719.0,green,1
J3050,I5572,18815.0,18817.0,brown,2
J3050,I6565,22591.0,22601.0,green,1
J3050,I7268,25086.0,25091.0,brown,2
J4579,I7305,25227.0,25230.0,green,2
J4579,I7816,26724.0,26728.0,brown,4
J374,I7941,27078.0,27080.0,brown,2
J374,I8438,28394.0,28397.0,green,2
J1201,I2673,7300.0,7305.0,red,1
J1201,I7762,26548.0,26550.0,green,1
J547,I638,1224.0,1226.0,green,2
J547,I670,1318.0,1319.0,green,1
J3153,I3169,9118.0,9119.0,red,1
J3153,I3234,9363.0,9365.0,green,1
J3153,I6690,23040.0,23042.0,brown,2
J2730,I3570,10599.0,10600.0,brown,1
J2730,I4051,12648.0,12669.0,green,3
J1254,I2484,6636.0,6651.0,green,1
J1254,I2548,6836.0,6840.0,red,3
J1254,I5861,19924.0,19936.0,green,1
J1254,I6165,21145.0,21153.0,green,1
J4994,I7812,26708.0,26712.0,green,1
J4994,I8835,29288.0,29292.0,brown,1
J4994,I9156,29879.0,29880.0,green,1
J4994,I9192,29938.0,29940.0,green,1
J2550,I4097,12827.0,12830.0,green,2
J2550,I4257,13501.0,13514.0,green,1
J2550,I4258,13514.0,13527.0,green,3
J4422,I7524,25894.0,25896.0,green,2
J4422,I7556,25980.0,25984.0,green,3
J4422,I8132,27606.0,27611.0,green,1
J1765,I3316,9667.0,9669.0,brown,2
J1765,I5333,17888.0,17891.0,green,1
J1765,I6549,22521.0,22538.0,green,3
J280,I778,1570.0,1575.0,red,1
J280,I3627,10794.0,10800.0,green,1
J635,I1139,2449.0,2451.0,green,1
J635,I1203,2601.0,2605.0,red,3
J635,I1235,2695.0,2697.0,green,1
J635,I4884,16064.0,16065.0,green,1
J2432,I2186,5630.0,5637.0,green,3
J2432,I5003,16574.0,16577.0,green,1
J4404,I7533,25914.0,25916.0,green,2
J4404,I7981,27170.0,27174.0,brown,2
J4404,I8141,27642.0,27648.0,green,2
J3659,I4812,15749.0,15756.0,brown,1
J3659,I4909,16194.0,16195.0,green,1
J3086,I3699,11111.0,11116.0,green,1
J3086,I3859,11804.0,11807.0,brown,1
J3086,I3892,11936.0,11939.0,green,1
J3086,I4468,14320.0,14333.0,brown,1
J791,I540,1000.0,1001.0,brown,1
J791,I572,1082.0,1083.0,green,1
J791,I701,1396.0,1397.0,green,1
J791,I2721,7444.0,7451.0,green,3
J3476,I3737,11268.0,11277.0,green,1
J3476,I3897,11958.0,11960.0,green,2
J3476,I3930,12131.0,12135.0,green,2
J1069,I2220,5765.0,5771.0,green,1
J1069,I5357,17969.0,17977.0,green,3
J3243,I1135,2440.0,2445.0,red,1
J3243,I2031,5063.0,5071.0,green,1
J3243,I3792,11505.0,11508.0,green,1
J3243,I4800,15698.0,15700.0,green,2
J3243,I5632,19073.0,19083.0,green,1
J1613,I1807,4332.0,4334.0,green,2
J1613,I1903,4625.0,4628.0,brown,1
J1613,I1999,4936.0,4947.0,green,3
J2348,I2966,8288.0,8293.0,red,1
J2348,I3030,8538.0,8545.0,green,1
J2348,I4759,15550.0,15560.0,green,4
J926,I2061,5191.0,5192.0,red,1
J926,I2830,7826.0,7829.0,brown,1
J926,I3806,11575.0,11580.0,green,4
J980,I912,1881.0,1882.0,brown,1
J980,I5585,18869.0,18876.0,green,1
J980,I5625,19042.0,19048.0,green,1
J2290,I3578,10615.0,10616.0,red,1
J2290,I4251,13480.0,13483.0,green,2
J2290,I4411,14106.0,14121.0,green,2
J2290,I5371,18019.0,18034.0,green,1
J2575,I3704,11128.0,11131.0,green,2
J2575,I3801,11546.0,11549.0,green,1
J3679,I2614,7089.0,7093.0,green,1
J3679,I4887,16076.0,16080.0,green,1
J3870,I7137,24670.0,24675.0,brown,1
J3870,I7143,24687.0,24688.0,brown,1
J599,I6880,23767.0,23772.0,brown,3
J599,I8192,27784.0,27787.0,brown,1
J854,I933,1932.0,1936.0,red,1
J854,I4962,16387.0,16407.0,green,1
J854,I5022,16650.0,16660.0,green,3
J854,I5038,16717.0,16726.0,green,1
J3017,I4977,16449.0,16455.0,green,3
J3017,I5329,17875.0,17877.0,green,1
J3017,I5361,17995.0,17999.0,green,1
J2053,I2195,5667.0,5677.0,green,1
J2053,I2323,6096.0,6099.0,green,1
J2053,I4948,16313.0,16323.0,green,1
J711,I2209,5720.0,5725.0,green,2
J711,I4770,15598.0,15608.0,green,1
J4144,I5041,16730.0,16734.0,green,3
J4144,I5137,17103.0,17105.0,green,1
J4144,I7185,24801.0,24802.0,green,1
J2244,I4030,12587.0,12593.0,green,2
J2095,I5102,16964.0,16977.0,green,5
J4956,I6458,22235.0,22236.0,green,1
J4956,I8538,28620.0,28622.0,brown,2
J4956,I8634,28855.0,28856.0,brown,1
J4956,I8954,29526.0,29527.0,brown,1
J4956,I9206,29956.0,29957.0,brown,1
J934,I7152,24707.0,24713.0,brown,1
J934,I8241,27903.0,27904.0,green,1
J934,I8273,27982.0,27983.0,green,1
J934,I8450,28414.0,28415.0,brown,1
J934,I8534,28605.0,28613.0,brown,1
J874,I6893,23836.0,23846.0,brown,2
J874,I8334,28136.0,28137.0,green,1
J874,I8910,29439.0,29442.0,green,2
J67,I135,205.0,206.0,green,1
J67,I136,206.0,208.0,green,1
J67,I167,264.0,266.0,green,1
J67,I199,325.0,327.0,green,1
J67,I2184,5621.0,5625.0,green,1
J67,I2600,7018.0,7031.0,green,1
J2657,I4051,12648.0,12669.0,green,4
J2657,I6019,20575.0,20591.0,green,2
J2914,I3535,10478.0,10479.0,green,1
J2914,I3536,10479.0,10482.0,green,1
J2914,I3631,10813.0,10818.0,green,1
J2914,I5040,16727.0,16730.0,green,3
J3586,I5773,19626.0,19629.0,green,2
J3586,I5869,19973.0,19979.0,green,2
J3586,I6333,21767.0,21775.0,green,2
J2562,I8519,28566.0,28568.0,green,1
J2562,I8534,28605.0,28613.0,brown,1
J2562,I8726,29055.0,29058.0,brown,2
J560,I1031,2174.0,2182.0,green,1
J560,I1062,2268.0,2270.0,green,2
J560,I1094,2341.0,2343.0,green,2
J560,I1190,2576.0,2577.0,green,1
J2995,I3087,8773.0,8776.0,brown,3
J2995,I3119,8916.0,8918.0,green,1
J2995,I7978,27165.0,27166.0,brown,1
J2995,I8042,27345.0,27349.0,brown,1
J22,I195,315.0,317.0,green,2
J22,I5379,18075.0,18090.0,green,2
J4576,I2205,5706.0,5707.0,red,1
J4576,I3518,10417.0,10429.0,green,2
J4576,I8094,27487.0,27489.0,green,2
J4576,I8286,28010.0,28011.0,brown,1
J286,I714,1422.0,1423.0,brown,1
J286,I1386,3085.0,3086.0,green,1
J2754,I4704,15329.0,15332.0,green,1
J2754,I4865,15990.0,15995.0,brown,2
J2598,I3898,11960.0,11965.0,green,1
J2598,I3899,11965.0,11975.0,green,2
J3696,I4947,16306.0,16313.0,green,3
J3696,I5267,17615.0,17617.0,brown,1
J3696,I7076,24476.0,24481.0,green,2
J543,I1168,2518.0,2520.0,red,1
J543,I2032,5071.0,5080.0,green,1
J543,I2832,7830.0,7834.0,brown,1
J543,I6480,22292.0,22294.0,brown,1
J543,I7545,25940.0,25949.0,green,2
J2991,I8899,29419.0,29420.0,green,1
J2991,I9187,29930.0,29932.0,green,2
J2991,I9215,29969.0,29972.0,green,1
J2991,I9221,29984.0,29987.0,green,2
J4829,I7255,25047.0,25050.0,brown,1
J4829,I7319,25277.0,25280.0,brown,3
J4829,I7576,26021.0,26022.0,green,1
J3545,I4248,13471.0,13472.0,green,1
J3545,I5208,17383.0,17387.0,brown,1
J3545,I5264,17607.0,17608.0,brown,1
J3545,I5272,17636.0,17637.0,brown,1
J3545,I5945,20278.0,20289.0,green,1
J2327,I1045,2212.0,2213.0,green,1
J2327,I1302,2862.0,2865.0,red,1
J2327,I3861,11817.0,11825.0,brown,2
J2327,I4730,15425.0,15436.0,green,2
J3812,I1676,3906.0,3911.0,brown,1
J3812,I6317,21699.0,21714.0,green,4
J3577,I5169,17252.0,17260.0,brown,2
J3577,I5810,19750.0,19756.0,green,2
J3577,I8114,27546.0,27549.0,green,1
J3577,I8242,27904.0,27915.0,green,1
J3197,I4932,16262.0,16264.0,brown,2
J3197,I5124,17067.0,17068.0,brown,1
J3197,I5444,18347.0,18348.0,brown,1
J3197,I7268,25086.0,25091.0,brown,1
J3197,I7780,26618.0,26621.0,brown,1
J3003,I5132,17094.0,17095.0,brown,1
J3003,I6892,23827.0,23836.0,brown,3
J3003,I7276,25129.0,25135.0,brown,1
J3003,I7820,26735.0,26736.0,brown,1
J587,I243,410.0,411.0,green,1
J587,I339,584.0,588.0,brown,1
J587,I371,652.0,655.0,green,2
J587,I372,655.0,659.0,green,1
J3044,I2992,8410.0,8411.0,red,1
J3044,I3024,8517.0,8521.0,red,1
J3044,I3088,8776.0,8780.0,red,2
J3044,I6457,22224.0,22235.0,green,1
J3749,I6511,22414.0,22416.0,brown,1
J3749,I6736,23186.0,23190.0,green,1
J3749,I6752,23247.0,23249.0,green,1
J2739,I2431,6468.0,6470.0,green,2
J2739,I2528,6788.0,6789.0,red,1
J2739,I2976,8330.0,8333.0,green,2
J2739,I4224,13392.0,13400.0,green,1
J2415,I2874,7975.0,7983.0,brown,1
J2415,I3035,8556.0,8557.0,green,1
J2415,I3131,8954.0,8963.0,green,1
J2415,I4027,12570.0,12576.0,green,2
J2415,I4219,13368.0,13376.0,green,1
J260,I892,1843.0,1847.0,brown,1
J260,I2428,6457.0,6466.0,green,1
J260,I3933,12143.0,12145.0,green,2
J260,I4029,12586.0,12587.0,green,1
J260,I4158,13118.0,13134.0,green,1
J1707,I739,1486.0,1487.0,red,1
J1707,I8052,27369.0,27378.0,brown,1
J1322,I963,2009.0,2011.0,brown,2
J1322,I6308,21666.0,21669.0,green,2
J1322,I7076,24476.0,24481.0,green,2
J3216,I7521,25881.0,25885.0,green,2
J3216,I8832,29284.0,29285.0,brown,1
J4960,I8048,27356.0,27358.0,brown,2
J4960,I8528,28587.0,28589.0,brown,1
J2968,I4500,14481.0,14486.0,red,1
J2968,I4629,15007.0,15011.0,green,2
J2968,I4821,15794.0,15796.0,green,1
J4875,I4080,12789.0,12794.0,red,1
J4875,I4144,13042.0,13062.0,brown,3
J4875,I6833,23594.0,23602.0,green,1
J4875,I9209,29960.0,29961.0,green,1
J4985,I7350,25363.0,25366.0,green,3
J4985,I7446,25685.0,25689.0,green,1
J1347,I1338,2953.0,2955.0,green,1
J1347,I1755,4173.0,4177.0,green,1
J1347,I2202,5699.0,5702.0,brown,1
J4823,I4395,14046.0,14049.0,brown,1
J4823,I7884,26943.0,26947.0,green,1
J1184,I2118,5369.0,5371.0,green,1
J1184,I4647,15081.0,15095.0,green,1
J1184,I6375,21926.0,21933.0,green,1
J1184,I7361,25394.0,25404.0,brown,2
J1184,I7431,25628.0,25634.0,green,1
J2485,I2612,7082.0,7083.0,green,1
J2485,I2644,7209.0,7211.0,green,1
J2485,I4341,13806.0,13813.0,green,1
J923,I1610,3691.0,3702.0,brown,1
J923,I4555,14711.0,14717.0,green,1
J923,I5787,19685.0,19686.0,green,1
J923,I5819,19780.0,19784.0,green,1
J4931,I8596,28759.0,28760.0,green,1
J4931,I8948,29513.0,29517.0,green,1
J2502,I5319,17845.0,17849.0,green,1
J2502,I5574,18826.0,18835.0,brown,1
J2502,I6823,23554.0,23563.0,green,2
J2502,I7814,26717.0,26723.0,brown,2
J3373,I4838,15865.0,15871.0,green,2
J3373,I6022,20598.0,20604.0,green,1
J3373,I6742,23205.0,23212.0,green,2
J3373,I7094,24542.0,24547.0,green,1
J4710,I4824,15803.0,15809.0,green,1
J4710,I6008,20534.0,20538.0,green,2
J4710,I6391,21973.0,21980.0,brown,1
J2843,I3157,9074.0,9075.0,red,1
J2843,I3189,9207.0,9210.0,green,1
J2843,I3253,9418.0,9425.0,red,2
J2843,I5542,18665.0,18670.0,green,2
J2706,I3699,11111.0,11116.0,green,1
J2706,I5011,16603.0,16614.0,brown,1
J2706,I5652,19153.0,19160.0,green,1
J2706,I7888,26951.0,26953.0,green,1
J742,I1790,4282.0,4283.0,red,1
J742,I8607,28778.0,28782.0,brown,1
J295,I488,904.0,905.0,green,1
J295,I1704,4021.0,4022.0,brown,1
J295,I6888,23807.0,23812.0,brown,2
J295,I6960,24077.0,24085.0,brown,1
J2231,I1270,2785.0,2786.0,brown,1
J2231,I1335,2948.0,2950.0,green,1
J2231,I1399,3115.0,3121.0,brown,1
J850,I922,1910.0,1915.0,green,1
J850,I4666,15162.0,15169.0,green,2
J64,I199,325.0,327.0,green,1
J64,I360,626.0,631.0,green,1
J64,I2167,5556.0,5563.0,green,3
J3032,I4749,15503.0,15507.0,green,1
J3032,I5197,17353.0,17355.0,green,2
J3032,I6589,22691.0,22696.0,green,2
J3032,I7445,25684.0,25685.0,green,1
J3119,I4085,12802.0,12806.0,red,1
J3119,I7964,27134.0,27135.0,green,1
J3119,I7990,27197.0,27204.0,green,3
J4951,I5054,16769.0,16770.0,brown,1
J4951,I5182,17310.0,17311.0,brown,1
J4951,I8063,27399.0,27400.0,green,1
J4951,I8351,28171.0,28173.0,green,1
J3766,I4677,15192.0,15195.0,brown,1
J3766,I5125,17068.0,17073.0,brown,2
J3766,I5445,18348.0,18353.0,brown,2
J637,I972,2039.0,2044.0,red,1
J637,I4205,13325.0,13330.0,green,1
J637,I5933,20223.0,20229.0,green,1
J637,I6301,21639.0,21642.0,green,1
J637,I7211,24886.0,24887.0,green,1
J637,I7277,25135.0,25143.0,brown,1
J4581,I6487,22315.0,22319.0,brown,4
J4581,I7415,25575.0,25583.0,brown,1
J4581,I8088,27472.0,27475.0,green,1
J4359,I5934,20229.0,20230.0,green,1
J4359,I6126,21023.0,21032.0,brown,4
J4359,I9070,29739.0,29740.0,brown,1
J1284,I2607,7044.0,7045.0,green,1
J1284,I2608,7045.0,7055.0,green,1
J1284,I3784,11492.0,11497.0,green,1
J1119,I5174,17274.0,17277.0,brown,1
J1119,I5599,18920.0,18926.0,green,1
J1977,I568,1071.0,1074.0,green,3
J1977,I2456,6546.0,6552.0,green,1
J1977,I4188,13249.0,13269.0,green,1
J1932,I3802,11549.0,11554.0,green,3
J1932,I3803,11554.0,11558.0,green,1
J1932,I3899,11965.0,11975.0,green,2
J4866,I8119,27571.0,27573.0,green,1
J4866,I8152,27676.0,27684.0,green,5
J3278,I4404,14080.0,14083.0,green,1
J3278,I4532,14620.0,14624.0,green,2
J1183,I2638,7185.0,7193.0,green,2
J1183,I3086,8771.0,8773.0,brown,1
J1183,I5867,19959.0,19968.0,green,1
J1183,I6019,20575.0,20591.0,green,1
J3409,I5887,20063.0,20067.0,brown,3
J3409,I5919,20171.0,20172.0,brown,1
J3409,I7039,24362.0,24365.0,brown,2
J2838,I2593,7000.0,7005.0,green,2
J2838,I2913,8117.0,8121.0,red,2
J2838,I6818,23514.0,23520.0,green,1
J2838,I7778,26609.0,26617.0,brown,1
J912,I1302,2862.0,2865.0,red,1
J912,I7703,26378.0,26380.0,brown,2
J912,I8471,28459.0,28460.0,brown,1
J912,I8535,28613.0,28615.0,brown,2
J4486,I3212,9305.0,9306.0,red,1
J4486,I5549,18708.0,18717.0,green,1
J4486,I7756,26523.0,26526.0,brown,1
J4486,I8044,27350.0,27352.0,brown,2
J4486,I8532,28600.0,28604.0,brown,1
J3652,I3327,9705.0,9708.0,red,1
J3652,I6959,24071.0,24077.0,brown,3
J3652,I7904,26983.0,26987.0,green,2
J4722,I8161,27706.0,27708.0,green,2
J4722,I8193,27787.0,27790.0,brown,2
J4722,I8353,28180.0,28181.0,green,1
J4722,I8577,28715.0,28717.0,green,1
J1956,I6391,21973.0,21980.0,brown,1
J1956,I7639,26205.0,26212.0,brown,1
J1956,I7992,27207.0,27211.0,green,1
J4699,I6721,23124.0,23126.0,green,1
J4699,I7073,24469.0,24470.0,green,1
J4601,I5626,19048.0,19051.0,green,3
J4601,I5658,19173.0,19185.0,brown,3
J409,I6131,21041.0,21042.0,green,1
J409,I6483,22302.0,22306.0,brown,1
J409,I6493,22333.0,22336.0,brown,2
J360,I722,1439.0,1442.0,red,2
J360,I7038,24354.0,24362.0,brown,2
J4720,I6775,23326.0,23332.0,green,3
J4720,I6870,23741.0,23746.0,brown,2
J4720,I7318,25274.0,25277.0,brown,1
J731,I578,1100.0,1101.0,green,1
J731,I676,1334.0,1342.0,green,3
J731,I4329,13763.0,13773.0,green,1
J2489,I4272,13581.0,13588.0,green,5
J1103,I676,1334.0,1342.0,green,1
J1103,I803,1623.0,1626.0,brown,1
J1103,I1348,2974.0,2987.0,green,1
J1103,I1475,3336.0,3339.0,brown,2
J1586,I1106,2370.0,2376.0,red,1
J1586,I1170,2522.0,2523.0,green,1
J1586,I3987,12368.0,12370.0,green,1
J1586,I4515,14520.0,14526.0,brown,1
J314,I534,990.0,991.0,brown,1
J2234,I2916,8127.0,8132.0,green,1
J2234,I8196,27793.0,27795.0,brown,1
J2234,I8549,28643.0,28647.0,green,2
J4011,I3602,10700.0,10703.0,green,2
J4011,I3665,10949.0,10955.0,red,1
J4011,I3697,11095.0,11099.0,green,1
J4011,I6865,23729.0,23731.0,brown,1
J993,I1339,2955.0,2958.0,green,1
J993,I1596,3637.0,3639.0,green,1
J993,I2280,5950.0,5952.0,green,1
J1651,I3322,9687.0,9690.0,brown,1
J4370,I5649,19147.0,19149.0,green,2
J4370,I5777,19641.0,19646.0,brown,1
J4370,I6481,22294.0,22301.0,brown,1
J4370,I7545,25940.0,25949.0,green,1
J942,I4775,15621.0,15624.0,green,3
J942,I6727,23147.0,23157.0,brown,1
J942,I6887,23798.0,23807.0,brown,1
J942,I7591,26057.0,26059.0,green,1
J2772,I4390,14023.0,14024.0,brown,1
J2772,I4423,14152.0,14168.0,green,3
J2772,I4583,14828.0,14839.0,green,1
J511,I841,1717.0,1718.0,green,1
J511,I6209,21340.0,21346.0,brown,1
J4750,I5644,19138.0,19141.0,green,2
J4750,I7083,24505.0,24509.0,brown,1
J4750,I7947,27089.0,27095.0,brown,1
J4653,I6182,21256.0,21257.0,brown,1
J4653,I7175,24769.0,24770.0,green,1
J4653,I7463,25735.0,25743.0,brown,2
J3221,I6411,22038.0,22041.0,green,1
J3221,I6955,24049.0,24059.0,green,3
J2116,I1012,2122.0,2124.0,red,1
J2116,I4468,14320.0,14333.0,brown,1
J2116,I6773,23312.0,23323.0,green,1
J2116,I7252,25036.0,25045.0,brown,1
J452,I724,1443.0,1447.0,red,2
J452,I3860,11807.0,11817.0,brown,1
J452,I4981,16470.0,16483.0,green,2
J4566,I4437,14220.0,14224.0,brown,1
J4566,I8790,29192.0,29193.0,green,1
J4566,I8918,29455.0,29457.0,green,1
J2872,I740,1487.0,1492.0,red,1
J2872,I3268,9488.0,9490.0,green,1
J2872,I4709,15344.0,15346.0,green,1
J2872,I6317,21699.0,21714.0,green,1
J2872,I7173,24765.0,24766.0,green,1
J1438,I529,983.0,986.0,brown,1
J1438,I1457,3304.0,3307.0,brown,1
J1438,I3698,11099.0,11111.0,green,3
J2412,I1221,2641.0,2644.0,green,1
J2412,I1317,2898.0,2908.0,green,2
J2412,I1477,3340.0,3341.0,brown,1
J3024,I1156,2494.0,2497.0,red,1
J3024,I1636,3776.0,3784.0,brown,1
J3024,I3493,10331.0,10340.0,green,1
J3024,I6333,21767.0,21775.0,green,2
J2482,I3950,12220.0,12221.0,green,1
J2482,I3982,12340.0,12347.0,brown,1
J2482,I4046,12629.0,12638.0,green,2
J3071,I387,689.0,690.0,red,1
J3071,I419,762.0,766.0,red,1
J3468,I3066,8683.0,8690.0,green,2
J3468,I5371,18019.0,18034.0,green,3
J701,I2342,6147.0,6150.0,brown,1
J701,I5383,18111.0,18114.0,green,1
J665,I1466,3321.0,3323.0,brown,1
J665,I1786,4269.0,4271.0,green,1
J665,I2010,4983.0,4985.0,green,1
J665,I2618,7101.0,7110.0,green,1
J665,I2874,7975.0,7983.0,brown,1
J1231,I2023,5043.0,5044.0,green,1
J1231,I4222,13386.0,13388.0,green,1
J175,I7036,24348.0,24351.0,brown,1
J175,I7549,25953.0,25964.0,green,1
J175,I7932,27053.0,27057.0,brown,1
J1056,I1771,4223.0,4229.0,red,3
J1056,I6988,24189.0,24193.0,green,1
J1056,I7244,25010.0,25014.0,green,2
J2197,I4144,13042.0,13062.0,brown,2
J2197,I4208,13340.0,13343.0,green,3
J2197,I4400,14061.0,14067.0,green,1
J3063,I3711,11156.0,11162.0,green,1
J3063,I3775,11457.0,11458.0,red,1
J3063,I3903,11986.0,11990.0,green,1
J3063,I5055,16770.0,16778.0,brown,2
J3063,I6176,21211.0,21229.0,green,1
J3932,I2520,6770.0,6775.0,green,3
J3932,I4249,13472.0,13478.0,green,1
J3932,I8728,29059.0,29060.0,brown,1
J1627,I2290,5989.0,5992.0,green,1
J1627,I2322,6095.0,6096.0,green,1
J1627,I2578,6950.0,6958.0,green,2
J1627,I5330,17877.0,17880.0,green,1
J355,I1036,2195.0,2197.0,green,2
J355,I2188,5638.0,5641.0,green,1
J3691,I2298,6018.0,6027.0,brown,4
J3691,I5947,20297.0,20301.0,green,1
J243,I744,1496.0,1498.0,red,1
J243,I3433,10098.0,10100.0,green,2
J243,I3529,10453.0,10457.0,green,1
J2895,I2925,8149.0,8151.0,green,1
J2895,I2926,8151.0,8162.0,green,4
J2895,I6158,21122.0,21130.0,green,1
J1808,I1164,2512.0,2513.0,red,1
J1808,I2157,5508.0,5523.0,green,1
J1808,I4829,15816.0,15824.0,green,3
J4358,I3855,11782.0,11790.0,red,1
J4358,I3887,11926.0,11929.0,brown,1
J4358,I7632,26178.0,26183.0,green,3
J4358,I8080,27455.0,27456.0,green,1
J256,I4124,12933.0,12948.0,green,1
J256,I6268,21528.0,21533.0,green,2
J2096,I5122,17057.0,17061.0,brown,1
J2096,I7219,24925.0,24938.0,green,3
J1625,I2863,7934.0,7939.0,green,1
J1625,I2864,7939.0,7945.0,green,1
J1625,I3504,10381.0,10383.0,green,1
J1625,I4432,14196.0,14211.0,green,1
J3379,I5599,18920.0,18926.0,green,1
J3379,I5918,20166.0,20171.0,brown,4
J3379,I6366,21895.0,21899.0,brown,1
J656,I1038,2198.0,2201.0,green,3
J656,I1135,2440.0,2445.0,red,1
J656,I2960,8271.0,8274.0,green,1
J2858,I2943,8199.0,8207.0,red,1
J2858,I3103,8837.0,8839.0,red,1
J2858,I6176,21211.0,21229.0,green,1
J1865,I2178,5607.0,5609.0,green,1
J1865,I7938,27070.0,27073.0,brown,1
J1865,I8547,28637.0,28641.0,green,1
J1865,I8682,28968.0,28970.0,green,2
J1865,I8755,29111.0,29114.0,brown,1
J4588,I5650,19149.0,19152.0,green,2
J4588,I8242,27904.0,27915.0,green,1
J4588,I8689,28988.0,28989.0,brown,1
J4588,I8721,29043.0,29049.0,brown,2
J3399,I4569,14776.0,14786.0,green,6
J2585,I1772,4229.0,4234.0,red,3
J2585,I1900,4617.0,4618.0,brown,1
J2585,I3117,8902.0,8911.0,green,2
J1980,I3922,12098.0,12116.0,green,3
J1980,I4459,14295.0,14302.0,green,3
J4460,I4610,14919.0,14922.0,green,2
J4460,I5698,19307.0,19312.0,green,1
J1788,I1586,3605.0,3606.0,green,1
J1788,I3923,12116.0,12117.0,green,1
J1788,I4051,12648.0,12669.0,green,2
J1788,I5075,16834.0,16837.0,green,1
J1788,I5402,18175.0,18185.0,green,1
J663,I1112,2386.0,2387.0,green,1
J663,I1144,2466.0,2473.0,green,1
J663,I5104,16983.0,16990.0,brown,1
J2731,I1773,4234.0,4236.0,red,1
J2731,I3118,8911.0,8916.0,green,1
J2731,I3341,9753.0,9758.0,green,1
J2678,I9190,29935.0,29937.0,green,1
J2678,I9192,29938.0,29940.0,green,1
J2678,I9194,29941.0,29942.0,green,1
J2752,I2592,6993.0,7000.0,green,2
J2752,I5312,17821.0,17827.0,brown,1
J2752,I5761,19589.0,19597.0,green,1
J288,I819,1652.0,1656.0,green,1
J288,I1747,4148.0,4150.0,green,1
J288,I4050,12644.0,12648.0,green,2
J217,I267,449.0,453.0,green,1
J217,I299,512.0,516.0,brown,1
J217,I395,707.0,716.0,green,1
J217,I2219,5758.0,5765.0,green,1
J217,I5663,19198.0,19202.0,green,1
J217,I5707,19338.0,19345.0,green,1
J1113,I2136,5435.0,5440.0,green,3
J1113,I2456,6546.0,6552.0,green,1
J1113,I3128,8944.0,8950.0,green,1
J1308,I2221,5771.0,5775.0,green,1
J1308,I2349,6177.0,6187.0,brown,4
J1308,I2381,6285.0,6292.0,red,1
J3816,I620,1181.0,1182.0,red,1
J3816,I5229,17456.0,17466.0,brown,1
J3816,I7949,27096.0,27098.0,brown,1
J2372,I1125,2418.0,2420.0,red,2
J2372,I1157,2497.0,2502.0,red,1
J2372,I5414,18220.0,18222.0,green,1
J3420,I7296,25198.0,25201.0,green,1
J3420,I7792,26649.0,26654.0,green,3
J3420,I8480,28476.0,28482.0,green,1
J3420,I8863,29346.0,29347.0,brown,1
J825,I667,1297.0,1316.0,green,1
J825,I3916,12073.0,12084.0,green,1
J825,I4004,12437.0,12442.0,green,1
J2387,I1905,4631.0,4632.0,brown,1
J2387,I2001,4948.0,4955.0,green,1
J2387,I2033,5080.0,5083.0,green,1
J2387,I4303,13674.0,13679.0,brown,1
J2280,I3394,9931.0,9932.0,red,1
J2280,I3490,10327.0,10329.0,brown,2
J2280,I5027,16669.0,16672.0,green,3
J4691,I4955,16343.0,16348.0,brown,1
J4691,I7835,26772.0,26774.0,brown,1
J4691,I8996,29596.0,29599.0,green,2
J4691,I9164,29891.0,29893.0,green,1
J2720,I13,17.0,18.0,green,1
J2720,I77,110.0,111.0,red,1
J2720,I173,273.0,280.0,green,1
J2720,I621,1182.0,1186.0,red,1
J1238,I2740,7523.0,7525.0,green,1
J1238,I3428,10069.0,10078.0,brown,1
J1768,I2084,5266.0,5267.0,green,1
J1768,I3813,11603.0,11607.0,green,1
J1768,I3909,12022.0,12026.0,green,2
J3998,I2609,7055.0,7069.0,green,2
J3998,I5265,17608.0,17610.0,brown,2
J3998,I7442,25669.0,25678.0,green,1
J122,I302,520.0,522.0,brown,2
J122,I1102,2357.0,2359.0,red,1
J122,I5230,17466.0,17470.0,brown,1
J122,I5310,17813.0,17819.0,brown,2
J4738,I6453,22202.0,22213.0,green,1
J4738,I6773,23312.0,23323.0,green,1
J4738,I8742,29087.0,29090.0,brown,1
J4738,I8789,29182.0,29192.0,green,1
J2690,I5166,17218.0,17229.0,brown,2
J2690,I8079,27444.0,27455.0,green,2
J2690,I8547,28637.0,28641.0,green,1
J2690,I9007,29619.0,29621.0,green,1
J2245,I3883,11906.0,11913.0,brown,3
J2245,I5868,19968.0,19973.0,green,3
J4402,I1973,4863.0,4867.0,red,1
J4402,I6838,23610.0,23616.0,green,3
J4402,I7141,24681.0,24685.0,brown,1
J3419,I3952,12222.0,12225.0,green,1
J3419,I5632,19073.0,19083.0,green,1
J3419,I6522,22434.0,22440.0,green,2
J3035,I4989,16513.0,16520.0,green,1
J3035,I5021,16646.0,16650.0,green,4
J3035,I5085,16869.0,16871.0,green,1
J847,I1680,3922.0,3928.0,green,3
J847,I1745,4145.0,4147.0,green,1
J847,I2001,4948.0,4955.0,green,2
J3141,I4545,14668.0,14670.0,brown,2
J3141,I4610,14919.0,14922.0,green,1
J3141,I4642,15060.0,15063.0,green,1
J2608,I3791,11504.0,11505.0,red,1
J2608,I3855,11782.0,11790.0,red,1
J2608,I5296,17721.0,17726.0,green,1
J2608,I5968,20369.0,20377.0,green,1
J2608,I7248,25020.0,25030.0,green,2
J1080,I507,940.0,942.0,red,2
J1080,I667,1297.0,1316.0,green,1
J1080,I1148,2477.0,2479.0,green,2
J1080,I3071,8712.0,8715.0,green,1
J4155,I4387,14016.0,14018.0,green,1
J4155,I4388,14018.0,14021.0,green,3
J4155,I4804,15708.0,15719.0,green,1
J4155,I6692,23043.0,23044.0,green,1
J3938,I1018,2132.0,2133.0,red,1
J3938,I8219,27846.0,27850.0,brown,1
J2685,I6167,21155.0,21165.0,green,1
J2685,I6615,22797.0,22802.0,green,1
J2589,I3708,11143.0,11149.0,green,2
J3967,I5189,17336.0,17339.0,green,2
J3967,I7525,25896.0,25897.0,green,1
J296,I6828,23575.0,23582.0,green,3
J296,I7115,24614.0,24616.0,brown,1
J296,I8340,28146.0,28150.0,green,1
J3756,I4219,13368.0,13376.0,green,1
J3756,I4283,13615.0,13618.0,brown,3
J3756,I4315,13711.0,13713.0,brown,2
J1154,I2030,5062.0,5063.0,green,1
J1154,I2190,5642.0,5654.0,green,1
J1154,I2286,5969.0,5974.0,green,2
J1154,I2830,7826.0,7829.0,brown,1
J1154,I4094,12818.0,12824.0,green,1
J4643,I5332,17883.0,17888.0,green,1
J4643,I8436,28390.0,28393.0,green,1
J4659,I4132,12981.0,12985.0,green,1
J4659,I4291,13648.0,13655.0,brown,3
J4659,I6052,20730.0,20733.0,green,1
J1479,I2505,6702.0,6708.0,green,5
J4857,I7620,26151.0,26154.0,green,2
J4857,I7812,26708.0,26712.0,green,1
J4857,I8684,28973.0,28976.0,green,1
J4930,I4401,14067.0,14076.0,green,2
J4930,I7152,24707.0,24713.0,brown,1
J4930,I8624,28819.0,28826.0,brown,1
J4930,I8960,29532.0,29536.0,brown,2
J4941,I2692,7356.0,7361.0,red,1
J4941,I7109,24588.0,24597.0,brown,3
J4941,I7845,26794.0,26797.0,brown,1
J4941,I8709,29024.0,29025.0,brown,1
J3241,I1992,4917.0,4920.0,green,1
J3241,I3880,11886.0,11899.0,brown,1
J3241,I5705,19332.0,19333.0,green,1
J2145,I1310,2882.0,2884.0,red,1
J2145,I6911,23897.0,23908.0,green,3
J2145,I7209,24875.0,24885.0,green,1
J2145,I7331,25306.0,25308.0,green,1
J2978,I4436,14218.0,14220.0,brown,1
J2978,I7901,26974.0,26978.0,green,3
J1793,I3585,10641.0,10645.0,green,3
J1793,I3745,11330.0,11343.0,green,1
J1934,I6310,21671.0,21679.0,green,1
J1934,I6981,24155.0,24160.0,brown,2
J3413,I3464,10201.0,10202.0,red,1
J3413,I3496,10344.0,10346.0,green,1
J3413,I3816,11612.0,11615.0,green,1
J3413,I3817,11615.0,11629.0,green,1
J3413,I4649,15101.0,15107.0,green,1
J3413,I4873,16016.0,16029.0,green,1
J16,I40,57.0,58.0,green,1
J16,I41,58.0,60.0,green,1
J16,I73,106.0,107.0,red,1
J16,I168,266.0,267.0,green,1
J16,I4761,15562.0,15566.0,green,1
J16,I4797,15688.0,15692.0,green,1
J4816,I1622,3737.0,3740.0,red,1
J4816,I7223,24944.0,24959.0,green,2
J4816,I7575,26020.0,26021.0,green,1
J4816,I7959,27119.0,27127.0,green,1
J4919,I8413,28334.0,28335.0,green,1
J4919,I8541,28625.0,28629.0,brown,1
J4919,I8573,28709.0,28712.0,green,3
J2698,I1702,4010.0,4016.0,brown,1
J2698,I1734,4114.0,4118.0,red,1
J2698,I4827,15814.0,15815.0,green,1
J4173,I5056,16778.0,16782.0,brown,3
J4173,I7617,26142.0,26148.0,green,2
J4989,I2760,7585.0,7587.0,green,2
J4989,I2920,8142.0,8143.0,brown,1
J4989,I6920,23936.0,23940.0,brown,3
J4129,I5365,18007.0,18010.0,green,1
J4129,I5462,18394.0,18398.0,green,1
J4129,I8070,27418.0,27425.0,green,1
J3045,I881,1818.0,1821.0,brown,1
J3045,I1009,2116.0,2120.0,red,1
J3045,I1457,3304.0,3307.0,brown,2
J3045,I2929,8165.0,8166.0,green,1
J3045,I6737,23190.0,23196.0,brown,1
J2254,I2977,8333.0,8334.0,green,1
J2254,I2978,8334.0,8344.0,green,4
J2254,I3745,11330.0,11343.0,green,1
J1423,I2788,7667.0,7671.0,red,1
J1423,I6021,20592.0,20598.0,green,1
J1423,I6149,21091.0,21097.0,green,3
J1423,I6917,23931.0,23932.0,brown,1
J1603,I1973,4863.0,4867.0,red,1
J1603,I4021,12522.0,12528.0,green,1
J1603,I4022,12528.0,12538.0,green,1
J1603,I6158,21122.0,21130.0,green,3
J2353,I3482,10303.0,10304.0,brown,1
J2353,I4763,15568.0,15574.0,green,3
J2353,I5635,19088.0,19105.0,green,2
J3445,I3033,8553.0,8554.0,green,1
J3445,I3065,8676.0,8683.0,green,1
J3445,I3129,8950.0,8953.0,green,1
J3445,I5370,18016.0,18019.0,green,1
J3445,I5402,18175.0,18185.0,green,2
J431,I0,0.0,1.0,green,1
J431,I2,2.0,3.0,green,1
J431,I6,7.0,10.0,green,1
J431,I16,22.0,23.0,green,1
J431,I21,31.0,33.0,green,1
J431,I131,197.0,198.0,green,1
J2887,I4201,13303.0,13311.0,brown,4
J903,I1318,2908.0,2912.0,green,1
J903,I2087,5271.0,5282.0,green,3
J903,I2246,5829.0,5837.0,green,1
J3000,I4692,15273.0,15276.0,brown,2
J3000,I4756,15534.0,15543.0,green,2
J3000,I5141,17119.0,17120.0,green,1
J3000,I6029,20631.0,20638.0,green,1
J3245,I5233,17482.0,17493.0,brown,1
J3245,I5297,17726.0,17737.0,brown,1
J3245,I5298,17737.0,17746.0,green,1
J3245,I5425,18265.0,18266.0,red,1
J1610,I1993,4920.0,4923.0,green,3
J1610,I2025,5052.0,5054.0,green,1
J1610,I2954,8252.0,8257.0,green,2
J2018,I474,873.0,876.0,red,1
J2018,I570,1079.0,1081.0,green,1
J2018,I4155,13110.0,13112.0,green,1
J2018,I4379,13978.0,13987.0,green,1
J2018,I4411,14106.0,14121.0,green,2
J3038,I3832,11687.0,11688.0,brown,1
J3038,I4025,12544.0,12557.0,green,2
J3038,I4921,16223.0,16235.0,green,3
J4810,I5418,18233.0,18240.0,green,1
J4810,I6121,20992.0,20998.0,brown,4
J4810,I8914,29449.0,29452.0,green,1
J1307,I1923,4679.0,4681.0,red,2
J1307,I1987,4903.0,4905.0,green,2
J1307,I2051,5157.0,5163.0,green,1
J1307,I4068,12742.0,12749.0,green,1
J2043,I1213,2627.0,2628.0,green,1
J2043,I1277,2797.0,2799.0,brown,2
J2043,I1311,2884.0,2889.0,red,2
J2043,I1341,2959.0,2963.0,green,1
J1770,I2713,7424.0,7427.0,green,2
J1770,I2714,7427.0,7436.0,green,4
J4589,I7236,24986.0,24992.0,green,3
J4589,I7267,25081.0,25086.0,brown,1
J4589,I7300,25207.0,25211.0,green,1
J4589,I8744,29091.0,29093.0,green,1
J4408,I4497,14474.0,14475.0,red,1
J4408,I4593,14879.0,14880.0,red,1
J4408,I6098,20896.0,20900.0,green,1
J4408,I7313,25258.0,25264.0,brown,1
J4408,I8242,27904.0,27915.0,green,1
J706,I879,1812.0,1814.0,brown,1
J706,I911,1880.0,1881.0,brown,1
J706,I1071,2287.0,2289.0,green,1
J706,I4432,14196.0,14211.0,green,2
J4647,I7340,25321.0,25324.0,green,2
J4647,I7532,25910.0,25914.0,green,1
J4647,I7852,26821.0,26823.0,green,1
J4647,I8244,27918.0,27921.0,green,1
J4647,I8268,27973.0,27974.0,green,1
J3220,I3172,9132.0,9142.0,green,1
J3220,I3203,9269.0,9270.0,red,1
J3220,I4820,15792.0,15794.0,green,1
J3220,I4948,16313.0,16323.0,green,1
J3220,I5936,20234.0,20252.0,green,1
J4644,I3861,11817.0,11825.0,brown,1
J4644,I8629,28841.0,28848.0,brown,1
J4644,I8821,29262.0,29263.0,brown,1
J4035,I4590,14861.0,14866.0,green,3
J4035,I4845,15910.0,15921.0,brown,1
J4035,I5070,16821.0,16824.0,green,1
J3909,I4946,16303.0,16306.0,green,2
J3909,I4978,16455.0,16456.0,green,1
J3909,I5010,16601.0,16603.0,brown,1
J3909,I6266,21515.0,21526.0,green,1
J1783,I5113,17015.0,17016.0,brown,1
J1783,I8282,28000.0,28003.0,green,3
J3326,I6530,22461.0,22462.0,brown,1
J3326,I7219,24925.0,24938.0,green,2
J1170,I2512,6731.0,6737.0,green,2
J1170,I2704,7401.0,7405.0,brown,1
J979,I657,1268.0,1271.0,green,3
J4385,I2400,6379.0,6380.0,red,1
J4385,I2784,7662.0,7664.0,red,1
J4385,I2944,8207.0,8211.0,red,1
J4385,I6625,22844.0,22856.0,brown,1
J4385,I8705,29016.0,29018.0,brown,1
J4385,I8861,29344.0,29345.0,brown,1
J4795,I4026,12557.0,12570.0,green,1
J4795,I8602,28768.0,28770.0,green,1
J4795,I8633,28853.0,28855.0,brown,2
J3405,I4453,14279.0,14283.0,green,1
J3405,I4454,14283.0,14285.0,green,1
J3405,I4646,15076.0,15081.0,green,3
J4942,I3581,10631.0,10632.0,red,1
J4942,I8701,29012.0,29013.0,brown,1
J4942,I8733,29067.0,29075.0,brown,3
J4942,I9022,29647.0,29648.0,green,1
J983,I1326,2934.0,2935.0,green,1
J983,I1614,3715.0,3716.0,brown,1
J983,I4591,14866.0,14876.0,green,2
J983,I5391,18139.0,18147.0,green,1
J983,I5502,18520.0,18526.0,brown,1
J2183,I3436,10105.0,10109.0,green,1
J2183,I3468,10227.0,10240.0,red,2
J2183,I4077,12781.0,12785.0,brown,3
J250,I119,178.0,180.0,red,1
J250,I215,359.0,361.0,brown,1
J250,I855,1752.0,1758.0,brown,1
J250,I5656,19165.0,19168.0,green,2
J250,I7128,24636.0,24645.0,green,1
J1295,I2604,7035.0,7038.0,green,2
J4344,I3930,12131.0,12135.0,green,1
J4344,I7226,24966.0,24969.0,green,2
J4344,I8098,27496.0,27498.0,green,1
J957,I2019,5029.0,5032.0,green,3
J957,I2051,5157.0,5163.0,green,1
J957,I2244,5824.0,5825.0,green,1
J4897,I8654,28901.0,28903.0,green,1
J4897,I8670,28937.0,28939.0,green,1
J4897,I8798,29211.0,29212.0,green,1
J4897,I8894,29404.0,29405.0,green,1
J4897,I8990,29585.0,29586.0,green,1
J4526,I1921,4674.0,4675.0,red,1
J4526,I2081,5259.0,5262.0,red,2
J4526,I5442,18340.0,18345.0,brown,1
J4526,I9074,29744.0,29746.0,brown,2
J3254,I5530,18613.0,18616.0,brown,3
J1118,I1591,3614.0,3618.0,green,3
J1118,I1688,3954.0,3965.0,green,1
J4,I70,97.0,100.0,red,1
J4,I7814,26717.0,26723.0,brown,1
J4,I8359,28194.0,28201.0,green,1
J4,I8583,28729.0,28731.0,green,2
J4,I8871,29357.0,29359.0,green,1
J4432,I4977,16449.0,16455.0,green,3
J4432,I5041,16730.0,16734.0,green,1
J4432,I5137,17103.0,17105.0,green,1
J4432,I7289,25185.0,25187.0,green,1
J1609,I2494,6667.0,6677.0,green,4
J1609,I3325,9694.0,9702.0,brown,1
J1609,I5374,18045.0,18063.0,green,1
J4532,I5301,17751.0,17761.0,green,3
J4532,I5813,19764.0,19772.0,green,1
J1398,I126,190.0,191.0,green,1
J1398,I159,250.0,251.0,green,1
J1398,I4143,13040.0,13042.0,brown,2
J2866,I2634,7170.0,7173.0,green,2
J2866,I2666,7269.0,7271.0,green,1
J2866,I2667,7271.0,7273.0,green,1
J2866,I4715,15368.0,15373.0,green,2
J2347,I3434,10100.0,10103.0,green,1
J2347,I3915,12059.0,12073.0,green,2
J2347,I5963,20362.0,20363.0,green,1
J4983,I2694,7363.0,7364.0,red,1
J4983,I8167,27727.0,27732.0,green,2
J4983,I8875,29368.0,29373.0,green,2
J4983,I9162,29887.0,29888.0,green,1
J2072,I3378,9884.0,9888.0,red,1
J2072,I3410,10011.0,10013.0,brown,1
J2072,I3442,10126.0,10130.0,green,1
J2072,I3762,11410.0,11411.0,brown,1
J2072,I3794,11511.0,11515.0,green,1
J954,I2168,5563.0,5566.0,green,2
J954,I2328,6109.0,6112.0,green,1
J954,I4432,14196.0,14211.0,green,1
J1375,I1538,3485.0,3487.0,green,2
J1375,I1602,3663.0,3664.0,green,1
J1375,I1634,3769.0,3770.0,brown,1
J1375,I2210,5725.0,5728.0,green,1
J1375,I2466,6588.0,6594.0,green,1
J1907,I3702,11126.0,11127.0,green,1
J1907,I3766,11416.0,11429.0,red,1
J1907,I5090,16895.0,16902.0,green,4
J395,I928,1922.0,1923.0,green,1
J395,I6137,21051.0,21053.0,green,2
J53,I127,191.0,192.0,green,1
J53,I160,251.0,254.0,green,2
J53,I193,312.0,313.0,green,1
J1493,I4555,14711.0,14717.0,green,2
J1493,I7146,24694.0,24696.0,brown,1
J4562,I461,841.0,845.0,red,3
J4562,I4430,14191.0,14192.0,green,1
J4562,I8238,27891.0,27900.0,green,1
J4562,I8358,28193.0,28194.0,green,1
J221,I565,1067.0,1068.0,green,1
J221,I4021,12522.0,12528.0,green,1
J221,I4053,12670.0,12671.0,green,1
J221,I4962,16387.0,16407.0,green,1
J879,I246,415.0,416.0,green,1
J879,I823,1667.0,1670.0,green,1
J879,I2551,6849.0,6851.0,green,1
J879,I3127,8941.0,8944.0,green,2
J879,I5403,18185.0,18187.0,green,1
J351,I3235,9365.0,9367.0,green,1
J351,I3811,11595.0,11601.0,green,2
J351,I4587,14848.0,14856.0,green,1
J3273,I1461,3310.0,3313.0,brown,1
J3273,I1493,3378.0,3379.0,brown,1
J3273,I1558,3532.0,3533.0,red,1
J3273,I3925,12120.0,12122.0,green,1
J3273,I5622,19017.0,19034.0,green,2
J29,I62,87.0,89.0,red,1
J29,I5599,18920.0,18926.0,green,1
J29,I7967,27142.0,27146.0,green,1
J29,I8495,28519.0,28521.0,green,1
J1568,I2284,5961.0,5965.0,green,2
J1568,I2348,6172.0,6177.0,brown,1
J1568,I2636,7175.0,7183.0,green,2
J1568,I3404,9994.0,9996.0,green,1
J4861,I7772,26581.0,26586.0,green,1
J4861,I7805,26679.0,26683.0,green,1
J4861,I8061,27394.0,27396.0,green,1
J4861,I8909,29438.0,29439.0,green,1
J4861,I9021,29645.0,29647.0,green,1
J585,I2300,6029.0,6037.0,brown,1
J585,I4541,14647.0,14658.0,green,2
J585,I7549,25953.0,25964.0,green,1
J585,I7954,27109.0,27113.0,green,1
J1498,I3074,8717.0,8730.0,green,4
J1498,I3745,11330.0,11343.0,green,1
J4424,I7189,24810.0,24811.0,green,1
J4424,I7221,24939.0,24941.0,green,2
J3505,I4602,14895.0,14898.0,brown,3
J1133,I2026,5054.0,5055.0,green,1
J1133,I3915,12059.0,12073.0,green,2
J1133,I5405,18193.0,18201.0,green,3
J3395,I460,838.0,841.0,red,2
J3395,I812,1641.0,1642.0,green,1
J3395,I844,1722.0,1723.0,green,1
J3395,I7218,24920.0,24925.0,green,2
J2794,I4081,12794.0,12796.0,red,2
J2794,I4241,13458.0,13459.0,red,1
J2794,I5234,17493.0,17496.0,brown,2
J81,I234,395.0,399.0,green,1
J81,I266,448.0,449.0,green,1
J81,I298,511.0,512.0,brown,1
J81,I330,569.0,570.0,green,1
J372,I641,1231.0,1235.0,green,1
J372,I672,1326.0,1328.0,green,2
J372,I1760,4188.0,4203.0,brown,1
J3734,I7301,25211.0,25222.0,green,1
J3734,I7364,25410.0,25413.0,brown,2
J2285,I1116,2391.0,2393.0,green,1
J2285,I1243,2718.0,2727.0,brown,1
J2285,I3483,10304.0,10308.0,brown,1
J2285,I3931,12135.0,12139.0,green,1
J3882,I4779,15634.0,15640.0,brown,3
J3882,I5131,17091.0,17094.0,brown,1
J3936,I6823,23554.0,23563.0,green,1
J3936,I7558,25985.0,25986.0,brown,1
J3936,I7814,26717.0,26723.0,brown,1
J4475,I760,1524.0,1525.0,red,1
J4475,I2584,6970.0,6974.0,brown,2
J4475,I8245,27921.0,27925.0,green,2
J4475,I8281,27999.0,28000.0,green,1
J1261,I2440,6502.0,6507.0,green,2
J1261,I2536,6804.0,6805.0,red,1
J4922,I4092,12816.0,12817.0,red,1
J4922,I4093,12817.0,12818.0,green,1
J4922,I4413,14124.0,14126.0,brown,1
J4922,I4861,15978.0,15985.0,brown,1
J4522,I2375,6270.0,6274.0,red,1
J4522,I2567,6904.0,6908.0,red,1
J4522,I4712,15359.0,15364.0,green,1
J1194,I1738,4125.0,4126.0,red,1
J1194,I1834,4414.0,4417.0,red,2
J1194,I2122,5380.0,5382.0,green,2
J1194,I6173,21189.0,21198.0,green,1
J1976,I2359,6209.0,6213.0,green,1
J1976,I2518,6763.0,6766.0,green,1
J1976,I2551,6849.0,6851.0,green,1
J1976,I3799,11537.0,11542.0,green,2
J1519,I1662,3862.0,3865.0,brown,1
J1519,I1694,3976.0,3983.0,green,1
J1519,I1726,4089.0,4095.0,red,1
J1519,I1983,4889.0,4893.0,green,1
J1519,I2463,6572.0,6583.0,green,1
J1519,I4943,16292.0,16294.0,green,1
J2444,I2767,7614.0,7615.0,red,1
J2444,I2799,7707.0,7713.0,red,1
J2444,I8628,28834.0,28841.0,brown,1
J2444,I8816,29252.0,29253.0,brown,1
J3683,I611,1167.0,1168.0,red,1
J3683,I707,1411.0,1416.0,red,3
J3683,I5203,17372.0,17376.0,brown,1
J3683,I5684,19264.0,19270.0,green,1
J4081,I5889,20071.0,20077.0,brown,2
J4081,I6402,22009.0,22011.0,green,2
J3195,I1840,4431.0,4436.0,red,2
J3195,I1904,4628.0,4631.0,brown,1
J3195,I7409,25547.0,25552.0,green,1
J2059,I1872,4529.0,4532.0,green,1
J2059,I1935,4732.0,4735.0,red,1
J2059,I2128,5392.0,5401.0,green,1
J2059,I4841,15884.0,15895.0,green,1
J2996,I2425,6451.0,6453.0,green,1
J2996,I2457,6552.0,6554.0,green,2
J2996,I2489,6656.0,6659.0,green,2
J2996,I4282,13608.0,13615.0,green,1
J4681,I5048,16755.0,16756.0,brown,1
J4681,I8121,27574.0,27575.0,green,1
J4681,I8897,29414.0,29417.0,green,1
J2493,I4647,15081.0,15095.0,green,5
J2493,I4887,16076.0,16080.0,green,1
J4171,I6829,23582.0,23585.0,green,1
J4171,I6893,23836.0,23846.0,brown,1
J4171,I7118,24618.0,24619.0,green,1
J4171,I7214,24904.0,24909.0,green,3
J4164,I6970,24114.0,24122.0,green,4
J4109,I4137,13005.0,13013.0,green,1
J4109,I4138,13013.0,13015.0,green,1
J4109,I4170,13173.0,13180.0,green,1
J4109,I7434,25643.0,25651.0,green,1
J325,I680,1348.0,1352.0,green,1
J325,I775,1562.0,1566.0,red,1
J325,I840,1715.0,1717.0,green,2
J325,I872,1797.0,1801.0,green,1
J1411,I1034,2186.0,2189.0,green,2
J1411,I1610,3691.0,3702.0,brown,1
J1411,I4171,13180.0,13187.0,green,2
J1411,I4267,13571.0,13576.0,green,1
J2207,I1325,2929.0,2934.0,green,1
J2207,I1421,3192.0,3196.0,red,1
J2207,I1613,3714.0,3715.0,brown,1
J2207,I2125,5386.0,5389.0,green,1
J2207,I2157,5508.0,5523.0,green,1
J2207,I2222,5775.0,5784.0,green,1
J2455,I283,486.0,487.0,red,1
J2455,I5915,20159.0,20161.0,brown,1
J2455,I6939,23989.0,23990.0,brown,1
J2455,I8219,27846.0,27850.0,brown,1
J2455,I8364,28213.0,28215.0,green,1
J2455,I8531,28597.0,28600.0,brown,1
J2282,I3518,10417.0,10429.0,green,1
J2282,I7359,25390.0,25391.0,green,1
J2282,I7615,26138.0,26141.0,green,1
J2282,I7927,27037.0,27040.0,green,1
J4549,I1966,4842.0,4847.0,red,1
J4549,I3759,11394.0,11396.0,green,1
J4549,I4399,14053.0,14061.0,green,1
J4549,I7310,25249.0,25255.0,brown,2
J4549,I7855,26827.0,26840.0,green,1
J1096,I32,47.0,48.0,green,1
J1096,I96,137.0,138.0,brown,1
J1096,I512,952.0,954.0,brown,1
J4685,I4328,13753.0,13763.0,green,1
J4685,I4487,14426.0,14432.0,brown,2
J4685,I7432,25634.0,25637.0,green,1
J63,I1639,3786.0,3788.0,brown,1
J63,I2951,8236.0,8241.0,green,1
J63,I3527,10448.0,10452.0,green,2
J3060,I2159,5530.0,5535.0,green,3
J3060,I2415,6422.0,6428.0,red,1
J1618,I3166,9105.0,9113.0,red,3
J4393,I7271,25095.0,25108.0,brown,3
J4393,I7559,25986.0,25992.0,brown,1
J4393,I8328,28115.0,28117.0,green,1
J4393,I8360,28201.0,28206.0,green,1
J2303,I134,202.0,205.0,green,1
J2303,I3430,10081.0,10094.0,brown,2
J2303,I5574,18826.0,18835.0,brown,1
J2303,I6151,21100.0,21107.0,green,2
J1288,I3976,12316.0,12320.0,brown,1
J1288,I4617,14942.0,14961.0,green,1
J1288,I4764,15574.0,15580.0,green,4
J2746,I2152,5489.0,5496.0,green,1
J2746,I2247,5837.0,5839.0,green,1
J2746,I6412,22041.0,22042.0,green,1
J1064,I2184,5621.0,5625.0,green,1
J1064,I3128,8944.0,8950.0,green,1
J1880,I2635,7173.0,7175.0,green,2
J1880,I2667,7271.0,7273.0,green,1
J1880,I3691,11066.0,11077.0,green,2
J1880,I4523,14559.0,14567.0,green,1
J4971,I8694,28996.0,28998.0,brown,1
J4971,I8999,29601.0,29602.0,green,1
J4971,I9143,29861.0,29864.0,green,2
J4971,I9147,29868.0,29869.0,green,1
J4971,I9151,29874.0,29875.0,green,1
J2807,I2330,6113.0,6121.0,green,3
J2807,I2682,7334.0,7336.0,brown,2
J3687,I703,1398.0,1401.0,green,1
J3687,I1311,2884.0,2889.0,red,1
J3687,I2144,5463.0,5466.0,green,2
J3687,I6144,21079.0,21084.0,green,2
J1208,I1050,2229.0,2232.0,green,1
J1208,I2330,6113.0,6121.0,green,1
J1208,I3226,9343.0,9347.0,green,1
J4543,I5935,20230.0,20234.0,green,1
J4543,I5968,20369.0,20377.0,green,2
J4543,I6351,21841.0,21843.0,brown,2
J4543,I6479,22288.0,22292.0,brown,1
J1997,I1936,4735.0,4736.0,red,1
J1997,I1968,4848.0,4856.0,red,1
J1997,I5329,17875.0,17877.0,green,1
J1664,I4982,16483.0,16493.0,green,3
J1664,I7126,24633.0,24635.0,green,1
J1664,I7574,26019.0,26020.0,green,1
J1664,I8134,27614.0,27622.0,brown,1
J1053,I1622,3737.0,3740.0,red,1
J1053,I1654,3839.0,3840.0,brown,1
J1053,I1670,3885.0,3891.0,brown,1
J1053,I1687,3947.0,3954.0,green,1
J1053,I1751,4160.0,4167.0,green,2
J842,I2015,5008.0,5010.0,green,1
J842,I3263,9468.0,9473.0,brown,3
J842,I5439,18333.0,18337.0,brown,1
J842,I7232,24978.0,24979.0,green,1
J3939,I2098,5309.0,5314.0,red,1
J3939,I7474,25764.0,25767.0,brown,1
J3939,I8210,27824.0,27832.0,brown,1
J3939,I8626,28827.0,28833.0,brown,1
J3939,I8666,28928.0,28929.0,green,1
J2375,I2958,8267.0,8270.0,green,2
J2375,I3182,9169.0,9173.0,brown,1
J3635,I3121,8922.0,8924.0,green,1
J3635,I3185,9177.0,9199.0,green,1
J3635,I3217,9312.0,9317.0,brown,1
J3635,I6374,21919.0,21926.0,green,1
J4204,I1765,4211.0,4212.0,brown,1
J1266,I2647,7213.0,7215.0,green,2
J1266,I2648,7215.0,7218.0,green,1
J1266,I4121,12913.0,12923.0,green,2
J1266,I4222,13386.0,13388.0,green,1
J2817,I3743,11326.0,11327.0,green,1
J2817,I3807,11580.0,11589.0,green,1
J2817,I3808,11589.0,11591.0,green,1
J2817,I5104,16983.0,16990.0,brown,3
J4246,I3065,8676.0,8683.0,green,1
J4246,I3321,9683.0,9687.0,brown,1
J4246,I7066,24451.0,24454.0,green,1
J4246,I7257,25051.0,25054.0,brown,1
J4246,I7610,26121.0,26124.0,green,1
J4246,I8234,27884.0,27887.0,green,1
J3179,I2983,8389.0,8390.0,green,1
J3179,I6155,21113.0,21116.0,green,1
J1395,I487,900.0,904.0,green,1
J4839,I6824,23563.0,23566.0,green,1
J4839,I6887,23798.0,23807.0,brown,2
J4481,I5657,19168.0,19173.0,green,2
J4481,I6296,21620.0,21623.0,brown,3
J4481,I6872,23751.0,23752.0,brown,1
J2090,I3320,9679.0,9683.0,brown,1
J2090,I4025,12544.0,12557.0,green,2
J4811,I3290,9572.0,9575.0,green,1
J4811,I3322,9687.0,9690.0,brown,2
J4811,I6075,20814.0,20818.0,green,1
J4811,I7355,25375.0,25377.0,green,1
J4194,I6013,20547.0,20551.0,green,1
J4194,I6173,21189.0,21198.0,green,1
J4194,I6301,21639.0,21642.0,green,1
J1840,I2622,7131.0,7134.0,green,1
J1840,I3039,8563.0,8578.0,green,1
J4416,I4550,14691.0,14694.0,green,1
J4416,I6806,23446.0,23460.0,green,1
J4416,I8110,27534.0,27537.0,green,3
J4416,I8266,27967.0,27971.0,green,1
J2982,I1420,3187.0,3192.0,red,1
J2982,I6701,23076.0,23077.0,green,1
J2982,I6813,23497.0,23506.0,green,3
J263,I460,838.0,841.0,red,1
J263,I1804,4323.0,4329.0,green,3
J263,I2520,6770.0,6775.0,green,2
J403,I849,1732.0,1736.0,brown,1
J403,I2194,5659.0,5667.0,green,4
J1379,I1594,3632.0,3633.0,green,1
J1379,I1658,3849.0,3851.0,brown,1
J1379,I1946,4768.0,4775.0,green,1
J1379,I2042,5108.0,5110.0,green,1
J1379,I2818,7790.0,7794.0,brown,1
J2641,I4471,14335.0,14344.0,brown,1
J4667,I6679,23007.0,23010.0,brown,3
J4667,I6712,23100.0,23101.0,green,1
J4667,I8280,27998.0,27999.0,green,1
J4667,I8568,28702.0,28703.0,green,1
J3873,I6190,21282.0,21283.0,brown,1
J3873,I6350,21839.0,21841.0,brown,1
J3873,I7855,26827.0,26840.0,green,4
J1895,I4009,12458.0,12469.0,brown,2
J884,I1766,4212.0,4215.0,brown,1
J884,I1798,4306.0,4307.0,brown,1
J884,I2278,5939.0,5946.0,green,2
J884,I5295,17717.0,17721.0,green,1
J884,I5413,18218.0,18220.0,green,1
J743,I1075,2295.0,2298.0,green,1
J743,I2484,6636.0,6651.0,green,1
J743,I3828,11670.0,11677.0,green,1
J3979,I5396,18156.0,18162.0,green,1
J3979,I5747,19530.0,19534.0,brown,2
J868,I1024,2150.0,2151.0,green,1
J868,I1057,2250.0,2255.0,green,1
J868,I1089,2332.0,2335.0,green,1
J1274,I1178,2548.0,2549.0,green,1
J1274,I1946,4768.0,4775.0,green,1
J1274,I3083,8751.0,8767.0,brown,4
J2190,I104,146.0,153.0,brown,2
J2190,I3945,12190.0,12197.0,green,1
J1061,I2444,6519.0,6524.0,red,2
J1061,I2476,6616.0,6619.0,brown,1
J1061,I2508,6714.0,6719.0,green,1
J2886,I4942,16288.0,16292.0,green,2
J2886,I5038,16717.0,16726.0,green,1
J4912,I3172,9132.0,9142.0,green,1
J4912,I7301,25211.0,25222.0,green,2
J932,I1006,2110.0,2112.0,red,1
J932,I1678,3914.0,3918.0,green,1
J932,I5707,19338.0,19345.0,green,2
J932,I6165,21145.0,21153.0,green,2
J1606,I6316,21690.0,21699.0,green,2
J1558,I4660,15146.0,15152.0,green,3
J1558,I5011,16603.0,16614.0,brown,1
J3708,I6122,20998.0,21009.0,brown,2
J3708,I8819,29257.0,29261.0,brown,3
J2427,I4161,13142.0,13144.0,green,1
J2427,I4386,14014.0,14016.0,green,1
J2427,I5569,18805.0,18812.0,brown,1
J2427,I6306,21660.0,21665.0,green,1
J2427,I9020,29643.0,29645.0,green,2
J2804,I2745,7533.0,7536.0,green,2
J2804,I2776,7629.0,7639.0,red,1
J2804,I2809,7752.0,7756.0,green,1
J2804,I4056,12679.0,12690.0,brown,1
J2804,I5112,17014.0,17015.0,brown,1
J2823,I6449,22179.0,22191.0,green,1
J2823,I7761,26537.0,26548.0,green,2
J2823,I7778,26609.0,26617.0,brown,2
J3337,I7277,25135.0,25143.0,brown,1
J1814,I1698,3989.0,3992.0,red,1
J1814,I3618,10764.0,10768.0,brown,1
J1814,I5442,18340.0,18345.0,brown,1
J1814,I5699,19312.0,19317.0,green,1
J1814,I6723,23127.0,23139.0,green,2
J2437,I3772,11450.0,11451.0,red,1
J2437,I6333,21767.0,21775.0,green,2
J4143,I1406,3136.0,3144.0,red,1
J4143,I7551,25971.0,25972.0,green,1
J4143,I7715,26402.0,26405.0,green,2
J4097,I6317,21699.0,21714.0,green,1
J4097,I6565,22591.0,22601.0,green,2
J4097,I7252,25036.0,25045.0,brown,1
J4097,I7797,26665.0,26668.0,green,2
J2223,I1050,2229.0,2232.0,green,1
J2223,I1689,3965.0,3970.0,green,2
J2324,I1532,3466.0,3467.0,green,1
J2324,I1884,4576.0,4577.0,brown,1
J2324,I1918,4670.0,4671.0,red,1
J2324,I2173,5577.0,5579.0,green,1
J2324,I4733,15446.0,15457.0,green,1
J2324,I4765,15580.0,15581.0,green,1
J4845,I1725,4088.0,4089.0,red,1
J4845,I2941,8195.0,8198.0,brown,1
J4845,I9182,29922.0,29923.0,green,1
J4845,I9198,29945.0,29946.0,green,1
J3978,I6406,22016.0,22024.0,green,1
J3978,I6725,23140.0,23146.0,brown,1
J3978,I8154,27685.0,27687.0,green,1
J3978,I8238,27891.0,27900.0,green,1
J2288,I4515,14520.0,14526.0,brown,1
J2288,I4900,16155.0,16160.0,green,1
J1182,I1005,2107.0,2110.0,red,1
J1182,I1037,2197.0,2198.0,green,1
J1182,I1357,3001.0,3003.0,brown,1
J1182,I2222,5775.0,5784.0,green,1
J287,I245,412.0,415.0,green,2
J287,I1173,2527.0,2533.0,green,1
J287,I4465,14313.0,14315.0,green,1
J1245,I1978,4874.0,4879.0,brown,1
J1245,I2874,7975.0,7983.0,brown,1
J1245,I4379,13978.0,13987.0,green,3
J1767,I2542,6816.0,6821.0,red,2
J1767,I2702,7395.0,7396.0,brown,1
J1767,I7427,25612.0,25619.0,green,2
J1767,I7529,25902.0,25906.0,green,1
J3004,I1403,3128.0,3132.0,red,1
J3004,I2972,8313.0,8320.0,brown,3
J3004,I6684,23028.0,23029.0,brown,1
J3626,I5504,18527.0,18529.0,brown,2
J3626,I5888,20067.0,20071.0,brown,2
J4476,I3358,9829.0,9832.0,red,1
J4476,I5310,17813.0,17819.0,brown,1
J4476,I5342,17909.0,17918.0,brown,3
J4476,I6975,24135.0,24137.0,green,1
J4253,I5456,18379.0,18388.0,green,5
J4253,I6096,20891.0,20892.0,green,1
J393,I6874,23753.0,23754.0,brown,1
J393,I6906,23882.0,23888.0,brown,5
J3471,I1563,3547.0,3550.0,red,1
J3471,I2811,7757.0,7768.0,green,4
J3471,I4732,15444.0,15446.0,green,1
J252,I104,146.0,153.0,brown,1
J252,I6017,20565.0,20573.0,green,1
J252,I6441,22147.0,22152.0,green,1
J849,I1984,4893.0,4895.0,green,1
J849,I7593,26060.0,26061.0,green,1
J3753,I4833,15846.0,15853.0,green,2
J4831,I3180,9162.0,9166.0,brown,2
J4831,I8109,27528.0,27534.0,green,1
J4831,I8732,29063.0,29067.0,brown,1
J4478,I7796,26663.0,26665.0,green,2
J4478,I8116,27550.0,27562.0,green,1
J3648,I5184,17317.0,17321.0,green,1
J3648,I5248,17542.0,17547.0,brown,1
J3648,I5601,18931.0,18932.0,green,1
J4160,I7035,24347.0,24348.0,brown,1
J4160,I7410,25552.0,25559.0,green,2
J937,I315,544.0,545.0,green,1
J937,I347,595.0,596.0,green,1
J937,I668,1316.0,1317.0,green,1
J937,I796,1608.0,1610.0,brown,1
J937,I2207,5711.0,5712.0,green,1
J937,I2460,6563.0,6567.0,green,1
J4315,I4080,12789.0,12794.0,red,1
J4315,I4561,14733.0,14737.0,green,2
J4080,I6008,20534.0,20538.0,green,1
J4080,I6136,21050.0,21051.0,green,1
J4080,I6360,21882.0,21883.0,brown,1
J4080,I6392,21980.0,21981.0,brown,1
J4080,I6488,22319.0,22322.0,brown,2
J2061,I4032,12595.0,12598.0,brown,1
J2061,I6025,20607.0,20618.0,green,1
J3732,I749,1508.0,1510.0,red,1
J3732,I6094,20888.0,20890.0,green,1
J3732,I6706,23083.0,23087.0,green,1
J3732,I7137,24670.0,24675.0,brown,1
J3732,I7141,24681.0,24685.0,brown,1
J3440,I1408,3147.0,3148.0,red,1
J3440,I1824,4386.0,4387.0,red,1
J3440,I2240,5817.0,5818.0,red,1
J3440,I2368,6242.0,6250.0,red,1
J3440,I2657,7247.0,7248.0,green,1
J2100,I2208,5712.0,5720.0,green,2
J2100,I2304,6047.0,6051.0,green,1
J967,I1455,3296.0,3301.0,red,1
J967,I1456,3301.0,3304.0,brown,1
J967,I1776,4239.0,4247.0,green,2
J4349,I2211,5728.0,5729.0,green,1
J4349,I7356,25377.0,25387.0,green,3
J4349,I7626,26168.0,26171.0,green,2
J3262,I3232,9359.0,9360.0,green,1
J3262,I6161,21134.0,21135.0,green,1
J3262,I6165,21145.0,21153.0,green,3
J3262,I6281,21558.0,21569.0,green,1
J3315,I4591,14866.0,14876.0,green,2
J3315,I5039,16726.0,16727.0,green,1
J3315,I5167,17229.0,17239.0,brown,1
J3315,I7183,24785.0,24798.0,brown,1
J3315,I8623,28818.0,28819.0,brown,1
J3748,I3325,9694.0,9702.0,brown,1
J3748,I8142,27648.0,27652.0,green,1
J3748,I8197,27795.0,27796.0,brown,1
J1168,I1442,3244.0,3246.0,green,1
J1168,I1474,3334.0,3336.0,brown,1
J1168,I3618,10764.0,10768.0,brown,1
J1168,I6882,23778.0,23784.0,brown,2
J1168,I7266,25074.0,25081.0,brown,1
J3202,I724,1443.0,1447.0,red,2
J3202,I916,1888.0,1898.0,brown,1
J4917,I7151,24706.0,24707.0,brown,1
J4917,I8207,27819.0,27820.0,brown,1
J4917,I9024,29650.0,29651.0,green,1
J4917,I9208,29959.0,29960.0,brown,1
J1187,I1616,3718.0,3721.0,brown,3
J1187,I5585,18869.0,18876.0,green,1
J2316,I3357,9821.0,9829.0,red,1
J2316,I5678,19245.0,19249.0,green,2
J1820,I2033,5080.0,5083.0,green,2
J1820,I4834,15853.0,15859.0,green,4
J3154,I4989,16513.0,16520.0,green,3
J3154,I6781,23354.0,23359.0,green,2
J1515,I2981,8354.0,8367.0,green,1
J1515,I4645,15071.0,15076.0,green,1
J1515,I4741,15477.0,15482.0,green,2
J1515,I4745,15491.0,15499.0,green,1
J541,I825,1672.0,1675.0,green,2
J541,I1240,2706.0,2712.0,brown,2
J541,I2834,7835.0,7839.0,green,1
J3777,I5867,19959.0,19968.0,green,1
J3777,I6027,20620.0,20625.0,green,1
J3777,I6059,20747.0,20753.0,green,1
J3777,I6955,24049.0,24059.0,green,1
J3777,I7274,25117.0,25126.0,brown,1
J1917,I1132,2428.0,2433.0,red,1
J1917,I1709,4041.0,4046.0,green,1
J1917,I2349,6177.0,6187.0,brown,1
J1917,I4077,12781.0,12785.0,brown,1
J1492,I2943,8199.0,8207.0,red,1
J1492,I3135,8976.0,8982.0,brown,1
J1492,I6912,23908.0,23910.0,green,1
J3958,I3819,11633.0,11639.0,green,2
J3958,I7404,25531.0,25538.0,green,2
J3958,I8135,27622.0,27628.0,brown,1
J3958,I8412,28330.0,28334.0,green,1
J3713,I4797,15688.0,15692.0,green,2
J3713,I4830,15824.0,15838.0,green,2
J3713,I4861,15978.0,15985.0,brown,2
J141,I414,753.0,756.0,red,1
J141,I766,1540.0,1543.0,red,1
J141,I5310,17813.0,17819.0,brown,1
J141,I5359,17981.0,17988.0,green,2
J1687,I4728,15410.0,15420.0,green,1
J1687,I5468,18418.0,18424.0,green,2
J1687,I5636,19105.0,19111.0,green,1
J3700,I2783,7661.0,7662.0,red,1
J3700,I3263,9468.0,9473.0,brown,1
J3700,I3904,11990.0,12003.0,green,1
J3700,I7200,24844.0,24847.0,green,1
J2697,I971,2038.0,2039.0,red,1
J2697,I1003,2101.0,2102.0,red,1
J2697,I1419,3184.0,3187.0,red,1
J2697,I3084,8767.0,8769.0,brown,2
J2967,I918,1902.0,1904.0,red,2
J2967,I1975,4868.0,4872.0,brown,1
J2263,I2420,6443.0,6444.0,green,1
J2263,I4341,13806.0,13813.0,green,5
J2892,I3276,9518.0,9525.0,brown,1
J2892,I4669,15176.0,15180.0,green,1
J2892,I4829,15816.0,15824.0,green,1
J2892,I5117,17035.0,17049.0,green,1
J689,I1775,4237.0,4239.0,green,1
J689,I2128,5392.0,5401.0,green,1
J689,I2320,6089.0,6092.0,green,1
J3286,I3403,9987.0,9994.0,green,1
J3286,I3435,10103.0,10105.0,green,1
J3286,I3466,10223.0,10226.0,red,1
J3286,I4490,14436.0,14448.0,brown,1
J2696,I8,11.0,12.0,green,1
J2696,I72,105.0,106.0,red,1
J2696,I201,329.0,330.0,green,1
J673,I1515,3424.0,3425.0,red,1
J673,I1579,3587.0,3590.0,green,1
J673,I1675,3903.0,3906.0,brown,1
J673,I3435,10103.0,10105.0,green,1
J673,I5131,17091.0,17094.0,brown,1
J673,I6028,20625.0,20631.0,green,1
J2912,I3908,12016.0,12022.0,green,1
J2912,I6596,22727.0,22733.0,green,2
J2668,I4037,12610.0,12611.0,brown,1
J2668,I7845,26794.0,26797.0,brown,1
J2668,I8230,27877.0,27878.0,green,1
J2668,I8486,28496.0,28497.0,green,1
J2668,I8550,28647.0,28652.0,green,1
J2668,I9141,29858.0,29860.0,green,1
J478,I1672,3892.0,3896.0,brown,3
J478,I8265,27966.0,27967.0,green,1
J2505,I2157,5508.0,5523.0,green,4
J2505,I2252,5856.0,5866.0,brown,1
J2505,I5405,18193.0,18201.0,green,1
J2765,I4668,15173.0,15176.0,green,1
J2765,I4699,15303.0,15308.0,green,1
J2765,I5051,16762.0,16765.0,brown,3
J1626,I3066,8683.0,8690.0,green,1
J1626,I3067,8690.0,8694.0,green,1
J1626,I3098,8824.0,8827.0,red,1
J1626,I3130,8953.0,8954.0,green,1
J1626,I3835,11696.0,11698.0,brown,1
J1626,I4027,12570.0,12576.0,green,1
J363,I655,1261.0,1263.0,green,1
J363,I2032,5071.0,5080.0,green,2
J363,I4432,14196.0,14211.0,green,1
J363,I5396,18156.0,18162.0,green,2
J974,I400,721.0,724.0,red,3
J974,I3985,12360.0,12366.0,green,1
J974,I4336,13794.0,13795.0,brown,1
J974,I5817,19777.0,19778.0,green,1
J2426,I1750,4153.0,4160.0,green,1
J2426,I2517,6762.0,6763.0,green,1
J2426,I5238,17505.0,17508.0,green,2
J3701,I2893,8039.0,8041.0,red,1
J3701,I7406,25539.0,25544.0,green,1
J3701,I7566,26004.0,26007.0,green,1
J3701,I8142,27648.0,27652.0,green,1
J3701,I8654,28901.0,28903.0,green,1
J3701,I8668,28933.0,28934.0,green,1
J4771,I6527,22455.0,22458.0,brown,3
J4771,I8160,27699.0,27706.0,green,1
J4771,I8639,28863.0,28872.0,brown,1
J4571,I6152,21107.0,21110.0,green,1
J4571,I6440,22140.0,22147.0,green,1
J4571,I6471,22272.0,22274.0,brown,2
J1604,I863,1777.0,1782.0,green,1
J1604,I2815,7776.0,7784.0,brown,2
J1791,I2371,6255.0,6264.0,red,1
J1791,I3427,10066.0,10069.0,brown,1
J1791,I7939,27073.0,27077.0,brown,1
J1791,I9028,29657.0,29658.0,green,1
J2456,I1039,2201.0,2204.0,green,1
J2456,I1103,2359.0,2363.0,green,1
J2456,I1167,2516.0,2518.0,red,1
J2456,I2352,6189.0,6192.0,green,1
J2456,I2736,7505.0,7511.0,green,1
J2456,I5296,17721.0,17726.0,green,1
J1946,I2425,6451.0,6453.0,green,1
J1946,I2426,6453.0,6454.0,green,1
J1946,I2491,6660.0,6661.0,green,1
J1946,I3738,11277.0,11289.0,green,2
J2108,I2581,6964.0,6966.0,green,1
J2108,I2613,7083.0,7089.0,green,2
J2108,I4469,14333.0,14334.0,brown,1
J2108,I4826,15812.0,15814.0,green,2
J4077,I6595,22723.0,22727.0,green,1
J4077,I8036,27332.0,27336.0,green,3
J4001,I5853,19881.0,19883.0,green,1
J4001,I6013,20547.0,20551.0,green,3
J2581,I7829,26759.0,26760.0,brown,1
J2581,I8645,28886.0,28888.0,brown,1
J2581,I8725,29053.0,29055.0,brown,1
J2581,I8950,29519.0,29522.0,green,1
J3962,I6498,22358.0,22360.0,brown,2
J3962,I7203,24853.0,24862.0,green,2
J3962,I8194,27790.0,27792.0,brown,1
J3806,I3191,9219.0,9221.0,brown,1
J3806,I3223,9328.0,9335.0,green,1
J3806,I3255,9432.0,9439.0,red,1
J3806,I3960,12251.0,12255.0,green,2
J3806,I7080,24485.0,24499.0,brown,1
J1315,I1651,3829.0,3832.0,brown,2
J1315,I2003,4957.0,4967.0,green,2
J1315,I2248,5839.0,5844.0,green,1
J2607,I2180,5614.0,5617.0,green,1
J2607,I2340,6143.0,6146.0,brown,1
J2607,I4133,12985.0,12995.0,green,2
J2607,I5381,18091.0,18099.0,green,2
J2959,I3834,11691.0,11696.0,brown,1
J2959,I6875,23754.0,23759.0,brown,1
J2959,I7963,27133.0,27134.0,green,1
J1753,I1180,2550.0,2552.0,green,2
J1753,I1309,2880.0,2882.0,red,1
J1753,I2653,7226.0,7241.0,green,1
J1753,I5263,17604.0,17607.0,brown,1
J3158,I5243,17522.0,17532.0,green,3
J3158,I5340,17907.0,17908.0,green,1
J3158,I5404,18187.0,18193.0,green,1
J3158,I6526,22453.0,22455.0,brown,1
J2633,I3892,11936.0,11939.0,green,2
J2633,I5013,16615.0,16620.0,brown,1
J3452,I3531,10458.0,10467.0,green,1
J3452,I4523,14559.0,14567.0,green,2
J3452,I7605,26104.0,26113.0,green,1
J17,I74,107.0,108.0,red,1
J17,I6027,20620.0,20625.0,green,1
J17,I7179,24776.0,24780.0,green,1
J17,I7435,25651.0,25658.0,green,2
J17,I7570,26013.0,26015.0,green,1
J2292,I3119,8916.0,8918.0,green,1
J2292,I3185,9177.0,9199.0,green,2
J2292,I3599,10689.0,10696.0,green,1
J2292,I3697,11095.0,11099.0,green,1
J2292,I3793,11508.0,11511.0,green,1
J3645,I4587,14848.0,14856.0,green,1
J4937,I8989,29584.0,29585.0,green,1
J4937,I8993,29589.0,29592.0,green,1
J4937,I9005,29615.0,29617.0,green,2
J4937,I9018,29639.0,29641.0,green,2
J3402,I7947,27089.0,27095.0,brown,1
J3402,I8492,28511.0,28515.0,green,1
J3402,I8843,29304.0,29306.0,brown,1
J101,I197,322.0,324.0,green,2
J101,I294,503.0,505.0,red,1
J101,I965,2016.0,2018.0,brown,1
J4379,I7134,24661.0,24662.0,green,1
J4379,I7198,24836.0,24840.0,green,3
J4379,I7326,25298.0,25299.0,brown,1
J4379,I7550,25964.0,25971.0,green,1
J2722,I2931,8168.0,8171.0,red,1
J2722,I2963,8281.0,8284.0,green,1
J2722,I3059,8656.0,8661.0,green,1
J2722,I3699,11111.0,11116.0,green,1
J2722,I5684,19264.0,19270.0,green,1
J1628,I3031,8545.0,8546.0,green,1
J1628,I3063,8669.0,8674.0,green,1
J1628,I3095,8810.0,8818.0,red,1
J1628,I3895,11944.0,11952.0,green,1
J1628,I3943,12184.0,12187.0,green,1
J1628,I4711,15347.0,15359.0,green,1
J3600,I4586,14845.0,14848.0,green,2
J3600,I4617,14942.0,14961.0,green,1
J3600,I4809,15737.0,15746.0,brown,1
J3688,I7313,25258.0,25264.0,brown,2
J3688,I8146,27659.0,27662.0,green,1
J699,I2345,6161.0,6166.0,brown,2
J699,I2610,7069.0,7079.0,green,4
J678,I1578,3583.0,3587.0,green,1
J678,I2443,6510.0,6519.0,green,2
J2291,I2714,7427.0,7436.0,green,1
J2291,I3931,12135.0,12139.0,green,1
J2291,I3947,12205.0,12207.0,green,1
J1930,I4393,14026.0,14039.0,brown,4
J1930,I6090,20872.0,20876.0,green,1
J2961,I4006,12444.0,12447.0,green,1
J2961,I4134,12995.0,12997.0,green,1
J2961,I4166,13157.0,13166.0,green,4
J232,I145,220.0,221.0,green,1
J232,I881,1818.0,1821.0,brown,1
J232,I4658,15125.0,15135.0,green,3
J4021,I2352,6189.0,6192.0,green,1
J4021,I2384,6303.0,6312.0,red,2
J4021,I2513,6737.0,6744.0,green,2
J4021,I5393,18148.0,18153.0,green,1
J467,I838,1711.0,1714.0,green,2
J467,I1095,2343.0,2345.0,green,1
J467,I1191,2577.0,2580.0,green,1
J467,I3495,10341.0,10344.0,green,1
J467,I3655,10908.0,10912.0,brown,1
J1257,I1972,4862.0,4863.0,red,1
J1257,I6773,23312.0,23323.0,green,1
J1257,I7605,26104.0,26113.0,green,1
J1257,I7846,26797.0,26810.0,brown,1
J3615,I1208,2620.0,2621.0,green,1
J3615,I1272,2788.0,2789.0,brown,1
J3615,I1306,2873.0,2876.0,red,1
J3615,I4697,15294.0,15302.0,green,2
J4988,I7283,25157.0,25161.0,brown,3
J4988,I7315,25266.0,25271.0,brown,2
J4988,I8276,27987.0,27995.0,green,1
J1389,I1400,3121.0,3124.0,brown,1
J1389,I1593,3623.0,3632.0,green,1
J1389,I1689,3965.0,3970.0,green,1
J1389,I4153,13102.0,13105.0,green,1
J298,I501,928.0,930.0,brown,1
J298,I630,1202.0,1206.0,green,2
J298,I982,2060.0,2062.0,green,1
J3828,I5573,18817.0,18826.0,brown,4
J3828,I6550,22538.0,22539.0,green,1
J3828,I8438,28394.0,28397.0,green,1
J2129,I1500,3387.0,3388.0,red,1
J2129,I1564,3550.0,3552.0,red,1
J2129,I2172,5574.0,5577.0,green,1
J2129,I3613,10739.0,10743.0,green,1
J2129,I4833,15846.0,15853.0,green,1
J4213,I5042,16734.0,16735.0,brown,1
J4213,I5106,16994.0,17000.0,brown,3
J4213,I7203,24853.0,24862.0,green,1
J4697,I1571,3560.0,3562.0,red,1
J4697,I2755,7569.0,7570.0,brown,1
J4697,I5764,19605.0,19607.0,green,1
J4697,I6756,23265.0,23270.0,green,3
J685,I645,1244.0,1245.0,green,1
J685,I677,1342.0,1345.0,green,2
J2346,I4033,12598.0,12606.0,brown,5
J84,I190,304.0,307.0,green,1
J84,I499,924.0,927.0,brown,1
J84,I671,1319.0,1326.0,green,1
J84,I799,1614.0,1619.0,brown,1
J84,I895,1851.0,1853.0,brown,1
J84,I4735,15458.0,15460.0,green,1
J1433,I139,210.0,211.0,green,1
J1433,I363,636.0,638.0,green,1
J1433,I6170,21176.0,21180.0,green,2
J2381,I4400,14061.0,14067.0,green,3
J2381,I4444,14239.0,14251.0,green,2
J3520,I2333,6125.0,6132.0,red,1
J3520,I2461,6567.0,6568.0,green,1
J3520,I3006,8455.0,8462.0,green,3
J3520,I5710,19351.0,19370.0,green,1
J405,I655,1261.0,1263.0,green,1
J405,I816,1649.0,1650.0,green,1
J405,I848,1728.0,1732.0,brown,2
J405,I880,1814.0,1818.0,brown,2
J4398,I5031,16691.0,16695.0,green,1
J4398,I7207,24867.0,24871.0,green,1
J4398,I7303,25224.0,25225.0,green,1
J944,I2982,8367.0,8389.0,green,6
J1581,I2064,5200.0,5202.0,red,1
J1581,I2256,5870.0,5872.0,red,1
J1581,I2832,7830.0,7834.0,brown,3
J1581,I6321,21732.0,21736.0,green,1
J1587,I3907,12014.0,12016.0,green,1
J1587,I6723,23127.0,23139.0,green,2
J1587,I7603,26097.0,26103.0,green,3
J540,I1401,3124.0,3127.0,brown,2
J540,I1465,3319.0,3321.0,brown,2
J400,I1135,2440.0,2445.0,red,1
J400,I3984,12353.0,12360.0,green,1
J400,I4015,12498.0,12505.0,brown,1
J400,I5824,19801.0,19802.0,green,1
J400,I6272,21542.0,21543.0,green,1
J4727,I4825,15809.0,15812.0,green,2
J4727,I6393,21981.0,21984.0,brown,1
J4727,I6586,22672.0,22687.0,green,1
J4727,I8794,29201.0,29205.0,green,1
J1996,I2073,5229.0,5235.0,red,1
J1996,I2137,5440.0,5444.0,green,2
J1996,I2169,5566.0,5568.0,green,1
J1996,I2618,7101.0,7110.0,green,1
J1996,I3738,11277.0,11289.0,green,1
J4638,I7786,26633.0,26636.0,green,2
J4638,I7849,26814.0,26817.0,brown,3
J4638,I7913,27007.0,27008.0,green,1
J1043,I7793,26654.0,26659.0,green,2
J2773,I4028,12576.0,12586.0,green,1
J2773,I4124,12933.0,12948.0,green,2
J2773,I4988,16510.0,16513.0,green,2
J1214,I2484,6636.0,6651.0,green,2
J1214,I4019,12516.0,12520.0,green,1
J1214,I4980,16459.0,16470.0,green,1
J789,I440,800.0,801.0,red,1
J789,I504,932.0,936.0,red,1
J789,I5593,18893.0,18904.0,green,3
J789,I6904,23870.0,23877.0,brown,1
J306,I289,495.0,497.0,green,1
J306,I321,556.0,558.0,green,1
J306,I705,1402.0,1410.0,green,2
J2230,I2276,5932.0,5936.0,green,1
J2230,I3941,12179.0,12181.0,green,1
J2230,I4069,12749.0,12752.0,green,1
J2230,I4516,14526.0,14537.0,brown,1
J2230,I6029,20631.0,20638.0,green,2
J1228,I2492,6661.0,6663.0,green,1
J1228,I2812,7768.0,7770.0,green,1
J1228,I2844,7877.0,7878.0,green,1
J1228,I3692,11077.0,11080.0,green,1
J1228,I3740,11290.0,11301.0,green,1
J1135,I2126,5389.0,5391.0,green,1
J1135,I2159,5530.0,5535.0,green,2
J1135,I2254,5867.0,5868.0,brown,1
J1135,I2638,7185.0,7193.0,green,2
J3987,I527,980.0,982.0,red,1
J3987,I2287,5974.0,5985.0,green,2
J3987,I8096,27491.0,27494.0,green,1
J3987,I8160,27699.0,27706.0,green,2
J151,I296,506.0,510.0,red,2
J3952,I1118,2397.0,2409.0,brown,2
J3952,I7910,26998.0,27000.0,brown,1
J2359,I3256,9439.0,9446.0,red,1
J2359,I3320,9679.0,9683.0,brown,3
J2359,I4249,13472.0,13478.0,green,2
J1890,I3750,11347.0,11359.0,green,1
J1890,I3877,11874.0,11880.0,brown,1
J3653,I2252,5856.0,5866.0,brown,2
J3653,I7341,25324.0,25334.0,green,1
J3653,I8109,27528.0,27534.0,green,1
J1289,I1056,2248.0,2250.0,green,1
J1289,I1087,2329.0,2331.0,green,1
J1289,I1151,2481.0,2482.0,green,1
J1289,I1599,3646.0,3650.0,green,1
J1289,I2592,6993.0,7000.0,green,1
J1289,I4352,13852.0,13881.0,green,1
J4451,I7065,24450.0,24451.0,green,1
J4451,I7129,24645.0,24650.0,green,5
J3551,I1618,3723.0,3725.0,brown,1
J3551,I5202,17366.0,17372.0,brown,1
J3551,I6019,20575.0,20591.0,green,4
J1338,I1843,4445.0,4453.0,red,2
J1338,I6548,22520.0,22521.0,green,1
J1338,I7604,26103.0,26104.0,green,1
J3431,I621,1182.0,1186.0,red,1
J3431,I6158,21122.0,21130.0,green,1
J3431,I6893,23836.0,23846.0,brown,1
J3431,I7442,25669.0,25678.0,green,2
J346,I136,206.0,208.0,green,1
J346,I456,830.0,832.0,red,1
J346,I1641,3793.0,3797.0,brown,1
J346,I6249,21449.0,21451.0,green,2
J900,I1074,2291.0,2295.0,green,3
J900,I1763,4208.0,4210.0,brown,2
J900,I2003,4957.0,4967.0,green,1
J185,I4490,14436.0,14448.0,brown,2
J3442,I5737,19497.0,19500.0,brown,1
J3442,I6058,20745.0,20747.0,green,1
J3442,I6345,21826.0,21830.0,brown,1
J2856,I4409,14099.0,14100.0,green,1
J2856,I4441,14233.0,14235.0,brown,1
J2856,I8185,27766.0,27773.0,green,1
J2588,I4010,12469.0,12487.0,red,2
J2588,I8085,27464.0,27467.0,green,2
J3122,I4020,12520.0,12522.0,green,1
J3122,I4468,14320.0,14333.0,brown,2
J3122,I6549,22521.0,22538.0,green,2
J3122,I7413,25566.0,25573.0,green,1
J3622,I5325,17861.0,17862.0,green,1
J3622,I5358,17977.0,17981.0,green,1
J3622,I5805,19740.0,19743.0,brown,1
J1591,I3236,9367.0,9372.0,green,2
J1591,I3363,9845.0,9850.0,brown,3
J4400,I7214,24904.0,24909.0,green,1
J4400,I7343,25340.0,25341.0,green,1
J4400,I7407,25544.0,25545.0,green,1
J4400,I7535,25920.0,25921.0,green,1
J4400,I7855,26827.0,26840.0,green,2
J1819,I2125,5386.0,5389.0,green,2
J133,I476,878.0,879.0,red,1
J133,I4349,13839.0,13840.0,green,1
J133,I4541,14647.0,14658.0,green,2
J133,I5117,17035.0,17049.0,green,1
J133,I5357,17969.0,17977.0,green,1
J1236,I2453,6540.0,6541.0,brown,1
J1236,I2454,6541.0,6544.0,red,2
J1236,I4022,12528.0,12538.0,green,1
J1236,I6310,21671.0,21679.0,green,1
J2692,I3688,11052.0,11056.0,green,2
J2692,I3689,11056.0,11063.0,green,2
J1720,I1539,3487.0,3490.0,green,1
J1720,I1603,3664.0,3670.0,green,1
J1720,I1635,3770.0,3776.0,brown,1
J1150,I1088,2331.0,2332.0,green,1
J1150,I1376,3057.0,3066.0,brown,1
J1577,I3263,9468.0,9473.0,brown,1
J1577,I6591,22701.0,22705.0,green,2
J664,I2516,6760.0,6762.0,green,1
J664,I4468,14320.0,14333.0,brown,1
J4105,I5808,19745.0,19749.0,brown,2
J4105,I6480,22292.0,22294.0,brown,1
J4105,I6864,23727.0,23729.0,brown,2
J4105,I8208,27820.0,27823.0,brown,1
J4336,I7317,25273.0,25274.0,brown,1
J4336,I7477,25770.0,25772.0,brown,2
J4336,I7798,26668.0,26671.0,green,1
J4336,I7813,26712.0,26717.0,brown,1
J4336,I8406,28317.0,28319.0,green,1
J2165,I3103,8837.0,8839.0,red,1
J4693,I2358,6207.0,6209.0,green,1
J4693,I5463,18398.0,18401.0,green,1
J4693,I7607,26115.0,26118.0,green,3
J4693,I7863,26867.0,26868.0,brown,1
J3166,I4894,16135.0,16137.0,red,1
J3166,I7231,24976.0,24978.0,green,1
J108,I329,568.0,569.0,green,1
J108,I361,631.0,635.0,green,2
J108,I2600,7018.0,7031.0,green,3
J3492,I2807,7743.0,7750.0,green,2
J3492,I2838,7850.0,7860.0,green,2
J3492,I3639,10837.0,10846.0,green,1
J1299,I1783,4259.0,4264.0,green,1
J1299,I4471,14335.0,14344.0,brown,1
J1299,I6072,20803.0,20805.0,green,1
J1299,I7128,24636.0,24645.0,green,3
J530,I1361,3006.0,3011.0,brown,3
J530,I2513,6737.0,6744.0,green,2
J530,I4185,13237.0,13246.0,green,1
J4242,I6003,20516.0,20519.0,green,1
J4242,I6163,21139.0,21144.0,green,1
J4242,I6354,21857.0,21860.0,brown,2
J4242,I7443,25678.0,25683.0,green,1
J2897,I2717,7439.0,7440.0,green,1
J2897,I5790,19693.0,19697.0,green,2
J226,I433,790.0,791.0,green,1
J226,I529,983.0,986.0,brown,1
J226,I593,1132.0,1134.0,green,1
J226,I4210,13345.0,13347.0,green,1
J226,I4393,14026.0,14039.0,brown,1
J2905,I504,932.0,936.0,red,1
J2905,I696,1387.0,1388.0,green,1
J2905,I4025,12544.0,12557.0,green,1
J2905,I4729,15420.0,15425.0,green,2
J2905,I5305,17778.0,17781.0,green,1
J4867,I5568,18799.0,18805.0,brown,1
J4867,I6721,23124.0,23126.0,green,1
J1806,I2971,8311.0,8313.0,brown,1
J1806,I3003,8440.0,8453.0,red,2
J1806,I3868,11842.0,11847.0,brown,2
J1954,I6823,23554.0,23563.0,green,3
J1954,I7814,26717.0,26723.0,brown,1
J2336,I4391,14024.0,14025.0,brown,1
J2336,I4487,14426.0,14432.0,brown,2
J2336,I6824,23563.0,23566.0,green,1
J3561,I1842,4440.0,4445.0,red,1
J721,I1144,2466.0,2473.0,green,5
J721,I1303,2865.0,2868.0,red,1
J4039,I4194,13286.0,13287.0,brown,1
J4039,I4899,16151.0,16155.0,green,2
J4039,I6755,23262.0,23265.0,green,2
J1945,I3531,10458.0,10467.0,green,1
J1945,I4170,13173.0,13180.0,green,1
J3758,I3946,12197.0,12205.0,green,2
J3758,I7402,25524.0,25530.0,green,1
J3758,I7530,25906.0,25909.0,green,1
J501,I2617,7096.0,7101.0,green,1
J501,I5241,17511.0,17520.0,green,2
J4363,I2031,5063.0,5071.0,green,2
J4363,I2831,7829.0,7830.0,brown,1
J4363,I7183,24785.0,24798.0,brown,1
J889,I798,1611.0,1614.0,brown,2
J889,I927,1921.0,1922.0,green,1
J889,I959,1997.0,1999.0,brown,2
J889,I1086,2323.0,2329.0,green,1
J2659,I4806,15727.0,15729.0,green,1
J2659,I4869,16000.0,16008.0,red,1
J2659,I5574,18826.0,18835.0,brown,3
J657,I1189,2575.0,2576.0,green,1
J657,I1861,4505.0,4507.0,brown,2
J2281,I3809,11591.0,11593.0,green,1
J2281,I3872,11851.0,11855.0,red,1
J2191,I2989,8396.0,8398.0,green,1
J2191,I3053,8628.0,8633.0,green,1
J69,I108,157.0,158.0,brown,1
J69,I140,211.0,214.0,green,1
J69,I332,571.0,572.0,green,1
J69,I846,1724.0,1726.0,red,1
J69,I5524,18597.0,18603.0,brown,1
J3675,I4085,12802.0,12806.0,red,3
J3675,I4149,13072.0,13083.0,red,1
J3675,I4918,16217.0,16221.0,green,1
J3675,I6406,22016.0,22024.0,green,1
J621,I1195,2588.0,2590.0,green,1
J621,I1196,2590.0,2594.0,green,4
J621,I1580,3590.0,3595.0,green,1
J1171,I1074,2291.0,2295.0,green,1
J367,I916,1888.0,1898.0,brown,1
J367,I924,1918.0,1919.0,green,1
J367,I1229,2662.0,2668.0,green,3
J222,I577,1094.0,1100.0,green,1
J222,I2626,7138.0,7143.0,green,1
J222,I4289,13646.0,13647.0,brown,1
J222,I4738,15468.0,15472.0,green,1
J222,I5298,17737.0,17746.0,green,1
J222,I5569,18805.0,18812.0,brown,1
J616,I1322,2921.0,2923.0,red,2
J616,I1662,3862.0,3865.0,brown,1
J616,I2195,5667.0,5677.0,green,2
J3986,I935,1938.0,1940.0,red,1
J3986,I7111,24598.0,24599.0,brown,1
J3986,I7271,25095.0,25108.0,brown,2
J3986,I8520,28568.0,28572.0,green,2
J1449,I560,1051.0,1056.0,green,3
J4073,I747,1504.0,1506.0,red,1
J4073,I779,1575.0,1577.0,brown,1
J4073,I1643,3799.0,3805.0,brown,2
J4073,I4524,14567.0,14575.0,green,1
J3310,I1776,4239.0,4247.0,green,2
J3310,I6609,22781.0,22784.0,green,2
J3310,I6825,23566.0,23572.0,green,2
J503,I552,1025.0,1028.0,red,1
J503,I2761,7587.0,7594.0,green,1
J503,I4073,12768.0,12773.0,brown,1
J503,I4905,16168.0,16171.0,green,1
J503,I5405,18193.0,18201.0,green,1
J2218,I2308,6060.0,6063.0,green,2
J2218,I4548,14675.0,14682.0,brown,1
J2218,I8165,27722.0,27723.0,green,1
J2218,I8229,27875.0,27877.0,green,1
J4807,I6289,21590.0,21591.0,green,1
J4807,I6353,21850.0,21857.0,brown,4
J4807,I7890,26954.0,26956.0,green,1
J4463,I7150,24699.0,24706.0,brown,4
J4463,I7182,24783.0,24785.0,brown,1
J4463,I7278,25143.0,25144.0,brown,1
J4950,I7092,24530.0,24539.0,green,3
J4950,I7283,25157.0,25161.0,brown,1
J4950,I8276,27987.0,27995.0,green,1
J3128,I3687,11050.0,11052.0,green,1
J3128,I6792,23390.0,23395.0,green,1
J3128,I7544,25939.0,25940.0,green,1
J573,I1531,3464.0,3466.0,green,2
J573,I1595,3633.0,3637.0,green,3
J2464,I4813,15756.0,15766.0,brown,1
J2464,I4958,16372.0,16378.0,green,3
J2464,I5102,16964.0,16977.0,green,2
J4047,I3547,10516.0,10529.0,red,1
J4047,I5531,18616.0,18623.0,brown,2
J4047,I8451,28415.0,28416.0,brown,1
J4047,I8588,28737.0,28740.0,green,1
J4047,I8651,28897.0,28898.0,brown,1
J2586,I7855,26827.0,26840.0,green,4
J2586,I8879,29380.0,29381.0,green,1
J2586,I9039,29676.0,29677.0,brown,1
J2029,I3406,9999.0,10003.0,green,2
J2029,I3437,10109.0,10111.0,brown,1
J2029,I3501,10364.0,10367.0,green,2
J2029,I4718,15381.0,15384.0,green,1
J1781,I2137,5440.0,5444.0,green,2
J1781,I2138,5444.0,5446.0,green,1
J1781,I2170,5568.0,5572.0,green,1
J1781,I2619,7110.0,7118.0,green,2
J4645,I5167,17229.0,17239.0,brown,1
J4645,I5360,17988.0,17995.0,green,2
J4645,I5968,20369.0,20377.0,green,1
J3498,I2908,8094.0,8104.0,brown,2
J3498,I4733,15446.0,15457.0,green,1
J3498,I7570,26013.0,26015.0,green,1
J1060,I1590,3612.0,3614.0,green,2
J1060,I1591,3614.0,3618.0,green,1
J1060,I1751,4160.0,4167.0,green,1
J1060,I1783,4259.0,4264.0,green,2
J3110,I2175,5587.0,5595.0,green,2
J4262,I2537,6805.0,6809.0,red,1
J4262,I4906,16171.0,16180.0,green,4
J4262,I6314,21682.0,21686.0,green,1
J228,I1205,2607.0,2610.0,green,1
J228,I2325,6101.0,6107.0,green,2
J1287,I1619,3725.0,3735.0,brown,2
J1287,I4564,14744.0,14755.0,green,2
J2962,I4603,14898.0,14906.0,brown,1
J2962,I7323,25291.0,25294.0,brown,1
J2962,I8219,27846.0,27850.0,brown,1
J2962,I8684,28973.0,28976.0,green,2
J2717,I3450,10143.0,10149.0,green,2
J2717,I3961,12255.0,12261.0,green,3
J888,I857,1759.0,1761.0,brown,2
J888,I889,1837.0,1839.0,brown,2
J888,I1082,2309.0,2317.0,green,2
J2338,I2353,6192.0,6200.0,green,2
J2338,I2418,6432.0,6436.0,green,1
J2338,I2482,6630.0,6634.0,green,1
J2338,I2897,8059.0,8065.0,brown,1
J4198,I643,1236.0,1238.0,green,1
J4198,I6788,23372.0,23375.0,green,3
J4198,I7404,25531.0,25538.0,green,2
J4050,I7113,24605.0,24611.0,brown,2
J4050,I7306,25230.0,25234.0,green,4
J1619,I904,1870.0,1871.0,brown,1
J1619,I937,1942.0,1947.0,red,1
J1619,I1576,3570.0,3581.0,brown,1
J1619,I4937,16273.0,16276.0,green,2
J1619,I5001,16562.0,16569.0,green,1
J464,I667,1297.0,1316.0,green,5
J464,I922,1910.0,1915.0,green,1
J2082,I1391,3099.0,3100.0,green,1
J2082,I1647,3814.0,3816.0,brown,1
J2082,I1679,3918.0,3922.0,green,2
J2082,I3503,10369.0,10381.0,green,1
J3088,I2889,8016.0,8022.0,green,1
J3088,I5002,16569.0,16574.0,green,2
J3088,I6564,22580.0,22591.0,green,1
J3383,I5582,18857.0,18864.0,green,5
J3383,I5747,19530.0,19534.0,brown,1
J947,I2867,7958.0,7959.0,green,1
J947,I3955,12235.0,12241.0,green,1
J947,I4051,12648.0,12669.0,green,2
J2256,I872,1797.0,1801.0,green,2
J2256,I999,2088.0,2095.0,red,1
J2256,I1384,3078.0,3082.0,green,2
J2139,I1952,4787.0,4788.0,red,1
J2139,I2433,6471.0,6482.0,green,1
J2139,I4385,14009.0,14014.0,green,2
J2139,I6153,21110.0,21111.0,green,1
J3258,I2222,5775.0,5784.0,green,1
J3258,I8758,29119.0,29121.0,brown,2
J3258,I8846,29309.0,29310.0,brown,1
J3115,I446,813.0,814.0,red,1
J3115,I542,1003.0,1006.0,red,1
J3115,I862,1773.0,1777.0,green,1
J3115,I6019,20575.0,20591.0,green,1
J388,I432,789.0,790.0,green,1
J388,I497,920.0,921.0,brown,1
J388,I593,1132.0,1134.0,green,1
J971,I2492,6661.0,6663.0,green,1
J971,I3740,11290.0,11301.0,green,1
J971,I4445,14251.0,14254.0,green,1
J971,I5101,16950.0,16964.0,green,1
J1270,I1105,2368.0,2370.0,green,1
J1270,I1169,2520.0,2522.0,brown,2
J1270,I2706,7408.0,7414.0,green,1
J2055,I2048,5141.0,5153.0,green,2
J2055,I6368,21901.0,21909.0,brown,1
J2055,I6753,23249.0,23251.0,green,2
J2055,I7393,25488.0,25491.0,green,1
J402,I538,998.0,999.0,brown,1
J402,I667,1297.0,1316.0,green,3
J402,I698,1389.0,1393.0,green,1
J402,I955,1992.0,1993.0,brown,1
J3736,I4189,13269.0,13274.0,green,3
J3736,I4220,13376.0,13377.0,green,1
J3736,I4284,13618.0,13631.0,brown,1
J56,I142,217.0,218.0,green,1
J56,I207,340.0,341.0,green,1
J56,I303,522.0,523.0,brown,1
J56,I399,720.0,721.0,green,1
J4626,I6933,23972.0,23980.0,brown,1
J4626,I6966,24101.0,24103.0,green,1
J4626,I7094,24542.0,24547.0,green,1
J4626,I7894,26961.0,26965.0,green,1
J2132,I2331,6121.0,6124.0,green,1
J2132,I2362,6227.0,6231.0,red,2
J1872,I3487,10311.0,10322.0,brown,3
J1872,I3712,11162.0,11166.0,green,2
J1872,I3903,11986.0,11990.0,green,1
J4558,I737,1477.0,1480.0,red,1
J4558,I4770,15598.0,15608.0,green,2
J4558,I6497,22348.0,22358.0,brown,3
J4852,I8059,27392.0,27393.0,green,1
J4852,I8283,28003.0,28004.0,green,1
J4852,I8355,28183.0,28190.0,green,1
J4852,I8402,28302.0,28312.0,green,2
J4852,I8454,28419.0,28424.0,brown,1
J3628,I3760,11396.0,11406.0,green,1
J3628,I5008,16587.0,16595.0,brown,5
J4192,I5417,18227.0,18233.0,green,6
J2452,I1886,4578.0,4579.0,brown,1
J2452,I5663,19198.0,19202.0,green,1
J2452,I6143,21070.0,21079.0,green,4
J1417,I2714,7427.0,7436.0,green,1
J1417,I4411,14106.0,14121.0,green,3
J1417,I5210,17392.0,17395.0,brown,1
J1417,I5371,18019.0,18034.0,green,1
J1920,I2439,6501.0,6502.0,green,1
J1920,I2471,6601.0,6610.0,green,1
J1920,I2600,7018.0,7031.0,green,2
J4934,I1364,3015.0,3025.0,red,2
J4934,I4596,14883.0,14885.0,brown,1
J4934,I8461,28438.0,28440.0,green,1
J4934,I8756,29114.0,29117.0,brown,1
J4934,I8789,29182.0,29192.0,green,1
J2795,I4957,16369.0,16372.0,green,3
J2795,I4989,16513.0,16520.0,green,3
J2732,I3748,11345.0,11346.0,green,1
J2732,I3813,11603.0,11607.0,green,1
J2732,I3876,11867.0,11874.0,brown,1
J2732,I4165,13156.0,13157.0,green,1
J2732,I5093,16915.0,16921.0,green,2
J2882,I4780,15640.0,15642.0,brown,1
J2882,I4844,15903.0,15910.0,green,2
J2882,I5036,16708.0,16716.0,green,2
J2882,I5116,17027.0,17035.0,green,1
J939,I1290,2825.0,2826.0,green,1
J939,I1323,2923.0,2926.0,green,2
J939,I3915,12059.0,12073.0,green,1
J3852,I3401,9979.0,9986.0,red,1
J3852,I4490,14436.0,14448.0,brown,1
J4401,I5467,18413.0,18418.0,green,3
J4401,I8560,28675.0,28682.0,green,1
J28,I178,286.0,288.0,green,1
J28,I402,725.0,729.0,red,2
J28,I2515,6745.0,6760.0,green,1
J28,I5365,18007.0,18010.0,green,1
J919,I1974,4867.0,4868.0,brown,1
J919,I2006,4970.0,4975.0,green,1
J2358,I2369,6250.0,6254.0,red,1
J2358,I2433,6471.0,6482.0,green,2
J2358,I5505,18529.0,18530.0,brown,1
J2358,I6303,21646.0,21652.0,green,2
J1144,I596,1139.0,1141.0,green,1
J1144,I1173,2527.0,2533.0,green,2
J1144,I1205,2607.0,2610.0,green,2
J4068,I5010,16601.0,16603.0,brown,1
J4068,I8947,29511.0,29513.0,green,1
J3056,I3825,11657.0,11658.0,green,1
J3056,I3826,11658.0,11661.0,green,3
J3056,I4083,12797.0,12801.0,red,2
J4637,I7437,25659.0,25664.0,green,1
J4637,I7564,26001.0,26002.0,brown,1
J4637,I8052,27369.0,27378.0,brown,1
J4637,I8628,28834.0,28841.0,brown,2
J640,I766,1540.0,1543.0,red,1
J640,I6143,21070.0,21079.0,green,3
J640,I6559,22559.0,22565.0,green,1
J3820,I3252,9417.0,9418.0,red,1
J3820,I7828,26758.0,26759.0,brown,1
J3820,I8869,29355.0,29356.0,green,1
J3820,I9149,29871.0,29873.0,green,1
J3820,I9189,29933.0,29935.0,green,2
J109,I1607,3675.0,3677.0,brown,1
J109,I4648,15095.0,15101.0,green,1
J109,I6088,20866.0,20870.0,green,4
J4631,I3538,10484.0,10493.0,green,1
J4631,I7219,24925.0,24938.0,green,1
J4631,I7411,25559.0,25565.0,green,1
J4631,I7778,26609.0,26617.0,brown,1
J62,I141,214.0,217.0,green,2
J62,I149,226.0,229.0,red,1
J62,I173,273.0,280.0,green,1
J62,I270,459.0,462.0,green,1
J4163,I7054,24418.0,24421.0,green,2
J4163,I7150,24699.0,24706.0,brown,1
J4163,I7791,26646.0,26649.0,green,1
J4163,I8239,27900.0,27902.0,green,1
J215,I3499,10355.0,10358.0,green,2
J215,I3627,10794.0,10800.0,green,2
J3887,I6453,22202.0,22213.0,green,1
J3887,I6805,23441.0,23446.0,green,1
J134,I205,338.0,339.0,green,1
J134,I237,401.0,402.0,green,1
J134,I269,454.0,459.0,green,2
J134,I333,572.0,573.0,green,1
J3584,I1872,4529.0,4532.0,green,1
J3584,I2960,8271.0,8274.0,green,1
J3584,I6449,22179.0,22191.0,green,3
J3584,I6457,22224.0,22235.0,green,1
J4880,I7252,25036.0,25045.0,brown,2
J4880,I8669,28934.0,28937.0,green,1
J4462,I7813,26712.0,26717.0,brown,3
J4462,I7974,27159.0,27161.0,green,1
J4462,I8070,27418.0,27425.0,green,2
J830,I1227,2654.0,2660.0,green,2
J830,I1259,2764.0,2766.0,green,2
J830,I1291,2826.0,2827.0,green,1
J830,I1323,2923.0,2926.0,green,1
J1459,I605,1159.0,1160.0,green,1
J1459,I669,1317.0,1318.0,green,1
J1459,I893,1847.0,1848.0,brown,1
J1459,I2368,6242.0,6250.0,red,2
J1459,I5038,16717.0,16726.0,green,1
J2473,I2775,7628.0,7629.0,red,1
J2473,I2839,7860.0,7862.0,green,1
J2473,I2871,7966.0,7970.0,green,1
J2473,I3032,8546.0,8553.0,green,2
J2473,I3064,8674.0,8676.0,green,1
J4407,I5681,19252.0,19260.0,green,4
J4407,I7121,24625.0,24628.0,green,2
J995,I1787,4271.0,4275.0,green,2
J995,I2490,6659.0,6660.0,green,1
J3969,I5339,17906.0,17907.0,green,1
J3969,I5499,18512.0,18515.0,brown,2
J3969,I7451,25699.0,25702.0,brown,1
J2356,I544,1008.0,1012.0,red,2
J2356,I2049,5153.0,5156.0,green,1
J1291,I733,1472.0,1474.0,red,1
J1291,I8733,29067.0,29075.0,brown,2
J1291,I9218,29977.0,29978.0,green,1
J2187,I2382,6292.0,6295.0,red,1
J2187,I6958,24067.0,24071.0,brown,1
J982,I2097,5308.0,5309.0,green,1
J982,I4530,14605.0,14615.0,green,1
J982,I4738,15468.0,15472.0,green,2
J2619,I4857,15965.0,15971.0,brown,4
J2619,I4962,16387.0,16407.0,green,1
J1026,I2291,5992.0,5997.0,green,4
J4873,I7217,24918.0,24920.0,green,1
J4873,I7280,25145.0,25148.0,brown,2
J4873,I7761,26537.0,26548.0,green,1
J4873,I9201,29948.0,29951.0,green,2
J3083,I6625,22844.0,22856.0,brown,2
J3083,I6778,23336.0,23347.0,green,2
J4914,I6681,23011.0,23016.0,brown,4
J4914,I6905,23877.0,23882.0,brown,1
J4914,I8186,27773.0,27774.0,green,1
J118,I242,407.0,410.0,green,1
J118,I275,472.0,475.0,green,1
J118,I563,1062.0,1065.0,green,1
J118,I2175,5587.0,5595.0,green,1
J3182,I4039,12615.0,12620.0,brown,1
J639,I1005,2107.0,2110.0,red,1
J639,I2797,7693.0,7697.0,green,1
J639,I5662,19195.0,19198.0,green,1
J639,I5694,19296.0,19300.0,green,2
J639,I6446,22167.0,22172.0,green,1
J3304,I4904,16166.0,16168.0,green,1
J3304,I4936,16270.0,16273.0,green,1
J3304,I5544,18671.0,18696.0,green,1
J3304,I6727,23147.0,23157.0,brown,2
J821,I2703,7396.0,7401.0,brown,1
J1311,I1854,4477.0,4489.0,red,1
J1311,I2142,5457.0,5458.0,green,1
J1311,I3487,10311.0,10322.0,brown,1
J1311,I6165,21145.0,21153.0,green,1
J1233,I1994,4923.0,4925.0,green,1
J1233,I2090,5290.0,5293.0,green,1
J1233,I2091,5293.0,5297.0,green,1
J1233,I2219,5758.0,5765.0,green,1
J1233,I2955,8257.0,8263.0,green,2
J38,I4981,16470.0,16483.0,green,1
J38,I7942,27080.0,27083.0,brown,2
J2629,I223,376.0,377.0,red,1
J2629,I4728,15410.0,15420.0,green,1
J2629,I4736,15460.0,15467.0,green,1
J2629,I4840,15874.0,15884.0,green,1
J3632,I879,1812.0,1814.0,brown,1
J3632,I1134,2437.0,2440.0,red,1
J3632,I4015,12498.0,12505.0,brown,1
J3443,I837,1704.0,1711.0,green,1
J3443,I901,1863.0,1867.0,brown,3
J3443,I5382,18099.0,18111.0,green,1
J4127,I2750,7550.0,7553.0,green,1
J4127,I2751,7553.0,7561.0,green,1
J4127,I4191,13276.0,13281.0,green,1
J2940,I7853,26823.0,26824.0,green,1
J2940,I8045,27352.0,27353.0,brown,1
J2940,I8173,27743.0,27748.0,brown,2
J2940,I8494,28516.0,28519.0,green,1
J3306,I4377,13968.0,13971.0,green,1
J3306,I4378,13971.0,13978.0,green,1
J3306,I5946,20289.0,20297.0,green,1
J3306,I6361,21883.0,21884.0,brown,1
J3306,I7081,24499.0,24503.0,brown,2
J1642,I4328,13753.0,13763.0,green,2
J1642,I7248,25020.0,25030.0,green,1
J1642,I7356,25377.0,25387.0,green,1
J1642,I7600,26080.0,26084.0,green,1
J799,I1646,3810.0,3814.0,brown,3
J799,I4335,13790.0,13794.0,green,3
J3541,I3901,11980.0,11982.0,green,1
J3541,I4285,13631.0,13632.0,brown,1
J3541,I5374,18045.0,18063.0,green,3
J1478,I1860,4497.0,4505.0,brown,2
J1478,I4645,15071.0,15076.0,green,4
J3578,I4344,13821.0,13831.0,green,1
J3578,I4377,13968.0,13971.0,green,1
J3578,I7801,26673.0,26674.0,green,1
J3578,I7833,26767.0,26769.0,brown,1
J3578,I7929,27042.0,27048.0,brown,1
J4423,I6002,20514.0,20516.0,green,2
J4423,I7282,25151.0,25157.0,brown,1
J4892,I6394,21984.0,21990.0,brown,3
J4892,I8891,29398.0,29399.0,green,1
J4892,I9179,29918.0,29919.0,green,1
J1965,I2589,6985.0,6987.0,green,1
J1965,I3453,10158.0,10167.0,green,2
J1965,I3900,11975.0,11980.0,green,1
J1965,I4125,12948.0,12960.0,green,1
J435,I1070,2280.0,2287.0,green,3
J435,I1230,2668.0,2672.0,green,1
J435,I1630,3754.0,3758.0,brown,1
J1500,I2644,7209.0,7211.0,green,1
J1500,I5589,18883.0,18888.0,green,1
J1500,I6133,21043.0,21046.0,green,1
J1500,I7093,24539.0,24542.0,green,1
J342,I956,1993.0,1994.0,brown,1
J342,I1117,2393.0,2397.0,green,1
J4884,I4654,15114.0,15120.0,brown,2
J4884,I5166,17218.0,17229.0,brown,2
J4470,I8126,27581.0,27590.0,green,2
J4007,I7250,25032.0,25035.0,green,3
J4007,I7346,25348.0,25350.0,green,2
J4007,I7442,25669.0,25678.0,green,1
J1406,I2113,5351.0,5352.0,brown,1
J1406,I2242,5820.0,5821.0,red,1
J1406,I5698,19307.0,19312.0,green,1
J1406,I6754,23251.0,23262.0,green,3
J3390,I4047,12638.0,12639.0,green,1
J3390,I4080,12789.0,12794.0,red,1
J3390,I4432,14196.0,14211.0,green,2
J3390,I4464,14312.0,14313.0,green,1
J3390,I5968,20369.0,20377.0,green,1
J2847,I3738,11277.0,11289.0,green,3
J2847,I6682,23016.0,23023.0,brown,2
J4254,I5357,17969.0,17977.0,green,1
J4254,I6124,21019.0,21021.0,brown,2
J4254,I6188,21275.0,21281.0,brown,1
J4254,I7948,27095.0,27096.0,brown,1
J3660,I4846,15921.0,15928.0,brown,1
J3660,I5071,16824.0,16828.0,green,2
J4749,I2067,5209.0,5211.0,red,1
J4749,I8116,27550.0,27562.0,green,1
J4749,I8580,28723.0,28724.0,green,1
J2310,I2771,7619.0,7620.0,red,1
J2310,I7540,25925.0,25933.0,green,1
J2310,I8467,28453.0,28454.0,brown,1
J1968,I2653,7226.0,7241.0,green,1
J1968,I4962,16387.0,16407.0,green,3
J2934,I2321,6092.0,6095.0,green,1
J2934,I2353,6192.0,6200.0,green,1
J2934,I2481,6627.0,6630.0,brown,1
J2934,I2513,6737.0,6744.0,green,1
J865,I1917,4666.0,4670.0,red,1
J865,I4606,14910.0,14913.0,brown,1
J4100,I3818,11629.0,11633.0,green,1
J4100,I3849,11760.0,11762.0,red,1
J4100,I4394,14039.0,14046.0,brown,2
J4100,I5898,20113.0,20120.0,brown,1
J4100,I7082,24503.0,24505.0,brown,1
J2391,I3269,9490.0,9493.0,green,2
J2391,I3300,9613.0,9622.0,red,1
J2391,I3429,10078.0,10081.0,brown,1
J2391,I5045,16745.0,16752.0,brown,1
J2655,I7258,25054.0,25056.0,brown,2
J2655,I8187,27774.0,27776.0,green,1
J2655,I8402,28302.0,28312.0,green,2
J4121,I3196,9237.0,9241.0,red,1
J4121,I3292,9577.0,9585.0,green,1
J4121,I3868,11842.0,11847.0,brown,1
J4121,I4541,14647.0,14658.0,green,1
J4121,I7205,24864.0,24866.0,green,2
J4794,I4439,14226.0,14232.0,brown,1
J4794,I6808,23464.0,23465.0,green,1
J4794,I8680,28964.0,28967.0,green,1
J4794,I8796,29207.0,29210.0,green,1
J152,I850,1736.0,1740.0,brown,1
J152,I2738,7514.0,7522.0,green,1
J152,I4019,12516.0,12520.0,green,2
J152,I5402,18175.0,18185.0,green,1
J97,I181,290.0,291.0,green,1
J97,I213,352.0,357.0,brown,1
J97,I245,412.0,415.0,green,1
J2894,I4065,12732.0,12736.0,red,1
J2894,I4258,13514.0,13527.0,green,1
J2894,I4290,13647.0,13648.0,brown,1
J2894,I5058,16786.0,16789.0,brown,1
J2894,I5658,19173.0,19185.0,brown,1
J3447,I5004,16577.0,16584.0,green,1
J3447,I6475,22279.0,22284.0,brown,1
J3447,I7083,24505.0,24509.0,brown,1
J3447,I7388,25475.0,25477.0,green,2
J3447,I7708,26390.0,26392.0,green,1
J2277,I54,74.0,75.0,brown,1
J2277,I269,454.0,459.0,green,1
J2277,I301,519.0,520.0,brown,1
J2277,I364,638.0,643.0,green,1
J2277,I2508,6714.0,6719.0,green,1
J2277,I2861,7928.0,7933.0,green,1
J4014,I2464,6583.0,6585.0,green,1
J4014,I4801,15700.0,15703.0,green,1
J4014,I7138,24675.0,24678.0,brown,3
J4014,I7292,25191.0,25192.0,green,1
J1405,I2605,7038.0,7042.0,green,2
J1405,I4558,14728.0,14729.0,green,1
J1405,I7634,26187.0,26193.0,green,1
J691,I1229,2662.0,2668.0,green,1
J691,I1389,3092.0,3093.0,green,1
J691,I1422,3196.0,3198.0,red,2
J691,I1581,3595.0,3597.0,green,1
J1426,I1812,4351.0,4359.0,green,1
J1426,I1876,4539.0,4548.0,red,1
J1426,I4468,14320.0,14333.0,brown,1
J1426,I6549,22521.0,22538.0,green,2
J1426,I8724,29051.0,29053.0,brown,1
J3015,I4351,13843.0,13852.0,green,6
J4911,I7106,24572.0,24579.0,brown,2
J4911,I9203,29952.0,29954.0,green,1
J4911,I9215,29969.0,29972.0,green,1
J1179,I646,1245.0,1246.0,green,1
J1179,I966,2018.0,2027.0,brown,3
J1179,I1254,2755.0,2757.0,green,1
J4512,I7435,25651.0,25658.0,green,1
J4512,I8652,28898.0,28900.0,green,1
J1318,I2305,6051.0,6052.0,green,1
J1318,I2433,6471.0,6482.0,green,1
J1318,I4706,15333.0,15341.0,green,1
J1318,I6754,23251.0,23262.0,green,1
J566,I1310,2882.0,2884.0,red,1
J566,I2751,7553.0,7561.0,green,1
J566,I3134,8967.0,8976.0,green,2
J566,I4396,14049.0,14050.0,brown,1
J4530,I3981,12337.0,12340.0,brown,1
J4530,I7854,26824.0,26827.0,green,1
J4530,I8542,28629.0,28631.0,green,1
J3137,I2370,6254.0,6255.0,red,1
J3137,I2690,7350.0,7353.0,brown,2
J2904,I2177,5596.0,5607.0,green,1
J3988,I6722,23126.0,23127.0,green,1
J3988,I6754,23251.0,23262.0,green,3
J88,I7274,25117.0,25126.0,brown,3
J88,I7715,26402.0,26405.0,green,1
J88,I8075,27430.0,27436.0,green,1
J4089,I1702,4010.0,4016.0,brown,2
J4089,I1766,4212.0,4215.0,brown,1
J4089,I4423,14152.0,14168.0,green,1
J4089,I6791,23386.0,23390.0,green,2
J2733,I4421,14149.0,14151.0,green,1
J4208,I6956,24059.0,24062.0,green,1
J4208,I7213,24893.0,24904.0,green,4
J2467,I4301,13671.0,13672.0,brown,1
J2467,I4333,13788.0,13789.0,green,1
J2467,I4397,14050.0,14052.0,green,1
J2467,I4654,15114.0,15120.0,brown,1
J2467,I4686,15235.0,15242.0,red,1
J2467,I5362,17999.0,18005.0,green,1
J493,I414,753.0,756.0,red,2
J493,I3742,11315.0,11326.0,green,1
J493,I4223,13388.0,13392.0,green,1
J493,I4862,15985.0,15988.0,brown,1
J493,I7177,24771.0,24774.0,green,1
J3392,I3937,12169.0,12173.0,green,4
J3392,I4962,16387.0,16407.0,green,1
J3392,I5921,20174.0,20185.0,brown,1
J922,I1528,3458.0,3460.0,brown,1
J922,I1592,3618.0,3623.0,green,1
J922,I1593,3623.0,3632.0,green,3
J922,I2303,6046.0,6047.0,green,1
J312,I781,1579.0,1582.0,brown,1
J312,I814,1647.0,1648.0,green,1
J312,I1070,2280.0,2287.0,green,1
J312,I1742,4135.0,4137.0,green,1
J312,I3366,9854.0,9859.0,brown,1
J4333,I3238,9374.0,9380.0,brown,1
J4333,I7782,26623.0,26626.0,brown,2
J4333,I7846,26797.0,26810.0,brown,2
J1962,I2610,7069.0,7079.0,green,2
J1962,I5234,17493.0,17496.0,brown,1
J1984,I1509,3404.0,3409.0,green,1
J1984,I1510,3409.0,3415.0,green,1
J1984,I4006,12444.0,12447.0,green,2
J1984,I4070,12752.0,12758.0,green,2
J749,I1057,2250.0,2255.0,green,1
J749,I5569,18805.0,18812.0,brown,2
J749,I6174,21198.0,21206.0,green,1
J3061,I2891,8027.0,8028.0,red,1
J3061,I3019,8492.0,8499.0,red,1
J3061,I5468,18418.0,18424.0,green,4
J2989,I4013,12495.0,12497.0,brown,1
J2989,I5133,17095.0,17099.0,brown,1
J2989,I7277,25135.0,25143.0,brown,3
J3943,I6611,22786.0,22788.0,green,1
J3943,I6612,22788.0,22790.0,green,1
J3943,I6740,23200.0,23204.0,green,3
J4504,I920,1905.0,1908.0,red,1
J4504,I7193,24819.0,24827.0,green,5
J4440,I5783,19667.0,19670.0,green,3
J4440,I5815,19773.0,19776.0,green,1
J4440,I6007,20530.0,20534.0,green,1
J4440,I6967,24103.0,24105.0,green,1
J950,I153,236.0,238.0,green,2
J950,I185,295.0,299.0,green,1
J950,I378,667.0,672.0,green,2
J2639,I1137,2446.0,2448.0,red,2
J2639,I1297,2846.0,2854.0,red,3
J2639,I7106,24572.0,24579.0,brown,1
J1079,I8218,27843.0,27846.0,brown,2
J1079,I8842,29302.0,29304.0,brown,2
J2771,I4840,15874.0,15884.0,green,4
J2836,I3631,10813.0,10818.0,green,1
J2836,I3662,10933.0,10937.0,red,1
J2836,I3694,11082.0,11091.0,green,1
J2836,I3726,11216.0,11219.0,brown,2
J2836,I4399,14053.0,14061.0,green,1
J4312,I5857,19900.0,19912.0,green,2
J4312,I8640,28872.0,28874.0,brown,2
J4312,I8768,29140.0,29141.0,brown,1
J1598,I3188,9202.0,9207.0,green,1
J1598,I3507,10387.0,10393.0,green,1
J1598,I3635,10825.0,10826.0,green,1
J1598,I4164,13149.0,13156.0,green,2
J163,I20,26.0,31.0,green,2
J163,I260,436.0,440.0,green,1
J163,I1092,2337.0,2339.0,green,2
J517,I711,1419.0,1420.0,red,1
J517,I2952,8241.0,8251.0,green,1
J517,I3784,11492.0,11497.0,green,2
J316,I866,1785.0,1786.0,green,1
J316,I1218,2635.0,2637.0,brown,2
J316,I1799,4307.0,4310.0,brown,1
J2494,I3786,11498.0,11499.0,green,1
J2494,I3883,11906.0,11913.0,brown,3
J2494,I6699,23065.0,23073.0,green,2
J617,I1467,3323.0,3325.0,brown,2
J617,I1499,3386.0,3387.0,green,1
J617,I2300,6029.0,6037.0,brown,3
J1506,I2098,5309.0,5314.0,red,2
J1506,I2194,5659.0,5667.0,green,1
J1506,I2835,7839.0,7847.0,green,1
J1506,I4516,14526.0,14537.0,brown,1
J1506,I4580,14820.0,14825.0,brown,1
J2376,I3865,11833.0,11837.0,brown,1
J2376,I4089,12813.0,12814.0,red,1
J2376,I4473,14345.0,14349.0,red,1
J2376,I6074,20809.0,20814.0,green,3
J2137,I5178,17281.0,17294.0,brown,2
J2137,I6122,20998.0,21009.0,brown,3
J1531,I2765,7599.0,7609.0,green,1
J1531,I3308,9638.0,9641.0,green,1
J1531,I4525,14575.0,14583.0,green,1
J3634,I3429,10078.0,10081.0,brown,1
J3634,I7958,27117.0,27119.0,green,1
J1457,I2346,6166.0,6170.0,brown,1
J1457,I3531,10458.0,10467.0,green,3
J1457,I4274,13589.0,13591.0,green,1
J4474,I4562,14737.0,14742.0,green,4
J120,I2655,7242.0,7246.0,green,1
J120,I3614,10743.0,10754.0,green,1
J120,I6143,21070.0,21079.0,green,1
J120,I7055,24421.0,24426.0,green,2
J2631,I2714,7427.0,7436.0,green,1
J2631,I4219,13368.0,13376.0,green,3
J2631,I5819,19780.0,19784.0,green,2
J924,I7850,26817.0,26820.0,brown,1
J924,I8227,27870.0,27871.0,green,1
J3711,I2596,7009.0,7013.0,red,2
J3711,I2916,8127.0,8132.0,green,2
J3711,I4484,14409.0,14419.0,brown,1
J3711,I7373,25431.0,25441.0,green,1
J2531,I942,1960.0,1961.0,red,1
J2531,I7183,24785.0,24798.0,brown,1
J2531,I7699,26367.0,26372.0,brown,2
J2809,I4919,16221.0,16222.0,green,1
J2809,I6616,22802.0,22806.0,green,1
J2809,I6904,23870.0,23877.0,brown,1
J2809,I7224,24959.0,24961.0,green,1
J2809,I8056,27382.0,27385.0,brown,1
J2809,I8088,27472.0,27475.0,green,1
J525,I1243,2718.0,2727.0,brown,3
J525,I1596,3637.0,3639.0,green,1
J525,I3452,10151.0,10158.0,green,1
J1516,I2044,5114.0,5117.0,green,1
J1516,I2621,7120.0,7131.0,green,1
J1516,I3057,8642.0,8653.0,green,1
J1516,I3068,8694.0,8704.0,green,1
J801,I1831,4407.0,4409.0,green,1
J801,I1863,4511.0,4512.0,brown,1
J801,I1895,4603.0,4612.0,brown,2
J801,I2343,6150.0,6155.0,brown,1
J801,I2535,6803.0,6804.0,red,1
J4835,I1832,4409.0,4410.0,green,1
J4835,I2088,5282.0,5288.0,green,1
J4835,I3880,11886.0,11899.0,brown,1
J4835,I7305,25227.0,25230.0,green,1
J4835,I8113,27539.0,27546.0,green,1
J4835,I8820,29261.0,29262.0,brown,1
J1751,I2974,8324.0,8327.0,green,2
J1751,I3197,9241.0,9243.0,red,2
J1751,I3261,9465.0,9467.0,red,2
J2201,I209,344.0,348.0,green,2
J2201,I2801,7718.0,7726.0,brown,1
J2201,I3057,8642.0,8653.0,green,3
J3325,I4536,14634.0,14638.0,green,1
J3325,I4569,14776.0,14786.0,green,1
J3325,I4633,15017.0,15021.0,green,2
J3325,I6305,21658.0,21660.0,green,1
J3325,I6936,23983.0,23986.0,brown,1
J4025,I1780,4253.0,4257.0,green,1
J4025,I1876,4539.0,4548.0,red,1
J4025,I4917,16212.0,16217.0,green,2
J4025,I8157,27691.0,27695.0,green,1
J3314,I5236,17500.0,17504.0,brown,1
J3314,I5333,17888.0,17891.0,green,1
J3314,I8250,27936.0,27937.0,green,1
J3314,I8509,28553.0,28554.0,green,1
J3314,I8677,28960.0,28962.0,green,2
J1541,I2031,5063.0,5071.0,green,1
J1541,I2640,7194.0,7202.0,green,1
J1541,I2863,7934.0,7939.0,green,1
J2429,I3675,10995.0,10997.0,red,1
J2429,I3707,11141.0,11143.0,green,2
J2429,I5772,19623.0,19626.0,green,1
J2253,I4116,12891.0,12894.0,green,3
J2253,I4180,13229.0,13231.0,green,1
J2253,I4564,14744.0,14755.0,green,2
J708,I3867,11839.0,11842.0,brown,1
J708,I5612,18959.0,18965.0,green,1
J454,I1188,2572.0,2575.0,green,1
J454,I1252,2751.0,2754.0,green,1
J723,I1107,2376.0,2379.0,green,2
J723,I1203,2601.0,2605.0,red,1
J723,I4756,15534.0,15543.0,green,1
J723,I5780,19654.0,19658.0,green,1
J723,I6948,24010.0,24015.0,green,1
J2385,I2480,6626.0,6627.0,brown,1
J2385,I7824,26745.0,26755.0,brown,3
J2385,I8642,28881.0,28883.0,brown,1
J918,I1311,2884.0,2889.0,red,1
J918,I2048,5141.0,5153.0,green,2
J324,I431,787.0,789.0,green,1
J324,I887,1828.0,1834.0,brown,1
J4879,I4013,12495.0,12497.0,brown,1
J4879,I7597,26072.0,26078.0,brown,2
J4879,I7693,26349.0,26357.0,brown,1
J2891,I1759,4184.0,4188.0,brown,2
J2891,I6304,21652.0,21658.0,green,1
J2891,I7328,25300.0,25303.0,green,1
J2891,I7392,25487.0,25488.0,green,1
J3377,I2186,5630.0,5637.0,green,1
J3377,I2313,6071.0,6075.0,red,2
J3377,I2377,6276.0,6281.0,red,3
J246,I511,950.0,952.0,red,1
J246,I639,1226.0,1227.0,green,1
J246,I831,1687.0,1688.0,green,1
J246,I863,1777.0,1782.0,green,1
J2727,I3025,8521.0,8522.0,red,1
J2727,I8210,27824.0,27832.0,brown,2
J1646,I1118,2397.0,2409.0,brown,1
J1646,I4255,13490.0,13500.0,green,1
J1979,I3800,11542.0,11546.0,green,1
J3759,I2766,7609.0,7614.0,red,2
J3759,I5166,17218.0,17229.0,brown,1
J3759,I7247,25018.0,25020.0,green,1
J3759,I7631,26177.0,26178.0,green,1
J155,I489,905.0,906.0,green,1
J155,I521,970.0,973.0,green,2
J2620,I2781,7655.0,7659.0,red,1
J2620,I5470,18429.0,18433.0,green,1
J2620,I5822,19793.0,19800.0,green,1
J450,I3798,11531.0,11537.0,green,2
J450,I4597,14885.0,14887.0,brown,1
J450,I4693,15276.0,15281.0,brown,1
J450,I4918,16217.0,16221.0,green,1
J450,I6806,23446.0,23460.0,green,1
J2056,I1759,4184.0,4188.0,brown,2
J2056,I7300,25207.0,25211.0,green,2
J4525,I7899,26970.0,26971.0,green,1
J4525,I8155,27687.0,27689.0,green,2
J4525,I8187,27774.0,27776.0,green,1
J4525,I8411,28324.0,28330.0,green,2
J4412,I1430,3213.0,3218.0,red,1
J4412,I7223,24944.0,24959.0,green,1
J3633,I5373,18043.0,18045.0,green,1
J1650,I2796,7690.0,7693.0,green,2
J3856,I1818,4372.0,4374.0,red,1
J3856,I5755,19563.0,19567.0,green,1
J3856,I8507,28548.0,28552.0,green,1
J3663,I6128,21033.0,21036.0,green,2
J3663,I6160,21133.0,21134.0,green,1
J3663,I6400,22003.0,22007.0,green,3
J3263,I4121,12913.0,12923.0,green,2
J3906,I3605,10718.0,10720.0,red,1
J3906,I3894,11940.0,11944.0,green,1
J3906,I4565,14755.0,14761.0,green,1
J3906,I4693,15276.0,15281.0,brown,1
J3906,I4758,15546.0,15550.0,green,1
J3906,I7062,24444.0,24448.0,green,1
J3336,I4664,15158.0,15161.0,brown,3
J3336,I5016,16627.0,16631.0,brown,1
J869,I1364,3015.0,3025.0,red,1
J869,I6356,21861.0,21867.0,brown,1
J3991,I6698,23064.0,23065.0,green,1
J3991,I6954,24042.0,24049.0,green,4
J3495,I4921,16223.0,16235.0,green,1
J3495,I4952,16335.0,16339.0,green,1
J3495,I5081,16857.0,16858.0,green,1
J3495,I6305,21658.0,21660.0,green,1
J3495,I7113,24605.0,24611.0,brown,2
J1703,I2709,7417.0,7420.0,green,1
J1703,I2869,7962.0,7963.0,green,1
J1703,I2965,8285.0,8288.0,green,2
J1703,I4182,13232.0,13235.0,green,1
J3984,I6080,20835.0,20844.0,brown,1
J3984,I6368,21901.0,21909.0,brown,2
J3302,I3470,10241.0,10244.0,red,1
J3302,I3503,10369.0,10381.0,green,2
J3302,I3598,10683.0,10689.0,brown,3
J4335,I6326,21752.0,21758.0,green,1
J4335,I6357,21867.0,21869.0,brown,2
J300,I1429,3212.0,3213.0,red,1
J300,I6838,23610.0,23616.0,green,2
J300,I6933,23972.0,23980.0,brown,1
J1217,I1115,2390.0,2391.0,green,1
J1217,I2715,7436.0,7437.0,green,1
J1217,I4795,15685.0,15686.0,brown,1
J2551,I1514,3420.0,3424.0,green,2
J2551,I1610,3691.0,3702.0,brown,1
J2551,I3626,10792.0,10794.0,green,1
J2551,I3947,12205.0,12207.0,green,1
J2551,I6955,24049.0,24059.0,green,1
J275,I116,168.0,174.0,brown,1
J275,I132,198.0,199.0,green,1
J275,I997,2085.0,2086.0,red,1
J275,I1316,2895.0,2898.0,green,1
J275,I6409,22029.0,22037.0,green,1
J4324,I2522,6776.0,6777.0,red,1
J4324,I8218,27843.0,27846.0,brown,1
J4324,I8411,28324.0,28330.0,green,2
J4324,I8714,29030.0,29033.0,brown,1
J766,I293,502.0,503.0,red,1
J766,I613,1169.0,1173.0,red,1
J766,I1349,2987.0,2988.0,green,1
J766,I5622,19017.0,19034.0,green,1
J872,I5868,19968.0,19973.0,green,2
J872,I6764,23284.0,23285.0,green,1
J872,I8716,29036.0,29037.0,brown,1
J2580,I4063,12728.0,12731.0,brown,3
J2580,I4287,13634.0,13640.0,brown,1
J2152,I1440,3236.0,3238.0,green,1
J2152,I1792,4286.0,4288.0,brown,1
J2152,I2560,6867.0,6870.0,red,1
J2152,I4945,16296.0,16303.0,green,1
J2152,I5097,16930.0,16938.0,green,2
J4403,I6562,22571.0,22577.0,green,3
J4533,I6898,23854.0,23858.0,brown,2
J4533,I6994,24207.0,24217.0,brown,1
J4533,I8179,27757.0,27758.0,green,1
J4533,I8275,27986.0,27987.0,green,1
J4533,I8570,28705.0,28706.0,green,1
J4888,I5050,16759.0,16762.0,brown,2
J4888,I5114,17016.0,17025.0,brown,1
J4888,I6490,22324.0,22326.0,brown,1
J4888,I9003,29606.0,29612.0,green,1
J2663,I994,2078.0,2081.0,red,1
J2663,I1378,3067.0,3070.0,brown,1
J2663,I3267,9483.0,9488.0,green,3
J2663,I6451,22192.0,22201.0,green,1
J1846,I3115,8894.0,8901.0,red,2
J1846,I3884,11913.0,11918.0,brown,1
J2954,I3926,12122.0,12124.0,green,1
J2954,I3990,12374.0,12377.0,green,1
J2954,I4149,13072.0,13083.0,red,2
J2954,I4310,13694.0,13697.0,brown,2
J3473,I1242,2715.0,2718.0,brown,1
J3473,I6331,21763.0,21766.0,green,2
J3473,I8363,28210.0,28213.0,green,1
J4031,I3844,11745.0,11749.0,red,1
J4031,I4548,14675.0,14682.0,brown,2
J1264,I2673,7300.0,7305.0,red,3
J1264,I2737,7511.0,7514.0,green,3
J3677,I4466,14315.0,14317.0,brown,2
J3677,I4659,15135.0,15146.0,green,3
J735,I1592,3618.0,3623.0,green,1
J735,I1656,3843.0,3846.0,brown,1
J735,I4121,12913.0,12923.0,green,1
J735,I4921,16223.0,16235.0,green,1
J735,I5825,19802.0,19808.0,green,1
J3855,I4832,15839.0,15846.0,brown,5
J3855,I8577,28715.0,28717.0,green,1
J4692,I2562,6872.0,6884.0,red,1
J4692,I8117,27562.0,27570.0,green,1
J4692,I8327,28114.0,28115.0,brown,1
J4678,I7529,25902.0,25906.0,green,1
J4678,I7594,26061.0,26062.0,green,1
J4678,I7690,26339.0,26344.0,brown,1
J4678,I8330,28118.0,28130.0,green,1
J717,I1281,2802.0,2803.0,green,1
J717,I1601,3653.0,3663.0,green,1
J717,I1922,4675.0,4679.0,red,1
J717,I1986,4896.0,4903.0,green,1
J717,I2978,8334.0,8344.0,green,1
J2957,I4813,15756.0,15766.0,brown,1
J2957,I4845,15910.0,15921.0,brown,1
J2957,I8462,28440.0,28442.0,green,1
J2957,I9006,29617.0,29619.0,green,2
J1542,I2527,6787.0,6788.0,green,1
J1542,I2592,6993.0,7000.0,green,1
J1542,I2655,7242.0,7246.0,green,1
J2038,I687,1367.0,1368.0,green,1
J2038,I2640,7194.0,7202.0,green,1
J2038,I4976,16443.0,16449.0,green,1
J2038,I5664,19202.0,19205.0,green,1
J361,I746,1502.0,1504.0,red,1
J361,I5789,19688.0,19693.0,green,2
J758,I1376,3057.0,3066.0,brown,1
J758,I1441,3238.0,3244.0,green,1
J758,I4713,15364.0,15367.0,green,2
J758,I5001,16562.0,16569.0,green,1
J4381,I6168,21165.0,21171.0,green,2
J4381,I6359,21875.0,21882.0,brown,1
J4381,I7208,24871.0,24875.0,green,2
J2205,I4981,16470.0,16483.0,green,2
J2205,I6837,23608.0,23610.0,green,1
J2205,I7573,26018.0,26019.0,green,1
J2205,I7605,26104.0,26113.0,green,2
J3930,I3272,9507.0,9509.0,green,1
J3930,I3432,10097.0,10098.0,green,1
J3930,I3688,11052.0,11056.0,green,2
J3930,I6729,23161.0,23167.0,green,2
J516,I1278,2799.0,2800.0,brown,1
J516,I1293,2829.0,2830.0,red,1
J516,I1324,2926.0,2929.0,green,1
J516,I1421,3192.0,3196.0,red,1
J2900,I3501,10364.0,10367.0,green,1
J2900,I3533,10473.0,10474.0,green,1
J2900,I3725,11213.0,11216.0,brown,1
J2900,I4589,14859.0,14861.0,green,2
J2900,I5613,18965.0,18970.0,green,1
J2441,I2246,5829.0,5837.0,green,1
J2441,I4423,14152.0,14168.0,green,2
J2441,I4935,16268.0,16270.0,green,1
J1300,I2576,6944.0,6946.0,red,1
J1300,I2608,7045.0,7055.0,green,1
J1300,I2704,7401.0,7405.0,brown,2
J1300,I6017,20565.0,20573.0,green,2
J811,I551,1024.0,1025.0,red,1
J811,I775,1562.0,1566.0,red,1
J811,I7112,24599.0,24605.0,brown,3
J2789,I3907,12014.0,12016.0,green,1
J2789,I3970,12298.0,12303.0,red,1
J2789,I5379,18075.0,18090.0,green,1
J1616,I4124,12933.0,12948.0,green,5
J1616,I5388,18122.0,18131.0,green,1
J3308,I4462,14306.0,14311.0,green,2
J3308,I4813,15756.0,15766.0,brown,2
J3308,I4845,15910.0,15921.0,brown,1
J159,I382,681.0,682.0,red,1
J159,I447,814.0,815.0,green,1
J159,I479,882.0,885.0,green,1
J159,I511,950.0,952.0,red,1
J159,I671,1319.0,1326.0,green,1
J159,I703,1398.0,1401.0,green,1
J1391,I2273,5924.0,5925.0,green,1
J1391,I2433,6471.0,6482.0,green,1
J2240,I2626,7138.0,7143.0,green,2
J2240,I5189,17336.0,17339.0,green,1
J2240,I5298,17737.0,17746.0,green,1
J2240,I5404,18187.0,18193.0,green,1
J2873,I4737,15467.0,15468.0,green,1
J2873,I5057,16782.0,16786.0,brown,1
J1367,I2250,5845.0,5855.0,brown,6
J3582,I5861,19924.0,19936.0,green,2
J3582,I6085,20857.0,20861.0,green,1
J3582,I6565,22591.0,22601.0,green,1
J737,I10,13.0,15.0,green,1
J737,I233,394.0,395.0,green,1
J737,I4994,16529.0,16542.0,green,2
J737,I5026,16665.0,16669.0,green,1
J1834,I3885,11918.0,11923.0,brown,1
J1834,I4158,13118.0,13134.0,green,1
J2438,I1058,2255.0,2260.0,green,1
J2438,I4444,14239.0,14251.0,green,1
J2438,I4535,14632.0,14634.0,green,1
J4662,I2723,7453.0,7455.0,red,1
J4662,I8132,27606.0,27611.0,green,2
J3188,I5102,16964.0,16977.0,green,2
J3188,I5229,17456.0,17466.0,brown,4
J2062,I6904,23870.0,23877.0,brown,1
J3804,I457,832.0,834.0,red,1
J3804,I8234,27884.0,27887.0,green,2
J3804,I8330,28118.0,28130.0,green,2
J2861,I851,1740.0,1741.0,brown,1
J2861,I1651,3829.0,3832.0,brown,1
J2861,I2484,6636.0,6651.0,green,2
J2861,I5812,19758.0,19764.0,green,2
J733,I700,1395.0,1396.0,green,1
J733,I2653,7226.0,7241.0,green,3
J4954,I6887,23798.0,23807.0,brown,1
J4954,I6952,24034.0,24037.0,green,2
J4954,I8872,29359.0,29360.0,green,1
J4954,I8906,29432.0,29434.0,green,2
J2450,I3698,11099.0,11111.0,green,1
J2450,I3730,11237.0,11241.0,brown,2
J3509,I2752,7561.0,7563.0,green,1
J3509,I4257,13501.0,13514.0,green,2
J3509,I6208,21332.0,21340.0,brown,1
J4560,I4494,14458.0,14459.0,red,1
J4560,I7310,25249.0,25255.0,brown,1
J4560,I8399,28294.0,28296.0,green,2
J1769,I3507,10387.0,10393.0,green,3
J1769,I3508,10393.0,10395.0,green,1
J1769,I3572,10601.0,10603.0,brown,1
J1769,I3603,10703.0,10714.0,green,1
J2232,I2265,5905.0,5907.0,red,1
J2232,I2330,6113.0,6121.0,green,1
J1317,I3074,8717.0,8730.0,green,1
J1317,I3841,11721.0,11730.0,green,2
J1317,I4258,13514.0,13527.0,green,1
J1390,I2427,6454.0,6457.0,green,1
J1390,I2459,6560.0,6563.0,green,2
J1390,I2587,6983.0,6984.0,green,1
J1390,I2619,7110.0,7118.0,green,1
J1390,I4185,13237.0,13246.0,green,1
J4092,I1573,3563.0,3565.0,red,1
J4092,I6502,22376.0,22387.0,green,2
J3448,I5864,19941.0,19942.0,green,1
J3448,I5896,20107.0,20112.0,brown,1
J3448,I6024,20606.0,20607.0,green,1
J3448,I6056,20738.0,20740.0,green,1
J3448,I6810,23470.0,23487.0,green,1
J3448,I7352,25367.0,25368.0,green,1
J4265,I5212,17397.0,17401.0,brown,1
J4265,I5853,19881.0,19883.0,green,1
J4265,I6141,21061.0,21063.0,green,2
J4265,I6365,21894.0,21895.0,brown,1
J4265,I6525,22450.0,22453.0,green,1
J2384,I533,989.0,990.0,brown,1
J2384,I693,1380.0,1381.0,green,1
J2384,I1269,2782.0,2785.0,brown,1
J2384,I2870,7963.0,7966.0,green,2
J4551,I1927,4695.0,4696.0,red,1
J4551,I4840,15874.0,15884.0,green,1
J4551,I7192,24813.0,24819.0,green,2
J4551,I7400,25520.0,25523.0,green,1
J4551,I7528,25900.0,25902.0,green,1
J838,I547,1017.0,1019.0,red,1
J838,I4260,13529.0,13536.0,green,3
J838,I5812,19758.0,19764.0,green,2
J3451,I3634,10824.0,10825.0,green,1
J3451,I3667,10957.0,10963.0,red,1
J3451,I3698,11099.0,11111.0,green,1
J3451,I5139,17109.0,17113.0,green,2
J3451,I6266,21515.0,21526.0,green,1
J40,I9,12.0,13.0,green,1
J40,I19,25.0,26.0,green,1
J40,I29,44.0,45.0,green,1
J3874,I2380,6284.0,6285.0,red,1
J3874,I2412,6416.0,6417.0,red,1
J3874,I2540,6814.0,6815.0,red,1
J3874,I2892,8028.0,8039.0,red,1
J3874,I3757,11388.0,11393.0,green,1
J3874,I6381,21944.0,21951.0,green,1
J2323,I2751,7553.0,7561.0,green,1
J2323,I2910,8113.0,8114.0,brown,1
J2323,I2943,8199.0,8207.0,red,2
J2323,I3006,8455.0,8462.0,green,2
J173,I202,330.0,336.0,green,4
J173,I393,699.0,703.0,green,1
J173,I1805,4329.0,4330.0,green,1
J1268,I1365,3025.0,3027.0,red,2
J1268,I6358,21869.0,21875.0,brown,2
J1925,I4742,15482.0,15485.0,green,1
J1925,I5030,16683.0,16691.0,green,4
J4511,I6186,21269.0,21273.0,brown,1
J4511,I7435,25651.0,25658.0,green,1
J4511,I8139,27637.0,27639.0,green,2
J4577,I5779,19650.0,19654.0,green,1
J4577,I5811,19756.0,19758.0,green,2
J3500,I4218,13367.0,13368.0,green,1
J3500,I5178,17281.0,17294.0,brown,2
J3500,I5658,19173.0,19185.0,brown,1
J3500,I6747,23234.0,23239.0,green,1
J2726,I4611,14922.0,14924.0,green,2
J2726,I4643,15063.0,15070.0,green,2
J2726,I4835,15859.0,15860.0,green,1
J4695,I4294,13659.0,13663.0,brown,2
J3814,I3004,8453.0,8454.0,red,1
J3814,I7421,25591.0,25595.0,green,1
J3814,I8188,27776.0,27780.0,brown,4
J1461,I2143,5458.0,5463.0,green,2
J4982,I5165,17216.0,17218.0,brown,2
J4982,I8366,28217.0,28223.0,green,3
J4982,I8398,28293.0,28294.0,green,1
J4940,I8401,28298.0,28302.0,green,2
J4940,I8657,28905.0,28908.0,green,1
J4940,I9072,29741.0,29743.0,brown,1
J85,I248,417.0,418.0,green,1
J85,I313,540.0,543.0,green,2
J85,I4701,15316.0,15317.0,green,1
J85,I4733,15446.0,15457.0,green,2
J3200,I2271,5920.0,5923.0,red,1
J3200,I2304,6047.0,6051.0,green,1
J3200,I3840,11717.0,11721.0,green,1
J3200,I6208,21332.0,21340.0,brown,1
J1098,I2135,5430.0,5435.0,green,2
J1098,I2183,5620.0,5621.0,green,1
J1098,I2215,5735.0,5750.0,green,1
J1098,I2279,5946.0,5950.0,green,1
J4998,I7782,26623.0,26626.0,brown,1
J4998,I8103,27507.0,27513.0,green,1
J4998,I8231,27878.0,27881.0,green,1
J4998,I9219,29978.0,29980.0,green,1
J2728,I892,1843.0,1847.0,brown,2
J2728,I2460,6563.0,6567.0,green,1
J2728,I5524,18597.0,18603.0,brown,2
J2728,I6388,21967.0,21969.0,brown,1
J3735,I2826,7818.0,7821.0,brown,1
J3735,I3498,10348.0,10355.0,green,1
J2852,I4630,15011.0,15015.0,green,1
J2852,I4725,15407.0,15408.0,red,1
J2852,I4853,15949.0,15950.0,red,1
J2852,I4869,16000.0,16008.0,red,2
J783,I1678,3914.0,3918.0,green,1
J783,I1837,4425.0,4429.0,red,1
J783,I7374,25441.0,25442.0,brown,1
J227,I548,1019.0,1021.0,red,1
J227,I1668,3877.0,3882.0,brown,1
J227,I1828,4394.0,4399.0,red,1
J227,I5093,16915.0,16921.0,green,2
J227,I5381,18091.0,18099.0,green,1
J1798,I3704,11128.0,11131.0,green,1
J1798,I3736,11266.0,11268.0,green,1
J1798,I3737,11268.0,11277.0,green,1
J1798,I4056,12679.0,12690.0,brown,1
J646,I1559,3533.0,3537.0,red,1
J646,I1879,4551.0,4555.0,red,1
J646,I6936,23983.0,23986.0,brown,1
J646,I8648,28892.0,28895.0,brown,1
J646,I8696,29000.0,29001.0,brown,1
J4130,I2691,7353.0,7356.0,brown,1
J4130,I8739,29082.0,29083.0,brown,1
J2645,I4816,15768.0,15771.0,green,2
J2645,I4896,16138.0,16144.0,green,3
J752,I8648,28892.0,28895.0,brown,1
J752,I8824,29267.0,29271.0,brown,1
J1361,I2614,7089.0,7093.0,green,1
J1361,I2741,7525.0,7527.0,green,1
J1361,I3861,11817.0,11825.0,brown,1
J3272,I4615,14939.0,14940.0,green,1
J3272,I4616,14940.0,14942.0,green,2
J3272,I4648,15095.0,15101.0,green,2
J2216,I1617,3721.0,3723.0,brown,1
J2216,I6594,22711.0,22723.0,green,2
J2463,I1922,4675.0,4679.0,red,1
J2463,I1986,4896.0,4903.0,green,1
J2463,I2275,5930.0,5932.0,green,1
J2463,I6435,22115.0,22116.0,green,1
J2463,I7307,25234.0,25243.0,green,2
J3643,I5761,19589.0,19597.0,green,5
J3643,I5793,19702.0,19703.0,green,1
J3747,I4812,15749.0,15756.0,brown,5
J2918,I7172,24761.0,24765.0,green,1
J2918,I7699,26367.0,26372.0,brown,1
J2044,I3207,9284.0,9287.0,red,1
J2044,I4519,14539.0,14545.0,brown,1
J2044,I8232,27881.0,27883.0,green,2
J2044,I8360,28201.0,28206.0,green,1
J2044,I8680,28964.0,28967.0,green,1
J220,I2149,5481.0,5485.0,green,2
J220,I2980,8345.0,8354.0,green,1
J220,I2981,8354.0,8367.0,green,1
J220,I3076,8736.0,8742.0,brown,1
J4278,I6326,21752.0,21758.0,green,2
J4278,I6454,22213.0,22219.0,green,1
J4278,I8182,27761.0,27764.0,green,1
J4978,I6523,22440.0,22445.0,green,3
J4978,I8603,28770.0,28771.0,green,1
J4978,I8667,28929.0,28933.0,green,2
J2121,I2611,7079.0,7082.0,green,1
J2121,I2675,7307.0,7309.0,red,2
J2121,I4499,14478.0,14481.0,brown,1
J2121,I5076,16837.0,16839.0,green,1
J2565,I3175,9150.0,9152.0,brown,1
J2565,I3431,10094.0,10097.0,green,1
J2565,I4263,13548.0,13565.0,brown,3
J1998,I3518,10417.0,10429.0,green,1
J1998,I5583,18864.0,18866.0,green,2
J2757,I2347,6170.0,6172.0,brown,1
J2757,I3083,8751.0,8767.0,brown,4
J30,I340,588.0,589.0,brown,1
J30,I372,655.0,659.0,green,1
J30,I4949,16323.0,16330.0,green,2
J30,I5653,19160.0,19162.0,green,2
J2162,I3919,12088.0,12093.0,green,1
J2162,I4238,13448.0,13451.0,red,1
J4906,I4643,15063.0,15070.0,green,1
J4906,I8659,28909.0,28911.0,green,1
J4906,I9011,29624.0,29625.0,green,1
J987,I1939,4743.0,4748.0,red,4
J987,I2452,6539.0,6540.0,brown,1
J4586,I8095,27489.0,27491.0,green,1
J4586,I8415,28336.0,28339.0,green,1
J4586,I8895,29405.0,29410.0,green,1
J4586,I8983,29573.0,29574.0,green,1
J4586,I9191,29937.0,29938.0,green,1
J4586,I9199,29946.0,29947.0,green,1
J748,I1732,4105.0,4110.0,red,1
J748,I2117,5362.0,5369.0,green,1
J748,I3428,10069.0,10078.0,brown,1
J748,I4841,15884.0,15895.0,green,3
J2266,I1945,4761.0,4768.0,green,3
J2266,I1976,4872.0,4873.0,brown,1
J2266,I4669,15176.0,15180.0,green,2
J2322,I2194,5659.0,5667.0,green,1
J2322,I2419,6436.0,6443.0,green,3
J2322,I2610,7069.0,7079.0,green,1
J2322,I4018,12508.0,12516.0,brown,1
J1520,I1317,2898.0,2908.0,green,1
J1520,I6686,23032.0,23037.0,brown,2
J4800,I2575,6934.0,6944.0,red,2
J4800,I2639,7193.0,7194.0,green,1
J4800,I8047,27355.0,27356.0,brown,1
J4800,I8224,27858.0,27864.0,green,1
J4800,I8988,29583.0,29584.0,green,1
J1850,I1186,2566.0,2570.0,green,1
J1440,I867,1786.0,1787.0,green,1
J1440,I996,2082.0,2085.0,red,1
J1440,I3620,10771.0,10775.0,green,1
J425,I1212,2626.0,2627.0,green,1
J425,I1404,3132.0,3133.0,red,1
J4188,I5971,20382.0,20387.0,green,2
J4188,I6994,24207.0,24217.0,brown,2
J2623,I5279,17651.0,17653.0,brown,1
J2623,I8064,27400.0,27404.0,green,3
J2623,I8676,28959.0,28960.0,green,1
J3455,I5331,17880.0,17883.0,green,3
J3455,I5363,18005.0,18006.0,green,1
J66,I466,854.0,859.0,red,1
J66,I850,1736.0,1740.0,brown,1
J66,I3922,12098.0,12116.0,green,1
J66,I5443,18345.0,18347.0,green,1
J2709,I3039,8563.0,8578.0,green,6
J1370,I498,921.0,924.0,brown,1
J1370,I978,2054.0,2055.0,red,1
J4743,I278,480.0,481.0,red,1
J4743,I406,738.0,739.0,red,1
J4743,I1686,3943.0,3947.0,green,1
J4743,I4023,12538.0,12542.0,green,1
J4743,I7991,27204.0,27207.0,green,1
J4743,I8439,28397.0,28398.0,green,1
J2065,I2643,7208.0,7209.0,green,1
J2065,I2772,7620.0,7622.0,red,1
J2065,I4516,14526.0,14537.0,brown,1
J2767,I3698,11099.0,11111.0,green,2
J2767,I3761,11406.0,11410.0,green,1
J2767,I4393,14026.0,14039.0,brown,2
J2767,I5233,17482.0,17493.0,brown,1
J4733,I7062,24444.0,24448.0,green,1
J4733,I7223,24944.0,24959.0,green,2
J4733,I7959,27119.0,27127.0,green,2
J4733,I9015,29628.0,29633.0,green,1
J2877,I128,192.0,194.0,green,2
J2877,I160,251.0,254.0,green,1
J2877,I737,1477.0,1480.0,red,1
J2877,I1250,2738.0,2745.0,green,1
J3525,I990,2074.0,2075.0,red,1
J3525,I4703,15325.0,15329.0,green,1
J3525,I6591,22701.0,22705.0,green,1
J3525,I7934,27064.0,27065.0,brown,1
J3525,I7955,27113.0,27115.0,green,2
J1488,I2301,6037.0,6041.0,brown,2
J294,I281,484.0,485.0,red,1
J294,I313,540.0,543.0,green,1
J294,I5370,18016.0,18019.0,green,1
J294,I5658,19173.0,19185.0,brown,2
J294,I5818,19778.0,19780.0,green,1
J992,I2357,6206.0,6207.0,green,1
J992,I3318,9672.0,9676.0,brown,2
J992,I5038,16717.0,16726.0,green,1
J992,I5082,16858.0,16865.0,green,2
J3163,I4019,12516.0,12520.0,green,1
J3163,I4947,16306.0,16313.0,green,1
J4910,I6940,23990.0,23991.0,brown,1
J4910,I6973,24133.0,24134.0,green,1
J4910,I7037,24351.0,24354.0,brown,1
J4910,I7389,25477.0,25482.0,green,2
J2174,I1573,3563.0,3565.0,red,1
J2174,I1669,3882.0,3885.0,brown,1
J2174,I1701,4000.0,4010.0,brown,4
J3121,I3812,11601.0,11603.0,green,1
J3121,I4580,14820.0,14825.0,brown,1
J3033,I3904,11990.0,12003.0,green,1
J3033,I4161,13142.0,13144.0,green,1
J3033,I4257,13501.0,13514.0,green,2
J4921,I5450,18366.0,18369.0,green,1
J4921,I5866,19948.0,19959.0,green,1
J4921,I6185,21263.0,21269.0,brown,4
J3562,I4719,15384.0,15387.0,green,1
J3562,I6574,22626.0,22628.0,brown,1
J3562,I7218,24920.0,24925.0,green,3
J3562,I7231,24976.0,24978.0,green,1
J3609,I2312,6069.0,6071.0,red,2
J3609,I4329,13763.0,13773.0,green,1
J3609,I5449,18364.0,18366.0,green,2
J3609,I6473,22275.0,22278.0,brown,1
J522,I1421,3192.0,3196.0,red,1
J522,I1582,3597.0,3598.0,green,1
J522,I1774,4236.0,4237.0,green,1
J522,I1998,4932.0,4936.0,green,2
J522,I3530,10457.0,10458.0,green,1
J469,I1237,2701.0,2702.0,red,1
J469,I3030,8538.0,8545.0,green,2
J469,I3797,11528.0,11531.0,green,2
J469,I3798,11531.0,11537.0,green,1
J938,I5133,17095.0,17099.0,brown,3
J938,I8348,28160.0,28165.0,green,2
J938,I8350,28167.0,28171.0,green,1
J4181,I3650,10896.0,10899.0,red,1
J4181,I3779,11474.0,11482.0,green,1
J4181,I4514,14514.0,14520.0,brown,3
J470,I684,1360.0,1361.0,green,1
J470,I813,1642.0,1647.0,green,2
J470,I1741,4131.0,4135.0,green,1
J1697,I3131,8954.0,8963.0,green,1
J1697,I7216,24911.0,24918.0,green,2
J271,I635,1214.0,1217.0,red,1
J271,I8604,28771.0,28773.0,brown,1
J271,I8764,29131.0,29134.0,brown,1
J271,I8836,29292.0,29294.0,brown,2
J271,I8838,29295.0,29296.0,brown,1
J1620,I7763,26550.0,26558.0,green,5
J302,I562,1061.0,1062.0,green,1
J302,I690,1372.0,1376.0,green,2
J461,I395,707.0,716.0,green,5
J4723,I1706,4025.0,4036.0,green,1
J4723,I6634,22876.0,22878.0,brown,1
J4723,I8163,27713.0,27720.0,green,3
J1536,I1678,3914.0,3918.0,green,1
J1536,I1869,4521.0,4525.0,brown,4
J1536,I3919,12088.0,12093.0,green,1
J1259,I2085,5267.0,5268.0,green,1
J1259,I3270,9493.0,9505.0,green,1
J1259,I4550,14691.0,14694.0,green,2
J1259,I5758,19576.0,19579.0,green,1
J519,I404,732.0,735.0,red,1
J519,I916,1888.0,1898.0,brown,1
J519,I1173,2527.0,2533.0,green,1
J519,I5397,18162.0,18166.0,green,1
J3375,I1913,4653.0,4654.0,red,1
J3375,I2073,5229.0,5235.0,red,1
J3375,I5082,16858.0,16865.0,green,1
J3375,I7097,24551.0,24552.0,brown,1
J1,I1,1.0,2.0,green,1
J1,I15,21.0,22.0,green,1
J1,I25,40.0,41.0,green,1
J1,I26,41.0,42.0,green,1
J1,I36,52.0,53.0,green,1
J1,I933,1932.0,1936.0,red,1
J4410,I5808,19745.0,19749.0,brown,2
J4410,I5809,19749.0,19750.0,green,1
J4410,I5937,20252.0,20253.0,green,1
J4410,I7569,26010.0,26013.0,green,1
J4410,I7633,26183.0,26187.0,green,1
J864,I1985,4895.0,4896.0,green,1
J864,I3617,10756.0,10764.0,brown,1
J864,I3760,11396.0,11406.0,green,1
J864,I3841,11721.0,11730.0,green,1
J1137,I1352,2993.0,2994.0,brown,1
J1137,I1576,3570.0,3581.0,brown,1
J4786,I5015,16626.0,16627.0,brown,1
J4786,I5047,16753.0,16755.0,brown,1
J4786,I5175,17277.0,17279.0,brown,2
J4786,I5368,18013.0,18015.0,green,1
J4786,I7255,25047.0,25050.0,brown,1
J4136,I5567,18797.0,18799.0,brown,1
J4136,I5631,19071.0,19073.0,brown,1
J4136,I5887,20063.0,20067.0,brown,1
J3671,I2652,7225.0,7226.0,green,1
J3671,I4637,15034.0,15049.0,green,2
J2999,I2038,5097.0,5098.0,green,1
J2999,I2039,5098.0,5106.0,green,2
J2999,I2166,5554.0,5556.0,green,1
J2999,I5079,16842.0,16853.0,green,2
J4521,I3509,10395.0,10396.0,green,1
J4521,I6806,23446.0,23460.0,green,4
J44,I262,441.0,445.0,green,2
J44,I326,563.0,566.0,green,1
J44,I966,2018.0,2027.0,brown,1
J44,I1030,2169.0,2174.0,green,1
J44,I2982,8367.0,8389.0,green,1
J4973,I9112,29806.0,29808.0,brown,2
J4973,I9129,29840.0,29842.0,green,1
J2738,I2846,7880.0,7883.0,green,1
J2738,I2847,7883.0,7889.0,green,2
J2738,I4510,14504.0,14511.0,brown,3
J4472,I3233,9360.0,9363.0,green,1
J4472,I3265,9478.0,9479.0,green,1
J4472,I3329,9710.0,9714.0,green,1
J4472,I4002,12429.0,12436.0,green,1
J4472,I4258,13514.0,13527.0,green,1
J2246,I2140,5448.0,5452.0,green,2
J2805,I1504,3394.0,3398.0,green,1
J2805,I2048,5141.0,5153.0,green,1
J3803,I916,1888.0,1898.0,brown,4
J3803,I5709,19347.0,19351.0,green,2
J4759,I7697,26364.0,26366.0,brown,2
J4759,I7762,26548.0,26550.0,green,1
J4759,I8049,27358.0,27359.0,brown,1
J216,I626,1198.0,1199.0,green,1
J216,I659,1273.0,1278.0,green,2
J2369,I3341,9753.0,9758.0,green,1
J2369,I3629,10804.0,10806.0,green,2
J2369,I3885,11918.0,11923.0,brown,2
J2369,I3949,12215.0,12220.0,green,1
J2386,I3896,11952.0,11958.0,green,1
J2386,I4025,12544.0,12557.0,green,1
J2386,I7848,26812.0,26814.0,brown,1
J2386,I8472,28460.0,28462.0,brown,2
J2296,I3287,9559.0,9562.0,green,1
J2296,I3895,11944.0,11952.0,green,2
J1115,I3858,11800.0,11804.0,brown,1
J1115,I4051,12648.0,12669.0,green,3
J3043,I1653,3835.0,3839.0,brown,1
J3043,I1844,4453.0,4454.0,red,1
J3043,I1876,4539.0,4548.0,red,1
J3043,I7937,27069.0,27070.0,brown,1
J3694,I5585,18869.0,18876.0,green,2
J3694,I6960,24077.0,24085.0,brown,2
J3694,I7761,26537.0,26548.0,green,1
J3694,I7984,27178.0,27179.0,brown,1
J1684,I2633,7166.0,7170.0,green,2
J1684,I2664,7266.0,7268.0,green,1
J146,I405,735.0,738.0,red,1
J146,I501,928.0,930.0,brown,1
J3171,I7425,25603.0,25611.0,green,1
J3171,I7809,26696.0,26706.0,green,4
J3171,I8033,27318.0,27319.0,green,1
J3155,I2537,6805.0,6809.0,red,1
J3155,I6954,24042.0,24049.0,green,2
J3155,I7394,25491.0,25497.0,green,1
J4396,I6358,21869.0,21875.0,brown,3
J4396,I7447,25689.0,25692.0,green,1
J4396,I9127,29835.0,29837.0,green,1
J4396,I9159,29884.0,29885.0,green,1
J4444,I7531,25909.0,25910.0,green,1
J4444,I7563,25998.0,26001.0,brown,1
J4444,I7691,26344.0,26348.0,brown,1
J4444,I7723,26414.0,26421.0,green,2
J4444,I8043,27349.0,27350.0,brown,1
J301,I2157,5508.0,5523.0,green,1
J301,I5678,19245.0,19249.0,green,2
J301,I6750,23241.0,23245.0,green,3
J4074,I5374,18045.0,18063.0,green,4
J4074,I7614,26134.0,26138.0,green,1
J1733,I692,1377.0,1380.0,green,1
J1733,I2293,6002.0,6013.0,green,2
J1733,I2484,6636.0,6651.0,green,3
J931,I3229,9350.0,9356.0,green,1
J931,I3868,11842.0,11847.0,brown,1
J931,I4541,14647.0,14658.0,green,2
J931,I4573,14794.0,14803.0,green,1
J999,I1453,3277.0,3278.0,red,1
J999,I5229,17456.0,17466.0,brown,3
J999,I7886,26948.0,26950.0,green,2
J1368,I4924,16239.0,16245.0,green,4
J4987,I8191,27782.0,27784.0,brown,1
J4987,I8639,28863.0,28872.0,brown,1
J4987,I9184,29925.0,29927.0,green,1
J4987,I9216,29972.0,29975.0,green,1
J3673,I5750,19545.0,19548.0,brown,2
J3673,I5815,19773.0,19776.0,green,2
J3763,I1501,3388.0,3389.0,red,1
J3763,I3134,8967.0,8976.0,green,1
J2298,I3488,10322.0,10323.0,brown,1
J2298,I4257,13501.0,13514.0,green,4
J4782,I4784,15650.0,15656.0,brown,4
J4782,I7601,26084.0,26086.0,green,1
J4782,I7633,26183.0,26187.0,green,1
J4729,I8086,27467.0,27469.0,green,1
J4729,I8494,28516.0,28519.0,green,1
J4729,I8629,28841.0,28848.0,brown,1
J4729,I8998,29600.0,29601.0,green,1
J4729,I9142,29860.0,29861.0,green,1
J4729,I9158,29883.0,29884.0,green,1
J2036,I2949,8231.0,8235.0,green,1
J2036,I4166,13157.0,13166.0,green,1
J4672,I8248,27931.0,27932.0,green,1
J4672,I8345,28156.0,28157.0,green,1
J4672,I8673,28942.0,28953.0,green,1
J906,I1812,4351.0,4359.0,green,1
J906,I4741,15477.0,15482.0,green,1
J906,I4889,16086.0,16091.0,green,1
J768,I2625,7137.0,7138.0,green,1
J768,I4834,15853.0,15859.0,green,1
J779,I1513,3419.0,3420.0,green,1
J779,I1641,3793.0,3797.0,brown,2
J779,I1833,4410.0,4414.0,green,2
J2898,I6167,21155.0,21165.0,green,2
J2898,I6699,23065.0,23073.0,green,4
J4158,I3773,11451.0,11452.0,red,1
J4158,I3965,12267.0,12279.0,red,1
J4158,I4509,14502.0,14504.0,brown,2
J4158,I8156,27689.0,27691.0,green,1
J4158,I8199,27798.0,27802.0,brown,1
J4523,I4426,14175.0,14181.0,green,5
J2407,I3670,10969.0,10973.0,red,2
J2407,I8105,27515.0,27523.0,green,3
J1463,I3745,11330.0,11343.0,green,1
J1463,I4353,13881.0,13886.0,green,2
J1463,I5025,16664.0,16665.0,green,1
J846,I1303,2865.0,2868.0,red,1
J846,I6616,22802.0,22806.0,green,3
J846,I7911,27000.0,27006.0,brown,1
J846,I8088,27472.0,27475.0,green,1
J1141,I2512,6731.0,6737.0,green,1
J1141,I2543,6821.0,6822.0,red,1
J1141,I2640,7194.0,7202.0,green,1
J1141,I2671,7283.0,7295.0,red,1
J1141,I6960,24077.0,24085.0,brown,1
J3956,I930,1924.0,1925.0,red,1
J3956,I1282,2803.0,2804.0,green,1
J3956,I5922,20185.0,20199.0,brown,1
J3956,I6949,24015.0,24020.0,green,3
J2120,I5707,19338.0,19345.0,green,2
J2120,I5935,20230.0,20234.0,green,1
J839,I220,369.0,372.0,red,2
J839,I892,1843.0,1847.0,brown,1
J839,I4925,16245.0,16253.0,green,3
J3779,I5651,19152.0,19153.0,green,1
J3779,I6723,23127.0,23139.0,green,2
J3831,I1720,4077.0,4078.0,red,1
J3831,I6889,23812.0,23822.0,brown,2
J2792,I3903,11986.0,11990.0,green,1
J2792,I4384,14004.0,14009.0,green,4
J2792,I6592,22705.0,22710.0,green,1
J4651,I7611,26124.0,26127.0,green,1
J4651,I8875,29368.0,29373.0,green,2
J3579,I5544,18671.0,18696.0,green,1
J3579,I6887,23798.0,23807.0,brown,1
J3579,I9128,29837.0,29840.0,green,2
J165,I635,1214.0,1217.0,red,2
J165,I763,1533.0,1538.0,red,1
J165,I6436,22116.0,22124.0,green,3
J1008,I480,885.0,886.0,green,1
J1008,I512,952.0,954.0,brown,1
J1008,I641,1231.0,1235.0,green,2
J1008,I1665,3870.0,3874.0,brown,1
J437,I573,1083.0,1084.0,green,1
J437,I1117,2393.0,2397.0,green,1
J437,I3057,8642.0,8653.0,green,1
J437,I3237,9372.0,9374.0,green,1
J209,I481,886.0,888.0,green,1
J209,I482,888.0,893.0,green,1
J209,I513,954.0,955.0,brown,1
J1006,I275,472.0,475.0,green,2
J1006,I1780,4253.0,4257.0,green,1
J4634,I2365,6236.0,6238.0,red,2
J4634,I2397,6369.0,6372.0,red,1
J1146,I8331,28130.0,28132.0,green,1
J1146,I8459,28433.0,28435.0,green,2
J1146,I8491,28505.0,28511.0,green,1
J1146,I8907,29434.0,29437.0,green,2
J2498,I3800,11542.0,11546.0,green,1
J2498,I3801,11546.0,11549.0,green,2
J2498,I4057,12690.0,12698.0,brown,1
J2498,I4088,12810.0,12813.0,red,1
J2498,I4360,13915.0,13925.0,red,1
J4099,I3835,11696.0,11698.0,brown,1
J4099,I3995,12388.0,12389.0,red,1
J4099,I4028,12576.0,12586.0,green,2
J4099,I4059,12703.0,12719.0,brown,1
J1017,I6830,23585.0,23589.0,green,1
J1017,I7693,26349.0,26357.0,brown,1
J1017,I8158,27695.0,27697.0,green,2
J1017,I8238,27891.0,27900.0,green,2
J2555,I3964,12264.0,12267.0,green,2
J2555,I4668,15173.0,15176.0,green,1
J4343,I6281,21558.0,21569.0,green,2
J4343,I6377,21937.0,21939.0,green,1
J4343,I6697,23055.0,23064.0,green,1
J4343,I7560,25992.0,25994.0,brown,1
J4343,I8521,28572.0,28573.0,green,1
J210,I206,339.0,340.0,green,1
J210,I3246,9400.0,9402.0,brown,1
J2810,I3613,10739.0,10743.0,green,1
J2810,I3708,11143.0,11149.0,green,1
J2810,I5597,18910.0,18913.0,green,1
J4938,I4601,14894.0,14895.0,brown,1
J4938,I4857,15965.0,15971.0,brown,2
J4938,I6810,23470.0,23487.0,green,1
J4938,I7321,25281.0,25289.0,brown,1
J4938,I8697,29001.0,29007.0,brown,1
J2587,I4120,12907.0,12913.0,green,3
J3907,I4269,13577.0,13578.0,green,1
J3907,I4845,15910.0,15921.0,brown,1
J3907,I7406,25539.0,25544.0,green,1
J1866,I2143,5458.0,5463.0,green,1
J1866,I2239,5815.0,5817.0,red,2
J2052,I2645,7211.0,7212.0,green,1
J2052,I2807,7743.0,7750.0,green,1
J2052,I5622,19017.0,19034.0,green,1
J4992,I6320,21728.0,21732.0,green,1
J4992,I7633,26183.0,26187.0,green,1
J4992,I8337,28143.0,28144.0,green,1
J4992,I9137,29851.0,29853.0,green,1
J606,I482,888.0,893.0,green,1
J606,I1346,2970.0,2973.0,green,1
J606,I1347,2973.0,2974.0,green,1
J606,I1507,3400.0,3403.0,green,1
J606,I3811,11595.0,11601.0,green,1
J606,I5091,16902.0,16910.0,green,1
J975,I162,258.0,259.0,green,1
J975,I194,313.0,315.0,green,1
J975,I258,432.0,433.0,green,1
J975,I324,561.0,562.0,red,1
J975,I420,766.0,767.0,red,1
J975,I5635,19088.0,19105.0,green,1
J3506,I1547,3501.0,3502.0,red,1
J3506,I1931,4710.0,4716.0,red,2
J3506,I4844,15903.0,15910.0,green,1
J3506,I8245,27921.0,27925.0,green,1
J488,I6317,21699.0,21714.0,green,4
J488,I8141,27642.0,27648.0,green,1
J488,I8844,29306.0,29308.0,brown,1
J968,I3503,10369.0,10381.0,green,3
J968,I3727,11219.0,11228.0,brown,2
J2651,I3738,11277.0,11289.0,green,1
J2651,I4379,13978.0,13987.0,green,2
J1037,I2021,5036.0,5041.0,green,2
J1037,I2086,5268.0,5271.0,green,2
J1037,I2118,5369.0,5371.0,green,1
J1037,I2247,5837.0,5839.0,green,1
J1874,I2092,5297.0,5298.0,green,1
J816,I1033,2184.0,2186.0,green,1
J816,I1610,3691.0,3702.0,brown,1
J816,I4730,15425.0,15436.0,green,1
J816,I4962,16387.0,16407.0,green,1
J4272,I1813,4359.0,4364.0,red,1
J4272,I1877,4548.0,4549.0,red,1
J4272,I1973,4863.0,4867.0,red,1
J4272,I7269,25091.0,25092.0,brown,1
J4928,I2593,7000.0,7005.0,green,1
J4928,I7361,25394.0,25404.0,brown,1
J4928,I8162,27708.0,27713.0,green,3
J4928,I9148,29869.0,29871.0,green,1
J3129,I3646,10863.0,10872.0,red,1
J3129,I3807,11580.0,11589.0,green,1
J3129,I6281,21558.0,21569.0,green,2
J3129,I6405,22014.0,22016.0,green,2
J2229,I1423,3198.0,3199.0,red,1
J2229,I1455,3296.0,3301.0,red,1
J2229,I1871,4526.0,4529.0,brown,1
J2229,I6428,22097.0,22104.0,green,1
J315,I622,1186.0,1188.0,red,2
J315,I4188,13249.0,13269.0,green,4
J1328,I2742,7527.0,7531.0,green,2
J1328,I2805,7736.0,7737.0,green,1
J1328,I3190,9210.0,9219.0,green,1
J907,I1650,3820.0,3829.0,brown,3
J907,I8883,29386.0,29387.0,green,1
J2686,I4133,12985.0,12995.0,green,4
J79,I561,1056.0,1061.0,green,3
J79,I1330,2938.0,2939.0,green,1
J79,I1394,3105.0,3107.0,brown,2
J1571,I2784,7662.0,7664.0,red,1
J1571,I3745,11330.0,11343.0,green,2
J3324,I7980,27167.0,27170.0,brown,2
J3324,I8557,28668.0,28671.0,green,1
J3324,I8628,28834.0,28841.0,brown,1
J1803,I2926,8151.0,8162.0,green,1
J1803,I2957,8266.0,8267.0,green,1
J1803,I5362,17999.0,18005.0,green,1
J1333,I1760,4188.0,4203.0,brown,1
J1333,I1920,4672.0,4674.0,red,1
J1333,I2368,6242.0,6250.0,red,2
J1333,I8585,28732.0,28733.0,green,1
J1333,I8627,28833.0,28834.0,brown,1
J686,I818,1651.0,1652.0,green,1
J686,I2215,5735.0,5750.0,green,3
J686,I2834,7835.0,7839.0,green,2
J3201,I117,174.0,177.0,brown,3
J3201,I5446,18353.0,18357.0,green,1
J3201,I5758,19576.0,19579.0,green,2
J49,I5227,17446.0,17453.0,brown,2
J49,I7915,27011.0,27013.0,brown,1
J49,I8108,27525.0,27528.0,green,1
J49,I8715,29033.0,29036.0,brown,1
J49,I8884,29387.0,29389.0,green,1
J1677,I2164,5545.0,5547.0,green,1
J1677,I2196,5677.0,5683.0,green,1
J1677,I2324,6099.0,6101.0,green,1
J1677,I5268,17617.0,17624.0,brown,1
J1677,I6453,22202.0,22213.0,green,1
J1677,I6805,23441.0,23446.0,green,1
J4869,I5933,20223.0,20229.0,green,4
J4869,I8797,29210.0,29211.0,green,1
J1239,I6608,22769.0,22781.0,green,3
J1239,I6720,23123.0,23124.0,green,1
J3417,I5567,18797.0,18799.0,brown,1
J308,I271,462.0,466.0,green,1
J308,I335,574.0,577.0,brown,1
J308,I1232,2682.0,2687.0,green,1
J308,I2032,5071.0,5080.0,green,2
J104,I632,1207.0,1209.0,brown,1
J104,I1783,4259.0,4264.0,green,1
J231,I1157,2497.0,2502.0,red,1
J231,I3686,11043.0,11050.0,green,2
J231,I3782,11490.0,11491.0,green,1
J231,I5622,19017.0,19034.0,green,2
J1078,I7171,24758.0,24761.0,green,1
J1078,I7219,24925.0,24938.0,green,1
J1078,I7395,25497.0,25504.0,green,1
J2260,I3528,10452.0,10453.0,green,1
J2260,I3560,10575.0,10576.0,brown,1
J2260,I3656,10912.0,10918.0,brown,2
J2260,I6761,23276.0,23278.0,green,2
J208,I494,914.0,918.0,brown,1
J208,I590,1121.0,1124.0,green,1
J208,I1103,2359.0,2363.0,green,1
J208,I1231,2672.0,2682.0,green,3
J2610,I2287,5974.0,5985.0,green,2
J3012,I3934,12145.0,12162.0,green,1
J3012,I6079,20829.0,20835.0,green,2
J4701,I7478,25772.0,25775.0,brown,2
J4701,I7862,26863.0,26867.0,brown,1
J4721,I5114,17016.0,17025.0,brown,1
J4721,I8747,29099.0,29100.0,green,1
J4721,I8763,29126.0,29131.0,brown,1
J258,I2497,6682.0,6684.0,green,1
J258,I4769,15589.0,15598.0,green,4
J3025,I5023,16660.0,16662.0,green,2
J704,I2029,5060.0,5062.0,green,2
J704,I4526,14583.0,14595.0,green,1
J704,I5822,19793.0,19800.0,green,1
J1952,I3618,10764.0,10768.0,brown,1
J1952,I5635,19088.0,19105.0,green,1
J1952,I6309,21669.0,21671.0,green,2
J1952,I6565,22591.0,22601.0,green,1
J2740,I3875,11863.0,11867.0,brown,3
J2740,I5604,18935.0,18940.0,green,3
J4378,I7756,26523.0,26526.0,brown,1
J4860,I2909,8104.0,8113.0,brown,2
J4860,I6334,21775.0,21786.0,green,1
J4860,I8670,28937.0,28939.0,green,1
J1385,I2994,8416.0,8417.0,red,1
J1385,I3026,8522.0,8527.0,red,2
J1385,I3058,8653.0,8656.0,green,1
J1385,I3698,11099.0,11111.0,green,1
J1385,I6914,23912.0,23913.0,brown,1
J4623,I5738,19500.0,19501.0,brown,1
J4623,I5898,20113.0,20120.0,brown,2
J4623,I6603,22756.0,22760.0,green,2
J4623,I6763,23283.0,23284.0,green,1
J3168,I3404,9994.0,9996.0,green,1
J3168,I3692,11077.0,11080.0,green,2
J3168,I5100,16942.0,16950.0,green,1
J1384,I2154,5498.0,5502.0,green,2
J1384,I2155,5502.0,5505.0,green,1
J1384,I2283,5955.0,5961.0,green,1
J4013,I2316,6081.0,6082.0,red,1
J4013,I2892,8028.0,8039.0,red,3
J4098,I456,830.0,832.0,red,1
J4098,I8713,29029.0,29030.0,brown,1
J4098,I9037,29673.0,29675.0,brown,1
J2700,I4720,15387.0,15388.0,green,1
J2700,I4816,15768.0,15771.0,green,1
J2700,I4944,16294.0,16296.0,green,2
J1869,I364,638.0,643.0,green,2
J1869,I3916,12073.0,12084.0,green,1
J1706,I3054,8633.0,8640.0,green,3
J1706,I3085,8769.0,8771.0,brown,1
J3817,I4154,13105.0,13110.0,green,3
J2915,I4198,13297.0,13299.0,brown,2
J2915,I4423,14152.0,14168.0,green,2
J2915,I6118,20984.0,20987.0,brown,2
J2483,I1822,4379.0,4384.0,red,1
J2483,I2014,5001.0,5008.0,green,1
J2483,I4767,15583.0,15587.0,green,2
J2483,I5867,19959.0,19968.0,green,2
J4995,I8238,27891.0,27900.0,green,1
J4995,I8525,28578.0,28582.0,brown,4
J1253,I1279,2800.0,2801.0,brown,1
J1253,I1375,3055.0,3057.0,brown,1
J54,I200,327.0,329.0,green,1
J54,I360,626.0,631.0,green,1
J54,I2088,5282.0,5288.0,green,1
J54,I5032,16695.0,16697.0,green,1
J54,I5320,17849.0,17853.0,green,1
J3275,I1430,3213.0,3218.0,red,1
J3275,I4711,15347.0,15359.0,green,3
J184,I421,767.0,770.0,red,1
J184,I1350,2988.0,2991.0,green,1
J184,I2213,5733.0,5734.0,green,1
J184,I5330,17877.0,17880.0,green,1
J184,I5334,17891.0,17893.0,green,2
J3829,I5200,17361.0,17364.0,green,3
J3829,I5232,17478.0,17482.0,brown,1
J3829,I7184,24798.0,24801.0,green,1
J2721,I3515,10411.0,10414.0,green,2
J2721,I3547,10516.0,10529.0,red,1
J2721,I5580,18845.0,18851.0,green,1
J2721,I5659,19185.0,19191.0,brown,2
J1416,I1249,2737.0,2738.0,green,1
J1416,I1473,3332.0,3334.0,brown,1
J1416,I1730,4100.0,4101.0,red,1
J1416,I1986,4896.0,4903.0,green,3
J4307,I4457,14287.0,14290.0,green,1
J4307,I4488,14432.0,14435.0,brown,3
J4307,I6120,20989.0,20992.0,brown,1
J4594,I6760,23275.0,23276.0,green,1
J4594,I7624,26164.0,26165.0,green,1
J4594,I8041,27341.0,27345.0,brown,1
J4594,I8328,28115.0,28117.0,green,1
J4594,I8817,29253.0,29256.0,brown,1
J4594,I8825,29271.0,29272.0,brown,1
J2573,I4538,14639.0,14640.0,green,1
J2573,I4539,14640.0,14644.0,green,2
J2573,I4634,15021.0,15028.0,green,2
J2573,I5407,18202.0,18203.0,green,1
J240,I692,1377.0,1380.0,green,2
J240,I788,1593.0,1595.0,brown,1
J240,I852,1741.0,1744.0,brown,2
J908,I803,1623.0,1626.0,brown,1
J908,I931,1925.0,1930.0,red,1
J908,I1348,2974.0,2987.0,green,1
J908,I2220,5765.0,5771.0,green,2
J4175,I4221,13377.0,13386.0,green,4
J4175,I8109,27528.0,27534.0,green,2
J544,I710,1418.0,1419.0,red,1
J544,I7078,24482.0,24483.0,brown,1
J544,I7270,25092.0,25095.0,brown,1
J3187,I4585,14843.0,14845.0,green,1
J3187,I4586,14845.0,14848.0,green,1
J3187,I4842,15895.0,15897.0,green,1
J3187,I6154,21111.0,21113.0,green,1
J3880,I5217,17415.0,17416.0,green,1
J3880,I5602,18932.0,18934.0,green,1
J3880,I5858,19912.0,19917.0,green,1
J3880,I7622,26155.0,26160.0,green,2
J3880,I7926,27036.0,27037.0,green,1
J3892,I1052,2233.0,2238.0,green,1
J3892,I3292,9577.0,9585.0,green,2
J3892,I6492,22332.0,22333.0,brown,1
J3414,I4843,15897.0,15903.0,green,1
J3414,I4907,16180.0,16193.0,green,5
J4682,I5875,20005.0,20010.0,green,4
J4682,I5939,20257.0,20264.0,green,1
J4682,I6163,21139.0,21144.0,green,1
J702,I133,199.0,202.0,green,1
J702,I229,389.0,391.0,green,2
J702,I357,622.0,624.0,green,1
J702,I1445,3250.0,3259.0,green,1
J4052,I6610,22784.0,22786.0,green,1
J4052,I6738,23196.0,23198.0,brown,2
J4052,I6739,23198.0,23200.0,green,2
J4052,I7123,24629.0,24630.0,green,1
J1509,I1059,2260.0,2261.0,green,1
J1509,I1732,4105.0,4110.0,red,1
J1509,I2916,8127.0,8132.0,green,1
J1509,I4772,15609.0,15617.0,green,2
J1509,I6084,20854.0,20857.0,green,1
J3271,I5632,19073.0,19083.0,green,1
J4753,I3693,11080.0,11082.0,green,1
J4753,I3756,11376.0,11388.0,red,2
J2305,I4312,13698.0,13703.0,brown,3
J2305,I4345,13831.0,13832.0,green,1
J2305,I4633,15017.0,15021.0,green,2
J4067,I1119,2409.0,2411.0,red,1
J4067,I1439,3234.0,3236.0,green,1
J4067,I6564,22580.0,22591.0,green,4
J3646,I3902,11982.0,11986.0,green,2
J3646,I6174,21198.0,21206.0,green,1
J2115,I2672,7295.0,7300.0,red,1
J2115,I2704,7401.0,7405.0,brown,1
J2115,I3824,11655.0,11657.0,green,1
J2115,I8569,28703.0,28705.0,green,1
J2115,I8624,28819.0,28826.0,brown,1
J2115,I8688,28981.0,28988.0,brown,1
J4482,I419,762.0,766.0,red,2
J4482,I6404,22012.0,22014.0,green,1
J4482,I6915,23913.0,23921.0,brown,1
J4482,I8259,27959.0,27960.0,brown,1
J1649,I1373,3047.0,3054.0,brown,1
J3927,I7282,25151.0,25157.0,brown,1
J3927,I7443,25678.0,25683.0,green,3
J3925,I3135,8976.0,8982.0,brown,2
J3925,I5600,18926.0,18931.0,green,1
J3925,I8128,27594.0,27598.0,green,1
J3925,I8224,27858.0,27864.0,green,1
J3925,I8639,28863.0,28872.0,brown,1
J1548,I2278,5939.0,5946.0,green,1
J1548,I2309,6063.0,6066.0,green,1
J1548,I2341,6146.0,6147.0,brown,1
J1548,I2630,7153.0,7155.0,green,1
J729,I143,218.0,219.0,green,1
J729,I592,1127.0,1132.0,green,1
J729,I2896,8055.0,8059.0,brown,4
J1243,I2190,5642.0,5654.0,green,1
J1243,I2317,6082.0,6085.0,red,3
J1243,I2349,6177.0,6187.0,brown,1
J1243,I3405,9996.0,9999.0,green,1
J456,I803,1623.0,1626.0,brown,1
J456,I1348,2974.0,2987.0,green,1
J456,I1508,3403.0,3404.0,green,1
J3211,I2331,6121.0,6124.0,green,1
J3211,I2458,6554.0,6560.0,green,1
J3211,I4411,14106.0,14121.0,green,2
J3211,I5274,17641.0,17644.0,brown,1
J3211,I5763,19602.0,19605.0,green,1
J2970,I6625,22844.0,22856.0,brown,3
J2970,I7434,25643.0,25651.0,green,1
J3174,I5606,18942.0,18946.0,green,1
J3174,I5637,19111.0,19112.0,green,1
J3174,I5797,19716.0,19717.0,brown,1
J3174,I6022,20598.0,20604.0,green,1
J949,I1040,2204.0,2207.0,green,1
J949,I1233,2687.0,2692.0,green,1
J949,I3057,8642.0,8653.0,green,2
J949,I3331,9719.0,9730.0,green,1
J3845,I3505,10383.0,10385.0,green,1
J3845,I6961,24085.0,24094.0,brown,1
J3845,I7410,25552.0,25559.0,green,1
J3845,I7606,26113.0,26115.0,green,1
J1085,I2617,7096.0,7101.0,green,1
J1085,I2618,7101.0,7110.0,green,1
J1085,I4962,16387.0,16407.0,green,2
J2475,I4182,13232.0,13235.0,green,1
J2475,I4214,13353.0,13354.0,green,1
J2475,I4246,13464.0,13467.0,green,1
J2475,I4247,13467.0,13471.0,green,2
J2475,I6743,23212.0,23224.0,green,1
J3620,I4382,14001.0,14002.0,green,1
J3620,I4638,15049.0,15051.0,green,1
J3620,I4830,15824.0,15838.0,green,1
J3620,I8062,27396.0,27399.0,green,1
J3620,I8354,28181.0,28183.0,green,2
J4740,I2572,6927.0,6929.0,red,2
J3616,I3975,12312.0,12316.0,red,1
J3616,I4263,13548.0,13565.0,brown,2
J3616,I4648,15095.0,15101.0,green,1
J3616,I6792,23390.0,23395.0,green,1
J3616,I7856,26840.0,26845.0,green,1
J1167,I3032,8546.0,8553.0,green,1
J2570,I4394,14039.0,14046.0,brown,2
J2570,I4523,14559.0,14567.0,green,3
J568,I1041,2207.0,2208.0,green,1
J568,I1139,2449.0,2451.0,green,1
J568,I1171,2523.0,2525.0,green,2
J568,I1246,2730.0,2733.0,green,1
J568,I1619,3725.0,3735.0,brown,1
J3161,I2606,7042.0,7044.0,green,1
J3161,I2670,7282.0,7283.0,red,1
J3161,I2734,7496.0,7503.0,brown,1
J3161,I2766,7609.0,7614.0,red,1
J3161,I6019,20575.0,20591.0,green,1
J2813,I3053,8628.0,8633.0,green,2
J2813,I4526,14583.0,14595.0,green,2
J695,I1079,2301.0,2305.0,green,1
J695,I3270,9493.0,9505.0,green,3
J4170,I6006,20525.0,20530.0,green,2
J4170,I6101,20911.0,20913.0,green,2
J4170,I6166,21153.0,21155.0,green,1
J4170,I6710,23095.0,23098.0,green,1
J1704,I3125,8935.0,8939.0,green,3
J1704,I3189,9207.0,9210.0,green,1
J1704,I3701,11125.0,11126.0,green,1
J1704,I4581,14825.0,14826.0,green,1
J3819,I4117,12894.0,12897.0,green,1
J3819,I4213,13349.0,13353.0,green,1
J3819,I4758,15546.0,15550.0,green,2
J3819,I5013,16615.0,16620.0,brown,1
J3819,I7361,25394.0,25404.0,brown,1
J4434,I7238,24997.0,25000.0,green,2
J4434,I7542,25934.0,25938.0,green,2
J1213,I2190,5642.0,5654.0,green,1
J1213,I3727,11219.0,11228.0,brown,1
J1213,I4463,14311.0,14312.0,green,1
J1213,I5547,18699.0,18707.0,green,3
J2224,I2197,5683.0,5688.0,green,2
J2224,I6086,20861.0,20862.0,green,1
J2224,I6374,21919.0,21926.0,green,1
J2224,I6790,23378.0,23386.0,green,2
J1212,I1228,2660.0,2662.0,green,2
J1212,I1325,2929.0,2934.0,green,2
J447,I1755,4173.0,4177.0,green,1
J447,I2811,7757.0,7768.0,green,1
J447,I2946,8214.0,8220.0,green,2
J4552,I5187,17325.0,17327.0,green,2
J4552,I5571,18813.0,18815.0,brown,1
J4552,I8491,28505.0,28511.0,green,1
J4552,I8563,28691.0,28695.0,green,2
J473,I1063,2270.0,2271.0,green,1
J473,I1175,2534.0,2540.0,green,1
J473,I1255,2757.0,2760.0,green,1
J2684,I4024,12542.0,12544.0,green,1
J2684,I4025,12544.0,12557.0,green,2
J2684,I4504,14493.0,14496.0,red,1
J2684,I6169,21171.0,21176.0,green,2
J2447,I1407,3144.0,3147.0,red,2
J2447,I1567,3554.0,3555.0,red,1
J2447,I1664,3868.0,3870.0,brown,2
J2447,I1728,4097.0,4099.0,red,1
J576,I1273,2789.0,2792.0,brown,3
J576,I2618,7101.0,7110.0,green,3
J1428,I2653,7226.0,7241.0,green,1
J1428,I3069,8704.0,8711.0,green,1
J1428,I5117,17035.0,17049.0,green,2
J3627,I1736,4120.0,4124.0,red,1
J3627,I6920,23936.0,23940.0,brown,1
J3627,I7961,27129.0,27132.0,green,1
J384,I780,1577.0,1579.0,brown,1
J384,I1325,2929.0,2934.0,green,1
J384,I2653,7226.0,7241.0,green,1
J384,I2815,7776.0,7784.0,brown,1
J3789,I1320,2915.0,2918.0,red,2
J3789,I1673,3896.0,3901.0,brown,1
J3789,I4009,12458.0,12469.0,brown,1
J3960,I6564,22580.0,22591.0,green,1
J3960,I7072,24464.0,24469.0,green,2
J90,I323,559.0,561.0,green,1
J90,I355,614.0,615.0,green,1
J90,I451,819.0,824.0,brown,1
J90,I579,1101.0,1103.0,green,1
J90,I1603,3664.0,3670.0,green,1
J684,I878,1811.0,1812.0,green,1
J684,I910,1878.0,1880.0,brown,1
J684,I1071,2287.0,2289.0,green,1
J684,I3695,11091.0,11094.0,green,1
J684,I3727,11219.0,11228.0,brown,1
J684,I3823,11654.0,11655.0,green,1
J119,I48,67.0,68.0,brown,1
J119,I51,70.0,72.0,brown,1
J119,I111,160.0,161.0,brown,1
J119,I335,574.0,577.0,brown,1
J119,I656,1263.0,1268.0,green,2
J3499,I5812,19758.0,19764.0,green,1
J2535,I4334,13789.0,13790.0,green,1
J2535,I5710,19351.0,19370.0,green,3
J963,I1132,2428.0,2433.0,red,2
J963,I1229,2662.0,2668.0,green,2
J963,I1804,4323.0,4329.0,green,1
J963,I5405,18193.0,18201.0,green,1
J4429,I5343,17918.0,17923.0,brown,4
J4429,I5472,18434.0,18435.0,green,1
J4429,I5600,18926.0,18931.0,green,1
J1321,I1803,4318.0,4323.0,green,2
J1321,I3083,8751.0,8767.0,brown,1
J1321,I3788,11500.0,11502.0,green,1
J1957,I31,46.0,47.0,green,1
J1957,I95,136.0,137.0,brown,1
J1957,I2463,6572.0,6583.0,green,1
J1957,I3936,12163.0,12169.0,green,1
J1957,I4172,13187.0,13197.0,green,1
J495,I63,89.0,90.0,red,1
J495,I1375,3055.0,3057.0,brown,1
J495,I3296,9595.0,9601.0,green,1
J495,I4224,13392.0,13400.0,green,1
J495,I6908,23890.0,23893.0,green,1
J495,I7428,25619.0,25622.0,green,1
J82,I353,609.0,612.0,green,1
J82,I3074,8717.0,8730.0,green,4
J2125,I524,975.0,978.0,green,1
J2125,I5231,17470.0,17478.0,brown,2
J4500,I3915,12059.0,12073.0,green,1
J4500,I7723,26414.0,26421.0,green,3
J1875,I3735,11256.0,11266.0,green,1
J1875,I5207,17382.0,17383.0,brown,1
J1875,I5231,17470.0,17478.0,brown,1
J4679,I5571,18813.0,18815.0,brown,1
J4679,I5636,19105.0,19111.0,green,1
J4679,I9002,29604.0,29606.0,green,2
J2366,I3231,9358.0,9359.0,green,1
J2366,I5968,20369.0,20377.0,green,1
J2366,I6143,21070.0,21079.0,green,1
J3007,I3796,11523.0,11528.0,green,1
J3007,I3797,11528.0,11531.0,green,1
J3007,I5391,18139.0,18147.0,green,1
J123,I691,1376.0,1377.0,green,1
J123,I2835,7839.0,7847.0,green,1
J123,I3827,11661.0,11670.0,green,2
J123,I4156,13112.0,13116.0,green,2
J524,I943,1961.0,1962.0,red,1
J524,I975,2049.0,2051.0,red,2
J524,I1135,2440.0,2445.0,red,1
J524,I1999,4936.0,4947.0,green,1
J524,I5072,16828.0,16829.0,green,1
J1320,I788,1593.0,1595.0,brown,1
J1320,I820,1656.0,1660.0,green,3
J1320,I821,1660.0,1665.0,green,2
J1352,I7540,25925.0,25933.0,green,1
J1749,I4532,14620.0,14624.0,green,1
J1749,I4980,16459.0,16470.0,green,3
J3949,I4745,15491.0,15499.0,green,2
J3949,I4808,15734.0,15737.0,brown,2
J3912,I3955,12235.0,12241.0,green,1
J3912,I4242,13459.0,13460.0,red,1
J3912,I8210,27824.0,27832.0,brown,1
J3912,I8272,27980.0,27982.0,green,1
J3912,I8279,27997.0,27998.0,green,1
J99,I33,48.0,49.0,green,1
J99,I53,73.0,74.0,brown,1
J99,I97,138.0,139.0,brown,1
J99,I2849,7891.0,7897.0,green,1
J99,I3363,9845.0,9850.0,brown,2
J1811,I3030,8538.0,8545.0,green,1
J1811,I3063,8669.0,8674.0,green,3
J1811,I5270,17625.0,17634.0,brown,2
J2302,I1829,4399.0,4406.0,red,1
J2302,I1862,4507.0,4511.0,brown,2
J625,I2947,8220.0,8227.0,green,1
J625,I3908,12016.0,12022.0,green,2
J625,I4772,15609.0,15617.0,green,1
J433,I648,1247.0,1250.0,green,3
J433,I682,1354.0,1359.0,green,1
J433,I1706,4025.0,4036.0,green,1
J433,I2889,8016.0,8022.0,green,1
J2516,I5735,19487.0,19494.0,brown,4
J4966,I8105,27515.0,27523.0,green,1
J2114,I1257,2761.0,2763.0,green,1
J2114,I1321,2918.0,2921.0,red,1
J2189,I3929,12127.0,12131.0,green,1
J2189,I4057,12690.0,12698.0,brown,1
J2189,I7178,24774.0,24776.0,green,2
J2189,I7746,26494.0,26500.0,green,1
J4726,I6353,21850.0,21857.0,brown,1
J4726,I6481,22294.0,22301.0,brown,1
J4726,I8242,27904.0,27915.0,green,2
J1921,I3096,8818.0,8820.0,red,1
J1921,I7144,24688.0,24693.0,brown,3
J1921,I7225,24961.0,24966.0,green,2
J4606,I6189,21281.0,21282.0,brown,1
J4606,I7277,25135.0,25143.0,brown,2
J3665,I4129,12977.0,12978.0,green,1
J3665,I4609,14916.0,14919.0,brown,3
J3665,I8162,27708.0,27713.0,green,1
J3665,I8789,29182.0,29192.0,green,1
J1203,I2274,5925.0,5930.0,green,2
J1203,I2354,6200.0,6201.0,green,1
J1203,I2482,6630.0,6634.0,green,1
J1460,I1447,3260.0,3263.0,green,1
J1460,I1510,3409.0,3415.0,green,1
J1460,I1574,3565.0,3569.0,red,1
J1460,I1766,4212.0,4215.0,brown,1
J1460,I2855,7909.0,7915.0,green,1
J4409,I1548,3502.0,3503.0,red,1
J4409,I1740,4129.0,4131.0,red,1
J4409,I4076,12778.0,12781.0,brown,1
J4409,I6317,21699.0,21714.0,green,1
J4409,I7965,27135.0,27141.0,green,2
J4891,I2377,6276.0,6281.0,red,1
J4891,I7273,25113.0,25117.0,brown,2
J4891,I8330,28118.0,28130.0,green,1
J4891,I8362,28208.0,28210.0,green,1
J3957,I5337,17895.0,17904.0,green,2
J3957,I5560,18758.0,18760.0,brown,2
J3957,I6273,21543.0,21545.0,green,2
J772,I504,932.0,936.0,red,1
J772,I2841,7863.0,7868.0,green,2
J772,I5625,19042.0,19048.0,green,3
J3387,I6981,24155.0,24160.0,brown,2
J2960,I4433,14211.0,14215.0,brown,4
J2960,I8434,28384.0,28387.0,green,1
J1180,I2270,5918.0,5920.0,red,1
J1180,I3614,10743.0,10754.0,green,1
J1180,I8575,28713.0,28714.0,green,1
J1180,I8743,29090.0,29091.0,brown,1
J1180,I8799,29212.0,29214.0,green,1
J1829,I795,1606.0,1608.0,brown,2
J1829,I891,1840.0,1843.0,brown,1
J1829,I923,1915.0,1918.0,green,1
J1829,I3788,11500.0,11502.0,green,1
J4091,I4516,14526.0,14537.0,brown,1
J4091,I7061,24440.0,24444.0,green,2
J4091,I7301,25211.0,25222.0,green,1
J3785,I2261,5888.0,5892.0,red,1
J3785,I4022,12528.0,12538.0,green,1
J3785,I5269,17624.0,17625.0,brown,1
J3785,I7749,26502.0,26505.0,brown,3
J1899,I2683,7336.0,7342.0,brown,1
J1838,I3910,12026.0,12035.0,green,1
J1838,I4998,16551.0,16552.0,green,1
J1838,I5030,16683.0,16691.0,green,3
J2801,I3155,9070.0,9073.0,red,1
J2801,I3188,9202.0,9207.0,green,2
J2801,I3315,9660.0,9667.0,brown,1
J2801,I3443,10130.0,10131.0,green,1
J2801,I4787,15661.0,15665.0,brown,1
J2110,I5102,16964.0,16977.0,green,3
J2110,I8366,28217.0,28223.0,green,1
J2784,I664,1289.0,1291.0,green,2
J2784,I761,1525.0,1532.0,red,1
J2784,I5337,17895.0,17904.0,green,3
J235,I661,1281.0,1285.0,green,1
J235,I983,2062.0,2065.0,green,2
J235,I1111,2383.0,2386.0,green,1
J235,I1686,3943.0,3947.0,green,1
J235,I2638,7185.0,7193.0,green,1
J4183,I5242,17520.0,17522.0,green,2
J4183,I5306,17781.0,17785.0,green,2
J4680,I2117,5362.0,5369.0,green,2
J4680,I4517,14537.0,14538.0,brown,1
J4680,I6406,22016.0,22024.0,green,1
J4680,I8133,27611.0,27614.0,brown,1
J4680,I8837,29294.0,29295.0,brown,1
J4554,I7074,24470.0,24474.0,green,4
J4554,I8138,27635.0,27637.0,green,1
J4615,I3865,11833.0,11837.0,brown,1
J4615,I4057,12690.0,12698.0,brown,2
J4615,I4282,13608.0,13615.0,green,1
J4615,I8226,27865.0,27870.0,green,1
J1789,I1796,4294.0,4300.0,brown,1
J1789,I6085,20857.0,20861.0,green,3
J3720,I1640,3788.0,3793.0,brown,2
J3720,I1672,3892.0,3896.0,brown,1
J3720,I5776,19639.0,19641.0,brown,2
J3720,I6484,22306.0,22307.0,brown,1
J1795,I4667,15169.0,15173.0,green,1
J1795,I6523,22440.0,22445.0,green,1
J1795,I8858,29338.0,29339.0,brown,1
J1795,I8987,29582.0,29583.0,green,1
J1795,I9019,29641.0,29643.0,green,2
J2365,I7061,24440.0,24444.0,green,2
J2181,I1337,2952.0,2953.0,green,1
J2181,I1625,3744.0,3746.0,green,1
J2181,I1946,4768.0,4775.0,green,2
J2181,I3962,12261.0,12263.0,green,1
J2181,I4666,15162.0,15169.0,green,1
J4321,I5446,18353.0,18357.0,green,1
J4321,I5573,18817.0,18826.0,brown,2
J2926,I7637,26197.0,26203.0,brown,1
J2926,I8533,28604.0,28605.0,brown,1
J2926,I8629,28841.0,28848.0,brown,2
J818,I2009,4977.0,4983.0,green,3
J818,I2170,5568.0,5572.0,green,1
J818,I2330,6113.0,6121.0,green,1
J818,I2458,6554.0,6560.0,green,1
J3944,I2997,8430.0,8431.0,red,1
J3944,I8238,27891.0,27900.0,green,3
J3113,I4046,12629.0,12638.0,green,1
J3113,I4271,13579.0,13581.0,green,1
J824,I1211,2624.0,2626.0,green,1
J824,I1227,2654.0,2660.0,green,4
J824,I1892,4595.0,4598.0,brown,1
J3682,I4981,16470.0,16483.0,green,1
J3682,I6453,22202.0,22213.0,green,3
J2379,I874,1802.0,1804.0,green,1
J2379,I3498,10348.0,10355.0,green,1
J2379,I4907,16180.0,16193.0,green,1
J2271,I876,1806.0,1809.0,green,1
J2271,I1451,3270.0,3274.0,red,2
J207,I254,427.0,428.0,green,1
J207,I394,703.0,707.0,green,1
J207,I705,1402.0,1410.0,green,2
J207,I894,1848.0,1851.0,brown,2
J3210,I5009,16595.0,16601.0,brown,2
J3210,I5074,16833.0,16834.0,green,1
J3210,I5458,18389.0,18391.0,green,2
J3853,I5001,16562.0,16569.0,green,1
J3853,I5097,16930.0,16938.0,green,3
J3853,I6409,22029.0,22037.0,green,1
J3389,I7761,26537.0,26548.0,green,3
J1380,I2990,8398.0,8400.0,red,1
J1380,I3503,10369.0,10381.0,green,3
J1380,I3599,10689.0,10696.0,green,1
J1380,I5871,19995.0,20000.0,green,1
J115,I448,815.0,817.0,green,1
J115,I1265,2772.0,2776.0,green,2
J115,I1601,3653.0,3663.0,green,3
J3743,I4899,16151.0,16155.0,green,1
J3743,I5219,17419.0,17421.0,green,2
J3743,I6883,23784.0,23790.0,brown,3
J3479,I3758,11393.0,11394.0,green,1
J3479,I6958,24067.0,24071.0,brown,1
J3479,I7982,27174.0,27175.0,brown,1
J3479,I8431,28373.0,28375.0,green,1
J3479,I8822,29263.0,29266.0,brown,1
J1852,I1576,3570.0,3581.0,brown,3
J1852,I7577,26022.0,26023.0,green,1
J1852,I7689,26336.0,26339.0,brown,1
J3159,I791,1597.0,1598.0,brown,1
J3159,I5368,18013.0,18015.0,green,1
J3159,I5608,18951.0,18954.0,green,3
J3159,I5660,19191.0,19194.0,green,1
J4004,I4287,13634.0,13640.0,brown,5
J4004,I8912,29444.0,29445.0,green,1
J531,I926,1920.0,1921.0,green,1
J531,I958,1995.0,1997.0,brown,1
J531,I5679,19249.0,19251.0,green,2
J225,I39,56.0,57.0,green,1
J225,I7463,25735.0,25743.0,brown,1
J4303,I2349,6177.0,6187.0,brown,2
J4303,I3181,9166.0,9169.0,brown,2
J2850,I757,1520.0,1522.0,red,1
J2850,I822,1665.0,1667.0,green,1
J46,I239,403.0,405.0,green,2
J46,I270,459.0,462.0,green,1
J46,I335,574.0,577.0,brown,1
J46,I462,845.0,846.0,red,1
J1667,I8174,27748.0,27749.0,brown,1
J1667,I8433,28377.0,28384.0,green,1
J2106,I3922,12098.0,12116.0,green,1
J2106,I3954,12226.0,12235.0,green,5
J862,I1999,4936.0,4947.0,green,1
J862,I4079,12786.0,12789.0,brown,3
J3361,I4960,16380.0,16385.0,green,1
J3361,I5632,19073.0,19083.0,green,1
J1365,I4121,12913.0,12923.0,green,3
J1365,I6265,21512.0,21515.0,green,1
J1365,I6457,22224.0,22235.0,green,2
J3898,I6359,21875.0,21882.0,brown,1
J3898,I6592,22705.0,22710.0,green,1
J4881,I2318,6085.0,6088.0,red,1
J4881,I5134,17099.0,17100.0,brown,1
J4881,I7759,26531.0,26536.0,green,4
J4137,I5605,18940.0,18942.0,green,2
J4137,I5765,19607.0,19610.0,green,2
J2217,I3603,10703.0,10714.0,green,3
J2217,I3954,12226.0,12235.0,green,3
J3569,I4422,14151.0,14152.0,green,1
J3569,I4582,14826.0,14828.0,green,1
J3569,I6606,22763.0,22768.0,green,1
J3569,I6746,23230.0,23234.0,green,1
J608,I1306,2873.0,2876.0,red,1
J608,I1338,2953.0,2955.0,green,1
J608,I1370,3034.0,3035.0,red,1
J608,I1978,4874.0,4879.0,brown,1
J608,I4571,14787.0,14793.0,green,1
J891,I550,1022.0,1024.0,red,1
J891,I582,1105.0,1106.0,green,1
J891,I2887,8011.0,8015.0,green,2
J463,I2470,6600.0,6601.0,green,1
J463,I7239,25000.0,25002.0,green,2
J4010,I84,123.0,124.0,brown,1
J4010,I4949,16323.0,16330.0,green,2
J4010,I7625,26165.0,26168.0,green,1
J4010,I7636,26194.0,26197.0,brown,1
J2510,I5205,17378.0,17380.0,brown,1
J2510,I5782,19662.0,19667.0,green,4
J2510,I7109,24588.0,24597.0,brown,1
J2160,I225,382.0,384.0,red,1
J2160,I321,556.0,558.0,green,1
J2160,I1761,4203.0,4206.0,brown,1
J2160,I4706,15333.0,15341.0,green,3
J3518,I6397,21998.0,22000.0,brown,1
J3518,I7550,25964.0,25971.0,green,3
J2478,I4613,14925.0,14932.0,green,1
J2478,I4805,15719.0,15727.0,green,2
J2478,I6029,20631.0,20638.0,green,1
J4694,I6730,23167.0,23172.0,green,3
J4694,I6889,23812.0,23822.0,brown,2
J290,I490,906.0,909.0,green,1
J290,I3915,12059.0,12073.0,green,2
J2236,I3569,10598.0,10599.0,red,1
J2236,I4210,13345.0,13347.0,green,1
J2236,I6162,21135.0,21139.0,green,1
J2236,I7985,27179.0,27182.0,brown,1
J2236,I8917,29454.0,29455.0,green,1
J2058,I1966,4842.0,4847.0,red,1
J2058,I2287,5974.0,5985.0,green,1
J2058,I8527,28583.0,28587.0,brown,2
J2058,I8647,28890.0,28892.0,brown,2
J1095,I728,1463.0,1466.0,red,1
J1095,I2009,4977.0,4983.0,green,2
J1095,I3961,12255.0,12261.0,green,1
J1095,I4126,12960.0,12963.0,green,1
J972,I1339,2955.0,2958.0,green,2
J972,I1466,3321.0,3323.0,brown,1
J972,I2619,7110.0,7118.0,green,1
J2988,I1576,3570.0,3581.0,brown,1
J1685,I3253,9418.0,9425.0,red,2
J1685,I3446,10133.0,10134.0,green,1
J2248,I1612,3713.0,3714.0,brown,1
J2248,I1773,4234.0,4236.0,red,1
J2248,I1837,4425.0,4429.0,red,1
J2248,I3117,8902.0,8911.0,green,1
J3770,I1745,4145.0,4147.0,green,1
J3770,I5105,16990.0,16994.0,brown,1
J36,I125,188.0,190.0,green,2
J36,I2765,7599.0,7609.0,green,1
J36,I2798,7697.0,7707.0,green,2
J3378,I2133,5419.0,5429.0,red,1
J3378,I2165,5547.0,5554.0,green,1
J3378,I2293,6002.0,6013.0,green,2
J3378,I5670,19228.0,19230.0,green,1
J3378,I6138,21053.0,21059.0,green,1
J4308,I5777,19641.0,19646.0,brown,1
J4308,I5810,19750.0,19756.0,green,3
J4308,I6481,22294.0,22301.0,brown,1
J4308,I7153,24713.0,24718.0,brown,1
J3805,I6531,22462.0,22465.0,brown,2
J333,I665,1291.0,1294.0,green,1
J333,I952,1984.0,1985.0,brown,1
J333,I4985,16496.0,16500.0,green,4
J1260,I1241,2712.0,2715.0,brown,1
J1260,I4666,15162.0,15169.0,green,2
J1260,I6142,21063.0,21070.0,green,1
J1513,I1881,4558.0,4561.0,red,1
J1513,I3450,10143.0,10149.0,green,2
J1513,I7418,25585.0,25587.0,brown,1
J1513,I8042,27345.0,27349.0,brown,1
J1513,I8410,28323.0,28324.0,brown,1
J2226,I3725,11213.0,11216.0,brown,1
J2226,I4462,14306.0,14311.0,green,3
J358,I1030,2169.0,2174.0,green,3
J358,I1031,2174.0,2182.0,green,2
J2529,I4579,14818.0,14820.0,brown,1
J2529,I4612,14924.0,14925.0,green,1
J2529,I4644,15070.0,15071.0,green,1
J2529,I5940,20264.0,20267.0,green,1
J4346,I6177,21229.0,21237.0,green,3
J4346,I6208,21332.0,21340.0,brown,1
J1944,I887,1828.0,1834.0,brown,1
J1944,I2007,4975.0,4976.0,green,1
J1944,I4344,13821.0,13831.0,green,1
J1944,I5544,18671.0,18696.0,green,1
J3151,I4598,14887.0,14890.0,brown,1
J3151,I4823,15800.0,15803.0,green,1
J2499,I2360,6213.0,6215.0,green,1
J2499,I3961,12255.0,12261.0,green,1
J2499,I4697,15294.0,15302.0,green,2
J406,I809,1634.0,1636.0,green,1
J406,I1578,3583.0,3587.0,green,1
J406,I3914,12052.0,12059.0,green,2
J406,I4962,16387.0,16407.0,green,2
J3222,I4096,12826.0,12827.0,green,1
J3222,I4993,16525.0,16529.0,green,1
J3222,I6368,21901.0,21909.0,brown,1
J3222,I7425,25603.0,25611.0,green,3
J556,I1006,2110.0,2112.0,red,1
J556,I1679,3918.0,3922.0,green,1
J556,I2926,8151.0,8162.0,green,1
J556,I5166,17218.0,17229.0,brown,1
J556,I5566,18792.0,18797.0,brown,1
J4060,I7565,26002.0,26004.0,green,1
J4060,I7596,26065.0,26072.0,brown,1
J4060,I8269,27974.0,27976.0,green,2
J2013,I3407,10003.0,10006.0,green,2
J2013,I3439,10112.0,10120.0,brown,1
J2013,I3727,11219.0,11228.0,brown,1
J2013,I4255,13490.0,13500.0,green,1
J3745,I721,1437.0,1439.0,red,1
J3745,I785,1587.0,1589.0,red,1
J3745,I1009,2116.0,2120.0,red,1
J3745,I6737,23190.0,23196.0,brown,1
J3745,I7442,25669.0,25678.0,green,1
J3745,I8114,27546.0,27549.0,green,1
J2252,I2687,7347.0,7348.0,brown,1
J2252,I2847,7883.0,7889.0,green,3
J2252,I3039,8563.0,8578.0,green,1
J4747,I3015,8487.0,8489.0,red,1
J4747,I4456,14286.0,14287.0,green,1
J4747,I6440,22140.0,22147.0,green,2
J4747,I7528,25900.0,25902.0,green,1
J4747,I9016,29633.0,29637.0,green,1
J796,I88,128.0,129.0,brown,1
J796,I184,294.0,295.0,green,1
J796,I1177,2541.0,2548.0,green,2
J1756,I3068,8694.0,8704.0,green,2
J1756,I3627,10794.0,10800.0,green,1
J1756,I3628,10800.0,10804.0,green,3
J4088,I2733,7494.0,7496.0,brown,1
J4088,I6734,23178.0,23180.0,green,2
J4088,I6830,23585.0,23589.0,green,1
J234,I403,729.0,732.0,red,1
J234,I659,1273.0,1278.0,green,1
J234,I1108,2379.0,2381.0,green,1
J234,I1907,4638.0,4641.0,brown,1
J234,I3812,11601.0,11603.0,green,1
J234,I3828,11670.0,11677.0,green,1
J421,I821,1660.0,1665.0,green,2
J421,I1701,4000.0,4010.0,brown,1
J421,I1750,4153.0,4160.0,green,1
J421,I1909,4643.0,4649.0,brown,2
J1002,I1578,3583.0,3587.0,green,2
J1002,I1865,4515.0,4516.0,brown,1
J1002,I2218,5755.0,5758.0,green,1
J1002,I2818,7790.0,7794.0,brown,1
J4292,I2993,8411.0,8416.0,red,3
J1029,I413,750.0,753.0,red,1
J1029,I509,946.0,949.0,red,1
J1029,I1150,2480.0,2481.0,green,1
J4980,I8474,28463.0,28466.0,brown,2
J4980,I9003,29606.0,29612.0,green,1
J4980,I9211,29963.0,29965.0,green,2
J655,I1469,3327.0,3328.0,brown,1
J655,I1502,3389.0,3390.0,red,1
J655,I1566,3553.0,3554.0,red,1
J655,I3678,11006.0,11012.0,green,3
J515,I1104,2363.0,2368.0,green,1
J515,I1892,4595.0,4598.0,brown,1
J2611,I3344,9764.0,9771.0,green,1
J2611,I4144,13042.0,13062.0,brown,1
J2611,I4921,16223.0,16235.0,green,1
J2640,I3666,10955.0,10957.0,red,2
J2640,I4498,14475.0,14478.0,brown,2
J2640,I6779,23347.0,23351.0,green,1
J1007,I1653,3835.0,3839.0,brown,2
J1007,I1781,4257.0,4258.0,green,1
J1007,I5606,18942.0,18946.0,green,1
J1007,I6078,20821.0,20829.0,green,2
J2636,I810,1636.0,1638.0,green,1
J2636,I811,1638.0,1641.0,green,1
J2636,I4138,13013.0,13015.0,green,1
J2636,I5867,19959.0,19968.0,green,2
J1077,I590,1121.0,1124.0,green,2
J1077,I621,1182.0,1186.0,red,1
J1077,I686,1365.0,1367.0,green,1
J1077,I2958,8267.0,8270.0,green,1
J1077,I5374,18045.0,18063.0,green,1
J747,I616,1176.0,1178.0,brown,1
J747,I680,1348.0,1352.0,green,1
J747,I743,1494.0,1496.0,red,1
J747,I1385,3082.0,3085.0,green,2
J3535,I7300,25207.0,25211.0,green,1
J3535,I7572,26016.0,26018.0,green,2
J1453,I1247,2733.0,2734.0,green,1
J1453,I2719,7441.0,7442.0,green,1
J1163,I6303,21646.0,21652.0,green,2
J1163,I6437,22124.0,22133.0,green,4
J1966,I2546,6833.0,6835.0,red,1
J1966,I2803,7728.0,7733.0,brown,2
J1966,I5011,16603.0,16614.0,brown,1
J1966,I5043,16735.0,16737.0,brown,2
J4347,I7170,24757.0,24758.0,green,1
J4347,I7202,24852.0,24853.0,green,1
J4347,I7234,24980.0,24985.0,green,2
J2272,I4174,13208.0,13209.0,green,1
J2272,I4207,13334.0,13340.0,green,1
J317,I834,1698.0,1699.0,green,1
J317,I835,1699.0,1703.0,green,1
J317,I1091,2336.0,2337.0,green,1
J317,I1283,2804.0,2809.0,green,1
J4812,I5568,18799.0,18805.0,brown,2
J3970,I1695,3983.0,3987.0,red,1
J3970,I2720,7442.0,7444.0,green,2
J3970,I7264,25070.0,25071.0,brown,1
J3970,I7842,26788.0,26791.0,brown,1
J3970,I8170,27737.0,27739.0,brown,1
J2965,I3520,10431.0,10434.0,green,1
J2965,I3616,10755.0,10756.0,brown,1
J2965,I4608,14914.0,14916.0,brown,1
J2965,I5312,17821.0,17827.0,brown,1
J3895,I3270,9493.0,9505.0,green,1
J3895,I3814,11607.0,11611.0,green,1
J3895,I6022,20598.0,20604.0,green,1
J3895,I6310,21671.0,21679.0,green,2
J1241,I1454,3278.0,3296.0,red,2
J1241,I7310,25249.0,25255.0,brown,1
J1241,I7442,25669.0,25678.0,green,1
J1241,I7623,26160.0,26164.0,green,1
J1721,I2668,7273.0,7276.0,green,1
J1721,I2731,7487.0,7492.0,brown,1
J1721,I2763,7596.0,7597.0,green,1
J1721,I4108,12871.0,12875.0,green,3
J4252,I2366,6238.0,6239.0,red,1
J4252,I3070,8711.0,8712.0,green,1
J4252,I7529,25902.0,25906.0,green,2
J3489,I4862,15985.0,15988.0,brown,1
J3489,I4991,16522.0,16523.0,green,1
J3489,I5087,16875.0,16881.0,green,2
J1401,I346,594.0,595.0,green,1
J1401,I410,745.0,748.0,brown,1
J1401,I698,1389.0,1393.0,green,1
J1401,I2810,7756.0,7757.0,green,1
J51,I124,187.0,188.0,green,1
J51,I141,214.0,217.0,green,1
J51,I157,247.0,248.0,green,1
J51,I285,490.0,491.0,green,1
J2390,I2564,6889.0,6895.0,red,2
J2390,I4261,13536.0,13547.0,brown,1
J2390,I8741,29085.0,29087.0,brown,1
J4165,I5065,16810.0,16812.0,brown,2
J4165,I7273,25113.0,25117.0,brown,1
J4165,I7386,25472.0,25473.0,green,1
J2803,I775,1562.0,1566.0,red,1
J2803,I5768,19613.0,19615.0,green,2
J170,I667,1297.0,1316.0,green,2
J170,I4140,13020.0,13034.0,green,3
J2173,I880,1814.0,1818.0,brown,1
J2173,I5090,16895.0,16902.0,green,2
J4277,I7210,24885.0,24886.0,green,1
J4277,I7242,25004.0,25009.0,green,1
J4277,I7338,25319.0,25320.0,green,1
J121,I44,63.0,64.0,green,1
J121,I781,1579.0,1582.0,brown,1
J121,I2157,5508.0,5523.0,green,1
J2453,I2274,5925.0,5930.0,green,1
J2453,I2498,6684.0,6689.0,green,4
J2453,I4258,13514.0,13527.0,green,1
J4079,I6599,22737.0,22746.0,green,1
J4079,I8359,28194.0,28201.0,green,5
J4739,I4924,16239.0,16245.0,green,1
J4739,I5244,17532.0,17533.0,brown,1
J4739,I5373,18043.0,18045.0,green,1
J4739,I6396,21994.0,21998.0,brown,3
J578,I753,1515.0,1516.0,red,1
J578,I849,1732.0,1736.0,brown,2
J578,I1143,2462.0,2466.0,green,1
J2724,I2163,5540.0,5545.0,green,3
J2267,I2298,6018.0,6027.0,brown,5
J192,I2287,5974.0,5985.0,green,1
J192,I7056,24426.0,24431.0,green,1
J192,I7600,26080.0,26084.0,green,3
J4528,I5384,18114.0,18115.0,green,1
J4528,I5544,18671.0,18696.0,green,3
J4528,I7792,26649.0,26654.0,green,1
J4528,I7884,26943.0,26947.0,green,1
J3968,I5311,17819.0,17821.0,brown,1
J3968,I5375,18063.0,18067.0,green,1
J3968,I5376,18067.0,18071.0,green,2
J3968,I5408,18203.0,18207.0,green,2
J1863,I1867,4517.0,4520.0,brown,1
J1863,I3532,10467.0,10473.0,green,2
J1863,I4140,13020.0,13034.0,green,1
J1863,I4483,14399.0,14409.0,brown,1
J591,I905,1871.0,1873.0,brown,1
J591,I1193,2584.0,2586.0,green,1
J591,I1609,3680.0,3691.0,brown,1
J591,I3898,11960.0,11965.0,green,1
J591,I3902,11982.0,11986.0,green,1
J3355,I553,1028.0,1033.0,red,1
J3355,I1705,4022.0,4025.0,green,1
J3355,I1706,4025.0,4036.0,green,3
J3355,I2665,7268.0,7269.0,green,1
J1067,I561,1056.0,1061.0,green,2
J1067,I1748,4150.0,4151.0,green,1
J1067,I1909,4643.0,4649.0,brown,2
J1067,I3269,9490.0,9493.0,green,1
J132,I364,638.0,643.0,green,2
J132,I524,975.0,978.0,green,1
J132,I2220,5765.0,5771.0,green,1
J132,I2252,5856.0,5866.0,brown,1
J132,I3428,10069.0,10078.0,brown,1
J2357,I1308,2878.0,2880.0,red,2
J2357,I1372,3043.0,3047.0,red,2
J2357,I7133,24659.0,24661.0,green,1
J3910,I342,590.0,591.0,brown,1
J3910,I471,867.0,871.0,red,1
J3910,I662,1285.0,1287.0,green,1
J3910,I6793,23395.0,23401.0,green,1
J4024,I6023,20604.0,20606.0,green,1
J4024,I6055,20737.0,20738.0,green,1
J4024,I6087,20862.0,20866.0,green,1
J2616,I4423,14152.0,14168.0,green,4
J1396,I1461,3310.0,3313.0,brown,2
J1396,I6374,21919.0,21926.0,green,1
J1396,I6933,23972.0,23980.0,brown,2
J3467,I3014,8482.0,8487.0,red,1
J3467,I3174,9145.0,9150.0,brown,2
J3467,I6934,23980.0,23981.0,brown,1
J3467,I7235,24985.0,24986.0,green,1
J2950,I3994,12387.0,12388.0,red,1
J2950,I4379,13978.0,13987.0,green,1
J2950,I4474,14349.0,14363.0,red,1
J2950,I5307,17785.0,17798.0,green,1
J2950,I7038,24354.0,24362.0,brown,1
J4234,I2681,7329.0,7334.0,brown,4
J4234,I6266,21515.0,21526.0,green,2
J2433,I3902,11982.0,11986.0,green,1
J2433,I4030,12587.0,12593.0,green,2
J2433,I4255,13490.0,13500.0,green,1
J2433,I6271,21540.0,21542.0,green,2
J1356,I1127,2422.0,2423.0,red,1
J1356,I1479,3342.0,3346.0,brown,1
J1356,I2440,6502.0,6507.0,green,2
J1356,I3527,10448.0,10452.0,green,1
J1356,I4936,16270.0,16273.0,green,1
J1623,I2709,7417.0,7420.0,green,1
J1623,I2837,7848.0,7850.0,green,1
J1623,I5301,17751.0,17761.0,green,1
J1561,I2222,5775.0,5784.0,green,1
J1561,I2287,5974.0,5985.0,green,1
J1561,I3599,10689.0,10696.0,green,1
J1561,I4399,14053.0,14061.0,green,2
J2127,I4122,12923.0,12928.0,green,5
J3233,I5498,18509.0,18512.0,brown,2
J3233,I7098,24552.0,24555.0,brown,2
J1894,I3020,8499.0,8501.0,red,1
J1894,I3117,8902.0,8911.0,green,5
J3767,I6298,21629.0,21630.0,brown,1
J3767,I6362,21884.0,21890.0,brown,3
J1823,I3827,11661.0,11670.0,green,3
J1823,I4114,12884.0,12889.0,green,2
J1823,I4819,15785.0,15792.0,green,1
J3483,I7271,25095.0,25108.0,brown,1
J3426,I4563,14742.0,14744.0,green,1
J3426,I6451,22192.0,22201.0,green,1
J3426,I7797,26665.0,26668.0,green,1
J3426,I7891,26956.0,26958.0,green,1
J3426,I7893,26960.0,26961.0,green,1
J3426,I7960,27127.0,27129.0,green,1
J1967,I3611,10732.0,10733.0,green,1
J1967,I3739,11289.0,11290.0,green,1
J1967,I3899,11965.0,11975.0,green,3
J1967,I4411,14106.0,14121.0,green,1
J2735,I2041,5107.0,5108.0,green,1
J2735,I2201,5696.0,5699.0,brown,1
J2735,I4410,14100.0,14106.0,green,1
J2735,I5082,16858.0,16865.0,green,1
J2735,I6142,21063.0,21070.0,green,1
J2735,I6175,21206.0,21211.0,green,1
J3662,I3539,10493.0,10495.0,green,1
J3662,I3604,10714.0,10718.0,green,1
J3662,I4788,15665.0,15667.0,green,2
J3662,I5140,17113.0,17119.0,green,1
J2178,I2344,6155.0,6161.0,brown,1
J2178,I2473,6613.0,6614.0,green,1
J2178,I3817,11615.0,11629.0,green,2
J2178,I3881,11899.0,11901.0,brown,1
J2178,I4137,13005.0,13013.0,green,1
J3911,I5734,19480.0,19487.0,red,1
J2936,I3781,11487.0,11490.0,green,2
J2936,I3813,11603.0,11607.0,green,1
J1551,I2653,7226.0,7241.0,green,1
J1551,I2750,7550.0,7553.0,green,1
J1551,I3229,9350.0,9356.0,green,1
J1551,I3614,10743.0,10754.0,green,2
J1551,I4061,12726.0,12727.0,brown,1
J160,I318,549.0,552.0,green,1
J160,I350,600.0,604.0,green,2
J160,I1053,2238.0,2242.0,green,2
J160,I1808,4334.0,4343.0,green,1
J558,I1826,4388.0,4390.0,red,1
J558,I3683,11023.0,11034.0,green,2
J2839,I4056,12679.0,12690.0,brown,2
J2839,I6009,20538.0,20539.0,green,1
J2839,I6297,21623.0,21629.0,brown,3
J3461,I4134,12995.0,12997.0,green,1
J3461,I4197,13296.0,13297.0,brown,1
J3461,I4261,13536.0,13547.0,brown,2
J3461,I5094,16921.0,16926.0,green,1
J3303,I4193,13282.0,13286.0,green,1
J3303,I4225,13400.0,13402.0,red,1
J3303,I6562,22571.0,22577.0,green,1
J3303,I8130,27602.0,27604.0,green,1
J3303,I8258,27958.0,27959.0,brown,1
J3922,I6251,21453.0,21454.0,green,1
J3922,I6379,21940.0,21943.0,green,2
J3922,I6779,23347.0,23351.0,green,1
J973,I4864,15989.0,15990.0,brown,1
J973,I5312,17821.0,17827.0,brown,2
J973,I7425,25603.0,25611.0,green,1
J4270,I3398,9958.0,9967.0,red,4
J3638,I2071,5223.0,5226.0,red,1
J3638,I3960,12251.0,12255.0,green,1
J3638,I7904,26983.0,26987.0,green,1
J502,I3745,11330.0,11343.0,green,1
J502,I3936,12163.0,12169.0,green,1
J3937,I4785,15656.0,15657.0,brown,1
J3937,I7377,25445.0,25448.0,brown,1
J3937,I7825,26755.0,26756.0,brown,1
J3937,I8209,27823.0,27824.0,brown,1
J3937,I8529,28589.0,28592.0,brown,2
J3048,I5009,16595.0,16601.0,brown,3
J3048,I5938,20253.0,20257.0,green,3
J3403,I2058,5184.0,5187.0,red,1
J3403,I7114,24611.0,24614.0,brown,1
J3403,I7403,25530.0,25531.0,green,1
J2665,I2962,8278.0,8281.0,green,1
J2665,I2963,8281.0,8284.0,green,2
J2665,I3059,8656.0,8661.0,green,1
J2665,I3218,9317.0,9320.0,green,1
J2665,I3442,10126.0,10130.0,green,1
J3703,I3751,11359.0,11361.0,green,1
J3703,I3847,11753.0,11758.0,red,2
J3703,I4263,13548.0,13565.0,brown,1
J3703,I4904,16166.0,16168.0,green,1
J4441,I6990,24197.0,24198.0,green,1
J4441,I7054,24418.0,24421.0,green,1
J4441,I7150,24699.0,24706.0,brown,2
J4441,I7182,24783.0,24785.0,brown,1
J1377,I1845,4454.0,4456.0,red,1
J1377,I4054,12671.0,12678.0,green,1
J2403,I2900,8071.0,8075.0,red,2
J2403,I4021,12522.0,12528.0,green,1
J2403,I5044,16737.0,16745.0,brown,2
J2751,I2014,5001.0,5008.0,green,1
J2751,I2302,6041.0,6046.0,brown,1
J2751,I6399,22002.0,22003.0,green,1
J2751,I7135,24662.0,24668.0,green,1
J2751,I7183,24785.0,24798.0,brown,1
J4012,I4753,15524.0,15528.0,green,4
J4012,I6130,21039.0,21041.0,green,2
J1514,I8056,27382.0,27385.0,brown,2
J1514,I8632,28850.0,28853.0,brown,2
J1514,I8648,28892.0,28895.0,brown,1
J2045,I3979,12328.0,12329.0,brown,1
J2045,I4011,12487.0,12491.0,brown,1
J2045,I4043,12624.0,12625.0,green,1
J2045,I4044,12625.0,12628.0,green,2
J2045,I4428,14183.0,14187.0,green,1
J611,I1775,4237.0,4239.0,green,1
J611,I4432,14196.0,14211.0,green,3
J1073,I1589,3610.0,3612.0,green,1
J1073,I1717,4072.0,4075.0,green,1
J1073,I1813,4359.0,4364.0,red,1
J1073,I1893,4598.0,4602.0,brown,2
J1073,I2518,6763.0,6766.0,green,1
J2831,I3991,12377.0,12382.0,green,1
J2831,I4647,15081.0,15095.0,green,2
J3655,I613,1169.0,1173.0,red,2
J3655,I933,1932.0,1936.0,red,1
J3655,I6310,21671.0,21679.0,green,3
J1532,I2738,7514.0,7522.0,green,1
J1532,I2802,7726.0,7728.0,brown,1
J1532,I3922,12098.0,12116.0,green,1
J1532,I4003,12436.0,12437.0,green,1
J1532,I4103,12859.0,12860.0,green,1
J1532,I4124,12933.0,12948.0,green,1
J4042,I6139,21059.0,21060.0,green,1
J4042,I6171,21180.0,21185.0,green,1
J4042,I6267,21526.0,21528.0,green,1
J4042,I6395,21990.0,21994.0,brown,2
J4042,I7333,25309.0,25313.0,green,1
J2540,I2632,7157.0,7166.0,green,1
J2540,I4072,12761.0,12768.0,brown,1
J2540,I6025,20607.0,20618.0,green,1
J2540,I6089,20870.0,20872.0,green,1
J2540,I7080,24485.0,24499.0,brown,1
J4874,I3890,11934.0,11935.0,brown,1
J4874,I4243,13460.0,13462.0,red,1
J4874,I7219,24925.0,24938.0,green,1
J4874,I7795,26660.0,26663.0,green,1
J1044,I1814,4364.0,4366.0,red,1
J1044,I6391,21973.0,21980.0,brown,1
J1044,I8135,27622.0,27628.0,brown,1
J3301,I4056,12679.0,12690.0,brown,1
J3301,I4504,14493.0,14496.0,red,2
J3301,I6266,21515.0,21526.0,green,1
J2921,I5395,18154.0,18156.0,green,1
J2921,I6323,21739.0,21743.0,green,1
J2921,I7411,25559.0,25565.0,green,1
J2921,I8690,28989.0,28990.0,brown,1
J2921,I8722,29049.0,29050.0,brown,1
J4775,I6386,21963.0,21966.0,brown,2
J4775,I8947,29511.0,29513.0,green,1
J795,I2353,6192.0,6200.0,green,3
J795,I2609,7055.0,7069.0,green,1
J795,I3856,11790.0,11797.0,brown,1
J795,I4126,12960.0,12963.0,green,1
J2111,I6916,23921.0,23931.0,green,2
J2111,I7908,26994.0,26996.0,green,1
J2111,I8132,27606.0,27611.0,green,1
J4613,I383,682.0,686.0,red,1
J4613,I2336,6137.0,6138.0,brown,1
J4613,I8194,27790.0,27792.0,brown,1
J1631,I2861,7928.0,7933.0,green,1
J1631,I3340,9746.0,9753.0,green,1
J4200,I6683,23023.0,23028.0,brown,3
J4200,I6875,23754.0,23759.0,brown,2
J460,I42,60.0,61.0,green,1
J460,I87,127.0,128.0,brown,1
J460,I3344,9764.0,9771.0,green,1
J422,I666,1294.0,1297.0,green,3
J422,I731,1470.0,1471.0,red,1
J422,I763,1533.0,1538.0,red,1
J3065,I5304,17773.0,17778.0,green,1
J3065,I5400,18172.0,18173.0,green,1
J3065,I5544,18671.0,18696.0,green,4
J4368,I2893,8039.0,8041.0,red,1
J4368,I7342,25334.0,25340.0,green,3
J1885,I1542,3495.0,3496.0,green,1
J1885,I1638,3785.0,3786.0,brown,1
J1885,I1670,3885.0,3891.0,brown,2
J1885,I1702,4010.0,4016.0,brown,1
J1885,I6151,21100.0,21107.0,green,1
J4751,I5704,19330.0,19332.0,brown,1
J4751,I8553,28658.0,28662.0,green,1
J4751,I8905,29428.0,29432.0,green,2
J1574,I1307,2876.0,2878.0,red,1
J1574,I2300,6029.0,6037.0,brown,1
J1574,I7836,26774.0,26779.0,brown,3
J1600,I2534,6797.0,6803.0,red,1
J1600,I8523,28574.0,28577.0,green,1
J4373,I5014,16620.0,16626.0,brown,3
J4373,I7638,26203.0,26205.0,brown,1
J4373,I8247,27929.0,27931.0,green,1
J4066,I1666,3874.0,3876.0,brown,1
J4066,I5922,20185.0,20199.0,brown,1
J4066,I5971,20382.0,20387.0,green,1
J4066,I7347,25350.0,25356.0,green,1
J4066,I7433,25637.0,25643.0,green,1
J4790,I2940,8192.0,8195.0,brown,1
J4790,I4573,14794.0,14803.0,green,3
J4790,I8477,28468.0,28473.0,green,2
J200,I560,1051.0,1056.0,green,1
J200,I656,1263.0,1268.0,green,2
J200,I2320,6089.0,6092.0,green,1
J200,I2608,7045.0,7055.0,green,2
J3738,I7333,25309.0,25313.0,green,2
J3738,I7940,27077.0,27078.0,brown,1
J3738,I8109,27528.0,27534.0,green,2
J3738,I8506,28547.0,28548.0,green,1
J3503,I531,987.0,988.0,brown,1
J3503,I563,1062.0,1065.0,green,1
J3503,I2292,5997.0,6002.0,green,1
J3503,I4756,15534.0,15543.0,green,2
J3503,I5011,16603.0,16614.0,brown,1
J4683,I4284,13618.0,13631.0,brown,6
J4903,I1966,4842.0,4847.0,red,1
J4903,I7855,26827.0,26840.0,green,1
J4903,I8111,27537.0,27538.0,green,1
J4903,I8995,29594.0,29596.0,green,1
J2979,I2839,7860.0,7862.0,green,1
J2979,I3288,9562.0,9568.0,green,1
J2979,I3800,11542.0,11546.0,green,2
J4299,I6119,20987.0,20989.0,brown,2
J4299,I6152,21107.0,21110.0,green,1
J4299,I6183,21257.0,21261.0,brown,1
J4299,I6952,24034.0,24037.0,green,1
J4299,I8908,29437.0,29438.0,green,1
J2309,I1675,3903.0,3906.0,brown,1
J2309,I2283,5955.0,5961.0,green,1
J2309,I6956,24059.0,24062.0,green,2
J572,I1022,2143.0,2144.0,green,1
J572,I1183,2557.0,2564.0,green,3
J572,I4943,16292.0,16294.0,green,1
J3728,I3886,11923.0,11926.0,brown,1
J3728,I8726,29055.0,29058.0,brown,1
J183,I583,1106.0,1108.0,green,1
J183,I1511,3415.0,3417.0,green,1
J183,I5544,18671.0,18696.0,green,1
J183,I5660,19191.0,19194.0,green,1
J1177,I2096,5304.0,5308.0,green,1
J1177,I2736,7505.0,7511.0,green,1
J1177,I4432,14196.0,14211.0,green,1
J1177,I5296,17721.0,17726.0,green,1
J1809,I3934,12145.0,12162.0,green,1
J1809,I5183,17311.0,17317.0,green,4
J3657,I3289,9568.0,9572.0,green,1
J3657,I3321,9683.0,9687.0,brown,3
J3053,I3447,10134.0,10139.0,green,2
J3053,I3735,11256.0,11266.0,green,1
J1698,I929,1923.0,1924.0,green,1
J1698,I961,2000.0,2008.0,brown,3
J1698,I4642,15060.0,15063.0,green,1
J1698,I5921,20174.0,20185.0,brown,1
J3480,I1635,3770.0,3776.0,brown,1
J3480,I4068,12742.0,12749.0,green,2
J3480,I7651,26241.0,26245.0,brown,2
J3480,I8124,27577.0,27580.0,green,1
J4026,I6710,23095.0,23098.0,green,1
J4026,I6743,23212.0,23224.0,green,4
J4026,I7318,25274.0,25277.0,brown,1
J2307,I4286,13632.0,13634.0,brown,1
J2307,I4414,14126.0,14133.0,brown,1
J2307,I6911,23897.0,23908.0,green,1
J2307,I8351,28171.0,28173.0,green,1
J2307,I8877,29375.0,29376.0,green,1
J2396,I4571,14787.0,14793.0,green,2
J2396,I5178,17281.0,17294.0,brown,1
J4986,I3458,10182.0,10188.0,red,3
J4986,I6915,23913.0,23921.0,brown,1
J4986,I7939,27073.0,27077.0,brown,1
J4986,I8835,29288.0,29292.0,brown,1
J1057,I1760,4188.0,4203.0,brown,5
J1057,I3184,9176.0,9177.0,brown,1
J2658,I5018,16633.0,16639.0,green,1
J2658,I5177,17280.0,17281.0,brown,1
J2658,I8041,27341.0,27345.0,brown,1
J4285,I4723,15391.0,15393.0,brown,2
J1775,I2567,6904.0,6908.0,red,1
J1775,I5096,16928.0,16930.0,green,2
J1775,I5544,18671.0,18696.0,green,3
J668,I574,1084.0,1086.0,green,1
J668,I575,1086.0,1092.0,green,1
J668,I671,1319.0,1326.0,green,1
J25,I632,1207.0,1209.0,brown,1
J25,I2649,7218.0,7221.0,green,1
J25,I5857,19900.0,19912.0,green,1
J1048,I1931,4710.0,4716.0,red,1
J1048,I5612,18959.0,18965.0,green,4
J1048,I7216,24911.0,24918.0,green,1
J1058,I1406,3136.0,3144.0,red,1
J1058,I1470,3328.0,3330.0,brown,1
J1058,I3550,10533.0,10541.0,brown,1
J1058,I4223,13388.0,13392.0,green,3
J1929,I2762,7594.0,7596.0,green,2
J1929,I2858,7918.0,7921.0,green,1
J3529,I1294,2830.0,2841.0,red,1
J3529,I2863,7934.0,7939.0,green,2
J3529,I7442,25669.0,25678.0,green,1
J2648,I3993,12383.0,12387.0,red,1
J2648,I4730,15425.0,15436.0,green,2
J2648,I7321,25281.0,25289.0,brown,1
J2707,I123,184.0,187.0,green,2
J2707,I155,240.0,245.0,green,2
J1200,I4352,13852.0,13881.0,green,5
J2278,I1233,2687.0,2692.0,green,1
J2278,I2034,5083.0,5090.0,green,5
J1414,I680,1348.0,1352.0,green,1
J1414,I2121,5376.0,5380.0,green,2
J1414,I2952,8241.0,8251.0,green,1
J920,I6719,23119.0,23123.0,green,4
J1663,I109,158.0,159.0,brown,1
J1663,I6893,23836.0,23846.0,brown,1
J1663,I7406,25539.0,25544.0,green,1
J1663,I7597,26072.0,26078.0,brown,1
J3623,I1204,2605.0,2607.0,red,2
J3623,I5813,19764.0,19772.0,green,2
J3623,I6709,23092.0,23095.0,green,1
J2389,I2662,7260.0,7261.0,green,1
J2389,I4647,15081.0,15095.0,green,5
J1273,I2466,6588.0,6594.0,green,2
J1273,I2500,6690.0,6691.0,green,1
J2151,I3784,11492.0,11497.0,green,1
J2151,I3847,11753.0,11758.0,red,1
J2151,I3879,11881.0,11886.0,brown,3
J2151,I4528,14597.0,14601.0,green,1
J4652,I7988,27193.0,27195.0,green,2
J4652,I8436,28390.0,28393.0,green,1
J4652,I8792,29195.0,29198.0,green,1
J1472,I1692,3972.0,3975.0,green,1
J1472,I1789,4278.0,4282.0,green,1
J1472,I2013,4998.0,5001.0,green,2
J1472,I2141,5452.0,5457.0,green,1
J1472,I2174,5579.0,5587.0,green,1
J841,I627,1199.0,1200.0,green,1
J841,I7041,24368.0,24371.0,brown,2
J841,I7236,24986.0,24992.0,green,1
J4671,I4521,14546.0,14549.0,brown,1
J4671,I6121,20992.0,20998.0,brown,1
J4671,I8266,27967.0,27971.0,green,1
J4671,I8546,28635.0,28637.0,green,1
J4671,I8841,29299.0,29302.0,brown,1
J4671,I8865,29349.0,29350.0,brown,1
J2149,I1741,4131.0,4135.0,green,2
J2149,I3630,10806.0,10813.0,green,2
J2149,I6414,22044.0,22050.0,green,2
J2998,I3024,8517.0,8521.0,red,2
J2998,I3152,9051.0,9056.0,red,1
J2998,I5785,19675.0,19680.0,green,2
J4304,I3416,10036.0,10039.0,red,1
J4304,I3864,11830.0,11833.0,brown,1
J4304,I3896,11952.0,11958.0,green,1
J4304,I3928,12126.0,12127.0,green,1
J4304,I8129,27598.0,27602.0,green,2
J2837,I1619,3725.0,3735.0,brown,1
J2837,I7444,25683.0,25684.0,green,1
J2837,I7540,25925.0,25933.0,green,2
J4286,I4052,12669.0,12670.0,green,1
J4286,I5012,16614.0,16615.0,brown,1
J4286,I6453,22202.0,22213.0,green,1
J4286,I8532,28600.0,28604.0,brown,1
J4286,I8594,28756.0,28758.0,green,1
J4286,I8692,28993.0,28994.0,brown,1
J1373,I5212,17397.0,17401.0,brown,1
J1373,I7133,24659.0,24661.0,green,1
J1373,I8125,27580.0,27581.0,green,1
J1373,I8765,29134.0,29137.0,brown,1
J2030,I3288,9562.0,9568.0,green,1
J2030,I4023,12538.0,12542.0,green,1
J2399,I4383,14002.0,14004.0,green,2
J2399,I4831,15838.0,15839.0,green,1
J3424,I4259,13527.0,13529.0,green,2
J3424,I4355,13893.0,13895.0,green,1
J1758,I1891,4591.0,4595.0,brown,3
J1758,I2179,5609.0,5614.0,green,2
J4779,I4059,12703.0,12719.0,brown,1
J4779,I9152,29875.0,29876.0,green,1
J4779,I9210,29961.0,29963.0,green,1
J887,I1230,2668.0,2672.0,green,3
J887,I1231,2672.0,2682.0,green,1
J1298,I529,983.0,986.0,brown,1
J4263,I1813,4359.0,4364.0,red,1
J4263,I6822,23536.0,23554.0,green,3
J4263,I7542,25934.0,25938.0,green,2
J852,I769,1546.0,1550.0,red,1
J852,I833,1693.0,1698.0,green,2
J852,I865,1783.0,1785.0,green,1
J852,I1026,2153.0,2156.0,green,1
J4766,I4038,12611.0,12615.0,brown,2
J4766,I6759,23274.0,23275.0,green,1
J4766,I7591,26057.0,26059.0,green,1
J4766,I8663,28922.0,28923.0,green,1
J4766,I8995,29594.0,29596.0,green,1
J1425,I663,1287.0,1289.0,green,1
J1425,I727,1455.0,1463.0,red,1
J1425,I792,1598.0,1600.0,brown,1
J4116,I3355,9818.0,9819.0,red,1
J4116,I3387,9907.0,9910.0,red,3
J4116,I5916,20161.0,20164.0,brown,2
J3410,I6010,20539.0,20540.0,green,1
J3410,I6074,20809.0,20814.0,green,2
J1528,I2141,5452.0,5457.0,green,1
J1528,I2174,5579.0,5587.0,green,1
J1528,I2301,6037.0,6041.0,brown,1
J1528,I2494,6667.0,6677.0,green,1
J1528,I2909,8104.0,8113.0,brown,1
J1528,I3453,10158.0,10167.0,green,1
J1157,I2262,5892.0,5898.0,red,2
J1157,I2294,6013.0,6014.0,green,1
J1157,I2327,6108.0,6109.0,green,1
J1157,I2359,6209.0,6213.0,green,1
J1157,I4986,16500.0,16509.0,green,1
J2896,I6174,21198.0,21206.0,green,2
J4584,I5585,18869.0,18876.0,green,1
J4584,I6449,22179.0,22191.0,green,4
J4584,I7953,27105.0,27109.0,green,1
J2561,I4115,12889.0,12891.0,green,2
J2561,I4435,14216.0,14218.0,brown,1
J2561,I4564,14744.0,14755.0,green,3
J4997,I7187,24804.0,24808.0,green,2
J4997,I9215,29969.0,29972.0,green,1
J303,I584,1108.0,1109.0,green,1
J303,I616,1176.0,1178.0,brown,1
J303,I713,1421.0,1422.0,brown,1
J303,I1609,3680.0,3691.0,brown,1
J303,I2632,7157.0,7166.0,green,2
J1041,I4551,14694.0,14703.0,green,1
J1041,I6214,21351.0,21352.0,brown,1
J1041,I6870,23741.0,23746.0,brown,3
J279,I173,273.0,280.0,green,3
J279,I300,516.0,519.0,brown,1
J4177,I2112,5349.0,5351.0,brown,1
J4177,I4833,15846.0,15853.0,green,3
J2793,I2010,4983.0,4985.0,green,1
J2793,I6299,21630.0,21635.0,green,2
J2214,I3604,10714.0,10718.0,green,1
J2214,I3700,11116.0,11125.0,green,4
J3463,I1945,4761.0,4768.0,green,1
J3463,I3514,10405.0,10411.0,green,1
J3463,I3706,11134.0,11141.0,green,1
J1638,I1716,4064.0,4072.0,green,2
J1638,I4468,14320.0,14333.0,brown,1
J1638,I4885,16065.0,16073.0,green,1
J1638,I7789,26640.0,26643.0,green,1
J826,I1803,4318.0,4323.0,green,2
J826,I1866,4516.0,4517.0,brown,1
J1173,I1451,3270.0,3274.0,red,1
J1173,I4188,13249.0,13269.0,green,2
J1134,I2087,5271.0,5282.0,green,3
J1134,I2342,6147.0,6150.0,brown,2
J1134,I3366,9854.0,9859.0,brown,1
J1813,I3494,10340.0,10341.0,green,1
J1813,I3526,10446.0,10448.0,green,1
J1813,I3750,11347.0,11359.0,green,2
J1813,I3942,12181.0,12184.0,green,2
J3678,I2801,7718.0,7726.0,brown,1
J3678,I5297,17726.0,17737.0,brown,3
J3678,I8753,29109.0,29110.0,brown,1
J4357,I4951,16333.0,16335.0,green,2
J4357,I5335,17893.0,17894.0,green,1
J4357,I5911,20143.0,20150.0,green,2
J4357,I7351,25366.0,25367.0,green,1
J1091,I2454,6541.0,6544.0,red,1
J1091,I2582,6966.0,6967.0,brown,1
J1091,I4599,14890.0,14891.0,brown,1
J1573,I4522,14549.0,14559.0,green,1
J1573,I7402,25524.0,25530.0,green,2
J3309,I2881,7996.0,7997.0,red,1
J3309,I5889,20071.0,20077.0,brown,1
J3309,I6174,21198.0,21206.0,green,4
J2787,I8478,28473.0,28475.0,green,2
J2787,I8606,28775.0,28778.0,brown,1
J2787,I8766,29137.0,29138.0,brown,1
J2787,I9150,29873.0,29874.0,green,1
J1090,I1068,2276.0,2278.0,green,2
J1090,I3820,11639.0,11646.0,green,1
J4676,I1815,4366.0,4369.0,red,1
J4676,I7255,25047.0,25050.0,brown,1
J740,I673,1328.0,1329.0,green,1
J740,I738,1480.0,1486.0,red,1
J740,I961,2000.0,2008.0,brown,1
J740,I4002,12429.0,12436.0,green,3
J2802,I4186,13246.0,13248.0,green,2
J2802,I4378,13971.0,13978.0,green,2
J2802,I6266,21515.0,21526.0,green,1
J4411,I5036,16708.0,16716.0,green,1
J4411,I5100,16942.0,16950.0,green,2
J4411,I6348,21832.0,21835.0,brown,2
J4411,I7596,26065.0,26072.0,brown,1
J1938,I3932,12139.0,12143.0,green,2
J1938,I4028,12576.0,12586.0,green,1
J1088,I1243,2718.0,2727.0,brown,1
J1088,I5635,19088.0,19105.0,green,4
J1855,I1627,3747.0,3749.0,green,1
J1855,I1754,4172.0,4173.0,green,1
J1855,I2459,6560.0,6563.0,green,1
J1855,I4123,12928.0,12933.0,green,1
J3631,I1210,2623.0,2624.0,green,1
J3631,I3514,10405.0,10411.0,green,1
J3631,I3834,11691.0,11696.0,brown,1
J3631,I6394,21984.0,21990.0,brown,1
J3631,I6938,23988.0,23989.0,brown,1
J3897,I2749,7545.0,7550.0,green,1
J3897,I7806,26683.0,26688.0,green,2
J3897,I7949,27096.0,27098.0,brown,1
J4206,I6877,23760.0,23761.0,brown,1
J4206,I6941,23991.0,23994.0,brown,3
J4206,I7325,25295.0,25298.0,brown,2
J4094,I6773,23312.0,23323.0,green,1
J4094,I6789,23375.0,23378.0,green,2
J4094,I6989,24193.0,24197.0,green,2
J3266,I5636,19105.0,19111.0,green,4
J4764,I7933,27057.0,27064.0,brown,2
J4764,I8126,27581.0,27590.0,green,1
J4764,I8541,28625.0,28629.0,brown,1
J4764,I8733,29067.0,29075.0,brown,2
J644,I4802,15703.0,15706.0,green,2
J2956,I5126,17073.0,17081.0,brown,4
J848,I2245,5825.0,5829.0,green,1
J848,I3910,12026.0,12035.0,green,1
J848,I4166,13157.0,13166.0,green,1
J848,I5382,18099.0,18111.0,green,1
J3502,I5767,19612.0,19613.0,green,1
J3502,I6087,20862.0,20866.0,green,3
J3502,I6409,22029.0,22037.0,green,1
J590,I1619,3725.0,3735.0,brown,1
J590,I2515,6745.0,6760.0,green,1
J590,I4916,16209.0,16212.0,green,1
J1716,I2206,5707.0,5711.0,red,2
J1716,I2302,6041.0,6046.0,brown,1
J1716,I5375,18063.0,18067.0,green,2
J1941,I2807,7743.0,7750.0,green,3
J1941,I4216,13355.0,13366.0,green,2
J1941,I5656,19165.0,19168.0,green,1
J2969,I2892,8028.0,8039.0,red,1
J2969,I3917,12084.0,12087.0,green,2
J2969,I7605,26104.0,26113.0,green,1
J672,I1064,2271.0,2273.0,green,1
J672,I1673,3896.0,3901.0,brown,2
J672,I4041,12621.0,12623.0,brown,1
J794,I211,349.0,351.0,brown,2
J794,I1688,3954.0,3965.0,green,1
J3859,I4024,12542.0,12544.0,green,1
J3859,I6904,23870.0,23877.0,brown,1
J3859,I8824,29267.0,29271.0,brown,1
J3859,I8956,29528.0,29529.0,brown,1
J3859,I8985,29576.0,29580.0,green,1
J3859,I9137,29851.0,29853.0,green,1
J347,I3830,11681.0,11684.0,brown,1
J347,I4715,15368.0,15373.0,green,2
J4491,I6717,23110.0,23117.0,green,2
J4491,I8134,27614.0,27622.0,brown,2
J4491,I8437,28393.0,28394.0,green,1
J837,I1220,2639.0,2641.0,brown,2
J837,I1221,2641.0,2644.0,green,2
J837,I1797,4300.0,4306.0,brown,2
J1404,I14,18.0,21.0,green,3
J1404,I22,33.0,34.0,green,1
J1404,I2926,8151.0,8162.0,green,1
J2702,I2808,7750.0,7752.0,green,1
J2702,I2968,8300.0,8307.0,brown,1
J2702,I4729,15420.0,15425.0,green,2
J2702,I5657,19168.0,19173.0,green,1
J2702,I7961,27129.0,27132.0,green,1
J2764,I4533,14624.0,14625.0,green,1
J2764,I4757,15543.0,15546.0,green,1
J2764,I4821,15794.0,15796.0,green,1
J2022,I5114,17016.0,17025.0,brown,2
J2022,I6427,22094.0,22097.0,green,1
J2093,I5760,19584.0,19589.0,green,3
J2093,I6428,22097.0,22104.0,green,2
J3466,I3822,11649.0,11654.0,green,2
J3466,I3919,12088.0,12093.0,green,2
J3466,I8326,28112.0,28114.0,brown,1
J3466,I8343,28153.0,28154.0,green,1
J2742,I6371,21911.0,21916.0,green,2
J3482,I5875,20005.0,20010.0,green,1
J3482,I5940,20264.0,20267.0,green,2
J1255,I1947,4775.0,4777.0,green,1
J1255,I2618,7101.0,7110.0,green,1
J1255,I4637,15034.0,15049.0,green,1
J1310,I7523,25887.0,25894.0,green,4
J1430,I2951,8236.0,8241.0,green,1
J4290,I3183,9173.0,9176.0,brown,3
J4290,I6320,21728.0,21732.0,green,3
J1142,I1636,3776.0,3784.0,brown,4
J1142,I3621,10775.0,10778.0,green,1
J1142,I4613,14925.0,14932.0,green,1
J2064,I2290,5989.0,5992.0,green,2
J2064,I2385,6312.0,6320.0,red,2
J2064,I6082,20845.0,20846.0,brown,1
J3555,I5003,16574.0,16577.0,green,1
J3555,I5100,16942.0,16950.0,green,1
J1888,I232,393.0,394.0,green,1
J1888,I457,832.0,834.0,red,1
J1888,I2152,5489.0,5496.0,green,1
J1888,I4329,13763.0,13773.0,green,2
J1888,I5769,19615.0,19619.0,green,1
J2081,I817,1650.0,1651.0,green,1
J2081,I849,1732.0,1736.0,brown,1
J2081,I1233,2687.0,2692.0,green,1
J3057,I4200,13300.0,13303.0,brown,1
J3057,I4264,13565.0,13569.0,brown,3
J3057,I4649,15101.0,15107.0,green,1
J3057,I5369,18015.0,18016.0,green,1
J2602,I3848,11758.0,11760.0,red,2
J2602,I4300,13670.0,13671.0,brown,1
J2602,I4939,16282.0,16286.0,green,2
J1715,I2215,5735.0,5750.0,green,1
J1715,I2279,5946.0,5950.0,green,1
J1508,I718,1427.0,1431.0,brown,1
J1508,I1134,2437.0,2440.0,red,1
J1508,I1743,4137.0,4141.0,green,3
J1557,I2714,7427.0,7436.0,green,2
J1557,I2745,7533.0,7536.0,green,1
J1557,I3561,10576.0,10577.0,brown,1
J2853,I1928,4696.0,4703.0,red,1
J2853,I4617,14942.0,14961.0,green,1
J2853,I5168,17239.0,17252.0,brown,2
J2853,I6449,22179.0,22191.0,green,2
J549,I612,1168.0,1169.0,red,1
J549,I4709,15344.0,15346.0,green,1
J549,I5861,19924.0,19936.0,green,3
J92,I186,299.0,300.0,green,1
J92,I6315,21686.0,21690.0,green,3
J3105,I6371,21911.0,21916.0,green,3
J3105,I7626,26168.0,26171.0,green,1
J1762,I2051,5157.0,5163.0,green,1
J1762,I2082,5262.0,5265.0,red,1
J1762,I2114,5352.0,5359.0,green,1
J1762,I2146,5468.0,5473.0,green,2
J1762,I2338,6139.0,6141.0,brown,1
J3069,I2829,7823.0,7826.0,brown,3
J3069,I5870,19979.0,19995.0,green,1
J2227,I2164,5545.0,5547.0,green,1
J2227,I2292,5997.0,6002.0,green,2
J2705,I4436,14218.0,14220.0,brown,1
J2705,I4757,15543.0,15546.0,green,2
J2705,I4777,15629.0,15630.0,green,1
J2705,I4789,15667.0,15669.0,green,1
J2656,I4931,16261.0,16262.0,brown,1
J2656,I5795,19706.0,19714.0,brown,1
J2656,I6308,21666.0,21669.0,green,1
J2656,I7139,24678.0,24679.0,brown,1
J2656,I8036,27332.0,27336.0,green,1
J2206,I3700,11116.0,11125.0,green,2
J2206,I3731,11241.0,11246.0,red,1
J2206,I3827,11661.0,11670.0,green,2
J2583,I4527,14595.0,14597.0,green,1
J2583,I5135,17100.0,17101.0,brown,1
J2583,I6448,22175.0,22179.0,green,1
J2051,I4295,13663.0,13664.0,brown,1
J2051,I5936,20234.0,20252.0,green,5
J3107,I4439,14226.0,14232.0,brown,4
J3107,I4760,15560.0,15562.0,green,2
J4959,I8675,28954.0,28959.0,green,1
J4959,I8911,29442.0,29444.0,green,2
J4959,I9015,29628.0,29633.0,green,1
J4959,I9139,29855.0,29857.0,green,1
J4959,I9183,29923.0,29925.0,green,1
J3548,I1937,4736.0,4739.0,red,2
J3548,I2129,5401.0,5403.0,green,1
J3548,I4530,14605.0,14615.0,green,1
J3548,I6209,21340.0,21346.0,brown,1
J3548,I6374,21919.0,21926.0,green,1
J3771,I1560,3537.0,3544.0,red,1
J3771,I1593,3623.0,3632.0,green,3
J3771,I1753,4170.0,4172.0,green,2
J3885,I1922,4675.0,4679.0,red,1
J3885,I6563,22577.0,22580.0,green,2
J3885,I7042,24371.0,24375.0,brown,1
J94,I974,2048.0,2049.0,red,1
J94,I4911,16196.0,16201.0,green,1
J94,I8079,27444.0,27455.0,green,1
J3397,I2266,5907.0,5908.0,red,1
J3397,I2330,6113.0,6121.0,green,1
J3397,I2362,6227.0,6231.0,red,1
J3397,I7387,25473.0,25475.0,green,2
J3397,I7747,26500.0,26501.0,green,1
J3836,I1503,3390.0,3394.0,green,1
J1689,I444,807.0,812.0,red,2
J1689,I2300,6029.0,6037.0,brown,1
J1689,I2621,7120.0,7131.0,green,2
J1357,I712,1420.0,1421.0,red,1
J1357,I6697,23055.0,23064.0,green,1
J2109,I3700,11116.0,11125.0,green,1
J2109,I3731,11241.0,11246.0,red,1
J4461,I3357,9821.0,9829.0,red,1
J4461,I6014,20551.0,20553.0,green,1
J4461,I7790,26643.0,26646.0,green,1
J4461,I7933,27057.0,27064.0,brown,2
J4461,I8078,27440.0,27444.0,green,1
J4936,I3712,11162.0,11166.0,green,1
J4936,I6496,22343.0,22348.0,brown,1
J4936,I7329,25303.0,25305.0,green,1
J4936,I8562,28684.0,28691.0,green,1
J4936,I8673,28942.0,28953.0,green,1
J4936,I8914,29449.0,29452.0,green,1
J3818,I2700,7392.0,7394.0,red,1
J3818,I3757,11388.0,11393.0,green,1
J3818,I3884,11913.0,11918.0,brown,1
J3818,I6269,21533.0,21535.0,green,1
J2237,I6810,23470.0,23487.0,green,2
J2237,I7463,25735.0,25743.0,brown,2
J2413,I3603,10703.0,10714.0,green,2
J2413,I3828,11670.0,11677.0,green,2
J1848,I2969,8307.0,8309.0,brown,1
J1848,I3802,11549.0,11554.0,green,2
J2592,I2045,5117.0,5127.0,green,2
J2592,I2428,6457.0,6466.0,green,3
J2592,I4125,12948.0,12960.0,green,1
J2634,I8276,27987.0,27995.0,green,1
J2221,I5110,17005.0,17012.0,brown,1
J2221,I6486,22309.0,22315.0,brown,3
J2221,I7846,26797.0,26810.0,brown,1
J4104,I3896,11952.0,11958.0,green,1
J4104,I3992,12382.0,12383.0,red,1
J4104,I4921,16223.0,16235.0,green,2
J4104,I5945,20278.0,20289.0,green,1
J4104,I8216,27840.0,27841.0,brown,1
J951,I90,130.0,131.0,brown,1
J951,I4763,15568.0,15574.0,green,3
J4627,I6175,21206.0,21211.0,green,2
J4627,I6176,21211.0,21229.0,green,1
J4627,I6463,22248.0,22253.0,brown,1
J4627,I7103,24566.0,24567.0,brown,1
J4627,I7904,26983.0,26987.0,green,1
J2654,I3612,10733.0,10739.0,green,2
J2654,I3741,11301.0,11315.0,green,1
J2654,I4637,15034.0,15049.0,green,3
J1329,I1399,3115.0,3121.0,brown,2
J1329,I4986,16500.0,16509.0,green,4
J4174,I5218,17416.0,17419.0,green,3
J4174,I5442,18340.0,18345.0,brown,2
J4174,I7171,24758.0,24761.0,green,1
J741,I1681,3928.0,3930.0,green,2
J741,I1714,4056.0,4063.0,green,1
J741,I1746,4147.0,4148.0,green,1
J741,I2482,6630.0,6634.0,green,1
J3725,I4598,14887.0,14890.0,brown,2
J3725,I4759,15550.0,15560.0,green,1
J3347,I793,1600.0,1602.0,brown,1
J3347,I1785,4266.0,4269.0,green,1
J3347,I6586,22672.0,22687.0,green,2
J2481,I1248,2734.0,2737.0,green,1
J2481,I3841,11721.0,11730.0,green,2
J2481,I5473,18435.0,18444.0,green,1
J4394,I4201,13303.0,13311.0,brown,2
J4394,I7081,24499.0,24503.0,brown,2
J4394,I7530,25906.0,25909.0,green,1
J4394,I8394,28286.0,28287.0,green,1
J2798,I1407,3144.0,3147.0,red,1
J2798,I2143,5458.0,5463.0,green,1
J2798,I4224,13392.0,13400.0,green,2
J1016,I385,687.0,688.0,red,1
J1016,I417,758.0,761.0,red,2
J1016,I7234,24980.0,24985.0,green,1
J391,I1015,2128.0,2130.0,red,1
J391,I1048,2223.0,2225.0,green,2
J391,I1080,2305.0,2308.0,green,2
J391,I4216,13355.0,13366.0,green,1
J3497,I3148,9035.0,9040.0,red,1
J3497,I5389,18131.0,18137.0,green,2
J3497,I6829,23582.0,23585.0,green,2
J3497,I7100,24559.0,24562.0,brown,1
J1012,I2004,4967.0,4969.0,green,1
J1012,I2035,5090.0,5092.0,green,1
J1639,I3190,9210.0,9219.0,green,1
J1639,I4119,12903.0,12907.0,green,3
J1639,I5079,16842.0,16853.0,green,1
J1639,I5097,16930.0,16938.0,green,1
J4361,I5673,19237.0,19238.0,brown,1
J4361,I5737,19497.0,19500.0,brown,1
J4361,I8266,27967.0,27971.0,green,2
J4456,I5069,16819.0,16821.0,brown,1
J4456,I8366,28217.0,28223.0,green,2
J381,I614,1173.0,1174.0,brown,1
J381,I679,1346.0,1348.0,green,2
J381,I1543,3496.0,3498.0,brown,1
J381,I1751,4160.0,4167.0,green,2
J2975,I4277,13597.0,13600.0,green,1
J2975,I4341,13806.0,13813.0,green,1
J2975,I4373,13962.0,13963.0,green,1
J2975,I5589,18883.0,18888.0,green,1
J3607,I3525,10445.0,10446.0,green,1
J3607,I3526,10446.0,10448.0,green,1
J3607,I3653,10903.0,10906.0,brown,1
J3607,I3686,11043.0,11050.0,green,1
J3607,I3910,12026.0,12035.0,green,2
J2862,I5380,18090.0,18091.0,green,1
J2862,I5412,18216.0,18218.0,green,1
J2862,I5860,19919.0,19924.0,green,1
J2862,I6436,22116.0,22124.0,green,1
J3773,I1954,4789.0,4796.0,red,1
J3773,I2018,5026.0,5029.0,green,2
J3773,I2754,7565.0,7569.0,brown,2
J3773,I7605,26104.0,26113.0,green,1
J4223,I57,78.0,79.0,red,1
J4223,I7434,25643.0,25651.0,green,3
J4223,I7753,26517.0,26519.0,brown,1
J410,I1646,3810.0,3814.0,brown,1
J410,I5667,19214.0,19224.0,green,4
J410,I5763,19602.0,19605.0,green,1
J3428,I5374,18045.0,18063.0,green,3
J3047,I5410,18209.0,18212.0,green,2
J3047,I5474,18444.0,18446.0,green,1
J3047,I5794,19703.0,19706.0,green,3
J3394,I4414,14126.0,14133.0,brown,2
J3394,I4415,14133.0,14134.0,green,1
J3394,I4575,14805.0,14808.0,green,3
J3366,I61,86.0,87.0,red,1
J3366,I381,676.0,681.0,red,1
J3366,I413,750.0,753.0,red,1
J3366,I1118,2397.0,2409.0,brown,1
J4856,I4188,13249.0,13269.0,green,1
J4856,I5659,19185.0,19191.0,brown,1
J1117,I1797,4300.0,4306.0,brown,3
J1117,I1829,4399.0,4406.0,red,1
J1117,I1830,4406.0,4407.0,green,1
J1117,I2022,5041.0,5043.0,green,1
J4152,I5545,18696.0,18698.0,green,2
J4152,I5641,19125.0,19134.0,green,2
J4152,I7857,26845.0,26852.0,green,2
J2293,I4057,12690.0,12698.0,brown,1
J2293,I4730,15425.0,15436.0,green,3
J781,I3720,11190.0,11192.0,green,1
J781,I4648,15095.0,15101.0,green,1
J781,I6792,23390.0,23395.0,green,3
J4781,I4314,13709.0,13711.0,brown,1
J4781,I8507,28548.0,28552.0,green,2
J4781,I8571,28706.0,28707.0,green,1
J4781,I8667,28929.0,28933.0,green,1
J631,I653,1259.0,1260.0,green,1
J631,I654,1260.0,1261.0,green,1
J631,I1870,4525.0,4526.0,brown,1
J631,I2158,5523.0,5530.0,green,2
J345,I783,1583.0,1584.0,red,1
J345,I7983,27175.0,27178.0,brown,2
J345,I8767,29138.0,29140.0,brown,1
J345,I8800,29214.0,29218.0,green,1
J345,I8992,29588.0,29589.0,green,1
J2222,I1670,3885.0,3891.0,brown,2
J2222,I4999,16552.0,16555.0,green,1
J2222,I5117,17035.0,17049.0,green,2
J2222,I5359,17981.0,17988.0,green,1
J1343,I2566,6896.0,6904.0,red,1
J1343,I2598,7015.0,7017.0,green,1
J1343,I2630,7153.0,7155.0,green,1
J1343,I2663,7261.0,7266.0,green,1
J1343,I2823,7806.0,7811.0,brown,1
J1343,I4015,12498.0,12505.0,brown,1
J4338,I5361,17995.0,17999.0,green,3
J4338,I5393,18148.0,18153.0,green,1
J4338,I5457,18388.0,18389.0,green,1
J4338,I6385,21961.0,21963.0,brown,1
J2673,I2318,6085.0,6088.0,red,2
J2673,I2319,6088.0,6089.0,green,1
J2673,I2415,6422.0,6428.0,red,1
J2673,I4751,15508.0,15521.0,green,2
J3422,I4306,13688.0,13689.0,green,1
J3422,I4659,15135.0,15146.0,green,4
J3422,I6702,23077.0,23078.0,green,1
J4752,I471,867.0,871.0,red,1
J4752,I7479,25775.0,25776.0,brown,1
J4752,I7639,26205.0,26212.0,brown,2
J4752,I8152,27676.0,27684.0,green,1
J4752,I8576,28714.0,28715.0,green,1
J4890,I6301,21639.0,21642.0,green,1
J4890,I6781,23354.0,23359.0,green,1
J4890,I6813,23497.0,23506.0,green,1
J4890,I7581,26037.0,26040.0,green,1
J4890,I8789,29182.0,29192.0,green,1
J4890,I8893,29402.0,29404.0,green,1
J3557,I740,1487.0,1492.0,red,2
J3557,I6409,22029.0,22037.0,green,1
J2060,I3922,12098.0,12116.0,green,5
J2060,I4145,13062.0,13067.0,brown,1
J1130,I1789,4278.0,4282.0,green,1
J1130,I1821,4378.0,4379.0,red,1
J1130,I2045,5117.0,5127.0,green,1
J1130,I3614,10743.0,10754.0,green,1
J1130,I7390,25482.0,25484.0,green,2
J439,I219,368.0,369.0,brown,1
J439,I317,548.0,549.0,green,1
J439,I1149,2479.0,2480.0,green,1
J439,I2248,5839.0,5844.0,green,1
J439,I2349,6177.0,6187.0,brown,1
J439,I2734,7496.0,7503.0,brown,1
J4895,I2428,6457.0,6466.0,green,1
J4895,I7293,25192.0,25196.0,green,1
J4895,I7421,25591.0,25595.0,green,1
J4895,I9029,29658.0,29659.0,green,1
J3478,I2130,5403.0,5412.0,red,3
J3478,I2194,5659.0,5667.0,green,1
J3478,I7603,26097.0,26103.0,green,1
J4329,I6499,22360.0,22364.0,brown,2
J4329,I6531,22462.0,22465.0,brown,1
J4209,I7125,24631.0,24633.0,green,2
J4209,I7190,24811.0,24812.0,green,1
J4209,I7223,24944.0,24959.0,green,2
J4715,I1424,3199.0,3201.0,red,1
J4715,I7793,26654.0,26659.0,green,3
J4715,I8532,28600.0,28604.0,brown,1
J1290,I1758,4181.0,4184.0,brown,3
J1290,I2047,5133.0,5141.0,green,1
J3550,I3922,12098.0,12116.0,green,4
J3550,I4049,12640.0,12644.0,green,1
J3550,I4113,12881.0,12884.0,green,1
J1337,I356,615.0,622.0,green,1
J1337,I452,824.0,826.0,brown,1
J1337,I900,1860.0,1863.0,brown,1
J1337,I1764,4210.0,4211.0,brown,1
J3167,I1989,4909.0,4913.0,green,3
J3167,I5670,19228.0,19230.0,green,1
J3167,I5754,19559.0,19563.0,green,2
J627,I1287,2814.0,2818.0,green,4
J627,I1383,3076.0,3078.0,green,2
J4314,I6781,23354.0,23359.0,green,1
J4314,I7069,24459.0,24461.0,green,1
J4314,I8764,29131.0,29134.0,brown,1
J4494,I6980,24151.0,24155.0,brown,4
J4494,I7268,25086.0,25091.0,brown,1
J4494,I7973,27157.0,27159.0,green,1
J1547,I1883,4566.0,4576.0,red,1
J1547,I3452,10151.0,10158.0,green,5
J775,I1771,4223.0,4229.0,red,1
J775,I1899,4615.0,4617.0,brown,1
J775,I5044,16737.0,16745.0,brown,4
J2566,I4534,14625.0,14632.0,green,2
J474,I418,761.0,762.0,red,1
J474,I2307,6053.0,6060.0,green,2
J474,I6186,21269.0,21273.0,brown,1
J189,I775,1562.0,1566.0,red,1
J189,I4303,13674.0,13679.0,brown,1
J189,I6316,21690.0,21699.0,green,4
J4669,I758,1522.0,1523.0,red,1
J4669,I6615,22797.0,22802.0,green,1
J4669,I8247,27929.0,27931.0,green,1
J4669,I8487,28497.0,28499.0,green,2
J4669,I8727,29058.0,29059.0,brown,1
J1153,I1058,2255.0,2260.0,green,1
J1153,I1089,2332.0,2335.0,green,1
J1153,I1633,3765.0,3769.0,brown,1
J1153,I3778,11471.0,11474.0,green,1
J1153,I3841,11721.0,11730.0,green,1
J3629,I2243,5821.0,5824.0,green,1
J3629,I2371,6255.0,6264.0,red,2
J3629,I5604,18935.0,18940.0,green,1
J2397,I3213,9306.0,9308.0,red,1
J2397,I3309,9641.0,9648.0,green,1
J2397,I3341,9753.0,9758.0,green,1
J2397,I3437,10109.0,10111.0,brown,1
J2397,I3694,11082.0,11091.0,green,2
J1942,I3643,10853.0,10859.0,red,1
J1942,I4873,16016.0,16029.0,green,4
J3507,I3334,9733.0,9734.0,green,1
J3507,I8231,27878.0,27881.0,green,1
J2422,I3951,12221.0,12222.0,green,1
J2422,I3983,12347.0,12353.0,green,2
J2422,I5360,17988.0,17995.0,green,2
J728,I1390,3093.0,3099.0,green,2
J728,I1437,3226.0,3228.0,brown,2
J1898,I3174,9145.0,9150.0,brown,3
J1898,I6151,21100.0,21107.0,green,1
J3519,I5746,19529.0,19530.0,brown,1
J3519,I5778,19646.0,19650.0,brown,2
J3519,I6898,23854.0,23858.0,brown,1
J3982,I1979,4879.0,4885.0,brown,3
J3982,I8476,28467.0,28468.0,green,1
J914,I1890,4589.0,4591.0,brown,1
J914,I3683,11023.0,11034.0,green,1
J914,I5075,16834.0,16837.0,green,1
J2480,I3459,10188.0,10190.0,red,1
J2480,I7236,24986.0,24992.0,green,2
J2480,I7267,25081.0,25086.0,brown,3
J727,I5266,17610.0,17615.0,brown,1
J727,I7282,25151.0,25157.0,brown,1
J727,I7826,26756.0,26757.0,brown,1
J727,I8530,28592.0,28597.0,brown,3
J2105,I4005,12442.0,12444.0,green,2
J2105,I5381,18091.0,18099.0,green,1
J2105,I6437,22124.0,22133.0,green,1
J2105,I7602,26086.0,26097.0,green,2
J3327,I1432,3219.0,3221.0,red,1
J3327,I2584,6970.0,6974.0,brown,1
J2557,I1209,2621.0,2623.0,green,1
J2557,I4634,15021.0,15028.0,green,1
J2557,I6586,22672.0,22687.0,green,2
J2993,I3624,10788.0,10789.0,green,1
J2993,I3656,10912.0,10918.0,brown,3
J4117,I4541,14647.0,14658.0,green,2
J4117,I8433,28377.0,28384.0,green,1
J4473,I4548,14675.0,14682.0,brown,4
J4473,I6149,21091.0,21097.0,green,1
J4473,I7285,25165.0,25181.0,green,1
J994,I1889,4584.0,4589.0,brown,3
J994,I2146,5468.0,5473.0,green,2
J994,I2369,6250.0,6254.0,red,1
J4792,I8222,27853.0,27854.0,green,1
J4792,I8223,27854.0,27858.0,green,3
J4792,I8415,28336.0,28339.0,green,1
J4792,I8579,28720.0,28723.0,green,1
J2258,I3430,10081.0,10094.0,brown,1
J2258,I3911,12035.0,12050.0,green,1
J2258,I6951,24024.0,24034.0,green,3
J3090,I5454,18375.0,18376.0,green,1
J3090,I5550,18717.0,18718.0,green,1
J3090,I5551,18718.0,18719.0,green,1
J3090,I5582,18857.0,18864.0,green,2
J3090,I5775,19632.0,19639.0,brown,1
J1771,I3325,9694.0,9702.0,brown,1
J1771,I5565,18785.0,18792.0,brown,3
J1771,I8582,28728.0,28729.0,green,1
J3134,I4659,15135.0,15146.0,green,1
J3134,I4786,15657.0,15661.0,brown,2
J3134,I6965,24098.0,24101.0,green,2
J4932,I6100,20903.0,20911.0,brown,3
J4932,I8878,29376.0,29380.0,green,1
J4932,I8997,29599.0,29600.0,green,1
J2210,I3863,11826.0,11830.0,brown,4
J4036,I6565,22591.0,22601.0,green,1
J4036,I7245,25014.0,25017.0,green,3
J4036,I8101,27503.0,27505.0,green,2
J4575,I6803,23438.0,23440.0,brown,1
J4575,I7060,24438.0,24440.0,green,2
J4575,I7092,24530.0,24539.0,green,1
J561,I311,536.0,538.0,green,1
J561,I375,662.0,664.0,green,1
J561,I2410,6406.0,6412.0,brown,3
J561,I2456,6546.0,6552.0,green,1
J1690,I1988,4905.0,4909.0,green,2
J1690,I1989,4909.0,4913.0,green,1
J1690,I2117,5362.0,5369.0,green,1
J3357,I3410,10011.0,10013.0,brown,1
J3357,I7106,24572.0,24579.0,brown,2
J3357,I7219,24925.0,24938.0,green,3
J3101,I7307,25234.0,25243.0,green,3
J3183,I5408,18203.0,18207.0,green,1
J3183,I5471,18433.0,18434.0,green,1
J3446,I2348,6172.0,6177.0,brown,4
J3446,I2924,8148.0,8149.0,green,1
J3446,I4012,12491.0,12495.0,brown,1
J1512,I4591,14866.0,14876.0,green,4
J1512,I4751,15508.0,15521.0,green,1
J2522,I1983,4889.0,4893.0,green,1
J2522,I3904,11990.0,12003.0,green,1
J2522,I5524,18597.0,18603.0,brown,1
J2154,I3241,9384.0,9387.0,brown,2
J2154,I3946,12197.0,12205.0,green,1
J2154,I4874,16029.0,16032.0,green,1
J2154,I6410,22037.0,22038.0,green,1
J1718,I1028,2162.0,2167.0,green,3
J1718,I1316,2895.0,2898.0,green,2
J1718,I3076,8736.0,8742.0,brown,1
J2699,I4783,15647.0,15650.0,brown,3
J2699,I5167,17229.0,17239.0,brown,3
J2014,I2926,8151.0,8162.0,green,2
J2014,I4751,15508.0,15521.0,green,2
J2014,I8791,29193.0,29195.0,green,2
J1851,I344,592.0,593.0,green,1
J1851,I600,1146.0,1149.0,green,1
J1851,I1049,2225.0,2229.0,green,1
J1851,I2200,5695.0,5696.0,brown,1
J1851,I4761,15562.0,15566.0,green,2
J2716,I3358,9829.0,9832.0,red,1
J2716,I3935,12162.0,12163.0,green,1
J2716,I6911,23897.0,23908.0,green,4
J577,I3620,10771.0,10775.0,green,1
J577,I7107,24579.0,24587.0,brown,3
J1742,I1997,4927.0,4932.0,green,1
J1742,I3694,11082.0,11091.0,green,2
J1742,I5070,16821.0,16824.0,green,2
J1742,I5852,19879.0,19881.0,green,1
J199,I950,1977.0,1983.0,brown,2
J199,I3734,11251.0,11256.0,green,1
J2102,I1540,3490.0,3492.0,green,2
J2102,I1732,4105.0,4110.0,red,1
J2102,I2948,8227.0,8231.0,green,1
J161,I71,100.0,105.0,red,2
J161,I231,392.0,393.0,green,1
J161,I2664,7266.0,7268.0,green,1
J161,I4004,12437.0,12442.0,green,1
J161,I4008,12457.0,12458.0,green,1
J4849,I3752,11361.0,11366.0,red,1
J4849,I3784,11492.0,11497.0,green,1
J4849,I3880,11886.0,11899.0,brown,3
J268,I781,1579.0,1582.0,brown,1
J268,I1901,4618.0,4624.0,brown,1
J268,I2222,5775.0,5784.0,green,2
J3717,I4511,14511.0,14512.0,brown,1
J3717,I6592,22705.0,22710.0,green,2
J3717,I8352,28173.0,28180.0,green,2
J1680,I2728,7483.0,7485.0,red,2
J1680,I2824,7811.0,7814.0,brown,1
J2744,I3406,9999.0,10003.0,green,1
J2744,I7567,26007.0,26008.0,green,1
J2170,I3647,10872.0,10882.0,red,1
J2170,I4288,13640.0,13646.0,brown,1
J2170,I6560,22565.0,22570.0,brown,1
J2170,I8736,29078.0,29080.0,brown,2
J3354,I1411,3152.0,3155.0,red,1
J3354,I1795,4291.0,4294.0,brown,1
J3354,I4483,14399.0,14409.0,brown,2
J3354,I6812,23492.0,23497.0,green,1
J3354,I7128,24636.0,24645.0,green,1
J4541,I5101,16950.0,16964.0,green,3
J4541,I7596,26065.0,26072.0,brown,1
J2409,I6490,22324.0,22326.0,brown,1
J2409,I7611,26124.0,26127.0,green,2
J2409,I8411,28324.0,28330.0,green,1
J2409,I8667,28929.0,28933.0,green,1
J2409,I8795,29205.0,29207.0,green,1
J759,I6921,23940.0,23943.0,brown,1
J759,I7530,25906.0,25909.0,green,1
J759,I8458,28432.0,28433.0,green,1
J759,I9004,29612.0,29615.0,green,1
J4397,I4751,15508.0,15521.0,green,1
J4397,I4846,15921.0,15928.0,brown,4
J4397,I8885,29389.0,29390.0,green,1
J4436,I3342,9758.0,9761.0,green,1
J4436,I5647,19145.0,19146.0,green,1
J4436,I7759,26531.0,26536.0,green,1
J4436,I8495,28519.0,28521.0,green,1
J4436,I9139,29855.0,29857.0,green,1
J4436,I9183,29923.0,29925.0,green,1
J732,I7266,25074.0,25081.0,brown,3
J732,I7291,25188.0,25191.0,green,1
J327,I683,1359.0,1360.0,green,1
J327,I748,1506.0,1508.0,red,2
J327,I6700,23073.0,23076.0,green,1
J327,I6732,23174.0,23177.0,green,1
J327,I6899,23858.0,23859.0,brown,1
J3755,I4484,14409.0,14419.0,brown,5
J3755,I9130,29842.0,29843.0,green,1
J4446,I6448,22175.0,22179.0,green,2
J4446,I8815,29250.0,29252.0,brown,1
J4446,I9071,29740.0,29741.0,brown,1
J2028,I2855,7909.0,7915.0,green,1
J2028,I4039,12615.0,12620.0,brown,1
J2028,I4199,13299.0,13300.0,brown,1
J2028,I6968,24105.0,24110.0,green,1
J2028,I7212,24887.0,24893.0,green,1
J4689,I6495,22340.0,22343.0,brown,1
J4689,I6623,22842.0,22843.0,brown,1
J4689,I6656,22951.0,22955.0,red,1
J4689,I6879,23766.0,23767.0,brown,1
J4689,I7808,26689.0,26696.0,green,1
J4514,I2434,6482.0,6487.0,green,1
J4514,I4803,15706.0,15708.0,green,1
J4514,I6755,23262.0,23265.0,green,1
J4514,I8099,27498.0,27501.0,green,2
J1047,I1023,2144.0,2150.0,green,2
J1047,I1184,2564.0,2565.0,green,1
J1047,I2208,5712.0,5720.0,green,1
J1047,I2848,7889.0,7891.0,green,1
J1047,I3362,9844.0,9845.0,brown,1
J4745,I7179,24776.0,24780.0,green,3
J4745,I8754,29110.0,29111.0,brown,1
J4745,I8818,29256.0,29257.0,brown,1
J2406,I3496,10344.0,10346.0,green,1
J2406,I3591,10659.0,10666.0,red,2
J2406,I4568,14771.0,14776.0,green,1
J3844,I1930,4704.0,4710.0,red,5
J3844,I2027,5055.0,5058.0,green,1
J4466,I5233,17482.0,17493.0,brown,4
J4466,I7473,25763.0,25764.0,brown,1
J4466,I8178,27755.0,27757.0,green,1
J2860,I4282,13608.0,13615.0,green,1
J2860,I4346,13832.0,13834.0,green,1
J2860,I4986,16500.0,16509.0,green,1
J320,I3617,10756.0,10764.0,brown,1
J320,I4354,13886.0,13893.0,green,3
J320,I5921,20174.0,20185.0,brown,2
J4189,I6015,20553.0,20564.0,green,5
J494,I349,598.0,600.0,green,2
J494,I799,1614.0,1619.0,brown,1
J494,I1631,3758.0,3764.0,brown,1
J494,I1663,3865.0,3868.0,brown,1
J4214,I6794,23401.0,23403.0,green,1
J4214,I8041,27341.0,27345.0,brown,1
J4214,I8330,28118.0,28130.0,green,1
J7,I38,54.0,56.0,green,1
J7,I3911,12035.0,12050.0,green,1
J7,I4887,16076.0,16080.0,green,1
J7,I5455,18376.0,18379.0,green,2
J527,I1374,3054.0,3055.0,brown,1
J527,I1438,3228.0,3234.0,brown,3
J527,I1534,3469.0,3472.0,brown,1
J527,I4158,13118.0,13134.0,green,1
J2729,I4114,12884.0,12889.0,green,2
J2729,I4179,13225.0,13229.0,green,2
J2729,I4755,15529.0,15534.0,green,1
J4608,I6921,23940.0,23943.0,brown,1
J4608,I7689,26336.0,26339.0,brown,2
J4608,I8746,29094.0,29099.0,green,2
J4608,I9010,29623.0,29624.0,green,1
J2351,I3799,11537.0,11542.0,green,3
J2351,I4279,13602.0,13604.0,green,2
J1579,I1621,3736.0,3737.0,brown,1
J1579,I1653,3835.0,3839.0,brown,1
J1579,I1749,4151.0,4153.0,green,1
J1579,I5566,18792.0,18797.0,brown,1
J562,I1141,2452.0,2461.0,green,2
J562,I2325,6101.0,6107.0,green,1
J562,I3949,12215.0,12220.0,green,3
J4686,I6144,21079.0,21084.0,green,2
J154,I743,1494.0,1496.0,red,1
J154,I8792,29195.0,29198.0,green,1
J20,I120,180.0,182.0,brown,2
J20,I185,295.0,299.0,green,3
J20,I4889,16086.0,16091.0,green,1
J3237,I6166,21153.0,21155.0,green,1
J3237,I6454,22213.0,22219.0,green,2
J2708,I5125,17068.0,17073.0,brown,2
J2708,I5445,18348.0,18353.0,brown,3
J2708,I6270,21535.0,21540.0,green,1
J1466,I1648,3816.0,3819.0,brown,1
J1466,I2575,6934.0,6944.0,red,2
J1466,I4976,16443.0,16449.0,green,1
J1466,I5584,18866.0,18869.0,green,1
J1466,I5748,19534.0,19537.0,brown,1
J1101,I2185,5625.0,5630.0,green,2
J1101,I2249,5844.0,5845.0,brown,1
J1084,I2036,5092.0,5096.0,green,2
J1084,I2165,5547.0,5554.0,green,3
J1629,I2906,8088.0,8093.0,brown,1
J1629,I2938,8190.0,8191.0,brown,1
J1629,I3003,8440.0,8453.0,red,1
J1629,I3291,9575.0,9577.0,green,1
J1629,I3451,10149.0,10151.0,green,1
J1629,I5268,17617.0,17624.0,brown,1
J3823,I4317,13717.0,13720.0,red,1
J3823,I4350,13840.0,13843.0,green,2
J3823,I4446,14254.0,14257.0,green,2
J3823,I4734,15457.0,15458.0,green,1
J3726,I4487,14426.0,14432.0,brown,2
J3726,I4584,14839.0,14843.0,green,1
J1424,I589,1119.0,1121.0,green,2
J1424,I3948,12207.0,12215.0,green,2
J2194,I4149,13072.0,13083.0,red,1
J2194,I4693,15276.0,15281.0,brown,2
J2194,I5446,18353.0,18357.0,green,2
J266,I249,418.0,420.0,green,2
J266,I3066,8683.0,8690.0,green,1
J266,I4282,13608.0,13615.0,green,1
J266,I6334,21775.0,21786.0,green,2
J2694,I3341,9753.0,9758.0,green,1
J2694,I7602,26086.0,26097.0,green,2
J3146,I5646,19142.0,19145.0,green,3
J4926,I8352,28173.0,28180.0,green,1
J4926,I8703,29014.0,29015.0,brown,1
J4926,I8735,29077.0,29078.0,brown,1
J4926,I8767,29138.0,29140.0,brown,1
J4926,I8831,29281.0,29284.0,brown,1
J4926,I8959,29531.0,29532.0,brown,1
J2672,I5270,17625.0,17634.0,brown,1
J2672,I5359,17981.0,17988.0,green,2
J253,I715,1423.0,1424.0,brown,1
J253,I6028,20625.0,20631.0,green,2
J253,I6060,20753.0,20756.0,green,3
J989,I358,624.0,625.0,green,1
J989,I2182,5618.0,5620.0,green,1
J989,I2214,5734.0,5735.0,green,1
J989,I2246,5829.0,5837.0,green,1
J989,I2850,7897.0,7901.0,green,1
J3203,I5406,18201.0,18202.0,green,1
J3203,I5438,18332.0,18333.0,brown,1
J3203,I8134,27614.0,27622.0,brown,1
J3203,I8245,27921.0,27925.0,green,1
J4633,I4780,15640.0,15642.0,brown,1
J4633,I6892,23827.0,23836.0,brown,4
J4633,I8822,29263.0,29266.0,brown,1
J418,I320,553.0,556.0,green,2
J418,I577,1094.0,1100.0,green,4
J3888,I2802,7726.0,7728.0,brown,1
J3888,I6994,24207.0,24217.0,brown,2
J3888,I8163,27713.0,27720.0,green,1
J3265,I2600,7018.0,7031.0,green,1
J3265,I2824,7811.0,7814.0,brown,1
J3265,I3817,11615.0,11629.0,green,1
J3265,I4072,12761.0,12768.0,brown,1
J3265,I5641,19125.0,19134.0,green,2
J2532,I3621,10775.0,10778.0,green,1
J2532,I3622,10778.0,10783.0,green,3
J2532,I3686,11043.0,11050.0,green,2
J4821,I5089,16894.0,16895.0,green,1
J4821,I5602,18932.0,18934.0,green,1
J4821,I8641,28874.0,28881.0,brown,2
J2107,I1796,4294.0,4300.0,brown,2
J2107,I2980,8345.0,8354.0,green,1
J2107,I4741,15477.0,15482.0,green,1
J4156,I5643,19135.0,19138.0,green,2
J4257,I6018,20573.0,20575.0,green,2
J4257,I6146,21085.0,21087.0,green,1
J4257,I6162,21135.0,21139.0,green,1
J4257,I6178,21237.0,21247.0,green,1
J4257,I6882,23778.0,23784.0,brown,1
J3693,I5898,20113.0,20120.0,brown,1
J3693,I7285,25165.0,25181.0,green,1
J3693,I7395,25497.0,25504.0,green,2
J1645,I3372,9868.0,9873.0,red,2
J181,I267,449.0,453.0,green,1
J181,I939,1949.0,1955.0,red,2
J181,I4588,14856.0,14859.0,green,3
J956,I2042,5108.0,5110.0,green,1
J956,I2074,5235.0,5240.0,red,1
J956,I2811,7757.0,7768.0,green,1
J956,I5243,17522.0,17532.0,green,1
J956,I6019,20575.0,20591.0,green,1
J956,I6059,20747.0,20753.0,green,1
J153,I3229,9350.0,9356.0,green,1
J153,I3934,12145.0,12162.0,green,3
J153,I7398,25511.0,25515.0,green,1
J412,I484,894.0,898.0,green,1
J412,I548,1019.0,1021.0,red,1
J412,I965,2016.0,2018.0,brown,1
J412,I1689,3965.0,3970.0,green,1
J1602,I2967,8293.0,8300.0,red,2
J1602,I7559,25986.0,25992.0,brown,1
J1602,I7639,26205.0,26212.0,brown,2
J4110,I3360,9833.0,9839.0,red,1
J4110,I3745,11330.0,11343.0,green,1
J4110,I6560,22565.0,22570.0,brown,1
J3864,I2423,6449.0,6450.0,green,1
J3864,I2583,6967.0,6970.0,brown,2
J3864,I3896,11952.0,11958.0,green,1
J4084,I3787,11499.0,11500.0,green,1
J4084,I5227,17446.0,17453.0,brown,2
J112,I251,422.0,424.0,green,2
J112,I284,487.0,490.0,green,1
J4284,I2471,6601.0,6610.0,green,2
J4284,I6376,21933.0,21937.0,green,1
J4284,I7271,25095.0,25108.0,brown,1
J1162,I6277,21553.0,21554.0,green,1
J1162,I6501,22367.0,22376.0,green,4
J1162,I6565,22591.0,22601.0,green,1
J3,I71,100.0,105.0,red,2
J3,I327,566.0,567.0,green,1
J3,I7690,26339.0,26344.0,brown,1
J3617,I994,2078.0,2081.0,red,1
J3617,I6323,21739.0,21743.0,green,2
J3617,I8035,27327.0,27332.0,green,3
J1712,I2300,6029.0,6037.0,brown,1
J1712,I2621,7120.0,7131.0,green,1
J1712,I2972,8313.0,8320.0,brown,1
J1712,I3292,9577.0,9585.0,green,1
J2942,I2866,7953.0,7958.0,green,1
J2942,I4018,12508.0,12516.0,brown,1
J2942,I4841,15884.0,15895.0,green,1
J2942,I5379,18075.0,18090.0,green,1
J2942,I5507,18531.0,18539.0,green,2
J3973,I5016,16627.0,16631.0,brown,3
J5000,I3723,11201.0,11211.0,brown,2
J5000,I6380,21943.0,21944.0,green,1
J5000,I6988,24189.0,24193.0,green,1
J5000,I8876,29373.0,29375.0,green,1
J5000,I9228,29995.0,29996.0,green,1
J2031,I3122,8924.0,8930.0,green,1
J2031,I3538,10484.0,10493.0,green,1
J2031,I3603,10703.0,10714.0,green,1
J2031,I4979,16456.0,16459.0,green,1
J2031,I5235,17496.0,17500.0,brown,1
J2031,I5397,18162.0,18166.0,green,1
J1068,I464,849.0,851.0,red,1
J1068,I528,982.0,983.0,red,1
J1068,I720,1433.0,1437.0,red,1
J1068,I5393,18148.0,18153.0,green,2
J1068,I8361,28206.0,28208.0,green,1
J4489,I5109,17003.0,17005.0,brown,1
J4489,I5173,17267.0,17274.0,brown,3
J4489,I8878,29376.0,29380.0,green,2
J4534,I721,1437.0,1439.0,red,1
J4534,I8242,27904.0,27915.0,green,3
J4534,I9138,29853.0,29855.0,green,1
J4885,I2608,7045.0,7055.0,green,1
J4885,I7152,24707.0,24713.0,brown,1
J4885,I7985,27179.0,27182.0,brown,2
J4885,I8529,28589.0,28592.0,brown,1
J4885,I8625,28826.0,28827.0,brown,1
J2584,I2677,7310.0,7317.0,red,1
J2584,I2742,7527.0,7531.0,green,1
J2584,I5142,17120.0,17129.0,brown,2
J2584,I7830,26760.0,26763.0,brown,1
J4054,I2460,6563.0,6567.0,green,1
J4054,I5788,19686.0,19688.0,brown,1
J4054,I7421,25591.0,25595.0,green,1
J4054,I8212,27833.0,27834.0,brown,1
J4054,I8434,28384.0,28387.0,green,1
J4054,I8604,28771.0,28773.0,brown,1
J3689,I2759,7583.0,7585.0,green,1
J3689,I2919,8141.0,8142.0,brown,1
J3689,I4104,12860.0,12864.0,green,1
J3689,I6376,21933.0,21937.0,green,1
J3689,I7192,24813.0,24819.0,green,2
J3902,I6678,23006.0,23007.0,brown,1
J3902,I7038,24354.0,24362.0,brown,1
J3902,I7287,25182.0,25184.0,green,2
J413,I1124,2417.0,2418.0,red,1
J413,I1156,2494.0,2497.0,red,2
J413,I1669,3882.0,3885.0,brown,2
J413,I1732,4105.0,4110.0,red,1
J915,I352,605.0,609.0,green,3
J2419,I3452,10151.0,10158.0,green,1
J2419,I3613,10739.0,10743.0,green,1
J2419,I3741,11301.0,11315.0,green,3
J2419,I5629,19061.0,19064.0,green,1
J3685,I3711,11156.0,11162.0,green,2
J3685,I3742,11315.0,11326.0,green,1
J3685,I3807,11580.0,11589.0,green,2
J3685,I7209,24875.0,24885.0,green,1
J80,I250,420.0,422.0,green,2
J80,I4274,13589.0,13591.0,green,1
J3333,I3919,12088.0,12093.0,green,1
J3333,I3982,12340.0,12347.0,brown,5
J1312,I1636,3776.0,3784.0,brown,2
J1312,I4190,13274.0,13276.0,green,2
J1312,I4549,14682.0,14691.0,green,2
J3890,I5436,18329.0,18330.0,brown,1
J3890,I5500,18515.0,18518.0,brown,3
J3890,I7836,26774.0,26779.0,brown,1
J3890,I8740,29083.0,29085.0,brown,1
J116,I198,324.0,325.0,green,1
J116,I326,563.0,566.0,green,2
J116,I390,692.0,697.0,green,1
J116,I806,1629.0,1630.0,green,1
J2526,I4405,14083.0,14085.0,green,1
J2526,I4501,14486.0,14488.0,red,2
J2526,I8278,27996.0,27997.0,green,1
J2526,I8470,28456.0,28459.0,brown,1
J2526,I8866,29350.0,29351.0,brown,1
J2825,I5935,20230.0,20234.0,green,1
J2825,I7523,25887.0,25894.0,green,2
J293,I663,1287.0,1289.0,green,1
J293,I695,1382.0,1387.0,green,3
J293,I1060,2261.0,2267.0,green,2
J1580,I2152,5489.0,5496.0,green,1
J1580,I2375,6270.0,6274.0,red,1
J1580,I6968,24105.0,24110.0,green,4
J484,I1084,2318.0,2320.0,green,2
J484,I1085,2320.0,2323.0,green,2
J484,I1117,2393.0,2397.0,green,1
J484,I2493,6663.0,6667.0,green,1
J4758,I6756,23265.0,23270.0,green,2
J4758,I7428,25619.0,25622.0,green,1
J4758,I8948,29513.0,29517.0,green,1
J4758,I8996,29596.0,29599.0,green,1
J4758,I9124,29829.0,29830.0,green,1
J4907,I7924,27032.0,27034.0,green,2
J4907,I7956,27115.0,27116.0,green,1
J4907,I8116,27550.0,27562.0,green,2
J4907,I8884,29387.0,29389.0,green,1
J2741,I1946,4768.0,4775.0,green,1
J2741,I4219,13368.0,13376.0,green,1
J2741,I6811,23487.0,23492.0,green,1
J261,I1703,4016.0,4021.0,brown,1
J261,I4168,13167.0,13172.0,green,2
J261,I5640,19123.0,19125.0,green,1
J3752,I3648,10882.0,10891.0,red,1
J3752,I5857,19900.0,19912.0,green,2
J3752,I6025,20607.0,20618.0,green,1
J3752,I6593,22710.0,22711.0,green,1
J3752,I6622,22837.0,22842.0,brown,1
J2071,I862,1773.0,1777.0,green,3
J1138,I1724,4086.0,4088.0,red,1
J1138,I2141,5452.0,5457.0,green,2
J1138,I3069,8704.0,8711.0,green,1
J1916,I3217,9312.0,9317.0,brown,1
J1916,I6564,22580.0,22591.0,green,2
J1916,I6812,23492.0,23497.0,green,2
J1916,I6881,23772.0,23778.0,brown,1
J4761,I1416,3171.0,3179.0,red,3
J4761,I7977,27163.0,27165.0,brown,2
J4761,I8041,27341.0,27345.0,brown,1
J2600,I2621,7120.0,7131.0,green,3
J2600,I2622,7131.0,7134.0,green,1
J2600,I4510,14504.0,14511.0,brown,2
J638,I787,1592.0,1593.0,brown,1
J638,I819,1652.0,1656.0,green,3
J638,I1635,3770.0,3776.0,brown,1
J1912,I3571,10600.0,10601.0,brown,1
J1912,I3604,10714.0,10718.0,green,1
J1912,I3700,11116.0,11125.0,green,2
J1912,I5332,17883.0,17888.0,green,1
J2259,I4212,13348.0,13349.0,green,1
J2259,I4340,13805.0,13806.0,green,1
J2259,I5813,19764.0,19772.0,green,1
J3996,I4556,14717.0,14723.0,green,1
J3996,I4651,15109.0,15111.0,brown,2
J3312,I5046,16752.0,16753.0,brown,1
J3312,I5239,17508.0,17509.0,green,1
J3312,I5943,20272.0,20273.0,green,1
J3312,I6007,20530.0,20534.0,green,3
J4515,I8143,27652.0,27654.0,green,2
J4515,I8335,28137.0,28142.0,green,3
J4325,I7217,24918.0,24920.0,green,1
J4325,I7376,25443.0,25445.0,brown,2
J4325,I7824,26745.0,26755.0,brown,1
J4325,I8657,28905.0,28908.0,green,1
J3380,I4773,15617.0,15618.0,green,1
J3380,I4774,15618.0,15621.0,green,3
J3380,I4806,15727.0,15729.0,green,1
J3380,I4838,15865.0,15871.0,green,1
J4602,I7844,26792.0,26794.0,brown,2
J4602,I7909,26996.0,26998.0,green,1
J4602,I7989,27195.0,27197.0,green,1
J4602,I8117,27562.0,27570.0,green,1
J4602,I8229,27875.0,27877.0,green,1
J3835,I4758,15546.0,15550.0,green,1
J3835,I5622,19017.0,19034.0,green,3
J1407,I2856,7915.0,7917.0,green,1
J1407,I2887,8011.0,8015.0,green,1
J1407,I2911,8114.0,8115.0,brown,1
J3054,I3302,9624.0,9625.0,red,1
J3054,I6138,21053.0,21059.0,green,1
J3054,I6279,21556.0,21557.0,green,1
J3054,I6439,22137.0,22140.0,green,3
J2128,I3330,9714.0,9719.0,green,1
J2128,I3361,9839.0,9844.0,brown,1
J2128,I3586,10645.0,10648.0,green,1
J2128,I3905,12003.0,12004.0,green,1
J2128,I4002,12429.0,12436.0,green,1
J2287,I2287,5974.0,5985.0,green,1
J2287,I4658,15125.0,15135.0,green,3
J4274,I3151,9047.0,9051.0,red,1
J4274,I7362,25404.0,25407.0,brown,3
J4382,I3619,10768.0,10771.0,brown,1
J4382,I3875,11863.0,11867.0,brown,1
J4382,I4291,13648.0,13655.0,brown,3
J428,I910,1878.0,1880.0,brown,1
J428,I2798,7697.0,7707.0,green,3
J428,I3862,11825.0,11826.0,brown,1
J1630,I1722,4079.0,4083.0,red,1
J1630,I1755,4173.0,4177.0,green,1
J1630,I1979,4879.0,4885.0,brown,2
J1630,I7099,24555.0,24559.0,brown,1
J3433,I2575,6934.0,6944.0,red,2
J3433,I7056,24426.0,24431.0,green,2
J3433,I8060,27393.0,27394.0,green,1
J3920,I5671,19230.0,19235.0,green,4
J3920,I5702,19328.0,19329.0,brown,1
J3920,I6023,20604.0,20606.0,green,1
J618,I20,26.0,31.0,green,3
J618,I2036,5092.0,5096.0,green,1
J193,I3052,8624.0,8628.0,green,2
J193,I3500,10358.0,10364.0,green,1
J193,I3820,11639.0,11646.0,green,3
J4703,I3827,11661.0,11670.0,green,2
J4703,I4083,12797.0,12801.0,red,1
J4703,I4499,14478.0,14481.0,brown,1
J4703,I8244,27918.0,27921.0,green,1
J4784,I6560,22565.0,22570.0,brown,2
J4784,I8065,27404.0,27405.0,green,1
J3371,I5593,18893.0,18904.0,green,1
J3371,I6488,22319.0,22322.0,brown,1
J3371,I8561,28682.0,28684.0,green,2
J264,I85,124.0,126.0,brown,2
J264,I1317,2898.0,2908.0,green,1
J264,I3270,9493.0,9505.0,green,1
J264,I5638,19112.0,19115.0,green,2
J4640,I3638,10829.0,10837.0,green,2
J4640,I7638,26203.0,26205.0,brown,1
J4640,I8103,27507.0,27513.0,green,1
J557,I6813,23497.0,23506.0,green,1
J557,I7293,25192.0,25196.0,green,1
J557,I7421,25591.0,25595.0,green,1
J557,I8540,28624.0,28625.0,brown,1
J557,I8828,29274.0,29276.0,brown,1
J613,I1057,2250.0,2255.0,green,1
J613,I1120,2411.0,2412.0,red,1
J613,I1152,2482.0,2483.0,green,1
J613,I1441,3238.0,3244.0,green,2
J877,I1536,3476.0,3481.0,green,2
J877,I2048,5141.0,5153.0,green,4
J370,I873,1801.0,1802.0,green,1
J370,I905,1871.0,1873.0,brown,1
J370,I1610,3691.0,3702.0,brown,1
J370,I2186,5630.0,5637.0,green,3
J2402,I2468,6595.0,6598.0,green,1
J2402,I2980,8345.0,8354.0,green,1
J2402,I5861,19924.0,19936.0,green,1
J2402,I7973,27157.0,27159.0,green,1
J2402,I8069,27416.0,27418.0,green,2
J633,I1162,2506.0,2509.0,red,1
J633,I1194,2586.0,2588.0,green,1
J633,I1226,2653.0,2654.0,green,1
J633,I2219,5758.0,5765.0,green,1
J633,I3691,11066.0,11077.0,green,2
J3470,I1007,2112.0,2115.0,red,1
J3470,I1231,2672.0,2682.0,green,1
J3470,I6290,21591.0,21596.0,green,1
J3470,I6622,22837.0,22842.0,brown,1
J3470,I6959,24071.0,24077.0,brown,2
J4191,I417,758.0,761.0,red,1
J4191,I4770,15598.0,15608.0,green,1
J4191,I5569,18805.0,18812.0,brown,1
J1614,I2608,7045.0,7055.0,green,3
J1593,I3122,8924.0,8930.0,green,2
J1593,I5342,17909.0,17918.0,brown,1
J55,I182,291.0,293.0,green,1
J55,I2215,5735.0,5750.0,green,1
J1856,I855,1752.0,1758.0,brown,1
J1856,I4824,15803.0,15809.0,green,1
J551,I1079,2301.0,2305.0,green,2
J551,I1315,2892.0,2895.0,green,2
J551,I1580,3590.0,3595.0,green,1
J2917,I2518,6763.0,6766.0,green,1
J2917,I3735,11256.0,11266.0,green,4
J4350,I6266,21515.0,21526.0,green,2
J3537,I5910,20142.0,20143.0,green,1
J3537,I5911,20143.0,20150.0,green,2
J3537,I5942,20268.0,20272.0,green,1
J195,I503,931.0,932.0,brown,1
J195,I535,991.0,992.0,brown,1
J195,I567,1070.0,1071.0,green,1
J195,I650,1251.0,1253.0,green,2
J195,I671,1319.0,1326.0,green,1
J1003,I1713,4053.0,4056.0,green,1
J1003,I1714,4056.0,4063.0,green,2
J4247,I5914,20153.0,20159.0,brown,1
J4247,I5947,20297.0,20301.0,green,2
J4803,I5526,18607.0,18608.0,brown,1
J4803,I6615,22797.0,22802.0,green,1
J3707,I4263,13548.0,13565.0,brown,3
J1275,I390,692.0,697.0,green,2
J1275,I3911,12035.0,12050.0,green,1
J873,I1910,4649.0,4650.0,brown,1
J873,I2006,4970.0,4975.0,green,1
J873,I3447,10134.0,10139.0,green,1
J873,I3639,10837.0,10846.0,green,1
J356,I12,16.0,17.0,green,1
J356,I116,168.0,174.0,brown,3
J2491,I1400,3121.0,3124.0,brown,1
J2491,I4185,13237.0,13246.0,green,2
J2491,I5337,17895.0,17904.0,green,1
J2491,I7353,25368.0,25370.0,green,2
J563,I328,567.0,568.0,green,1
J563,I425,775.0,780.0,green,1
J563,I499,924.0,927.0,brown,1
J563,I1512,3417.0,3419.0,green,1
J563,I4204,13321.0,13325.0,brown,1
J563,I4649,15101.0,15107.0,green,1
J3136,I3968,12288.0,12296.0,red,1
J3136,I4032,12595.0,12598.0,brown,2
J3136,I4288,13640.0,13646.0,brown,1
J3136,I8673,28942.0,28953.0,green,1
J3136,I9009,29622.0,29623.0,green,1
J4318,I3856,11790.0,11797.0,brown,3
J4318,I6457,22224.0,22235.0,green,2
J1326,I2841,7863.0,7868.0,green,1
J1326,I2872,7970.0,7971.0,green,1
J1326,I2968,8300.0,8307.0,brown,1
J1326,I3289,9568.0,9572.0,green,1
J1326,I6169,21171.0,21176.0,green,1
J1326,I7080,24485.0,24499.0,brown,1
J1832,I720,1433.0,1437.0,red,2
J1832,I1904,4628.0,4631.0,brown,1
J1832,I5232,17478.0,17482.0,brown,2
J1832,I6624,22843.0,22844.0,brown,1
J1158,I1677,3911.0,3914.0,green,2
J1158,I1901,4618.0,4624.0,brown,3
J1158,I4398,14052.0,14053.0,green,1
J3444,I4471,14335.0,14344.0,brown,2
J2691,I220,369.0,372.0,red,1
J2691,I2653,7226.0,7241.0,green,2
J2691,I2972,8313.0,8320.0,brown,1
J2691,I5549,18708.0,18717.0,green,2
J1027,I2421,6444.0,6448.0,green,1
J1027,I2485,6651.0,6653.0,green,1
J1027,I2613,7083.0,7089.0,green,1
J1027,I2629,7147.0,7153.0,green,1
J3323,I3518,10417.0,10429.0,green,4
J3323,I3837,11702.0,11704.0,brown,1
J3323,I5022,16650.0,16660.0,green,1
J3891,I381,676.0,681.0,red,1
J3891,I445,812.0,813.0,red,1
J3891,I5245,17533.0,17534.0,brown,1
J3891,I8189,27780.0,27781.0,brown,1
J3891,I8285,28006.0,28010.0,brown,1
J3821,I5765,19607.0,19610.0,green,1
J3821,I5861,19924.0,19936.0,green,1
J3821,I7364,25410.0,25413.0,brown,1
J3821,I8196,27793.0,27795.0,brown,1
J3821,I8581,28724.0,28728.0,green,2
J3533,I5307,17785.0,17798.0,green,6
J3036,I5304,17773.0,17778.0,green,3
J3036,I5448,18359.0,18364.0,green,2
J2251,I371,652.0,655.0,green,1
J2251,I402,725.0,729.0,red,1
J2251,I434,791.0,792.0,green,1
J2251,I659,1273.0,1278.0,green,2
J2251,I914,1884.0,1886.0,brown,1
J2157,I1435,3224.0,3225.0,red,1
J2157,I1819,4374.0,4377.0,red,1
J2157,I4028,12576.0,12586.0,green,2
J2157,I4732,15444.0,15446.0,green,1
J648,I1396,3108.0,3110.0,brown,1
J648,I1589,3610.0,3612.0,green,1
J648,I1749,4151.0,4153.0,green,1
J648,I2197,5683.0,5688.0,green,1
J648,I3030,8538.0,8545.0,green,1
J1166,I217,362.0,363.0,brown,1
J1166,I378,667.0,672.0,green,1
J1166,I1082,2309.0,2317.0,green,2
J1166,I3066,8683.0,8690.0,green,2
J174,I1750,4153.0,4160.0,green,2
J174,I6375,21926.0,21933.0,green,3
J174,I6805,23441.0,23446.0,green,1
J1399,I728,1463.0,1466.0,red,1
J1399,I920,1905.0,1908.0,red,1
J1399,I3929,12127.0,12131.0,green,1
J1399,I8761,29124.0,29125.0,brown,1
J1399,I8827,29273.0,29274.0,brown,1
J893,I413,750.0,753.0,red,1
J893,I606,1160.0,1161.0,green,1
J893,I5226,17441.0,17446.0,brown,4
J4717,I6683,23023.0,23028.0,brown,2
J4717,I6716,23108.0,23110.0,green,1
J4717,I8652,28898.0,28900.0,green,1
J4224,I2759,7583.0,7585.0,green,1
J4224,I2823,7806.0,7811.0,brown,3
J4224,I7783,26626.0,26628.0,brown,1
J4224,I7784,26628.0,26630.0,green,1
J4289,I5389,18131.0,18137.0,green,2
J4289,I7634,26187.0,26193.0,green,1
J4289,I7756,26523.0,26526.0,brown,1
J4289,I7789,26640.0,26643.0,green,1
J4289,I7916,27013.0,27017.0,brown,1
J203,I373,659.0,661.0,green,2
J203,I1046,2213.0,2221.0,green,1
J203,I3342,9758.0,9761.0,green,1
J3762,I4772,15609.0,15617.0,green,1
J3762,I5268,17617.0,17624.0,brown,1
J3762,I5796,19714.0,19716.0,brown,2
J3281,I1214,2628.0,2630.0,green,2
J4770,I8288,28012.0,28014.0,brown,2
J4770,I8708,29020.0,29024.0,brown,2
J1304,I2743,7531.0,7532.0,green,1
J1304,I2808,7750.0,7752.0,green,1
J1304,I2809,7752.0,7756.0,green,2
J1304,I2840,7862.0,7863.0,green,1
J1304,I2842,7868.0,7876.0,green,1
J3152,I2296,6015.0,6017.0,brown,2
J3152,I2328,6109.0,6112.0,green,1
J3152,I2361,6215.0,6227.0,red,1
J3152,I3289,9568.0,9572.0,green,2
J2213,I1560,3537.0,3544.0,red,1
J2213,I2424,6450.0,6451.0,green,1
J2213,I4025,12544.0,12557.0,green,1
J2213,I6017,20565.0,20573.0,green,1
J3787,I3638,10829.0,10837.0,green,5
J3787,I4437,14220.0,14224.0,brown,1
J2830,I4136,12998.0,13005.0,green,6
J3553,I2852,7902.0,7905.0,green,2
J3553,I3493,10331.0,10340.0,green,2
J3553,I4613,14925.0,14932.0,green,1
J3553,I6029,20631.0,20638.0,green,1
J600,I697,1388.0,1389.0,green,1
J600,I1241,2712.0,2715.0,brown,1
J600,I7206,24866.0,24867.0,green,1
J600,I7322,25289.0,25291.0,brown,2
J600,I7418,25585.0,25587.0,brown,1
J3637,I5745,19528.0,19529.0,brown,1
J3637,I5874,20002.0,20005.0,green,2
J3637,I6385,21961.0,21963.0,brown,1
J3637,I6594,22711.0,22723.0,green,2
J4030,I1295,2841.0,2844.0,red,1
J4030,I7632,26178.0,26183.0,green,2
J274,I174,280.0,281.0,green,1
J274,I751,1511.0,1514.0,red,2
J274,I3695,11091.0,11094.0,green,2
J274,I4559,14729.0,14732.0,green,1
J2315,I4201,13303.0,13311.0,brown,2
J2315,I4330,13773.0,13780.0,green,4
J716,I7034,24343.0,24347.0,brown,2
J716,I7579,26025.0,26029.0,green,4
J1083,I2437,6489.0,6493.0,green,1
J1083,I6822,23536.0,23554.0,green,3
J2766,I3018,8491.0,8492.0,red,1
J2766,I3338,9739.0,9743.0,green,1
J2766,I4555,14711.0,14717.0,green,2
J724,I1079,2301.0,2305.0,green,1
J724,I1111,2383.0,2386.0,green,1
J724,I1143,2462.0,2466.0,green,1
J724,I2039,5098.0,5106.0,green,2
J1114,I4380,13987.0,13997.0,green,3
J1114,I5659,19185.0,19191.0,brown,1
J1176,I2028,5058.0,5060.0,green,1
J1176,I2059,5187.0,5190.0,red,1
J1176,I2315,6077.0,6081.0,red,1
J1176,I2347,6170.0,6172.0,brown,1
J1176,I2860,7924.0,7928.0,green,2
J465,I2088,5282.0,5288.0,green,1
J465,I5936,20234.0,20252.0,green,1
J3472,I2410,6406.0,6412.0,brown,1
J3472,I2569,6909.0,6913.0,red,1
J1484,I4119,12903.0,12907.0,green,1
J1484,I4216,13355.0,13366.0,green,2
J1484,I5820,19784.0,19792.0,green,1
J1484,I6072,20803.0,20805.0,green,1
J1484,I6084,20854.0,20857.0,green,1
J788,I3181,9166.0,9169.0,brown,1
J788,I4733,15446.0,15457.0,green,1
J2317,I2892,8028.0,8039.0,red,2
J2317,I3276,9518.0,9525.0,brown,2
J2317,I3980,12329.0,12337.0,brown,1
J2865,I1718,4075.0,4076.0,green,1
J2865,I4407,14091.0,14094.0,green,1
J2865,I4887,16076.0,16080.0,green,1
J2865,I6486,22309.0,22315.0,brown,1
J2865,I7191,24812.0,24813.0,green,1
J2865,I7431,25628.0,25634.0,green,1
J3135,I2781,7655.0,7659.0,red,1
J3135,I2813,7770.0,7774.0,brown,2
J3135,I7902,26978.0,26980.0,green,1
J3135,I7966,27141.0,27142.0,green,1
J4734,I4570,14786.0,14787.0,green,1
J4734,I4666,15162.0,15169.0,green,1
J4734,I4794,15684.0,15685.0,brown,1
J4734,I5274,17641.0,17644.0,brown,1
J4734,I7034,24343.0,24347.0,brown,1
J597,I459,835.0,838.0,red,1
J597,I2827,7821.0,7822.0,brown,1
J597,I6123,21009.0,21019.0,brown,2
J597,I8084,27459.0,27464.0,green,2
J552,I667,1297.0,1316.0,green,3
J552,I698,1389.0,1393.0,green,2
J4707,I1157,2497.0,2502.0,red,3
J4707,I1605,3672.0,3673.0,brown,1
J4707,I6725,23140.0,23146.0,brown,1
J4707,I8550,28647.0,28652.0,green,1
J4949,I6283,21572.0,21573.0,green,1
J4949,I6603,22756.0,22760.0,green,2
J4949,I7691,26344.0,26348.0,brown,3
J3966,I6778,23336.0,23347.0,green,5
J3438,I4406,14085.0,14091.0,green,4
J3438,I5110,17005.0,17012.0,brown,1
J3438,I8270,27976.0,27977.0,green,1
J2239,I852,1741.0,1744.0,brown,1
J2239,I7285,25165.0,25181.0,green,2
J2261,I2508,6714.0,6719.0,green,1
J2261,I4076,12778.0,12781.0,brown,1
J2261,I4173,13197.0,13208.0,green,1
J2261,I6073,20805.0,20809.0,green,3
J242,I376,664.0,665.0,green,1
J242,I505,936.0,939.0,red,1
J242,I633,1209.0,1212.0,brown,2
J2759,I1413,3156.0,3160.0,red,1
J2759,I7365,25413.0,25414.0,brown,1
J2759,I8870,29356.0,29357.0,green,1
J2759,I9126,29832.0,29835.0,green,3
J2147,I402,725.0,729.0,red,1
J2147,I786,1589.0,1592.0,brown,2
J2147,I4338,13799.0,13803.0,brown,1
J2147,I8115,27549.0,27550.0,green,1
J760,I2001,4948.0,4955.0,green,1
J760,I4873,16016.0,16029.0,green,2
J760,I4962,16387.0,16407.0,green,1
J1879,I1838,4429.0,4430.0,red,1
J1879,I1902,4624.0,4625.0,brown,1
J1879,I1935,4732.0,4735.0,red,1
J1879,I1999,4936.0,4947.0,green,2
J1879,I4431,14192.0,14196.0,green,1
J3990,I2017,5011.0,5026.0,green,1
J3990,I6466,22258.0,22264.0,green,5
J451,I587,1113.0,1116.0,green,1
J451,I651,1253.0,1256.0,green,1
J451,I685,1361.0,1365.0,green,4
J3542,I4922,16235.0,16238.0,green,3
J3542,I4954,16341.0,16343.0,green,2
J3542,I6907,23888.0,23890.0,brown,1
J4477,I7135,24662.0,24668.0,green,5
J4477,I8355,28183.0,28190.0,green,1
J3661,I3547,10516.0,10529.0,red,1
J3661,I3612,10733.0,10739.0,green,3
J3661,I4188,13249.0,13269.0,green,1
J3661,I4700,15308.0,15316.0,green,1
J283,I557,1046.0,1047.0,green,1
J283,I717,1426.0,1427.0,brown,1
J283,I751,1511.0,1514.0,red,1
J283,I7149,24698.0,24699.0,brown,1
J283,I7214,24904.0,24909.0,green,1
J283,I7778,26609.0,26617.0,brown,1
J4904,I4801,15700.0,15703.0,green,1
J4904,I6080,20835.0,20844.0,brown,1
J4904,I8740,29083.0,29085.0,brown,1
J4904,I8864,29347.0,29349.0,brown,1
J3019,I4110,12876.0,12878.0,green,1
J3019,I6607,22768.0,22769.0,green,1
J3019,I7299,25206.0,25207.0,green,1
J3019,I7427,25612.0,25619.0,green,1
J1324,I2678,7317.0,7319.0,red,1
J1324,I2934,8176.0,8181.0,brown,2
J1324,I5391,18139.0,18147.0,green,1
J1262,I1950,4785.0,4786.0,red,1
J1262,I2046,5127.0,5133.0,green,2
J1262,I2047,5133.0,5141.0,green,1
J1262,I2078,5246.0,5250.0,red,1
J1431,I2902,8076.0,8078.0,red,1
J1431,I4471,14335.0,14344.0,brown,3
J18,I50,69.0,70.0,brown,1
J18,I75,108.0,109.0,red,1
J18,I202,330.0,336.0,green,1
J18,I218,363.0,368.0,brown,1
J18,I2443,6510.0,6519.0,green,2
J1748,I2458,6554.0,6560.0,green,1
J1748,I2553,6852.0,6853.0,green,1
J1748,I2649,7218.0,7221.0,green,2
J1748,I2681,7329.0,7334.0,brown,1
J1748,I3066,8683.0,8690.0,green,1
J2576,I4507,14499.0,14501.0,brown,1
J2576,I4636,15030.0,15034.0,green,1
J2576,I5915,20159.0,20161.0,brown,1
J4977,I8098,27496.0,27498.0,green,1
J4977,I8193,27787.0,27790.0,brown,1
J4977,I8257,27954.0,27958.0,brown,2
J4977,I8641,28874.0,28881.0,brown,1
J636,I1716,4064.0,4072.0,green,2
J636,I2515,6745.0,6760.0,green,2
J4353,I5091,16902.0,16910.0,green,1
J4353,I5123,17061.0,17067.0,brown,1
J4353,I5508,18539.0,18542.0,green,1
J4353,I5795,19706.0,19714.0,brown,2
J3102,I3170,9119.0,9122.0,red,1
J3102,I6915,23913.0,23921.0,brown,1
J3102,I7107,24579.0,24587.0,brown,3
J3534,I4735,15458.0,15460.0,green,1
J3534,I4736,15460.0,15467.0,green,1
J3534,I5279,17651.0,17653.0,brown,1
J3964,I6909,23893.0,23895.0,green,2
J1824,I871,1796.0,1797.0,green,1
J1824,I999,2088.0,2095.0,red,1
J1824,I1031,2174.0,2182.0,green,1
J1824,I2855,7909.0,7915.0,green,1
J1824,I4167,13166.0,13167.0,green,1
J1824,I4188,13249.0,13269.0,green,1
J3742,I4354,13886.0,13893.0,green,1
J3742,I4387,14016.0,14018.0,green,1
J3742,I4419,14140.0,14146.0,green,3
J3742,I6451,22192.0,22201.0,green,1
J2582,I4617,14942.0,14961.0,green,1
J2582,I5961,20352.0,20358.0,brown,2
J2582,I6889,23812.0,23822.0,brown,1
J3475,I2458,6554.0,6560.0,green,1
J3475,I2619,7110.0,7118.0,green,1
J3475,I3514,10405.0,10411.0,green,1
J3475,I4571,14787.0,14793.0,green,1
J3475,I7427,25612.0,25619.0,green,1
J3475,I7429,25622.0,25623.0,green,1
J4616,I508,942.0,946.0,red,1
J4616,I7805,26679.0,26683.0,green,1
J4616,I7836,26774.0,26779.0,brown,1
J4616,I7932,27053.0,27057.0,brown,1
J4616,I8589,28740.0,28745.0,green,1
J4616,I8839,29296.0,29298.0,brown,1
J1229,I1327,2935.0,2936.0,green,1
J1229,I1392,3100.0,3101.0,green,1
J1229,I1713,4053.0,4056.0,green,1
J1229,I1777,4247.0,4250.0,green,1
J1229,I2609,7055.0,7069.0,green,2
J4974,I1559,3533.0,3537.0,red,1
J4974,I6903,23867.0,23870.0,brown,1
J4974,I8792,29195.0,29198.0,green,1
J2800,I2091,5293.0,5297.0,green,2
J2800,I2283,5955.0,5961.0,green,1
J2800,I4139,13015.0,13020.0,green,3
J3899,I4260,13529.0,13536.0,green,1
J3899,I4421,14149.0,14151.0,green,1
J3899,I4453,14279.0,14283.0,green,1
J3899,I4485,14419.0,14422.0,green,1
J840,I1615,3716.0,3718.0,brown,2
J840,I1679,3918.0,3922.0,green,1
J840,I1840,4431.0,4436.0,red,2
J840,I2032,5071.0,5080.0,green,1
J3513,I2514,6744.0,6745.0,green,1
J3513,I2931,8168.0,8171.0,red,1
J3513,I3858,11800.0,11804.0,brown,1
J3513,I6323,21739.0,21743.0,green,1
J340,I374,661.0,662.0,green,1
J340,I439,799.0,800.0,red,1
J340,I6711,23098.0,23100.0,green,1
J1496,I3988,12370.0,12373.0,green,2
J4283,I7261,25059.0,25061.0,brown,2
J4283,I7422,25595.0,25598.0,green,3
J4283,I8796,29207.0,29210.0,green,1
J3270,I2952,8241.0,8251.0,green,2
J3270,I4617,14942.0,14961.0,green,2
J3270,I4713,15364.0,15367.0,green,1
J3270,I6825,23566.0,23572.0,green,1
J4687,I3166,9105.0,9113.0,red,1
J4687,I3550,10533.0,10541.0,brown,2
J4687,I7038,24354.0,24362.0,brown,1
J4687,I7903,26980.0,26983.0,green,1
J4687,I8553,28658.0,28662.0,green,1
J1658,I2458,6554.0,6560.0,green,2
J1658,I4057,12690.0,12698.0,brown,1
J683,I832,1688.0,1693.0,green,2
J683,I833,1693.0,1698.0,green,1
J683,I2928,8163.0,8165.0,green,1
J683,I2947,8220.0,8227.0,green,1
J1196,I3840,11717.0,11721.0,green,1
J1196,I6368,21901.0,21909.0,brown,1
J1196,I8457,28430.0,28432.0,green,2
J4340,I3807,11580.0,11589.0,green,1
J4340,I7328,25300.0,25303.0,green,1
J4340,I8160,27699.0,27706.0,green,3
J4340,I8191,27782.0,27784.0,brown,1
J1271,I4426,14175.0,14181.0,green,1
J1271,I5418,18233.0,18240.0,green,1
J1271,I7242,25004.0,25009.0,green,2
J1447,I793,1600.0,1602.0,brown,1
J1447,I1305,2870.0,2873.0,red,1
J1447,I1369,3032.0,3034.0,red,1
J1447,I4634,15021.0,15028.0,green,2
J1447,I6977,24144.0,24149.0,brown,1
J3313,I3493,10331.0,10340.0,green,2
J3313,I4805,15719.0,15727.0,green,1
J3313,I6373,21917.0,21919.0,green,1
J3313,I6501,22367.0,22376.0,green,1
J765,I1796,4294.0,4300.0,brown,2
J765,I3332,9730.0,9732.0,green,1
J2844,I3906,12004.0,12014.0,green,4
J2844,I4706,15333.0,15341.0,green,1
J3716,I6489,22322.0,22324.0,brown,2
J3716,I6586,22672.0,22687.0,green,1
J3716,I6905,23877.0,23882.0,brown,1
J3865,I5390,18137.0,18139.0,green,1
J3865,I5775,19632.0,19639.0,brown,5
J3527,I4438,14224.0,14226.0,brown,1
J3527,I6167,21155.0,21165.0,green,1
J3527,I6823,23554.0,23563.0,green,3
J4711,I7068,24455.0,24459.0,green,4
J4711,I8644,28884.0,28886.0,brown,2
J4657,I1820,4377.0,4378.0,red,1
J4657,I6781,23354.0,23359.0,green,1
J4657,I8149,27664.0,27668.0,green,3
J1822,I2747,7539.0,7540.0,green,1
J1822,I2811,7757.0,7768.0,green,1
J1822,I3931,12135.0,12139.0,green,1
J2674,I2201,5696.0,5699.0,brown,1
J2674,I3898,11960.0,11965.0,green,1
J1529,I7354,25370.0,25375.0,green,4
J1529,I8325,28106.0,28112.0,brown,2
J3757,I4429,14187.0,14191.0,green,4
J3757,I4813,15756.0,15766.0,brown,1
J2350,I1981,4886.0,4888.0,brown,1
J2350,I5309,17808.0,17813.0,brown,1
J2350,I6590,22696.0,22701.0,green,2
J2350,I7038,24354.0,24362.0,brown,2
J4976,I2793,7679.0,7681.0,red,1
J4976,I6889,23812.0,23822.0,brown,1
J4976,I7786,26633.0,26636.0,green,1
J4976,I8330,28118.0,28130.0,green,1
J4976,I8841,29299.0,29302.0,brown,1
J4976,I9113,29808.0,29809.0,brown,1
J4437,I7220,24938.0,24939.0,green,1
J4437,I7252,25036.0,25045.0,brown,2
J1717,I2823,7806.0,7811.0,brown,1
J1717,I3976,12316.0,12320.0,brown,1
J1717,I4140,13020.0,13034.0,green,1
J19,I24,37.0,40.0,green,3
J19,I152,234.0,236.0,red,1
J19,I4568,14771.0,14776.0,green,1
J19,I5394,18153.0,18154.0,green,1
J692,I1691,3971.0,3972.0,green,1
J692,I1692,3972.0,3975.0,green,2
J692,I1756,4177.0,4180.0,green,2
J692,I2352,6189.0,6192.0,green,1
J3165,I7637,26197.0,26203.0,brown,2
J3165,I8469,28455.0,28456.0,brown,1
J3165,I8693,28994.0,28996.0,brown,1
J3165,I8725,29053.0,29055.0,brown,1
J984,I4490,14436.0,14448.0,brown,2
J984,I4523,14559.0,14567.0,green,1
J984,I6589,22691.0,22696.0,green,1
J984,I7216,24911.0,24918.0,green,2
J4824,I7822,26739.0,26742.0,brown,2
J4824,I8622,28814.0,28818.0,brown,1
J4824,I8686,28979.0,28980.0,brown,1
J4824,I8734,29075.0,29077.0,brown,1
J4824,I8814,29249.0,29250.0,brown,1
J763,I1123,2415.0,2417.0,red,1
J763,I5372,18034.0,18043.0,green,1
J3126,I152,234.0,236.0,red,1
J3126,I2841,7863.0,7868.0,green,1
J3126,I5337,17895.0,17904.0,green,1
J3126,I7225,24961.0,24966.0,green,3
J41,I116,168.0,174.0,brown,2
J41,I948,1971.0,1976.0,brown,1
J191,I2300,6029.0,6037.0,brown,1
J191,I7613,26131.0,26134.0,green,3
J191,I7693,26349.0,26357.0,brown,2
J3815,I5869,19973.0,19979.0,green,4
J5,I2032,5071.0,5080.0,green,1
J5,I2640,7194.0,7202.0,green,2
J5,I4873,16016.0,16029.0,green,2
J2932,I2372,6264.0,6267.0,red,3
J2932,I5029,16674.0,16683.0,green,2
J2536,I2109,5343.0,5345.0,red,1
J2536,I2462,6568.0,6572.0,green,1
J2536,I2493,6663.0,6667.0,green,1
J2536,I2590,6987.0,6989.0,green,1
J2536,I3133,8964.0,8967.0,green,1
J2536,I4798,15692.0,15695.0,green,1
J3961,I3619,10768.0,10771.0,brown,1
J3961,I6372,21916.0,21917.0,green,1
J3961,I6916,23921.0,23931.0,green,1
J3961,I7556,25980.0,25984.0,green,1
J3917,I2683,7336.0,7342.0,brown,1
J3917,I4444,14239.0,14251.0,green,2
J3917,I7580,26029.0,26037.0,green,1
J1181,I1140,2451.0,2452.0,green,1
J1181,I1172,2525.0,2527.0,green,1
J1181,I1236,2697.0,2701.0,red,1
J1181,I2036,5092.0,5096.0,green,1
J1181,I3828,11670.0,11677.0,green,1
J1181,I3860,11807.0,11817.0,brown,1
J2687,I1438,3228.0,3234.0,brown,3
J2687,I1534,3469.0,3472.0,brown,1
J2687,I2975,8327.0,8330.0,green,1
J2687,I3007,8462.0,8465.0,brown,1
J601,I592,1127.0,1132.0,green,3
J601,I2129,5401.0,5403.0,green,1
J601,I2353,6192.0,6200.0,green,2
J3802,I5078,16841.0,16842.0,green,1
J3802,I5270,17625.0,17634.0,brown,1
J3802,I6454,22213.0,22219.0,green,1
J3802,I6774,23323.0,23326.0,green,2
J777,I1709,4041.0,4046.0,green,2
J1511,I6491,22326.0,22332.0,brown,4
J3750,I1527,3456.0,3458.0,brown,1
J3750,I1655,3840.0,3843.0,brown,1
J3750,I1815,4366.0,4369.0,red,1
J3750,I7754,26519.0,26522.0,brown,1
J3976,I6083,20846.0,20854.0,brown,2
J1232,I359,625.0,626.0,green,1
J1232,I1800,4310.0,4315.0,green,3
J1232,I3720,11190.0,11192.0,green,1
J1232,I3976,12316.0,12320.0,brown,1
J1909,I99,141.0,142.0,brown,1
J1909,I3620,10771.0,10775.0,green,1
J1909,I3780,11482.0,11487.0,green,4
J1521,I1842,4440.0,4445.0,red,1
J1521,I5266,17610.0,17615.0,brown,1
J1521,I8210,27824.0,27832.0,brown,1
J2084,I3749,11346.0,11347.0,green,1
J2084,I3781,11487.0,11490.0,green,1
J2084,I3934,12145.0,12162.0,green,1
J3316,I3723,11201.0,11211.0,brown,2
J3316,I3820,11639.0,11646.0,green,1
J3316,I4428,14183.0,14187.0,green,3
J2984,I5180,17299.0,17306.0,brown,5
J2984,I6813,23497.0,23506.0,green,1
J3292,I4179,13225.0,13229.0,green,1
J3292,I4564,14744.0,14755.0,green,1
J3292,I6324,21743.0,21748.0,green,1
J3292,I7540,25925.0,25933.0,green,1
J3929,I6910,23895.0,23897.0,green,1
J3929,I7837,26779.0,26782.0,brown,1
J3929,I8126,27581.0,27590.0,green,2
J4535,I7344,25341.0,25345.0,green,4
J687,I583,1106.0,1108.0,green,1
J687,I647,1246.0,1247.0,green,1
J687,I2345,6161.0,6166.0,brown,1
J687,I2921,8143.0,8146.0,brown,1
J687,I3453,10158.0,10167.0,green,2
J1256,I2195,5667.0,5677.0,green,3
J1256,I3795,11515.0,11523.0,green,1
J3603,I5019,16639.0,16641.0,green,2
J3603,I5083,16865.0,16867.0,green,2
J3603,I5084,16867.0,16869.0,green,1
J3603,I5307,17785.0,17798.0,green,1
J2092,I1812,4351.0,4359.0,green,1
J2092,I1843,4445.0,4453.0,red,1
J2092,I1895,4603.0,4612.0,brown,1
J117,I138,209.0,210.0,green,1
J117,I331,570.0,571.0,green,1
J117,I363,636.0,638.0,green,1
J117,I2515,6745.0,6760.0,green,1
J4955,I1416,3171.0,3179.0,red,1
J4955,I8073,27427.0,27428.0,green,1
J4955,I8841,29299.0,29302.0,brown,1
J533,I1201,2599.0,2600.0,red,1
J533,I1234,2692.0,2695.0,green,1
J533,I1650,3820.0,3829.0,brown,1
J533,I2738,7514.0,7522.0,green,1
J533,I2866,7953.0,7958.0,green,1
J533,I4126,12960.0,12963.0,green,1
J1670,I5271,17634.0,17636.0,brown,2
J1670,I7424,25599.0,25603.0,green,1
J3453,I4910,16195.0,16196.0,green,1
J3205,I3833,11688.0,11691.0,brown,3
J3205,I3865,11833.0,11837.0,brown,1
J3205,I3898,11960.0,11965.0,green,1
J3205,I8546,28635.0,28637.0,green,1
J498,I409,744.0,745.0,red,1
J498,I441,801.0,803.0,red,1
J498,I953,1985.0,1991.0,brown,1
J498,I6142,21063.0,21070.0,green,3
J322,I263,445.0,446.0,green,1
J322,I391,697.0,698.0,green,1
J322,I2215,5735.0,5750.0,green,1
J4332,I3158,9075.0,9078.0,red,1
J4332,I3287,9559.0,9562.0,green,1
J4332,I7847,26810.0,26812.0,brown,2
J812,I1967,4847.0,4848.0,red,1
J812,I2063,5198.0,5200.0,red,1
J812,I4528,14597.0,14601.0,green,1
J812,I5936,20234.0,20252.0,green,1
J3311,I5101,16950.0,16964.0,green,1
J3311,I5389,18131.0,18137.0,green,1
J3311,I6476,22284.0,22285.0,brown,1
J1309,I2469,6598.0,6600.0,green,1
J1309,I2501,6691.0,6695.0,green,2
J1309,I2628,7146.0,7147.0,green,1
J1309,I2917,8132.0,8140.0,green,1
J3348,I6285,21575.0,21583.0,green,4
J3348,I7316,25271.0,25273.0,brown,2
J3208,I1937,4736.0,4739.0,red,1
J3208,I5297,17726.0,17737.0,brown,3
J35,I129,194.0,196.0,green,1
J35,I2114,5352.0,5359.0,green,3
J2571,I2650,7221.0,7223.0,green,1
J2571,I2746,7536.0,7539.0,green,1
J2571,I4571,14787.0,14793.0,green,1
J2571,I4829,15816.0,15824.0,green,1
J2311,I3273,9509.0,9514.0,green,3
J2311,I3368,9860.0,9861.0,green,1
J126,I337,578.0,583.0,brown,2
J126,I881,1818.0,1821.0,brown,1
J126,I2418,6432.0,6436.0,green,2
J338,I115,166.0,168.0,brown,1
J4323,I6264,21502.0,21512.0,green,2
J4323,I7415,25575.0,25583.0,brown,2
J4323,I8184,27765.0,27766.0,green,1
J2902,I3325,9694.0,9702.0,brown,3
J2902,I8078,27440.0,27444.0,green,1
J2902,I8126,27581.0,27590.0,green,1
J958,I1315,2892.0,2895.0,green,1
J958,I1348,2974.0,2987.0,green,3
J958,I1603,3664.0,3670.0,green,1
J958,I2691,7353.0,7356.0,brown,1
J4842,I6912,23908.0,23910.0,green,1
J4842,I7167,24754.0,24755.0,brown,1
J4842,I8255,27949.0,27951.0,brown,1
J4519,I3789,11502.0,11503.0,red,1
J4519,I5390,18137.0,18139.0,green,1
J4519,I7597,26072.0,26078.0,brown,2
J4519,I7630,26174.0,26177.0,green,1
J4519,I8078,27440.0,27444.0,green,1
J4443,I6188,21275.0,21281.0,brown,3
J4443,I7276,25129.0,25135.0,brown,1
J4443,I7596,26065.0,26072.0,brown,1
J1392,I1224,2649.0,2650.0,green,1
J1392,I1225,2650.0,2653.0,green,1
J1392,I2185,5625.0,5630.0,green,3
J1392,I3369,9861.0,9865.0,green,1
J4352,I8562,28684.0,28691.0,green,1
J4352,I8763,29126.0,29131.0,brown,1
J2556,I1603,3664.0,3670.0,green,1
J4935,I8053,27378.0,27379.0,brown,1
J4935,I8213,27834.0,27837.0,brown,3
J4935,I8910,29439.0,29442.0,green,1
J443,I1767,4215.0,4219.0,brown,1
J443,I7079,24483.0,24485.0,brown,1
J443,I7559,25986.0,25992.0,brown,1
J443,I8104,27513.0,27515.0,green,1
J443,I8168,27732.0,27736.0,green,1
J4120,I3222,9327.0,9328.0,green,1
J4120,I3286,9552.0,9559.0,green,1
J4120,I7223,24944.0,24959.0,green,3
J2808,I4672,15182.0,15184.0,green,1
J2808,I4704,15329.0,15332.0,green,1
J2808,I4736,15460.0,15467.0,green,1
J2808,I4832,15839.0,15846.0,brown,2
J712,I821,1660.0,1665.0,green,1
J712,I917,1898.0,1902.0,brown,1
J712,I1013,2124.0,2127.0,red,1
J712,I2343,6150.0,6155.0,brown,1
J188,I494,914.0,918.0,brown,2
J188,I3631,10813.0,10818.0,green,1
J188,I4591,14866.0,14876.0,green,2
J895,I1356,3000.0,3001.0,brown,1
J895,I1388,3087.0,3092.0,green,1
J895,I1420,3187.0,3192.0,red,2
J895,I2156,5505.0,5508.0,green,1
J895,I4076,12778.0,12781.0,brown,1
J2472,I2569,6909.0,6913.0,red,1
J2472,I4041,12621.0,12623.0,brown,1
J2472,I8106,27523.0,27524.0,green,1
J2796,I4486,14422.0,14426.0,green,1
J2796,I4807,15729.0,15734.0,brown,3
J2796,I5735,19487.0,19494.0,brown,2
J2596,I3828,11670.0,11677.0,green,1
J2596,I6453,22202.0,22213.0,green,1
J2924,I3932,12139.0,12143.0,green,1
J3384,I5810,19750.0,19756.0,green,1
J3384,I6481,22294.0,22301.0,brown,2
J3384,I7602,26086.0,26097.0,green,1
J1805,I5209,17387.0,17392.0,brown,3
J446,I1100,2353.0,2354.0,red,1
J446,I6381,21944.0,21951.0,green,4
J2354,I6025,20607.0,20618.0,green,1
J2354,I6496,22343.0,22348.0,brown,2
J2354,I6697,23055.0,23064.0,green,2
J2354,I6793,23395.0,23401.0,green,1
J26,I161,254.0,258.0,green,1
J26,I704,1401.0,1402.0,green,1
J26,I1888,4580.0,4584.0,brown,1
J26,I2177,5596.0,5607.0,green,2
J1655,I8473,28462.0,28463.0,brown,1
J1655,I8514,28560.0,28561.0,green,1
J1655,I8650,28896.0,28897.0,brown,1
J1655,I8762,29125.0,29126.0,brown,1
J1655,I8763,29126.0,29131.0,brown,2
J2913,I4568,14771.0,14776.0,green,1
J2913,I7152,24707.0,24713.0,brown,1
J4797,I5866,19948.0,19959.0,green,2
J4797,I5897,20112.0,20113.0,brown,1
J4797,I6345,21826.0,21830.0,brown,3
J4737,I5299,17746.0,17747.0,green,1
J4737,I7315,25266.0,25271.0,brown,3
J4051,I2873,7971.0,7975.0,brown,3
J4051,I4762,15566.0,15568.0,green,1
J4051,I6937,23986.0,23988.0,brown,2
J1530,I2964,8284.0,8285.0,green,1
J1985,I829,1683.0,1686.0,red,1
J1985,I1053,2238.0,2242.0,green,1
J1985,I1085,2320.0,2323.0,green,1
J1985,I1182,2555.0,2557.0,green,1
J1985,I3614,10743.0,10754.0,green,1
J1362,I674,1329.0,1333.0,green,2
J1362,I1250,2738.0,2745.0,green,3
J1362,I1283,2804.0,2809.0,green,1
J2057,I2404,6395.0,6399.0,brown,1
J2057,I2564,6889.0,6895.0,red,1
J2057,I4516,14526.0,14537.0,brown,1
J2057,I7301,25211.0,25222.0,green,2
J2057,I8261,27962.0,27963.0,green,1
J3074,I989,2073.0,2074.0,red,1
J3074,I5565,18785.0,18792.0,brown,1
J3074,I8606,28775.0,28778.0,brown,2
J3074,I8638,28861.0,28863.0,brown,2
J1794,I3032,8546.0,8553.0,green,4
J1794,I4888,16080.0,16086.0,green,2
J1763,I3734,11251.0,11256.0,green,1
J1763,I8694,28996.0,28998.0,brown,1
J1038,I811,1638.0,1641.0,green,1
J1038,I874,1802.0,1804.0,green,1
J1038,I906,1873.0,1874.0,brown,1
J1038,I2443,6510.0,6519.0,green,2
J1038,I3051,8622.0,8624.0,green,1
J3148,I5464,18401.0,18403.0,green,2
J3148,I5592,18892.0,18893.0,green,1
J4232,I7399,25515.0,25520.0,green,2
J4232,I7431,25628.0,25634.0,green,1
J4232,I8519,28566.0,28568.0,green,1
J4232,I8903,29424.0,29427.0,green,1
J1363,I2849,7891.0,7897.0,green,1
J1363,I2850,7897.0,7901.0,green,1
J1363,I2946,8214.0,8220.0,green,4
J4384,I6790,23378.0,23386.0,green,1
J4384,I6822,23536.0,23554.0,green,1
J4384,I7238,24997.0,25000.0,green,1
J1692,I4583,14828.0,14839.0,green,2
J1692,I6982,24160.0,24167.0,brown,2
J1692,I8103,27507.0,27513.0,green,1
J1692,I8547,28637.0,28641.0,green,1
J1483,I3366,9854.0,9859.0,brown,3
J2577,I3895,11944.0,11952.0,green,1
J2577,I3926,12122.0,12124.0,green,1
J2577,I4086,12806.0,12808.0,red,2
J2577,I5142,17120.0,17129.0,brown,2
J3790,I4366,13948.0,13949.0,red,1
J3790,I8355,28183.0,28190.0,green,2
J3790,I8395,28287.0,28289.0,green,1
J4496,I1410,3150.0,3152.0,red,1
J4496,I5635,19088.0,19105.0,green,2
J4496,I6451,22192.0,22201.0,green,2
J4520,I3497,10346.0,10348.0,green,1
J4520,I8330,28118.0,28130.0,green,3
J4101,I5416,18223.0,18227.0,green,2
J4101,I5448,18359.0,18364.0,green,3
J4101,I7184,24798.0,24801.0,green,1
J1381,I2443,6510.0,6519.0,green,2
J1381,I3500,10358.0,10364.0,green,1
J1381,I4515,14520.0,14526.0,brown,1
J1381,I4579,14818.0,14820.0,brown,1
J4878,I7850,26817.0,26820.0,brown,1
J1963,I1529,3460.0,3462.0,brown,1
J1963,I1625,3744.0,3746.0,green,1
J1963,I3738,11277.0,11289.0,green,2
J1963,I4554,14709.0,14711.0,green,2
J2011,I2465,6585.0,6588.0,green,1
J2011,I4258,13514.0,13527.0,green,2
J773,I1387,3086.0,3087.0,green,1
J773,I1611,3702.0,3713.0,brown,2
J3599,I4918,16217.0,16221.0,green,1
J3599,I5111,17012.0,17014.0,brown,2
J3599,I5231,17470.0,17478.0,brown,1
J3599,I5431,18312.0,18314.0,red,1
J3639,I707,1411.0,1416.0,red,1
J3639,I7107,24579.0,24587.0,brown,2
J3639,I8051,27360.0,27369.0,brown,2
J3639,I8260,27960.0,27962.0,green,1
J3618,I1420,3187.0,3192.0,red,1
J3618,I3757,11388.0,11393.0,green,1
J3618,I4621,14982.0,14987.0,green,1
J3618,I6553,22546.0,22547.0,green,1
J2024,I3609,10724.0,10730.0,red,1
J2024,I6618,22808.0,22815.0,green,1
J2024,I8217,27841.0,27843.0,brown,2
J124,I110,159.0,160.0,brown,1
J124,I2638,7185.0,7193.0,green,1
J124,I5763,19602.0,19605.0,green,1
J177,I154,238.0,240.0,green,1
J177,I187,300.0,301.0,green,1
J177,I2011,4985.0,4990.0,green,1
J2425,I4046,12629.0,12638.0,green,1
J2425,I5199,17357.0,17361.0,green,3
J542,I1541,3492.0,3495.0,green,2
J542,I1732,4105.0,4110.0,red,1
J542,I7141,24681.0,24685.0,brown,1
J542,I8645,28886.0,28888.0,brown,1
J630,I1341,2959.0,2963.0,green,2
J630,I1436,3225.0,3226.0,brown,1
J630,I1756,4177.0,4180.0,green,1
J630,I2609,7055.0,7069.0,green,2
J3862,I5095,16926.0,16928.0,green,1
J3862,I5126,17073.0,17081.0,brown,3
J4778,I4706,15333.0,15341.0,green,1
J4778,I4865,15990.0,15995.0,brown,3
J4778,I5057,16782.0,16786.0,brown,2
J3977,I404,732.0,735.0,red,1
J3977,I4917,16212.0,16217.0,green,1
J3977,I7252,25036.0,25045.0,brown,1
J1554,I5194,17346.0,17350.0,green,1
J1554,I8181,27759.0,27761.0,green,2
J1554,I8226,27865.0,27870.0,green,2
J905,I4817,15771.0,15773.0,green,2
J905,I7545,25940.0,25949.0,green,1
J3690,I4232,13429.0,13431.0,red,1
J3690,I4329,13763.0,13773.0,green,2
J3690,I4360,13915.0,13925.0,red,1
J2972,I3408,10006.0,10008.0,green,2
J2972,I3472,10245.0,10247.0,red,1
J2972,I4144,13042.0,13062.0,brown,1
J4505,I3151,9047.0,9051.0,red,1
J4505,I3215,9309.0,9311.0,red,1
J4505,I7183,24785.0,24798.0,brown,2
J4505,I7612,26127.0,26131.0,green,2
J472,I5531,18616.0,18623.0,brown,2
J472,I5580,18845.0,18851.0,green,1
J472,I7931,27050.0,27053.0,brown,2
J3093,I4445,14251.0,14254.0,green,1
J3093,I5053,16767.0,16769.0,brown,1
J3093,I5309,17808.0,17813.0,brown,1
J3093,I7806,26683.0,26688.0,green,1
J3656,I7085,24513.0,24514.0,green,1
J3656,I7117,24617.0,24618.0,brown,1
J3656,I8333,28134.0,28136.0,green,1
J3656,I8685,28976.0,28979.0,brown,2
J1594,I183,293.0,294.0,green,1
J1594,I216,361.0,362.0,brown,1
J1594,I1785,4266.0,4269.0,green,1
J1594,I4057,12690.0,12698.0,brown,1
J1594,I4444,14239.0,14251.0,green,1
J2104,I6459,22236.0,22238.0,green,2
J2104,I8643,28883.0,28884.0,brown,1
J2104,I8675,28954.0,28959.0,green,1
J3388,I4090,12814.0,12815.0,red,1
J3388,I4474,14349.0,14363.0,red,2
J1922,I3625,10789.0,10792.0,green,1
J1922,I3818,11629.0,11633.0,green,2
J3404,I4153,13102.0,13105.0,green,1
J3404,I4410,14100.0,14106.0,green,1
J3404,I5338,17904.0,17906.0,green,2
J3571,I4514,14514.0,14520.0,brown,2
J3571,I7042,24371.0,24375.0,brown,1
J3571,I7778,26609.0,26617.0,brown,1
J3571,I8491,28505.0,28511.0,green,1
J1313,I1963,4835.0,4836.0,red,1
J1313,I2059,5187.0,5190.0,red,2
J1313,I2731,7487.0,7492.0,brown,1
J1313,I5964,20363.0,20364.0,green,1
J1313,I6028,20625.0,20631.0,green,1
J3799,I1643,3799.0,3805.0,brown,2
J3799,I5036,16708.0,16716.0,green,4
J1699,I1688,3954.0,3965.0,green,5
J1699,I1751,4160.0,4167.0,green,1
J579,I967,2027.0,2031.0,brown,2
J579,I1031,2174.0,2182.0,green,3
J2169,I2749,7545.0,7550.0,green,2
J2169,I3741,11301.0,11315.0,green,1
J3075,I3177,9155.0,9159.0,brown,2
J3075,I3273,9509.0,9514.0,green,1
J3075,I3337,9737.0,9739.0,green,2
J3075,I7174,24766.0,24769.0,green,1
J3175,I4414,14126.0,14133.0,brown,1
J3175,I6015,20553.0,20564.0,green,4
J1092,I2301,6037.0,6041.0,brown,1
J1092,I5022,16650.0,16660.0,green,1
J1092,I5053,16767.0,16769.0,brown,1
J1206,I1779,4251.0,4253.0,green,1
J1206,I1843,4445.0,4453.0,red,1
J1206,I4986,16500.0,16509.0,green,1
J4731,I8095,27489.0,27491.0,green,1
J4731,I8830,29277.0,29281.0,brown,2
J4731,I9023,29648.0,29650.0,green,2
J2756,I6766,23288.0,23289.0,brown,1
J2756,I7950,27098.0,27099.0,brown,1
J2756,I7951,27099.0,27102.0,green,1
J2756,I8873,29360.0,29367.0,green,3
J545,I1206,2610.0,2617.0,green,1
J545,I1750,4153.0,4160.0,green,1
J545,I2736,7505.0,7511.0,green,1
J545,I2864,7939.0,7945.0,green,3
J4151,I3723,11201.0,11211.0,brown,1
J1585,I3056,8641.0,8642.0,green,1
J1585,I3120,8918.0,8922.0,green,1
J1585,I3185,9177.0,9199.0,green,3
J458,I1181,2552.0,2555.0,green,1
J458,I1246,2730.0,2733.0,green,1
J458,I3006,8455.0,8462.0,green,1
J458,I3934,12145.0,12162.0,green,3
J1010,I914,1884.0,1886.0,brown,1
J1010,I2866,7953.0,7958.0,green,1
J4239,I7037,24351.0,24354.0,brown,2
J4239,I7101,24562.0,24565.0,brown,3
J4239,I7325,25295.0,25298.0,brown,1
J3786,I1699,3992.0,3998.0,red,2
J3786,I7076,24476.0,24481.0,green,1
J3786,I7396,25504.0,25509.0,green,3
J4341,I5087,16875.0,16881.0,green,3
J4341,I5214,17402.0,17403.0,brown,1
J4341,I5246,17534.0,17540.0,brown,1
J3052,I2874,7975.0,7983.0,brown,1
J3052,I6747,23234.0,23239.0,green,1
J3052,I7291,25188.0,25191.0,green,2
J2159,I3326,9702.0,9705.0,brown,2
J2159,I7527,25898.0,25900.0,green,2
J1211,I3039,8563.0,8578.0,green,2
J1211,I3678,11006.0,11012.0,green,2
J1394,I3498,10348.0,10355.0,green,1
J1394,I3930,12131.0,12135.0,green,1
J2382,I2343,6150.0,6155.0,brown,1
J2382,I5962,20358.0,20362.0,green,3
J829,I1473,3332.0,3334.0,brown,1
J829,I1986,4896.0,4903.0,green,1
J829,I4982,16483.0,16493.0,green,3
J1709,I1606,3673.0,3675.0,brown,2
J1709,I2279,5946.0,5950.0,green,1
J1709,I3783,11491.0,11492.0,green,1
J2042,I3949,12215.0,12220.0,green,1
J2042,I4046,12629.0,12638.0,green,2
J2042,I5565,18785.0,18792.0,brown,1
J2042,I5710,19351.0,19370.0,green,2
J1705,I3190,9210.0,9219.0,green,1
J1705,I5142,17120.0,17129.0,brown,2
J1705,I6455,22219.0,22223.0,green,2
J1705,I6807,23460.0,23464.0,green,1
J1940,I1611,3702.0,3713.0,brown,1
J1940,I4924,16239.0,16245.0,green,1
J1940,I5945,20278.0,20289.0,green,1
J3085,I5416,18223.0,18227.0,green,2
J3085,I5544,18671.0,18696.0,green,1
J3085,I6727,23147.0,23157.0,brown,1
J1505,I2581,6964.0,6966.0,green,1
J1505,I2838,7850.0,7860.0,green,1
J1505,I3173,9142.0,9145.0,green,1
J1505,I3344,9764.0,9771.0,green,1
J4610,I1768,4219.0,4220.0,brown,1
J4610,I2088,5282.0,5288.0,green,1
J4610,I2984,8390.0,8391.0,green,1
J4610,I4553,14706.0,14709.0,green,1
J72,I405,735.0,738.0,red,1
J72,I437,797.0,798.0,red,1
J72,I469,862.0,864.0,red,1
J72,I5238,17505.0,17508.0,green,1
J72,I7637,26197.0,26203.0,brown,2
J305,I667,1297.0,1316.0,green,1
J305,I2428,6457.0,6466.0,green,1
J305,I3948,12207.0,12215.0,green,1
J305,I4140,13020.0,13034.0,green,2
J1986,I1262,2768.0,2769.0,green,1
J1986,I2510,6722.0,6725.0,green,1
J1986,I4751,15508.0,15521.0,green,3
J1986,I5193,17345.0,17346.0,green,1
J4439,I1173,2527.0,2533.0,green,1
J4439,I1557,3530.0,3532.0,red,2
J4439,I4630,15011.0,15015.0,green,2
J624,I1381,3072.0,3073.0,green,1
J624,I1414,3160.0,3170.0,red,1
J624,I2502,6695.0,6698.0,green,1
J624,I3750,11347.0,11359.0,green,1
J1773,I3069,8704.0,8711.0,green,1
J1773,I3132,8963.0,8964.0,green,1
J1773,I3741,11301.0,11315.0,green,1
J1773,I3836,11698.0,11702.0,brown,1
J1773,I5180,17299.0,17306.0,brown,1
J2827,I947,1965.0,1971.0,red,1
J2827,I5332,17883.0,17888.0,green,2
J2827,I5684,19264.0,19270.0,green,1
J2827,I6836,23607.0,23608.0,green,1
J2827,I7348,25356.0,25360.0,green,1
J1861,I1304,2868.0,2870.0,red,1
J1861,I4761,15562.0,15566.0,green,1
J1861,I5337,17895.0,17904.0,green,1
J1861,I5593,18893.0,18904.0,green,1
J1744,I6302,21642.0,21646.0,green,3
J3456,I5172,17264.0,17267.0,brown,3
J3456,I7285,25165.0,25181.0,green,1
J3456,I7636,26194.0,26197.0,brown,2
J285,I823,1667.0,1670.0,green,1
J285,I1046,2213.0,2221.0,green,1
J4244,I7902,26978.0,26980.0,green,1
J2300,I2039,5098.0,5106.0,green,2
J2300,I2167,5556.0,5563.0,green,2
J2300,I4986,16500.0,16509.0,green,1
J2300,I5082,16858.0,16865.0,green,1
J1679,I3395,9932.0,9935.0,brown,2
J1679,I4900,16155.0,16160.0,green,2
J2146,I2285,5965.0,5969.0,green,2
J2146,I2444,6519.0,6524.0,red,1
J2146,I2765,7599.0,7609.0,green,2
J2146,I2828,7822.0,7823.0,brown,1
J2130,I5507,18531.0,18539.0,green,3
J2797,I2204,5703.0,5706.0,red,3
J2797,I2236,5810.0,5812.0,red,1
J1555,I2174,5579.0,5587.0,green,3
J3566,I5736,19494.0,19497.0,brown,3
J3566,I5896,20107.0,20112.0,brown,3
J3248,I2942,8198.0,8199.0,red,1
J3248,I3102,8835.0,8837.0,red,1
J3248,I6751,23245.0,23247.0,green,1
J3248,I8087,27469.0,27472.0,green,3
J4282,I6407,22024.0,22026.0,green,2
J4282,I7271,25095.0,25108.0,brown,1
J2824,I1717,4072.0,4075.0,green,1
J2824,I4534,14625.0,14632.0,green,3
J2824,I7420,25589.0,25591.0,green,2
J3647,I5921,20174.0,20185.0,brown,3
J3647,I6162,21135.0,21139.0,green,1
J3647,I6566,22601.0,22602.0,green,1
J334,I178,286.0,288.0,green,1
J334,I2578,6950.0,6958.0,green,5
J1251,I2055,5171.0,5176.0,red,1
J1251,I2344,6155.0,6161.0,brown,1
J1251,I4072,12761.0,12768.0,brown,2
J713,I6605,22761.0,22763.0,green,1
J713,I8365,28215.0,28217.0,green,2
J713,I8685,28976.0,28979.0,brown,1
J3356,I3679,11012.0,11017.0,green,2
J3356,I3871,11850.0,11851.0,brown,1
J3356,I3904,11990.0,12003.0,green,2
J3356,I7072,24464.0,24469.0,green,1
J1467,I1697,3988.0,3989.0,red,1
J1467,I4393,14026.0,14039.0,brown,1
J1467,I4418,14139.0,14140.0,green,1
J3192,I3536,10479.0,10482.0,green,2
J3192,I3632,10818.0,10823.0,green,2
J3192,I7329,25303.0,25305.0,green,1
J3192,I7401,25523.0,25524.0,green,1
J3959,I4809,15737.0,15746.0,brown,2
J3959,I4938,16276.0,16282.0,green,1
J3959,I5002,16569.0,16574.0,green,1
J3959,I5098,16938.0,16939.0,green,1
J1955,I2162,5539.0,5540.0,green,1
J1955,I2163,5540.0,5545.0,green,1
J1955,I2195,5667.0,5677.0,green,4
J3364,I2389,6339.0,6341.0,red,2
J3364,I2421,6444.0,6448.0,green,2
J3364,I2549,6840.0,6845.0,red,1
J3364,I5638,19112.0,19115.0,green,1
J3142,I3584,10639.0,10641.0,red,1
J3142,I7169,24756.0,24757.0,green,1
J3142,I7361,25394.0,25404.0,brown,1
J3142,I7433,25637.0,25643.0,green,2
J3353,I4516,14526.0,14537.0,brown,1
J3066,I2161,5537.0,5539.0,green,2
J3066,I2609,7055.0,7069.0,green,2
J3066,I5105,16990.0,16994.0,brown,2
J201,I518,963.0,965.0,green,1
J201,I6443,22153.0,22161.0,green,2
J4850,I6602,22755.0,22756.0,green,1
J4850,I6730,23167.0,23172.0,green,2
J3145,I1982,4888.0,4889.0,brown,1
J3145,I2463,6572.0,6583.0,green,2
J3145,I5967,20367.0,20369.0,green,2
J4248,I4702,15317.0,15325.0,green,2
J4248,I4830,15824.0,15838.0,green,1
J4248,I8341,28150.0,28152.0,green,2
J3176,I7415,25575.0,25583.0,brown,1
J3176,I7552,25972.0,25974.0,green,1
J3372,I2874,7975.0,7983.0,brown,3
J3372,I3450,10143.0,10149.0,green,1
J3372,I3834,11691.0,11696.0,brown,1
J4123,I2392,6349.0,6352.0,red,1
J4123,I7769,26576.0,26578.0,green,2
J4123,I7897,26967.0,26969.0,green,1
J4123,I7929,27042.0,27048.0,brown,1
J1240,I799,1614.0,1619.0,brown,1
J1240,I832,1688.0,1693.0,green,1
J1240,I1471,3330.0,3331.0,brown,1
J1240,I1631,3758.0,3764.0,brown,2
J1240,I2496,6678.0,6682.0,green,1
J4124,I7592,26059.0,26060.0,green,1
J4124,I8552,28654.0,28658.0,green,3
J4124,I8789,29182.0,29192.0,green,1
J3010,I2169,5566.0,5568.0,green,1
J3010,I2201,5696.0,5699.0,brown,1
J245,I559,1048.0,1051.0,green,2
J245,I1222,2644.0,2648.0,green,2
J2331,I3934,12145.0,12162.0,green,2
J2331,I5598,18913.0,18920.0,green,3
J2762,I917,1898.0,1902.0,brown,3
J2762,I5622,19017.0,19034.0,green,2
J2249,I810,1636.0,1638.0,green,1
J2249,I1610,3691.0,3702.0,brown,1
J2249,I2218,5755.0,5758.0,green,1
J3997,I5498,18509.0,18512.0,brown,1
J3997,I6555,22549.0,22554.0,green,1
J3997,I8091,27482.0,27483.0,green,1
J1782,I2471,6601.0,6610.0,green,4
J1782,I3511,10398.0,10400.0,green,1
J2864,I3696,11094.0,11095.0,green,1
J2864,I3728,11228.0,11236.0,brown,1
J2864,I3760,11396.0,11406.0,green,1
J694,I1306,2873.0,2876.0,red,1
J694,I2011,4985.0,4990.0,green,2
J2632,I649,1250.0,1251.0,green,1
J2632,I809,1634.0,1636.0,green,1
J2632,I1577,3581.0,3583.0,green,1
J2632,I2954,8252.0,8257.0,green,1
J2632,I4522,14549.0,14559.0,green,1
J2632,I6460,22238.0,22242.0,green,1
J1897,I3506,10385.0,10387.0,green,2
J1897,I3538,10484.0,10493.0,green,2
J1897,I3794,11511.0,11515.0,green,2
J1989,I3596,10680.0,10682.0,red,1
J1989,I4461,14304.0,14306.0,green,2
J1989,I6813,23497.0,23506.0,green,1
J138,I356,615.0,622.0,green,1
J138,I451,819.0,824.0,brown,1
J138,I515,957.0,960.0,brown,3
J927,I2090,5290.0,5293.0,green,1
J927,I2121,5376.0,5380.0,green,1
J927,I2154,5498.0,5502.0,green,1
J927,I3690,11063.0,11066.0,green,3
J808,I1207,2617.0,2620.0,green,3
J808,I3288,9562.0,9568.0,green,1
J808,I4204,13321.0,13325.0,brown,1
J808,I4536,14634.0,14638.0,green,1
J310,I729,1466.0,1467.0,red,1
J310,I6586,22672.0,22687.0,green,5
J1471,I2917,8132.0,8140.0,green,3
J1471,I2948,8227.0,8231.0,green,1
J4438,I4352,13852.0,13881.0,green,4
J4438,I6304,21652.0,21658.0,green,1
J2997,I3187,9200.0,9202.0,green,1
J2997,I7092,24530.0,24539.0,green,1
J476,I1609,3680.0,3691.0,brown,3
J4957,I8276,27987.0,27995.0,green,5
J4957,I8656,28904.0,28905.0,green,1
J4696,I7313,25258.0,25264.0,brown,1
J4696,I7858,26852.0,26859.0,green,3
J4426,I2973,8320.0,8324.0,brown,3
J4426,I3005,8454.0,8455.0,green,1
J398,I957,1994.0,1995.0,brown,1
J398,I1245,2728.0,2730.0,brown,2
J398,I5263,17604.0,17607.0,brown,1
J398,I6014,20551.0,20553.0,green,1
J426,I686,1365.0,1367.0,green,1
J426,I1712,4052.0,4053.0,green,1
J3538,I3537,10482.0,10484.0,green,2
J3538,I3601,10698.0,10700.0,green,2
J3538,I3633,10823.0,10824.0,green,1
J3538,I4145,13062.0,13067.0,brown,1
J3951,I6594,22711.0,22723.0,green,1
J3951,I6609,22781.0,22784.0,green,1
J3951,I6610,22784.0,22786.0,green,1
J3951,I6706,23083.0,23087.0,green,1
J3951,I7058,24434.0,24435.0,green,1
J3951,I7394,25491.0,25497.0,green,1
J649,I1592,3618.0,3623.0,green,3
J649,I1624,3742.0,3744.0,green,2
J649,I1752,4167.0,4170.0,green,1
J4017,I3879,11881.0,11886.0,brown,2
J4017,I4263,13548.0,13565.0,brown,1
J4017,I7463,25735.0,25743.0,brown,1
J2597,I3587,10648.0,10649.0,green,1
J2597,I4841,15884.0,15895.0,green,2
J2597,I5092,16910.0,16915.0,green,3
J1464,I838,1711.0,1714.0,green,1
J1464,I966,2018.0,2027.0,brown,1
J1464,I3430,10081.0,10094.0,brown,1
J1464,I3750,11347.0,11359.0,green,3
J60,I296,506.0,510.0,red,1
J60,I4745,15491.0,15499.0,green,3
J60,I7080,24485.0,24499.0,brown,1
J60,I7961,27129.0,27132.0,green,1
J281,I421,767.0,770.0,red,1
J281,I8166,27723.0,27727.0,green,4
J3878,I6280,21557.0,21558.0,green,1
J3878,I6472,22274.0,22275.0,brown,1
J3878,I6632,22872.0,22875.0,brown,2
J3878,I8360,28201.0,28206.0,green,2
J2554,I5031,16691.0,16695.0,green,1
J2554,I6375,21926.0,21933.0,green,2
J499,I7256,25050.0,25051.0,brown,1
J499,I8536,28615.0,28618.0,brown,3
J499,I8632,28850.0,28853.0,brown,1
J2320,I4135,12997.0,12998.0,green,1
J2320,I5320,17849.0,17853.0,green,1
J2320,I7463,25735.0,25743.0,brown,1
J2320,I8128,27594.0,27598.0,green,3
J1106,I1269,2782.0,2785.0,brown,1
J1106,I1301,2860.0,2862.0,red,1
J1106,I1813,4359.0,4364.0,red,1
J1106,I3894,11940.0,11944.0,green,1
J1106,I7894,26961.0,26965.0,green,2
J4503,I1294,2830.0,2841.0,red,2
J4503,I2638,7185.0,7193.0,green,1
J4503,I5166,17218.0,17229.0,brown,1
J4503,I7907,26992.0,26994.0,green,1
J4503,I7991,27204.0,27207.0,green,1
J1470,I908,1876.0,1877.0,brown,1
J1470,I973,2044.0,2048.0,red,3
J1470,I5613,18965.0,18970.0,green,2
J2,I6,7.0,10.0,green,2
J2,I4962,16387.0,16407.0,green,3
J2345,I1255,2757.0,2760.0,green,1
J2345,I1286,2813.0,2814.0,green,1
J2345,I2471,6601.0,6610.0,green,2
J641,I334,573.0,574.0,green,1
J641,I366,644.0,645.0,green,1
J641,I559,1048.0,1051.0,green,1
J641,I591,1124.0,1127.0,green,1
J641,I1103,2359.0,2363.0,green,1
J641,I1263,2769.0,2770.0,green,1
J1149,I5372,18034.0,18043.0,green,3
J1149,I5600,18926.0,18931.0,green,1
J3462,I3729,11236.0,11237.0,brown,1
J3462,I4818,15773.0,15785.0,green,1
J3462,I6290,21591.0,21596.0,green,1
J3462,I6961,24085.0,24094.0,brown,3
J4281,I3548,10529.0,10530.0,red,1
J4281,I3580,10628.0,10631.0,red,1
J4281,I4573,14794.0,14803.0,green,1
J4281,I8402,28302.0,28312.0,green,2
J4281,I8700,29010.0,29012.0,brown,1
J4057,I2153,5496.0,5498.0,green,2
J4057,I5866,19948.0,19959.0,green,1
J4057,I5962,20358.0,20362.0,green,1
J4057,I7066,24451.0,24454.0,green,2
J1237,I2096,5304.0,5308.0,green,3
J1237,I2209,5720.0,5725.0,green,2
J2289,I4291,13648.0,13655.0,brown,1
J2289,I7204,24862.0,24864.0,green,2
J2289,I7428,25619.0,25622.0,green,1
J1297,I2496,6678.0,6682.0,green,1
J1297,I3745,11330.0,11343.0,green,1
J1297,I3841,11721.0,11730.0,green,1
J1297,I6528,22458.0,22460.0,brown,1
J1297,I8136,27628.0,27630.0,brown,2
J2430,I4275,13591.0,13594.0,green,2
J2430,I4276,13594.0,13597.0,green,1
J2430,I4532,14620.0,14624.0,green,1
J2430,I5972,20387.0,20391.0,green,1
J857,I718,1427.0,1431.0,brown,1
J857,I1039,2201.0,2204.0,green,1
J857,I1103,2359.0,2363.0,green,1
J857,I2222,5775.0,5784.0,green,1
J857,I2638,7185.0,7193.0,green,1
J2143,I4042,12623.0,12624.0,green,1
J2143,I4139,13015.0,13020.0,green,1
J2143,I4171,13180.0,13187.0,green,3
J2143,I5298,17737.0,17746.0,green,1
J2599,I3240,9381.0,9384.0,brown,2
J2599,I7954,27109.0,27113.0,green,2
J330,I1069,2278.0,2280.0,green,1
J330,I1390,3093.0,3099.0,green,3
J330,I3118,8911.0,8916.0,green,2
J4235,I5508,18539.0,18542.0,green,1
J4235,I5795,19706.0,19714.0,brown,5
J612,I1535,3472.0,3476.0,brown,2
J612,I1695,3983.0,3987.0,red,1
J612,I2815,7776.0,7784.0,brown,1
J612,I4160,13137.0,13142.0,green,2
J602,I1623,3740.0,3742.0,green,2
J986,I1440,3236.0,3238.0,green,1
J986,I1472,3331.0,3332.0,brown,1
J986,I1537,3481.0,3485.0,green,1
J4798,I7996,27218.0,27219.0,brown,1
J4798,I8477,28468.0,28473.0,green,2
J4798,I8700,29010.0,29012.0,brown,1
J4798,I8732,29063.0,29067.0,brown,2
J3884,I4770,15598.0,15608.0,green,1
J3884,I4962,16387.0,16407.0,green,1
J3884,I5921,20174.0,20185.0,brown,1
J3884,I6822,23536.0,23554.0,green,1
J1596,I3631,10813.0,10818.0,green,2
J3544,I4799,15695.0,15698.0,green,2
J3544,I4894,16135.0,16137.0,red,1
J3544,I5663,19198.0,19202.0,green,1
J4134,I6481,22294.0,22301.0,brown,1
J4134,I6818,23514.0,23520.0,green,1
J4134,I6834,23602.0,23603.0,green,1
J4134,I7122,24628.0,24629.0,green,1
J3642,I4980,16459.0,16470.0,green,1
J3642,I8116,27550.0,27562.0,green,5
J3368,I6127,21032.0,21033.0,brown,1
J3368,I6191,21283.0,21284.0,brown,1
J3368,I6355,21860.0,21861.0,brown,1
J1105,I1058,2255.0,2260.0,green,1
J1105,I2339,6141.0,6143.0,brown,1
J4228,I6835,23603.0,23607.0,green,4
J4228,I7059,24435.0,24438.0,green,2
J3796,I3264,9473.0,9478.0,green,1
J3796,I4993,16525.0,16529.0,green,3
J3796,I6409,22029.0,22037.0,green,1
J2023,I1378,3067.0,3070.0,brown,1
J2023,I2690,7350.0,7353.0,brown,1
J2023,I4994,16529.0,16542.0,green,4
J4041,I4192,13281.0,13282.0,green,1
J4041,I4288,13640.0,13646.0,brown,4
J4041,I8593,28751.0,28756.0,green,1
J2947,I7120,24621.0,24625.0,green,2
J2947,I7900,26971.0,26974.0,green,1
J2947,I7952,27102.0,27105.0,green,1
J1919,I2451,6536.0,6539.0,brown,1
J1919,I4787,15661.0,15665.0,brown,1
J1919,I6452,22201.0,22202.0,green,1
J1919,I6500,22364.0,22367.0,green,1
J3342,I3291,9575.0,9577.0,green,1
J3342,I3292,9577.0,9585.0,green,1
J3342,I3867,11839.0,11842.0,brown,1
J3342,I6608,22769.0,22781.0,green,3
J880,I1225,2650.0,2653.0,green,2
J880,I1257,2761.0,2763.0,green,1
J880,I1289,2822.0,2825.0,green,2
J880,I1353,2994.0,2995.0,brown,1
J901,I595,1136.0,1139.0,green,1
J901,I1892,4595.0,4598.0,brown,1
J901,I1895,4603.0,4612.0,brown,1
J137,I490,906.0,909.0,green,1
J137,I491,909.0,912.0,brown,1
J137,I523,974.0,975.0,green,1
J137,I2155,5502.0,5505.0,green,1
J514,I1503,3390.0,3394.0,green,1
J514,I6304,21652.0,21658.0,green,1
J514,I8224,27858.0,27864.0,green,1
J176,I316,545.0,548.0,green,1
J176,I1373,3047.0,3054.0,brown,2
J176,I2349,6177.0,6187.0,brown,1
J3242,I5336,17894.0,17895.0,green,1
J3242,I6264,21502.0,21512.0,green,2
J3540,I2465,6585.0,6588.0,green,2
J3540,I5762,19597.0,19602.0,green,1
J3540,I6522,22434.0,22440.0,green,3
J4295,I7130,24650.0,24654.0,green,3
J4295,I7449,25694.0,25697.0,brown,1
J4295,I7970,27151.0,27152.0,green,1
J4295,I8034,27319.0,27327.0,green,1
J2471,I5055,16770.0,16778.0,brown,1
J4493,I1202,2600.0,2601.0,red,1
J4493,I1298,2854.0,2856.0,red,1
J4493,I4755,15529.0,15534.0,green,1
J4493,I7282,25151.0,25157.0,brown,1
J4493,I7571,26015.0,26016.0,green,1
J4493,I7635,26193.0,26194.0,brown,1
J1903,I2631,7155.0,7157.0,green,1
J1903,I2663,7261.0,7266.0,green,2
J1903,I2855,7909.0,7915.0,green,1
J1903,I2856,7915.0,7917.0,green,1
J2374,I891,1840.0,1843.0,brown,1
J2374,I4873,16016.0,16029.0,green,1
J3614,I3840,11717.0,11721.0,green,1
J3614,I3903,11986.0,11990.0,green,1
J3614,I4768,15587.0,15589.0,green,1
J3614,I6140,21060.0,21061.0,green,1
J670,I875,1804.0,1806.0,green,2
J670,I907,1874.0,1876.0,brown,1
J670,I1035,2189.0,2195.0,green,1
J670,I1868,4520.0,4521.0,brown,1
J670,I3128,8944.0,8950.0,green,1
J3018,I4885,16065.0,16073.0,green,4
J1469,I5166,17218.0,17229.0,brown,1
J1469,I8622,28814.0,28818.0,brown,1
J1469,I8734,29075.0,29077.0,brown,1
J223,I221,372.0,373.0,red,1
J223,I5374,18045.0,18063.0,green,3
J3487,I3747,11344.0,11345.0,green,1
J3487,I4899,16151.0,16155.0,green,1
J3487,I4995,16542.0,16545.0,green,2
J2514,I2165,5547.0,5554.0,green,1
J2514,I2229,5794.0,5798.0,red,2
J2514,I6446,22167.0,22172.0,green,3
J1450,I3060,8661.0,8664.0,green,1
J1450,I3124,8932.0,8935.0,green,2
J1450,I3220,9321.0,9323.0,green,1
J1432,I2588,6984.0,6985.0,green,1
J1432,I2620,7118.0,7120.0,green,1
J1432,I2909,8104.0,8113.0,brown,3
J1432,I4380,13987.0,13997.0,green,1
J2468,I1619,3725.0,3735.0,brown,1
J2468,I1812,4351.0,4359.0,green,1
J2468,I2483,6634.0,6636.0,green,1
J2468,I2515,6745.0,6760.0,green,1
J2468,I4524,14567.0,14575.0,green,1
J2468,I4668,15173.0,15176.0,green,1
J1025,I516,960.0,962.0,green,2
J1025,I644,1238.0,1244.0,green,1
J1025,I2980,8345.0,8354.0,green,3
J3338,I2803,7728.0,7733.0,brown,3
J3338,I5076,16837.0,16839.0,green,1
J1887,I2050,5156.0,5157.0,green,1
J1887,I2371,6255.0,6264.0,red,1
J1887,I5922,20185.0,20199.0,brown,2
J1887,I6693,23044.0,23045.0,green,1
J1517,I3495,10341.0,10344.0,green,1
J1517,I3687,11050.0,11052.0,green,1
J1517,I4104,12860.0,12864.0,green,2
J1550,I2610,7069.0,7079.0,green,1
J1550,I4819,15785.0,15792.0,green,2
J1550,I5075,16834.0,16837.0,green,1
J1659,I1862,4507.0,4511.0,brown,2
J1659,I2086,5268.0,5271.0,green,1
J1659,I6265,21512.0,21515.0,green,1
J1659,I6281,21558.0,21569.0,green,1
J282,I576,1092.0,1094.0,green,1
J282,I1044,2211.0,2212.0,green,1
J282,I1280,2801.0,2802.0,brown,1
J2015,I3883,11906.0,11913.0,brown,1
J2015,I4811,15747.0,15749.0,brown,1
J3235,I5754,19559.0,19563.0,green,2
J3235,I5946,20289.0,20297.0,green,3
J1223,I155,240.0,245.0,green,1
J1223,I1707,4036.0,4038.0,brown,2
J1223,I4716,15373.0,15378.0,green,3
J3516,I2406,6401.0,6403.0,brown,1
J3516,I6695,23048.0,23053.0,green,2
J3516,I6825,23566.0,23572.0,green,2
J569,I1244,2727.0,2728.0,brown,1
J569,I1309,2880.0,2882.0,red,1
J569,I2045,5117.0,5127.0,green,1
J3727,I6353,21850.0,21857.0,brown,2
J2681,I3968,12288.0,12296.0,red,1
J2681,I4033,12598.0,12606.0,brown,3
J2681,I5921,20174.0,20185.0,brown,1
J4230,I7183,24785.0,24798.0,brown,2
J1982,I2538,6809.0,6811.0,red,1
J1982,I2986,8392.0,8393.0,green,1
J1982,I6955,24049.0,24059.0,green,1
J1982,I8555,28663.0,28665.0,green,1
J1982,I8557,28668.0,28671.0,green,1
J1982,I8587,28734.0,28737.0,green,1
J1590,I2436,6488.0,6489.0,green,1
J1590,I2437,6489.0,6493.0,green,1
J1590,I4549,14682.0,14691.0,green,4
J3138,I3014,8482.0,8487.0,red,1
J3138,I3430,10081.0,10094.0,brown,1
J3138,I3527,10448.0,10452.0,green,1
J3138,I3911,12035.0,12050.0,green,2
J4698,I5784,19670.0,19675.0,green,1
J4698,I6359,21875.0,21882.0,brown,3
J4698,I7808,26689.0,26696.0,green,2
J2799,I1885,4577.0,4578.0,brown,1
J2799,I6158,21122.0,21130.0,green,2
J2799,I6397,21998.0,22000.0,brown,1
J2799,I7041,24368.0,24371.0,brown,1
J2799,I7137,24670.0,24675.0,brown,1
J1816,I2817,7786.0,7790.0,brown,3
J1816,I4994,16529.0,16542.0,green,2
J2469,I2272,5923.0,5924.0,red,1
J2469,I5697,19302.0,19307.0,green,1
J2469,I7617,26142.0,26148.0,green,2
J2469,I7778,26609.0,26617.0,brown,1
J468,I267,449.0,453.0,green,1
J468,I458,834.0,835.0,red,1
J468,I1643,3799.0,3805.0,brown,2
J468,I5371,18019.0,18034.0,green,2
J265,I660,1278.0,1281.0,green,1
J265,I723,1442.0,1443.0,red,1
J265,I1075,2295.0,2298.0,green,1
J265,I1108,2379.0,2381.0,green,1
J265,I1619,3725.0,3735.0,brown,2
J2161,I2267,5908.0,5910.0,red,1
J2161,I4059,12703.0,12719.0,brown,1
J1676,I3121,8922.0,8924.0,green,1
J1676,I3217,9312.0,9317.0,brown,1
J4670,I8333,28134.0,28136.0,green,1
J4670,I8349,28165.0,28167.0,green,2
J4670,I8397,28291.0,28293.0,green,1
J4670,I8453,28417.0,28419.0,brown,2
J2066,I3714,11167.0,11175.0,red,1
J2066,I3746,11343.0,11344.0,green,1
J2066,I4514,14514.0,14520.0,brown,1
J2066,I6147,21087.0,21089.0,green,2
J2066,I7363,25407.0,25410.0,brown,1
J2723,I1427,3205.0,3209.0,red,1
J2723,I7859,26859.0,26861.0,brown,1
J2723,I7892,26958.0,26960.0,green,2
J2723,I8116,27550.0,27562.0,green,1
J2723,I8180,27758.0,27759.0,green,1
J1353,I2145,5466.0,5468.0,green,1
J1353,I2369,6250.0,6254.0,red,1
J1353,I3617,10756.0,10764.0,brown,2
J1353,I7430,25623.0,25628.0,green,1
J2618,I2421,6444.0,6448.0,green,1
J2618,I2486,6653.0,6654.0,green,1
J2618,I2519,6766.0,6770.0,green,1
J2618,I2583,6967.0,6970.0,brown,1
J2618,I2678,7317.0,7319.0,red,1
J2618,I4054,12671.0,12678.0,green,1
J1845,I4380,13987.0,13997.0,green,2
J1845,I6052,20730.0,20733.0,green,1
J4145,I1348,2974.0,2987.0,green,1
J4145,I1700,3998.0,4000.0,red,2
J4145,I6821,23526.0,23536.0,green,3
J4118,I6773,23312.0,23323.0,green,4
J2113,I3330,9714.0,9719.0,green,2
J2113,I3425,10063.0,10065.0,red,1
J2113,I3906,12004.0,12014.0,green,1
J2113,I4130,12978.0,12980.0,green,2
J1995,I941,1958.0,1960.0,red,2
J1995,I2158,5523.0,5530.0,green,1
J1995,I2253,5866.0,5867.0,brown,1
J1995,I5198,17355.0,17357.0,green,1
J1995,I5298,17737.0,17746.0,green,1
J3041,I2510,6722.0,6725.0,green,1
J3041,I7055,24421.0,24426.0,green,1
J3041,I8046,27353.0,27355.0,brown,2
J3041,I8079,27444.0,27455.0,green,2
J2553,I4566,14761.0,14765.0,green,3
J2553,I5168,17239.0,17252.0,brown,1
J4086,I5947,20297.0,20301.0,green,1
J4086,I6075,20814.0,20818.0,green,2
J4086,I6362,21884.0,21890.0,brown,1
J4310,I3402,9986.0,9987.0,green,1
J4310,I3467,10226.0,10227.0,red,1
J4310,I6555,22549.0,22554.0,green,1
J4310,I7605,26104.0,26113.0,green,2
J2046,I8695,28998.0,29000.0,brown,1
J2046,I8823,29266.0,29267.0,brown,1
J2046,I8855,29334.0,29335.0,brown,1
J2046,I8888,29393.0,29394.0,green,1
J2034,I3911,12035.0,12050.0,green,2
J2034,I3927,12124.0,12126.0,green,1
J2034,I3945,12190.0,12197.0,green,1
J2034,I4169,13172.0,13173.0,green,1
J1378,I2456,6546.0,6552.0,green,1
J1378,I3640,10846.0,10847.0,green,1
J1378,I4824,15803.0,15809.0,green,1
J1378,I5648,19146.0,19147.0,green,1
J2431,I2897,8059.0,8065.0,brown,1
J2431,I6961,24085.0,24094.0,brown,3
J4882,I6443,22153.0,22161.0,green,1
J4882,I6700,23073.0,23076.0,green,1
J4882,I8588,28737.0,28740.0,green,2
J3722,I6727,23147.0,23157.0,brown,3
J3722,I7400,25520.0,25523.0,green,2
J3096,I1491,3372.0,3377.0,red,1
J3096,I1683,3932.0,3938.0,green,1
J3096,I4564,14744.0,14755.0,green,2
J3096,I4660,15146.0,15152.0,green,2
J1943,I3061,8664.0,8666.0,green,2
J1943,I4822,15796.0,15800.0,green,3
J1097,I3811,11595.0,11601.0,green,2
J1097,I4771,15608.0,15609.0,green,1
J1097,I6003,20516.0,20519.0,green,2
J1097,I6083,20846.0,20854.0,brown,1
J3953,I4267,13571.0,13576.0,green,2
J3953,I4298,13666.0,13667.0,brown,1
J3953,I4331,13780.0,13782.0,green,1
J3953,I5547,18699.0,18707.0,green,2
J3641,I3984,12353.0,12360.0,green,4
J3641,I4015,12498.0,12505.0,brown,1
J4557,I5003,16574.0,16577.0,green,1
J4557,I5066,16812.0,16815.0,brown,3
J166,I525,978.0,979.0,green,1
J166,I1134,2437.0,2440.0,red,1
J166,I1166,2515.0,2516.0,red,1
J166,I5710,19351.0,19370.0,green,1
J166,I6382,21951.0,21953.0,green,1
J1959,I2337,6138.0,6139.0,brown,1
J1959,I2402,6385.0,6392.0,red,1
J1959,I2434,6482.0,6487.0,green,2
J1959,I4962,16387.0,16407.0,green,1
J898,I1035,2189.0,2195.0,green,2
J898,I1163,2509.0,2512.0,red,1
J898,I2860,7924.0,7928.0,green,1
J4553,I4039,12615.0,12620.0,brown,1
J4553,I4519,14539.0,14545.0,brown,1
J4553,I7783,26626.0,26628.0,brown,1
J229,I641,1231.0,1235.0,green,1
J229,I737,1477.0,1480.0,red,1
J229,I2658,7248.0,7254.0,green,1
J229,I4073,12768.0,12773.0,brown,2
J3826,I3882,11901.0,11906.0,brown,1
J3826,I3914,12052.0,12059.0,green,1
J3826,I3915,12059.0,12073.0,green,3
J3826,I6331,21763.0,21766.0,green,1
J1731,I1701,4000.0,4010.0,brown,1
J1731,I7398,25511.0,25515.0,green,3
J3185,I2959,8270.0,8271.0,green,1
J3185,I2991,8400.0,8410.0,red,1
J3185,I3055,8640.0,8641.0,green,1
J3185,I3599,10689.0,10696.0,green,2
J4548,I4551,14694.0,14703.0,green,6
J3791,I6350,21839.0,21841.0,brown,1
J3791,I6447,22172.0,22175.0,green,2
J3131,I2332,6124.0,6125.0,green,1
J3131,I4541,14647.0,14658.0,green,1
J1136,I2593,7000.0,7005.0,green,1
J1136,I2849,7891.0,7897.0,green,4
J1136,I3809,11591.0,11593.0,green,1
J3619,I5100,16942.0,16950.0,green,1
J3619,I5163,17210.0,17212.0,red,1
J3619,I5228,17453.0,17456.0,brown,3
J3619,I5748,19534.0,19537.0,brown,1
J10,I92,132.0,133.0,brown,1
J10,I4715,15368.0,15373.0,green,1
J2476,I2555,6857.0,6858.0,red,1
J2476,I2779,7646.0,7650.0,red,1
J2476,I3068,8694.0,8704.0,green,1
J2543,I2409,6405.0,6406.0,brown,1
J2543,I2441,6507.0,6509.0,green,1
J2543,I2442,6509.0,6510.0,green,1
J2543,I2507,6709.0,6714.0,green,2
J2543,I2666,7269.0,7271.0,green,1
J2625,I7409,25547.0,25552.0,green,1
J4196,I4474,14349.0,14363.0,red,1
J4196,I7098,24552.0,24555.0,brown,1
J4196,I8698,29007.0,29008.0,brown,1
J4196,I9163,29888.0,29891.0,green,1
J959,I2115,5359.0,5360.0,green,1
J959,I2308,6060.0,6063.0,green,1
J959,I2339,6141.0,6143.0,brown,1
J959,I2564,6889.0,6895.0,red,1
J860,I1377,3066.0,3067.0,brown,1
J860,I1441,3238.0,3244.0,green,3
J860,I1539,3487.0,3490.0,green,1
J860,I1986,4896.0,4903.0,green,1
J2006,I3178,9159.0,9160.0,brown,1
J2006,I3211,9299.0,9305.0,red,1
J2006,I3339,9743.0,9746.0,green,1
J2006,I3403,9987.0,9994.0,green,1
J4217,I3745,11330.0,11343.0,green,2
J3712,I4059,12703.0,12719.0,brown,3
J1023,I348,596.0,598.0,green,1
J1023,I796,1608.0,1610.0,brown,1
J1023,I3741,11301.0,11315.0,green,3
J429,I7555,25977.0,25980.0,green,1
J3184,I4427,14181.0,14183.0,green,2
J3594,I5972,20387.0,20391.0,green,1
J3594,I6100,20903.0,20911.0,brown,5
J3667,I6485,22307.0,22309.0,brown,1
J3667,I9190,29935.0,29937.0,green,1
J3667,I9217,29975.0,29977.0,green,1
J3239,I2489,6656.0,6659.0,green,1
J3239,I7578,26023.0,26025.0,green,2
J3239,I7690,26339.0,26344.0,brown,2
J3239,I7746,26494.0,26500.0,green,1
J4822,I5128,17082.0,17088.0,brown,2
J4822,I8113,27539.0,27546.0,green,2
J4822,I8185,27766.0,27773.0,green,1
J4822,I8628,28834.0,28841.0,brown,1
J3194,I3993,12383.0,12387.0,red,1
J3194,I4026,12557.0,12570.0,green,1
J3194,I6586,22672.0,22687.0,green,1
J3194,I7257,25051.0,25054.0,brown,1
J3194,I8226,27865.0,27870.0,green,1
J3194,I8578,28717.0,28720.0,green,1
J2490,I2574,6930.0,6934.0,red,3
J2490,I2606,7042.0,7044.0,green,1
J2490,I7120,24621.0,24625.0,green,1
J1481,I1587,3606.0,3608.0,green,1
J1481,I1716,4064.0,4072.0,green,1
J1481,I1780,4253.0,4257.0,green,1
J1481,I2196,5677.0,5683.0,green,2
J1481,I3344,9764.0,9771.0,green,1
J2572,I4215,13354.0,13355.0,green,1
J2572,I4888,16080.0,16086.0,green,1
J3369,I5311,17819.0,17821.0,brown,1
J3369,I5343,17918.0,17923.0,brown,1
J3369,I5439,18333.0,18337.0,brown,3
J3369,I5534,18628.0,18629.0,red,1
J3436,I5002,16569.0,16574.0,green,1
J3436,I5035,16705.0,16708.0,green,3
J3436,I7435,25651.0,25658.0,green,2
J4138,I3960,12251.0,12255.0,green,1
J4138,I8089,27475.0,27479.0,green,1
J4138,I9017,29637.0,29639.0,green,2
J4138,I9025,29651.0,29653.0,green,1
J4138,I9185,29927.0,29928.0,green,1
J2875,I2901,8075.0,8076.0,red,1
J2875,I4982,16483.0,16493.0,green,1
J2875,I6742,23205.0,23212.0,green,1
J3114,I4355,13893.0,13895.0,green,1
J3114,I4675,15186.0,15188.0,green,2
J3114,I5819,19780.0,19784.0,green,1
J1893,I1665,3870.0,3874.0,brown,2
J1893,I4834,15853.0,15859.0,green,1
J1893,I7714,26399.0,26402.0,green,1
J158,I242,407.0,410.0,green,1
J158,I4915,16207.0,16209.0,green,1
J158,I5139,17109.0,17113.0,green,1
J3067,I3975,12312.0,12316.0,red,3
J3067,I6184,21261.0,21263.0,brown,2
J3067,I7272,25108.0,25113.0,brown,1
J2545,I5208,17383.0,17387.0,brown,2
J2545,I7032,24337.0,24338.0,brown,1
J2545,I7688,26334.0,26336.0,brown,1
J3664,I2730,7486.0,7487.0,red,1
J3664,I3274,9514.0,9516.0,green,2
J3664,I3498,10348.0,10355.0,green,1
J3664,I8491,28505.0,28511.0,green,2
J2621,I544,1008.0,1012.0,red,1
J2621,I4385,14009.0,14014.0,green,1
J2621,I5185,17321.0,17322.0,green,1
J2621,I6025,20607.0,20618.0,green,3
J1696,I2478,6620.0,6622.0,brown,2
J1696,I2510,6722.0,6725.0,green,1
J1696,I2511,6725.0,6731.0,green,3
J1128,I623,1188.0,1190.0,red,1
J1128,I1776,4239.0,4247.0,green,1
J1128,I2032,5071.0,5080.0,green,1
J3162,I3817,11615.0,11629.0,green,2
J3162,I3945,12190.0,12197.0,green,1
J2474,I3737,11268.0,11277.0,green,2
J2474,I6529,22460.0,22461.0,brown,1
J1462,I621,1182.0,1186.0,red,1
J1462,I2798,7697.0,7707.0,green,2
J1462,I5006,16585.0,16586.0,green,1
J1462,I5102,16964.0,16977.0,green,1
J1462,I5870,19979.0,19995.0,green,1
J4391,I7623,26160.0,26164.0,green,1
J4391,I7719,26408.0,26410.0,green,1
J4391,I7750,26505.0,26513.0,brown,1
J4391,I8099,27498.0,27501.0,green,1
J4391,I8183,27764.0,27765.0,green,1
J4391,I8263,27964.0,27965.0,green,1
J1969,I1468,3325.0,3327.0,brown,1
J1969,I2012,4990.0,4998.0,green,2
J1969,I3453,10158.0,10167.0,green,1
J1969,I3684,11034.0,11041.0,green,1
J1969,I3804,11558.0,11567.0,green,1
J1374,I2445,6524.0,6527.0,red,1
J1374,I4590,14861.0,14866.0,green,1
J2981,I5710,19351.0,19370.0,green,2
J2981,I7590,26055.0,26057.0,green,2
J4902,I5408,18203.0,18207.0,green,1
J4902,I5440,18337.0,18339.0,brown,2
J4902,I5697,19302.0,19307.0,green,2
J4902,I9193,29940.0,29941.0,green,1
J4387,I5633,19083.0,19087.0,green,3
J2930,I2800,7713.0,7718.0,brown,3
J2930,I5298,17737.0,17746.0,green,1
J4768,I4665,15161.0,15162.0,green,1
J4768,I7993,27211.0,27213.0,brown,1
J4768,I8537,28618.0,28620.0,brown,1
J2417,I1329,2937.0,2938.0,green,1
J2417,I1393,3101.0,3105.0,brown,1
J3287,I4352,13852.0,13881.0,green,4
J3031,I5387,18118.0,18122.0,green,4
J3031,I5499,18512.0,18515.0,brown,1
J3031,I5643,19135.0,19138.0,green,1
J365,I509,946.0,949.0,red,1
J365,I3326,9702.0,9705.0,brown,1
J365,I3550,10533.0,10541.0,brown,2
J365,I5342,17909.0,17918.0,brown,1
J876,I630,1202.0,1206.0,green,2
J876,I4023,12538.0,12542.0,green,1
J3783,I5086,16871.0,16875.0,green,3
J3783,I5118,17049.0,17050.0,green,1
J3783,I5246,17534.0,17540.0,brown,1
J964,I2156,5505.0,5508.0,green,1
J3840,I3309,9641.0,9648.0,green,1
J3840,I5870,19979.0,19995.0,green,3
J2405,I2219,5758.0,5765.0,green,1
J2405,I7915,27011.0,27013.0,brown,1
J2405,I7947,27089.0,27095.0,brown,1
J453,I824,1670.0,1672.0,green,1
J453,I888,1834.0,1837.0,brown,3
J453,I1080,2305.0,2308.0,green,1
J4666,I6618,22808.0,22815.0,green,2
J4666,I7833,26767.0,26769.0,brown,1
J4666,I8641,28874.0,28881.0,brown,2
J4666,I8674,28953.0,28954.0,green,1
J3867,I1851,4470.0,4475.0,red,4
J3867,I2428,6457.0,6466.0,green,1
J3867,I3292,9577.0,9585.0,green,1
J2131,I2437,6489.0,6493.0,green,1
J2131,I2438,6493.0,6501.0,green,1
J2718,I2968,8300.0,8307.0,brown,1
J2718,I3065,8676.0,8683.0,green,5
J3215,I3699,11111.0,11116.0,green,1
J3215,I7092,24530.0,24539.0,green,2
J593,I811,1638.0,1641.0,green,1
J593,I843,1720.0,1722.0,green,1
J593,I1355,2998.0,3000.0,brown,1
J593,I1483,3353.0,3355.0,red,1
J593,I5308,17798.0,17808.0,green,1
J375,I323,559.0,561.0,green,1
J375,I356,615.0,622.0,green,4
J375,I1060,2261.0,2267.0,green,1
J666,I360,626.0,631.0,green,1
J666,I1703,4016.0,4021.0,brown,1
J666,I1752,4167.0,4170.0,green,2
J666,I2167,5556.0,5563.0,green,1
J2047,I3217,9312.0,9317.0,brown,1
J2047,I3921,12096.0,12098.0,green,2
J2047,I7858,26852.0,26859.0,green,2
J2047,I8817,29253.0,29256.0,brown,1
J2118,I1676,3906.0,3911.0,brown,1
J2118,I5357,17969.0,17977.0,green,1
J2118,I7100,24559.0,24562.0,brown,1
J2118,I7692,26348.0,26349.0,brown,1
J4433,I4631,15015.0,15016.0,green,1
J4433,I4663,15156.0,15158.0,brown,2
J4433,I4695,15285.0,15286.0,brown,1
J4433,I4728,15410.0,15420.0,green,1
J4433,I5047,16753.0,16755.0,brown,1
J3945,I4837,15863.0,15865.0,green,1
J3945,I4901,16160.0,16161.0,green,1
J3945,I4933,16264.0,16265.0,green,1
J3116,I5600,18926.0,18931.0,green,1
J3116,I6400,22003.0,22007.0,green,1
J424,I430,786.0,787.0,green,1
J424,I463,846.0,849.0,red,1
J424,I719,1431.0,1433.0,red,1
J424,I3503,10369.0,10381.0,green,1
J424,I5871,19995.0,20000.0,green,1
J3481,I1255,2757.0,2760.0,green,1
J3481,I1895,4603.0,4612.0,brown,1
J3481,I4840,15874.0,15884.0,green,1
J883,I925,1919.0,1920.0,green,1
J883,I1373,3047.0,3054.0,brown,1
J883,I2653,7226.0,7241.0,green,1
J2383,I6992,24202.0,24205.0,brown,3
J2314,I1645,3806.0,3810.0,brown,2
J1468,I1984,4893.0,4895.0,green,1
J1468,I2017,5011.0,5026.0,green,4
J1468,I2177,5596.0,5607.0,green,1
J4149,I5243,17522.0,17532.0,green,3
J4149,I5274,17641.0,17644.0,brown,1
J4149,I5755,19563.0,19567.0,green,1
J4149,I6682,23016.0,23023.0,brown,1
J930,I2008,4976.0,4977.0,green,1
J930,I2009,4977.0,4983.0,green,1
J930,I2136,5435.0,5440.0,green,1
J930,I2809,7752.0,7756.0,green,1
J930,I5168,17239.0,17252.0,brown,2
J373,I3860,11807.0,11817.0,brown,1
J373,I7188,24808.0,24810.0,green,2
J373,I7356,25377.0,25387.0,green,1
J373,I7861,26862.0,26863.0,brown,1
J373,I8084,27459.0,27464.0,green,1
J4596,I6081,20844.0,20845.0,brown,1
J4596,I6146,21085.0,21087.0,green,1
J1666,I2786,7665.0,7666.0,red,1
J1666,I2882,7997.0,8001.0,red,2
J1666,I6949,24015.0,24020.0,green,1
J1666,I7042,24371.0,24375.0,brown,1
J4547,I3427,10066.0,10069.0,brown,2
J4547,I7620,26151.0,26154.0,green,1
J4547,I8068,27411.0,27416.0,green,2
J4547,I8516,28562.0,28564.0,green,1
J3975,I5067,16815.0,16818.0,brown,1
J3975,I6092,20879.0,20886.0,green,5
J4487,I4703,15325.0,15329.0,green,1
J4487,I4863,15988.0,15989.0,brown,1
J4487,I5247,17540.0,17542.0,brown,2
J4487,I8287,28011.0,28012.0,brown,1
J548,I6502,22376.0,22387.0,green,4
J548,I6822,23536.0,23554.0,green,2
J2849,I1835,4417.0,4418.0,red,1
J2849,I5772,19623.0,19626.0,green,1
J2849,I6475,22279.0,22284.0,brown,1
J262,I312,538.0,540.0,green,2
J1382,I877,1809.0,1811.0,green,1
J1382,I909,1877.0,1878.0,brown,1
J1382,I2287,5974.0,5985.0,green,1
J1382,I3534,10474.0,10478.0,green,2
J4991,I8076,27436.0,27438.0,green,2
J4991,I8948,29513.0,29517.0,green,1
J4991,I9196,29943.0,29944.0,green,1
J4991,I9212,29965.0,29966.0,green,1
J4991,I9217,29975.0,29977.0,green,1
J1075,I546,1015.0,1017.0,red,1
J1075,I5507,18531.0,18539.0,green,2
J1075,I6149,21091.0,21097.0,green,2
J1075,I6163,21139.0,21144.0,green,1
J2294,I2435,6487.0,6488.0,green,1
J2294,I3395,9932.0,9935.0,brown,1
J2294,I6915,23913.0,23921.0,brown,1
J2294,I7361,25394.0,25404.0,brown,1
J2294,I7363,25407.0,25410.0,brown,1
J2294,I7372,25430.0,25431.0,green,1
J486,I563,1062.0,1065.0,green,1
J486,I594,1134.0,1136.0,green,2
J486,I595,1136.0,1139.0,green,1
J486,I755,1517.0,1519.0,red,1
J486,I947,1965.0,1971.0,red,1
J399,I3361,9839.0,9844.0,brown,2
J399,I3586,10645.0,10648.0,green,1
J399,I3906,12004.0,12014.0,green,1
J399,I5666,19206.0,19214.0,green,2
J2360,I2748,7540.0,7545.0,green,1
J2360,I2779,7646.0,7650.0,red,1
J2360,I3483,10304.0,10308.0,brown,1
J2360,I6522,22434.0,22440.0,green,1
J1072,I1860,4497.0,4505.0,brown,2
J1072,I3076,8736.0,8742.0,brown,1
J1072,I4397,14050.0,14052.0,green,1
J4814,I8339,28145.0,28146.0,green,1
J4814,I8340,28146.0,28150.0,green,2
J4814,I8531,28597.0,28600.0,brown,1
J4814,I8916,29453.0,29454.0,green,1
J4814,I9012,29625.0,29626.0,green,1
J491,I575,1086.0,1092.0,green,4
J491,I894,1848.0,1851.0,brown,1
J491,I3185,9177.0,9199.0,green,1
J4658,I4492,14450.0,14452.0,brown,2
J4658,I4812,15749.0,15756.0,brown,1
J4658,I7341,25324.0,25334.0,green,1
J4658,I8844,29306.0,29308.0,brown,1
J2635,I4714,15367.0,15368.0,green,1
J2635,I4746,15499.0,15500.0,green,1
J2635,I4778,15630.0,15634.0,green,2
J1810,I3678,11006.0,11012.0,green,1
J1810,I3805,11567.0,11575.0,green,1
J1810,I5022,16650.0,16660.0,green,3
J3570,I4751,15508.0,15521.0,green,2
J3570,I4911,16196.0,16201.0,green,1
J3570,I7439,25665.0,25666.0,green,1
J3570,I8395,28287.0,28289.0,green,1
J3570,I8483,28488.0,28490.0,green,1
J1306,I2430,6467.0,6468.0,green,1
J1306,I2462,6568.0,6572.0,green,2
J4567,I3361,9839.0,9844.0,brown,1
J4567,I5698,19307.0,19312.0,green,1
J4567,I7634,26187.0,26193.0,green,1
J4567,I8162,27708.0,27713.0,green,1
J4567,I8402,28302.0,28312.0,green,1
J4567,I8723,29050.0,29051.0,brown,1
J1537,I1743,4137.0,4141.0,green,1
J1537,I1934,4727.0,4732.0,red,1
J1537,I2286,5969.0,5974.0,green,1
J1537,I4623,14990.0,14993.0,green,3
J2901,I3744,11327.0,11330.0,green,1
J2901,I4961,16385.0,16387.0,green,1
J2901,I8145,27657.0,27659.0,green,2
J2569,I2497,6682.0,6684.0,green,1
J2569,I4769,15589.0,15598.0,green,5
J4399,I4776,15624.0,15629.0,green,5
J4399,I4840,15874.0,15884.0,green,1
J3839,I3323,9690.0,9693.0,brown,3
J3839,I3483,10304.0,10308.0,brown,1
J3839,I4188,13249.0,13269.0,green,1
J3839,I5196,17352.0,17353.0,green,1
J844,I2001,4948.0,4955.0,green,1
J844,I2128,5392.0,5401.0,green,2
J483,I398,719.0,720.0,green,1
J483,I431,787.0,789.0,green,1
J483,I1231,2672.0,2682.0,green,1
J483,I2095,5301.0,5304.0,green,1
J483,I2224,5785.0,5786.0,green,1
J1126,I6099,20900.0,20903.0,green,3
J1126,I7911,27000.0,27006.0,brown,1
J4943,I4560,14732.0,14733.0,green,1
J4943,I4784,15650.0,15656.0,brown,1
J4943,I8208,27820.0,27823.0,brown,1
J4943,I8688,28981.0,28988.0,brown,3
J4360,I1736,4120.0,4124.0,red,2
J4360,I3945,12190.0,12197.0,green,1
J4360,I6888,23807.0,23812.0,brown,1
J2370,I4377,13968.0,13971.0,green,1
J2370,I4408,14094.0,14099.0,green,1
J2370,I4569,14776.0,14786.0,green,2
J2370,I5327,17864.0,17872.0,brown,1
J3861,I3939,12175.0,12178.0,green,1
J3861,I4195,13287.0,13291.0,brown,2
J3861,I4483,14399.0,14409.0,brown,1
J3861,I4836,15860.0,15863.0,green,1
J3504,I3125,8935.0,8939.0,green,1
J3504,I3253,9418.0,9425.0,red,1
J3504,I3573,10603.0,10605.0,brown,1
J3504,I3798,11531.0,11537.0,green,1
J3504,I7813,26712.0,26717.0,brown,1
J1451,I1145,2473.0,2475.0,green,1
J1451,I1177,2541.0,2548.0,green,1
J1451,I1241,2712.0,2715.0,brown,1
J1451,I4121,12913.0,12923.0,green,1
J1413,I2923,8147.0,8148.0,green,1
J1413,I2956,8263.0,8266.0,green,1
J1413,I3916,12073.0,12084.0,green,1
J3092,I4754,15528.0,15529.0,green,1
J3092,I5106,16994.0,17000.0,brown,1
J3092,I5202,17366.0,17372.0,brown,1
J3092,I8626,28827.0,28833.0,brown,1
J4227,I1849,4462.0,4468.0,red,1
J4227,I5082,16858.0,16865.0,green,1
J4227,I7321,25281.0,25289.0,brown,3
J4227,I7354,25370.0,25375.0,green,1
J3037,I8120,27573.0,27574.0,green,1
J3037,I8794,29201.0,29205.0,green,1
J2005,I3101,8833.0,8835.0,red,1
J2005,I3742,11315.0,11326.0,green,1
J2005,I4073,12768.0,12773.0,brown,1
J564,I1411,3152.0,3155.0,red,1
J564,I6963,24095.0,24096.0,brown,1
J4690,I5455,18376.0,18379.0,green,1
J4690,I5552,18719.0,18722.0,green,1
J4690,I5807,19744.0,19745.0,brown,1
J4690,I6479,22288.0,22292.0,brown,3
J976,I1546,3500.0,3501.0,red,1
J976,I2346,6166.0,6170.0,brown,1
J976,I4810,15746.0,15747.0,brown,1
J976,I5371,18019.0,18034.0,green,2
J2171,I2616,7095.0,7096.0,red,1
J267,I4247,13467.0,13471.0,green,1
J267,I5174,17274.0,17277.0,brown,2
J267,I7427,25612.0,25619.0,green,1
J2848,I2676,7309.0,7310.0,red,1
J2848,I2933,8173.0,8176.0,brown,2
J2783,I3796,11523.0,11528.0,green,1
J2783,I4243,13460.0,13462.0,red,1
J2783,I4716,15373.0,15378.0,green,2
J2925,I4959,16378.0,16380.0,green,2
J2925,I5119,17050.0,17051.0,green,1
J4219,I5028,16672.0,16674.0,green,1
J4219,I5123,17061.0,17067.0,brown,1
J4219,I5668,19224.0,19225.0,green,1
J4219,I8346,28157.0,28159.0,green,1
J3585,I5120,17051.0,17052.0,green,1
J3585,I5184,17317.0,17321.0,green,1
J3585,I5248,17542.0,17547.0,brown,4
J1335,I2600,7018.0,7031.0,green,2
J1335,I2631,7155.0,7157.0,green,1
J1335,I3655,10908.0,10912.0,brown,1
J2233,I4262,13547.0,13548.0,brown,1
J2233,I5286,17678.0,17682.0,brown,3
J2233,I5574,18826.0,18835.0,brown,1
J2233,I6982,24160.0,24167.0,brown,1
J368,I789,1595.0,1596.0,brown,1
J368,I854,1749.0,1752.0,brown,1
J368,I1142,2461.0,2462.0,green,1
J368,I1206,2610.0,2617.0,green,1
J2103,I1593,3623.0,3632.0,green,1
J2103,I1656,3843.0,3846.0,brown,2
J3396,I4518,14538.0,14539.0,brown,1
J3396,I4583,14828.0,14839.0,green,3
J3396,I7270,25092.0,25095.0,brown,2
J1341,I2820,7795.0,7800.0,brown,2
J1341,I2837,7848.0,7850.0,green,1
J1341,I2917,8132.0,8140.0,green,2
J1341,I2949,8231.0,8235.0,green,1
J4981,I6774,23323.0,23326.0,green,1
J4981,I6806,23446.0,23460.0,green,1
J4981,I8150,27668.0,27675.0,green,2
J4981,I8246,27925.0,27929.0,green,1
J4981,I8918,29455.0,29457.0,green,1
J1987,I2248,5839.0,5844.0,green,1
J1987,I4617,14942.0,14961.0,green,1
J1563,I405,735.0,738.0,red,1
J1563,I6278,21554.0,21556.0,green,1
J1563,I6822,23536.0,23554.0,green,1
J1563,I7137,24670.0,24675.0,brown,1
J1442,I1827,4390.0,4394.0,red,1
J1442,I1859,4496.0,4497.0,brown,1
J1442,I1891,4591.0,4595.0,brown,1
J1442,I3780,11482.0,11487.0,green,1
J1442,I6948,24010.0,24015.0,green,1
J1442,I7812,26708.0,26712.0,green,1
J584,I3076,8736.0,8742.0,brown,1
J475,I1313,2890.0,2891.0,red,1
J475,I1346,2970.0,2973.0,green,1
J475,I2626,7138.0,7143.0,green,1
J475,I2753,7563.0,7565.0,green,1
J4038,I3805,11567.0,11575.0,green,2
J4038,I4445,14251.0,14254.0,green,1
J4038,I7301,25211.0,25222.0,green,1
J767,I2012,4990.0,4998.0,green,2
J767,I2045,5117.0,5127.0,green,4
J778,I421,767.0,770.0,red,1
J778,I1701,4000.0,4010.0,brown,1
J778,I3173,9142.0,9145.0,green,1
J778,I3686,11043.0,11050.0,green,1
J778,I4614,14932.0,14939.0,green,1
J778,I6374,21919.0,21926.0,green,1
J2144,I2686,7345.0,7347.0,brown,1
J2144,I2718,7440.0,7441.0,green,1
J2144,I4862,15985.0,15988.0,brown,1
J2144,I8159,27697.0,27699.0,green,2
J2144,I8223,27854.0,27858.0,green,1
J1972,I3493,10331.0,10340.0,green,1
J1972,I6285,21575.0,21583.0,green,1
J1972,I7780,26618.0,26621.0,brown,1
J113,I345,593.0,594.0,green,1
J113,I377,665.0,667.0,green,2
J113,I601,1149.0,1151.0,green,1
J113,I953,1985.0,1991.0,brown,1
J4619,I1449,3267.0,3268.0,red,1
J4619,I1481,3347.0,3351.0,red,3
J4619,I8490,28503.0,28505.0,green,1
J4619,I9037,29673.0,29675.0,brown,1
J3359,I4217,13366.0,13367.0,green,1
J3359,I4313,13703.0,13709.0,brown,4
J3359,I4378,13971.0,13978.0,green,1
J2786,I7219,24925.0,24938.0,green,1
J2786,I7378,25448.0,25449.0,brown,1
J2786,I8466,28452.0,28453.0,brown,1
J2786,I8530,28592.0,28597.0,brown,1
J2786,I8626,28827.0,28833.0,brown,1
J3001,I3728,11228.0,11236.0,brown,1
J3001,I3760,11396.0,11406.0,green,3
J4714,I6398,22000.0,22002.0,brown,2
J4714,I6815,23507.0,23508.0,green,1
J4714,I8895,29405.0,29410.0,green,1
J4714,I8991,29586.0,29588.0,green,2
J2779,I2953,8251.0,8252.0,green,1
J2779,I2985,8391.0,8392.0,green,1
J2779,I5034,16698.0,16705.0,green,2
J2779,I6826,23572.0,23573.0,green,1
J2779,I7810,26706.0,26707.0,green,1
J4301,I279,481.0,482.0,red,1
J4301,I407,739.0,742.0,red,1
J4301,I951,1983.0,1984.0,brown,1
J4301,I7639,26205.0,26212.0,brown,1
J4301,I7992,27207.0,27211.0,green,1
J2977,I6098,20896.0,20900.0,green,2
J2977,I7281,25148.0,25151.0,brown,1
J2977,I8114,27546.0,27549.0,green,1
J3935,I6282,21569.0,21572.0,green,1
J3935,I6378,21939.0,21940.0,green,1
J1701,I1809,4343.0,4344.0,green,1
J1701,I1810,4344.0,4346.0,green,1
J1701,I1906,4632.0,4638.0,brown,1
J1701,I2002,4955.0,4957.0,green,1
J1701,I2003,4957.0,4967.0,green,1
J3349,I2481,6627.0,6630.0,brown,1
J3349,I6750,23241.0,23245.0,green,1
J3349,I6754,23251.0,23262.0,green,4
J3256,I4540,14644.0,14647.0,green,2
J3256,I4700,15308.0,15316.0,green,1
J1100,I1888,4580.0,4584.0,brown,1
J1100,I6177,21229.0,21237.0,green,1
J1100,I6457,22224.0,22235.0,green,1
J466,I203,336.0,337.0,green,1
J466,I235,399.0,400.0,green,1
J466,I395,707.0,716.0,green,1
J466,I3339,9743.0,9746.0,green,1
J466,I3403,9987.0,9994.0,green,1
J1022,I2112,5349.0,5351.0,brown,1
J1022,I4873,16016.0,16029.0,green,1
J1448,I3428,10069.0,10078.0,brown,2
J762,I509,946.0,949.0,red,1
J762,I637,1221.0,1224.0,red,1
J762,I797,1610.0,1611.0,brown,1
J762,I3294,9587.0,9591.0,green,1
J762,I5181,17306.0,17310.0,brown,1
J762,I5710,19351.0,19370.0,green,1
J955,I718,1427.0,1431.0,brown,2
J2867,I2799,7707.0,7713.0,red,1
J2867,I5600,18926.0,18931.0,green,1
J2867,I5632,19073.0,19083.0,green,3
J3253,I4385,14009.0,14014.0,green,1
J3253,I4416,14134.0,14138.0,green,1
J3253,I5312,17821.0,17827.0,brown,1
J3253,I7136,24668.0,24670.0,brown,1
J3253,I8681,28967.0,28968.0,green,1
J3581,I7761,26537.0,26548.0,green,4
J4465,I6608,22769.0,22781.0,green,1
J4465,I6895,23849.0,23850.0,brown,1
J4465,I7216,24911.0,24918.0,green,1
J4465,I8400,28296.0,28298.0,green,1
J4045,I5473,18435.0,18444.0,green,1
J3435,I4440,14232.0,14233.0,brown,1
J3435,I4568,14771.0,14776.0,green,2
J3435,I6878,23761.0,23766.0,brown,1
J3435,I6880,23767.0,23772.0,brown,2
J1435,I2842,7868.0,7876.0,green,2
J1435,I2905,8083.0,8088.0,red,1
J1435,I2937,8185.0,8190.0,brown,1
J1435,I3034,8554.0,8556.0,green,1
J2355,I2285,5965.0,5969.0,green,2
J2355,I6270,21535.0,21540.0,green,3
J1427,I1333,2943.0,2947.0,green,1
J1427,I1397,3110.0,3112.0,brown,2
J1427,I5231,17470.0,17478.0,brown,1
J136,I227,385.0,386.0,green,1
J136,I228,386.0,389.0,green,1
J136,I1476,3339.0,3340.0,brown,1
J136,I1668,3877.0,3882.0,brown,2
J136,I2215,5735.0,5750.0,green,1
J4351,I3927,12124.0,12126.0,green,1
J4351,I4311,13697.0,13698.0,brown,1
J4351,I8498,28525.0,28526.0,green,1
J1376,I2243,5821.0,5824.0,green,1
J1376,I2275,5930.0,5932.0,green,1
J1376,I2307,6053.0,6060.0,green,2
J2462,I1182,2555.0,2557.0,green,1
J2462,I3039,8563.0,8578.0,green,1
J2462,I5071,16824.0,16828.0,green,2
J3264,I1260,2766.0,2767.0,green,1
J3264,I1292,2827.0,2829.0,green,2
J3264,I3757,11388.0,11393.0,green,1
J3264,I5524,18597.0,18603.0,brown,1
J652,I396,716.0,717.0,green,1
J652,I397,717.0,719.0,green,1
J652,I524,975.0,978.0,green,1
J652,I1197,2594.0,2595.0,green,1
J652,I1741,4131.0,4135.0,green,1
J652,I3117,8902.0,8911.0,green,1
J3429,I4356,13895.0,13899.0,green,3
J3778,I5623,19034.0,19038.0,green,1
J3778,I5655,19163.0,19165.0,green,2
J2002,I379,672.0,673.0,red,1
J2002,I7356,25377.0,25387.0,green,2
J2002,I7755,26522.0,26523.0,brown,1
J4388,I3730,11237.0,11241.0,brown,2
J4388,I7413,25566.0,25573.0,green,2
J4388,I7857,26845.0,26852.0,green,1
J2955,I3315,9660.0,9667.0,brown,1
J2955,I3347,9781.0,9790.0,red,1
J2955,I3508,10393.0,10395.0,green,1
J2955,I3540,10495.0,10498.0,green,2
J2955,I3573,10603.0,10605.0,brown,1
J2753,I2359,6209.0,6213.0,green,1
J2753,I2488,6655.0,6656.0,green,1
J2753,I2519,6766.0,6770.0,green,2
J2753,I4983,16493.0,16495.0,green,2
J4297,I3522,10435.0,10436.0,green,1
J4297,I3586,10645.0,10648.0,green,1
J4297,I5570,18812.0,18813.0,brown,1
J4297,I8117,27562.0,27570.0,green,1
J4297,I8163,27713.0,27720.0,green,2
J2524,I4653,15113.0,15114.0,brown,1
J2524,I4845,15910.0,15921.0,brown,1
J2524,I7534,25916.0,25920.0,green,4
J77,I264,446.0,447.0,green,1
J77,I296,506.0,510.0,red,1
J77,I425,775.0,780.0,green,2
J77,I2024,5044.0,5052.0,green,1
J3658,I5527,18608.0,18611.0,brown,2
J3658,I5912,20150.0,20151.0,green,1
J3658,I6328,21760.0,21761.0,green,1
J3658,I7424,25599.0,25603.0,green,1
J3013,I410,745.0,748.0,brown,1
J3013,I4123,12928.0,12933.0,green,1
J3013,I4219,13368.0,13376.0,green,1
J3013,I5178,17281.0,17294.0,brown,2
J4999,I5913,20151.0,20153.0,brown,1
J4999,I6297,21623.0,21629.0,brown,1
J4999,I6618,22808.0,22815.0,green,2
J4999,I7449,25694.0,25697.0,brown,1
J4090,I5503,18526.0,18527.0,brown,1
J4090,I5631,19071.0,19073.0,brown,1
J4090,I5632,19073.0,19083.0,green,1
J714,I407,739.0,742.0,red,1
J714,I727,1455.0,1463.0,red,1
J714,I1111,2383.0,2386.0,green,1
J714,I1463,3315.0,3317.0,brown,2
J4834,I8079,27444.0,27455.0,green,3
J4834,I8675,28954.0,28959.0,green,1
J2826,I6122,20998.0,21009.0,brown,3
J2826,I6443,22153.0,22161.0,green,1
J2826,I6987,24186.0,24189.0,green,1
J1831,I4261,13536.0,13547.0,brown,1
J1831,I5030,16683.0,16691.0,green,1
J1831,I6414,22044.0,22050.0,green,2
J1831,I6742,23205.0,23212.0,green,2
J776,I967,2027.0,2031.0,brown,1
J776,I999,2088.0,2095.0,red,2
J776,I5544,18671.0,18696.0,green,3
J2394,I2930,8166.0,8168.0,green,2
J2394,I3603,10703.0,10714.0,green,1
J2394,I4587,14848.0,14856.0,green,1
J2394,I4617,14942.0,14961.0,green,1
J2185,I2653,7226.0,7241.0,green,1
J2185,I2684,7342.0,7344.0,brown,1
J2185,I2748,7540.0,7545.0,green,1
J2185,I3453,10158.0,10167.0,green,1
J2185,I3741,11301.0,11315.0,green,2
J3039,I3689,11056.0,11063.0,green,1
J3039,I3977,12320.0,12324.0,brown,3
J3039,I5354,17962.0,17964.0,green,1
J3850,I1825,4387.0,4388.0,red,1
J3850,I6209,21340.0,21346.0,brown,3
J3850,I7186,24802.0,24804.0,green,2
J4157,I4498,14475.0,14478.0,brown,1
J4157,I4755,15529.0,15534.0,green,2
J4157,I6994,24207.0,24217.0,brown,1
J4355,I4404,14080.0,14083.0,green,2
J4355,I4789,15667.0,15669.0,green,1
J1896,I2617,7096.0,7101.0,green,1
J1896,I2648,7215.0,7218.0,green,2
J1896,I2968,8300.0,8307.0,brown,3
J4245,I861,1772.0,1773.0,red,1
J4245,I1405,3133.0,3136.0,red,2
J4245,I5502,18520.0,18526.0,brown,2
J1052,I634,1212.0,1214.0,red,1
J1052,I4667,15169.0,15173.0,green,1
J1052,I7707,26389.0,26390.0,green,1
J2049,I3092,8795.0,8797.0,red,1
J2049,I3988,12370.0,12373.0,green,1
J2049,I5748,19534.0,19537.0,brown,1
J2049,I5781,19658.0,19662.0,green,1
J2049,I8854,29333.0,29334.0,brown,1
J1267,I134,202.0,205.0,green,1
J1267,I4423,14152.0,14168.0,green,1
J1267,I4711,15347.0,15359.0,green,1
J1267,I4903,16164.0,16166.0,green,2
J1267,I5751,19548.0,19550.0,brown,1
J3606,I5674,19238.0,19240.0,brown,1
J3606,I5898,20113.0,20120.0,brown,1
J2420,I4252,13483.0,13487.0,green,2
J2420,I4444,14239.0,14251.0,green,1
J269,I6303,21646.0,21652.0,green,2
J269,I7369,25424.0,25427.0,green,2
J269,I7615,26138.0,26141.0,green,2
J202,I780,1577.0,1579.0,brown,1
J202,I940,1955.0,1958.0,red,1
J202,I4525,14575.0,14583.0,green,3
J202,I6093,20886.0,20888.0,green,1
J1155,I741,1492.0,1493.0,red,1
J1155,I4486,14422.0,14426.0,green,1
J1155,I5542,18665.0,18670.0,green,1
J1155,I6685,23029.0,23032.0,brown,1
J2335,I1595,3633.0,3637.0,green,1
J2335,I5020,16641.0,16646.0,green,2
J2335,I5203,17372.0,17376.0,brown,2
J1247,I1153,2483.0,2489.0,red,3
J1247,I4258,13514.0,13527.0,green,1
J1247,I4393,14026.0,14039.0,brown,2
J1786,I3039,8563.0,8578.0,green,1
J1786,I5599,18920.0,18926.0,green,3
J1786,I6793,23395.0,23401.0,green,1
J4309,I7114,24611.0,24614.0,brown,1
J4309,I7435,25651.0,25658.0,green,1
J4309,I8235,27887.0,27888.0,green,1
J3391,I5367,18011.0,18013.0,green,2
J3391,I5399,18171.0,18172.0,green,1
J3391,I5591,18890.0,18892.0,brown,1
J3391,I6867,23734.0,23735.0,brown,1
J897,I799,1614.0,1619.0,brown,1
J897,I2208,5712.0,5720.0,green,2
J1784,I3063,8669.0,8674.0,green,1
J1784,I4216,13355.0,13366.0,green,2
J1784,I5672,19235.0,19237.0,green,2
J2150,I2394,6354.0,6356.0,red,1
J2150,I4255,13490.0,13500.0,green,3
J3729,I4782,15643.0,15647.0,brown,3
J3729,I4814,15766.0,15767.0,brown,1
J3729,I5342,17909.0,17918.0,brown,1
J3729,I5935,20230.0,20234.0,green,1
J2859,I4913,16204.0,16206.0,green,2
J2859,I5169,17252.0,17260.0,brown,2
J2859,I6810,23470.0,23487.0,green,2
J3223,I4125,12948.0,12960.0,green,4
J3322,I3226,9343.0,9347.0,green,1
J3322,I6394,21984.0,21990.0,brown,2
J3322,I8251,27937.0,27938.0,green,1
J3322,I8347,28159.0,28160.0,green,1
J3199,I4508,14501.0,14502.0,brown,1
J3199,I4540,14644.0,14647.0,green,1
J3199,I4541,14647.0,14658.0,green,1
J3199,I4573,14794.0,14803.0,green,1
J3199,I5524,18597.0,18603.0,brown,1
J3199,I6388,21967.0,21969.0,brown,1
J4169,I6600,22746.0,22750.0,green,3
J4169,I6727,23147.0,23157.0,brown,3
J1640,I3487,10311.0,10322.0,brown,3
J1640,I7856,26840.0,26845.0,green,3
J596,I1458,3307.0,3308.0,brown,1
J596,I1683,3932.0,3938.0,green,1
J596,I1811,4346.0,4351.0,green,1
J596,I4018,12508.0,12516.0,brown,1
J596,I4979,16456.0,16459.0,green,2
J3769,I4935,16268.0,16270.0,green,1
J3769,I5383,18111.0,18114.0,green,2
J3769,I6743,23212.0,23224.0,green,3
J1269,I1543,3496.0,3498.0,brown,1
J1269,I1574,3565.0,3569.0,red,1
J1269,I1703,4016.0,4021.0,brown,2
J1269,I1831,4407.0,4409.0,green,1
J1269,I2215,5735.0,5750.0,green,1
J916,I3877,11874.0,11880.0,brown,1
J916,I6822,23536.0,23554.0,green,3
J916,I7109,24588.0,24597.0,brown,2
J1621,I3080,8747.0,8748.0,brown,1
J1621,I3816,11612.0,11615.0,green,1
J1621,I4328,13753.0,13763.0,green,3
J1621,I5168,17239.0,17252.0,brown,1
J4899,I5777,19641.0,19646.0,brown,3
J4899,I6481,22294.0,22301.0,brown,1
J1147,I1627,3747.0,3749.0,green,1
J1147,I4124,12933.0,12948.0,green,3
J1147,I4444,14239.0,14251.0,green,2
J806,I5168,17239.0,17252.0,brown,1
J2048,I3697,11095.0,11099.0,green,2
J2048,I7313,25258.0,25264.0,brown,1
J2048,I7954,27109.0,27113.0,green,1
J2378,I4403,14077.0,14080.0,green,2
J2378,I4660,15146.0,15152.0,green,1
J2378,I7448,25692.0,25694.0,green,1
J2378,I7580,26029.0,26037.0,green,1
J2520,I4022,12528.0,12538.0,green,2
J2520,I4054,12671.0,12678.0,green,2
J13,I38,54.0,56.0,green,1
J13,I2310,6066.0,6067.0,green,1
J13,I2406,6401.0,6403.0,brown,1
J4760,I7799,26671.0,26672.0,green,1
J4760,I7927,27037.0,27040.0,green,1
J4760,I8215,27838.0,27840.0,brown,2
J4760,I8695,28998.0,29000.0,brown,1
J4760,I8903,29424.0,29427.0,green,1
J4748,I619,1180.0,1181.0,red,1
J4748,I7788,26639.0,26640.0,green,1
J4748,I8172,27741.0,27743.0,brown,2
J4748,I8332,28132.0,28134.0,green,1
J4748,I8764,29131.0,29134.0,brown,1
J2987,I2525,6783.0,6784.0,red,1
J2987,I4606,14910.0,14913.0,brown,2
J3881,I4906,16171.0,16180.0,green,2
J3881,I5034,16698.0,16705.0,green,1
J3881,I6950,24020.0,24024.0,green,3
J4313,I3295,9591.0,9595.0,green,1
J4313,I3358,9829.0,9832.0,red,1
J4313,I3807,11580.0,11589.0,green,3
J4313,I7555,25977.0,25980.0,green,1
J4146,I6713,23101.0,23103.0,green,2
J4146,I6809,23465.0,23470.0,green,3
J1172,I1343,2964.0,2967.0,green,2
J1172,I1344,2967.0,2969.0,green,1
J1172,I1504,3394.0,3398.0,green,2
J1081,I350,600.0,604.0,green,1
J1081,I510,949.0,950.0,red,1
J1081,I542,1003.0,1006.0,red,1
J1081,I3295,9591.0,9595.0,green,1
J3611,I3430,10081.0,10094.0,brown,2
J3611,I3431,10094.0,10097.0,green,2
J357,I820,1656.0,1660.0,green,1
J357,I1683,3932.0,3938.0,green,2
J4908,I8871,29357.0,29359.0,green,1
J4908,I8887,29391.0,29393.0,green,1
J4908,I8903,29424.0,29427.0,green,1
J341,I4741,15477.0,15482.0,green,1
J341,I4873,16016.0,16029.0,green,1
J3234,I3127,8941.0,8944.0,green,1
J3234,I5216,17407.0,17415.0,green,1
J3583,I4952,16335.0,16339.0,green,3
J3583,I4984,16495.0,16496.0,green,1
J1000,I868,1787.0,1793.0,green,2
J1000,I2293,6002.0,6013.0,green,2
J881,I1977,4873.0,4874.0,brown,1
J881,I2245,5825.0,5829.0,green,2
J2424,I2405,6399.0,6401.0,brown,2
J2424,I2438,6493.0,6501.0,green,2
J2424,I2534,6797.0,6803.0,red,2
J386,I356,615.0,622.0,green,1
J386,I388,690.0,691.0,red,1
J386,I389,691.0,692.0,green,1
J386,I901,1863.0,1867.0,brown,1
J386,I1317,2898.0,2908.0,green,1
J386,I5093,16915.0,16921.0,green,1
J2098,I1406,3136.0,3144.0,red,1
J2098,I3550,10533.0,10541.0,brown,1
J2098,I8483,28488.0,28490.0,green,1
J2098,I8675,28954.0,28959.0,green,1
J3858,I6615,22797.0,22802.0,green,1
J3858,I6694,23045.0,23048.0,green,1
J3858,I6726,23146.0,23147.0,brown,1
J3858,I6791,23386.0,23390.0,green,1
J4709,I8344,28154.0,28156.0,green,2
J4709,I8360,28201.0,28206.0,green,1
J4709,I8504,28541.0,28543.0,green,2
J4709,I8537,28618.0,28620.0,brown,1
J3026,I902,1867.0,1869.0,brown,2
J3026,I966,2018.0,2027.0,brown,1
J3026,I5871,19995.0,20000.0,green,1
J4915,I5749,19537.0,19545.0,brown,1
J4915,I6454,22213.0,22219.0,green,2
J4915,I6485,22307.0,22309.0,brown,1
J4915,I8118,27570.0,27571.0,green,1
J4915,I8566,28698.0,28701.0,green,1
J1657,I2463,6572.0,6583.0,green,6
J2768,I7183,24785.0,24798.0,brown,1
J2768,I8356,28190.0,28192.0,green,2
J1905,I3558,10567.0,10574.0,red,2
J1905,I3623,10783.0,10788.0,green,1
J1905,I3654,10906.0,10908.0,brown,2
J1905,I5082,16858.0,16865.0,green,1
J143,I428,783.0,784.0,green,1
J143,I588,1116.0,1119.0,green,1
J143,I3724,11211.0,11213.0,brown,1
J1024,I1319,2912.0,2915.0,red,2
J1024,I4136,12998.0,13005.0,green,1
J1024,I5544,18671.0,18696.0,green,1
J1024,I6440,22140.0,22147.0,green,2
J3385,I3029,8537.0,8538.0,red,1
J3385,I3861,11817.0,11825.0,brown,1
J3385,I7222,24941.0,24944.0,green,2
J3563,I6882,23778.0,23784.0,brown,2
J3563,I7395,25497.0,25504.0,green,1
J3563,I7938,27070.0,27073.0,brown,1
J3563,I8563,28691.0,28695.0,green,1
J3904,I6916,23921.0,23931.0,green,2
J3904,I6948,24010.0,24015.0,green,3
J4376,I7280,25145.0,25148.0,brown,1
J4376,I7312,25256.0,25258.0,brown,2
J4376,I7472,25762.0,25763.0,brown,1
J3190,I1782,4258.0,4259.0,green,1
J3190,I2039,5098.0,5106.0,green,1
J3190,I3318,9672.0,9676.0,brown,1
J3190,I3798,11531.0,11537.0,green,1
J3190,I5867,19959.0,19968.0,green,1
J291,I676,1334.0,1342.0,green,2
J291,I1027,2156.0,2162.0,green,4
J4070,I6871,23746.0,23751.0,brown,2
J2330,I2329,6112.0,6113.0,green,1
J2330,I2362,6227.0,6231.0,red,1
J2330,I4026,12557.0,12570.0,green,2
J2330,I7033,24338.0,24343.0,brown,1
J2330,I7417,25584.0,25585.0,brown,1
J1719,I3138,8987.0,8998.0,red,2
J1719,I3299,9609.0,9613.0,brown,1
J718,I961,2000.0,2008.0,brown,1
J718,I1025,2151.0,2153.0,green,1
J718,I1186,2566.0,2570.0,green,2
J1421,I3074,8717.0,8730.0,green,1
J1421,I3171,9122.0,9132.0,green,3
J2615,I2794,7681.0,7688.0,red,1
J2615,I5195,17350.0,17352.0,green,1
J2615,I6186,21269.0,21273.0,brown,1
J2615,I7395,25497.0,25504.0,green,1
J3522,I4337,13795.0,13799.0,brown,1
J3522,I4402,14076.0,14077.0,green,1
J3522,I4434,14215.0,14216.0,brown,1
J3522,I5554,18724.0,18727.0,green,3
J2893,I2283,5955.0,5961.0,green,1
J2893,I3978,12324.0,12328.0,brown,1
J2893,I5667,19214.0,19224.0,green,1
J4454,I5358,17977.0,17981.0,green,3
J1730,I2876,7985.0,7990.0,red,1
J1730,I2973,8320.0,8324.0,brown,1
J1730,I5501,18518.0,18520.0,brown,1
J1730,I8325,28106.0,28112.0,brown,2
J4756,I8084,27459.0,27464.0,green,2
J4756,I8531,28597.0,28600.0,brown,1
J4837,I5852,19879.0,19881.0,green,1
J4837,I6077,20820.0,20821.0,green,1
J4837,I8477,28468.0,28473.0,green,1
J4008,I1393,3101.0,3105.0,brown,3
J4008,I5233,17482.0,17493.0,brown,1
J4008,I7586,26048.0,26050.0,green,1
J4008,I7602,26086.0,26097.0,green,1
J4953,I8511,28556.0,28557.0,green,1
J4953,I8895,29405.0,29410.0,green,3
J4953,I9161,29886.0,29887.0,green,1
J1334,I2591,6989.0,6993.0,green,2
J1334,I2655,7242.0,7246.0,green,1
J1334,I3428,10069.0,10078.0,brown,1
J3621,I1569,3557.0,3559.0,red,2
J3621,I1729,4099.0,4100.0,red,1
J3621,I1953,4788.0,4789.0,red,1
J3621,I6054,20736.0,20737.0,green,1
J3933,I4258,13514.0,13527.0,green,1
J3933,I9008,29621.0,29622.0,green,1
J3933,I9133,29847.0,29848.0,green,1
J414,I107,156.0,157.0,brown,1
J414,I171,269.0,271.0,green,1
J1473,I2651,7223.0,7225.0,green,1
J1473,I3899,11965.0,11975.0,green,1
J1473,I3915,12059.0,12073.0,green,2
J928,I1285,2810.0,2813.0,green,1
J928,I2798,7697.0,7707.0,green,2
J3875,I3955,12235.0,12241.0,green,2
J3875,I4690,15260.0,15269.0,red,1
J1489,I1047,2221.0,2223.0,green,1
J1489,I3895,11944.0,11952.0,green,1
J1489,I4152,13099.0,13102.0,green,1
J1489,I4158,13118.0,13134.0,green,3
J4918,I2564,6889.0,6895.0,red,1
J4918,I7373,25431.0,25441.0,green,2
J4918,I8653,28900.0,28901.0,green,1
J3605,I3477,10291.0,10292.0,red,1
J3605,I3733,11248.0,11251.0,brown,2
J3605,I3829,11677.0,11681.0,brown,2
J2874,I4964,16410.0,16411.0,green,1
J2874,I4996,16545.0,16546.0,green,1
J2874,I5028,16672.0,16674.0,green,1
J2874,I5220,17421.0,17422.0,green,1
J2874,I5604,18935.0,18940.0,green,1
J2874,I5823,19800.0,19801.0,green,1
J2761,I4470,14334.0,14335.0,brown,1
J2761,I4502,14488.0,14489.0,red,1
J2761,I4510,14504.0,14511.0,brown,2
J2761,I4534,14625.0,14632.0,green,1
J2761,I4726,15408.0,15409.0,red,1
J4565,I6473,22275.0,22278.0,brown,1
J4565,I8594,28756.0,28758.0,green,1
J4565,I9148,29869.0,29871.0,green,1
J3331,I2101,5321.0,5323.0,red,1
J3331,I3861,11817.0,11825.0,brown,1
J3331,I3957,12246.0,12248.0,green,1
J3331,I6406,22016.0,22024.0,green,1
J3331,I6598,22735.0,22737.0,green,2
J4820,I3656,10912.0,10918.0,brown,1
J4820,I8840,29298.0,29299.0,brown,1
J4820,I9001,29603.0,29604.0,green,1
J2613,I2975,8327.0,8330.0,green,1
J2613,I3007,8462.0,8465.0,brown,2
J2613,I3264,9473.0,9478.0,green,2
J2613,I4768,15587.0,15589.0,green,1
J3739,I5309,17808.0,17813.0,brown,2
J3739,I7622,26155.0,26160.0,green,1
J3739,I7917,27017.0,27021.0,brown,1
J962,I2017,5011.0,5026.0,green,2
J962,I2049,5153.0,5156.0,green,2
J962,I2080,5254.0,5259.0,red,2
J4883,I6391,21973.0,21980.0,brown,1
J4883,I8664,28923.0,28927.0,green,1
J4883,I9016,29633.0,29637.0,green,3
J329,I2044,5114.0,5117.0,green,2
J329,I2460,6563.0,6567.0,green,1
J329,I3069,8704.0,8711.0,green,2
J1444,I2597,7013.0,7015.0,red,1
J1444,I6150,21097.0,21100.0,green,3
J1444,I7750,26505.0,26513.0,brown,1
J1914,I3393,9928.0,9931.0,red,1
J1914,I3489,10323.0,10327.0,brown,3
J1914,I4002,12429.0,12436.0,green,2
J4201,I5752,19550.0,19556.0,green,4
J3813,I5342,17909.0,17918.0,brown,2
J3813,I6751,23245.0,23247.0,green,1
J3813,I6810,23470.0,23487.0,green,3
J343,I953,1985.0,1991.0,brown,2
J1951,I3236,9367.0,9372.0,green,1
J1951,I3267,9483.0,9488.0,green,2
J1951,I5860,19919.0,19924.0,green,2
J1951,I7172,24761.0,24765.0,green,1
J2841,I5034,16698.0,16705.0,green,1
J2841,I7753,26517.0,26519.0,brown,1
J2841,I8330,28118.0,28130.0,green,2
J2841,I8586,28733.0,28734.0,green,1
J2841,I8746,29094.0,29099.0,green,1
J3841,I3150,9041.0,9047.0,red,2
J3841,I5391,18139.0,18147.0,green,1
J3841,I7055,24421.0,24426.0,green,1
J3841,I8515,28561.0,28562.0,green,1
J3841,I8639,28863.0,28872.0,brown,1
J1348,I3910,12026.0,12035.0,green,2
J1348,I5542,18665.0,18670.0,green,2
J1348,I5654,19162.0,19163.0,green,1
J1348,I7606,26113.0,26115.0,green,1
J4772,I8066,27405.0,27406.0,green,1
J4772,I8403,28312.0,28313.0,green,1
J4772,I8435,28387.0,28390.0,green,1
J4772,I9163,29888.0,29891.0,green,1
J4023,I2281,5952.0,5954.0,green,2
J4023,I2314,6075.0,6077.0,red,1
J4023,I3817,11615.0,11629.0,green,1
J4023,I7561,25994.0,25995.0,brown,1
J4023,I7974,27159.0,27161.0,green,1
J3649,I1737,4124.0,4125.0,red,1
J3649,I1961,4828.0,4830.0,red,2
J3649,I2057,5179.0,5184.0,red,1
J3649,I2410,6406.0,6412.0,brown,2
J2653,I4088,12810.0,12813.0,red,2
J2653,I4153,13102.0,13105.0,green,1
J2653,I5593,18893.0,18904.0,green,1
J4147,I742,1493.0,1494.0,red,1
J4147,I774,1560.0,1562.0,red,1
J4147,I7142,24685.0,24687.0,brown,2
J4147,I7399,25515.0,25520.0,green,2
J4457,I6706,23083.0,23087.0,green,2
J4457,I6737,23190.0,23196.0,brown,2
J4392,I4263,13548.0,13565.0,brown,1
J4392,I6408,22026.0,22029.0,green,3
J4392,I6824,23563.0,23566.0,green,1
J4392,I8744,29091.0,29093.0,green,1
J440,I6987,24186.0,24189.0,green,1
J440,I9195,29942.0,29943.0,green,1
J440,I9207,29957.0,29959.0,brown,1
J4374,I5122,17057.0,17061.0,brown,1
J4374,I6403,22011.0,22012.0,green,1
J4374,I7267,25081.0,25086.0,brown,1
J4374,I7651,26241.0,26245.0,brown,1
J4815,I6021,20592.0,20598.0,green,1
J4815,I6276,21552.0,21553.0,brown,1
J4815,I6532,22465.0,22469.0,brown,2
J4815,I7268,25086.0,25091.0,brown,1
J1350,I3795,11515.0,11523.0,green,2
J1350,I4408,14094.0,14099.0,green,2
J1234,I1035,2189.0,2195.0,green,3
J86,I112,161.0,164.0,brown,3
J86,I4889,16086.0,16091.0,green,2
J1021,I2302,6041.0,6046.0,brown,1
J1021,I4031,12593.0,12595.0,green,1
J1021,I5183,17311.0,17317.0,green,2
J1021,I5308,17798.0,17808.0,green,1
J4176,I5756,19567.0,19575.0,green,6
J1565,I3002,8439.0,8440.0,red,1
J1565,I3034,8554.0,8556.0,green,1
J1565,I3067,8690.0,8694.0,green,1
J1565,I3131,8954.0,8963.0,green,3
J2869,I5092,16910.0,16915.0,green,1
J2869,I6165,21145.0,21153.0,green,1
J622,I1040,2204.0,2207.0,green,2
J622,I1233,2687.0,2692.0,green,2
J1669,I2170,5568.0,5572.0,green,1
J1669,I2202,5699.0,5702.0,brown,1
J1669,I4027,12570.0,12576.0,green,1
J1669,I5114,17016.0,17025.0,brown,1
J3954,I1968,4848.0,4856.0,red,2
J3954,I2192,5656.0,5658.0,green,1
J3954,I4401,14067.0,14076.0,green,3
J4237,I4109,12875.0,12876.0,green,1
J882,I876,1806.0,1809.0,green,1
J882,I1355,2998.0,3000.0,brown,1
J882,I1611,3702.0,3713.0,brown,1
J882,I3083,8751.0,8767.0,brown,2
J882,I3948,12207.0,12215.0,green,1
J58,I100,142.0,143.0,brown,1
J58,I1860,4497.0,4505.0,brown,2
J1637,I625,1191.0,1198.0,green,2
J1637,I656,1263.0,1268.0,green,1
J1637,I4401,14067.0,14076.0,green,1
J1637,I5362,17999.0,18005.0,green,1
J1637,I5393,18148.0,18153.0,green,1
J2443,I3247,9402.0,9405.0,brown,1
J2443,I5664,19202.0,19205.0,green,1
J2443,I6132,21042.0,21043.0,green,1
J309,I815,1648.0,1649.0,green,1
J309,I863,1777.0,1782.0,green,3
J3625,I2524,6778.0,6783.0,red,1
J3625,I2908,8094.0,8104.0,brown,2
J3625,I2940,8192.0,8195.0,brown,1
J3625,I4189,13269.0,13274.0,green,1
J3625,I6461,22242.0,22243.0,green,1
J3644,I4181,13231.0,13232.0,green,1
J3644,I4406,14085.0,14091.0,green,2
J3644,I4693,15276.0,15281.0,brown,1
J3644,I6278,21554.0,21556.0,green,1
J4141,I5273,17637.0,17641.0,brown,1
J4141,I7130,24650.0,24654.0,green,1
J4141,I7586,26048.0,26050.0,green,1
J4141,I7929,27042.0,27048.0,brown,2
J3450,I4792,15676.0,15682.0,red,1
J3450,I7449,25694.0,25697.0,brown,1
J3029,I2632,7157.0,7166.0,green,1
J3029,I5353,17961.0,17962.0,green,1
J3029,I6281,21558.0,21569.0,green,2
J3029,I6697,23055.0,23064.0,green,1
J3602,I4273,13588.0,13589.0,green,1
J3602,I4305,13683.0,13688.0,green,2
J3602,I4562,14737.0,14742.0,green,1
J3674,I5610,18956.0,18957.0,green,1
J3674,I5642,19134.0,19135.0,green,1
J3674,I5706,19333.0,19338.0,green,2
J1868,I3109,8863.0,8869.0,red,1
J1868,I4070,12752.0,12758.0,green,3
J4893,I1928,4696.0,4703.0,red,1
J4893,I6889,23812.0,23822.0,brown,2
J4893,I8857,29337.0,29338.0,brown,1
J1070,I1676,3906.0,3911.0,brown,1
J1070,I1740,4129.0,4131.0,red,1
J1070,I3309,9641.0,9648.0,green,2
J2948,I3400,9972.0,9979.0,red,2
J2948,I3945,12190.0,12197.0,green,2
J3636,I5573,18817.0,18826.0,brown,3
J3636,I8246,27925.0,27929.0,green,2
J3636,I8796,29207.0,29210.0,green,1
J2215,I2697,7379.0,7387.0,red,1
J2215,I6818,23514.0,23520.0,green,3
J2215,I6881,23772.0,23778.0,brown,2
J2488,I3519,10429.0,10431.0,green,1
J2488,I3904,11990.0,12003.0,green,2
J2488,I4160,13137.0,13142.0,green,1
J2488,I5055,16770.0,16778.0,brown,2
J4741,I4654,15114.0,15120.0,brown,1
J4741,I6383,21953.0,21954.0,green,1
J4741,I7951,27099.0,27102.0,green,1
J998,I2024,5044.0,5052.0,green,2
J998,I2089,5288.0,5290.0,green,1
J998,I4617,14942.0,14961.0,green,3
J4256,I6665,22968.0,22972.0,red,1
J4256,I6762,23278.0,23283.0,green,5
J3016,I2843,7876.0,7877.0,green,1
J3016,I2907,8093.0,8094.0,brown,1
J3016,I3804,11558.0,11567.0,green,3
J3016,I6875,23754.0,23759.0,brown,1
J1197,I4885,16065.0,16073.0,green,1
J1197,I6285,21575.0,21583.0,green,3
J1197,I6453,22202.0,22213.0,green,1
J1197,I6805,23441.0,23446.0,green,1
J2911,I5769,19615.0,19619.0,green,2
J2911,I7752,26515.0,26517.0,brown,2
J2911,I8105,27515.0,27523.0,green,2
J3232,I2487,6654.0,6655.0,green,1
J3232,I6176,21211.0,21229.0,green,5
J2541,I4424,14168.0,14174.0,green,6
J2890,I2854,7906.0,7909.0,green,1
J2890,I3014,8482.0,8487.0,red,1
J2890,I6588,22688.0,22691.0,green,1
J2506,I5324,17859.0,17861.0,green,2
J2749,I1314,2891.0,2892.0,brown,1
J2749,I1411,3152.0,3155.0,red,1
J2749,I7858,26852.0,26859.0,green,1
J1342,I2575,6934.0,6944.0,red,1
J1342,I3439,10112.0,10120.0,brown,4
J1342,I7952,27102.0,27105.0,green,1
J4684,I1496,3382.0,3384.0,green,2
J4684,I4729,15420.0,15425.0,green,1
J4684,I4825,15809.0,15812.0,green,1
J4684,I6904,23870.0,23877.0,brown,1
J4684,I8089,27475.0,27479.0,green,1
J1018,I218,363.0,368.0,brown,2
J1018,I282,485.0,486.0,red,1
J3810,I4659,15135.0,15146.0,green,1
J3810,I4722,15390.0,15391.0,green,1
J3810,I4786,15657.0,15661.0,brown,2
J3810,I5170,17260.0,17263.0,brown,1
J3810,I7154,24718.0,24719.0,brown,1
J2778,I426,780.0,781.0,green,1
J2778,I490,906.0,909.0,green,1
J2778,I3978,12324.0,12328.0,brown,1
J3905,I7446,25685.0,25689.0,green,3
J2774,I1786,4269.0,4271.0,green,1
J2774,I1978,4874.0,4879.0,brown,1
J2774,I3834,11691.0,11696.0,brown,1
J2774,I5243,17522.0,17532.0,green,1
J2774,I6955,24049.0,24059.0,green,1
J2774,I6972,24125.0,24133.0,green,1
J1681,I3284,9549.0,9550.0,red,1
J1681,I4405,14083.0,14085.0,green,1
J1681,I4981,16470.0,16483.0,green,3
J1681,I5013,16615.0,16620.0,brown,1
J2644,I709,1417.0,1418.0,red,1
J2644,I3750,11347.0,11359.0,green,1
J2644,I7802,26674.0,26675.0,green,1
J4592,I2550,6845.0,6849.0,green,1
J4592,I4823,15800.0,15803.0,green,1
J4592,I6327,21758.0,21760.0,green,1
J4592,I8103,27507.0,27513.0,green,1
J1570,I2135,5430.0,5435.0,green,1
J1570,I4216,13355.0,13366.0,green,2
J1570,I4696,15286.0,15294.0,green,1
J1570,I7475,25767.0,25768.0,brown,1
J1570,I7699,26367.0,26372.0,brown,1
J3064,I2419,6436.0,6443.0,green,1
J3064,I2451,6536.0,6539.0,brown,1
J3064,I5332,17883.0,17888.0,green,1
J3064,I6004,20519.0,20523.0,green,1
J3695,I4830,15824.0,15838.0,green,1
J3695,I4958,16372.0,16378.0,green,2
J3695,I5598,18913.0,18920.0,green,3
J4624,I7547,25950.0,25951.0,green,1
J4624,I7548,25951.0,25953.0,green,2
J4624,I8052,27369.0,27378.0,brown,1
J4624,I8108,27525.0,27528.0,green,2
J1209,I158,248.0,250.0,green,2
J1209,I318,549.0,552.0,green,1
J1209,I2960,8271.0,8274.0,green,1
J1209,I3295,9591.0,9595.0,green,2
J3740,I4747,15500.0,15502.0,green,2
J3740,I4843,15897.0,15903.0,green,1
J3827,I4385,14009.0,14014.0,green,1
J3827,I6368,21901.0,21909.0,brown,2
J4046,I6757,23270.0,23273.0,green,3
J4046,I6789,23375.0,23378.0,green,1
J4046,I6885,23793.0,23795.0,brown,1
J4724,I6989,24193.0,24197.0,green,2
J4724,I7276,25129.0,25135.0,brown,2
J1605,I307,530.0,531.0,brown,1
J1605,I380,673.0,676.0,red,1
J1605,I2748,7540.0,7545.0,green,1
J1605,I2811,7757.0,7768.0,green,1
J1605,I4156,13112.0,13116.0,green,1
J1605,I4444,14239.0,14251.0,green,1
J2780,I4261,13536.0,13547.0,brown,2
J2780,I8550,28647.0,28652.0,green,3
J2780,I8892,29399.0,29402.0,green,1
J1923,I3276,9518.0,9525.0,brown,1
J1923,I3372,9868.0,9873.0,red,2
J1923,I5453,18373.0,18375.0,green,1
J43,I4379,13978.0,13987.0,green,2
J43,I4539,14640.0,14644.0,green,1
J43,I5117,17035.0,17049.0,green,1
J43,I5307,17785.0,17798.0,green,2
J4642,I6707,23087.0,23089.0,green,2
J2630,I4175,13209.0,13215.0,green,5
J2112,I4146,13067.0,13068.0,brown,1
J2112,I7347,25350.0,25356.0,green,1
J2112,I8050,27359.0,27360.0,brown,1
J1735,I2952,8241.0,8251.0,green,1
J1735,I3880,11886.0,11899.0,brown,3
J1735,I6953,24037.0,24042.0,green,2
J2200,I1992,4917.0,4920.0,green,1
J2200,I2024,5044.0,5052.0,green,1
J2200,I2056,5176.0,5179.0,red,2
J2200,I3529,10453.0,10457.0,green,1
J2200,I5641,19125.0,19134.0,green,1
J4033,I3585,10641.0,10645.0,green,1
J4033,I4898,16147.0,16151.0,green,2
J4033,I8124,27577.0,27580.0,green,1
J4033,I8130,27602.0,27604.0,green,1
J1032,I1991,4915.0,4917.0,green,1
J1032,I2055,5171.0,5176.0,red,3
J1032,I2087,5271.0,5282.0,green,1
J4540,I6832,23591.0,23594.0,green,3
J4540,I6896,23850.0,23853.0,brown,3
J1746,I3514,10405.0,10411.0,green,3
J1746,I4025,12544.0,12557.0,green,2
J1746,I6618,22808.0,22815.0,green,1
J1204,I6916,23921.0,23931.0,green,3
J4305,I4823,15800.0,15803.0,green,1
J4305,I7223,24944.0,24959.0,green,1
J2446,I3819,11633.0,11639.0,green,1
J2446,I4075,12775.0,12778.0,brown,3
J2446,I8460,28435.0,28438.0,green,1
J4275,I6708,23089.0,23092.0,green,1
J4275,I6803,23438.0,23440.0,brown,1
J4275,I7092,24530.0,24539.0,green,1
J1737,I2693,7361.0,7363.0,red,1
J1737,I3814,11607.0,11611.0,green,1
J1737,I4389,14021.0,14023.0,brown,2
J1737,I5382,18099.0,18111.0,green,2
J3596,I5527,18608.0,18611.0,brown,1
J3596,I5624,19038.0,19042.0,green,3
J3596,I5784,19670.0,19675.0,green,1
J3596,I6304,21652.0,21658.0,green,1
J4952,I4861,15978.0,15985.0,brown,1
J4952,I7933,27057.0,27064.0,brown,1
J4952,I8605,28773.0,28775.0,brown,2
J4952,I8637,28858.0,28861.0,brown,1
J4952,I8733,29067.0,29075.0,brown,1
J878,I2095,5301.0,5304.0,green,1
J878,I2447,6528.0,6530.0,red,2
J878,I5856,19899.0,19900.0,green,1
J878,I6436,22116.0,22124.0,green,1
J736,I1028,2162.0,2167.0,green,1
J736,I4805,15719.0,15727.0,green,2
J736,I6053,20733.0,20736.0,green,3
J679,I453,826.0,828.0,brown,1
J679,I740,1487.0,1492.0,red,1
J679,I1701,4000.0,4010.0,brown,1
J1741,I1382,3073.0,3076.0,green,2
J1741,I5191,17340.0,17344.0,green,1
J1741,I6567,22602.0,22609.0,green,3
J3923,I3962,12261.0,12263.0,green,1
J3923,I3993,12383.0,12387.0,red,2
J3923,I4473,14345.0,14349.0,red,1
J3923,I5209,17387.0,17392.0,brown,1
J3923,I7946,27088.0,27089.0,brown,1
J1207,I1812,4351.0,4359.0,green,1
J1207,I2293,6002.0,6013.0,green,1
J1207,I2325,6101.0,6107.0,green,2
J1207,I2981,8354.0,8367.0,green,2
J4386,I7784,26628.0,26630.0,green,1
J4386,I7911,27000.0,27006.0,brown,1
J4065,I6908,23890.0,23893.0,green,1
J4065,I7099,24555.0,24559.0,brown,1
J4065,I7419,25587.0,25589.0,brown,1
J4065,I8164,27720.0,27722.0,green,2
J4065,I8277,27995.0,27996.0,green,1
J2878,I2292,5997.0,6002.0,green,1
J2878,I6175,21206.0,21211.0,green,2
J2878,I6317,21699.0,21714.0,green,3
J647,I805,1627.0,1629.0,green,1
J647,I837,1704.0,1711.0,green,2
J647,I1029,2167.0,2169.0,green,2
J647,I1061,2267.0,2268.0,green,1
J479,I585,1109.0,1112.0,green,3
J479,I633,1209.0,1212.0,brown,1
J479,I778,1570.0,1575.0,red,1
J1993,I1901,4618.0,4624.0,brown,2
J1993,I2190,5642.0,5654.0,green,1
J1993,I3885,11918.0,11923.0,brown,2
J3298,I3297,9601.0,9603.0,brown,2
J3298,I6178,21237.0,21247.0,green,2
J307,I173,273.0,280.0,green,2
J307,I316,545.0,548.0,green,2
J307,I1117,2393.0,2397.0,green,1
J307,I1597,3639.0,3645.0,green,1
J1087,I746,1502.0,1504.0,red,1
J1087,I778,1570.0,1575.0,red,2
J1087,I8051,27360.0,27369.0,brown,3
J4632,I5641,19125.0,19134.0,green,1
J4632,I5704,19330.0,19332.0,brown,1
J4632,I8497,28522.0,28525.0,green,1
J4632,I8562,28684.0,28691.0,green,2
J4673,I7083,24505.0,24509.0,brown,2
J4673,I8340,28146.0,28150.0,green,1
J1766,I3057,8642.0,8653.0,green,4
J1766,I3058,8653.0,8656.0,green,2
J2388,I453,826.0,828.0,brown,1
J2388,I3173,9142.0,9145.0,green,1
J2388,I6134,21046.0,21048.0,green,1
J2388,I6742,23205.0,23212.0,green,1
J2388,I7302,25222.0,25224.0,green,2
J4153,I5751,19548.0,19550.0,brown,1
J4153,I9144,29864.0,29865.0,green,1
J3592,I7713,26397.0,26399.0,green,2
J3592,I7745,26492.0,26494.0,green,2
J2440,I4468,14320.0,14333.0,brown,2
J2440,I4500,14481.0,14486.0,red,1
J2440,I4629,15007.0,15011.0,green,1
J3686,I3090,8785.0,8786.0,red,1
J3686,I3122,8924.0,8930.0,green,1
J3686,I3154,9058.0,9070.0,red,1
J3686,I3602,10700.0,10703.0,green,1
J3686,I3698,11099.0,11111.0,green,1
J3686,I4531,14615.0,14620.0,green,1
J27,I105,153.0,155.0,brown,2
J27,I137,208.0,209.0,green,1
J27,I169,267.0,268.0,green,1
J27,I234,395.0,399.0,green,1
J27,I362,635.0,636.0,green,1
J3305,I5650,19149.0,19152.0,green,1
J3305,I5682,19260.0,19263.0,green,3
J3305,I5938,20253.0,20257.0,green,1
J3305,I6386,21963.0,21966.0,brown,1
J4625,I3966,12279.0,12284.0,red,2
J4625,I8129,27598.0,27602.0,green,2
J4625,I8169,27736.0,27737.0,green,1
J4783,I6176,21211.0,21229.0,green,1
J4783,I8352,28173.0,28180.0,green,1
J3376,I6005,20523.0,20525.0,green,2
J3376,I6389,21969.0,21972.0,brown,3
J4564,I3116,8901.0,8902.0,green,1
J4564,I3180,9162.0,9166.0,brown,2
J4564,I8397,28291.0,28293.0,green,1
J1497,I8639,28863.0,28872.0,brown,3
J2497,I996,2082.0,2085.0,red,1
J2497,I1860,4497.0,4505.0,brown,1
J2497,I4805,15719.0,15727.0,green,1
J2497,I5861,19924.0,19936.0,green,1
J2497,I6597,22733.0,22735.0,green,2
J4179,I3461,10193.0,10198.0,red,2
J1544,I1077,2299.0,2300.0,green,1
J1544,I1238,2702.0,2705.0,red,2
J1218,I1906,4632.0,4638.0,brown,4
J1218,I4051,12648.0,12669.0,green,1
J1584,I2280,5950.0,5952.0,green,1
J1584,I3721,11192.0,11200.0,green,3
J1584,I3976,12316.0,12320.0,brown,1
J3980,I6988,24189.0,24193.0,green,2
J3980,I7419,25587.0,25589.0,brown,1
J3980,I8112,27538.0,27539.0,green,1
J2682,I5126,17073.0,17081.0,brown,1
J2682,I5191,17340.0,17344.0,green,3
J2682,I5639,19115.0,19123.0,green,2
J3238,I189,302.0,304.0,green,2
J3238,I3742,11315.0,11326.0,green,2
J3238,I4254,13489.0,13490.0,green,1
J4598,I7800,26672.0,26673.0,green,1
J4598,I7832,26764.0,26767.0,brown,3
J4598,I7928,27040.0,27042.0,green,1
J4598,I7960,27127.0,27129.0,green,1
J218,I491,909.0,912.0,brown,2
J218,I6828,23575.0,23582.0,green,1
J2963,I2988,8395.0,8396.0,green,1
J790,I2797,7693.0,7697.0,green,1
J790,I3341,9753.0,9758.0,green,1
J790,I7342,25334.0,25340.0,green,2
J790,I8102,27505.0,27507.0,green,2
J615,I1366,3027.0,3028.0,red,1
J615,I1526,3454.0,3456.0,brown,2
J615,I1879,4551.0,4555.0,red,1
J1242,I1104,2363.0,2368.0,green,3
J1242,I1168,2518.0,2520.0,red,1
J1242,I2160,5535.0,5537.0,green,1
J1242,I4721,15388.0,15390.0,green,1
J3539,I2065,5202.0,5206.0,red,1
J3539,I2642,7204.0,7208.0,green,1
J3539,I2706,7408.0,7414.0,green,1
J4843,I6970,24114.0,24122.0,green,4
J4843,I7722,26413.0,26414.0,green,1
J1340,I1497,3384.0,3385.0,green,1
J1340,I1530,3462.0,3464.0,brown,1
J1340,I1659,3851.0,3857.0,brown,1
J1340,I2138,5444.0,5446.0,green,1
J1340,I2330,6113.0,6121.0,green,1
J1340,I3074,8717.0,8730.0,green,1
J4302,I6307,21665.0,21666.0,green,1
J4302,I6499,22360.0,22364.0,brown,2
J2605,I4646,15076.0,15081.0,green,1
J2605,I4677,15192.0,15195.0,brown,2
J4732,I5862,19936.0,19939.0,green,2
J4732,I6117,20981.0,20984.0,brown,3
J4732,I8262,27963.0,27964.0,green,1
J4172,I4352,13852.0,13881.0,green,3
J1192,I1405,3133.0,3136.0,red,1
J1192,I5598,18913.0,18920.0,green,1
J1192,I8126,27581.0,27590.0,green,1
J1192,I8350,28167.0,28171.0,green,1
J1192,I8717,29037.0,29038.0,brown,1
J3765,I3504,10381.0,10383.0,green,1
J3765,I5945,20278.0,20289.0,green,4
J3765,I6737,23190.0,23196.0,brown,1
J3089,I2163,5540.0,5545.0,green,1
J3089,I2324,6099.0,6101.0,green,1
J3089,I2356,6202.0,6206.0,green,1
J186,I1294,2830.0,2841.0,red,1
J186,I7983,27175.0,27178.0,brown,1
J753,I2515,6745.0,6760.0,green,3
J966,I847,1726.0,1728.0,red,2
J966,I1903,4625.0,4628.0,brown,1
J966,I2223,5784.0,5785.0,green,1
J966,I4432,14196.0,14211.0,green,2
J1543,I463,846.0,849.0,red,1
J1543,I495,918.0,919.0,brown,1
J1543,I2640,7194.0,7202.0,green,2
J3046,I2074,5235.0,5240.0,red,2
J3046,I5307,17785.0,17798.0,green,1
J3046,I6891,23824.0,23827.0,brown,2
J2719,I4173,13197.0,13208.0,green,3
J2719,I5677,19243.0,19245.0,green,2
J3177,I2066,5206.0,5209.0,red,3
J3177,I2515,6745.0,6760.0,green,1
J3177,I3955,12235.0,12241.0,green,1
J3177,I6994,24207.0,24217.0,brown,1
J3411,I4521,14546.0,14549.0,brown,1
J3411,I5225,17439.0,17441.0,brown,1
J3411,I6270,21535.0,21540.0,green,1
J4148,I8523,28574.0,28577.0,green,2
J4148,I9203,29952.0,29954.0,green,1
J4148,I9219,29978.0,29980.0,green,1
J4148,I9227,29993.0,29995.0,green,2
J45,I325,562.0,563.0,red,1
J45,I4614,14932.0,14939.0,green,2
J45,I7430,25623.0,25628.0,green,3
J1843,I3436,10105.0,10109.0,green,2
J1843,I3900,11975.0,11980.0,green,1
J1358,I1082,2309.0,2317.0,green,1
J1358,I2811,7757.0,7768.0,green,2
J787,I1779,4251.0,4253.0,green,1
J787,I2003,4957.0,4967.0,green,1
J787,I2035,5090.0,5092.0,green,1
J787,I2323,6096.0,6099.0,green,2
J3294,I3554,10546.0,10547.0,red,1
J3294,I3618,10764.0,10768.0,brown,1
J3294,I3650,10896.0,10899.0,red,1
J3294,I3779,11474.0,11482.0,green,1
J3294,I3811,11595.0,11601.0,green,1
J2563,I4246,13464.0,13467.0,green,2
J2563,I4278,13600.0,13602.0,green,1
J2563,I4309,13693.0,13694.0,red,1
J2563,I4342,13813.0,13818.0,green,1
J2563,I4438,14224.0,14226.0,brown,1
J3193,I1841,4436.0,4440.0,red,1
J3193,I4050,12644.0,12648.0,green,1
J3193,I5297,17726.0,17737.0,brown,4
J4719,I4980,16459.0,16470.0,green,1
J4719,I8404,28313.0,28314.0,green,1
J3212,I2601,7031.0,7033.0,green,1
J3212,I2825,7814.0,7818.0,brown,2
J3212,I5450,18366.0,18369.0,green,1
J3212,I7900,26971.0,26974.0,green,2
J3598,I1939,4743.0,4748.0,red,1
J3598,I3859,11804.0,11807.0,brown,1
J3598,I3956,12241.0,12246.0,green,1
J3598,I6300,21635.0,21639.0,green,2
J784,I1944,4755.0,4761.0,green,1
J784,I1945,4761.0,4768.0,green,1
J4582,I3247,9402.0,9405.0,brown,1
J4582,I3407,10003.0,10006.0,green,1
J4582,I7248,25020.0,25030.0,green,3
J4582,I7975,27161.0,27162.0,brown,1
J941,I5459,18391.0,18392.0,green,1
J941,I6483,22302.0,22306.0,brown,1
J941,I7763,26550.0,26558.0,green,2
J941,I8563,28691.0,28695.0,green,1
J941,I8579,28720.0,28723.0,green,1
J1127,I1934,4727.0,4732.0,red,3
J1127,I2830,7826.0,7829.0,brown,1
J1127,I3983,12347.0,12353.0,green,1
J1127,I6715,23105.0,23108.0,green,1
J78,I4490,14436.0,14448.0,brown,1
J78,I8267,27971.0,27973.0,green,1
J78,I8714,29030.0,29033.0,brown,1
J629,I161,254.0,258.0,green,1
J629,I225,382.0,384.0,red,1
J629,I3682,11020.0,11023.0,green,2
J629,I5298,17737.0,17746.0,green,1
J4053,I4519,14539.0,14545.0,brown,1
J4053,I5544,18671.0,18696.0,green,1
J4053,I7608,26118.0,26119.0,green,1
J4053,I7912,27006.0,27007.0,green,1
J427,I597,1141.0,1142.0,green,1
J427,I1206,2610.0,2617.0,green,1
J427,I2278,5939.0,5946.0,green,1
J2050,I2257,5872.0,5875.0,red,1
J2050,I2962,8278.0,8281.0,green,2
J2050,I4818,15773.0,15785.0,green,1
J2050,I6406,22016.0,22024.0,green,1
J2484,I4420,14146.0,14149.0,green,1
J2484,I4708,15342.0,15344.0,green,2
J2484,I4804,15708.0,15719.0,green,1
J4509,I7771,26580.0,26581.0,green,1
J4509,I7772,26581.0,26586.0,green,1
J4509,I7804,26676.0,26679.0,green,2
J4509,I7995,27216.0,27218.0,brown,2
J3127,I2382,6292.0,6295.0,red,1
J3127,I5310,17813.0,17819.0,brown,1
J3127,I5566,18792.0,18797.0,brown,1
J3127,I5867,19959.0,19968.0,green,1
J2822,I4947,16306.0,16313.0,green,1
J2822,I5555,18727.0,18729.0,green,1
J2822,I7282,25151.0,25157.0,brown,1
J2822,I7413,25566.0,25573.0,green,3
J1402,I1141,2452.0,2461.0,green,1
J1402,I2484,6636.0,6651.0,green,2
J1402,I3828,11670.0,11677.0,green,1
J2816,I4178,13219.0,13225.0,green,3
J2816,I4337,13795.0,13799.0,brown,3
J4871,I3460,10190.0,10193.0,red,1
J4871,I9125,29830.0,29832.0,green,2
J385,I1067,2275.0,2276.0,green,1
J385,I5004,16577.0,16584.0,green,2
J385,I5298,17737.0,17746.0,green,1
J3795,I5936,20234.0,20252.0,green,4
J3240,I734,1474.0,1475.0,red,1
J3240,I7423,25598.0,25599.0,green,1
J3240,I8415,28336.0,28339.0,green,1
J3240,I8479,28475.0,28476.0,green,1
J3754,I4843,15897.0,15903.0,green,4
J3754,I4907,16180.0,16193.0,green,2
J2325,I2975,8327.0,8330.0,green,1
J2325,I3072,8715.0,8716.0,green,1
J2325,I4352,13852.0,13881.0,green,2
J2325,I4696,15286.0,15294.0,green,2
J1973,I2936,8184.0,8185.0,brown,1
J1973,I5857,19900.0,19912.0,green,1
J780,I2428,6457.0,6466.0,green,1
J780,I2811,7757.0,7768.0,green,1
J780,I3916,12073.0,12084.0,green,3
J3196,I749,1508.0,1510.0,red,1
J3196,I3405,9996.0,9999.0,green,1
J1643,I4980,16459.0,16470.0,green,1
J1643,I6428,22097.0,22104.0,green,4
J1643,I6606,22763.0,22768.0,green,1
J2008,I4799,15695.0,15698.0,green,1
J2008,I7967,27142.0,27146.0,green,1
J2511,I3426,10065.0,10066.0,red,1
J2511,I5058,16786.0,16789.0,brown,2
J2511,I5506,18530.0,18531.0,brown,1
J2511,I8355,28183.0,28190.0,green,1
J2511,I8454,28419.0,28424.0,brown,1
J2193,I2618,7101.0,7110.0,green,2
J2193,I2746,7536.0,7539.0,green,2
J2193,I4281,13605.0,13608.0,green,2
J2842,I1931,4710.0,4716.0,red,2
J2842,I6123,21009.0,21019.0,brown,1
J2842,I6588,22688.0,22691.0,green,1
J3523,I5588,18879.0,18883.0,green,3
J3523,I5972,20387.0,20391.0,green,1
J3523,I6483,22302.0,22306.0,brown,2
J2922,I3217,9312.0,9317.0,brown,1
J2922,I5169,17252.0,17260.0,brown,1
J2922,I7281,25148.0,25151.0,brown,2
J2922,I7313,25258.0,25264.0,brown,1
J2922,I8242,27904.0,27915.0,green,1
J91,I47,66.0,67.0,brown,1
J91,I56,77.0,78.0,red,1
J91,I215,359.0,361.0,brown,1
J91,I631,1206.0,1207.0,brown,1
J91,I3896,11952.0,11958.0,green,1
J91,I4408,14094.0,14099.0,green,1
J2507,I3734,11251.0,11256.0,green,1
J2507,I5206,17380.0,17382.0,brown,1
J2507,I6457,22224.0,22235.0,green,3
J4211,I6359,21875.0,21882.0,brown,1
J4211,I6776,23332.0,23334.0,green,2
J4375,I5281,17654.0,17656.0,brown,2
J4375,I5377,18071.0,18072.0,green,1
J4375,I5473,18435.0,18444.0,green,1
J4375,I5665,19205.0,19206.0,green,1
J297,I946,1964.0,1965.0,red,1
J297,I7282,25151.0,25157.0,brown,1
J297,I7539,25924.0,25925.0,green,1
J297,I8755,29111.0,29114.0,brown,1
J297,I8819,29257.0,29261.0,brown,1
J297,I8907,29434.0,29437.0,green,1
J4367,I7195,24830.0,24832.0,green,1
J4367,I7227,24969.0,24972.0,green,3
J4367,I7541,25933.0,25934.0,green,1
J4793,I5391,18139.0,18147.0,green,1
J4793,I5774,19629.0,19632.0,brown,3
J4793,I5806,19743.0,19744.0,brown,1
J4793,I5871,19995.0,20000.0,green,1
J2670,I3957,12246.0,12248.0,green,1
J2670,I3989,12373.0,12374.0,green,1
J2670,I4629,15007.0,15011.0,green,1
J2458,I2768,7615.0,7617.0,red,1
J2458,I7953,27105.0,27109.0,green,1
J2458,I8081,27456.0,27457.0,green,1
J2458,I8177,27754.0,27755.0,green,1
J2458,I8198,27796.0,27798.0,brown,2
J1589,I1450,3268.0,3270.0,red,1
J1589,I1482,3351.0,3353.0,red,1
J1589,I7339,25320.0,25321.0,green,1
J1589,I7605,26104.0,26113.0,green,1
J1589,I7787,26636.0,26639.0,green,1
J1589,I7901,26974.0,26978.0,green,1
J71,I222,373.0,376.0,red,3
J71,I478,880.0,882.0,red,2
J441,I837,1704.0,1711.0,green,2
J441,I964,2011.0,2016.0,brown,3
J4510,I5011,16603.0,16614.0,brown,1
J4510,I5684,19264.0,19270.0,green,3
J4510,I7124,24630.0,24631.0,green,1
J4510,I7224,24959.0,24961.0,green,1
J4765,I7213,24893.0,24904.0,green,4
J4765,I7276,25129.0,25135.0,brown,1
J1001,I1802,4316.0,4318.0,green,1
J1001,I3691,11066.0,11077.0,green,5
J4078,I1705,4022.0,4025.0,green,1
J4078,I7145,24693.0,24694.0,brown,1
J4078,I7706,26383.0,26389.0,green,4
J1635,I3913,12051.0,12052.0,green,1
J1635,I5305,17778.0,17781.0,green,1
J3299,I5588,18879.0,18883.0,green,1
J3299,I6004,20519.0,20523.0,green,2
J810,I694,1381.0,1382.0,green,1
J810,I695,1382.0,1387.0,green,2
J2020,I722,1439.0,1442.0,red,1
J2020,I5922,20185.0,20199.0,brown,3
J2020,I6133,21043.0,21046.0,green,2
J1226,I4706,15333.0,15341.0,green,1
J1226,I7906,26991.0,26992.0,green,1
J1778,I1240,2706.0,2712.0,brown,1
J1778,I1368,3031.0,3032.0,red,1
J1778,I3961,12255.0,12261.0,green,1
J1671,I3487,10311.0,10322.0,brown,1
J1671,I3520,10431.0,10434.0,green,1
J1671,I3680,11017.0,11018.0,green,1
J1671,I3712,11162.0,11166.0,green,1
J1671,I3744,11327.0,11330.0,green,1
J1671,I3904,11990.0,12003.0,green,1
J730,I1177,2541.0,2548.0,green,1
J730,I1305,2870.0,2873.0,red,1
J730,I1369,3032.0,3034.0,red,1
J730,I2937,8185.0,8190.0,brown,1
J730,I5018,16633.0,16639.0,green,1
J730,I5090,16895.0,16902.0,green,1
J985,I1994,4923.0,4925.0,green,1
J985,I1995,4925.0,4926.0,green,1
J985,I2027,5055.0,5058.0,green,1
J985,I2507,6709.0,6714.0,green,1
J4207,I3045,8598.0,8601.0,red,1
J4207,I7109,24588.0,24597.0,brown,1
J4207,I7242,25004.0,25009.0,green,2
J4546,I5581,18851.0,18857.0,green,2
J4546,I8134,27614.0,27622.0,brown,2
J2041,I4144,13042.0,13062.0,brown,1
J2041,I7889,26953.0,26954.0,green,1
J2041,I8153,27684.0,27685.0,green,1
J2041,I8185,27766.0,27773.0,green,1
J4529,I3151,9047.0,9051.0,red,2
J4529,I3439,10112.0,10120.0,brown,1
J4529,I3824,11655.0,11657.0,green,1
J4529,I7296,25198.0,25201.0,green,1
J4529,I7968,27146.0,27147.0,green,1
J677,I180,289.0,290.0,green,1
J677,I2868,7959.0,7962.0,green,1
J677,I4117,12894.0,12897.0,green,2
J1634,I2598,7015.0,7017.0,green,1
J1634,I4455,14285.0,14286.0,green,1
J1634,I4551,14694.0,14703.0,green,1
J3640,I3523,10436.0,10441.0,green,3
J3640,I3619,10768.0,10771.0,brown,1
J3640,I3779,11474.0,11482.0,green,1
J3640,I6027,20620.0,20625.0,green,1
J831,I1114,2389.0,2390.0,green,1
J831,I7450,25697.0,25699.0,brown,2
J831,I7914,27008.0,27011.0,brown,2
J2313,I2972,8313.0,8320.0,brown,2
J2313,I5629,19061.0,19064.0,green,1
J2313,I7100,24559.0,24562.0,brown,1
J2313,I7229,24974.0,24975.0,green,1
J2313,I7265,25071.0,25074.0,brown,1
J658,I920,1905.0,1908.0,red,1
J658,I4249,13472.0,13478.0,green,2
J658,I6329,21761.0,21762.0,green,1
J658,I6633,22875.0,22876.0,brown,1
J4430,I4530,14605.0,14615.0,green,2
J4430,I4626,14999.0,15002.0,green,3
J4430,I5106,16994.0,17000.0,brown,1
J4573,I2888,8015.0,8016.0,green,1
J4573,I4745,15491.0,15499.0,green,2
J4573,I8712,29027.0,29029.0,brown,1
J4573,I8874,29367.0,29368.0,green,1
J4573,I9129,29840.0,29842.0,green,1
J2777,I4699,15303.0,15308.0,green,3
J2777,I5371,18019.0,18034.0,green,2
J2777,I5467,18413.0,18418.0,green,1
J3284,I3062,8666.0,8669.0,green,1
J3284,I4759,15550.0,15560.0,green,1
J3284,I7814,26717.0,26723.0,brown,1
J4016,I3603,10703.0,10714.0,green,1
J4016,I8660,28911.0,28915.0,green,3
J2974,I3216,9311.0,9312.0,red,1
J2974,I5945,20278.0,20289.0,green,2
J2974,I6705,23082.0,23083.0,green,1
J2974,I6812,23492.0,23497.0,green,1
J797,I2150,5485.0,5488.0,green,2
J1526,I1274,2792.0,2793.0,brown,1
J1526,I2650,7221.0,7223.0,green,1
J1526,I4411,14106.0,14121.0,green,2
J1526,I5178,17281.0,17294.0,brown,2
J1446,I968,2031.0,2034.0,red,3
J1446,I5641,19125.0,19134.0,green,1
J2428,I3223,9328.0,9335.0,green,2
J2428,I3286,9552.0,9559.0,green,1
J2000,I2218,5755.0,5758.0,green,1
J2000,I2314,6075.0,6077.0,red,1
J2000,I2570,6913.0,6917.0,red,1
J2000,I4139,13015.0,13020.0,green,1
J2000,I6173,21189.0,21198.0,green,2
J667,I1587,3606.0,3608.0,green,1
J667,I1588,3608.0,3610.0,green,1
J667,I1620,3735.0,3736.0,brown,1
J667,I1683,3932.0,3938.0,green,2
J3776,I4108,12871.0,12875.0,green,1
J3776,I4236,13437.0,13445.0,red,1
J3776,I6733,23177.0,23178.0,green,1
J2949,I644,1238.0,1244.0,green,2
J2949,I964,2011.0,2016.0,brown,1
J135,I179,288.0,289.0,green,1
J135,I3956,12241.0,12246.0,green,3
J15,I18,24.0,25.0,green,1
J15,I34,49.0,50.0,green,1
J3219,I5667,19214.0,19224.0,green,1
J3219,I5971,20382.0,20387.0,green,1
J1159,I1042,2208.0,2209.0,green,1
J1159,I1107,2376.0,2379.0,green,1
J1159,I1234,2692.0,2695.0,green,1
J1159,I2961,8274.0,8278.0,green,2
J1159,I3039,8563.0,8578.0,green,1
J4838,I4847,15928.0,15929.0,brown,1
J4838,I5167,17229.0,17239.0,brown,3
J4838,I7296,25198.0,25201.0,green,1
J4838,I8240,27902.0,27903.0,green,1
J3198,I7203,24853.0,24862.0,green,3
J3198,I7347,25350.0,25356.0,green,2
J3198,I7443,25678.0,25683.0,green,1
J2270,I1708,4038.0,4041.0,brown,3
J2270,I1804,4323.0,4329.0,green,1
J2270,I4945,16296.0,16303.0,green,2
J4132,I5382,18099.0,18111.0,green,3
J4817,I4861,15978.0,15985.0,brown,2
J107,I265,447.0,448.0,green,1
J107,I2921,8143.0,8146.0,brown,2
J1904,I2299,6027.0,6029.0,brown,2
J1904,I2331,6121.0,6124.0,green,1
J1904,I2364,6233.0,6236.0,red,1
J1904,I5020,16641.0,16646.0,green,1
J2519,I3719,11189.0,11190.0,brown,1
J2519,I4039,12615.0,12620.0,brown,2
J2519,I4328,13753.0,13763.0,green,2
J65,I101,143.0,144.0,brown,1
J65,I2886,8006.0,8011.0,green,2
J65,I2982,8367.0,8389.0,green,2
J65,I4934,16265.0,16268.0,green,1
J3517,I3728,11228.0,11236.0,brown,3
J3517,I4080,12789.0,12794.0,red,1
J3894,I6717,23110.0,23117.0,green,5
J74,I252,424.0,425.0,green,1
J74,I1181,2552.0,2555.0,green,2
J74,I2621,7120.0,7131.0,green,2
J1019,I2383,6295.0,6303.0,red,1
J1019,I2415,6422.0,6428.0,red,2
J1019,I4384,14004.0,14009.0,green,1
J1019,I5116,17027.0,17035.0,green,1
J1599,I1929,4703.0,4704.0,red,1
J1599,I6954,24042.0,24049.0,green,1
J1599,I8362,28208.0,28210.0,green,1
J1599,I8649,28895.0,28896.0,brown,1
J1599,I8890,29396.0,29398.0,green,1
J1599,I8914,29449.0,29452.0,green,1
J4725,I6903,23867.0,23870.0,brown,2
J4725,I7328,25300.0,25303.0,green,1
J4725,I7992,27207.0,27211.0,green,2
J449,I539,999.0,1000.0,brown,1
J449,I603,1154.0,1156.0,green,1
J449,I636,1217.0,1221.0,red,1
J449,I699,1393.0,1395.0,green,1
J449,I2248,5839.0,5844.0,green,2
J2400,I4981,16470.0,16483.0,green,1
J2400,I5236,17500.0,17504.0,brown,1
J2400,I5685,19270.0,19272.0,green,1
J2400,I5813,19764.0,19772.0,green,1
J2400,I8346,28157.0,28159.0,green,1
J2400,I8462,28440.0,28442.0,green,1
J4585,I7723,26414.0,26421.0,green,1
J4585,I7772,26581.0,26586.0,green,3
J4585,I7804,26676.0,26679.0,green,1
J4585,I8051,27360.0,27369.0,brown,1
J676,I1990,4913.0,4915.0,green,1
J676,I2150,5485.0,5488.0,green,1
J676,I2854,7906.0,7909.0,green,2
J130,I450,818.0,819.0,brown,1
J130,I482,888.0,893.0,green,2
J130,I2147,5473.0,5480.0,green,1
J130,I4580,14820.0,14825.0,brown,1
J4082,I2399,6377.0,6379.0,red,1
J4082,I2463,6572.0,6583.0,green,1
J4082,I7072,24464.0,24469.0,green,1
J2851,I4557,14723.0,14728.0,green,1
J2851,I6317,21699.0,21714.0,green,1
J1826,I3190,9210.0,9219.0,green,2
J1826,I3861,11817.0,11825.0,brown,1
J1826,I4526,14583.0,14595.0,green,2
J1826,I4661,15152.0,15155.0,green,1
J2603,I4009,12458.0,12469.0,brown,3
J2603,I8058,27389.0,27392.0,green,1
J1545,I3133,8964.0,8967.0,green,2
J1545,I3228,9349.0,9350.0,green,1
J1545,I3229,9350.0,9356.0,green,1
J1545,I3292,9577.0,9585.0,green,1
J1545,I3741,11301.0,11315.0,green,1
J2138,I728,1463.0,1466.0,red,1
J2138,I5785,19675.0,19680.0,green,3
J2750,I4905,16168.0,16171.0,green,2
J2750,I5321,17853.0,17855.0,green,2
J3900,I4157,13116.0,13118.0,green,1
J3900,I4221,13377.0,13386.0,green,3
J3900,I4284,13618.0,13631.0,brown,1
J3900,I7093,24539.0,24542.0,green,1
J2527,I2000,4947.0,4948.0,green,1
J2527,I2801,7718.0,7726.0,brown,1
J2527,I5073,16829.0,16833.0,green,4
J3008,I2742,7527.0,7531.0,green,1
J3008,I2806,7737.0,7743.0,green,1
J3008,I6715,23105.0,23108.0,green,1
J3008,I6831,23589.0,23591.0,green,1
J1870,I1388,3087.0,3092.0,green,2
J1870,I1419,3184.0,3187.0,red,1
J1870,I1611,3702.0,3713.0,brown,1
J1870,I2668,7273.0,7276.0,green,1
J1870,I3403,9987.0,9994.0,green,1
J3027,I3128,8944.0,8950.0,green,3
J3027,I3159,9078.0,9081.0,red,1
J3027,I3191,9219.0,9221.0,brown,1
J3027,I3223,9328.0,9335.0,green,1
J1474,I2286,5969.0,5974.0,green,2
J1474,I3365,9852.0,9854.0,brown,2
J518,I1358,3003.0,3004.0,brown,1
J518,I1390,3093.0,3099.0,green,1
J518,I2126,5389.0,5391.0,green,1
J518,I2926,8151.0,8162.0,green,2
J518,I5362,17999.0,18005.0,green,1
J2326,I4392,14025.0,14026.0,brown,1
J2326,I4425,14174.0,14175.0,green,1
J2326,I4457,14287.0,14290.0,green,1
J2326,I4569,14776.0,14786.0,green,1
J172,I3498,10348.0,10355.0,green,1
J172,I3818,11629.0,11633.0,green,1
J2919,I3888,11929.0,11932.0,brown,2
J2919,I4393,14026.0,14039.0,brown,1
J2919,I5201,17364.0,17366.0,brown,2
J2148,I3604,10714.0,10718.0,green,1
J2148,I3636,10826.0,10827.0,green,1
J2148,I3637,10827.0,10829.0,green,1
J2148,I3894,11940.0,11944.0,green,1
J2148,I3991,12377.0,12382.0,green,1
J2148,I4021,12522.0,12528.0,green,1
J1700,I2658,7248.0,7254.0,green,2
J1700,I6595,22723.0,22727.0,green,2
J3370,I4348,13835.0,13839.0,green,1
J3370,I5211,17395.0,17397.0,brown,2
J3370,I5275,17644.0,17645.0,brown,1
J3370,I6780,23351.0,23354.0,green,1
J3370,I7147,24696.0,24697.0,brown,1
J4527,I3860,11807.0,11817.0,brown,2
J4527,I4468,14320.0,14333.0,brown,1
J4527,I4981,16470.0,16483.0,green,1
J4527,I7909,26996.0,26998.0,green,1
J2001,I2392,6349.0,6352.0,red,2
J2646,I1744,4141.0,4145.0,green,2
J2126,I2429,6466.0,6467.0,green,1
J2126,I2557,6860.0,6864.0,red,1
J2126,I2749,7545.0,7550.0,green,2
J1817,I260,436.0,440.0,green,1
J1817,I1603,3664.0,3670.0,green,1
J1817,I2979,8344.0,8345.0,green,1
J2089,I4159,13134.0,13137.0,green,1
J2089,I4255,13490.0,13500.0,green,3
J2340,I1537,3481.0,3485.0,green,2
J2340,I1568,3555.0,3557.0,red,1
J2340,I1601,3653.0,3663.0,green,1
J660,I1342,2963.0,2964.0,green,1
J660,I2047,5133.0,5141.0,green,2
J660,I2850,7897.0,7901.0,green,1
J4032,I2833,7834.0,7835.0,brown,1
J4032,I5233,17482.0,17493.0,brown,2
J4032,I7841,26785.0,26788.0,brown,2
J4032,I8325,28106.0,28112.0,brown,1
J1675,I2669,7276.0,7282.0,green,4
J1675,I2700,7392.0,7394.0,red,1
J1675,I4797,15688.0,15692.0,green,1
J3941,I1660,3857.0,3858.0,brown,1
J3941,I1788,4275.0,4278.0,green,1
J3941,I6322,21736.0,21739.0,green,3
J3941,I6689,23039.0,23040.0,brown,1
J4628,I2819,7794.0,7795.0,brown,1
J4628,I2884,8002.0,8005.0,red,1
J4628,I4260,13529.0,13536.0,green,1
J4628,I4547,14672.0,14675.0,brown,2
J4628,I6052,20730.0,20733.0,green,1
J1412,I2379,6282.0,6284.0,red,1
J1412,I2411,6412.0,6416.0,red,1
J1412,I2443,6510.0,6519.0,green,1
J1412,I8432,28375.0,28377.0,green,2
J2017,I4370,13958.0,13959.0,red,1
J2017,I4883,16062.0,16064.0,green,2
J2017,I6163,21139.0,21144.0,green,1
J2017,I6266,21515.0,21526.0,green,1
J1013,I1498,3385.0,3386.0,green,1
J1013,I1530,3462.0,3464.0,brown,1
J1013,I1563,3547.0,3550.0,red,1
J1013,I1626,3746.0,3747.0,green,1
J1013,I1946,4768.0,4775.0,green,1
J1013,I4946,16303.0,16306.0,green,1
J2460,I2974,8324.0,8327.0,green,1
J2460,I3134,8967.0,8976.0,green,2
J2460,I3229,9350.0,9356.0,green,1
J2460,I3453,10158.0,10167.0,green,1
J614,I129,194.0,196.0,green,1
J614,I194,313.0,315.0,green,1
J614,I196,317.0,322.0,green,2
J614,I260,436.0,440.0,green,1
J614,I354,612.0,614.0,green,1
J4034,I3541,10498.0,10501.0,green,2
J4034,I3605,10718.0,10720.0,red,1
J4034,I6822,23536.0,23554.0,green,1
J2666,I1418,3180.0,3184.0,red,1
J2666,I2282,5954.0,5955.0,green,1
J2666,I5130,17089.0,17091.0,brown,2
J2666,I8434,28384.0,28387.0,green,1
J2666,I8491,28505.0,28511.0,green,1
J2074,I423,772.0,774.0,green,2
J2074,I519,965.0,969.0,green,2
J2074,I4007,12447.0,12457.0,green,1
J2074,I4172,13187.0,13197.0,green,1
J2828,I8860,29340.0,29344.0,brown,2
J2828,I8873,29360.0,29367.0,green,1
J2828,I8913,29445.0,29449.0,green,3
J917,I89,129.0,130.0,brown,1
J662,I224,377.0,382.0,red,2
J662,I448,815.0,817.0,green,1
J662,I1793,4288.0,4290.0,brown,2
J662,I2433,6471.0,6482.0,green,1
J2026,I1857,4494.0,4495.0,brown,1
J2026,I2017,5011.0,5026.0,green,1
J2026,I3617,10756.0,10764.0,brown,1
J2026,I5762,19597.0,19602.0,green,2
J2026,I6306,21660.0,21665.0,green,1
J326,I165,261.0,263.0,green,1
J326,I196,317.0,322.0,green,2
J326,I1285,2810.0,2813.0,green,2
J4506,I8436,28390.0,28393.0,green,1
J4506,I8460,28435.0,28438.0,green,1
J2701,I2838,7850.0,7860.0,green,6
J653,I1416,3171.0,3179.0,red,1
J653,I3529,10453.0,10457.0,green,1
J653,I6057,20740.0,20745.0,green,1
J653,I7080,24485.0,24499.0,brown,1
J4656,I7896,26966.0,26967.0,green,1
J4656,I7928,27040.0,27042.0,green,1
J2711,I2189,5641.0,5642.0,green,1
J2711,I7710,26393.0,26394.0,green,1
J2711,I7858,26852.0,26859.0,green,1
J3680,I1000,2095.0,2097.0,red,1
J3680,I6313,21681.0,21682.0,green,1
J3680,I6793,23395.0,23401.0,green,1
J3680,I8137,27630.0,27635.0,brown,1
J3680,I8405,28314.0,28317.0,green,2
J3705,I1856,4493.0,4494.0,brown,1
J3705,I2081,5259.0,5262.0,red,1
J3705,I2752,7561.0,7563.0,green,1
J3705,I7437,25659.0,25664.0,green,3
J4238,I5108,17002.0,17003.0,brown,1
J4238,I5140,17113.0,17119.0,green,2
J4238,I5429,18286.0,18304.0,red,1
J4238,I6965,24098.0,24101.0,green,1
J4364,I4666,15162.0,15169.0,green,1
J4364,I7705,26381.0,26383.0,brown,1
J3879,I3723,11201.0,11211.0,brown,1
J3879,I7884,26943.0,26947.0,green,1
J3879,I8460,28435.0,28438.0,green,1
J3879,I8562,28684.0,28691.0,green,1
J1393,I5168,17239.0,17252.0,brown,1
J1393,I6833,23594.0,23602.0,green,2
J1393,I8113,27539.0,27546.0,green,1
J1393,I8624,28819.0,28826.0,brown,1
J339,I190,304.0,307.0,green,2
J339,I191,307.0,311.0,green,1
J339,I288,493.0,495.0,green,2
J339,I960,1999.0,2000.0,brown,1
J744,I4728,15410.0,15420.0,green,2
J744,I4820,15792.0,15794.0,green,1
J744,I5186,17322.0,17325.0,green,2
J792,I1996,4926.0,4927.0,green,1
J792,I2093,5298.0,5300.0,green,1
J792,I2124,5383.0,5386.0,green,1
J792,I2508,6714.0,6719.0,green,1
J792,I3054,8633.0,8640.0,green,2
J2594,I3134,8967.0,8976.0,green,3
J2594,I3614,10743.0,10754.0,green,3
J4199,I6028,20625.0,20631.0,green,2
J4199,I7084,24509.0,24513.0,brown,4
J4406,I4399,14053.0,14061.0,green,1
J4406,I5552,18719.0,18722.0,green,1
J4406,I6736,23186.0,23190.0,green,1
J1005,I2087,5271.0,5282.0,green,2
J1005,I2952,8241.0,8251.0,green,3
J1005,I4936,16270.0,16273.0,green,1
J3082,I2334,6132.0,6135.0,brown,2
J1094,I2017,5011.0,5026.0,green,1
J1094,I3361,9839.0,9844.0,brown,1
J1094,I3489,10323.0,10327.0,brown,1
J1094,I4770,15598.0,15608.0,green,2
J1094,I5569,18805.0,18812.0,brown,1
J4212,I2611,7079.0,7082.0,green,2
J4212,I3859,11804.0,11807.0,brown,1
J4212,I8552,28654.0,28658.0,green,1
J619,I1787,4271.0,4275.0,green,2
J619,I2140,5448.0,5452.0,green,1
J619,I3932,12139.0,12143.0,green,1
J619,I4764,15574.0,15580.0,green,2
J430,I2304,6047.0,6051.0,green,1
J430,I3936,12163.0,12169.0,green,1
J3737,I455,829.0,830.0,red,1
J3737,I4519,14539.0,14545.0,brown,2
J3737,I6696,23053.0,23055.0,green,2
J3737,I7144,24688.0,24693.0,brown,1
J352,I936,1940.0,1942.0,red,2
J352,I1385,3082.0,3085.0,green,1
J6,I5,6.0,7.0,green,1
J6,I69,96.0,97.0,red,1
J6,I2981,8354.0,8367.0,green,4
J4920,I4468,14320.0,14333.0,brown,2
J4920,I8052,27369.0,27378.0,brown,1
J4920,I8669,28934.0,28937.0,green,1
J4920,I8789,29182.0,29192.0,green,2
J804,I1395,3107.0,3108.0,brown,1
J804,I1459,3308.0,3309.0,brown,1
J804,I1715,4063.0,4064.0,green,1
J804,I4628,15005.0,15007.0,green,1
J804,I4756,15534.0,15543.0,green,2
J2935,I3821,11646.0,11649.0,green,2
J2935,I3853,11774.0,11780.0,red,1
J3081,I5412,18216.0,18218.0,green,1
J3081,I5764,19605.0,19607.0,green,1
J3081,I6083,20846.0,20854.0,brown,2
J4027,I3068,8694.0,8704.0,green,1
J4027,I4125,12948.0,12960.0,green,1
J4027,I6429,22104.0,22107.0,green,1
J1148,I2020,5032.0,5036.0,green,2
J1148,I2212,5729.0,5733.0,green,2
J3989,I6171,21180.0,21185.0,green,4
J3989,I6267,21526.0,21528.0,green,1
J782,I1579,3587.0,3590.0,green,1
J782,I1580,3590.0,3595.0,green,1
J782,I2219,5758.0,5765.0,green,3
J782,I3083,8751.0,8767.0,brown,1
J2715,I2434,6482.0,6487.0,green,2
J2715,I2499,6689.0,6690.0,green,1
J2715,I3331,9719.0,9730.0,green,2
J2715,I4995,16542.0,16545.0,green,1
J2880,I1419,3184.0,3187.0,red,1
J2880,I2604,7035.0,7038.0,green,1
J3280,I2456,6546.0,6552.0,green,1
J3280,I5657,19168.0,19173.0,green,1
J2712,I3060,8661.0,8664.0,green,1
J2712,I4565,14755.0,14761.0,green,1
J2712,I5397,18162.0,18166.0,green,1
J2712,I5404,18187.0,18193.0,green,2
J3775,I7226,24966.0,24969.0,green,1
J3775,I7321,25281.0,25289.0,brown,1
J3775,I7434,25643.0,25651.0,green,1
J3775,I8074,27428.0,27430.0,green,2
J3775,I8834,29286.0,29288.0,brown,1
J3097,I2739,7522.0,7523.0,green,1
J3097,I3795,11515.0,11523.0,green,2
J3097,I4467,14317.0,14320.0,brown,1
J3097,I6746,23230.0,23234.0,green,2
J4276,I3908,12016.0,12022.0,green,2
J4276,I8068,27411.0,27416.0,green,1
J4276,I8085,27464.0,27467.0,green,1
J2920,I5301,17751.0,17761.0,green,1
J2920,I5397,18162.0,18166.0,green,1
J2920,I6613,22790.0,22791.0,green,1
J2612,I1376,3057.0,3066.0,brown,1
J2612,I2592,6993.0,7000.0,green,1
J3362,I3135,8976.0,8982.0,brown,2
J3362,I6144,21079.0,21084.0,green,1
J3362,I8524,28577.0,28578.0,green,1
J3362,I8544,28632.0,28633.0,green,1
J1796,I2882,7997.0,8001.0,red,1
J1796,I2947,8220.0,8227.0,green,2
J1796,I3298,9603.0,9609.0,brown,2
J1796,I4803,15706.0,15708.0,green,1
J3334,I4809,15737.0,15746.0,brown,6
J3345,I4963,16407.0,16410.0,green,3
J1827,I1894,4602.0,4603.0,brown,1
J1827,I1990,4913.0,4915.0,green,1
J2133,I2575,6934.0,6944.0,red,1
J2133,I9200,29947.0,29948.0,green,1
J1978,I451,819.0,824.0,brown,1
J1978,I4728,15410.0,15420.0,green,1
J3751,I5099,16939.0,16942.0,green,3
J4587,I5859,19917.0,19919.0,green,2
J4587,I6691,23042.0,23043.0,brown,1
J4587,I7363,25407.0,25410.0,brown,1
J4587,I7651,26241.0,26245.0,brown,1
J4587,I7763,26550.0,26558.0,green,1
J1140,I6833,23594.0,23602.0,green,1
J1140,I7272,25108.0,25113.0,brown,4
J1062,I91,131.0,132.0,brown,1
J1062,I123,184.0,187.0,green,1
J1062,I284,487.0,490.0,green,1
J2496,I4733,15446.0,15457.0,green,1
J3076,I4082,12796.0,12797.0,red,1
J3076,I4690,15260.0,15269.0,red,1
J3076,I6723,23127.0,23139.0,green,1
J2617,I3098,8824.0,8827.0,red,1
J2617,I3899,11965.0,11975.0,green,1
J2617,I4411,14106.0,14121.0,green,1
J2617,I7803,26675.0,26676.0,green,1
J3421,I2374,6269.0,6270.0,red,1
J3421,I2534,6797.0,6803.0,red,1
J3421,I6019,20575.0,20591.0,green,1
J3421,I6138,21053.0,21059.0,green,1
J3014,I2904,8082.0,8083.0,red,1
J3014,I2968,8300.0,8307.0,brown,1
J3014,I4185,13237.0,13246.0,green,2
J3014,I7640,26212.0,26215.0,brown,1
J4735,I1733,4110.0,4114.0,red,1
J4735,I7109,24588.0,24597.0,brown,2
J4735,I8406,28317.0,28319.0,green,1
J4735,I8892,29399.0,29402.0,green,1
J4735,I9026,29653.0,29656.0,green,1
J3849,I5606,18942.0,18946.0,green,1
J3849,I7094,24542.0,24547.0,green,1
J2156,I1609,3680.0,3691.0,brown,1
J2156,I4458,14290.0,14295.0,green,1
J2156,I5194,17346.0,17350.0,green,2
J3798,I6501,22367.0,22376.0,green,1
J1369,I2866,7953.0,7958.0,green,2
J1369,I3985,12360.0,12366.0,green,2
J1369,I4050,12644.0,12648.0,green,1
J485,I5168,17239.0,17252.0,brown,3
J485,I5473,18435.0,18444.0,green,1
J485,I6089,20870.0,20872.0,green,1
J3173,I4652,15111.0,15113.0,brown,2
J3173,I7148,24697.0,24698.0,brown,1
J3173,I7276,25129.0,25135.0,brown,1
J3173,I7596,26065.0,26072.0,brown,1
J3173,I8589,28740.0,28745.0,green,1
J910,I1136,2445.0,2446.0,red,1
J910,I1808,4334.0,4343.0,green,3
J910,I4580,14820.0,14825.0,brown,1
J1853,I2191,5654.0,5656.0,green,1
J1853,I2288,5985.0,5988.0,green,1
J1853,I2383,6295.0,6303.0,red,1
J1710,I3829,11677.0,11681.0,brown,2
J1710,I4021,12522.0,12528.0,green,1
J1710,I5622,19017.0,19034.0,green,1
J1710,I5782,19662.0,19667.0,green,1
J4229,I3226,9343.0,9347.0,green,1
J4229,I8123,27576.0,27577.0,green,1
J4229,I8507,28548.0,28552.0,green,1
J4229,I8731,29062.0,29063.0,brown,1
J3494,I5233,17482.0,17493.0,brown,1
J3494,I6406,22016.0,22024.0,green,2
J4166,I6478,22287.0,22288.0,brown,1
J4166,I7855,26827.0,26840.0,green,1
J4166,I8163,27713.0,27720.0,green,1
J4166,I8553,28658.0,28662.0,green,2
J3946,I6830,23585.0,23589.0,green,2
J3946,I6894,23846.0,23849.0,brown,3
J4762,I543,1006.0,1008.0,red,1
J4762,I1631,3758.0,3764.0,brown,1
J4762,I6816,23508.0,23512.0,green,1
J4762,I8896,29410.0,29414.0,green,3
J14,I4,5.0,6.0,green,1
J14,I68,94.0,96.0,red,1
J14,I292,501.0,502.0,red,1
J14,I708,1416.0,1417.0,red,1
J14,I964,2011.0,2016.0,brown,1
J14,I1860,4497.0,4505.0,brown,1
J1891,I4071,12758.0,12761.0,green,2
J977,I1177,2541.0,2548.0,green,2
J977,I6778,23336.0,23347.0,green,2
J977,I7770,26578.0,26580.0,green,2
J2188,I2764,7597.0,7599.0,green,2
J2188,I2796,7690.0,7693.0,green,1
J2188,I2860,7924.0,7928.0,green,1
J2578,I3264,9473.0,9478.0,green,2
J2578,I3296,9595.0,9601.0,green,2
J2578,I5409,18207.0,18209.0,green,1
J4590,I5229,17456.0,17466.0,brown,2
J4590,I6318,21714.0,21727.0,green,1
J4590,I6414,22044.0,22050.0,green,1
J3360,I5227,17446.0,17453.0,brown,2
J3360,I8124,27577.0,27580.0,green,1
J2791,I1017,2131.0,2132.0,red,1
J2791,I1305,2870.0,2873.0,red,1
J2791,I1657,3846.0,3849.0,brown,1
J2791,I4026,12557.0,12570.0,green,2
J382,I859,1763.0,1766.0,red,1
J382,I891,1840.0,1843.0,brown,1
J738,I147,222.0,223.0,red,1
J738,I7412,25565.0,25566.0,green,1
J738,I7540,25925.0,25933.0,green,2
J738,I8629,28841.0,28848.0,brown,1
J738,I8829,29276.0,29277.0,brown,1
J2304,I8484,28490.0,28492.0,green,2
J2304,I8608,28782.0,28783.0,brown,1
J31,I7,10.0,11.0,green,1
J31,I11,15.0,16.0,green,1
J31,I23,34.0,37.0,green,3
J31,I41,58.0,60.0,green,1
J3931,I8697,29001.0,29007.0,brown,1
J1292,I4566,14761.0,14765.0,green,1
J1292,I5045,16745.0,16752.0,brown,1
J1292,I7701,26373.0,26375.0,brown,2
J3415,I870,1795.0,1796.0,green,1
J3415,I935,1938.0,1940.0,red,1
J3415,I4647,15081.0,15095.0,green,1
J4846,I6451,22192.0,22201.0,green,2
J4846,I7219,24925.0,24938.0,green,1
J4846,I7314,25264.0,25266.0,brown,2
J4846,I8530,28592.0,28597.0,brown,1
J2622,I3562,10577.0,10582.0,red,1
J2622,I3722,11200.0,11201.0,brown,1
J2622,I4587,14848.0,14856.0,green,1
J3227,I7112,24599.0,24605.0,brown,1
J3227,I8601,28765.0,28768.0,green,1
J2009,I1576,3570.0,3581.0,brown,1
J2009,I1577,3581.0,3583.0,green,1
J2009,I5401,18173.0,18175.0,green,1
J2009,I5661,19194.0,19195.0,green,1
J863,I2080,5254.0,5259.0,red,1
J863,I2368,6242.0,6250.0,red,1
J863,I5104,16983.0,16990.0,brown,1
J725,I1474,3334.0,3336.0,brown,1
J725,I1539,3487.0,3490.0,green,1
J725,I2147,5473.0,5480.0,green,4
J3992,I6785,23367.0,23369.0,green,1
J3992,I6900,23859.0,23861.0,brown,2
J3992,I6932,23970.0,23972.0,brown,1
J1524,I1958,4811.0,4813.0,red,2
J1524,I2022,5041.0,5043.0,green,1
J1524,I2503,6698.0,6700.0,green,1
J1524,I3511,10398.0,10400.0,green,1
J674,I2057,5179.0,5184.0,red,1
J674,I2954,8252.0,8257.0,green,1
J674,I4778,15630.0,15634.0,green,1
J674,I6026,20618.0,20620.0,green,1
J674,I7038,24354.0,24362.0,brown,1
J4612,I4209,13343.0,13345.0,green,1
J4612,I4304,13679.0,13683.0,brown,1
J4612,I8113,27539.0,27546.0,green,1
J4612,I8176,27752.0,27754.0,brown,1
J696,I1716,4064.0,4072.0,green,1
J696,I4213,13349.0,13353.0,green,2
J696,I5237,17504.0,17505.0,green,1
J696,I5589,18883.0,18888.0,green,1
J2204,I3076,8736.0,8742.0,brown,1
J2204,I4829,15816.0,15824.0,green,2
J2204,I5317,17836.0,17843.0,green,1
J1743,I2236,5810.0,5812.0,red,1
J1743,I3740,11290.0,11301.0,green,2
J1743,I4637,15034.0,15049.0,green,2
J4603,I7569,26010.0,26013.0,green,2
J4603,I7696,26363.0,26364.0,brown,1
J4603,I8624,28819.0,28826.0,brown,1
J4603,I8688,28981.0,28988.0,brown,2
J3330,I2801,7718.0,7726.0,brown,1
J3330,I4178,13219.0,13225.0,green,1
J3330,I4530,14605.0,14615.0,green,3
J3330,I6162,21135.0,21139.0,green,1
J4728,I1312,2889.0,2890.0,red,1
J4728,I1568,3555.0,3557.0,red,1
J4728,I2560,6867.0,6870.0,red,1
J4728,I9077,29750.0,29752.0,brown,1
J693,I2014,5001.0,5008.0,green,5
J693,I2045,5117.0,5127.0,green,1
J2344,I3651,10899.0,10900.0,red,1
J2883,I3024,8517.0,8521.0,red,1
J2883,I3632,10818.0,10823.0,green,2
J2883,I4305,13683.0,13688.0,green,1
J4241,I4912,16201.0,16204.0,green,2
J4241,I4976,16443.0,16449.0,green,1
J4241,I5103,16977.0,16983.0,brown,1
J4241,I6608,22769.0,22781.0,green,1
J4241,I6704,23079.0,23082.0,green,1
J3118,I4253,13487.0,13489.0,green,2
J3118,I7549,25953.0,25964.0,green,2
J4203,I5706,19333.0,19338.0,green,3
J4203,I5737,19497.0,19500.0,brown,1
J4203,I6026,20618.0,20620.0,green,1
J4595,I5034,16698.0,16705.0,green,1
J4595,I8490,28503.0,28505.0,green,1
J2101,I3044,8593.0,8598.0,red,1
J2101,I7301,25211.0,25222.0,green,1
J1482,I172,271.0,273.0,green,2
J1482,I845,1723.0,1724.0,red,1
J1482,I3405,9996.0,9999.0,green,1
J1482,I4733,15446.0,15457.0,green,2
J643,I7409,25547.0,25552.0,green,2
J643,I7560,25992.0,25994.0,brown,1
J643,I7944,27084.0,27086.0,brown,1
J1221,I2438,6493.0,6501.0,green,3
J1221,I2469,6598.0,6600.0,green,1
J1221,I2533,6794.0,6797.0,red,1
J1221,I4486,14422.0,14426.0,green,1
J4415,I3683,11023.0,11034.0,green,4
J4415,I5122,17057.0,17061.0,brown,1
J4415,I5379,18075.0,18090.0,green,1
J834,I1771,4223.0,4229.0,red,1
J834,I1803,4318.0,4323.0,green,1
J834,I2028,5058.0,5060.0,green,1
J834,I2123,5382.0,5383.0,green,1
J834,I2155,5502.0,5505.0,green,1
J4544,I4604,14906.0,14907.0,brown,1
J4544,I4796,15686.0,15688.0,brown,2
J4544,I5052,16765.0,16767.0,brown,1
J4544,I8636,28857.0,28858.0,brown,1
J4544,I8669,28934.0,28937.0,green,1
J98,I310,534.0,536.0,green,2
J98,I438,798.0,799.0,red,1
J98,I854,1749.0,1752.0,brown,1
J98,I6494,22336.0,22340.0,brown,2
J144,I1703,4016.0,4021.0,brown,1
J144,I3655,10908.0,10912.0,brown,1
J180,I176,282.0,284.0,green,1
J180,I304,523.0,524.0,brown,1
J180,I2175,5587.0,5595.0,green,2
J4517,I4955,16343.0,16348.0,brown,4
J870,I4012,12491.0,12495.0,brown,1
J870,I5389,18131.0,18137.0,green,1
J870,I5945,20278.0,20289.0,green,2
J2262,I2955,8257.0,8263.0,green,4
J2262,I5004,16577.0,16584.0,green,1
J1296,I6882,23778.0,23784.0,brown,1
J1296,I7523,25887.0,25894.0,green,1
J1296,I7587,26050.0,26053.0,green,1
J1296,I8117,27562.0,27570.0,green,1
J1296,I8237,27889.0,27891.0,green,2
J1230,I640,1227.0,1231.0,green,2
J1230,I2047,5133.0,5141.0,green,3
J1230,I3039,8563.0,8578.0,green,1
J1408,I629,1201.0,1202.0,green,1
J1408,I853,1744.0,1749.0,brown,1
J1408,I1430,3213.0,3218.0,red,1
J1408,I3925,12120.0,12122.0,green,1
J2099,I730,1467.0,1470.0,red,1
J2099,I826,1675.0,1677.0,green,2
J2099,I4539,14640.0,14644.0,green,1
J2099,I6557,22556.0,22558.0,green,1
J3512,I966,2018.0,2027.0,brown,2
J3512,I2502,6695.0,6698.0,green,1
J3512,I4551,14694.0,14703.0,green,1
J3512,I6534,22470.0,22471.0,brown,1
J1566,I1418,3180.0,3184.0,red,1
J1566,I2346,6166.0,6170.0,brown,1
J1566,I4188,13249.0,13269.0,green,4
J397,I3958,12248.0,12250.0,green,1
J397,I4118,12897.0,12903.0,green,3
J2329,I966,2018.0,2027.0,brown,1
J2329,I3430,10081.0,10094.0,brown,1
J813,I1757,4180.0,4181.0,green,1
J813,I1789,4278.0,4282.0,green,2
J3510,I2943,8199.0,8207.0,red,2
J1864,I2077,5245.0,5246.0,red,1
J1864,I2109,5343.0,5345.0,red,1
J1864,I4830,15824.0,15838.0,green,2
J1864,I5263,17604.0,17607.0,brown,1
J1864,I5662,19195.0,19198.0,green,1
J1502,I3186,9199.0,9200.0,green,1
J1502,I3795,11515.0,11523.0,green,2
J1502,I4587,14848.0,14856.0,green,1
J2829,I4700,15308.0,15316.0,green,2
J2627,I3842,11730.0,11733.0,green,2
J2627,I3873,11855.0,11860.0,red,1
J2627,I3906,12004.0,12014.0,green,1
J2627,I4482,14396.0,14399.0,brown,1
J2627,I7554,25976.0,25977.0,green,1
J3251,I3649,10891.0,10896.0,red,2
J3251,I3906,12004.0,12014.0,green,2
J3251,I7746,26494.0,26500.0,green,1
J3251,I8034,27319.0,27327.0,green,1
J3593,I4659,15135.0,15146.0,green,1
J3593,I4819,15785.0,15792.0,green,2
J3593,I6819,23520.0,23525.0,green,1
J997,I736,1476.0,1477.0,red,1
J997,I1760,4188.0,4203.0,brown,4
J997,I4801,15700.0,15703.0,green,1
J1339,I2558,6864.0,6865.0,red,1
J1339,I2590,6987.0,6989.0,green,1
J1339,I3166,9105.0,9113.0,red,1
J1339,I4703,15325.0,15329.0,green,1
J73,I244,411.0,412.0,green,1
J73,I725,1447.0,1452.0,red,3
J73,I1109,2381.0,2382.0,green,1
J73,I3493,10331.0,10340.0,green,1
J1188,I832,1688.0,1693.0,green,2
J1188,I6441,22147.0,22152.0,green,2
J1188,I6793,23395.0,23401.0,green,1
J3530,I4348,13835.0,13839.0,green,1
J3530,I7228,24972.0,24974.0,green,2
J3530,I8052,27369.0,27378.0,brown,3
J3181,I4491,14448.0,14450.0,brown,1
J3181,I4556,14717.0,14723.0,green,1
J3181,I4779,15634.0,15640.0,brown,1
J3181,I5004,16577.0,16584.0,green,1
J3181,I6746,23230.0,23234.0,green,1
J2124,I1119,2409.0,2411.0,red,1
J2124,I1535,3472.0,3476.0,brown,1
J2124,I1695,3983.0,3987.0,red,1
J651,I165,261.0,263.0,green,1
J651,I213,352.0,357.0,brown,1
J651,I230,391.0,392.0,green,1
J651,I262,441.0,445.0,green,1
J651,I390,692.0,697.0,green,1
J651,I773,1559.0,1560.0,red,1
J3784,I7980,27167.0,27170.0,brown,1
J3784,I8429,28371.0,28372.0,green,1
J3784,I8621,28813.0,28814.0,brown,1
J3784,I8765,29134.0,29137.0,brown,1
J3784,I8845,29308.0,29309.0,brown,1
J681,I662,1285.0,1287.0,green,1
J681,I1430,3213.0,3218.0,red,1
J681,I5079,16842.0,16853.0,green,1
J2332,I2267,5908.0,5910.0,red,1
J2332,I2363,6231.0,6233.0,red,1
J2332,I2428,6457.0,6466.0,green,1
J2332,I4059,12703.0,12719.0,brown,2
J2332,I4380,13987.0,13997.0,green,1
J2876,I4585,14843.0,14845.0,green,1
J2876,I4617,14942.0,14961.0,green,1
J2876,I5961,20352.0,20358.0,brown,4
J2819,I2371,6255.0,6264.0,red,1
J2819,I2627,7143.0,7146.0,green,1
J2819,I2915,8122.0,8127.0,green,2
J2819,I2980,8345.0,8354.0,green,1
J2819,I4900,16155.0,16160.0,green,1
J4182,I2671,7283.0,7295.0,red,3
J415,I716,1424.0,1426.0,brown,1
J415,I877,1809.0,1811.0,green,1
J415,I940,1955.0,1958.0,red,1
J415,I2093,5298.0,5300.0,green,1
J828,I999,2088.0,2095.0,red,3
J828,I1575,3569.0,3570.0,brown,1
J828,I6152,21107.0,21110.0,green,1
J828,I6302,21642.0,21646.0,green,1
J4996,I7553,25974.0,25976.0,green,2
J4996,I7969,27147.0,27151.0,green,2
J4996,I8673,28942.0,28953.0,green,2
J1818,I1784,4264.0,4266.0,green,2
J1818,I1849,4462.0,4468.0,red,1
J1818,I2136,5435.0,5440.0,green,1
J3367,I3985,12360.0,12366.0,green,2
J3367,I4145,13062.0,13067.0,brown,2
J4202,I4356,13895.0,13899.0,green,1
J4202,I4485,14419.0,14422.0,green,1
J3851,I5632,19073.0,19083.0,green,1
J4965,I8673,28942.0,28953.0,green,1
J4965,I8793,29198.0,29201.0,green,3
J4965,I9145,29865.0,29867.0,green,2
J2479,I2466,6588.0,6594.0,green,1
J2479,I2530,6790.0,6791.0,red,1
J2479,I2627,7143.0,7146.0,green,2
J2479,I2659,7254.0,7256.0,green,2
J1624,I2432,6470.0,6471.0,green,1
J1624,I2464,6583.0,6585.0,green,1
J4663,I2444,6519.0,6524.0,red,1
J4663,I3980,12329.0,12337.0,brown,1
J4663,I7373,25431.0,25441.0,green,2
J4663,I7437,25659.0,25664.0,green,1
J4663,I8468,28454.0,28455.0,brown,1
J3903,I4321,13736.0,13744.0,red,1
J3903,I4577,14810.0,14817.0,brown,2
J3903,I6718,23117.0,23119.0,green,2
J3903,I7370,25427.0,25428.0,green,1
J2593,I4031,12593.0,12595.0,green,1
J2593,I8096,27491.0,27494.0,green,2
J2593,I8255,27949.0,27951.0,brown,1
J2870,I6122,20998.0,21009.0,brown,2
J2870,I6634,22876.0,22878.0,brown,1
J2870,I6955,24049.0,24059.0,green,2
J2870,I7627,26171.0,26172.0,green,1
J2521,I3822,11649.0,11654.0,green,2
J2521,I3886,11923.0,11926.0,brown,1
J3552,I4147,13068.0,13069.0,brown,1
J3552,I4179,13225.0,13229.0,green,1
J3552,I4211,13347.0,13348.0,green,1
J3552,I4435,14216.0,14218.0,brown,1
J3552,I4659,15135.0,15146.0,green,1
J3552,I4755,15529.0,15534.0,green,1
J233,I46,65.0,66.0,brown,1
J233,I94,134.0,136.0,brown,1
J233,I350,600.0,604.0,green,1
J233,I671,1319.0,1326.0,green,1
J233,I1662,3862.0,3865.0,brown,1
J233,I4007,12447.0,12457.0,green,1
J1028,I1340,2958.0,2959.0,green,1
J1028,I1341,2959.0,2963.0,green,1
J1028,I1468,3325.0,3327.0,brown,1
J1028,I1597,3639.0,3645.0,green,2
J1503,I2246,5829.0,5837.0,green,3
J1503,I3911,12035.0,12050.0,green,2
J1503,I5095,16926.0,16928.0,green,1
J4484,I5077,16839.0,16841.0,green,2
J4484,I6549,22521.0,22538.0,green,2
J4484,I7953,27105.0,27109.0,green,2
J1040,I2043,5110.0,5114.0,green,1
J1040,I2171,5572.0,5574.0,green,2
J1040,I2427,6454.0,6457.0,green,1
J1040,I3067,8690.0,8694.0,green,1
J1040,I3290,9572.0,9575.0,green,1
J2574,I1518,3436.0,3440.0,red,1
J2574,I5166,17218.0,17229.0,brown,1
J2574,I7602,26086.0,26097.0,green,1
J4855,I4898,16147.0,16151.0,green,1
J4855,I8705,29016.0,29018.0,brown,1
J4855,I9154,29877.0,29878.0,green,1
J4855,I9186,29928.0,29930.0,green,2
J754,I1333,2943.0,2947.0,green,1
J754,I1494,3379.0,3380.0,green,1
J754,I1686,3943.0,3947.0,green,1
J754,I2834,7835.0,7839.0,green,1
J1821,I3906,12004.0,12014.0,green,1
J1935,I2144,5463.0,5466.0,green,1
J1935,I7201,24847.0,24852.0,green,1
J1935,I7393,25488.0,25491.0,green,1
J1935,I7848,26812.0,26814.0,brown,1
J2117,I2034,5083.0,5090.0,green,2
J1494,I1988,4905.0,4909.0,green,1
J1494,I2020,5032.0,5036.0,green,2
J1494,I2371,6255.0,6264.0,red,1
J1494,I3487,10311.0,10322.0,brown,1
J1494,I3532,10467.0,10473.0,green,1
J2667,I1904,4628.0,4631.0,brown,1
J2667,I7177,24771.0,24774.0,green,1
J2667,I7193,24819.0,24827.0,green,2
J2667,I7209,24875.0,24885.0,green,2
J3681,I5233,17482.0,17493.0,brown,1
J3681,I7714,26399.0,26402.0,green,1
J3681,I8226,27865.0,27870.0,green,1
J4826,I7294,25196.0,25197.0,green,1
J4826,I7614,26134.0,26138.0,green,1
J1711,I833,1693.0,1698.0,green,2
J1711,I1121,2412.0,2413.0,red,1
J1711,I2658,7248.0,7254.0,green,2
J1711,I5298,17737.0,17746.0,green,1
J1189,I1706,4025.0,4036.0,green,5
J1661,I1412,3155.0,3156.0,red,1
J1661,I2117,5362.0,5369.0,green,1
J1661,I4841,15884.0,15895.0,green,3
J1656,I2557,6860.0,6864.0,red,2
J1656,I2750,7550.0,7553.0,green,1
J1656,I2814,7774.0,7776.0,brown,2
J3556,I4120,12907.0,12913.0,green,3
J3157,I5291,17703.0,17704.0,red,1
J3157,I5323,17856.0,17859.0,green,1
J3157,I5612,18959.0,18965.0,green,1
J3157,I6091,20876.0,20879.0,brown,1
J197,I271,462.0,466.0,green,1
J197,I2735,7503.0,7505.0,green,1
J197,I3759,11394.0,11396.0,green,1
J197,I3983,12347.0,12353.0,green,2
J197,I4207,13334.0,13340.0,green,1
J3224,I4643,15063.0,15070.0,green,1
J3224,I7203,24853.0,24862.0,green,1
J3224,I7395,25497.0,25504.0,green,2
J4818,I4072,12761.0,12768.0,brown,1
J4818,I4232,13429.0,13431.0,red,1
J4818,I7944,27084.0,27086.0,brown,1
J4818,I8113,27539.0,27546.0,green,1
J4818,I8433,28377.0,28384.0,green,2
J1757,I556,1042.0,1046.0,red,2
J1757,I2221,5771.0,5775.0,green,1
J1757,I2765,7599.0,7609.0,green,2
J1757,I5437,18330.0,18332.0,brown,1
J4769,I7040,24365.0,24368.0,brown,3
J4769,I8256,27951.0,27954.0,brown,1
J4769,I8704,29015.0,29016.0,brown,1
J4769,I8897,29414.0,29417.0,green,1
J1244,I2560,6867.0,6870.0,red,1
J1244,I5473,18435.0,18444.0,green,3
J89,I272,466.0,467.0,green,1
J89,I625,1191.0,1198.0,green,1
J89,I913,1882.0,1884.0,brown,1
J2544,I4531,14615.0,14620.0,green,1
J2544,I8589,28740.0,28745.0,green,2
J2544,I8626,28827.0,28833.0,brown,3
J4298,I4417,14138.0,14139.0,green,1
J4298,I4513,14513.0,14514.0,brown,1
J4298,I5121,17052.0,17057.0,brown,4
J3896,I5611,18957.0,18959.0,green,2
J3896,I5707,19338.0,19345.0,green,1
J3896,I5771,19621.0,19623.0,green,1
J4712,I6393,21981.0,21984.0,brown,2
J4712,I7033,24338.0,24343.0,brown,1
J4712,I8122,27575.0,27576.0,green,1
J4712,I8730,29061.0,29062.0,brown,1
J4712,I8890,29396.0,29398.0,green,1
J2416,I4452,14274.0,14279.0,green,3
J2416,I4676,15188.0,15192.0,green,1
J2416,I6820,23525.0,23526.0,green,1
J4459,I1855,4489.0,4493.0,brown,2
J4459,I2111,5347.0,5349.0,brown,2
J4459,I3135,8976.0,8982.0,brown,1
J4459,I9141,29858.0,29860.0,green,1
J169,I504,932.0,936.0,red,1
J169,I569,1074.0,1079.0,green,4
J169,I1049,2225.0,2229.0,green,1
J1839,I2003,4957.0,4967.0,green,3
J1839,I4018,12508.0,12516.0,brown,2
J1839,I4819,15785.0,15792.0,green,1
J4150,I7307,25234.0,25243.0,green,2
J4150,I7690,26339.0,26344.0,brown,1
J4150,I8714,29030.0,29033.0,brown,1
J571,I1348,2974.0,2987.0,green,1
J571,I1445,3250.0,3259.0,green,1
J571,I1796,4294.0,4300.0,brown,1
J4746,I5888,20067.0,20071.0,brown,2
J4746,I7585,26046.0,26048.0,green,1
J4075,I6833,23594.0,23602.0,green,2
J4075,I7057,24431.0,24434.0,green,1
J4075,I8401,28298.0,28302.0,green,1
J4059,I3247,9402.0,9405.0,brown,1
J4059,I3760,11396.0,11406.0,green,1
J4059,I6784,23364.0,23367.0,green,3
J4059,I7616,26141.0,26142.0,green,1
J1454,I848,1728.0,1732.0,brown,2
J1454,I976,2051.0,2053.0,red,1
J1454,I2609,7055.0,7069.0,green,1
J1009,I4583,14828.0,14839.0,green,3
J1009,I5639,19115.0,19123.0,green,1
J1009,I7587,26050.0,26053.0,green,2
J2318,I1495,3380.0,3382.0,green,1
J2318,I5936,20234.0,20252.0,green,3
J404,I1060,2261.0,2267.0,green,2
J404,I2847,7883.0,7889.0,green,1
J4828,I2456,6546.0,6552.0,green,1
J4828,I4056,12679.0,12690.0,brown,1
J4828,I8185,27766.0,27773.0,green,2
J4828,I8505,28543.0,28547.0,green,1
J4828,I8824,29267.0,29271.0,brown,1
J4186,I3864,11830.0,11833.0,brown,2
J4186,I7897,26967.0,26969.0,green,1
J1910,I2559,6865.0,6867.0,red,1
J1910,I2623,7134.0,7136.0,green,1
J1910,I4352,13852.0,13881.0,green,3
J4649,I4596,14883.0,14885.0,brown,1
J4649,I4917,16212.0,16217.0,green,1
J4649,I8589,28740.0,28745.0,green,1
J4649,I8949,29517.0,29519.0,green,2
J4649,I9013,29626.0,29627.0,green,1
J1436,I268,453.0,454.0,green,1
J1436,I269,454.0,459.0,green,1
J1436,I5101,16950.0,16964.0,green,3
J1436,I5117,17035.0,17049.0,green,1
J3684,I2450,6532.0,6536.0,red,1
J3684,I7603,26097.0,26103.0,green,2
J3684,I7699,26367.0,26372.0,brown,1
J3704,I4546,14670.0,14672.0,brown,2
J3704,I5122,17057.0,17061.0,brown,1
J3704,I5922,20185.0,20199.0,brown,1
J3485,I3305,9630.0,9632.0,green,1
J3485,I8746,29094.0,29099.0,green,1
J661,I1609,3680.0,3691.0,brown,1
J661,I5866,19948.0,19959.0,green,1
J2306,I767,1543.0,1545.0,red,1
J2306,I799,1614.0,1619.0,brown,1
J2306,I5024,16662.0,16664.0,green,1
J3847,I5013,16615.0,16620.0,brown,2
J3847,I6614,22791.0,22797.0,green,1
J3808,I6524,22445.0,22450.0,green,2
J3808,I6604,22760.0,22761.0,green,1
J3808,I6700,23073.0,23076.0,green,1
J198,I484,894.0,898.0,green,2
J2943,I4009,12458.0,12469.0,brown,1
J2943,I4360,13915.0,13925.0,red,1
J3400,I1983,4889.0,4893.0,green,1
J3400,I2079,5250.0,5254.0,red,1
J3400,I3904,11990.0,12003.0,green,1
J3400,I4256,13500.0,13501.0,green,1
J3400,I4960,16380.0,16385.0,green,1
J3400,I6176,21211.0,21229.0,green,1
J2342,I3735,11256.0,11266.0,green,1
J2342,I3831,11684.0,11687.0,brown,3
J2342,I6391,21973.0,21980.0,brown,1
J394,I2024,5044.0,5052.0,green,4
J394,I5296,17721.0,17726.0,green,1
J394,I5584,18866.0,18869.0,green,1
J3329,I5613,18965.0,18970.0,green,2
J3329,I5676,19242.0,19243.0,brown,1
J3329,I5773,19626.0,19629.0,green,1
J4929,I3317,9669.0,9672.0,brown,1
J4929,I5045,16745.0,16752.0,brown,1
J4929,I8629,28841.0,28848.0,brown,1
J4929,I9014,29627.0,29628.0,green,1
J4929,I9026,29653.0,29656.0,green,2
J387,I130,196.0,197.0,green,1
J387,I164,260.0,261.0,green,1
J387,I228,386.0,389.0,green,2
J387,I259,433.0,436.0,green,1
J387,I4172,13187.0,13197.0,green,1
J555,I4945,16296.0,16303.0,green,3
J555,I5969,20377.0,20381.0,green,1
J1490,I465,851.0,854.0,red,1
J1490,I945,1963.0,1964.0,red,1
J1490,I977,2053.0,2054.0,red,1
J1490,I1009,2116.0,2120.0,red,1
J1490,I7266,25074.0,25081.0,brown,2
J3382,I5190,17339.0,17340.0,green,1
J3382,I5382,18099.0,18111.0,green,1
J3382,I7602,26086.0,26097.0,green,1
J318,I191,307.0,311.0,green,3
J318,I287,492.0,493.0,green,1
J318,I1376,3057.0,3066.0,brown,1
J546,I5921,20174.0,20185.0,brown,1
J546,I6434,22114.0,22115.0,green,1
J546,I6594,22711.0,22723.0,green,3
J3514,I6056,20738.0,20740.0,green,1
J3514,I6183,21257.0,21261.0,brown,2
J3514,I6376,21933.0,21937.0,green,2
J3514,I7336,25316.0,25317.0,green,1
J1961,I3095,8810.0,8818.0,red,1
J1961,I5784,19670.0,19675.0,green,1
J1961,I6871,23746.0,23751.0,brown,2
J1961,I8092,27483.0,27484.0,green,1
J4356,I3487,10311.0,10322.0,brown,2
J4356,I7072,24464.0,24469.0,green,1
J1121,I1464,3317.0,3319.0,brown,2
J1121,I1561,3544.0,3545.0,red,1
J1121,I1817,4370.0,4372.0,red,1
J1121,I5625,19042.0,19048.0,green,1
J1121,I6265,21512.0,21515.0,green,1
J416,I1750,4153.0,4160.0,green,1
J416,I4247,13467.0,13471.0,green,1
J416,I6390,21972.0,21973.0,brown,1
J416,I6935,23981.0,23983.0,green,1
J2530,I973,2044.0,2048.0,red,1
J2530,I1005,2107.0,2110.0,red,1
J2530,I3725,11213.0,11216.0,brown,1
J2530,I5069,16819.0,16821.0,brown,1
J2530,I5086,16871.0,16875.0,green,1
J2530,I5186,17322.0,17325.0,green,1
J156,I545,1012.0,1015.0,red,1
J156,I7746,26494.0,26500.0,green,1
J156,I8769,29141.0,29143.0,brown,2
J156,I8833,29285.0,29286.0,brown,1
J11,I3,3.0,5.0,green,2
J11,I35,50.0,52.0,green,1
J11,I3331,9719.0,9730.0,green,3
J1250,I2233,5802.0,5803.0,red,1
J1250,I2265,5905.0,5907.0,red,1
J1250,I8826,29272.0,29273.0,brown,1
J1366,I2761,7587.0,7594.0,green,1
J1366,I3434,10100.0,10103.0,green,2
J1366,I5546,18698.0,18699.0,green,1
J1366,I6594,22711.0,22723.0,green,2
J3706,I6321,21732.0,21736.0,green,1
J3706,I6352,21843.0,21850.0,brown,1
J3706,I6433,22113.0,22114.0,green,1
J3352,I822,1665.0,1667.0,green,1
J3352,I886,1827.0,1828.0,brown,1
J3352,I3318,9672.0,9676.0,brown,1
J2203,I2015,5008.0,5010.0,green,1
J2203,I2208,5712.0,5720.0,green,3
J2203,I3904,11990.0,12003.0,green,1
J2203,I4015,12498.0,12505.0,brown,1
J3318,I1336,2950.0,2952.0,green,1
J3318,I4249,13472.0,13478.0,green,1
J3318,I7416,25583.0,25584.0,brown,1
J3318,I7585,26046.0,26048.0,green,1
J3318,I7688,26334.0,26336.0,brown,1
J4900,I6318,21714.0,21727.0,green,1
J4261,I4557,14723.0,14728.0,green,4
J1283,I1771,4223.0,4229.0,red,1
J1283,I2283,5955.0,5961.0,green,1
J1283,I6347,21831.0,21832.0,brown,1
J1283,I7947,27089.0,27095.0,brown,1
J1283,I8396,28289.0,28291.0,green,1
J1615,I4144,13042.0,13062.0,brown,3
J1615,I7345,25345.0,25348.0,green,3
J4222,I6401,22007.0,22009.0,green,2
J4327,I2537,6805.0,6809.0,red,1
J4327,I3946,12197.0,12205.0,green,1
J4327,I5194,17346.0,17350.0,green,1
J4327,I6889,23812.0,23822.0,brown,1
J4327,I7394,25491.0,25497.0,green,1
J4524,I7526,25897.0,25898.0,green,1
J4524,I7846,26797.0,26810.0,brown,1
J4524,I8598,28762.0,28763.0,green,1
J4524,I8950,29519.0,29522.0,green,2
J2247,I4034,12606.0,12607.0,brown,1
J2247,I4131,12980.0,12981.0,green,1
J2247,I4163,13148.0,13149.0,green,1
J2247,I5411,18212.0,18216.0,green,1
J990,I2636,7175.0,7183.0,green,3
J2465,I443,804.0,807.0,red,3
J2465,I1659,3851.0,3857.0,brown,1
J2465,I3804,11558.0,11567.0,green,1
J2465,I6172,21185.0,21189.0,green,1
J3425,I3275,9516.0,9518.0,brown,2
J3425,I7436,25658.0,25659.0,green,1
J3425,I8236,27888.0,27889.0,green,1
J3425,I8364,28213.0,28215.0,green,1
J3425,I9140,29857.0,29858.0,green,1
J1889,I3934,12145.0,12162.0,green,1
J1889,I5215,17403.0,17407.0,green,4
J1889,I6335,21786.0,21787.0,green,1
J59,I182,291.0,293.0,green,1
J59,I277,478.0,480.0,red,2
J59,I5206,17380.0,17382.0,brown,1
J1567,I1998,4932.0,4936.0,green,2
J1567,I2158,5523.0,5530.0,green,2
J1567,I3185,9177.0,9199.0,green,2
J3916,I1845,4454.0,4456.0,red,1
J3916,I4630,15011.0,15015.0,green,1
J3916,I5045,16745.0,16752.0,brown,2
J3916,I7094,24542.0,24547.0,green,2
J4545,I6520,22432.0,22433.0,green,1
J4545,I6552,22542.0,22546.0,green,3
J4545,I6680,23010.0,23011.0,brown,1
J3630,I6282,21569.0,21572.0,green,2
J3630,I6442,22152.0,22153.0,green,1
J3630,I6474,22278.0,22279.0,brown,1
J205,I1607,3675.0,3677.0,brown,1
J1111,I2170,5568.0,5572.0,green,1
J1111,I2906,8088.0,8093.0,brown,3
J1111,I2970,8309.0,8311.0,brown,2
J1886,I1236,2697.0,2701.0,red,1
J1886,I7285,25165.0,25181.0,green,1
J1886,I8602,28768.0,28770.0,green,1
J1886,I8724,29051.0,29053.0,brown,1
J1886,I8859,29339.0,29340.0,brown,1
J2032,I4080,12789.0,12794.0,red,1
J2032,I8401,28298.0,28302.0,green,1
J2032,I8985,29576.0,29580.0,green,3
J114,I1812,4351.0,4359.0,green,2
J114,I3860,11807.0,11817.0,brown,1
J2337,I3518,10417.0,10429.0,green,3
J2337,I3679,11012.0,11017.0,green,1
J3768,I4638,15049.0,15051.0,green,1
J3768,I4670,15180.0,15181.0,green,1
J3768,I4702,15317.0,15325.0,green,3
J3768,I4958,16372.0,16378.0,green,1
J2119,I5169,17252.0,17260.0,brown,1
J2119,I6625,22844.0,22856.0,brown,4
J2683,I3450,10143.0,10149.0,green,1
J2683,I3866,11837.0,11839.0,brown,1
J2683,I6427,22094.0,22097.0,green,1
J1349,I2284,5961.0,5965.0,green,1
J1349,I8134,27614.0,27622.0,brown,1
J1349,I8454,28419.0,28424.0,brown,1
J1857,I1206,2610.0,2617.0,green,3
J1857,I1813,4359.0,4364.0,red,1
J3830,I4314,13709.0,13711.0,brown,1
J3830,I4635,15028.0,15030.0,green,1
J3830,I6011,20540.0,20542.0,green,1
J3830,I6555,22549.0,22554.0,green,1
J3830,I7355,25375.0,25377.0,green,1
J1927,I3051,8622.0,8624.0,green,1
J1927,I4140,13020.0,13034.0,green,3
J1331,I192,311.0,312.0,green,1
J1331,I705,1402.0,1410.0,green,1
J1331,I1792,4286.0,4288.0,brown,1
J1331,I6057,20740.0,20745.0,green,3
J4240,I4441,14233.0,14235.0,brown,1
J4240,I4537,14638.0,14639.0,green,1
J4240,I5049,16756.0,16759.0,brown,1
J4240,I6330,21762.0,21763.0,green,1
J4291,I6806,23446.0,23460.0,green,5
J2168,I6524,22445.0,22450.0,green,1
J2168,I7099,24555.0,24559.0,brown,1
J2168,I8539,28622.0,28624.0,brown,2
J2168,I8635,28856.0,28857.0,brown,1
J2168,I8699,29008.0,29010.0,brown,1
J2172,I3838,11704.0,11711.0,brown,5
J4886,I7470,25759.0,25761.0,brown,2
J4886,I8622,28814.0,28818.0,brown,2
J4886,I8655,28903.0,28904.0,green,1
J4886,I8687,28980.0,28981.0,brown,1
J4635,I3393,9928.0,9931.0,red,2
J4635,I6178,21237.0,21247.0,green,1
J4635,I9077,29750.0,29752.0,brown,1
J746,I828,1678.0,1683.0,red,1
J746,I2653,7226.0,7241.0,green,1
J1152,I378,667.0,672.0,green,2
J1152,I442,803.0,804.0,red,1
J1152,I4635,15028.0,15030.0,green,1
J1152,I5635,19088.0,19105.0,green,2
J2840,I4036,12608.0,12610.0,brown,2
J2840,I4068,12742.0,12749.0,green,1
J2840,I4196,13291.0,13296.0,brown,2
J2840,I8357,28192.0,28193.0,green,1
J4806,I7375,25442.0,25443.0,brown,1
J4806,I7408,25545.0,25547.0,green,1
J4806,I7471,25761.0,25762.0,brown,1
J4806,I7695,26360.0,26363.0,brown,2
J4806,I8400,28296.0,28298.0,green,1
J2025,I2798,7697.0,7707.0,green,1
J2025,I5710,19351.0,19370.0,green,1
J2025,I5822,19793.0,19800.0,green,3
J1305,I381,676.0,681.0,red,1
J1305,I3325,9694.0,9702.0,brown,1
J1305,I4158,13118.0,13134.0,green,2
J4641,I5270,17625.0,17634.0,brown,1
J4641,I7830,26760.0,26763.0,brown,2
J3710,I2069,5217.0,5218.0,red,1
J3710,I6742,23205.0,23212.0,green,1
J3710,I6838,23610.0,23616.0,green,1
J3710,I6966,24101.0,24103.0,green,1
J3710,I7141,24681.0,24685.0,brown,1
J4704,I6975,24135.0,24137.0,green,1
J4704,I8335,28137.0,28142.0,green,2
J3458,I5084,16867.0,16869.0,green,1
J3458,I7323,25291.0,25294.0,brown,1
J3458,I8475,28466.0,28467.0,brown,1
J3458,I8492,28511.0,28515.0,green,3
J238,I763,1533.0,1538.0,red,1
J238,I2812,7768.0,7770.0,green,1
J238,I3916,12073.0,12084.0,green,2
J2515,I2821,7800.0,7804.0,brown,2
J2515,I3942,12181.0,12184.0,green,1
J2515,I4166,13157.0,13166.0,green,1
J4809,I6911,23897.0,23908.0,green,1
J4809,I8657,28905.0,28908.0,green,1
J4809,I8671,28939.0,28940.0,green,1
J187,I309,533.0,534.0,green,1
J187,I341,589.0,590.0,brown,1
J187,I950,1977.0,1983.0,brown,2
J187,I1046,2213.0,2221.0,green,1
J187,I1206,2610.0,2617.0,green,1
J3731,I5920,20172.0,20174.0,brown,1
J3731,I6145,21084.0,21085.0,green,1
J3731,I6561,22570.0,22571.0,green,1
J3731,I6817,23512.0,23514.0,green,1
J3731,I7425,25603.0,25611.0,green,2
J588,I2941,8195.0,8198.0,brown,1
J588,I3485,10309.0,10310.0,brown,1
J588,I5630,19064.0,19071.0,green,4
J3950,I4206,13330.0,13334.0,green,3
J3950,I4207,13334.0,13340.0,green,2
J3950,I4270,13578.0,13579.0,green,1
J4273,I5652,19153.0,19160.0,green,2
J4273,I6324,21743.0,21748.0,green,1
J4273,I8412,28330.0,28334.0,green,2
J4273,I8755,29111.0,29114.0,brown,1
J2299,I2521,6775.0,6776.0,red,1
J2299,I2585,6974.0,6979.0,red,1
J2299,I5114,17016.0,17025.0,brown,1
J2299,I6682,23016.0,23023.0,brown,1
J4501,I745,1498.0,1502.0,red,1
J4501,I4522,14549.0,14559.0,green,1
J2790,I7031,24334.0,24337.0,brown,2
J4894,I4506,14497.0,14499.0,brown,1
J4894,I5178,17281.0,17294.0,brown,2
J4894,I8875,29368.0,29373.0,green,1
J4574,I5418,18233.0,18240.0,green,1
J4574,I6058,20745.0,20747.0,green,1
J4574,I8882,29383.0,29386.0,green,2
J4868,I4500,14481.0,14486.0,red,3
J4868,I8661,28915.0,28920.0,green,3
J2714,I4352,13852.0,13881.0,green,2
J2714,I6336,21787.0,21792.0,green,4
J697,I236,400.0,401.0,green,1
J1248,I2177,5596.0,5607.0,green,5
J1248,I4160,13137.0,13142.0,green,1
J3948,I3568,10597.0,10598.0,red,1
J3948,I3600,10696.0,10698.0,green,1
J3948,I3664,10940.0,10949.0,red,1
J3948,I3728,11228.0,11236.0,brown,3
J2680,I3397,9948.0,9958.0,red,1
J2680,I3622,10778.0,10783.0,green,1
J2680,I3877,11874.0,11880.0,brown,3
J2680,I3910,12026.0,12035.0,green,1
J1518,I1678,3914.0,3918.0,green,1
J1518,I6735,23180.0,23186.0,green,1
J1518,I6878,23761.0,23766.0,brown,1
J1518,I6958,24067.0,24071.0,brown,1
J1518,I7247,25018.0,25020.0,green,1
J1518,I7337,25317.0,25319.0,green,1
J129,I284,487.0,490.0,green,1
J129,I3980,12329.0,12337.0,brown,3
J4249,I6694,23045.0,23048.0,green,1
J4249,I6725,23140.0,23146.0,brown,1
J4249,I6790,23378.0,23386.0,green,3
J2076,I1579,3587.0,3590.0,green,1
J2076,I6554,22547.0,22549.0,green,1
J2076,I6977,24144.0,24149.0,brown,1
J2076,I6991,24198.0,24202.0,brown,1
J2363,I3517,10416.0,10417.0,green,1
J2363,I3709,11149.0,11155.0,green,1
J366,I2594,7005.0,7007.0,brown,1
J3746,I3808,11589.0,11591.0,green,1
J3746,I7650,26240.0,26241.0,brown,1
J3746,I7809,26696.0,26706.0,green,2
J2176,I6816,23508.0,23512.0,green,1
J3719,I5942,20268.0,20272.0,green,3
J3719,I6006,20525.0,20530.0,green,2
J4865,I1013,2124.0,2127.0,red,1
J4865,I8342,28152.0,28153.0,green,1
J4865,I8470,28456.0,28459.0,brown,2
J4865,I8534,28605.0,28613.0,brown,1
J4865,I8562,28684.0,28691.0,green,1
J943,I2753,7563.0,7565.0,green,1
J943,I4353,13881.0,13886.0,green,1
J943,I6281,21558.0,21569.0,green,2
J2927,I2494,6667.0,6677.0,green,3
J2927,I5278,17650.0,17651.0,brown,1
J2927,I7199,24840.0,24844.0,green,1
J960,I1896,4612.0,4613.0,brown,1
J1738,I4742,15482.0,15485.0,green,1
J1738,I6213,21349.0,21351.0,brown,2
J1738,I8142,27648.0,27652.0,green,2
J2820,I4860,15977.0,15978.0,brown,1
J2820,I5757,19575.0,19576.0,green,1
J2820,I5789,19688.0,19693.0,green,1
J2820,I6333,21767.0,21775.0,green,1
J3800,I4739,15472.0,15476.0,green,2
J3800,I4930,16260.0,16261.0,brown,1
J3800,I8131,27604.0,27606.0,green,2
J3981,I6364,21892.0,21894.0,brown,2
J3981,I6396,21994.0,21998.0,brown,1
J3981,I7860,26861.0,26862.0,brown,1
J3981,I7932,27053.0,27057.0,brown,1
J4369,I8541,28625.0,28629.0,brown,2
J4369,I8637,28858.0,28861.0,brown,1
J534,I864,1782.0,1783.0,green,1
J534,I896,1853.0,1855.0,brown,2
J534,I1089,2332.0,2335.0,green,1
J534,I1506,3399.0,3400.0,green,1
J4872,I2765,7599.0,7609.0,green,2
J4872,I8813,29248.0,29249.0,brown,1
J1597,I853,1744.0,1749.0,brown,1
J1597,I3948,12207.0,12215.0,green,1
J4785,I308,531.0,533.0,brown,2
J4785,I916,1888.0,1898.0,brown,1
J4785,I5941,20267.0,20268.0,green,1
J4785,I6709,23092.0,23095.0,green,1
J4785,I8493,28515.0,28516.0,green,1
J4458,I6252,21454.0,21456.0,green,2
J4458,I7700,26372.0,26373.0,brown,1
J4458,I7708,26390.0,26392.0,green,1
J4458,I7910,26998.0,27000.0,brown,1
J1931,I3171,9122.0,9132.0,green,1
J1931,I3172,9132.0,9142.0,green,2
J1931,I3235,9365.0,9367.0,green,1
J1931,I3299,9609.0,9613.0,brown,2
J4583,I8103,27507.0,27513.0,green,2
J4583,I8456,28426.0,28430.0,green,3
J4583,I8480,28476.0,28482.0,green,1
J688,I1833,4410.0,4414.0,green,2
J688,I5267,17615.0,17617.0,brown,1
J688,I5327,17864.0,17872.0,brown,1
J688,I5822,19793.0,19800.0,green,1
J102,I93,133.0,134.0,brown,1
J102,I103,145.0,146.0,brown,1
J102,I200,327.0,329.0,green,1
J102,I553,1028.0,1033.0,red,1
J1559,I2908,8094.0,8104.0,brown,1
J1559,I3068,8694.0,8704.0,green,1
J1559,I3836,11698.0,11702.0,brown,2
J1559,I4380,13987.0,13997.0,green,1
J4537,I5574,18826.0,18835.0,brown,1
J369,I5865,19942.0,19948.0,green,1
J369,I7785,26630.0,26633.0,green,1
J369,I8532,28600.0,28604.0,brown,1
J1263,I1303,2865.0,2868.0,red,1
J1263,I3288,9562.0,9568.0,green,1
J1263,I6972,24125.0,24133.0,green,2
J4958,I2914,8121.0,8122.0,green,1
J4958,I4578,14817.0,14818.0,brown,1
J4958,I6051,20728.0,20730.0,green,2
J4958,I8915,29452.0,29453.0,green,1
J4958,I9123,29828.0,29829.0,green,1
J1833,I2777,7639.0,7645.0,red,1
J1833,I6586,22672.0,22687.0,green,1
J1833,I7105,24570.0,24572.0,brown,2
J3807,I5559,18757.0,18758.0,brown,1
J3807,I6168,21165.0,21171.0,green,4
J4776,I6183,21257.0,21261.0,brown,1
J4776,I6600,22746.0,22750.0,green,1
J4776,I7304,25225.0,25227.0,green,2
J4776,I7368,25420.0,25424.0,green,2
J249,I564,1065.0,1067.0,green,1
J249,I916,1888.0,1898.0,brown,1
J249,I1333,2943.0,2947.0,green,2
J249,I2293,6002.0,6013.0,green,1
J249,I2309,6063.0,6066.0,green,1
J2788,I4639,15051.0,15053.0,green,2
J2788,I4671,15181.0,15182.0,green,1
J2788,I4672,15182.0,15184.0,green,1
J2788,I4705,15332.0,15333.0,green,1
J3293,I2152,5489.0,5496.0,green,1
J3293,I6377,21937.0,21939.0,green,1
J798,I500,927.0,928.0,brown,1
J798,I1141,2452.0,2461.0,green,2
J798,I2165,5547.0,5554.0,green,1
J798,I4381,13997.0,14001.0,green,1
J4266,I5240,17509.0,17511.0,green,2
J4266,I5784,19670.0,19675.0,green,1
J4266,I5816,19776.0,19777.0,green,1
J3901,I1511,3415.0,3417.0,green,1
J3901,I8520,28568.0,28572.0,green,2
J3901,I8680,28964.0,28967.0,green,1
J2662,I3914,12052.0,12059.0,green,1
J2662,I7114,24611.0,24614.0,brown,1
J2662,I7146,24694.0,24696.0,brown,1
J2662,I7371,25428.0,25430.0,green,2
J2662,I7723,26414.0,26421.0,green,1
J4668,I2804,7733.0,7736.0,brown,1
J4668,I2836,7847.0,7848.0,green,1
J4668,I3860,11807.0,11817.0,brown,2
J4668,I4692,15273.0,15276.0,brown,1
J4668,I7285,25165.0,25181.0,green,1
J2257,I1396,3108.0,3110.0,brown,1
J2257,I2197,5683.0,5688.0,green,2
J2257,I4158,13118.0,13134.0,green,1
J2257,I4381,13997.0,14001.0,green,2
J4006,I3406,9999.0,10003.0,green,1
J4006,I3469,10240.0,10241.0,red,1
J4006,I3694,11082.0,11091.0,green,2
J4006,I5038,16717.0,16726.0,green,2
J4216,I5710,19351.0,19370.0,green,2
J4216,I6606,22763.0,22768.0,green,2
J4216,I7693,26349.0,26357.0,brown,1
J4216,I8156,27689.0,27691.0,green,1
J1336,I1380,3071.0,3072.0,brown,1
J1336,I1413,3156.0,3160.0,red,1
J1336,I5029,16674.0,16683.0,green,1
J1336,I6325,21748.0,21752.0,green,1
J1336,I6373,21917.0,21919.0,green,1
J4287,I1479,3342.0,3346.0,brown,3
J4287,I4519,14539.0,14545.0,brown,1
J4287,I7271,25095.0,25108.0,brown,1
J4287,I8072,27426.0,27427.0,green,1
J1344,I2862,7933.0,7934.0,green,1
J1344,I3182,9169.0,9173.0,brown,2
J1344,I6526,22453.0,22455.0,brown,1
J1344,I7209,24875.0,24885.0,green,2
J981,I7121,24625.0,24628.0,green,1
J981,I7633,26183.0,26187.0,green,1
J981,I8105,27515.0,27523.0,green,2
J4777,I1848,4461.0,4462.0,red,1
J4777,I1880,4555.0,4558.0,red,1
J4777,I7321,25281.0,25289.0,brown,1
J4296,I1699,3992.0,3998.0,red,1
J4296,I4740,15476.0,15477.0,green,1
J4296,I4836,15860.0,15863.0,green,1
J4296,I7908,26994.0,26996.0,green,1
J1486,I642,1235.0,1236.0,green,1
J1486,I707,1411.0,1416.0,red,1
J1486,I5379,18075.0,18090.0,green,3
J3434,I1931,4710.0,4716.0,red,1
J3434,I2859,7921.0,7924.0,brown,3
J3434,I6444,22161.0,22165.0,green,2
J2677,I1450,3268.0,3270.0,red,1
J2677,I1514,3420.0,3424.0,green,1
J2677,I2987,8393.0,8395.0,green,1
J2677,I3339,9743.0,9746.0,green,1
J2677,I5502,18520.0,18526.0,brown,1
J1772,I915,1886.0,1888.0,brown,2
J1772,I1043,2209.0,2211.0,green,1
J1772,I1907,4638.0,4641.0,brown,1
J1772,I4696,15286.0,15294.0,green,1
J1772,I4756,15534.0,15543.0,green,1
J991,I1762,4206.0,4208.0,brown,2
J991,I1794,4290.0,4291.0,brown,1
J991,I2051,5157.0,5163.0,green,1
J991,I4739,15472.0,15476.0,green,1
J4225,I4902,16161.0,16164.0,green,1
J4225,I5094,16921.0,16926.0,green,2
J4225,I6310,21671.0,21679.0,green,1
J570,I144,219.0,220.0,green,1
J570,I208,341.0,344.0,green,3
J570,I689,1369.0,1372.0,green,2
J3521,I4310,13694.0,13697.0,brown,1
J3521,I4374,13963.0,13965.0,green,2
J3521,I4503,14489.0,14493.0,red,1
J148,I452,824.0,826.0,brown,1
J148,I485,898.0,899.0,green,1
J148,I678,1345.0,1346.0,green,1
J148,I1750,4153.0,4160.0,green,1
J482,I1373,3047.0,3054.0,brown,2
J482,I2685,7344.0,7345.0,brown,1
J482,I4718,15381.0,15384.0,green,2
J2054,I4583,14828.0,14839.0,green,2
J2054,I7719,26408.0,26410.0,green,1
J2054,I8154,27685.0,27687.0,green,1
J1112,I1462,3313.0,3315.0,brown,2
J1112,I1751,4160.0,4167.0,green,1
J4448,I5886,20062.0,20063.0,brown,1
J4448,I6206,21330.0,21331.0,brown,1
J4448,I6366,21895.0,21899.0,brown,2
J4161,I4999,16552.0,16555.0,green,1
J4161,I5031,16691.0,16695.0,green,1
J4161,I6918,23932.0,23935.0,brown,1
J4161,I7366,25414.0,25416.0,brown,1
J3117,I1970,4857.0,4861.0,red,1
J3117,I2002,4955.0,4957.0,green,1
J3117,I6019,20575.0,20591.0,green,4
J1622,I3934,12145.0,12162.0,green,1
J1622,I3943,12184.0,12187.0,green,2
J103,I2609,7055.0,7069.0,green,1
J103,I2738,7514.0,7522.0,green,2
J103,I2897,8059.0,8065.0,brown,1
J2737,I2820,7795.0,7800.0,brown,3
J2737,I5669,19225.0,19228.0,green,3
J4231,I4472,14344.0,14345.0,red,1
J4231,I5241,17511.0,17520.0,green,1
J4231,I5857,19900.0,19912.0,green,3
J4231,I6457,22224.0,22235.0,green,1
J3259,I3550,10533.0,10541.0,brown,1
J3259,I3582,10632.0,10636.0,red,1
J3259,I3711,11156.0,11162.0,green,1
J3259,I6441,22147.0,22152.0,green,1
J3259,I6783,23362.0,23364.0,green,2
J802,I240,405.0,406.0,green,1
J802,I560,1051.0,1056.0,green,1
J802,I2513,6737.0,6744.0,green,2
J802,I6129,21036.0,21039.0,green,2
J2579,I3877,11874.0,11880.0,brown,1
J2579,I8117,27562.0,27570.0,green,1
J1654,I3896,11952.0,11958.0,green,1
J1654,I6264,21502.0,21512.0,green,2
J3781,I4049,12640.0,12644.0,green,1
J3781,I6786,23369.0,23371.0,green,1
J3781,I7522,25885.0,25887.0,green,1
J3781,I7890,26954.0,26956.0,green,1
J2747,I486,899.0,900.0,green,1
J2747,I2278,5939.0,5946.0,green,1
J2747,I3271,9505.0,9507.0,green,1
J2747,I5699,19312.0,19317.0,green,2
J2747,I5871,19995.0,20000.0,green,1
J380,I175,281.0,282.0,green,1
J380,I176,282.0,284.0,green,1
J380,I2032,5071.0,5080.0,green,1
J2088,I2307,6053.0,6060.0,green,3
J2088,I2338,6139.0,6141.0,brown,1
J2088,I2498,6684.0,6689.0,green,1
J4499,I6890,23822.0,23824.0,brown,1
J4499,I9003,29606.0,29612.0,green,2
J3591,I1161,2505.0,2506.0,red,1
J3591,I1545,3499.0,3500.0,red,1
J3591,I2345,6161.0,6166.0,brown,1
J3591,I4330,13773.0,13780.0,green,1
J3591,I6622,22837.0,22842.0,brown,1
J855,I4444,14239.0,14251.0,green,2
J855,I4728,15410.0,15420.0,green,1
J2141,I2672,7295.0,7300.0,red,1
J2141,I2865,7945.0,7953.0,green,1
J2141,I5873,20001.0,20002.0,green,1
J2141,I7201,24847.0,24852.0,green,1
J2141,I7297,25201.0,25205.0,green,1
J2141,I7441,25668.0,25669.0,green,1
J2423,I2695,7364.0,7368.0,red,3
J2423,I7080,24485.0,24499.0,brown,1
J642,I269,454.0,459.0,green,1
J642,I1086,2323.0,2329.0,green,2
J4055,I3298,9603.0,9609.0,brown,1
J4055,I7106,24572.0,24579.0,brown,2
J4055,I7203,24853.0,24862.0,green,1
J1871,I1317,2898.0,2908.0,green,1
J1871,I6326,21752.0,21758.0,green,2
J1871,I7781,26621.0,26623.0,brown,2
J1871,I8578,28717.0,28720.0,green,1
J2195,I3308,9638.0,9641.0,green,1
J2195,I3340,9746.0,9753.0,green,1
J2195,I3403,9987.0,9994.0,green,1
J3993,I4811,15747.0,15749.0,brown,1
J3993,I4844,15903.0,15910.0,green,3
J3993,I5644,19138.0,19141.0,green,1
J76,I146,221.0,222.0,green,1
J76,I339,584.0,588.0,brown,2
J76,I4403,14077.0,14080.0,green,1
J2591,I4060,12719.0,12726.0,brown,1
J2591,I4733,15446.0,15457.0,green,2
J2591,I6525,22450.0,22453.0,green,2
J2591,I7965,27135.0,27141.0,green,1
J3474,I3922,12098.0,12116.0,green,1
J3474,I4819,15785.0,15792.0,green,1
J3474,I6549,22521.0,22538.0,green,1
J598,I7104,24567.0,24570.0,brown,3
J598,I7136,24668.0,24670.0,brown,1
J598,I8864,29347.0,29349.0,brown,1
J1999,I554,1033.0,1040.0,red,1
J1999,I4267,13571.0,13576.0,green,1
J1999,I5323,17856.0,17859.0,green,2
J1999,I5747,19530.0,19534.0,brown,1
J2225,I4238,13448.0,13451.0,red,2
J2225,I8239,27900.0,27902.0,green,1
J2225,I8271,27977.0,27980.0,green,3
J1035,I1433,3221.0,3222.0,red,1
J1035,I1529,3460.0,3462.0,brown,1
J1035,I1721,4078.0,4079.0,red,1
J1035,I1817,4370.0,4372.0,red,1
J1035,I4393,14026.0,14039.0,brown,1
J1035,I6818,23514.0,23520.0,green,1
J3100,I4110,12876.0,12878.0,green,1
J3100,I6510,22410.0,22414.0,brown,1
J3100,I7215,24909.0,24911.0,green,1
J3260,I4419,14140.0,14146.0,green,3
J3260,I5635,19088.0,19105.0,green,1
J2748,I1336,2950.0,2952.0,green,1
J2748,I1367,3028.0,3031.0,red,3
J2748,I6356,21861.0,21867.0,brown,1
J145,I395,707.0,716.0,green,1
J145,I459,835.0,838.0,red,1
J145,I5708,19345.0,19347.0,green,2
J145,I6462,22243.0,22248.0,brown,2
J1224,I2511,6725.0,6731.0,green,2
J1224,I2512,6731.0,6737.0,green,2
J411,I1175,2534.0,2540.0,green,1
J411,I7031,24334.0,24337.0,brown,1
J411,I8152,27676.0,27684.0,green,1
J411,I8839,29296.0,29298.0,brown,1
J411,I8955,29527.0,29528.0,brown,1
J1608,I3123,8930.0,8932.0,green,1
J1608,I3219,9320.0,9321.0,green,1
J1608,I3315,9660.0,9667.0,brown,2
J1608,I3795,11515.0,11523.0,green,1
J2198,I1599,3646.0,3650.0,green,3
J2198,I2495,6677.0,6678.0,green,1
J4539,I4284,13618.0,13631.0,brown,3
J4539,I7932,27053.0,27057.0,brown,1
J4139,I5762,19597.0,19602.0,green,1
J4139,I5889,20071.0,20077.0,brown,1
J4139,I7746,26494.0,26500.0,green,2
J4661,I68,94.0,96.0,red,1
J4661,I8452,28416.0,28417.0,brown,1
J4661,I8461,28438.0,28440.0,green,1
J4661,I8549,28643.0,28647.0,green,1
J259,I3190,9210.0,9219.0,green,1
J259,I3286,9552.0,9559.0,green,4
J259,I4565,14755.0,14761.0,green,1
J4111,I5301,17751.0,17761.0,green,2
J4561,I3615,10754.0,10755.0,brown,1
J4561,I3711,11156.0,11162.0,green,1
J4561,I5055,16770.0,16778.0,brown,2
J4561,I8064,27400.0,27404.0,green,1
J4561,I8160,27699.0,27706.0,green,1
J4197,I3315,9660.0,9667.0,brown,2
J4197,I3603,10703.0,10714.0,green,2
J4497,I6363,21890.0,21892.0,brown,2
J4497,I7451,25699.0,25702.0,brown,2
J2333,I4302,13672.0,13674.0,brown,1
J2333,I5759,19579.0,19584.0,green,1
J3437,I4925,16245.0,16253.0,green,5
J3437,I5629,19061.0,19064.0,green,1
J3169,I4313,13703.0,13709.0,brown,2
J3169,I4346,13832.0,13834.0,green,1
J213,I365,643.0,644.0,green,1
J213,I1359,3004.0,3005.0,brown,1
J213,I2466,6588.0,6594.0,green,1
J213,I2640,7194.0,7202.0,green,1
J2992,I2870,7963.0,7966.0,green,1
J2992,I2902,8076.0,8078.0,red,1
J2992,I3447,10134.0,10139.0,green,2
J2952,I2842,7868.0,7876.0,green,1
J2952,I4667,15169.0,15173.0,green,1
J2952,I5243,17522.0,17532.0,green,1
J1205,I2119,5371.0,5372.0,green,1
J1205,I2151,5488.0,5489.0,green,1
J1205,I2215,5735.0,5750.0,green,1
J1205,I2279,5946.0,5950.0,green,1
J1205,I2697,7379.0,7387.0,red,1
J1205,I6324,21743.0,21748.0,green,1
J3564,I4577,14810.0,14817.0,brown,2
J3564,I6590,22696.0,22701.0,green,1
J3132,I1955,4796.0,4802.0,red,2
J3132,I4515,14520.0,14526.0,brown,2
J3132,I6915,23913.0,23921.0,brown,1
J3132,I7748,26501.0,26502.0,green,1
J845,I1348,2974.0,2987.0,green,4
J845,I1619,3725.0,3735.0,brown,1
J845,I1908,4641.0,4643.0,brown,1
J3021,I3990,12374.0,12377.0,green,1
J3021,I4022,12528.0,12538.0,green,2
J3021,I5870,19979.0,19995.0,green,3
J2153,I3059,8656.0,8661.0,green,3
J2153,I3187,9200.0,9202.0,green,1
J2153,I3539,10493.0,10495.0,green,1
J2153,I4020,12520.0,12522.0,green,1
J3178,I4552,14703.0,14706.0,green,1
J3178,I4584,14839.0,14843.0,green,3
J4674,I4329,13763.0,13773.0,green,1
J4674,I7112,24599.0,24605.0,brown,1
J4674,I8057,27385.0,27389.0,green,2
J4674,I8402,28302.0,28312.0,green,2
J3928,I6177,21229.0,21237.0,green,1
J3928,I6306,21660.0,21665.0,green,2
J3928,I6466,22258.0,22264.0,green,1
J1960,I1490,3371.0,3372.0,red,1
J1960,I1650,3820.0,3829.0,brown,1
J3094,I2313,6071.0,6075.0,red,2
J3094,I6154,21111.0,21113.0,green,1
J4538,I5531,18616.0,18623.0,brown,3
J4538,I5660,19191.0,19194.0,green,1
J4538,I7132,24656.0,24659.0,green,1
J4538,I8948,29513.0,29517.0,green,1
J2958,I4844,15903.0,15910.0,green,1
J2958,I5068,16818.0,16819.0,brown,1
J1633,I934,1936.0,1938.0,red,1
J1633,I7399,25515.0,25520.0,green,1
J1633,I8710,29025.0,29026.0,brown,1
J1633,I8742,29087.0,29090.0,brown,2
J1633,I9007,29619.0,29621.0,green,1
J3459,I2062,5192.0,5198.0,red,1
J3459,I4078,12785.0,12786.0,brown,1
J3459,I4142,13037.0,13040.0,brown,1
J3459,I7279,25144.0,25145.0,brown,1
J3459,I7907,26992.0,26994.0,green,1
J1953,I3122,8924.0,8930.0,green,2
J1953,I3185,9177.0,9199.0,green,1
J1953,I3761,11406.0,11410.0,green,2
J1422,I2592,6993.0,7000.0,green,2
J1422,I5001,16562.0,16569.0,green,2
J1422,I5104,16983.0,16990.0,brown,1
J1736,I3444,10131.0,10132.0,green,1
J1736,I3445,10132.0,10133.0,green,1
J1736,I3510,10396.0,10398.0,green,2
J1736,I3541,10498.0,10501.0,green,1
J1736,I3637,10827.0,10829.0,green,1
J4536,I7895,26965.0,26966.0,green,1
J4536,I7959,27119.0,27127.0,green,5
J935,I1760,4188.0,4203.0,brown,4
J935,I2177,5596.0,5607.0,green,1
J935,I4897,16144.0,16147.0,green,1
J2504,I4917,16212.0,16217.0,green,1
J2504,I5236,17500.0,17504.0,brown,1
J2504,I6709,23092.0,23095.0,green,1
J4322,I4195,13287.0,13291.0,brown,2
J4322,I7075,24474.0,24476.0,green,1
J4322,I8835,29288.0,29292.0,brown,1
J3491,I4516,14526.0,14537.0,brown,1
J3491,I4613,14925.0,14932.0,green,1
J3491,I6437,22124.0,22133.0,green,3
J3491,I7301,25211.0,25222.0,green,1
J2559,I4381,13997.0,14001.0,green,1
J2559,I4413,14124.0,14126.0,brown,1
J2559,I4446,14254.0,14257.0,green,1
J2559,I4542,14658.0,14661.0,green,1
J2559,I5327,17864.0,17872.0,brown,2
J194,I628,1200.0,1201.0,green,1
J194,I660,1278.0,1281.0,green,1
J194,I661,1281.0,1285.0,green,3
J194,I1141,2452.0,2461.0,green,1
J921,I1193,2584.0,2586.0,green,1
J921,I2090,5290.0,5293.0,green,1
J921,I4250,13478.0,13480.0,green,1
J921,I4762,15566.0,15568.0,green,1
J1727,I541,1001.0,1003.0,brown,1
J1727,I637,1221.0,1224.0,red,1
J1727,I3037,8560.0,8561.0,brown,1
J1727,I3502,10367.0,10369.0,green,1
J4250,I6318,21714.0,21727.0,green,4
J4250,I7438,25664.0,25665.0,green,1
J335,I856,1758.0,1759.0,brown,1
J335,I4953,16339.0,16341.0,green,2
J335,I5593,18893.0,18904.0,green,1
J4015,I5301,17751.0,17761.0,green,1
J4015,I5558,18755.0,18757.0,brown,1
J4015,I6710,23095.0,23098.0,green,1
J4015,I6810,23470.0,23487.0,green,1
J4015,I7862,26863.0,26867.0,brown,1
J4452,I2175,5587.0,5595.0,green,1
J4452,I5664,19202.0,19205.0,green,1
J4452,I7935,27065.0,27066.0,brown,1
J4452,I8639,28863.0,28872.0,brown,2
J4452,I8831,29281.0,29284.0,brown,1
J2539,I2939,8191.0,8192.0,brown,1
J2539,I2971,8311.0,8313.0,brown,1
J2539,I3068,8694.0,8704.0,green,3
J2539,I5860,19919.0,19924.0,green,1
J3942,I5766,19610.0,19612.0,green,1
J3942,I5863,19939.0,19941.0,green,2
J3942,I6311,21679.0,21680.0,green,1
J3942,I6728,23157.0,23161.0,brown,1
J4853,I3874,11860.0,11863.0,brown,3
J4853,I8595,28758.0,28759.0,green,1
J1456,I2765,7599.0,7609.0,green,2
J1456,I4845,15910.0,15921.0,brown,1
J1456,I7181,24782.0,24783.0,brown,1
J1456,I8252,27938.0,27939.0,green,1
J3344,I2082,5262.0,5265.0,red,1
J3344,I5507,18531.0,18539.0,green,1
J3344,I5635,19088.0,19105.0,green,3
J3344,I6122,20998.0,21009.0,brown,1
J890,I1043,2209.0,2211.0,green,1
J890,I1138,2448.0,2449.0,green,1
J890,I1235,2695.0,2697.0,green,1
J890,I1652,3832.0,3835.0,brown,3
J2448,I2822,7804.0,7806.0,brown,2
J2448,I5295,17717.0,17721.0,green,3
J2448,I5405,18193.0,18201.0,green,1
J1902,I4352,13852.0,13881.0,green,1
J1902,I5760,19584.0,19589.0,green,1
J1902,I8480,28476.0,28482.0,green,2
J1902,I8748,29100.0,29103.0,green,2
J1360,I6567,22602.0,22609.0,green,4
J1360,I6951,24024.0,24034.0,green,1
J1360,I6982,24160.0,24167.0,brown,1
J4905,I4992,16523.0,16525.0,green,2
J4905,I5056,16778.0,16782.0,brown,1
J4905,I5216,17407.0,17415.0,green,2
J4905,I6816,23508.0,23512.0,green,1
J1964,I2315,6077.0,6081.0,red,3
J1964,I3276,9518.0,9525.0,brown,3
J3554,I4547,14672.0,14675.0,brown,1
J3554,I4772,15609.0,15617.0,green,2
J3554,I4804,15708.0,15719.0,green,3
J859,I3309,9641.0,9648.0,green,3
J859,I6173,21189.0,21198.0,green,2
J859,I6554,22547.0,22549.0,green,1
J1249,I1099,2350.0,2353.0,red,3
J1249,I1131,2427.0,2428.0,red,1
J1249,I2220,5765.0,5771.0,green,1
J1249,I2668,7273.0,7276.0,green,1
J1371,I1991,4915.0,4917.0,green,1
J1371,I1992,4917.0,4920.0,green,1
J1371,I2087,5271.0,5282.0,green,1
J1371,I4172,13187.0,13197.0,green,3
J4447,I4196,13291.0,13296.0,brown,3
J4447,I4292,13655.0,13657.0,brown,2
J4447,I8485,28492.0,28496.0,green,1
J3714,I2658,7248.0,7254.0,green,1
J3714,I2817,7786.0,7790.0,brown,1
J3714,I2913,8117.0,8121.0,red,1
J3714,I3938,12173.0,12175.0,green,1
J3714,I4642,15060.0,15063.0,green,1
J3714,I5921,20174.0,20185.0,brown,1
J2421,I566,1068.0,1070.0,green,1
J2421,I6494,22336.0,22340.0,brown,1
J3246,I5710,19351.0,19370.0,green,2
J3246,I7469,25758.0,25759.0,brown,1
J3246,I8562,28684.0,28691.0,green,1
J1049,I2101,5321.0,5323.0,red,1
J1049,I2165,5547.0,5554.0,green,1
J1049,I2982,8367.0,8389.0,green,4
J100,I261,440.0,441.0,green,1
J100,I262,441.0,445.0,green,1
J100,I294,503.0,505.0,red,1
J100,I357,622.0,624.0,green,1
J100,I1317,2898.0,2908.0,green,2
J4559,I4060,12719.0,12726.0,brown,3
J4559,I7581,26037.0,26040.0,green,2
J4559,I7957,27116.0,27117.0,green,1
J1882,I4055,12678.0,12679.0,brown,1
J1882,I5308,17798.0,17808.0,green,3
J3040,I3710,11155.0,11156.0,green,1
J3040,I7295,25197.0,25198.0,green,1
J3040,I7927,27037.0,27040.0,green,1
J3040,I7967,27142.0,27146.0,green,2
J3040,I7991,27204.0,27207.0,green,1
J3401,I4614,14932.0,14939.0,green,1
J3401,I6502,22376.0,22387.0,green,1
J3401,I8566,28698.0,28701.0,green,1
J3401,I8678,28962.0,28963.0,green,1
J3401,I8748,29100.0,29103.0,green,1
J1235,I3931,12135.0,12139.0,green,1
J1235,I4380,13987.0,13997.0,green,2
J1235,I4524,14567.0,14575.0,green,1
J1235,I4828,15815.0,15816.0,green,1
J1235,I5596,18908.0,18910.0,green,1
J2273,I7092,24530.0,24539.0,green,1
J2273,I7348,25356.0,25360.0,green,2
J497,I794,1602.0,1606.0,brown,1
J497,I858,1761.0,1763.0,red,1
J497,I923,1915.0,1918.0,green,1
J497,I1146,2475.0,2476.0,green,1
J497,I5586,18876.0,18878.0,green,2
J4258,I5813,19764.0,19772.0,green,1
J4258,I7349,25360.0,25363.0,green,3
J4258,I7413,25566.0,25573.0,green,1
J4859,I2642,7204.0,7208.0,green,3
J4859,I8210,27824.0,27832.0,brown,3
J4267,I6893,23836.0,23846.0,brown,3
J4267,I8878,29376.0,29380.0,green,1
J255,I705,1402.0,1410.0,green,2
J255,I735,1475.0,1476.0,red,1
J255,I801,1621.0,1622.0,brown,1
J255,I1761,4203.0,4206.0,brown,2
J2451,I1129,2424.0,2425.0,red,1
J2451,I3241,9384.0,9387.0,brown,1
J2451,I3881,11899.0,11901.0,brown,1
J2451,I6090,20872.0,20876.0,green,2
J3416,I6126,21023.0,21032.0,brown,1
J3416,I7791,26646.0,26649.0,green,1
J911,I2220,5765.0,5771.0,green,1
J911,I2515,6745.0,6760.0,green,3
J911,I2815,7776.0,7784.0,brown,2
J1074,I3946,12197.0,12205.0,green,1
J1074,I5866,19948.0,19959.0,green,1
J3730,I6083,20846.0,20854.0,brown,2
J3730,I6148,21089.0,21091.0,green,2
J3761,I1639,3786.0,3788.0,brown,1
J3761,I6810,23470.0,23487.0,green,3
J3761,I7196,24832.0,24833.0,green,1
J2703,I4173,13197.0,13208.0,green,1
J2703,I4621,14982.0,14987.0,green,4
J2703,I5357,17969.0,17977.0,green,1
J4763,I7807,26688.0,26689.0,green,1
J4763,I8799,29212.0,29214.0,green,1
J4924,I4317,13717.0,13720.0,red,1
J4924,I5022,16650.0,16660.0,green,1
J4924,I8285,28006.0,28010.0,brown,1
J4924,I8637,28858.0,28861.0,brown,1
J4924,I8994,29592.0,29594.0,green,2
J4467,I3869,11847.0,11849.0,brown,1
J4467,I3901,11980.0,11982.0,green,1
J4467,I5790,19693.0,19697.0,green,2
J4467,I6558,22558.0,22559.0,green,1
J4467,I8238,27891.0,27900.0,green,1
J2219,I4141,13034.0,13037.0,green,1
J2219,I4813,15756.0,15766.0,brown,1
J2219,I7246,25017.0,25018.0,green,1
J2219,I7342,25334.0,25340.0,green,1
J2219,I7790,26643.0,26646.0,green,1
J2219,I8718,29038.0,29039.0,brown,1
J4799,I7301,25211.0,25222.0,green,1
J4799,I7589,26054.0,26055.0,green,1
J4799,I8133,27611.0,27614.0,brown,1
J4799,I8517,28564.0,28565.0,green,1
J4414,I4009,12458.0,12469.0,brown,1
J1522,I570,1079.0,1081.0,green,1
J1522,I571,1081.0,1082.0,green,1
J1522,I603,1154.0,1156.0,green,1
J2301,I3246,9400.0,9402.0,brown,1
J2301,I3343,9761.0,9764.0,green,2
J2364,I2853,7905.0,7906.0,green,1
J2364,I2885,8005.0,8006.0,green,1
J3469,I1608,3677.0,3680.0,brown,3
J3469,I1640,3788.0,3793.0,brown,2
J3469,I2952,8241.0,8251.0,green,1
J1652,I2523,6777.0,6778.0,red,1
J1652,I4188,13249.0,13269.0,green,1
J1652,I5020,16641.0,16646.0,green,1
J2548,I3620,10771.0,10775.0,green,1
J2548,I3684,11034.0,11041.0,green,1
J2548,I6916,23921.0,23931.0,green,1
J1538,I1744,4141.0,4145.0,green,1
J1538,I1840,4431.0,4436.0,red,1
J1538,I1968,4848.0,4856.0,red,2
J1538,I7209,24875.0,24885.0,green,2
J565,I367,645.0,647.0,green,2
J565,I1776,4239.0,4247.0,green,2
J4268,I3099,8827.0,8832.0,red,2
J4268,I4059,12703.0,12719.0,brown,3
J4268,I4156,13112.0,13116.0,green,1
J2770,I4721,15388.0,15390.0,green,1
J2770,I5009,16595.0,16601.0,brown,1
J3574,I5870,19979.0,19995.0,green,6
J2179,I2379,6282.0,6284.0,red,1
J2179,I3083,8751.0,8767.0,brown,2
J2179,I5932,20222.0,20223.0,green,1
J2179,I6716,23108.0,23110.0,green,1
J2179,I7212,24887.0,24893.0,green,1
J4280,I6379,21940.0,21943.0,green,1
J4280,I6411,22038.0,22041.0,green,2
J4280,I6587,22687.0,22688.0,green,1
J1499,I4818,15773.0,15785.0,green,1
J1499,I7634,26187.0,26193.0,green,1
J1499,I8146,27659.0,27662.0,green,2
J4716,I5024,16662.0,16664.0,green,1
J4716,I5312,17821.0,17827.0,brown,1
J4716,I6913,23910.0,23912.0,green,2
J4716,I6945,24000.0,24004.0,green,1
J4716,I8225,27864.0,27865.0,green,1
J1294,I7809,26696.0,26706.0,green,4
J1294,I8040,27339.0,27341.0,brown,1
J1294,I8117,27562.0,27570.0,green,1
J4096,I2698,7387.0,7388.0,red,1
J4096,I3531,10458.0,10467.0,green,1
J4096,I5226,17441.0,17446.0,brown,1
J4096,I6827,23573.0,23575.0,green,2
J4096,I7947,27089.0,27095.0,brown,1
J3009,I1658,3849.0,3851.0,brown,1
J3009,I1690,3970.0,3971.0,green,1
J3009,I1978,4874.0,4879.0,brown,2
J3009,I4123,12928.0,12933.0,green,1
J3009,I5391,18139.0,18147.0,green,1
J671,I2865,7945.0,7953.0,green,3
J671,I6178,21237.0,21247.0,green,2
J481,I1346,2970.0,2973.0,green,1
J481,I3938,12173.0,12175.0,green,1
J3276,I3333,9732.0,9733.0,green,1
J3276,I3397,9948.0,9958.0,red,1
J3276,I3941,12179.0,12181.0,green,1
J3276,I4133,12985.0,12995.0,green,2
J3276,I4549,14682.0,14691.0,green,1
J4805,I6979,24150.0,24151.0,brown,1
J4805,I7075,24474.0,24476.0,green,1
J4805,I7779,26617.0,26618.0,brown,1
J4805,I7939,27073.0,27077.0,brown,2
J4805,I8691,28990.0,28993.0,brown,1
J2953,I3853,11774.0,11780.0,red,2
J2953,I5870,19979.0,19995.0,green,1
J2953,I6290,21591.0,21596.0,green,1
J1302,I2493,6663.0,6667.0,green,1
J1302,I7550,25964.0,25971.0,green,3
J1302,I7933,27057.0,27064.0,brown,2
J3214,I4084,12801.0,12802.0,red,1
J3214,I4148,13069.0,13072.0,red,2
J3214,I5268,17617.0,17624.0,brown,1
J3214,I6549,22521.0,22538.0,green,2
J2649,I4200,13300.0,13303.0,brown,2
J2534,I3224,9335.0,9336.0,green,1
J2534,I3288,9562.0,9568.0,green,1
J2534,I4921,16223.0,16235.0,green,1
J1198,I2699,7388.0,7392.0,red,1
J1198,I5356,17965.0,17969.0,green,1
J1198,I6123,21009.0,21019.0,brown,2
J4550,I933,1932.0,1936.0,red,1
J4550,I2246,5829.0,5837.0,green,1
J4550,I7750,26505.0,26513.0,brown,3
J1045,I2351,6188.0,6189.0,brown,1
J1045,I2384,6303.0,6312.0,red,2
J1045,I5936,20234.0,20252.0,green,1
J1045,I7911,27000.0,27006.0,brown,1
J2547,I2806,7737.0,7743.0,green,1
J2547,I3639,10837.0,10846.0,green,1
J2547,I4711,15347.0,15359.0,green,2
J2547,I5142,17120.0,17129.0,brown,2
J420,I140,211.0,214.0,green,1
J420,I716,1424.0,1426.0,brown,1
J420,I939,1949.0,1955.0,red,3
J420,I4204,13321.0,13325.0,brown,1
J3351,I3574,10605.0,10606.0,brown,1
J3351,I4183,13235.0,13236.0,green,1
J3351,I7288,25184.0,25185.0,green,1
J3351,I7480,25776.0,25778.0,brown,1
J3070,I2915,8122.0,8127.0,green,2
J3070,I3298,9603.0,9609.0,brown,1
J3070,I5091,16902.0,16910.0,green,1
J2538,I4696,15286.0,15294.0,green,2
J2538,I4752,15521.0,15524.0,green,3
J2538,I4912,16201.0,16204.0,green,1
J1055,I1033,2184.0,2186.0,green,1
J1055,I1065,2273.0,2274.0,green,1
J1055,I2154,5498.0,5502.0,green,1
J1055,I3698,11099.0,11111.0,green,2
J1055,I3946,12197.0,12205.0,green,1
J820,I4401,14067.0,14076.0,green,3
J1202,I1167,2516.0,2518.0,red,1
J1202,I4432,14196.0,14211.0,green,1
J1202,I5136,17101.0,17103.0,green,2
J1202,I5392,18147.0,18148.0,green,1
J1202,I6993,24205.0,24207.0,brown,1
J3536,I5303,17768.0,17773.0,green,5
J1219,I1973,4863.0,4867.0,red,1
J1219,I2133,5419.0,5429.0,red,1
J1219,I2806,7737.0,7743.0,green,1
J1219,I2933,8173.0,8176.0,brown,1
J3449,I4949,16323.0,16330.0,green,1
J3449,I6549,22521.0,22538.0,green,2
J3449,I6805,23441.0,23446.0,green,1
J2501,I4938,16276.0,16282.0,green,4
J2501,I5034,16698.0,16705.0,green,1
J2501,I7113,24605.0,24611.0,brown,1
J2140,I3796,11523.0,11528.0,green,3
J757,I1719,4076.0,4077.0,red,1
J757,I1815,4366.0,4369.0,red,1
J757,I8348,28160.0,28165.0,green,1
J757,I8572,28707.0,28709.0,green,1
J3124,I5543,18670.0,18671.0,green,1
J3124,I5607,18946.0,18951.0,green,5
J1030,I1966,4842.0,4847.0,red,1
J1030,I2094,5300.0,5301.0,green,1
J1030,I2334,6132.0,6135.0,brown,1
J2075,I2494,6667.0,6677.0,green,1
J2075,I2526,6784.0,6787.0,red,2
J2075,I2654,7241.0,7242.0,green,1
J2075,I2943,8199.0,8207.0,red,1
J2075,I3870,11849.0,11850.0,brown,1
J3508,I744,1496.0,1498.0,red,1
J3508,I5593,18893.0,18904.0,green,1
J2661,I4839,15871.0,15874.0,green,3
J2661,I5097,16930.0,16938.0,green,2
J2661,I5167,17229.0,17239.0,brown,1
J3289,I5014,16620.0,16626.0,brown,3
J3289,I8683,28970.0,28973.0,green,1
J4969,I3000,8434.0,8438.0,red,1
J4969,I4056,12679.0,12690.0,brown,1
J4969,I4697,15294.0,15302.0,green,1
J4969,I8601,28765.0,28768.0,green,2
J4969,I9025,29651.0,29653.0,green,1
J4002,I3428,10069.0,10078.0,brown,1
J4002,I6437,22124.0,22133.0,green,1
J1549,I1988,4905.0,4909.0,green,1
J1549,I2021,5036.0,5041.0,green,1
J1549,I2117,5362.0,5369.0,green,1
J1549,I2148,5480.0,5481.0,green,1
J1549,I2309,6063.0,6066.0,green,1
J1549,I2340,6143.0,6146.0,brown,1
J4168,I2407,6403.0,6404.0,brown,1
J4168,I4263,13548.0,13565.0,brown,2
J4168,I8480,28476.0,28482.0,green,1
J1714,I532,988.0,989.0,brown,1
J1714,I884,1823.0,1826.0,brown,3
J1714,I1141,2452.0,2461.0,green,1
J1132,I1889,4584.0,4589.0,brown,2
J1132,I2017,5011.0,5026.0,green,1
J1132,I7618,26148.0,26149.0,green,1
J2063,I3118,8911.0,8916.0,green,2
J2063,I3150,9041.0,9047.0,red,2
J2063,I4399,14053.0,14061.0,green,2
J3300,I3622,10778.0,10783.0,green,1
J3300,I3878,11880.0,11881.0,brown,1
J3300,I4071,12758.0,12761.0,green,1
J3300,I4423,14152.0,14168.0,green,1
J4469,I7096,24548.0,24551.0,brown,2
J4469,I8856,29335.0,29337.0,brown,1
J4469,I8873,29360.0,29367.0,green,1
J4269,I5103,16977.0,16983.0,brown,5
J4269,I8496,28521.0,28522.0,green,1
J1750,I2509,6719.0,6722.0,green,1
J1750,I5038,16717.0,16726.0,green,3
J1750,I5138,17105.0,17109.0,green,1
J2888,I1246,2730.0,2733.0,green,1
J2888,I3134,8967.0,8976.0,green,1
J2888,I4703,15325.0,15329.0,green,1
J3477,I7532,25910.0,25914.0,green,1
J3477,I8564,28695.0,28697.0,green,1
J3477,I8715,29033.0,29036.0,brown,2
J3477,I8843,29304.0,29306.0,brown,1
J3477,I8880,29381.0,29382.0,green,1
J1702,I2842,7868.0,7876.0,green,4
J1702,I2873,7971.0,7975.0,brown,1
J1702,I4994,16529.0,16542.0,green,1
J2274,I1947,4775.0,4777.0,green,1
J2274,I1979,4879.0,4885.0,brown,1
J2274,I4059,12703.0,12719.0,brown,1
J2086,I5213,17401.0,17402.0,brown,1
J2086,I7358,25388.0,25390.0,green,1
J827,I1871,4526.0,4529.0,brown,1
J827,I2735,7503.0,7505.0,green,1
J827,I3120,8918.0,8922.0,green,2
J827,I3727,11219.0,11228.0,brown,1
J827,I4188,13249.0,13269.0,green,1
J1465,I981,2059.0,2060.0,green,1
J1465,I1909,4643.0,4649.0,brown,1
J1465,I1941,4749.0,4751.0,red,2
J2276,I3081,8748.0,8750.0,brown,1
J2276,I3177,9155.0,9159.0,brown,2
J2276,I3338,9739.0,9743.0,green,2
J2276,I3369,9861.0,9865.0,green,1
J1792,I2956,8263.0,8266.0,green,1
J1792,I3083,8751.0,8767.0,brown,1
J1792,I3724,11211.0,11213.0,brown,1
J1792,I4460,14302.0,14304.0,green,1
J1792,I6094,20888.0,20890.0,green,1
J1745,I3340,9746.0,9753.0,green,2
J1745,I3371,9866.0,9868.0,red,1
J1745,I3403,9987.0,9994.0,green,2
J1745,I3723,11201.0,11211.0,brown,1
J505,I536,992.0,994.0,brown,2
J505,I601,1149.0,1151.0,green,1
J4646,I8256,27951.0,27954.0,brown,1
J4646,I8673,28942.0,28953.0,green,3
J4646,I8993,29589.0,29592.0,green,2
J4264,I4859,15973.0,15977.0,brown,4
J4264,I7216,24911.0,24918.0,green,1
J4264,I7588,26053.0,26054.0,green,1
J3782,I3564,10585.0,10587.0,red,2
J3782,I3884,11913.0,11918.0,brown,2
J3782,I7857,26845.0,26852.0,green,2
J1918,I2172,5574.0,5577.0,green,1
J1918,I2268,5910.0,5917.0,red,3
J1918,I7773,26586.0,26587.0,green,1
J1918,I8093,27484.0,27487.0,green,1
J3947,I5466,18406.0,18413.0,green,5
J925,I2027,5055.0,5058.0,green,1
J925,I3500,10358.0,10364.0,green,4
J925,I6404,22012.0,22014.0,green,1
J2085,I2613,7083.0,7089.0,green,3
J2085,I4661,15152.0,15155.0,green,1
J2085,I5333,17888.0,17891.0,green,1
J2085,I5594,18904.0,18907.0,green,1
J1054,I1769,4220.0,4222.0,brown,2
J1054,I3498,10348.0,10355.0,green,1
J1800,I2311,6067.0,6069.0,green,1
J1800,I2503,6698.0,6700.0,green,1
J1800,I2887,8011.0,8015.0,green,1
J1800,I3815,11611.0,11612.0,green,1
J3257,I3012,8475.0,8479.0,red,1
J3257,I6501,22367.0,22376.0,green,3
J4178,I4781,15642.0,15643.0,brown,1
J4178,I4813,15756.0,15766.0,brown,3
J4178,I4845,15910.0,15921.0,brown,1
J1225,I2114,5352.0,5359.0,green,2
J1225,I2818,7790.0,7794.0,brown,1
J1225,I4258,13514.0,13527.0,green,1
J1225,I5666,19206.0,19214.0,green,1
J1225,I5759,19579.0,19584.0,green,1
J769,I1495,3380.0,3382.0,green,1
J769,I1527,3456.0,3458.0,brown,1
J769,I1655,3840.0,3843.0,brown,1
J769,I4375,13965.0,13967.0,green,1
J3291,I3886,11923.0,11926.0,brown,1
J3291,I6735,23180.0,23186.0,green,1
J3291,I6953,24037.0,24042.0,green,3
J1129,I1028,2162.0,2167.0,green,1
J1129,I1093,2339.0,2341.0,green,2
J1129,I2021,5036.0,5041.0,green,2
J1129,I2712,7422.0,7424.0,green,1
J815,I1239,2705.0,2706.0,brown,1
J815,I1271,2786.0,2788.0,brown,2
J815,I1335,2948.0,2950.0,green,1
J815,I1687,3947.0,3954.0,green,1
J815,I1783,4259.0,4264.0,green,1
J3868,I2782,7659.0,7661.0,red,2
J3868,I2878,7991.0,7994.0,red,3
J3868,I3102,8835.0,8837.0,red,1
J4069,I3088,8776.0,8780.0,red,1
J4069,I8208,27820.0,27823.0,brown,1
J4069,I8593,28751.0,28756.0,green,1
J4069,I8882,29383.0,29386.0,green,1
J4069,I8889,29394.0,29396.0,green,2
J4135,I5858,19912.0,19917.0,green,3
J4135,I6019,20575.0,20591.0,green,1
J4135,I6595,22723.0,22727.0,green,1
J3846,I4209,13343.0,13345.0,green,1
J3846,I4304,13679.0,13683.0,brown,3
J3846,I7297,25201.0,25205.0,green,1
J3846,I7857,26845.0,26852.0,green,1
J1050,I1888,4580.0,4584.0,brown,2
J1050,I1920,4672.0,4674.0,red,1
J1050,I2048,5141.0,5153.0,green,1
J1050,I7201,24847.0,24852.0,green,2
J2564,I2031,5063.0,5071.0,green,2
J2564,I2255,5868.0,5870.0,brown,2
J2564,I2288,5985.0,5988.0,green,1
J2564,I7168,24755.0,24756.0,green,1
J3207,I2774,7625.0,7628.0,red,2
J3207,I2871,7966.0,7970.0,green,1
J3207,I3319,9676.0,9679.0,brown,3
J492,I1066,2274.0,2275.0,green,1
J492,I1258,2763.0,2764.0,green,1
J492,I3691,11066.0,11077.0,green,2
J492,I4267,13571.0,13576.0,green,1
J567,I1188,2572.0,2575.0,green,1
J567,I1252,2751.0,2754.0,green,2
J567,I1445,3250.0,3259.0,green,1
J567,I1509,3404.0,3409.0,green,2
J1164,I1039,2201.0,2204.0,green,1
J1164,I1135,2440.0,2445.0,red,1
J1164,I1231,2672.0,2682.0,green,1
J4205,I5379,18075.0,18090.0,green,4
J3406,I4450,14269.0,14271.0,green,2
J3406,I4451,14271.0,14274.0,green,1
J3406,I4643,15063.0,15070.0,green,3
J2208,I3920,12093.0,12096.0,green,3
J2208,I3952,12222.0,12225.0,green,2
J2208,I4016,12505.0,12507.0,brown,1
J1764,I4731,15436.0,15444.0,green,5
J4107,I6615,22797.0,22802.0,green,1
J4107,I6902,23864.0,23867.0,brown,1
J4107,I7862,26863.0,26867.0,brown,2
J4107,I8151,27675.0,27676.0,green,1
J700,I502,930.0,931.0,brown,1
J700,I727,1455.0,1463.0,red,1
J700,I1175,2534.0,2540.0,green,2
J700,I5310,17813.0,17819.0,brown,1
J4767,I5296,17721.0,17726.0,green,1
J4767,I5328,17872.0,17875.0,green,3
J4767,I8756,29114.0,29117.0,brown,2
J2073,I1030,2169.0,2174.0,green,1
J2073,I2502,6695.0,6698.0,green,1
J2073,I3430,10081.0,10094.0,brown,1
J2073,I3806,11575.0,11580.0,green,1
J2073,I3814,11607.0,11611.0,green,1
J2073,I3822,11649.0,11654.0,green,1
J512,I794,1602.0,1606.0,brown,3
J512,I2043,5110.0,5114.0,green,2
J512,I2961,8274.0,8278.0,green,1
J3283,I3179,9160.0,9162.0,brown,2
J4862,I6532,22465.0,22469.0,brown,2
J4862,I8485,28492.0,28496.0,green,1
J4862,I8901,29422.0,29423.0,green,1
J2642,I4347,13834.0,13835.0,green,1
J2642,I4603,14898.0,14906.0,brown,3
J2642,I6875,23754.0,23759.0,brown,1
J1884,I2251,5855.0,5856.0,brown,1
J1884,I4068,12742.0,12749.0,green,3
J4339,I6687,23037.0,23038.0,red,1
J4339,I6752,23247.0,23249.0,green,1
J4339,I8170,27737.0,27739.0,brown,1
J4339,I8176,27752.0,27754.0,brown,1
J4339,I8192,27784.0,27787.0,brown,1
J4339,I8256,27951.0,27954.0,brown,1
J2265,I1632,3764.0,3765.0,brown,1
J2265,I3840,11717.0,11721.0,green,1
J2265,I4193,13282.0,13286.0,green,1
J2265,I5008,16587.0,16595.0,brown,3
J4851,I7702,26375.0,26378.0,brown,3
J4851,I8822,29263.0,29266.0,brown,1
J4851,I9003,29606.0,29612.0,green,2
J1076,I1198,2595.0,2596.0,green,1
J1076,I4815,15767.0,15768.0,green,1
J1076,I5167,17229.0,17239.0,brown,1
J1691,I4121,12913.0,12923.0,green,1
J2068,I3904,11990.0,12003.0,green,1
J2068,I4193,13282.0,13286.0,green,1
J2512,I2608,7045.0,7055.0,green,1
J2512,I4961,16385.0,16387.0,green,1
J2734,I5168,17239.0,17252.0,brown,1
J2734,I6449,22179.0,22191.0,green,2
J2734,I7601,26084.0,26086.0,green,1
J2734,I8624,28819.0,28826.0,brown,1
J2734,I8913,29445.0,29449.0,green,1
J2983,I3639,10837.0,10846.0,green,1
J2983,I5640,19123.0,19125.0,green,1
J2983,I5784,19670.0,19675.0,green,1
J2983,I6391,21973.0,21980.0,brown,1
J2885,I2801,7718.0,7726.0,brown,3
J2885,I7394,25491.0,25497.0,green,3
J2899,I1556,3525.0,3530.0,red,1
J2899,I1588,3608.0,3610.0,green,1
J2899,I3924,12117.0,12120.0,green,1
J2604,I4073,12768.0,12773.0,brown,1
J2604,I4105,12864.0,12867.0,green,1
J2604,I4170,13173.0,13180.0,green,1
J127,I133,199.0,202.0,green,2
J127,I166,263.0,264.0,green,1
J127,I422,770.0,772.0,green,1
J127,I487,900.0,904.0,green,1
J127,I518,963.0,965.0,green,1
J3186,I2708,7415.0,7417.0,green,2
J3186,I2740,7523.0,7525.0,green,1
J3186,I4981,16470.0,16483.0,green,2
J3186,I5589,18883.0,18888.0,green,1
J4479,I4149,13072.0,13083.0,red,1
J4479,I7126,24633.0,24635.0,green,1
J4479,I7845,26794.0,26797.0,brown,1
J4479,I7894,26961.0,26965.0,green,1
J150,I499,924.0,927.0,brown,1
J150,I596,1139.0,1141.0,green,1
J150,I660,1278.0,1281.0,green,1
J150,I1716,4064.0,4072.0,green,1
J150,I2004,4967.0,4969.0,green,1
J2528,I3987,12368.0,12370.0,green,1
J2528,I6708,23089.0,23092.0,green,2
J2528,I7128,24636.0,24645.0,green,2
J2528,I7251,25035.0,25036.0,brown,1
J745,I1009,2116.0,2120.0,red,1
J745,I1073,2290.0,2291.0,green,1
J745,I1105,2368.0,2370.0,green,1
J745,I4114,12884.0,12889.0,green,1
J745,I4158,13118.0,13134.0,green,2
J1948,I3693,11080.0,11082.0,green,1
J1948,I3709,11149.0,11155.0,green,2
J1948,I3741,11301.0,11315.0,green,2
J1948,I3869,11847.0,11849.0,brown,1
J1160,I1693,3975.0,3976.0,green,1
J1160,I6078,20821.0,20829.0,green,2
J1160,I6142,21063.0,21070.0,green,2
J3204,I4069,12749.0,12752.0,green,1
J3204,I4261,13536.0,13547.0,brown,3
J3204,I5414,18220.0,18222.0,green,1
J4570,I4572,14793.0,14794.0,green,1
J4570,I4637,15034.0,15049.0,green,1
J4570,I7452,25702.0,25703.0,brown,1
J4570,I8134,27614.0,27622.0,brown,1
J4570,I8284,28004.0,28006.0,brown,1
J4617,I7568,26008.0,26010.0,green,2
J575,I459,835.0,838.0,red,1
J575,I6828,23575.0,23582.0,green,1
J575,I7947,27089.0,27095.0,brown,1
J575,I7979,27166.0,27167.0,brown,1
J1740,I3549,10530.0,10533.0,brown,3
J1740,I3613,10739.0,10743.0,green,1
J1740,I4798,15692.0,15695.0,green,2
J751,I4898,16147.0,16151.0,green,1
J751,I5569,18805.0,18812.0,brown,1
J751,I6178,21237.0,21247.0,green,3
J751,I7330,25305.0,25306.0,green,1
J4420,I4654,15114.0,15120.0,brown,1
J4420,I8591,28749.0,28750.0,green,1
J4420,I8887,29391.0,29393.0,green,1
J4420,I9135,29849.0,29850.0,green,1
J1632,I6682,23016.0,23023.0,brown,1
J1632,I6779,23347.0,23351.0,green,2
J1632,I8587,28734.0,28737.0,green,1
J487,I555,1040.0,1042.0,red,1
J487,I4460,14302.0,14304.0,green,1
J487,I5388,18122.0,18131.0,green,1
J487,I6290,21591.0,21596.0,green,1
J4706,I6025,20607.0,20618.0,green,3
J4706,I6120,20989.0,20992.0,brown,1
J2669,I2709,7417.0,7420.0,green,1
J2669,I5110,17005.0,17012.0,brown,2
J2669,I7334,25313.0,25315.0,green,2
J2669,I7622,26155.0,26160.0,green,1
J3983,I7285,25165.0,25181.0,green,5
J3669,I3663,10937.0,10940.0,red,1
J3669,I7792,26649.0,26654.0,green,1
J1835,I3856,11790.0,11797.0,brown,1
J1835,I7249,25030.0,25032.0,green,2
J1835,I8721,29043.0,29049.0,brown,2
J1835,I9153,29876.0,29877.0,green,1
J3924,I5302,17761.0,17768.0,green,3
J3924,I5398,18166.0,18171.0,green,3
J1641,I2071,5223.0,5226.0,red,1
J1641,I2168,5563.0,5566.0,green,1
J1641,I2360,6213.0,6215.0,green,1
J1641,I4263,13548.0,13565.0,brown,1
J1641,I4896,16138.0,16144.0,green,1
J3051,I4328,13753.0,13763.0,green,1
J3051,I4840,15874.0,15884.0,green,2
J3051,I8264,27965.0,27966.0,green,1
J164,I253,425.0,427.0,green,2
J164,I798,1611.0,1614.0,brown,1
J164,I3614,10743.0,10754.0,green,1
J408,I890,1839.0,1840.0,brown,1
J408,I954,1991.0,1992.0,brown,1
J408,I1242,2715.0,2718.0,brown,2
J408,I3866,11837.0,11839.0,brown,1
J408,I5658,19173.0,19185.0,brown,1
J589,I1425,3201.0,3204.0,red,1
J589,I8721,29043.0,29049.0,brown,1
J3206,I3108,8851.0,8863.0,red,3
J3206,I5413,18218.0,18220.0,green,1
J3206,I5861,19924.0,19936.0,green,1
J3588,I5101,16950.0,16964.0,green,3
J1178,I4567,14765.0,14771.0,green,1
J1178,I6455,22219.0,22223.0,green,1
J1178,I6743,23212.0,23224.0,green,1
J1178,I7543,25938.0,25939.0,green,1
J3261,I6176,21211.0,21229.0,green,1
J3261,I8175,27749.0,27752.0,brown,2
J3261,I8480,28476.0,28482.0,green,1
J3261,I8512,28557.0,28559.0,green,2
J1992,I2620,7118.0,7120.0,green,1
J1992,I2684,7342.0,7344.0,brown,1
J1992,I2908,8094.0,8104.0,brown,1
J1992,I7410,25552.0,25559.0,green,2
J2518,I3990,12374.0,12377.0,green,1
J2518,I5750,19545.0,19548.0,brown,1
J2518,I6711,23098.0,23100.0,green,1
J2518,I8054,27379.0,27381.0,brown,1
J2518,I8071,27425.0,27426.0,green,1
J1734,I3240,9381.0,9384.0,brown,1
J1734,I3305,9630.0,9632.0,green,1
J1734,I3689,11056.0,11063.0,green,2
J1734,I3817,11615.0,11629.0,green,2
J2312,I2017,5011.0,5026.0,green,1
J2312,I2210,5725.0,5728.0,green,1
J2312,I3842,11730.0,11733.0,green,1
J2312,I5762,19597.0,19602.0,green,1
J2445,I3936,12163.0,12169.0,green,3
J2445,I4352,13852.0,13881.0,green,1
J277,I163,259.0,260.0,green,1
J277,I339,584.0,588.0,brown,1
J277,I932,1930.0,1932.0,red,2
J2352,I3364,9850.0,9852.0,brown,2
J2352,I3524,10441.0,10445.0,green,4
J2373,I3915,12059.0,12073.0,green,1
J2373,I3916,12073.0,12084.0,green,3
J2373,I3948,12207.0,12215.0,green,1
J2373,I4140,13020.0,13034.0,green,1
J3317,I5302,17761.0,17768.0,green,4
J3317,I5398,18166.0,18171.0,green,2
J87,I259,433.0,436.0,green,1
J87,I4524,14567.0,14575.0,green,1
J2228,I2917,8132.0,8140.0,green,2
J2228,I2949,8231.0,8235.0,green,1
J2228,I5820,19784.0,19792.0,green,3
J2688,I1571,3560.0,3562.0,red,1
J2688,I1667,3876.0,3877.0,brown,1
J2688,I4980,16459.0,16470.0,green,2
J2688,I5402,18175.0,18185.0,green,1
J3209,I3745,11330.0,11343.0,green,1
J3209,I4258,13514.0,13527.0,green,1
J1660,I3532,10467.0,10473.0,green,1
J1660,I5581,18851.0,18857.0,green,2
J1660,I5693,19295.0,19296.0,green,1
J1660,I6605,22761.0,22763.0,green,1
J1015,I1053,2238.0,2242.0,green,1
J1015,I3325,9694.0,9702.0,brown,1
J1015,I3805,11567.0,11575.0,green,3
J1015,I4137,13005.0,13013.0,green,1
J448,I2419,6436.0,6443.0,green,2
J448,I3922,12098.0,12116.0,green,1
J448,I5547,18699.0,18707.0,green,1
J2477,I1451,3270.0,3274.0,red,1
J2477,I6732,23174.0,23177.0,green,2
J2477,I8140,27639.0,27642.0,green,3
J196,I537,994.0,998.0,brown,3
J196,I761,1525.0,1532.0,red,1
J196,I2651,7223.0,7225.0,green,1
J4108,I1516,3425.0,3432.0,red,1
J4108,I7373,25431.0,25441.0,green,1
J4108,I8141,27642.0,27648.0,green,3
J4108,I8732,29063.0,29067.0,brown,1
J3095,I2716,7437.0,7439.0,green,1
J3095,I3292,9577.0,9585.0,green,1
J3095,I3483,10304.0,10308.0,brown,1
J3095,I4124,12933.0,12948.0,green,1
J3095,I5860,19919.0,19924.0,green,1
J2509,I2855,7909.0,7915.0,green,2
J2509,I2886,8006.0,8011.0,green,2
J2509,I2918,8140.0,8141.0,brown,1
J4413,I6681,23011.0,23016.0,brown,1
J4413,I8090,27479.0,27482.0,green,3
J2019,I3876,11867.0,11874.0,brown,6
J1674,I658,1271.0,1273.0,green,2
J1674,I690,1372.0,1376.0,green,1
J1674,I3922,12098.0,12116.0,green,1
J1674,I6723,23127.0,23139.0,green,2
J2069,I2289,5988.0,5989.0,green,1
J2069,I2321,6092.0,6095.0,green,2
J2069,I2481,6627.0,6630.0,brown,1
J2069,I4113,12881.0,12884.0,green,1
J2069,I4185,13237.0,13246.0,green,1
J254,I625,1191.0,1198.0,green,3
J4218,I7212,24887.0,24893.0,green,1
J4218,I7275,25126.0,25129.0,brown,3
J4218,I7563,25998.0,26001.0,brown,2
J3274,I992,2076.0,2077.0,red,1
J3274,I1376,3057.0,3066.0,brown,1
J3274,I2368,6242.0,6250.0,red,1
J3274,I6208,21332.0,21340.0,brown,2
J3274,I6269,21533.0,21535.0,green,1
J4736,I8330,28118.0,28130.0,green,1
J4736,I8331,28130.0,28132.0,green,1
J4736,I8363,28210.0,28213.0,green,1
J4736,I8454,28419.0,28424.0,brown,1
J3872,I6456,22223.0,22224.0,green,1
J3872,I6552,22542.0,22546.0,green,1
J3872,I6744,23224.0,23228.0,green,1
J707,I1051,2232.0,2233.0,green,1
J707,I1052,2233.0,2238.0,green,1
J707,I1083,2317.0,2318.0,green,1
J707,I1147,2476.0,2477.0,green,1
J707,I1799,4307.0,4310.0,brown,1
J1191,I2288,5985.0,5988.0,green,1
J1191,I2320,6089.0,6092.0,green,1
J1191,I2383,6295.0,6303.0,red,3
J1191,I7824,26745.0,26755.0,brown,1
J4702,I2283,5955.0,5961.0,green,1
J4702,I7244,25010.0,25014.0,green,1
J4702,I8144,27654.0,27657.0,green,3
J4702,I8332,28132.0,28134.0,green,1
J3546,I5753,19556.0,19559.0,green,3
J582,I609,1164.0,1166.0,green,1
J582,I897,1855.0,1857.0,brown,1
J582,I4770,15598.0,15608.0,green,1
J1388,I3074,8717.0,8730.0,green,1
J1388,I3171,9122.0,9132.0,green,4
J1388,I3683,11023.0,11034.0,green,1
J2184,I4040,12620.0,12621.0,brown,1
J2184,I4072,12761.0,12768.0,brown,1
J2184,I4105,12864.0,12867.0,green,2
J2184,I4137,13005.0,13013.0,green,1
J2184,I5232,17478.0,17482.0,brown,1
J2976,I3440,10120.0,10124.0,brown,3
J2976,I4561,14733.0,14737.0,green,2
J2976,I8569,28703.0,28705.0,green,1
J1400,I3805,11567.0,11575.0,green,1
J1400,I6029,20631.0,20638.0,green,2
J3020,I3020,8499.0,8501.0,red,1
J3020,I3148,9035.0,9040.0,red,2
J3020,I5789,19688.0,19693.0,green,2
J1145,I1880,4555.0,4558.0,red,1
J1145,I1944,4755.0,4761.0,green,2
J1145,I1945,4761.0,4768.0,green,1
J607,I1183,2557.0,2564.0,green,1
J607,I4736,15460.0,15467.0,green,1
J607,I7263,25063.0,25070.0,brown,3
J607,I7602,26086.0,26097.0,green,1
J3723,I3221,9323.0,9327.0,green,1
J3723,I3317,9669.0,9672.0,brown,1
J3723,I4278,13600.0,13602.0,green,1
J2035,I3515,10411.0,10414.0,green,1
J2035,I3546,10515.0,10516.0,red,1
J2035,I3706,11134.0,11141.0,green,2
J2035,I5659,19185.0,19191.0,brown,1
J4841,I6012,20542.0,20547.0,green,1
J4841,I6395,21990.0,21994.0,brown,2
J4841,I6491,22326.0,22332.0,brown,1
J4841,I8699,29008.0,29010.0,brown,1
J4841,I8763,29126.0,29131.0,brown,1
J47,I43,61.0,63.0,green,1
J47,I45,64.0,65.0,brown,1
J47,I202,330.0,336.0,green,1
J3511,I4940,16286.0,16287.0,green,1
J3511,I6436,22116.0,22124.0,green,3
J4251,I6957,24062.0,24067.0,green,5
J4830,I4804,15708.0,15719.0,green,1
J4830,I5923,20199.0,20204.0,brown,4
J4830,I6211,21347.0,21348.0,brown,1
J4946,I6450,22191.0,22192.0,green,1
J4946,I6866,23731.0,23734.0,brown,3
J4946,I7091,24529.0,24530.0,green,1
J1222,I1932,4716.0,4718.0,red,1
J1222,I1997,4927.0,4932.0,green,2
J1222,I3884,11913.0,11918.0,brown,1
J4483,I5049,16756.0,16759.0,brown,1
J1372,I441,801.0,803.0,red,1
J1372,I953,1985.0,1991.0,brown,1
J1372,I6714,23103.0,23105.0,green,2
J1372,I7962,27132.0,27133.0,green,1
J1372,I8199,27798.0,27802.0,brown,1
J4103,I4482,14396.0,14399.0,brown,2
J4103,I8560,28675.0,28682.0,green,2
J353,I854,1749.0,1752.0,brown,1
J353,I1078,2300.0,2301.0,green,1
J353,I5270,17625.0,17634.0,brown,1
J353,I6159,21130.0,21133.0,green,3
J909,I2158,5523.0,5530.0,green,1
J909,I4007,12447.0,12457.0,green,5
J3595,I3296,9595.0,9601.0,green,1
J3595,I4257,13501.0,13514.0,green,2
J3595,I5857,19900.0,19912.0,green,2
J3595,I5920,20172.0,20174.0,brown,1
J2027,I1584,3600.0,3601.0,green,1
J2027,I6686,23032.0,23037.0,brown,2
J2027,I6793,23395.0,23401.0,green,1
J1815,I2252,5856.0,5866.0,brown,3
J4142,I7208,24871.0,24875.0,green,2
J4142,I7240,25002.0,25003.0,green,1
J1487,I8051,27360.0,27369.0,brown,1
J1487,I8132,27606.0,27611.0,green,1
J1487,I8228,27871.0,27875.0,green,4
J3123,I1899,4615.0,4617.0,brown,1
J3123,I5131,17091.0,17094.0,brown,1
J3123,I7440,25666.0,25668.0,green,1
J3123,I7602,26086.0,26097.0,green,2
J1533,I3073,8716.0,8717.0,green,1
J1533,I3074,8717.0,8730.0,green,1
J1533,I3266,9479.0,9483.0,green,3
J1533,I3330,9714.0,9719.0,green,1
J2401,I3164,9092.0,9103.0,red,2
J2401,I3836,11698.0,11702.0,brown,1
J2401,I3868,11842.0,11847.0,brown,1
J2401,I4861,15978.0,15985.0,brown,1
J2401,I5709,19347.0,19351.0,green,1
J817,I903,1869.0,1870.0,brown,1
J817,I967,2027.0,2031.0,brown,1
J817,I1096,2345.0,2346.0,green,1
J817,I2600,7018.0,7031.0,green,2
J1636,I1717,4072.0,4075.0,green,1
J1636,I2806,7737.0,7743.0,green,3
J1636,I5382,18099.0,18111.0,green,1
J1607,I2228,5791.0,5794.0,red,1
J1607,I3861,11817.0,11825.0,brown,1
J1607,I5327,17864.0,17872.0,brown,1
J620,I899,1858.0,1860.0,brown,2
J620,I2116,5360.0,5362.0,green,1
J620,I2212,5729.0,5733.0,green,1
J620,I3172,9132.0,9142.0,green,2
J861,I4118,12897.0,12903.0,green,1
J861,I4342,13813.0,13818.0,green,4
J861,I4822,15796.0,15800.0,green,1
J1672,I7474,25764.0,25767.0,brown,2
J1672,I8083,27458.0,27459.0,green,1
J814,I1276,2795.0,2797.0,brown,2
J814,I1372,3043.0,3047.0,red,2
J1601,I2295,6014.0,6015.0,green,1
J1601,I5752,19550.0,19556.0,green,1
J1601,I6936,23983.0,23986.0,brown,1
J1601,I7320,25280.0,25281.0,brown,1
J1601,I8412,28330.0,28334.0,green,1
J1601,I8712,29027.0,29029.0,brown,1
J4058,I6438,22133.0,22137.0,green,4
J4058,I6502,22376.0,22387.0,green,2
J2177,I1297,2846.0,2854.0,red,1
J2177,I1361,3006.0,3011.0,brown,2
J2177,I2801,7718.0,7726.0,brown,1
J2177,I6786,23369.0,23371.0,green,1
J3914,I2732,7492.0,7494.0,brown,1
J3914,I5101,16950.0,16964.0,green,1
J3914,I7357,25387.0,25388.0,green,1
J3914,I7389,25477.0,25482.0,green,1
J3914,I7794,26659.0,26660.0,green,1
J3914,I7838,26782.0,26783.0,brown,1
J4502,I7096,24548.0,24551.0,brown,1
J4502,I7640,26212.0,26215.0,brown,1
J4502,I8628,28834.0,28841.0,brown,1
J3028,I7812,26708.0,26712.0,green,1
J3028,I7972,27155.0,27157.0,green,2
J3028,I8260,27960.0,27962.0,green,1
J3028,I8708,29020.0,29024.0,brown,1
J1109,I1076,2298.0,2299.0,green,1
J1109,I1141,2452.0,2461.0,green,1
J1109,I3221,9323.0,9327.0,green,3
J1174,I7545,25940.0,25949.0,green,1
J1174,I8089,27475.0,27479.0,green,2
J1174,I8097,27494.0,27496.0,green,2
J1174,I8697,29001.0,29007.0,brown,1
J4185,I6500,22364.0,22367.0,green,2
J3381,I2438,6493.0,6501.0,green,1
J3381,I3430,10081.0,10094.0,brown,2
J3381,I4999,16552.0,16555.0,green,1
J3381,I5319,17845.0,17849.0,green,1
J3381,I6281,21558.0,21569.0,green,1
J4093,I6725,23140.0,23146.0,brown,2
J4093,I6885,23793.0,23795.0,brown,1
J4093,I8902,29423.0,29424.0,green,1
J2568,I3593,10674.0,10675.0,red,1
J2568,I3625,10789.0,10792.0,green,1
J2568,I3882,11901.0,11906.0,brown,1
J2568,I4490,14436.0,14448.0,brown,2
J2568,I5450,18366.0,18369.0,green,1
J3350,I4144,13042.0,13062.0,brown,1
J3350,I5553,18722.0,18724.0,green,2
J3350,I6833,23594.0,23602.0,green,1
J3350,I6878,23761.0,23766.0,brown,2
J4095,I3377,9883.0,9884.0,red,1
J4095,I7842,26788.0,26791.0,brown,2
J3832,I3386,9906.0,9907.0,red,1
J3832,I4731,15436.0,15444.0,green,1
J3832,I5114,17016.0,17025.0,brown,2
J3832,I6555,22549.0,22554.0,green,1
J3832,I8474,28463.0,28466.0,brown,1
J822,I1110,2382.0,2383.0,green,1
J822,I3639,10837.0,10846.0,green,4
J822,I4023,12538.0,12542.0,green,1
J350,I104,146.0,153.0,brown,4
J350,I4137,13005.0,13013.0,green,1
J3809,I5914,20153.0,20159.0,brown,5
J3809,I6075,20814.0,20818.0,green,1
J4898,I4782,15643.0,15647.0,brown,1
J4898,I7310,25249.0,25255.0,brown,2
J4898,I8830,29277.0,29281.0,brown,2
J4898,I8862,29345.0,29346.0,brown,1
J2134,I6564,22580.0,22591.0,green,2
J2134,I6596,22727.0,22733.0,green,2
J2134,I6915,23913.0,23921.0,brown,2
J3042,I4574,14803.0,14805.0,green,2
J3042,I4702,15317.0,15325.0,green,2
J3042,I4830,15824.0,15838.0,green,2
J4316,I4213,13349.0,13353.0,green,1
J4316,I5173,17267.0,17274.0,brown,4
J1443,I1256,2760.0,2761.0,green,1
J1443,I1289,2822.0,2825.0,green,1
J1443,I1897,4613.0,4614.0,brown,1
J1443,I3369,9861.0,9865.0,green,1
J1443,I4523,14559.0,14567.0,green,1
J434,I1785,4266.0,4269.0,green,1
J434,I7546,25949.0,25950.0,green,1
J434,I7834,26769.0,26772.0,brown,3
J4993,I8150,27668.0,27675.0,green,2
J4993,I9166,29895.0,29896.0,green,1
J866,I1755,4173.0,4177.0,green,1
J866,I1818,4372.0,4374.0,red,1
J866,I1946,4768.0,4775.0,green,1
J866,I2619,7110.0,7118.0,green,2
J866,I3963,12263.0,12264.0,green,1
J2832,I1747,4148.0,4150.0,green,1
J2832,I1843,4445.0,4453.0,red,1
J2832,I4467,14317.0,14320.0,brown,1
J2832,I5364,18006.0,18007.0,green,1
J2832,I6556,22554.0,22556.0,green,2
J1926,I807,1630.0,1633.0,green,1
J1926,I808,1633.0,1634.0,green,1
J1926,I2120,5372.0,5376.0,green,3
J3854,I5465,18403.0,18406.0,green,3
J3854,I5625,19042.0,19048.0,green,1
J3854,I5657,19168.0,19173.0,green,1
J364,I800,1619.0,1621.0,brown,1
J364,I1143,2462.0,2466.0,green,2
J364,I1265,2772.0,2776.0,green,2
J364,I1510,3409.0,3415.0,green,1
J1644,I1659,3851.0,3857.0,brown,1
J1644,I3964,12264.0,12267.0,green,1
J1644,I4524,14567.0,14575.0,green,4
J1854,I1517,3432.0,3436.0,red,1
J1854,I1645,3806.0,3810.0,brown,2
J1854,I2190,5642.0,5654.0,green,1
J1854,I4845,15910.0,15921.0,brown,1
J3285,I380,673.0,676.0,red,2
J3285,I412,749.0,750.0,red,1
J3285,I444,807.0,812.0,red,1
J3285,I7981,27170.0,27174.0,brown,2
J2931,I3012,8475.0,8479.0,red,2
J2931,I4549,14682.0,14691.0,green,1
J2931,I5093,16915.0,16921.0,green,1
J2931,I5381,18091.0,18099.0,green,1
J2931,I5813,19764.0,19772.0,green,1
J2339,I7266,25074.0,25081.0,brown,1
J2339,I7989,27195.0,27197.0,green,1
J1807,I786,1589.0,1592.0,brown,1
J4210,I6611,22786.0,22788.0,green,1
J4210,I6898,23854.0,23858.0,brown,1
J4210,I7059,24435.0,24438.0,green,1
J4210,I7187,24804.0,24808.0,green,2
J1991,I4531,14615.0,14620.0,green,2
J1991,I5663,19198.0,19202.0,green,1
J1991,I5867,19959.0,19968.0,green,1
J4342,I6375,21926.0,21933.0,green,1
J4342,I6951,24024.0,24034.0,green,3
J4342,I7207,24867.0,24871.0,green,2
J2818,I4941,16287.0,16288.0,green,1
J2818,I5005,16584.0,16585.0,green,1
J2818,I5085,16869.0,16871.0,green,1
J2818,I5101,16950.0,16964.0,green,1
J2818,I5117,17035.0,17049.0,green,2
J4029,I7201,24847.0,24852.0,green,1
J4029,I8192,27784.0,27787.0,brown,1
J4029,I8481,28482.0,28486.0,green,2
J4029,I8513,28559.0,28560.0,green,1
J4029,I8745,29093.0,29094.0,green,1
J1504,I2476,6616.0,6619.0,brown,2
J1504,I4914,16206.0,16207.0,green,1
J4326,I6318,21714.0,21727.0,green,1
J4326,I6349,21835.0,21839.0,brown,3
J4326,I8494,28516.0,28519.0,green,1
J2442,I2515,6745.0,6760.0,green,1
J2442,I7137,24670.0,24675.0,brown,1
J2442,I7348,25356.0,25360.0,green,1
J1082,I6118,20984.0,20987.0,brown,1
J1082,I6151,21100.0,21107.0,green,1
J1082,I6599,22737.0,22746.0,green,1
J1082,I6807,23460.0,23464.0,green,2
J1082,I7110,24597.0,24598.0,brown,1
J3926,I6366,21895.0,21899.0,brown,1
J3926,I7857,26845.0,26852.0,green,1
J3926,I7887,26950.0,26951.0,green,1
J2321,I1179,2549.0,2550.0,green,1
J2321,I1243,2718.0,2727.0,brown,1
J2321,I1275,2793.0,2795.0,brown,2
J2855,I3486,10310.0,10311.0,brown,1
J2855,I3679,11012.0,11017.0,green,1
J521,I1055,2247.0,2248.0,green,1
J521,I6164,21144.0,21145.0,green,1
J521,I6176,21211.0,21229.0,green,1
J4844,I4059,12703.0,12719.0,brown,1
J4844,I5179,17294.0,17299.0,brown,2
J4844,I6491,22326.0,22332.0,brown,1
J4844,I8900,29420.0,29422.0,green,1
J4675,I6969,24110.0,24114.0,green,4
J3229,I7640,26212.0,26215.0,brown,1
J3229,I7704,26380.0,26381.0,brown,1
J3229,I8760,29123.0,29124.0,brown,1
J3229,I8828,29274.0,29276.0,brown,1
J3229,I8856,29335.0,29337.0,brown,1
J2929,I4176,13215.0,13217.0,green,2
J2929,I4272,13581.0,13588.0,green,2
J1673,I1216,2631.0,2634.0,brown,1
J1673,I2433,6471.0,6482.0,green,1
J1673,I4897,16144.0,16147.0,green,2
J1673,I5001,16562.0,16569.0,green,2
J805,I835,1699.0,1703.0,green,1
J805,I868,1787.0,1793.0,green,4
J805,I2655,7242.0,7246.0,green,1
J1937,I2748,7540.0,7545.0,green,2
J1937,I3453,10158.0,10167.0,green,1
J1937,I4157,13116.0,13118.0,green,1
J2377,I4022,12528.0,12538.0,green,1
J2377,I4597,14885.0,14887.0,brown,1
J39,I2683,7336.0,7342.0,brown,2
J39,I4188,13249.0,13269.0,green,1
J444,I792,1598.0,1600.0,brown,1
J444,I824,1670.0,1672.0,green,1
J444,I825,1672.0,1675.0,green,1
J1924,I3740,11290.0,11301.0,green,4
J1924,I3899,11965.0,11975.0,green,1
J37,I30,45.0,46.0,green,1
J37,I3934,12145.0,12162.0,green,4
J37,I4838,15865.0,15871.0,green,1
J2182,I4048,12639.0,12640.0,green,1
J2182,I4112,12879.0,12881.0,green,1
J2182,I4144,13042.0,13062.0,brown,2
J2182,I6073,20805.0,20809.0,green,1
J4193,I5326,17862.0,17864.0,brown,1
J4193,I5391,18139.0,18147.0,green,1
J4193,I8526,28582.0,28583.0,brown,1
J4193,I8559,28672.0,28675.0,green,3
J4948,I6121,20992.0,20998.0,brown,1
J4948,I6473,22275.0,22278.0,brown,1
J4948,I7402,25524.0,25530.0,green,3
J4948,I9180,29919.0,29920.0,green,1
J359,I1104,2363.0,2368.0,green,1
J359,I1231,2672.0,2682.0,green,2
J359,I1999,4936.0,4947.0,green,1
J359,I4352,13852.0,13881.0,green,2
J2192,I1855,4489.0,4493.0,brown,2
J2192,I6176,21211.0,21229.0,green,1
J1071,I4021,12522.0,12528.0,green,1
J1071,I7222,24941.0,24944.0,green,1
J1071,I8150,27668.0,27675.0,green,2
J4925,I7244,25010.0,25014.0,green,1
J4925,I7467,25753.0,25755.0,red,1
J4925,I8860,29340.0,29344.0,brown,2
J168,I5270,17625.0,17634.0,brown,2
J168,I6935,23981.0,23983.0,green,1
J168,I9015,29628.0,29633.0,green,3
J1981,I3944,12187.0,12190.0,green,3
J1981,I5609,18954.0,18956.0,green,1
J2487,I4074,12773.0,12775.0,brown,1
J2487,I4106,12867.0,12869.0,green,1
J2487,I4331,13780.0,13782.0,green,1
J2487,I4459,14295.0,14302.0,green,1
J1477,I689,1369.0,1372.0,green,1
J1477,I850,1736.0,1740.0,brown,1
J1477,I1266,2776.0,2779.0,brown,2
J1477,I1714,4056.0,4063.0,green,1
J1477,I3858,11800.0,11804.0,brown,1
J1799,I3343,9761.0,9764.0,green,1
J1799,I3439,10112.0,10120.0,brown,1
J1799,I3760,11396.0,11406.0,green,3
J1799,I5872,20000.0,20001.0,green,1
J4887,I5858,19912.0,19917.0,green,1
J4887,I7234,24980.0,24985.0,green,2
J4887,I7298,25205.0,25206.0,green,1
J4887,I8738,29081.0,29082.0,brown,1
J4887,I8834,29286.0,29288.0,brown,1
J96,I115,166.0,168.0,brown,1
J96,I171,269.0,271.0,green,1
J2199,I1811,4346.0,4351.0,green,4
J1878,I3204,9270.0,9273.0,red,2
J1878,I5861,19924.0,19936.0,green,2
J1686,I3225,9336.0,9343.0,green,5
J1686,I3288,9562.0,9568.0,green,1
J623,I586,1112.0,1113.0,green,1
J623,I4907,16180.0,16193.0,green,4
J623,I6315,21686.0,21690.0,green,1
J3111,I1960,4816.0,4828.0,red,1
J3111,I2025,5052.0,5054.0,green,1
J3111,I2217,5751.0,5755.0,green,1
J3111,I3497,10346.0,10348.0,green,1
J3111,I5327,17864.0,17872.0,brown,1
J4490,I6022,20598.0,20604.0,green,3
J4102,I5241,17511.0,17520.0,green,2
J4102,I5305,17778.0,17781.0,green,1
J1552,I2474,6614.0,6615.0,green,1
J1552,I4459,14295.0,14302.0,green,1
J1552,I6747,23234.0,23239.0,green,3
J1739,I3540,10495.0,10498.0,green,1
J1739,I3668,10963.0,10967.0,red,1
J1739,I5781,19658.0,19662.0,green,3
J4320,I3258,9454.0,9457.0,red,2
J4320,I5178,17281.0,17294.0,brown,2
J4442,I6325,21748.0,21752.0,green,3
J4311,I3682,11020.0,11023.0,green,1
J4311,I3714,11167.0,11175.0,red,1
J4311,I6723,23127.0,23139.0,green,2
J378,I1118,2397.0,2409.0,brown,5
J3721,I4263,13548.0,13565.0,brown,1
J3721,I7368,25420.0,25424.0,green,2
J3721,I8800,29214.0,29218.0,green,1
J3721,I8904,29427.0,29428.0,green,1
J3721,I9000,29602.0,29603.0,green,1
J858,I1331,2939.0,2940.0,green,1
J858,I1332,2940.0,2943.0,green,3
J3340,I6021,20592.0,20598.0,green,4
J3340,I6549,22521.0,22538.0,green,1
J3340,I7285,25165.0,25181.0,green,1
J1354,I2961,8274.0,8278.0,green,1
J1354,I4530,14605.0,14615.0,green,1
J1354,I7377,25445.0,25448.0,brown,2
J1354,I8082,27457.0,27458.0,green,1
J1354,I8178,27755.0,27757.0,green,1
J823,I43,61.0,63.0,green,1
J823,I51,70.0,72.0,brown,1
J823,I299,512.0,516.0,brown,1
J823,I5308,17798.0,17808.0,green,3
J3718,I1564,3550.0,3552.0,red,1
J3718,I5341,17908.0,17909.0,brown,1
J3398,I1445,3250.0,3259.0,green,1
J3398,I4902,16161.0,16164.0,green,2
J3398,I5382,18099.0,18111.0,green,1
J3398,I5525,18603.0,18607.0,brown,1
J3398,I5870,19979.0,19995.0,green,1
J3084,I2493,6663.0,6667.0,green,1
J3084,I5374,18045.0,18063.0,green,2
J3084,I5694,19296.0,19300.0,green,2
J3084,I6334,21775.0,21786.0,green,1
J24,I94,134.0,136.0,brown,1
J24,I2143,5458.0,5463.0,green,1
J24,I4095,12824.0,12826.0,green,2
J24,I6079,20829.0,20835.0,green,1
J1576,I995,2081.0,2082.0,red,1
J1576,I4804,15708.0,15719.0,green,1
J1576,I8348,28160.0,28165.0,green,1
J4485,I2304,6047.0,6051.0,green,1
J4485,I6208,21332.0,21340.0,brown,1
J4485,I8624,28819.0,28826.0,brown,1
J4485,I8688,28981.0,28988.0,brown,1
J1327,I2005,4969.0,4970.0,green,1
J1327,I2006,4970.0,4975.0,green,1
J1327,I2037,5096.0,5097.0,green,1
J1327,I2166,5554.0,5556.0,green,1
J1327,I2293,6002.0,6013.0,green,1
J1327,I2886,8006.0,8011.0,green,1
J105,I4302,13672.0,13674.0,brown,1
J105,I4559,14729.0,14732.0,green,1
J105,I7440,25666.0,25668.0,green,1
J3231,I4607,14913.0,14914.0,brown,1
J3231,I4640,15053.0,15058.0,green,4
J4450,I5622,19017.0,19034.0,green,1
J4450,I6614,22791.0,22797.0,green,2
J4611,I1570,3559.0,3560.0,red,1
J4611,I1698,3989.0,3992.0,red,1
J4611,I5091,16902.0,16910.0,green,2
J4611,I8565,28697.0,28698.0,green,1
J4611,I8579,28720.0,28723.0,green,1
J1844,I3507,10387.0,10393.0,green,2
J1844,I3538,10484.0,10493.0,green,1
J2486,I4058,12698.0,12703.0,brown,5
J2486,I4155,13110.0,13112.0,green,1
J1958,I665,1291.0,1294.0,green,2
J2628,I3982,12340.0,12347.0,brown,1
J2628,I5117,17035.0,17049.0,green,1
J1971,I2875,7983.0,7985.0,red,1
J1971,I5227,17446.0,17453.0,brown,1
J1971,I5760,19584.0,19589.0,green,1
J1971,I5791,19697.0,19699.0,green,2
J807,I1102,2357.0,2359.0,red,1
J807,I2734,7496.0,7503.0,brown,5
J3277,I2610,7069.0,7079.0,green,1
J3277,I7923,27030.0,27032.0,green,2
J3277,I8147,27662.0,27663.0,green,1
J3277,I8243,27915.0,27918.0,green,2
J2196,I991,2075.0,2076.0,red,1
J2196,I1633,3765.0,3769.0,brown,2
J2196,I3617,10756.0,10764.0,brown,1
J2196,I4303,13674.0,13679.0,brown,1
J1387,I5020,16641.0,16646.0,green,1
J1387,I7931,27050.0,27053.0,brown,1
J1387,I8171,27739.0,27741.0,brown,2
J1387,I8220,27850.0,27851.0,green,1
J2250,I3703,11127.0,11128.0,green,1
J2250,I3735,11256.0,11266.0,green,1
J2250,I4696,15286.0,15294.0,green,1
J2250,I4728,15410.0,15420.0,green,1
J2250,I6008,20534.0,20538.0,green,1
J2250,I6977,24144.0,24149.0,brown,1
J1729,I3409,10008.0,10011.0,brown,3
J1729,I3441,10124.0,10126.0,green,1
J1729,I6098,20896.0,20900.0,green,1
J1729,I6494,22336.0,22340.0,brown,1
J4187,I4185,13237.0,13246.0,green,1
J4187,I4889,16086.0,16091.0,green,1
J4187,I7545,25940.0,25949.0,green,1
J4187,I7609,26119.0,26121.0,green,2
J3091,I4906,16171.0,16180.0,green,1
J3091,I5002,16569.0,16574.0,green,1
J3091,I5770,19619.0,19621.0,green,2
J3091,I6078,20821.0,20829.0,green,1
J4593,I5080,16853.0,16857.0,green,4
J4593,I5176,17279.0,17280.0,brown,1
J4593,I5304,17773.0,17778.0,green,1
J506,I993,2077.0,2078.0,red,1
J506,I1665,3870.0,3874.0,brown,1
J506,I5442,18340.0,18345.0,brown,1
J506,I8042,27345.0,27349.0,brown,2
J2966,I5198,17355.0,17357.0,green,1
J2966,I5230,17466.0,17470.0,brown,3
J2966,I5326,17862.0,17864.0,brown,1
J2966,I8599,28763.0,28764.0,green,1
J4020,I1420,3187.0,3192.0,red,1
J4020,I6445,22165.0,22167.0,green,2
J4020,I7917,27017.0,27021.0,brown,3
J4113,I6699,23065.0,23073.0,green,1
J4113,I6987,24186.0,24189.0,green,1
J1276,I576,1092.0,1094.0,green,1
J1276,I671,1319.0,1326.0,green,1
J1276,I2496,6678.0,6682.0,green,2
J1276,I4160,13137.0,13142.0,green,1
J2457,I3534,10474.0,10478.0,green,1
J2457,I4399,14053.0,14061.0,green,1
J2457,I5166,17218.0,17229.0,brown,1
J2457,I6510,22410.0,22414.0,brown,2
J2380,I3324,9693.0,9694.0,brown,1
J2380,I7389,25477.0,25482.0,green,2
J2525,I3328,9708.0,9710.0,brown,2
J2525,I3425,10063.0,10065.0,red,1
J2525,I3520,10431.0,10434.0,green,1
J2525,I3681,11018.0,11020.0,green,2
J2007,I3889,11932.0,11934.0,brown,2
J2007,I3986,12366.0,12368.0,red,1
J2007,I4690,15260.0,15269.0,red,2
J2007,I6737,23190.0,23196.0,brown,1
J3030,I2935,8181.0,8184.0,brown,3
J3030,I7192,24813.0,24819.0,green,1
J2537,I4162,13144.0,13148.0,green,3
J2537,I4193,13282.0,13286.0,green,1
J2537,I4577,14810.0,14817.0,brown,1
J913,I397,717.0,719.0,green,1
J913,I429,784.0,786.0,green,1
J913,I493,913.0,914.0,brown,1
J913,I558,1047.0,1048.0,green,1
J913,I846,1724.0,1726.0,red,1
J913,I2135,5430.0,5435.0,green,1
J1051,I1268,2780.0,2782.0,brown,2
J1051,I1301,2860.0,2862.0,red,1
J1051,I1684,3938.0,3941.0,green,1
J1051,I4885,16065.0,16073.0,green,2
J2454,I3234,9363.0,9365.0,green,1
J2454,I3266,9479.0,9483.0,green,1
J2454,I4770,15598.0,15608.0,green,2
J2454,I4994,16529.0,16542.0,green,1
J2454,I5662,19195.0,19198.0,green,1
J179,I238,402.0,403.0,green,1
J179,I271,462.0,466.0,green,2
J179,I4255,13490.0,13500.0,green,1
J3843,I4457,14287.0,14290.0,green,1
J1420,I1706,4025.0,4036.0,green,1
J1420,I5419,18240.0,18243.0,green,2
J1452,I3079,8744.0,8747.0,brown,3
J1452,I3272,9507.0,9509.0,green,1
J1452,I3336,9735.0,9737.0,green,1
J1452,I3369,9861.0,9865.0,green,1
J289,I6911,23897.0,23908.0,green,2
J2123,I3389,9913.0,9916.0,red,1
J2123,I7614,26134.0,26138.0,green,2
J2123,I7790,26643.0,26646.0,green,1
J2123,I8350,28167.0,28171.0,green,2
J3386,I4144,13042.0,13062.0,brown,4
J4390,I5544,18671.0,18696.0,green,1
J4390,I7356,25377.0,25387.0,green,1
J4390,I7424,25599.0,25603.0,green,1
J4390,I7751,26513.0,26515.0,brown,2
J4390,I7808,26689.0,26696.0,green,1
J248,I517,962.0,963.0,green,1
J248,I549,1021.0,1022.0,red,1
J248,I581,1104.0,1105.0,green,1
J248,I677,1342.0,1345.0,green,1
J248,I869,1793.0,1795.0,green,1
J248,I2277,5936.0,5939.0,green,1
J3408,I4948,16313.0,16323.0,green,6
J2941,I2198,5688.0,5691.0,green,3
J2941,I2358,6207.0,6209.0,green,1
J2941,I4567,14765.0,14771.0,green,2
J3407,I369,648.0,650.0,green,2
J3407,I2641,7202.0,7204.0,green,1
J3407,I6334,21775.0,21786.0,green,1
J3407,I6780,23351.0,23354.0,green,1
J236,I727,1455.0,1463.0,red,1
J236,I4344,13821.0,13831.0,green,1
J236,I4824,15803.0,15809.0,green,1
J236,I7271,25095.0,25108.0,brown,1
J523,I5092,16910.0,16915.0,green,1
J523,I7859,26859.0,26861.0,brown,1
J1185,I1049,2225.0,2229.0,green,2
J1185,I1081,2308.0,2309.0,green,1
J1185,I1113,2387.0,2389.0,green,1
J1185,I3290,9572.0,9575.0,green,1
J2710,I297,510.0,511.0,brown,1
J2710,I554,1033.0,1040.0,red,1
J2710,I4522,14549.0,14559.0,green,2
J4354,I5749,19537.0,19545.0,brown,2
J4354,I6006,20525.0,20530.0,green,1
J4354,I7990,27197.0,27204.0,green,2
J4354,I8886,29390.0,29391.0,green,1
J1033,I3294,9587.0,9591.0,green,3
J1033,I5079,16842.0,16853.0,green,2
J4742,I6387,21966.0,21967.0,brown,1
J4742,I7476,25768.0,25770.0,green,2
J4742,I7540,25925.0,25933.0,green,1
J4742,I8572,28707.0,28709.0,green,1
J4742,I8660,28911.0,28915.0,green,1
J4972,I8435,28387.0,28390.0,green,2
J2626,I1421,3192.0,3196.0,red,1
J2626,I2190,5642.0,5654.0,green,3
J2626,I2861,7928.0,7933.0,green,2
J241,I763,1533.0,1538.0,red,2
J241,I3900,11975.0,11980.0,green,1
J241,I6907,23888.0,23890.0,brown,1
J4708,I4407,14091.0,14094.0,green,1
J4708,I4534,14625.0,14632.0,green,1
J4708,I5110,17005.0,17012.0,brown,1
J4708,I6486,22309.0,22315.0,brown,1
J4708,I7063,24448.0,24449.0,green,1
J4708,I8547,28637.0,28641.0,green,1
J251,I2626,7138.0,7143.0,green,1
J251,I2818,7790.0,7794.0,brown,1
J251,I3683,11023.0,11034.0,green,1
J251,I5091,16902.0,16910.0,green,1
J251,I6443,22153.0,22161.0,green,1
J251,I6947,24007.0,24010.0,green,1
J389,I1222,2644.0,2648.0,green,1
J389,I1254,2755.0,2757.0,green,1
J389,I1318,2908.0,2912.0,green,3
J389,I3623,10783.0,10788.0,green,1
J110,I337,578.0,583.0,brown,2
J4944,I4535,14632.0,14634.0,green,1
J4944,I5142,17120.0,17129.0,brown,1
J4947,I4060,12719.0,12726.0,brown,1
J4947,I5180,17299.0,17306.0,brown,1
J3871,I3813,11603.0,11607.0,green,1
J3871,I3844,11745.0,11749.0,red,1
J3871,I7093,24539.0,24542.0,green,1
J3871,I7243,25009.0,25010.0,green,1
J3871,I7262,25061.0,25063.0,brown,2
J337,I640,1227.0,1231.0,green,2
J337,I703,1398.0,1401.0,green,1
J337,I1503,3390.0,3394.0,green,1
J337,I1600,3650.0,3653.0,green,2
J3963,I4818,15773.0,15785.0,green,2
J3963,I7522,25885.0,25887.0,green,1
J4600,I1969,4856.0,4857.0,red,1
J4600,I5266,17610.0,17615.0,brown,2
J4600,I6994,24207.0,24217.0,brown,3
J438,I6599,22737.0,22746.0,green,2
J438,I7431,25628.0,25634.0,green,3
J438,I7555,25977.0,25980.0,green,1
J1210,I1576,3570.0,3581.0,brown,1
J1210,I5584,18866.0,18869.0,green,1
J1277,I2629,7147.0,7153.0,green,3
J1277,I2660,7256.0,7257.0,green,1
J1277,I2744,7532.0,7533.0,green,1
J4377,I6575,22628.0,22630.0,brown,2
J4377,I7056,24426.0,24431.0,green,2
J4377,I7184,24798.0,24801.0,green,1
J526,I1090,2335.0,2336.0,green,1
J526,I1219,2637.0,2639.0,brown,1
J526,I1251,2745.0,2751.0,green,1
J526,I1443,3246.0,3248.0,green,1
J526,I1507,3400.0,3403.0,green,2
J2725,I613,1169.0,1173.0,red,1
J2725,I1893,4598.0,4602.0,brown,1
J2725,I5094,16921.0,16926.0,green,1
J2725,I5862,19936.0,19939.0,green,1
J2725,I7174,24766.0,24769.0,green,2
J2675,I7293,25192.0,25196.0,green,2
J2675,I7549,25953.0,25964.0,green,3
J4331,I552,1025.0,1028.0,red,1
J4331,I1641,3793.0,3797.0,brown,1
J4331,I2761,7587.0,7594.0,green,1
J4331,I7113,24605.0,24611.0,brown,1
J4331,I7943,27083.0,27084.0,brown,1
J2907,I983,2062.0,2065.0,green,1
J2907,I4344,13821.0,13831.0,green,2
J2907,I7128,24636.0,24645.0,green,1
J2907,I8135,27622.0,27628.0,brown,2
J786,I1455,3296.0,3301.0,red,1
J786,I1647,3814.0,3816.0,brown,1
J786,I1903,4625.0,4628.0,brown,1
J786,I5360,17988.0,17995.0,green,3
J3788,I212,351.0,352.0,brown,1
J3788,I4949,16323.0,16330.0,green,2
J3160,I2378,6281.0,6282.0,red,1
J3160,I6811,23487.0,23492.0,green,3
J321,I1007,2112.0,2115.0,red,1
J321,I1232,2682.0,2687.0,green,1
J321,I1264,2770.0,2772.0,green,2
J321,I1808,4334.0,4343.0,green,1
J270,I410,745.0,748.0,brown,1
J270,I1050,2229.0,2232.0,green,1
J270,I2874,7975.0,7983.0,brown,1
J432,I1101,2354.0,2357.0,red,1
J432,I1710,4046.0,4048.0,green,2
J2910,I4654,15114.0,15120.0,brown,1
J2910,I4846,15921.0,15928.0,brown,2
J2910,I7711,26394.0,26395.0,green,1
J4909,I2934,8176.0,8181.0,brown,3
J4909,I6455,22219.0,22223.0,green,1
J4909,I9131,29843.0,29844.0,green,1
J4909,I9143,29861.0,29864.0,green,1
J3608,I2062,5192.0,5198.0,red,2
J3608,I2191,5654.0,5656.0,green,1
J3608,I2350,6187.0,6188.0,brown,1
J3608,I5166,17218.0,17229.0,brown,1
J3608,I7337,25317.0,25319.0,green,1
J4614,I6741,23204.0,23205.0,green,1
J4614,I6773,23312.0,23323.0,green,2
J4614,I6933,23972.0,23980.0,brown,1
J4418,I3233,9360.0,9363.0,green,1
J4418,I6290,21591.0,21596.0,green,1
J4418,I6881,23772.0,23778.0,brown,1
J4418,I7426,25611.0,25612.0,green,1
J4418,I7938,27070.0,27073.0,brown,1
J4418,I8405,28314.0,28317.0,green,1
J632,I6592,22705.0,22710.0,green,1
J632,I7120,24621.0,24625.0,green,1
J632,I7743,26489.0,26491.0,brown,2
J632,I7839,26783.0,26784.0,brown,1
J3268,I1800,4310.0,4315.0,green,1
J3268,I1928,4696.0,4703.0,red,2
J4705,I4522,14549.0,14559.0,green,1
J4705,I5866,19948.0,19959.0,green,3
J4705,I8522,28573.0,28574.0,green,1
J4705,I8554,28662.0,28663.0,green,1
J3244,I2064,5200.0,5202.0,red,1
J3244,I2800,7713.0,7718.0,brown,2
J3244,I6321,21732.0,21736.0,green,1
J3244,I6945,24000.0,24004.0,green,2
J142,I2736,7505.0,7511.0,green,2
J142,I6608,22769.0,22781.0,green,4
J147,I615,1174.0,1176.0,brown,2
J147,I1351,2991.0,2993.0,green,1
J147,I2632,7157.0,7166.0,green,3
J323,I17,23.0,24.0,green,1
J323,I49,68.0,69.0,brown,1
J323,I2609,7055.0,7069.0,green,1
J323,I2754,7565.0,7569.0,brown,2
J4580,I3438,10111.0,10112.0,brown,1
J4580,I3598,10683.0,10689.0,brown,1
J4580,I6703,23078.0,23079.0,green,1
J4580,I7215,24909.0,24911.0,green,1
J4580,I7619,26149.0,26151.0,green,2
J4072,I1895,4603.0,4612.0,brown,3
J4072,I5000,16555.0,16562.0,green,3
J23,I3332,9730.0,9732.0,green,1
J23,I3685,11041.0,11043.0,green,1
J23,I4140,13020.0,13034.0,green,2
J2334,I1836,4418.0,4425.0,red,1
J2334,I4525,14575.0,14583.0,green,3
J2334,I8093,27484.0,27487.0,green,1
J457,I1299,2856.0,2859.0,red,1
J457,I1716,4064.0,4072.0,green,1
J457,I1780,4253.0,4257.0,green,1
J457,I1812,4351.0,4359.0,green,1
J457,I2292,5997.0,6002.0,green,1
J457,I2483,6634.0,6636.0,green,1
J111,I170,268.0,269.0,green,1
J111,I234,395.0,399.0,green,2
J111,I3218,9317.0,9320.0,green,2
J3676,I5865,19942.0,19948.0,green,5
J3676,I6528,22458.0,22460.0,brown,1
J4337,I3466,10223.0,10226.0,red,1
J4337,I7274,25117.0,25126.0,brown,2
J4337,I8555,28663.0,28665.0,green,1
J1892,I2467,6594.0,6595.0,green,1
J1892,I2532,6793.0,6794.0,red,1
J1892,I4263,13548.0,13565.0,brown,1
J1726,I1432,3219.0,3221.0,red,1
J1726,I7433,25637.0,25643.0,green,2
J1726,I7545,25940.0,25949.0,green,1
J2202,I1736,4120.0,4124.0,red,1
J2202,I2217,5751.0,5755.0,green,3
J940,I318,549.0,552.0,green,1
J940,I1183,2557.0,2564.0,green,2
J940,I2751,7553.0,7561.0,green,2
J1165,I2179,5609.0,5614.0,green,1
J1165,I3331,9719.0,9730.0,green,3
J1165,I3683,11023.0,11034.0,green,1
J1165,I4699,15303.0,15308.0,green,1
J1143,I386,688.0,689.0,red,1
J1143,I483,893.0,894.0,green,1
J1143,I1251,2745.0,2751.0,green,1
J1143,I1603,3664.0,3670.0,green,1
J1143,I3492,10330.0,10331.0,brown,1
J1199,I2006,4970.0,4975.0,green,1
J1199,I6358,21869.0,21875.0,brown,1
J1199,I6743,23212.0,23224.0,green,2
J896,I3521,10434.0,10435.0,green,1
J896,I5138,17105.0,17109.0,green,2
J2078,I3088,8776.0,8780.0,red,1
J2078,I3985,12360.0,12366.0,green,1
J2078,I5681,19252.0,19260.0,green,2
J2078,I6321,21732.0,21736.0,green,1
J2078,I8628,28834.0,28841.0,brown,1
J2951,I5630,19064.0,19071.0,green,3
J140,I484,894.0,898.0,green,1
J140,I900,1860.0,1863.0,brown,1
J140,I2981,8354.0,8367.0,green,2
J4648,I6735,23180.0,23186.0,green,1
J4648,I6958,24067.0,24071.0,brown,1
J4648,I8534,28605.0,28613.0,brown,1
J4259,I5674,19238.0,19240.0,brown,1
J4259,I6155,21113.0,21116.0,green,1
J4259,I7307,25234.0,25243.0,green,2
J793,I667,1297.0,1316.0,green,1
J793,I699,1393.0,1395.0,green,1
J793,I1659,3851.0,3857.0,brown,1
J3915,I6745,23228.0,23230.0,green,2
J3915,I6809,23465.0,23470.0,green,1
J3915,I6873,23752.0,23753.0,brown,1
J3915,I7705,26381.0,26383.0,brown,1
J4180,I4454,14283.0,14285.0,green,1
J4180,I4646,15076.0,15081.0,green,1
J4180,I4838,15865.0,15871.0,green,1
J4654,I6644,22912.0,22915.0,green,3
J4654,I6740,23200.0,23204.0,green,1
J4654,I6932,23970.0,23972.0,brown,1
J4654,I8584,28731.0,28732.0,green,1
J785,I118,177.0,178.0,red,1
J785,I5117,17035.0,17049.0,green,3
J2500,I6080,20835.0,20844.0,brown,3
J2500,I8497,28522.0,28525.0,green,2
J2500,I8673,28942.0,28953.0,green,1
J3560,I3111,8874.0,8883.0,red,1
J3560,I3176,9152.0,9155.0,brown,3
J3560,I7080,24485.0,24499.0,brown,1
J3560,I7152,24707.0,24713.0,brown,1
J1837,I3115,8894.0,8901.0,red,1
J1837,I4779,15634.0,15640.0,brown,1
J1837,I6123,21009.0,21019.0,brown,3
J2560,I3918,12087.0,12088.0,green,1
J2560,I3983,12347.0,12353.0,green,1
J2560,I4367,13949.0,13950.0,red,1
J2560,I4527,14595.0,14597.0,green,1
J3319,I5091,16902.0,16910.0,green,1
J3319,I6978,24149.0,24150.0,brown,1
J3319,I8560,28675.0,28682.0,green,2
J4366,I6334,21775.0,21786.0,green,5
J3058,I7945,27086.0,27088.0,brown,2
J3058,I8137,27630.0,27635.0,brown,2
J3058,I8138,27635.0,27637.0,green,1
J3058,I8578,28717.0,28720.0,green,1
J1881,I2089,5288.0,5290.0,green,1
J1881,I2377,6276.0,6281.0,red,1
J1881,I4874,16029.0,16032.0,green,2
J4802,I7693,26349.0,26357.0,brown,1
J4802,I7821,26736.0,26739.0,brown,1
J4802,I7854,26824.0,26827.0,green,1
J4802,I8590,28745.0,28749.0,green,3
J1089,I1709,4041.0,4046.0,green,1
J1089,I1997,4927.0,4932.0,green,2
J1578,I4637,15034.0,15049.0,green,3
J1578,I7549,25953.0,25964.0,green,3
J61,I514,955.0,957.0,brown,2
J61,I2594,7005.0,7007.0,brown,1
J61,I3683,11023.0,11034.0,green,1
J61,I5411,18212.0,18216.0,green,1
J61,I6810,23470.0,23487.0,green,1
J3457,I4573,14794.0,14803.0,green,2
J3457,I4605,14907.0,14910.0,brown,2
J1722,I2494,6667.0,6677.0,green,1
J1722,I2751,7553.0,7561.0,green,1
J1722,I3751,11359.0,11361.0,green,1
J1722,I4172,13187.0,13197.0,green,3
J2155,I2879,7994.0,7995.0,red,1
J2155,I2943,8199.0,8207.0,red,1
J2155,I6176,21211.0,21229.0,green,2
J4621,I8035,27327.0,27332.0,green,2
J4621,I8167,27727.0,27732.0,green,2
J2846,I8548,28641.0,28643.0,green,2
J574,I4573,14794.0,14803.0,green,1
J574,I5916,20161.0,20164.0,brown,1
J574,I8221,27851.0,27853.0,green,2
J574,I8893,29402.0,29404.0,green,1
J3255,I5067,16815.0,16818.0,brown,2
J2916,I2433,6471.0,6482.0,green,2
J2916,I2466,6588.0,6594.0,green,1
J2916,I3617,10756.0,10764.0,brown,1
J2916,I4802,15703.0,15706.0,green,1
J3772,I8564,28695.0,28697.0,green,1
J3772,I9184,29925.0,29927.0,green,1
J3772,I9204,29954.0,29955.0,green,1
J3772,I9216,29972.0,29975.0,green,2
J3772,I9222,29987.0,29988.0,green,1
J2546,I3708,11143.0,11149.0,green,1
J2546,I3709,11149.0,11155.0,green,3
J2546,I4204,13321.0,13325.0,brown,1
J2546,I4841,15884.0,15895.0,green,1
J851,I843,1720.0,1722.0,green,1
J851,I876,1806.0,1809.0,green,1
J851,I1163,2509.0,2512.0,red,2
J851,I1676,3906.0,3911.0,brown,1
J851,I3436,10105.0,10109.0,green,1
J3848,I3706,11134.0,11141.0,green,2
J3848,I3770,11444.0,11449.0,red,2
J3848,I5307,17785.0,17798.0,green,1
J3848,I6011,20540.0,20542.0,green,1
J1983,I2013,4998.0,5001.0,green,1
J1983,I4004,12437.0,12442.0,green,2
J803,I1191,2577.0,2580.0,green,2
J803,I1288,2818.0,2822.0,green,1
J803,I1319,2912.0,2915.0,red,1
J803,I1800,4310.0,4315.0,green,1
J803,I2120,5372.0,5376.0,green,1
J3567,I5460,18392.0,18393.0,green,1
J3567,I6266,21515.0,21526.0,green,1
J3439,I3270,9493.0,9505.0,green,1
J3439,I3911,12035.0,12050.0,green,1
J3439,I5319,17845.0,17849.0,green,1
J3439,I5351,17959.0,17960.0,green,1
J809,I1343,2964.0,2967.0,green,1
J809,I1535,3472.0,3476.0,brown,1
J809,I1536,3476.0,3481.0,green,3
J809,I4004,12437.0,12442.0,green,1
J3218,I5462,18394.0,18398.0,green,3
J3218,I5525,18603.0,18607.0,brown,1
J3218,I5622,19017.0,19034.0,green,1
J3218,I5814,19772.0,19773.0,green,1
J1216,I546,1015.0,1017.0,red,1
J1216,I5379,18075.0,18090.0,green,1
J1216,I6972,24125.0,24133.0,green,1
J1216,I7285,25165.0,25181.0,green,1
J1279,I1320,2915.0,2918.0,red,1
J1279,I8249,27932.0,27936.0,green,2
J1279,I9076,29748.0,29750.0,brown,1
J3985,I1642,3797.0,3799.0,brown,1
J3985,I3627,10794.0,10800.0,green,2
J3985,I4490,14436.0,14448.0,brown,2
J2186,I3599,10689.0,10696.0,green,2
J2186,I3600,10696.0,10698.0,green,1
J2186,I3632,10818.0,10823.0,green,1
J2186,I3856,11790.0,11797.0,brown,1
J4044,I2619,7110.0,7118.0,green,1
J4044,I2683,7336.0,7342.0,brown,1
J4044,I5116,17027.0,17035.0,green,1
J4044,I5948,20301.0,20303.0,green,2
J4044,I6876,23759.0,23760.0,brown,1
J4848,I6264,21502.0,21512.0,green,2
J4848,I8952,29524.0,29525.0,green,1
J4848,I8984,29574.0,29576.0,green,2
J4362,I2916,8127.0,8132.0,green,1
J4362,I8581,28724.0,28728.0,green,2
J128,I167,264.0,266.0,green,1
J128,I2215,5735.0,5750.0,green,3
J128,I2311,6067.0,6069.0,green,1
J128,I3655,10908.0,10912.0,brown,1
J2492,I4459,14295.0,14302.0,green,1
J2492,I4491,14448.0,14450.0,brown,1
J2492,I4556,14717.0,14723.0,green,4
J722,I1456,3301.0,3304.0,brown,2
J722,I5585,18869.0,18876.0,green,2
J1151,I5171,17263.0,17264.0,brown,1
J1151,I5388,18122.0,18131.0,green,4
J1151,I5812,19758.0,19764.0,green,1
J2275,I2157,5508.0,5523.0,green,1
J2275,I2956,8263.0,8266.0,green,1
J2275,I3532,10467.0,10473.0,green,2
J2275,I4173,13197.0,13208.0,green,1
J319,I7311,25255.0,25256.0,brown,1
J319,I7432,25634.0,25637.0,green,2
J319,I7463,25735.0,25743.0,brown,1
J319,I7628,26172.0,26173.0,green,1
J4133,I4542,14658.0,14661.0,green,2
J4133,I4830,15824.0,15838.0,green,1
J4133,I5374,18045.0,18063.0,green,1
J1280,I2741,7525.0,7527.0,green,1
J1280,I2868,7959.0,7962.0,green,1
J1280,I2949,8231.0,8235.0,green,1
J1280,I3428,10069.0,10078.0,brown,1
J2590,I4154,13105.0,13110.0,green,2
J2590,I4473,14345.0,14349.0,red,1
J2590,I4730,15425.0,15436.0,green,2
J2590,I7257,25051.0,25054.0,brown,1
J610,I3172,9132.0,9142.0,green,4
J4488,I7965,27135.0,27141.0,green,3
J4488,I8093,27484.0,27487.0,green,1
J4488,I8284,28004.0,28006.0,brown,1
J4488,I8557,28668.0,28671.0,green,1
J835,I880,1814.0,1818.0,brown,1
J835,I944,1962.0,1963.0,red,1
J835,I5681,19252.0,19260.0,green,1
J835,I5969,20377.0,20381.0,green,1
J835,I6129,21036.0,21039.0,green,1
J4599,I6176,21211.0,21229.0,green,3
J4599,I6304,21652.0,21658.0,green,1
J761,I259,433.0,436.0,green,1
J761,I419,762.0,766.0,red,1
J761,I1283,2804.0,2809.0,green,1
J1099,I2256,5870.0,5872.0,red,1
J1099,I7409,25547.0,25552.0,green,1
J1099,I7778,26609.0,26617.0,brown,1
J4979,I5268,17617.0,17624.0,brown,3
J4979,I5813,19764.0,19772.0,green,1
J4979,I8789,29182.0,29192.0,green,1
J4979,I9149,29871.0,29873.0,green,1
J1572,I10,13.0,15.0,green,1
J1572,I35,50.0,52.0,green,1
J1572,I196,317.0,322.0,green,1
J1086,I479,882.0,885.0,green,2
J1086,I1215,2630.0,2631.0,brown,1
J1086,I2175,5587.0,5595.0,green,2
J1491,I3120,8918.0,8922.0,green,1
J1491,I3185,9177.0,9199.0,green,1
J1491,I3761,11406.0,11410.0,green,1
J1867,I1118,2397.0,2409.0,brown,1
J1867,I6559,22559.0,22565.0,green,3
J1867,I6947,24007.0,24010.0,green,2
J3140,I1410,3150.0,3152.0,red,1
J3140,I1442,3244.0,3246.0,green,1
J3140,I1666,3874.0,3876.0,brown,1
J3140,I1858,4495.0,4496.0,brown,1
J3140,I3171,9122.0,9132.0,green,1
J3140,I5547,18699.0,18707.0,green,1
J800,I5772,19623.0,19626.0,green,1
J800,I6475,22279.0,22284.0,brown,2
J739,I1600,3650.0,3653.0,green,1
J739,I1601,3653.0,3663.0,green,3
J739,I2593,7000.0,7005.0,green,1
J739,I2712,7422.0,7424.0,green,1
J273,I1439,3234.0,3236.0,green,1
J273,I3904,11990.0,12003.0,green,2
J273,I4960,16380.0,16385.0,green,2
J2939,I106,155.0,156.0,brown,1
J2939,I6059,20747.0,20753.0,green,2
J149,I3929,12127.0,12131.0,green,2
J149,I5402,18175.0,18185.0,green,4
J3833,I3094,8808.0,8810.0,red,1
J3833,I4567,14765.0,14771.0,green,1
J4876,I5549,18708.0,18717.0,green,1
J4876,I7213,24893.0,24904.0,green,2
J4876,I7629,26173.0,26174.0,green,1
J4876,I8173,27743.0,27748.0,brown,1
J719,I1509,3404.0,3409.0,green,2
J719,I1541,3492.0,3495.0,green,1
J719,I2928,8163.0,8165.0,green,1
J3741,I5420,18243.0,18244.0,green,1
J3741,I5452,18372.0,18373.0,green,1
J3741,I5453,18373.0,18375.0,green,1
J3741,I5549,18708.0,18717.0,green,1
J2857,I1962,4830.0,4835.0,red,1
J2857,I2795,7688.0,7690.0,green,2
J2857,I6333,21767.0,21775.0,green,1
J2857,I6955,24049.0,24059.0,green,1
J3432,I4563,14742.0,14744.0,green,1
J3432,I5170,17260.0,17263.0,brown,2
J1383,I4062,12727.0,12728.0,brown,1
J1383,I5375,18063.0,18067.0,green,1
J1383,I8231,27878.0,27881.0,green,1
J843,I1648,3816.0,3819.0,brown,1
J843,I6097,20892.0,20896.0,green,2
J843,I6697,23055.0,23064.0,green,1
J182,I256,430.0,431.0,green,1
J182,I290,497.0,500.0,green,3
J182,I353,609.0,612.0,green,2
J3147,I5409,18207.0,18209.0,green,1
J3147,I5441,18339.0,18340.0,brown,1
J3147,I5474,18444.0,18446.0,green,1
J332,I770,1550.0,1551.0,red,1
J332,I802,1622.0,1623.0,brown,1
J332,I1250,2738.0,2745.0,green,1
J332,I1283,2804.0,2809.0,green,1
J332,I2179,5609.0,5614.0,green,2
J3464,I3621,10775.0,10778.0,green,1
J3464,I3653,10903.0,10906.0,brown,2
J3464,I4166,13157.0,13166.0,green,1
J3464,I6822,23536.0,23554.0,green,1
J3464,I7077,24481.0,24482.0,brown,1
J2679,I4072,12761.0,12768.0,brown,1
J2679,I7612,26127.0,26131.0,green,2
J3883,I4045,12628.0,12629.0,green,1
J3883,I4046,12629.0,12638.0,green,3
J3883,I7582,26040.0,26041.0,green,1
J3883,I7742,26488.0,26489.0,brown,1
J304,I609,1164.0,1166.0,green,1
J304,I705,1402.0,1410.0,green,1
J304,I1026,2153.0,2156.0,green,2
J304,I1250,2738.0,2745.0,green,1
J304,I2114,5352.0,5359.0,green,1
J278,I900,1860.0,1863.0,brown,1
J278,I1060,2261.0,2267.0,green,1
J278,I1444,3248.0,3250.0,green,1
J171,I949,1976.0,1977.0,brown,1
J171,I1046,2213.0,2221.0,green,3
J171,I4526,14583.0,14595.0,green,2
J219,I1689,3965.0,3970.0,green,1
J219,I2584,6970.0,6974.0,brown,1
J219,I5401,18173.0,18175.0,green,1
J219,I6138,21053.0,21059.0,green,1
J3715,I3108,8851.0,8863.0,red,2
J3715,I4485,14419.0,14422.0,green,1
J3715,I5381,18091.0,18099.0,green,3
J1760,I2012,4990.0,4998.0,green,1
J1760,I2621,7120.0,7131.0,green,1
J1760,I3805,11567.0,11575.0,green,1
J3524,I2826,7818.0,7821.0,brown,2
J3524,I2858,7918.0,7921.0,green,1
J3524,I3082,8750.0,8751.0,brown,1
J3524,I5195,17350.0,17352.0,green,1
J3524,I6589,22691.0,22696.0,green,1
J1281,I720,1433.0,1437.0,red,1
J1281,I2609,7055.0,7069.0,green,1
J1281,I3792,11505.0,11508.0,green,1
J1281,I4305,13683.0,13688.0,green,2
J1281,I5327,17864.0,17872.0,brown,1
J3335,I6918,23932.0,23935.0,brown,1
J3335,I9223,29988.0,29989.0,green,1
J3335,I9229,29996.0,29998.0,green,2
J3335,I9230,29998.0,29999.0,green,1
J3335,I9231,29999.0,30000.0,green,1
J1693,I3223,9328.0,9335.0,green,1
J1693,I5079,16842.0,16853.0,green,1
J1693,I5463,18398.0,18401.0,green,2
J4555,I4516,14526.0,14537.0,brown,1
J4555,I8485,28492.0,28496.0,green,2
J2466,I3513,10402.0,10405.0,green,2
J2466,I5273,17637.0,17641.0,brown,1
J2466,I7290,25187.0,25188.0,green,1
J504,I381,676.0,681.0,red,1
J504,I541,1001.0,1003.0,brown,1
J504,I574,1084.0,1086.0,green,1
J504,I2589,6985.0,6987.0,green,1
J504,I5022,16650.0,16660.0,green,1
J504,I5501,18518.0,18520.0,brown,1
J1403,I3898,11960.0,11965.0,green,1
J1403,I4410,14100.0,14106.0,green,4
J2392,I2978,8334.0,8344.0,green,3
J2392,I3010,8473.0,8474.0,red,1
J2392,I5419,18240.0,18243.0,green,1
J1787,I3519,10429.0,10431.0,green,1
J1787,I3551,10541.0,10542.0,brown,1
J1787,I3583,10636.0,10639.0,red,1
J1787,I3679,11012.0,11017.0,green,1
J1787,I3711,11156.0,11162.0,green,1
J1787,I5033,16697.0,16698.0,green,1
J3059,I2404,6395.0,6399.0,brown,1
J3059,I5317,17836.0,17843.0,green,5
J178,I319,552.0,553.0,green,1
J178,I351,604.0,605.0,green,1
J178,I575,1086.0,1092.0,green,1
J178,I671,1319.0,1326.0,green,1
J178,I1504,3394.0,3398.0,green,1
J178,I2016,5010.0,5011.0,green,1
J1648,I4133,12985.0,12995.0,green,2
J1648,I4805,15719.0,15727.0,green,2
J1648,I6837,23608.0,23610.0,green,1
J167,I361,631.0,635.0,green,2
J167,I393,699.0,703.0,green,1
J167,I1512,3417.0,3419.0,green,1
J167,I2127,5391.0,5392.0,green,1
J3170,I947,1965.0,1971.0,red,1
J3170,I1267,2779.0,2780.0,brown,1
J3170,I2484,6636.0,6651.0,green,1
J3170,I3955,12235.0,12241.0,green,1
J3170,I6724,23139.0,23140.0,green,1
J3170,I6972,24125.0,24133.0,green,1
J1682,I2614,7089.0,7093.0,green,2
J1682,I3734,11251.0,11256.0,green,1
J3011,I2906,8088.0,8093.0,brown,1
J3011,I4251,13480.0,13483.0,green,1
J3825,I4091,12815.0,12816.0,red,1
J3825,I6908,23890.0,23893.0,green,1
J3825,I6991,24198.0,24202.0,brown,3
J3825,I7132,24656.0,24659.0,green,1
J510,I1211,2624.0,2626.0,green,1
J510,I1243,2718.0,2727.0,brown,2
J510,I1307,2876.0,2878.0,red,1
J510,I3900,11975.0,11980.0,green,2
J605,I2184,5621.0,5625.0,green,2
J1107,I1816,4369.0,4370.0,red,1
J1107,I1912,4651.0,4653.0,brown,2
J1107,I2552,6851.0,6852.0,green,1
J1785,I2507,6709.0,6714.0,green,1
J1785,I6284,21573.0,21575.0,green,2
J1785,I7404,25531.0,25538.0,green,3
J4220,I5007,16586.0,16587.0,green,1
J4220,I8873,29360.0,29367.0,green,2
J4220,I9027,29656.0,29657.0,green,1
J1364,I667,1297.0,1316.0,green,1
J1364,I3067,8690.0,8694.0,green,1
J1364,I4140,13020.0,13034.0,green,1
J1364,I4252,13483.0,13487.0,green,2
J4215,I5447,18357.0,18359.0,green,2
J4215,I5639,19115.0,19123.0,green,4
J770,I747,1504.0,1506.0,red,1
J770,I779,1575.0,1577.0,brown,1
J770,I1144,2466.0,2473.0,green,1
J3496,I4216,13355.0,13366.0,green,2
J3496,I6432,22112.0,22113.0,green,1
J3532,I4900,16155.0,16160.0,green,1
J3532,I5123,17061.0,17067.0,brown,3
J3532,I6083,20846.0,20854.0,brown,1
J33,I950,1977.0,1983.0,brown,1
J33,I3223,9328.0,9335.0,green,2
J33,I6819,23520.0,23525.0,green,2
J4449,I4182,13232.0,13235.0,green,1
J4449,I5143,17129.0,17130.0,brown,1
J4449,I5591,18890.0,18892.0,brown,1
J4449,I8135,27622.0,27628.0,brown,1
J4449,I8199,27798.0,27802.0,brown,2
J2142,I3454,10167.0,10171.0,red,1
J2142,I4191,13276.0,13281.0,green,1
J2142,I6079,20829.0,20835.0,green,2
J2142,I6591,22701.0,22705.0,green,1
J3501,I472,871.0,872.0,red,1
J3501,I2713,7424.0,7427.0,green,1
J3501,I5825,19802.0,19808.0,green,2
J3501,I6334,21775.0,21786.0,green,1
J3501,I6368,21901.0,21909.0,brown,1
J4417,I1964,4836.0,4837.0,red,1
J4417,I2060,5190.0,5191.0,red,1
J4417,I2861,7928.0,7933.0,green,1
J4417,I7789,26640.0,26643.0,green,1
J4417,I7805,26679.0,26683.0,green,2
J68,I2433,6471.0,6482.0,green,1
J2815,I3129,8950.0,8953.0,green,2
J2815,I7610,26121.0,26124.0,green,2
J3108,I407,739.0,742.0,red,1
J3108,I471,867.0,871.0,red,1
J3108,I984,2065.0,2066.0,green,1
J3108,I1176,2540.0,2541.0,green,1
J4913,I7393,25488.0,25491.0,green,1
J4913,I7521,25881.0,25885.0,green,2
J4913,I7840,26784.0,26785.0,brown,1
J4913,I7905,26987.0,26991.0,green,1
J4913,I7936,27066.0,27069.0,brown,1
J2624,I3991,12377.0,12382.0,green,3
J2624,I4567,14765.0,14771.0,green,2
J2624,I4759,15550.0,15560.0,green,1
J4233,I6447,22172.0,22175.0,green,1
J4233,I7055,24421.0,24426.0,green,1
J4233,I7119,24619.0,24621.0,green,2
J3528,I8224,27858.0,27864.0,green,1
J3528,I8352,28173.0,28180.0,green,3
J131,I394,703.0,707.0,green,3
J131,I395,707.0,716.0,green,1
J131,I948,1971.0,1976.0,brown,1
J131,I1528,3458.0,3460.0,brown,1
J886,I1597,3639.0,3645.0,green,3
J886,I1788,4275.0,4278.0,green,2
J886,I2845,7878.0,7880.0,green,1
J3793,I4987,16509.0,16510.0,green,1
J3793,I5388,18122.0,18131.0,green,1
J3793,I8051,27360.0,27369.0,brown,1
J581,I3958,12248.0,12250.0,green,1
J581,I4054,12671.0,12678.0,green,2
J581,I4118,12897.0,12903.0,green,1
J581,I4661,15152.0,15155.0,green,1
J3597,I5658,19173.0,19185.0,brown,4
J3597,I5755,19563.0,19567.0,green,1
J3597,I6811,23487.0,23492.0,green,1
J4271,I3516,10414.0,10416.0,green,2
J4271,I6429,22104.0,22107.0,green,1
J4271,I7036,24348.0,24351.0,brown,1
J4271,I7069,24459.0,24461.0,green,1
J4271,I8149,27664.0,27668.0,green,1
J2166,I4594,14880.0,14881.0,red,1
J2166,I4690,15260.0,15269.0,red,1
J2166,I5011,16603.0,16614.0,brown,2
J4119,I6971,24122.0,24125.0,green,3
J4119,I7067,24454.0,24455.0,green,1
J4119,I7131,24654.0,24656.0,green,2
J1429,I3006,8455.0,8462.0,green,1
J1429,I3054,8633.0,8640.0,green,2
J1429,I3069,8704.0,8711.0,green,1
J1429,I3071,8712.0,8715.0,green,2
J3601,I4420,14146.0,14149.0,green,2
J3601,I4451,14271.0,14274.0,green,2
J3601,I4452,14274.0,14279.0,green,2
J1495,I542,1003.0,1006.0,red,1
J1495,I958,1995.0,1997.0,brown,1
J1495,I4767,15583.0,15587.0,green,2
J628,I750,1510.0,1511.0,red,1
J628,I782,1582.0,1583.0,red,1
J628,I1711,4048.0,4052.0,green,1
J628,I3503,10369.0,10381.0,green,1
J628,I5199,17357.0,17361.0,green,1
J4801,I5385,18115.0,18117.0,green,1
J4801,I6697,23055.0,23064.0,green,1
J4774,I7171,24758.0,24761.0,green,1
J4774,I7891,26956.0,26958.0,green,1
J4774,I8659,28909.0,28911.0,green,1
J4774,I8706,29018.0,29019.0,brown,1
J3249,I466,854.0,859.0,red,2
J3249,I882,1821.0,1822.0,brown,1
J3249,I5395,18154.0,18156.0,green,1
J3249,I7811,26707.0,26708.0,green,1
J3249,I7827,26757.0,26758.0,brown,1
J3565,I3630,10806.0,10813.0,green,2
J3565,I6574,22626.0,22628.0,brown,1
J3565,I7694,26357.0,26360.0,brown,3
J4791,I5939,20257.0,20264.0,green,1
J4791,I6354,21857.0,21860.0,brown,1
J4791,I6482,22301.0,22302.0,brown,1
J4791,I8243,27915.0,27918.0,green,1
J1258,I2017,5011.0,5026.0,green,1
J1258,I2368,6242.0,6250.0,red,1
J1258,I3841,11721.0,11730.0,green,1
J4945,I7253,25045.0,25046.0,brown,1
J4945,I7286,25181.0,25182.0,green,1
J4945,I9146,29867.0,29868.0,green,1
J4125,I464,849.0,851.0,red,1
J4125,I688,1368.0,1369.0,green,1
J4125,I6001,20513.0,20514.0,green,1
J4125,I6977,24144.0,24149.0,brown,2
J4125,I7289,25185.0,25187.0,green,1
J12,I850,1736.0,1740.0,brown,1
J12,I3954,12226.0,12235.0,green,1
J276,I360,626.0,631.0,green,2
J276,I3721,11192.0,11200.0,green,3
J2755,I4779,15634.0,15640.0,brown,1
J2755,I5004,16577.0,16584.0,green,1
J969,I1699,3992.0,3998.0,red,1
J969,I2948,8227.0,8231.0,green,1
J2549,I1867,4517.0,4520.0,brown,2
J2549,I1930,4704.0,4710.0,red,1
J1556,I1253,2754.0,2755.0,green,1
J1556,I1414,3160.0,3170.0,red,1
J1556,I4614,14932.0,14939.0,green,2
J1556,I5622,19017.0,19034.0,green,2
J4572,I5917,20164.0,20166.0,brown,2
J4572,I7230,24975.0,24976.0,green,1
J4572,I7358,25388.0,25390.0,green,1
J4572,I8508,28552.0,28553.0,green,1
J4572,I8574,28712.0,28713.0,green,1
J2854,I2441,6507.0,6509.0,green,1
J2854,I2537,6805.0,6809.0,red,1
J2854,I4074,12773.0,12775.0,brown,1
J3572,I5079,16842.0,16853.0,green,2
J3572,I5623,19034.0,19038.0,green,2
J3572,I7846,26797.0,26810.0,brown,1
J3572,I8054,27379.0,27381.0,brown,1
J945,I4125,12948.0,12960.0,green,2
J945,I4221,13377.0,13386.0,green,1
J3217,I3531,10458.0,10467.0,green,2
J3217,I3626,10792.0,10794.0,green,1
J3217,I3882,11901.0,11906.0,brown,1
J3217,I4939,16282.0,16286.0,green,2
J3049,I7180,24780.0,24782.0,green,2
J3049,I7340,25321.0,25324.0,green,1
J3049,I8396,28289.0,28291.0,green,1
J1974,I3040,8578.0,8581.0,red,1
J1974,I3233,9360.0,9363.0,green,1
J1974,I3329,9710.0,9714.0,green,1
J1974,I5825,19802.0,19808.0,green,2
J1410,I1806,4330.0,4332.0,green,2
J1410,I2031,5063.0,5071.0,green,2
J1410,I4719,15384.0,15387.0,green,1
J1410,I4751,15508.0,15521.0,green,1
J2212,I4152,13099.0,13102.0,green,2
J2212,I5820,19784.0,19792.0,green,2
J2212,I5936,20234.0,20252.0,green,2
J2371,I4137,13005.0,13013.0,green,3
J2371,I4168,13167.0,13172.0,green,1
J2371,I4264,13565.0,13569.0,brown,1
J2371,I4296,13664.0,13665.0,brown,1
J1510,I3340,9746.0,9753.0,green,2
J1510,I3628,10800.0,10804.0,green,1
J1510,I3821,11646.0,11649.0,green,1
J4660,I3817,11615.0,11629.0,green,1
J4660,I4360,13915.0,13925.0,red,1
J4660,I7080,24485.0,24499.0,brown,1
J4660,I8113,27539.0,27546.0,green,1
J4660,I8361,28206.0,28208.0,green,1
J3441,I1126,2420.0,2422.0,red,1
J3441,I6599,22737.0,22746.0,green,1
J3441,I6902,23864.0,23867.0,brown,2
J2845,I3158,9075.0,9078.0,red,1
J2845,I6167,21155.0,21165.0,green,2
J2845,I7095,24547.0,24548.0,green,1
J2845,I8355,28183.0,28190.0,green,2
J2167,I4132,12981.0,12985.0,green,3
J2167,I4164,13149.0,13156.0,green,1
J508,I554,1033.0,1040.0,red,1
J508,I1674,3901.0,3903.0,brown,1
J508,I6059,20747.0,20753.0,green,1
J508,I7787,26636.0,26639.0,green,1
J3180,I2526,6784.0,6787.0,red,1
J3180,I2751,7553.0,7561.0,green,1
J3180,I6559,22559.0,22565.0,green,1
J3180,I7183,24785.0,24798.0,brown,1
J3180,I7327,25299.0,25300.0,brown,1
J3180,I7888,26951.0,26953.0,green,1
J3531,I4097,12827.0,12830.0,green,1
J3531,I4738,15468.0,15472.0,green,1
J3531,I5026,16665.0,16669.0,green,2
J3531,I6209,21340.0,21346.0,brown,1
J1125,I1413,3156.0,3160.0,red,1
J1125,I8182,27761.0,27764.0,green,2
J3133,I2603,7034.0,7035.0,green,1
J3133,I2731,7487.0,7492.0,brown,1
J3133,I3820,11639.0,11646.0,green,2
J3156,I4751,15508.0,15521.0,green,1
J507,I1174,2533.0,2534.0,green,1
J507,I1431,3218.0,3219.0,red,1
J507,I4343,13818.0,13821.0,green,2
J507,I8119,27571.0,27573.0,green,1
J507,I8567,28701.0,28702.0,green,1
J1915,I4059,12703.0,12719.0,brown,1
J1915,I6828,23575.0,23582.0,green,2
J1915,I7580,26029.0,26037.0,green,1
J2606,I4149,13072.0,13083.0,red,1
J2606,I4437,14220.0,14224.0,brown,2
J2606,I7062,24444.0,24448.0,green,2
J554,I1317,2898.0,2908.0,green,2
J554,I1604,3670.0,3672.0,green,2
J554,I2980,8345.0,8354.0,green,2
J1345,I2087,5271.0,5282.0,green,1
J1345,I2343,6150.0,6155.0,brown,2
J1345,I2375,6270.0,6274.0,red,1
J1345,I7559,25986.0,25992.0,brown,1
J1345,I8456,28426.0,28430.0,green,1
J4827,I5344,17923.0,17926.0,brown,2
J4827,I5473,18435.0,18444.0,green,1
J4827,I8708,29020.0,29024.0,brown,1
J2393,I2863,7934.0,7939.0,green,1
J2393,I2894,8041.0,8053.0,red,2
J2393,I3086,8771.0,8773.0,brown,1
J2393,I5342,17909.0,17918.0,brown,1
J2393,I6170,21176.0,21180.0,green,1
J594,I1185,2565.0,2566.0,green,1
J594,I1217,2634.0,2635.0,brown,1
J594,I1767,4215.0,4219.0,brown,1
J594,I1808,4334.0,4343.0,green,2
J1828,I3163,9088.0,9092.0,red,1
J1828,I4059,12703.0,12719.0,brown,1
J1828,I4348,13835.0,13839.0,green,2
J1592,I498,921.0,924.0,brown,1
J1592,I530,986.0,987.0,brown,1
J1592,I2291,5992.0,5997.0,green,1
J1592,I2868,7959.0,7962.0,green,1
J1592,I3860,11807.0,11817.0,brown,1
J1939,I213,352.0,357.0,brown,2
J4162,I3857,11797.0,11800.0,brown,2
J4162,I4017,12507.0,12508.0,brown,1
J4162,I5106,16994.0,17000.0,brown,1
J4162,I8898,29417.0,29419.0,green,2
J1011,I1999,4936.0,4947.0,green,1
J1011,I2190,5642.0,5654.0,green,1
J214,I305,524.0,528.0,brown,4
J354,I526,979.0,980.0,green,1
J354,I527,980.0,982.0,red,1
J354,I719,1431.0,1433.0,red,1
J354,I4142,13037.0,13040.0,brown,1
J354,I6617,22806.0,22808.0,green,1
J3112,I4257,13501.0,13514.0,green,2
J3112,I4354,13886.0,13893.0,green,2
J3112,I5889,20071.0,20077.0,brown,1
J2097,I2845,7878.0,7880.0,green,1
J2097,I2846,7880.0,7883.0,green,1
J2097,I2909,8104.0,8113.0,brown,1
J2937,I3340,9746.0,9753.0,green,1
J2937,I5580,18845.0,18851.0,green,4
J2811,I4667,15169.0,15173.0,green,1
J2811,I4698,15302.0,15303.0,brown,1
J2811,I4730,15425.0,15436.0,green,1
J2811,I4858,15971.0,15973.0,brown,2
J2906,I4490,14436.0,14448.0,brown,1
J2906,I5898,20113.0,20120.0,brown,1
J1316,I1680,3922.0,3928.0,green,1
J1316,I1711,4048.0,4052.0,green,1
J1316,I1935,4732.0,4735.0,red,1
J1316,I2128,5392.0,5401.0,green,2
J1316,I2415,6422.0,6428.0,red,1
J3994,I1728,4097.0,4099.0,red,1
J3994,I2688,7348.0,7349.0,brown,1
J3994,I7233,24979.0,24980.0,green,1
J3994,I7265,25071.0,25074.0,brown,2
J3994,I7617,26142.0,26148.0,green,1
J2775,I1525,3453.0,3454.0,red,1
J2775,I6933,23972.0,23980.0,brown,1
J2775,I8058,27389.0,27392.0,green,2
J2775,I8133,27611.0,27614.0,brown,1
J4468,I4395,14046.0,14049.0,brown,2
J4468,I6156,21116.0,21119.0,green,3
J4468,I9076,29748.0,29750.0,brown,1
J3698,I580,1103.0,1104.0,green,1
J3698,I4069,12749.0,12752.0,green,1
J4389,I8224,27858.0,27864.0,green,2
J634,I1069,2278.0,2280.0,green,1
J634,I2157,5508.0,5523.0,green,3
J634,I2485,6651.0,6653.0,green,1
J4858,I2996,8428.0,8430.0,red,2
J4858,I7285,25165.0,25181.0,green,1
J4787,I6884,23790.0,23793.0,brown,3
J4787,I7140,24679.0,24681.0,brown,2
J4787,I8549,28643.0,28647.0,green,1
J2776,I726,1452.0,1455.0,red,1
J2776,I950,1977.0,1983.0,brown,1
J2776,I4407,14091.0,14094.0,green,1
J2776,I6791,23386.0,23390.0,green,1
J2776,I7241,25003.0,25004.0,green,1
J529,I2181,5617.0,5618.0,green,1
J529,I3205,9273.0,9275.0,brown,1
J529,I6949,24015.0,24020.0,green,1
J1476,I2147,5473.0,5480.0,green,2
J1476,I2180,5614.0,5617.0,green,1
J1476,I2212,5729.0,5733.0,green,1
J539,I3733,11248.0,11251.0,brown,1
J539,I7798,26668.0,26671.0,green,2
J539,I8078,27440.0,27444.0,green,1
J2077,I3417,10039.0,10043.0,red,2
J2077,I3449,10142.0,10143.0,green,1
J2077,I3706,11134.0,11141.0,green,2
J2079,I3335,9734.0,9735.0,green,1
J2079,I3367,9859.0,9860.0,green,1
J2079,I4648,15095.0,15101.0,green,1
J2079,I6336,21787.0,21792.0,green,1
J2238,I1288,2818.0,2822.0,green,3
J2238,I1415,3170.0,3171.0,red,1
J2238,I1576,3570.0,3581.0,brown,1
J2238,I5231,17470.0,17478.0,brown,1
J4516,I6374,21919.0,21926.0,green,2
J3797,I6599,22737.0,22746.0,green,4
J4122,I3484,10308.0,10309.0,brown,1
J3613,I5466,18406.0,18413.0,green,2
J3613,I5529,18612.0,18613.0,brown,1
J3613,I5913,20151.0,20153.0,brown,1
J3613,I6586,22672.0,22687.0,green,2
J970,I2160,5535.0,5537.0,green,1
J970,I8593,28751.0,28756.0,green,1
J970,I8868,29352.0,29355.0,brown,3
J3072,I3804,11558.0,11567.0,green,1
J3072,I7549,25953.0,25964.0,green,1
J3072,I8052,27369.0,27378.0,brown,1
J3072,I8157,27691.0,27695.0,green,3
J2398,I7414,25573.0,25575.0,green,2
J2398,I7478,25772.0,25775.0,brown,1
J1653,I2141,5452.0,5457.0,green,1
J1653,I2174,5579.0,5587.0,green,3
J1653,I2302,6041.0,6046.0,brown,2
J4961,I5128,17082.0,17088.0,brown,2
J4961,I6409,22029.0,22037.0,green,1
J4961,I8329,28117.0,28118.0,green,1
J3877,I6715,23105.0,23108.0,green,1
J3877,I6731,23172.0,23174.0,green,1
J3877,I6890,23822.0,23824.0,brown,1
J2175,I3040,8578.0,8581.0,red,1
J2175,I3296,9595.0,9601.0,green,1
J2175,I3329,9710.0,9714.0,green,1
J2175,I4833,15846.0,15853.0,green,1
J2175,I6097,20892.0,20896.0,green,2
J1862,I1685,3941.0,3943.0,green,2
J1862,I3190,9210.0,9219.0,green,1
J1862,I5109,17003.0,17005.0,brown,1
J1862,I6758,23273.0,23274.0,green,1
J4330,I8068,27411.0,27416.0,green,2
J4330,I8876,29373.0,29375.0,green,1
J4330,I9004,29612.0,29615.0,green,1
J4330,I9128,29837.0,29840.0,green,1
J4330,I9164,29891.0,29893.0,green,1
J480,I916,1888.0,1898.0,brown,1
J480,I1173,2527.0,2533.0,green,1
J480,I4565,14755.0,14761.0,green,2
J3296,I2602,7033.0,7034.0,green,1
J3296,I2634,7170.0,7173.0,green,1
J3296,I2922,8146.0,8147.0,brown,1
J3296,I2954,8252.0,8257.0,green,1
J3296,I5502,18520.0,18526.0,brown,2
J1066,I2003,4957.0,4967.0,green,1
J1066,I2579,6958.0,6960.0,green,1
J1066,I4499,14478.0,14481.0,brown,1
J1066,I5780,19654.0,19658.0,green,3
J2308,I4027,12570.0,12576.0,green,2
J2308,I4123,12928.0,12933.0,green,1
J2308,I5547,18699.0,18707.0,green,1
J2308,I5597,18910.0,18913.0,green,1
J34,I1118,2397.0,2409.0,brown,2
J34,I4191,13276.0,13281.0,green,3
J34,I6319,21727.0,21728.0,green,1
J1911,I1671,3891.0,3892.0,brown,1
J1911,I7559,25986.0,25992.0,brown,1
J1911,I7911,27000.0,27006.0,brown,2
J1124,I2325,6101.0,6107.0,green,1
J1124,I3030,8538.0,8545.0,green,1
J4395,I7584,26042.0,26046.0,green,4
J4395,I7936,27066.0,27069.0,brown,2
J3297,I403,729.0,732.0,red,1
J3297,I2579,6958.0,6960.0,green,1
J3297,I5396,18156.0,18162.0,green,2
J3297,I6916,23921.0,23931.0,green,1
J833,I1194,2586.0,2588.0,green,1
J833,I1195,2588.0,2590.0,green,1
J833,I2091,5293.0,5297.0,green,1
J2242,I1234,2692.0,2695.0,green,1
J2242,I4051,12648.0,12669.0,green,1
J1059,I2472,6610.0,6613.0,green,3
J1059,I2504,6700.0,6702.0,green,2
J1059,I2600,7018.0,7031.0,green,1
J4650,I7079,24483.0,24485.0,brown,1
J4650,I7176,24770.0,24771.0,green,1
J1534,I1839,4430.0,4431.0,red,1
J1534,I8336,28142.0,28143.0,green,1
J1534,I8592,28750.0,28751.0,green,1
J1534,I8721,29043.0,29049.0,brown,1
J1534,I8817,29253.0,29256.0,brown,1
J2395,I3331,9719.0,9730.0,green,2
J2395,I3458,10182.0,10188.0,red,1
J4655,I3770,11444.0,11449.0,red,1
J4655,I6523,22440.0,22445.0,green,1
J4655,I8795,29205.0,29207.0,green,1
J4605,I4294,13659.0,13663.0,brown,2
J4605,I6951,24024.0,24034.0,green,2
J4605,I8951,29522.0,29524.0,green,2
J1418,I885,1826.0,1827.0,brown,1
J1418,I2550,6845.0,6849.0,green,3
J1418,I2838,7850.0,7860.0,green,1
J1418,I3893,11939.0,11940.0,green,1
J904,I1533,3467.0,3469.0,green,1
J904,I1661,3858.0,3862.0,brown,1
J904,I2046,5127.0,5133.0,green,4
J4115,I2969,8307.0,8309.0,brown,1
J2693,I213,352.0,357.0,brown,1
J2693,I4886,16073.0,16076.0,green,3
J2693,I6806,23446.0,23460.0,green,1
J2693,I6812,23492.0,23497.0,green,1
J3822,I6429,22104.0,22107.0,green,1
J3822,I6813,23497.0,23506.0,green,1
J3822,I8274,27983.0,27986.0,green,3
J3822,I8338,28144.0,28145.0,green,1
J996,I4018,12508.0,12516.0,brown,3
J2439,I4674,15185.0,15186.0,green,1
J2439,I6430,22107.0,22109.0,green,2
J2439,I6502,22376.0,22387.0,green,2
J2269,I368,647.0,648.0,green,1
J2269,I465,851.0,854.0,red,1
J2269,I496,919.0,920.0,brown,1
J2269,I754,1516.0,1517.0,red,1
J2269,I2705,7405.0,7408.0,green,1
J4622,I4911,16196.0,16201.0,green,2
J4622,I6831,23589.0,23591.0,green,1
J4622,I8079,27444.0,27455.0,green,3
J4106,I556,1042.0,1046.0,red,1
J4106,I1804,4323.0,4329.0,green,1
J4106,I6093,20886.0,20888.0,green,1
J4106,I7373,25431.0,25441.0,green,2
J4106,I7442,25669.0,25678.0,green,1
J2689,I3215,9309.0,9311.0,red,1
J2689,I8624,28819.0,28826.0,brown,1
J1812,I4838,15865.0,15871.0,green,1
J1812,I6725,23140.0,23146.0,brown,1
J1812,I6790,23378.0,23386.0,green,1
J1812,I6981,24155.0,24160.0,brown,1
J417,I898,1857.0,1858.0,brown,1
J417,I962,2008.0,2009.0,brown,1
J417,I1058,2255.0,2260.0,green,2
J417,I2152,5489.0,5496.0,green,1
J538,I827,1677.0,1678.0,red,1
J538,I923,1915.0,1918.0,green,1
J538,I1116,2391.0,2393.0,green,1
J538,I1663,3865.0,3868.0,brown,2
J2971,I4250,13478.0,13480.0,green,1
J2971,I5018,16633.0,16639.0,green,2
J4009,I3227,9347.0,9349.0,green,2
J4009,I4028,12576.0,12586.0,green,1
J4009,I4124,12933.0,12948.0,green,1
J4009,I7132,24656.0,24659.0,green,1
J4009,I7356,25377.0,25387.0,green,1
J4984,I5528,18611.0,18612.0,brown,1
J4984,I7480,25776.0,25778.0,brown,1
J4984,I7545,25940.0,25949.0,green,2
J4984,I9210,29961.0,29963.0,green,1
J4984,I9214,29968.0,29969.0,green,1
J875,I2062,5192.0,5198.0,red,2
J875,I2927,8162.0,8163.0,green,1
J1797,I2157,5508.0,5523.0,green,1
J1797,I2925,8149.0,8151.0,green,1
J1797,I2989,8396.0,8398.0,green,1
J1797,I3757,11388.0,11393.0,green,1
J3288,I2965,8285.0,8288.0,green,1
J3288,I3060,8661.0,8664.0,green,1
J3288,I3189,9207.0,9210.0,green,1
J3288,I3317,9669.0,9672.0,brown,1
J3288,I4565,14755.0,14761.0,green,1
J3288,I5365,18007.0,18010.0,green,1
J2523,I2982,8367.0,8389.0,green,3
J2523,I4526,14583.0,14595.0,green,3
J1535,I2787,7666.0,7667.0,red,1
J1535,I2851,7901.0,7902.0,green,1
J1535,I2884,8002.0,8005.0,red,1
J1535,I4188,13249.0,13269.0,green,2
J1535,I4263,13548.0,13565.0,brown,1
J3191,I5000,16555.0,16562.0,green,4
J3191,I5127,17081.0,17082.0,brown,1
J3191,I6887,23798.0,23807.0,brown,1
J710,I4338,13799.0,13803.0,brown,3
J710,I8794,29201.0,29205.0,green,2
J1988,I921,1908.0,1910.0,red,2
J1988,I985,2066.0,2067.0,red,1
J1988,I8986,29580.0,29582.0,green,2
J3430,I4916,16209.0,16212.0,green,1
J3430,I5107,17000.0,17002.0,brown,2
J3430,I6460,22238.0,22242.0,green,1
J1034,I2083,5265.0,5266.0,green,1
J1034,I2661,7257.0,7260.0,green,3
J1034,I4804,15708.0,15719.0,green,2
J1215,I521,970.0,973.0,green,1
J1215,I682,1354.0,1359.0,green,2
J1215,I1611,3702.0,3713.0,brown,2
J1215,I2915,8122.0,8127.0,green,1
J3149,I3472,10245.0,10247.0,red,1
J3149,I3888,11929.0,11932.0,brown,1
J3149,I7152,24707.0,24713.0,brown,1
J3149,I8433,28377.0,28384.0,green,1
J2614,I5236,17500.0,17504.0,brown,1
J2614,I7709,26392.0,26393.0,green,1
J32,I4051,12648.0,12669.0,green,3
J32,I5603,18934.0,18935.0,green,1
J32,I5755,19563.0,19567.0,green,1
J32,I5971,20382.0,20387.0,green,1
J1830,I3448,10139.0,10142.0,green,3
J1830,I3513,10402.0,10405.0,green,1
J4294,I4431,14192.0,14196.0,green,3
J1728,I4178,13219.0,13225.0,green,2
J1728,I4530,14605.0,14615.0,green,1
J1728,I4918,16217.0,16221.0,green,1
J553,I587,1113.0,1116.0,green,2
J553,I588,1116.0,1119.0,green,1
J553,I1324,2926.0,2929.0,green,2
J553,I1373,3047.0,3054.0,brown,1
J4780,I6299,21630.0,21635.0,green,2
J4780,I6362,21884.0,21890.0,brown,2
J705,I547,1017.0,1019.0,red,1
J705,I579,1101.0,1103.0,green,1
J705,I6020,20591.0,20592.0,green,1
J705,I7172,24761.0,24765.0,green,2
J1860,I1054,2242.0,2247.0,green,3
J1860,I1086,2323.0,2329.0,green,1
J1860,I2909,8104.0,8113.0,brown,1
J1860,I2941,8195.0,8198.0,brown,1
J349,I3131,8954.0,8963.0,green,4
J349,I3834,11691.0,11696.0,brown,1
J349,I4443,14238.0,14239.0,green,1
J4568,I4343,13818.0,13821.0,green,1
J4568,I4344,13821.0,13831.0,green,1
J4568,I4439,14226.0,14232.0,brown,1
J4568,I8631,28849.0,28850.0,brown,1
J4568,I8759,29121.0,29123.0,brown,2
J3393,I5775,19632.0,19639.0,brown,1
J3393,I5968,20369.0,20377.0,green,1
J3393,I6384,21954.0,21961.0,green,2
J3393,I7536,25921.0,25922.0,green,1
J3393,I7952,27102.0,27105.0,green,1
J3965,I3977,12320.0,12324.0,brown,1
J3965,I4170,13173.0,13180.0,green,4
J3965,I4233,13431.0,13432.0,red,1
J442,I422,770.0,772.0,green,1
J442,I487,900.0,904.0,green,2
J442,I519,965.0,969.0,green,2
J442,I4465,14313.0,14315.0,green,1
J1330,I2797,7693.0,7697.0,green,1
J1330,I4982,16483.0,16493.0,green,3
J3651,I5685,19270.0,19272.0,green,1
J3651,I5749,19537.0,19545.0,brown,3
J3651,I6134,21046.0,21048.0,green,1
J3651,I8086,27467.0,27469.0,green,1
J1883,I1659,3851.0,3857.0,brown,1
J1883,I3804,11558.0,11567.0,green,2
J1883,I4696,15286.0,15294.0,green,1
J2434,I3945,12190.0,12197.0,green,1
J2434,I7080,24485.0,24499.0,brown,1
J2434,I7112,24599.0,24605.0,brown,1
J2434,I7177,24771.0,24774.0,green,1
J2434,I8249,27932.0,27936.0,green,2
J477,I2346,6166.0,6170.0,brown,1
J477,I2506,6708.0,6709.0,green,1
J477,I3498,10348.0,10355.0,green,1
J477,I6346,21830.0,21831.0,brown,1
J477,I7850,26817.0,26820.0,brown,1
J477,I7885,26947.0,26948.0,green,1
J2459,I1052,2233.0,2238.0,green,3
J2459,I4125,12948.0,12960.0,green,1
J3697,I2390,6341.0,6348.0,red,1
J3697,I3735,11256.0,11266.0,green,2
J3697,I7846,26797.0,26810.0,brown,1
J3697,I7905,26987.0,26991.0,green,2
J3139,I5266,17610.0,17615.0,brown,1
J3139,I5779,19650.0,19654.0,green,3
J3139,I6453,22202.0,22213.0,green,2
J3972,I5944,20273.0,20278.0,green,5
J3972,I7720,26410.0,26411.0,green,1
J2889,I3984,12353.0,12360.0,green,2
J2889,I4016,12505.0,12507.0,brown,1
J2889,I4113,12881.0,12884.0,green,1
J2889,I4240,13452.0,13458.0,red,1
J3002,I5286,17678.0,17682.0,brown,1
J4445,I1675,3903.0,3906.0,brown,1
J4445,I6187,21273.0,21275.0,brown,2
J4445,I7852,26821.0,26823.0,green,1
J4445,I7884,26943.0,26947.0,green,1
J4445,I8135,27622.0,27628.0,brown,1
J3358,I3559,10574.0,10575.0,red,1
J3358,I6264,21502.0,21512.0,green,1
J2909,I4123,12928.0,12933.0,green,1
J2909,I4187,13248.0,13249.0,green,1
J2909,I5371,18019.0,18034.0,green,1
J2909,I6158,21122.0,21130.0,green,1
J3125,I3442,10126.0,10130.0,green,2
J3125,I3538,10484.0,10493.0,green,1
J3125,I6163,21139.0,21144.0,green,1
J313,I27,42.0,43.0,green,1
J313,I155,240.0,245.0,green,2
J1351,I3298,9603.0,9609.0,brown,2
J1351,I3330,9714.0,9719.0,green,1
J1351,I4829,15816.0,15824.0,green,1
J1386,I7617,26142.0,26148.0,green,1
J4531,I2017,5011.0,5026.0,green,1
J4531,I2241,5818.0,5820.0,red,1
J4531,I4386,14014.0,14016.0,green,1
J4531,I7622,26155.0,26160.0,green,1
J4531,I7714,26399.0,26402.0,green,1
J1906,I4124,12933.0,12948.0,green,1
J1906,I6316,21690.0,21699.0,green,3
J4334,I4350,13840.0,13843.0,green,1
J4334,I4351,13843.0,13852.0,green,3
J4334,I4543,14661.0,14663.0,green,1
J1790,I1261,2767.0,2768.0,green,1
J1790,I1294,2830.0,2841.0,red,1
J1790,I3630,10806.0,10813.0,green,2
J1790,I5710,19351.0,19370.0,green,2
J4383,I7200,24844.0,24847.0,green,2
J4383,I7297,25201.0,25205.0,green,2
J4383,I7744,26491.0,26492.0,brown,1
J4383,I7976,27162.0,27163.0,brown,1
J3744,I3694,11082.0,11091.0,green,2
J3744,I3726,11216.0,11219.0,brown,1
J3744,I4207,13334.0,13340.0,green,1
J3744,I4271,13579.0,13581.0,green,1
J3744,I4911,16196.0,16201.0,green,1
J1540,I2852,7902.0,7905.0,green,1
J1540,I3299,9609.0,9613.0,brown,1
J1540,I5308,17798.0,17808.0,green,2
J4840,I8835,29288.0,29292.0,brown,1
J4840,I8892,29399.0,29402.0,green,1
J2933,I5320,17849.0,17853.0,green,1
J2933,I5352,17960.0,17961.0,green,1
J871,I839,1714.0,1715.0,green,1
J871,I4344,13821.0,13831.0,green,4
J871,I4408,14094.0,14099.0,green,1
J1859,I3248,9405.0,9408.0,brown,1
J1859,I3279,9530.0,9535.0,red,1
J1859,I3440,10120.0,10124.0,brown,1
J1859,I5104,16983.0,16990.0,brown,1
J1156,I522,973.0,974.0,green,1
J1156,I8075,27430.0,27436.0,green,5
J489,I6735,23180.0,23186.0,green,3
J489,I7822,26739.0,26742.0,brown,1
J2010,I1739,4126.0,4129.0,red,3
J2010,I4012,12491.0,12495.0,brown,1
J2010,I6686,23032.0,23037.0,brown,1
J2010,I7102,24565.0,24566.0,brown,1
J2021,I3792,11505.0,11508.0,green,1
J2021,I4921,16223.0,16235.0,green,3
J2021,I4994,16529.0,16542.0,green,1
J1437,I1890,4589.0,4591.0,brown,1
J1437,I1954,4789.0,4796.0,red,1
J1437,I2051,5157.0,5163.0,green,1
J1437,I3939,12175.0,12178.0,green,2
J1437,I4172,13187.0,13197.0,green,1
J965,I1334,2947.0,2948.0,green,1
J965,I1559,3533.0,3537.0,red,2
J965,I5821,19792.0,19793.0,green,1
J2264,I2591,6989.0,6993.0,green,2
J2264,I2622,7131.0,7134.0,green,1
J2264,I2623,7134.0,7136.0,green,1
J2264,I2686,7345.0,7347.0,brown,1
J2495,I3819,11633.0,11639.0,green,3
J2495,I3882,11901.0,11906.0,brown,1
J4508,I7537,25922.0,25923.0,green,1
J4508,I7538,25923.0,25924.0,green,1
J3282,I4617,14942.0,14961.0,green,3
J3282,I4808,15734.0,15737.0,brown,1
J3282,I5128,17082.0,17088.0,brown,2
J3087,I3853,11774.0,11780.0,red,2
J3087,I3981,12337.0,12340.0,brown,2
J3087,I4526,14583.0,14595.0,green,1
J3087,I7406,25539.0,25544.0,green,1
J2283,I1231,2672.0,2682.0,green,1
J2283,I1232,2682.0,2687.0,green,2
J1014,I600,1146.0,1149.0,green,1
J1014,I1177,2541.0,2548.0,green,1
J1014,I2011,4985.0,4990.0,green,2
J1014,I2683,7336.0,7342.0,brown,1
J1014,I2691,7353.0,7356.0,brown,1
J2094,I3959,12250.0,12251.0,green,1
J2094,I4151,13097.0,13099.0,red,1
J2094,I7623,26160.0,26164.0,green,1
J1063,I617,1178.0,1179.0,brown,1
J1063,I681,1352.0,1354.0,green,2
J1063,I842,1718.0,1720.0,green,1
J1063,I1354,2995.0,2998.0,brown,1
J1063,I1642,3797.0,3799.0,brown,1
J867,I289,495.0,497.0,green,1
J867,I961,2000.0,2008.0,brown,3
J1065,I291,500.0,501.0,red,1
J1065,I4948,16313.0,16323.0,green,1
J1065,I6084,20854.0,20857.0,green,1
J1441,I2408,6404.0,6405.0,brown,1
J1441,I2505,6702.0,6708.0,green,1
J1441,I2857,7917.0,7918.0,green,1
J1441,I2889,8016.0,8022.0,green,1
J2812,I3398,9958.0,9967.0,red,4
J2812,I5667,19214.0,19224.0,green,1
J2985,I4111,12878.0,12879.0,green,1
J2985,I4335,13790.0,13794.0,green,1
J2985,I5359,17981.0,17988.0,green,2
J239,I577,1094.0,1100.0,green,1
J239,I674,1329.0,1333.0,green,2
J239,I1027,2156.0,2162.0,green,2
J239,I1283,2804.0,2809.0,green,1
J3267,I4087,12808.0,12810.0,red,2
J3267,I4184,13236.0,13237.0,green,1
J3267,I4312,13698.0,13703.0,brown,2
J3267,I4632,15016.0,15017.0,green,1
J331,I2433,6471.0,6482.0,green,1
J331,I2656,7246.0,7247.0,green,1
J3549,I1696,3987.0,3988.0,red,1
J3549,I2912,8115.0,8117.0,red,1
J3549,I2944,8207.0,8211.0,red,1
J3073,I1650,3820.0,3829.0,brown,3
J3073,I4947,16306.0,16313.0,green,2
J75,I2897,8059.0,8065.0,brown,1
J75,I6993,24205.0,24207.0,brown,1
J75,I7841,26785.0,26788.0,brown,1
J75,I8242,27904.0,27915.0,green,2
J2881,I4707,15341.0,15342.0,green,1
J2881,I5123,17061.0,17067.0,brown,1
J2881,I5923,20199.0,20204.0,brown,1
J4718,I6749,23240.0,23241.0,green,1
J720,I1082,2309.0,2317.0,green,1
J720,I1209,2621.0,2623.0,green,1
J292,I807,1630.0,1633.0,green,2
J292,I4888,16080.0,16086.0,green,3
J292,I5231,17470.0,17478.0,brown,1
J626,I3794,11511.0,11515.0,green,1
J626,I3953,12225.0,12226.0,green,1
J626,I5759,19579.0,19584.0,green,2
J626,I6078,20821.0,20829.0,green,1
J626,I6178,21237.0,21247.0,green,1
J2414,I3300,9613.0,9622.0,red,1
J2414,I4293,13657.0,13659.0,brown,2
J3587,I4750,15507.0,15508.0,green,1
J3587,I6318,21714.0,21727.0,green,2
J4789,I5805,19740.0,19743.0,brown,2
J4789,I6125,21021.0,21023.0,brown,1
J4789,I6765,23285.0,23288.0,brown,1
J4789,I8658,28908.0,28909.0,green,1
J3109,I5410,18209.0,18212.0,green,1
J3109,I5939,20257.0,20264.0,green,5
J1849,I5202,17366.0,17372.0,brown,1
J1849,I7795,26660.0,26663.0,green,2
J1169,I1583,3598.0,3600.0,green,2
J1169,I1680,3922.0,3928.0,green,2
J1169,I5362,17999.0,18005.0,green,2
J4112,I5451,18369.0,18372.0,green,3
J4112,I5707,19338.0,19345.0,green,1
J4112,I6027,20620.0,20625.0,green,1
J4112,I6059,20747.0,20753.0,green,1
J1093,I1981,4886.0,4888.0,brown,1
J1093,I2909,8104.0,8113.0,brown,1
J125,I214,357.0,359.0,brown,2
J125,I343,591.0,592.0,green,1
J125,I375,662.0,664.0,green,1
J125,I599,1143.0,1146.0,green,1
J125,I1047,2221.0,2223.0,green,1
J4757,I6126,21023.0,21032.0,brown,4
J4064,I6790,23378.0,23386.0,green,1
J4064,I6886,23795.0,23798.0,brown,3
J4064,I7427,25612.0,25619.0,green,2
J3150,I2511,6725.0,6731.0,green,1
J3801,I2328,6109.0,6112.0,green,1
J3801,I7209,24875.0,24885.0,green,2
J3418,I6157,21119.0,21122.0,green,2
J3418,I6188,21275.0,21281.0,brown,1
J3418,I7116,24616.0,24617.0,brown,1
J3418,I7596,26065.0,26072.0,brown,2
J4306,I3996,12389.0,12394.0,red,1
J4306,I4221,13377.0,13386.0,green,1
J4306,I6813,23497.0,23506.0,green,1
J4306,I7260,25057.0,25059.0,brown,1
J1004,I4694,15281.0,15285.0,brown,1
J1004,I6551,22539.0,22542.0,green,3
J1004,I7447,25689.0,25692.0,green,2
J1858,I2057,5179.0,5184.0,red,1
J1858,I4458,14290.0,14295.0,green,4
J1858,I6921,23940.0,23943.0,brown,1
J1708,I7405,25538.0,25539.0,green,1
J1950,I2722,7451.0,7453.0,green,2
J1950,I2850,7897.0,7901.0,green,1
J1950,I3810,11593.0,11595.0,green,2
