instance_name,start_time,end_time,cpu_avg
ins_86636954,203754.0,204705.0,84.0
ins_431396319,203755.0,204601.0,93.0
ins_770950983,203754.0,204603.0,94.0
ins_121540054,203754.0,204595.0,93.0
ins_942355338,203760.0,204622.0,88.0
ins_1186412676,203759.0,204782.0,79.0
ins_40191863,203760.0,204694.0,85.0
ins_601008915,203754.0,204602.0,94.0
ins_573560118,203760.0,204667.0,85.0
ins_679102734,203754.0,204592.0,93.0
ins_473308296,203761.0,204639.0,86.0
ins_512020871,203760.0,204754.0,82.0
ins_1292914489,203761.0,204683.0,87.0
ins_1187235753,203755.0,204681.0,86.0
ins_400719018,203759.0,204581.0,92.0
ins_122800183,203759.0,204678.0,86.0
ins_860441427,203760.0,204559.0,95.0
ins_781182580,203754.0,204592.0,93.0
ins_554169241,203759.0,204604.0,90.0
ins_527663414,203754.0,204568.0,94.0
ins_898228266,203760.0,204675.0,83.0
ins_697670740,203759.0,204753.0,85.0
ins_446948792,203761.0,204634.0,87.0
ins_626454128,203760.0,204783.0,79.0
ins_1258363164,203753.0,204590.0,92.0
ins_1185771204,203759.0,204519.0,95.0
ins_672970190,203755.0,204611.0,92.0
ins_509948007,203760.0,205791.0,81.0
ins_275466836,203759.0,204769.0,83.0
ins_301001479,203755.0,204586.0,91.0
ins_311282122,203754.0,204562.0,93.0
ins_797929949,203754.0,204578.0,93.0
ins_626454594,203759.0,204681.0,87.0
ins_517278371,203755.0,204670.0,84.0
ins_21880942,203752.0,205466.0,92.0
ins_122800093,203754.0,204589.0,93.0
ins_656649334,203760.0,204656.0,84.0
ins_1268537674,203761.0,204632.0,89.0
ins_960878094,203754.0,204599.0,92.0
ins_1211580489,203761.0,204657.0,88.0
ins_448381436,203759.0,204749.0,82.0
ins_705917141,203754.0,205486.0,92.0
ins_656648937,203759.0,204661.0,85.0
ins_797930303,203755.0,204647.0,87.0
ins_183714738,203759.0,204564.0,93.0
ins_482442400,203760.0,204589.0,90.0
ins_978892531,203761.0,204640.0,84.0
ins_1127144816,203753.0,204701.0,83.0
ins_565752581,203755.0,204714.0,84.0
ins_1222879912,203761.0,204682.0,87.0
ins_765937406,203755.0,204747.0,83.0
ins_1213589354,203753.0,204612.0,92.0
ins_1060225505,203759.0,205375.0,90.0
ins_4174560,203760.0,204593.0,94.0
ins_1305230757,203755.0,204623.0,86.0
ins_319359741,203753.0,204608.0,91.0
ins_555298866,203760.0,204588.0,92.0
ins_367032281,203759.0,204613.0,88.0
ins_1284770386,203761.0,204568.0,95.0
ins_915280850,203760.0,204639.0,90.0
ins_862492707,203759.0,204706.0,81.0
ins_151390424,203755.0,204623.0,87.0
ins_852272564,203755.0,204727.0,87.0
ins_1211621687,203760.0,204671.0,82.0
ins_41452577,203755.0,204599.0,92.0
ins_772887605,203753.0,204682.0,86.0
ins_673418945,203755.0,204632.0,88.0
ins_770951662,203753.0,204656.0,88.0
ins_697670386,203755.0,204710.0,86.0
ins_766562164,203760.0,204969.0,73.0
ins_1213682825,203759.0,204711.0,84.0
ins_752617094,203755.0,204644.0,90.0
ins_898516886,203761.0,204587.0,95.0
ins_816891415,203760.0,204688.0,81.0
ins_473940055,203755.0,204627.0,80.0
ins_1248752939,203752.0,204593.0,93.0
ins_897585455,203753.0,204597.0,83.0
ins_1187862272,203759.0,204867.0,66.0
ins_679102459,203760.0,204724.0,82.0
ins_1141535711,203754.0,204639.0,92.0
ins_428620135,203753.0,205553.0,85.0
ins_1304514098,203755.0,204743.0,82.0
ins_898228035,203755.0,204652.0,86.0
ins_636922286,203754.0,204604.0,93.0
ins_438254056,203755.0,204688.0,87.0
ins_311693516,203754.0,204583.0,95.0
ins_39673003,203754.0,204610.0,89.0
ins_229263620,203760.0,204657.0,84.0
ins_1213581170,203755.0,204654.0,88.0
ins_1187862118,203759.0,204703.0,81.0
ins_356825680,203760.0,204756.0,81.0
ins_554616553,203755.0,204581.0,89.0
ins_8474661,203762.0,205879.0,82.0
ins_609003062,203759.0,204597.0,94.0
ins_1205515420,203759.0,204773.0,80.0
ins_879267910,203759.0,204607.0,93.0
ins_1133474813,203753.0,204609.0,91.0
ins_563385442,203760.0,204589.0,93.0
ins_493677481,203754.0,204506.0,93.0
ins_1248753095,203754.0,204589.0,94.0
ins_266068656,203755.0,204775.0,81.0
ins_401095519,203760.0,204643.0,88.0
ins_163086690,203755.0,204687.0,83.0
ins_734910983,203755.0,205629.0,82.0
ins_41452664,203753.0,204703.0,85.0
ins_147906122,203760.0,204590.0,91.0
ins_121019831,203755.0,204554.0,93.0
ins_1014929063,203761.0,204606.0,94.0
ins_1177051484,203753.0,204664.0,86.0
ins_635985543,203753.0,204555.0,95.0
ins_996596740,203755.0,204569.0,95.0
ins_67230860,203759.0,204580.0,90.0
ins_311549390,203753.0,204620.0,92.0
ins_392648592,203754.0,204610.0,94.0
ins_311693257,203761.0,204692.0,88.0
ins_21235128,203753.0,204690.0,82.0
ins_431403765,203754.0,204637.0,94.0
ins_689008960,203761.0,204722.0,82.0
ins_1185821782,203760.0,204789.0,77.0
ins_874964491,203752.0,205582.0,89.0
ins_121540455,203759.0,204671.0,86.0
ins_473941149,203754.0,204507.0,93.0
ins_1308306484,203759.0,204774.0,84.0
ins_1105866602,203755.0,204650.0,90.0
ins_519578300,203755.0,204671.0,87.0
ins_1322309244,203755.0,204590.0,91.0
ins_274039368,203753.0,204616.0,91.0
ins_265926129,203753.0,205625.0,83.0
ins_131134752,203755.0,204683.0,85.0
ins_734847189,203760.0,204854.0,76.0
ins_781185640,203753.0,204671.0,86.0
ins_1048875082,203754.0,204598.0,94.0
ins_392892307,203755.0,204572.0,81.0
ins_275250528,203754.0,204708.0,82.0
ins_184718970,203755.0,204688.0,86.0
ins_1025141037,203755.0,204690.0,84.0
ins_1227195005,203753.0,204695.0,89.0
ins_1268537876,203754.0,204619.0,94.0
ins_1004726301,203754.0,204665.0,88.0
ins_712302018,203754.0,205479.0,94.0
ins_431395326,203753.0,204705.0,86.0
ins_1040752029,203754.0,204565.0,92.0
ins_356611634,203760.0,204673.0,85.0
ins_1177651583,203754.0,204719.0,85.0
ins_1339733557,203753.0,204605.0,91.0
ins_591266554,203761.0,205481.0,90.0
ins_5300855,203760.0,204572.0,91.0
ins_163085139,203753.0,204649.0,86.0
ins_942355592,203754.0,204580.0,93.0
ins_1177051285,203753.0,204609.0,94.0
ins_1041916641,203754.0,204568.0,93.0
ins_817180279,203762.0,204728.0,83.0
ins_474245323,203759.0,204725.0,73.0
ins_1185715451,203753.0,204615.0,93.0
ins_752617294,203754.0,204610.0,91.0
ins_752616732,203760.0,204724.0,80.0
ins_765939087,203759.0,204653.0,88.0
ins_75316917,203753.0,204585.0,93.0
ins_382351729,203753.0,204623.0,87.0
ins_438254209,203754.0,204549.0,94.0
ins_1061163533,203755.0,204668.0,85.0
ins_609604308,203753.0,204755.0,79.0
ins_898517572,203759.0,204543.0,93.0
ins_1258362383,203759.0,204721.0,82.0
ins_229943161,203759.0,204565.0,93.0
ins_75317009,203755.0,204760.0,81.0
ins_377979894,203755.0,205690.0,87.0
ins_664115270,203761.0,204715.0,82.0
ins_1295020879,203755.0,204611.0,88.0
ins_428764136,203761.0,204651.0,89.0
ins_1048916609,203759.0,204665.0,86.0
ins_591266277,203754.0,205446.0,92.0
ins_1205515142,203760.0,204715.0,84.0
ins_1048925925,203759.0,204684.0,80.0
ins_1294918791,203755.0,204715.0,83.0
ins_436740704,203754.0,204762.0,80.0
ins_1223177687,203760.0,204665.0,94.0
ins_1133767553,203753.0,204542.0,94.0
ins_699201783,203755.0,204638.0,88.0
ins_265925725,203761.0,205562.0,86.0
ins_1141599590,203755.0,205567.0,83.0
ins_1048874868,203754.0,204609.0,94.0
ins_766574461,203753.0,204604.0,92.0
ins_473941082,203755.0,204680.0,79.0
ins_786353291,203753.0,204716.0,83.0
ins_1203454678,203759.0,204745.0,81.0
ins_89809771,203755.0,205619.0,86.0
ins_266069072,203759.0,204719.0,86.0
ins_1014928768,203753.0,204634.0,90.0
ins_1213581086,203755.0,204714.0,84.0
ins_30000603,203759.0,204864.0,73.0
ins_311303984,203753.0,204688.0,86.0
ins_770950818,203753.0,204685.0,85.0
ins_932996625,203754.0,204582.0,91.0
ins_1095675482,203754.0,204577.0,94.0
ins_779012755,203755.0,204590.0,93.0
ins_528264954,203754.0,204572.0,93.0
ins_636922480,203753.0,204566.0,82.0
ins_1105866179,203753.0,204647.0,88.0
ins_75316645,203754.0,204584.0,92.0
ins_611079880,203760.0,204619.0,92.0
ins_4174749,203754.0,204587.0,94.0
ins_184719449,203760.0,204960.0,75.0
ins_766563823,203753.0,204724.0,84.0
ins_573560723,203755.0,204620.0,90.0
ins_103363581,203755.0,204731.0,83.0
ins_89809922,203761.0,205975.0,78.0
ins_89810667,203753.0,205539.0,89.0
ins_1322309433,203753.0,204568.0,92.0
ins_202375755,203755.0,204633.0,87.0
ins_1041916369,203755.0,204587.0,93.0
ins_689613234,203759.0,204811.0,78.0
ins_67231352,203754.0,204570.0,93.0
ins_1130284917,203755.0,204663.0,85.0
ins_941757245,203760.0,204653.0,86.0
ins_858787932,203761.0,204670.0,92.0
ins_1185715215,203760.0,204627.0,92.0
ins_438356369,203759.0,204730.0,87.0
ins_1185770875,203753.0,204552.0,88.0
ins_941662138,203753.0,204671.0,86.0
ins_611040895,203761.0,204631.0,88.0
ins_138321494,203755.0,204650.0,87.0
ins_956279200,203755.0,205719.0,83.0
ins_1105040956,203759.0,204593.0,92.0
ins_253664696,203754.0,204562.0,94.0
ins_39671977,203754.0,204624.0,88.0
ins_1095675571,203760.0,204552.0,94.0
ins_1295021405,203753.0,204586.0,90.0
ins_431392785,203759.0,204698.0,88.0
ins_102568821,203761.0,204674.0,85.0
ins_942355680,203759.0,204769.0,80.0
ins_766891452,203761.0,204737.0,81.0
ins_122799844,203759.0,204610.0,94.0
ins_1048926008,203755.0,204599.0,90.0
ins_412335633,203761.0,204548.0,94.0
ins_1040752124,203753.0,204695.0,83.0
ins_979833653,203754.0,204683.0,84.0
ins_635535748,203755.0,204665.0,85.0
ins_39672483,203760.0,204646.0,89.0
ins_151389716,203759.0,204575.0,94.0
ins_1330108482,203760.0,204754.0,83.0
ins_529695848,203753.0,204571.0,94.0
ins_473941014,203754.0,204728.0,75.0
ins_635985450,203755.0,204649.0,85.0
ins_21234882,203755.0,204681.0,86.0
ins_1308314514,203753.0,204640.0,89.0
ins_438254280,203760.0,204733.0,83.0
ins_438253838,203762.0,204728.0,81.0
ins_932997068,203765.0,204910.0,73.0
ins_781193832,203754.0,204527.0,93.0
ins_779099691,203752.0,204578.0,93.0
ins_956278815,203761.0,205712.0,84.0
ins_636665442,203760.0,204738.0,81.0
ins_1185715148,203760.0,204697.0,87.0
ins_1227199162,203753.0,204612.0,91.0
ins_611040027,203754.0,204565.0,94.0
ins_364998488,203764.0,204697.0,85.0
ins_933597987,203753.0,204666.0,86.0
ins_941662610,203754.0,204581.0,94.0
ins_1292915504,203761.0,204789.0,81.0
ins_519681753,203759.0,204715.0,86.0
ins_600913565,203754.0,204538.0,95.0
ins_752616905,203754.0,204587.0,93.0
ins_943805269,203754.0,204573.0,93.0
ins_512027463,203755.0,204651.0,90.0
ins_862493169,203761.0,204738.0,82.0
ins_448413194,203761.0,204735.0,81.0
ins_1211621431,203754.0,204565.0,94.0
ins_565752760,203759.0,204799.0,80.0
ins_184718774,203759.0,204631.0,91.0
ins_401096522,203761.0,204742.0,85.0
ins_898228186,203761.0,204615.0,88.0
ins_347429480,203754.0,204625.0,92.0
ins_428620984,203759.0,205441.0,90.0
ins_1096276750,203753.0,204625.0,87.0
ins_1133474557,203755.0,204710.0,85.0
ins_184719244,203759.0,204714.0,85.0
ins_626454516,203760.0,204651.0,86.0
ins_311282192,203755.0,204640.0,88.0
ins_555299225,203760.0,204677.0,85.0
ins_898220712,203755.0,204553.0,91.0
ins_194122225,203752.0,204575.0,92.0
ins_860441187,203755.0,204568.0,92.0
ins_772885786,203760.0,204561.0,93.0
ins_102568904,203759.0,204771.0,81.0
ins_734846865,203754.0,204597.0,93.0
ins_1036458966,203752.0,204590.0,94.0
ins_635985737,203761.0,204698.0,81.0
ins_184575606,203754.0,205468.0,93.0
ins_619205407,203755.0,204670.0,85.0
ins_1211580389,203752.0,204638.0,89.0
ins_1158203467,203760.0,204630.0,86.0
ins_365590587,203754.0,204577.0,93.0
ins_1344401537,203754.0,204721.0,84.0
ins_1292955661,203755.0,204561.0,90.0
ins_509948152,203759.0,205352.0,93.0
ins_1322031699,203759.0,204680.0,87.0
ins_933597832,203760.0,204754.0,84.0
ins_1177651660,203752.0,204661.0,88.0
ins_49483226,203760.0,204627.0,89.0
ins_40191683,203760.0,204616.0,90.0
ins_611079792,203760.0,204740.0,83.0
ins_1052408231,203755.0,204606.0,91.0
ins_1086077853,203755.0,204693.0,86.0
ins_5301092,203755.0,204662.0,85.0
ins_67231813,203761.0,204832.0,75.0
ins_311281724,203760.0,204680.0,87.0
ins_793623322,203754.0,205520.0,92.0
ins_609604218,203759.0,204776.0,78.0
ins_1205514974,203759.0,204722.0,81.0
ins_1048874943,203759.0,204765.0,83.0
ins_1294918705,203761.0,204768.0,81.0
ins_1024518768,203752.0,204559.0,94.0
ins_448381792,203759.0,204552.0,94.0
ins_1304583908,203754.0,205421.0,94.0
ins_163091364,203759.0,204637.0,85.0
ins_1014334773,203763.0,204798.0,76.0
ins_1142541822,203759.0,204646.0,86.0
ins_319360366,203761.0,204887.0,74.0
ins_1086086959,203755.0,204667.0,89.0
ins_130839615,203754.0,204660.0,88.0
ins_1223891236,203760.0,204591.0,90.0
ins_496550767,203759.0,205386.0,93.0
ins_745142591,203754.0,204540.0,94.0
ins_577868178,203754.0,205456.0,92.0
ins_1185715854,203761.0,204929.0,75.0
ins_121019906,203761.0,204583.0,94.0
ins_192699427,203754.0,204634.0,92.0
ins_698365110,203759.0,204639.0,89.0
ins_766568885,203753.0,204641.0,92.0
ins_1014929130,203755.0,204750.0,83.0
ins_430764561,203760.0,205905.0,74.0
ins_1127131611,203753.0,204588.0,91.0
ins_202375980,203759.0,204607.0,91.0
ins_367031647,203754.0,204548.0,92.0
ins_858780075,203755.0,204728.0,86.0
ins_482067708,203755.0,204621.0,88.0
ins_611080036,203760.0,204610.0,92.0
ins_138320987,203761.0,204583.0,93.0
ins_716606483,203761.0,204703.0,86.0
ins_943181237,203759.0,204722.0,81.0
ins_529695574,203761.0,204664.0,84.0
ins_283715282,203761.0,204720.0,84.0
ins_573560814,203753.0,204656.0,87.0
ins_573859740,203759.0,204593.0,90.0
ins_130840103,203763.0,204770.0,80.0
ins_1141536121,203755.0,204688.0,88.0
ins_482068150,203755.0,204852.0,76.0
ins_311694031,203755.0,204653.0,88.0
ins_897511626,203760.0,204703.0,87.0
ins_1105040876,203754.0,204701.0,86.0
ins_484435198,203754.0,204616.0,94.0
ins_212500484,203752.0,204634.0,90.0
ins_1344067792,203753.0,204641.0,94.0
ins_347428929,203754.0,204634.0,93.0
ins_619205345,203755.0,204565.0,93.0
ins_636922759,203754.0,204530.0,92.0
ins_1258362859,203759.0,204620.0,93.0
ins_311549681,203752.0,204469.0,94.0
ins_492543995,203752.0,204542.0,94.0
ins_672969958,203752.0,204586.0,93.0
ins_22025608,203760.0,204654.0,94.0
ins_392586878,203752.0,204511.0,92.0
ins_151802861,203760.0,205528.0,85.0
ins_509948224,203753.0,205448.0,89.0
ins_39672144,203755.0,204571.0,94.0
ins_219672373,203753.0,204647.0,87.0
ins_355396203,203753.0,204657.0,89.0
ins_357010655,203760.0,204606.0,92.0
ins_816177963,203759.0,204728.0,86.0
ins_932996694,203760.0,204683.0,88.0
ins_1023691707,203760.0,204600.0,90.0
ins_1041916281,203755.0,204614.0,92.0
ins_30000934,203761.0,204706.0,86.0
ins_1339733960,203755.0,204669.0,86.0
ins_364998792,203754.0,204766.0,81.0
ins_364998641,203759.0,204600.0,92.0
ins_355395841,203753.0,204684.0,86.0
ins_1105866517,203755.0,204733.0,79.0
ins_1214808464,203753.0,204558.0,93.0
ins_1205515062,203761.0,204632.0,91.0
ins_184718874,203760.0,204600.0,93.0
ins_56964045,203754.0,204617.0,92.0
ins_392634891,203754.0,204606.0,94.0
ins_941756260,203754.0,204595.0,96.0
ins_1308322840,203753.0,204708.0,85.0
ins_1122108956,203755.0,204627.0,88.0
ins_1304514369,203760.0,204850.0,78.0
ins_474246036,203761.0,204680.0,74.0
ins_357010578,203759.0,204656.0,89.0
ins_716606825,203754.0,204540.0,94.0
ins_392586258,203759.0,204704.0,73.0
ins_1024518499,203753.0,204701.0,86.0
ins_672970112,203759.0,204705.0,86.0
ins_1286835337,203755.0,204574.0,93.0
ins_1214808293,203760.0,204671.0,86.0
ins_219672111,203755.0,204646.0,86.0
ins_765936744,203754.0,204622.0,92.0
ins_275466927,203755.0,204614.0,90.0
ins_555557505,203754.0,204641.0,90.0
ins_816248001,203760.0,205859.0,76.0
ins_183713730,203755.0,204680.0,82.0
ins_492545262,203755.0,204654.0,88.0
ins_1223891140,203755.0,204684.0,85.0
ins_1187236432,203761.0,204822.0,79.0
ins_781180919,203753.0,204610.0,90.0
ins_861032996,203753.0,204588.0,93.0
ins_1214807695,203754.0,204613.0,92.0
ins_194308795,203754.0,204553.0,94.0
ins_1268538089,203761.0,204856.0,78.0
ins_574990808,203760.0,204646.0,84.0
ins_1185821515,203760.0,204668.0,86.0
ins_716607076,203760.0,204641.0,88.0
ins_67230772,203760.0,204540.0,94.0
ins_49463727,203755.0,204636.0,86.0
ins_392635121,203764.0,204638.0,88.0
ins_89810078,203755.0,205510.0,91.0
ins_786343491,203755.0,204656.0,86.0
ins_932996492,203755.0,204627.0,88.0
ins_1185821606,203755.0,204585.0,90.0
ins_391951974,203759.0,204695.0,82.0
ins_1322309598,203759.0,204794.0,76.0
ins_574990563,203755.0,204620.0,86.0
ins_1036468758,203760.0,204772.0,81.0
ins_519681212,203755.0,204650.0,92.0
ins_697365965,203755.0,204613.0,93.0
ins_347429162,203760.0,204731.0,86.0
ins_377974745,203760.0,205521.0,91.0
ins_1214808212,203755.0,204594.0,93.0
ins_147906637,203754.0,204523.0,95.0
ins_253669284,203764.0,204629.0,91.0
ins_1185715006,203754.0,204624.0,93.0
ins_400719103,203759.0,204768.0,80.0
ins_555556423,203755.0,204508.0,87.0
ins_1036456194,203755.0,204637.0,86.0
ins_519681302,203753.0,204577.0,92.0
ins_1269165538,203760.0,204973.0,69.0
ins_565752856,203759.0,204847.0,78.0
ins_283715529,203759.0,204753.0,81.0
ins_858788840,203761.0,204844.0,76.0
ins_456535811,203761.0,204594.0,93.0
ins_430763662,203754.0,205818.0,78.0
ins_537853595,203752.0,204597.0,92.0
ins_1284770003,203753.0,204728.0,83.0
ins_1060160659,203759.0,204653.0,93.0
ins_1267073869,203759.0,204524.0,86.0
ins_430770368,203755.0,205761.0,80.0
ins_103219289,203759.0,205690.0,81.0
ins_735846598,203755.0,204775.0,80.0
ins_735847245,203754.0,204569.0,95.0
ins_1320874807,203755.0,204659.0,85.0
ins_365590414,203760.0,204600.0,90.0
ins_897576613,203754.0,204525.0,88.0
ins_49482827,203759.0,204738.0,80.0
ins_311304358,203759.0,204627.0,93.0
ins_1269164600,203759.0,204556.0,95.0
ins_860441019,203755.0,204584.0,90.0
ins_377978188,203761.0,205753.0,83.0
ins_103219369,203755.0,205782.0,77.0
ins_275251402,203754.0,204602.0,90.0
ins_40192278,203759.0,204601.0,92.0
ins_382353086,203761.0,204592.0,91.0
ins_151384155,203754.0,204551.0,93.0
ins_1105041655,203754.0,204573.0,92.0
ins_1104343575,203755.0,204683.0,87.0
ins_967540919,203755.0,204722.0,84.0
ins_311693430,203759.0,204601.0,93.0
ins_474245401,203761.0,204693.0,76.0
ins_1258362286,203753.0,204714.0,84.0
ins_310608479,203759.0,204726.0,79.0
ins_1052407089,203755.0,204701.0,88.0
ins_960582906,203753.0,204636.0,88.0
ins_647145077,203759.0,204582.0,93.0
ins_4175002,203759.0,204685.0,83.0
ins_1141599511,203760.0,205447.0,89.0
ins_816248276,203753.0,205390.0,92.0
ins_102354223,203755.0,204596.0,88.0
ins_1213589195,203754.0,204673.0,86.0
ins_636665277,203755.0,204747.0,77.0
ins_554168999,203752.0,204579.0,92.0
ins_1344401944,203761.0,204632.0,91.0
ins_347429236,203755.0,204745.0,85.0
ins_996596826,203760.0,204750.0,83.0
ins_1096276331,203755.0,204695.0,85.0
ins_438355651,203754.0,204564.0,94.0
ins_978892609,203759.0,204689.0,80.0
ins_960877524,203754.0,204615.0,91.0
ins_978828204,203760.0,204622.0,92.0
ins_473989863,203754.0,204577.0,93.0
ins_766873731,203753.0,204627.0,86.0
ins_130840188,203755.0,204660.0,88.0
ins_1222880089,203754.0,204630.0,94.0
ins_1052407010,203753.0,204735.0,80.0
ins_779697147,203753.0,204575.0,92.0
ins_401096306,203754.0,204596.0,94.0
ins_1211622193,203752.0,204552.0,92.0
ins_1086086793,203755.0,204639.0,88.0
ins_275654527,203755.0,204692.0,85.0
ins_1304514464,203753.0,204634.0,92.0
ins_238029333,203759.0,204680.0,86.0
ins_915273113,203755.0,204550.0,93.0
ins_509948868,203755.0,205547.0,87.0
ins_519681382,203760.0,204720.0,83.0
ins_537852813,203759.0,204601.0,89.0
ins_1286835653,203754.0,204552.0,95.0
ins_301002100,203760.0,204708.0,83.0
ins_1130284401,203761.0,204650.0,86.0
ins_1304514278,203755.0,204775.0,82.0
ins_577867621,203759.0,205713.0,81.0
ins_1060160513,203755.0,204607.0,92.0
ins_40191770,203754.0,204539.0,94.0
ins_778697420,203755.0,204697.0,87.0
ins_779099048,203759.0,204778.0,78.0
ins_860441348,203755.0,204661.0,87.0
ins_1036459769,203759.0,204777.0,79.0
ins_770343138,203755.0,204679.0,85.0
ins_86636571,203754.0,204520.0,94.0
ins_238028417,203754.0,204603.0,92.0
ins_705916881,203753.0,205488.0,94.0
ins_698364698,203755.0,204692.0,84.0
ins_4174848,203754.0,204581.0,93.0
ins_275467004,203759.0,204693.0,83.0
ins_49483700,203754.0,204588.0,93.0
ins_56964199,203753.0,204593.0,90.0
ins_941662819,203754.0,204598.0,94.0
ins_1292915420,203759.0,204692.0,86.0
ins_473990321,203761.0,204575.0,94.0
ins_1048925839,203760.0,204861.0,71.0
ins_121020956,203760.0,204680.0,87.0
ins_712301375,203760.0,205818.0,77.0
ins_554169318,203755.0,204707.0,85.0
ins_1048925361,203760.0,204682.0,85.0
ins_1141599214,203755.0,205410.0,87.0
ins_1294918386,203754.0,204601.0,94.0
ins_636665524,203760.0,204735.0,79.0
ins_601009900,203755.0,204689.0,85.0
ins_1269165449,203754.0,204730.0,79.0
ins_22025713,203761.0,204721.0,85.0
ins_1023690864,203760.0,204579.0,93.0
ins_509947780,203755.0,205766.0,79.0
ins_517277576,203760.0,204564.0,93.0
ins_151802073,203760.0,205517.0,86.0
ins_577868588,203752.0,205420.0,92.0
ins_364998871,203760.0,204648.0,91.0
ins_615886474,203755.0,204651.0,84.0
ins_1177052366,203752.0,204617.0,94.0
ins_392586348,203754.0,204517.0,92.0
ins_591266480,203753.0,205599.0,83.0
ins_1304513834,203760.0,204636.0,93.0
ins_377979032,203761.0,205689.0,85.0
ins_194122313,203755.0,204654.0,85.0
ins_275251315,203760.0,204561.0,94.0
ins_21234701,203759.0,204566.0,93.0
ins_716606916,203755.0,204727.0,86.0
ins_184719345,203760.0,204599.0,94.0
ins_1186412077,203755.0,204630.0,88.0
ins_1105866430,203753.0,204585.0,95.0
ins_689614055,203753.0,204684.0,84.0
ins_879564257,203755.0,204610.0,90.0
ins_156679825,203754.0,204616.0,92.0
ins_554168665,203760.0,204641.0,89.0
ins_1104440921,203755.0,204672.0,86.0
ins_615563825,203755.0,204603.0,93.0
ins_356908935,203754.0,204575.0,93.0
ins_647144301,203753.0,204562.0,93.0
ins_5300936,203760.0,204662.0,79.0
ins_311304127,203754.0,204610.0,94.0
ins_311303919,203760.0,204585.0,94.0
ins_412334952,203754.0,204543.0,93.0
ins_1023091219,203761.0,204669.0,85.0
ins_1187862793,203753.0,204634.0,86.0
ins_519578136,203760.0,204744.0,80.0
ins_1213581344,203759.0,204749.0,84.0
ins_194122799,203761.0,204658.0,86.0
ins_21880793,203753.0,205558.0,87.0
ins_21881099,203753.0,205559.0,87.0
ins_1304584368,203760.0,205931.0,76.0
ins_897585274,203754.0,204565.0,93.0
ins_656649408,203754.0,204606.0,91.0
ins_555299135,203753.0,204642.0,91.0
ins_253670174,203755.0,204601.0,93.0
ins_75317365,203759.0,204799.0,76.0
ins_781184799,203754.0,204581.0,94.0
ins_1185812811,203761.0,204575.0,94.0
ins_103363742,203760.0,204634.0,94.0
ins_1023691106,203754.0,204566.0,94.0
ins_1292915323,203761.0,204642.0,88.0
ins_609002279,203760.0,204679.0,86.0
ins_1052407467,203753.0,204604.0,93.0
ins_401096056,203753.0,204681.0,86.0
ins_766880269,203753.0,204651.0,86.0
ins_685261444,203753.0,204681.0,84.0
ins_1141599675,203760.0,205562.0,84.0
ins_979833563,203765.0,204709.0,81.0
ins_347283818,203753.0,205538.0,87.0
ins_438355959,203755.0,204665.0,91.0
ins_484435018,203759.0,204610.0,93.0
ins_523600674,203760.0,204773.0,83.0
ins_664114563,203760.0,204623.0,89.0
ins_943181316,203753.0,204660.0,87.0
ins_311549585,203754.0,204585.0,83.0
ins_635985048,203760.0,204673.0,84.0
ins_705916966,203753.0,205499.0,93.0
ins_512019997,203753.0,204618.0,92.0
ins_230356307,203759.0,204652.0,92.0
ins_5300685,203754.0,204554.0,94.0
ins_563385354,203760.0,204753.0,81.0
ins_1060225031,203755.0,205550.0,82.0
ins_49483327,203760.0,204629.0,88.0
ins_770342999,203753.0,204597.0,92.0
ins_1096276839,203755.0,204801.0,82.0
ins_1122109227,203754.0,204587.0,92.0
ins_1344067466,203754.0,204664.0,95.0
ins_1286835068,203753.0,204653.0,89.0
ins_184574574,203759.0,206185.0,69.0
ins_192699347,203755.0,204681.0,86.0
ins_138321066,203761.0,204742.0,82.0
ins_565753384,203759.0,204642.0,88.0
ins_1292954949,203755.0,204610.0,88.0
ins_1096276511,203755.0,204679.0,85.0
ins_319360458,203761.0,204908.0,74.0
ins_616052155,203754.0,204558.0,94.0
ins_367031809,203759.0,204711.0,81.0
ins_121020156,203760.0,204673.0,85.0
ins_1041915766,203759.0,204747.0,81.0
ins_355396485,203755.0,204784.0,82.0
ins_1130284843,203755.0,204686.0,84.0
ins_555299478,203754.0,204587.0,95.0
ins_517285931,203759.0,204658.0,87.0
ins_202893548,203753.0,204582.0,94.0
ins_1258363227,203759.0,204583.0,92.0
ins_364998341,203761.0,204659.0,89.0
ins_102567860,203760.0,204673.0,86.0
ins_347429407,203760.0,204689.0,87.0
ins_1339734281,203759.0,204568.0,94.0
ins_554617182,203754.0,204571.0,95.0
ins_1141535343,203754.0,204608.0,92.0
ins_765950139,203759.0,204802.0,81.0
ins_21235419,203754.0,204560.0,93.0
ins_238028488,203752.0,204597.0,93.0
ins_446949427,203753.0,204675.0,84.0
ins_563385612,203761.0,204702.0,83.0
ins_212500677,203755.0,204647.0,86.0
ins_614835683,203753.0,204651.0,88.0
ins_1142542134,203755.0,204558.0,93.0
ins_473939972,203759.0,204625.0,81.0
ins_284234392,203752.0,204598.0,90.0
ins_615483071,203755.0,204669.0,87.0
ins_392635270,203759.0,204680.0,85.0
ins_1267073937,203759.0,204676.0,77.0
ins_1133474728,203754.0,204609.0,90.0
ins_860440950,203760.0,204693.0,84.0
ins_979833384,203755.0,204644.0,87.0
ins_356611546,203761.0,204639.0,90.0
ins_874964429,203759.0,205454.0,94.0
ins_933598061,203753.0,204567.0,94.0
ins_663900595,203754.0,204555.0,92.0
ins_679260311,203754.0,204585.0,94.0
ins_8474746,203753.0,205677.0,85.0
ins_685273379,203752.0,204553.0,93.0
ins_122800010,203760.0,204669.0,87.0
ins_356908853,203760.0,204679.0,85.0
ins_148586081,203755.0,204832.0,75.0
ins_1330117171,203752.0,204585.0,93.0
ins_103219215,203754.0,205370.0,93.0
ins_1308281771,203755.0,204586.0,92.0
ins_537853669,203761.0,204644.0,89.0
ins_30533672,203760.0,204697.0,86.0
ins_745150207,203755.0,204754.0,80.0
ins_766569697,203755.0,204613.0,92.0
ins_1269165288,203755.0,204634.0,87.0
ins_1227825388,203759.0,205378.0,95.0
ins_122799666,203760.0,204676.0,87.0
ins_446351617,203759.0,204627.0,90.0
ins_698365031,203755.0,204664.0,85.0
ins_1142541664,203760.0,204713.0,81.0
ins_147906546,203754.0,204572.0,92.0
ins_797930401,203754.0,204605.0,91.0
ins_1214808544,203761.0,204837.0,78.0
ins_229943070,203762.0,204682.0,83.0
ins_565752413,203761.0,204625.0,93.0
ins_428764375,203761.0,204786.0,81.0
ins_5300772,203759.0,204700.0,84.0
ins_647145337,203754.0,204605.0,92.0
ins_1223177074,203754.0,204845.0,75.0
ins_779013376,203762.0,204613.0,89.0
ins_474246359,203759.0,204791.0,70.0
ins_391952312,203753.0,204585.0,90.0
ins_41452860,203753.0,204729.0,82.0
ins_1048875013,203759.0,204608.0,94.0
ins_851661626,203759.0,204787.0,80.0
ins_860347595,203754.0,204769.0,83.0
ins_1330108580,203759.0,204589.0,92.0
ins_529695490,203759.0,204549.0,93.0
ins_1185770068,203759.0,204499.0,92.0
ins_392585796,203754.0,204611.0,82.0
ins_496550686,203759.0,205845.0,78.0
ins_519578834,203754.0,204567.0,93.0
ins_636922667,203755.0,204614.0,81.0
ins_233013120,203755.0,204679.0,86.0
ins_609003210,203759.0,204694.0,85.0
ins_446351753,203753.0,204568.0,92.0
ins_1105041735,203755.0,204668.0,86.0
ins_699201114,203753.0,204613.0,92.0
ins_1227198282,203761.0,204784.0,82.0
ins_111344495,203754.0,204589.0,95.0
ins_431393586,203759.0,204630.0,93.0
ins_555556506,203760.0,204486.0,93.0
ins_428620198,203761.0,205423.0,94.0
ins_1041916732,203755.0,204618.0,93.0
ins_1060225589,203752.0,205301.0,94.0
ins_151385851,203755.0,204607.0,94.0
ins_1330117089,203760.0,204658.0,88.0
ins_862493645,203755.0,204693.0,83.0
ins_1213581255,203760.0,204626.0,91.0
ins_619204754,203755.0,204638.0,90.0
ins_493677388,203755.0,204580.0,90.0
ins_156679605,203754.0,204708.0,84.0
ins_438253921,203753.0,204547.0,93.0
ins_1211580574,203754.0,204620.0,92.0
ins_860441670,203759.0,204647.0,88.0
ins_310608555,203755.0,204523.0,95.0
ins_1292915133,203755.0,204647.0,91.0
ins_996596289,203760.0,204710.0,84.0
ins_1095675837,203755.0,204629.0,89.0
ins_347429090,203754.0,204647.0,94.0
ins_1060226056,203755.0,205324.0,92.0
ins_438355734,203755.0,204641.0,88.0
ins_978827688,203753.0,204735.0,82.0
ins_284234118,203761.0,204764.0,82.0
ins_229264078,203761.0,204686.0,82.0
ins_996596365,203761.0,204570.0,93.0
ins_1024518860,203760.0,204691.0,84.0
ins_1186411981,203753.0,204610.0,90.0
ins_1023091305,203753.0,204622.0,91.0
ins_933605548,203761.0,204825.0,78.0
ins_600913644,203763.0,204572.0,93.0
ins_996596554,203755.0,204693.0,85.0
ins_4175733,203754.0,204604.0,90.0
ins_752616814,203760.0,204747.0,82.0
ins_697373082,203761.0,204678.0,86.0
ins_482067464,203755.0,204620.0,95.0
ins_67230940,203753.0,204641.0,87.0
ins_436739353,203755.0,204669.0,88.0
ins_1322022044,203755.0,204579.0,92.0
ins_860441104,203759.0,204661.0,87.0
ins_591266135,203759.0,205390.0,92.0
ins_600913878,203754.0,204585.0,92.0
ins_238028833,203754.0,204587.0,93.0
ins_1205515234,203755.0,204640.0,87.0
ins_664114728,203761.0,204664.0,84.0
ins_1203454949,203760.0,204687.0,83.0
ins_779698126,203753.0,204580.0,93.0
ins_1292914948,203759.0,204596.0,93.0
ins_1258363089,203759.0,204587.0,94.0
ins_1330108764,203755.0,204731.0,83.0
ins_41452128,203759.0,204780.0,79.0
ins_1284770218,203760.0,204601.0,94.0
ins_1025140954,203759.0,204579.0,92.0
ins_1036455440,203753.0,204547.0,94.0
ins_1205514877,203753.0,204610.0,94.0
ins_1023091390,203755.0,204693.0,85.0
ins_1350230812,203754.0,204575.0,94.0
ins_626454199,203760.0,204746.0,79.0
ins_492544080,203760.0,204784.0,77.0
ins_1167454507,203761.0,204713.0,85.0
ins_996597389,203759.0,204745.0,79.0
ins_664114482,203754.0,204579.0,93.0
ins_960877599,203755.0,204686.0,86.0
ins_537852903,203760.0,204742.0,77.0
ins_30533577,203763.0,204693.0,82.0
ins_111343959,203753.0,204664.0,86.0
ins_1040751709,203759.0,204759.0,79.0
ins_745142805,203754.0,204551.0,94.0
ins_956279053,203755.0,205642.0,87.0
ins_219671926,203753.0,204576.0,91.0
ins_1350231847,203753.0,204810.0,79.0
ins_689009371,203755.0,204710.0,83.0
ins_554617604,203755.0,204673.0,84.0
ins_636922572,203754.0,204649.0,93.0
ins_781165770,203759.0,204663.0,85.0
ins_697373156,203755.0,204665.0,88.0
ins_529727029,203755.0,204716.0,83.0
ins_1130233693,203764.0,204744.0,81.0
ins_601009829,203755.0,204683.0,88.0
ins_1295021315,203760.0,204708.0,83.0
ins_766565440,203755.0,204732.0,86.0
ins_21235345,203759.0,204584.0,93.0
ins_1023691013,203759.0,204604.0,92.0
ins_574990648,203755.0,204635.0,86.0
ins_512017803,203753.0,204662.0,87.0
ins_897512244,203753.0,204688.0,90.0
ins_8474492,203753.0,205613.0,88.0
ins_879267737,203764.0,204576.0,93.0
ins_1130284564,203755.0,204644.0,85.0
ins_401095453,203761.0,204698.0,85.0
ins_1022996195,203759.0,204736.0,84.0
ins_766562947,203759.0,204711.0,86.0
ins_1052407277,203753.0,204697.0,85.0
ins_275250255,203755.0,204555.0,93.0
ins_779099504,203759.0,204601.0,89.0
ins_611079440,203760.0,204592.0,94.0
ins_1061163873,203753.0,204589.0,90.0
ins_600913955,203755.0,204708.0,81.0
ins_1177651799,203759.0,204762.0,77.0
ins_1223890615,203759.0,204640.0,87.0
ins_523604684,203753.0,204619.0,92.0
ins_1130242999,203755.0,204652.0,89.0
ins_1227200936,203759.0,204738.0,84.0
ins_793623391,203760.0,205316.0,94.0
ins_311692983,203759.0,204631.0,90.0
ins_275250342,203760.0,204897.0,73.0
ins_156680086,203753.0,204651.0,88.0
ins_1185821693,203755.0,204546.0,93.0
ins_103219138,203761.0,205510.0,87.0
ins_626454277,203754.0,204547.0,93.0
ins_858784618,203759.0,204752.0,86.0
ins_1211621595,203760.0,204731.0,81.0
ins_933598145,203753.0,204665.0,87.0
ins_1022996112,203760.0,204891.0,73.0
ins_563385264,203761.0,204549.0,94.0
ins_861032551,203755.0,204638.0,89.0
ins_356610445,203754.0,204572.0,93.0
ins_697765040,203759.0,204559.0,93.0
ins_685267896,203754.0,204558.0,93.0
ins_635985839,203760.0,204632.0,86.0
ins_816177709,203759.0,204614.0,93.0
ins_111344884,203755.0,204702.0,85.0
ins_392585710,203759.0,204609.0,85.0
ins_1350231645,203760.0,204535.0,94.0
ins_1292955487,203760.0,204648.0,86.0
ins_436740013,203755.0,204726.0,84.0
ins_482442484,203761.0,204780.0,80.0
ins_555557244,203761.0,204504.0,93.0
ins_377973910,203759.0,205889.0,80.0
ins_1014334214,203754.0,204588.0,92.0
ins_147906721,203759.0,204732.0,77.0
ins_1187235835,203752.0,204569.0,92.0
ins_41452944,203755.0,204753.0,84.0
ins_897512073,203759.0,204602.0,94.0
ins_1060161737,203759.0,204941.0,71.0
ins_356909107,203753.0,204614.0,89.0
ins_1141536040,203753.0,204743.0,83.0
ins_735847168,203759.0,204710.0,84.0
ins_879563638,203759.0,204931.0,71.0
ins_448382499,203759.0,204554.0,92.0
ins_102353350,203755.0,204585.0,90.0
ins_609605240,203759.0,204581.0,94.0
ins_689613984,203755.0,204634.0,91.0
ins_1186413079,203755.0,204650.0,86.0
ins_705916544,203754.0,205497.0,93.0
ins_233014673,203759.0,204588.0,95.0
ins_898228110,203752.0,204552.0,93.0
ins_5300272,203759.0,204565.0,94.0
ins_1269165208,203755.0,204642.0,86.0
ins_1205515662,203755.0,204692.0,85.0
ins_493677055,203754.0,204578.0,95.0
ins_611040818,203754.0,204560.0,92.0
ins_941662067,203760.0,204626.0,93.0
ins_1167454671,203759.0,204616.0,94.0
ins_1130283912,203760.0,204763.0,79.0
ins_697670523,203754.0,204612.0,92.0
ins_1036462101,203755.0,204691.0,81.0
ins_933605477,203753.0,204693.0,86.0
ins_377980769,203755.0,205499.0,94.0
ins_1122108547,203761.0,204659.0,84.0
ins_647144218,203760.0,204697.0,87.0
ins_601009618,203753.0,204676.0,86.0
ins_1130243093,203759.0,204592.0,92.0
ins_679102278,203759.0,204624.0,93.0
ins_121540355,203761.0,204749.0,79.0
ins_184575390,203754.0,205382.0,94.0
ins_601008995,203760.0,204752.0,83.0
ins_673419181,203761.0,204889.0,72.0
ins_619205187,203753.0,204663.0,85.0
ins_1284779102,203753.0,204671.0,85.0
ins_781183963,203753.0,204707.0,83.0
ins_275654788,203759.0,204649.0,91.0
ins_130840383,203760.0,204675.0,86.0
ins_765936101,203755.0,204686.0,88.0
ins_679101842,203755.0,204583.0,93.0
ins_238029002,203755.0,204694.0,83.0
ins_565752498,203755.0,204794.0,82.0
ins_1095675660,203753.0,204661.0,86.0
ins_656649010,203755.0,204557.0,93.0
ins_102353743,203755.0,204663.0,87.0
ins_689613594,203760.0,204819.0,80.0
ins_647144894,203754.0,204585.0,93.0
ins_772905620,203761.0,204689.0,87.0
ins_484434928,203755.0,204648.0,90.0
ins_1177051386,203755.0,204627.0,94.0
ins_712301149,203753.0,205449.0,93.0
ins_1267073715,203760.0,204516.0,91.0
ins_1213674216,203761.0,204772.0,79.0
ins_284234493,203754.0,204591.0,93.0
ins_192699178,203753.0,204681.0,86.0
ins_967540724,203753.0,204597.0,93.0
ins_858783910,203754.0,204617.0,93.0
ins_565752317,203754.0,204609.0,93.0
ins_1304584194,203759.0,205605.0,84.0
ins_456535575,203760.0,204717.0,85.0
ins_1339734042,203755.0,204715.0,85.0
ins_615645012,203759.0,204706.0,83.0
ins_1105041492,203759.0,204778.0,79.0
ins_202893152,203754.0,204739.0,81.0
ins_1203454355,203752.0,204582.0,93.0
ins_833941999,203761.0,204707.0,85.0
ins_355395928,203759.0,204885.0,73.0
ins_275550563,203755.0,204641.0,89.0
ins_122799755,203762.0,204754.0,80.0
ins_527663946,203754.0,204607.0,89.0
ins_697670252,203755.0,204736.0,85.0
ins_230356719,203754.0,204603.0,93.0
ins_626454441,203759.0,204763.0,79.0
ins_456535497,203760.0,204593.0,94.0
ins_915280761,203759.0,204729.0,81.0
ins_474245958,203753.0,204560.0,84.0
ins_274039635,203754.0,204612.0,94.0
ins_636664813,203755.0,204613.0,88.0
ins_473990238,203755.0,204530.0,94.0
ins_1292915041,203754.0,204603.0,90.0
ins_519578444,203759.0,204551.0,94.0
ins_1133767814,203760.0,205089.0,64.0
ins_266068903,203755.0,204735.0,86.0
ins_21880703,203753.0,205672.0,84.0
ins_1227829297,203760.0,205860.0,74.0
ins_1141599133,203753.0,205773.0,76.0
ins_1344401221,203760.0,204693.0,85.0
ins_563385174,203761.0,204664.0,89.0
ins_555299309,203760.0,204736.0,82.0
ins_130839709,203753.0,204618.0,89.0
ins_879276327,203761.0,204596.0,92.0
ins_879268668,203755.0,204629.0,90.0
ins_529695761,203759.0,204747.0,77.0
ins_492544938,203754.0,204557.0,94.0
ins_233017218,203754.0,204612.0,90.0
ins_1158203638,203759.0,204615.0,89.0
ins_482067882,203754.0,204576.0,93.0
ins_275250732,203759.0,204679.0,84.0
ins_1248752770,203755.0,204718.0,83.0
ins_202893649,203759.0,204618.0,89.0
ins_626454673,203755.0,204595.0,89.0
ins_1295020964,203759.0,204590.0,92.0
ins_862493549,203759.0,204702.0,81.0
ins_734910826,203754.0,205419.0,93.0
ins_382352310,203754.0,204545.0,95.0
ins_400719192,203760.0,204748.0,79.0
ins_75317449,203759.0,204726.0,84.0
ins_779098971,203759.0,204749.0,82.0
ins_555300075,203754.0,204558.0,92.0
ins_1248752411,203755.0,204643.0,88.0
ins_496550991,203759.0,205816.0,77.0
ins_448412837,203753.0,204708.0,86.0
ins_121539952,203753.0,204569.0,92.0
ins_1223177761,203754.0,204665.0,89.0
ins_151799492,203760.0,205804.0,78.0
ins_131135194,203754.0,204726.0,81.0
ins_745149915,203754.0,204558.0,95.0
ins_600913803,203754.0,204598.0,93.0
ins_1227193349,203760.0,204599.0,94.0
ins_1222871705,203760.0,204686.0,88.0
ins_573859833,203759.0,204652.0,85.0
ins_1060225674,203760.0,205548.0,84.0
ins_1211580654,203755.0,204712.0,84.0
ins_527663491,203755.0,204589.0,92.0
ins_523607952,203754.0,204616.0,94.0
ins_301000917,203761.0,204619.0,87.0
ins_347284199,203759.0,205860.0,76.0
ins_357011067,203754.0,204586.0,94.0
ins_377977327,203761.0,205945.0,77.0
ins_311693346,203754.0,204599.0,93.0
ins_382352216,203754.0,204544.0,93.0
ins_473308042,203759.0,204543.0,94.0
ins_601009539,203760.0,204650.0,88.0
ins_705916068,203761.0,205728.0,84.0
ins_960582537,203759.0,204561.0,94.0
ins_1022995949,203760.0,205097.0,66.0
ins_1041916112,203759.0,204580.0,93.0
ins_1048925459,203759.0,204713.0,83.0
ins_1052407563,203753.0,204646.0,88.0
ins_1141535873,203755.0,204738.0,81.0
ins_1292955398,203753.0,204637.0,87.0
ins_1294918178,203755.0,204670.0,87.0
ins_1295021226,203759.0,204685.0,81.0
ins_1305230391,203760.0,204746.0,80.0
ins_1061163784,203761.0,204876.0,74.0
ins_392635194,203760.0,204663.0,87.0
ins_392891447,203754.0,204625.0,93.0
ins_1304584280,203761.0,205433.0,93.0
ins_793616209,203760.0,205748.0,83.0
ins_202893350,203753.0,204679.0,84.0
ins_474246272,203753.0,204640.0,93.0
ins_770950737,203760.0,204656.0,87.0
ins_529726939,203752.0,204595.0,92.0
ins_1014334299,203760.0,204727.0,83.0
ins_1186412588,203754.0,204559.0,93.0
ins_446949277,203754.0,204619.0,94.0
ins_1223890702,203759.0,204666.0,85.0
ins_672969714,203753.0,204621.0,88.0
ins_430761063,203753.0,205689.0,80.0
ins_111344730,203753.0,204619.0,93.0
ins_138321412,203754.0,204569.0,94.0
ins_1222871483,203761.0,204770.0,80.0
ins_184575046,203755.0,205629.0,85.0
ins_833942165,203759.0,204571.0,93.0
ins_898220160,203761.0,204560.0,92.0
ins_1104440338,203759.0,204845.0,76.0
ins_1227826171,203754.0,205403.0,91.0
ins_779697964,203755.0,204644.0,87.0
ins_1344067637,203759.0,204699.0,88.0
ins_391951521,203754.0,204561.0,93.0
ins_978892848,203755.0,205618.0,82.0
ins_1048874788,203755.0,204691.0,84.0
ins_184719547,203760.0,204752.0,85.0
ins_898220800,203755.0,204692.0,83.0
ins_212500577,203755.0,204685.0,83.0
ins_75317278,203760.0,204724.0,85.0
ins_86636875,203753.0,204631.0,87.0
ins_1024518938,203759.0,204721.0,85.0
ins_960582634,203760.0,204624.0,88.0
ins_230356639,203761.0,204699.0,85.0
ins_1185770798,203760.0,204591.0,90.0
ins_392635427,203754.0,204603.0,94.0
ins_517284208,203755.0,204797.0,79.0
ins_941757328,203753.0,204634.0,86.0
ins_438253363,203755.0,204500.0,96.0
ins_446949113,203754.0,204756.0,81.0
ins_793623664,203761.0,206187.0,69.0
ins_364998418,203760.0,204584.0,93.0
ins_311550020,203760.0,205104.0,67.0
ins_858785428,203761.0,204627.0,95.0
ins_1004727189,203760.0,204764.0,83.0
ins_382351824,203755.0,204653.0,86.0
ins_400719457,203761.0,204605.0,93.0
ins_1330108676,203760.0,204671.0,88.0
ins_793623250,203759.0,205697.0,84.0
ins_527663561,203759.0,204660.0,86.0
ins_1305231211,203761.0,204647.0,86.0
ins_1248753016,203753.0,204666.0,87.0
ins_194122402,203755.0,204582.0,94.0
ins_1036469506,203755.0,204706.0,83.0
ins_496551070,203760.0,205828.0,78.0
ins_672969089,203755.0,204644.0,86.0
ins_772896702,203759.0,204742.0,81.0
ins_635534799,203754.0,204606.0,92.0
ins_89809606,203753.0,205546.0,88.0
ins_1344401621,203760.0,204573.0,93.0
ins_1344058795,203754.0,204620.0,92.0
ins_679102099,203755.0,204641.0,90.0
ins_698364948,203754.0,204534.0,94.0
ins_412335361,203753.0,204627.0,86.0
ins_577868674,203760.0,205725.0,78.0
ins_778705707,203754.0,204569.0,93.0
ins_1203454512,203759.0,204678.0,86.0
ins_978892689,203755.0,205581.0,80.0
ins_1322309683,203753.0,204703.0,82.0
ins_712301516,203755.0,205671.0,83.0
ins_1024518590,203759.0,204587.0,94.0
ins_555557420,203753.0,204620.0,94.0
ins_932996912,203755.0,204588.0,94.0
ins_401095983,203761.0,204653.0,88.0
ins_138321244,203760.0,204587.0,94.0
ins_967541098,203753.0,204698.0,85.0
ins_663900672,203759.0,204707.0,82.0
ins_861032294,203755.0,204647.0,88.0
ins_39672392,203759.0,204558.0,95.0
ins_519682420,203759.0,204608.0,92.0
ins_1267074017,203755.0,204484.0,91.0
ins_852272898,203753.0,204615.0,93.0
ins_509948289,203753.0,205446.0,89.0
ins_192699756,203755.0,204631.0,91.0
ins_492545090,203761.0,204753.0,78.0
ins_311281644,203755.0,204669.0,85.0
ins_310608704,203753.0,204633.0,85.0
ins_1014334114,203759.0,204751.0,80.0
ins_473940867,203759.0,204865.0,68.0
ins_473307954,203754.0,204582.0,94.0
ins_1177651867,203752.0,204568.0,92.0
ins_697373007,203754.0,204596.0,93.0
ins_685263943,203753.0,204711.0,83.0
ins_512022384,203753.0,204651.0,89.0
ins_1339734125,203760.0,204608.0,93.0
ins_635535831,203754.0,204600.0,93.0
ins_956278451,203761.0,205813.0,80.0
ins_1305230136,203755.0,204569.0,93.0
ins_1141599431,203759.0,205693.0,78.0
ins_978828033,203761.0,204762.0,81.0
ins_852271722,203753.0,204680.0,86.0
ins_960582999,203760.0,204640.0,89.0
ins_356611367,203754.0,204593.0,95.0
ins_40191961,203755.0,204709.0,83.0
ins_979832746,203754.0,204595.0,91.0
ins_1211571877,203761.0,204870.0,75.0
ins_456535411,203753.0,204615.0,90.0
ins_1222871844,203761.0,205014.0,72.0
ins_428620480,203760.0,205692.0,83.0
ins_428620268,203761.0,205368.0,94.0
ins_898516402,203754.0,204528.0,93.0
ins_138321656,203760.0,204587.0,93.0
ins_156680263,203759.0,204683.0,87.0
ins_716606745,203761.0,204615.0,91.0
ins_192699841,203754.0,204580.0,92.0
ins_192699679,203759.0,204736.0,82.0
ins_202374927,203752.0,204565.0,94.0
ins_1308232805,203755.0,204609.0,91.0
ins_735846918,203755.0,204598.0,92.0
ins_636922850,203761.0,204684.0,76.0
ins_573859917,203760.0,204790.0,78.0
ins_679268625,203759.0,204683.0,81.0
ins_941756796,203754.0,204602.0,91.0
ins_852272395,203760.0,204899.0,74.0
ins_626454363,203755.0,204567.0,89.0
ins_22026142,203760.0,204799.0,82.0
ins_577868112,203760.0,205443.0,93.0
ins_102353184,203759.0,204581.0,95.0
ins_512019166,203760.0,204659.0,90.0
ins_851662063,203754.0,204584.0,92.0
ins_898516626,203755.0,204659.0,84.0
ins_392635350,203760.0,204574.0,94.0
ins_392635046,203762.0,204719.0,82.0
ins_528264795,203759.0,204753.0,81.0
ins_528265025,203759.0,204669.0,85.0
ins_401096132,203753.0,204700.0,85.0
ins_5300604,203761.0,204623.0,89.0
ins_1022996531,203755.0,204675.0,85.0
ins_392585972,203753.0,204545.0,89.0
ins_122800447,203755.0,204683.0,85.0
ins_1350230888,203755.0,204701.0,83.0
ins_1014334490,203755.0,204665.0,89.0
ins_1014334682,203761.0,204676.0,85.0
ins_712301308,203759.0,205468.0,90.0
ins_438355552,203760.0,204742.0,83.0
ins_697670452,203755.0,204600.0,94.0
ins_1177052297,203754.0,204562.0,94.0
ins_1041916457,203755.0,204626.0,88.0
ins_448413376,203760.0,204841.0,77.0
ins_1344401299,203755.0,204697.0,87.0
ins_1320874893,203760.0,204611.0,87.0
ins_1308225113,203753.0,204661.0,86.0
ins_253668357,203760.0,204659.0,89.0
ins_609003000,203759.0,204582.0,93.0
ins_357011301,203755.0,204632.0,89.0
ins_1130283837,203754.0,204566.0,93.0
ins_1022996362,203754.0,204586.0,94.0
ins_537853458,203759.0,204741.0,79.0
ins_898516477,203754.0,204575.0,93.0
ins_611040735,203760.0,204616.0,87.0
ins_573860014,203755.0,204746.0,83.0
ins_915281220,203761.0,204682.0,87.0
ins_1104441259,203753.0,204661.0,86.0
ins_779099597,203760.0,204664.0,85.0
ins_1350230988,203755.0,204686.0,82.0
ins_697670316,203760.0,204685.0,85.0
ins_600914273,203754.0,204576.0,93.0
ins_492544691,203760.0,204700.0,77.0
ins_428764288,203753.0,204642.0,89.0
ins_274039897,203761.0,204763.0,84.0
ins_265926056,203761.0,205979.0,75.0
ins_1023092292,203759.0,204579.0,95.0
ins_194122046,203759.0,204544.0,94.0
ins_482442246,203759.0,204609.0,93.0
ins_151387333,203754.0,204586.0,93.0
ins_1185812895,203755.0,204598.0,90.0
ins_86636404,203760.0,204599.0,92.0
ins_89809689,203759.0,205423.0,93.0
ins_1133767639,203755.0,204617.0,93.0
ins_1127144073,203759.0,204695.0,87.0
ins_284234208,203759.0,204706.0,83.0
ins_712301228,203755.0,205457.0,93.0
ins_275467232,203753.0,204648.0,85.0
ins_1141535791,203755.0,204668.0,86.0
ins_1130234212,203754.0,204591.0,95.0
ins_148585278,203755.0,204754.0,79.0
ins_103218166,203759.0,205834.0,77.0
ins_219672288,203759.0,204667.0,84.0
ins_1106491587,203754.0,204553.0,92.0
ins_679269548,203755.0,204814.0,73.0
ins_1187861866,203759.0,204566.0,94.0
ins_194121875,203759.0,204682.0,84.0
ins_121540557,203753.0,204634.0,86.0
ins_734910633,203759.0,205892.0,75.0
ins_484435110,203753.0,204597.0,93.0
ins_184575307,203753.0,205458.0,91.0
ins_1295021053,203760.0,204647.0,86.0
ins_636665362,203755.0,204708.0,84.0
ins_656648621,203755.0,204653.0,88.0
ins_1127132498,203755.0,204554.0,93.0
ins_591266414,203754.0,205446.0,90.0
ins_851662291,203753.0,204602.0,91.0
ins_319359363,203754.0,204624.0,90.0
ins_716606655,203759.0,204574.0,93.0
ins_636664901,203755.0,204671.0,83.0
ins_230356548,203759.0,204612.0,93.0
ins_310608406,203759.0,204524.0,94.0
ins_512021631,203754.0,204677.0,87.0
ins_86636798,203759.0,204731.0,79.0
ins_716606402,203755.0,204675.0,87.0
ins_664114812,203760.0,204704.0,84.0
ins_1014928990,203759.0,204690.0,88.0
ins_103364186,203760.0,204652.0,89.0
ins_1095675929,203760.0,204618.0,92.0
ins_1205515586,203759.0,204565.0,92.0
ins_21881182,203752.0,205602.0,86.0
ins_212500010,203759.0,204709.0,81.0
ins_860347306,203761.0,204631.0,89.0
ins_151384997,203754.0,204540.0,95.0
ins_151803588,203761.0,205862.0,74.0
ins_456535733,203759.0,204706.0,84.0
ins_111344804,203755.0,204686.0,85.0
ins_689613680,203761.0,204603.0,94.0
ins_689613327,203754.0,204580.0,93.0
ins_1106491825,203760.0,204623.0,88.0
ins_577868259,203760.0,205556.0,88.0
ins_529726465,203759.0,204607.0,95.0
ins_852272480,203759.0,204687.0,87.0
ins_1177051185,203760.0,204581.0,94.0
ins_528264872,203759.0,204685.0,86.0
ins_194308611,203753.0,204615.0,94.0
ins_1350231553,203759.0,204661.0,86.0
ins_1268537607,203754.0,204608.0,95.0
ins_428765214,203755.0,204687.0,86.0
ins_56963803,203755.0,204666.0,86.0
ins_86636313,203760.0,204633.0,88.0
ins_103363823,203753.0,204696.0,87.0
ins_897512156,203754.0,204583.0,94.0
ins_942355508,203760.0,204606.0,92.0
ins_1344401131,203761.0,204784.0,79.0
ins_229943743,203753.0,204628.0,88.0
ins_1203455628,203754.0,204662.0,86.0
ins_1036458088,203759.0,204669.0,88.0
ins_555556997,203755.0,204608.0,81.0
ins_428764459,203753.0,204740.0,83.0
ins_1308290048,203755.0,204681.0,88.0
ins_941662541,203753.0,204680.0,86.0
ins_554617099,203760.0,204619.0,89.0
ins_89810744,203760.0,205422.0,93.0
ins_1223176971,203759.0,204762.0,85.0
ins_275467150,203754.0,204539.0,95.0
ins_574990301,203759.0,204576.0,90.0
ins_679102549,203759.0,204609.0,94.0
ins_685274306,203759.0,204705.0,84.0
ins_1222879841,203754.0,204599.0,93.0
ins_1185715078,203755.0,204673.0,87.0
ins_573560633,203753.0,204591.0,91.0
ins_734911127,203754.0,205324.0,93.0
ins_1142541909,203755.0,204587.0,90.0
ins_357010810,203754.0,204580.0,95.0
ins_862493253,203760.0,204632.0,87.0
ins_816177537,203753.0,204633.0,90.0
ins_698372549,203760.0,204885.0,70.0
ins_689009202,203754.0,204587.0,94.0
ins_699201381,203753.0,204845.0,78.0
ins_529694799,203753.0,204564.0,92.0
ins_554617687,203760.0,204782.0,79.0
ins_1308298174,203755.0,204677.0,87.0
ins_781165590,203755.0,204690.0,85.0
ins_852272730,203753.0,204681.0,85.0
ins_734911283,203753.0,205341.0,94.0
ins_1305230306,203753.0,204671.0,85.0
ins_365589958,203752.0,204575.0,95.0
ins_456534959,203759.0,204573.0,94.0
ins_1268538502,203760.0,204822.0,78.0
ins_1213581428,203755.0,204683.0,89.0
ins_183714599,203762.0,204705.0,85.0
ins_770951145,203755.0,204687.0,90.0
ins_779099775,203761.0,204710.0,85.0
ins_482067973,203759.0,204893.0,76.0
ins_898516712,203759.0,204673.0,87.0
ins_1267073796,203754.0,204499.0,93.0
ins_1222871400,203759.0,204609.0,91.0
ins_860347379,203761.0,204691.0,85.0
ins_1248752678,203755.0,204670.0,89.0
ins_1133767900,203755.0,204713.0,86.0
ins_1004726215,203754.0,204736.0,85.0
ins_1185715291,203754.0,204613.0,94.0
ins_879267828,203755.0,204644.0,87.0
ins_448381526,203760.0,204658.0,84.0
ins_699201550,203753.0,204656.0,86.0
ins_163085860,203755.0,204587.0,91.0
ins_184719138,203754.0,204637.0,92.0
ins_49466647,203759.0,204703.0,83.0
ins_635535208,203753.0,204757.0,80.0
ins_229263717,203754.0,204664.0,86.0
ins_852272990,203760.0,204608.0,95.0
ins_49483605,203759.0,204767.0,80.0
ins_5301017,203761.0,204716.0,80.0
ins_22024920,203755.0,204745.0,83.0
ins_1187861951,203755.0,204722.0,85.0
ins_1177652341,203753.0,204695.0,80.0
ins_1177651433,203753.0,204716.0,87.0
ins_851662378,203753.0,204685.0,85.0
ins_816248388,203755.0,205389.0,93.0
ins_493677572,203761.0,204658.0,86.0
ins_1122109326,203755.0,204621.0,88.0
ins_1227830151,203763.0,205583.0,85.0
ins_1213589277,203752.0,204589.0,94.0
ins_679261098,203754.0,204598.0,94.0
ins_817180524,203760.0,204630.0,88.0
ins_1106492381,203753.0,204659.0,86.0
ins_438356029,203760.0,204597.0,94.0
ins_1185821347,203759.0,204679.0,84.0
ins_529695666,203754.0,204695.0,79.0
ins_960582818,203755.0,204568.0,94.0
ins_392585881,203759.0,204645.0,81.0
ins_519682504,203759.0,204591.0,93.0
ins_1320875061,203760.0,204708.0,81.0
ins_1213682984,203760.0,204970.0,57.0
ins_1105866259,203755.0,204675.0,85.0
ins_996596457,203754.0,204712.0,84.0
ins_1344058711,203759.0,204575.0,86.0
ins_860441505,203755.0,204664.0,85.0
ins_519578610,203754.0,204559.0,93.0
ins_482442099,203759.0,204739.0,79.0
ins_1105042070,203755.0,204660.0,86.0
ins_212500251,203755.0,204637.0,88.0
ins_941662337,203755.0,204700.0,86.0
ins_392891529,203759.0,204678.0,89.0
ins_311549289,203755.0,204524.0,88.0
ins_284233821,203759.0,204613.0,94.0
ins_473989453,203755.0,204589.0,91.0
ins_816891169,203759.0,204628.0,86.0
ins_770950895,203755.0,204628.0,91.0
ins_392635564,203761.0,204674.0,85.0
ins_779004816,203754.0,204604.0,94.0
ins_574990147,203754.0,204552.0,94.0
ins_734911207,203760.0,205428.0,89.0
ins_473989782,203759.0,204581.0,93.0
ins_554168483,203760.0,204600.0,93.0
ins_49483128,203754.0,204548.0,95.0
ins_1292954870,203755.0,204693.0,83.0
ins_319359276,203753.0,204654.0,87.0
ins_347429318,203760.0,204765.0,80.0
ins_496551689,203759.0,205722.0,81.0
ins_1205515324,203759.0,204784.0,79.0
ins_30533189,203754.0,204552.0,92.0
ins_897512330,203755.0,204706.0,86.0
ins_786354817,203753.0,204611.0,89.0
ins_194307683,203760.0,204644.0,89.0
ins_382351920,203755.0,204600.0,90.0
ins_1267073065,203760.0,204740.0,73.0
ins_941662740,203753.0,204644.0,88.0
ins_49483424,203759.0,204688.0,85.0
ins_619204844,203753.0,204673.0,85.0
ins_781183246,203755.0,204692.0,86.0
ins_635534873,203755.0,204667.0,87.0
ins_793623741,203752.0,205446.0,93.0
ins_111344571,203759.0,204736.0,79.0
ins_274039542,203760.0,204899.0,77.0
ins_1185771368,203761.0,204666.0,82.0
ins_265925636,203762.0,205827.0,79.0
ins_151810066,203761.0,205339.0,93.0
ins_897511715,203760.0,204806.0,79.0
ins_735846997,203755.0,204615.0,88.0
ins_484434656,203753.0,204669.0,88.0
ins_1222871931,203754.0,204624.0,93.0
ins_436739815,203754.0,204573.0,96.0
ins_1133767734,203753.0,204723.0,82.0
ins_311282036,203754.0,204623.0,92.0
ins_1086087363,203761.0,204753.0,79.0
ins_1060225421,203753.0,205329.0,93.0
ins_274039455,203755.0,204648.0,92.0
ins_1014334859,203760.0,204677.0,85.0
ins_1320875307,203759.0,204811.0,76.0
ins_529726692,203760.0,204591.0,93.0
ins_229264161,203760.0,204668.0,85.0
ins_1185771121,203754.0,204514.0,93.0
ins_1167454751,203760.0,204774.0,80.0
ins_357011143,203754.0,204707.0,86.0
ins_697373547,203754.0,204586.0,94.0
ins_183714465,203760.0,204642.0,87.0
ins_233018060,203755.0,204667.0,85.0
ins_147906031,203761.0,204736.0,84.0
ins_697764761,203755.0,204692.0,84.0
ins_699201470,203755.0,204702.0,84.0
ins_770343552,203754.0,204614.0,93.0
ins_766879428,203759.0,204746.0,82.0
ins_1177651505,203752.0,204556.0,94.0
ins_1040751792,203755.0,204649.0,86.0
ins_473989618,203755.0,204536.0,93.0
ins_1286835419,203755.0,204665.0,86.0
ins_816177354,203759.0,204591.0,93.0
ins_979833923,203760.0,204651.0,87.0
ins_1023691782,203755.0,204569.0,92.0
ins_697670178,203762.0,205151.0,63.0
ins_102568028,203763.0,204726.0,80.0
ins_253666529,203755.0,204689.0,84.0
ins_184575221,203760.0,205666.0,84.0
ins_493677306,203760.0,204548.0,94.0
ins_493676716,203753.0,204586.0,88.0
ins_1344067880,203755.0,204661.0,92.0
ins_816177798,203760.0,204999.0,69.0
ins_635985370,203755.0,204571.0,92.0
ins_1322013531,203760.0,204609.0,93.0
ins_40192728,203759.0,204869.0,76.0
ins_436739620,203753.0,204674.0,86.0
ins_319359644,203754.0,204589.0,94.0
ins_412335805,203755.0,204613.0,86.0
ins_391951609,203755.0,204766.0,81.0
ins_1023092372,203753.0,204647.0,90.0
ins_752617197,203753.0,204651.0,88.0
ins_619204933,203761.0,204723.0,86.0
ins_1095676023,203761.0,204603.0,93.0
ins_1177651732,203753.0,204699.0,85.0
ins_1167455231,203759.0,204570.0,94.0
ins_283715445,203753.0,204566.0,94.0
ins_283714578,203755.0,204611.0,90.0
ins_233007985,203753.0,204662.0,86.0
ins_75317531,203753.0,204575.0,93.0
ins_319359551,203755.0,204716.0,82.0
ins_266068827,203755.0,204687.0,91.0
ins_202893253,203754.0,204582.0,93.0
ins_941662674,203760.0,204703.0,86.0
ins_941756610,203761.0,204705.0,83.0
ins_1061164218,203762.0,204674.0,84.0
ins_816247652,203753.0,205697.0,79.0
ins_933605851,203753.0,204704.0,84.0
ins_212500324,203755.0,204620.0,87.0
ins_574990880,203759.0,204558.0,93.0
ins_1014928529,203755.0,204677.0,85.0
ins_697670100,203760.0,204813.0,79.0
ins_41452234,203755.0,204578.0,92.0
ins_347283895,203760.0,205746.0,82.0
ins_1023091655,203755.0,204642.0,88.0
ins_636665700,203761.0,204788.0,78.0
ins_685275222,203753.0,204723.0,82.0
ins_1222871779,203761.0,204727.0,86.0
ins_1292955037,203759.0,204723.0,80.0
ins_898517473,203755.0,204673.0,85.0
ins_615725012,203759.0,204679.0,88.0
ins_1211580734,203759.0,204610.0,91.0
ins_1223890789,203760.0,204519.0,93.0
ins_430761957,203754.0,205380.0,93.0
ins_619204659,203753.0,204543.0,92.0
ins_685263118,203753.0,204622.0,92.0
ins_202892419,203754.0,204587.0,93.0
ins_697373469,203754.0,204590.0,94.0
ins_833942352,203753.0,204588.0,92.0
ins_879268763,203753.0,204668.0,86.0
ins_941756518,203760.0,204685.0,84.0
ins_5300188,203755.0,204569.0,90.0
ins_941662408,203755.0,204586.0,93.0
ins_897585120,203754.0,204531.0,91.0
ins_446351473,203760.0,204585.0,93.0
ins_1024517873,203753.0,204603.0,91.0
ins_347284037,203754.0,205509.0,93.0
ins_357010733,203754.0,204597.0,93.0
ins_1158203554,203755.0,204628.0,89.0
ins_779099415,203761.0,204594.0,91.0
ins_1133766934,203760.0,204821.0,79.0
ins_656649091,203760.0,204744.0,80.0
ins_573560917,203753.0,204640.0,86.0
ins_673419343,203753.0,204739.0,77.0
ins_978828119,203760.0,204754.0,84.0
ins_672969878,203759.0,204759.0,80.0
ins_697373392,203754.0,204592.0,93.0
ins_712301449,203760.0,205402.0,94.0
ins_817180966,203761.0,204782.0,79.0
ins_862493351,203755.0,204738.0,75.0
ins_874964616,203760.0,205561.0,87.0
ins_941756181,203755.0,204572.0,95.0
ins_1014929194,203755.0,204672.0,88.0
ins_1213674128,203755.0,204631.0,88.0
ins_897577206,203760.0,204634.0,80.0
ins_356909194,203759.0,204931.0,70.0
ins_1304584047,203754.0,205350.0,94.0
ins_356825809,203755.0,204635.0,88.0
ins_473940942,203755.0,204519.0,92.0
ins_49464471,203754.0,204592.0,90.0
ins_523603028,203760.0,204764.0,83.0
ins_1286835944,203753.0,204632.0,88.0
ins_400718326,203755.0,204561.0,93.0
ins_770951730,203754.0,204605.0,94.0
ins_1223177607,203754.0,204653.0,94.0
ins_1211621854,203760.0,204620.0,89.0
ins_609002357,203761.0,204777.0,82.0
ins_851662456,203755.0,204708.0,85.0
ins_1294917972,203760.0,204722.0,84.0
ins_600914196,203760.0,204612.0,91.0
ins_672970035,203761.0,204609.0,94.0
ins_1048874631,203753.0,204663.0,88.0
ins_698371883,203761.0,204597.0,92.0
ins_456535654,203759.0,204756.0,77.0
ins_1040751946,203755.0,204647.0,86.0
ins_960582726,203754.0,204562.0,92.0
ins_1308331161,203755.0,204588.0,93.0
ins_431398039,203755.0,204711.0,90.0
ins_816891027,203753.0,204590.0,88.0
ins_448413108,203760.0,204717.0,85.0
ins_860346659,203755.0,205111.0,68.0
ins_705916796,203759.0,205821.0,81.0
ins_879563106,203755.0,204659.0,84.0
ins_512018435,203755.0,204687.0,85.0
ins_1086087038,203753.0,204640.0,90.0
ins_555299042,203753.0,204645.0,86.0
ins_428765122,203753.0,204641.0,90.0
ins_412335970,203755.0,204507.0,93.0
ins_770343403,203759.0,204835.0,75.0
ins_851662000,203759.0,204800.0,80.0
ins_121540149,203759.0,204782.0,81.0
ins_1130234135,203761.0,204678.0,85.0
ins_365590243,203760.0,204567.0,94.0
ins_1141599837,203759.0,205320.0,94.0
ins_664114647,203760.0,204658.0,83.0
ins_636665792,203753.0,204697.0,84.0
ins_915273476,203753.0,204688.0,86.0
ins_619205095,203754.0,204560.0,95.0
ins_770343064,203754.0,204577.0,94.0
ins_230357213,203755.0,204612.0,92.0
ins_131135448,203753.0,204662.0,86.0
ins_1060160950,203761.0,204633.0,94.0
ins_996596647,203755.0,204584.0,93.0
ins_519578369,203760.0,204856.0,75.0
ins_122800270,203753.0,204658.0,87.0
ins_49465905,203759.0,204721.0,84.0
ins_1048924753,203761.0,204626.0,87.0
ins_664114960,203759.0,204642.0,85.0
ins_102354282,203759.0,204578.0,93.0
ins_672969797,203753.0,204619.0,91.0
ins_574990727,203754.0,204543.0,93.0
ins_636922184,203759.0,204540.0,89.0
ins_712301667,203754.0,205400.0,94.0
ins_1086086879,203752.0,204627.0,93.0
ins_816177881,203759.0,205029.0,69.0
ins_56963721,203760.0,204712.0,81.0
ins_942356185,203759.0,204705.0,83.0
ins_484434753,203755.0,204671.0,84.0
ins_517282608,203754.0,204671.0,84.0
ins_39672298,203755.0,204643.0,87.0
ins_151386599,203755.0,204683.0,84.0
ins_932996841,203761.0,204922.0,74.0
ins_1227824545,203759.0,205727.0,78.0
ins_102353581,203755.0,204535.0,95.0
ins_238028739,203761.0,204672.0,86.0
ins_1142542061,203754.0,204580.0,92.0
ins_781165857,203753.0,204658.0,85.0
ins_103363994,203755.0,204649.0,90.0
ins_765940009,203759.0,204579.0,93.0
ins_563385077,203753.0,204688.0,86.0
ins_30000427,203753.0,204626.0,89.0
ins_697373229,203753.0,204627.0,93.0
ins_1014928684,203753.0,204632.0,89.0
ins_1060225954,203752.0,205320.0,94.0
ins_1040752424,203759.0,204583.0,93.0
ins_1269164984,203755.0,204675.0,82.0
ins_509948084,203760.0,205488.0,90.0
ins_86636484,203755.0,204651.0,82.0
ins_163089804,203753.0,204564.0,93.0
ins_183714809,203755.0,204583.0,91.0
ins_1096276425,203752.0,204580.0,93.0
ins_382352408,203753.0,204583.0,93.0
ins_745142665,203755.0,204670.0,86.0
ins_635985290,203755.0,204595.0,88.0
ins_734846946,203759.0,204710.0,85.0
ins_1048875404,203760.0,204590.0,93.0
ins_238028576,203761.0,204653.0,89.0
ins_967541431,203761.0,204818.0,80.0
ins_685262315,203753.0,204629.0,89.0
ins_573859487,203759.0,204627.0,91.0
ins_860347671,203759.0,204764.0,84.0
ins_858786300,203753.0,204762.0,86.0
ins_148585195,203761.0,204810.0,76.0
ins_519578762,203755.0,204670.0,86.0
ins_482068246,203759.0,204696.0,86.0
ins_786342660,203752.0,204618.0,92.0
ins_697765126,203760.0,204614.0,88.0
ins_1048875322,203761.0,204554.0,95.0
ins_367032176,203761.0,204720.0,82.0
ins_979833742,203760.0,204626.0,86.0
ins_537853305,203760.0,204786.0,82.0
ins_311694110,203760.0,204772.0,82.0
ins_960878245,203753.0,204736.0,80.0
ins_752617389,203764.0,204844.0,75.0
ins_266068744,203759.0,204653.0,94.0
ins_635985930,203752.0,204545.0,93.0
ins_473940623,203759.0,204709.0,76.0
ins_1227816235,203754.0,205301.0,94.0
ins_21234526,203755.0,204587.0,90.0
ins_1185770168,203753.0,204608.0,82.0
ins_121540664,203754.0,204578.0,94.0
ins_664114888,203761.0,204658.0,85.0
ins_392635495,203755.0,204576.0,93.0
ins_509947851,203759.0,205347.0,95.0
ins_1004735744,203759.0,204757.0,81.0
ins_779004440,203759.0,204634.0,92.0
ins_778697493,203755.0,204634.0,93.0
ins_1130234037,203759.0,204770.0,81.0
ins_356611281,203761.0,204691.0,86.0
ins_473989532,203760.0,204561.0,94.0
ins_1186412750,203754.0,204578.0,94.0
ins_745142437,203759.0,204580.0,92.0
ins_1268537812,203755.0,204720.0,82.0
ins_897511984,203760.0,204857.0,77.0
ins_673419100,203760.0,204650.0,86.0
ins_537853147,203752.0,204566.0,94.0
ins_635985641,203754.0,204544.0,94.0
ins_147906812,203759.0,204614.0,92.0
ins_600914038,203761.0,204651.0,88.0
ins_1213683220,203753.0,204749.0,79.0
ins_392891268,203753.0,204735.0,84.0
ins_555298949,203762.0,204648.0,86.0
ins_1141600015,203759.0,205522.0,87.0
ins_392891786,203755.0,204683.0,88.0
ins_716606565,203759.0,204569.0,94.0
ins_493676796,203755.0,204652.0,84.0
ins_1122108707,203760.0,204616.0,89.0
ins_745149997,203760.0,204761.0,79.0
ins_689009928,203754.0,204589.0,92.0
ins_636922936,203755.0,204590.0,83.0
ins_253667404,203761.0,204594.0,94.0
ins_1096277298,203754.0,204566.0,93.0
ins_932997149,203755.0,204802.0,79.0
ins_573860106,203755.0,204649.0,87.0
ins_482442321,203759.0,204881.0,74.0
ins_705916142,203753.0,205685.0,85.0
ins_770350281,203755.0,204708.0,84.0
ins_591265771,203755.0,205518.0,86.0
ins_942355260,203760.0,204697.0,86.0
ins_1214807612,203764.0,204631.0,91.0
ins_574990479,203761.0,204529.0,95.0
ins_861032466,203755.0,204632.0,86.0
ins_1023691195,203759.0,204592.0,93.0
ins_523605540,203759.0,204605.0,95.0
ins_56963635,203761.0,204599.0,89.0
ins_301001193,203753.0,204546.0,93.0
ins_574990223,203760.0,204563.0,90.0
ins_1350231275,203759.0,204610.0,90.0
ins_778705636,203761.0,204616.0,95.0
ins_253675291,203759.0,204593.0,92.0
ins_770343477,203755.0,204588.0,93.0
ins_1308273886,203759.0,204653.0,88.0
ins_772886626,203754.0,204563.0,92.0
ins_428764550,203755.0,204741.0,86.0
ins_879276243,203759.0,204589.0,94.0
ins_679102369,203760.0,204610.0,94.0
ins_858796691,203760.0,204623.0,94.0
ins_915273386,203764.0,204573.0,93.0
ins_573561012,203754.0,204578.0,93.0
ins_879563258,203759.0,204748.0,79.0
ins_956278364,203760.0,205784.0,80.0
ins_577868343,203754.0,205473.0,95.0
ins_1133768050,203755.0,204687.0,86.0
ins_1052407371,203753.0,204706.0,83.0
ins_392891619,203754.0,204510.0,93.0
ins_1304584606,203754.0,205382.0,92.0
ins_1041916548,203760.0,204730.0,84.0
ins_392648778,203754.0,204576.0,92.0
ins_230356459,203754.0,204603.0,94.0
ins_1060160804,203761.0,204691.0,87.0
ins_1104449492,203754.0,204537.0,94.0
ins_772898435,203755.0,204702.0,85.0
ins_879564175,203759.0,204601.0,91.0
ins_1105866859,203759.0,204636.0,90.0
ins_29999869,203752.0,204536.0,94.0
ins_960582442,203761.0,204653.0,89.0
ins_656648788,203759.0,204685.0,83.0
ins_357010886,203755.0,204611.0,90.0
ins_473308130,203755.0,204653.0,87.0
ins_49468974,203753.0,204690.0,86.0
ins_1292915230,203754.0,204597.0,93.0
ins_517283389,203759.0,204596.0,94.0
ins_319359183,203759.0,204774.0,79.0
ins_1223177349,203755.0,204629.0,91.0
ins_151810895,203755.0,205663.0,81.0
ins_689613415,203754.0,204653.0,89.0
ins_861032731,203760.0,204679.0,85.0
ins_428764067,203753.0,204710.0,85.0
ins_1014928611,203752.0,204633.0,90.0
ins_219672198,203761.0,204727.0,81.0
ins_122799931,203753.0,204711.0,85.0
ins_529727309,203755.0,204699.0,84.0
ins_816248176,203754.0,205344.0,94.0
ins_874964275,203754.0,205442.0,94.0
ins_1106491897,203755.0,204710.0,83.0
ins_978893755,203759.0,204694.0,75.0
ins_56963148,203754.0,204575.0,94.0
ins_1106492308,203754.0,204537.0,92.0
ins_1023691285,203760.0,204577.0,94.0
ins_915280938,203753.0,204593.0,91.0
ins_635535129,203755.0,204590.0,93.0
ins_473989365,203760.0,204673.0,85.0
ins_1339734203,203755.0,204707.0,84.0
ins_943181488,203753.0,204693.0,81.0
ins_22025972,203762.0,204716.0,88.0
ins_1350231089,203760.0,204574.0,94.0
ins_781165501,203759.0,204908.0,69.0
ins_673419436,203754.0,204565.0,91.0
ins_626453989,203759.0,204609.0,94.0
ins_1104343500,203759.0,204669.0,90.0
ins_663900994,203753.0,204587.0,90.0
ins_817180202,203760.0,204704.0,82.0
ins_356909019,203759.0,204655.0,86.0
ins_1004735665,203760.0,204740.0,84.0
ins_41452763,203759.0,204605.0,92.0
ins_766892979,203760.0,204630.0,88.0
ins_528265383,203759.0,204524.0,94.0
ins_1227823647,203761.0,205602.0,84.0
ins_1185821866,203753.0,204602.0,89.0
ins_163011902,203754.0,204576.0,94.0
ins_779004514,203754.0,204598.0,93.0
ins_1061164396,203759.0,204758.0,78.0
ins_49483793,203754.0,204589.0,93.0
ins_1052407178,203761.0,204754.0,84.0
ins_49457432,203754.0,204596.0,91.0
ins_1187236341,203755.0,204738.0,84.0
ins_347284374,203753.0,205563.0,87.0
ins_473308996,203759.0,204568.0,93.0
ins_266069407,203759.0,204642.0,94.0
ins_275250630,203755.0,204647.0,87.0
ins_1339742697,203753.0,204685.0,83.0
ins_978893020,203759.0,205317.0,93.0
ins_412335450,203754.0,204571.0,93.0
ins_779013455,203761.0,204716.0,86.0
ins_1142541983,203761.0,204535.0,94.0
ins_1104441181,203755.0,204792.0,78.0
ins_1040751869,203755.0,204704.0,85.0
ins_898516551,203760.0,204569.0,93.0
ins_879267997,203759.0,204572.0,93.0
ins_8475068,203754.0,205627.0,89.0
ins_699201290,203755.0,204647.0,89.0
ins_563384914,203752.0,204593.0,92.0
ins_275654335,203760.0,204762.0,80.0
ins_786341941,203752.0,204627.0,90.0
ins_555556919,203753.0,204487.0,92.0
ins_1223177519,203759.0,204728.0,83.0
ins_615806199,203761.0,204674.0,86.0
ins_735846839,203760.0,204559.0,92.0
ins_1213682737,203759.0,204727.0,84.0
ins_219672012,203759.0,204669.0,85.0
ins_1040751635,203754.0,204569.0,93.0
ins_275550482,203755.0,204559.0,93.0
ins_1025141269,203754.0,204594.0,93.0
ins_554617266,203752.0,204517.0,95.0
ins_438254135,203753.0,204513.0,93.0
ins_39672222,203760.0,204915.0,74.0
ins_833942544,203753.0,204620.0,87.0
ins_1177051656,203754.0,204607.0,91.0
ins_473989699,203760.0,204686.0,85.0
ins_22025806,203754.0,204621.0,93.0
ins_1024518415,203753.0,204664.0,86.0
ins_689613501,203755.0,204597.0,92.0
ins_555557161,203753.0,204504.0,93.0
ins_1096277210,203753.0,204708.0,84.0
ins_30532856,203755.0,204675.0,87.0
ins_8474900,203761.0,205615.0,89.0
ins_673419266,203753.0,204661.0,84.0
ins_30000689,203760.0,204792.0,78.0
ins_356611456,203760.0,204690.0,84.0
ins_431394471,203754.0,204619.0,93.0
ins_253663865,203753.0,204666.0,87.0
ins_482442174,203754.0,204556.0,92.0
ins_941756430,203760.0,204674.0,86.0
ins_647145420,203759.0,204766.0,81.0
ins_151801267,203754.0,205370.0,90.0
ins_56964123,203753.0,204560.0,93.0
ins_766881083,203754.0,204559.0,94.0
ins_898227969,203759.0,204682.0,86.0
ins_473307776,203753.0,204603.0,89.0
ins_956278973,203753.0,205744.0,83.0
ins_779697882,203753.0,204638.0,89.0
ins_1041916193,203759.0,204704.0,82.0
ins_879563180,203755.0,204568.0,94.0
ins_609002930,203755.0,204673.0,84.0
ins_310608789,203760.0,204571.0,95.0
ins_283715207,203753.0,204684.0,85.0
ins_611079353,203759.0,204607.0,94.0
ins_555299398,203760.0,204685.0,83.0
ins_492545167,203761.0,204717.0,83.0
ins_202375828,203755.0,204586.0,93.0
ins_996596213,203761.0,204673.0,85.0
ins_184575532,203755.0,205573.0,87.0
ins_1269164519,203754.0,204597.0,90.0
ins_615968805,203760.0,204715.0,83.0
ins_1060161655,203755.0,204716.0,85.0
ins_879563483,203759.0,204609.0,92.0
ins_816890886,203755.0,204540.0,92.0
ins_1268538419,203753.0,204710.0,84.0
ins_364998718,203760.0,204681.0,83.0
ins_365590679,203759.0,204729.0,82.0
ins_712302085,203754.0,205443.0,93.0
ins_67231270,203761.0,204703.0,84.0
ins_138321577,203759.0,204670.0,85.0
ins_1284770299,203754.0,204585.0,92.0
ins_1025141417,203753.0,204565.0,92.0
ins_786346826,203753.0,204614.0,88.0
ins_356611044,203755.0,204642.0,89.0
ins_496551758,203759.0,205414.0,94.0
ins_1104440840,203759.0,204653.0,87.0
ins_202893449,203754.0,204610.0,91.0
ins_685272547,203761.0,204793.0,82.0
ins_1227191599,203760.0,204605.0,93.0
ins_705916709,203755.0,205597.0,89.0
ins_1025141337,203755.0,204617.0,87.0
ins_1322018789,203754.0,204535.0,94.0
ins_311282353,203759.0,204647.0,87.0
ins_230356877,203760.0,204580.0,92.0
ins_816883502,203759.0,204546.0,93.0
ins_766576977,203755.0,204803.0,77.0
ins_735847086,203754.0,204594.0,93.0
ins_519681839,203754.0,204629.0,93.0
ins_979832671,203759.0,204650.0,85.0
ins_779012839,203760.0,204608.0,94.0
ins_1122108470,203755.0,204661.0,86.0
ins_1185771285,203755.0,204573.0,85.0
ins_1105041987,203755.0,204603.0,89.0
ins_697765401,203755.0,204699.0,86.0
ins_1305231296,203755.0,204645.0,87.0
ins_30533010,203753.0,204578.0,94.0
ins_238029255,203759.0,204672.0,86.0
ins_233015586,203753.0,204591.0,94.0
ins_473308207,203759.0,204569.0,90.0
ins_194307779,203759.0,204675.0,87.0
ins_274039721,203753.0,204692.0,85.0
ins_1133474301,203754.0,204572.0,93.0
ins_1104441095,203760.0,204760.0,81.0
ins_879276067,203760.0,204587.0,95.0
ins_778705574,203759.0,204714.0,87.0
ins_131135111,203759.0,204742.0,83.0
ins_956278900,203753.0,205597.0,88.0
ins_1286835503,203754.0,204594.0,93.0
ins_1167454902,203759.0,204671.0,87.0
ins_554617352,203755.0,204558.0,90.0
ins_943804989,203760.0,204609.0,89.0
ins_275467309,203760.0,204678.0,82.0
ins_446351685,203759.0,204734.0,82.0
ins_1227194175,203760.0,204771.0,83.0
ins_656648865,203754.0,204593.0,95.0
ins_301001009,203759.0,204556.0,94.0
ins_797929775,203755.0,204752.0,82.0
ins_698364863,203754.0,204556.0,92.0
ins_103219059,203763.0,206851.0,57.0
ins_852272811,203755.0,204663.0,86.0
ins_647145508,203760.0,204643.0,88.0
ins_39672065,203755.0,204651.0,88.0
ins_1213683068,203755.0,204677.0,84.0
ins_1223890885,203760.0,204713.0,83.0
ins_1344401380,203754.0,204534.0,95.0
ins_1294918045,203753.0,204738.0,83.0
ins_529695930,204403.0,205302.0,89.0
ins_537853522,203759.0,204778.0,81.0
ins_1022996616,203760.0,204674.0,89.0
ins_529727117,203754.0,204606.0,93.0
ins_1320875143,203753.0,204651.0,84.0
ins_1227195842,203755.0,204746.0,86.0
ins_148586301,203754.0,204569.0,94.0
ins_356909281,203761.0,204656.0,88.0
ins_49482726,203754.0,204601.0,95.0
ins_1268538022,203761.0,204652.0,87.0
ins_382352013,203755.0,204600.0,89.0
ins_1185715941,203759.0,204608.0,95.0
ins_679256285,203755.0,204637.0,92.0
ins_1096276586,203752.0,204614.0,93.0
ins_148586222,203761.0,204567.0,94.0
ins_563384988,203760.0,204814.0,78.0
ins_1052408315,203754.0,204614.0,94.0
ins_1211571956,203754.0,204578.0,93.0
ins_436740610,203754.0,204559.0,92.0
ins_527663792,203753.0,204734.0,81.0
ins_529694702,203754.0,204534.0,94.0
ins_1267073621,203752.0,204524.0,87.0
ins_319359458,203755.0,204615.0,90.0
ins_1227815182,203754.0,205809.0,76.0
ins_1223177841,203754.0,204715.0,84.0
ins_184574485,203754.0,205414.0,92.0
ins_1304513916,203753.0,204687.0,86.0
ins_275466741,203759.0,204637.0,91.0
ins_131134929,203754.0,204562.0,94.0
ins_619205276,203760.0,204760.0,81.0
ins_734846784,203754.0,204620.0,92.0
ins_1048925549,203754.0,204572.0,92.0
ins_817180612,203759.0,204649.0,87.0
ins_40192378,203759.0,204715.0,79.0
ins_365590505,203753.0,204679.0,86.0
ins_647145164,203754.0,204692.0,86.0
ins_1267073521,203755.0,204616.0,81.0
ins_183714875,203760.0,204630.0,88.0
ins_786341180,203755.0,204709.0,85.0
ins_392891704,203759.0,204497.0,90.0
ins_233008819,203760.0,204761.0,82.0
ins_967541351,203761.0,204738.0,84.0
ins_1096276666,203755.0,204680.0,86.0
ins_635535281,203755.0,204680.0,85.0
ins_1292955578,203753.0,204596.0,89.0
ins_22026220,203754.0,204637.0,93.0
ins_862493456,203759.0,204914.0,74.0
ins_778698310,203754.0,204602.0,93.0
ins_1223890435,203761.0,205000.0,71.0
ins_103364093,203760.0,204754.0,84.0
ins_121541215,203759.0,204635.0,89.0
ins_1258363016,203753.0,204569.0,95.0
ins_275654706,203759.0,204644.0,92.0
ins_978892766,203759.0,205489.0,87.0
ins_266069324,203755.0,204669.0,90.0
ins_448412362,203755.0,204728.0,85.0
ins_1284769359,203755.0,204615.0,90.0
ins_1284770147,203755.0,204792.0,78.0
ins_858787104,203755.0,204753.0,86.0
ins_438253988,203759.0,204546.0,94.0
ins_1269165133,203753.0,204561.0,93.0
ins_311282265,203759.0,204778.0,72.0
ins_941756350,203761.0,204626.0,88.0
ins_897511895,203760.0,204708.0,87.0
ins_21880612,203755.0,205630.0,85.0
ins_230356379,203760.0,204592.0,93.0
ins_735846511,203761.0,204568.0,94.0
ins_960582011,203759.0,204706.0,86.0
ins_573560545,203753.0,204659.0,85.0
ins_861032822,203759.0,204575.0,92.0
ins_978827855,203753.0,204552.0,94.0
ins_438253762,203754.0,204547.0,93.0
ins_148586004,203760.0,204645.0,90.0
ins_192699261,203755.0,204672.0,88.0
ins_1048925642,203760.0,204607.0,89.0
ins_391951799,203755.0,204573.0,91.0
ins_8475585,203759.0,205754.0,84.0
ins_978828843,203753.0,204673.0,88.0
ins_49468229,203760.0,204630.0,90.0
ins_1305230476,203759.0,204627.0,88.0
ins_147907108,203759.0,204687.0,84.0
ins_275250433,203761.0,204722.0,83.0
ins_147906963,203759.0,204747.0,80.0
ins_635535352,203755.0,204685.0,86.0
ins_778697737,203753.0,204657.0,87.0
ins_1040752222,203759.0,204660.0,87.0
ins_1177051745,203755.0,204660.0,85.0
ins_1186412833,203753.0,204558.0,94.0
ins_484435460,203754.0,204620.0,88.0
ins_1286835586,203755.0,204613.0,90.0
ins_391952225,203754.0,204568.0,94.0
ins_355396949,203752.0,204600.0,93.0
ins_184575134,203759.0,205987.0,75.0
ins_1024518680,203753.0,204635.0,88.0
ins_202375460,203755.0,204672.0,85.0
ins_528265465,203755.0,204686.0,84.0
ins_1122108870,203752.0,204617.0,90.0
ins_448413470,203755.0,204591.0,94.0
ins_8475498,203753.0,205509.0,90.0
ins_1130284314,203761.0,204704.0,84.0
ins_355396391,203755.0,204718.0,86.0
ins_367031896,203759.0,204667.0,85.0
ins_943181568,203759.0,204668.0,88.0
ins_1203454437,203755.0,204707.0,84.0
ins_311693604,203761.0,204637.0,90.0
ins_392634970,203755.0,204648.0,88.0
ins_833942824,203752.0,204610.0,91.0
ins_401096219,203755.0,204662.0,88.0
ins_103363121,203759.0,204755.0,83.0
ins_102353507,203760.0,204626.0,92.0
ins_448382041,203755.0,204663.0,85.0
ins_611080130,203753.0,204560.0,94.0
ins_573859049,203759.0,204634.0,90.0
ins_689008878,203755.0,204727.0,82.0
ins_943181808,203753.0,204694.0,84.0
ins_392586067,203755.0,204521.0,93.0
ins_194122730,203755.0,204643.0,85.0
ins_1344058629,203761.0,204589.0,82.0
ins_30000851,203753.0,204642.0,87.0
ins_851662132,203759.0,204988.0,73.0
ins_1330117696,203755.0,204587.0,91.0
ins_230356797,203752.0,204613.0,93.0
ins_202893057,203753.0,204716.0,82.0
ins_697764371,203754.0,204588.0,93.0
ins_1305230562,203755.0,204656.0,86.0
ins_1322308997,203760.0,204646.0,89.0
ins_781165951,203754.0,204559.0,94.0
ins_1205515509,203753.0,204574.0,92.0
ins_382353007,203754.0,204573.0,93.0
ins_1177051569,203760.0,204712.0,85.0
ins_797922485,203764.0,204653.0,87.0
ins_943180641,203760.0,204783.0,82.0
ins_967541507,203760.0,204717.0,84.0
ins_311693078,203761.0,204632.0,94.0
ins_1025141114,203754.0,204545.0,94.0
ins_229264497,203761.0,204706.0,80.0
ins_1104343647,203755.0,204701.0,85.0
ins_219671838,203754.0,204530.0,94.0
ins_202375617,203760.0,204759.0,78.0
ins_765938223,203761.0,204835.0,79.0
ins_56963239,203761.0,204641.0,86.0
ins_862493847,203759.0,204700.0,84.0
ins_474246194,203753.0,204667.0,91.0
ins_392648656,203755.0,204745.0,84.0
ins_932996983,203760.0,204763.0,81.0
ins_202375540,203760.0,204693.0,84.0
ins_21234970,203759.0,204686.0,83.0
ins_1022996029,203755.0,204696.0,87.0
ins_1104441005,203753.0,204574.0,92.0
ins_138321152,203755.0,204609.0,88.0
ins_103363661,203753.0,204609.0,94.0
ins_797930043,203755.0,204563.0,93.0
ins_689009119,203754.0,204617.0,94.0
ins_202892339,203754.0,204662.0,86.0
ins_1185821263,203761.0,204737.0,81.0
ins_484434842,203752.0,204664.0,88.0
ins_672969160,203754.0,204579.0,92.0
ins_428620407,203761.0,205974.0,74.0
ins_786344332,203753.0,204611.0,89.0
ins_56963962,203753.0,204559.0,93.0
ins_102568106,203761.0,204900.0,71.0
ins_111344651,203760.0,204654.0,87.0
ins_151800308,203754.0,205482.0,89.0
ins_274039812,203761.0,204782.0,81.0
ins_275653849,203755.0,204592.0,94.0
ins_364998262,203761.0,204771.0,82.0
ins_734847028,203759.0,204650.0,91.0
ins_609002853,203753.0,204701.0,83.0
ins_4175088,203755.0,204591.0,92.0
ins_1322012620,203755.0,204654.0,88.0
ins_1133474473,203753.0,204659.0,86.0
ins_673419630,203760.0,204633.0,88.0
ins_89809848,203755.0,205860.0,76.0
ins_523607175,203760.0,204695.0,89.0
ins_573858957,203761.0,204780.0,80.0
ins_1222879993,203759.0,204754.0,82.0
ins_1105041903,203754.0,204588.0,93.0
ins_1295021142,203763.0,204695.0,82.0
ins_67231023,203755.0,204571.0,93.0
ins_528264453,203761.0,204769.0,81.0
ins_528264542,203755.0,204636.0,89.0
ins_446949351,203761.0,204692.0,85.0
ins_430765440,203754.0,205486.0,92.0
ins_151383312,203759.0,204675.0,84.0
ins_554616476,203760.0,204624.0,85.0
ins_365590328,203754.0,204589.0,94.0
ins_367031478,203761.0,204570.0,92.0
ins_956279271,203759.0,205410.0,94.0
ins_311304052,203755.0,204707.0,87.0
ins_392648386,203755.0,204688.0,86.0
ins_517286713,203759.0,204554.0,94.0
ins_40192176,203759.0,204650.0,88.0
ins_1248752495,203759.0,204662.0,89.0
ins_1304583977,203755.0,205807.0,78.0
ins_862493750,203754.0,204575.0,93.0
ins_365590153,203753.0,204657.0,86.0
ins_816178135,203759.0,204622.0,95.0
ins_772897576,203755.0,204778.0,81.0
ins_274040059,203753.0,204669.0,88.0
ins_1187235674,203755.0,204697.0,86.0
ins_355396295,203753.0,204648.0,88.0
ins_609003364,203761.0,204660.0,89.0
ins_448382425,203755.0,204550.0,92.0
ins_121541125,203759.0,204641.0,94.0
ins_412335886,203754.0,204592.0,90.0
ins_635984973,203755.0,204611.0,88.0
ins_1095676537,203755.0,204685.0,85.0
ins_663901203,203755.0,204638.0,86.0
ins_1096276936,203755.0,204719.0,83.0
ins_860441269,203755.0,204675.0,85.0
ins_851661547,203753.0,204713.0,84.0
ins_519681466,203754.0,204612.0,92.0
ins_436739916,203759.0,204668.0,86.0
ins_446352175,203754.0,204741.0,79.0
ins_529726385,203759.0,204633.0,92.0
ins_75317195,203759.0,204613.0,94.0
ins_573560461,203755.0,204692.0,82.0
ins_942355421,203763.0,204844.0,78.0
ins_1158203398,203754.0,204564.0,93.0
ins_1320874725,203755.0,204649.0,87.0
ins_697365883,203760.0,204813.0,79.0
ins_283714682,203761.0,204881.0,74.0
ins_102567942,203753.0,204617.0,89.0
ins_4174930,203754.0,204578.0,93.0
ins_537853229,203755.0,204581.0,91.0
ins_311281887,203761.0,204821.0,78.0
ins_943180553,203761.0,204726.0,84.0
ins_1025141196,203753.0,204673.0,88.0
ins_428763987,203759.0,204882.0,76.0
ins_482067789,203755.0,204700.0,85.0
ins_103363020,203760.0,204640.0,92.0
ins_663900832,203753.0,204564.0,93.0
ins_192699599,203753.0,204714.0,85.0
ins_1185770958,203754.0,204655.0,80.0
ins_698364776,203759.0,204623.0,89.0
ins_41452495,203759.0,204620.0,89.0
ins_1304583841,203755.0,205589.0,85.0
ins_614916567,203785.0,204639.0,94.0
ins_519578223,203754.0,204569.0,93.0
ins_496551145,203755.0,205685.0,84.0
ins_1130233941,203759.0,204614.0,94.0
ins_979833832,203754.0,204553.0,94.0
ins_1294918246,203760.0,204722.0,84.0
ins_238028651,203755.0,204682.0,85.0
ins_967541182,203759.0,204708.0,86.0
ins_635535043,203761.0,204749.0,80.0
ins_1322309160,203754.0,204572.0,94.0
ins_1014334943,203760.0,204599.0,91.0
ins_1227828465,203760.0,205725.0,80.0
ins_679102190,203760.0,204611.0,95.0
ins_874971319,203754.0,205426.0,94.0
ins_229264409,203754.0,204557.0,93.0
ins_22025891,203759.0,204756.0,82.0
ins_192699095,203759.0,204740.0,83.0
ins_793623524,203755.0,205418.0,92.0
ins_21880866,203754.0,205430.0,92.0
ins_430762785,203761.0,205637.0,86.0
ins_1214808131,203755.0,204672.0,88.0
ins_1141599924,203752.0,205497.0,84.0
ins_528264628,203760.0,204641.0,87.0
ins_663900909,203759.0,204639.0,88.0
ins_102353661,203760.0,204743.0,77.0
ins_942355863,203755.0,204702.0,82.0
ins_512026610,203753.0,204631.0,90.0
ins_523603838,203754.0,204649.0,92.0
ins_8474573,203753.0,205472.0,92.0
ins_284234017,203753.0,204642.0,88.0
ins_29999783,203755.0,204663.0,87.0
ins_448412928,203754.0,204604.0,92.0
ins_574990394,203754.0,204548.0,93.0
ins_978828286,203754.0,204633.0,92.0
ins_611079956,203764.0,204611.0,93.0
ins_1142542210,203754.0,204569.0,92.0
ins_523602242,203755.0,204712.0,85.0
ins_816890956,203761.0,204562.0,93.0
ins_138321330,203759.0,204721.0,79.0
ins_392586950,203754.0,204499.0,93.0
ins_943804923,203760.0,204661.0,86.0
ins_482442617,203755.0,204683.0,87.0
ins_1330116993,203753.0,204713.0,83.0
ins_1339733883,203759.0,204806.0,85.0
ins_679102648,203761.0,204694.0,88.0
ins_400719370,203759.0,204584.0,93.0
ins_636922091,203760.0,204469.0,93.0
ins_635534958,203761.0,204731.0,84.0
ins_151804381,203753.0,205711.0,83.0
ins_778698394,203753.0,204690.0,85.0
ins_1286835261,203754.0,204566.0,96.0
ins_685268750,203754.0,204617.0,94.0
ins_699201713,203760.0,204726.0,83.0
ins_527664494,203760.0,204733.0,79.0
ins_229943656,203755.0,204677.0,85.0
ins_752616496,203763.0,204575.0,91.0
ins_943805077,203753.0,204561.0,93.0
ins_5300530,203761.0,204768.0,79.0
ins_301001100,203754.0,204555.0,94.0
ins_301001387,203753.0,204623.0,88.0
ins_734847271,203754.0,204789.0,81.0
ins_816177446,203754.0,204662.0,92.0
ins_960583082,203759.0,204638.0,89.0
ins_1004727278,203755.0,204653.0,89.0
ins_431398756,203755.0,204713.0,86.0
ins_779099327,203753.0,204729.0,82.0
ins_1133768130,203753.0,204650.0,88.0
ins_554617439,203760.0,204571.0,92.0
ins_401096456,203760.0,204760.0,82.0
ins_817180031,203753.0,204656.0,83.0
ins_1060224957,203760.0,205420.0,87.0
ins_392648453,203759.0,204800.0,82.0
ins_356908675,203761.0,204587.0,92.0
ins_412335719,203755.0,204561.0,93.0
ins_734846370,203759.0,204740.0,83.0
ins_1294918110,203759.0,204738.0,85.0
ins_1211621508,203760.0,204569.0,93.0
ins_377976519,203760.0,205581.0,88.0
ins_229944002,203759.0,204994.0,71.0
ins_102568422,203755.0,204599.0,89.0
ins_448412446,203753.0,204599.0,93.0
ins_1048874709,203761.0,204616.0,94.0
ins_284233257,203755.0,204770.0,78.0
ins_283715360,203753.0,204575.0,94.0
ins_163088290,203755.0,204625.0,89.0
ins_266069246,203760.0,204758.0,86.0
ins_734847114,203759.0,204744.0,83.0
ins_436739441,203753.0,204654.0,86.0
ins_766890473,203754.0,204564.0,92.0
ins_446948870,203760.0,204556.0,94.0
ins_960878165,203753.0,204563.0,93.0
ins_779004588,203755.0,204672.0,86.0
ins_367031400,203755.0,204555.0,94.0
ins_679258104,203754.0,204585.0,93.0
ins_851662211,203754.0,204615.0,93.0
ins_943805372,203754.0,204544.0,93.0
ins_163089011,203754.0,204569.0,94.0
ins_30001024,203753.0,204631.0,92.0
ins_509948787,203753.0,205601.0,87.0
ins_636665883,203760.0,204698.0,80.0
ins_1004727091,203755.0,204574.0,95.0
ins_793616133,203755.0,205720.0,81.0
ins_779697708,203752.0,204574.0,92.0
ins_1133474386,203760.0,204645.0,89.0
ins_734910537,203754.0,205342.0,94.0
ins_473940705,203755.0,204507.0,93.0
ins_978893651,203761.0,204736.0,75.0
ins_509947930,203760.0,205645.0,83.0
ins_30533487,203760.0,204673.0,83.0
ins_1322022836,203759.0,204758.0,80.0
ins_430767206,203753.0,205571.0,87.0
ins_219671749,203754.0,204585.0,93.0
ins_347284556,203754.0,205333.0,95.0
ins_1025141659,203753.0,204626.0,87.0
ins_1185771042,203759.0,204488.0,94.0
ins_1322019645,203753.0,204549.0,94.0
ins_1158203221,203754.0,204527.0,94.0
ins_967541015,203753.0,204591.0,94.0
ins_438355457,203760.0,204657.0,90.0
ins_156680350,203755.0,204736.0,82.0
ins_156679750,203759.0,204613.0,92.0
ins_1227200030,203755.0,204765.0,83.0
ins_611041142,203761.0,204588.0,94.0
ins_1305230221,203755.0,204684.0,84.0
ins_1258362938,203759.0,204738.0,85.0
ins_194122488,203759.0,204581.0,91.0
ins_194308354,203754.0,204656.0,89.0
ins_1248752852,203752.0,204589.0,93.0
ins_347284113,203755.0,205625.0,83.0
ins_647145252,203759.0,204791.0,79.0
ins_1268537954,203759.0,204751.0,82.0
ins_1061164048,203755.0,204597.0,90.0
ins_412334850,203759.0,204499.0,94.0
ins_897511799,203754.0,204604.0,93.0
ins_310608955,203755.0,204663.0,86.0
ins_673419728,203759.0,204649.0,88.0
ins_377975666,203755.0,205772.0,86.0
ins_1167454978,203761.0,204983.0,58.0
ins_430766315,203753.0,205880.0,76.0
ins_1104440428,203760.0,204733.0,82.0
ins_347429970,203753.0,204656.0,92.0
ins_601009973,203753.0,204701.0,86.0
ins_555557331,203754.0,204491.0,94.0
ins_519578523,203755.0,204643.0,87.0
ins_194308271,203754.0,204577.0,92.0
ins_1105866093,203753.0,204592.0,92.0
ins_1014928920,203755.0,204672.0,88.0
ins_1122108788,203760.0,204699.0,83.0
ins_131135271,203761.0,204718.0,83.0
ins_781164880,203759.0,204564.0,90.0
ins_301001574,203755.0,204663.0,85.0
ins_766892267,203761.0,204660.0,86.0
ins_1294918315,203760.0,204683.0,88.0
ins_448381700,203753.0,204544.0,94.0
ins_1185714926,203760.0,204793.0,82.0
ins_735846678,203760.0,204590.0,91.0
ins_1213683146,203760.0,204597.0,89.0
ins_1122108392,203753.0,204610.0,89.0
ins_1211622111,203754.0,204520.0,93.0
ins_1268537745,203761.0,204589.0,94.0
ins_1292955121,203759.0,204557.0,94.0
ins_734847360,203759.0,205084.0,70.0
ins_779697796,203755.0,204644.0,86.0
ins_765949384,203755.0,204684.0,86.0
ins_573859571,203759.0,204681.0,85.0
ins_347283966,203759.0,205992.0,72.0
ins_86636724,203755.0,204675.0,85.0
ins_656648531,203754.0,204577.0,94.0
ins_428621074,203761.0,205395.0,94.0
ins_229943828,203760.0,204706.0,83.0
ins_233018902,203761.0,205100.0,64.0
ins_527663711,203753.0,204660.0,86.0
ins_1130284756,203759.0,204651.0,84.0
ins_793623461,203753.0,205513.0,91.0
ins_151798736,203760.0,205568.0,83.0
ins_1211621770,203759.0,204595.0,89.0
ins_833942254,203755.0,204663.0,86.0
ins_482442554,203754.0,204543.0,93.0
ins_233016427,203760.0,204723.0,84.0
ins_527663635,203759.0,204622.0,94.0
ins_517281015,203760.0,204565.0,93.0
ins_941662474,203753.0,204698.0,84.0
ins_699201031,203754.0,204706.0,84.0
ins_1095676453,203754.0,204604.0,90.0
ins_716607157,203761.0,204593.0,92.0
ins_978828742,203761.0,204692.0,87.0
ins_1186412923,203755.0,204723.0,84.0
ins_523606368,203755.0,204772.0,83.0
ins_103218067,203760.0,205452.0,89.0
ins_591266208,203760.0,205666.0,83.0
ins_1214807960,203759.0,204723.0,85.0
ins_1187235919,203761.0,204882.0,72.0
ins_689613150,203765.0,204742.0,81.0
ins_817180356,203760.0,204657.0,85.0
ins_554168399,203753.0,204703.0,85.0
ins_1187861695,203755.0,204719.0,81.0
ins_663900516,203754.0,204542.0,93.0
ins_779004743,203755.0,204755.0,85.0
ins_563385524,203753.0,204579.0,94.0
ins_745142520,203759.0,204645.0,89.0
ins_49483511,203753.0,204711.0,81.0
ins_1105866775,203753.0,204668.0,85.0
ins_697764947,203759.0,204836.0,76.0
ins_1014334392,203752.0,204590.0,92.0
ins_311281806,203754.0,204559.0,94.0
ins_1095675744,203761.0,204897.0,74.0
ins_860347159,203753.0,204660.0,88.0
ins_456535891,203761.0,204560.0,93.0
ins_1024517956,203754.0,204669.0,88.0
ins_156679997,203754.0,204608.0,90.0
ins_862492778,203753.0,204708.0,83.0
ins_482067394,203752.0,204585.0,93.0
ins_392647861,203759.0,204696.0,85.0
ins_446948951,203761.0,204690.0,85.0
ins_600914121,203753.0,204595.0,87.0
ins_229944167,203761.0,204614.0,90.0
ins_772888382,203755.0,204565.0,92.0
ins_265926202,203753.0,205513.0,89.0
ins_275467074,203755.0,204610.0,90.0
ins_699201202,203753.0,204614.0,90.0
ins_679255388,203755.0,204755.0,81.0
ins_611040559,203760.0,204779.0,78.0
ins_274039981,203759.0,204790.0,82.0
ins_1106491445,203759.0,204580.0,93.0
ins_1104449405,203760.0,204651.0,83.0
ins_1061163455,203759.0,204801.0,77.0
ins_1142541508,203762.0,204660.0,85.0
ins_1133767973,203755.0,204680.0,86.0
ins_1014928850,203753.0,204630.0,91.0
ins_1014334589,203753.0,204627.0,88.0
ins_752616416,203760.0,204783.0,79.0
ins_347284465,203759.0,206048.0,74.0
ins_609604632,203759.0,204585.0,93.0
ins_265925443,203754.0,205459.0,94.0
ins_673419021,203755.0,204587.0,89.0
ins_275654617,203760.0,204579.0,95.0
ins_712301592,203753.0,205688.0,82.0
ins_67231184,203759.0,204626.0,85.0
ins_734846278,203759.0,204644.0,95.0
ins_816883421,203755.0,204622.0,86.0
ins_860346582,203754.0,204586.0,95.0
ins_356611121,203754.0,204559.0,93.0
ins_229943579,203760.0,204706.0,82.0
ins_766561358,203755.0,204718.0,87.0
ins_229263994,203753.0,204550.0,94.0
ins_365589861,203760.0,204636.0,87.0
ins_111344420,203752.0,204665.0,89.0
ins_311549193,203759.0,204485.0,93.0
ins_779099230,203760.0,204716.0,83.0
ins_473307865,203754.0,204551.0,93.0
ins_4175809,203760.0,204689.0,83.0
ins_131134845,203754.0,204595.0,93.0
ins_311304290,203760.0,204793.0,81.0
ins_1267072970,203753.0,204551.0,88.0
ins_1061163962,203759.0,204669.0,84.0
ins_1186412506,203761.0,204759.0,81.0
ins_698364614,203753.0,204654.0,87.0
ins_347429012,203761.0,204909.0,74.0
ins_356908770,203754.0,204593.0,92.0
ins_265925887,203761.0,205808.0,78.0
ins_1133482103,203755.0,204611.0,92.0
ins_1023690788,203761.0,204589.0,92.0
ins_512017112,203754.0,204663.0,89.0
ins_1104344111,203755.0,204696.0,86.0
ins_67231106,203760.0,204604.0,90.0
ins_473307698,203763.0,204669.0,83.0
ins_772884979,203759.0,204579.0,94.0
ins_377973103,203759.0,205943.0,77.0
ins_130840009,203759.0,204685.0,86.0
ins_138320821,203754.0,204561.0,92.0
ins_102568339,203754.0,204539.0,92.0
ins_960878671,203753.0,204588.0,90.0
ins_1023690934,203761.0,204610.0,90.0
ins_1203454767,203755.0,204694.0,83.0
ins_1211580186,203753.0,204665.0,88.0
ins_301002021,203754.0,204566.0,93.0
ins_148585922,203761.0,204671.0,83.0
ins_1177651366,203753.0,204682.0,87.0
ins_1187236007,203754.0,204576.0,93.0
ins_573560205,203760.0,204788.0,79.0
ins_601009759,203759.0,204773.0,79.0
ins_745142355,203760.0,204714.0,81.0
ins_770343227,203759.0,204743.0,81.0
ins_781193026,203755.0,204574.0,94.0
ins_30533384,203754.0,204727.0,80.0
ins_833942638,203754.0,204600.0,93.0
ins_56963883,203753.0,204554.0,94.0
ins_1105866684,203755.0,204669.0,91.0
ins_1122108621,203759.0,204717.0,82.0
ins_1304513745,203760.0,204664.0,91.0
ins_194308190,203755.0,204669.0,87.0
ins_456534875,203755.0,204690.0,82.0
ins_319359103,203761.0,204851.0,78.0
ins_943805571,203755.0,204609.0,88.0
ins_111344335,203759.0,204698.0,85.0
ins_1248752585,203760.0,204610.0,94.0
ins_474246113,203760.0,204605.0,80.0
ins_392648523,203755.0,204641.0,88.0
ins_493677657,203754.0,204528.0,92.0
ins_591266347,203754.0,205375.0,93.0
ins_202375692,203753.0,204652.0,89.0
ins_473989273,203755.0,204646.0,85.0
ins_1106491750,203760.0,204591.0,93.0
ins_311549097,203759.0,204633.0,79.0
ins_1025141583,203759.0,204611.0,88.0
ins_1304513998,203755.0,204642.0,94.0
ins_194308433,203755.0,204680.0,87.0
ins_1294918460,203754.0,204557.0,94.0
ins_21881630,203760.0,205689.0,83.0
ins_121540250,203755.0,204701.0,83.0
ins_456535968,203754.0,204547.0,95.0
ins_67231731,203754.0,204559.0,93.0
ins_1295021488,203761.0,204560.0,93.0
ins_874964352,203755.0,205420.0,94.0
ins_1322309081,203753.0,204843.0,74.0
ins_492544772,203760.0,204598.0,91.0
ins_1292955208,203759.0,204574.0,95.0
ins_40192645,203753.0,204570.0,93.0
ins_436739714,203753.0,204563.0,93.0
ins_122800360,203754.0,204722.0,84.0
ins_183714402,203761.0,204723.0,81.0
ins_1024518334,203754.0,204753.0,79.0
ins_770950651,203754.0,204539.0,95.0
ins_781181734,203752.0,204638.0,90.0
ins_238028921,203754.0,204565.0,94.0
ins_897585539,203755.0,204576.0,88.0
ins_860347453,203754.0,204627.0,93.0
ins_861032911,203752.0,204564.0,93.0
ins_874963916,203752.0,205442.0,93.0
ins_861032641,203753.0,204587.0,92.0
ins_156679913,203761.0,204872.0,72.0
ins_679101759,203752.0,204575.0,95.0
ins_1211621940,203759.0,204616.0,89.0
ins_49467410,203755.0,204599.0,88.0
ins_1133474641,203759.0,204615.0,91.0
ins_979833299,203761.0,204564.0,93.0
ins_1086087210,203755.0,204596.0,93.0
ins_392892386,203753.0,204740.0,84.0
ins_609604712,203761.0,204700.0,82.0
ins_1258363301,203760.0,204836.0,78.0
ins_357011225,203754.0,204594.0,92.0
ins_735846755,203754.0,204720.0,80.0
ins_1286835168,203755.0,204694.0,86.0
ins_943805668,203755.0,204669.0,86.0
ins_860441585,203759.0,204686.0,84.0
ins_833942451,203759.0,204734.0,82.0
ins_130839530,203755.0,204654.0,85.0
ins_130840286,203755.0,204590.0,90.0
ins_148586377,203761.0,204620.0,91.0
ins_446949198,203761.0,204639.0,87.0
ins_1105866345,203755.0,204705.0,85.0
ins_1211622026,203760.0,204737.0,80.0
ins_1187236260,203755.0,204638.0,86.0
ins_1130284480,203761.0,204517.0,95.0
ins_833942734,203753.0,204600.0,93.0
ins_779698045,203754.0,204567.0,94.0
ins_1167454829,203759.0,204782.0,81.0
ins_770951065,203755.0,204677.0,87.0
ins_102353431,203755.0,204667.0,86.0
ins_311549489,203753.0,204704.0,85.0
ins_148586152,203759.0,204625.0,90.0
ins_121020331,203754.0,204562.0,93.0
ins_600913727,203760.0,204660.0,87.0
ins_752616998,203760.0,204590.0,94.0
ins_39672566,203760.0,204586.0,93.0
ins_428764212,203755.0,204734.0,83.0
ins_1186413007,203761.0,204794.0,81.0
ins_436739531,203754.0,204565.0,94.0
ins_1258362782,203761.0,204672.0,86.0
ins_860347523,203759.0,204740.0,84.0
ins_852271803,203759.0,204632.0,89.0
ins_1105041822,203754.0,204555.0,94.0
ins_121020237,203760.0,204608.0,90.0
ins_156680180,203755.0,204651.0,89.0
ins_817180444,203760.0,204695.0,86.0
ins_609003285,203761.0,204586.0,94.0
ins_202375023,203759.0,204815.0,80.0
ins_482441763,203760.0,204661.0,90.0
ins_151381878,203760.0,204600.0,89.0
ins_797930214,203755.0,204705.0,82.0
ins_1322309340,203755.0,204637.0,87.0
ins_1286835866,203761.0,204690.0,86.0
ins_1141535271,203759.0,204729.0,84.0
ins_311548993,203753.0,204558.0,83.0
ins_1036462841,203755.0,204713.0,85.0
ins_1142541740,203755.0,204554.0,93.0
ins_960878418,203761.0,204769.0,77.0
ins_75316554,203759.0,204682.0,86.0
ins_1213674815,203759.0,204722.0,84.0
ins_1104343272,203760.0,204714.0,87.0
ins_1214808380,203761.0,204757.0,84.0
ins_664115219,203761.0,204695.0,82.0
ins_915281128,203753.0,204651.0,86.0
ins_1023091130,203760.0,204654.0,89.0
ins_573859653,203761.0,204608.0,89.0
ins_40192068,203753.0,204720.0,82.0
ins_943181649,203755.0,204701.0,86.0
ins_1269165370,203760.0,204683.0,83.0
ins_431403003,203755.0,204686.0,85.0
ins_816247911,203755.0,205576.0,84.0
ins_284233346,203754.0,204660.0,84.0
ins_932996558,203761.0,204636.0,93.0
ins_577868504,203752.0,205403.0,94.0
ins_356611203,203755.0,204646.0,86.0
ins_765943493,203759.0,204593.0,95.0
ins_816247578,203759.0,205590.0,84.0
ins_1041915849,203759.0,204713.0,84.0
ins_816248084,203761.0,205760.0,77.0
ins_697765219,203759.0,204801.0,78.0
ins_1339733639,203755.0,204646.0,91.0
ins_202893755,203753.0,204577.0,94.0
ins_591265693,203761.0,205510.0,86.0
ins_448381964,203759.0,204535.0,94.0
ins_565752949,203755.0,204737.0,83.0
ins_996597296,203759.0,204603.0,92.0
ins_943181731,203761.0,204664.0,88.0
ins_1106491516,203759.0,204629.0,86.0
ins_1106491971,203753.0,204652.0,85.0
ins_401096380,203759.0,204582.0,94.0
ins_861033077,203754.0,204620.0,94.0
ins_609604392,203761.0,204931.0,71.0
ins_428620065,203753.0,205709.0,80.0
ins_766564647,203760.0,204628.0,94.0
ins_1023690712,203754.0,204557.0,92.0
ins_229944084,203753.0,204614.0,88.0
ins_793623593,203753.0,205436.0,92.0
ins_697764288,203755.0,204569.0,93.0
ins_943804857,203761.0,204551.0,93.0
ins_1350231184,203754.0,204578.0,92.0
ins_573561097,203754.0,204588.0,93.0
ins_619205013,203760.0,204909.0,74.0
ins_679262617,203755.0,204651.0,87.0
ins_734911057,203764.0,205458.0,89.0
ins_103218978,203755.0,205420.0,91.0
ins_355396108,203754.0,204590.0,94.0
ins_347429888,203753.0,204771.0,84.0
ins_1023091561,203752.0,204589.0,92.0
ins_284234300,203755.0,204618.0,89.0
ins_1203454856,203761.0,204574.0,93.0
ins_229943908,203759.0,204610.0,90.0
ins_1127134299,203753.0,204578.0,91.0
ins_942355768,203761.0,204743.0,81.0
ins_183714664,203753.0,204638.0,86.0
ins_781164954,203761.0,204720.0,80.0
ins_392648846,203753.0,204707.0,85.0
ins_765942612,203759.0,204700.0,86.0
ins_1086077946,203760.0,204603.0,93.0
ins_967541265,203755.0,204673.0,90.0
ins_932996767,203760.0,204585.0,92.0
ins_1177652264,203754.0,204623.0,93.0
ins_779099136,203755.0,204563.0,93.0
ins_1211580816,203760.0,204644.0,88.0
ins_1292914856,203754.0,204624.0,92.0
ins_474246444,203753.0,204535.0,87.0
ins_21234791,203761.0,204628.0,87.0
ins_492544853,203755.0,204711.0,86.0
ins_1214808044,203760.0,204596.0,94.0
ins_1213682905,203760.0,204680.0,82.0
ins_879563407,203755.0,204680.0,86.0
ins_391951350,203754.0,204716.0,84.0
ins_365590057,203761.0,204885.0,74.0
ins_554168914,203755.0,204692.0,86.0
ins_30533280,203761.0,204744.0,80.0
ins_816247820,203760.0,205746.0,79.0
ins_233013930,203753.0,204663.0,88.0
ins_817180879,203760.0,204538.0,93.0
ins_636665616,203755.0,204720.0,80.0
ins_1203454586,203759.0,204694.0,85.0
ins_781166140,203760.0,204582.0,93.0
ins_448413289,203753.0,204614.0,90.0
ins_493677137,203760.0,204622.0,85.0
ins_212500403,203754.0,204856.0,73.0
ins_1187236093,203753.0,204642.0,88.0
ins_591266628,203676.0,205349.0,94.0
ins_672970265,203754.0,204580.0,94.0
ins_734910908,203759.0,205487.0,88.0
ins_943181405,203752.0,204654.0,86.0
ins_851662535,203754.0,204542.0,93.0
ins_30000513,203755.0,204710.0,84.0
ins_391951888,203761.0,204787.0,79.0
ins_446949027,203761.0,204647.0,89.0
ins_1060225854,203755.0,205441.0,90.0
ins_601009692,203753.0,204575.0,95.0
ins_265925973,203755.0,205665.0,81.0
ins_679257188,203755.0,204598.0,93.0
ins_1350231747,203759.0,204654.0,85.0
ins_21235048,203754.0,204648.0,89.0
ins_523601471,203759.0,204689.0,89.0
ins_311281961,203754.0,204588.0,94.0
ins_1022996278,203754.0,204582.0,94.0
ins_770343311,203755.0,204673.0,90.0
ins_898220079,203753.0,204586.0,91.0
ins_874964766,203760.0,205636.0,87.0
ins_438253278,203759.0,204763.0,82.0
ins_275654169,203755.0,204646.0,90.0
ins_689009035,203759.0,204700.0,87.0
ins_689009283,203755.0,204655.0,89.0
ins_1284769932,203759.0,204666.0,86.0
ins_1036457077,203754.0,204725.0,84.0
ins_1060160582,203755.0,204605.0,93.0
ins_697670816,203753.0,204669.0,90.0
ins_121019987,203761.0,204784.0,80.0
ins_779004664,203760.0,204585.0,94.0
ins_183714531,203755.0,204646.0,86.0
ins_1322308914,203755.0,204600.0,92.0
ins_529726777,203753.0,204615.0,93.0
ins_897585196,203761.0,204570.0,90.0
ins_1304514552,203754.0,204628.0,94.0
ins_102568182,203761.0,204694.0,83.0
ins_611040646,203759.0,204717.0,80.0
ins_8474824,203754.0,205569.0,90.0
ins_482068351,203760.0,204740.0,84.0
ins_978827941,203755.0,204691.0,86.0
ins_797922385,203755.0,204663.0,86.0
ins_355396015,203755.0,204702.0,85.0
ins_1167454585,203754.0,204632.0,92.0
ins_1213589108,203755.0,204663.0,87.0
ins_265925540,203761.0,205580.0,86.0
ins_1141536276,203755.0,204743.0,86.0
ins_697670025,203761.0,204662.0,90.0
ins_565752669,203761.0,204687.0,87.0
ins_163087501,203759.0,204577.0,93.0
ins_611040133,203755.0,204676.0,80.0
ins_392891360,203755.0,204639.0,94.0
ins_1104343726,203759.0,204757.0,84.0
ins_392891870,203761.0,204786.0,81.0
ins_347284284,203755.0,205604.0,83.0
ins_577867540,203754.0,205406.0,92.0
ins_647144986,203753.0,204711.0,83.0
ins_391951434,203759.0,204736.0,83.0
ins_860347230,203753.0,204601.0,92.0
ins_86636654,203760.0,204683.0,82.0
ins_473308916,203755.0,204628.0,87.0
ins_212500089,203755.0,204765.0,79.0
ins_1187236178,203753.0,204584.0,94.0
ins_611079623,203755.0,204597.0,92.0
ins_519578693,203759.0,204647.0,86.0
ins_960581914,203752.0,204590.0,92.0
ins_705916621,203754.0,205513.0,92.0
ins_1127139146,203755.0,204686.0,82.0
ins_1004726932,203753.0,204593.0,92.0
ins_156679679,203755.0,204715.0,86.0
ins_897577293,203753.0,204567.0,88.0
ins_1344401455,203753.0,204608.0,92.0
ins_941756704,203759.0,204569.0,93.0
ins_1127133434,203753.0,204557.0,94.0
ins_21881020,203759.0,205743.0,79.0
ins_41453028,203759.0,204763.0,82.0
ins_1060161025,203760.0,204700.0,86.0
ins_130839797,204397.0,205227.0,95.0
ins_816891099,203759.0,204623.0,87.0
ins_1227192465,203759.0,204917.0,72.0
ins_1284769272,203755.0,204705.0,83.0
ins_1187862037,203754.0,204545.0,92.0
ins_448381614,203753.0,204641.0,86.0
ins_779697245,203760.0,204722.0,79.0
ins_1022996701,203759.0,204576.0,94.0
ins_1187862868,203759.0,204567.0,90.0
ins_230357134,203759.0,204684.0,89.0
ins_266068980,203755.0,204772.0,82.0
ins_1133766861,203753.0,204542.0,95.0
ins_663900432,203755.0,204651.0,84.0
ins_4174474,203754.0,204596.0,94.0
ins_184719049,203759.0,204830.0,80.0
ins_636922386,203755.0,204584.0,85.0
ins_1322020497,203754.0,204595.0,93.0
ins_482068060,203760.0,204593.0,93.0
ins_30532939,203761.0,204581.0,93.0
ins_1141535957,203760.0,204590.0,93.0
ins_1227830955,203763.0,205989.0,73.0
ins_626454064,203755.0,204599.0,89.0
ins_519681655,203760.0,204741.0,85.0
ins_1292955301,203753.0,204637.0,87.0
ins_194308520,203755.0,204666.0,86.0
ins_391951711,203754.0,204552.0,94.0
ins_219671581,203761.0,204592.0,93.0
ins_275250078,203754.0,204570.0,92.0
ins_357010973,203754.0,204594.0,93.0
ins_1320874421,203761.0,204666.0,85.0
ins_956279125,203760.0,205498.0,90.0
ins_130839904,203759.0,204807.0,76.0
ins_898516801,203753.0,204642.0,82.0
ins_978827778,203754.0,204617.0,92.0
ins_960878330,203761.0,204687.0,86.0
ins_519681557,203759.0,204855.0,75.0
ins_528264715,203759.0,204682.0,85.0
ins_601010044,203759.0,204773.0,82.0
ins_797930133,203754.0,204558.0,94.0
ins_448381882,203754.0,204544.0,91.0
ins_446351939,203759.0,204698.0,85.0
ins_611079709,203755.0,204618.0,93.0
ins_1086087294,203760.0,204589.0,94.0
ins_1104343421,203760.0,204692.0,86.0
ins_933598223,203755.0,204722.0,83.0
ins_554168827,203753.0,204553.0,95.0
ins_212500167,203761.0,204709.0,87.0
ins_482441689,203760.0,204576.0,94.0
ins_943805475,203754.0,204567.0,94.0
ins_131135013,203760.0,204829.0,77.0
ins_121021037,203753.0,204614.0,88.0
ins_1344402025,203753.0,204529.0,96.0
ins_697764855,203761.0,204878.0,72.0
ins_1004727014,203755.0,204660.0,89.0
ins_915273013,203753.0,204625.0,89.0
ins_898516322,203754.0,204519.0,95.0
ins_392648715,203752.0,204577.0,95.0
ins_816177624,203760.0,204814.0,84.0
ins_39673094,203759.0,204605.0,91.0
ins_778697656,203759.0,204697.0,88.0
ins_283715049,203755.0,204711.0,84.0
ins_446351872,203755.0,204603.0,92.0
ins_1344401708,203755.0,204599.0,90.0
ins_229264248,203754.0,204550.0,94.0
ins_1133482020,203753.0,204686.0,86.0
ins_41453121,203755.0,204735.0,85.0
ins_1295020515,203759.0,204678.0,85.0
ins_1127139985,203759.0,204663.0,83.0
ins_979833473,203755.0,204655.0,87.0
ins_1267082385,203755.0,204522.0,90.0
ins_609003133,203754.0,204573.0,94.0
ins_284233920,203759.0,204651.0,88.0
ins_817180119,203759.0,204718.0,81.0
ins_529727209,203755.0,204696.0,86.0
ins_1048874548,203753.0,204599.0,92.0
ins_897512419,203755.0,204659.0,89.0
ins_1213589435,203760.0,204632.0,94.0
ins_49458242,203754.0,204588.0,91.0
ins_121019756,203760.0,204575.0,94.0
ins_283714963,203752.0,204573.0,93.0
ins_111343870,203754.0,204595.0,92.0
ins_275653931,203759.0,204667.0,86.0
ins_609604143,203759.0,204738.0,82.0
ins_915281031,203753.0,204660.0,85.0
ins_781165677,203759.0,204652.0,87.0
ins_400719559,203760.0,204730.0,85.0
ins_897585364,203755.0,204654.0,80.0
ins_1004735576,203759.0,204594.0,93.0
ins_446351545,203755.0,204563.0,92.0
ins_86637037,203754.0,204559.0,95.0
ins_1320875222,203759.0,204612.0,86.0
ins_1295012338,203754.0,204597.0,91.0
ins_527663871,203761.0,204704.0,86.0
ins_1185821431,203760.0,204644.0,87.0
ins_131135357,203755.0,204618.0,88.0
ins_194308705,203753.0,204655.0,88.0
ins_689009456,203759.0,204831.0,75.0
ins_698371801,203760.0,204665.0,86.0
ins_473940783,203755.0,204623.0,82.0
ins_1133474890,203755.0,204702.0,84.0
ins_364998564,203755.0,204718.0,85.0
ins_879563338,203755.0,204615.0,89.0
ins_310608330,203753.0,204550.0,94.0
ins_310608867,203759.0,204542.0,94.0
ins_103363910,203754.0,204608.0,94.0
ins_797929862,203754.0,204572.0,93.0
ins_283715132,203753.0,204567.0,95.0
ins_474246533,203760.0,204480.0,93.0
ins_770350211,203753.0,204650.0,87.0
ins_609604469,203755.0,204754.0,82.0
ins_816891251,203755.0,204630.0,85.0
ins_1223882707,203760.0,204576.0,94.0
ins_1330108391,203755.0,204636.0,90.0
ins_1322021281,203755.0,204686.0,83.0
ins_1269165061,203754.0,204608.0,93.0
ins_448413018,203754.0,204561.0,94.0
ins_400718243,203760.0,204620.0,93.0
ins_1187862197,203753.0,204525.0,94.0
ins_874964689,203754.0,205482.0,92.0
ins_1292914585,203755.0,204645.0,86.0
ins_438355891,203760.0,204700.0,86.0
ins_609604545,203759.0,204612.0,89.0
ins_778697574,203759.0,204705.0,86.0
ins_1025141506,203760.0,204579.0,90.0
ins_253674450,203760.0,204830.0,74.0
ins_1040752316,203759.0,204629.0,90.0
ins_192699516,203760.0,204825.0,78.0
ins_779697536,203760.0,204684.0,86.0
ins_184575464,203753.0,205689.0,82.0
ins_400719281,203759.0,204688.0,86.0
ins_311549921,203759.0,204640.0,94.0
ins_679261813,203753.0,204597.0,93.0
ins_1322025946,203759.0,204560.0,94.0
ins_745142733,203760.0,204557.0,94.0
ins_1320874493,203753.0,204598.0,90.0
ins_611040976,203755.0,204601.0,89.0
ins_1167455149,203755.0,204694.0,86.0
ins_147906892,203760.0,204549.0,93.0
ins_1304584117,203760.0,205740.0,80.0
ins_151382532,203755.0,204716.0,85.0
ins_400718928,203753.0,204647.0,87.0
ins_1344067975,203761.0,204643.0,89.0
ins_1320874984,203752.0,204556.0,92.0
ins_879563561,203761.0,204668.0,85.0
ins_1167455067,203753.0,204676.0,88.0
ins_8474979,203760.0,205553.0,93.0
ins_705917048,203753.0,205646.0,87.0
ins_311304871,203753.0,204675.0,89.0
ins_943805171,203760.0,204753.0,75.0
ins_89809535,203753.0,205429.0,94.0
ins_1304514189,203760.0,204648.0,92.0
ins_1330117602,203755.0,204705.0,83.0
ins_1106491669,203759.0,204573.0,92.0
ins_219671666,203754.0,204544.0,93.0
ins_355396873,203755.0,204675.0,88.0
ins_430769496,203754.0,205440.0,92.0
ins_554168574,203752.0,204561.0,94.0
ins_1023091742,203755.0,204669.0,86.0
ins_1223177923,203754.0,204804.0,81.0
ins_1130233856,203753.0,204623.0,93.0
ins_1086087122,203760.0,204767.0,81.0
ins_770950566,203763.0,204774.0,81.0
ins_1022996447,203754.0,204629.0,92.0
ins_772899286,203761.0,204792.0,77.0
ins_1223177434,203755.0,204686.0,90.0
ins_392647789,203755.0,204652.0,89.0
ins_716607003,203755.0,204684.0,85.0
ins_446351815,203761.0,204616.0,92.0
ins_1203455538,203755.0,204642.0,88.0
ins_766872838,203754.0,204553.0,93.0
ins_517281796,203760.0,204689.0,84.0
ins_484434564,203755.0,204679.0,87.0
ins_1177051098,203759.0,204575.0,94.0
ins_611079538,203753.0,204667.0,87.0
ins_563385702,203762.0,204707.0,85.0
ins_956278726,203754.0,205402.0,94.0
ins_933597910,203759.0,204822.0,79.0
ins_265925803,203761.0,205718.0,80.0
ins_1284770072,203759.0,204616.0,90.0
ins_496550846,203760.0,205476.0,92.0
ins_311303844,203755.0,204642.0,93.0
ins_833942078,203754.0,204574.0,94.0
ins_766881783,203755.0,204727.0,84.0
ins_1344067550,203753.0,204617.0,93.0
ins_781166046,203760.0,204644.0,89.0
ins_529696010,203755.0,204554.0,93.0
ins_274039272,203753.0,204687.0,85.0
ins_967540826,203759.0,204750.0,83.0
ins_194121959,203759.0,204687.0,84.0
ins_1127130730,203755.0,204532.0,95.0
ins_438356281,203753.0,204640.0,89.0
ins_183713823,203755.0,204594.0,90.0
ins_1142541587,203754.0,204564.0,93.0
ins_689009852,203761.0,204806.0,79.0
ins_103218818,203754.0,205313.0,94.0
ins_1339742627,203761.0,204755.0,78.0
ins_1322309515,203755.0,204672.0,87.0
ins_960878587,203754.0,204601.0,93.0
ins_1211580288,203754.0,204567.0,92.0
ins_428620566,203752.0,205577.0,85.0
ins_484435554,203754.0,204590.0,93.0
ins_781180142,203761.0,204787.0,79.0
ins_49465212,203754.0,204635.0,89.0
ins_554617524,203755.0,204576.0,94.0
ins_493677220,203761.0,204698.0,84.0
ins_367031726,203753.0,204561.0,92.0
ins_978892454,203754.0,204697.0,76.0
ins_897576710,203760.0,204564.0,86.0
ins_1130233776,203761.0,204741.0,83.0
ins_89809998,203759.0,205650.0,89.0
ins_1060160875,203755.0,204617.0,91.0
ins_311304951,203759.0,204746.0,80.0
ins_431397213,203759.0,204710.0,86.0
ins_779697621,203759.0,204561.0,94.0
ins_496550601,203752.0,205528.0,90.0
ins_529695403,203764.0,204592.0,91.0
ins_554168749,203755.0,204682.0,88.0
ins_786354107,203755.0,204678.0,86.0
ins_1187861779,203755.0,204594.0,91.0
ins_898227908,203760.0,204684.0,83.0
ins_1130234290,203760.0,204741.0,84.0
ins_1105041579,203759.0,204659.0,87.0
ins_656648702,203760.0,204671.0,86.0
ins_611041063,203761.0,204671.0,85.0
ins_301001286,203755.0,204586.0,89.0
ins_275250164,203761.0,204904.0,72.0
ins_1048925742,203754.0,204920.0,73.0
ins_858791259,203753.0,204625.0,92.0
ins_879276153,203755.0,204651.0,88.0
ins_102568258,203759.0,204675.0,86.0
ins_356610349,203755.0,204603.0,89.0
ins_816891335,203754.0,204636.0,83.0
ins_1344067712,203753.0,204759.0,84.0
ins_266069163,203752.0,204709.0,87.0
ins_184718686,203759.0,204810.0,80.0
ins_229264330,203755.0,204684.0,86.0
ins_1304584682,203754.0,205680.0,80.0
ins_21881554,203753.0,205616.0,84.0
ins_212499933,203754.0,204579.0,93.0
ins_229264584,203755.0,204607.0,89.0
ins_1104343802,203754.0,204732.0,83.0
ins_1060225763,203753.0,205465.0,89.0
ins_412335538,203760.0,204669.0,82.0
ins_446948718,203755.0,204620.0,87.0
ins_852272653,203759.0,204718.0,82.0
ins_253665575,203761.0,204890.0,72.0
ins_21234614,203755.0,204582.0,90.0
ins_734910728,203752.0,205380.0,94.0
ins_1061164131,203753.0,204653.0,85.0
ins_697373305,203753.0,204677.0,85.0
ins_30533098,203761.0,204648.0,90.0
ins_275654428,203760.0,204627.0,92.0
ins_22026058,203760.0,204973.0,73.0
ins_861032377,203755.0,204702.0,84.0
ins_438355817,203755.0,204586.0,87.0
ins_446352257,203761.0,204593.0,93.0
ins_555557080,203753.0,204508.0,92.0
ins_1305230657,203761.0,204557.0,92.0
ins_1023091476,203754.0,204590.0,92.0
ins_1060160738,203755.0,204720.0,85.0
ins_1061164306,203760.0,204658.0,87.0
ins_1052407649,203755.0,204779.0,83.0
ins_202375909,203759.0,204818.0,77.0
ins_1248753190,203759.0,204755.0,84.0
ins_555299994,203759.0,204672.0,85.0
ins_517285093,203764.0,204641.0,89.0
ins_311693170,203754.0,204741.0,83.0
ins_527664585,203759.0,204624.0,90.0
ins_1130284660,203754.0,204518.0,93.0
ins_529726860,203760.0,204686.0,86.0
ins_537853384,203761.0,204829.0,78.0
ins_697765311,203760.0,204653.0,89.0
ins_689613759,203760.0,204669.0,85.0
ins_121020075,203755.0,204631.0,87.0
ins_1095675393,203761.0,204703.0,83.0
ins_1185715367,203754.0,204663.0,88.0
ins_163090568,203753.0,204651.0,85.0
ins_699201628,203760.0,204822.0,81.0
ins_1141599756,203755.0,205527.0,88.0
ins_131134670,203759.0,204603.0,89.0
ins_194122136,203754.0,204567.0,94.0
ins_102353272,203754.0,204556.0,93.0
ins_103218900,203761.0,205492.0,90.0
ins_75317101,203764.0,204660.0,87.0
ins_311304207,203759.0,204634.0,94.0
ins_1223890333,203755.0,204675.0,88.0
ins_30000768,203754.0,204584.0,93.0
ins_4174657,203761.0,204594.0,94.0
ins_663900754,203755.0,204670.0,85.0
ins_874964554,203754.0,205455.0,93.0
ins_492545014,203761.0,204689.0,82.0
ins_147907033,203760.0,204746.0,82.0
ins_364998183,203761.0,204562.0,92.0
ins_1104343347,203759.0,204853.0,80.0
ins_1104344034,203761.0,204863.0,72.0
ins_367031567,203752.0,204568.0,93.0
ins_428620337,203755.0,205593.0,84.0
ins_933605772,203753.0,204623.0,91.0
ins_960878508,203754.0,204577.0,92.0
ins_663901286,203760.0,204608.0,88.0
ins_565753466,203761.0,204674.0,87.0
ins_382352114,203755.0,204601.0,88.0
ins_22024807,203752.0,204644.0,93.0
ins_392586162,203753.0,204637.0,83.0
ins_310608255,203759.0,204609.0,89.0
ins_148585844,203753.0,204632.0,89.0
ins_786345978,203753.0,204682.0,87.0
ins_816247733,203760.0,205373.0,92.0
ins_942356293,203759.0,204756.0,79.0
ins_609605315,203755.0,204586.0,93.0
ins_577868425,203760.0,205600.0,86.0
ins_1223890524,203754.0,204544.0,95.0
ins_310608622,203760.0,204610.0,89.0
ins_1141536198,203755.0,204625.0,95.0
ins_816178041,203761.0,204683.0,89.0
ins_664115033,203761.0,204700.0,85.0
ins_978892931,203755.0,205459.0,90.0
ins_496550915,203760.0,205715.0,80.0
ins_673419532,203753.0,204659.0,86.0
ins_367031323,203760.0,204572.0,93.0
ins_1127143320,203759.0,204677.0,84.0
ins_275654248,203754.0,204591.0,94.0
