Job,Interval,Start,End,Energy,Flow
J1040,I1949,7046.0,7061.0,brown,1
J1040,I2493,9330.0,9336.0,brown,2
J1277,I2101,7730.0,7738.0,green,5
J1277,I2517,9412.0,9419.0,green,1
J1159,I1447,4762.0,4768.0,brown,5
J1882,I233,452.0,455.0,brown,1
J1882,I361,800.0,803.0,brown,1
J1882,I2250,8336.0,8343.0,green,1
J1882,I2890,10636.0,10646.0,green,2
J1882,I3068,11147.0,11149.0,green,1
J508,I999,2911.0,2912.0,green,1
J508,I1031,3003.0,3008.0,green,1
J1203,I1961,7103.0,7114.0,brown,2
J1203,I3370,11844.0,11846.0,green,1
J1122,I404,909.0,910.0,green,1
J1122,I516,1247.0,1250.0,brown,1
J1122,I548,1334.0,1357.0,brown,1
J432,I680,1768.0,1774.0,green,5
J332,I608,1540.0,1550.0,green,4
J227,I2084,7652.0,7662.0,green,1
J528,I1998,7216.0,7230.0,green,1
J528,I2670,9963.0,9974.0,green,1
J528,I2718,10094.0,10100.0,green,3
J1846,I1179,3570.0,3582.0,brown,3
J1846,I2076,7591.0,7607.0,green,1
J361,I700,1828.0,1842.0,green,6
J1073,I993,2884.0,2888.0,green,4
J1073,I1057,3091.0,3097.0,green,2
J1758,I561,1391.0,1403.0,brown,2
J1758,I2738,10177.0,10183.0,green,3
J1758,I2770,10271.0,10278.0,green,1
J1787,I332,714.0,716.0,brown,1
J1787,I3293,11694.0,11695.0,green,1
J1787,I3357,11823.0,11829.0,green,3
J1787,I3405,11910.0,11911.0,green,1
J662,I405,910.0,917.0,green,1
J662,I532,1282.0,1286.0,brown,1
J1726,I2347,8775.0,8784.0,brown,1
J231,I76,112.0,114.0,green,2
J231,I140,241.0,242.0,green,1
J231,I172,321.0,323.0,green,1
J671,I1327,4200.0,4214.0,brown,1
J872,I1346,4298.0,4305.0,brown,1
J872,I3203,11483.0,11486.0,green,1
J872,I3211,11505.0,11506.0,green,1
J872,I3275,11654.0,11661.0,green,3
J598,I1143,3453.0,3455.0,green,2
J598,I1207,3733.0,3744.0,green,1
J598,I1335,4233.0,4247.0,brown,1
J598,I2247,8321.0,8327.0,green,2
J331,I3322,11754.0,11756.0,green,2
J331,I3386,11876.0,11877.0,green,1
J1967,I3243,11578.0,11582.0,green,4
J1967,I3311,11730.0,11734.0,green,1
J546,I627,1616.0,1625.0,green,2
J546,I1203,3695.0,3719.0,green,4
J1075,I2000,7252.0,7261.0,green,3
J1075,I2768,10265.0,10268.0,green,1
J802,I1457,4810.0,4813.0,brown,3
J802,I1585,5388.0,5395.0,brown,2
J1583,I1753,6188.0,6194.0,brown,3
J1583,I2969,10857.0,10860.0,brown,1
J1501,I335,731.0,735.0,brown,1
J1501,I1200,3678.0,3682.0,green,1
J1501,I2320,8673.0,8674.0,green,1
J1501,I2452,9171.0,9172.0,green,1
J1501,I2516,9411.0,9412.0,green,1
J663,I605,1526.0,1534.0,green,3
J663,I1253,3943.0,3945.0,green,1
J663,I1258,3954.0,3962.0,green,2
J1154,I100,156.0,157.0,green,1
J1154,I516,1247.0,1250.0,brown,1
J1154,I2020,7360.0,7365.0,green,4
J1413,I2528,9468.0,9473.0,green,3
J1413,I2560,9639.0,9643.0,green,1
J966,I678,1760.0,1764.0,green,2
J966,I710,1871.0,1872.0,green,1
J966,I998,2902.0,2911.0,green,2
J966,I1558,5297.0,5299.0,green,1
J47,I2606,9778.0,9781.0,green,1
J47,I2670,9963.0,9974.0,green,4
J47,I2830,10466.0,10467.0,green,1
J869,I2302,8573.0,8583.0,green,1
J869,I2382,8907.0,8918.0,green,1
J869,I2624,9817.0,9827.0,green,2
J869,I2634,9861.0,9864.0,green,1
J869,I2638,9871.0,9872.0,green,1
J17,I1713,5997.0,6000.0,green,3
J17,I2097,7704.0,7706.0,green,2
J362,I77,114.0,116.0,green,2
J362,I301,641.0,642.0,green,1
J1796,I2144,7923.0,7928.0,green,5
J1796,I2656,9932.0,9935.0,green,1
J1733,I1602,5462.0,5468.0,brown,3
J951,I1425,4680.0,4685.0,green,4
J414,I618,1567.0,1581.0,green,3
J414,I809,2232.0,2233.0,brown,1
J414,I1866,6719.0,6727.0,green,2
J1439,I667,1730.0,1737.0,brown,1
J1439,I2012,7308.0,7320.0,green,2
J1439,I2172,8031.0,8035.0,green,3
J223,I1227,3839.0,3842.0,green,1
J223,I1547,5240.0,5257.0,green,4
J1906,I3389,11881.0,11882.0,green,1
J1906,I3413,11923.0,11928.0,green,1
J1906,I3421,11940.0,11942.0,green,2
J961,I1814,6422.0,6423.0,green,1
J961,I2250,8336.0,8343.0,green,1
J1252,I1717,6014.0,6019.0,green,2
J1252,I1781,6304.0,6310.0,green,3
J1252,I2153,7948.0,7959.0,green,1
J461,I429,980.0,987.0,brown,1
J461,I461,1084.0,1090.0,brown,5
J1042,I560,1388.0,1391.0,brown,1
J1042,I2545,9561.0,9572.0,green,4
J1042,I2897,10654.0,10658.0,green,1
J991,I2677,9985.0,9992.0,green,1
J991,I2693,10028.0,10032.0,green,1
J1098,I514,1229.0,1244.0,brown,1
J1098,I2923,10720.0,10724.0,green,4
J1691,I2068,7552.0,7553.0,green,1
J1691,I2260,8381.0,8385.0,brown,3
J1691,I2484,9308.0,9310.0,brown,1
J1031,I1270,3995.0,4001.0,brown,1
J1031,I1574,5348.0,5352.0,brown,1
J722,I1446,4754.0,4762.0,brown,2
J722,I1606,5483.0,5486.0,brown,1
J722,I2727,10141.0,10156.0,green,2
J1356,I775,2108.0,2113.0,brown,2
J1356,I2696,10043.0,10051.0,green,2
J1356,I3208,11497.0,11501.0,green,1
J1741,I2414,9036.0,9043.0,green,4
J1505,I1318,4179.0,4185.0,brown,2
J1505,I1446,4754.0,4762.0,brown,1
J1505,I2552,9598.0,9616.0,green,3
J1665,I2250,8336.0,8343.0,green,1
J1665,I2634,9861.0,9864.0,green,1
J1665,I2858,10542.0,10548.0,green,3
J447,I1312,4140.0,4153.0,green,5
J484,I1016,2954.0,2955.0,green,1
J484,I1048,3063.0,3064.0,green,1
J484,I1080,3190.0,3191.0,green,1
J484,I1178,3567.0,3570.0,brown,2
J484,I1338,4249.0,4250.0,brown,1
J1478,I431,988.0,992.0,brown,1
J1054,I1610,5494.0,5501.0,brown,3
J1067,I869,2422.0,2423.0,brown,1
J1067,I1349,4326.0,4336.0,brown,4
J1029,I1375,4452.0,4453.0,green,1
J1029,I1535,5165.0,5170.0,green,1
J1029,I2079,7617.0,7630.0,green,1
J1120,I2719,10100.0,10112.0,green,1
J1120,I2943,10779.0,10780.0,green,1
J1120,I3247,11600.0,11601.0,green,1
J1120,I3279,11669.0,11671.0,green,1
J1120,I3295,11700.0,11702.0,green,2
J1535,I1486,4936.0,4939.0,green,1
J539,I1064,3110.0,3115.0,green,2
J539,I1368,4402.0,4411.0,green,4
J495,I687,1788.0,1790.0,green,2
J495,I1039,3036.0,3044.0,green,1
J495,I1135,3416.0,3425.0,green,1
J1802,I2533,9507.0,9521.0,green,4
J1396,I1437,4724.0,4727.0,green,1
J1396,I1469,4868.0,4875.0,green,5
J1220,I2533,9507.0,9521.0,green,2
J1220,I2885,10620.0,10624.0,green,1
J1220,I3237,11563.0,11567.0,green,1
J348,I2238,8272.0,8278.0,green,1
J348,I2302,8573.0,8583.0,green,1
J697,I670,1743.0,1745.0,brown,1
J697,I703,1849.0,1856.0,green,1
J281,I629,1630.0,1634.0,green,2
J281,I1194,3650.0,3663.0,green,1
J1924,I3371,11846.0,11848.0,green,1
J119,I257,515.0,522.0,green,5
J322,I1089,3228.0,3232.0,green,1
J322,I2168,8004.0,8022.0,green,2
J297,I565,1412.0,1413.0,brown,1
J297,I1078,3166.0,3187.0,green,2
J297,I1686,5849.0,5854.0,green,1
J1434,I2665,9954.0,9957.0,green,3
J1434,I2697,10051.0,10053.0,green,1
J1434,I2921,10717.0,10719.0,green,2
J622,I444,1030.0,1038.0,brown,1
J622,I1853,6657.0,6663.0,green,2
J410,I353,781.0,782.0,brown,1
J410,I449,1047.0,1051.0,brown,1
J410,I481,1140.0,1141.0,brown,1
J410,I513,1226.0,1229.0,brown,1
J410,I610,1551.0,1552.0,green,1
J410,I1090,3232.0,3235.0,green,1
J459,I297,620.0,627.0,green,4
J459,I585,1477.0,1478.0,green,1
J459,I1193,3649.0,3650.0,green,1
J1858,I2736,10171.0,10175.0,green,1
J1858,I2983,10905.0,10908.0,brown,2
J86,I197,379.0,380.0,green,1
J86,I485,1149.0,1155.0,brown,1
J86,I1317,4164.0,4179.0,green,1
J210,I463,1092.0,1096.0,brown,1
J210,I608,1540.0,1550.0,green,4
J683,I1275,4012.0,4014.0,brown,2
J683,I1532,5147.0,5150.0,green,2
J683,I1628,5596.0,5603.0,green,1
J1130,I1345,4288.0,4298.0,brown,3
J1130,I2570,9685.0,9689.0,green,1
J1523,I1195,3663.0,3669.0,green,4
J1523,I2379,8902.0,8905.0,green,1
J614,I520,1254.0,1257.0,brown,3
J614,I1417,4658.0,4667.0,green,1
J1597,I1621,5573.0,5574.0,green,1
J1597,I2133,7887.0,7892.0,green,3
J1597,I2517,9412.0,9419.0,green,1
J1597,I3076,11170.0,11182.0,green,1
J349,I1864,6700.0,6715.0,green,2
J349,I3208,11497.0,11501.0,green,1
J349,I3224,11531.0,11532.0,green,1
J349,I3246,11591.0,11600.0,green,1
J160,I2099,7710.0,7720.0,green,1
J160,I2675,9980.0,9982.0,green,1
J160,I3251,11607.0,11612.0,green,2
J873,I1259,3962.0,3966.0,brown,3
J873,I2572,9695.0,9697.0,green,1
J873,I2700,10056.0,10058.0,green,1
J1333,I2265,8423.0,8431.0,brown,5
J1333,I2298,8549.0,8551.0,green,1
J536,I1484,4930.0,4933.0,green,3
J536,I1516,5067.0,5068.0,green,1
J536,I1548,5257.0,5259.0,green,2
J689,I1411,4638.0,4646.0,green,4
J825,I1476,4896.0,4897.0,green,1
J825,I1508,5038.0,5043.0,green,2
J825,I1540,5189.0,5201.0,green,3
J838,I1810,6396.0,6412.0,green,2
J27,I124,213.0,216.0,brown,1
J27,I149,259.0,262.0,green,1
J27,I253,504.0,509.0,green,1
J27,I285,588.0,590.0,green,1
J1803,I2676,9982.0,9985.0,green,1
J1803,I2708,10077.0,10079.0,green,2
J1803,I2836,10486.0,10488.0,green,1
J700,I1266,3989.0,3991.0,brown,1
J700,I1427,4690.0,4693.0,green,1
J700,I1619,5558.0,5570.0,green,3
J1757,I1949,7046.0,7061.0,brown,2
J234,I566,1413.0,1415.0,brown,1
J234,I1527,5124.0,5135.0,green,3
J344,I1216,3770.0,3775.0,green,1
J344,I1220,3793.0,3816.0,green,3
J1183,I2020,7360.0,7365.0,green,1
J1183,I2716,10089.0,10090.0,green,1
J1347,I2004,7279.0,7289.0,green,3
J1347,I2100,7720.0,7730.0,green,2
J740,I1343,4272.0,4276.0,brown,2
J740,I1504,5020.0,5022.0,green,2
J740,I1536,5170.0,5180.0,green,2
J624,I1019,2958.0,2961.0,green,3
J624,I1051,3066.0,3072.0,green,2
J781,I1480,4916.0,4921.0,green,2
J1901,I3275,11654.0,11661.0,green,2
J1901,I3331,11769.0,11773.0,green,1
J1901,I3411,11921.0,11922.0,green,1
J821,I318,685.0,688.0,brown,1
J1922,I1876,6772.0,6776.0,brown,1
J1922,I2517,9412.0,9419.0,green,3
J1922,I2773,10282.0,10283.0,green,1
J773,I634,1645.0,1653.0,green,3
J773,I1401,4588.0,4610.0,brown,3
J413,I359,791.0,799.0,brown,3
J413,I1688,5858.0,5859.0,green,1
J413,I1704,5931.0,5936.0,green,1
J413,I2024,7389.0,7391.0,green,1
J1640,I2285,8506.0,8507.0,brown,1
J1640,I2542,9554.0,9555.0,green,1
J1738,I3262,11630.0,11634.0,green,1
J667,I564,1410.0,1412.0,brown,1
J667,I1205,3721.0,3732.0,green,4
J67,I147,256.0,257.0,green,1
J67,I179,337.0,344.0,green,3
J673,I1666,5766.0,5770.0,green,1
J673,I2018,7338.0,7355.0,green,1
J673,I2722,10126.0,10130.0,green,4
J845,I1417,4658.0,4667.0,green,1
J845,I1608,5488.0,5491.0,brown,1
J845,I2877,10602.0,10605.0,green,1
J1278,I1294,4072.0,4077.0,green,1
J1278,I1325,4197.0,4199.0,brown,1
J1278,I1422,4677.0,4678.0,green,1
J1278,I1998,7216.0,7230.0,green,1
J1278,I2094,7698.0,7701.0,green,1
J1605,I665,1726.0,1729.0,brown,1
J1605,I729,1936.0,1938.0,brown,2
J1605,I761,2060.0,2063.0,brown,2
J335,I177,329.0,334.0,green,2
J335,I209,403.0,406.0,green,2
J335,I2105,7757.0,7758.0,green,1
J335,I2129,7844.0,7854.0,green,1
J1480,I2321,8674.0,8676.0,green,1
J1480,I2480,9292.0,9295.0,brown,2
J1480,I2673,9976.0,9979.0,green,1
J1480,I2909,10689.0,10690.0,green,1
J451,I309,663.0,664.0,brown,1
J451,I341,750.0,753.0,brown,1
J1074,I1379,4465.0,4477.0,green,1
J1074,I1507,5025.0,5038.0,green,2
J1074,I2083,7644.0,7652.0,green,2
J1074,I2855,10535.0,10539.0,green,1
J1862,I2253,8348.0,8358.0,green,2
J1862,I2596,9752.0,9754.0,brown,1
J1862,I3044,11078.0,11086.0,brown,1
J1862,I3236,11561.0,11563.0,green,1
J1245,I1112,3324.0,3328.0,green,1
J732,I1286,4030.0,4040.0,green,1
J732,I1462,4832.0,4838.0,green,1
J1275,I350,777.0,779.0,brown,1
J1275,I542,1308.0,1316.0,brown,1
J1275,I1471,4882.0,4889.0,green,1
J1334,I2061,7534.0,7537.0,green,2
J257,I1611,5501.0,5518.0,brown,1
J257,I2604,9767.0,9772.0,green,1
J257,I3084,11210.0,11211.0,green,1
J257,I3212,11506.0,11511.0,green,1
J1399,I1163,3507.0,3510.0,brown,2
J1399,I2924,10724.0,10731.0,green,1
J1621,I1378,4460.0,4465.0,green,4
J988,I1341,4258.0,4263.0,brown,1
J988,I1470,4875.0,4882.0,green,2
J988,I1534,5162.0,5165.0,green,1
J1754,I2816,10425.0,10428.0,green,3
J1754,I2880,10608.0,10609.0,green,1
J1754,I2912,10694.0,10696.0,green,1
J1754,I3041,11064.0,11066.0,brown,1
J14,I84,124.0,125.0,green,1
J14,I212,410.0,413.0,green,2
J14,I1660,5737.0,5739.0,green,1
J403,I406,917.0,922.0,green,1
J403,I1354,4342.0,4351.0,green,2
J1009,I1775,6279.0,6285.0,green,1
J1009,I1943,7022.0,7027.0,green,2
J1009,I1999,7230.0,7252.0,green,2
J1009,I2079,7617.0,7630.0,green,1
J1828,I1769,6258.0,6259.0,green,1
J1828,I2153,7948.0,7959.0,green,3
J1221,I1700,5898.0,5905.0,green,2
J1221,I2084,7652.0,7662.0,green,1
J596,I800,2193.0,2209.0,brown,1
J596,I2721,10116.0,10126.0,green,1
J107,I195,375.0,378.0,green,3
J107,I291,599.0,602.0,green,1
J107,I323,696.0,703.0,brown,1
J107,I1251,3934.0,3938.0,green,1
J1288,I787,2155.0,2157.0,brown,1
J1288,I2100,7720.0,7730.0,green,2
J1288,I2804,10380.0,10384.0,green,2
J1288,I3220,11524.0,11525.0,green,1
J1306,I1172,3544.0,3545.0,brown,1
J1306,I1332,4224.0,4230.0,brown,2
J1306,I1460,4821.0,4829.0,brown,1
J1384,I2092,7693.0,7697.0,green,1
J1384,I2604,9767.0,9772.0,green,1
J1384,I2924,10724.0,10731.0,green,1
J618,I119,205.0,207.0,green,2
J618,I1215,3766.0,3770.0,green,4
J1113,I1308,4122.0,4134.0,green,1
J1113,I2300,8565.0,8570.0,green,1
J71,I427,976.0,979.0,brown,2
J71,I587,1480.0,1491.0,brown,2
J71,I1611,5501.0,5518.0,brown,1
J71,I1715,6002.0,6008.0,green,1
J1407,I1444,4743.0,4751.0,brown,1
J1407,I1541,5201.0,5207.0,green,5
J950,I1703,5911.0,5931.0,green,1
J271,I582,1461.0,1466.0,green,1
J271,I1130,3401.0,3406.0,green,5
J1626,I733,1952.0,1968.0,brown,1
J1626,I2846,10512.0,10520.0,green,1
J1542,I2539,9543.0,9549.0,green,3
J277,I326,705.0,706.0,brown,1
J277,I358,790.0,791.0,brown,1
J277,I1863,6699.0,6700.0,green,1
J277,I2439,9120.0,9128.0,green,2
J277,I2727,10141.0,10156.0,green,1
J1148,I3233,11549.0,11556.0,green,2
J1148,I3265,11636.0,11638.0,green,1
J1148,I3301,11710.0,11714.0,green,1
J346,I266,540.0,542.0,green,1
J346,I361,800.0,803.0,brown,1
J346,I1194,3650.0,3663.0,green,3
J1790,I2668,9961.0,9962.0,green,1
J1790,I2796,10358.0,10361.0,green,1
J1790,I2924,10724.0,10731.0,green,1
J1311,I2042,7448.0,7451.0,green,2
J1410,I2619,9807.0,9809.0,green,2
J1410,I2651,9909.0,9915.0,green,2
J1410,I3067,11143.0,11147.0,green,2
J1513,I1700,5898.0,5905.0,green,1
J1513,I2436,9106.0,9115.0,green,1
J372,I605,1526.0,1534.0,green,1
J372,I2079,7617.0,7630.0,green,5
J969,I1090,3232.0,3235.0,green,1
J969,I1314,4156.0,4160.0,green,1
J152,I352,780.0,781.0,brown,1
J152,I480,1135.0,1140.0,brown,5
J893,I1585,5388.0,5395.0,brown,3
J893,I1938,7010.0,7012.0,green,1
J593,I441,1021.0,1023.0,brown,2
J593,I1210,3746.0,3750.0,green,3
J593,I2266,8431.0,8436.0,green,1
J1254,I2026,7393.0,7395.0,green,1
J1254,I2698,10053.0,10054.0,green,1
J1254,I2748,10210.0,10212.0,green,1
J149,I183,349.0,354.0,green,2
J149,I247,494.0,496.0,green,2
J149,I284,580.0,588.0,green,1
J149,I631,1635.0,1639.0,green,1
J865,I1812,6414.0,6420.0,green,2
J1273,I2040,7434.0,7439.0,green,3
J1273,I2072,7563.0,7582.0,green,2
J1833,I2612,9792.0,9794.0,green,1
J1833,I2644,9886.0,9891.0,green,1
J1833,I2963,10833.0,10836.0,brown,1
J1438,I494,1173.0,1175.0,brown,1
J1438,I2255,8361.0,8373.0,green,3
J1438,I2727,10141.0,10156.0,green,1
J319,I273,550.0,556.0,green,5
J1448,I1729,6070.0,6076.0,green,3
J1448,I2721,10116.0,10126.0,green,3
J267,I1257,3951.0,3954.0,green,2
J267,I2123,7824.0,7832.0,green,3
J127,I174,325.0,327.0,green,1
J127,I1486,4936.0,4939.0,green,1
J127,I1491,4957.0,4963.0,green,3
J150,I251,501.0,503.0,green,1
J150,I314,671.0,675.0,brown,1
J150,I346,765.0,773.0,brown,2
J150,I1307,4119.0,4122.0,green,1
J1638,I1982,7158.0,7169.0,green,3
J1831,I1721,6028.0,6036.0,green,4
J1831,I1752,6186.0,6188.0,brown,2
J265,I168,306.0,313.0,green,2
J265,I1203,3695.0,3719.0,green,1
J327,I568,1416.0,1418.0,brown,1
J327,I633,1644.0,1645.0,green,1
J327,I1081,3191.0,3199.0,green,3
J327,I1226,3834.0,3839.0,green,1
J1791,I2601,9761.0,9765.0,brown,2
J1856,I2317,8658.0,8668.0,green,3
J1856,I2476,9272.0,9278.0,brown,1
J1856,I2957,10814.0,10816.0,green,2
J1540,I1940,7013.0,7014.0,green,1
J1540,I2004,7279.0,7289.0,green,3
J999,I440,1011.0,1021.0,brown,2
J999,I2361,8828.0,8836.0,green,1
J999,I2941,10775.0,10778.0,green,2
J876,I1499,4994.0,4999.0,green,3
J1249,I1487,4939.0,4944.0,green,5
J979,I1460,4821.0,4829.0,brown,1
J979,I2925,10731.0,10735.0,green,1
J979,I3413,11923.0,11928.0,green,1
J1839,I1744,6133.0,6142.0,brown,2
J1839,I2705,10069.0,10074.0,green,2
J1839,I3249,11602.0,11603.0,green,1
J1839,I3313,11736.0,11737.0,green,1
J599,I594,1502.0,1509.0,brown,1
J599,I1107,3293.0,3304.0,green,2
J599,I2131,7868.0,7875.0,green,2
J599,I2375,8885.0,8887.0,green,1
J1368,I658,1711.0,1714.0,brown,2
J1368,I1203,3695.0,3719.0,green,2
J731,I2015,7324.0,7330.0,green,4
J731,I2847,10520.0,10523.0,green,1
J731,I3263,11634.0,11635.0,green,1
J1451,I2703,10062.0,10066.0,green,2
J1451,I2727,10141.0,10156.0,green,2
J601,I767,2076.0,2078.0,brown,1
J601,I992,2882.0,2884.0,green,2
J601,I1024,2974.0,2981.0,brown,1
J439,I1717,6014.0,6019.0,green,1
J439,I1813,6420.0,6422.0,green,2
J439,I2135,7895.0,7898.0,green,2
J439,I2441,9129.0,9140.0,green,1
J347,I429,980.0,987.0,brown,6
J491,I244,479.0,485.0,green,6
J1226,I1110,3312.0,3321.0,green,5
J1971,I2874,10589.0,10596.0,green,1
J1971,I3066,11137.0,11143.0,green,2
J1971,I3226,11533.0,11536.0,green,1
J1947,I2735,10168.0,10171.0,green,1
J1947,I2767,10263.0,10265.0,green,2
J1947,I2831,10467.0,10474.0,green,1
J1947,I2959,10822.0,10826.0,green,2
J300,I1202,3686.0,3695.0,green,1
J729,I1534,5162.0,5165.0,green,2
J729,I2910,10690.0,10691.0,green,1
J395,I334,722.0,731.0,brown,4
J395,I2127,7840.0,7842.0,green,2
J971,I1519,5079.0,5094.0,green,1
J688,I2000,7252.0,7261.0,green,1
J688,I2080,7630.0,7640.0,green,5
J1392,I719,1901.0,1909.0,brown,2
J1392,I1296,4079.0,4080.0,green,1
J1392,I2304,8586.0,8595.0,green,3
J130,I185,355.0,356.0,green,1
J130,I217,420.0,421.0,green,1
J130,I265,535.0,540.0,green,1
J130,I297,620.0,627.0,green,3
J1056,I1415,4656.0,4657.0,green,1
J1056,I1671,5776.0,5793.0,green,3
J1375,I2009,7301.0,7303.0,green,2
J1375,I2041,7439.0,7448.0,green,1
J1375,I2073,7582.0,7589.0,green,1
J1375,I2169,8022.0,8026.0,green,1
J531,I1467,4856.0,4859.0,green,1
J531,I1563,5311.0,5322.0,green,1
J531,I1819,6461.0,6478.0,green,3
J1386,I2149,7932.0,7937.0,green,3
J1386,I2229,8241.0,8243.0,green,1
J1386,I2269,8453.0,8463.0,green,1
J112,I2103,7748.0,7751.0,green,2
J112,I2647,9893.0,9898.0,green,1
J112,I2839,10495.0,10496.0,green,1
J1920,I2242,8292.0,8293.0,green,1
J1920,I2434,9103.0,9105.0,green,2
J1920,I2467,9231.0,9236.0,brown,2
J1920,I3234,11556.0,11560.0,green,1
J1164,I2084,7652.0,7662.0,green,1
J1164,I2268,8438.0,8453.0,green,2
J1504,I859,2379.0,2386.0,brown,2
J1504,I2684,10003.0,10006.0,green,1
J492,I728,1935.0,1936.0,brown,1
J492,I760,2056.0,2060.0,brown,2
J492,I2011,7307.0,7308.0,green,1
J1205,I497,1178.0,1182.0,brown,2
J1205,I529,1275.0,1276.0,brown,1
J1205,I1778,6288.0,6294.0,green,1
J1205,I2610,9790.0,9791.0,green,1
J418,I903,2542.0,2548.0,green,2
J1743,I2547,9581.0,9584.0,green,2
J1743,I2739,10183.0,10185.0,green,2
J1743,I3091,11224.0,11226.0,green,1
J1743,I3379,11863.0,11864.0,green,1
J1086,I1270,3995.0,4001.0,brown,5
J1086,I1750,6173.0,6179.0,brown,1
J457,I596,1511.0,1513.0,brown,1
J457,I629,1630.0,1634.0,green,1
J457,I1557,5291.0,5297.0,green,2
J457,I2036,7423.0,7426.0,brown,1
J1575,I556,1377.0,1379.0,brown,1
J1575,I2221,8215.0,8220.0,green,1
J1575,I2733,10165.0,10166.0,green,1
J1575,I2749,10212.0,10213.0,green,1
J789,I1184,3603.0,3607.0,green,2
J789,I2016,7330.0,7336.0,green,1
J789,I2072,7563.0,7582.0,green,3
J548,I1082,3199.0,3205.0,green,2
J548,I1530,5142.0,5146.0,green,4
J378,I293,609.0,611.0,green,2
J1927,I1605,5477.0,5483.0,brown,1
J1927,I2950,10800.0,10801.0,green,1
J1927,I3366,11839.0,11840.0,green,1
J1927,I3398,11898.0,11899.0,green,1
J472,I1003,2919.0,2924.0,green,3
J552,I1073,3140.0,3144.0,green,3
J552,I1456,4800.0,4810.0,brown,1
J100,I15,21.0,22.0,green,1
J100,I71,104.0,105.0,green,1
J100,I103,159.0,162.0,green,1
J100,I135,234.0,235.0,green,1
J100,I199,384.0,386.0,green,1
J691,I1693,5872.0,5877.0,green,1
J691,I1709,5973.0,5983.0,green,2
J1196,I1430,4697.0,4707.0,green,2
J1196,I2742,10192.0,10201.0,green,2
J1984,I3387,11877.0,11880.0,green,1
J1984,I3415,11929.0,11930.0,green,1
J1984,I3419,11938.0,11939.0,green,1
J1984,I3423,11944.0,11945.0,green,1
J1412,I2255,8361.0,8373.0,green,2
J1412,I2543,9555.0,9556.0,green,1
J1412,I2831,10467.0,10474.0,green,1
J974,I1446,4754.0,4762.0,brown,1
J974,I1974,7137.0,7138.0,brown,1
J974,I2038,7430.0,7433.0,brown,3
J974,I2429,9088.0,9091.0,green,1
J1426,I1295,4077.0,4079.0,green,1
J1426,I2439,9120.0,9128.0,green,2
J1426,I2607,9781.0,9783.0,green,1
J1511,I1945,7029.0,7036.0,brown,4
J1006,I1610,5494.0,5501.0,brown,3
J1006,I2059,7526.0,7531.0,green,1
J122,I1707,5953.0,5958.0,green,1
J122,I2219,8193.0,8210.0,green,3
J122,I2651,9909.0,9915.0,green,1
J502,I856,2370.0,2376.0,brown,1
J502,I1529,5137.0,5142.0,green,1
J502,I2521,9432.0,9435.0,green,2
J502,I2841,10497.0,10499.0,green,1
J885,I1604,5472.0,5477.0,brown,2
J885,I1661,5739.0,5744.0,green,2
J885,I2813,10412.0,10421.0,green,2
J125,I449,1047.0,1051.0,brown,1
J125,I1538,5181.0,5188.0,green,3
J1614,I2346,8774.0,8775.0,brown,1
J1614,I2474,9267.0,9271.0,brown,4
J1614,I2635,9864.0,9866.0,green,1
J1344,I2283,8501.0,8502.0,brown,1
J1344,I2315,8651.0,8653.0,brown,2
J186,I433,995.0,999.0,brown,1
J186,I465,1098.0,1105.0,brown,2
J1774,I2125,7834.0,7837.0,green,2
J648,I680,1768.0,1774.0,green,1
J648,I1000,2912.0,2915.0,green,2
J648,I1128,3394.0,3399.0,green,1
J89,I325,704.0,705.0,brown,1
J89,I485,1149.0,1155.0,brown,3
J12,I14,20.0,21.0,green,1
J12,I110,172.0,181.0,green,2
J12,I1226,3834.0,3839.0,green,1
J1678,I2548,9584.0,9591.0,green,5
J1678,I2836,10486.0,10488.0,green,1
J421,I346,765.0,773.0,brown,1
J421,I1115,3337.0,3339.0,green,1
J421,I1211,3750.0,3757.0,green,1
J1457,I336,735.0,740.0,brown,1
J1457,I720,1909.0,1911.0,brown,1
J295,I289,595.0,598.0,green,3
J590,I1177,3560.0,3567.0,brown,2
J590,I2538,9537.0,9543.0,green,1
J18,I117,194.0,203.0,green,1
J18,I340,748.0,750.0,brown,1
J1380,I1397,4554.0,4578.0,brown,2
J726,I1680,5823.0,5829.0,green,1
J726,I1712,5995.0,5997.0,green,2
J726,I2304,8586.0,8595.0,green,2
J1525,I2059,7526.0,7531.0,green,1
J1525,I2219,8193.0,8210.0,green,2
J1484,I2280,8483.0,8492.0,brown,3
J1484,I3081,11188.0,11196.0,green,1
J910,I1220,3793.0,3816.0,green,3
J910,I1347,4305.0,4317.0,brown,1
J910,I1668,5773.0,5774.0,green,1
J1940,I3300,11709.0,11710.0,green,1
J1940,I3316,11740.0,11744.0,green,1
J1940,I3332,11773.0,11774.0,green,1
J1940,I3364,11836.0,11838.0,green,2
J500,I1773,6271.0,6275.0,green,1
J500,I2077,7607.0,7609.0,green,2
J500,I2085,7662.0,7664.0,green,1
J34,I41,59.0,60.0,green,1
J34,I73,106.0,108.0,green,2
J1625,I3228,11537.0,11538.0,green,1
J1625,I3264,11635.0,11636.0,green,1
J1625,I3276,11661.0,11666.0,green,2
J1625,I3308,11724.0,11726.0,green,2
J1150,I2532,9477.0,9507.0,green,4
J1185,I1673,5794.0,5800.0,green,3
J1185,I2761,10252.0,10255.0,green,1
J1315,I2570,9685.0,9689.0,green,1
J473,I1033,3013.0,3014.0,green,1
J473,I1129,3399.0,3401.0,green,1
J473,I1353,4339.0,4342.0,green,2
J1690,I1857,6682.0,6686.0,green,4
J1690,I2017,7336.0,7338.0,green,2
J311,I484,1146.0,1149.0,brown,1
J311,I997,2899.0,2902.0,green,1
J311,I1205,3721.0,3732.0,green,2
J91,I1369,4411.0,4423.0,green,5
J91,I2104,7751.0,7757.0,green,1
J1805,I1544,5212.0,5219.0,green,4
J714,I1189,3628.0,3633.0,green,1
J714,I1348,4317.0,4326.0,brown,1
J714,I1444,4743.0,4751.0,brown,2
J1186,I1948,7043.0,7046.0,brown,1
J1186,I2125,7834.0,7837.0,green,1
J1832,I1345,4288.0,4298.0,brown,1
J1832,I2018,7338.0,7355.0,green,2
J1832,I2930,10750.0,10754.0,green,2
J474,I877,2437.0,2444.0,brown,4
J1838,I1383,4493.0,4498.0,brown,3
J1838,I1544,5212.0,5219.0,green,1
J310,I1528,5135.0,5137.0,green,2
J310,I1656,5719.0,5725.0,green,1
J591,I700,1828.0,1842.0,green,2
J591,I1226,3834.0,3839.0,green,2
J1717,I528,1272.0,1275.0,brown,3
J1717,I2833,10475.0,10476.0,green,1
J1717,I2873,10586.0,10589.0,green,1
J1717,I2929,10749.0,10750.0,green,1
J1863,I2753,10220.0,10225.0,green,2
J1863,I2881,10609.0,10610.0,green,1
J309,I1286,4030.0,4040.0,green,1
J309,I2374,8878.0,8885.0,green,5
J1286,I1592,5426.0,5432.0,brown,1
J1286,I1625,5585.0,5588.0,green,2
J1917,I2256,8373.0,8377.0,green,1
J1917,I2287,8510.0,8525.0,brown,4
J1917,I2896,10652.0,10654.0,green,1
J890,I1815,6423.0,6435.0,green,2
J890,I2711,10082.0,10083.0,green,1
J1836,I2914,10701.0,10702.0,green,1
J1836,I3074,11163.0,11169.0,green,4
J527,I532,1282.0,1286.0,brown,1
J527,I596,1511.0,1513.0,brown,1
J527,I1109,3307.0,3312.0,green,1
J527,I1205,3721.0,3732.0,green,1
J527,I2231,8254.0,8256.0,green,2
J1260,I1515,5063.0,5067.0,green,3
J1260,I2219,8193.0,8210.0,green,1
J452,I774,2100.0,2108.0,brown,1
J452,I1991,7194.0,7197.0,green,2
J1767,I1602,5462.0,5468.0,brown,1
J1767,I2179,8051.0,8064.0,green,1
J482,I632,1639.0,1644.0,green,3
J482,I663,1721.0,1723.0,brown,1
J482,I696,1813.0,1822.0,green,1
J870,I1353,4339.0,4342.0,green,1
J870,I2173,8035.0,8041.0,green,1
J283,I902,2539.0,2542.0,green,2
J283,I998,2902.0,2911.0,green,3
J283,I1203,3695.0,3719.0,green,1
J407,I499,1183.0,1185.0,brown,1
J407,I3348,11807.0,11808.0,green,1
J1850,I2268,8438.0,8453.0,green,2
J1850,I3396,11893.0,11897.0,green,2
J1427,I2175,8042.0,8044.0,green,1
J391,I516,1247.0,1250.0,brown,1
J391,I581,1458.0,1461.0,green,3
J391,I1145,3456.0,3457.0,green,1
J1497,I2911,10691.0,10694.0,green,2
J505,I187,357.0,358.0,green,1
J505,I347,773.0,774.0,brown,1
J505,I443,1028.0,1030.0,brown,2
J725,I1291,4061.0,4069.0,green,5
J725,I1771,6261.0,6267.0,green,1
J174,I160,294.0,298.0,green,3
J174,I224,437.0,438.0,green,1
J174,I416,945.0,948.0,green,1
J174,I672,1747.0,1751.0,brown,1
J328,I2747,10207.0,10210.0,green,2
J328,I2843,10504.0,10507.0,green,1
J1192,I1796,6356.0,6360.0,brown,2
J1192,I2245,8298.0,8311.0,green,2
J364,I579,1452.0,1457.0,green,3
J468,I664,1723.0,1726.0,brown,3
J468,I2621,9813.0,9815.0,green,2
J337,I410,928.0,929.0,green,1
J337,I1210,3746.0,3750.0,green,1
J337,I1706,5941.0,5953.0,green,4
J25,I99,147.0,156.0,green,1
J25,I189,359.0,360.0,green,1
J25,I221,432.0,434.0,green,1
J941,I1853,6657.0,6663.0,green,1
J941,I2013,7320.0,7323.0,green,2
J941,I2813,10412.0,10421.0,green,3
J1151,I1780,6295.0,6304.0,green,5
J1151,I1812,6414.0,6420.0,green,1
J565,I689,1793.0,1794.0,green,1
J565,I1009,2931.0,2935.0,green,2
J164,I1357,4353.0,4362.0,green,2
J164,I1517,5068.0,5074.0,green,3
J164,I1677,5809.0,5821.0,green,1
J582,I435,1002.0,1004.0,brown,1
J582,I499,1183.0,1185.0,brown,1
J582,I1204,3719.0,3721.0,green,1
J582,I1300,4100.0,4105.0,green,1
J582,I1364,4386.0,4393.0,green,1
J582,I1698,5892.0,5897.0,green,1
J1369,I1305,4116.0,4118.0,green,2
J1369,I1369,4411.0,4423.0,green,2
J1755,I3333,11774.0,11777.0,green,1
J302,I203,391.0,394.0,green,1
J203,I618,1567.0,1581.0,green,2
J203,I1066,3119.0,3126.0,green,3
J1008,I1512,5052.0,5058.0,green,3
J1008,I2056,7510.0,7511.0,green,1
J1008,I2696,10043.0,10051.0,green,1
J834,I1216,3770.0,3775.0,green,2
J684,I1327,4200.0,4214.0,brown,1
J684,I1984,7177.0,7178.0,green,1
J684,I2240,8281.0,8290.0,green,2
J684,I2368,8856.0,8861.0,green,2
J519,I0,0.0,1.0,green,1
J519,I32,44.0,45.0,green,1
J519,I1536,5170.0,5180.0,green,1
J1471,I2525,9449.0,9463.0,green,2
J891,I879,2446.0,2448.0,brown,2
J1944,I1803,6383.0,6387.0,brown,2
J1944,I3276,11661.0,11666.0,green,2
J620,I1046,3053.0,3059.0,green,6
J550,I235,458.0,459.0,brown,1
J550,I587,1480.0,1491.0,brown,1
J550,I1708,5958.0,5973.0,green,1
J550,I2532,9477.0,9507.0,green,2
J1376,I1581,5372.0,5373.0,brown,1
J1376,I2126,7837.0,7840.0,green,2
J1376,I2382,8907.0,8918.0,green,1
J1320,I1036,3023.0,3029.0,green,3
J1320,I1387,4511.0,4518.0,brown,1
J1320,I1724,6040.0,6044.0,green,2
J455,I1135,3416.0,3425.0,green,1
J794,I1454,4795.0,4799.0,brown,1
J794,I2703,10062.0,10066.0,green,1
J794,I2735,10168.0,10171.0,green,1
J794,I2895,10651.0,10652.0,green,1
J794,I2927,10747.0,10748.0,green,1
J794,I2959,10822.0,10826.0,green,1
J640,I1044,3049.0,3050.0,green,1
J640,I1076,3156.0,3161.0,green,3
J811,I1703,5911.0,5931.0,green,2
J1725,I1805,6388.0,6389.0,brown,1
J1725,I1965,7118.0,7120.0,brown,2
J1725,I3246,11591.0,11600.0,green,1
J1660,I2236,8266.0,8271.0,green,1
J1709,I2376,8887.0,8890.0,green,1
J1709,I2808,10393.0,10400.0,green,2
J1709,I2904,10679.0,10682.0,green,3
J867,I1469,4868.0,4875.0,green,1
J867,I2013,7320.0,7323.0,green,1
J867,I2653,9916.0,9921.0,green,1
J867,I2717,10090.0,10094.0,green,3
J1911,I1817,6442.0,6456.0,green,2
J1911,I2617,9803.0,9805.0,green,1
J1911,I3297,11703.0,11704.0,green,1
J816,I1371,4427.0,4436.0,green,2
J816,I1563,5311.0,5322.0,green,3
J1089,I1327,4200.0,4214.0,brown,2
J1089,I1583,5374.0,5387.0,brown,2
J1132,I1945,7029.0,7036.0,brown,3
J1132,I2010,7303.0,7307.0,green,1
J1105,I1927,6961.0,6970.0,green,2
J1105,I2439,9120.0,9128.0,green,1
J1105,I2567,9667.0,9677.0,green,2
J1700,I2367,8854.0,8856.0,green,1
J1700,I2527,9464.0,9468.0,green,2
J1700,I2655,9922.0,9932.0,green,2
J871,I611,1552.0,1556.0,green,1
J871,I1507,5025.0,5038.0,green,4
J633,I236,459.0,461.0,brown,2
J41,I20,27.0,29.0,green,1
J41,I292,602.0,609.0,green,3
J41,I323,696.0,703.0,brown,1
J728,I691,1795.0,1803.0,green,3
J728,I722,1918.0,1920.0,brown,1
J728,I1203,3695.0,3719.0,green,1
J1168,I2084,7652.0,7662.0,green,2
J276,I503,1191.0,1193.0,brown,1
J276,I632,1639.0,1644.0,green,1
J276,I1432,4708.0,4712.0,green,1
J276,I1464,4849.0,4852.0,green,1
J1125,I1587,5402.0,5412.0,brown,2
J1349,I1131,3406.0,3410.0,green,3
J1349,I2247,8321.0,8327.0,green,2
J1349,I2431,9092.0,9093.0,green,1
J1265,I1547,5240.0,5257.0,green,5
J1003,I1527,5124.0,5135.0,green,1
J1003,I1687,5854.0,5858.0,green,3
J1003,I2007,7294.0,7299.0,green,2
J1365,I2248,8327.0,8332.0,green,1
J1365,I2376,8887.0,8890.0,green,2
J1365,I2428,9085.0,9088.0,green,1
J61,I108,169.0,170.0,green,1
J61,I284,580.0,588.0,green,4
J61,I332,714.0,716.0,brown,1
J659,I1927,6961.0,6970.0,green,1
J659,I2567,9667.0,9677.0,green,2
J176,I315,675.0,677.0,brown,1
J176,I1468,4859.0,4868.0,green,3
J1968,I3255,11616.0,11617.0,green,1
J1968,I3319,11749.0,11752.0,green,2
J1968,I3351,11813.0,11815.0,green,2
J1669,I2487,9313.0,9317.0,brown,3
J1669,I2536,9529.0,9532.0,green,2
J1669,I2940,10769.0,10775.0,green,1
J948,I788,2157.0,2164.0,brown,1
J948,I2036,7423.0,7426.0,brown,1
J948,I2964,10836.0,10839.0,brown,2
J1584,I1982,7158.0,7169.0,green,2
J1584,I3294,11695.0,11700.0,green,1
J1584,I3326,11762.0,11763.0,green,1
J1584,I3342,11790.0,11796.0,green,1
J1800,I2019,7355.0,7360.0,green,1
J1800,I2851,10529.0,10530.0,green,1
J1800,I2955,10810.0,10813.0,green,1
J1800,I3083,11199.0,11210.0,green,3
J108,I359,791.0,799.0,brown,2
J108,I2076,7591.0,7607.0,green,2
J108,I2090,7675.0,7688.0,green,1
J108,I2152,7944.0,7948.0,green,1
J1782,I674,1753.0,1754.0,brown,1
J1782,I2179,8051.0,8064.0,green,1
J1782,I2659,9940.0,9941.0,green,1
J1782,I2891,10646.0,10647.0,green,1
J329,I669,1738.0,1743.0,brown,2
J329,I733,1952.0,1968.0,brown,2
J401,I621,1591.0,1599.0,green,6
J597,I463,1092.0,1096.0,brown,2
J597,I1936,6999.0,7007.0,green,2
J597,I2064,7540.0,7542.0,green,2
J1488,I316,677.0,681.0,brown,1
J1488,I1629,5603.0,5608.0,green,3
J1488,I2605,9772.0,9778.0,green,1
J1823,I3234,11556.0,11560.0,green,1
J1532,I2260,8381.0,8385.0,brown,1
J1532,I2308,8610.0,8616.0,brown,3
J1532,I2468,9236.0,9242.0,brown,1
J1532,I2596,9752.0,9754.0,brown,1
J792,I1858,6686.0,6689.0,green,3
J792,I2690,10022.0,10026.0,green,1
J995,I1218,3779.0,3785.0,green,3
J1697,I1872,6753.0,6757.0,brown,1
J1697,I2065,7542.0,7545.0,green,3
J727,I1452,4782.0,4787.0,brown,1
J727,I1677,5809.0,5821.0,green,3
J727,I1948,7043.0,7046.0,brown,1
J371,I627,1616.0,1625.0,green,3
J1062,I1397,4554.0,4578.0,brown,1
J1062,I2102,7738.0,7748.0,green,2
J747,I310,664.0,666.0,brown,2
J747,I470,1112.0,1114.0,brown,1
J747,I2135,7895.0,7898.0,green,1
J747,I2903,10674.0,10679.0,green,1
J747,I3223,11530.0,11531.0,green,1
J1746,I2318,8668.0,8670.0,green,2
J1746,I2670,9963.0,9974.0,green,2
J387,I192,365.0,367.0,green,2
J387,I416,945.0,948.0,green,1
J92,I169,313.0,314.0,green,1
J92,I201,387.0,389.0,green,1
J92,I1417,4658.0,4667.0,green,1
J1731,I662,1720.0,1721.0,brown,1
J1731,I726,1932.0,1934.0,brown,2
J1731,I758,2047.0,2054.0,brown,1
J1731,I2903,10674.0,10679.0,green,2
J1000,I1855,6673.0,6677.0,green,1
J1000,I2239,8278.0,8281.0,green,2
J1000,I2559,9633.0,9639.0,green,1
J1481,I2010,7303.0,7307.0,green,2
J1481,I2748,10210.0,10212.0,green,1
J411,I1417,4658.0,4667.0,green,1
J1928,I2092,7693.0,7697.0,green,3
J1928,I2540,9549.0,9552.0,green,1
J1928,I3276,11661.0,11666.0,green,1
J1711,I1708,5958.0,5973.0,green,4
J1864,I1599,5454.0,5457.0,brown,3
J1864,I3103,11255.0,11257.0,brown,1
J1570,I1955,7077.0,7086.0,brown,1
J1570,I2116,7794.0,7802.0,green,2
J262,I104,162.0,163.0,green,1
J262,I136,235.0,236.0,green,1
J262,I284,580.0,588.0,green,1
J262,I616,1562.0,1566.0,green,3
J1483,I2321,8674.0,8676.0,green,1
J1483,I2417,9049.0,9055.0,green,1
J1483,I2449,9158.0,9161.0,green,3
J1483,I2513,9401.0,9404.0,brown,1
J1236,I324,703.0,704.0,brown,1
J1236,I356,787.0,789.0,brown,1
J993,I440,1011.0,1021.0,brown,1
J993,I1691,5864.0,5871.0,green,2
J228,I678,1760.0,1764.0,green,2
J1808,I1398,4578.0,4583.0,brown,1
J1808,I2007,7294.0,7299.0,green,2
J1808,I2679,9996.0,9997.0,green,1
J1808,I2871,10578.0,10583.0,green,1
J1808,I2951,10801.0,10807.0,green,1
J1776,I2761,10252.0,10255.0,green,1
J1776,I2825,10446.0,10455.0,green,5
J1694,I2265,8423.0,8431.0,brown,1
J1694,I2522,9435.0,9442.0,green,1
J1869,I2519,9430.0,9431.0,green,1
J1869,I2647,9893.0,9898.0,green,2
J566,I1022,2965.0,2971.0,brown,3
J1602,I2353,8796.0,8798.0,brown,2
J1602,I2481,9295.0,9299.0,brown,3
J723,I1062,3106.0,3108.0,green,1
J723,I2022,7367.0,7381.0,green,3
J1886,I1156,3482.0,3486.0,brown,2
J1886,I3237,11563.0,11567.0,green,1
J619,I1295,4077.0,4079.0,green,1
J259,I92,132.0,133.0,green,1
J259,I124,213.0,216.0,brown,1
J259,I220,425.0,432.0,green,4
J1223,I1601,5459.0,5462.0,brown,1
J1223,I2370,8863.0,8865.0,green,1
J1223,I3202,11477.0,11483.0,green,1
J1893,I1597,5444.0,5448.0,brown,2
J1893,I1694,5877.0,5884.0,green,1
J1893,I1789,6330.0,6334.0,brown,2
J955,I1231,3853.0,3856.0,green,3
J955,I1359,4364.0,4373.0,green,1
J955,I2255,8361.0,8373.0,green,2
J903,I1398,4578.0,4583.0,brown,3
J903,I1815,6423.0,6435.0,green,1
J903,I2167,8000.0,8004.0,green,1
J819,I1480,4916.0,4921.0,green,3
J643,I1067,3126.0,3129.0,green,2
J643,I1851,6637.0,6655.0,green,2
J643,I1995,7208.0,7210.0,green,1
J1573,I101,157.0,158.0,green,1
J1573,I133,230.0,231.0,green,1
J1573,I2437,9115.0,9118.0,green,1
J1573,I2441,9129.0,9140.0,green,1
J1764,I1460,4821.0,4829.0,brown,2
J1764,I2445,9143.0,9145.0,green,1
J1500,I1177,3560.0,3567.0,brown,2
J1500,I1626,5588.0,5590.0,green,1
J1593,I1326,4199.0,4200.0,brown,1
J1593,I1775,6279.0,6285.0,green,1
J1593,I2415,9043.0,9047.0,green,4
J1979,I3217,11519.0,11520.0,green,1
J1979,I3281,11673.0,11674.0,green,1
J1979,I3393,11888.0,11890.0,green,1
J940,I1435,4720.0,4721.0,green,1
J940,I1467,4856.0,4859.0,green,2
J940,I1691,5864.0,5871.0,green,1
J1499,I2289,8527.0,8530.0,brown,3
J1499,I2418,9055.0,9057.0,green,1
J1002,I1573,5346.0,5348.0,brown,1
J1002,I1605,5477.0,5483.0,brown,5
J1268,I766,2074.0,2076.0,brown,1
J1268,I798,2189.0,2191.0,brown,1
J1268,I2367,8854.0,8856.0,green,1
J1268,I2655,9922.0,9932.0,green,2
J1268,I2911,10691.0,10694.0,green,1
J1629,I3256,11617.0,11619.0,green,2
J1629,I3260,11622.0,11623.0,green,1
J1629,I3288,11686.0,11687.0,green,1
J1629,I3320,11752.0,11753.0,green,1
J1295,I1518,5074.0,5079.0,green,1
J1295,I1982,7158.0,7169.0,green,4
J1295,I2158,7967.0,7968.0,green,1
J196,I622,1599.0,1603.0,green,1
J196,I1006,2926.0,2928.0,green,1
J196,I1038,3030.0,3036.0,green,1
J886,I1444,4743.0,4751.0,brown,1
J886,I1604,5472.0,5477.0,brown,1
J886,I1876,6772.0,6776.0,brown,1
J886,I2087,7665.0,7671.0,green,3
J1639,I3065,11136.0,11137.0,green,1
J1639,I3081,11188.0,11196.0,green,1
J1450,I2101,7730.0,7738.0,green,3
J1450,I3069,11149.0,11151.0,green,1
J1837,I2518,9419.0,9430.0,green,3
J1837,I2614,9795.0,9798.0,green,2
J1749,I2635,9864.0,9866.0,green,1
J1749,I2731,10160.0,10164.0,green,1
J1960,I1327,4200.0,4214.0,brown,1
J1960,I3216,11518.0,11519.0,green,1
J1960,I3344,11801.0,11802.0,green,1
J1960,I3376,11855.0,11858.0,green,2
J1960,I3392,11884.0,11888.0,green,1
J1189,I1943,7022.0,7027.0,green,3
J1189,I2119,7810.0,7813.0,green,3
J132,I317,681.0,685.0,brown,2
J132,I3070,11151.0,11154.0,green,1
J1707,I589,1492.0,1493.0,brown,1
J1707,I717,1895.0,1897.0,brown,1
J1707,I2958,10816.0,10822.0,green,2
J312,I478,1131.0,1134.0,brown,2
J312,I2719,10100.0,10112.0,green,1
J1124,I1734,6095.0,6097.0,brown,1
J1124,I1927,6961.0,6970.0,green,4
J1566,I2048,7475.0,7479.0,green,1
J1566,I2080,7630.0,7640.0,green,1
J852,I1173,3545.0,3550.0,brown,1
J852,I2616,9800.0,9803.0,green,3
J852,I2634,9861.0,9864.0,green,1
J141,I339,746.0,748.0,brown,1
J141,I628,1625.0,1630.0,green,2
J535,I1510,5049.0,5050.0,green,1
J535,I2246,8311.0,8321.0,green,4
J1812,I872,2425.0,2426.0,brown,1
J1812,I1576,5355.0,5363.0,brown,1
J1812,I2825,10446.0,10455.0,green,2
J1812,I3225,11532.0,11533.0,green,1
J1628,I1710,5983.0,5985.0,green,1
J1628,I1998,7216.0,7230.0,green,4
J1628,I2750,10213.0,10214.0,green,1
J356,I628,1625.0,1630.0,green,3
J356,I692,1803.0,1806.0,green,2
J356,I1124,3381.0,3385.0,green,1
J771,I541,1306.0,1308.0,brown,2
J771,I1698,5892.0,5897.0,green,1
J649,I551,1366.0,1367.0,brown,1
J649,I775,2108.0,2113.0,brown,1
J649,I1224,3828.0,3833.0,green,1
J649,I2236,8266.0,8271.0,green,2
J553,I1179,3570.0,3582.0,brown,1
J553,I1308,4122.0,4134.0,green,3
J1184,I1676,5803.0,5809.0,green,4
J1184,I1739,6116.0,6124.0,brown,2
J685,I1185,3607.0,3611.0,green,3
J1903,I2545,9561.0,9572.0,green,5
J65,I198,380.0,384.0,green,2
J65,I1078,3166.0,3187.0,green,1
J103,I211,407.0,410.0,green,2
J103,I227,440.0,441.0,green,1
J103,I259,523.0,524.0,green,1
J422,I1082,3199.0,3205.0,green,2
J422,I1401,4588.0,4610.0,brown,1
J422,I2074,7589.0,7590.0,green,1
J422,I2362,8836.0,8837.0,green,1
J422,I2426,9077.0,9081.0,green,1
J1783,I1181,3585.0,3591.0,brown,3
J1783,I2654,9921.0,9922.0,green,1
J504,I316,677.0,681.0,brown,3
J504,I2541,9552.0,9554.0,green,2
J175,I298,627.0,633.0,green,3
J175,I1066,3119.0,3126.0,green,2
J1418,I2004,7279.0,7289.0,green,4
J1418,I2132,7875.0,7887.0,green,1
J1857,I3384,11873.0,11875.0,green,1
J1857,I3400,11900.0,11903.0,green,3
J1857,I3402,11904.0,11905.0,green,1
J353,I1074,3144.0,3150.0,green,4
J353,I1138,3428.0,3434.0,green,1
J353,I1298,4086.0,4092.0,green,1
J1522,I1501,5000.0,5012.0,green,5
J1522,I2813,10412.0,10421.0,green,1
J1338,I2134,7892.0,7895.0,green,3
J670,I1047,3059.0,3063.0,green,4
J670,I1495,4969.0,4971.0,green,2
J1360,I1402,4610.0,4613.0,brown,1
J1360,I2683,10001.0,10003.0,green,2
J1360,I2971,10867.0,10872.0,brown,1
J1360,I3291,11689.0,11693.0,green,2
J853,I246,486.0,494.0,green,3
J853,I1816,6435.0,6442.0,green,2
J1340,I1671,5776.0,5793.0,green,5
J1545,I447,1041.0,1044.0,brown,3
J1545,I2944,10780.0,10786.0,green,3
J577,I280,573.0,575.0,green,1
J577,I343,758.0,761.0,brown,1
J577,I471,1114.0,1117.0,brown,2
J577,I1624,5582.0,5585.0,green,2
J1921,I3059,11120.0,11121.0,green,1
J1921,I3091,11224.0,11226.0,green,1
J1921,I3291,11689.0,11693.0,green,1
J1921,I3307,11723.0,11724.0,green,1
J1921,I3355,11821.0,11822.0,green,1
J1264,I1459,4820.0,4821.0,brown,1
J1264,I1747,6159.0,6163.0,brown,3
J1264,I2548,9584.0,9591.0,green,2
J1703,I2561,9643.0,9651.0,green,1
J1703,I2657,9935.0,9936.0,green,1
J1703,I2721,10116.0,10126.0,green,2
J1703,I2737,10175.0,10177.0,green,1
J1703,I2813,10412.0,10421.0,green,1
J1806,I2308,8610.0,8616.0,brown,3
J1806,I2468,9236.0,9242.0,brown,1
J1806,I3333,11774.0,11777.0,green,1
J1806,I3365,11838.0,11839.0,green,1
J1495,I3257,11619.0,11620.0,green,1
J1495,I3369,11842.0,11844.0,green,1
J1495,I3417,11935.0,11936.0,green,1
J1618,I1401,4588.0,4610.0,brown,3
J1618,I1786,6324.0,6326.0,green,2
J517,I1823,6483.0,6488.0,green,2
J517,I2303,8583.0,8586.0,green,2
J517,I2663,9950.0,9951.0,green,1
J761,I1498,4987.0,4994.0,green,2
J761,I2378,8895.0,8902.0,green,2
J761,I2538,9537.0,9543.0,green,1
J748,I2742,10192.0,10201.0,green,1
J748,I2774,10283.0,10288.0,green,2
J748,I2934,10759.0,10761.0,green,1
J258,I1030,3001.0,3003.0,green,1
J258,I2168,8004.0,8022.0,green,3
J373,I657,1708.0,1711.0,brown,2
J1969,I2111,7774.0,7782.0,green,1
J1969,I2879,10607.0,10608.0,green,1
J1969,I3327,11763.0,11764.0,green,1
J1969,I3343,11796.0,11801.0,green,1
J1969,I3391,11883.0,11884.0,green,1
J1871,I1586,5395.0,5402.0,brown,5
J1871,I2611,9791.0,9792.0,green,1
J681,I179,337.0,344.0,green,3
J681,I211,407.0,410.0,green,1
J1848,I1711,5985.0,5995.0,green,3
J1848,I2159,7968.0,7970.0,green,1
J1848,I3079,11185.0,11187.0,green,2
J377,I1299,4092.0,4100.0,green,4
J1905,I2818,10431.0,10432.0,green,1
J1905,I3074,11163.0,11169.0,green,2
J1905,I3202,11477.0,11483.0,green,1
J1905,I3234,11556.0,11560.0,green,1
J1269,I579,1452.0,1457.0,green,2
J1476,I2842,10499.0,10504.0,green,3
J646,I733,1952.0,1968.0,brown,3
J646,I2366,8852.0,8854.0,green,1
J646,I2430,9091.0,9092.0,green,1
J405,I452,1053.0,1060.0,brown,1
J405,I2629,9848.0,9854.0,green,1
J405,I2725,10135.0,10138.0,green,3
J405,I2821,10434.0,10437.0,green,1
J23,I144,249.0,251.0,green,2
J1907,I2084,7652.0,7662.0,green,1
J1907,I2148,7931.0,7932.0,green,1
J1907,I2532,9477.0,9507.0,green,2
J1811,I2906,10683.0,10686.0,green,3
J1811,I2938,10765.0,10766.0,green,1
J250,I81,119.0,121.0,green,2
J250,I177,329.0,334.0,green,2
J250,I1137,3426.0,3428.0,green,1
J250,I1139,3434.0,3443.0,green,1
J927,I1252,3938.0,3943.0,green,3
J927,I2564,9654.0,9660.0,green,1
J1136,I317,681.0,685.0,brown,1
J1136,I733,1952.0,1968.0,brown,2
J394,I1038,3030.0,3036.0,green,1
J1659,I2522,9435.0,9442.0,green,6
J1931,I348,774.0,776.0,brown,2
J1931,I3261,11623.0,11630.0,green,1
J1931,I3278,11668.0,11669.0,green,1
J554,I473,1119.0,1123.0,brown,3
J554,I1498,4987.0,4994.0,green,1
J1972,I1022,2965.0,2971.0,brown,3
J460,I121,208.0,209.0,green,1
J460,I153,271.0,279.0,green,1
J460,I233,452.0,455.0,brown,1
J711,I801,2209.0,2215.0,brown,1
J711,I994,2888.0,2890.0,green,1
J711,I1506,5023.0,5025.0,green,1
J1937,I1160,3495.0,3497.0,brown,1
J1937,I2953,10808.0,10809.0,green,1
J1011,I1774,6275.0,6279.0,green,2
J1011,I2254,8358.0,8361.0,green,2
J1011,I2814,10421.0,10422.0,green,1
J1011,I2878,10605.0,10607.0,green,1
J892,I1175,3551.0,3552.0,brown,1
J892,I1619,5558.0,5570.0,green,2
J892,I1656,5719.0,5725.0,green,1
J1491,I323,696.0,703.0,brown,2
J1491,I2532,9477.0,9507.0,green,1
J1491,I2564,9654.0,9660.0,green,1
J93,I1191,3636.0,3642.0,green,3
J93,I2055,7498.0,7510.0,green,3
J779,I1347,4305.0,4317.0,brown,1
J779,I1540,5189.0,5201.0,green,1
J779,I1700,5898.0,5905.0,green,1
J779,I2244,8294.0,8298.0,green,1
J1929,I2305,8595.0,8602.0,green,1
J1929,I2496,9346.0,9350.0,brown,1
J1929,I2913,10696.0,10701.0,green,1
J1425,I2018,7338.0,7355.0,green,3
J1902,I2944,10780.0,10786.0,green,1
J1902,I3378,11861.0,11863.0,green,1
J1902,I3380,11864.0,11866.0,green,2
J1885,I2824,10445.0,10446.0,green,1
J1885,I2920,10715.0,10717.0,green,2
J1885,I2969,10857.0,10860.0,brown,1
J1885,I3064,11135.0,11136.0,green,1
J443,I624,1606.0,1608.0,green,2
J443,I1008,2930.0,2931.0,green,1
J443,I1124,3381.0,3385.0,green,3
J8,I3,3.0,4.0,green,1
J8,I23,31.0,34.0,green,1
J8,I99,147.0,156.0,green,1
J8,I323,696.0,703.0,brown,2
J509,I198,380.0,384.0,green,2
J509,I2022,7367.0,7381.0,green,4
J428,I2926,10735.0,10747.0,green,6
J715,I1306,4118.0,4119.0,green,1
J715,I1498,4987.0,4994.0,green,1
J1389,I1132,3410.0,3412.0,green,1
J1389,I1292,4069.0,4071.0,green,2
J1389,I1356,4352.0,4353.0,green,1
J1663,I2691,10026.0,10027.0,green,1
J1663,I2723,10130.0,10134.0,green,2
J1843,I2262,8390.0,8391.0,brown,1
J1843,I2486,9312.0,9313.0,brown,1
J1843,I2966,10842.0,10845.0,brown,1
J1843,I3030,11040.0,11042.0,brown,2
J589,I813,2243.0,2247.0,brown,2
J589,I877,2437.0,2444.0,brown,1
J589,I2862,10555.0,10559.0,green,1
J589,I2958,10816.0,10822.0,green,2
J1145,I1203,3695.0,3719.0,green,5
J299,I2130,7854.0,7868.0,green,3
J742,I1300,4100.0,4105.0,green,3
J742,I1684,5843.0,5845.0,green,2
J742,I2420,9061.0,9065.0,green,1
J51,I154,279.0,280.0,green,1
J51,I186,356.0,357.0,green,1
J51,I218,421.0,424.0,green,3
J51,I250,499.0,501.0,green,1
J1175,I1141,3444.0,3448.0,green,4
J831,I1098,3263.0,3269.0,green,5
J564,I3245,11588.0,11591.0,green,2
J564,I3341,11786.0,11790.0,green,2
J1173,I1675,5801.0,5803.0,green,1
J1173,I2699,10054.0,10056.0,green,1
J1900,I2446,9145.0,9154.0,green,1
J1900,I3342,11790.0,11796.0,green,2
J1900,I3409,11915.0,11920.0,green,1
J1435,I2274,8471.0,8474.0,brown,2
J1435,I2435,9105.0,9106.0,green,1
J1435,I2523,9442.0,9448.0,green,2
J676,I1201,3682.0,3686.0,green,4
J676,I1681,5829.0,5836.0,green,2
J1589,I1735,6097.0,6103.0,brown,2
J1589,I1864,6700.0,6715.0,green,2
J675,I434,999.0,1002.0,brown,2
J675,I1139,3434.0,3443.0,green,1
J675,I2819,10432.0,10433.0,green,1
J668,I1078,3166.0,3187.0,green,2
J1715,I1800,6374.0,6376.0,brown,1
J1715,I1865,6715.0,6719.0,green,4
J1485,I1126,3387.0,3390.0,green,1
J1485,I1414,4651.0,4656.0,green,2
J1485,I2022,7367.0,7381.0,green,2
J42,I290,598.0,599.0,green,1
J42,I322,693.0,696.0,brown,1
J42,I1250,3933.0,3934.0,green,1
J5,I1709,5973.0,5983.0,green,2
J5,I2045,7467.0,7471.0,green,3
J5,I2317,8658.0,8668.0,green,1
J757,I986,2853.0,2860.0,green,1
J757,I1082,3199.0,3205.0,green,1
J757,I1146,3457.0,3464.0,green,3
J918,I1727,6058.0,6063.0,green,2
J918,I1758,6212.0,6216.0,brown,3
J483,I769,2083.0,2089.0,brown,4
J483,I2930,10750.0,10754.0,green,2
J521,I1171,3530.0,3544.0,brown,6
J124,I114,189.0,192.0,green,3
J124,I146,255.0,256.0,green,1
J124,I178,334.0,337.0,green,2
J907,I2059,7526.0,7531.0,green,1
J907,I2167,8000.0,8004.0,green,1
J75,I181,346.0,348.0,green,2
J75,I213,413.0,415.0,green,2
J75,I438,1007.0,1009.0,brown,1
J1156,I1598,5448.0,5454.0,brown,3
J708,I620,1584.0,1591.0,green,4
J708,I684,1785.0,1786.0,green,1
J342,I1059,3102.0,3103.0,green,1
J342,I1475,4895.0,4896.0,green,1
J342,I1507,5025.0,5038.0,green,2
J1684,I320,690.0,692.0,brown,1
J1684,I448,1044.0,1047.0,brown,2
J1684,I512,1225.0,1226.0,brown,1
J1684,I544,1317.0,1319.0,brown,1
J1684,I2745,10205.0,10206.0,green,1
J1710,I2762,10255.0,10256.0,green,1
J1710,I2858,10542.0,10548.0,green,1
J1710,I3058,11113.0,11120.0,green,4
J424,I413,933.0,937.0,green,1
J424,I1117,3345.0,3348.0,green,2
J424,I2045,7467.0,7471.0,green,1
J424,I2063,7538.0,7540.0,green,1
J584,I1087,3216.0,3227.0,green,3
J584,I1150,3470.0,3471.0,brown,1
J584,I1695,5884.0,5886.0,green,2
J1714,I2305,8595.0,8602.0,green,1
J1714,I2561,9643.0,9651.0,green,3
J226,I433,995.0,999.0,brown,3
J226,I3314,11737.0,11738.0,green,1
J226,I3346,11803.0,11805.0,green,2
J1675,I2496,9346.0,9350.0,brown,3
J1675,I2705,10069.0,10074.0,green,1
J1017,I500,1185.0,1186.0,brown,1
J1017,I1972,7127.0,7133.0,brown,1
J1017,I2301,8570.0,8573.0,green,3
J609,I1205,3721.0,3732.0,green,4
J609,I1491,4957.0,4963.0,green,2
J1932,I2416,9047.0,9049.0,green,1
J1932,I2448,9156.0,9158.0,green,2
J1932,I2480,9292.0,9295.0,brown,1
J1402,I1793,6338.0,6347.0,brown,3
J1402,I2090,7675.0,7688.0,green,1
J965,I1778,6288.0,6294.0,green,2
J1229,I1213,3760.0,3763.0,green,3
J1635,I2670,9963.0,9974.0,green,3
J315,I1081,3191.0,3199.0,green,2
J315,I1433,4712.0,4717.0,green,1
J315,I1497,4975.0,4987.0,green,1
J959,I1195,3663.0,3669.0,green,1
J959,I2552,9598.0,9616.0,green,4
J959,I2571,9689.0,9695.0,green,1
J678,I3324,11757.0,11760.0,green,1
J678,I3356,11822.0,11823.0,green,1
J678,I3372,11848.0,11849.0,green,1
J678,I3382,11871.0,11872.0,green,1
J678,I3384,11873.0,11875.0,green,1
J678,I3388,11880.0,11881.0,green,1
J256,I1314,4156.0,4160.0,green,2
J1463,I761,2060.0,2063.0,brown,1
J1463,I2746,10206.0,10207.0,green,1
J1463,I2826,10455.0,10456.0,green,1
J1463,I2922,10719.0,10720.0,green,1
J32,I25,36.0,37.0,green,1
J32,I153,271.0,279.0,green,3
J32,I2073,7582.0,7589.0,green,1
J32,I2109,7765.0,7769.0,green,1
J755,I996,2893.0,2899.0,green,4
J755,I1220,3793.0,3816.0,green,2
J1779,I2697,10051.0,10053.0,green,1
J1779,I3081,11188.0,11196.0,green,1
J1779,I3353,11818.0,11820.0,green,2
J1779,I3369,11842.0,11844.0,green,1
J1779,I3377,11858.0,11861.0,green,1
J450,I1315,4160.0,4163.0,green,1
J450,I2083,7644.0,7652.0,green,2
J450,I2759,10240.0,10245.0,green,2
J450,I2875,10596.0,10599.0,green,1
J864,I1167,3520.0,3524.0,brown,2
J864,I2800,10366.0,10368.0,green,1
J864,I2928,10748.0,10749.0,green,1
J864,I3280,11671.0,11673.0,green,2
J1723,I2485,9310.0,9312.0,brown,2
J1723,I2518,9419.0,9430.0,green,2
J1723,I2550,9594.0,9597.0,green,1
J1352,I2710,10080.0,10082.0,green,1
J1352,I2774,10283.0,10288.0,green,1
J1352,I3222,11527.0,11530.0,green,2
J1352,I3254,11614.0,11616.0,green,1
J1207,I42,60.0,61.0,green,1
J1207,I106,165.0,166.0,green,1
J1207,I331,713.0,714.0,brown,1
J1207,I459,1080.0,1083.0,brown,1
J1207,I1514,5059.0,5063.0,green,1
J1207,I2154,7959.0,7962.0,green,1
J1255,I1546,5229.0,5240.0,green,2
J1255,I1577,5363.0,5368.0,brown,3
J1317,I2245,8298.0,8311.0,green,5
J1301,I1821,6480.0,6481.0,green,1
J1301,I2143,7918.0,7923.0,green,1
J1301,I2377,8890.0,8895.0,green,2
J829,I1407,4627.0,4629.0,green,2
J829,I1439,4730.0,4733.0,green,1
J829,I1823,6483.0,6488.0,green,2
J829,I2079,7617.0,7630.0,green,1
J1442,I787,2155.0,2157.0,brown,1
J1442,I851,2342.0,2345.0,brown,1
J1442,I883,2459.0,2464.0,brown,1
J1442,I2356,8811.0,8816.0,green,2
J1442,I2644,9886.0,9891.0,green,1
J1104,I1680,5823.0,5829.0,green,1
J1104,I2272,8467.0,8469.0,green,1
J1104,I2608,9783.0,9786.0,green,1
J1104,I3076,11170.0,11182.0,green,2
J503,I1549,5259.0,5273.0,green,3
J503,I2253,8348.0,8358.0,green,1
J1490,I1750,6173.0,6179.0,brown,2
J1490,I2727,10141.0,10156.0,green,3
J36,I103,159.0,162.0,green,1
J36,I167,305.0,306.0,green,1
J36,I359,791.0,799.0,brown,2
J963,I1851,6637.0,6655.0,green,3
J485,I253,504.0,509.0,green,3
J485,I1661,5739.0,5744.0,green,1
J192,I190,360.0,364.0,green,2
J192,I765,2072.0,2074.0,brown,1
J822,I1449,4771.0,4775.0,brown,2
J822,I1482,4925.0,4926.0,green,1
J822,I1514,5059.0,5063.0,green,2
J822,I1706,5941.0,5953.0,green,1
J388,I1357,4353.0,4362.0,green,1
J388,I1677,5809.0,5821.0,green,3
J139,I431,988.0,992.0,brown,2
J139,I495,1175.0,1176.0,brown,1
J139,I1680,5823.0,5829.0,green,1
J1453,I1758,6212.0,6216.0,brown,1
J1453,I1950,7061.0,7065.0,brown,1
J1453,I2655,9922.0,9932.0,green,1
J1453,I2847,10520.0,10523.0,green,1
J516,I1021,2962.0,2965.0,green,1
J516,I1053,3074.0,3079.0,green,2
J516,I1533,5150.0,5162.0,green,1
J516,I1709,5973.0,5983.0,green,1
J1698,I2093,7697.0,7698.0,green,1
J1698,I2221,8215.0,8220.0,green,2
J569,I788,2157.0,2164.0,brown,1
J569,I1301,4105.0,4107.0,green,1
J569,I1429,4694.0,4697.0,green,3
J569,I2157,7964.0,7967.0,green,1
J1012,I1325,4197.0,4199.0,brown,1
J1012,I1389,4519.0,4523.0,brown,1
J197,I549,1357.0,1361.0,brown,2
J197,I2854,10533.0,10535.0,green,2
J197,I2886,10624.0,10626.0,green,1
J967,I1503,5015.0,5020.0,green,5
J587,I2726,10138.0,10141.0,green,1
J587,I2822,10437.0,10443.0,green,3
J1908,I530,1276.0,1278.0,brown,1
J1908,I594,1502.0,1509.0,brown,1
J1908,I1363,4384.0,4386.0,green,2
J102,I205,398.0,399.0,green,1
J102,I253,504.0,509.0,green,1
J102,I1005,2925.0,2926.0,green,1
J219,I2688,10013.0,10021.0,green,2
J1601,I1176,3552.0,3560.0,brown,1
J1601,I2137,7902.0,7906.0,green,4
J1601,I2169,8022.0,8026.0,green,1
J1834,I2738,10177.0,10183.0,green,1
J1834,I2834,10476.0,10485.0,green,1
J1834,I2961,10828.0,10829.0,brown,1
J1834,I3025,11029.0,11033.0,brown,1
J1983,I2347,8775.0,8784.0,brown,2
J1983,I3404,11908.0,11910.0,green,1
J1983,I3409,11915.0,11920.0,green,1
J542,I603,1524.0,1525.0,green,1
J542,I1051,3066.0,3072.0,green,2
J542,I1307,4119.0,4122.0,green,1
J1030,I1715,6002.0,6008.0,green,2
J1030,I2875,10596.0,10599.0,green,1
J769,I1359,4364.0,4373.0,green,4
J769,I1519,5079.0,5094.0,green,2
J1099,I1680,5823.0,5829.0,green,1
J1099,I2000,7252.0,7261.0,green,1
J1099,I2256,8373.0,8377.0,green,2
J1039,I1368,4402.0,4411.0,green,2
J1039,I2044,7453.0,7467.0,green,2
J1620,I1452,4782.0,4787.0,brown,1
J1620,I1549,5259.0,5273.0,green,1
J1620,I2925,10731.0,10735.0,green,1
J1985,I3060,11121.0,11125.0,green,4
J1985,I3092,11226.0,11235.0,green,2
J303,I403,907.0,909.0,green,1
J303,I530,1276.0,1278.0,brown,1
J303,I627,1616.0,1625.0,green,4
J946,I811,2238.0,2242.0,brown,1
J946,I2892,10647.0,10649.0,green,1
J946,I3076,11170.0,11182.0,green,1
J1993,I3328,11764.0,11765.0,green,1
J1993,I3360,11832.0,11833.0,green,1
J1993,I3392,11884.0,11888.0,green,1
J1993,I3424,11945.0,11946.0,green,1
J306,I21,29.0,30.0,green,1
J306,I341,750.0,753.0,brown,1
J306,I1317,4164.0,4179.0,green,2
J134,I587,1480.0,1491.0,brown,1
J134,I1611,5501.0,5518.0,brown,1
J134,I2268,8438.0,8453.0,green,4
J1668,I2261,8385.0,8390.0,brown,1
J1668,I2422,9067.0,9070.0,green,3
J1668,I2550,9594.0,9597.0,green,1
J1884,I878,2444.0,2446.0,brown,2
J1884,I2831,10467.0,10474.0,green,1
J1633,I786,2149.0,2155.0,brown,2
J1633,I2099,7710.0,7720.0,green,2
J499,I343,758.0,761.0,brown,1
J499,I1208,3744.0,3745.0,green,1
J499,I1368,4402.0,4411.0,green,1
J540,I1207,3733.0,3744.0,green,1
J540,I1655,5715.0,5719.0,green,1
J1119,I788,2157.0,2164.0,brown,2
J1119,I1077,3161.0,3166.0,green,2
J1119,I1972,7127.0,7133.0,brown,2
J383,I1058,3097.0,3102.0,green,1
J383,I1138,3428.0,3434.0,green,2
J1043,I1186,3611.0,3614.0,green,3
J1043,I2684,10003.0,10006.0,green,2
J1043,I2692,10027.0,10028.0,green,1
J237,I635,1653.0,1654.0,green,1
J237,I699,1826.0,1828.0,green,1
J237,I715,1891.0,1894.0,green,1
J237,I987,2860.0,2863.0,green,3
J106,I279,563.0,573.0,green,4
J106,I342,753.0,758.0,brown,1
J72,I207,400.0,401.0,green,1
J72,I239,463.0,467.0,brown,1
J72,I1359,4364.0,4373.0,green,1
J72,I1519,5079.0,5094.0,green,2
J1408,I1089,3228.0,3232.0,green,1
J823,I411,929.0,930.0,green,1
J823,I1051,3066.0,3072.0,green,1
J823,I1083,3205.0,3207.0,green,1
J823,I1523,5099.0,5100.0,green,1
J1949,I2223,8221.0,8223.0,green,1
J1949,I2350,8793.0,8794.0,brown,1
J1949,I2478,9288.0,9291.0,brown,1
J481,I1108,3304.0,3307.0,green,3
J481,I1204,3719.0,3721.0,green,1
J626,I1158,3489.0,3490.0,brown,1
J626,I1223,3826.0,3828.0,green,2
J745,I1271,4001.0,4004.0,brown,1
J745,I1335,4233.0,4247.0,brown,1
J745,I2760,10245.0,10252.0,green,1
J1821,I1700,5898.0,5905.0,green,2
J1821,I2244,8294.0,8298.0,green,1
J1821,I2532,9477.0,9507.0,green,2
J777,I1303,4108.0,4114.0,green,5
J191,I132,229.0,230.0,green,1
J191,I292,602.0,609.0,green,3
J719,I811,2238.0,2242.0,brown,1
J719,I2364,8843.0,8851.0,green,1
J719,I2380,8905.0,8906.0,green,1
J719,I2700,10056.0,10058.0,green,1
J469,I3206,11492.0,11496.0,green,3
J1393,I562,1403.0,1406.0,brown,3
J1393,I2099,7710.0,7720.0,green,1
J462,I2161,7972.0,7980.0,green,5
J423,I409,927.0,928.0,green,1
J423,I1285,4028.0,4030.0,green,1
J423,I1313,4153.0,4156.0,green,1
J642,I314,671.0,675.0,brown,3
J642,I2715,10088.0,10089.0,green,1
J642,I3067,11143.0,11147.0,green,1
J642,I3323,11756.0,11757.0,green,1
J698,I1357,4353.0,4362.0,green,2
J698,I1677,5809.0,5821.0,green,2
J1815,I2834,10476.0,10485.0,green,1
J1815,I2898,10658.0,10661.0,green,2
J1529,I342,753.0,758.0,brown,3
J1529,I2551,9597.0,9598.0,green,1
J114,I733,1952.0,1968.0,brown,1
J274,I311,666.0,669.0,brown,2
J274,I1368,4402.0,4411.0,green,1
J274,I1864,6700.0,6715.0,green,1
J123,I1191,3636.0,3642.0,green,1
J123,I1815,6423.0,6435.0,green,2
J921,I574,1436.0,1438.0,green,2
J921,I702,1845.0,1849.0,green,1
J921,I1784,6313.0,6321.0,green,2
J489,I90,130.0,131.0,green,1
J489,I122,209.0,211.0,green,2
J489,I1418,4667.0,4669.0,green,1
J22,I241,471.0,473.0,brown,2
J22,I465,1098.0,1105.0,brown,2
J847,I1595,5438.0,5441.0,brown,2
J847,I2268,8438.0,8453.0,green,3
J1950,I2622,9815.0,9816.0,green,1
J632,I1309,4134.0,4137.0,green,3
J632,I1501,5000.0,5012.0,green,1
J632,I1629,5603.0,5608.0,green,1
J1642,I1161,3497.0,3501.0,brown,1
J1642,I2890,10636.0,10646.0,green,1
J533,I607,1538.0,1540.0,green,2
J533,I703,1849.0,1856.0,green,4
J1721,I2235,8263.0,8266.0,green,3
J1721,I2491,9322.0,9328.0,brown,1
J1351,I440,1011.0,1021.0,brown,2
J1351,I1433,4712.0,4717.0,green,1
J1351,I1849,6629.0,6634.0,green,1
J1351,I2139,7907.0,7908.0,green,1
J996,I3203,11483.0,11486.0,green,2
J996,I3235,11560.0,11561.0,green,1
J996,I3267,11641.0,11643.0,green,1
J996,I3331,11769.0,11773.0,green,1
J996,I3339,11784.0,11785.0,green,1
J375,I848,2323.0,2326.0,brown,1
J375,I880,2448.0,2450.0,brown,1
J375,I1361,4374.0,4376.0,green,1
J375,I1456,4800.0,4810.0,brown,1
J375,I2361,8828.0,8836.0,green,2
J934,I175,327.0,328.0,green,1
J934,I239,463.0,467.0,brown,1
J934,I2255,8361.0,8373.0,green,3
J1357,I1348,4317.0,4326.0,brown,4
J1357,I2357,8816.0,8824.0,green,2
J752,I1200,3678.0,3682.0,green,1
J752,I1728,6063.0,6070.0,green,3
J1063,I1416,4657.0,4658.0,green,1
J1063,I1720,6024.0,6028.0,green,3
J1063,I1800,6374.0,6376.0,brown,1
J1063,I2172,8031.0,8035.0,green,1
J1373,I1938,7010.0,7012.0,green,1
J1373,I2232,8256.0,8259.0,green,3
J1373,I2370,8863.0,8865.0,green,1
J1948,I2382,8907.0,8918.0,green,1
J1948,I3214,11513.0,11515.0,green,1
J1596,I2348,8784.0,8787.0,brown,1
J1596,I2476,9272.0,9278.0,brown,2
J1596,I2484,9308.0,9310.0,brown,1
J1596,I2512,9398.0,9401.0,brown,1
J1596,I2592,9742.0,9744.0,brown,1
J743,I1417,4658.0,4667.0,green,2
J743,I2057,7511.0,7524.0,green,1
J743,I2073,7582.0,7589.0,green,1
J1551,I1180,3582.0,3585.0,brown,2
J1551,I1756,6200.0,6206.0,brown,2
J1551,I1981,7153.0,7158.0,green,1
J1547,I1444,4743.0,4751.0,brown,1
J1547,I1509,5043.0,5049.0,green,1
J1547,I2269,8453.0,8463.0,green,3
J430,I606,1534.0,1538.0,green,3
J430,I702,1845.0,1849.0,green,1
J430,I1226,3834.0,3839.0,green,1
J628,I1036,3023.0,3029.0,green,1
J628,I1068,3129.0,3132.0,green,2
J628,I1323,4190.0,4195.0,brown,1
J805,I1032,3008.0,3013.0,green,4
J1458,I770,2089.0,2093.0,brown,3
J1458,I2019,7355.0,7360.0,green,3
J1048,I1102,3277.0,3278.0,green,1
J1048,I1198,3675.0,3677.0,green,2
J1048,I1486,4936.0,4939.0,green,1
J1048,I1854,6663.0,6673.0,green,2
J1291,I1811,6412.0,6414.0,green,1
J1291,I1874,6766.0,6767.0,brown,1
J1291,I1939,7012.0,7013.0,green,1
J1291,I2099,7710.0,7720.0,green,1
J636,I849,2326.0,2338.0,brown,1
J636,I2898,10658.0,10661.0,green,1
J636,I3250,11603.0,11607.0,green,1
J1745,I2219,8193.0,8210.0,green,5
J179,I415,941.0,945.0,green,1
J179,I542,1308.0,1316.0,brown,1
J179,I575,1438.0,1447.0,green,1
J179,I1207,3733.0,3744.0,green,2
J1379,I1525,5112.0,5118.0,green,1
J1379,I1972,7127.0,7133.0,brown,3
J1379,I2552,9598.0,9616.0,green,1
J352,I449,1047.0,1051.0,brown,1
J352,I1474,4894.0,4895.0,green,1
J1818,I3230,11540.0,11542.0,green,2
J1818,I3262,11630.0,11634.0,green,2
J1818,I3358,11829.0,11831.0,green,2
J1799,I2025,7391.0,7393.0,green,1
J1799,I2280,8483.0,8492.0,brown,2
J1799,I2377,8890.0,8895.0,green,1
J1799,I2761,10252.0,10255.0,green,1
J57,I28,39.0,40.0,green,1
J57,I444,1030.0,1038.0,brown,1
J57,I1628,5596.0,5603.0,green,1
J1193,I1593,5432.0,5436.0,brown,4
J1193,I2168,8004.0,8022.0,green,2
J1883,I2314,8648.0,8651.0,brown,2
J446,I1703,5911.0,5931.0,green,2
J446,I1767,6253.0,6256.0,green,1
J1433,I721,1911.0,1918.0,brown,2
J1433,I1138,3428.0,3434.0,green,1
J1433,I2002,7265.0,7270.0,green,2
J775,I1255,3949.0,3950.0,green,1
J775,I1383,4493.0,4498.0,brown,1
J775,I1479,4904.0,4916.0,green,2
J775,I1703,5911.0,5931.0,green,2
J1841,I1696,5886.0,5888.0,green,1
J1841,I1759,6216.0,6223.0,brown,4
J1157,I1817,6442.0,6456.0,green,3
J1157,I2649,9901.0,9906.0,green,2
J680,I1040,3044.0,3046.0,green,1
J680,I1327,4200.0,4214.0,brown,1
J1321,I2774,10283.0,10288.0,green,1
J1321,I2806,10385.0,10386.0,green,1
J1321,I2878,10605.0,10607.0,green,1
J1321,I2902,10671.0,10674.0,green,1
J1321,I2918,10710.0,10713.0,green,1
J1946,I2707,10076.0,10077.0,green,1
J224,I97,143.0,145.0,green,2
J224,I161,298.0,299.0,green,1
J224,I193,367.0,370.0,green,1
J224,I225,438.0,439.0,green,1
J768,I3226,11533.0,11536.0,green,2
J768,I3258,11620.0,11621.0,green,1
J768,I3290,11688.0,11689.0,green,1
J768,I3354,11820.0,11821.0,green,1
J214,I714,1887.0,1891.0,green,2
J1594,I1173,3545.0,3550.0,brown,2
J1553,I1609,5491.0,5494.0,brown,3
J1553,I1770,6259.0,6261.0,green,1
J1553,I2090,7675.0,7688.0,green,2
J1930,I3396,11893.0,11897.0,green,1
J1930,I3412,11922.0,11923.0,green,1
J1930,I3413,11923.0,11928.0,green,2
J1930,I3416,11930.0,11935.0,green,2
J1666,I563,1406.0,1410.0,brown,2
J1666,I2676,9982.0,9985.0,green,1
J1666,I2868,10571.0,10575.0,green,2
J1666,I3092,11226.0,11235.0,green,1
J1827,I1612,5518.0,5520.0,brown,1
J1827,I1876,6772.0,6776.0,brown,1
J1827,I2877,10602.0,10605.0,green,2
J433,I271,548.0,549.0,green,1
J433,I399,901.0,904.0,green,3
J1994,I3275,11654.0,11661.0,green,2
J1994,I3363,11835.0,11836.0,green,1
J1994,I3407,11912.0,11913.0,green,1
J786,I1371,4427.0,4436.0,green,1
J263,I902,2539.0,2542.0,green,1
J263,I1526,5118.0,5124.0,green,4
J1581,I2288,8525.0,8527.0,brown,2
J1581,I2385,8925.0,8926.0,green,1
J1581,I2417,9049.0,9055.0,green,1
J1581,I2481,9295.0,9299.0,brown,1
J1581,I2513,9401.0,9404.0,brown,1
J1891,I2908,10688.0,10689.0,green,1
J1622,I2001,7261.0,7265.0,green,2
J1622,I2257,8377.0,8379.0,green,2
J1953,I2533,9507.0,9521.0,green,1
J1953,I3044,11078.0,11086.0,brown,1
J1953,I3301,11710.0,11714.0,green,2
J1134,I793,2172.0,2174.0,brown,1
J1134,I1114,3332.0,3337.0,green,3
J1134,I1401,4588.0,4610.0,brown,1
J735,I1157,3486.0,3489.0,brown,3
J735,I1445,4751.0,4754.0,brown,1
J735,I1733,6089.0,6095.0,brown,2
J476,I93,133.0,138.0,green,5
J476,I221,432.0,434.0,green,1
J294,I1211,3750.0,3757.0,green,1
J1925,I863,2405.0,2406.0,brown,1
J1925,I1023,2971.0,2974.0,brown,1
J1925,I3236,11561.0,11563.0,green,1
J1925,I3296,11702.0,11703.0,green,1
J1925,I3374,11851.0,11853.0,green,1
J718,I1119,3353.0,3368.0,green,4
J718,I1379,4465.0,4477.0,green,2
J28,I1364,4386.0,4393.0,green,1
J28,I1524,5100.0,5112.0,green,4
J1190,I1627,5590.0,5596.0,green,2
J1190,I2171,8027.0,8031.0,green,2
J1190,I2970,10860.0,10867.0,brown,2
J915,I1064,3110.0,3115.0,green,1
J915,I1864,6700.0,6715.0,green,3
J915,I2532,9477.0,9507.0,green,1
J1314,I1410,4634.0,4638.0,green,4
J211,I446,1040.0,1041.0,brown,1
J211,I575,1438.0,1447.0,green,1
J1172,I1613,5520.0,5528.0,brown,1
J1172,I2072,7563.0,7582.0,green,3
J1116,I1333,4230.0,4231.0,brown,1
J1116,I1397,4554.0,4578.0,brown,3
J1116,I1462,4832.0,4838.0,green,1
J970,I1078,3166.0,3187.0,green,1
J970,I1173,3545.0,3550.0,brown,1
J970,I2166,7998.0,8000.0,green,1
J970,I2526,9463.0,9464.0,green,1
J1469,I1463,4838.0,4849.0,green,3
J1469,I1750,6173.0,6179.0,brown,1
J1860,I3325,11760.0,11762.0,green,2
J1860,I3381,11866.0,11871.0,green,2
J1860,I3393,11888.0,11890.0,green,1
J1390,I1327,4200.0,4214.0,brown,3
J1390,I1536,5170.0,5180.0,green,1
J1390,I2240,8281.0,8290.0,green,1
J1390,I2560,9639.0,9643.0,green,1
J1938,I2574,9699.0,9700.0,green,1
J1938,I2926,10735.0,10747.0,green,1
J1938,I3246,11591.0,11600.0,green,1
J1536,I2239,8278.0,8281.0,green,1
J1536,I2623,9816.0,9817.0,green,1
J1536,I2655,9922.0,9932.0,green,2
J551,I1010,2935.0,2939.0,green,3
J551,I1024,2974.0,2981.0,brown,1
J551,I1074,3144.0,3150.0,green,2
J2,I1,1.0,2.0,green,1
J2,I5,6.0,11.0,green,1
J2,I9,15.0,16.0,green,1
J2,I33,45.0,46.0,green,1
J2,I193,367.0,370.0,green,1
J1612,I1738,6113.0,6116.0,brown,1
J1612,I2219,8193.0,8210.0,green,4
J501,I625,1608.0,1613.0,green,1
J501,I1137,3426.0,3428.0,green,1
J236,I575,1438.0,1447.0,green,1
J236,I599,1516.0,1518.0,green,2
J1562,I1935,6990.0,6999.0,green,1
J1562,I2831,10467.0,10474.0,green,2
J1956,I1583,5374.0,5387.0,brown,1
J1956,I3248,11601.0,11602.0,green,1
J1956,I3312,11734.0,11736.0,green,2
J1956,I3376,11855.0,11858.0,green,1
J1956,I3408,11913.0,11915.0,green,1
J1847,I807,2226.0,2229.0,brown,2
J1847,I2696,10043.0,10051.0,green,1
J1847,I3272,11650.0,11651.0,green,1
J1847,I3336,11780.0,11781.0,green,1
J1142,I2130,7854.0,7868.0,green,4
J1809,I3270,11648.0,11649.0,green,1
J1809,I3302,11714.0,11717.0,green,1
J1014,I1344,4276.0,4288.0,brown,3
J1240,I1928,6970.0,6976.0,green,1
J1240,I1959,7090.0,7097.0,brown,1
J1240,I2728,10156.0,10158.0,green,2
J895,I1042,3047.0,3048.0,green,1
J895,I1202,3686.0,3695.0,green,1
J286,I134,231.0,234.0,green,2
J286,I1030,3001.0,3003.0,green,1
J984,I1587,5402.0,5412.0,brown,6
J1466,I1478,4900.0,4904.0,green,2
J1466,I1573,5346.0,5348.0,brown,1
J1466,I2022,7367.0,7381.0,green,2
J216,I586,1478.0,1480.0,green,2
J216,I1290,4052.0,4061.0,green,4
J1541,I460,1083.0,1084.0,brown,1
J1541,I492,1166.0,1169.0,brown,1
J1541,I2445,9143.0,9145.0,green,1
J1541,I3261,11623.0,11630.0,green,1
J1541,I3357,11823.0,11829.0,green,2
J1370,I1594,5436.0,5438.0,brown,1
J1370,I1691,5864.0,5871.0,green,2
J1370,I2887,10626.0,10632.0,green,1
J520,I848,2323.0,2326.0,brown,2
J520,I2617,9803.0,9805.0,green,1
J520,I2673,9976.0,9979.0,green,1
J1465,I675,1754.0,1755.0,brown,1
J1465,I2532,9477.0,9507.0,green,5
J1873,I671,1745.0,1747.0,brown,1
J1873,I719,1901.0,1909.0,brown,1
J1873,I3076,11170.0,11182.0,green,3
J1704,I1975,7138.0,7140.0,brown,2
J1752,I3277,11666.0,11668.0,green,1
J1752,I3373,11849.0,11851.0,green,2
J1308,I1744,6133.0,6142.0,brown,1
J1308,I1933,6985.0,6988.0,green,2
J1308,I1964,7117.0,7118.0,brown,1
J1308,I2284,8502.0,8506.0,brown,1
J1308,I2765,10259.0,10261.0,green,1
J1807,I3212,11506.0,11511.0,green,4
J76,I150,262.0,266.0,green,4
J76,I712,1875.0,1881.0,green,1
J1178,I1166,3519.0,3520.0,brown,1
J1178,I1262,3970.0,3978.0,brown,1
J1178,I1711,5985.0,5995.0,green,1
J1178,I2255,8361.0,8373.0,green,1
J39,I95,139.0,142.0,green,3
J1383,I1737,6112.0,6113.0,brown,1
J1383,I1961,7103.0,7114.0,brown,3
J1444,I1187,3614.0,3624.0,green,5
J1444,I2552,9598.0,9616.0,green,1
J1191,I988,2863.0,2864.0,green,1
J1191,I1052,3072.0,3074.0,green,1
J1191,I1816,6435.0,6442.0,green,1
J759,I465,1098.0,1105.0,brown,1
J759,I2066,7545.0,7549.0,green,3
J759,I2386,8926.0,8930.0,green,1
J1020,I1433,4712.0,4717.0,green,3
J1241,I1757,6206.0,6212.0,brown,4
J1241,I1784,6313.0,6321.0,green,1
J1544,I2003,7270.0,7279.0,green,3
J1544,I2419,9057.0,9061.0,green,1
J46,I434,999.0,1002.0,brown,1
J46,I466,1105.0,1107.0,brown,2
J46,I498,1182.0,1183.0,brown,1
J46,I2131,7868.0,7875.0,green,1
J46,I2163,7982.0,7983.0,green,1
J962,I997,2899.0,2902.0,green,2
J962,I1619,5558.0,5570.0,green,4
J702,I1342,4263.0,4272.0,brown,4
J252,I159,293.0,294.0,green,1
J252,I479,1134.0,1135.0,brown,1
J252,I559,1386.0,1388.0,brown,1
J252,I1327,4200.0,4214.0,brown,1
J1253,I1955,7077.0,7086.0,brown,1
J314,I576,1447.0,1448.0,green,1
J314,I616,1562.0,1566.0,green,1
J470,I1221,3816.0,3825.0,green,1
J470,I2141,7909.0,7916.0,green,1
J470,I2173,8035.0,8041.0,green,1
J177,I622,1599.0,1603.0,green,2
J1952,I1735,6097.0,6103.0,brown,3
J1952,I3240,11572.0,11573.0,green,1
J1645,I1819,6461.0,6478.0,green,6
J1492,I2044,7453.0,7467.0,green,1
J1492,I2076,7591.0,7607.0,green,3
J1492,I2812,10411.0,10412.0,green,1
J144,I1519,5079.0,5094.0,green,1
J144,I2447,9154.0,9156.0,green,2
J144,I2575,9700.0,9701.0,green,1
J144,I2695,10037.0,10043.0,green,1
J144,I2703,10062.0,10066.0,green,1
J1577,I2249,8332.0,8336.0,green,4
J1577,I2281,8492.0,8497.0,brown,2
J882,I1257,3951.0,3954.0,green,1
J882,I1545,5219.0,5229.0,green,2
J1312,I2775,10288.0,10291.0,green,3
J1312,I2903,10674.0,10679.0,green,2
J1627,I2241,8290.0,8292.0,green,1
J1627,I2305,8595.0,8602.0,green,1
J1627,I2857,10540.0,10542.0,green,1
J1627,I2897,10654.0,10658.0,green,2
J1627,I2945,10786.0,10790.0,green,1
J1995,I2615,9798.0,9800.0,green,1
J1995,I2647,9893.0,9898.0,green,2
J1995,I2871,10578.0,10583.0,green,1
J1995,I3319,11749.0,11752.0,green,1
J1769,I2417,9049.0,9055.0,green,4
J1769,I2801,10368.0,10376.0,green,1
J249,I402,906.0,907.0,green,1
J249,I1010,2935.0,2939.0,green,1
J399,I1430,4697.0,4707.0,green,6
J308,I1983,7169.0,7177.0,green,2
J308,I2175,8042.0,8044.0,green,1
J778,I1463,4838.0,4849.0,green,2
J778,I1527,5124.0,5135.0,green,3
J1473,I1807,6393.0,6394.0,brown,1
J1473,I1936,6999.0,7007.0,green,2
J1473,I2608,9783.0,9786.0,green,2
J1524,I1744,6133.0,6142.0,brown,3
J1524,I1808,6394.0,6395.0,brown,1
J1524,I2545,9561.0,9572.0,green,2
J1701,I2457,9190.0,9193.0,brown,1
J1701,I2714,10085.0,10088.0,green,3
J1788,I2278,8477.0,8482.0,brown,2
J1263,I2003,7270.0,7279.0,green,5
J1292,I2069,7553.0,7555.0,green,2
J1292,I2533,9507.0,9521.0,green,2
J1038,I1202,3686.0,3695.0,green,1
J1038,I1490,4949.0,4957.0,green,3
J990,I1396,4550.0,4554.0,brown,3
J515,I1221,3816.0,3825.0,green,3
J515,I1317,4164.0,4179.0,green,3
J340,I701,1842.0,1845.0,green,3
J894,I1775,6279.0,6285.0,green,1
J894,I1935,6990.0,6999.0,green,4
J894,I1999,7230.0,7252.0,green,1
J416,I322,693.0,696.0,brown,1
J416,I354,782.0,783.0,brown,1
J1417,I2326,8689.0,8695.0,green,4
J1417,I2414,9036.0,9043.0,green,2
J436,I330,710.0,713.0,brown,3
J436,I1355,4351.0,4352.0,green,1
J436,I1419,4669.0,4670.0,green,1
J436,I1515,5063.0,5067.0,green,1
J1166,I575,1438.0,1447.0,green,5
J1166,I2072,7563.0,7582.0,green,1
J1964,I3368,11841.0,11842.0,green,1
J1964,I3409,11915.0,11920.0,green,1
J1964,I3416,11930.0,11935.0,green,1
J56,I2299,8551.0,8565.0,green,2
J56,I2427,9081.0,9085.0,green,4
J1441,I1763,6236.0,6240.0,brown,4
J1441,I1795,6349.0,6356.0,brown,1
J926,I990,2865.0,2878.0,green,1
J926,I1181,3585.0,3591.0,brown,1
J926,I1214,3763.0,3766.0,green,1
J926,I1757,6206.0,6212.0,brown,1
J479,I1132,3410.0,3412.0,green,1
J479,I1387,4511.0,4518.0,brown,1
J479,I1420,4670.0,4675.0,green,3
J479,I1708,5958.0,5973.0,green,1
J305,I1036,3023.0,3029.0,green,1
J305,I1207,3733.0,3744.0,green,1
J305,I1220,3793.0,3816.0,green,3
J305,I1228,3842.0,3843.0,green,1
J588,I1159,3490.0,3495.0,brown,2
J588,I2154,7959.0,7962.0,green,1
J588,I2248,8327.0,8332.0,green,1
J1890,I854,2351.0,2357.0,brown,2
J1890,I2871,10578.0,10583.0,green,1
J1890,I3287,11683.0,11686.0,green,1
J409,I432,992.0,995.0,brown,1
J409,I625,1608.0,1613.0,green,2
J1378,I1959,7090.0,7097.0,brown,3
J1378,I2263,8391.0,8392.0,brown,1
J1378,I2295,8546.0,8547.0,brown,1
J1034,I695,1811.0,1813.0,green,2
J1671,I2523,9442.0,9448.0,green,4
J30,I96,142.0,143.0,green,1
J30,I160,294.0,298.0,green,1
J30,I1184,3603.0,3607.0,green,1
J30,I1224,3828.0,3833.0,green,1
J30,I1252,3938.0,3943.0,green,2
J855,I172,321.0,323.0,green,1
J855,I204,394.0,398.0,green,1
J855,I459,1080.0,1083.0,brown,1
J855,I1611,5501.0,5518.0,brown,2
J855,I1720,6024.0,6028.0,green,1
J1708,I2747,10207.0,10210.0,green,1
J1708,I2811,10406.0,10411.0,green,5
J1257,I1932,6984.0,6985.0,green,1
J1257,I1996,7210.0,7215.0,green,5
J578,I1302,4107.0,4108.0,green,1
J578,I1366,4395.0,4400.0,green,1
J578,I1686,5849.0,5854.0,green,1
J357,I1077,3161.0,3166.0,green,1
J357,I1876,6772.0,6776.0,brown,1
J1310,I180,344.0,346.0,green,2
J1310,I468,1108.0,1109.0,brown,1
J1310,I532,1282.0,1286.0,brown,1
J1310,I852,2345.0,2349.0,brown,2
J538,I1034,3014.0,3018.0,green,3
J1509,I1377,4454.0,4460.0,green,1
J1509,I2153,7948.0,7959.0,green,1
J1246,I1954,7072.0,7077.0,brown,1
J1246,I1962,7114.0,7116.0,brown,2
J1246,I2043,7451.0,7453.0,green,1
J1246,I2155,7962.0,7963.0,green,1
J1246,I2219,8193.0,8210.0,green,1
J307,I1533,5150.0,5162.0,green,5
J307,I2317,8658.0,8668.0,green,1
J266,I626,1613.0,1616.0,green,3
J266,I690,1794.0,1795.0,green,1
J266,I1106,3292.0,3293.0,green,1
J148,I1659,5731.0,5737.0,green,2
J641,I312,669.0,670.0,brown,1
J641,I1689,5859.0,5861.0,green,1
J641,I2057,7511.0,7524.0,green,3
J641,I2141,7909.0,7916.0,green,1
J1777,I2287,8510.0,8525.0,brown,3
J1777,I2896,10652.0,10654.0,green,1
J478,I671,1745.0,1747.0,brown,1
J1486,I229,442.0,443.0,brown,1
J1486,I485,1149.0,1155.0,brown,1
J1486,I2726,10138.0,10141.0,green,2
J664,I1402,4610.0,4613.0,brown,2
J664,I1627,5590.0,5596.0,green,2
J664,I2365,8851.0,8852.0,green,1
J956,I2643,9879.0,9886.0,green,2
J956,I3315,11738.0,11740.0,green,2
J956,I3347,11805.0,11807.0,green,2
J486,I584,1469.0,1477.0,green,1
J486,I1496,4971.0,4975.0,green,2
J1585,I2340,8752.0,8753.0,brown,1
J1585,I3205,11487.0,11492.0,green,2
J983,I1579,5369.0,5371.0,brown,1
J983,I1611,5501.0,5518.0,brown,3
J983,I1676,5803.0,5809.0,green,1
J937,I1346,4298.0,4305.0,brown,2
J937,I3083,11199.0,11210.0,green,4
J776,I1013,2946.0,2948.0,green,2
J776,I1077,3161.0,3166.0,green,2
J776,I1317,4164.0,4179.0,green,2
J280,I204,394.0,398.0,green,1
J280,I300,635.0,641.0,green,1
J280,I427,976.0,979.0,brown,1
J280,I555,1376.0,1377.0,brown,1
J280,I587,1480.0,1491.0,brown,1
J523,I864,2406.0,2408.0,brown,1
J523,I1409,4631.0,4634.0,green,3
J324,I801,2209.0,2215.0,brown,2
J324,I1538,5181.0,5188.0,green,1
J324,I1698,5892.0,5897.0,green,1
J324,I2018,7338.0,7355.0,green,2
J1138,I1771,6261.0,6267.0,green,3
J1138,I1811,6412.0,6414.0,green,1
J1138,I1859,6689.0,6690.0,green,1
J1138,I2003,7270.0,7279.0,green,1
J1859,I2758,10231.0,10240.0,green,5
J592,I704,1856.0,1857.0,green,1
J592,I1056,3086.0,3091.0,green,2
J592,I1312,4140.0,4153.0,green,2
J1324,I2236,8266.0,8271.0,green,1
J1324,I2252,8347.0,8348.0,green,1
J1324,I2284,8502.0,8506.0,brown,2
J1324,I2476,9272.0,9278.0,brown,2
J212,I587,1480.0,1491.0,brown,1
J212,I620,1584.0,1591.0,green,3
J1224,I465,1098.0,1105.0,brown,1
J1224,I2802,10376.0,10379.0,green,1
J1224,I3218,11520.0,11522.0,green,1
J772,I338,743.0,746.0,brown,2
J772,I2099,7710.0,7720.0,green,2
J833,I1478,4900.0,4904.0,green,2
J833,I2022,7367.0,7381.0,green,2
J1309,I2078,7609.0,7617.0,green,4
J615,I811,2238.0,2242.0,brown,2
J615,I1323,4190.0,4195.0,brown,2
J615,I2124,7832.0,7834.0,green,1
J615,I2168,8004.0,8022.0,green,1
J1316,I1990,7192.0,7194.0,green,2
J279,I696,1813.0,1822.0,green,6
J1024,I2374,8878.0,8885.0,green,1
J1024,I2662,9949.0,9950.0,green,1
J1024,I2694,10032.0,10037.0,green,1
J11,I16,22.0,23.0,green,1
J11,I80,118.0,119.0,green,1
J11,I1664,5748.0,5764.0,green,1
J1143,I770,2089.0,2093.0,brown,1
J1143,I2179,8051.0,8064.0,green,1
J1143,I2887,10626.0,10632.0,green,1
J1143,I3083,11199.0,11210.0,green,1
J1234,I1401,4588.0,4610.0,brown,1
J1234,I1818,6456.0,6461.0,green,1
J1234,I2266,8431.0,8436.0,green,2
J1110,I1031,3003.0,3008.0,green,2
J1110,I1127,3390.0,3394.0,green,2
J1110,I1479,4904.0,4916.0,green,1
J1110,I1543,5208.0,5212.0,green,1
J1677,I2890,10636.0,10646.0,green,1
J1677,I3274,11652.0,11654.0,green,1
J255,I148,257.0,259.0,green,1
J1630,I2412,9030.0,9034.0,green,4
J1630,I2444,9142.0,9143.0,green,1
J1630,I2572,9695.0,9697.0,green,1
J992,I1078,3166.0,3187.0,green,1
J992,I1942,7019.0,7022.0,green,2
J992,I2366,8852.0,8854.0,green,1
J269,I1051,3066.0,3072.0,green,1
J269,I1371,4427.0,4436.0,green,2
J269,I1499,4994.0,4999.0,green,1
J269,I1563,5311.0,5322.0,green,2
J1528,I1856,6677.0,6682.0,green,2
J1528,I1951,7065.0,7069.0,brown,1
J1528,I2016,7330.0,7336.0,green,1
J1528,I2031,7402.0,7408.0,brown,1
J832,I527,1269.0,1272.0,brown,2
J832,I559,1386.0,1388.0,brown,1
J595,I2420,9061.0,9065.0,green,2
J1936,I1967,7122.0,7123.0,brown,1
J1936,I3378,11861.0,11863.0,green,1
J1936,I3392,11884.0,11888.0,green,2
J1936,I3396,11893.0,11897.0,green,1
J1586,I1346,4298.0,4305.0,brown,1
J1586,I2859,10548.0,10553.0,green,1
J1586,I2883,10614.0,10615.0,green,1
J1586,I3011,10991.0,10993.0,green,2
J1586,I3075,11169.0,11170.0,green,1
J247,I515,1244.0,1247.0,brown,1
J247,I708,1864.0,1870.0,green,4
J247,I1500,4999.0,5000.0,green,1
J650,I1083,3205.0,3207.0,green,1
J650,I1115,3337.0,3339.0,green,1
J650,I1290,4052.0,4061.0,green,2
J844,I1387,4511.0,4518.0,brown,2
J844,I2316,8653.0,8658.0,green,1
J812,I1293,4071.0,4072.0,green,1
J812,I1529,5137.0,5142.0,green,2
J1915,I2913,10696.0,10701.0,green,3
J1915,I3201,11476.0,11477.0,green,1
J1915,I3233,11549.0,11556.0,green,1
J1915,I3265,11636.0,11638.0,green,1
J68,I117,194.0,203.0,green,3
J724,I452,1053.0,1060.0,brown,1
J724,I484,1146.0,1149.0,brown,1
J724,I548,1334.0,1357.0,brown,1
J679,I1481,4921.0,4925.0,green,1
J679,I1608,5488.0,5491.0,brown,1
J679,I1995,7208.0,7210.0,green,1
J679,I2063,7538.0,7540.0,green,1
J131,I417,948.0,955.0,green,1
J131,I609,1550.0,1551.0,green,1
J131,I705,1857.0,1861.0,green,1
J131,I1057,3091.0,3097.0,green,1
J131,I1121,3375.0,3377.0,green,2
J1775,I2902,10671.0,10674.0,green,2
J1775,I3062,11126.0,11133.0,green,4
J70,I1479,4904.0,4916.0,green,3
J70,I1703,5911.0,5931.0,green,1
J621,I23,31.0,34.0,green,2
J621,I342,753.0,758.0,brown,1
J621,I2951,10801.0,10807.0,green,1
J621,I3310,11728.0,11730.0,green,1
J1877,I793,2172.0,2174.0,brown,1
J916,I1159,3490.0,3495.0,brown,1
J916,I2704,10066.0,10069.0,green,2
J916,I3076,11170.0,11182.0,green,2
J1423,I1492,4963.0,4967.0,green,3
J1423,I1524,5100.0,5112.0,green,1
J1423,I2132,7875.0,7887.0,green,2
J1256,I2282,8497.0,8501.0,brown,1
J1256,I2986,10915.0,10916.0,brown,1
J1256,I3050,11098.0,11103.0,brown,1
J222,I340,748.0,750.0,brown,1
J222,I532,1282.0,1286.0,brown,1
J222,I2165,7997.0,7998.0,green,1
J222,I2173,8035.0,8041.0,green,2
J222,I2261,8385.0,8390.0,brown,1
J661,I1267,3991.0,3992.0,brown,1
J661,I1364,4386.0,4393.0,green,2
J661,I2076,7591.0,7607.0,green,2
J1981,I3273,11651.0,11652.0,green,1
J1422,I436,1004.0,1005.0,brown,1
J1422,I2677,9985.0,9992.0,green,3
J1977,I1261,3967.0,3970.0,brown,1
J1977,I3086,11214.0,11217.0,green,1
J1977,I3310,11728.0,11730.0,green,1
J929,I320,690.0,692.0,brown,1
J701,I2091,7688.0,7693.0,green,2
J701,I2731,10160.0,10164.0,green,1
J701,I2859,10548.0,10553.0,green,1
J701,I3067,11143.0,11147.0,green,1
J458,I74,108.0,109.0,green,1
J458,I1674,5800.0,5801.0,green,1
J458,I1706,5941.0,5953.0,green,1
J1326,I486,1155.0,1156.0,brown,1
J1326,I2087,7665.0,7671.0,green,2
J1326,I2439,9120.0,9128.0,green,1
J1913,I2649,9901.0,9906.0,green,3
J1913,I3385,11875.0,11876.0,green,1
J875,I517,1250.0,1251.0,brown,1
J875,I2374,8878.0,8885.0,green,1
J875,I2438,9118.0,9120.0,green,1
J875,I2534,9521.0,9522.0,green,1
J875,I2566,9661.0,9667.0,green,1
J917,I1310,4137.0,4139.0,green,2
J917,I1374,4450.0,4452.0,green,2
J917,I1438,4727.0,4730.0,green,1
J917,I1491,4957.0,4963.0,green,1
J982,I618,1567.0,1581.0,green,1
J982,I1066,3119.0,3126.0,green,2
J982,I1866,6719.0,6727.0,green,2
J982,I2140,7908.0,7909.0,green,1
J703,I1220,3793.0,3816.0,green,2
J703,I2116,7794.0,7802.0,green,3
J454,I2564,9654.0,9660.0,green,4
J454,I2660,9941.0,9947.0,green,2
J1081,I2740,10185.0,10191.0,green,6
J1350,I1681,5829.0,5836.0,green,3
J1350,I2441,9129.0,9140.0,green,2
J1737,I1714,6000.0,6002.0,green,1
J1737,I2098,7706.0,7710.0,green,1
J1737,I2866,10567.0,10569.0,green,1
J1737,I2932,10756.0,10757.0,green,1
J1951,I2457,9190.0,9193.0,brown,2
J1951,I2618,9805.0,9807.0,green,2
J1951,I2970,10860.0,10867.0,brown,2
J1388,I1733,6089.0,6095.0,brown,2
J1388,I1862,6695.0,6699.0,green,1
J1388,I2150,7937.0,7940.0,green,2
J1729,I1372,4436.0,4446.0,green,4
J1128,I670,1743.0,1745.0,brown,1
J1128,I1055,3082.0,3086.0,green,1
J1128,I1663,5745.0,5748.0,green,1
J1128,I1855,6673.0,6677.0,green,2
J932,I1485,4933.0,4936.0,green,3
J932,I1517,5068.0,5074.0,green,3
J285,I1627,5590.0,5596.0,green,1
J765,I903,2542.0,2548.0,green,4
J765,I1127,3390.0,3394.0,green,1
J1798,I1264,3979.0,3985.0,brown,2
J1798,I2001,7261.0,7265.0,green,1
J1798,I2225,8225.0,8234.0,green,2
J147,I2316,8653.0,8658.0,green,3
J147,I2764,10258.0,10259.0,green,1
J62,I99,147.0,156.0,green,6
J1281,I1742,6127.0,6128.0,brown,1
J1281,I1775,6279.0,6285.0,green,1
J1281,I1806,6389.0,6393.0,brown,1
J1281,I1999,7230.0,7252.0,green,3
J1514,I2141,7909.0,7916.0,green,1
J1514,I2525,9449.0,9463.0,green,3
J1514,I2592,9742.0,9744.0,brown,1
J83,I214,415.0,417.0,green,1
J83,I246,486.0,494.0,green,3
J83,I278,561.0,563.0,green,2
J1071,I1781,6304.0,6310.0,green,1
J1071,I1815,6423.0,6435.0,green,1
J220,I223,435.0,437.0,green,2
J220,I255,510.0,512.0,green,1
J220,I1311,4139.0,4140.0,green,1
J220,I1663,5745.0,5748.0,green,2
J1467,I769,2083.0,2089.0,brown,1
J1467,I801,2209.0,2215.0,brown,2
J1272,I2876,10599.0,10602.0,green,1
J734,I1418,4667.0,4669.0,green,1
J734,I1619,5558.0,5570.0,green,2
J958,I1034,3014.0,3018.0,green,1
J905,I771,2093.0,2096.0,brown,1
J905,I2372,8872.0,8873.0,green,1
J1740,I2359,8825.0,8826.0,green,1
J1740,I2423,9070.0,9073.0,green,3
J1740,I2615,9798.0,9800.0,green,1
J1740,I2807,10386.0,10393.0,green,1
J1875,I2856,10539.0,10540.0,green,1
J1875,I2968,10855.0,10857.0,brown,1
J1875,I3080,11187.0,11188.0,green,1
J185,I560,1388.0,1391.0,brown,1
J185,I605,1526.0,1534.0,green,1
J185,I705,1857.0,1861.0,green,1
J1550,I1732,6086.0,6089.0,brown,3
J6,I26,37.0,38.0,green,1
J6,I282,576.0,578.0,green,2
J6,I634,1645.0,1653.0,green,3
J1027,I1588,5412.0,5415.0,brown,3
J1027,I1960,7097.0,7103.0,brown,1
J1027,I2085,7662.0,7664.0,green,1
J245,I153,271.0,279.0,green,4
J245,I1098,3263.0,3269.0,green,1
J1959,I3210,11502.0,11505.0,green,1
J389,I1045,3050.0,3053.0,green,1
J389,I1290,4052.0,4061.0,green,2
J1643,I2769,10268.0,10271.0,green,3
J325,I1659,5731.0,5737.0,green,1
J325,I2299,8551.0,8565.0,green,2
J201,I634,1645.0,1653.0,green,1
J201,I1498,4987.0,4994.0,green,3
J1201,I493,1169.0,1173.0,brown,1
J1576,I1936,6999.0,7007.0,green,2
J1576,I3232,11546.0,11549.0,green,1
J1576,I3246,11591.0,11600.0,green,3
J1400,I1119,3353.0,3368.0,green,2
J1400,I1182,3591.0,3595.0,brown,1
J1400,I2047,7472.0,7475.0,green,3
J1526,I1336,4247.0,4248.0,brown,1
J1526,I2809,10400.0,10404.0,green,1
J1101,I1578,5368.0,5369.0,brown,1
J1101,I1610,5494.0,5501.0,brown,1
J1101,I1659,5731.0,5737.0,green,2
J1101,I1723,6038.0,6040.0,green,1
J1101,I1754,6194.0,6196.0,brown,1
J370,I582,1461.0,1466.0,green,2
J370,I998,2902.0,2911.0,green,3
J1437,I1304,4114.0,4116.0,green,2
J1934,I3233,11549.0,11556.0,green,2
J674,I799,2191.0,2193.0,brown,2
J674,I2528,9468.0,9473.0,green,2
J674,I2688,10013.0,10021.0,green,2
J953,I1401,4588.0,4610.0,brown,1
J953,I2538,9537.0,9543.0,green,1
J953,I2650,9906.0,9909.0,green,2
J953,I2842,10499.0,10504.0,green,2
J1713,I1810,6396.0,6412.0,green,1
J1713,I2130,7854.0,7868.0,green,3
J1661,I2544,9556.0,9561.0,green,5
J1661,I2576,9701.0,9702.0,green,1
J1653,I2546,9572.0,9581.0,green,4
J923,I1439,4730.0,4733.0,green,2
J1720,I2357,8816.0,8824.0,green,2
J1720,I2517,9412.0,9419.0,green,1
J1771,I2815,10422.0,10425.0,green,1
J1771,I2823,10443.0,10445.0,green,2
J1874,I3294,11695.0,11700.0,green,2
J1032,I445,1038.0,1040.0,brown,2
J1032,I509,1211.0,1214.0,brown,2
J1032,I733,1952.0,1968.0,brown,2
J1479,I1488,4944.0,4946.0,green,2
J1479,I1680,5823.0,5829.0,green,2
J316,I619,1581.0,1584.0,green,3
J316,I683,1779.0,1785.0,green,3
J1648,I1167,3520.0,3524.0,brown,2
J1648,I1391,4526.0,4527.0,brown,1
J1648,I2000,7252.0,7261.0,green,3
J189,I194,370.0,375.0,green,4
J189,I226,439.0,440.0,green,1
J169,I477,1130.0,1131.0,brown,1
J169,I509,1211.0,1214.0,brown,1
J169,I1854,6663.0,6673.0,green,3
J169,I2110,7769.0,7774.0,green,1
J888,I732,1948.0,1952.0,brown,1
J888,I1709,5973.0,5983.0,green,4
J1274,I1562,5309.0,5311.0,green,2
J1274,I1722,6036.0,6038.0,green,2
J1133,I801,2209.0,2215.0,brown,1
J1133,I1122,3377.0,3380.0,green,3
J1133,I2066,7545.0,7549.0,green,1
J343,I1477,4897.0,4900.0,green,2
J343,I2237,8271.0,8272.0,green,1
J343,I2245,8298.0,8311.0,green,3
J705,I1156,3482.0,3486.0,brown,2
J705,I1317,4164.0,4179.0,green,1
J705,I1348,4317.0,4326.0,brown,2
J705,I1541,5201.0,5207.0,green,1
J1055,I1662,5744.0,5745.0,green,1
J1055,I1694,5877.0,5884.0,green,3
J1096,I986,2853.0,2860.0,green,5
J1096,I1082,3199.0,3205.0,green,1
J110,I199,384.0,386.0,green,1
J110,I263,528.0,533.0,green,5
J1051,I1729,6070.0,6076.0,green,2
J1051,I1760,6223.0,6229.0,brown,1
J1051,I2305,8595.0,8602.0,green,1
J1051,I2569,9684.0,9685.0,green,1
J1051,I2625,9827.0,9834.0,green,1
J475,I575,1438.0,1447.0,green,1
J475,I1007,2928.0,2930.0,green,2
J425,I631,1635.0,1639.0,green,3
J425,I1194,3650.0,3663.0,green,3
J629,I796,2179.0,2183.0,brown,3
J629,I989,2864.0,2865.0,green,1
J1824,I2294,8544.0,8546.0,brown,1
J1824,I2966,10842.0,10845.0,brown,1
J1330,I2286,8507.0,8510.0,brown,3
J1330,I2478,9288.0,9291.0,brown,1
J1330,I2559,9633.0,9639.0,green,1
J1330,I3038,11059.0,11060.0,brown,1
J1851,I2863,10559.0,10565.0,green,6
J756,I414,937.0,941.0,green,1
J756,I1054,3079.0,3082.0,green,3
J785,I1320,4187.0,4188.0,brown,1
J785,I1384,4498.0,4505.0,brown,5
J820,I1434,4717.0,4720.0,green,3
J820,I2106,7758.0,7760.0,green,2
J820,I2138,7906.0,7907.0,green,1
J1364,I2960,10826.0,10828.0,brown,2
J1364,I3040,11063.0,11064.0,brown,1
J1364,I3056,11109.0,11111.0,brown,1
J1364,I3104,11257.0,11260.0,brown,2
J1397,I2179,8051.0,8064.0,green,3
J1397,I2763,10256.0,10258.0,green,1
J1510,I1981,7153.0,7158.0,green,1
J1510,I3261,11623.0,11630.0,green,2
J1876,I1591,5420.0,5426.0,brown,3
J803,I1400,4584.0,4588.0,brown,4
J55,I220,425.0,432.0,green,2
J55,I315,675.0,677.0,brown,1
J1649,I2432,9093.0,9101.0,green,2
J1649,I2495,9337.0,9346.0,brown,2
J1649,I2656,9932.0,9935.0,green,1
J1649,I2688,10013.0,10021.0,green,1
J420,I618,1567.0,1581.0,green,2
J1954,I1165,3512.0,3519.0,brown,1
J1954,I2798,10362.0,10364.0,green,2
J1954,I2862,10555.0,10559.0,green,1
J1955,I3285,11679.0,11682.0,green,1
J1955,I3317,11744.0,11748.0,green,2
J1955,I3349,11808.0,11811.0,green,3
J1617,I2433,9101.0,9103.0,green,1
J1617,I2529,9473.0,9475.0,green,1
J1617,I2561,9643.0,9651.0,green,1
J655,I449,1047.0,1051.0,brown,1
J655,I2530,9475.0,9476.0,green,1
J655,I2866,10567.0,10569.0,green,1
J655,I2882,10610.0,10614.0,green,1
J655,I2946,10790.0,10791.0,green,1
J1452,I2131,7868.0,7875.0,green,4
J111,I455,1063.0,1068.0,green,1
J111,I2055,7498.0,7510.0,green,1
J807,I1045,3050.0,3053.0,green,1
J807,I1555,5286.0,5289.0,green,3
J807,I1557,5291.0,5297.0,green,2
J1539,I2090,7675.0,7688.0,green,2
J1539,I2345,8773.0,8774.0,brown,1
J438,I471,1114.0,1117.0,brown,1
J438,I503,1191.0,1193.0,brown,1
J438,I1864,6700.0,6715.0,green,3
J1587,I2384,8924.0,8925.0,green,1
J1587,I2416,9047.0,9049.0,green,1
J1587,I2736,10171.0,10175.0,green,3
J1109,I1736,6103.0,6112.0,brown,3
J441,I337,740.0,743.0,brown,3
J1506,I2246,8311.0,8321.0,green,2
J1506,I2918,10710.0,10713.0,green,2
J851,I1341,4258.0,4263.0,brown,1
J851,I1757,6206.0,6212.0,brown,1
J851,I1949,7046.0,7061.0,brown,3
J1460,I2338,8745.0,8750.0,brown,2
J1460,I2371,8865.0,8872.0,green,4
J1046,I2436,9106.0,9115.0,green,5
J1046,I2624,9817.0,9827.0,green,1
J1997,I3311,11730.0,11734.0,green,3
J1250,I1596,5441.0,5444.0,brown,3
J1250,I1604,5472.0,5477.0,brown,2
J1084,I406,917.0,922.0,green,1
J1084,I2230,8243.0,8254.0,green,3
J1121,I1600,5457.0,5459.0,brown,1
J1121,I2081,7640.0,7641.0,green,1
J1121,I2561,9643.0,9651.0,green,1
J658,I1070,3133.0,3136.0,green,2
J658,I1686,5849.0,5854.0,green,1
J514,I1479,4904.0,4916.0,green,2
J514,I2375,8885.0,8887.0,green,1
J514,I2567,9667.0,9677.0,green,2
J631,I2719,10100.0,10112.0,green,1
J631,I2815,10422.0,10425.0,green,2
J631,I3246,11591.0,11600.0,green,1
J644,I1291,4061.0,4069.0,green,1
J644,I1547,5240.0,5257.0,green,4
J644,I1851,6637.0,6655.0,green,1
J1222,I1125,3385.0,3387.0,green,1
J1222,I1221,3816.0,3825.0,green,3
J1222,I1348,4317.0,4326.0,brown,1
J534,I1134,3414.0,3416.0,green,2
J534,I1258,3954.0,3962.0,green,2
J730,I1021,2962.0,2965.0,green,2
J730,I1149,3468.0,3470.0,green,1
J730,I1816,6435.0,6442.0,green,1
J1111,I3070,11151.0,11154.0,green,1
J1111,I3294,11695.0,11700.0,green,2
J880,I1119,3353.0,3368.0,green,3
J880,I2151,7940.0,7944.0,green,1
J1298,I810,2233.0,2238.0,brown,1
J1298,I1707,5953.0,5958.0,green,1
J1298,I2443,9141.0,9142.0,green,1
J1298,I2667,9958.0,9961.0,green,3
J74,I156,285.0,286.0,green,1
J74,I188,358.0,359.0,green,1
J74,I220,425.0,432.0,green,1
J1200,I851,2342.0,2345.0,brown,2
J1200,I2428,9085.0,9088.0,green,2
J1656,I2117,7802.0,7809.0,green,3
J1656,I2245,8298.0,8311.0,green,2
J66,I200,386.0,387.0,green,1
J66,I264,533.0,535.0,green,2
J66,I296,618.0,620.0,green,1
J136,I20,27.0,29.0,green,1
J136,I2132,7875.0,7887.0,green,4
J136,I2164,7983.0,7997.0,green,1
J88,I204,394.0,398.0,green,2
J88,I1656,5719.0,5725.0,green,2
J88,I1708,5958.0,5973.0,green,2
J239,I1058,3097.0,3102.0,green,3
J1970,I2796,10358.0,10361.0,green,1
J1970,I3244,11582.0,11588.0,green,4
J1181,I1254,3945.0,3949.0,green,2
J1023,I1524,5100.0,5112.0,green,1
J1023,I1716,6008.0,6014.0,green,2
J1502,I2311,8622.0,8632.0,brown,2
J1502,I2696,10043.0,10051.0,green,1
J1502,I2952,10807.0,10808.0,green,1
J1502,I3208,11497.0,11501.0,green,1
J1744,I2822,10437.0,10443.0,green,3
J415,I1035,3018.0,3023.0,green,3
J415,I1819,6461.0,6478.0,green,1
J739,I587,1480.0,1491.0,brown,1
J739,I1004,2924.0,2925.0,green,1
J739,I1036,3023.0,3029.0,green,1
J739,I1308,4122.0,4134.0,green,3
J545,I775,2108.0,2113.0,brown,1
J545,I1000,2912.0,2915.0,green,1
J545,I1928,6970.0,6976.0,green,1
J545,I2090,7675.0,7688.0,green,1
J545,I2224,8223.0,8225.0,green,1
J95,I88,128.0,129.0,green,1
J95,I120,207.0,208.0,green,1
J95,I142,243.0,247.0,green,1
J95,I505,1203.0,1204.0,brown,1
J95,I569,1418.0,1420.0,brown,1
J339,I668,1737.0,1738.0,brown,1
J339,I2759,10240.0,10245.0,green,2
J417,I713,1881.0,1887.0,green,1
J417,I808,2229.0,2232.0,brown,3
J417,I1507,5025.0,5038.0,green,1
J1990,I2251,8343.0,8347.0,green,2
J1990,I2539,9543.0,9549.0,green,2
J1990,I3083,11199.0,11210.0,green,1
J537,I1354,4342.0,4351.0,green,4
J429,I1020,2961.0,2962.0,green,1
J429,I1142,3448.0,3453.0,green,3
J429,I1207,3733.0,3744.0,green,1
J830,I1373,4446.0,4450.0,green,4
J830,I1437,4724.0,4727.0,green,1
J143,I208,401.0,403.0,green,1
J143,I272,549.0,550.0,green,1
J143,I1312,4140.0,4153.0,green,1
J1076,I1328,4214.0,4218.0,brown,1
J1076,I1489,4946.0,4949.0,green,1
J360,I506,1204.0,1208.0,brown,1
J360,I699,1826.0,1828.0,green,1
J1556,I1603,5468.0,5472.0,brown,2
J1556,I1700,5898.0,5905.0,green,1
J1218,I719,1901.0,1909.0,brown,1
J1218,I2048,7475.0,7479.0,green,2
J1218,I2368,8856.0,8861.0,green,3
J964,I1452,4782.0,4787.0,brown,1
J964,I3277,11666.0,11668.0,green,1
J964,I3381,11866.0,11871.0,green,2
J665,I1169,3525.0,3526.0,brown,1
J665,I1265,3985.0,3989.0,brown,2
J665,I1682,5836.0,5840.0,green,2
J1688,I2414,9036.0,9043.0,green,1
J1879,I2352,8795.0,8796.0,brown,1
J1879,I2512,9398.0,9401.0,brown,2
J19,I37,53.0,54.0,green,1
J19,I193,367.0,370.0,green,1
J19,I257,515.0,522.0,green,1
J1318,I318,685.0,688.0,brown,2
J1318,I2951,10801.0,10807.0,green,1
J1318,I3071,11154.0,11156.0,green,1
J1318,I3231,11542.0,11546.0,green,2
J1147,I765,2072.0,2074.0,brown,1
J1147,I797,2183.0,2189.0,brown,4
J1147,I3070,11151.0,11154.0,green,1
J1271,I1219,3785.0,3793.0,green,2
J1163,I1576,5355.0,5363.0,brown,1
J1163,I2825,10446.0,10455.0,green,1
J1975,I1828,6526.0,6531.0,brown,1
J1975,I2629,9848.0,9854.0,green,2
J1559,I1583,5374.0,5387.0,brown,1
J1559,I2560,9639.0,9643.0,green,2
J1559,I2624,9817.0,9827.0,green,1
J1976,I2803,10379.0,10380.0,green,1
J1976,I3219,11522.0,11524.0,green,1
J857,I1203,3695.0,3719.0,green,2
J1598,I1941,7014.0,7019.0,green,2
J1598,I2005,7289.0,7292.0,green,3
J1019,I1731,6079.0,6086.0,brown,1
J1146,I1084,3207.0,3212.0,green,3
J1146,I2076,7591.0,7607.0,green,2
J1533,I2671,9974.0,9975.0,green,1
J1533,I2831,10467.0,10474.0,green,2
J138,I1109,3307.0,3312.0,green,1
J138,I1557,5291.0,5297.0,green,2
J138,I1781,6304.0,6310.0,green,1
J1127,I1068,3129.0,3132.0,green,1
J1127,I2154,7959.0,7962.0,green,1
J38,I1496,4971.0,4975.0,green,2
J38,I2012,7308.0,7320.0,green,4
J159,I611,1552.0,1556.0,green,1
J159,I1219,3785.0,3793.0,green,1
J159,I2083,7644.0,7652.0,green,2
J159,I2371,8865.0,8872.0,green,2
J913,I1549,5259.0,5273.0,green,2
J404,I600,1518.0,1519.0,green,1
J404,I696,1813.0,1822.0,green,2
J404,I1112,3324.0,3328.0,green,1
J835,I1056,3086.0,3091.0,green,1
J835,I1151,3471.0,3472.0,brown,1
J835,I1312,4140.0,4153.0,green,1
J835,I1343,4272.0,4276.0,brown,2
J1337,I2299,8551.0,8565.0,green,1
J1337,I2490,9320.0,9322.0,brown,1
J1337,I2498,9352.0,9355.0,brown,1
J1337,I2506,9384.0,9386.0,brown,2
J1650,I1738,6113.0,6116.0,brown,2
J1650,I1802,6377.0,6383.0,brown,1
J1262,I2041,7439.0,7448.0,green,3
J1262,I2361,8828.0,8836.0,green,1
J994,I208,401.0,403.0,green,1
J994,I463,1092.0,1096.0,brown,1
J994,I719,1901.0,1909.0,brown,1
J994,I1624,5582.0,5585.0,green,1
J994,I1816,6435.0,6442.0,green,2
J1519,I1152,3472.0,3474.0,brown,2
J1519,I1313,4153.0,4156.0,green,1
J1519,I1344,4276.0,4288.0,brown,1
J1519,I2269,8453.0,8463.0,green,2
J583,I1202,3686.0,3695.0,green,1
J561,I630,1634.0,1635.0,green,1
J561,I694,1809.0,1811.0,green,2
J561,I1078,3166.0,3187.0,green,3
J1198,I1927,6961.0,6970.0,green,2
J532,I1219,3785.0,3793.0,green,3
J1409,I1619,5558.0,5570.0,green,1
J1409,I2643,9879.0,9886.0,green,2
J1409,I2939,10766.0,10769.0,green,1
J1579,I1324,4195.0,4197.0,brown,1
J1579,I2317,8658.0,8668.0,green,3
J985,I1273,4009.0,4010.0,brown,1
J985,I1401,4588.0,4610.0,brown,5
J957,I1346,4298.0,4305.0,brown,1
J957,I2051,7485.0,7487.0,green,2
J957,I2699,10054.0,10056.0,green,1
J1624,I1444,4743.0,4751.0,brown,2
J1624,I2053,7495.0,7496.0,green,1
J1624,I2869,10575.0,10577.0,green,1
J1624,I2901,10665.0,10671.0,green,2
J221,I1703,5911.0,5931.0,green,5
J1880,I1181,3585.0,3591.0,brown,2
J1880,I1726,6046.0,6058.0,green,1
J1880,I2718,10094.0,10100.0,green,1
J1880,I2846,10512.0,10520.0,green,2
J426,I240,467.0,471.0,brown,4
J426,I656,1706.0,1708.0,brown,1
J426,I2553,9616.0,9620.0,green,1
J1462,I1471,4882.0,4889.0,green,3
J1462,I2111,7774.0,7782.0,green,2
J1793,I1384,4498.0,4505.0,brown,1
J1793,I2153,7948.0,7959.0,green,3
J1793,I2825,10446.0,10455.0,green,1
J376,I591,1494.0,1496.0,brown,2
J376,I719,1901.0,1909.0,brown,1
J296,I137,236.0,238.0,green,2
J296,I265,535.0,540.0,green,1
J296,I2441,9129.0,9140.0,green,1
J1516,I1673,5794.0,5800.0,green,1
J1516,I1705,5936.0,5941.0,green,3
J1516,I1736,6103.0,6112.0,brown,1
J1516,I2377,8890.0,8895.0,green,1
J817,I1056,3086.0,3091.0,green,1
J817,I1088,3227.0,3228.0,green,1
J817,I1120,3368.0,3375.0,green,4
J187,I408,926.0,927.0,green,1
J1696,I2646,9892.0,9893.0,green,1
J1696,I2710,10080.0,10082.0,green,1
J261,I1001,2915.0,2918.0,green,3
J261,I1784,6313.0,6321.0,green,1
J791,I262,527.0,528.0,green,1
J791,I294,611.0,617.0,green,2
J1461,I1308,4122.0,4134.0,green,2
J1461,I2044,7453.0,7467.0,green,3
J1461,I2360,8826.0,8828.0,green,1
J1232,I2052,7487.0,7495.0,green,5
J919,I1817,6442.0,6456.0,green,2
J919,I1849,6629.0,6634.0,green,1
J919,I2905,10682.0,10683.0,green,1
J1454,I1527,5124.0,5135.0,green,2
J1112,I1128,3394.0,3399.0,green,3
J368,I357,789.0,790.0,brown,1
J368,I1258,3954.0,3962.0,green,1
J180,I294,611.0,617.0,green,1
J180,I1126,3387.0,3390.0,green,1
J180,I2046,7471.0,7472.0,green,1
J751,I759,2054.0,2056.0,brown,1
J751,I3292,11693.0,11694.0,green,1
J751,I3324,11757.0,11760.0,green,2
J751,I3352,11815.0,11818.0,green,2
J1327,I1606,5483.0,5486.0,brown,1
J808,I901,2532.0,2539.0,green,5
J808,I1507,5025.0,5038.0,green,1
J762,I327,706.0,707.0,brown,1
J762,I3416,11930.0,11935.0,green,1
J1973,I2495,9337.0,9346.0,brown,2
J1973,I2591,9741.0,9742.0,brown,1
J1973,I2624,9817.0,9827.0,green,1
J1973,I3330,11766.0,11769.0,green,2
J1794,I1728,6063.0,6070.0,green,4
J1085,I518,1251.0,1253.0,brown,1
J1085,I2023,7381.0,7389.0,green,1
J1085,I2535,9522.0,9529.0,green,4
J1165,I1628,5596.0,5603.0,green,1
J1247,I510,1214.0,1217.0,brown,1
J1247,I1087,3216.0,3227.0,green,2
J1247,I1855,6673.0,6677.0,green,1
J1247,I2424,9073.0,9076.0,green,2
J586,I1131,3406.0,3410.0,green,1
J586,I1195,3663.0,3669.0,green,1
J586,I1203,3695.0,3719.0,green,3
J976,I1678,5821.0,5822.0,green,1
J976,I1774,6275.0,6279.0,green,1
J976,I2062,7537.0,7538.0,green,1
J976,I2126,7837.0,7840.0,green,1
J736,I1533,5150.0,5162.0,green,2
J736,I1853,6657.0,6663.0,green,2
J1918,I1165,3512.0,3519.0,brown,1
J1918,I2446,9145.0,9154.0,green,2
J1918,I2702,10059.0,10062.0,green,1
J1918,I2926,10735.0,10747.0,green,1
J997,I1444,4743.0,4751.0,brown,1
J997,I2117,7802.0,7809.0,green,3
J997,I2933,10757.0,10759.0,green,2
J1595,I1761,6229.0,6230.0,brown,1
J1595,I1793,6338.0,6347.0,brown,3
J1595,I2146,7929.0,7930.0,green,1
J1041,I1736,6103.0,6112.0,brown,1
J1041,I1960,7097.0,7103.0,brown,2
J1041,I2377,8890.0,8895.0,green,1
J1215,I2102,7738.0,7748.0,green,2
J320,I1629,5603.0,5608.0,green,1
J1822,I1748,6163.0,6166.0,brown,3
J1822,I2677,9985.0,9992.0,green,1
J1822,I3061,11125.0,11126.0,green,1
J1035,I1396,4550.0,4554.0,brown,1
J1035,I1460,4821.0,4829.0,brown,2
J1035,I2245,8298.0,8311.0,green,1
J602,I339,746.0,748.0,brown,1
J602,I2164,7983.0,7997.0,green,3
J240,I455,1063.0,1068.0,green,1
J568,I1002,2918.0,2919.0,green,1
J568,I1546,5229.0,5240.0,green,4
J382,I880,2448.0,2450.0,brown,1
J382,I1297,4080.0,4086.0,green,2
J382,I2161,7972.0,7980.0,green,3
J1424,I1327,4200.0,4214.0,brown,1
J1424,I2800,10366.0,10368.0,green,1
J1424,I2864,10565.0,10566.0,green,1
J1424,I3072,11156.0,11162.0,green,1
J1424,I3232,11546.0,11549.0,green,1
J1424,I3252,11612.0,11613.0,green,1
J1431,I2450,9161.0,9170.0,green,3
J1608,I1192,3642.0,3649.0,green,2
J1608,I1383,4493.0,4498.0,brown,1
J1608,I2568,9677.0,9684.0,green,2
J1768,I1377,4454.0,4460.0,green,2
J1768,I2561,9643.0,9651.0,green,1
J1768,I2801,10368.0,10376.0,green,1
J1768,I2809,10400.0,10404.0,green,1
J1753,I2382,8907.0,8918.0,green,2
J1753,I2926,10735.0,10747.0,green,2
J1753,I3214,11513.0,11515.0,green,1
J1854,I2164,7983.0,7997.0,green,5
J1007,I1536,5170.0,5180.0,green,2
J1007,I2080,7630.0,7640.0,green,2
J1007,I2082,7641.0,7644.0,green,2
J862,I1006,2926.0,2928.0,green,1
J862,I1470,4875.0,4882.0,green,1
J862,I1494,4968.0,4969.0,green,1
J749,I2570,9685.0,9689.0,green,1
J1359,I1395,4532.0,4550.0,brown,5
J1945,I3085,11211.0,11214.0,green,3
J1945,I3213,11511.0,11513.0,green,2
J1945,I3245,11588.0,11591.0,green,1
J1578,I2821,10434.0,10437.0,green,1
J1578,I2837,10488.0,10494.0,green,5
J289,I691,1795.0,1803.0,green,2
J289,I1075,3150.0,3156.0,green,2
J289,I1784,6313.0,6321.0,green,1
J1353,I1933,6985.0,6988.0,green,1
J1353,I1997,7215.0,7216.0,green,1
J1353,I2061,7534.0,7537.0,green,1
J1353,I2605,9772.0,9778.0,green,1
J1064,I715,1891.0,1894.0,green,2
J1064,I810,2233.0,2238.0,brown,1
J1343,I2102,7738.0,7748.0,green,5
J1962,I2893,10649.0,10650.0,green,1
J1962,I2925,10731.0,10735.0,green,2
J1962,I3342,11790.0,11796.0,green,1
J444,I2660,9941.0,9947.0,green,2
J1961,I2532,9477.0,9507.0,green,4
J1243,I1544,5212.0,5219.0,green,1
J1243,I2888,10632.0,10633.0,green,1
J935,I2109,7765.0,7769.0,green,2
J935,I2133,7887.0,7892.0,green,2
J935,I2357,8816.0,8824.0,green,1
J1604,I1579,5369.0,5371.0,brown,1
J1604,I1772,6267.0,6271.0,green,1
J1604,I2844,10507.0,10511.0,green,2
J804,I98,145.0,147.0,green,2
J804,I162,299.0,301.0,green,2
J804,I1427,4690.0,4693.0,green,2
J980,I1574,5348.0,5352.0,brown,2
J980,I1623,5577.0,5582.0,green,3
J980,I2727,10141.0,10156.0,green,1
J465,I868,2415.0,2422.0,brown,1
J241,I359,791.0,799.0,brown,1
J241,I2536,9529.0,9532.0,green,1
J60,I163,301.0,302.0,green,1
J60,I173,323.0,325.0,green,2
J60,I621,1591.0,1599.0,green,2
J60,I685,1786.0,1787.0,green,1
J1716,I2226,8234.0,8239.0,green,1
J1716,I2258,8379.0,8380.0,green,1
J1716,I2290,8530.0,8532.0,brown,1
J1716,I2322,8676.0,8679.0,green,1
J1716,I2386,8926.0,8930.0,green,1
J1716,I2418,9055.0,9057.0,green,1
J1339,I478,1131.0,1134.0,brown,1
J657,I1531,5146.0,5147.0,green,1
J657,I1563,5311.0,5322.0,green,1
J657,I2887,10626.0,10632.0,green,1
J1216,I1453,4787.0,4795.0,brown,4
J1216,I1934,6988.0,6990.0,green,2
J435,I483,1145.0,1146.0,brown,1
J435,I515,1244.0,1247.0,brown,2
J435,I547,1330.0,1334.0,brown,2
J435,I1540,5189.0,5201.0,green,1
J1887,I2500,9357.0,9358.0,brown,1
J1887,I3044,11078.0,11086.0,brown,1
J1348,I1777,6287.0,6288.0,green,1
J1348,I2001,7261.0,7265.0,green,1
J1348,I2713,10084.0,10085.0,green,1
J1348,I2841,10497.0,10499.0,green,1
J654,I1471,4882.0,4889.0,green,1
J654,I2079,7617.0,7630.0,green,5
J924,I544,1317.0,1319.0,brown,1
J924,I672,1747.0,1751.0,brown,2
J1682,I2656,9932.0,9935.0,green,1
J1682,I2848,10523.0,10524.0,green,1
J1307,I1191,3636.0,3642.0,green,2
J1266,I2284,8502.0,8506.0,brown,1
J1266,I2348,8784.0,8787.0,brown,2
J384,I1424,4679.0,4680.0,green,1
J384,I1856,6677.0,6682.0,green,3
J317,I1563,5311.0,5322.0,green,1
J317,I1851,6637.0,6655.0,green,4
J1910,I2658,9936.0,9940.0,green,4
J1910,I2882,10610.0,10614.0,green,2
J764,I1011,2939.0,2945.0,green,6
J1018,I727,1934.0,1935.0,brown,1
J1018,I1768,6256.0,6258.0,green,1
J1018,I2872,10583.0,10586.0,green,1
J321,I711,1872.0,1875.0,green,3
J321,I2023,7381.0,7389.0,green,1
J920,I94,138.0,139.0,green,1
J920,I158,288.0,293.0,green,1
J920,I222,434.0,435.0,green,1
J920,I511,1217.0,1225.0,brown,3
J767,I2044,7453.0,7467.0,green,3
J85,I35,47.0,52.0,green,5
J85,I99,147.0,156.0,green,1
J488,I794,2174.0,2175.0,brown,1
J488,I858,2377.0,2379.0,brown,1
J1991,I1875,6767.0,6772.0,brown,4
J1991,I2644,9886.0,9891.0,green,2
J874,I1153,3474.0,3477.0,brown,2
J874,I1345,4288.0,4298.0,brown,1
J874,I2738,10177.0,10183.0,green,1
J874,I2754,10225.0,10227.0,green,1
J874,I3058,11113.0,11120.0,green,1
J1493,I459,1080.0,1083.0,brown,1
J1493,I2845,10511.0,10512.0,green,1
J1826,I2875,10596.0,10599.0,green,1
J1667,I2057,7511.0,7524.0,green,1
J610,I1055,3082.0,3086.0,green,2
J610,I1087,3216.0,3227.0,green,1
J526,I313,670.0,671.0,brown,1
J526,I698,1823.0,1826.0,green,3
J113,I344,761.0,763.0,brown,2
J113,I601,1519.0,1523.0,green,1
J113,I1017,2955.0,2957.0,green,1
J113,I1049,3064.0,3065.0,green,1
J113,I1625,5585.0,5588.0,green,1
J50,I321,692.0,693.0,brown,1
J50,I2018,7338.0,7355.0,green,2
J50,I3202,11477.0,11483.0,green,3
J1992,I2809,10400.0,10404.0,green,2
J1992,I3289,11687.0,11688.0,green,1
J1992,I3321,11753.0,11754.0,green,1
J1415,I328,707.0,709.0,brown,1
J1415,I2121,7818.0,7822.0,green,4
J704,I1015,2950.0,2954.0,green,2
J704,I1174,3550.0,3551.0,brown,1
J704,I1750,6173.0,6179.0,brown,1
J930,I89,129.0,130.0,green,1
J930,I1817,6442.0,6456.0,green,4
J1498,I1705,5936.0,5941.0,green,2
J1498,I2057,7511.0,7524.0,green,4
J1554,I2562,9651.0,9653.0,green,2
J1554,I2626,9834.0,9838.0,green,4
J1695,I2222,8220.0,8221.0,green,1
J1695,I2254,8358.0,8361.0,green,1
J1695,I2766,10261.0,10263.0,green,1
J1695,I3092,11226.0,11235.0,green,3
J1568,I1727,6058.0,6063.0,green,3
J1568,I2959,10822.0,10826.0,green,1
J69,I145,251.0,255.0,green,3
J69,I1817,6442.0,6456.0,green,3
J117,I249,497.0,499.0,green,2
J117,I281,575.0,576.0,green,1
J142,I543,1316.0,1317.0,brown,1
J142,I1120,3368.0,3375.0,green,2
J1391,I2029,7398.0,7399.0,brown,1
J1391,I2302,8573.0,8583.0,green,5
J815,I2687,10012.0,10013.0,green,1
J815,I2719,10100.0,10112.0,green,5
J1861,I1384,4498.0,4505.0,brown,1
J1861,I3305,11720.0,11722.0,green,1
J1861,I3337,11781.0,11783.0,green,1
J1861,I3345,11802.0,11803.0,green,1
J1230,I1521,5097.0,5098.0,green,1
J1230,I1553,5276.0,5282.0,green,1
J1294,I488,1159.0,1162.0,brown,1
J1294,I552,1367.0,1370.0,brown,2
J1294,I1417,4658.0,4667.0,green,1
J1294,I2537,9532.0,9537.0,green,1
J828,I1200,3678.0,3682.0,green,2
J828,I1327,4200.0,4214.0,brown,2
J720,I584,1469.0,1477.0,green,5
J720,I1928,6970.0,6976.0,green,1
J1242,I1549,5259.0,5273.0,green,2
J1242,I1580,5371.0,5372.0,brown,1
J1242,I2253,8348.0,8358.0,green,2
J1242,I2648,9898.0,9901.0,green,1
J82,I243,476.0,479.0,green,2
J82,I1203,3695.0,3719.0,green,1
J1673,I2723,10130.0,10134.0,green,2
J1673,I2915,10702.0,10703.0,green,1
J1673,I3043,11075.0,11078.0,brown,1
J242,I87,127.0,128.0,green,1
J242,I279,563.0,573.0,green,1
J763,I164,302.0,303.0,green,1
J763,I260,524.0,526.0,green,2
J763,I708,1864.0,1870.0,green,1
J763,I1188,3624.0,3628.0,green,1
J1177,I1676,5803.0,5809.0,green,1
J1177,I1708,5958.0,5973.0,green,2
J1177,I1772,6267.0,6271.0,green,1
J40,I5,6.0,11.0,green,3
J954,I1983,7169.0,7177.0,green,2
J954,I1999,7230.0,7252.0,green,2
J1358,I2027,7395.0,7396.0,green,1
J1358,I2123,7824.0,7832.0,green,4
J859,I1017,2955.0,2957.0,green,1
J859,I1785,6321.0,6324.0,green,3
J914,I1612,5518.0,5520.0,brown,1
J914,I1788,6327.0,6330.0,brown,2
J914,I1804,6387.0,6388.0,brown,1
J914,I1948,7043.0,7046.0,brown,1
J914,I2476,9272.0,9278.0,brown,1
J1227,I2916,10703.0,10709.0,green,1
J1227,I2944,10780.0,10786.0,green,1
J572,I986,2853.0,2860.0,green,1
J572,I1337,4248.0,4249.0,brown,1
J572,I1401,4588.0,4610.0,brown,2
J1026,I1776,6285.0,6287.0,green,2
J1026,I1936,6999.0,7007.0,green,2
J1170,I2179,8051.0,8064.0,green,2
J1170,I3083,11199.0,11210.0,green,1
J156,I432,992.0,995.0,brown,1
J156,I2073,7582.0,7589.0,green,4
J156,I2269,8453.0,8463.0,green,1
J1174,I2270,8463.0,8465.0,green,1
J1670,I2259,8380.0,8381.0,green,1
J1670,I2323,8679.0,8681.0,green,1
J1670,I2419,9057.0,9061.0,green,1
J1980,I1319,4185.0,4187.0,brown,2
J1980,I3208,11497.0,11501.0,green,1
J1980,I3409,11915.0,11920.0,green,1
J1300,I2060,7531.0,7534.0,green,1
J1300,I2347,8775.0,8784.0,brown,2
J1300,I2364,8843.0,8851.0,green,1
J118,I111,181.0,182.0,green,1
J118,I143,247.0,249.0,green,2
J118,I279,563.0,573.0,green,3
J386,I210,406.0,407.0,green,1
J386,I242,473.0,476.0,green,1
J386,I274,556.0,558.0,green,2
J386,I1362,4376.0,4384.0,green,1
J386,I1714,6000.0,6002.0,green,1
J944,I1456,4800.0,4810.0,brown,1
J944,I2673,9976.0,9979.0,green,1
J944,I2897,10654.0,10658.0,green,1
J944,I3089,11221.0,11222.0,green,1
J998,I1196,3669.0,3674.0,green,3
J998,I1708,5958.0,5973.0,green,3
J209,I110,172.0,181.0,green,3
J858,I1414,4651.0,4656.0,green,1
J858,I1702,5910.0,5911.0,green,1
J858,I2246,8311.0,8321.0,green,3
J1152,I527,1269.0,1272.0,brown,1
J1152,I719,1901.0,1909.0,brown,1
J1611,I1203,3695.0,3719.0,green,1
J1611,I1266,3989.0,3991.0,brown,1
J1611,I1330,4220.0,4221.0,brown,1
J1611,I2887,10626.0,10632.0,green,3
J607,I1227,3839.0,3842.0,green,2
J1319,I438,1007.0,1009.0,brown,1
J1319,I1559,5299.0,5304.0,green,3
J1319,I2919,10713.0,10715.0,green,1
J1217,I2753,10220.0,10225.0,green,1
J1217,I2801,10368.0,10376.0,green,3
J1986,I2760,10245.0,10252.0,green,5
J1986,I3416,11930.0,11935.0,green,1
J1534,I1704,5931.0,5936.0,green,1
J1534,I2604,9767.0,9772.0,green,1
J1534,I2696,10043.0,10051.0,green,1
J366,I537,1295.0,1297.0,brown,2
J366,I1401,4588.0,4610.0,brown,2
J510,I513,1226.0,1229.0,brown,1
J510,I2018,7338.0,7355.0,green,1
J510,I2050,7484.0,7485.0,green,1
J510,I2082,7641.0,7644.0,green,1
J510,I2178,8049.0,8051.0,green,2
J581,I697,1822.0,1823.0,green,1
J581,I1081,3191.0,3199.0,green,1
J581,I1497,4975.0,4987.0,green,1
J1814,I2421,9065.0,9067.0,green,2
J1814,I2709,10079.0,10080.0,green,1
J813,I1221,3816.0,3825.0,green,2
J813,I1348,4317.0,4326.0,brown,1
J813,I1509,5043.0,5049.0,green,3
J1712,I3302,11714.0,11717.0,green,1
J1712,I3342,11790.0,11796.0,green,1
J1888,I1664,5748.0,5764.0,green,4
J653,I1057,3091.0,3097.0,green,1
J653,I1185,3607.0,3611.0,green,1
J627,I764,2065.0,2072.0,brown,1
J627,I1501,5000.0,5012.0,green,3
J496,I679,1764.0,1768.0,green,1
J496,I1063,3108.0,3110.0,green,2
J24,I1465,4852.0,4853.0,green,1
J24,I1497,4975.0,4987.0,green,4
J1699,I2439,9120.0,9128.0,green,2
J1699,I3375,11853.0,11855.0,green,1
J1699,I3387,11877.0,11880.0,green,2
J1699,I3399,11899.0,11900.0,green,1
J1028,I1377,4454.0,4460.0,green,3
J1028,I2817,10428.0,10431.0,green,1
J1028,I2857,10540.0,10542.0,green,1
J1398,I1711,5985.0,5995.0,green,3
J1398,I1775,6279.0,6285.0,green,1
J1398,I2719,10100.0,10112.0,green,2
J1916,I2849,10524.0,10528.0,green,2
J466,I611,1552.0,1556.0,green,2
J466,I1219,3785.0,3793.0,green,1
J987,I990,2865.0,2878.0,green,3
J987,I1726,6046.0,6058.0,green,3
J333,I705,1857.0,1861.0,green,2
J333,I768,2078.0,2083.0,brown,2
J1816,I1173,3545.0,3550.0,brown,1
J1816,I2102,7738.0,7748.0,green,1
J1816,I2934,10759.0,10761.0,green,1
J1816,I3206,11492.0,11496.0,green,1
J1816,I3222,11527.0,11530.0,green,1
J1816,I3238,11567.0,11568.0,green,1
J1517,I1164,3510.0,3512.0,brown,2
J1517,I2829,10464.0,10466.0,green,1
J1517,I2941,10775.0,10778.0,green,1
J1687,I2124,7832.0,7834.0,green,1
J1687,I2316,8653.0,8658.0,green,1
J902,I2732,10164.0,10165.0,green,1
J1322,I1790,6334.0,6336.0,brown,2
J1322,I2847,10520.0,10523.0,green,1
J1322,I2855,10535.0,10539.0,green,1
J1646,I772,2096.0,2098.0,brown,1
J1646,I804,2219.0,2220.0,brown,1
J1646,I2821,10434.0,10437.0,green,1
J1646,I2885,10620.0,10624.0,green,2
J1646,I3301,11710.0,11714.0,green,1
J896,I1595,5438.0,5441.0,brown,1
J896,I1628,5596.0,5603.0,green,4
J896,I2076,7591.0,7607.0,green,1
J1681,I1862,6695.0,6699.0,green,3
J1681,I2438,9118.0,9120.0,green,1
J1681,I2759,10240.0,10245.0,green,1
J1336,I2034,7414.0,7419.0,brown,1
J1336,I2059,7526.0,7531.0,green,2
J1336,I2282,8497.0,8501.0,brown,1
J1336,I2314,8648.0,8651.0,brown,1
J1336,I2602,9765.0,9766.0,brown,1
J639,I805,2220.0,2222.0,brown,2
J639,I1349,4326.0,4336.0,brown,2
J363,I564,1410.0,1412.0,brown,1
J363,I788,2157.0,2164.0,brown,1
J1530,I2653,9916.0,9921.0,green,2
J1530,I3317,11744.0,11748.0,green,2
J1530,I3329,11765.0,11766.0,green,1
J600,I1065,3115.0,3119.0,green,4
J600,I1097,3260.0,3263.0,green,1
J600,I1161,3497.0,3501.0,brown,1
J35,I109,170.0,172.0,green,2
J35,I141,242.0,243.0,green,1
J35,I149,259.0,262.0,green,2
J35,I269,545.0,547.0,green,1
J1600,I2642,9877.0,9879.0,green,2
J1600,I2770,10271.0,10278.0,green,1
J1600,I2962,10829.0,10833.0,brown,2
J154,I1438,4727.0,4730.0,green,1
J154,I1470,4875.0,4882.0,green,4
J1521,I2120,7813.0,7818.0,green,4
J358,I852,2345.0,2349.0,brown,2
J358,I2269,8453.0,8463.0,green,3
J358,I2437,9115.0,9118.0,green,1
J1131,I1726,6046.0,6058.0,green,2
J434,I117,194.0,203.0,green,2
J635,I237,461.0,462.0,brown,1
J635,I333,716.0,722.0,brown,2
J635,I461,1084.0,1090.0,brown,1
J635,I493,1169.0,1173.0,brown,1
J1751,I569,1418.0,1420.0,brown,1
J1751,I2554,9620.0,9622.0,green,2
J1751,I2682,9999.0,10001.0,green,2
J1751,I3066,11137.0,11143.0,green,1
J1634,I1626,5588.0,5590.0,green,1
J1634,I2570,9685.0,9689.0,green,1
J1634,I2810,10404.0,10406.0,green,1
J1634,I2874,10589.0,10596.0,green,2
J494,I775,2108.0,2113.0,brown,1
J494,I1512,5052.0,5058.0,green,2
J494,I1544,5212.0,5219.0,green,1
J494,I1683,5840.0,5843.0,green,2
J1280,I990,2865.0,2878.0,green,2
J1280,I2078,7609.0,7617.0,green,2
J1280,I2538,9537.0,9543.0,green,2
J45,I191,364.0,365.0,green,1
J45,I1087,3216.0,3227.0,green,5
J345,I1556,5289.0,5291.0,green,1
J345,I1780,6295.0,6304.0,green,3
J345,I1812,6414.0,6420.0,green,1
J1982,I2492,9328.0,9330.0,brown,2
J1982,I3100,11252.0,11253.0,brown,1
J166,I417,948.0,955.0,green,6
J571,I2378,8895.0,8902.0,green,1
J1941,I2734,10166.0,10168.0,green,2
J1941,I2862,10555.0,10559.0,green,2
J1941,I3086,11214.0,11217.0,green,1
J128,I113,187.0,189.0,green,2
J128,I209,403.0,406.0,green,1
J1367,I1762,6230.0,6236.0,brown,1
J1367,I2179,8051.0,8064.0,green,2
J1780,I718,1897.0,1901.0,brown,1
J1780,I2319,8670.0,8673.0,green,1
J1780,I2735,10168.0,10171.0,green,1
J1780,I3087,11217.0,11218.0,green,1
J412,I1111,3321.0,3324.0,green,1
J412,I1411,4638.0,4646.0,green,2
J1182,I2651,9909.0,9915.0,green,1
J232,I706,1861.0,1862.0,green,1
J232,I1314,4156.0,4160.0,green,1
J1784,I1779,6294.0,6295.0,green,1
J1784,I1875,6767.0,6772.0,brown,1
J1784,I2067,7549.0,7552.0,green,3
J463,I245,485.0,486.0,green,1
J463,I277,560.0,561.0,green,1
J463,I1045,3050.0,3053.0,green,1
J463,I1109,3307.0,3312.0,green,2
J208,I134,231.0,234.0,green,1
J208,I166,304.0,305.0,green,1
J52,I720,1909.0,1911.0,brown,1
J52,I816,2249.0,2250.0,brown,1
J52,I1553,5276.0,5282.0,green,4
J754,I1362,4376.0,4384.0,green,3
J754,I1810,6396.0,6412.0,green,3
J1212,I328,707.0,709.0,brown,1
J1212,I2429,9088.0,9091.0,green,2
J1548,I1667,5770.0,5773.0,green,1
J1548,I2919,10713.0,10715.0,green,1
J906,I1379,4465.0,4477.0,green,2
J906,I2151,7940.0,7944.0,green,3
J906,I2179,8051.0,8064.0,green,1
J790,I335,731.0,735.0,brown,3
J790,I2272,8467.0,8469.0,green,1
J790,I2672,9975.0,9976.0,green,1
J1092,I1450,4775.0,4781.0,brown,1
J1092,I1483,4926.0,4930.0,green,4
J1100,I1664,5748.0,5764.0,green,2
J1100,I2240,8281.0,8290.0,green,2
J1100,I2688,10013.0,10021.0,green,1
J1114,I2078,7609.0,7617.0,green,2
J1114,I2220,8210.0,8215.0,green,2
J165,I442,1023.0,1028.0,brown,4
J165,I1851,6637.0,6655.0,green,1
J1792,I2984,10908.0,10911.0,brown,3
J605,I1519,5079.0,5094.0,green,4
J544,I1401,4588.0,4610.0,brown,1
J544,I2268,8438.0,8453.0,green,1
J1759,I1328,4214.0,4218.0,brown,2
J1759,I2801,10368.0,10376.0,green,2
J881,I494,1173.0,1175.0,brown,1
J881,I623,1603.0,1606.0,green,3
J881,I1071,3136.0,3138.0,green,2
J660,I1425,4680.0,4685.0,green,1
J660,I2153,7948.0,7959.0,green,2
J84,I2112,7782.0,7785.0,green,3
J84,I2624,9817.0,9827.0,green,2
J693,I439,1009.0,1011.0,brown,2
J693,I3072,11156.0,11162.0,green,4
J1470,I1759,6216.0,6223.0,brown,3
J1470,I2495,9337.0,9346.0,brown,1
J1305,I2446,9145.0,9154.0,green,2
J1093,I1432,4708.0,4712.0,green,3
J79,I733,1952.0,1968.0,brown,1
J79,I797,2183.0,2189.0,brown,1
J79,I1118,3348.0,3353.0,green,3
J1456,I2567,9667.0,9677.0,green,2
J73,I1524,5100.0,5112.0,green,2
J968,I1081,3191.0,3199.0,green,2
J968,I1657,5725.0,5726.0,green,1
J968,I1784,6313.0,6321.0,green,2
J911,I580,1457.0,1458.0,green,1
J911,I676,1755.0,1756.0,green,1
J911,I708,1864.0,1870.0,green,1
J911,I1060,3103.0,3105.0,green,1
J911,I1349,4326.0,4336.0,brown,1
J911,I1716,6008.0,6014.0,green,1
J336,I2853,10532.0,10533.0,green,1
J336,I2949,10796.0,10800.0,green,4
J336,I3237,11563.0,11567.0,green,1
J1654,I2347,8775.0,8784.0,brown,2
J1610,I2694,10032.0,10037.0,green,4
J1610,I2758,10231.0,10240.0,green,1
J284,I407,922.0,926.0,green,4
J284,I1527,5124.0,5135.0,green,2
J198,I287,591.0,594.0,green,2
J198,I415,941.0,945.0,green,3
J198,I510,1214.0,1217.0,brown,1
J543,I1135,3416.0,3425.0,green,6
J1304,I2224,8223.0,8225.0,green,1
J1304,I2624,9817.0,9827.0,green,1
J1304,I2640,9873.0,9875.0,green,2
J1603,I1754,6194.0,6196.0,brown,1
J1603,I2363,8837.0,8843.0,green,3
J1718,I430,987.0,988.0,brown,1
J1718,I462,1090.0,1092.0,brown,1
J1718,I1935,6990.0,6999.0,green,2
J1106,I1271,4001.0,4004.0,brown,2
J1106,I1335,4233.0,4247.0,brown,1
J1106,I2696,10043.0,10051.0,green,1
J1106,I2840,10496.0,10497.0,green,1
J1106,I2872,10583.0,10586.0,green,1
J947,I1286,4030.0,4040.0,green,5
J947,I1445,4751.0,4754.0,brown,1
J1258,I1999,7230.0,7252.0,green,6
J1296,I2742,10192.0,10201.0,green,6
J1430,I1730,6076.0,6079.0,brown,3
J1430,I1762,6230.0,6236.0,brown,1
J1430,I2083,7644.0,7652.0,green,1
J1430,I2371,8865.0,8872.0,green,1
J558,I355,783.0,787.0,brown,1
J558,I612,1556.0,1557.0,green,1
J558,I1188,3624.0,3628.0,green,2
J558,I1290,4052.0,4061.0,green,1
J733,I1062,3106.0,3108.0,green,1
J733,I1126,3387.0,3390.0,green,1
J733,I1445,4751.0,4754.0,brown,1
J204,I233,452.0,455.0,brown,1
J204,I1770,6259.0,6261.0,green,1
J204,I2378,8895.0,8902.0,green,3
J1276,I1269,3993.0,3995.0,brown,2
J1276,I2774,10283.0,10288.0,green,1
J788,I360,799.0,800.0,brown,1
J788,I1736,6103.0,6112.0,brown,2
J788,I2091,7688.0,7693.0,green,2
J788,I2123,7824.0,7832.0,green,1
J1728,I2292,8542.0,8543.0,brown,1
J1728,I2964,10836.0,10839.0,brown,1
J613,I40,57.0,59.0,green,2
J613,I296,618.0,620.0,green,1
J613,I1032,3008.0,3013.0,green,1
J1560,I2844,10507.0,10511.0,green,2
J1560,I3404,11908.0,11910.0,green,1
J1560,I3420,11939.0,11940.0,green,1
J1853,I1597,5444.0,5448.0,brown,2
J1853,I3262,11630.0,11634.0,green,1
J1853,I3374,11851.0,11853.0,green,1
J1374,I1100,3271.0,3274.0,green,1
J1374,I1451,4781.0,4782.0,brown,1
J1374,I1611,5501.0,5518.0,brown,1
J380,I2,2.0,3.0,green,1
J380,I8,13.0,15.0,green,1
J380,I17,23.0,24.0,green,1
J380,I22,30.0,31.0,green,1
J380,I34,46.0,47.0,green,1
J380,I194,370.0,375.0,green,1
J652,I1136,3425.0,3426.0,green,1
J652,I2164,7983.0,7997.0,green,3
J1487,I2889,10633.0,10636.0,green,3
J1487,I2945,10786.0,10790.0,green,3
J933,I2729,10158.0,10159.0,green,1
J933,I3081,11188.0,11196.0,green,4
J933,I3337,11781.0,11783.0,green,1
J137,I1028,2998.0,3000.0,green,2
J137,I1220,3793.0,3816.0,green,2
J973,I606,1534.0,1538.0,green,1
J973,I702,1845.0,1849.0,green,2
J973,I990,2865.0,2878.0,green,3
J912,I2233,8259.0,8260.0,green,1
J912,I2361,8828.0,8836.0,green,2
J912,I2441,9129.0,9140.0,green,2
J1616,I1163,3507.0,3510.0,brown,1
J1616,I1387,4511.0,4518.0,brown,2
J1616,I2156,7963.0,7964.0,green,1
J1616,I2604,9767.0,9772.0,green,1
J398,I231,447.0,450.0,brown,2
J1652,I1203,3695.0,3719.0,green,2
J1652,I2931,10754.0,10756.0,green,2
J1966,I2605,9772.0,9778.0,green,3
J1966,I2988,10922.0,10923.0,brown,1
J1966,I3036,11056.0,11057.0,brown,1
J1966,I3052,11104.0,11105.0,brown,1
J850,I341,750.0,753.0,brown,1
J1202,I1506,5023.0,5025.0,green,1
J1202,I2114,7788.0,7793.0,green,3
J1957,I2171,8027.0,8031.0,green,1
J1957,I2267,8436.0,8438.0,green,1
J273,I257,515.0,522.0,green,1
J273,I1119,3353.0,3368.0,green,2
J780,I1254,3945.0,3949.0,green,2
J780,I1686,5849.0,5854.0,green,1
J780,I2022,7367.0,7381.0,green,1
J780,I2150,7937.0,7940.0,green,1
J780,I2230,8243.0,8254.0,green,1
J1446,I1818,6456.0,6461.0,green,4
J1446,I2266,8431.0,8436.0,green,2
J1108,I1554,5282.0,5286.0,green,4
J1108,I1586,5395.0,5402.0,brown,2
J1087,I1103,3278.0,3280.0,green,2
J1087,I1423,4678.0,4679.0,green,1
J1087,I1679,5822.0,5823.0,green,1
J1087,I1935,6990.0,6999.0,green,2
J547,I1315,4160.0,4163.0,green,1
J547,I2552,9598.0,9616.0,green,4
J1395,I1540,5189.0,5201.0,green,5
J1395,I2084,7652.0,7662.0,green,1
J1069,I1112,3324.0,3328.0,green,2
J1069,I1784,6313.0,6321.0,green,1
J1361,I1941,7014.0,7019.0,green,3
J1361,I2517,9412.0,9419.0,green,1
J1679,I2527,9464.0,9468.0,green,2
J1679,I2559,9633.0,9639.0,green,4
J1899,I1826,6516.0,6518.0,brown,1
J1899,I2147,7930.0,7931.0,green,1
J1899,I3331,11769.0,11773.0,green,1
J1899,I3403,11905.0,11908.0,green,3
J1179,I1724,6040.0,6044.0,green,2
J1179,I1772,6267.0,6271.0,green,2
J1179,I2044,7453.0,7467.0,green,2
J1219,I2495,9337.0,9346.0,brown,1
J1219,I3103,11255.0,11257.0,brown,1
J1219,I3330,11766.0,11769.0,green,1
J1537,I717,1895.0,1897.0,brown,1
J1537,I1358,4362.0,4364.0,green,2
J1239,I1217,3775.0,3779.0,green,2
J1239,I1849,6629.0,6634.0,green,3
J809,I1039,3036.0,3044.0,green,2
J809,I1199,3677.0,3678.0,green,1
J396,I873,2426.0,2432.0,brown,2
J396,I2556,9628.0,9630.0,green,1
J801,I1189,3628.0,3633.0,green,3
J801,I1413,4648.0,4651.0,green,2
J801,I2357,8816.0,8824.0,green,1
J556,I1037,3029.0,3030.0,green,1
J556,I1069,3132.0,3133.0,green,1
J556,I1357,4353.0,4362.0,green,3
J556,I1529,5137.0,5142.0,green,1
J1655,I1179,3570.0,3582.0,brown,1
J1655,I2364,8843.0,8851.0,green,3
J1655,I2948,10792.0,10796.0,green,1
J1155,I1560,5304.0,5308.0,green,3
J1155,I2520,9431.0,9432.0,green,1
J1155,I2664,9951.0,9954.0,green,2
J1233,I2111,7774.0,7782.0,green,2
J1233,I2655,9922.0,9932.0,green,1
J1233,I3215,11515.0,11518.0,green,3
J1564,I771,2093.0,2096.0,brown,1
J1564,I2532,9477.0,9507.0,green,2
J1734,I798,2189.0,2191.0,brown,1
J1734,I2655,9922.0,9932.0,green,1
J116,I1411,4638.0,4646.0,green,2
J116,I1507,5025.0,5038.0,green,1
J116,I2115,7793.0,7794.0,green,1
J116,I2627,9838.0,9843.0,green,2
J1706,I2555,9622.0,9628.0,green,6
J666,I1514,5059.0,5063.0,green,1
J666,I2090,7675.0,7688.0,green,1
J666,I3090,11222.0,11224.0,green,2
J1251,I2012,7308.0,7320.0,green,2
J1251,I2364,8843.0,8851.0,green,2
J1251,I2868,10571.0,10575.0,green,2
J96,I248,496.0,497.0,green,1
J96,I280,573.0,575.0,green,1
J96,I440,1011.0,1021.0,brown,2
J1225,I1127,3390.0,3394.0,green,1
J1225,I1671,5776.0,5793.0,green,5
J77,I256,512.0,515.0,green,3
J77,I288,594.0,595.0,green,1
J77,I712,1875.0,1881.0,green,2
J1591,I1263,3978.0,3979.0,brown,1
J1591,I2128,7842.0,7844.0,green,2
J1123,I1780,6295.0,6304.0,green,1
J1123,I2916,10703.0,10709.0,green,3
J922,I1622,5574.0,5577.0,green,3
J922,I1782,6310.0,6311.0,green,1
J721,I491,1164.0,1166.0,brown,1
J721,I1611,5501.0,5518.0,brown,1
J721,I1660,5737.0,5739.0,green,1
J304,I598,1515.0,1516.0,green,1
J304,I1014,2948.0,2950.0,green,2
J304,I1366,4395.0,4400.0,green,2
J1,I1327,4200.0,4214.0,brown,1
J1,I1472,4889.0,4893.0,green,2
J1,I2116,7794.0,7802.0,green,3
J682,I1216,3770.0,3775.0,green,2
J682,I1664,5748.0,5764.0,green,2
J887,I757,2046.0,2047.0,brown,1
J887,I1110,3312.0,3321.0,green,2
J887,I1706,5941.0,5953.0,green,1
J1455,I2625,9827.0,9834.0,green,3
J87,I38,54.0,56.0,green,1
J87,I102,158.0,159.0,green,1
J87,I142,243.0,247.0,green,2
J623,I1230,3845.0,3853.0,green,1
J623,I1294,4072.0,4077.0,green,2
J623,I1774,6275.0,6279.0,green,1
J623,I1982,7158.0,7169.0,green,2
J1763,I2518,9419.0,9430.0,green,6
J1647,I1546,5229.0,5240.0,green,4
J1647,I2900,10663.0,10665.0,green,1
J1355,I1160,3495.0,3497.0,brown,1
J1355,I3241,11573.0,11577.0,green,4
J1662,I234,455.0,458.0,brown,3
J1345,I1317,4164.0,4179.0,green,2
J1345,I2533,9507.0,9521.0,green,2
J1345,I2557,9630.0,9631.0,green,1
J1567,I1268,3992.0,3993.0,brown,1
J1567,I1332,4224.0,4230.0,brown,1
J1567,I2325,8688.0,8689.0,green,1
J1567,I3246,11591.0,11600.0,green,1
J1567,I3253,11613.0,11614.0,green,1
J1135,I539,1303.0,1304.0,brown,1
J1135,I571,1424.0,1427.0,brown,3
J1135,I1468,4859.0,4868.0,green,1
J1135,I2300,8565.0,8570.0,green,1
J706,I1357,4353.0,4362.0,green,1
J706,I1456,4800.0,4810.0,brown,2
J706,I1549,5259.0,5273.0,green,1
J861,I1473,4893.0,4894.0,green,1
J861,I2625,9827.0,9834.0,green,2
J861,I2849,10524.0,10528.0,green,1
J861,I2913,10696.0,10701.0,green,1
J1866,I2532,9477.0,9507.0,green,2
J1866,I2852,10530.0,10532.0,green,1
J1866,I2884,10615.0,10620.0,green,3
J507,I667,1730.0,1737.0,brown,2
J507,I1692,5871.0,5872.0,green,1
J507,I2076,7591.0,7607.0,green,3
J98,I1117,3345.0,3348.0,green,1
J98,I1469,4868.0,4875.0,green,1
J1565,I2267,8436.0,8438.0,green,1
J1565,I2299,8551.0,8565.0,green,5
J575,I1387,4511.0,4518.0,brown,1
J575,I2796,10358.0,10361.0,green,1
J575,I2924,10724.0,10731.0,green,1
J1865,I2944,10780.0,10786.0,green,1
J1865,I3039,11060.0,11063.0,brown,1
J1405,I1999,7230.0,7252.0,green,1
J1405,I2255,8361.0,8373.0,green,1
J20,I295,617.0,618.0,green,1
J20,I455,1063.0,1068.0,green,2
J1599,I2084,7652.0,7662.0,green,3
J1599,I3342,11790.0,11796.0,green,1
J1158,I1545,5219.0,5229.0,green,1
J1158,I1736,6103.0,6112.0,brown,2
J1115,I2675,9980.0,9982.0,green,1
J1115,I2867,10569.0,10571.0,green,2
J1115,I2899,10661.0,10663.0,green,2
J1552,I1577,5363.0,5368.0,brown,2
J1552,I1801,6376.0,6377.0,brown,1
J1552,I1866,6719.0,6727.0,green,1
J1552,I1961,7103.0,7114.0,brown,1
J1552,I2122,7822.0,7824.0,green,1
J449,I2766,10261.0,10263.0,green,1
J449,I2926,10735.0,10747.0,green,2
J1870,I3082,11196.0,11199.0,green,3
J1870,I3210,11502.0,11505.0,green,2
J1870,I3250,11603.0,11607.0,green,1
J1989,I2015,7324.0,7330.0,green,1
J1989,I2030,7399.0,7402.0,brown,1
J1989,I3102,11254.0,11255.0,brown,1
J1989,I3425,11946.0,11948.0,green,2
J7,I30,41.0,42.0,green,1
J7,I31,42.0,44.0,green,1
J7,I91,131.0,132.0,green,1
J7,I124,213.0,216.0,brown,1
J7,I219,424.0,425.0,green,1
J7,I251,501.0,503.0,green,1
J254,I336,735.0,740.0,brown,2
J254,I2129,7844.0,7854.0,green,1
J268,I261,526.0,527.0,green,1
J268,I613,1557.0,1558.0,green,1
J268,I677,1756.0,1760.0,green,4
J445,I2379,8902.0,8905.0,green,1
J445,I2571,9689.0,9695.0,green,3
J766,I1351,4337.0,4338.0,brown,1
J766,I1352,4338.0,4339.0,green,1
J1107,I800,2193.0,2209.0,brown,1
J1107,I1313,4153.0,4156.0,green,1
J1107,I2169,8022.0,8026.0,green,1
J1016,I2164,7983.0,7997.0,green,1
J1016,I2324,8681.0,8688.0,green,3
J1016,I2772,10279.0,10282.0,green,2
J1363,I2023,7381.0,7389.0,green,4
J1235,I1446,4754.0,4762.0,brown,4
J1235,I2535,9522.0,9529.0,green,2
J1214,I1560,5304.0,5308.0,green,1
J1214,I1591,5420.0,5426.0,brown,1
J1214,I2360,8826.0,8828.0,green,1
J330,I760,2056.0,2060.0,brown,1
J330,I1209,3745.0,3746.0,green,1
J330,I1693,5872.0,5877.0,green,3
J330,I1851,6637.0,6655.0,green,1
J298,I444,1030.0,1038.0,brown,2
J298,I1437,4724.0,4727.0,green,1
J298,I2413,9034.0,9036.0,green,2
J298,I2525,9449.0,9463.0,green,1
J574,I2907,10686.0,10688.0,green,2
J419,I1043,3048.0,3049.0,green,1
J419,I1075,3150.0,3156.0,green,4
J518,I179,337.0,344.0,green,1
J518,I338,743.0,746.0,brown,1
J518,I594,1502.0,1509.0,brown,4
J1963,I1259,3962.0,3966.0,brown,1
J1963,I1323,4190.0,4195.0,brown,2
J1878,I1733,6089.0,6095.0,brown,1
J1878,I2758,10231.0,10240.0,green,1
J1878,I3204,11486.0,11487.0,green,1
J1058,I1706,5941.0,5953.0,green,2
J1058,I1753,6188.0,6194.0,brown,1
J1058,I1850,6634.0,6637.0,green,1
J1302,I1456,4800.0,4810.0,brown,3
J1302,I2937,10764.0,10765.0,green,1
J1302,I2951,10801.0,10807.0,green,2
J1416,I2010,7303.0,7307.0,green,1
J1416,I2874,10589.0,10596.0,green,1
J1416,I2890,10636.0,10646.0,green,2
J1371,I810,2233.0,2238.0,brown,1
J1371,I858,2377.0,2379.0,brown,1
J1371,I1371,4427.0,4436.0,green,1
J1371,I1851,6637.0,6655.0,green,3
J1377,I774,2100.0,2108.0,brown,1
J1377,I2055,7498.0,7510.0,green,3
J1377,I2695,10037.0,10043.0,green,1
J1377,I2727,10141.0,10156.0,green,1
J883,I2754,10225.0,10227.0,green,1
J883,I3234,11556.0,11560.0,green,1
J883,I3250,11603.0,11607.0,green,2
J1033,I1583,5374.0,5387.0,brown,1
J1033,I2096,7702.0,7704.0,green,1
J1033,I2304,8586.0,8595.0,green,1
J1033,I2624,9817.0,9827.0,green,2
J135,I444,1030.0,1038.0,brown,2
J856,I996,2893.0,2899.0,green,2
J856,I1220,3793.0,3816.0,green,2
J1057,I1359,4364.0,4373.0,green,2
J1057,I1711,5985.0,5995.0,green,1
J97,I206,399.0,400.0,green,1
J97,I238,462.0,463.0,brown,1
J97,I270,547.0,548.0,green,1
J97,I414,937.0,941.0,green,1
J97,I622,1599.0,1603.0,green,1
J97,I686,1787.0,1788.0,green,1
J1097,I733,1952.0,1968.0,brown,1
J1097,I2718,10094.0,10100.0,green,2
J529,I405,910.0,917.0,green,3
J529,I629,1630.0,1634.0,green,1
J529,I1206,3732.0,3733.0,green,1
J1323,I1802,6377.0,6383.0,brown,2
J1672,I2525,9449.0,9463.0,green,4
J1287,I1765,6241.0,6246.0,brown,3
J1244,I2008,7299.0,7301.0,green,2
J1244,I2040,7434.0,7439.0,green,2
J1244,I2090,7675.0,7688.0,green,2
J712,I510,1214.0,1217.0,brown,1
J712,I2719,10100.0,10112.0,green,1
J385,I768,2078.0,2083.0,brown,1
J385,I800,2193.0,2209.0,brown,2
J1958,I2604,9767.0,9772.0,green,1
J1958,I2828,10457.0,10464.0,green,4
J1958,I2860,10553.0,10554.0,green,1
J58,I1110,3312.0,3321.0,green,2
J716,I2850,10528.0,10529.0,green,1
J716,I2882,10610.0,10614.0,green,1
J716,I2884,10615.0,10620.0,green,1
J161,I266,540.0,542.0,green,1
J161,I298,627.0,633.0,green,3
J161,I1546,5229.0,5240.0,green,1
J863,I300,635.0,641.0,green,3
J863,I1468,4859.0,4868.0,green,2
J943,I1600,5457.0,5459.0,brown,1
J943,I1697,5888.0,5892.0,green,1
J943,I1729,6070.0,6076.0,green,1
J943,I1760,6223.0,6229.0,brown,1
J943,I2049,7479.0,7484.0,green,2
J707,I796,2179.0,2183.0,brown,1
J707,I1501,5000.0,5012.0,green,3
J282,I583,1466.0,1469.0,green,3
J282,I679,1764.0,1768.0,green,3
J695,I464,1096.0,1098.0,brown,2
J695,I625,1608.0,1613.0,green,1
J695,I1105,3282.0,3292.0,green,1
J695,I1553,5276.0,5282.0,green,1
J741,I1532,5147.0,5150.0,green,1
J741,I1564,5322.0,5323.0,green,1
J741,I3076,11170.0,11182.0,green,2
J374,I724,1921.0,1923.0,brown,2
J374,I1194,3650.0,3663.0,green,2
J1896,I1852,6655.0,6657.0,green,2
J1896,I2012,7308.0,7320.0,green,3
J381,I632,1639.0,1644.0,green,1
J381,I1368,4402.0,4411.0,green,1
J381,I1656,5719.0,5725.0,green,2
J1208,I1551,5274.0,5275.0,green,1
J1293,I1994,7207.0,7208.0,green,1
J1293,I2026,7393.0,7395.0,green,1
J1293,I2552,9598.0,9616.0,green,4
J1005,I2566,9661.0,9667.0,green,4
J866,I1097,3260.0,3263.0,green,1
J866,I1289,4044.0,4052.0,green,1
J866,I1417,4658.0,4667.0,green,2
J866,I1563,5311.0,5322.0,green,1
J1167,I3066,11137.0,11143.0,green,3
J1781,I2912,10694.0,10696.0,green,1
J1781,I2983,10905.0,10908.0,brown,1
J1781,I3039,11060.0,11063.0,brown,2
J1781,I3055,11108.0,11109.0,brown,1
J1781,I3316,11740.0,11744.0,green,1
J393,I601,1519.0,1523.0,green,2
J393,I1379,4465.0,4477.0,green,4
J1161,I1040,3044.0,3046.0,green,1
J1161,I2304,8586.0,8595.0,green,2
J1835,I1507,5025.0,5038.0,green,1
J1835,I3267,11641.0,11643.0,green,1
J1978,I2643,9879.0,9886.0,green,3
J1978,I3219,11522.0,11524.0,green,1
J1765,I1182,3591.0,3595.0,brown,1
J1765,I2143,7918.0,7923.0,green,2
J1765,I2655,9922.0,9932.0,green,1
J1765,I3359,11831.0,11832.0,green,1
J1765,I3371,11846.0,11848.0,green,1
J1419,I2162,7980.0,7982.0,green,2
J1419,I2226,8234.0,8239.0,green,4
J1477,I1810,6396.0,6412.0,green,1
J1477,I2098,7706.0,7710.0,green,1
J1477,I2834,10476.0,10485.0,green,4
J1346,I2075,7590.0,7591.0,green,1
J1411,I2291,8532.0,8542.0,brown,1
J1411,I2324,8681.0,8688.0,green,2
J1411,I2524,9448.0,9449.0,green,1
J1411,I2556,9628.0,9630.0,green,1
J1592,I1170,3526.0,3530.0,brown,2
J1592,I2939,10766.0,10769.0,green,2
J215,I1981,7153.0,7158.0,green,3
J215,I2111,7774.0,7782.0,green,3
J37,I131,226.0,229.0,green,3
J1013,I2441,9129.0,9140.0,green,2
J80,I2446,9145.0,9154.0,green,4
J80,I3092,11226.0,11235.0,green,1
J1748,I24,34.0,36.0,green,2
J1748,I2936,10762.0,10764.0,green,2
J1748,I2948,10792.0,10796.0,green,1
J244,I168,306.0,313.0,green,4
J171,I275,558.0,559.0,green,1
J171,I283,578.0,580.0,green,2
J171,I291,599.0,602.0,green,1
J171,I455,1063.0,1068.0,green,1
J230,I1119,3353.0,3368.0,green,3
J939,I2130,7854.0,7868.0,green,2
J939,I3394,11890.0,11892.0,green,2
J939,I3401,11903.0,11904.0,green,1
J939,I3406,11911.0,11912.0,green,1
J687,I1230,3845.0,3853.0,green,3
J687,I2104,7751.0,7757.0,green,1
J1732,I2609,9786.0,9790.0,green,4
J1732,I2641,9875.0,9877.0,green,2
J938,I1536,5170.0,5180.0,green,4
J1641,I1947,7037.0,7043.0,brown,1
J1641,I2108,7761.0,7765.0,green,4
J799,I1367,4400.0,4402.0,green,2
J799,I1399,4583.0,4584.0,brown,1
J799,I1559,5299.0,5304.0,green,1
J799,I1719,6022.0,6024.0,green,1
J1736,I2432,9093.0,9101.0,green,6
J647,I416,945.0,948.0,green,1
J647,I608,1540.0,1550.0,green,2
J647,I1056,3086.0,3091.0,green,1
J878,I414,937.0,941.0,green,2
J878,I2302,8573.0,8583.0,green,2
J1394,I2313,8645.0,8648.0,brown,3
J1795,I2752,10216.0,10220.0,green,4
J1795,I2808,10393.0,10400.0,green,1
J1819,I1691,5864.0,5871.0,green,2
J1819,I1819,6461.0,6478.0,green,2
J1819,I1851,6637.0,6655.0,green,2
J1849,I1024,2974.0,2981.0,brown,2
J1849,I3081,11188.0,11196.0,green,1
J1773,I2358,8824.0,8825.0,green,1
J1773,I3254,11614.0,11616.0,green,1
J1773,I3286,11682.0,11683.0,green,1
J1773,I3302,11714.0,11717.0,green,1
J1773,I3350,11811.0,11813.0,green,2
J710,I1303,4108.0,4114.0,green,1
J710,I1431,4707.0,4708.0,green,1
J710,I1683,5840.0,5843.0,green,1
J710,I1687,5854.0,5858.0,green,1
J796,I300,635.0,641.0,green,2
J796,I1708,5958.0,5973.0,green,2
J796,I2076,7591.0,7607.0,green,2
J651,I584,1469.0,1477.0,green,1
J651,I1468,4859.0,4868.0,green,2
J854,I2571,9689.0,9695.0,green,2
J854,I2731,10160.0,10164.0,green,2
J1852,I1347,4305.0,4317.0,brown,3
J1852,I2436,9106.0,9115.0,green,2
J181,I157,286.0,288.0,green,2
J181,I285,588.0,590.0,green,1
J181,I413,933.0,937.0,green,3
J936,I1064,3110.0,3115.0,green,1
J936,I2024,7389.0,7391.0,green,1
J936,I2704,10066.0,10069.0,green,1
J936,I2760,10245.0,10252.0,green,1
J1421,I2279,8482.0,8483.0,brown,1
J1421,I2311,8622.0,8632.0,brown,2
J1421,I2768,10265.0,10268.0,green,2
J1421,I2832,10474.0,10475.0,green,1
J750,I336,735.0,740.0,brown,2
J750,I3233,11549.0,11556.0,green,1
J81,I1664,5748.0,5764.0,green,5
J986,I1655,5715.0,5719.0,green,2
J986,I2871,10578.0,10583.0,green,1
J625,I1289,4044.0,4052.0,green,3
J625,I1673,5794.0,5800.0,green,2
J105,I1558,5297.0,5299.0,green,1
J105,I1718,6019.0,6022.0,green,3
J105,I1816,6435.0,6442.0,green,1
J105,I1942,7019.0,7022.0,green,1
J1342,I2274,8471.0,8474.0,brown,1
J1342,I2338,8745.0,8750.0,brown,3
J1474,I511,1217.0,1225.0,brown,2
J1474,I2048,7475.0,7479.0,green,1
J1474,I2304,8586.0,8595.0,green,1
J1474,I2951,10801.0,10807.0,green,1
J1489,I1973,7133.0,7137.0,brown,1
J1489,I2230,8243.0,8254.0,green,2
J1489,I2550,9594.0,9597.0,green,1
J1489,I2678,9992.0,9996.0,green,1
J513,I1272,4004.0,4009.0,brown,1
J513,I1561,5308.0,5309.0,green,1
J513,I1753,6188.0,6194.0,brown,1
J513,I2553,9616.0,9620.0,green,3
J1052,I2049,7479.0,7484.0,green,3
J709,I1394,4530.0,4532.0,brown,2
J709,I1458,4813.0,4820.0,brown,2
J709,I2099,7710.0,7720.0,green,1
J1683,I1576,5355.0,5363.0,brown,2
J1180,I1489,4946.0,4949.0,green,2
J1180,I1584,5387.0,5388.0,brown,1
J1180,I1715,6002.0,6008.0,green,3
J1689,I1672,5793.0,5794.0,green,1
J1689,I1864,6700.0,6715.0,green,3
J744,I1229,3843.0,3845.0,green,1
J744,I1549,5259.0,5273.0,green,2
J1118,I1078,3166.0,3187.0,green,5
J1118,I1430,4697.0,4707.0,green,1
J1429,I1793,6338.0,6347.0,brown,3
J1429,I1825,6495.0,6516.0,brown,2
J1429,I2098,7706.0,7710.0,green,1
J205,I540,1304.0,1306.0,brown,1
J205,I605,1526.0,1534.0,green,1
J205,I1085,3212.0,3215.0,green,3
J205,I1149,3468.0,3470.0,green,1
J275,I29,40.0,41.0,green,1
J275,I605,1526.0,1534.0,green,2
J897,I1180,3582.0,3585.0,brown,1
J897,I1773,6271.0,6275.0,green,2
J1855,I2323,8679.0,8681.0,green,1
J1855,I2419,9057.0,9061.0,green,2
J770,I467,1107.0,1108.0,brown,1
J1080,I1998,7216.0,7230.0,green,3
J868,I1408,4629.0,4631.0,green,2
J868,I1696,5886.0,5888.0,green,1
J1615,I1711,5985.0,5995.0,green,2
J1615,I1775,6279.0,6285.0,green,1
J1615,I2719,10100.0,10112.0,green,1
J1432,I1212,3757.0,3760.0,green,3
J1432,I1372,4436.0,4446.0,green,2
J1572,I1300,4100.0,4105.0,green,1
J1572,I1364,4386.0,4393.0,green,3
J899,I1463,4838.0,4849.0,green,5
J1965,I1961,7103.0,7114.0,brown,1
J1965,I3418,11936.0,11938.0,green,1
J59,I201,387.0,389.0,green,1
J59,I1113,3328.0,3332.0,green,4
J1279,I2170,8026.0,8027.0,green,1
J1279,I2234,8260.0,8263.0,green,2
J1279,I2490,9320.0,9322.0,brown,1
J140,I317,681.0,685.0,brown,1
J140,I1438,4727.0,4730.0,green,1
J140,I2014,7323.0,7324.0,green,1
J397,I669,1738.0,1743.0,brown,3
J397,I2110,7769.0,7774.0,green,3
J323,I682,1775.0,1779.0,green,4
J323,I2442,9140.0,9141.0,green,1
J1943,I2504,9377.0,9382.0,brown,2
J1943,I3305,11720.0,11722.0,green,1
J1507,I1703,5911.0,5931.0,green,4
J978,I998,2902.0,2911.0,green,1
J978,I2118,7809.0,7810.0,green,1
J978,I2168,8004.0,8022.0,green,2
J225,I110,172.0,181.0,green,2
J225,I250,499.0,501.0,green,1
J604,I1084,3207.0,3212.0,green,1
J604,I2142,7916.0,7918.0,green,2
J604,I2268,8438.0,8453.0,green,3
J1387,I665,1726.0,1729.0,brown,2
J1387,I1850,6634.0,6637.0,green,1
J1387,I2234,8260.0,8263.0,green,1
J1197,I1537,5180.0,5181.0,green,1
J1197,I1601,5459.0,5462.0,brown,2
J1197,I2089,7674.0,7675.0,green,1
J1197,I2145,7928.0,7929.0,green,1
J1197,I2227,8239.0,8240.0,green,1
J559,I1003,2919.0,2924.0,green,2
J559,I1067,3126.0,3129.0,green,1
J559,I1099,3269.0,3271.0,green,1
J1354,I2219,8193.0,8210.0,green,1
J1354,I2282,8497.0,8501.0,brown,2
J16,I39,56.0,57.0,green,1
J836,I1148,3467.0,3468.0,green,1
J836,I2300,8565.0,8570.0,green,3
J836,I2652,9915.0,9916.0,green,1
J153,I105,163.0,165.0,green,2
J153,I1661,5739.0,5744.0,green,2
J1194,I2859,10548.0,10553.0,green,2
J1194,I2947,10791.0,10792.0,green,1
J1194,I2955,10810.0,10813.0,green,2
J1449,I1289,4044.0,4052.0,green,4
J1449,I1576,5355.0,5363.0,brown,2
J53,I1211,3750.0,3757.0,green,2
J313,I1533,5150.0,5162.0,green,3
J827,I291,599.0,602.0,green,1
J827,I1251,3934.0,3938.0,green,3
J827,I2023,7381.0,7389.0,green,2
J1909,I3231,11542.0,11546.0,green,2
J1909,I3279,11669.0,11671.0,green,1
J1867,I2018,7338.0,7355.0,green,4
J1867,I2770,10271.0,10278.0,green,1
J840,I276,559.0,560.0,green,1
J840,I788,2157.0,2164.0,brown,2
J1912,I2771,10278.0,10279.0,green,1
J1912,I2835,10485.0,10486.0,green,1
J1912,I3283,11675.0,11677.0,green,2
J1912,I3395,11892.0,11893.0,green,1
J456,I497,1178.0,1182.0,brown,2
J170,I107,166.0,169.0,green,1
J170,I1291,4061.0,4069.0,green,1
J170,I1547,5240.0,5257.0,green,2
J351,I1359,4364.0,4373.0,green,1
J351,I1379,4465.0,4477.0,green,2
J945,I1703,5911.0,5931.0,green,2
J1549,I1340,4255.0,4258.0,brown,3
J1021,I1860,6690.0,6692.0,green,2
J1021,I2244,8294.0,8298.0,green,2
J1588,I2558,9631.0,9633.0,green,2
J1588,I2688,10013.0,10021.0,green,2
J292,I1057,3091.0,3097.0,green,1
J292,I1089,3228.0,3232.0,green,2
J292,I1203,3695.0,3719.0,green,1
J901,I1217,3775.0,3779.0,green,2
J901,I2129,7844.0,7854.0,green,3
J901,I2168,8004.0,8022.0,green,1
J758,I2797,10361.0,10362.0,green,1
J758,I3309,11726.0,11728.0,green,2
J758,I3341,11786.0,11790.0,green,2
J1842,I2238,8272.0,8278.0,green,5
J115,I116,193.0,194.0,green,1
J115,I148,257.0,259.0,green,1
J525,I766,2074.0,2076.0,brown,1
J525,I1471,4882.0,4889.0,green,2
J522,I1524,5100.0,5112.0,green,4
J1904,I1963,7116.0,7117.0,brown,1
J1904,I2636,9866.0,9870.0,green,4
J1636,I2382,8907.0,8918.0,green,6
J287,I2363,8837.0,8843.0,green,3
J1238,I1288,4042.0,4044.0,green,1
J1238,I2152,7944.0,7948.0,green,3
J1238,I2248,8327.0,8332.0,green,2
J806,I2132,7875.0,7887.0,green,2
J806,I2356,8811.0,8816.0,green,3
J806,I2772,10279.0,10282.0,green,1
J1176,I1371,4427.0,4436.0,green,3
J1176,I2299,8551.0,8565.0,green,1
J798,I1287,4040.0,4042.0,green,2
J798,I1479,4904.0,4916.0,green,1
J798,I1991,7194.0,7197.0,green,1
J1095,I1755,6196.0,6200.0,brown,4
J1095,I1787,6326.0,6327.0,brown,1
J1095,I1947,7037.0,7043.0,brown,1
J217,I488,1159.0,1162.0,brown,2
J217,I713,1881.0,1887.0,green,2
J217,I1129,3399.0,3401.0,green,1
J217,I1317,4164.0,4179.0,green,1
J1049,I1328,4214.0,4218.0,brown,1
J1049,I2129,7844.0,7854.0,green,4
J146,I450,1051.0,1052.0,brown,1
J146,I482,1141.0,1145.0,brown,2
J146,I1379,4465.0,4477.0,green,1
J146,I2563,9653.0,9654.0,green,1
J146,I2755,10227.0,10228.0,green,1
J1072,I1756,6200.0,6206.0,brown,1
J1072,I2168,8004.0,8022.0,green,5
J1574,I1178,3567.0,3570.0,brown,1
J1574,I1851,6637.0,6655.0,green,1
J1574,I2299,8551.0,8565.0,green,3
J1742,I2859,10548.0,10553.0,green,1
J1088,I2114,7788.0,7793.0,green,2
J1088,I2546,9572.0,9581.0,green,3
J1088,I2756,10228.0,10230.0,green,1
J260,I258,522.0,523.0,green,1
J260,I322,693.0,696.0,brown,1
J260,I994,2888.0,2890.0,green,1
J260,I1090,3232.0,3235.0,green,1
J1001,I1490,4949.0,4957.0,green,2
J1001,I2143,7918.0,7923.0,green,2
J1070,I1317,4164.0,4179.0,green,1
J1070,I2373,8873.0,8878.0,green,2
J1228,I1220,3793.0,3816.0,green,5
J64,I151,266.0,270.0,green,4
J64,I279,563.0,573.0,green,1
J1313,I2225,8225.0,8234.0,green,5
J1313,I2561,9643.0,9651.0,green,1
J278,I1064,3110.0,3115.0,green,1
J1382,I1179,3570.0,3582.0,brown,2
J1103,I511,1217.0,1225.0,brown,3
J1103,I1664,5748.0,5764.0,green,1
J1414,I2030,7399.0,7402.0,brown,1
J1414,I2494,9336.0,9337.0,brown,1
J637,I165,303.0,304.0,green,1
J637,I1125,3385.0,3387.0,green,1
J637,I1717,6014.0,6019.0,green,2
J637,I2007,7294.0,7299.0,green,1
J848,I1183,3595.0,3603.0,green,6
J1845,I1535,5165.0,5170.0,green,4
J1845,I1950,7061.0,7065.0,brown,1
J1503,I1864,6700.0,6715.0,green,1
J1503,I1992,7197.0,7206.0,green,1
J1503,I2039,7433.0,7434.0,brown,1
J1140,I2100,7720.0,7730.0,green,6
J824,I1370,4423.0,4427.0,green,4
J1482,I2369,8861.0,8863.0,green,2
J1482,I2433,9101.0,9103.0,green,1
J1482,I2497,9350.0,9352.0,brown,1
J1482,I2529,9473.0,9475.0,green,1
J1482,I2689,10021.0,10022.0,green,1
J1786,I1170,3526.0,3530.0,brown,1
J1786,I3335,11779.0,11780.0,green,1
J1786,I3343,11796.0,11801.0,green,3
J1786,I3367,11840.0,11841.0,green,1
J795,I1286,4030.0,4040.0,green,3
J1810,I2807,10386.0,10393.0,green,1
J1810,I3063,11133.0,11135.0,green,2
J1810,I3287,11683.0,11686.0,green,2
J1810,I3375,11853.0,11855.0,green,1
J1974,I2751,10214.0,10216.0,green,2
J1974,I3071,11154.0,11156.0,green,1
J793,I733,1952.0,1968.0,brown,2
J793,I1694,5877.0,5884.0,green,2
J793,I2110,7769.0,7774.0,green,1
J9,I27,38.0,39.0,green,1
J9,I155,280.0,285.0,green,5
J977,I465,1098.0,1105.0,brown,1
J977,I2450,9161.0,9170.0,green,2
J977,I2674,9979.0,9980.0,green,1
J977,I2706,10074.0,10076.0,green,1
J145,I268,543.0,545.0,green,1
J800,I1086,3215.0,3216.0,green,1
J800,I1118,3348.0,3353.0,green,2
J797,I707,1862.0,1864.0,green,2
J797,I1091,3235.0,3238.0,green,2
J797,I1187,3614.0,3624.0,green,2
J1801,I2012,7308.0,7320.0,green,1
J1801,I2876,10599.0,10602.0,green,1
J1801,I2940,10769.0,10775.0,green,4
J908,I2157,7964.0,7967.0,green,2
J54,I78,116.0,117.0,green,1
J54,I110,172.0,181.0,green,2
J54,I174,325.0,327.0,green,1
J440,I783,2142.0,2144.0,brown,2
J90,I158,288.0,293.0,green,4
J90,I190,360.0,364.0,green,2
J1290,I1665,5764.0,5766.0,green,2
J1290,I1697,5888.0,5892.0,green,3
J1998,I2122,7822.0,7824.0,green,1
J1998,I3242,11577.0,11578.0,green,1
J1998,I3274,11652.0,11654.0,green,1
J1998,I3306,11722.0,11723.0,green,1
J1998,I3338,11783.0,11784.0,green,1
J1998,I3370,11844.0,11846.0,green,1
J1895,I797,2183.0,2189.0,brown,1
J1895,I1726,6046.0,6058.0,green,4
J1895,I3076,11170.0,11182.0,green,1
J1366,I1993,7206.0,7207.0,green,1
J1366,I2025,7391.0,7393.0,green,1
J1366,I2281,8492.0,8497.0,brown,3
J183,I1430,4697.0,4707.0,green,1
J183,I2678,9992.0,9996.0,green,1
J183,I2838,10494.0,10495.0,green,1
J183,I2890,10636.0,10646.0,green,1
J183,I3062,11126.0,11133.0,green,2
J746,I2613,9794.0,9795.0,green,1
J746,I2693,10028.0,10032.0,green,1
J746,I2741,10191.0,10192.0,green,1
J1267,I1461,4829.0,4832.0,green,3
J1868,I3031,11042.0,11048.0,brown,1
J1868,I3340,11785.0,11786.0,green,1
J1868,I3377,11858.0,11861.0,green,1
J530,I1111,3321.0,3324.0,green,1
J530,I2631,9855.0,9856.0,green,1
J530,I2727,10141.0,10156.0,green,2
J126,I435,1002.0,1004.0,brown,1
J126,I2228,8240.0,8241.0,green,1
J126,I2676,9982.0,9985.0,green,1
J126,I3316,11740.0,11744.0,green,1
J126,I3408,11913.0,11915.0,green,1
J126,I3413,11923.0,11928.0,green,1
J15,I112,182.0,187.0,green,5
J15,I232,450.0,452.0,brown,1
J737,I1689,5859.0,5861.0,green,1
J737,I2681,9998.0,9999.0,green,1
J737,I2873,10586.0,10589.0,green,2
J567,I802,2215.0,2216.0,brown,1
J567,I1123,3380.0,3381.0,green,1
J567,I2179,8051.0,8064.0,green,2
J506,I673,1751.0,1753.0,brown,2
J506,I769,2083.0,2089.0,brown,1
J506,I1058,3097.0,3102.0,green,1
J464,I1690,5861.0,5864.0,green,2
J464,I1850,6634.0,6637.0,green,1
J1248,I1114,3332.0,3337.0,green,1
J1248,I1146,3457.0,3464.0,green,2
J1496,I815,2248.0,2249.0,brown,1
J1496,I3284,11677.0,11679.0,green,1
J1496,I3316,11740.0,11744.0,green,1
J1475,I1853,6657.0,6663.0,green,1
J1881,I2098,7706.0,7710.0,green,1
J1881,I2386,8926.0,8930.0,green,1
J1881,I2706,10074.0,10076.0,green,1
J1881,I2834,10476.0,10485.0,green,2
J1881,I3246,11591.0,11600.0,green,1
J860,I2436,9106.0,9115.0,green,1
J860,I2628,9843.0,9848.0,green,1
J860,I2724,10134.0,10135.0,green,1
J860,I2756,10228.0,10230.0,green,1
J860,I2820,10433.0,10434.0,green,1
J860,I2852,10530.0,10532.0,green,1
J925,I857,2376.0,2377.0,brown,1
J925,I1050,3065.0,3066.0,green,1
J925,I1114,3332.0,3337.0,green,1
J925,I1258,3954.0,3962.0,green,3
J1914,I2468,9236.0,9242.0,brown,1
J1914,I2885,10620.0,10624.0,green,1
J1914,I3269,11644.0,11648.0,green,2
J188,I405,910.0,917.0,green,2
J188,I693,1806.0,1809.0,green,3
J188,I1285,4028.0,4030.0,green,1
J1935,I1955,7077.0,7086.0,brown,1
J1935,I2052,7487.0,7495.0,green,3
J1558,I2221,8215.0,8220.0,green,2
J1558,I2701,10058.0,10059.0,green,1
J33,I1196,3669.0,3674.0,green,2
J1538,I772,2096.0,2098.0,brown,1
J1538,I2629,9848.0,9854.0,green,2
J1538,I2661,9947.0,9949.0,green,1
J1188,I1664,5748.0,5764.0,green,1
J1188,I1791,6336.0,6337.0,brown,1
J1188,I2072,7563.0,7582.0,green,4
J616,I1031,3003.0,3008.0,green,2
J616,I1479,4904.0,4916.0,green,2
J616,I1767,6253.0,6256.0,green,2
J453,I871,2424.0,2425.0,brown,1
J453,I1159,3490.0,3495.0,brown,1
J453,I2632,9856.0,9859.0,green,1
J846,I1179,3570.0,3582.0,brown,1
J846,I1820,6478.0,6480.0,green,2
J846,I2044,7453.0,7467.0,green,3
J1153,I1360,4373.0,4374.0,green,1
J1153,I1520,5094.0,5097.0,green,1
J1153,I2552,9598.0,9616.0,green,1
J672,I1168,3524.0,3525.0,brown,1
J672,I1264,3979.0,3985.0,brown,4
J672,I2168,8004.0,8022.0,green,1
J1632,I2055,7498.0,7510.0,green,4
J1632,I2247,8321.0,8327.0,green,2
J301,I170,314.0,316.0,green,2
J608,I813,2243.0,2247.0,brown,1
J608,I1518,5074.0,5079.0,green,4
J1206,I1450,4775.0,4781.0,brown,3
J1206,I1594,5436.0,5438.0,brown,1
J1206,I1946,7036.0,7037.0,brown,1
J1206,I2107,7760.0,7761.0,green,1
J1284,I1854,6663.0,6673.0,green,2
J1284,I1949,7046.0,7061.0,brown,3
J1091,I1666,5766.0,5770.0,green,2
J1091,I3202,11477.0,11483.0,green,1
J952,I1365,4393.0,4395.0,green,1
J952,I2533,9507.0,9521.0,green,3
J1162,I1349,4326.0,4336.0,brown,3
J782,I1053,3074.0,3079.0,green,3
J782,I2072,7563.0,7582.0,green,3
J1988,I2277,8476.0,8477.0,brown,1
J1988,I2886,10624.0,10626.0,green,1
J1988,I3418,11936.0,11938.0,green,1
J606,I1202,3686.0,3695.0,green,2
J606,I2386,8926.0,8930.0,green,1
J606,I2620,9809.0,9813.0,green,3
J1557,I2265,8423.0,8431.0,brown,2
J1557,I2489,9318.0,9320.0,brown,2
J1557,I2834,10476.0,10485.0,green,1
J562,I401,905.0,906.0,green,1
J562,I625,1608.0,1613.0,green,1
J43,I243,476.0,479.0,green,1
J43,I594,1502.0,1509.0,brown,1
J43,I1107,3293.0,3304.0,green,4
J1830,I1154,3477.0,3479.0,brown,2
J1830,I1315,4160.0,4163.0,green,1
J1830,I2627,9838.0,9843.0,green,2
J1512,I1819,6461.0,6478.0,green,4
J1512,I2043,7451.0,7453.0,green,1
J1512,I2970,10860.0,10867.0,brown,1
J617,I570,1420.0,1424.0,brown,1
J617,I1659,5731.0,5737.0,green,1
J617,I2651,9909.0,9915.0,green,2
J1515,I1716,6008.0,6014.0,green,3
J1515,I2620,9809.0,9813.0,green,1
J190,I252,503.0,504.0,green,1
J190,I284,580.0,588.0,green,1
J190,I700,1828.0,1842.0,green,3
J1289,I1298,4086.0,4092.0,green,4
J1289,I1810,6396.0,6412.0,green,1
J638,I1035,3018.0,3023.0,green,2
J354,I703,1849.0,1856.0,green,2
J354,I1055,3082.0,3086.0,green,1
J354,I2015,7324.0,7330.0,green,1
J1047,I1559,5299.0,5304.0,green,1
J1047,I2807,10386.0,10393.0,green,5
J611,I182,348.0,349.0,green,1
J611,I214,415.0,417.0,green,1
J611,I246,486.0,494.0,green,2
J611,I470,1112.0,1114.0,brown,1
J1428,I2241,8290.0,8292.0,green,1
J1428,I2243,8293.0,8294.0,green,1
J1428,I2273,8469.0,8471.0,green,1
J162,I1709,5973.0,5983.0,green,1
J162,I2159,7968.0,7970.0,green,1
J162,I2253,8348.0,8358.0,green,2
J1443,I1502,5012.0,5015.0,green,3
J1443,I2686,10009.0,10012.0,green,3
J1750,I2678,9992.0,9996.0,green,2
J442,I1549,5259.0,5273.0,green,3
J442,I2109,7765.0,7769.0,green,1
J194,I473,1119.0,1123.0,brown,1
J194,I634,1645.0,1653.0,green,1
J194,I1194,3650.0,3663.0,green,1
J338,I1100,3271.0,3274.0,green,2
J338,I1468,4859.0,4868.0,green,1
J1060,I1499,4994.0,4999.0,green,1
J1060,I1627,5590.0,5596.0,green,1
J1060,I1723,6038.0,6040.0,green,1
J379,I432,992.0,995.0,brown,1
J379,I2705,10069.0,10074.0,green,2
J379,I2865,10566.0,10567.0,green,1
J63,I230,443.0,447.0,brown,2
J63,I1671,5776.0,5793.0,green,1
J63,I2727,10141.0,10156.0,green,2
J63,I2855,10535.0,10539.0,green,1
J1724,I2070,7555.0,7556.0,green,1
J1724,I2870,10577.0,10578.0,green,1
J1724,I3062,11126.0,11133.0,green,1
J1285,I552,1367.0,1370.0,brown,1
J1285,I1576,5355.0,5363.0,brown,1
J1285,I2633,9859.0,9861.0,green,2
J4,I38,54.0,56.0,green,1
J4,I2166,7998.0,8000.0,green,1
J1872,I1992,7197.0,7206.0,green,6
J972,I1225,3833.0,3834.0,green,1
J972,I1321,4188.0,4189.0,brown,1
J972,I1385,4505.0,4507.0,brown,2
J972,I1693,5872.0,5877.0,green,1
J972,I1819,6461.0,6478.0,green,1
J524,I329,709.0,710.0,brown,1
J524,I2250,8336.0,8343.0,green,2
J524,I2876,10599.0,10602.0,green,1
J524,I2890,10636.0,10646.0,green,2
J1468,I1725,6044.0,6046.0,green,2
J1520,I1669,5774.0,5775.0,green,1
J1520,I1701,5905.0,5910.0,green,2
J1563,I2450,9161.0,9170.0,green,4
J1563,I2546,9572.0,9581.0,green,2
J1676,I2508,9391.0,9392.0,brown,1
J1676,I2525,9449.0,9463.0,green,3
J1676,I2813,10412.0,10421.0,green,1
J1328,I2132,7875.0,7887.0,green,3
J1328,I2291,8532.0,8542.0,brown,2
J1328,I2420,9061.0,9065.0,green,1
J26,I107,166.0,169.0,green,1
J26,I1291,4061.0,4069.0,green,1
J26,I1547,5240.0,5257.0,green,2
J182,I11,17.0,18.0,green,1
J182,I75,109.0,112.0,green,3
J182,I171,316.0,321.0,green,1
J182,I492,1166.0,1169.0,brown,1
J713,I1810,6396.0,6412.0,green,1
J713,I3058,11113.0,11120.0,green,2
J713,I3282,11674.0,11675.0,green,1
J1772,I855,2357.0,2370.0,brown,1
J1772,I2872,10583.0,10586.0,green,1
J1772,I3068,11147.0,11149.0,green,1
J1531,I2088,7671.0,7674.0,green,3
J1531,I2120,7813.0,7818.0,green,1
J1531,I2248,8327.0,8332.0,green,1
J1531,I2280,8483.0,8492.0,brown,1
J909,I453,1060.0,1061.0,brown,1
J909,I2566,9661.0,9667.0,green,1
J909,I2630,9854.0,9855.0,green,1
J1372,I2917,10709.0,10710.0,green,1
J1372,I3077,11182.0,11183.0,green,1
J1372,I3269,11644.0,11648.0,green,2
J1372,I3285,11679.0,11682.0,green,2
J1022,I618,1567.0,1581.0,green,3
J630,I1218,3779.0,3785.0,green,3
J471,I452,1053.0,1060.0,brown,4
J1090,I1318,4179.0,4185.0,brown,4
J1090,I1703,5911.0,5931.0,green,1
J1090,I2055,7498.0,7510.0,green,1
J408,I1101,3274.0,3277.0,green,3
J408,I1197,3674.0,3675.0,green,1
J408,I1229,3843.0,3845.0,green,1
J1261,I1389,4519.0,4523.0,brown,1
J1261,I2702,10059.0,10062.0,green,2
J1261,I3409,11915.0,11920.0,green,1
J1261,I3410,11920.0,11921.0,green,1
J1261,I3422,11942.0,11944.0,green,1
J158,I294,611.0,617.0,green,3
J1117,I1099,3269.0,3271.0,green,1
J184,I452,1053.0,1060.0,brown,1
J184,I709,1870.0,1871.0,green,1
J184,I901,2532.0,2539.0,green,2
J184,I1189,3628.0,3633.0,green,1
J184,I1301,4105.0,4107.0,green,1
J2000,I1973,7133.0,7137.0,brown,3
J2000,I2614,9795.0,9798.0,green,1
J2000,I3318,11748.0,11749.0,green,1
J2000,I3414,11928.0,11929.0,green,1
J1619,I1440,4733.0,4734.0,brown,1
J1619,I2721,10116.0,10126.0,green,2
J1619,I2753,10220.0,10225.0,green,2
J1406,I1753,6188.0,6194.0,brown,1
J1406,I2042,7448.0,7451.0,green,1
J1406,I2426,9077.0,9081.0,green,3
J1580,I1613,5520.0,5528.0,brown,2
J1580,I1998,7216.0,7230.0,green,1
J1580,I2094,7698.0,7701.0,green,2
J1580,I2900,10663.0,10665.0,green,1
J1050,I2441,9129.0,9140.0,green,2
J1050,I2625,9827.0,9834.0,green,1
J960,I2695,10037.0,10043.0,green,3
J1813,I2721,10116.0,10126.0,green,2
J1813,I3073,11162.0,11163.0,green,1
J1139,I1272,4004.0,4009.0,brown,4
J1139,I2685,10006.0,10009.0,green,1
J1137,I2176,8044.0,8046.0,green,2
J1137,I2532,9477.0,9507.0,green,1
J1942,I2319,8670.0,8673.0,green,2
J1942,I2383,8918.0,8924.0,green,4
J1083,I1815,6423.0,6435.0,green,6
J949,I1479,4904.0,4916.0,green,1
J949,I1511,5050.0,5052.0,green,2
J949,I1543,5208.0,5212.0,green,3
J369,I403,907.0,909.0,green,1
J369,I691,1795.0,1803.0,green,1
J369,I1107,3293.0,3304.0,green,4
J1195,I1957,7087.0,7089.0,brown,2
J1195,I2006,7292.0,7294.0,green,2
J1195,I2278,8477.0,8482.0,brown,1
J1149,I1682,5836.0,5840.0,green,2
J1149,I1810,6396.0,6412.0,green,2
J1761,I2246,8311.0,8321.0,green,1
J1761,I2758,10231.0,10240.0,green,2
J1761,I3078,11183.0,11185.0,green,1
J1761,I3086,11214.0,11217.0,green,1
J195,I351,779.0,780.0,brown,1
J195,I719,1901.0,1909.0,brown,1
J195,I1023,2971.0,2974.0,brown,2
J195,I2080,7630.0,7640.0,green,2
J928,I1018,2957.0,2958.0,green,1
J928,I1658,5726.0,5731.0,green,5
J293,I1187,3614.0,3624.0,green,3
J101,I255,510.0,512.0,green,1
J101,I287,591.0,594.0,green,1
J101,I1119,3353.0,3368.0,green,1
J810,I1135,3416.0,3425.0,green,1
J810,I1183,3595.0,3603.0,green,2
J810,I1539,5188.0,5189.0,green,1
J784,I1316,4163.0,4164.0,green,1
J784,I1412,4646.0,4648.0,green,2
J1674,I1177,3560.0,3567.0,brown,2
J1015,I1414,4651.0,4656.0,green,2
J1015,I1670,5775.0,5776.0,green,1
J1015,I1854,6663.0,6673.0,green,1
J818,I1466,4853.0,4856.0,green,3
J818,I1706,5941.0,5953.0,green,2
J168,I138,238.0,240.0,green,2
J168,I142,243.0,247.0,green,1
J1664,I2339,8750.0,8752.0,brown,2
J1664,I2467,9231.0,9236.0,brown,2
J467,I578,1449.0,1452.0,green,3
J879,I1078,3166.0,3187.0,green,3
J879,I2302,8573.0,8583.0,green,1
J879,I2424,9073.0,9076.0,green,1
J690,I1009,2931.0,2935.0,green,2
J690,I1041,3046.0,3047.0,green,1
J497,I602,1523.0,1524.0,green,1
J497,I1146,3457.0,3464.0,green,2
J497,I1194,3650.0,3663.0,green,1
J1420,I1951,7065.0,7069.0,brown,3
J1420,I2031,7402.0,7408.0,brown,1
J1420,I2495,9337.0,9346.0,brown,1
J288,I2632,9856.0,9859.0,green,2
J288,I3304,11718.0,11720.0,green,2
J288,I3361,11833.0,11834.0,green,1
J288,I3362,11834.0,11835.0,green,1
J1739,I2677,9985.0,9992.0,green,2
J1739,I2837,10488.0,10494.0,green,1
J1739,I3221,11525.0,11527.0,green,2
J233,I152,270.0,271.0,green,1
J233,I184,354.0,355.0,green,1
J233,I216,419.0,420.0,green,1
J233,I346,765.0,773.0,brown,2
J1102,I1538,5181.0,5188.0,green,3
J1102,I1698,5892.0,5897.0,green,2
J99,I1512,5052.0,5058.0,green,1
J99,I2440,9128.0,9129.0,green,1
J1999,I1949,7046.0,7061.0,brown,2
J1999,I3390,11882.0,11883.0,green,1
J1999,I3422,11942.0,11944.0,green,1
J1607,I714,1887.0,1891.0,green,1
J1607,I1354,4342.0,4351.0,green,3
J1607,I1866,6719.0,6727.0,green,1
J1607,I2538,9537.0,9543.0,green,1
J200,I487,1156.0,1159.0,brown,3
J200,I519,1253.0,1254.0,brown,1
J200,I1288,4042.0,4044.0,green,1
J31,I82,121.0,122.0,green,1
J31,I230,443.0,447.0,brown,2
J31,I232,450.0,452.0,brown,1
J1762,I1455,4799.0,4800.0,brown,1
J1762,I1583,5374.0,5387.0,brown,3
J1762,I2096,7702.0,7704.0,green,1
J1045,I2717,10090.0,10094.0,green,1
J1045,I3229,11538.0,11540.0,green,2
J1045,I3261,11623.0,11630.0,green,3
J334,I1317,4164.0,4179.0,green,2
J334,I2149,7932.0,7937.0,green,2
J334,I2437,9115.0,9118.0,green,1
J334,I2525,9449.0,9463.0,green,1
J1044,I1999,7230.0,7252.0,green,2
J814,I3352,11815.0,11818.0,green,1
J1892,I1170,3526.0,3530.0,brown,1
J1892,I2099,7710.0,7720.0,green,2
J1609,I1666,5766.0,5770.0,green,1
J1609,I2770,10271.0,10278.0,green,4
J1299,I1109,3307.0,3312.0,green,1
J1299,I1332,4224.0,4230.0,brown,3
J1299,I2141,7909.0,7916.0,green,2
J1933,I2894,10650.0,10651.0,green,1
J1933,I2958,10816.0,10822.0,green,2
J1933,I3054,11107.0,11108.0,brown,1
J512,I1097,3260.0,3263.0,green,1
J512,I1507,5025.0,5038.0,green,1
J512,I1545,5219.0,5229.0,green,3
J512,I1576,5355.0,5363.0,brown,1
J760,I406,917.0,922.0,green,3
J1527,I454,1061.0,1063.0,brown,2
J1527,I2855,10535.0,10539.0,green,1
J1527,I3239,11568.0,11572.0,green,1
J1527,I3303,11717.0,11718.0,green,1
J1527,I3343,11796.0,11801.0,green,1
J1569,I2173,8035.0,8041.0,green,1
J1569,I2765,10259.0,10261.0,green,1
J392,I672,1747.0,1751.0,brown,1
J392,I1249,3931.0,3933.0,green,2
J392,I1699,5897.0,5898.0,green,1
J270,I3357,11823.0,11829.0,green,1
J270,I3381,11866.0,11871.0,green,1
J270,I3397,11897.0,11898.0,green,1
J94,I333,716.0,722.0,brown,1
J94,I1230,3845.0,3853.0,green,1
J787,I1038,3030.0,3036.0,green,4
J585,I1346,4298.0,4305.0,brown,1
J585,I1667,5770.0,5773.0,green,2
J585,I2083,7644.0,7652.0,green,1
J585,I2763,10256.0,10258.0,green,1
J193,I286,590.0,591.0,green,1
J193,I990,2865.0,2878.0,green,3
J1926,I1760,6223.0,6229.0,brown,1
J1926,I3233,11549.0,11556.0,green,1
J1693,I1207,3733.0,3744.0,green,4
J1693,I1334,4231.0,4233.0,brown,1
J1693,I1574,5348.0,5352.0,brown,1
J1785,I1448,4768.0,4771.0,brown,3
J1785,I1608,5488.0,5491.0,brown,1
J1785,I2537,9532.0,9537.0,green,2
J167,I577,1448.0,1449.0,green,1
J167,I1057,3091.0,3097.0,green,1
J1077,I1497,4975.0,4987.0,green,3
J753,I1214,3763.0,3766.0,green,2
J753,I1726,6046.0,6058.0,green,2
J1129,I1719,6022.0,6024.0,green,1
J1129,I1750,6173.0,6179.0,brown,1
J1129,I2071,7556.0,7563.0,green,1
J1129,I2567,9667.0,9677.0,green,1
J202,I117,194.0,203.0,green,1
J202,I1533,5150.0,5162.0,green,1
J202,I2036,7423.0,7426.0,brown,1
J1719,I2743,10201.0,10203.0,green,2
J1719,I2935,10761.0,10762.0,green,1
J248,I601,1519.0,1523.0,green,1
J248,I617,1566.0,1567.0,green,1
J248,I681,1774.0,1775.0,green,1
J248,I713,1881.0,1887.0,green,3
J1404,I1144,3455.0,3456.0,green,1
J1404,I1176,3552.0,3560.0,brown,3
J1404,I1464,4849.0,4852.0,green,2
J699,I356,787.0,789.0,brown,1
J699,I484,1146.0,1149.0,brown,1
J699,I2373,8873.0,8878.0,green,2
J1766,I2019,7355.0,7360.0,green,1
J1766,I2627,9838.0,9843.0,green,1
J1894,I2846,10512.0,10520.0,green,5
J1894,I3218,11520.0,11522.0,green,1
J1756,I2383,8918.0,8924.0,green,2
J1756,I2639,9872.0,9873.0,green,1
J1760,I1589,5415.0,5417.0,brown,2
J1582,I1802,6377.0,6383.0,brown,2
J1582,I1931,6983.0,6984.0,green,1
J1582,I2091,7688.0,7693.0,green,1
J1582,I2379,8902.0,8905.0,green,1
J1068,I1701,5905.0,5910.0,green,3
J1068,I1861,6692.0,6695.0,green,3
J694,I813,2243.0,2247.0,brown,1
J694,I1070,3133.0,3136.0,green,1
J694,I1526,5118.0,5124.0,green,2
J207,I145,251.0,255.0,green,1
J207,I177,329.0,334.0,green,1
J207,I496,1176.0,1178.0,brown,2
J207,I2225,8225.0,8234.0,green,2
J1329,I1428,4693.0,4694.0,green,1
J1329,I1492,4963.0,4967.0,green,1
J1237,I1771,6261.0,6267.0,green,2
J1237,I2539,9543.0,9549.0,green,1
J1705,I2129,7844.0,7854.0,green,1
J1705,I2737,10175.0,10177.0,green,1
J1705,I2801,10368.0,10376.0,green,1
J365,I1294,4072.0,4077.0,green,2
J1804,I1866,6719.0,6727.0,green,2
J1804,I2473,9266.0,9267.0,brown,1
J1804,I2505,9382.0,9384.0,brown,1
J1820,I1707,5953.0,5958.0,green,3
J1820,I3083,11199.0,11210.0,green,1
J206,I86,126.0,127.0,green,1
J206,I118,203.0,205.0,green,2
J1623,I2628,9843.0,9848.0,green,4
J1623,I2660,9941.0,9947.0,green,2
J121,I202,389.0,391.0,green,2
J121,I714,1887.0,1891.0,green,1
J1270,I1764,6240.0,6241.0,brown,1
J1270,I1796,6356.0,6360.0,brown,2
J1270,I1828,6526.0,6531.0,brown,2
J1270,I2381,8906.0,8907.0,green,1
J1403,I1983,7169.0,7177.0,green,4
J1919,I1960,7097.0,7103.0,brown,2
J1919,I3377,11858.0,11861.0,green,1
J390,I614,1558.0,1560.0,green,2
J390,I1142,3448.0,3453.0,green,2
J390,I1194,3650.0,3663.0,green,2
J1686,I2220,8210.0,8215.0,green,3
J1686,I2892,10647.0,10649.0,green,1
J1686,I2956,10813.0,10814.0,green,1
J218,I604,1525.0,1526.0,green,1
J218,I636,1654.0,1656.0,green,2
J218,I700,1828.0,1842.0,green,3
J981,I1190,3633.0,3636.0,green,3
J981,I1222,3825.0,3826.0,green,1
J1651,I2712,10083.0,10084.0,green,1
J1651,I2744,10203.0,10205.0,green,2
J1651,I2776,10291.0,10292.0,green,1
J563,I692,1803.0,1806.0,green,1
J563,I1012,2945.0,2946.0,green,1
J563,I1854,6663.0,6673.0,green,2
J1025,I2373,8873.0,8878.0,green,1
J1685,I849,2326.0,2338.0,brown,3
J1939,I2829,10464.0,10466.0,green,1
J1939,I2861,10554.0,10555.0,green,1
J1939,I3037,11057.0,11059.0,brown,2
J1939,I3053,11105.0,11107.0,brown,1
J1939,I3101,11253.0,11254.0,brown,1
J889,I860,2386.0,2394.0,brown,1
J889,I1324,4195.0,4197.0,brown,1
J889,I1452,4782.0,4787.0,brown,1
J889,I2669,9962.0,9963.0,green,1
J1464,I2031,7402.0,7408.0,brown,2
J1464,I2160,7970.0,7972.0,green,2
J570,I1104,3280.0,3282.0,green,2
J570,I1128,3394.0,3399.0,green,1
J1590,I1828,6526.0,6531.0,brown,2
J1590,I1956,7086.0,7087.0,brown,1
J1590,I2565,9660.0,9661.0,green,1
J1590,I2597,9754.0,9755.0,brown,1
J1590,I2629,9848.0,9854.0,green,1
J1613,I1552,5275.0,5276.0,green,1
J1613,I2680,9997.0,9998.0,green,1
J1613,I2720,10112.0,10116.0,green,4
J1923,I1756,6200.0,6206.0,brown,3
J1923,I1788,6327.0,6330.0,brown,1
J843,I1139,3434.0,3443.0,green,2
J843,I1299,4092.0,4100.0,green,1
J843,I2451,9170.0,9171.0,green,1
J843,I2547,9581.0,9584.0,green,1
J843,I2695,10037.0,10043.0,green,1
J243,I183,349.0,354.0,green,3
J243,I215,417.0,419.0,green,2
J1637,I2869,10575.0,10577.0,green,1
J1637,I2901,10665.0,10671.0,green,3
J151,I1706,5941.0,5953.0,green,1
J151,I2378,8895.0,8902.0,green,1
J151,I2730,10159.0,10160.0,green,1
J151,I2890,10636.0,10646.0,green,1
J1059,I3227,11536.0,11537.0,green,1
J1059,I3251,11607.0,11612.0,green,2
J1059,I3259,11621.0,11622.0,green,1
J1059,I3291,11689.0,11693.0,green,1
J1059,I3299,11708.0,11709.0,green,1
J1010,I1443,4738.0,4743.0,brown,1
J1010,I1508,5038.0,5043.0,green,3
J1010,I1540,5189.0,5201.0,green,2
J645,I1452,4782.0,4787.0,brown,1
J645,I1460,4821.0,4829.0,brown,2
J645,I2573,9697.0,9699.0,green,2
J480,I1039,3036.0,3044.0,green,5
J884,I991,2878.0,2882.0,green,4
J1644,I1369,4411.0,4423.0,green,2
J1644,I2169,8022.0,8026.0,green,1
J1644,I2425,9076.0,9077.0,green,1
J172,I1497,4975.0,4987.0,green,3
J172,I2173,8035.0,8041.0,green,1
J717,I334,722.0,731.0,brown,1
J717,I2799,10364.0,10366.0,green,2
J717,I3207,11496.0,11497.0,green,1
J1079,I1366,4395.0,4400.0,green,2
J1079,I1397,4554.0,4578.0,brown,2
J1079,I2168,8004.0,8022.0,green,1
J431,I1230,3845.0,3853.0,green,3
J1094,I1350,4336.0,4337.0,brown,1
J1094,I3239,11568.0,11572.0,green,1
J1094,I3271,11649.0,11650.0,green,1
J1094,I3383,11872.0,11873.0,green,1
J1898,I1449,4771.0,4775.0,brown,2
J1898,I1930,6982.0,6983.0,green,1
J1898,I2090,7675.0,7688.0,green,3
J1797,I3044,11078.0,11086.0,brown,2
J738,I1138,3428.0,3434.0,green,2
J738,I1362,4376.0,4384.0,green,1
J264,I800,2193.0,2209.0,brown,1
J264,I1505,5022.0,5023.0,green,1
J264,I2305,8595.0,8602.0,green,1
J264,I2817,10428.0,10431.0,green,2
J264,I2849,10524.0,10528.0,green,1
J669,I1677,5809.0,5821.0,green,2
J1472,I2287,8510.0,8525.0,brown,2
J251,I2532,9477.0,9507.0,green,4
J549,I3239,11568.0,11572.0,green,2
J549,I3251,11607.0,11612.0,green,1
J549,I3331,11769.0,11773.0,green,1
J549,I3333,11774.0,11777.0,green,1
J1231,I1331,4221.0,4224.0,brown,2
J1231,I1395,4532.0,4550.0,brown,2
J686,I1073,3140.0,3144.0,green,1
J686,I1105,3282.0,3292.0,green,4
J686,I1529,5137.0,5142.0,green,1
J1494,I350,777.0,779.0,brown,1
J1494,I1823,6483.0,6488.0,green,1
J1494,I2271,8465.0,8467.0,green,2
J1494,I2303,8583.0,8586.0,green,1
J1494,I2567,9667.0,9677.0,green,1
J1747,I1388,4518.0,4519.0,brown,1
J1747,I1677,5809.0,5821.0,green,1
J1747,I2317,8658.0,8668.0,green,2
J849,I268,543.0,545.0,green,1
J849,I491,1164.0,1166.0,brown,1
J849,I587,1480.0,1491.0,brown,4
J359,I548,1334.0,1357.0,brown,2
J359,I1029,3000.0,3001.0,green,1
J359,I1477,4897.0,4900.0,green,1
J359,I2021,7365.0,7367.0,green,2
J326,I412,930.0,933.0,green,3
J842,I1490,4949.0,4957.0,green,2
J842,I1778,6288.0,6294.0,green,3
J975,I1120,3368.0,3375.0,green,1
J975,I1312,4140.0,4153.0,green,2
J975,I2016,7330.0,7336.0,green,1
J498,I254,509.0,510.0,green,1
J498,I990,2865.0,2878.0,green,1
J498,I2174,8041.0,8042.0,green,1
J498,I2250,8336.0,8343.0,green,2
J498,I2270,8463.0,8465.0,green,1
J78,I107,166.0,169.0,green,1
J78,I139,240.0,241.0,green,1
J78,I203,391.0,394.0,green,2
J157,I242,473.0,476.0,green,2
J157,I1426,4685.0,4690.0,green,2
J157,I1490,4949.0,4957.0,green,1
J603,I1542,5207.0,5208.0,green,1
J603,I2054,7496.0,7498.0,green,2
J603,I2086,7664.0,7665.0,green,1
J1362,I1822,6481.0,6483.0,green,2
J1459,I1810,6396.0,6412.0,green,1
J1459,I2322,8676.0,8679.0,green,2
J989,I13,19.0,20.0,green,1
J989,I1133,3412.0,3414.0,green,2
J656,I1513,5058.0,5059.0,green,1
J656,I1961,7103.0,7114.0,brown,4
J1508,I1721,6028.0,6036.0,green,4
J1844,I2568,9677.0,9684.0,green,4
J29,I7,12.0,13.0,green,1
J29,I103,159.0,162.0,green,1
J29,I231,447.0,450.0,brown,1
J1004,I1341,4258.0,4263.0,brown,3
J1004,I1694,5877.0,5884.0,green,1
J1004,I2948,10792.0,10796.0,green,2
J402,I1076,3156.0,3161.0,green,2
J402,I1140,3443.0,3444.0,green,1
J402,I2324,8681.0,8688.0,green,2
J213,I1052,3072.0,3074.0,green,1
J213,I1116,3339.0,3345.0,green,2
J213,I1308,4122.0,4134.0,green,3
J1037,I239,463.0,467.0,brown,1
J1037,I3232,11546.0,11549.0,green,1
J493,I345,763.0,765.0,brown,2
J493,I1401,4588.0,4610.0,brown,1
J493,I1690,5861.0,5864.0,green,1
J493,I2874,10589.0,10596.0,green,1
J493,I2954,10809.0,10810.0,green,1
J272,I618,1567.0,1581.0,green,3
J477,I1928,6970.0,6976.0,green,3
J477,I1992,7197.0,7206.0,green,2
J877,I716,1894.0,1895.0,green,1
J877,I1420,4670.0,4675.0,green,2
J877,I1436,4721.0,4724.0,green,3
J1335,I1929,6976.0,6982.0,green,6
J1341,I2685,10006.0,10009.0,green,2
J1825,I2696,10043.0,10051.0,green,1
J1825,I2808,10393.0,10400.0,green,4
J1825,I2940,10769.0,10775.0,green,1
J235,I400,904.0,905.0,green,1
J235,I712,1875.0,1881.0,green,3
J1770,I2230,8243.0,8254.0,green,5
J1770,I2261,8385.0,8390.0,brown,1
J677,I1202,3686.0,3695.0,green,1
J677,I1298,4086.0,4092.0,green,1
J677,I1522,5098.0,5099.0,green,1
J677,I1810,6396.0,6412.0,green,1
J1571,I2041,7439.0,7448.0,green,5
J1078,I2251,8343.0,8347.0,green,1
J1078,I2827,10456.0,10457.0,green,1
J1518,I1744,6133.0,6142.0,brown,3
J1518,I1937,7007.0,7010.0,green,3
J1065,I1116,3339.0,3345.0,green,4
J1065,I1372,4436.0,4446.0,green,2
J120,I85,125.0,126.0,green,1
J120,I117,194.0,203.0,green,2
J1702,I1463,4838.0,4849.0,green,1
J1702,I1606,5483.0,5486.0,brown,1
J1702,I2103,7748.0,7751.0,green,1
J1702,I2167,8000.0,8004.0,green,2
J1702,I2871,10578.0,10583.0,green,1
J560,I768,2078.0,2083.0,brown,2
J560,I2177,8046.0,8049.0,green,3
J367,I437,1005.0,1007.0,brown,2
J367,I2326,8689.0,8695.0,green,2
J367,I2942,10778.0,10779.0,green,1
J367,I3078,11183.0,11185.0,green,1
J1657,I1153,3474.0,3477.0,brown,1
J1657,I3298,11704.0,11708.0,green,3
J837,I1072,3138.0,3140.0,green,2
J837,I2058,7524.0,7526.0,green,2
J837,I2104,7751.0,7757.0,green,2
J1401,I1781,6304.0,6310.0,green,1
J1401,I2645,9891.0,9892.0,green,1
J1401,I2757,10230.0,10231.0,green,1
J1401,I2813,10412.0,10421.0,green,1
J437,I2000,7252.0,7261.0,green,1
J437,I2240,8281.0,8290.0,green,1
J437,I2256,8373.0,8377.0,green,1
J437,I2916,10703.0,10709.0,green,2
J1213,I1105,3282.0,3292.0,green,5
J1213,I1456,4800.0,4810.0,brown,1
J774,I1224,3828.0,3833.0,green,3
J774,I1768,6256.0,6258.0,green,1
J1381,I1447,4762.0,4768.0,brown,1
J1381,I1704,5931.0,5936.0,green,3
J178,I171,316.0,321.0,green,4
J839,I1334,4231.0,4233.0,brown,1
J839,I1398,4578.0,4583.0,brown,1
J839,I1655,5715.0,5719.0,green,1
J1606,I2549,9591.0,9594.0,green,3
J1631,I2540,9549.0,9552.0,green,2
J229,I72,105.0,106.0,green,1
J229,I168,306.0,313.0,green,1
J229,I176,328.0,329.0,green,1
J1897,I3244,11582.0,11588.0,green,2
J1561,I2071,7556.0,7563.0,green,6
J541,I1139,3434.0,3443.0,green,5
J1331,I1810,6396.0,6412.0,green,2
J1331,I2802,10376.0,10379.0,green,2
J1331,I3092,11226.0,11235.0,green,2
J576,I786,2149.0,2155.0,brown,3
J576,I1107,3293.0,3304.0,green,1
J576,I2171,8027.0,8031.0,green,1
J1066,I1710,5983.0,5985.0,green,1
J1066,I2606,9778.0,9781.0,green,2
J1447,I1520,5094.0,5097.0,green,1
J1447,I2240,8281.0,8290.0,green,1
J291,I292,602.0,609.0,green,1
J291,I1060,3103.0,3105.0,green,1
J13,I2298,8549.0,8551.0,green,1
J13,I2650,9906.0,9909.0,green,1
J13,I2874,10589.0,10596.0,green,2
J1332,I875,2435.0,2436.0,brown,1
J1332,I2364,8843.0,8851.0,green,1
J1332,I2828,10457.0,10464.0,green,3
J1817,I2253,8348.0,8358.0,green,3
J1817,I2605,9772.0,9778.0,green,1
J1817,I2637,9870.0,9871.0,green,1
J1817,I3053,11105.0,11107.0,brown,1
J1144,I1789,6330.0,6334.0,brown,2
J1144,I1949,7046.0,7061.0,brown,4
J1169,I995,2890.0,2893.0,green,3
J1169,I1091,3235.0,3238.0,green,1
J1169,I1219,3785.0,3793.0,green,1
J341,I656,1706.0,1708.0,brown,1
J341,I784,2144.0,2145.0,brown,1
J341,I1297,4080.0,4086.0,green,3
J1210,I691,1795.0,1803.0,green,2
J1722,I2472,9261.0,9266.0,brown,4
J1722,I2537,9532.0,9537.0,green,2
J1692,I1985,7178.0,7179.0,green,1
J1692,I2113,7785.0,7788.0,green,3
J1692,I2305,8595.0,8602.0,green,1
J199,I79,117.0,118.0,green,1
J904,I1378,4460.0,4465.0,green,1
J904,I2018,7338.0,7355.0,green,2
J350,I1061,3105.0,3106.0,green,1
J350,I1481,4921.0,4925.0,green,2
J1789,I1177,3560.0,3567.0,brown,1
J1789,I2666,9957.0,9958.0,green,1
J1789,I2810,10404.0,10406.0,green,1
J1789,I2858,10542.0,10548.0,green,2
J1735,I1739,6116.0,6124.0,brown,1
J1735,I2924,10724.0,10731.0,green,3
J490,I431,988.0,992.0,brown,1
J490,I688,1790.0,1793.0,green,3
J490,I1256,3950.0,3951.0,green,1
J580,I1188,3624.0,3628.0,green,1
J580,I1220,3793.0,3816.0,green,1
J579,I2804,10380.0,10384.0,green,2
J579,I3284,11677.0,11679.0,green,1
J1778,I2294,8544.0,8546.0,brown,1
J1778,I2966,10842.0,10845.0,brown,1
J109,I269,545.0,547.0,green,1
J109,I273,550.0,556.0,green,1
J109,I279,563.0,573.0,green,1
J109,I284,580.0,588.0,green,1
J109,I405,910.0,917.0,green,1
J109,I428,979.0,980.0,brown,1
J696,I1015,2950.0,2954.0,green,2
J696,I1079,3187.0,3190.0,green,3
J696,I1207,3733.0,3744.0,green,1
J1171,I1590,5417.0,5420.0,brown,1
J1171,I1623,5577.0,5582.0,green,2
J1171,I2535,9522.0,9529.0,green,1
J573,I1147,3464.0,3467.0,green,3
J573,I1211,3750.0,3757.0,green,3
J1543,I1598,5448.0,5454.0,brown,3
J931,I1493,4967.0,4968.0,green,1
J931,I1525,5112.0,5118.0,green,5
J3,I6,11.0,12.0,green,1
J3,I10,16.0,17.0,green,1
J3,I12,18.0,19.0,green,1
J3,I18,24.0,26.0,green,2
J3,I178,334.0,337.0,green,1
J692,I595,1509.0,1511.0,brown,2
J692,I659,1714.0,1716.0,brown,2
J692,I1812,6414.0,6420.0,green,2
J1282,I588,1491.0,1492.0,brown,1
J1282,I812,2242.0,2243.0,brown,1
J1282,I876,2436.0,2437.0,brown,1
J1282,I1421,4675.0,4677.0,green,2
J44,I1307,4119.0,4122.0,green,1
J44,I1563,5311.0,5322.0,green,2
J44,I2087,7665.0,7671.0,green,1
J400,I1369,4411.0,4423.0,green,3
J1829,I3072,11156.0,11162.0,green,1
J1829,I3088,11218.0,11221.0,green,3
J1829,I3104,11257.0,11260.0,brown,1
J511,I1675,5801.0,5803.0,green,1
J511,I2251,8343.0,8347.0,green,1
J841,I767,2076.0,2078.0,brown,1
J841,I1376,4453.0,4454.0,green,1
J1211,I2361,8828.0,8836.0,green,1
J898,I1253,3943.0,3945.0,green,1
J898,I1509,5043.0,5049.0,green,2
J1297,I1361,4374.0,4376.0,green,1
J1297,I1392,4527.0,4529.0,brown,2
J1297,I1456,4800.0,4810.0,brown,1
J1297,I2104,7751.0,7757.0,green,1
J1436,I1587,5402.0,5412.0,brown,2
J155,I267,542.0,543.0,green,1
J155,I299,633.0,635.0,green,2
J155,I683,1779.0,1785.0,green,3
J1546,I2273,8469.0,8471.0,green,1
J1546,I2305,8595.0,8602.0,green,1
J1546,I3209,11501.0,11502.0,green,1
J238,I5,6.0,11.0,green,1
J238,I2693,10028.0,10032.0,green,1
J1126,I1192,3642.0,3649.0,green,5
J1445,I2276,8475.0,8476.0,brown,1
J1445,I2468,9236.0,9242.0,brown,3
J1445,I2901,10665.0,10671.0,green,1
J1187,I1184,3603.0,3607.0,green,1
J173,I265,535.0,540.0,green,3
J173,I1481,4921.0,4925.0,green,1
J1996,I1953,7070.0,7072.0,brown,2
J1996,I2497,9350.0,9352.0,brown,1
J1996,I3266,11638.0,11641.0,green,3
J594,I319,688.0,690.0,brown,2
J594,I2884,10615.0,10620.0,green,1
J246,I660,1716.0,1717.0,brown,1
J246,I2136,7898.0,7902.0,green,4
J1199,I1078,3166.0,3187.0,green,3
J448,I1773,6271.0,6275.0,green,1
J448,I2141,7909.0,7916.0,green,2
J1325,I1556,5289.0,5291.0,green,1
J1325,I1620,5570.0,5573.0,green,3
J1325,I2164,7983.0,7997.0,green,1
J1325,I2644,9886.0,9891.0,green,1
J1889,I311,666.0,669.0,brown,1
J1889,I343,758.0,761.0,brown,1
J1889,I2568,9677.0,9684.0,green,1
J1889,I2664,9951.0,9954.0,green,1
J1889,I3268,11643.0,11644.0,green,1
J1889,I3298,11704.0,11708.0,green,1
J487,I560,1388.0,1391.0,brown,1
J487,I592,1496.0,1500.0,brown,4
J487,I1297,4080.0,4086.0,green,1
J557,I1810,6396.0,6412.0,green,1
J557,I2002,7265.0,7270.0,green,3
J1061,I855,2357.0,2370.0,brown,3
J10,I239,463.0,467.0,brown,1
J10,I1520,5094.0,5097.0,green,1
J10,I2016,7330.0,7336.0,green,3
J10,I2236,8266.0,8271.0,green,1
J1555,I1176,3552.0,3560.0,brown,2
J1555,I2297,8548.0,8549.0,green,1
J1555,I2361,8828.0,8836.0,green,1
J1555,I2653,9916.0,9921.0,green,2
J21,I19,26.0,27.0,green,1
J21,I31,42.0,44.0,green,1
J21,I83,122.0,124.0,green,2
J21,I115,192.0,193.0,green,1
J427,I1545,5219.0,5229.0,green,4
J427,I1681,5829.0,5836.0,green,2
J129,I8,13.0,15.0,green,1
J129,I212,410.0,413.0,green,1
J163,I2057,7511.0,7524.0,green,4
J163,I2153,7948.0,7959.0,green,1
J163,I3069,11149.0,11151.0,green,1
J1053,I1413,4648.0,4651.0,green,1
J1053,I2117,7802.0,7809.0,green,1
J1053,I2648,9898.0,9901.0,green,2
J1053,I2661,9947.0,9949.0,green,1
J1209,I333,716.0,722.0,brown,3
J1209,I1550,5273.0,5274.0,green,1
J1209,I2670,9963.0,9974.0,green,1
J1727,I2690,10022.0,10026.0,green,3
J355,I482,1141.0,1145.0,brown,2
J355,I2531,9476.0,9477.0,green,1
J104,I448,1044.0,1047.0,brown,1
J290,I4,4.0,6.0,green,2
J290,I36,52.0,53.0,green,1
J900,I1260,3966.0,3967.0,brown,1
J1440,I2028,7396.0,7398.0,green,2
J1440,I2060,7531.0,7534.0,green,2
J1036,I1472,4889.0,4893.0,green,2
J1036,I1583,5374.0,5387.0,brown,1
J1204,I2240,8281.0,8290.0,green,2
J1204,I2495,9337.0,9346.0,brown,2
J253,I584,1469.0,1477.0,green,1
J253,I1372,4436.0,4446.0,green,2
J1283,I1111,3321.0,3324.0,green,1
J1259,I1685,5845.0,5849.0,green,4
J1259,I2805,10384.0,10385.0,green,1
J1160,I1613,5520.0,5528.0,brown,1
J1160,I1998,7216.0,7230.0,green,4
J1658,I1426,4685.0,4690.0,green,2
J1658,I2130,7854.0,7868.0,green,2
J1658,I2738,10177.0,10183.0,green,1
J612,I1084,3207.0,3212.0,green,1
J612,I1179,3570.0,3582.0,brown,1
J612,I2104,7751.0,7757.0,green,1
J1303,I1365,4393.0,4395.0,green,1
J1303,I2229,8241.0,8243.0,green,1
J1303,I2357,8816.0,8824.0,green,2
J1141,I1519,5079.0,5094.0,green,5
J1141,I2607,9781.0,9783.0,green,1
J1730,I1176,3552.0,3560.0,brown,2
J1730,I2521,9432.0,9435.0,green,1
J1987,I2309,8616.0,8620.0,brown,1
J1987,I3334,11777.0,11779.0,green,2
J1385,I1999,7230.0,7252.0,green,5
J634,I582,1461.0,1466.0,green,2
J634,I773,2098.0,2100.0,brown,2
J133,I1299,4092.0,4100.0,green,3
J1082,I1462,4832.0,4838.0,green,4
J783,I1331,4221.0,4224.0,brown,1
J783,I2612,9792.0,9794.0,green,1
J48,I1202,3686.0,3695.0,green,2
J48,I1362,4376.0,4384.0,green,3
J48,I1426,4685.0,4690.0,green,1
J1680,I2095,7701.0,7702.0,green,1
J1680,I2223,8221.0,8223.0,green,1
J1680,I2287,8510.0,8525.0,brown,1
J318,I550,1361.0,1366.0,brown,1
J318,I615,1560.0,1562.0,green,2
J318,I1671,5776.0,5793.0,green,3
J826,I1590,5417.0,5420.0,brown,2
J826,I1783,6311.0,6313.0,green,2
J1840,I2693,10028.0,10032.0,green,1
J1840,I3205,11487.0,11492.0,green,3
J1840,I3237,11563.0,11567.0,green,1
J49,I349,776.0,777.0,brown,1
J49,I733,1952.0,1968.0,brown,1
J49,I1686,5849.0,5854.0,green,1
J49,I2072,7563.0,7582.0,green,3
J406,I196,378.0,379.0,green,1
J406,I228,441.0,442.0,green,1
J406,I485,1149.0,1155.0,brown,1
J406,I549,1357.0,1361.0,brown,1
J555,I1312,4140.0,4153.0,green,2
J942,I1162,3501.0,3507.0,brown,1
J942,I1274,4010.0,4012.0,brown,2
J942,I2843,10504.0,10507.0,green,2
