Job,Interval,Start,End,Energy,Flow
J1240,I1070,2697.0,2706.0,red,4
J1475,I2738,8455.0,8456.0,brown,1
J1475,I2818,8721.0,8722.0,brown,1
J1201,I1175,3065.0,3069.0,green,2
J1201,I1335,3597.0,3604.0,green,1
J1201,I1751,4996.0,5004.0,green,1
J1449,I1399,3785.0,3790.0,green,1
J1449,I1878,5491.0,5494.0,red,1
J1449,I2751,8492.0,8505.0,green,4
J721,I713,1632.0,1635.0,brown,2
J721,I777,1811.0,1823.0,green,2
J721,I1225,3210.0,3217.0,green,1
J721,I1513,4160.0,4175.0,green,1
J109,I20,34.0,35.0,green,1
J109,I28,50.0,51.0,green,1
J109,I44,75.0,76.0,green,1
J109,I396,800.0,813.0,brown,2
J109,I492,1042.0,1046.0,green,1
J1325,I1871,5458.0,5466.0,green,5
J1935,I2986,9267.0,9275.0,green,3
J1935,I3497,10755.0,10762.0,brown,2
J141,I326,636.0,638.0,green,2
J141,I1158,2986.0,2994.0,green,1
J141,I2303,7025.0,7034.0,green,3
J345,I418,853.0,855.0,brown,1
J345,I483,1023.0,1026.0,green,2
J345,I515,1099.0,1101.0,brown,1
J345,I675,1535.0,1536.0,green,1
J1004,I1833,5350.0,5352.0,brown,1
J1088,I1334,3589.0,3597.0,green,3
J1088,I1366,3685.0,3689.0,brown,1
J1088,I1398,3777.0,3785.0,green,1
J1088,I1686,4784.0,4788.0,brown,1
J1956,I3363,10430.0,10434.0,green,2
J1956,I3714,11310.0,11311.0,brown,1
J1956,I3874,11648.0,11649.0,brown,1
J1039,I1601,4496.0,4497.0,brown,1
J1039,I2108,6309.0,6317.0,green,3
J392,I775,1802.0,1810.0,green,1
J392,I2440,7514.0,7525.0,green,4
J392,I2535,7838.0,7840.0,brown,1
J1290,I1566,4376.0,4378.0,red,1
J1290,I1694,4806.0,4809.0,brown,1
J1290,I1790,5211.0,5223.0,brown,1
J1290,I3583,10988.0,10989.0,green,1
J1138,I606,1347.0,1348.0,brown,1
J1138,I638,1421.0,1422.0,green,1
J1138,I2175,6566.0,6574.0,green,3
J146,I546,1190.0,1192.0,red,1
J146,I2122,6359.0,6363.0,brown,2
J824,I2354,7197.0,7209.0,green,1
J824,I3283,10190.0,10195.0,green,2
J1914,I2655,8204.0,8206.0,brown,1
J1914,I3328,10332.0,10335.0,green,2
J1914,I3808,11519.0,11523.0,green,3
J1357,I1639,4619.0,4620.0,green,1
J1357,I1929,5684.0,5687.0,green,3
J1357,I1961,5806.0,5807.0,brown,1
J1357,I2568,7964.0,7968.0,green,1
J864,I1515,4183.0,4190.0,green,1
J864,I1546,4299.0,4302.0,brown,2
J864,I1578,4408.0,4423.0,green,1
J864,I1867,5447.0,5450.0,green,2
J1963,I1696,4810.0,4816.0,brown,2
J1963,I3472,10705.0,10707.0,green,1
J1963,I3585,10992.0,10993.0,green,1
J1963,I3617,11074.0,11079.0,green,1
J37,I432,882.0,884.0,green,1
J37,I720,1650.0,1654.0,brown,2
J37,I1048,2605.0,2609.0,green,1
J37,I1361,3670.0,3672.0,green,1
J37,I1393,3752.0,3755.0,brown,1
J240,I482,1019.0,1023.0,green,2
J240,I2326,7109.0,7120.0,brown,1
J240,I2486,7686.0,7690.0,brown,1
J240,I2595,8048.0,8053.0,green,1
J240,I2691,8295.0,8302.0,green,1
J530,I497,1054.0,1063.0,green,2
J530,I1613,4540.0,4550.0,brown,1
J1517,I3109,9635.0,9640.0,green,1
J1517,I3139,9738.0,9741.0,green,2
J620,I1332,3583.0,3587.0,green,3
J620,I1429,3881.0,3883.0,green,2
J1370,I2380,7319.0,7321.0,green,1
J1370,I2444,7537.0,7546.0,green,2
J188,I1163,3008.0,3017.0,green,1
J188,I2942,9123.0,9129.0,green,2
J188,I2974,9230.0,9242.0,green,1
J1110,I1517,4193.0,4195.0,brown,2
J1110,I2221,6724.0,6732.0,green,2
J839,I1088,2765.0,2768.0,green,1
J839,I3912,11736.0,11742.0,brown,1
J839,I4000,11919.0,11921.0,green,1
J839,I4032,11965.0,11966.0,green,1
J660,I866,2076.0,2077.0,green,1
J660,I1058,2634.0,2635.0,green,1
J660,I1442,3941.0,3949.0,green,1
J1271,I615,1365.0,1366.0,brown,1
J1271,I647,1444.0,1448.0,green,1
J1271,I1799,5244.0,5249.0,brown,1
J1271,I2078,6190.0,6197.0,green,1
J1271,I2214,6704.0,6707.0,green,2
J1244,I313,600.0,605.0,green,2
J1244,I921,2232.0,2236.0,green,1
J1244,I969,2364.0,2367.0,brown,2
J1244,I1466,4009.0,4013.0,green,1
J389,I487,1031.0,1035.0,green,3
J389,I519,1108.0,1120.0,green,1
J389,I831,1966.0,1970.0,green,1
J1603,I2227,6755.0,6756.0,green,1
J1603,I2579,8000.0,8007.0,green,1
J1603,I2643,8180.0,8181.0,brown,1
J1603,I3451,10659.0,10662.0,green,2
J1747,I2474,7636.0,7644.0,brown,1
J1747,I3019,9395.0,9396.0,green,1
J1747,I3757,11413.0,11414.0,green,1
J1747,I3947,11817.0,11823.0,green,2
J131,I189,347.0,348.0,green,1
J131,I414,848.0,850.0,green,2
J131,I1342,3620.0,3626.0,green,1
J131,I1982,5893.0,5908.0,green,2
J514,I1188,3095.0,3098.0,green,2
J514,I1787,5188.0,5199.0,green,1
J1455,I2382,7322.0,7332.0,green,1
J1455,I2446,7547.0,7553.0,green,3
J1455,I3110,9640.0,9645.0,green,1
J493,I2604,8081.0,8087.0,green,5
J493,I2956,9171.0,9173.0,green,1
J513,I619,1369.0,1370.0,brown,1
J513,I651,1464.0,1465.0,green,1
J513,I3539,10877.0,10878.0,brown,1
J513,I3763,11425.0,11426.0,brown,1
J1269,I1464,4005.0,4008.0,green,2
J1269,I1496,4103.0,4105.0,green,2
J1269,I1528,4226.0,4242.0,green,1
J1269,I2231,6761.0,6764.0,green,1
J898,I1453,3969.0,3972.0,brown,1
J898,I1549,4314.0,4318.0,brown,1
J898,I1613,4540.0,4550.0,brown,1
J898,I2157,6513.0,6519.0,green,2
J317,I399,817.0,818.0,brown,1
J317,I495,1049.0,1051.0,green,2
J317,I1039,2575.0,2582.0,brown,2
J317,I2319,7076.0,7092.0,brown,1
J1393,I1369,3691.0,3693.0,brown,2
J1393,I3354,10398.0,10406.0,green,2
J1393,I3613,11057.0,11066.0,green,2
J219,I649,1458.0,1463.0,green,3
J219,I2986,9267.0,9275.0,green,1
J369,I465,969.0,970.0,green,1
J369,I562,1236.0,1239.0,green,1
J369,I595,1313.0,1317.0,green,2
J369,I1684,4775.0,4779.0,brown,2
J700,I517,1103.0,1106.0,green,1
J700,I645,1441.0,1443.0,green,1
J700,I677,1537.0,1545.0,green,1
J700,I2069,6160.0,6171.0,brown,1
J559,I522,1124.0,1127.0,green,3
J559,I876,2096.0,2099.0,brown,1
J559,I1164,3017.0,3027.0,green,1
J921,I815,1902.0,1903.0,red,1
J921,I847,2023.0,2024.0,brown,1
J921,I912,2208.0,2211.0,green,1
J562,I1307,3518.0,3520.0,brown,1
J562,I2923,9057.0,9061.0,brown,1
J562,I3043,9456.0,9461.0,brown,1
J562,I3676,11211.0,11214.0,green,2
J1565,I2421,7459.0,7461.0,brown,2
J1565,I2501,7734.0,7736.0,brown,1
J790,I1417,3837.0,3838.0,green,1
J790,I1609,4525.0,4531.0,green,3
J790,I1903,5577.0,5584.0,brown,1
J790,I1918,5630.0,5633.0,green,1
J1961,I3356,10413.0,10414.0,green,1
J1961,I3420,10579.0,10581.0,brown,1
J1961,I3580,10978.0,10984.0,green,2
J30,I396,800.0,813.0,brown,1
J30,I436,891.0,894.0,red,1
J30,I468,977.0,979.0,brown,2
J30,I628,1389.0,1396.0,brown,2
J1523,I2514,7769.0,7777.0,green,1
J1523,I2546,7868.0,7870.0,green,2
J1523,I2626,8139.0,8143.0,brown,2
J1523,I2802,8654.0,8658.0,green,1
J1286,I1185,3092.0,3093.0,green,1
J1286,I1201,3128.0,3134.0,brown,3
J1286,I1377,3712.0,3717.0,green,2
J895,I1522,4207.0,4209.0,red,1
J895,I2002,5959.0,5961.0,green,1
J895,I2258,6877.0,6878.0,brown,1
J895,I2399,7388.0,7404.0,green,1
J1012,I2364,7255.0,7264.0,green,2
J1012,I2810,8682.0,8689.0,green,1
J1865,I1904,5584.0,5586.0,brown,2
J1865,I3537,10873.0,10876.0,green,3
J1865,I3693,11262.0,11263.0,green,1
J545,I1085,2750.0,2752.0,green,1
J545,I1277,3428.0,3434.0,green,2
J545,I2782,8598.0,8604.0,green,3
J1947,I2054,6113.0,6118.0,brown,1
J1947,I2566,7960.0,7962.0,brown,1
J1947,I3623,11094.0,11095.0,green,1
J1947,I3655,11160.0,11163.0,green,2
J1947,I3887,11674.0,11679.0,brown,1
J1536,I482,1019.0,1023.0,green,1
J1536,I513,1097.0,1098.0,red,1
J451,I2253,6861.0,6866.0,brown,2
J451,I2670,8244.0,8250.0,green,1
J451,I3662,11176.0,11177.0,green,1
J714,I1355,3654.0,3657.0,green,1
J714,I1963,5808.0,5810.0,brown,1
J714,I2874,8892.0,8894.0,green,2
J714,I2906,9006.0,9007.0,green,1
J714,I2970,9217.0,9218.0,green,1
J1888,I1385,3735.0,3737.0,brown,1
J1888,I3402,10524.0,10537.0,green,3
J1888,I3434,10614.0,10618.0,green,1
J1888,I3497,10755.0,10762.0,brown,1
J1009,I1519,4196.0,4198.0,red,1
J1009,I2319,7076.0,7092.0,brown,4
J1009,I2800,8648.0,8652.0,green,1
J198,I330,641.0,644.0,brown,3
J198,I1514,4175.0,4183.0,green,1
J198,I2026,6010.0,6025.0,green,1
J198,I2122,6359.0,6363.0,brown,1
J1000,I1013,2483.0,2491.0,green,2
J1000,I2718,8391.0,8394.0,green,2
J1000,I2750,8484.0,8492.0,green,2
J1785,I816,1903.0,1907.0,red,1
J1785,I1136,2913.0,2918.0,green,1
J1785,I1424,3860.0,3870.0,green,1
J1785,I3153,9768.0,9775.0,green,2
J1785,I3436,10619.0,10621.0,brown,1
J1353,I1292,3479.0,3480.0,red,1
J1353,I1324,3561.0,3565.0,red,1
J1353,I1548,4304.0,4314.0,brown,1
J1353,I2445,7546.0,7547.0,green,1
J1353,I2461,7605.0,7608.0,green,1
J1353,I3245,10081.0,10084.0,green,1
J667,I369,739.0,742.0,green,1
J667,I593,1311.0,1312.0,green,1
J667,I1613,4540.0,4550.0,brown,1
J667,I1649,4649.0,4651.0,green,1
J667,I2029,6030.0,6033.0,brown,1
J18,I72,123.0,128.0,green,2
J18,I1192,3104.0,3105.0,green,1
J18,I1979,5869.0,5882.0,green,1
J18,I2399,7388.0,7404.0,green,2
J661,I1088,2765.0,2768.0,green,1
J661,I1121,2856.0,2858.0,green,2
J661,I1153,2964.0,2969.0,green,1
J661,I1409,3809.0,3815.0,brown,1
J1158,I1948,5748.0,5758.0,brown,1
J1158,I1980,5882.0,5888.0,green,4
J1158,I3180,9867.0,9870.0,green,1
J1083,I900,2163.0,2168.0,green,1
J1083,I1444,3950.0,3954.0,green,1
J1083,I2756,8520.0,8524.0,brown,1
J1083,I3205,9960.0,9967.0,green,3
J662,I680,1547.0,1550.0,green,1
J662,I1224,3207.0,3210.0,green,1
J662,I3169,9834.0,9840.0,green,3
J662,I3208,9969.0,9976.0,green,1
J770,I1336,3604.0,3609.0,green,2
J770,I1368,3690.0,3691.0,brown,1
J770,I1401,3791.0,3795.0,green,2
J770,I1689,4792.0,4798.0,brown,1
J816,I751,1727.0,1733.0,green,2
J816,I1487,4084.0,4085.0,brown,1
J816,I1775,5133.0,5142.0,green,1
J816,I1903,5577.0,5584.0,brown,1
J1791,I2403,7413.0,7414.0,green,1
J1791,I2436,7504.0,7507.0,green,1
J1791,I3724,11334.0,11339.0,green,2
J649,I998,2450.0,2451.0,green,1
J649,I1767,5103.0,5105.0,brown,1
J649,I1831,5348.0,5349.0,green,1
J649,I1927,5673.0,5682.0,green,1
J649,I1959,5791.0,5802.0,green,1
J649,I2335,7143.0,7144.0,green,1
J1160,I1415,3832.0,3836.0,green,2
J1160,I2440,7514.0,7525.0,green,2
J1160,I2701,8331.0,8337.0,brown,1
J1615,I685,1558.0,1566.0,brown,4
J1615,I749,1725.0,1726.0,green,1
J1615,I813,1894.0,1901.0,green,1
J1381,I1433,3895.0,3906.0,green,4
J1381,I1497,4105.0,4107.0,green,1
J1699,I2533,7828.0,7829.0,brown,1
J1699,I2565,7956.0,7960.0,brown,2
J1699,I3014,9372.0,9378.0,green,1
J1754,I3327,10325.0,10332.0,green,3
J1754,I3775,11447.0,11453.0,green,3
J176,I453,929.0,933.0,green,1
J176,I582,1294.0,1295.0,green,1
J176,I972,2371.0,2379.0,brown,1
J176,I1158,2986.0,2994.0,green,1
J1990,I780,1828.0,1832.0,green,2
J1990,I2892,8946.0,8956.0,brown,1
J1990,I3978,11877.0,11878.0,brown,1
J1990,I3982,11882.0,11883.0,green,1
J1415,I1416,3836.0,3837.0,green,1
J1415,I1450,3961.0,3965.0,green,1
J1415,I1610,4531.0,4532.0,green,1
J1415,I1642,4624.0,4629.0,green,1
J1415,I1706,4848.0,4857.0,brown,1
J1415,I2934,9078.0,9089.0,brown,1
J1252,I422,858.0,859.0,green,1
J1252,I454,933.0,935.0,green,1
J1252,I1190,3099.0,3102.0,green,1
J1252,I1414,3830.0,3832.0,brown,1
J1252,I2422,7461.0,7463.0,brown,1
J1679,I2407,7419.0,7420.0,green,1
J1679,I2439,7513.0,7514.0,green,1
J1679,I2440,7514.0,7525.0,green,1
J1679,I2599,8061.0,8062.0,green,1
J1679,I2695,8307.0,8310.0,green,1
J1679,I3399,10521.0,10522.0,green,1
J1560,I2082,6210.0,6212.0,red,1
J1560,I2498,7722.0,7730.0,brown,1
J1560,I2943,9129.0,9135.0,green,1
J86,I212,394.0,395.0,green,1
J86,I2900,8976.0,8981.0,green,1
J86,I3124,9682.0,9685.0,green,1
J883,I1650,4651.0,4658.0,green,4
J883,I1714,4890.0,4891.0,brown,1
J883,I2002,5959.0,5961.0,green,1
J1410,I478,1003.0,1006.0,green,1
J1410,I2111,6326.0,6330.0,green,3
J1410,I2746,8468.0,8477.0,green,1
J677,I1329,3576.0,3578.0,brown,2
J677,I2265,6895.0,6897.0,brown,2
J677,I2319,7076.0,7092.0,brown,2
J970,I2054,6113.0,6118.0,brown,1
J970,I3159,9791.0,9816.0,green,1
J970,I3287,10203.0,10210.0,green,1
J1505,I3196,9918.0,9932.0,green,3
J1505,I3596,11017.0,11018.0,green,1
J1505,I3644,11136.0,11138.0,green,2
J819,I792,1852.0,1853.0,brown,1
J819,I856,2049.0,2051.0,green,1
J819,I1944,5739.0,5742.0,green,1
J819,I3358,10415.0,10417.0,brown,1
J1846,I3851,11599.0,11602.0,brown,1
J1731,I605,1340.0,1347.0,brown,2
J1731,I1758,5041.0,5055.0,green,1
J1731,I3558,10927.0,10932.0,green,3
J144,I410,836.0,839.0,green,2
J144,I572,1267.0,1268.0,brown,1
J144,I1180,3081.0,3085.0,green,2
J144,I1500,4121.0,4124.0,green,1
J52,I23,41.0,45.0,green,3
J52,I55,90.0,91.0,green,1
J52,I120,214.0,215.0,green,1
J52,I280,534.0,538.0,green,1
J1111,I2080,6198.0,6205.0,green,4
J1111,I2128,6388.0,6401.0,green,1
J849,I1711,4876.0,4880.0,green,1
J849,I2223,6741.0,6748.0,green,5
J189,I165,302.0,303.0,green,1
J189,I709,1624.0,1626.0,brown,1
J189,I837,1983.0,1990.0,brown,1
J613,I563,1239.0,1241.0,green,1
J613,I1467,4013.0,4021.0,green,2
J613,I1627,4582.0,4584.0,brown,1
J377,I609,1350.0,1351.0,brown,1
J377,I641,1429.0,1438.0,brown,1
J377,I673,1528.0,1530.0,brown,1
J377,I737,1684.0,1685.0,green,1
J377,I1662,4719.0,4723.0,green,2
J651,I209,390.0,391.0,brown,1
J651,I273,520.0,522.0,brown,1
J651,I337,659.0,661.0,green,1
J651,I1233,3232.0,3234.0,green,1
J651,I2337,7146.0,7148.0,green,2
J1994,I697,1597.0,1598.0,green,1
J1994,I3913,11742.0,11746.0,brown,2
J1994,I3929,11776.0,11779.0,brown,1
J1994,I4002,11924.0,11926.0,green,1
J1994,I4042,11981.0,11982.0,green,1
J1558,I2238,6789.0,6791.0,brown,1
J1558,I2814,8705.0,8715.0,brown,1
J1558,I3159,9791.0,9816.0,green,3
J683,I1375,3707.0,3710.0,brown,2
J683,I1407,3804.0,3807.0,green,1
J683,I1471,4028.0,4031.0,green,1
J683,I1631,4588.0,4595.0,brown,2
J1369,I1663,4723.0,4725.0,green,1
J1369,I1791,5223.0,5225.0,brown,2
J1369,I3519,10813.0,10814.0,brown,1
J1369,I3567,10947.0,10951.0,brown,1
J256,I637,1417.0,1421.0,green,4
J458,I665,1495.0,1500.0,green,3
J458,I2321,7094.0,7095.0,brown,1
J458,I2461,7605.0,7608.0,green,2
J1871,I2792,8616.0,8619.0,brown,3
J1871,I3677,11214.0,11218.0,green,3
J576,I639,1422.0,1428.0,green,2
J576,I1549,4314.0,4318.0,brown,2
J903,I864,2069.0,2071.0,brown,1
J903,I896,2159.0,2160.0,brown,1
J903,I928,2247.0,2254.0,brown,2
J903,I1312,3538.0,3540.0,brown,1
J589,I1053,2622.0,2624.0,green,2
J589,I1886,5519.0,5522.0,green,1
J589,I1918,5630.0,5633.0,green,1
J589,I2750,8484.0,8492.0,green,2
J1267,I1869,5452.0,5453.0,green,1
J1267,I2221,6724.0,6732.0,green,1
J1267,I2222,6732.0,6741.0,green,2
J1267,I2382,7322.0,7332.0,green,2
J1939,I3022,9401.0,9403.0,green,2
J1939,I3798,11496.0,11497.0,green,1
J1939,I3822,11546.0,11548.0,green,2
J1939,I3824,11551.0,11552.0,green,1
J425,I712,1630.0,1632.0,brown,1
J425,I3753,11404.0,11405.0,green,1
J425,I3849,11594.0,11596.0,green,2
J425,I3881,11656.0,11658.0,green,2
J1081,I1348,3636.0,3637.0,brown,1
J1081,I1444,3950.0,3954.0,green,1
J1081,I1925,5654.0,5667.0,green,2
J1741,I2558,7934.0,7938.0,brown,3
J1741,I2591,8038.0,8039.0,green,1
J1741,I2879,8905.0,8910.0,green,2
J640,I621,1371.0,1373.0,brown,2
J640,I2382,7322.0,7332.0,green,2
J640,I3118,9663.0,9670.0,green,2
J1459,I2760,8529.0,8531.0,brown,2
J1459,I2953,9160.0,9162.0,green,1
J1459,I2985,9266.0,9267.0,green,1
J1251,I1657,4698.0,4701.0,green,1
J1251,I2989,9281.0,9283.0,brown,2
J1251,I3210,9982.0,9987.0,green,1
J454,I729,1667.0,1672.0,red,2
J454,I761,1762.0,1764.0,green,1
J454,I1081,2739.0,2740.0,green,1
J1674,I1460,3991.0,3994.0,brown,2
J1674,I2549,7882.0,7897.0,green,1
J1674,I3869,11635.0,11637.0,green,2
J241,I2444,7537.0,7546.0,green,1
J241,I2699,8318.0,8330.0,brown,1
J241,I3244,10079.0,10081.0,green,2
J1065,I1764,5076.0,5092.0,green,5
J1065,I2429,7485.0,7486.0,green,1
J1363,I2676,8257.0,8258.0,brown,1
J1363,I3005,9331.0,9337.0,green,2
J1363,I3039,9448.0,9451.0,green,2
J1363,I3109,9635.0,9640.0,green,1
J1347,I732,1674.0,1676.0,red,1
J1347,I861,2062.0,2065.0,green,2
J1347,I1117,2840.0,2847.0,green,1
J160,I380,764.0,765.0,brown,1
J160,I412,840.0,846.0,green,1
J160,I445,911.0,914.0,green,1
J160,I509,1086.0,1090.0,red,1
J160,I541,1172.0,1174.0,green,1
J160,I573,1268.0,1272.0,brown,1
J741,I1333,3587.0,3589.0,green,1
J741,I3782,11461.0,11466.0,green,2
J741,I3910,11731.0,11734.0,green,3
J1077,I361,713.0,715.0,green,2
J1077,I3833,11563.0,11564.0,green,1
J1077,I3897,11703.0,11704.0,green,1
J1077,I3961,11841.0,11844.0,green,1
J1077,I4009,11935.0,11936.0,green,1
J634,I90,155.0,158.0,red,1
J634,I2395,7374.0,7379.0,green,2
J379,I1258,3347.0,3350.0,green,1
J379,I1514,4175.0,4183.0,green,2
J1842,I1469,4022.0,4027.0,green,1
J1842,I1501,4124.0,4131.0,green,1
J1842,I3581,10984.0,10986.0,green,1
J1842,I4035,11969.0,11970.0,green,1
J1842,I4041,11979.0,11981.0,green,2
J973,I1407,3804.0,3807.0,green,1
J973,I3104,9620.0,9621.0,green,1
J973,I3728,11344.0,11347.0,green,2
J752,I1658,4701.0,4706.0,green,1
J752,I1818,5302.0,5305.0,green,2
J752,I2026,6010.0,6025.0,green,2
J911,I2837,8784.0,8795.0,brown,2
J911,I3138,9737.0,9738.0,green,1
J911,I3202,9945.0,9954.0,green,1
J911,I3362,10426.0,10430.0,green,2
J110,I290,556.0,558.0,green,1
J110,I354,696.0,697.0,red,1
J110,I2498,7722.0,7730.0,brown,1
J1419,I2892,8946.0,8956.0,brown,2
J1530,I760,1750.0,1762.0,green,1
J1530,I3177,9855.0,9865.0,green,3
J1530,I3835,11566.0,11567.0,green,1
J226,I497,1054.0,1063.0,green,2
J226,I562,1236.0,1239.0,green,1
J226,I1236,3239.0,3240.0,green,1
J226,I1300,3506.0,3507.0,brown,1
J226,I1364,3678.0,3683.0,green,1
J1100,I781,1832.0,1833.0,green,1
J1100,I877,2099.0,2106.0,brown,3
J1100,I1453,3969.0,3972.0,brown,2
J96,I316,612.0,614.0,green,1
J96,I348,680.0,682.0,green,1
J96,I445,911.0,914.0,green,1
J96,I1885,5516.0,5519.0,green,3
J1055,I2669,8240.0,8244.0,green,4
J1055,I3021,9397.0,9401.0,green,1
J1470,I2536,7840.0,7843.0,red,1
J1470,I2856,8838.0,8843.0,brown,3
J1872,I1312,3538.0,3540.0,brown,1
J1872,I3969,11859.0,11863.0,green,1
J1872,I3976,11875.0,11876.0,brown,1
J1872,I3993,11904.0,11909.0,green,1
J1872,I4000,11919.0,11921.0,green,1
J1872,I4001,11921.0,11924.0,green,1
J1936,I2359,7227.0,7230.0,green,3
J1936,I3159,9791.0,9816.0,green,1
J1936,I3895,11695.0,11700.0,brown,1
J1202,I1912,5604.0,5622.0,green,1
J1202,I2392,7361.0,7367.0,brown,2
J1202,I2601,8068.0,8070.0,green,1
J1202,I3105,9621.0,9623.0,green,2
J50,I115,203.0,204.0,green,1
J50,I180,333.0,334.0,green,1
J50,I245,465.0,468.0,green,2
J50,I821,1916.0,1931.0,brown,1
J555,I147,269.0,271.0,green,1
J555,I179,332.0,333.0,green,1
J555,I211,393.0,394.0,green,1
J555,I243,463.0,464.0,green,1
J555,I1139,2926.0,2931.0,green,1
J555,I2419,7452.0,7455.0,brown,1
J978,I1096,2781.0,2783.0,red,2
J978,I1928,5682.0,5684.0,green,1
J978,I2056,6120.0,6122.0,brown,2
J978,I3574,10968.0,10969.0,brown,1
J1703,I2417,7448.0,7451.0,brown,1
J1703,I2993,9306.0,9309.0,brown,1
J1703,I3074,9525.0,9534.0,green,1
J1703,I3202,9945.0,9954.0,green,1
J1629,I2686,8274.0,8277.0,brown,2
J1629,I3791,11481.0,11482.0,green,1
J815,I1083,2744.0,2747.0,green,2
J815,I1531,4246.0,4249.0,green,3
J1026,I623,1374.0,1378.0,brown,3
J1026,I879,2108.0,2110.0,red,2
J435,I2566,7960.0,7962.0,brown,1
J435,I3018,9384.0,9395.0,green,1
J435,I3354,10398.0,10406.0,green,1
J665,I564,1241.0,1245.0,green,2
J665,I1396,3766.0,3773.0,green,2
J1047,I2128,6388.0,6401.0,green,5
J1047,I3056,9488.0,9489.0,green,1
J1227,I2123,6363.0,6370.0,brown,6
J1298,I1513,4160.0,4175.0,green,1
J1298,I1832,5349.0,5350.0,brown,1
J1298,I2345,7167.0,7172.0,green,1
J235,I318,615.0,621.0,green,3
J235,I864,2069.0,2071.0,brown,1
J235,I1855,5412.0,5418.0,green,1
J930,I567,1254.0,1259.0,green,2
J930,I825,1936.0,1939.0,green,1
J930,I1177,3074.0,3075.0,green,1
J709,I1394,3755.0,3759.0,brown,4
J709,I1458,3982.0,3989.0,brown,1
J1528,I1401,3791.0,3795.0,green,1
J1528,I1529,4242.0,4243.0,green,1
J1528,I1593,4467.0,4473.0,brown,1
J1528,I2921,9047.0,9048.0,brown,1
J1528,I3322,10310.0,10311.0,green,1
J478,I2069,6160.0,6171.0,brown,3
J478,I2902,8984.0,8989.0,green,1
J478,I3110,9640.0,9645.0,green,1
J1454,I2715,8380.0,8382.0,green,2
J1454,I2747,8477.0,8478.0,green,1
J459,I341,666.0,668.0,green,2
J459,I1397,3773.0,3777.0,green,1
J459,I1717,4894.0,4896.0,green,1
J459,I1718,4896.0,4899.0,green,1
J459,I2069,6160.0,6171.0,brown,1
J1218,I957,2334.0,2347.0,green,3
J1218,I1261,3360.0,3369.0,brown,1
J1218,I1277,3428.0,3434.0,green,1
J1218,I2205,6649.0,6653.0,green,1
J1569,I222,414.0,417.0,red,1
J1569,I2175,6566.0,6574.0,green,2
J1766,I411,839.0,840.0,green,1
J1766,I763,1767.0,1777.0,green,1
J1766,I2076,6187.0,6188.0,green,1
J1766,I2364,7255.0,7264.0,green,1
J577,I1069,2690.0,2697.0,red,1
J577,I1134,2903.0,2909.0,green,1
J577,I1742,4957.0,4964.0,brown,2
J577,I1838,5361.0,5363.0,green,1
J577,I1934,5708.0,5711.0,green,1
J1053,I2247,6833.0,6834.0,brown,1
J1053,I2280,6961.0,6964.0,red,2
J1053,I2471,7627.0,7629.0,brown,2
J841,I1926,5667.0,5673.0,green,4
J841,I3470,10703.0,10704.0,green,1
J697,I2432,7490.0,7492.0,green,1
J697,I2927,9064.0,9066.0,brown,1
J697,I3043,9456.0,9461.0,brown,1
J697,I3359,10417.0,10421.0,brown,1
J809,I1789,5204.0,5211.0,green,2
J809,I1853,5405.0,5409.0,green,2
J809,I1948,5748.0,5758.0,brown,1
J809,I2908,9009.0,9010.0,brown,1
J1979,I3114,9652.0,9656.0,green,1
J1979,I3801,11502.0,11507.0,green,4
J1182,I2264,6889.0,6895.0,brown,1
J1182,I2969,9215.0,9217.0,green,1
J1182,I3609,11046.0,11050.0,green,2
J431,I271,518.0,519.0,red,1
J431,I400,818.0,819.0,green,1
J431,I624,1378.0,1380.0,brown,1
J431,I656,1480.0,1481.0,green,1
J431,I1424,3860.0,3870.0,green,2
J1318,I3683,11233.0,11240.0,green,3
J1794,I1464,4005.0,4008.0,green,1
J1794,I1548,4304.0,4314.0,brown,1
J1794,I3624,11095.0,11097.0,green,2
J1794,I3756,11410.0,11413.0,green,1
J1794,I3816,11534.0,11535.0,green,1
J1822,I3672,11206.0,11207.0,green,1
J1822,I3688,11247.0,11250.0,green,1
J1822,I3848,11593.0,11594.0,green,1
J1822,I3902,11713.0,11716.0,green,1
J1822,I3906,11724.0,11726.0,green,1
J1822,I3913,11742.0,11746.0,brown,1
J1892,I3797,11491.0,11496.0,green,4
J23,I24,45.0,46.0,green,1
J23,I57,92.0,95.0,green,3
J23,I2701,8331.0,8337.0,brown,2
J412,I1021,2507.0,2511.0,green,1
J412,I2141,6453.0,6460.0,brown,2
J1382,I867,2077.0,2082.0,brown,3
J1382,I931,2261.0,2266.0,red,1
J1382,I1763,5069.0,5076.0,green,2
J163,I146,264.0,269.0,green,2
J163,I178,331.0,332.0,green,1
J163,I210,391.0,393.0,brown,1
J756,I630,1397.0,1404.0,brown,2
J756,I1527,4224.0,4226.0,brown,2
J756,I1559,4357.0,4364.0,green,1
J756,I2151,6493.0,6500.0,green,1
J326,I704,1613.0,1618.0,green,1
J326,I1474,4037.0,4046.0,green,1
J556,I1231,3226.0,3229.0,green,2
J556,I1264,3373.0,3377.0,brown,2
J556,I1328,3575.0,3576.0,brown,1
J556,I1462,3997.0,4004.0,green,1
J1908,I2548,7871.0,7882.0,green,3
J1908,I3806,11514.0,11518.0,green,1
J1897,I1548,4304.0,4314.0,brown,3
J743,I1009,2471.0,2476.0,brown,1
J743,I1169,3040.0,3044.0,green,1
J743,I2257,6873.0,6877.0,brown,1
J743,I2786,8609.0,8611.0,green,1
J629,I1206,3150.0,3163.0,green,2
J629,I1238,3246.0,3250.0,green,1
J629,I1526,4218.0,4224.0,brown,2
J46,I1710,4869.0,4876.0,green,1
J46,I2735,8444.0,8446.0,green,1
J46,I3247,10086.0,10088.0,green,2
J46,I3471,10704.0,10705.0,green,1
J46,I3503,10775.0,10776.0,green,1
J167,I129,236.0,237.0,green,1
J167,I1265,3377.0,3378.0,brown,1
J167,I1498,4107.0,4112.0,green,1
J420,I138,249.0,251.0,brown,2
J420,I170,314.0,319.0,green,2
J1792,I2498,7722.0,7730.0,brown,3
J1792,I3811,11527.0,11528.0,green,1
J992,I366,726.0,730.0,green,3
J992,I494,1047.0,1049.0,green,1
J992,I846,2018.0,2023.0,brown,1
J1207,I3062,9497.0,9500.0,green,1
J1207,I3686,11244.0,11246.0,green,2
J1207,I3718,11315.0,11319.0,green,3
J260,I2690,8289.0,8295.0,green,1
J260,I2786,8609.0,8611.0,green,1
J1050,I540,1171.0,1172.0,green,1
J1050,I2268,6900.0,6905.0,brown,2
J1050,I3069,9517.0,9519.0,green,2
J1738,I1846,5379.0,5382.0,green,2
J1738,I2871,8882.0,8887.0,green,1
J1738,I3063,9500.0,9501.0,green,1
J1738,I3159,9791.0,9816.0,green,2
J552,I677,1537.0,1545.0,green,2
J1091,I1353,3652.0,3653.0,green,1
J1091,I1418,3838.0,3843.0,green,1
J1091,I1706,4848.0,4857.0,brown,3
J1091,I2250,6844.0,6845.0,green,1
J594,I466,970.0,972.0,green,2
J594,I1011,2477.0,2482.0,brown,3
J187,I146,264.0,269.0,green,2
J187,I946,2305.0,2311.0,green,1
J187,I1234,3234.0,3236.0,green,1
J58,I75,131.0,132.0,green,1
J58,I131,238.0,239.0,green,1
J568,I390,789.0,792.0,brown,3
J568,I454,933.0,935.0,green,1
J568,I486,1030.0,1031.0,green,1
J568,I1222,3201.0,3205.0,green,1
J977,I197,359.0,361.0,green,2
J977,I837,1983.0,1990.0,brown,3
J418,I251,476.0,479.0,green,1
J418,I1275,3415.0,3420.0,green,1
J1592,I1277,3428.0,3434.0,green,2
J1592,I1597,4485.0,4486.0,red,1
J1592,I2493,7709.0,7712.0,red,1
J1592,I3389,10504.0,10507.0,brown,1
J1592,I3502,10771.0,10775.0,green,1
J829,I1313,3540.0,3541.0,green,1
J829,I1441,3938.0,3941.0,green,3
J123,I385,779.0,781.0,green,1
J123,I481,1010.0,1019.0,green,1
J123,I2017,5988.0,5990.0,green,1
J123,I2929,9067.0,9069.0,brown,1
J123,I3565,10944.0,10946.0,brown,2
J1816,I1978,5865.0,5869.0,green,1
J1816,I2010,5977.0,5979.0,brown,1
J1816,I3067,9511.0,9514.0,green,1
J1816,I3291,10219.0,10229.0,green,1
J854,I1262,3369.0,3370.0,brown,1
J854,I1422,3850.0,3856.0,green,1
J854,I1775,5133.0,5142.0,green,2
J740,I396,800.0,813.0,brown,4
J657,I1279,3435.0,3445.0,brown,1
J657,I1423,3856.0,3860.0,green,3
J657,I1455,3974.0,3975.0,brown,1
J658,I1189,3098.0,3099.0,green,1
J658,I1381,3723.0,3726.0,green,3
J658,I1438,3927.0,3934.0,green,1
J658,I1637,4613.0,4615.0,green,1
J1692,I1630,4587.0,4588.0,brown,1
J1692,I1790,5211.0,5223.0,brown,1
J1692,I1950,5759.0,5765.0,brown,1
J1692,I2271,6910.0,6919.0,green,1
J1692,I3191,9901.0,9906.0,green,1
J963,I1054,2624.0,2627.0,green,1
J963,I1086,2752.0,2761.0,green,1
J963,I1662,4719.0,4723.0,green,1
J486,I679,1546.0,1547.0,green,1
J486,I1032,2548.0,2550.0,brown,1
J486,I1160,2995.0,3006.0,green,1
J130,I723,1657.0,1658.0,brown,1
J130,I1139,2926.0,2931.0,green,1
J1955,I2937,9098.0,9109.0,brown,1
J1955,I3786,11471.0,11473.0,green,2
J1955,I3882,11658.0,11661.0,green,2
J1756,I2928,9066.0,9067.0,brown,1
J1756,I3089,9575.0,9576.0,green,1
J1756,I3121,9677.0,9679.0,green,1
J1756,I3297,10253.0,10254.0,green,1
J1756,I3306,10274.0,10277.0,brown,1
J1756,I3314,10289.0,10290.0,brown,1
J773,I517,1103.0,1106.0,green,1
J773,I3782,11461.0,11466.0,green,1
J516,I247,470.0,472.0,green,1
J516,I439,899.0,904.0,brown,2
J516,I1975,5858.0,5861.0,brown,1
J516,I2487,7690.0,7698.0,brown,2
J1477,I2899,8971.0,8976.0,green,2
J1477,I3269,10156.0,10161.0,green,1
J489,I567,1254.0,1259.0,green,3
J489,I3928,11771.0,11776.0,green,1
J489,I3980,11880.0,11881.0,green,1
J489,I3992,11903.0,11904.0,green,1
J1980,I3632,11110.0,11112.0,green,2
J203,I158,289.0,291.0,green,2
J203,I1982,5893.0,5908.0,green,3
J203,I2038,6059.0,6063.0,brown,1
J873,I1335,3597.0,3604.0,green,2
J1166,I153,279.0,283.0,green,1
J1166,I1689,4792.0,4798.0,brown,1
J1166,I2937,9098.0,9109.0,brown,1
J1166,I2942,9123.0,9129.0,green,2
J664,I1063,2654.0,2656.0,green,1
J664,I1351,3640.0,3650.0,green,1
J664,I1703,4840.0,4844.0,brown,1
J664,I1799,5244.0,5249.0,brown,1
J528,I1018,2498.0,2500.0,green,2
J528,I1706,4848.0,4857.0,brown,1
J1895,I2545,7863.0,7868.0,green,2
J1895,I3953,11829.0,11831.0,green,2
J1245,I2081,6205.0,6210.0,red,1
J1245,I3167,9829.0,9832.0,green,1
J1245,I3170,9840.0,9842.0,green,1
J831,I1004,2460.0,2464.0,green,1
J831,I1164,3017.0,3027.0,green,1
J831,I3030,9421.0,9426.0,brown,2
J571,I857,2051.0,2056.0,green,1
J571,I3930,11779.0,11781.0,brown,1
J571,I3994,11909.0,11912.0,green,2
J1853,I425,870.0,872.0,green,1
J1853,I3993,11904.0,11909.0,green,2
J467,I1067,2684.0,2685.0,red,1
J467,I2027,6025.0,6026.0,green,1
J467,I2123,6363.0,6370.0,brown,1
J467,I2396,7379.0,7382.0,green,2
J467,I2444,7537.0,7546.0,green,1
J1529,I1593,4467.0,4473.0,brown,5
J1529,I3796,11489.0,11491.0,green,1
J1129,I3309,10283.0,10284.0,brown,1
J1800,I2136,6429.0,6446.0,brown,1
J1800,I3737,11366.0,11367.0,green,1
J1468,I1753,5005.0,5012.0,green,4
J1468,I1850,5391.0,5401.0,green,2
J547,I253,483.0,485.0,green,2
J547,I285,546.0,549.0,green,1
J547,I1117,2840.0,2847.0,green,1
J547,I1261,3360.0,3369.0,brown,1
J633,I935,2272.0,2279.0,green,1
J633,I1223,3205.0,3207.0,green,1
J633,I2440,7514.0,7525.0,green,2
J633,I2783,8604.0,8606.0,green,1
J633,I2839,8797.0,8798.0,brown,1
J1373,I1323,3559.0,3561.0,green,1
J1373,I1387,3741.0,3744.0,red,1
J1373,I1579,4423.0,4434.0,brown,3
J1373,I1995,5940.0,5943.0,brown,1
J1620,I1171,3053.0,3057.0,brown,1
J1620,I1203,3136.0,3139.0,green,1
J1620,I1683,4771.0,4775.0,brown,2
J742,I1173,3058.0,3062.0,brown,1
J742,I1205,3146.0,3150.0,green,2
J1622,I2656,8206.0,8208.0,brown,1
J1622,I2932,9071.0,9076.0,brown,1
J1622,I3153,9768.0,9775.0,green,2
J1622,I3617,11074.0,11079.0,green,2
J775,I133,240.0,241.0,green,1
J775,I677,1537.0,1545.0,green,3
J775,I1765,5092.0,5099.0,green,1
J775,I1893,5540.0,5542.0,brown,1
J1372,I1229,3224.0,3225.0,green,1
J1372,I1261,3360.0,3369.0,brown,1
J1246,I367,730.0,737.0,green,3
J1929,I3889,11683.0,11685.0,green,1
J1929,I3906,11724.0,11726.0,green,1
J1188,I1225,3210.0,3217.0,green,1
J1188,I1545,4285.0,4299.0,brown,2
J1188,I2986,9267.0,9275.0,green,1
J1188,I3130,9700.0,9705.0,green,1
J1188,I3402,10524.0,10537.0,green,1
J607,I1425,3870.0,3871.0,green,1
J607,I1489,4092.0,4093.0,green,1
J607,I2962,9192.0,9200.0,green,4
J136,I381,765.0,769.0,brown,1
J136,I2014,5984.0,5985.0,green,1
J136,I2142,6460.0,6461.0,brown,1
J136,I2394,7368.0,7374.0,green,2
J1920,I2575,7981.0,7990.0,brown,1
J1920,I3296,10251.0,10253.0,green,2
J755,I711,1628.0,1630.0,brown,1
J755,I935,2272.0,2279.0,green,2
J755,I1160,2995.0,3006.0,green,3
J400,I870,2085.0,2086.0,brown,1
J400,I902,2174.0,2179.0,green,4
J1231,I2346,7172.0,7175.0,green,3
J1231,I3242,10076.0,10078.0,green,1
J1231,I3374,10458.0,10461.0,brown,2
J1176,I2355,7209.0,7218.0,green,1
J1176,I2626,8139.0,8143.0,brown,1
J1176,I2642,8179.0,8180.0,brown,1
J1176,I2803,8658.0,8669.0,green,1
J1200,I1750,4993.0,4996.0,green,1
J1200,I1782,5159.0,5162.0,green,1
J1200,I1814,5289.0,5296.0,red,2
J902,I1705,4847.0,4848.0,brown,1
J902,I1737,4940.0,4941.0,brown,1
J902,I1769,5118.0,5121.0,brown,1
J902,I1865,5442.0,5444.0,green,2
J902,I2986,9267.0,9275.0,green,1
J698,I3317,10296.0,10302.0,green,3
J945,I1814,5289.0,5296.0,red,4
J945,I2903,8989.0,9001.0,green,1
J669,I473,996.0,997.0,red,1
J669,I1433,3895.0,3906.0,green,1
J127,I194,354.0,357.0,green,2
J127,I676,1536.0,1537.0,green,1
J127,I1476,4047.0,4053.0,green,3
J813,I1873,5474.0,5482.0,green,1
J813,I3026,9409.0,9412.0,green,2
J813,I3134,9718.0,9729.0,green,3
J719,I1082,2740.0,2744.0,green,2
J719,I1274,3408.0,3415.0,brown,1
J719,I1306,3517.0,3518.0,red,1
J719,I1950,5759.0,5765.0,brown,2
J906,I2449,7556.0,7567.0,green,2
J1737,I2561,7941.0,7944.0,brown,1
J1737,I2625,8134.0,8139.0,brown,5
J679,I1357,3662.0,3665.0,green,1
J679,I1358,3665.0,3667.0,green,1
J679,I1710,4869.0,4876.0,green,2
J457,I151,277.0,278.0,green,1
J457,I276,527.0,528.0,green,1
J457,I372,744.0,748.0,green,1
J457,I500,1065.0,1068.0,green,1
J457,I533,1159.0,1161.0,red,1
J457,I1100,2792.0,2799.0,brown,1
J1467,I2480,7661.0,7664.0,green,1
J48,I204,379.0,381.0,brown,2
J48,I460,950.0,955.0,green,2
J48,I1594,4473.0,4474.0,brown,1
J541,I831,1966.0,1970.0,green,2
J541,I959,2348.0,2350.0,brown,1
J541,I2160,6529.0,6530.0,green,1
J541,I2176,6574.0,6576.0,brown,1
J541,I2198,6622.0,6631.0,brown,1
J681,I1276,3420.0,3428.0,green,2
J681,I1279,3435.0,3445.0,brown,1
J681,I1308,3520.0,3521.0,brown,1
J1780,I1949,5758.0,5759.0,brown,1
J1780,I2909,9010.0,9011.0,brown,1
J1780,I3357,10414.0,10415.0,brown,1
J722,I491,1041.0,1042.0,green,1
J722,I715,1637.0,1642.0,brown,1
J722,I907,2191.0,2196.0,green,1
J722,I971,2368.0,2371.0,brown,2
J722,I1163,3008.0,3017.0,green,1
J370,I2067,6154.0,6156.0,brown,2
J370,I2419,7452.0,7455.0,brown,2
J293,I614,1363.0,1365.0,brown,1
J293,I742,1708.0,1710.0,green,1
J293,I972,2371.0,2379.0,brown,3
J1278,I1135,2909.0,2913.0,green,1
J1278,I1263,3370.0,3373.0,brown,2
J1278,I1615,4554.0,4556.0,brown,1
J429,I565,1245.0,1252.0,green,2
J429,I1045,2597.0,2601.0,green,1
J429,I2782,8598.0,8604.0,green,3
J1925,I3674,11208.0,11210.0,green,2
J1925,I3690,11254.0,11255.0,green,1
J1925,I3707,11299.0,11301.0,red,1
J1925,I3715,11311.0,11312.0,brown,1
J1925,I3834,11564.0,11566.0,green,1
J982,I592,1309.0,1311.0,green,1
J982,I720,1650.0,1654.0,brown,1
J982,I1696,4810.0,4816.0,brown,2
J982,I3249,10099.0,10106.0,green,2
J1832,I3762,11422.0,11425.0,brown,3
J1832,I3956,11835.0,11836.0,green,1
J1832,I3987,11895.0,11897.0,green,1
J1832,I3989,11899.0,11901.0,green,1
J929,I1398,3777.0,3785.0,green,1
J929,I1399,3785.0,3790.0,green,1
J929,I1430,3883.0,3888.0,green,1
J929,I1686,4784.0,4788.0,brown,1
J1607,I1355,3654.0,3657.0,green,1
J1607,I1835,5356.0,5359.0,green,1
J1901,I1829,5343.0,5345.0,green,2
J1901,I1893,5540.0,5542.0,brown,1
J1901,I1894,5542.0,5550.0,red,1
J1901,I3621,11088.0,11090.0,green,2
J596,I1202,3134.0,3136.0,brown,1
J596,I1330,3578.0,3579.0,brown,1
J596,I2771,8560.0,8567.0,green,2
J1933,I3531,10844.0,10849.0,green,1
J1933,I3883,11661.0,11668.0,green,3
J1933,I3947,11817.0,11823.0,green,2
J953,I2119,6348.0,6355.0,green,2
J953,I3207,9968.0,9969.0,green,1
J953,I3527,10836.0,10840.0,green,2
J1839,I3059,9494.0,9495.0,brown,1
J1839,I3172,9847.0,9848.0,green,1
J1839,I3732,11353.0,11356.0,brown,1
J1839,I3903,11716.0,11722.0,green,1
J1966,I3733,11356.0,11358.0,brown,1
J1966,I3862,11623.0,11627.0,green,1
J1966,I3925,11766.0,11769.0,green,1
J1966,I3973,11868.0,11872.0,brown,2
J1387,I2842,8802.0,8805.0,brown,2
J1387,I3034,9435.0,9436.0,brown,1
J1387,I3546,10890.0,10896.0,brown,3
J518,I890,2130.0,2135.0,green,2
J553,I683,1555.0,1556.0,red,1
J553,I1195,3112.0,3117.0,brown,2
J788,I3086,9559.0,9563.0,green,1
J788,I3326,10321.0,10325.0,green,1
J1402,I2524,7803.0,7811.0,brown,3
J1402,I2845,8809.0,8813.0,brown,1
J1402,I3949,11824.0,11825.0,green,1
J1402,I3985,11889.0,11892.0,green,1
J1164,I1536,4254.0,4259.0,brown,3
J941,I1603,4501.0,4502.0,brown,1
J941,I1635,4609.0,4612.0,brown,1
J941,I1827,5332.0,5342.0,green,2
J941,I3588,11000.0,11001.0,green,1
J941,I3660,11174.0,11175.0,green,1
J351,I2356,7218.0,7223.0,green,3
J1765,I2804,8669.0,8671.0,green,1
J1765,I3060,9495.0,9496.0,green,1
J1765,I3284,10195.0,10198.0,green,2
J1765,I3396,10515.0,10516.0,green,1
J124,I383,770.0,774.0,green,2
J124,I672,1522.0,1528.0,brown,1
J124,I704,1613.0,1618.0,green,1
J124,I768,1786.0,1789.0,green,1
J124,I1100,2792.0,2799.0,brown,1
J1155,I744,1712.0,1713.0,green,1
J1155,I2960,9181.0,9191.0,green,2
J253,I6,9.0,12.0,green,1
J253,I37,62.0,63.0,green,1
J253,I38,63.0,67.0,green,1
J253,I70,121.0,122.0,green,1
J253,I294,563.0,571.0,green,1
J253,I2326,7109.0,7120.0,brown,1
J723,I448,919.0,920.0,green,1
J723,I480,1007.0,1010.0,green,1
J723,I608,1349.0,1350.0,brown,1
J723,I1612,4535.0,4540.0,brown,1
J694,I1404,3798.0,3799.0,green,1
J694,I1436,3921.0,3926.0,green,1
J694,I1469,4022.0,4027.0,green,2
J694,I1501,4124.0,4131.0,green,1
J694,I1821,5316.0,5319.0,green,1
J1484,I3087,9563.0,9569.0,green,4
J1484,I3535,10870.0,10872.0,green,2
J1364,I1451,3965.0,3966.0,green,1
J1364,I3116,9658.0,9661.0,green,1
J1364,I3324,10315.0,10319.0,green,1
J832,I743,1710.0,1712.0,green,1
J832,I775,1802.0,1810.0,green,2
J832,I2535,7838.0,7840.0,brown,1
J434,I481,1010.0,1019.0,green,3
J434,I545,1187.0,1190.0,red,1
J1698,I2872,8887.0,8891.0,green,1
J1698,I3543,10885.0,10887.0,brown,1
J1698,I3608,11044.0,11046.0,green,1
J1698,I3731,11351.0,11353.0,brown,1
J1698,I3800,11501.0,11502.0,green,1
J362,I394,795.0,799.0,brown,1
J362,I2939,9110.0,9116.0,green,4
J362,I3627,11102.0,11103.0,green,1
J1657,I1459,3989.0,3991.0,brown,1
J1657,I1843,5373.0,5375.0,brown,1
J1657,I2739,8456.0,8457.0,brown,1
J304,I797,1864.0,1865.0,brown,1
J304,I925,2242.0,2244.0,green,2
J304,I1054,2624.0,2627.0,green,1
J304,I1117,2840.0,2847.0,green,1
J701,I1323,3559.0,3561.0,green,1
J701,I1611,4532.0,4535.0,brown,1
J701,I2444,7537.0,7546.0,green,1
J1135,I1761,5066.0,5067.0,green,1
J1135,I3969,11859.0,11863.0,green,2
J1384,I2442,7535.0,7536.0,green,1
J1384,I2474,7636.0,7644.0,brown,2
J1384,I2651,8196.0,8200.0,green,1
J1411,I1038,2559.0,2575.0,brown,3
J1411,I3119,9670.0,9674.0,green,1
J1670,I2324,7102.0,7107.0,brown,1
J1670,I2709,8360.0,8364.0,green,3
J1492,I1463,4004.0,4005.0,green,1
J1492,I1559,4357.0,4364.0,green,2
J1492,I1751,4996.0,5004.0,green,1
J1492,I2712,8370.0,8376.0,green,2
J1660,I3131,9705.0,9714.0,green,1
J1660,I3371,10452.0,10456.0,brown,4
J1660,I3395,10514.0,10515.0,brown,1
J1302,I2413,7443.0,7444.0,brown,1
J1302,I3501,10767.0,10771.0,green,1
J1302,I3862,11623.0,11627.0,green,2
J1302,I3993,11904.0,11909.0,green,1
J1174,I2046,6088.0,6091.0,green,2
J1174,I2141,6453.0,6460.0,brown,1
J1174,I2174,6565.0,6566.0,green,1
J1174,I2398,7385.0,7388.0,green,1
J1174,I3294,10238.0,10248.0,green,1
J1993,I2668,8239.0,8240.0,green,1
J1993,I2796,8632.0,8642.0,green,1
J1993,I2892,8946.0,8956.0,brown,1
J1993,I3925,11766.0,11769.0,green,1
J1095,I2051,6100.0,6110.0,green,1
J1095,I2467,7618.0,7620.0,brown,2
J1095,I2979,9251.0,9256.0,brown,1
J1095,I3076,9535.0,9538.0,green,1
J1095,I3364,10434.0,10436.0,green,1
J981,I323,627.0,631.0,green,2
J1105,I1921,5639.0,5640.0,brown,1
J448,I806,1876.0,1880.0,brown,1
J448,I1366,3685.0,3689.0,brown,1
J448,I1438,3927.0,3934.0,green,3
J1728,I3240,10068.0,10075.0,green,5
J1893,I2712,8370.0,8376.0,green,1
J1893,I2968,9211.0,9215.0,green,2
J1893,I3736,11361.0,11366.0,green,3
J104,I246,468.0,470.0,green,2
J104,I439,899.0,904.0,brown,3
J104,I452,928.0,929.0,green,1
J341,I26,47.0,48.0,green,1
J341,I122,218.0,222.0,green,1
J341,I1052,2621.0,2622.0,green,1
J341,I1084,2747.0,2750.0,green,1
J341,I1100,2792.0,2799.0,brown,1
J341,I2751,8492.0,8505.0,green,1
J352,I725,1661.0,1662.0,brown,1
J352,I821,1916.0,1931.0,brown,3
J352,I1397,3773.0,3777.0,green,2
J1418,I2382,7322.0,7332.0,green,3
J1418,I2958,9176.0,9179.0,green,1
J1418,I3198,9940.0,9941.0,green,1
J417,I520,1120.0,1123.0,green,1
J417,I616,1366.0,1367.0,brown,1
J417,I3625,11097.0,11100.0,green,2
J1928,I3353,10393.0,10398.0,green,2
J1928,I3354,10398.0,10406.0,green,2
J1928,I3658,11165.0,11170.0,green,2
J1724,I3010,9353.0,9358.0,green,1
J1724,I3370,10450.0,10452.0,brown,1
J922,I527,1136.0,1140.0,red,1
J922,I1359,3667.0,3669.0,green,2
J922,I1711,4876.0,4880.0,green,1
J922,I2895,8960.0,8965.0,brown,1
J922,I3567,10947.0,10951.0,brown,1
J655,I1086,2752.0,2761.0,green,2
J655,I1213,3177.0,3178.0,green,1
J655,I1309,3521.0,3530.0,brown,1
J655,I2394,7368.0,7374.0,green,1
J655,I2458,7598.0,7600.0,green,1
J522,I811,1892.0,1893.0,brown,1
J522,I1083,2744.0,2747.0,green,1
J522,I1179,3077.0,3081.0,brown,2
J522,I1211,3173.0,3176.0,green,1
J1944,I814,1901.0,1902.0,red,1
J1944,I1198,3123.0,3125.0,brown,1
J1944,I3327,10325.0,10332.0,green,1
J1944,I3566,10946.0,10947.0,brown,1
J1944,I3879,11654.0,11655.0,brown,1
J905,I458,947.0,949.0,brown,1
J905,I2191,6609.0,6611.0,green,1
J905,I2379,7309.0,7319.0,green,4
J9,I9,17.0,18.0,green,1
J9,I11,19.0,23.0,green,3
J9,I169,313.0,314.0,green,1
J1101,I1016,2496.0,2497.0,green,1
J1101,I1049,2609.0,2611.0,green,1
J1101,I1274,3408.0,3415.0,brown,1
J605,I1247,3280.0,3290.0,green,1
J605,I1310,3530.0,3535.0,brown,1
J605,I1406,3801.0,3804.0,green,1
J1358,I2420,7455.0,7459.0,brown,1
J1358,I2709,8360.0,8364.0,green,1
J1358,I2740,8457.0,8458.0,brown,1
J1358,I3061,9496.0,9497.0,green,1
J1358,I3093,9591.0,9596.0,green,1
J1358,I3109,9635.0,9640.0,green,1
J1257,I1436,3921.0,3926.0,green,1
J1257,I1852,5402.0,5405.0,green,2
J827,I2240,6798.0,6808.0,green,5
J827,I2253,6861.0,6866.0,brown,1
J1199,I557,1218.0,1224.0,green,3
J1199,I1774,5130.0,5133.0,green,1
J897,I1712,4880.0,4886.0,green,1
J897,I1776,5142.0,5146.0,green,1
J897,I1937,5717.0,5724.0,green,1
J897,I2449,7556.0,7567.0,green,2
J897,I2476,7645.0,7647.0,brown,1
J251,I159,291.0,292.0,green,1
J251,I2128,6388.0,6401.0,green,1
J251,I2239,6791.0,6798.0,brown,2
J277,I905,2187.0,2188.0,green,1
J277,I3082,9552.0,9554.0,green,1
J277,I3274,10167.0,10169.0,green,1
J1038,I1041,2585.0,2586.0,brown,1
J1038,I2514,7769.0,7777.0,green,3
J1038,I3106,9623.0,9625.0,green,2
J332,I678,1545.0,1546.0,green,1
J332,I1031,2544.0,2548.0,red,1
J332,I1062,2646.0,2654.0,green,1
J332,I3119,9670.0,9674.0,green,2
J1493,I1371,3698.0,3699.0,brown,1
J1493,I1467,4013.0,4021.0,green,1
J1493,I1755,5015.0,5038.0,green,1
J1096,I1903,5577.0,5584.0,brown,2
J1096,I2063,6138.0,6143.0,red,2
J1096,I2319,7076.0,7092.0,brown,2
J1001,I1032,2548.0,2550.0,brown,1
J1001,I1257,3336.0,3347.0,green,3
J1001,I3775,11447.0,11453.0,green,1
J1001,I3777,11454.0,11456.0,green,1
J1483,I1458,3982.0,3989.0,brown,1
J1483,I2514,7769.0,7777.0,green,1
J1483,I2962,9192.0,9200.0,green,1
J1483,I3074,9525.0,9534.0,green,2
J1483,I3266,10149.0,10151.0,green,1
J1589,I2020,5992.0,5999.0,brown,1
J1589,I2083,6212.0,6216.0,red,1
J1589,I3556,10918.0,10926.0,green,3
J1589,I3806,11514.0,11518.0,green,1
J1339,I1808,5271.0,5274.0,brown,1
J1339,I2801,8652.0,8654.0,green,2
J1339,I2929,9067.0,9069.0,brown,1
J1339,I3249,10099.0,10106.0,green,2
J1316,I1896,5554.0,5555.0,red,1
J1316,I2089,6238.0,6243.0,green,1
J1316,I2121,6356.0,6359.0,brown,2
J1316,I2793,8619.0,8625.0,brown,1
J1316,I2857,8843.0,8845.0,brown,1
J298,I1430,3883.0,3888.0,green,2
J298,I2342,7158.0,7163.0,green,2
J204,I244,464.0,465.0,green,1
J204,I533,1159.0,1161.0,red,1
J204,I2644,8181.0,8184.0,brown,1
J204,I2901,8981.0,8984.0,green,3
J1662,I2193,6612.0,6614.0,red,1
J1662,I2225,6749.0,6754.0,green,2
J1662,I2865,8857.0,8864.0,brown,1
J1662,I3090,9576.0,9586.0,green,2
J1498,I1276,3420.0,3428.0,green,1
J1498,I1756,5038.0,5039.0,green,1
J1498,I3197,9932.0,9940.0,green,2
J1498,I3613,11057.0,11066.0,green,1
J910,I1726,4923.0,4926.0,brown,1
J910,I1790,5211.0,5223.0,brown,2
J910,I1919,5633.0,5635.0,green,2
J910,I1983,5908.0,5909.0,green,1
J875,I1526,4218.0,4224.0,brown,4
J875,I1686,4784.0,4788.0,brown,1
J1828,I1254,3312.0,3320.0,red,1
J1828,I1382,3726.0,3728.0,green,1
J1828,I1414,3830.0,3832.0,brown,1
J1828,I1638,4615.0,4619.0,green,1
J1354,I2374,7288.0,7289.0,green,1
J1354,I2470,7623.0,7627.0,brown,2
J1354,I3590,11006.0,11012.0,green,2
J944,I2402,7411.0,7413.0,green,1
J944,I3806,11514.0,11518.0,green,1
J944,I3810,11525.0,11527.0,green,2
J840,I3367,10439.0,10442.0,green,2
J840,I3815,11533.0,11534.0,green,1
J840,I3887,11674.0,11679.0,brown,1
J840,I3913,11742.0,11746.0,brown,1
J840,I3951,11826.0,11827.0,green,1
J303,I2647,8186.0,8187.0,brown,1
J303,I2736,8446.0,8450.0,green,1
J303,I2810,8682.0,8689.0,green,3
J1727,I285,546.0,549.0,green,1
J1727,I605,1340.0,1347.0,brown,1
J1727,I2974,9230.0,9242.0,green,1
J1727,I3613,11057.0,11066.0,green,3
J1771,I1114,2835.0,2836.0,green,1
J1771,I1370,3693.0,3698.0,brown,2
J1771,I1434,3906.0,3916.0,green,2
J1771,I2814,8705.0,8715.0,brown,1
J202,I436,891.0,894.0,red,1
J202,I1941,5729.0,5737.0,green,3
J202,I2549,7882.0,7897.0,green,1
J502,I702,1606.0,1610.0,green,2
J502,I1118,2847.0,2854.0,green,1
J502,I1278,3434.0,3435.0,brown,1
J1,I31,53.0,54.0,green,1
J1,I32,54.0,58.0,green,3
J1,I64,111.0,113.0,green,1
J1,I1536,4254.0,4259.0,brown,1
J157,I327,638.0,639.0,brown,1
J157,I2893,8956.0,8959.0,brown,1
J157,I2966,9208.0,9210.0,brown,1
J157,I2983,9261.0,9265.0,brown,1
J892,I604,1334.0,1340.0,brown,4
J892,I3269,10156.0,10161.0,green,2
J356,I370,742.0,743.0,green,1
J356,I754,1736.0,1738.0,green,1
J356,I1170,3044.0,3053.0,brown,2
J356,I2119,6348.0,6355.0,green,1
J356,I2751,8492.0,8505.0,green,1
J190,I470,981.0,992.0,green,1
J190,I2431,7487.0,7490.0,green,2
J190,I2871,8882.0,8887.0,green,3
J1591,I1583,4441.0,4443.0,red,1
J1591,I1807,5270.0,5271.0,green,1
J1591,I2031,6035.0,6039.0,brown,1
J1591,I2128,6388.0,6401.0,green,1
J1591,I3354,10398.0,10406.0,green,2
J1552,I2947,9147.0,9152.0,green,3
J1552,I3011,9358.0,9360.0,green,1
J1552,I3013,9362.0,9372.0,green,1
J1941,I3074,9525.0,9534.0,green,1
J1941,I3617,11074.0,11079.0,green,1
J1663,I2152,6500.0,6503.0,green,2
J1663,I2856,8838.0,8843.0,brown,1
J1663,I3305,10272.0,10274.0,green,2
J1663,I3369,10448.0,10450.0,green,1
J222,I218,406.0,410.0,brown,2
J222,I442,906.0,907.0,brown,1
J222,I1786,5186.0,5188.0,green,1
J222,I2783,8604.0,8606.0,green,1
J1876,I2353,7189.0,7197.0,green,3
J1876,I2354,7197.0,7209.0,green,3
J137,I384,774.0,779.0,green,2
J137,I512,1096.0,1097.0,red,1
J137,I704,1613.0,1618.0,green,1
J560,I1104,2811.0,2812.0,brown,1
J560,I1776,5142.0,5146.0,green,2
J601,I576,1276.0,1277.0,brown,1
J601,I577,1277.0,1278.0,red,1
J601,I640,1428.0,1429.0,green,1
J601,I1152,2961.0,2964.0,green,1
J601,I1953,5768.0,5776.0,green,1
J601,I2113,6333.0,6337.0,green,1
J1161,I1439,3934.0,3937.0,green,2
J1161,I1631,4588.0,4595.0,brown,1
J1161,I1856,5418.0,5423.0,green,1
J1161,I2208,6663.0,6678.0,green,2
J611,I1219,3196.0,3198.0,green,1
J611,I2116,6340.0,6345.0,green,3
J1783,I3433,10613.0,10614.0,green,1
J1783,I3435,10618.0,10619.0,brown,1
J1783,I3437,10621.0,10622.0,brown,1
J1783,I3439,10623.0,10625.0,brown,1
J744,I199,362.0,369.0,brown,1
J744,I3240,10068.0,10075.0,green,1
J744,I3279,10181.0,10183.0,brown,2
J744,I3304,10270.0,10272.0,green,2
J1863,I3782,11461.0,11466.0,green,2
J1863,I3877,11651.0,11652.0,brown,1
J509,I715,1637.0,1642.0,brown,2
J509,I1516,4190.0,4193.0,green,1
J509,I1548,4304.0,4314.0,brown,1
J376,I1433,3895.0,3906.0,green,1
J376,I3578,10976.0,10977.0,green,1
J376,I3722,11327.0,11333.0,green,3
J376,I3854,11605.0,11608.0,brown,1
J1996,I1883,5510.0,5515.0,green,1
J1996,I2299,7007.0,7014.0,brown,2
J1996,I2731,8438.0,8439.0,brown,1
J1996,I3643,11134.0,11136.0,green,1
J1996,I3900,11707.0,11708.0,green,1
J1046,I1860,5428.0,5432.0,green,1
J1046,I2356,7218.0,7223.0,green,1
J659,I1403,3796.0,3798.0,green,1
J659,I1435,3916.0,3921.0,green,1
J659,I1499,4112.0,4121.0,green,2
J214,I383,770.0,774.0,green,2
J214,I416,851.0,852.0,green,1
J214,I420,856.0,857.0,green,1
J214,I480,1007.0,1010.0,green,1
J214,I1087,2761.0,2765.0,green,1
J855,I1272,3398.0,3403.0,green,1
J855,I1336,3604.0,3609.0,green,1
J855,I1656,4688.0,4698.0,green,2
J1561,I1657,4698.0,4701.0,green,1
J1561,I1689,4792.0,4798.0,brown,1
J1561,I2201,6634.0,6639.0,brown,2
J1753,I2688,8278.0,8282.0,green,1
J1753,I3264,10145.0,10148.0,brown,2
J1753,I3520,10814.0,10815.0,brown,1
J1753,I3553,10908.0,10916.0,green,1
J1856,I2354,7197.0,7209.0,green,1
J1856,I3267,10151.0,10155.0,green,1
J1856,I3619,11082.0,11083.0,green,1
J1856,I3635,11115.0,11117.0,green,2
J739,I633,1410.0,1412.0,brown,1
J739,I665,1495.0,1500.0,green,1
J739,I1465,4008.0,4009.0,green,1
J1447,I2124,6370.0,6373.0,brown,3
J1447,I2797,8642.0,8644.0,green,1
J1124,I3634,11114.0,11115.0,green,1
J1124,I3730,11350.0,11351.0,green,1
J1124,I3827,11555.0,11557.0,green,1
J1124,I3891,11686.0,11687.0,green,1
J239,I295,571.0,572.0,green,1
J239,I423,859.0,863.0,green,1
J239,I647,1444.0,1448.0,green,1
J73,I60,101.0,102.0,green,1
J73,I109,187.0,193.0,green,1
J73,I173,322.0,325.0,green,2
J73,I461,955.0,961.0,green,2
J1122,I1819,5305.0,5309.0,red,1
J1122,I1980,5882.0,5888.0,green,1
J1122,I2364,7255.0,7264.0,green,1
J586,I1199,3125.0,3127.0,brown,1
J591,I901,2168.0,2174.0,green,2
J591,I1654,4669.0,4681.0,green,2
J263,I689,1572.0,1575.0,brown,1
J263,I753,1735.0,1736.0,green,1
J263,I1005,2464.0,2468.0,brown,1
J263,I1042,2586.0,2587.0,green,1
J263,I1234,3234.0,3236.0,green,1
J263,I1242,3259.0,3261.0,green,1
J1476,I1692,4801.0,4803.0,brown,2
J1476,I1724,4918.0,4920.0,brown,1
J1476,I2879,8905.0,8910.0,green,3
J1758,I836,1978.0,1983.0,green,1
J1758,I2948,9152.0,9155.0,green,2
J1758,I3844,11587.0,11588.0,green,1
J1758,I4046,11985.0,11987.0,green,1
J439,I102,175.0,177.0,green,2
J439,I134,241.0,245.0,green,2
J439,I231,435.0,436.0,red,1
J439,I742,1708.0,1710.0,green,1
J485,I1111,2831.0,2832.0,brown,1
J485,I1175,3065.0,3069.0,green,2
J485,I1367,3689.0,3690.0,brown,1
J485,I2893,8956.0,8959.0,brown,2
J521,I1558,4347.0,4357.0,green,1
J521,I1751,4996.0,5004.0,green,1
J521,I3639,11126.0,11128.0,green,2
J1931,I2115,6338.0,6340.0,green,2
J1931,I2148,6481.0,6489.0,red,1
J1931,I3663,11177.0,11183.0,green,1
J28,I116,204.0,208.0,green,2
J28,I2751,8492.0,8505.0,green,2
J794,I726,1662.0,1665.0,brown,2
J794,I1591,4463.0,4464.0,brown,1
J794,I1655,4681.0,4688.0,green,1
J794,I1815,5296.0,5300.0,green,1
J1406,I2579,8000.0,8007.0,green,3
J1406,I2707,8349.0,8359.0,green,1
J1776,I1103,2809.0,2811.0,brown,2
J1776,I1327,3572.0,3575.0,green,1
J1776,I2031,6035.0,6039.0,brown,1
J1776,I3615,11069.0,11073.0,green,2
J1141,I1380,3722.0,3723.0,green,1
J1141,I1476,4047.0,4053.0,green,1
J1141,I1636,4612.0,4613.0,green,1
J1141,I1700,4822.0,4830.0,brown,2
J1141,I2405,7415.0,7418.0,green,1
J243,I298,575.0,577.0,green,1
J243,I331,644.0,649.0,brown,2
J243,I1259,3350.0,3356.0,green,1
J243,I2571,7975.0,7976.0,green,1
J243,I2572,7976.0,7977.0,brown,1
J422,I708,1623.0,1624.0,brown,1
J422,I772,1798.0,1800.0,green,2
J422,I1124,2868.0,2873.0,green,2
J422,I1156,2982.0,2984.0,green,1
J416,I962,2354.0,2357.0,brown,2
J416,I1314,3541.0,3545.0,green,1
J445,I995,2443.0,2444.0,green,1
J445,I1123,2865.0,2868.0,green,1
J445,I3821,11543.0,11546.0,green,1
J445,I3916,11749.0,11752.0,brown,2
J445,I3942,11810.0,11812.0,green,1
J337,I440,904.0,905.0,brown,1
J337,I664,1494.0,1495.0,green,1
J337,I1080,2735.0,2739.0,green,3
J337,I2249,6837.0,6844.0,green,1
J1499,I1879,5494.0,5503.0,red,2
J1499,I2040,6071.0,6074.0,brown,1
J1499,I2136,6429.0,6446.0,brown,3
J406,I1087,2761.0,2765.0,green,3
J265,I2244,6816.0,6831.0,brown,1
J265,I2884,8917.0,8925.0,brown,1
J1854,I1774,5130.0,5133.0,green,2
J1854,I3823,11548.0,11551.0,green,3
J1854,I3863,11627.0,11628.0,green,1
J867,I56,91.0,92.0,green,1
J867,I152,278.0,279.0,green,1
J867,I2409,7422.0,7427.0,green,1
J867,I2585,8021.0,8026.0,green,1
J867,I2873,8891.0,8892.0,green,1
J628,I1146,2948.0,2953.0,brown,2
J628,I1178,3075.0,3077.0,green,1
J628,I1210,3169.0,3173.0,green,1
J628,I1242,3259.0,3261.0,green,1
J628,I1466,4009.0,4013.0,green,1
J215,I537,1167.0,1168.0,green,1
J1533,I3287,10203.0,10210.0,green,5
J848,I1502,4131.0,4136.0,green,1
J848,I1599,4493.0,4495.0,brown,1
J848,I1822,5319.0,5322.0,green,1
J608,I1272,3398.0,3403.0,green,1
J608,I1336,3604.0,3609.0,green,1
J1631,I2259,6878.0,6883.0,brown,1
J1631,I2323,7099.0,7102.0,brown,2
J1631,I3284,10195.0,10198.0,green,1
J1631,I3636,11117.0,11120.0,green,1
J1064,I1881,5504.0,5508.0,red,1
J1064,I3533,10854.0,10862.0,green,1
J1903,I991,2430.0,2434.0,red,1
J1903,I3567,10947.0,10951.0,brown,2
J1903,I3616,11073.0,11074.0,green,1
J1362,I1890,5532.0,5535.0,red,1
J94,I1168,3037.0,3040.0,green,1
J94,I1392,3751.0,3752.0,brown,1
J94,I2481,7664.0,7670.0,green,1
J94,I2924,9061.0,9062.0,brown,1
J1282,I2370,7281.0,7284.0,green,2
J1282,I2417,7448.0,7451.0,brown,1
J1282,I2434,7496.0,7502.0,green,1
J1282,I2497,7720.0,7722.0,brown,2
J1102,I455,935.0,943.0,green,2
J1102,I1160,2995.0,3006.0,green,1
J101,I73,128.0,130.0,green,2
J101,I105,181.0,182.0,green,1
J101,I617,1367.0,1368.0,brown,1
J101,I1609,4525.0,4531.0,green,1
J1808,I2213,6701.0,6704.0,green,1
J1808,I2500,7732.0,7734.0,brown,2
J1808,I3812,11528.0,11531.0,green,1
J1808,I3957,11836.0,11837.0,green,1
J1808,I3967,11855.0,11856.0,green,1
J1315,I2355,7209.0,7218.0,green,3
J1315,I2547,7870.0,7871.0,green,1
J306,I550,1207.0,1209.0,brown,2
J306,I871,2086.0,2088.0,brown,1
J306,I903,2179.0,2184.0,green,1
J306,I1959,5791.0,5802.0,green,1
J381,I423,859.0,863.0,green,2
J381,I424,863.0,870.0,green,3
J381,I455,935.0,943.0,green,1
J1907,I1002,2457.0,2459.0,green,1
J1907,I1130,2890.0,2893.0,green,1
J1907,I1194,3106.0,3112.0,brown,1
J1907,I3403,10537.0,10539.0,green,1
J1253,I2940,9116.0,9121.0,green,1
J1253,I3294,10238.0,10248.0,green,2
J1253,I3324,10315.0,10319.0,green,1
J1178,I1842,5371.0,5373.0,brown,2
J1178,I2003,5961.0,5962.0,green,1
J1178,I2131,6408.0,6410.0,green,2
J1178,I2595,8048.0,8053.0,green,1
J641,I1408,3807.0,3809.0,brown,2
J641,I1440,3937.0,3938.0,green,1
J641,I2212,6694.0,6701.0,green,2
J1304,I907,2191.0,2196.0,green,3
J1304,I1035,2552.0,2554.0,brown,1
J1304,I3692,11258.0,11262.0,green,1
J1304,I3820,11539.0,11543.0,green,1
J1651,I2378,7306.0,7309.0,green,1
J1651,I2793,8619.0,8625.0,brown,1
J121,I371,743.0,744.0,green,1
J121,I387,783.0,784.0,green,1
J121,I739,1687.0,1695.0,brown,1
J1297,I1520,4198.0,4206.0,red,2
J1297,I2064,6143.0,6146.0,brown,1
J1297,I2449,7556.0,7567.0,green,3
J1375,I1886,5519.0,5522.0,green,2
J1375,I2237,6787.0,6789.0,brown,1
J1375,I2557,7929.0,7934.0,red,1
J1375,I2813,8699.0,8705.0,brown,2
J1069,I1920,5635.0,5639.0,brown,4
J1471,I2514,7769.0,7777.0,green,3
J1471,I2641,8177.0,8179.0,brown,1
J1471,I2865,8857.0,8864.0,brown,1
J371,I652,1465.0,1471.0,green,1
J371,I684,1556.0,1558.0,red,1
J371,I1164,3017.0,3027.0,green,1
J371,I1852,5402.0,5405.0,green,1
J1940,I2840,8798.0,8801.0,brown,1
J1940,I3193,9911.0,9914.0,green,1
J1940,I3288,10210.0,10214.0,brown,1
J1940,I3609,11046.0,11050.0,green,2
J1940,I3689,11250.0,11254.0,green,1
J1811,I3195,9915.0,9918.0,green,1
J1811,I3307,10277.0,10278.0,brown,1
J1811,I3315,10290.0,10294.0,brown,1
J1811,I3339,10357.0,10358.0,brown,1
J1811,I3499,10763.0,10766.0,brown,2
J342,I848,2024.0,2025.0,brown,1
J342,I2737,8450.0,8455.0,green,2
J169,I76,132.0,133.0,green,1
J169,I88,153.0,154.0,brown,1
J169,I108,185.0,187.0,green,1
J169,I109,187.0,193.0,green,2
J169,I142,254.0,255.0,red,1
J107,I386,781.0,783.0,green,2
J107,I610,1351.0,1352.0,brown,1
J107,I655,1476.0,1480.0,green,1
J140,I254,485.0,487.0,green,2
J140,I2271,6910.0,6919.0,green,1
J140,I2319,7076.0,7092.0,brown,1
J1343,I1870,5453.0,5458.0,green,1
J1343,I2062,6137.0,6138.0,red,1
J1343,I2351,7180.0,7184.0,green,1
J1343,I2414,7444.0,7445.0,brown,1
J1343,I3582,10986.0,10988.0,green,1
J1343,I3754,11405.0,11407.0,green,1
J1554,I2980,9256.0,9258.0,brown,2
J1554,I3008,9345.0,9349.0,green,1
J1554,I3009,9349.0,9353.0,green,1
J1554,I3137,9735.0,9737.0,green,1
J1214,I1866,5444.0,5447.0,green,1
J1214,I1898,5560.0,5568.0,red,2
J1214,I2251,6845.0,6860.0,green,2
J1214,I2486,7686.0,7690.0,brown,1
J801,I1673,4744.0,4746.0,brown,2
J801,I1677,4756.0,4758.0,red,1
J801,I1681,4769.0,4770.0,red,1
J801,I1693,4803.0,4806.0,brown,1
J1546,I2864,8855.0,8857.0,brown,2
J1546,I3057,9489.0,9492.0,green,1
J1546,I3197,9932.0,9940.0,green,1
J335,I657,1481.0,1482.0,green,1
J335,I849,2025.0,2029.0,brown,1
J335,I881,2113.0,2114.0,green,1
J335,I2943,9129.0,9135.0,green,3
J1572,I2069,6160.0,6171.0,brown,2
J1572,I2550,7897.0,7906.0,green,2
J1593,I2169,6554.0,6559.0,green,2
J1593,I2232,6764.0,6770.0,red,1
J1593,I2412,7432.0,7443.0,brown,1
J1593,I3001,9323.0,9325.0,green,1
J1319,I1804,5260.0,5264.0,green,1
J1319,I2221,6724.0,6732.0,green,2
J1378,I2324,7102.0,7107.0,brown,3
J1378,I3669,11198.0,11199.0,green,1
J246,I699,1600.0,1603.0,green,1
J246,I763,1767.0,1777.0,green,1
J246,I827,1948.0,1952.0,brown,1
J246,I1660,4709.0,4717.0,green,1
J850,I834,1972.0,1977.0,green,1
J850,I1314,3541.0,3545.0,green,2
J850,I1474,4037.0,4046.0,green,2
J850,I3013,9362.0,9372.0,green,1
J1706,I66,114.0,117.0,green,1
J1706,I2326,7109.0,7120.0,brown,1
J1706,I3171,9842.0,9847.0,green,1
J13,I1689,4792.0,4798.0,brown,1
J13,I1977,5862.0,5865.0,brown,2
J13,I2993,9306.0,9309.0,brown,2
J13,I3658,11165.0,11170.0,green,1
J1568,I2604,8081.0,8087.0,green,1
J1568,I3524,10821.0,10825.0,green,2
J1355,I1225,3210.0,3217.0,green,2
J1355,I1642,4624.0,4629.0,green,3
J102,I153,279.0,283.0,green,2
J102,I217,404.0,406.0,brown,1
J102,I1545,4285.0,4299.0,brown,1
J102,I2810,8682.0,8689.0,green,2
J753,I1101,2799.0,2803.0,brown,2
J753,I1261,3360.0,3369.0,brown,2
J753,I2190,6605.0,6609.0,green,2
J1422,I2641,8177.0,8179.0,brown,1
J1422,I2770,8557.0,8560.0,green,2
J1422,I3618,11079.0,11082.0,green,1
J1422,I3718,11315.0,11319.0,green,1
J1224,I1777,5146.0,5147.0,brown,1
J1224,I1841,5367.0,5371.0,brown,2
J1224,I1873,5474.0,5482.0,green,1
J152,I116,204.0,208.0,green,1
J152,I1044,2588.0,2597.0,green,1
J152,I2749,8481.0,8484.0,green,2
J152,I3103,9614.0,9620.0,green,2
J1394,I3108,9628.0,9635.0,green,2
J1394,I3780,11458.0,11460.0,green,2
J1394,I3948,11823.0,11824.0,green,1
J1403,I2280,6961.0,6964.0,red,1
J1403,I2472,7629.0,7634.0,brown,2
J1403,I2536,7840.0,7843.0,red,2
J1403,I2632,8157.0,8158.0,red,1
J498,I1155,2974.0,2982.0,brown,2
J498,I2051,6100.0,6110.0,green,4
J1293,I2711,8365.0,8370.0,green,3
J1293,I2903,8989.0,9001.0,green,3
J366,I558,1224.0,1227.0,green,2
J366,I623,1374.0,1378.0,brown,1
J366,I1199,3125.0,3127.0,brown,1
J366,I1263,3370.0,3373.0,brown,1
J366,I2564,7950.0,7956.0,brown,1
J1891,I1676,4752.0,4756.0,red,2
J1891,I2733,8440.0,8442.0,green,2
J1891,I3317,10296.0,10302.0,green,1
J1891,I3734,11358.0,11360.0,brown,1
J1926,I3886,11670.0,11674.0,brown,1
J1926,I3912,11736.0,11742.0,brown,1
J1926,I3927,11770.0,11771.0,green,1
J112,I196,358.0,359.0,green,1
J112,I677,1537.0,1545.0,green,1
J112,I740,1695.0,1703.0,brown,1
J112,I2244,6816.0,6831.0,brown,2
J112,I2941,9121.0,9123.0,green,1
J1744,I516,1101.0,1103.0,green,1
J1744,I900,2163.0,2168.0,green,1
J1744,I3813,11531.0,11532.0,green,1
J1744,I3821,11543.0,11546.0,green,2
J1521,I2679,8263.0,8264.0,green,1
J1521,I2871,8882.0,8887.0,green,1
J1521,I3159,9791.0,9816.0,green,3
J1424,I1606,4513.0,4515.0,red,1
J1424,I1991,5924.0,5926.0,green,2
J1424,I2487,7690.0,7698.0,brown,1
J1424,I2701,8331.0,8337.0,brown,1
J1424,I2791,8615.0,8616.0,brown,1
J419,I304,585.0,588.0,red,1
J419,I368,737.0,739.0,green,1
J419,I1872,5466.0,5474.0,green,1
J419,I1937,5717.0,5724.0,green,2
J419,I2225,6749.0,6754.0,green,1
J276,I993,2437.0,2440.0,brown,2
J276,I2338,7148.0,7149.0,green,1
J276,I2422,7461.0,7463.0,brown,1
J817,I1008,2470.0,2471.0,brown,1
J817,I1169,3040.0,3044.0,green,1
J1519,I2771,8560.0,8567.0,green,3
J168,I299,577.0,578.0,green,1
J168,I939,2289.0,2292.0,brown,1
J168,I1772,5125.0,5129.0,green,2
J1058,I1119,2854.0,2855.0,brown,1
J1058,I1279,3435.0,3445.0,brown,2
J279,I783,1839.0,1840.0,brown,1
J279,I1912,5604.0,5622.0,green,4
J279,I2029,6030.0,6033.0,brown,1
J1368,I1950,5759.0,5765.0,brown,1
J1368,I2079,6197.0,6198.0,green,1
J1368,I2207,6657.0,6663.0,green,1
J1368,I3295,10248.0,10251.0,green,3
J1308,I1130,2890.0,2893.0,green,2
J1308,I1194,3106.0,3112.0,brown,1
J1308,I2251,6845.0,6860.0,green,2
J1308,I2539,7847.0,7848.0,green,1
J1506,I1513,4160.0,4175.0,green,2
J1506,I1800,5249.0,5250.0,green,1
J1506,I3081,9543.0,9552.0,green,1
J1843,I2838,8795.0,8797.0,brown,1
J1843,I3299,10257.0,10259.0,green,1
J436,I933,2267.0,2268.0,red,1
J436,I1062,2646.0,2654.0,green,1
J436,I1158,2986.0,2994.0,green,1
J436,I1350,3638.0,3640.0,green,1
J436,I1622,4570.0,4573.0,brown,1
J1883,I1536,4254.0,4259.0,brown,1
J1883,I1600,4495.0,4496.0,brown,1
J1883,I1632,4595.0,4605.0,brown,1
J1883,I2401,7407.0,7411.0,green,1
J1883,I3617,11074.0,11079.0,green,1
J1883,I3777,11454.0,11456.0,green,1
J1510,I3025,9407.0,9409.0,green,1
J1510,I3169,9834.0,9840.0,green,3
J245,I294,563.0,571.0,green,2
J245,I455,935.0,943.0,green,2
J245,I1499,4112.0,4121.0,green,1
J909,I957,2334.0,2347.0,green,3
J909,I1853,5405.0,5409.0,green,2
J909,I3007,9339.0,9345.0,green,1
J1985,I391,792.0,793.0,brown,1
J1985,I1799,5244.0,5249.0,brown,1
J1985,I3912,11736.0,11742.0,brown,4
J983,I1966,5832.0,5834.0,red,1
J983,I2254,6866.0,6870.0,brown,1
J119,I1228,3220.0,3224.0,green,1
J119,I1279,3435.0,3445.0,brown,3
J1884,I2287,6975.0,6977.0,brown,2
J1884,I2352,7184.0,7189.0,green,4
J951,I1715,4891.0,4893.0,green,2
J951,I3187,9885.0,9891.0,green,1
J951,I3827,11555.0,11557.0,green,1
J951,I3964,11847.0,11850.0,green,1
J951,I4005,11930.0,11931.0,green,1
J1446,I1530,4243.0,4246.0,green,2
J1446,I1690,4798.0,4800.0,brown,1
J1446,I1946,5743.0,5747.0,brown,1
J1446,I2138,6447.0,6450.0,brown,1
J1446,I4044,11983.0,11984.0,green,1
J49,I113,198.0,201.0,green,1
J49,I1009,2471.0,2476.0,brown,3
J1714,I828,1952.0,1962.0,brown,5
J1714,I3597,11018.0,11020.0,green,1
J1336,I2349,7178.0,7179.0,green,1
J1336,I2542,7850.0,7857.0,green,4
J1336,I2670,8244.0,8250.0,green,1
J1526,I2820,8723.0,8725.0,green,1
J1526,I2995,9310.0,9312.0,brown,1
J1526,I3300,10259.0,10267.0,green,2
J1526,I3636,11117.0,11120.0,green,2
J1796,I2136,6429.0,6446.0,brown,4
J1796,I2361,7235.0,7245.0,green,1
J1796,I3193,9911.0,9914.0,green,1
J1511,I1720,4905.0,4908.0,green,3
J1511,I1753,5005.0,5012.0,green,2
J1511,I1785,5184.0,5186.0,green,1
J1534,I538,1168.0,1170.0,green,1
J1534,I2203,6643.0,6646.0,green,1
J1534,I2934,9078.0,9089.0,brown,1
J1534,I3191,9901.0,9906.0,green,3
J836,I332,649.0,651.0,brown,2
J836,I2301,7016.0,7022.0,green,2
J1421,I2689,8282.0,8289.0,green,1
J1421,I2884,8917.0,8925.0,brown,3
J1760,I3113,9651.0,9652.0,green,1
J1760,I3497,10755.0,10762.0,brown,1
J938,I1766,5099.0,5103.0,brown,4
J938,I1927,5673.0,5682.0,green,2
J207,I147,269.0,271.0,green,1
J207,I1651,4658.0,4660.0,green,1
J207,I2548,7871.0,7882.0,green,2
J1082,I1674,4746.0,4751.0,brown,2
J1082,I1962,5807.0,5808.0,brown,1
J990,I1892,5537.0,5540.0,brown,2
J990,I2084,6216.0,6217.0,red,1
J990,I2657,8208.0,8209.0,green,1
J990,I2661,8221.0,8225.0,green,1
J610,I1136,2913.0,2918.0,green,1
J610,I2096,6264.0,6267.0,brown,1
J610,I2577,7995.0,7999.0,green,2
J1203,I1632,4595.0,4605.0,brown,1
J1203,I1664,4725.0,4726.0,red,1
J1203,I2837,8784.0,8795.0,brown,2
J1074,I2603,8071.0,8081.0,green,1
J1074,I3355,10406.0,10413.0,green,5
J1213,I307,590.0,593.0,green,1
J1213,I1364,3678.0,3683.0,green,2
J1213,I2660,8215.0,8221.0,green,2
J1213,I3020,9396.0,9397.0,green,1
J715,I412,840.0,846.0,green,1
J715,I1820,5309.0,5316.0,green,2
J715,I2268,6900.0,6905.0,brown,1
J1769,I1948,5748.0,5758.0,brown,4
J1769,I3103,9614.0,9620.0,green,2
J1433,I2822,8737.0,8739.0,green,2
J1433,I2870,8879.0,8882.0,green,2
J671,I2886,8927.0,8936.0,green,1
J671,I3262,10137.0,10139.0,brown,1
J671,I3310,10284.0,10286.0,brown,1
J1399,I2060,6127.0,6133.0,red,2
J1399,I2957,9173.0,9176.0,green,2
J676,I1473,4035.0,4037.0,green,2
J676,I1499,4112.0,4121.0,green,1
J676,I1641,4621.0,4624.0,green,1
J676,I1713,4886.0,4890.0,green,1
J676,I1790,5211.0,5223.0,brown,1
J1960,I3501,10767.0,10771.0,green,1
J483,I604,1334.0,1340.0,brown,1
J483,I828,1952.0,1962.0,brown,2
J483,I1276,3420.0,3428.0,green,1
J483,I3007,9339.0,9345.0,green,1
J1285,I1993,5931.0,5937.0,green,2
J1285,I1994,5937.0,5940.0,green,1
J900,I1755,5015.0,5038.0,green,1
J900,I1827,5332.0,5342.0,green,1
J900,I1912,5604.0,5622.0,green,2
J900,I1967,5834.0,5838.0,brown,2
J1676,I2549,7882.0,7897.0,green,2
J637,I1238,3246.0,3250.0,green,2
J637,I1783,5162.0,5166.0,green,1
J637,I2167,6548.0,6552.0,green,3
J231,I601,1326.0,1328.0,brown,2
J231,I1497,4105.0,4107.0,green,1
J1337,I1862,5435.0,5439.0,green,4
J1337,I1926,5667.0,5673.0,green,1
J446,I444,908.0,911.0,brown,1
J446,I476,1001.0,1002.0,brown,1
J446,I604,1334.0,1340.0,brown,1
J446,I1500,4121.0,4124.0,green,2
J446,I1660,4709.0,4717.0,green,1
J1042,I967,2362.0,2363.0,brown,1
J1042,I1160,2995.0,3006.0,green,1
J1042,I1415,3832.0,3836.0,green,1
J1042,I1735,4938.0,4939.0,brown,1
J1042,I2952,9158.0,9160.0,green,1
J1042,I3066,9510.0,9511.0,green,1
J1281,I2334,7141.0,7143.0,green,1
J1281,I2525,7811.0,7812.0,brown,1
J1291,I199,362.0,369.0,brown,1
J1291,I871,2086.0,2088.0,brown,1
J1443,I821,1916.0,1931.0,brown,2
J1443,I3573,10962.0,10968.0,brown,1
J1443,I3972,11867.0,11868.0,brown,1
J971,I488,1035.0,1038.0,green,3
J971,I520,1120.0,1123.0,green,1
J971,I553,1212.0,1214.0,brown,2
J339,I813,1894.0,1901.0,green,4
J339,I1005,2464.0,2468.0,brown,1
J339,I1069,2690.0,2697.0,red,1
J1726,I3023,9403.0,9405.0,green,2
J1726,I3055,9483.0,9488.0,green,1
J1726,I3087,9563.0,9569.0,green,2
J508,I909,2197.0,2206.0,green,1
J508,I1033,2550.0,2551.0,brown,1
J512,I396,800.0,813.0,brown,1
J512,I429,877.0,880.0,green,1
J512,I1580,4434.0,4438.0,brown,1
J512,I1612,4535.0,4540.0,brown,1
J512,I1708,4858.0,4865.0,green,2
J1254,I1685,4779.0,4784.0,brown,2
J1254,I1781,5157.0,5159.0,green,2
J1254,I1845,5376.0,5379.0,green,1
J1821,I3269,10156.0,10161.0,green,2
J1821,I3469,10701.0,10703.0,green,1
J1821,I3629,11105.0,11106.0,green,1
J1821,I3789,11479.0,11480.0,green,1
J958,I1064,2656.0,2663.0,green,1
J958,I2151,6493.0,6500.0,green,2
J1596,I2169,6554.0,6559.0,green,1
J1596,I2200,6632.0,6634.0,brown,1
J1596,I2232,6764.0,6770.0,red,1
J1596,I2297,7005.0,7006.0,green,1
J1596,I2721,8399.0,8411.0,green,2
J1548,I2904,9001.0,9005.0,green,4
J1548,I2936,9095.0,9098.0,brown,2
J12,I11,19.0,23.0,green,1
J12,I71,122.0,123.0,green,1
J1013,I1076,2723.0,2727.0,brown,2
J1013,I1204,3139.0,3146.0,green,2
J1080,I1557,4344.0,4347.0,green,1
J1080,I2550,7897.0,7906.0,green,1
J1080,I3190,9894.0,9901.0,green,2
J444,I793,1853.0,1858.0,brown,1
J444,I1273,3403.0,3408.0,green,1
J444,I2462,7608.0,7609.0,green,1
J444,I2750,8484.0,8492.0,green,3
J994,I1491,4095.0,4097.0,green,1
J994,I2460,7604.0,7605.0,green,1
J994,I2548,7871.0,7882.0,green,1
J994,I2712,8370.0,8376.0,green,1
J83,I124,224.0,229.0,green,1
J83,I156,285.0,286.0,green,1
J83,I188,346.0,347.0,green,1
J83,I412,840.0,846.0,green,1
J83,I1020,2501.0,2507.0,green,1
J1543,I2597,8054.0,8057.0,green,1
J1543,I2821,8725.0,8737.0,green,4
J1172,I1014,2491.0,2493.0,green,1
J1172,I1110,2826.0,2831.0,brown,1
J1172,I1430,3883.0,3888.0,green,2
J1408,I1204,3139.0,3146.0,green,1
J1408,I2197,6620.0,6622.0,brown,1
J1408,I2357,7223.0,7225.0,green,2
J1408,I2549,7882.0,7897.0,green,2
J1948,I837,1983.0,1990.0,brown,1
J1948,I2677,8258.0,8259.0,brown,1
J1948,I2837,8784.0,8795.0,brown,1
J1948,I3365,10436.0,10437.0,green,1
J1948,I3717,11313.0,11315.0,brown,1
J1948,I3961,11841.0,11844.0,green,1
J1512,I1307,3518.0,3520.0,brown,1
J1512,I2299,7007.0,7014.0,brown,1
J1512,I2955,9163.0,9171.0,green,1
J1512,I2971,9218.0,9220.0,brown,2
J1512,I3292,10229.0,10232.0,green,1
J536,I997,2445.0,2450.0,green,3
J536,I1413,3828.0,3830.0,brown,2
J536,I1573,4393.0,4395.0,green,1
J1819,I3081,9543.0,9552.0,green,1
J1819,I3288,10210.0,10214.0,brown,2
J1154,I2013,5983.0,5984.0,green,1
J1154,I2045,6082.0,6088.0,green,3
J1898,I3556,10918.0,10926.0,green,4
J106,I321,623.0,625.0,green,1
J106,I323,627.0,631.0,green,2
J106,I331,644.0,649.0,brown,3
J1575,I2651,8196.0,8200.0,green,3
J1575,I2682,8268.0,8270.0,brown,1
J1575,I2922,9048.0,9057.0,brown,2
J538,I1203,3136.0,3139.0,green,2
J538,I1235,3236.0,3239.0,green,1
J538,I1267,3383.0,3385.0,green,1
J782,I649,1458.0,1463.0,green,1
J782,I713,1632.0,1635.0,brown,1
J782,I1257,3336.0,3347.0,green,2
J782,I2138,6447.0,6450.0,brown,1
J782,I2168,6552.0,6554.0,green,1
J10,I19,32.0,34.0,green,2
J10,I77,133.0,134.0,green,1
J10,I164,299.0,302.0,green,1
J10,I230,432.0,435.0,green,2
J66,I335,654.0,657.0,brown,1
J66,I559,1227.0,1231.0,green,1
J66,I2319,7076.0,7092.0,brown,2
J66,I2520,7794.0,7796.0,green,2
J1171,I763,1767.0,1777.0,green,1
J1171,I1244,3267.0,3277.0,green,2
J1171,I1467,4013.0,4021.0,green,1
J1171,I1980,5882.0,5888.0,green,1
J1171,I2487,7690.0,7698.0,brown,1
J372,I1038,2559.0,2575.0,brown,1
J372,I1134,2903.0,2909.0,green,2
J519,I2128,6388.0,6401.0,green,3
J519,I3327,10325.0,10332.0,green,3
J942,I948,2314.0,2316.0,green,1
J942,I2229,6757.0,6759.0,green,2
J942,I2549,7882.0,7897.0,green,2
J942,I3679,11220.0,11221.0,green,1
J382,I831,1966.0,1970.0,green,1
J382,I2048,6092.0,6094.0,green,2
J382,I2974,9230.0,9242.0,green,1
J1462,I347,675.0,680.0,green,1
J1462,I763,1767.0,1777.0,green,2
J1462,I3035,9436.0,9440.0,brown,2
J1462,I3043,9456.0,9461.0,brown,1
J1497,I1946,5743.0,5747.0,brown,2
J1497,I2105,6294.0,6301.0,red,1
J1497,I2298,7006.0,7007.0,brown,1
J1497,I2910,9011.0,9013.0,brown,1
J1497,I2934,9078.0,9089.0,brown,1
J1595,I1057,2630.0,2634.0,green,3
J1595,I2274,6921.0,6927.0,green,1
J1595,I2441,7525.0,7535.0,green,1
J1595,I2966,9208.0,9210.0,brown,1
J1729,I889,2126.0,2130.0,red,1
J1729,I2865,8857.0,8864.0,brown,1
J1729,I3373,10457.0,10458.0,brown,1
J1729,I3402,10524.0,10537.0,green,2
J1866,I1176,3069.0,3074.0,green,1
J1866,I1272,3398.0,3403.0,green,1
J1866,I3081,9543.0,9552.0,green,1
J1866,I3308,10278.0,10283.0,brown,1
J1866,I3645,11138.0,11139.0,green,1
J763,I1180,3081.0,3085.0,green,1
J763,I1660,4709.0,4717.0,green,1
J763,I1999,5951.0,5953.0,green,1
J1274,I2296,7004.0,7005.0,green,1
J1274,I2355,7209.0,7218.0,green,1
J1274,I2363,7252.0,7255.0,green,2
J288,I739,1687.0,1695.0,brown,2
J288,I803,1871.0,1873.0,red,1
J288,I1060,2636.0,2642.0,green,1
J288,I2872,8887.0,8891.0,green,1
J288,I2979,9251.0,9256.0,brown,1
J1098,I635,1414.0,1415.0,brown,1
J1098,I3964,11847.0,11850.0,green,2
J1098,I3981,11881.0,11882.0,green,1
J368,I750,1726.0,1727.0,green,1
J597,I2049,6094.0,6097.0,green,2
J1999,I3300,10259.0,10267.0,green,1
J1999,I3989,11899.0,11901.0,green,1
J1999,I3990,11901.0,11902.0,green,1
J1999,I4006,11931.0,11932.0,green,1
J1999,I4045,11984.0,11985.0,green,1
J1999,I4051,11993.0,11994.0,brown,1
J1239,I643,1439.0,1440.0,brown,1
J1239,I835,1977.0,1978.0,green,1
J1239,I1411,3823.0,3825.0,brown,1
J1239,I2368,7274.0,7278.0,green,1
J1239,I2396,7379.0,7382.0,green,1
J738,I1259,3350.0,3356.0,green,2
J738,I1386,3737.0,3741.0,brown,4
J1555,I996,2444.0,2445.0,green,1
J1555,I3108,9628.0,9635.0,green,1
J1555,I3845,11588.0,11589.0,green,1
J268,I431,881.0,882.0,green,1
J268,I3663,11177.0,11183.0,green,1
J268,I3887,11674.0,11679.0,brown,2
J268,I4049,11990.0,11992.0,brown,1
J643,I2129,6401.0,6406.0,green,2
J643,I2399,7388.0,7404.0,green,1
J1486,I1015,2493.0,2496.0,green,1
J1486,I1623,4573.0,4576.0,brown,1
J1486,I3368,10442.0,10448.0,green,2
J1486,I3390,10507.0,10508.0,brown,1
J936,I1861,5432.0,5435.0,green,1
J936,I1892,5537.0,5540.0,brown,1
J936,I1924,5650.0,5654.0,green,1
J936,I2244,6816.0,6831.0,brown,3
J70,I255,487.0,488.0,brown,1
J70,I543,1177.0,1182.0,green,1
J70,I639,1422.0,1428.0,green,1
J70,I735,1681.0,1682.0,brown,1
J70,I895,2147.0,2159.0,brown,1
J316,I722,1655.0,1657.0,brown,1
J316,I1138,2920.0,2926.0,green,1
J316,I3171,9842.0,9847.0,green,2
J1656,I2256,6872.0,6873.0,brown,1
J1656,I2416,7447.0,7448.0,brown,1
J1656,I2768,8554.0,8555.0,brown,1
J1656,I3312,10287.0,10288.0,brown,1
J1656,I3376,10463.0,10464.0,brown,1
J1656,I3440,10625.0,10629.0,brown,1
J1217,I2352,7184.0,7189.0,green,1
J1217,I2645,8184.0,8185.0,brown,1
J1217,I2752,8505.0,8511.0,green,3
J1584,I2885,8925.0,8927.0,green,2
J1639,I3756,11410.0,11413.0,green,2
J1639,I3851,11599.0,11602.0,brown,2
J1639,I3915,11747.0,11749.0,brown,2
J652,I192,351.0,353.0,green,2
J652,I384,774.0,779.0,green,1
J652,I928,2247.0,2254.0,brown,1
J652,I2401,7407.0,7411.0,green,2
J252,I381,765.0,769.0,brown,1
J252,I2845,8809.0,8813.0,brown,2
J966,I1963,5808.0,5810.0,brown,1
J966,I2028,6026.0,6030.0,brown,1
J966,I2221,6724.0,6732.0,green,1
J966,I2253,6861.0,6866.0,brown,2
J966,I2379,7309.0,7319.0,green,1
J1516,I2025,6008.0,6010.0,green,2
J1516,I2185,6592.0,6595.0,brown,2
J1173,I2045,6082.0,6088.0,green,3
J1173,I2412,7432.0,7443.0,brown,2
J1173,I2524,7803.0,7811.0,brown,1
J1018,I1717,4894.0,4896.0,green,1
J1018,I1748,4987.0,4990.0,red,1
J1018,I2484,7677.0,7679.0,brown,1
J1018,I2689,8282.0,8289.0,green,3
J673,I1050,2611.0,2617.0,green,2
J673,I1082,2740.0,2744.0,green,1
J621,I1914,5623.0,5626.0,green,2
J621,I3067,9511.0,9514.0,green,1
J621,I3358,10415.0,10417.0,brown,1
J621,I3850,11596.0,11599.0,brown,1
J1957,I3465,10691.0,10697.0,green,2
J1957,I3561,10935.0,10938.0,green,1
J1882,I3015,9378.0,9381.0,green,3
J1882,I3079,9541.0,9542.0,green,1
J1882,I3367,10439.0,10442.0,green,1
J1882,I3559,10932.0,10933.0,green,1
J472,I41,69.0,70.0,green,1
J472,I42,70.0,72.0,green,1
J472,I107,184.0,185.0,green,1
J1954,I1604,4502.0,4506.0,brown,2
J1954,I3013,9362.0,9372.0,green,3
J1954,I3852,11602.0,11604.0,brown,1
J1997,I3918,11755.0,11757.0,brown,1
J1997,I3926,11769.0,11770.0,green,1
J1997,I3950,11825.0,11826.0,green,1
J1997,I4039,11975.0,11978.0,green,1
J438,I670,1516.0,1517.0,brown,1
J438,I702,1606.0,1610.0,green,1
J438,I1086,2752.0,2761.0,green,1
J438,I1196,3117.0,3121.0,brown,1
J438,I1342,3620.0,3626.0,green,1
J632,I1117,2840.0,2847.0,green,2
J632,I1133,2902.0,2903.0,green,1
J632,I1165,3027.0,3028.0,green,1
J632,I1230,3225.0,3226.0,green,1
J470,I562,1236.0,1239.0,green,1
J470,I2362,7245.0,7252.0,green,2
J1814,I2987,9275.0,9279.0,green,3
J1814,I3306,10274.0,10277.0,brown,1
J1814,I3338,10355.0,10357.0,brown,1
J1814,I3531,10844.0,10849.0,green,1
J15,I297,574.0,575.0,green,1
J15,I1513,4160.0,4175.0,green,2
J15,I1578,4408.0,4423.0,green,1
J15,I1642,4624.0,4629.0,green,1
J15,I2378,7306.0,7309.0,green,1
J1909,I2495,7714.0,7719.0,brown,1
J1909,I2559,7938.0,7940.0,brown,1
J1909,I2720,8396.0,8399.0,green,1
J1909,I3263,10139.0,10145.0,brown,2
J1909,I3584,10989.0,10992.0,green,1
J1136,I652,1465.0,1471.0,green,2
J1136,I716,1642.0,1643.0,brown,1
J1136,I876,2096.0,2099.0,brown,1
J1136,I1612,4535.0,4540.0,brown,2
J24,I51,85.0,86.0,green,1
J24,I307,590.0,593.0,green,1
J24,I339,662.0,664.0,green,2
J24,I2240,6798.0,6808.0,green,1
J24,I2400,7404.0,7407.0,green,1
J1693,I3158,9790.0,9791.0,green,1
J1693,I3254,10114.0,10124.0,green,1
J1693,I3350,10389.0,10390.0,green,1
J1671,I2681,8266.0,8268.0,brown,2
J1671,I2841,8801.0,8802.0,brown,1
J1671,I3402,10524.0,10537.0,green,1
J481,I364,717.0,722.0,green,1
J481,I428,875.0,877.0,green,2
J481,I1228,3220.0,3224.0,green,1
J520,I122,218.0,222.0,green,3
J520,I154,283.0,284.0,green,1
J520,I1131,2893.0,2898.0,brown,2
J238,I685,1558.0,1566.0,brown,3
J1633,I2355,7209.0,7218.0,green,2
J1633,I2579,8000.0,8007.0,green,1
J1633,I3251,10109.0,10110.0,green,1
J1485,I2918,9037.0,9043.0,brown,4
J1485,I2982,9260.0,9261.0,brown,1
J1700,I2837,8784.0,8795.0,brown,2
J1700,I3206,9967.0,9968.0,green,1
J216,I79,138.0,139.0,red,1
J216,I239,457.0,458.0,green,1
J216,I2112,6330.0,6333.0,green,3
J75,I1187,3094.0,3095.0,green,1
J75,I1395,3759.0,3766.0,green,2
J1713,I2361,7235.0,7245.0,green,6
J462,I496,1051.0,1054.0,green,3
J462,I497,1054.0,1063.0,green,2
J462,I560,1231.0,1234.0,green,1
J542,I3090,9576.0,9586.0,green,5
J184,I132,239.0,240.0,green,1
J184,I137,247.0,249.0,green,1
J184,I166,303.0,304.0,green,1
J184,I198,361.0,362.0,brown,1
J184,I517,1103.0,1106.0,green,1
J1153,I2087,6226.0,6233.0,green,3
J1153,I2088,6233.0,6238.0,green,3
J532,I1261,3360.0,3369.0,brown,2
J532,I1422,3850.0,3856.0,green,2
J532,I1758,5041.0,5055.0,green,1
J532,I1773,5129.0,5130.0,green,1
J822,I1040,2582.0,2585.0,brown,1
J822,I1168,3037.0,3040.0,green,1
J822,I1169,3040.0,3044.0,green,1
J822,I2529,7823.0,7824.0,green,1
J1221,I2505,7741.0,7745.0,brown,3
J1221,I2697,8315.0,8317.0,brown,1
J1221,I2793,8619.0,8625.0,brown,1
J1044,I1624,4576.0,4577.0,red,1
J1044,I2409,7422.0,7427.0,green,2
J1764,I409,835.0,836.0,green,1
J1764,I2009,5974.0,5977.0,brown,1
J1764,I2865,8857.0,8864.0,brown,3
J1764,I2974,9230.0,9242.0,green,1
J1395,I2360,7230.0,7235.0,green,1
J1395,I2552,7907.0,7917.0,green,2
J1366,I2140,6451.0,6453.0,brown,2
J1366,I2957,9173.0,9176.0,green,1
J1366,I3197,9932.0,9940.0,green,3
J933,I489,1038.0,1039.0,green,1
J933,I873,2090.0,2093.0,brown,1
J1090,I1220,3198.0,3200.0,green,2
J1090,I1252,3304.0,3311.0,green,1
J1090,I1444,3950.0,3954.0,green,2
J1090,I2934,9078.0,9089.0,brown,1
J494,I1191,3102.0,3104.0,green,1
J494,I1254,3312.0,3320.0,red,1
J494,I3671,11202.0,11206.0,green,2
J716,I1605,4506.0,4513.0,green,1
J716,I1669,4735.0,4736.0,brown,1
J716,I1861,5432.0,5435.0,green,1
J716,I2022,6000.0,6005.0,brown,1
J716,I2534,7829.0,7838.0,brown,2
J236,I658,1482.0,1487.0,green,1
J236,I2018,5990.0,5991.0,brown,1
J236,I2354,7197.0,7209.0,green,1
J236,I2803,8658.0,8669.0,green,3
J1233,I2341,7155.0,7158.0,green,3
J1233,I2405,7415.0,7418.0,green,1
J1089,I1202,3134.0,3136.0,brown,1
J1089,I2183,6588.0,6591.0,green,1
J925,I1410,3815.0,3823.0,red,1
J925,I1763,5069.0,5076.0,green,1
J925,I2691,8295.0,8302.0,green,3
J71,I116,204.0,208.0,green,1
J71,I275,524.0,527.0,green,2
J93,I69,119.0,121.0,green,1
J93,I805,1875.0,1876.0,brown,1
J93,I837,1983.0,1990.0,brown,2
J93,I2757,8524.0,8526.0,brown,1
J254,I457,944.0,947.0,brown,3
J1802,I1811,5277.0,5285.0,brown,2
J1802,I2900,8976.0,8981.0,green,1
J1802,I3556,10918.0,10926.0,green,1
J1789,I2392,7361.0,7367.0,brown,1
J1789,I3401,10523.0,10524.0,green,1
J1789,I3689,11250.0,11254.0,green,2
J1789,I3721,11323.0,11327.0,green,1
J262,I444,908.0,911.0,brown,2
J262,I1116,2839.0,2840.0,green,1
J262,I2012,5981.0,5983.0,brown,1
J262,I3613,11057.0,11066.0,green,2
J923,I3333,10344.0,10346.0,brown,1
J923,I3526,10829.0,10836.0,green,2
J244,I909,2197.0,2206.0,green,1
J244,I1838,5361.0,5363.0,green,1
J244,I2478,7648.0,7653.0,green,1
J1642,I2640,8176.0,8177.0,brown,1
J1642,I3440,10625.0,10629.0,brown,2
J1642,I3760,11416.0,11420.0,brown,2
J126,I3134,9718.0,9729.0,green,1
J126,I3170,9840.0,9842.0,green,1
J126,I3573,10962.0,10968.0,brown,1
J126,I3586,10993.0,10994.0,green,1
J126,I3682,11228.0,11233.0,green,1
J653,I955,2331.0,2333.0,brown,1
J653,I1051,2617.0,2621.0,green,2
J653,I1275,3415.0,3420.0,green,1
J1784,I3041,9453.0,9455.0,green,2
J1784,I3073,9523.0,9525.0,green,2
J312,I719,1645.0,1650.0,green,2
J312,I751,1727.0,1733.0,green,3
J312,I1647,4640.0,4643.0,green,1
J1902,I3300,10259.0,10267.0,green,2
J1902,I3716,11312.0,11313.0,brown,1
J1902,I3974,11872.0,11874.0,brown,1
J1902,I4038,11973.0,11975.0,green,1
J593,I199,362.0,369.0,brown,1
J593,I2344,7166.0,7167.0,green,1
J593,I2376,7291.0,7298.0,green,1
J593,I2568,7964.0,7968.0,green,1
J20,I74,130.0,131.0,green,1
J20,I842,2000.0,2008.0,brown,2
J20,I2379,7309.0,7319.0,green,1
J1722,I2922,9048.0,9057.0,brown,3
J1722,I3450,10658.0,10659.0,green,1
J704,I470,981.0,992.0,green,3
J704,I1398,3777.0,3785.0,green,3
J563,I2257,6873.0,6877.0,brown,1
J563,I2898,8969.0,8971.0,green,1
J563,I2962,9192.0,9200.0,green,2
J563,I3618,11079.0,11082.0,green,1
J563,I3794,11487.0,11488.0,green,1
J14,I2,3.0,5.0,green,2
J14,I3,5.0,6.0,green,1
J14,I35,60.0,61.0,green,1
J14,I43,72.0,75.0,green,1
J14,I1155,2974.0,2982.0,brown,1
J212,I810,1891.0,1892.0,brown,1
J212,I970,2367.0,2368.0,brown,1
J212,I1514,4175.0,4183.0,green,1
J212,I1755,5015.0,5038.0,green,1
J212,I2251,6845.0,6860.0,green,2
J548,I1181,3085.0,3088.0,green,2
J548,I1245,3277.0,3278.0,green,1
J548,I1277,3428.0,3434.0,green,1
J17,I8,13.0,17.0,green,4
J17,I40,68.0,69.0,green,1
J17,I3240,10068.0,10075.0,green,1
J100,I2813,8699.0,8705.0,brown,2
J100,I2974,9230.0,9242.0,green,1
J100,I3038,9443.0,9448.0,green,1
J1062,I2814,8705.0,8715.0,brown,1
J1062,I3067,9511.0,9514.0,green,1
J1062,I3262,10137.0,10139.0,brown,1
J1062,I3291,10219.0,10229.0,green,3
J428,I904,2184.0,2187.0,green,3
J428,I1064,2656.0,2663.0,green,1
J1237,I1365,3683.0,3685.0,brown,2
J1237,I1685,4779.0,4784.0,brown,3
J39,I153,279.0,283.0,green,1
J39,I314,605.0,611.0,green,1
J39,I2168,6552.0,6554.0,green,1
J1877,I2459,7600.0,7604.0,green,2
J1877,I3580,10978.0,10984.0,green,4
J1641,I2754,8515.0,8517.0,green,2
J1641,I2946,9139.0,9147.0,green,2
J1641,I3042,9455.0,9456.0,green,1
J1641,I3074,9525.0,9534.0,green,1
J1006,I1305,3514.0,3517.0,red,1
J1006,I1753,5005.0,5012.0,green,1
J1006,I1849,5388.0,5391.0,green,3
J1006,I1913,5622.0,5623.0,green,1
J1864,I2209,6678.0,6688.0,green,1
J1864,I2721,8399.0,8411.0,green,1
J1864,I3553,10908.0,10916.0,green,2
J1864,I3681,11225.0,11228.0,green,1
J1864,I3901,11708.0,11713.0,green,1
J1626,I3134,9718.0,9729.0,green,3
J1626,I3254,10114.0,10124.0,green,2
J1971,I2781,8597.0,8598.0,green,1
J1971,I2813,8699.0,8705.0,brown,1
J1971,I3173,9848.0,9852.0,green,1
J1971,I3725,11339.0,11342.0,green,1
J1971,I3901,11708.0,11713.0,green,1
J728,I1020,2501.0,2507.0,green,1
J728,I1244,3267.0,3277.0,green,1
J728,I1815,5296.0,5300.0,green,1
J728,I1948,5748.0,5758.0,brown,1
J1030,I908,2196.0,2197.0,green,1
J1030,I3021,9397.0,9401.0,green,2
J1030,I3285,10198.0,10201.0,green,3
J707,I374,749.0,753.0,green,2
J707,I1302,3508.0,3510.0,brown,2
J707,I2151,6493.0,6500.0,green,1
J821,I2542,7850.0,7857.0,green,1
J821,I2589,8033.0,8034.0,green,1
J821,I2670,8244.0,8250.0,green,4
J1150,I3670,11199.0,11202.0,green,2
J501,I230,432.0,435.0,green,1
J501,I646,1443.0,1444.0,green,1
J501,I972,2371.0,2379.0,brown,1
J501,I1036,2554.0,2556.0,brown,1
J393,I764,1777.0,1779.0,green,1
J393,I862,2065.0,2066.0,green,1
J393,I1118,2847.0,2854.0,green,3
J393,I1279,3435.0,3445.0,brown,1
J1571,I1409,3809.0,3815.0,brown,3
J1571,I2690,8289.0,8295.0,green,1
J1571,I3362,10426.0,10430.0,green,2
J1275,I2565,7956.0,7960.0,brown,1
J1275,I2917,9035.0,9037.0,brown,2
J1275,I3654,11152.0,11160.0,green,2
J1275,I3853,11604.0,11605.0,brown,1
J1120,I1778,5147.0,5148.0,brown,1
J1120,I1810,5276.0,5277.0,brown,1
J1120,I1938,5724.0,5725.0,green,1
J1120,I1939,5725.0,5728.0,green,1
J1120,I2036,6054.0,6057.0,brown,1
J1120,I2107,6307.0,6309.0,green,1
J1583,I1589,4453.0,4458.0,red,1
J1503,I1261,3360.0,3369.0,brown,1
J1503,I1805,5264.0,5269.0,green,2
J1503,I2222,6732.0,6741.0,green,1
J1503,I2350,7179.0,7180.0,green,1
J1503,I2958,9176.0,9179.0,green,1
J492,I701,1604.0,1606.0,green,2
J492,I861,2062.0,2065.0,green,1
J492,I957,2334.0,2347.0,green,1
J234,I218,406.0,410.0,brown,1
J234,I2010,5977.0,5979.0,brown,1
J666,I168,310.0,313.0,green,3
J666,I1736,4939.0,4940.0,brown,1
J666,I1768,5105.0,5118.0,brown,1
J1210,I1799,5244.0,5249.0,brown,1
J1210,I1863,5439.0,5441.0,red,1
J1210,I1895,5550.0,5554.0,red,1
J1210,I1960,5802.0,5806.0,green,2
J1210,I2368,7274.0,7278.0,green,1
J1609,I1061,2642.0,2646.0,green,1
J1609,I2325,7107.0,7109.0,brown,2
J1609,I2438,7508.0,7513.0,green,1
J1609,I3270,10161.0,10163.0,green,2
J1444,I2121,6356.0,6359.0,brown,1
J1444,I2185,6592.0,6595.0,brown,1
J1444,I3178,9865.0,9866.0,green,1
J1444,I3466,10697.0,10698.0,green,1
J1444,I3562,10938.0,10939.0,green,1
J1180,I2154,6508.0,6509.0,green,1
J1180,I2206,6653.0,6657.0,green,2
J1180,I2218,6715.0,6720.0,green,2
J1180,I2219,6720.0,6723.0,green,1
J1016,I368,737.0,739.0,green,1
J1016,I369,739.0,742.0,green,1
J1016,I1872,5466.0,5474.0,green,1
J1016,I2017,5988.0,5990.0,green,1
J551,I291,558.0,561.0,green,2
J551,I1462,3997.0,4004.0,green,1
J1878,I665,1495.0,1500.0,green,1
J1878,I2041,6074.0,6075.0,brown,1
J1878,I3497,10755.0,10762.0,brown,1
J1878,I3642,11133.0,11134.0,green,1
J1878,I3658,11165.0,11170.0,green,1
J1049,I1989,5918.0,5923.0,green,4
J441,I578,1278.0,1279.0,red,1
J441,I1219,3196.0,3198.0,green,1
J441,I1427,3872.0,3877.0,green,2
J441,I1474,4037.0,4046.0,green,1
J441,I2323,7099.0,7102.0,brown,1
J804,I1535,4253.0,4254.0,brown,1
J804,I2495,7714.0,7719.0,brown,1
J804,I3391,10508.0,10510.0,brown,2
J804,I4003,11926.0,11929.0,green,1
J1718,I2254,6866.0,6870.0,brown,2
J1718,I3319,10303.0,10307.0,green,2
J1686,I2811,8689.0,8695.0,brown,4
J1686,I3132,9714.0,9717.0,green,1
J2,I2915,9027.0,9033.0,brown,1
J1211,I2039,6063.0,6071.0,brown,2
J1211,I2263,6887.0,6889.0,brown,2
J1211,I2391,7360.0,7361.0,brown,1
J1790,I3502,10771.0,10775.0,green,3
J1790,I3534,10862.0,10870.0,green,2
J590,I681,1550.0,1552.0,red,1
J590,I2078,6190.0,6197.0,green,3
J670,I245,465.0,468.0,green,1
J670,I309,595.0,596.0,green,1
J670,I565,1245.0,1252.0,green,1
J670,I2345,7167.0,7172.0,green,1
J670,I2367,7270.0,7274.0,green,1
J1598,I3088,9569.0,9575.0,green,4
J757,I1513,4160.0,4175.0,green,2
J757,I1768,5105.0,5118.0,brown,2
J1234,I1784,5166.0,5184.0,green,2
J1234,I2136,6429.0,6446.0,brown,1
J1234,I3465,10691.0,10697.0,green,2
J1705,I3210,9982.0,9987.0,green,1
J1705,I3402,10524.0,10537.0,green,2
J27,I108,185.0,187.0,green,1
J27,I972,2371.0,2379.0,brown,1
J27,I1260,3356.0,3360.0,brown,4
J1061,I777,1811.0,1823.0,green,2
J1061,I1917,5629.0,5630.0,green,1
J1061,I2109,6317.0,6324.0,green,2
J1144,I2209,6678.0,6688.0,green,2
J1144,I2624,8130.0,8134.0,brown,2
J1144,I3167,9829.0,9832.0,green,2
J1638,I3436,10619.0,10621.0,brown,1
J1638,I3685,11241.0,11244.0,green,3
J1638,I3733,11356.0,11358.0,brown,1
J857,I1768,5105.0,5118.0,brown,2
J857,I2153,6503.0,6508.0,green,2
J857,I3529,10841.0,10843.0,green,1
J384,I478,1003.0,1006.0,green,2
J384,I1374,3702.0,3707.0,brown,1
J384,I1406,3801.0,3804.0,green,1
J1305,I1707,4857.0,4858.0,brown,1
J1305,I1835,5356.0,5359.0,green,1
J1305,I1995,5940.0,5943.0,brown,1
J1385,I1436,3921.0,3926.0,green,2
J1385,I1467,4013.0,4021.0,green,2
J1385,I1627,4582.0,4584.0,brown,1
J1225,I950,2321.0,2324.0,green,1
J1225,I1078,2728.0,2734.0,brown,1
J1225,I1206,3150.0,3163.0,green,2
J1225,I1366,3685.0,3689.0,brown,1
J229,I86,148.0,151.0,brown,1
J229,I252,479.0,483.0,green,1
J229,I284,545.0,546.0,green,1
J229,I413,846.0,848.0,green,1
J229,I519,1108.0,1120.0,green,1
J1401,I1634,4608.0,4609.0,brown,1
J1401,I2530,7824.0,7825.0,brown,1
J1401,I2562,7944.0,7948.0,brown,1
J1401,I3267,10151.0,10155.0,green,1
J1401,I3667,11193.0,11195.0,green,1
J1401,I3878,11652.0,11654.0,brown,1
J476,I2532,7827.0,7828.0,brown,1
J367,I763,1767.0,1777.0,green,1
J367,I2208,6663.0,6678.0,green,1
J367,I2699,8318.0,8330.0,brown,3
J847,I1515,4183.0,4190.0,green,2
J847,I1516,4190.0,4193.0,green,1
J847,I1803,5252.0,5260.0,green,1
J61,I172,320.0,322.0,green,1
J61,I205,381.0,386.0,brown,2
J61,I461,955.0,961.0,green,1
J61,I557,1218.0,1224.0,green,1
J159,I314,605.0,611.0,green,1
J159,I338,661.0,662.0,green,1
J159,I346,674.0,675.0,green,1
J159,I363,716.0,717.0,green,1
J159,I459,949.0,950.0,brown,1
J159,I463,965.0,967.0,green,1
J272,I844,2011.0,2013.0,brown,1
J272,I1036,2554.0,2556.0,brown,1
J1260,I281,538.0,542.0,green,3
J1260,I633,1410.0,1412.0,brown,1
J1260,I793,1853.0,1858.0,brown,1
J1260,I3135,9729.0,9733.0,green,1
J201,I511,1095.0,1096.0,red,1
J201,I543,1177.0,1182.0,green,1
J201,I607,1348.0,1349.0,red,1
J201,I3038,9443.0,9448.0,green,1
J201,I3136,9733.0,9735.0,green,1
J453,I687,1569.0,1571.0,brown,2
J453,I719,1645.0,1650.0,green,1
J453,I1488,4085.0,4092.0,green,2
J453,I2736,8446.0,8450.0,green,1
J315,I2752,8505.0,8511.0,green,3
J315,I3921,11760.0,11762.0,brown,1
J315,I3944,11814.0,11815.0,green,1
J736,I1138,2920.0,2926.0,green,2
J736,I1170,3044.0,3053.0,brown,1
J531,I614,1363.0,1365.0,brown,1
J531,I1222,3201.0,3205.0,green,1
J531,I2022,6000.0,6005.0,brown,1
J531,I3018,9384.0,9395.0,green,1
J1092,I808,1884.0,1887.0,green,2
J1092,I1128,2887.0,2888.0,green,1
J349,I728,1666.0,1667.0,brown,1
J349,I760,1750.0,1762.0,green,4
J205,I544,1182.0,1187.0,green,1
J205,I2913,9021.0,9026.0,green,3
J887,I807,1880.0,1884.0,green,3
J887,I1064,2656.0,2663.0,green,1
J887,I1160,2995.0,3006.0,green,1
J887,I1225,3210.0,3217.0,green,1
J507,I1022,2511.0,2514.0,green,3
J507,I1054,2624.0,2627.0,green,1
J1649,I2135,6426.0,6429.0,green,1
J1649,I3192,9906.0,9911.0,green,5
J1407,I1422,3850.0,3856.0,green,2
J1407,I1646,4636.0,4640.0,green,1
J1407,I1742,4957.0,4964.0,brown,2
J1407,I1806,5269.0,5270.0,green,1
J1630,I2244,6816.0,6831.0,brown,2
J1630,I3812,11528.0,11531.0,green,1
J1051,I1349,3637.0,3638.0,red,1
J1051,I1670,4736.0,4741.0,brown,4
J1781,I2923,9057.0,9061.0,brown,1
J1781,I3084,9555.0,9557.0,green,2
J1781,I3532,10849.0,10854.0,green,3
J424,I1775,5133.0,5142.0,green,3
J424,I1776,5142.0,5146.0,green,1
J1518,I1519,4196.0,4198.0,red,1
J1518,I1967,5834.0,5838.0,brown,2
J1518,I1968,5838.0,5845.0,green,2
J1859,I2902,8984.0,8989.0,green,4
J1859,I3126,9686.0,9687.0,green,1
J654,I1434,3906.0,3916.0,green,2
J654,I1435,3916.0,3921.0,green,3
J540,I160,292.0,294.0,green,1
J540,I639,1422.0,1428.0,green,1
J540,I2016,5987.0,5988.0,green,1
J1739,I2987,9275.0,9279.0,green,1
J1739,I3306,10274.0,10277.0,brown,1
J1739,I3531,10844.0,10849.0,green,1
J1678,I1124,2868.0,2873.0,green,2
J1678,I2244,6816.0,6831.0,brown,2
J1678,I2884,8917.0,8925.0,brown,1
J1678,I3109,9635.0,9640.0,green,1
J525,I1355,3654.0,3657.0,green,1
J525,I1499,4112.0,4121.0,green,2
J525,I1514,4175.0,4183.0,green,1
J525,I1674,4746.0,4751.0,brown,1
J525,I1790,5211.0,5223.0,brown,1
J1036,I1604,4502.0,4506.0,brown,2
J1036,I1605,4506.0,4513.0,green,1
J1036,I1637,4613.0,4615.0,green,1
J1036,I2212,6694.0,6701.0,green,2
J1880,I2983,9261.0,9265.0,brown,1
J1880,I3495,10752.0,10754.0,brown,2
J1880,I3543,10885.0,10887.0,brown,1
J1652,I2069,6160.0,6171.0,brown,1
J1652,I3254,10114.0,10124.0,green,1
J754,I1037,2556.0,2559.0,brown,3
J754,I1661,4717.0,4719.0,green,1
J387,I68,118.0,119.0,green,1
J387,I84,146.0,147.0,brown,1
J387,I565,1245.0,1252.0,green,1
J387,I1013,2483.0,2491.0,green,2
J387,I1045,2597.0,2601.0,green,1
J1833,I2222,6732.0,6741.0,green,3
J1833,I2446,7547.0,7553.0,green,3
J1970,I2119,6348.0,6355.0,green,2
J1970,I2534,7829.0,7838.0,brown,1
J1970,I3846,11589.0,11591.0,brown,1
J1970,I3974,11872.0,11874.0,brown,1
J972,I950,2321.0,2324.0,green,1
J972,I1078,2728.0,2734.0,brown,5
J1469,I2596,8053.0,8054.0,green,1
J1469,I2788,8612.0,8613.0,brown,1
J1469,I2916,9033.0,9035.0,brown,2
J1469,I2934,9078.0,9089.0,brown,2
J1442,I2149,6489.0,6492.0,brown,3
J1442,I2150,6492.0,6493.0,green,1
J1442,I2438,7508.0,7513.0,green,1
J1442,I2534,7829.0,7838.0,brown,1
J928,I2322,7095.0,7099.0,brown,2
J1547,I3760,11416.0,11420.0,brown,1
J1942,I2127,6378.0,6388.0,green,5
J225,I628,1389.0,1396.0,brown,5
J225,I3613,11057.0,11066.0,green,1
J1019,I285,546.0,549.0,green,1
J1019,I2301,7016.0,7022.0,green,2
J1019,I2749,8481.0,8484.0,green,1
J122,I423,859.0,863.0,green,1
J122,I935,2272.0,2279.0,green,1
J122,I999,2451.0,2452.0,green,1
J122,I1340,3615.0,3617.0,green,1
J122,I1351,3640.0,3650.0,green,1
J122,I1415,3832.0,3836.0,green,1
J1535,I2055,6118.0,6120.0,brown,1
J1535,I2872,8887.0,8891.0,green,1
J1535,I3128,9694.0,9697.0,green,3
J1535,I3272,10165.0,10166.0,green,1
J706,I842,2000.0,2008.0,brown,3
J706,I1803,5252.0,5260.0,green,1
J706,I2411,7428.0,7432.0,green,2
J1398,I1155,2974.0,2982.0,brown,2
J1398,I2564,7950.0,7956.0,brown,1
J357,I747,1718.0,1721.0,green,2
J357,I1035,2552.0,2554.0,brown,1
J357,I1835,5356.0,5359.0,green,1
J357,I3276,10171.0,10177.0,green,1
J173,I544,1182.0,1187.0,green,1
J173,I704,1613.0,1618.0,green,1
J173,I1064,2656.0,2663.0,green,3
J896,I1570,4386.0,4389.0,brown,1
J896,I1826,5329.0,5332.0,green,1
J896,I1954,5776.0,5782.0,green,3
J896,I2390,7357.0,7360.0,brown,1
J1465,I2981,9258.0,9260.0,brown,1
J1465,I3118,9663.0,9670.0,green,4
J193,I845,2013.0,2018.0,brown,1
J193,I2717,8385.0,8391.0,green,1
J1125,I828,1952.0,1962.0,brown,3
J68,I256,488.0,491.0,brown,3
J68,I768,1786.0,1789.0,green,1
J1689,I2108,6309.0,6317.0,green,2
J1689,I3867,11631.0,11632.0,green,1
J1689,I4013,11940.0,11942.0,green,2
J1689,I4029,11960.0,11961.0,green,1
J1654,I2515,7777.0,7781.0,green,4
J1654,I2675,8255.0,8257.0,brown,2
J285,I3638,11122.0,11126.0,green,2
J285,I3654,11152.0,11160.0,green,3
J285,I3670,11199.0,11202.0,green,1
J1106,I426,872.0,873.0,green,1
J1106,I1194,3106.0,3112.0,brown,2
J1106,I1834,5352.0,5356.0,brown,2
J1106,I2858,8845.0,8847.0,brown,1
J1716,I2575,7981.0,7990.0,brown,1
J1716,I2960,9181.0,9191.0,green,3
J1451,I1525,4215.0,4218.0,red,1
J503,I883,2117.0,2119.0,red,1
J503,I979,2395.0,2398.0,brown,1
J503,I1011,2477.0,2482.0,brown,1
J503,I1044,2588.0,2597.0,green,1
J503,I1204,3139.0,3146.0,green,1
J1351,I2334,7141.0,7143.0,green,1
J1351,I2366,7266.0,7270.0,green,2
J1351,I2573,7977.0,7978.0,brown,1
J1351,I2653,8201.0,8203.0,brown,1
J1351,I2701,8331.0,8337.0,brown,1
J1496,I1515,4183.0,4190.0,green,1
J1496,I1708,4858.0,4865.0,green,1
J1496,I1803,5252.0,5260.0,green,1
J1496,I1995,5940.0,5943.0,brown,1
J1490,I2956,9171.0,9173.0,green,1
J1490,I3884,11668.0,11669.0,green,1
J132,I191,349.0,351.0,green,1
J132,I2592,8039.0,8044.0,green,5
J1540,I2660,8215.0,8221.0,green,3
J1540,I3256,10128.0,10129.0,green,1
J182,I148,271.0,275.0,green,4
J182,I372,744.0,748.0,green,2
J645,I1442,3941.0,3949.0,green,3
J645,I2458,7598.0,7600.0,green,1
J645,I2770,8557.0,8560.0,green,1
J588,I787,1845.0,1848.0,green,2
J588,I981,2401.0,2403.0,green,1
J1952,I3263,10139.0,10145.0,brown,2
J1952,I4001,11921.0,11924.0,green,1
J88,I112,196.0,198.0,green,2
J88,I144,260.0,262.0,brown,2
J88,I592,1309.0,1311.0,green,1
J443,I3633,11112.0,11114.0,green,1
J443,I3729,11347.0,11350.0,green,1
J443,I3920,11758.0,11760.0,brown,1
J1850,I3527,10836.0,10840.0,green,2
J1850,I3542,10882.0,10885.0,brown,2
J1850,I3671,11202.0,11206.0,green,1
J1850,I3799,11497.0,11501.0,green,1
J1977,I2935,9089.0,9095.0,brown,4
J1977,I3895,11695.0,11700.0,brown,1
J1977,I4007,11932.0,11933.0,green,1
J1685,I1432,3891.0,3895.0,green,3
J1685,I2136,6429.0,6446.0,brown,1
J1685,I3064,9501.0,9509.0,green,2
J29,I283,543.0,545.0,green,1
J29,I764,1777.0,1779.0,green,1
J29,I1180,3081.0,3085.0,green,1
J270,I382,769.0,770.0,green,1
J270,I703,1610.0,1613.0,green,1
J270,I926,2244.0,2246.0,brown,1
J270,I1471,4028.0,4031.0,green,1
J1934,I2474,7636.0,7644.0,brown,4
J261,I686,1566.0,1569.0,brown,2
J261,I1334,3589.0,3597.0,green,2
J261,I1398,3777.0,3785.0,green,1
J901,I654,1475.0,1476.0,green,1
J901,I751,1727.0,1733.0,green,1
J901,I2367,7270.0,7274.0,green,3
J901,I2399,7388.0,7404.0,green,1
J997,I1830,5345.0,5348.0,green,3
J997,I2582,8013.0,8016.0,green,1
J997,I2694,8306.0,8307.0,green,1
J997,I2710,8364.0,8365.0,green,1
J1763,I2162,6531.0,6533.0,red,1
J1763,I2322,7095.0,7099.0,brown,1
J1763,I2483,7675.0,7677.0,green,2
J1763,I2707,8349.0,8359.0,green,1
J1763,I2963,9200.0,9203.0,green,1
J934,I1759,5055.0,5060.0,green,5
J934,I2399,7388.0,7404.0,green,1
J271,I29,51.0,52.0,green,1
J186,I268,515.0,516.0,brown,1
J186,I364,717.0,722.0,green,1
J186,I365,722.0,726.0,green,2
J186,I557,1218.0,1224.0,green,1
J1334,I1764,5076.0,5092.0,green,3
J1334,I2756,8520.0,8524.0,brown,1
J908,I1998,5948.0,5951.0,red,2
J908,I2191,6609.0,6611.0,green,1
J908,I2638,8172.0,8175.0,brown,2
J908,I3727,11343.0,11344.0,green,1
J729,I1171,3053.0,3057.0,brown,3
J729,I1204,3139.0,3146.0,green,2
J729,I2548,7871.0,7882.0,green,1
J1772,I2845,8809.0,8813.0,brown,1
J1772,I3294,10238.0,10248.0,green,3
J619,I1286,3462.0,3464.0,red,1
J619,I2086,6223.0,6226.0,brown,2
J619,I3018,9384.0,9395.0,green,1
J1438,I1653,4665.0,4669.0,green,2
J1438,I1813,5288.0,5289.0,brown,1
J1438,I2485,7679.0,7686.0,brown,2
J1438,I3254,10114.0,10124.0,green,1
J1559,I2883,8915.0,8917.0,brown,1
J1559,I2979,9251.0,9256.0,brown,1
J1559,I3812,11528.0,11531.0,green,1
J1559,I3820,11539.0,11543.0,green,1
J1559,I3917,11752.0,11755.0,brown,1
J363,I1244,3267.0,3277.0,green,2
J363,I1979,5869.0,5882.0,green,4
J998,I1981,5888.0,5893.0,green,4
J693,I3179,9866.0,9867.0,green,1
J693,I3531,10844.0,10849.0,green,1
J693,I3947,11817.0,11823.0,green,2
J693,I3963,11845.0,11847.0,green,1
J1437,I2690,8289.0,8295.0,green,3
J1123,I2213,6701.0,6704.0,green,1
J1123,I2852,8831.0,8835.0,brown,1
J1123,I3876,11650.0,11651.0,brown,1
J128,I3187,9885.0,9891.0,green,1
J128,I3204,9955.0,9960.0,green,1
J128,I3796,11489.0,11491.0,green,1
J1751,I3488,10740.0,10744.0,green,2
J1751,I3552,10906.0,10908.0,green,2
J1751,I3564,10941.0,10944.0,green,2
J1386,I258,492.0,493.0,red,1
J1386,I1122,2858.0,2865.0,green,1
J1386,I1763,5069.0,5076.0,green,1
J1386,I1859,5425.0,5428.0,green,1
J1386,I2435,7502.0,7504.0,green,1
J1063,I1253,3311.0,3312.0,green,1
J1063,I1285,3461.0,3462.0,red,1
J1063,I1445,3954.0,3955.0,red,1
J1063,I1510,4156.0,4157.0,brown,1
J1063,I1573,4393.0,4395.0,green,1
J1063,I1574,4395.0,4396.0,brown,1
J1377,I2963,9200.0,9203.0,green,1
J1377,I3363,10430.0,10434.0,green,2
J1377,I3555,10917.0,10918.0,green,1
J25,I78,134.0,138.0,green,1
J1969,I1848,5384.0,5388.0,green,1
J1969,I1976,5861.0,5862.0,brown,1
J1682,I3014,9372.0,9378.0,green,3
J399,I1616,4556.0,4557.0,green,1
J399,I1888,5523.0,5529.0,brown,1
J399,I2225,6749.0,6754.0,green,1
J399,I3185,9881.0,9884.0,green,3
J914,I1836,5359.0,5360.0,green,1
J914,I1868,5450.0,5452.0,green,1
J914,I2381,7321.0,7322.0,green,1
J914,I3085,9557.0,9559.0,green,1
J914,I3293,10232.0,10238.0,green,1
J1127,I840,1996.0,1997.0,red,1
J1127,I872,2088.0,2090.0,brown,1
J1127,I968,2363.0,2364.0,brown,1
J1127,I1193,3105.0,3106.0,red,1
J1127,I1580,4434.0,4438.0,brown,2
J111,I322,625.0,627.0,green,2
J111,I418,853.0,855.0,brown,1
J111,I642,1438.0,1439.0,brown,1
J111,I770,1790.0,1796.0,green,1
J111,I1474,4037.0,4046.0,green,1
J1460,I906,2188.0,2191.0,green,2
J1460,I1738,4941.0,4943.0,brown,2
J1460,I1867,5447.0,5450.0,green,1
J1460,I2862,8850.0,8854.0,brown,1
J1951,I3887,11674.0,11679.0,brown,1
J1951,I3904,11722.0,11723.0,green,1
J1951,I3960,11840.0,11841.0,green,1
J1951,I3968,11856.0,11859.0,green,3
J975,I1257,3336.0,3347.0,green,1
J975,I2506,7745.0,7747.0,green,2
J975,I2890,8942.0,8944.0,green,1
J975,I3202,9945.0,9954.0,green,1
J504,I1547,4302.0,4304.0,brown,2
J504,I1659,4706.0,4709.0,green,1
J504,I1803,5252.0,5260.0,green,1
J1855,I1511,4157.0,4159.0,brown,2
J1855,I1575,4396.0,4398.0,brown,1
J1855,I2568,7964.0,7968.0,green,1
J1749,I3264,10145.0,10148.0,brown,1
J1749,I3392,10510.0,10511.0,brown,1
J1247,I1988,5917.0,5918.0,green,1
J1247,I2052,6110.0,6112.0,green,1
J1247,I2412,7432.0,7443.0,brown,1
J1247,I2436,7504.0,7507.0,green,1
J450,I766,1780.0,1785.0,green,2
J450,I1086,2752.0,2761.0,green,1
J450,I1158,2986.0,2994.0,green,1
J450,I1222,3201.0,3205.0,green,2
J1022,I283,543.0,545.0,green,1
J1022,I3676,11211.0,11214.0,green,1
J1022,I3931,11781.0,11782.0,brown,1
J1681,I2065,6146.0,6151.0,brown,2
J1681,I3026,9409.0,9412.0,green,1
J1435,I1504,4137.0,4140.0,red,1
J1435,I1632,4595.0,4605.0,brown,1
J1435,I1792,5225.0,5228.0,green,1
J1435,I2721,8399.0,8411.0,green,3
J114,I1428,3877.0,3881.0,green,2
J114,I2397,7382.0,7385.0,green,3
J114,I2601,8068.0,8070.0,green,1
J1798,I2433,7492.0,7496.0,green,3
J1798,I2496,7719.0,7720.0,brown,1
J1798,I2593,8044.0,8047.0,green,2
J1169,I1856,5418.0,5423.0,green,3
J164,I543,1177.0,1182.0,green,2
J164,I1912,5604.0,5622.0,green,4
J1167,I1972,5851.0,5854.0,red,1
J1167,I2388,7354.0,7355.0,brown,1
J1167,I2420,7455.0,7459.0,brown,3
J1167,I3998,11917.0,11918.0,brown,1
J791,I1065,2663.0,2666.0,green,1
J791,I1097,2783.0,2784.0,red,1
J791,I1129,2888.0,2890.0,green,1
J791,I1161,3006.0,3007.0,green,1
J791,I2249,6837.0,6844.0,green,1
J1474,I1436,3921.0,3926.0,green,1
J1474,I1564,4372.0,4375.0,red,2
J1474,I1788,5199.0,5204.0,green,1
J1474,I2844,8808.0,8809.0,brown,1
J1128,I1764,5076.0,5092.0,green,1
J1128,I2243,6815.0,6816.0,brown,1
J1128,I2878,8900.0,8905.0,green,4
J375,I611,1352.0,1358.0,green,1
J375,I739,1687.0,1695.0,brown,1
J375,I899,2162.0,2163.0,green,1
J375,I1316,3548.0,3549.0,green,1
J1464,I1139,2926.0,2931.0,green,2
J1464,I3156,9785.0,9788.0,green,2
J913,I821,1916.0,1931.0,brown,1
J913,I1013,2483.0,2491.0,green,1
J913,I1494,4100.0,4102.0,green,2
J913,I2345,7167.0,7172.0,green,1
J913,I2377,7298.0,7306.0,green,1
J1537,I1064,2656.0,2663.0,green,1
J1537,I2217,6711.0,6715.0,green,2
J1537,I3005,9331.0,9337.0,green,3
J1768,I2470,7623.0,7627.0,brown,1
J1768,I2695,8307.0,8310.0,green,1
J1768,I3111,9645.0,9650.0,green,2
J1768,I3175,9853.0,9854.0,green,1
J1768,I3655,11160.0,11163.0,green,1
J1333,I1373,3700.0,3702.0,brown,2
J1333,I1533,4250.0,4252.0,green,2
J1333,I1725,4920.0,4923.0,brown,1
J917,I1122,2858.0,2865.0,green,2
J917,I1474,4037.0,4046.0,green,3
J917,I1570,4386.0,4389.0,brown,1
J1303,I2519,7790.0,7794.0,green,3
J1303,I2711,8365.0,8370.0,green,1
J1303,I2721,8399.0,8411.0,green,1
J1303,I2838,8795.0,8797.0,brown,1
J249,I564,1241.0,1245.0,green,1
J249,I588,1300.0,1305.0,green,2
J249,I596,1317.0,1319.0,green,2
J249,I692,1578.0,1579.0,brown,1
J1655,I1750,4993.0,4996.0,green,2
J1348,I1783,5162.0,5166.0,green,1
J1348,I2039,6063.0,6071.0,brown,3
J881,I1812,5285.0,5288.0,brown,2
J881,I1924,5650.0,5654.0,green,1
J881,I2072,6173.0,6181.0,green,1
J881,I2548,7871.0,7882.0,green,1
J616,I935,2272.0,2279.0,green,2
J616,I1030,2541.0,2544.0,red,1
J616,I1638,4615.0,4619.0,green,3
J1669,I3092,9589.0,9591.0,green,2
J1669,I3124,9682.0,9685.0,green,2
J1669,I3156,9785.0,9788.0,green,1
J858,I1127,2885.0,2887.0,green,1
J858,I1159,2994.0,2995.0,green,1
J858,I1223,3205.0,3207.0,green,1
J858,I1351,3640.0,3650.0,green,1
J1057,I2072,6173.0,6181.0,green,1
J1057,I2152,6500.0,6503.0,green,1
J1057,I2184,6591.0,6592.0,green,1
J1057,I2216,6709.0,6711.0,green,1
J682,I1137,2918.0,2920.0,green,1
J682,I1201,3128.0,3134.0,brown,2
J682,I1873,5474.0,5482.0,green,2
J405,I484,1026.0,1029.0,green,1
J405,I1156,2982.0,2984.0,green,1
J405,I1272,3398.0,3403.0,green,1
J405,I1412,3825.0,3828.0,brown,3
J1277,I1658,4701.0,4706.0,green,1
J1277,I1881,5504.0,5508.0,red,1
J1277,I2042,6075.0,6079.0,brown,3
J1277,I3210,9982.0,9987.0,green,1
J523,I1137,2918.0,2920.0,green,1
J523,I1169,3040.0,3044.0,green,1
J523,I1361,3670.0,3672.0,green,1
J523,I3010,9353.0,9358.0,green,1
J523,I3154,9775.0,9781.0,green,1
J642,I1273,3403.0,3408.0,green,1
J642,I1609,4525.0,4531.0,green,1
J350,I213,395.0,397.0,green,1
J350,I941,2295.0,2299.0,green,1
J350,I1100,2792.0,2799.0,brown,1
J1087,I236,444.0,445.0,red,1
J1087,I653,1471.0,1475.0,green,2
J1087,I748,1721.0,1725.0,green,1
J1087,I1356,3657.0,3662.0,green,1
J1087,I2717,8385.0,8391.0,green,1
J1870,I2644,8181.0,8184.0,brown,2
J1870,I2964,9203.0,9205.0,brown,1
J1870,I3157,9788.0,9790.0,green,2
J1870,I3349,10387.0,10389.0,brown,1
J1137,I1045,2597.0,2601.0,green,1
J1137,I3654,11152.0,11160.0,green,3
J64,I137,247.0,249.0,green,1
J1436,I1746,4976.0,4977.0,brown,1
J1436,I1874,5482.0,5484.0,green,1
J1436,I2226,6754.0,6755.0,green,1
J1436,I2390,7357.0,7360.0,brown,1
J1436,I3123,9681.0,9682.0,green,1
J1436,I3131,9705.0,9714.0,green,1
J1396,I1478,4054.0,4061.0,red,2
J1396,I1734,4935.0,4938.0,brown,3
J1396,I2534,7829.0,7838.0,brown,1
J549,I172,320.0,322.0,green,1
J549,I1004,2460.0,2464.0,green,1
J549,I1164,3017.0,3027.0,green,1
J549,I1868,5450.0,5452.0,green,1
J549,I2028,6026.0,6030.0,brown,1
J537,I1117,2840.0,2847.0,green,1
J1634,I2780,8596.0,8597.0,green,1
J1634,I2892,8946.0,8956.0,brown,1
J1634,I2940,9116.0,9121.0,green,1
J1820,I3545,10888.0,10890.0,brown,2
J1820,I3569,10956.0,10959.0,brown,1
J1820,I3610,11050.0,11052.0,green,2
J1932,I3640,11128.0,11130.0,green,2
J1932,I3736,11361.0,11366.0,green,2
J964,I376,754.0,755.0,green,1
J964,I1048,2605.0,2609.0,green,1
J964,I1784,5166.0,5184.0,green,1
J1845,I720,1650.0,1654.0,brown,1
J1845,I1200,3127.0,3128.0,brown,1
J1845,I1232,3229.0,3232.0,green,1
J1845,I2481,7664.0,7670.0,green,2
J1845,I3249,10099.0,10106.0,green,1
J78,I176,328.0,329.0,green,1
J78,I1232,3229.0,3232.0,green,1
J78,I1336,3604.0,3609.0,green,1
J78,I1424,3860.0,3870.0,green,1
J675,I481,1010.0,1019.0,green,3
J675,I704,1613.0,1618.0,green,1
J1114,I2141,6453.0,6460.0,brown,1
J1114,I2206,6653.0,6657.0,green,2
J1114,I2366,7266.0,7270.0,green,2
J1114,I2701,8331.0,8337.0,brown,1
J1015,I350,684.0,688.0,brown,3
J1015,I1438,3927.0,3934.0,green,2
J1015,I1855,5412.0,5418.0,green,1
J894,I1741,4952.0,4957.0,brown,1
J894,I1805,5264.0,5269.0,green,1
J894,I1837,5360.0,5361.0,green,1
J894,I1997,5945.0,5948.0,brown,2
J894,I2463,7609.0,7612.0,green,1
J1875,I1631,4588.0,4595.0,brown,3
J1664,I3888,11679.0,11683.0,brown,4
J1664,I3901,11708.0,11713.0,green,1
J1664,I3945,11815.0,11816.0,green,1
J488,I200,369.0,376.0,brown,3
J488,I3561,10935.0,10938.0,green,1
J685,I1912,5604.0,5622.0,green,2
J685,I2040,6071.0,6074.0,brown,2
J685,I2476,7645.0,7647.0,brown,1
J388,I447,915.0,919.0,green,1
J388,I2559,7938.0,7940.0,brown,1
J388,I3575,10969.0,10971.0,brown,2
J154,I2128,6388.0,6401.0,green,1
J154,I2575,7981.0,7990.0,brown,1
J154,I3248,10088.0,10099.0,green,4
J471,I345,671.0,674.0,green,1
J471,I377,755.0,761.0,green,2
J471,I825,1936.0,1939.0,green,2
J471,I1274,3408.0,3415.0,brown,1
J570,I846,2018.0,2023.0,brown,1
J570,I1454,3972.0,3974.0,brown,1
J570,I3159,9791.0,9816.0,green,1
J570,I3287,10203.0,10210.0,green,1
J1342,I2551,7906.0,7907.0,green,1
J1342,I2583,8016.0,8017.0,green,1
J1342,I2903,8989.0,9001.0,green,3
J1992,I3907,11726.0,11728.0,green,1
J1992,I4004,11929.0,11930.0,green,1
J1992,I4036,11970.0,11972.0,green,1
J1992,I4038,11973.0,11975.0,green,1
J1992,I4039,11975.0,11978.0,green,2
J1838,I462,961.0,965.0,green,2
J1838,I2159,6522.0,6529.0,green,1
J1294,I1206,3150.0,3163.0,green,2
J1294,I1335,3597.0,3604.0,green,1
J1294,I1366,3685.0,3689.0,brown,1
J1532,I2895,8960.0,8965.0,brown,3
J1532,I3573,10962.0,10968.0,brown,1
J348,I957,2334.0,2347.0,green,2
J348,I1020,2501.0,2507.0,green,1
J348,I2812,8695.0,8699.0,brown,1
J348,I2821,8725.0,8737.0,green,1
J348,I3021,9397.0,9401.0,green,1
J402,I314,605.0,611.0,green,2
J402,I378,761.0,763.0,green,1
J402,I410,836.0,839.0,green,1
J402,I826,1939.0,1948.0,green,2
J105,I1195,3112.0,3117.0,brown,1
J105,I1396,3766.0,3773.0,green,1
J105,I1612,4535.0,4540.0,brown,1
J1539,I2251,6845.0,6860.0,green,2
J1539,I2411,7428.0,7432.0,green,2
J1788,I1765,5092.0,5099.0,green,1
J1788,I2053,6112.0,6113.0,brown,1
J1788,I2085,6217.0,6223.0,brown,4
J1021,I2555,7920.0,7928.0,green,5
J1126,I2545,7863.0,7868.0,green,1
J1126,I2706,8342.0,8349.0,green,3
J41,I1695,4809.0,4810.0,brown,1
J41,I1823,5322.0,5323.0,green,1
J41,I1855,5412.0,5418.0,green,1
J85,I164,299.0,302.0,green,1
J85,I205,381.0,386.0,brown,1
J85,I293,562.0,563.0,green,1
J85,I519,1108.0,1120.0,green,1
J85,I645,1441.0,1443.0,green,1
J85,I709,1624.0,1626.0,brown,1
J394,I978,2393.0,2395.0,brown,1
J394,I1138,2920.0,2926.0,green,1
J394,I1362,3672.0,3675.0,green,1
J394,I3283,10190.0,10195.0,green,2
J830,I1528,4226.0,4242.0,green,4
J1360,I2563,7948.0,7950.0,brown,1
J1360,I3012,9360.0,9362.0,green,2
J1360,I3540,10878.0,10880.0,brown,1
J1360,I3732,11353.0,11356.0,brown,1
J1824,I3994,11909.0,11912.0,green,1
J1824,I4048,11988.0,11990.0,brown,1
J1824,I4052,11994.0,11995.0,brown,1
J1830,I2811,8689.0,8695.0,brown,2
J1830,I3068,9514.0,9517.0,green,3
J1830,I3292,10229.0,10232.0,green,1
J692,I909,2197.0,2206.0,green,2
J692,I1502,4131.0,4136.0,green,4
J1668,I2170,6559.0,6560.0,green,1
J1668,I2266,6897.0,6899.0,brown,2
J1668,I2363,7252.0,7255.0,green,1
J1320,I2023,6005.0,6007.0,green,1
J1320,I2055,6118.0,6120.0,brown,1
J1320,I2600,8062.0,8068.0,green,4
J1710,I1888,5523.0,5529.0,brown,1
J1710,I2528,7820.0,7823.0,red,1
J383,I957,2334.0,2347.0,green,1
J383,I1341,3617.0,3620.0,green,1
J383,I1982,5893.0,5908.0,green,2
J1851,I3081,9543.0,9552.0,green,5
J1851,I3689,11250.0,11254.0,green,1
J1223,I841,1997.0,2000.0,brown,2
J1223,I3018,9384.0,9395.0,green,2
J1223,I3186,9884.0,9885.0,green,1
J959,I1252,3304.0,3311.0,green,1
J959,I1347,3631.0,3636.0,brown,2
J959,I1787,5188.0,5199.0,green,2
J598,I911,2207.0,2208.0,green,1
J598,I943,2300.0,2301.0,brown,1
J1181,I1996,5943.0,5945.0,brown,2
J1181,I2028,6026.0,6030.0,brown,2
J1793,I3263,10139.0,10145.0,brown,1
J1793,I3584,10989.0,10992.0,green,2
J1793,I3615,11069.0,11073.0,green,1
J1793,I3776,11453.0,11454.0,green,1
J1500,I2834,8774.0,8775.0,brown,1
J1500,I2922,9048.0,9057.0,brown,1
J1500,I2930,9069.0,9070.0,brown,1
J1500,I2994,9309.0,9310.0,brown,1
J90,I174,325.0,327.0,green,1
J90,I1726,4923.0,4926.0,brown,1
J191,I3276,10171.0,10177.0,green,1
J191,I3501,10767.0,10771.0,green,1
J191,I3692,11258.0,11262.0,green,2
J191,I3917,11752.0,11755.0,brown,1
J191,I3925,11766.0,11769.0,green,1
J408,I698,1598.0,1600.0,green,1
J408,I762,1764.0,1767.0,green,2
J408,I826,1939.0,1948.0,green,2
J408,I1179,3077.0,3081.0,brown,1
J615,I624,1378.0,1380.0,brown,1
J615,I2449,7556.0,7567.0,green,4
J615,I2593,8044.0,8047.0,green,1
J1778,I2273,6920.0,6921.0,green,1
J1778,I2817,8719.0,8721.0,brown,2
J1778,I3361,10422.0,10426.0,brown,3
J1965,I3194,9914.0,9915.0,green,1
J1965,I3850,11596.0,11599.0,brown,2
J1965,I3866,11630.0,11631.0,green,1
J1965,I3919,11757.0,11758.0,brown,1
J395,I63,109.0,111.0,green,1
J395,I2207,6657.0,6663.0,green,1
J1243,I1809,5274.0,5276.0,brown,2
J1243,I1906,5589.0,5591.0,red,1
J1243,I1978,5865.0,5869.0,green,1
J1243,I2130,6406.0,6408.0,green,1
J1243,I2450,7567.0,7573.0,green,1
J1168,I1764,5076.0,5092.0,green,1
J1168,I1796,5239.0,5240.0,red,1
J1168,I2485,7679.0,7686.0,brown,3
J1168,I2757,8524.0,8526.0,brown,1
J1232,I2940,9116.0,9121.0,green,1
J1232,I3324,10315.0,10319.0,green,2
J378,I714,1635.0,1637.0,brown,1
J378,I1163,3008.0,3017.0,green,1
J378,I1578,4408.0,4423.0,green,1
J843,I1135,2909.0,2913.0,green,1
J843,I2736,8446.0,8450.0,green,1
J843,I3024,9405.0,9407.0,green,1
J843,I3248,10088.0,10099.0,green,3
J479,I87,151.0,153.0,brown,1
J479,I119,213.0,214.0,green,1
J479,I2399,7388.0,7404.0,green,1
J687,I1132,2898.0,2902.0,brown,1
J687,I1146,2948.0,2953.0,brown,2
J687,I1178,3075.0,3077.0,green,1
J687,I1210,3169.0,3173.0,green,1
J1086,I1925,5654.0,5667.0,green,4
J1329,I2020,5992.0,5999.0,brown,6
J292,I895,2147.0,2159.0,brown,4
J292,I1847,5382.0,5384.0,green,2
J1696,I3100,9608.0,9611.0,green,1
J1696,I3196,9918.0,9932.0,green,3
J1696,I3499,10763.0,10766.0,brown,1
J1696,I3523,10818.0,10821.0,brown,1
J319,I407,830.0,833.0,green,1
J319,I1239,3250.0,3255.0,green,1
J319,I1303,3510.0,3511.0,brown,1
J319,I3030,9421.0,9426.0,brown,2
J1978,I2794,8625.0,8629.0,green,1
J1978,I3018,9384.0,9395.0,green,3
J1978,I4049,11990.0,11992.0,brown,1
J948,I2276,6929.0,6934.0,brown,1
J948,I2821,8725.0,8737.0,green,5
J1967,I1898,5560.0,5568.0,red,1
J1967,I2122,6359.0,6363.0,brown,1
J1967,I3438,10622.0,10623.0,brown,1
J1967,I3883,11661.0,11668.0,green,2
J1967,I3914,11746.0,11747.0,brown,1
J878,I2979,9251.0,9256.0,brown,1
J878,I3196,9918.0,9932.0,green,1
J1826,I2759,8527.0,8529.0,brown,2
J1826,I3176,9854.0,9855.0,green,1
J1826,I3400,10522.0,10523.0,green,1
J1826,I3497,10755.0,10762.0,brown,1
J581,I343,669.0,670.0,green,1
J581,I2487,7690.0,7698.0,brown,1
J581,I2810,8682.0,8689.0,green,1
J581,I3008,9345.0,9349.0,green,2
J1991,I1559,4357.0,4364.0,green,1
J1991,I2423,7463.0,7464.0,brown,1
J1991,I2935,9089.0,9095.0,brown,2
J1991,I3895,11695.0,11700.0,brown,2
J1146,I907,2191.0,2196.0,green,1
J1146,I1163,3008.0,3017.0,green,1
J1146,I1164,3017.0,3027.0,green,1
J1146,I1803,5252.0,5260.0,green,2
J1146,I2091,6247.0,6249.0,brown,1
J1488,I2495,7714.0,7719.0,brown,2
J1488,I3648,11141.0,11144.0,green,3
J1481,I1994,5937.0,5940.0,green,1
J1481,I2186,6595.0,6597.0,red,1
J1481,I2219,6720.0,6723.0,green,2
J1481,I2399,7388.0,7404.0,green,1
J455,I1080,2735.0,2739.0,green,1
J455,I1100,2792.0,2799.0,brown,1
J455,I1134,2903.0,2909.0,green,2
J713,I3526,10829.0,10836.0,green,2
J713,I3573,10962.0,10968.0,brown,2
J713,I3622,11090.0,11094.0,green,1
J713,I3717,11313.0,11315.0,brown,1
J267,I401,819.0,823.0,green,1
J267,I461,955.0,961.0,green,1
J267,I594,1312.0,1313.0,green,1
J267,I690,1575.0,1576.0,brown,1
J267,I882,2114.0,2117.0,green,1
J267,I1062,2646.0,2654.0,green,1
J149,I736,1682.0,1684.0,brown,1
J149,I1632,4595.0,4605.0,brown,1
J149,I2753,8511.0,8515.0,green,2
J149,I2884,8917.0,8925.0,brown,2
J572,I1859,5425.0,5428.0,green,1
J572,I3492,10748.0,10750.0,green,1
J772,I575,1273.0,1276.0,brown,3
J772,I639,1422.0,1428.0,green,2
J772,I1247,3280.0,3290.0,green,1
J1163,I1700,4822.0,4830.0,brown,6
J1502,I3035,9436.0,9440.0,brown,1
J1502,I3132,9714.0,9717.0,green,2
J1502,I3196,9918.0,9932.0,green,3
J1078,I833,1971.0,1972.0,green,1
J1078,I865,2071.0,2076.0,green,1
J1078,I2065,6146.0,6151.0,brown,1
J1078,I2545,7863.0,7868.0,green,1
J1078,I2741,8458.0,8462.0,brown,1
J1078,I3202,9945.0,9954.0,green,1
J1324,I827,1948.0,1952.0,brown,3
J1324,I2272,6919.0,6920.0,green,1
J1324,I2364,7255.0,7264.0,green,2
J1743,I2579,8000.0,8007.0,green,2
J273,I1013,2483.0,2491.0,green,2
J273,I1334,3589.0,3597.0,green,2
J273,I2110,6324.0,6326.0,green,2
J1115,I1947,5747.0,5748.0,brown,1
J1115,I2011,5979.0,5981.0,brown,2
J1115,I2523,7799.0,7803.0,brown,1
J74,I21,35.0,39.0,green,1
J74,I52,86.0,87.0,green,1
J74,I820,1914.0,1916.0,brown,2
J74,I909,2197.0,2206.0,green,2
J1256,I2450,7567.0,7573.0,green,2
J1745,I3271,10163.0,10165.0,green,1
J1745,I3278,10179.0,10181.0,brown,1
J1745,I3310,10284.0,10286.0,brown,1
J1745,I3374,10458.0,10461.0,brown,1
J1745,I3462,10682.0,10684.0,brown,1
J1645,I1918,5630.0,5633.0,green,1
J1645,I2557,7929.0,7934.0,red,1
J915,I813,1894.0,1901.0,green,2
J915,I1164,3017.0,3027.0,green,1
J915,I2732,8439.0,8440.0,brown,1
J915,I2821,8725.0,8737.0,green,1
J915,I2860,8848.0,8849.0,brown,1
J199,I395,799.0,800.0,brown,1
J199,I556,1217.0,1218.0,green,1
J199,I588,1300.0,1305.0,green,1
J199,I748,1721.0,1725.0,green,1
J199,I941,2295.0,2299.0,green,2
J1950,I2531,7825.0,7827.0,brown,1
J1950,I3300,10259.0,10267.0,green,1
J497,I1057,2630.0,2634.0,green,1
J497,I1122,2858.0,2865.0,green,1
J497,I1341,3617.0,3620.0,green,2
J497,I1426,3871.0,3872.0,green,1
J1962,I2332,7136.0,7139.0,red,1
J1962,I3837,11570.0,11571.0,green,1
J1962,I3997,11916.0,11917.0,brown,1
J484,I979,2395.0,2398.0,brown,1
J484,I2035,6053.0,6054.0,brown,1
J484,I2259,6878.0,6883.0,brown,1
J484,I2804,8669.0,8671.0,green,1
J484,I2835,8775.0,8780.0,brown,2
J1307,I1356,3657.0,3662.0,green,3
J1307,I1675,4751.0,4752.0,brown,1
J51,I280,534.0,538.0,green,1
J51,I312,599.0,600.0,green,1
J51,I793,1853.0,1858.0,brown,1
J51,I1850,5391.0,5401.0,green,2
J51,I1999,5951.0,5953.0,green,1
J745,I1449,3960.0,3961.0,green,1
J745,I1513,4160.0,4175.0,green,1
J745,I3658,11165.0,11170.0,green,1
J43,I143,255.0,260.0,red,1
J43,I367,730.0,737.0,green,1
J43,I1611,4532.0,4535.0,brown,1
J43,I1912,5604.0,5622.0,green,1
J1748,I1935,5711.0,5713.0,green,2
J1748,I2159,6522.0,6529.0,green,1
J206,I658,1482.0,1487.0,green,2
J206,I3155,9781.0,9785.0,green,3
J206,I3542,10882.0,10885.0,brown,1
J286,I1243,3261.0,3267.0,green,2
J286,I1276,3420.0,3428.0,green,1
J1614,I2803,8658.0,8669.0,green,2
J1614,I3075,9534.0,9535.0,green,1
J129,I421,857.0,858.0,green,1
J129,I902,2174.0,2179.0,green,1
J129,I934,2268.0,2272.0,green,3
J129,I1062,2646.0,2654.0,green,1
J1600,I2746,8468.0,8477.0,green,1
J1600,I2937,9098.0,9109.0,brown,2
J1600,I3402,10524.0,10537.0,green,1
J79,I519,1108.0,1120.0,green,3
J79,I1158,2986.0,2994.0,green,3
J314,I61,102.0,107.0,green,1
J314,I157,286.0,289.0,green,1
J314,I573,1268.0,1272.0,brown,2
J314,I2269,6905.0,6906.0,brown,1
J314,I2685,8273.0,8274.0,brown,1
J343,I754,1736.0,1738.0,green,1
J343,I1331,3579.0,3583.0,green,2
J1777,I2937,9098.0,9109.0,brown,3
J1982,I2627,8143.0,8145.0,brown,1
J1982,I2660,8215.0,8221.0,green,1
J1982,I2915,9027.0,9033.0,brown,2
J1272,I2117,6345.0,6346.0,green,1
J1272,I2630,8153.0,8155.0,green,2
J1272,I2758,8526.0,8527.0,brown,1
J1272,I3014,9372.0,9378.0,green,1
J1272,I3118,9663.0,9670.0,green,1
J461,I1351,3640.0,3650.0,green,1
J461,I2534,7829.0,7838.0,brown,3
J209,I1936,5713.0,5717.0,green,2
J209,I3120,9674.0,9677.0,green,3
J209,I3775,11447.0,11453.0,green,1
J734,I1605,4506.0,4513.0,green,1
J734,I1784,5166.0,5184.0,green,2
J1175,I2378,7306.0,7309.0,green,1
J1687,I471,992.0,994.0,green,1
J1687,I1528,4226.0,4242.0,green,4
J1687,I3292,10229.0,10232.0,green,1
J1306,I993,2437.0,2440.0,brown,1
J1306,I1697,4816.0,4818.0,brown,2
J1306,I1793,5228.0,5230.0,brown,1
J1306,I2241,6808.0,6813.0,brown,2
J5,I4,6.0,7.0,green,1
J5,I16,27.0,28.0,green,1
J5,I21,35.0,39.0,green,1
J5,I205,381.0,386.0,brown,1
J748,I1400,3790.0,3791.0,green,1
J748,I1592,4464.0,4467.0,brown,3
J748,I3465,10691.0,10697.0,green,1
J814,I360,712.0,713.0,brown,1
J814,I392,793.0,794.0,brown,1
J814,I424,863.0,870.0,green,2
J814,I648,1448.0,1458.0,green,2
J1456,I2587,8029.0,8030.0,green,1
J1456,I2683,8270.0,8272.0,brown,2
J1456,I2843,8805.0,8808.0,brown,3
J1605,I2354,7197.0,7209.0,green,3
J1605,I3351,10390.0,10392.0,green,2
J703,I2955,9163.0,9171.0,green,1
J703,I3628,11103.0,11105.0,green,2
J798,I1076,2723.0,2727.0,brown,1
J798,I2365,7264.0,7266.0,green,2
J544,I3650,11146.0,11147.0,brown,1
J544,I3682,11228.0,11233.0,green,3
J544,I3842,11580.0,11586.0,green,1
J544,I4002,11924.0,11926.0,green,1
J84,I162,297.0,298.0,green,1
J84,I834,1972.0,1977.0,green,2
J84,I1474,4037.0,4046.0,green,1
J84,I2090,6243.0,6247.0,brown,1
J482,I14,25.0,26.0,green,1
J482,I78,134.0,138.0,green,2
J482,I206,386.0,387.0,brown,1
J301,I947,2311.0,2314.0,green,1
J301,I1651,4658.0,4660.0,green,1
J1643,I2719,8394.0,8396.0,green,2
J1643,I3329,10335.0,10336.0,green,1
J1489,I660,1488.0,1490.0,green,1
J1489,I724,1658.0,1661.0,brown,1
J1489,I3525,10825.0,10829.0,green,4
J889,I1827,5332.0,5342.0,green,3
J889,I1956,5783.0,5789.0,green,2
J166,I526,1135.0,1136.0,red,1
J166,I590,1307.0,1308.0,red,1
J166,I1039,2575.0,2582.0,brown,2
J166,I2095,6262.0,6264.0,brown,1
J166,I2931,9070.0,9071.0,brown,1
J255,I1653,4665.0,4669.0,green,1
J255,I2454,7578.0,7579.0,green,1
J255,I3014,9372.0,9378.0,green,1
J1341,I1755,5015.0,5038.0,green,6
J1759,I2903,8989.0,9001.0,green,4
J1400,I1472,4031.0,4035.0,green,2
J1400,I1632,4595.0,4605.0,brown,1
J1400,I2369,7278.0,7281.0,green,1
J1400,I3489,10744.0,10745.0,green,1
J1400,I3553,10908.0,10916.0,green,1
J248,I564,1241.0,1245.0,green,1
J248,I724,1658.0,1661.0,brown,1
J248,I1012,2482.0,2483.0,green,1
J248,I1044,2588.0,2597.0,green,1
J1730,I2177,6576.0,6578.0,brown,2
J1730,I2434,7496.0,7502.0,green,1
J1730,I3298,10254.0,10257.0,green,2
J1730,I3682,11228.0,11233.0,green,1
J1720,I806,1876.0,1880.0,brown,3
J1720,I2054,6113.0,6118.0,brown,2
J1720,I3210,9982.0,9987.0,green,1
J1916,I1339,3613.0,3615.0,green,1
J1916,I3035,9436.0,9440.0,brown,1
J1916,I3678,11218.0,11220.0,green,2
J879,I306,589.0,590.0,red,1
J879,I1170,3044.0,3053.0,brown,2
J879,I2354,7197.0,7209.0,green,1
J879,I2418,7451.0,7452.0,brown,1
J575,I1364,3678.0,3683.0,green,2
J575,I2212,6694.0,6701.0,green,2
J575,I2486,7686.0,7690.0,brown,1
J575,I2661,8221.0,8225.0,green,1
J1313,I1719,4899.0,4905.0,green,2
J1313,I1751,4996.0,5004.0,green,3
J1313,I2119,6348.0,6355.0,green,1
J1817,I1783,5162.0,5166.0,green,1
J1817,I1814,5289.0,5296.0,red,1
J1817,I1878,5491.0,5494.0,red,1
J1817,I3671,11202.0,11206.0,green,1
J1817,I3735,11360.0,11361.0,green,1
J1453,I939,2289.0,2292.0,brown,1
J1453,I1163,3008.0,3017.0,green,3
J1453,I2859,8847.0,8848.0,brown,1
J1453,I2861,8849.0,8850.0,brown,1
J355,I1048,2605.0,2609.0,green,1
J355,I1176,3069.0,3074.0,green,2
J957,I506,1078.0,1081.0,red,1
J957,I538,1168.0,1170.0,green,1
J957,I602,1328.0,1332.0,brown,1
J957,I3013,9362.0,9372.0,green,3
J1520,I2858,8845.0,8847.0,brown,1
J1520,I2955,9163.0,9171.0,green,5
J1118,I1877,5489.0,5491.0,red,1
J1118,I2069,6160.0,6171.0,brown,1
J1118,I2550,7897.0,7906.0,green,1
J1118,I2678,8259.0,8263.0,green,2
J1118,I3254,10114.0,10124.0,green,1
J295,I302,582.0,584.0,green,2
J585,I325,632.0,636.0,green,2
J585,I741,1703.0,1708.0,green,1
J432,I634,1412.0,1414.0,brown,2
J432,I698,1598.0,1600.0,green,1
J432,I699,1600.0,1603.0,green,1
J432,I1211,3173.0,3176.0,green,2
J6,I13,24.0,25.0,green,1
J6,I45,76.0,77.0,green,1
J6,I46,77.0,78.0,green,1
J1910,I1571,4389.0,4390.0,green,1
J1910,I1635,4609.0,4612.0,brown,2
J1910,I1699,4819.0,4822.0,brown,1
J1910,I2883,8915.0,8917.0,brown,1
J1910,I3108,9628.0,9635.0,green,1
J1836,I1212,3176.0,3177.0,green,1
J1836,I1724,4918.0,4920.0,brown,1
J1836,I2108,6309.0,6317.0,green,1
J1836,I3589,11001.0,11006.0,green,1
J116,I106,182.0,184.0,green,1
J116,I778,1823.0,1825.0,green,1
J116,I1770,5121.0,5122.0,brown,1
J116,I2026,6010.0,6025.0,green,1
J116,I2443,7536.0,7537.0,green,1
J116,I2925,9062.0,9063.0,brown,1
J278,I318,615.0,621.0,green,3
J278,I381,765.0,769.0,brown,1
J278,I1085,2750.0,2752.0,green,1
J558,I1004,2460.0,2464.0,green,2
J558,I1357,3662.0,3665.0,green,2
J558,I2221,6724.0,6732.0,green,2
J1628,I1940,5728.0,5729.0,green,1
J1628,I2036,6054.0,6057.0,brown,2
J1628,I3093,9591.0,9596.0,green,1
J237,I437,894.0,897.0,brown,1
J237,I470,981.0,992.0,green,1
J237,I1758,5041.0,5055.0,green,2
J237,I1941,5729.0,5737.0,green,1
J237,I1958,5790.0,5791.0,green,1
J1938,I2197,6620.0,6622.0,brown,1
J1938,I2997,9315.0,9317.0,green,1
J1938,I3781,11460.0,11461.0,green,1
J1938,I4043,11982.0,11983.0,green,1
J1938,I4047,11987.0,11988.0,green,1
J1938,I4048,11988.0,11990.0,brown,1
J1379,I903,2179.0,2184.0,green,1
J1379,I1030,2541.0,2544.0,red,1
J1379,I1191,3102.0,3104.0,green,1
J1379,I2967,9210.0,9211.0,brown,1
J1379,I2983,9261.0,9265.0,brown,2
J980,I1129,2888.0,2890.0,green,1
J980,I1224,3207.0,3210.0,green,1
J980,I2248,6834.0,6837.0,green,1
J710,I1532,4249.0,4250.0,green,1
J710,I2684,8272.0,8273.0,brown,1
J710,I3101,9611.0,9612.0,green,1
J710,I3133,9717.0,9718.0,green,1
J710,I3325,10319.0,10321.0,green,2
J789,I914,2214.0,2215.0,green,1
J789,I1362,3672.0,3675.0,green,1
J789,I1490,4093.0,4095.0,green,1
J789,I2718,8391.0,8394.0,green,1
J1918,I3250,10106.0,10109.0,green,1
J1918,I3538,10876.0,10877.0,brown,1
J1918,I3890,11685.0,11686.0,green,1
J1918,I3922,11762.0,11763.0,green,1
J1918,I3954,11831.0,11832.0,green,1
J1918,I4018,11946.0,11948.0,green,1
J1345,I2210,6688.0,6689.0,green,1
J1345,I2430,7486.0,7487.0,green,1
J1345,I2798,8644.0,8647.0,green,3
J1345,I2882,8913.0,8915.0,green,1
J1151,I994,2440.0,2443.0,green,1
J1151,I1346,3630.0,3631.0,green,1
J1151,I1794,5230.0,5234.0,brown,1
J1151,I2498,7722.0,7730.0,brown,1
J311,I492,1042.0,1046.0,green,1
J311,I620,1370.0,1371.0,brown,1
J311,I876,2096.0,2099.0,brown,1
J308,I315,611.0,612.0,green,1
J308,I347,675.0,680.0,green,2
J308,I603,1332.0,1334.0,brown,2
J1196,I921,2232.0,2236.0,green,3
J1196,I1337,3609.0,3611.0,green,2
J688,I912,2208.0,2211.0,green,2
J688,I1009,2471.0,2476.0,brown,1
J688,I1457,3979.0,3982.0,brown,2
J1912,I3468,10699.0,10701.0,green,2
J1912,I3500,10766.0,10767.0,green,1
J1912,I4014,11942.0,11943.0,green,1
J1912,I4030,11961.0,11962.0,green,1
J1912,I4034,11968.0,11969.0,green,1
J1625,I1686,4784.0,4788.0,brown,1
J1625,I1974,5856.0,5858.0,brown,2
J1625,I2038,6059.0,6063.0,brown,1
J1625,I2198,6622.0,6631.0,brown,2
J1964,I2527,7815.0,7820.0,brown,5
J1782,I2241,6808.0,6813.0,brown,2
J1782,I3010,9353.0,9358.0,green,2
J1782,I3490,10745.0,10747.0,green,2
J767,I949,2316.0,2321.0,green,4
J1458,I2042,6075.0,6079.0,brown,1
J1458,I2875,8894.0,8896.0,green,1
J1458,I3195,9915.0,9918.0,green,2
J534,I2712,8370.0,8376.0,green,1
J534,I2979,9251.0,9256.0,brown,1
J534,I3160,9816.0,9819.0,green,3
J534,I3180,9867.0,9870.0,green,1
J65,I72,123.0,128.0,green,1
J65,I104,178.0,181.0,green,1
J65,I200,369.0,376.0,brown,1
J65,I393,794.0,795.0,brown,1
J65,I487,1031.0,1035.0,green,1
J65,I941,2295.0,2299.0,green,1
J1183,I1984,5909.0,5914.0,green,5
J411,I928,2247.0,2254.0,brown,1
J411,I1088,2765.0,2768.0,green,1
J411,I1228,3220.0,3224.0,green,2
J411,I1279,3435.0,3445.0,brown,1
J680,I1290,3475.0,3477.0,red,1
J680,I2347,7175.0,7177.0,green,1
J680,I3115,9656.0,9658.0,green,1
J680,I3899,11706.0,11707.0,green,1
J680,I3903,11716.0,11722.0,green,1
J1983,I1233,3232.0,3234.0,green,1
J1983,I1393,3752.0,3755.0,brown,1
J1249,I1170,3044.0,3053.0,brown,4
J1216,I2201,6634.0,6639.0,brown,1
J1216,I2233,6770.0,6771.0,red,1
J1216,I3353,10393.0,10398.0,green,1
J884,I923,2237.0,2240.0,green,2
J884,I1051,2617.0,2621.0,green,1
J884,I1115,2836.0,2839.0,green,1
J884,I2603,8071.0,8081.0,green,2
J3,I0,0.0,1.0,green,1
J3,I1,1.0,3.0,green,2
J3,I6,9.0,12.0,green,2
J3,I10,18.0,19.0,green,1
J87,I3663,11177.0,11183.0,green,2
J87,I3792,11482.0,11484.0,green,1
J87,I3952,11827.0,11829.0,green,1
J87,I3986,11892.0,11895.0,green,1
J87,I4018,11946.0,11948.0,green,1
J720,I1049,2609.0,2611.0,green,1
J720,I1082,2740.0,2744.0,green,1
J720,I1113,2833.0,2835.0,brown,2
J720,I1433,3895.0,3906.0,green,1
J720,I2336,7144.0,7146.0,green,1
J1197,I1126,2880.0,2885.0,green,3
J1197,I1351,3640.0,3650.0,green,1
J999,I1768,5105.0,5118.0,brown,5
J999,I1848,5384.0,5388.0,green,1
J1624,I544,1182.0,1187.0,green,1
J1624,I768,1786.0,1789.0,green,1
J1624,I928,2247.0,2254.0,brown,1
J1624,I1696,4810.0,4816.0,brown,1
J1624,I3355,10406.0,10413.0,green,1
J792,I1310,3530.0,3535.0,brown,2
J792,I1342,3620.0,3626.0,green,1
J792,I1374,3702.0,3707.0,brown,1
J792,I1471,4028.0,4031.0,green,1
J565,I957,2334.0,2347.0,green,1
J565,I3006,9337.0,9339.0,green,2
J783,I1382,3726.0,3728.0,green,1
J783,I1702,4831.0,4840.0,brown,1
J161,I200,369.0,376.0,brown,1
J161,I2488,7698.0,7699.0,brown,1
J161,I2689,8282.0,8289.0,green,2
J161,I2934,9078.0,9089.0,brown,1
J161,I2941,9121.0,9123.0,green,1
J600,I520,1120.0,1123.0,green,1
J600,I584,1296.0,1297.0,green,1
J600,I649,1458.0,1463.0,green,1
J600,I1065,2663.0,2666.0,green,1
J600,I1100,2792.0,2799.0,brown,1
J600,I1548,4304.0,4314.0,brown,1
J731,I2855,8837.0,8838.0,brown,1
J731,I3098,9605.0,9606.0,green,1
J731,I3196,9918.0,9932.0,green,3
J1723,I1936,5713.0,5717.0,green,1
J1723,I2000,5953.0,5957.0,green,1
J1723,I2927,9064.0,9066.0,brown,1
J1723,I3088,9569.0,9575.0,green,1
J1723,I3728,11344.0,11347.0,green,1
J1723,I3838,11571.0,11576.0,green,1
J1958,I3057,9489.0,9492.0,green,1
J1958,I3665,11188.0,11192.0,green,2
J1958,I3793,11484.0,11487.0,green,3
J1113,I910,2206.0,2207.0,green,1
J1113,I1038,2559.0,2575.0,brown,2
J1113,I1902,5576.0,5577.0,brown,1
J1113,I2399,7388.0,7404.0,green,1
J1113,I3007,9339.0,9345.0,green,1
J1309,I1101,2799.0,2803.0,brown,2
J1309,I1197,3121.0,3123.0,brown,2
J1984,I2249,6837.0,6844.0,green,2
J1984,I3626,11100.0,11102.0,green,2
J1984,I3818,11536.0,11538.0,green,1
J1984,I4031,11962.0,11965.0,green,1
J1896,I2590,8034.0,8038.0,green,2
J1896,I2653,8201.0,8203.0,brown,1
J1896,I3758,11414.0,11415.0,green,1
J960,I1065,2663.0,2666.0,green,1
J960,I1194,3106.0,3112.0,brown,1
J960,I1578,4408.0,4423.0,green,1
J960,I1866,5444.0,5447.0,green,1
J618,I680,1547.0,1550.0,green,2
J618,I1160,2995.0,3006.0,green,1
J618,I2399,7388.0,7404.0,green,3
J177,I554,1214.0,1216.0,green,2
J177,I618,1368.0,1369.0,brown,1
J177,I650,1463.0,1464.0,green,1
J177,I1450,3961.0,3965.0,green,1
J1736,I1802,5251.0,5252.0,green,1
J1736,I1866,5444.0,5447.0,green,1
J1736,I1994,5937.0,5940.0,green,1
J1736,I2058,6123.0,6125.0,brown,2
J759,I1124,2868.0,2873.0,green,1
J759,I2244,6816.0,6831.0,brown,1
J247,I1271,3389.0,3398.0,green,2
J247,I1399,3785.0,3790.0,green,1
J247,I1784,5166.0,5184.0,green,1
J247,I3008,9345.0,9349.0,green,1
J940,I2237,6787.0,6789.0,brown,1
J940,I2493,7709.0,7712.0,red,1
J940,I2974,9230.0,9242.0,green,2
J940,I3726,11342.0,11343.0,green,1
J865,I1050,2611.0,2617.0,green,3
J865,I1274,3408.0,3415.0,brown,2
J865,I2203,6643.0,6646.0,green,1
J324,I1001,2454.0,2457.0,green,3
J324,I2751,8492.0,8505.0,green,1
J1981,I3901,11708.0,11713.0,green,1
J1981,I3903,11716.0,11722.0,green,4
J1981,I3965,11850.0,11852.0,green,1
J1423,I2840,8798.0,8801.0,brown,2
J1423,I3241,10075.0,10076.0,green,1
J1423,I3273,10166.0,10167.0,green,1
J969,I1855,5412.0,5418.0,green,3
J969,I1887,5522.0,5523.0,green,1
J969,I1951,5765.0,5767.0,brown,1
J969,I2623,8129.0,8130.0,red,1
J1340,I1745,4971.0,4976.0,red,1
J1340,I1841,5367.0,5371.0,brown,1
J1340,I2065,6146.0,6151.0,brown,1
J1340,I2354,7197.0,7209.0,green,1
J1340,I2914,9026.0,9027.0,green,1
J1340,I2942,9123.0,9129.0,green,1
J92,I269,516.0,517.0,brown,1
J92,I301,580.0,582.0,green,1
J92,I366,726.0,730.0,green,1
J92,I430,880.0,881.0,green,1
J92,I462,961.0,965.0,green,2
J95,I194,354.0,357.0,green,1
J95,I674,1530.0,1535.0,green,2
J95,I1654,4669.0,4681.0,green,2
J259,I47,78.0,80.0,green,2
J259,I111,194.0,196.0,green,1
J259,I335,654.0,657.0,brown,2
J259,I2575,7981.0,7990.0,brown,1
J1522,I1656,4688.0,4698.0,green,3
J1522,I2937,9098.0,9109.0,brown,1
J1522,I3675,11210.0,11211.0,green,1
J1025,I1941,5729.0,5737.0,green,2
J1025,I2132,6410.0,6413.0,green,1
J862,I1125,2873.0,2880.0,green,1
J862,I1126,2880.0,2885.0,green,2
J862,I1157,2984.0,2986.0,green,1
J862,I1605,4506.0,4513.0,green,1
J862,I1926,5667.0,5673.0,green,1
J397,I591,1308.0,1309.0,green,1
J397,I655,1476.0,1480.0,green,1
J397,I1327,3572.0,3575.0,green,1
J397,I1488,4085.0,4092.0,green,1
J397,I1647,4640.0,4643.0,green,1
J397,I2384,7336.0,7337.0,green,1
J1831,I2299,7007.0,7014.0,brown,1
J1831,I2523,7799.0,7803.0,brown,1
J358,I2803,8658.0,8669.0,green,3
J1707,I3009,9349.0,9353.0,green,3
J1707,I3153,9768.0,9775.0,green,3
J846,I1249,3294.0,3300.0,red,1
J846,I2394,7368.0,7374.0,green,1
J846,I2706,8342.0,8349.0,green,2
J846,I2933,9076.0,9078.0,brown,1
J1157,I1079,2734.0,2735.0,green,1
J1157,I1335,3597.0,3604.0,green,1
J1157,I2487,7690.0,7698.0,brown,1
J134,I1870,5453.0,5458.0,green,2
J134,I3038,9443.0,9448.0,green,2
J1675,I2113,6333.0,6337.0,green,1
J1675,I3130,9700.0,9705.0,green,2
J1725,I1459,3989.0,3991.0,brown,1
J1725,I2259,6878.0,6883.0,brown,2
J1725,I2452,7576.0,7577.0,green,1
J1725,I3864,11628.0,11629.0,green,1
J426,I740,1695.0,1703.0,brown,3
J426,I741,1703.0,1708.0,green,2
J426,I773,1800.0,1801.0,green,1
J777,I963,2357.0,2358.0,brown,1
J777,I1452,3966.0,3969.0,brown,3
J777,I1548,4304.0,4314.0,brown,1
J777,I2215,6707.0,6709.0,green,1
J1874,I3315,10290.0,10294.0,brown,1
J1874,I3731,11351.0,11353.0,brown,1
J359,I319,621.0,622.0,green,1
J359,I351,688.0,690.0,brown,1
J359,I415,850.0,851.0,green,1
J359,I959,2348.0,2350.0,brown,1
J359,I1663,4723.0,4725.0,green,1
J359,I2271,6910.0,6919.0,green,1
J440,I824,1934.0,1936.0,green,1
J440,I888,2125.0,2126.0,red,1
J440,I1208,3164.0,3166.0,green,1
J440,I2264,6889.0,6895.0,brown,3
J1837,I3961,11841.0,11844.0,green,1
J1837,I3983,11883.0,11887.0,green,1
J1837,I3999,11918.0,11919.0,green,1
J1837,I4017,11945.0,11946.0,green,1
J1837,I4019,11948.0,11950.0,green,1
J1033,I1086,2752.0,2761.0,green,1
J1033,I1374,3702.0,3707.0,brown,2
J932,I1590,4458.0,4463.0,brown,3
J932,I1622,4570.0,4573.0,brown,1
J932,I1654,4669.0,4681.0,green,2
J333,I470,981.0,992.0,green,3
J984,I920,2227.0,2232.0,green,1
J984,I1401,3791.0,3795.0,green,1
J984,I2713,8376.0,8377.0,green,1
J984,I2969,9215.0,9217.0,green,1
J984,I3257,10129.0,10130.0,green,1
J984,I3529,10841.0,10843.0,green,1
J860,I251,476.0,479.0,green,2
J860,I571,1264.0,1267.0,brown,1
J860,I1611,4532.0,4535.0,brown,1
J851,I775,1802.0,1810.0,green,1
J851,I807,1880.0,1884.0,green,1
J851,I839,1991.0,1996.0,brown,1
J851,I1784,5166.0,5184.0,green,1
J888,I1757,5039.0,5041.0,green,2
J888,I1789,5204.0,5211.0,green,1
J888,I2109,6317.0,6324.0,green,3
J1750,I3368,10442.0,10448.0,green,1
J1327,I788,1848.0,1849.0,green,1
J1327,I1076,2723.0,2727.0,brown,1
J1327,I3205,9960.0,9967.0,green,4
J1988,I3208,9969.0,9976.0,green,2
J1988,I3721,11323.0,11327.0,green,2
J1810,I2470,7623.0,7627.0,brown,1
J1810,I2502,7736.0,7738.0,brown,1
J1810,I2534,7829.0,7838.0,brown,1
J1810,I3526,10829.0,10836.0,green,3
J242,I275,524.0,527.0,green,1
J242,I1956,5783.0,5789.0,green,1
J1742,I2705,8340.0,8342.0,green,1
J1742,I3201,9943.0,9945.0,green,2
J1742,I3313,10288.0,10289.0,brown,1
J1742,I3473,10707.0,10710.0,green,1
J103,I288,552.0,553.0,green,1
J103,I320,622.0,623.0,green,1
J103,I994,2440.0,2443.0,green,1
J103,I1005,2464.0,2468.0,brown,2
J1574,I2410,7427.0,7428.0,green,1
J1574,I2602,8070.0,8071.0,green,1
J1574,I2699,8318.0,8330.0,brown,4
J1647,I2960,9181.0,9191.0,green,4
J1647,I3663,11177.0,11183.0,green,1
J1857,I3166,9828.0,9829.0,green,1
J1857,I3294,10238.0,10248.0,green,2
J1857,I3534,10862.0,10870.0,green,1
J1857,I3886,11670.0,11674.0,brown,2
J1349,I869,2084.0,2085.0,brown,1
J1349,I3174,9852.0,9853.0,green,1
J1349,I3302,10268.0,10269.0,green,1
J1349,I3366,10437.0,10439.0,green,1
J1349,I3590,11006.0,11012.0,green,1
J1610,I936,2279.0,2283.0,green,2
J1610,I1768,5105.0,5118.0,brown,2
J1610,I1888,5523.0,5529.0,brown,1
J1610,I3081,9543.0,9552.0,green,1
J1507,I1602,4497.0,4501.0,brown,2
J1507,I3187,9885.0,9891.0,green,2
J1391,I501,1068.0,1069.0,green,1
J1391,I1654,4669.0,4681.0,green,3
J995,I294,563.0,571.0,green,3
J179,I762,1764.0,1767.0,green,1
J179,I826,1939.0,1948.0,green,1
J179,I858,2056.0,2058.0,green,2
J179,I1458,3982.0,3989.0,brown,2
J1487,I787,1845.0,1848.0,green,1
J1487,I2259,6878.0,6883.0,brown,1
J1487,I2835,8775.0,8780.0,brown,2
J1235,I778,1823.0,1825.0,green,1
J1235,I1514,4175.0,4183.0,green,3
J904,I997,2445.0,2450.0,green,2
J904,I1125,2873.0,2880.0,green,4
J1177,I1709,4865.0,4869.0,green,1
J1177,I1710,4869.0,4876.0,green,1
J1177,I1741,4952.0,4957.0,brown,1
J1177,I2478,7648.0,7653.0,green,2
J221,I96,164.0,169.0,brown,1
J221,I161,294.0,297.0,green,1
J221,I449,920.0,926.0,green,3
J886,I1644,4630.0,4631.0,red,1
J1190,I2172,6561.0,6563.0,green,2
J1190,I2204,6646.0,6649.0,green,3
J1190,I2300,7014.0,7016.0,green,1
J80,I150,276.0,277.0,green,1
J80,I215,398.0,403.0,red,2
J80,I438,897.0,899.0,brown,2
J80,I1206,3150.0,3163.0,green,1
J1268,I1945,5742.0,5743.0,brown,1
J1268,I2137,6446.0,6447.0,brown,1
J1268,I2169,6554.0,6559.0,green,1
J1840,I2550,7897.0,7906.0,green,2
J1840,I3638,11122.0,11126.0,green,2
J730,I934,2268.0,2272.0,green,1
J730,I966,2360.0,2362.0,brown,1
J730,I1196,3117.0,3121.0,brown,1
J730,I1383,3728.0,3733.0,brown,2
J730,I1703,4840.0,4844.0,brown,1
J1371,I1493,4098.0,4100.0,green,1
J1371,I1589,4453.0,4458.0,red,1
J1371,I2870,8879.0,8882.0,green,1
J1371,I3398,10519.0,10521.0,green,2
J1608,I1854,5409.0,5412.0,green,3
J1608,I2814,8705.0,8715.0,brown,1
J1608,I2974,9230.0,9242.0,green,1
J1608,I3326,10321.0,10325.0,green,1
J1093,I2158,6519.0,6522.0,green,3
J1332,I2295,7001.0,7004.0,green,3
J1332,I2519,7790.0,7794.0,green,1
J1332,I2711,8365.0,8370.0,green,1
J1332,I2903,8989.0,9001.0,green,1
J1024,I1437,3926.0,3927.0,green,1
J1024,I1469,4022.0,4027.0,green,2
J1024,I1501,4124.0,4131.0,green,3
J1263,I991,2430.0,2434.0,red,2
J1263,I3072,9522.0,9523.0,green,1
J1263,I3488,10740.0,10744.0,green,2
J837,I2209,6678.0,6688.0,green,1
J837,I2465,7613.0,7616.0,green,3
J1562,I33,58.0,59.0,green,1
J1562,I3553,10908.0,10916.0,green,2
J1562,I3649,11144.0,11146.0,brown,1
J1562,I3677,11214.0,11218.0,green,1
J1690,I1987,5916.0,5917.0,green,1
J1690,I3492,10748.0,10750.0,green,1
J1690,I3620,11083.0,11088.0,green,2
J1825,I2799,8647.0,8648.0,green,1
J1825,I3055,9483.0,9488.0,green,4
J950,I1683,4771.0,4775.0,brown,2
J950,I1699,4819.0,4822.0,brown,1
J950,I1764,5076.0,5092.0,green,1
J950,I1859,5425.0,5428.0,green,1
J1072,I2380,7319.0,7321.0,green,1
J1072,I2796,8632.0,8642.0,green,4
J1619,I2417,7448.0,7451.0,brown,1
J1619,I2673,8253.0,8254.0,brown,1
J1619,I3122,9679.0,9681.0,green,2
J1619,I3154,9775.0,9781.0,green,2
J924,I1883,5510.0,5515.0,green,4
J924,I2043,6079.0,6081.0,green,1
J924,I2267,6899.0,6900.0,brown,1
J1241,I2441,7525.0,7535.0,green,3
J1241,I3001,9323.0,9325.0,green,1
J1241,I3593,11014.0,11015.0,green,1
J1241,I3673,11207.0,11208.0,green,1
J1813,I3643,11134.0,11136.0,green,1
J1023,I1352,3650.0,3652.0,green,2
J1023,I1384,3733.0,3735.0,brown,1
J1023,I1833,5350.0,5352.0,brown,1
J1023,I2351,7180.0,7184.0,green,2
J1602,I2376,7291.0,7298.0,green,1
J1602,I3064,9501.0,9509.0,green,1
J1602,I3335,10348.0,10350.0,brown,2
J808,I1827,5332.0,5342.0,green,1
J808,I1924,5650.0,5654.0,green,2
J808,I2499,7730.0,7732.0,brown,2
J808,I2531,7825.0,7827.0,brown,1
J1538,I2326,7109.0,7120.0,brown,2
J1538,I3530,10843.0,10844.0,green,1
J1219,I402,823.0,824.0,green,1
J1219,I659,1487.0,1488.0,green,1
J1219,I691,1576.0,1578.0,brown,2
J1219,I2155,6509.0,6511.0,brown,2
J442,I263,504.0,506.0,red,2
J442,I359,711.0,712.0,brown,1
J442,I647,1444.0,1448.0,green,1
J442,I1927,5673.0,5682.0,green,1
J442,I2568,7964.0,7968.0,green,1
J1392,I1960,5802.0,5806.0,green,2
J1392,I3369,10448.0,10450.0,green,1
J986,I1788,5199.0,5204.0,green,2
J986,I1819,5305.0,5309.0,red,1
J986,I2876,8896.0,8898.0,green,2
J986,I3932,11782.0,11783.0,brown,1
J331,I367,730.0,737.0,green,3
J331,I2000,5953.0,5957.0,green,1
J331,I2208,6663.0,6678.0,green,2
J465,I1562,4367.0,4370.0,green,3
J465,I2875,8894.0,8896.0,green,1
J465,I3323,10311.0,10315.0,green,1
J465,I3355,10406.0,10413.0,green,1
J257,I15,26.0,27.0,green,1
J257,I303,584.0,585.0,green,1
J257,I1007,2469.0,2470.0,brown,1
J257,I3375,10461.0,10463.0,brown,2
J257,I3783,11466.0,11467.0,brown,1
J44,I146,264.0,269.0,green,1
J44,I167,304.0,310.0,green,5
J1684,I1384,3733.0,3735.0,brown,1
J1684,I1513,4160.0,4175.0,green,1
J1684,I2249,6837.0,6844.0,green,2
J1684,I2600,8062.0,8068.0,green,2
J172,I1038,2559.0,2575.0,brown,1
J172,I1646,4636.0,4640.0,green,1
J172,I1710,4869.0,4876.0,green,1
J172,I1742,4957.0,4964.0,brown,1
J172,I1982,5893.0,5908.0,green,2
J1860,I2096,6264.0,6267.0,brown,2
J1860,I2192,6611.0,6612.0,red,1
J1860,I2353,7189.0,7197.0,green,2
J1860,I2624,8130.0,8134.0,brown,1
J705,I2926,9063.0,9064.0,brown,1
J705,I3131,9705.0,9714.0,green,1
J705,I3278,10179.0,10181.0,brown,1
J165,I218,406.0,410.0,brown,1
J165,I250,475.0,476.0,green,1
J165,I379,763.0,764.0,green,1
J165,I763,1767.0,1777.0,green,1
J165,I1691,4800.0,4801.0,brown,1
J165,I1723,4915.0,4918.0,brown,1
J1085,I2133,6413.0,6422.0,green,5
J1085,I2373,7287.0,7288.0,green,1
J269,I648,1448.0,1458.0,green,2
J269,I1257,3336.0,3347.0,green,1
J269,I1545,4285.0,4299.0,brown,3
J961,I630,1397.0,1404.0,brown,1
J961,I822,1931.0,1932.0,brown,1
J961,I1462,3997.0,4004.0,green,1
J961,I1622,4570.0,4573.0,brown,1
J961,I1655,4681.0,4688.0,green,2
J1220,I2066,6151.0,6154.0,brown,1
J1220,I2435,7502.0,7504.0,green,1
J1184,I64,111.0,113.0,green,1
J1184,I96,164.0,169.0,brown,1
J1184,I1632,4595.0,4605.0,brown,1
J1184,I3293,10232.0,10238.0,green,3
J926,I1060,2636.0,2642.0,green,1
J926,I1188,3095.0,3098.0,green,1
J926,I2023,6005.0,6007.0,green,1
J869,I3190,9894.0,9901.0,green,3
J869,I3254,10114.0,10124.0,green,2
J1861,I1706,4848.0,4857.0,brown,3
J1861,I3291,10219.0,10229.0,green,2
J1861,I3403,10537.0,10539.0,green,1
J135,I104,178.0,181.0,green,1
J135,I135,245.0,246.0,green,1
J135,I167,304.0,310.0,green,1
J135,I200,369.0,376.0,brown,1
J1266,I1827,5332.0,5342.0,green,1
J1266,I3204,9955.0,9960.0,green,2
J404,I174,325.0,327.0,green,1
J404,I1135,2909.0,2913.0,green,1
J404,I1195,3112.0,3117.0,brown,2
J931,I1420,3845.0,3848.0,green,3
J931,I1516,4190.0,4193.0,green,1
J931,I1775,5133.0,5142.0,green,1
J931,I1821,5316.0,5319.0,green,1
J1514,I2936,9095.0,9098.0,brown,1
J1514,I3032,9427.0,9430.0,brown,1
J1514,I3193,9911.0,9914.0,green,1
J1514,I3288,10210.0,10214.0,brown,1
J1514,I3336,10350.0,10352.0,brown,1
J725,I1378,3717.0,3720.0,green,1
J725,I1379,3720.0,3722.0,green,2
J725,I1443,3949.0,3950.0,green,1
J725,I1475,4046.0,4047.0,green,1
J1179,I185,343.0,344.0,green,1
J1179,I217,404.0,406.0,brown,1
J1179,I281,538.0,542.0,green,1
J1179,I313,600.0,605.0,green,2
J1179,I2169,6554.0,6559.0,green,1
J955,I1816,5300.0,5301.0,brown,1
J955,I2377,7298.0,7306.0,green,3
J955,I2409,7422.0,7427.0,green,1
J1974,I2915,9027.0,9033.0,brown,2
J1974,I3907,11726.0,11728.0,green,1
J1974,I4003,11926.0,11929.0,green,1
J1262,I401,819.0,823.0,green,1
J1262,I2946,9139.0,9147.0,green,2
J1262,I3202,9945.0,9954.0,green,1
J1573,I1792,5225.0,5228.0,green,1
J1573,I2433,7492.0,7496.0,green,1
J1573,I2689,8282.0,8289.0,green,1
J1573,I2837,8784.0,8795.0,brown,1
J1847,I1274,3408.0,3415.0,brown,1
J1847,I3099,9606.0,9608.0,green,2
J1807,I2900,8976.0,8981.0,green,3
J1807,I3924,11764.0,11766.0,green,1
J1513,I2434,7496.0,7502.0,green,4
J1513,I2741,8458.0,8462.0,brown,1
J47,I404,825.0,826.0,green,1
J47,I565,1245.0,1252.0,green,1
J47,I724,1658.0,1661.0,brown,1
J47,I1125,2873.0,2880.0,green,1
J1142,I1799,5244.0,5249.0,brown,1
J1142,I1863,5439.0,5441.0,red,1
J1142,I1864,5441.0,5442.0,green,1
J1142,I1992,5926.0,5931.0,green,2
J1142,I2216,6709.0,6711.0,green,1
J464,I727,1665.0,1666.0,brown,1
J464,I1431,3888.0,3891.0,green,1
J464,I2039,6063.0,6071.0,brown,1
J1868,I2730,8436.0,8438.0,brown,2
J1868,I3018,9384.0,9395.0,green,1
J1868,I3563,10939.0,10941.0,green,1
J1868,I3723,11333.0,11334.0,green,1
J1868,I3755,11407.0,11410.0,green,1
J606,I1559,4357.0,4364.0,green,1
J606,I1784,5166.0,5184.0,green,2
J606,I1975,5858.0,5861.0,brown,2
J606,I2872,8887.0,8891.0,green,1
J1328,I1488,4085.0,4092.0,green,1
J1328,I1712,4880.0,4886.0,green,4
J1328,I2225,6749.0,6754.0,green,1
J868,I1168,3037.0,3040.0,green,1
J868,I2769,8555.0,8557.0,green,2
J868,I2913,9021.0,9026.0,green,2
J1133,I1993,5931.0,5937.0,green,4
J1133,I2312,7051.0,7052.0,red,1
J1133,I2472,7629.0,7634.0,brown,1
J401,I877,2099.0,2106.0,brown,2
J401,I924,2240.0,2242.0,green,2
J401,I942,2299.0,2300.0,brown,1
J401,I966,2360.0,2362.0,brown,1
J1806,I2707,8349.0,8359.0,green,4
J1806,I3154,9775.0,9781.0,green,1
J1806,I3202,9945.0,9954.0,green,1
J1570,I2369,7278.0,7281.0,green,2
J1119,I2504,7740.0,7741.0,brown,1
J1119,I2624,8130.0,8134.0,brown,1
J1192,I938,2285.0,2289.0,brown,1
J1192,I1002,2457.0,2459.0,green,1
J1192,I1034,2551.0,2552.0,brown,1
J1192,I1162,3007.0,3008.0,green,1
J1192,I1258,3347.0,3350.0,green,1
J1192,I1706,4848.0,4857.0,brown,1
J1862,I2493,7709.0,7712.0,red,1
J1862,I3534,10862.0,10870.0,green,1
J1862,I3838,11571.0,11576.0,green,4
J644,I845,2013.0,2018.0,brown,4
J644,I973,2379.0,2381.0,brown,1
J644,I3086,9559.0,9563.0,green,1
J802,I818,1908.0,1910.0,red,1
J802,I946,2305.0,2311.0,green,3
J802,I1395,3759.0,3766.0,green,1
J802,I1843,5373.0,5375.0,brown,1
J762,I1549,4314.0,4318.0,brown,1
J762,I1613,4540.0,4550.0,brown,1
J762,I1646,4636.0,4640.0,green,2
J762,I1709,4865.0,4869.0,green,2
J1894,I2222,6732.0,6741.0,green,1
J1894,I3558,10927.0,10932.0,green,2
J1653,I483,1023.0,1026.0,green,1
J1653,I611,1352.0,1358.0,green,1
J1653,I1347,3631.0,3636.0,brown,3
J1653,I3652,11148.0,11149.0,green,1
J1566,I2085,6217.0,6223.0,brown,1
J1566,I3590,11006.0,11012.0,green,3
J313,I455,935.0,943.0,green,2
J764,I1458,3982.0,3989.0,brown,3
J764,I2746,8468.0,8477.0,green,1
J1632,I1633,4605.0,4608.0,brown,1
J1632,I1793,5228.0,5230.0,brown,1
J1632,I1953,5768.0,5776.0,green,2
J1632,I1985,5914.0,5915.0,green,1
J1632,I3806,11514.0,11518.0,green,1
J1590,I2326,7109.0,7120.0,brown,2
J1590,I3171,9842.0,9847.0,green,1
J1590,I3683,11233.0,11240.0,green,2
J1198,I1648,4643.0,4649.0,green,2
J1198,I1808,5271.0,5274.0,brown,2
J1280,I2133,6413.0,6422.0,green,1
J1280,I2836,8780.0,8784.0,brown,1
J1280,I2884,8917.0,8925.0,brown,1
J876,I770,1790.0,1796.0,green,2
J876,I836,1978.0,1983.0,green,1
J876,I1132,2898.0,2902.0,brown,1
J876,I1572,4390.0,4393.0,green,1
J876,I2087,6226.0,6233.0,green,1
J1258,I2474,7636.0,7644.0,brown,1
J1258,I3659,11170.0,11174.0,green,4
J1204,I2136,6429.0,6446.0,brown,1
J1204,I2441,7525.0,7535.0,green,4
J1943,I2963,9200.0,9203.0,green,1
J1943,I3091,9586.0,9589.0,green,2
J1943,I3795,11488.0,11489.0,green,1
J1943,I3875,11649.0,11650.0,brown,1
J1943,I3895,11695.0,11700.0,brown,1
J1425,I1486,4082.0,4084.0,red,1
J1425,I1582,4440.0,4441.0,brown,1
J1425,I1710,4869.0,4876.0,green,2
J1425,I1742,4957.0,4964.0,brown,1
J415,I381,765.0,769.0,brown,1
J415,I926,2244.0,2246.0,brown,1
J415,I1702,4831.0,4840.0,brown,1
J1017,I1019,2500.0,2501.0,green,1
J1017,I1275,3415.0,3420.0,green,2
J1017,I1723,4915.0,4918.0,brown,2
J1017,I1851,5401.0,5402.0,green,1
J275,I22,39.0,41.0,green,2
J275,I38,63.0,67.0,green,1
J275,I54,89.0,90.0,green,1
J1020,I1891,5535.0,5537.0,brown,1
J1020,I2563,7948.0,7950.0,brown,1
J1020,I3204,9955.0,9960.0,green,2
J1020,I3724,11334.0,11339.0,green,2
J1226,I240,458.0,460.0,green,2
J1226,I272,519.0,520.0,brown,1
J1226,I336,657.0,659.0,green,1
J1226,I432,882.0,884.0,green,1
J1226,I1136,2913.0,2918.0,green,1
J935,I890,2130.0,2135.0,green,1
J935,I1017,2497.0,2498.0,green,1
J935,I1145,2946.0,2948.0,brown,2
J935,I2026,6010.0,6025.0,green,2
J1695,I2714,8377.0,8380.0,green,3
J1695,I3546,10890.0,10896.0,brown,2
J59,I30,52.0,53.0,green,1
J59,I62,107.0,109.0,green,2
J59,I2639,8175.0,8176.0,brown,1
J59,I2655,8204.0,8206.0,brown,1
J1109,I1979,5869.0,5882.0,green,4
J1109,I2299,7007.0,7014.0,brown,2
J599,I289,553.0,556.0,green,2
J599,I482,1019.0,1023.0,green,1
J599,I545,1187.0,1190.0,red,1
J599,I962,2354.0,2357.0,brown,1
J599,I1314,3541.0,3545.0,green,1
J927,I1393,3752.0,3755.0,brown,1
J927,I1617,4557.0,4560.0,green,1
J927,I1649,4649.0,4651.0,green,1
J927,I1873,5474.0,5482.0,green,1
J35,I1922,5640.0,5648.0,brown,3
J35,I2167,6548.0,6552.0,green,1
J466,I1654,4669.0,4681.0,green,1
J466,I1953,5768.0,5776.0,green,4
J466,I2257,6873.0,6877.0,brown,1
J1412,I1264,3373.0,3377.0,brown,1
J1412,I1360,3669.0,3670.0,green,1
J1412,I1632,4595.0,4605.0,brown,1
J1779,I3439,10623.0,10625.0,brown,1
J1779,I3631,11107.0,11110.0,green,1
J1779,I3759,11415.0,11416.0,green,1
J1779,I3984,11887.0,11889.0,green,2
J1779,I3991,11902.0,11903.0,green,1
J583,I1490,4093.0,4095.0,green,1
J583,I2626,8139.0,8143.0,brown,1
J583,I2674,8254.0,8255.0,brown,1
J583,I3010,9353.0,9358.0,green,1
J583,I3154,9775.0,9781.0,green,2
J197,I317,614.0,615.0,green,1
J197,I412,840.0,846.0,green,1
J197,I636,1415.0,1417.0,brown,2
J197,I780,1828.0,1832.0,green,1
J1427,I384,774.0,779.0,green,2
J1427,I960,2350.0,2353.0,brown,2
J1427,I1184,3091.0,3092.0,green,1
J1427,I3713,11309.0,11310.0,brown,1
J1276,I2238,6789.0,6791.0,brown,1
J1276,I2494,7712.0,7714.0,brown,2
J1276,I2558,7934.0,7938.0,brown,1
J1757,I2588,8030.0,8033.0,green,3
J1757,I2652,8200.0,8201.0,green,1
J1757,I2812,8695.0,8699.0,brown,1
J1757,I3004,9330.0,9331.0,green,1
J1116,I2114,6337.0,6338.0,green,1
J1116,I2242,6813.0,6815.0,brown,2
J965,I2438,7508.0,7513.0,green,1
J965,I2950,9156.0,9157.0,green,1
J156,I18,30.0,32.0,green,1
J156,I113,198.0,201.0,green,1
J156,I145,262.0,264.0,brown,1
J156,I2578,7999.0,8000.0,green,1
J156,I3074,9525.0,9534.0,green,1
J57,I130,237.0,238.0,green,1
J57,I227,428.0,430.0,red,2
J57,I259,493.0,495.0,red,1
J57,I1858,5424.0,5425.0,green,1
J57,I2487,7690.0,7698.0,brown,1
J856,I1276,3420.0,3428.0,green,2
J856,I1820,5309.0,5316.0,green,1
J856,I1948,5748.0,5758.0,brown,1
J1829,I2746,8468.0,8477.0,green,1
J1829,I3722,11327.0,11333.0,green,2
J1829,I3962,11844.0,11845.0,green,1
J1881,I3168,9832.0,9834.0,green,2
J1881,I3680,11221.0,11225.0,green,3
J1881,I3808,11519.0,11523.0,green,1
J1405,I1839,5363.0,5365.0,green,1
J1405,I1871,5458.0,5466.0,green,3
J1623,I3117,9661.0,9663.0,green,1
J1623,I3165,9826.0,9828.0,green,1
J1623,I3469,10701.0,10703.0,green,1
J758,I1689,4792.0,4798.0,brown,2
J758,I1758,5041.0,5055.0,green,2
J1434,I641,1429.0,1438.0,brown,5
J1434,I2274,6921.0,6927.0,green,1
J1989,I3836,11567.0,11570.0,green,2
J1989,I3901,11708.0,11713.0,green,1
J1989,I3965,11850.0,11852.0,green,1
J785,I671,1517.0,1522.0,brown,4
J785,I1631,4588.0,4595.0,brown,1
J1795,I3631,11107.0,11110.0,green,2
J1795,I3664,11183.0,11188.0,green,2
J1795,I3952,11827.0,11829.0,green,1
J1795,I4016,11944.0,11945.0,green,1
J7,I23,41.0,45.0,green,1
J7,I27,48.0,50.0,green,2
J7,I36,61.0,62.0,green,1
J7,I43,72.0,75.0,green,2
J838,I1613,4540.0,4550.0,brown,4
J838,I3326,10321.0,10325.0,green,2
J158,I2574,7978.0,7981.0,brown,1
J158,I2638,8172.0,8175.0,brown,1
J1322,I2946,9139.0,9147.0,green,2
J1152,I2087,6226.0,6233.0,green,3
J1775,I1925,5654.0,5667.0,green,6
J1927,I3031,9426.0,9427.0,brown,1
J1927,I3528,10840.0,10841.0,green,1
J1927,I3560,10933.0,10935.0,green,2
J1927,I3592,11013.0,11014.0,green,1
J674,I663,1493.0,1494.0,green,1
J674,I760,1750.0,1762.0,green,2
J674,I1047,2602.0,2605.0,green,2
J674,I1271,3389.0,3398.0,green,1
J224,I552,1211.0,1212.0,brown,1
J224,I648,1448.0,1458.0,green,1
J224,I2424,7464.0,7465.0,brown,1
J224,I2717,8385.0,8391.0,green,1
J133,I311,597.0,599.0,green,1
J133,I375,753.0,754.0,green,1
J133,I407,830.0,833.0,green,1
J133,I1207,3163.0,3164.0,green,1
J133,I2029,6030.0,6033.0,brown,1
J1900,I87,151.0,153.0,brown,1
J1900,I1784,5166.0,5184.0,green,2
J1900,I2007,5970.0,5973.0,brown,2
J1900,I3761,11420.0,11422.0,brown,1
J811,I890,2130.0,2135.0,green,1
J811,I1434,3906.0,3916.0,green,1
J811,I1722,4909.0,4915.0,green,3
J699,I1062,2646.0,2654.0,green,2
J699,I1254,3312.0,3320.0,red,1
J699,I1702,4831.0,4840.0,brown,3
J550,I2803,8658.0,8669.0,green,2
J550,I2899,8971.0,8976.0,green,1
J1121,I369,739.0,742.0,green,1
J1121,I658,1482.0,1487.0,green,1
J1121,I722,1655.0,1657.0,brown,1
J1121,I2482,7670.0,7675.0,green,3
J954,I2208,6663.0,6678.0,green,1
J954,I2239,6791.0,6798.0,brown,1
J954,I2480,7661.0,7664.0,green,1
J954,I2800,8648.0,8652.0,green,1
J882,I631,1404.0,1406.0,brown,2
J882,I1239,3250.0,3255.0,green,3
J882,I1815,5296.0,5300.0,green,1
J291,I334,652.0,654.0,brown,2
J291,I463,965.0,967.0,green,1
J291,I1903,5577.0,5584.0,brown,1
J291,I2543,7857.0,7860.0,green,2
J1428,I3805,11512.0,11514.0,green,2
J1428,I3885,11669.0,11670.0,green,1
J1457,I2577,7995.0,7999.0,green,2
J1457,I2881,8911.0,8913.0,green,1
J1457,I2932,9071.0,9076.0,brown,2
J477,I674,1530.0,1535.0,green,3
J477,I770,1790.0,1796.0,green,1
J108,I85,147.0,148.0,brown,1
J108,I109,187.0,193.0,green,1
J108,I214,397.0,398.0,green,1
J108,I278,529.0,531.0,green,2
J108,I342,668.0,669.0,green,1
J469,I1252,3304.0,3311.0,green,2
J469,I1396,3766.0,3773.0,green,2
J469,I1572,4390.0,4393.0,green,1
J578,I975,2383.0,2391.0,red,1
J578,I3540,10878.0,10880.0,brown,1
J956,I1846,5379.0,5382.0,green,1
J956,I1910,5598.0,5599.0,brown,1
J956,I1942,5737.0,5738.0,brown,1
J956,I2134,6422.0,6426.0,green,2
J580,I289,553.0,556.0,green,1
J580,I353,693.0,696.0,brown,1
J580,I673,1528.0,1530.0,brown,1
J580,I961,2353.0,2354.0,brown,1
J580,I1857,5423.0,5424.0,green,1
J580,I1954,5776.0,5782.0,green,1
J403,I882,2114.0,2117.0,green,1
J403,I1395,3759.0,3766.0,green,2
J403,I1979,5869.0,5882.0,green,1
J403,I2326,7109.0,7120.0,brown,1
J1209,I373,748.0,749.0,green,1
J1209,I405,826.0,828.0,green,1
J1209,I821,1916.0,1931.0,brown,1
J1209,I2230,6759.0,6761.0,green,2
J584,I898,2161.0,2162.0,brown,1
J584,I1378,3717.0,3720.0,green,2
J584,I1442,3941.0,3949.0,green,1
J584,I2390,7357.0,7360.0,brown,1
J1621,I2865,8857.0,8864.0,brown,1
J1621,I3521,10815.0,10817.0,brown,2
J1621,I3649,11144.0,11146.0,brown,1
J1621,I3721,11323.0,11327.0,green,1
J1621,I3761,11420.0,11422.0,brown,1
J1310,I2244,6816.0,6831.0,brown,2
J1310,I3130,9700.0,9705.0,green,2
J1310,I3173,9848.0,9852.0,green,2
J796,I808,1884.0,1887.0,green,1
J796,I1000,2452.0,2454.0,green,2
J774,I1650,4651.0,4658.0,green,1
J774,I1698,4818.0,4819.0,brown,1
J774,I1762,5067.0,5069.0,green,2
J774,I1922,5640.0,5648.0,brown,1
J1673,I2129,6401.0,6406.0,green,3
J1673,I2836,8780.0,8784.0,brown,2
J1673,I3025,9407.0,9409.0,green,1
J1973,I3370,10450.0,10452.0,brown,1
J1973,I3467,10698.0,10699.0,green,1
J1973,I3691,11255.0,11258.0,green,3
J1973,I3883,11661.0,11668.0,green,1
J1143,I1721,4908.0,4909.0,green,1
J1143,I1850,5391.0,5401.0,green,4
J1143,I1978,5865.0,5869.0,green,1
J495,I719,1645.0,1650.0,green,2
J495,I1648,4643.0,4649.0,green,2
J495,I1784,5166.0,5184.0,green,2
J1432,I938,2285.0,2289.0,brown,3
J142,I784,1840.0,1841.0,brown,1
J142,I2705,8340.0,8342.0,green,1
J142,I2932,9071.0,9076.0,brown,1
J142,I3135,9729.0,9733.0,green,3
J1715,I1981,5888.0,5893.0,green,1
J1715,I2077,6188.0,6190.0,green,2
J1715,I2109,6317.0,6324.0,green,2
J787,I891,2135.0,2138.0,green,3
J787,I923,2237.0,2240.0,green,1
J787,I1243,3261.0,3267.0,green,1
J787,I1279,3435.0,3445.0,brown,1
J386,I294,563.0,571.0,green,2
J386,I325,632.0,636.0,green,2
J386,I1039,2575.0,2582.0,brown,2
J1132,I1091,2775.0,2776.0,red,1
J1132,I1155,2974.0,2982.0,brown,1
J1132,I1476,4047.0,4053.0,green,2
J1132,I1827,5332.0,5342.0,green,1
J1132,I1944,5739.0,5742.0,green,1
J529,I839,1991.0,1996.0,brown,4
J529,I1351,3640.0,3650.0,green,1
J750,I887,2123.0,2125.0,brown,2
J750,I919,2226.0,2227.0,brown,1
J750,I951,2324.0,2325.0,green,1
J750,I3043,9456.0,9461.0,brown,1
J750,I3196,9918.0,9932.0,green,1
J1397,I2503,7738.0,7740.0,brown,2
J1397,I2584,8017.0,8021.0,green,4
J1131,I2241,6808.0,6813.0,brown,1
J1131,I2304,7034.0,7035.0,red,1
J1131,I2528,7820.0,7823.0,red,2
J1131,I3353,10393.0,10398.0,green,1
J1131,I3361,10422.0,10426.0,brown,1
J1904,I3614,11066.0,11069.0,green,3
J1904,I3646,11139.0,11140.0,green,1
J1805,I2354,7197.0,7209.0,green,1
J1805,I3074,9525.0,9534.0,green,1
J1805,I3187,9885.0,9891.0,green,2
J1805,I3563,10939.0,10941.0,green,1
J1356,I1282,3454.0,3455.0,red,1
J1356,I1410,3815.0,3823.0,red,1
J1356,I3155,9781.0,9785.0,green,1
J1208,I2134,6422.0,6426.0,green,2
J1208,I2582,8013.0,8016.0,green,1
J1208,I2750,8484.0,8492.0,green,1
J1346,I1922,5640.0,5648.0,brown,3
J1346,I2498,7722.0,7730.0,brown,1
J1346,I3842,11580.0,11586.0,green,1
J1346,I3878,11652.0,11654.0,brown,1
J890,I498,1063.0,1064.0,green,1
J890,I658,1482.0,1487.0,green,1
J890,I1139,2926.0,2931.0,green,1
J890,I1267,3383.0,3385.0,green,1
J890,I1395,3759.0,3766.0,green,2
J717,I777,1811.0,1823.0,green,3
J717,I873,2090.0,2093.0,brown,2
J717,I2336,7144.0,7146.0,green,1
J1930,I2379,7309.0,7319.0,green,1
J1930,I2603,8071.0,8081.0,green,2
J1930,I2862,8850.0,8854.0,brown,2
J1242,I1224,3207.0,3210.0,green,1
J1242,I3208,9969.0,9976.0,green,1
J1242,I3817,11535.0,11536.0,green,1
J1242,I3971,11864.0,11867.0,green,3
J1037,I1548,4304.0,4314.0,brown,2
J1037,I2597,8054.0,8057.0,green,2
J1037,I2877,8898.0,8900.0,green,2
J1913,I2249,6837.0,6844.0,green,1
J1913,I3177,9855.0,9865.0,green,3
J1586,I1501,4124.0,4131.0,green,2
J1586,I1694,4806.0,4809.0,brown,2
J1586,I2398,7385.0,7388.0,green,2
J1911,I1499,4112.0,4121.0,green,1
J1911,I3612,11054.0,11057.0,green,2
J1911,I3803,11510.0,11511.0,green,1
J1911,I3804,11511.0,11512.0,green,1
J1911,I3836,11567.0,11570.0,green,1
J1075,I745,1713.0,1714.0,green,1
J1075,I809,1887.0,1891.0,brown,2
J1075,I1418,3838.0,3843.0,green,1
J1075,I1545,4285.0,4299.0,brown,1
J1075,I3202,9945.0,9954.0,green,1
J373,I2095,6262.0,6264.0,brown,1
J373,I3248,10088.0,10099.0,green,4
J373,I3300,10259.0,10267.0,green,1
J1577,I1782,5159.0,5162.0,green,2
J1577,I2294,6998.0,7001.0,green,1
J1577,I2358,7225.0,7227.0,green,2
J1577,I2998,9317.0,9318.0,green,1
J1557,I2303,7025.0,7034.0,green,1
J1557,I2526,7812.0,7815.0,brown,3
J1557,I2654,8203.0,8204.0,brown,1
J1557,I3582,10986.0,10988.0,green,1
J1578,I1558,4347.0,4357.0,green,2
J330,I844,2011.0,2013.0,brown,1
J330,I2157,6513.0,6519.0,green,2
J89,I1848,5384.0,5388.0,green,1
J1361,I551,1209.0,1211.0,brown,2
J1361,I647,1444.0,1448.0,green,1
J1361,I903,2179.0,2184.0,green,1
J1361,I2552,7907.0,7917.0,green,2
J825,I460,950.0,955.0,green,1
J825,I1755,5015.0,5038.0,green,4
J825,I1815,5296.0,5300.0,green,1
J800,I1268,3385.0,3387.0,brown,2
J800,I1332,3583.0,3587.0,green,1
J800,I1396,3766.0,3773.0,green,1
J800,I2133,6413.0,6422.0,green,1
J800,I3093,9591.0,9596.0,green,1
J1112,I672,1522.0,1528.0,brown,1
J1112,I705,1618.0,1619.0,green,1
J1112,I1153,2964.0,2969.0,green,4
J844,I1086,2752.0,2761.0,green,2
J844,I1118,2847.0,2854.0,green,1
J844,I1247,3280.0,3290.0,green,1
J844,I2047,6091.0,6092.0,green,1
J220,I425,870.0,872.0,green,1
J220,I1131,2893.0,2898.0,brown,1
J220,I1498,4107.0,4112.0,green,3
J220,I1515,4183.0,4190.0,green,1
J227,I252,479.0,483.0,green,2
J227,I1276,3420.0,3428.0,green,1
J1746,I2451,7573.0,7576.0,green,3
J1746,I2771,8560.0,8567.0,green,1
J115,I398,814.0,817.0,brown,3
J1002,I202,377.0,378.0,brown,1
J1002,I298,575.0,577.0,green,1
J1002,I1226,3217.0,3219.0,green,1
J1002,I2862,8850.0,8854.0,brown,1
J1002,I2934,9078.0,9089.0,brown,2
J768,I479,1006.0,1007.0,green,1
J768,I895,2147.0,2159.0,brown,2
J768,I3108,9628.0,9635.0,green,1
J1635,I3065,9509.0,9510.0,green,1
J1635,I3289,10214.0,10218.0,brown,4
J1635,I3337,10352.0,10355.0,brown,1
J1452,I1654,4669.0,4681.0,green,1
J1452,I1719,4899.0,4905.0,green,2
J1452,I3159,9791.0,9816.0,green,3
J1627,I277,528.0,529.0,green,1
J1627,I437,894.0,897.0,brown,2
J1627,I821,1916.0,1931.0,brown,2
J1627,I3501,10767.0,10771.0,green,1
J1048,I1959,5791.0,5802.0,green,1
J1048,I2248,6834.0,6837.0,green,1
J1048,I2376,7291.0,7298.0,green,4
J1283,I1051,2617.0,2621.0,green,1
J1283,I2692,8302.0,8305.0,green,1
J1283,I2700,8330.0,8331.0,brown,1
J1079,I364,717.0,722.0,green,2
J1079,I492,1042.0,1046.0,green,1
J1079,I940,2292.0,2295.0,brown,1
J1079,I972,2371.0,2379.0,brown,1
J690,I583,1295.0,1296.0,green,1
J690,I648,1448.0,1458.0,green,4
J690,I1127,2885.0,2887.0,green,1
J1799,I3161,9819.0,9821.0,green,1
J1799,I3544,10887.0,10888.0,brown,1
J1799,I3576,10971.0,10975.0,brown,3
J1799,I3641,11130.0,11133.0,green,1
J1032,I280,534.0,538.0,green,1
J1032,I3928,11771.0,11776.0,green,3
J1032,I4019,11948.0,11950.0,green,1
J1338,I2057,6122.0,6123.0,brown,1
J1338,I3534,10862.0,10870.0,green,2
J1858,I2918,9037.0,9043.0,brown,2
J1858,I3334,10346.0,10348.0,brown,2
J1858,I3462,10682.0,10684.0,brown,1
J1858,I3494,10751.0,10752.0,brown,1
J1187,I3083,9554.0,9555.0,green,1
J1187,I3291,10219.0,10229.0,green,2
J1187,I3595,11016.0,11017.0,green,1
J433,I279,531.0,534.0,green,3
J433,I311,597.0,599.0,green,1
J433,I2136,6429.0,6446.0,brown,2
J535,I481,1010.0,1019.0,green,1
J535,I544,1182.0,1187.0,green,1
J535,I1376,3710.0,3712.0,brown,1
J1314,I2262,6886.0,6887.0,brown,1
J1314,I2294,6998.0,7001.0,green,2
J1314,I2326,7109.0,7120.0,brown,2
J1314,I2518,7789.0,7790.0,red,1
J1841,I2796,8632.0,8642.0,green,1
J1841,I2892,8946.0,8956.0,brown,4
J1841,I3661,11175.0,11176.0,green,1
J1809,I3076,9535.0,9538.0,green,2
J1809,I3331,10340.0,10343.0,brown,3
J1809,I3647,11140.0,11141.0,green,1
J647,I1375,3707.0,3710.0,brown,1
J647,I1407,3804.0,3807.0,green,1
J647,I1439,3934.0,3937.0,green,1
J647,I1528,4226.0,4242.0,green,2
J1797,I3162,9821.0,9824.0,green,1
J1797,I3337,10352.0,10355.0,brown,1
J1797,I3497,10755.0,10762.0,brown,1
J1797,I3577,10975.0,10976.0,brown,1
J91,I247,470.0,472.0,green,1
J91,I377,755.0,761.0,green,1
J91,I793,1853.0,1858.0,brown,1
J91,I1209,3166.0,3169.0,green,2
J1052,I1409,3809.0,3815.0,brown,2
J1052,I3266,10149.0,10151.0,green,1
J1140,I1358,3665.0,3667.0,green,1
J1140,I1839,5363.0,5365.0,green,1
J1140,I2159,6522.0,6529.0,green,2
J765,I1232,3229.0,3232.0,green,1
J765,I3137,9735.0,9737.0,green,1
J765,I3293,10232.0,10238.0,green,2
J765,I3473,10707.0,10710.0,green,2
J26,I118,209.0,213.0,green,4
J26,I183,338.0,342.0,green,2
J1921,I1038,2559.0,2575.0,brown,4
J1921,I1198,3123.0,3125.0,brown,1
J1921,I3687,11246.0,11247.0,green,1
J781,I1565,4375.0,4376.0,brown,1
J781,I1629,4586.0,4587.0,brown,1
J781,I1678,4758.0,4763.0,red,1
J781,I1693,4803.0,4806.0,brown,1
J1317,I2303,7025.0,7034.0,green,5
J1317,I2351,7180.0,7184.0,green,1
J1905,I2756,8520.0,8524.0,brown,2
J1905,I3589,11001.0,11006.0,green,1
J45,I163,298.0,299.0,green,1
J45,I291,558.0,561.0,green,1
J45,I2244,6816.0,6831.0,brown,1
J45,I2564,7950.0,7956.0,brown,1
J45,I3044,9461.0,9462.0,brown,1
J45,I3320,10307.0,10308.0,green,1
J180,I296,572.0,574.0,green,2
J180,I328,639.0,640.0,brown,1
J180,I1225,3210.0,3217.0,green,1
J180,I2945,9138.0,9139.0,green,1
J648,I321,623.0,625.0,green,1
J648,I2113,6333.0,6337.0,green,1
J648,I2151,6493.0,6500.0,green,3
J569,I834,1972.0,1977.0,green,1
J569,I1122,2858.0,2865.0,green,1
J569,I1154,2969.0,2974.0,green,2
J569,I1794,5230.0,5234.0,brown,1
J118,I58,95.0,96.0,green,1
J118,I1243,3261.0,3267.0,green,1
J81,I187,345.0,346.0,green,1
J81,I763,1767.0,1777.0,green,1
J81,I1244,3267.0,3277.0,green,1
J696,I721,1654.0,1655.0,brown,1
J696,I785,1841.0,1843.0,brown,1
J696,I1138,2920.0,2926.0,green,1
J696,I2026,6010.0,6025.0,green,3
J99,I385,779.0,781.0,green,1
J99,I481,1010.0,1019.0,green,1
J99,I769,1789.0,1790.0,green,1
J595,I1190,3099.0,3102.0,green,2
J595,I1351,3640.0,3650.0,green,4
J283,I377,755.0,761.0,green,2
J283,I632,1406.0,1410.0,brown,3
J283,I2108,6309.0,6317.0,green,1
J746,I1406,3801.0,3804.0,green,1
J746,I1790,5211.0,5223.0,brown,2
J746,I2271,6910.0,6919.0,green,3
J1597,I2852,8831.0,8835.0,brown,3
J1597,I3397,10516.0,10519.0,green,3
J726,I1617,4557.0,4560.0,green,2
J726,I1713,4886.0,4890.0,green,2
J726,I1755,5015.0,5038.0,green,1
J726,I1874,5482.0,5484.0,green,1
J1544,I2144,6465.0,6466.0,green,1
J1544,I2176,6574.0,6576.0,brown,1
J1544,I2656,8206.0,8208.0,brown,1
J1544,I2720,8396.0,8399.0,green,2
J1544,I3024,9405.0,9407.0,green,1
J449,I809,1887.0,1891.0,brown,1
J449,I1769,5118.0,5121.0,brown,1
J449,I3242,10076.0,10078.0,green,1
J449,I3353,10393.0,10398.0,green,1
J449,I3569,10956.0,10959.0,brown,1
J449,I3722,11327.0,11333.0,green,1
J852,I1596,4476.0,4485.0,red,1
J852,I1789,5204.0,5211.0,green,1
J852,I2268,6900.0,6905.0,brown,1
J852,I3165,9826.0,9828.0,green,1
J852,I3276,10171.0,10177.0,green,2
J1159,I546,1190.0,1192.0,red,1
J1159,I802,1870.0,1871.0,red,1
J1159,I2595,8048.0,8053.0,green,1
J1159,I3139,9738.0,9741.0,green,1
J1159,I3491,10747.0,10748.0,green,1
J1159,I3651,11147.0,11148.0,brown,1
J1117,I3127,9687.0,9694.0,green,4
J1117,I3159,9791.0,9816.0,green,2
J737,I1040,2582.0,2585.0,brown,1
J737,I1136,2913.0,2918.0,green,2
J737,I1937,5717.0,5724.0,green,2
J638,I1044,2588.0,2597.0,green,1
J638,I1140,2931.0,2933.0,brown,2
J638,I1172,3057.0,3058.0,brown,1
J638,I1659,4706.0,4709.0,green,2
J40,I181,334.0,337.0,green,1
J40,I205,381.0,386.0,brown,1
J40,I406,828.0,830.0,green,2
J40,I470,981.0,992.0,green,1
J40,I519,1108.0,1120.0,green,1
J1697,I2695,8307.0,8310.0,green,1
J1697,I3663,11177.0,11183.0,green,1
J1697,I3799,11497.0,11501.0,green,1
J334,I706,1619.0,1621.0,green,1
J334,I738,1685.0,1687.0,green,2
J334,I770,1790.0,1796.0,green,1
J334,I2498,7722.0,7730.0,brown,1
J334,I3039,9448.0,9451.0,green,1
J139,I267,514.0,515.0,brown,1
J139,I364,717.0,722.0,green,1
J139,I396,800.0,813.0,brown,1
J1331,I1968,5838.0,5845.0,green,1
J1331,I2031,6035.0,6039.0,brown,2
J1331,I2240,6798.0,6808.0,green,2
J1331,I2552,7907.0,7917.0,green,1
J749,I1590,4458.0,4463.0,brown,2
J749,I3103,9614.0,9620.0,green,2
J749,I3255,10124.0,10128.0,green,1
J463,I248,472.0,473.0,green,1
J463,I2345,7167.0,7172.0,green,2
J463,I2905,9005.0,9006.0,green,1
J463,I2937,9098.0,9109.0,brown,1
J604,I771,1796.0,1798.0,green,1
J604,I803,1871.0,1873.0,red,1
J604,I836,1978.0,1983.0,green,1
J604,I1763,5069.0,5076.0,green,1
J672,I865,2071.0,2076.0,green,2
J672,I1953,5768.0,5776.0,green,1
J414,I282,542.0,543.0,green,1
J414,I314,605.0,611.0,green,2
J414,I602,1328.0,1332.0,brown,1
J414,I2383,7332.0,7336.0,green,1
J414,I2603,8071.0,8081.0,green,1
J282,I611,1352.0,1358.0,green,2
J282,I836,1978.0,1983.0,green,2
J282,I900,2163.0,2168.0,green,2
J1617,I3115,9656.0,9658.0,green,1
J1617,I3134,9718.0,9729.0,green,2
J1617,I3152,9767.0,9768.0,brown,1
J1617,I3183,9878.0,9880.0,brown,2
J1515,I1181,3085.0,3088.0,green,1
J1515,I1214,3178.0,3181.0,brown,1
J1515,I1247,3280.0,3290.0,green,2
J1515,I1342,3620.0,3626.0,green,2
J678,I1461,3994.0,3997.0,green,1
J678,I1493,4098.0,4100.0,green,1
J678,I1557,4344.0,4347.0,green,2
J678,I2069,6160.0,6171.0,brown,2
J1215,I2066,6151.0,6154.0,brown,2
J1215,I3524,10821.0,10825.0,green,2
J1107,I1997,5945.0,5948.0,brown,1
J1107,I2157,6513.0,6519.0,green,2
J1531,I2107,6307.0,6309.0,green,1
J1531,I3131,9705.0,9714.0,green,1
J1531,I3451,10659.0,10662.0,green,1
J1531,I3963,11845.0,11847.0,green,1
J427,I1056,2628.0,2630.0,green,2
J427,I1248,3290.0,3294.0,brown,1
J427,I1344,3627.0,3629.0,green,2
J427,I1513,4160.0,4175.0,green,1
J1580,I587,1299.0,1300.0,green,1
J1580,I939,2289.0,2292.0,brown,1
J1580,I3917,11752.0,11755.0,brown,1
J1580,I3979,11878.0,11880.0,brown,1
J1580,I4003,11926.0,11929.0,green,1
J1147,I1824,5323.0,5328.0,green,1
J1147,I1856,5418.0,5423.0,green,1
J1380,I2360,7230.0,7235.0,green,4
J500,I558,1224.0,1227.0,green,1
J500,I1166,3028.0,3029.0,green,1
J500,I2383,7332.0,7336.0,green,1
J500,I2479,7653.0,7661.0,green,1
J500,I3159,9791.0,9816.0,green,1
J761,I3336,10350.0,10352.0,brown,1
J761,I3496,10754.0,10755.0,brown,1
J761,I3784,11467.0,11468.0,brown,1
J1849,I2538,7844.0,7847.0,brown,2
J1849,I2698,8317.0,8318.0,brown,1
J1849,I2922,9048.0,9057.0,brown,1
J1849,I3755,11407.0,11410.0,green,2
J63,I377,755.0,761.0,green,1
J63,I441,905.0,906.0,brown,1
J63,I857,2051.0,2056.0,green,4
J1576,I1183,3090.0,3091.0,green,1
J1576,I1247,3280.0,3290.0,green,1
J1576,I2208,6663.0,6678.0,green,3
J258,I2815,8715.0,8717.0,brown,2
J258,I2895,8960.0,8965.0,brown,1
J258,I3359,10417.0,10421.0,brown,3
J779,I1754,5012.0,5015.0,green,3
J779,I1818,5302.0,5305.0,green,1
J779,I1834,5352.0,5356.0,brown,2
J396,I1226,3217.0,3219.0,green,1
J396,I1258,3347.0,3350.0,green,1
J396,I1578,4408.0,4423.0,green,2
J491,I846,2018.0,2023.0,brown,3
J491,I1702,4831.0,4840.0,brown,1
J1359,I1822,5319.0,5322.0,green,2
J1359,I2813,8699.0,8705.0,brown,1
J1359,I2974,9230.0,9242.0,green,1
J310,I2143,6461.0,6465.0,green,4
J34,I95,163.0,164.0,brown,1
J34,I191,349.0,351.0,green,1
J1712,I903,2179.0,2184.0,green,2
J1712,I2376,7291.0,7298.0,green,1
J1712,I3656,11163.0,11164.0,green,1
J1712,I3688,11247.0,11250.0,green,1
J1712,I3854,11605.0,11608.0,brown,1
J1636,I464,967.0,969.0,green,1
J1636,I3553,10908.0,10916.0,green,2
J1636,I3665,11188.0,11192.0,green,2
J1191,I401,819.0,823.0,green,1
J1191,I689,1572.0,1575.0,brown,1
J1191,I2257,6873.0,6877.0,brown,1
J1191,I3071,9521.0,9522.0,green,1
J861,I408,833.0,835.0,green,2
J861,I471,992.0,994.0,green,1
J861,I760,1750.0,1762.0,green,2
J861,I920,2227.0,2232.0,green,1
J233,I875,2094.0,2096.0,brown,1
J233,I1579,4423.0,4434.0,brown,5
J16,I48,80.0,81.0,green,1
J16,I208,389.0,390.0,brown,1
J16,I560,1231.0,1234.0,green,1
J16,I1872,5466.0,5474.0,green,1
J16,I1888,5523.0,5529.0,brown,2
J1495,I2173,6563.0,6565.0,green,2
J1495,I2557,7929.0,7934.0,red,1
J952,I1785,5184.0,5186.0,green,1
J1650,I2322,7095.0,7099.0,brown,1
J1650,I3587,10994.0,11000.0,green,4
J1650,I3923,11763.0,11764.0,green,1
J863,I480,1007.0,1010.0,green,1
J863,I672,1522.0,1528.0,brown,4
J863,I1152,2961.0,2964.0,green,1
J1027,I945,2303.0,2305.0,green,1
J1027,I2545,7863.0,7868.0,green,1
J1027,I3250,10106.0,10109.0,green,1
J1027,I3918,11755.0,11757.0,brown,1
J1027,I3955,11832.0,11835.0,green,1
J1027,I3987,11895.0,11897.0,green,1
J991,I867,2077.0,2082.0,brown,2
J991,I1252,3304.0,3311.0,green,1
J991,I1315,3545.0,3548.0,green,1
J991,I2820,8723.0,8725.0,green,1
J1494,I2687,8277.0,8278.0,green,1
J1494,I2735,8444.0,8446.0,green,1
J1494,I3007,9339.0,9345.0,green,1
J54,I2222,6732.0,6741.0,green,2
J1029,I686,1566.0,1569.0,brown,1
J1029,I1038,2559.0,2575.0,brown,1
J1029,I2207,6657.0,6663.0,green,4
J1946,I1889,5529.0,5532.0,brown,3
J1946,I3074,9525.0,9534.0,green,2
J1946,I3298,10254.0,10257.0,green,1
J1801,I1274,3408.0,3415.0,brown,1
J1801,I2171,6560.0,6561.0,green,1
J1801,I2459,7600.0,7604.0,green,1
J1801,I3531,10844.0,10849.0,green,1
J1801,I3533,10854.0,10862.0,green,2
J228,I559,1227.0,1231.0,green,2
J228,I1632,4595.0,4605.0,brown,2
J228,I1848,5384.0,5388.0,green,1
J539,I655,1476.0,1480.0,green,1
J539,I779,1825.0,1828.0,green,1
J539,I1163,3008.0,3017.0,green,2
J689,I1545,4285.0,4299.0,brown,1
J689,I1577,4401.0,4408.0,red,2
J689,I2026,6010.0,6025.0,green,2
J53,I63,109.0,111.0,green,1
J53,I223,417.0,422.0,red,2
J53,I543,1177.0,1182.0,green,1
J53,I703,1610.0,1613.0,green,1
J53,I1872,5466.0,5474.0,green,1
J374,I499,1064.0,1065.0,green,1
J374,I660,1488.0,1490.0,green,1
J374,I1428,3877.0,3881.0,green,2
J374,I1460,3991.0,3994.0,brown,1
J374,I1828,5342.0,5343.0,green,1
J1848,I3594,11015.0,11016.0,green,1
J1848,I3754,11405.0,11407.0,green,1
J1848,I3818,11536.0,11538.0,green,1
J1848,I3986,11892.0,11895.0,green,2
J1848,I4040,11978.0,11979.0,green,1
J650,I1206,3150.0,3163.0,green,1
J650,I1237,3240.0,3246.0,green,2
J859,I1709,4865.0,4869.0,green,1
J859,I3246,10084.0,10086.0,green,1
J1097,I1030,2541.0,2544.0,red,1
J1097,I1094,2778.0,2779.0,red,1
J1097,I1254,3312.0,3320.0,red,1
J1097,I3799,11497.0,11501.0,green,2
J1431,I1769,5118.0,5121.0,brown,1
J1431,I1801,5250.0,5251.0,green,1
J1431,I2059,6125.0,6127.0,green,2
J1289,I671,1517.0,1522.0,brown,1
J1289,I895,2147.0,2159.0,brown,2
J1289,I1472,4031.0,4035.0,green,2
J398,I186,344.0,345.0,green,1
J398,I763,1767.0,1777.0,green,1
J398,I1339,3613.0,3615.0,green,1
J398,I1499,4112.0,4121.0,green,1
J398,I2603,8071.0,8081.0,green,1
J1261,I1811,5277.0,5285.0,brown,2
J1261,I3252,10110.0,10112.0,green,2
J1261,I3300,10259.0,10267.0,green,1
J1261,I3364,10434.0,10436.0,green,1
J1752,I2561,7941.0,7944.0,brown,2
J1752,I2594,8047.0,8048.0,green,1
J1752,I2658,8209.0,8210.0,green,1
J1752,I2882,8913.0,8915.0,green,1
J712,I1304,3511.0,3514.0,brown,3
J1618,I2260,6883.0,6885.0,brown,1
J1618,I2324,7102.0,7107.0,brown,1
J1618,I2708,8359.0,8360.0,green,1
J153,I109,187.0,193.0,green,2
J153,I173,322.0,325.0,green,1
J153,I1790,5211.0,5223.0,brown,1
J943,I485,1029.0,1030.0,green,1
J943,I677,1537.0,1545.0,green,1
J943,I710,1626.0,1628.0,red,1
J943,I741,1703.0,1708.0,green,1
J943,I1254,3312.0,3320.0,red,1
J943,I1350,3638.0,3640.0,green,1
J566,I700,1603.0,1604.0,green,1
J566,I1244,3267.0,3277.0,green,2
J566,I3993,11904.0,11909.0,green,1
J566,I3996,11914.0,11916.0,green,2
J328,I2199,6631.0,6632.0,brown,1
J328,I3432,10612.0,10613.0,green,1
J776,I901,2168.0,2174.0,green,1
J776,I1701,4830.0,4831.0,brown,1
J776,I2389,7355.0,7357.0,brown,1
J776,I3254,10114.0,10124.0,green,2
J776,I3318,10302.0,10303.0,green,1
J62,I195,357.0,358.0,green,1
J62,I292,561.0,562.0,green,1
J62,I964,2358.0,2359.0,green,1
J62,I2072,6173.0,6181.0,green,2
J62,I2564,7950.0,7956.0,brown,1
J1611,I2576,7990.0,7995.0,green,5
J1067,I2052,6110.0,6112.0,green,1
J1067,I2116,6340.0,6345.0,green,2
J1644,I2138,6447.0,6450.0,brown,1
J1644,I2459,7600.0,7604.0,green,1
J1644,I2555,7920.0,7928.0,green,1
J1644,I3579,10977.0,10978.0,green,1
J1644,I3775,11447.0,11453.0,green,1
J1031,I1755,5015.0,5038.0,green,1
J1031,I1820,5309.0,5316.0,green,4
J805,I1241,3256.0,3259.0,green,1
J805,I2078,6190.0,6197.0,green,2
J1068,I2899,8971.0,8976.0,green,2
J1068,I3091,9586.0,9589.0,green,1
J663,I1173,3058.0,3062.0,brown,3
J1975,I3554,10916.0,10917.0,green,1
J1975,I3819,11538.0,11539.0,green,1
J1975,I3995,11912.0,11914.0,green,2
J385,I1335,3597.0,3604.0,green,1
J385,I1623,4573.0,4576.0,brown,2
J385,I3043,9456.0,9461.0,brown,1
J1986,I3389,10504.0,10507.0,brown,2
J1986,I3581,10984.0,10986.0,green,1
J1986,I3966,11852.0,11855.0,green,2
J872,I922,2236.0,2237.0,green,1
J872,I1050,2611.0,2617.0,green,1
J872,I1146,2948.0,2953.0,brown,1
J872,I1210,3169.0,3173.0,green,1
J1145,I1727,4926.0,4928.0,red,1
J1145,I1792,5225.0,5228.0,green,1
J1145,I1824,5323.0,5328.0,green,4
J76,I193,353.0,354.0,green,1
J76,I353,693.0,696.0,brown,1
J76,I1703,4840.0,4844.0,brown,1
J603,I1167,3029.0,3037.0,green,2
J603,I1231,3226.0,3229.0,green,1
J603,I1711,4876.0,4880.0,green,2
J603,I2208,6663.0,6678.0,green,1
J1937,I2886,8927.0,8936.0,green,2
J1937,I3846,11589.0,11591.0,brown,1
J1937,I3911,11734.0,11736.0,green,1
J1937,I3943,11812.0,11814.0,green,1
J1937,I4008,11933.0,11935.0,green,1
J1482,I2745,8467.0,8468.0,green,1
J1482,I2753,8511.0,8515.0,green,2
J1482,I2953,9160.0,9162.0,green,1
J1482,I3017,9382.0,9384.0,green,2
J185,I316,612.0,614.0,green,1
J185,I348,680.0,682.0,green,1
J185,I412,840.0,846.0,green,1
J185,I1243,3261.0,3267.0,green,1
J823,I779,1825.0,1828.0,green,2
J823,I1164,3017.0,3027.0,green,4
J711,I333,651.0,652.0,brown,1
J711,I1261,3360.0,3369.0,brown,1
J711,I2478,7648.0,7653.0,green,2
J711,I2542,7850.0,7857.0,green,2
J939,I1905,5586.0,5589.0,brown,1
J939,I1937,5717.0,5724.0,green,2
J939,I2001,5957.0,5959.0,green,2
J1949,I2255,6870.0,6872.0,brown,2
J1949,I3840,11578.0,11579.0,green,1
J1949,I3920,11758.0,11760.0,brown,1
J1949,I3958,11837.0,11838.0,green,1
J250,I571,1264.0,1267.0,brown,1
J250,I699,1600.0,1603.0,green,1
J250,I1467,4013.0,4021.0,green,2
J250,I1581,4438.0,4440.0,brown,2
J1130,I1513,4160.0,4175.0,green,1
J1130,I1578,4408.0,4423.0,green,1
J1130,I2026,6010.0,6025.0,green,4
J1448,I1376,3710.0,3712.0,brown,1
J1448,I2209,6678.0,6688.0,green,4
J1448,I3680,11221.0,11225.0,green,1
J834,I1528,4226.0,4242.0,green,1
J834,I1888,5523.0,5529.0,brown,1
J834,I2264,6889.0,6895.0,brown,1
J834,I2409,7422.0,7427.0,green,1
J77,I53,87.0,89.0,green,2
J77,I213,395.0,397.0,green,1
J77,I1205,3146.0,3150.0,green,1
J77,I2072,6173.0,6181.0,green,2
J1640,I1239,3250.0,3255.0,green,1
J1640,I1751,4996.0,5004.0,green,1
J1640,I1784,5166.0,5184.0,green,1
J1582,I1424,3860.0,3870.0,green,3
J1582,I2721,8399.0,8411.0,green,2
J1582,I3007,9339.0,9345.0,green,1
J1677,I2412,7432.0,7443.0,brown,1
J1677,I2797,8642.0,8644.0,green,1
J1677,I3085,9557.0,9559.0,green,1
J151,I274,522.0,524.0,brown,1
J151,I979,2395.0,2398.0,brown,1
J151,I1011,2477.0,2482.0,brown,1
J1035,I2552,7907.0,7917.0,green,2
J1350,I2473,7634.0,7636.0,brown,2
J1350,I2537,7843.0,7844.0,brown,1
J1350,I2697,8315.0,8317.0,brown,1
J587,I1063,2654.0,2656.0,green,1
J587,I2952,9158.0,9160.0,green,1
J587,I2968,9211.0,9215.0,green,2
J587,I3162,9821.0,9824.0,green,1
J587,I3308,10278.0,10283.0,brown,1
J1230,I3802,11507.0,11510.0,green,3
J1230,I3834,11564.0,11566.0,green,1
J1230,I3882,11658.0,11661.0,green,1
J1230,I3930,11779.0,11781.0,brown,1
J1162,I1939,5725.0,5728.0,green,2
J1162,I2364,7255.0,7264.0,green,2
J1162,I2692,8302.0,8305.0,green,1
J1248,I1613,4540.0,4550.0,brown,1
J1248,I1934,5708.0,5711.0,green,2
J1248,I2190,6605.0,6609.0,green,2
J1248,I2751,8492.0,8505.0,green,1
J919,I877,2099.0,2106.0,brown,2
J919,I2205,6649.0,6653.0,green,2
J919,I2477,7647.0,7648.0,brown,1
J919,I2734,8442.0,8444.0,green,1
J1767,I3250,10106.0,10109.0,green,1
J1767,I3955,11832.0,11835.0,green,2
J1134,I1986,5915.0,5916.0,green,1
J1134,I2051,6100.0,6110.0,green,1
J1134,I2275,6927.0,6929.0,green,2
J1255,I2274,6921.0,6927.0,green,4
J1195,I1055,2627.0,2628.0,green,1
J1195,I1247,3280.0,3290.0,green,1
J1195,I2837,8784.0,8795.0,brown,1
J1195,I2933,9076.0,9078.0,brown,1
J1463,I177,329.0,331.0,green,2
J1463,I401,819.0,823.0,green,1
J573,I655,1476.0,1480.0,green,1
J573,I782,1833.0,1839.0,green,2
J573,I2837,8784.0,8795.0,brown,1
J573,I2995,9310.0,9312.0,brown,1
J573,I3007,9339.0,9345.0,green,1
J1835,I1418,3838.0,3843.0,green,2
J1835,I2251,6845.0,6860.0,green,2
J217,I563,1239.0,1241.0,green,1
J217,I1235,3236.0,3239.0,green,1
J217,I1363,3675.0,3678.0,green,1
J217,I1556,4343.0,4344.0,green,1
J217,I1684,4775.0,4779.0,brown,1
J217,I3038,9443.0,9448.0,green,1
J874,I945,2303.0,2305.0,green,1
J874,I977,2392.0,2393.0,brown,1
J874,I1201,3128.0,3134.0,brown,1
J874,I2878,8900.0,8905.0,green,1
J874,I2962,9192.0,9200.0,green,1
J874,I2974,9230.0,9242.0,green,1
J297,I38,63.0,67.0,green,1
J297,I1959,5791.0,5802.0,green,4
J1034,I1275,3415.0,3420.0,green,1
J1034,I1755,5015.0,5038.0,green,1
J1034,I2236,6786.0,6787.0,brown,1
J1034,I2268,6900.0,6905.0,brown,1
J1034,I2412,7432.0,7443.0,brown,2
J1508,I1270,3388.0,3389.0,green,1
J1508,I1334,3589.0,3597.0,green,1
J1508,I1655,4681.0,4688.0,green,2
J1508,I2231,6761.0,6764.0,green,2
J1545,I2065,6146.0,6151.0,brown,1
J1545,I2706,8342.0,8349.0,green,2
J1545,I2802,8654.0,8658.0,green,3
J274,I451,927.0,928.0,green,1
J274,I739,1687.0,1695.0,brown,1
J274,I1923,5648.0,5650.0,green,1
J274,I1956,5783.0,5789.0,green,1
J274,I1959,5791.0,5802.0,green,1
J274,I2198,6622.0,6631.0,brown,1
J218,I1491,4095.0,4097.0,green,1
J218,I2240,6798.0,6808.0,green,1
J845,I630,1397.0,1404.0,brown,3
J845,I3191,9901.0,9906.0,green,1
J1312,I2198,6622.0,6631.0,brown,1
J1312,I3255,10124.0,10128.0,green,2
J1312,I3862,11623.0,11627.0,green,1
J1007,I1559,4357.0,4364.0,green,1
J1007,I1687,4788.0,4791.0,brown,3
J1007,I2135,6426.0,6429.0,green,2
J1367,I2590,8034.0,8038.0,green,2
J1104,I1741,4952.0,4957.0,brown,3
J1104,I2958,9176.0,9179.0,green,1
J1104,I3534,10862.0,10870.0,green,1
J1104,I3630,11106.0,11107.0,green,1
J1587,I909,2197.0,2206.0,green,1
J1587,I973,2379.0,2381.0,brown,1
J1587,I2382,7322.0,7332.0,green,2
J1708,I1003,2459.0,2460.0,green,1
J1708,I3040,9451.0,9453.0,green,1
J1708,I3116,9658.0,9661.0,green,2
J1708,I3352,10392.0,10393.0,green,1
J1417,I464,967.0,969.0,green,1
J1417,I960,2350.0,2353.0,brown,1
J1417,I1264,3373.0,3377.0,brown,1
J1417,I1424,3860.0,3870.0,green,1
J1417,I2737,8450.0,8455.0,green,1
J1417,I2881,8911.0,8913.0,green,1
J639,I2886,8927.0,8936.0,green,1
J639,I3886,11670.0,11674.0,brown,1
J639,I3959,11838.0,11840.0,green,2
J639,I3975,11874.0,11875.0,brown,1
J639,I3983,11883.0,11887.0,green,1
J1045,I2038,6059.0,6063.0,brown,2
J1045,I2070,6171.0,6172.0,brown,1
J1045,I2198,6622.0,6631.0,brown,1
J1045,I2463,7609.0,7612.0,green,1
J989,I863,2066.0,2069.0,brown,3
J989,I992,2434.0,2437.0,red,2
J989,I2072,6173.0,6181.0,green,1
J346,I1152,2961.0,2964.0,green,1
J346,I2209,6678.0,6688.0,green,2
J346,I2212,6694.0,6701.0,green,1
J346,I2717,8385.0,8391.0,green,1
J527,I662,1492.0,1493.0,green,1
J527,I695,1587.0,1596.0,red,1
J527,I823,1932.0,1934.0,brown,1
J527,I1528,4226.0,4242.0,green,1
J361,I349,682.0,684.0,green,2
J361,I365,722.0,726.0,green,1
J361,I445,911.0,914.0,green,1
J1527,I2085,6217.0,6223.0,brown,1
J1527,I2118,6346.0,6348.0,green,2
J1527,I2214,6704.0,6707.0,green,1
J1527,I2246,6832.0,6833.0,brown,1
J1527,I2502,7736.0,7738.0,brown,1
J1755,I2721,8399.0,8411.0,green,3
J1735,I2415,7445.0,7447.0,brown,2
J1735,I2448,7554.0,7556.0,green,2
J1735,I3184,9880.0,9881.0,brown,1
J1735,I3568,10951.0,10956.0,brown,1
J1661,I3349,10387.0,10389.0,brown,1
J1661,I3541,10880.0,10882.0,brown,2
J987,I2789,8613.0,8614.0,brown,1
J987,I2853,8835.0,8836.0,brown,1
J1491,I2863,8854.0,8855.0,brown,1
J1491,I3311,10286.0,10287.0,brown,1
J968,I1872,5466.0,5474.0,green,4
J968,I2224,6748.0,6749.0,green,1
J1010,I2086,6223.0,6226.0,brown,1
J1010,I3303,10269.0,10270.0,green,1
J1010,I3591,11012.0,11013.0,green,1
J1976,I3263,10139.0,10145.0,brown,1
J1976,I4008,11933.0,11935.0,green,1
J1976,I4033,11966.0,11968.0,green,2
J1236,I2707,8349.0,8359.0,green,4
J1236,I3667,11193.0,11195.0,green,1
J1479,I1699,4819.0,4822.0,brown,1
J1479,I2692,8302.0,8305.0,green,1
J1479,I3108,9628.0,9635.0,green,2
J1479,I3843,11586.0,11587.0,green,1
J778,I715,1637.0,1642.0,brown,2
J778,I3315,10290.0,10294.0,brown,1
J778,I3571,10960.0,10961.0,brown,1
J778,I3773,11442.0,11444.0,brown,2
J771,I1343,3626.0,3627.0,green,1
J771,I1599,4493.0,4495.0,brown,1
J771,I2080,6198.0,6205.0,green,1
J771,I2208,6663.0,6678.0,green,2
J771,I3040,9451.0,9453.0,green,1
J979,I1713,4886.0,4890.0,green,1
J979,I1841,5367.0,5371.0,brown,1
J979,I2362,7245.0,7252.0,green,2
J979,I2370,7281.0,7284.0,green,1
J1869,I1676,4752.0,4756.0,red,1
J1869,I2412,7432.0,7443.0,brown,1
J1869,I3533,10854.0,10862.0,green,1
J1869,I3725,11339.0,11342.0,green,2
J947,I940,2292.0,2295.0,brown,2
J947,I972,2371.0,2379.0,brown,1
J947,I1784,5166.0,5184.0,green,1
J430,I1020,2501.0,2507.0,green,3
J430,I1468,4021.0,4022.0,green,1
J1834,I2790,8614.0,8615.0,brown,1
J1834,I2854,8836.0,8837.0,brown,1
J1834,I2951,9157.0,9158.0,green,1
J1834,I3111,9645.0,9650.0,green,1
J1834,I3463,10684.0,10689.0,green,2
J1852,I1951,5765.0,5767.0,brown,1
J1852,I3200,9942.0,9943.0,green,1
J1852,I3536,10872.0,10873.0,green,1
J1852,I3664,11183.0,11188.0,green,3
J985,I1966,5832.0,5834.0,red,1
J985,I1998,5948.0,5951.0,red,1
J985,I2127,6378.0,6388.0,green,1
J985,I2159,6522.0,6529.0,green,3
J1441,I1038,2559.0,2575.0,brown,1
J1441,I1327,3572.0,3575.0,green,1
J1441,I2198,6622.0,6631.0,brown,2
J1441,I2543,7857.0,7860.0,green,1
J1264,I1703,4840.0,4844.0,brown,1
J1264,I1927,5673.0,5682.0,green,4
J1264,I1959,5791.0,5802.0,green,1
J1612,I2819,8722.0,8723.0,green,1
J1612,I2947,9147.0,9152.0,green,1
J1612,I3011,9358.0,9360.0,green,1
J1612,I3299,10257.0,10259.0,green,1
J147,I103,177.0,178.0,green,1
J147,I1528,4226.0,4242.0,green,3
J447,I1143,2941.0,2944.0,red,1
J447,I1271,3389.0,3398.0,green,1
J447,I1335,3597.0,3604.0,green,1
J447,I1495,4102.0,4103.0,green,1
J447,I2039,6063.0,6071.0,brown,1
J447,I2071,6172.0,6173.0,brown,1
J1734,I3058,9492.0,9494.0,brown,2
J1734,I3338,10355.0,10357.0,brown,1
J1734,I3498,10762.0,10763.0,brown,1
J1734,I3570,10959.0,10960.0,brown,1
J1734,I3602,11028.0,11029.0,brown,1
J1588,I2353,7189.0,7197.0,green,3
J1588,I2481,7664.0,7670.0,green,3
J732,I61,102.0,107.0,green,2
J732,I157,286.0,289.0,green,1
J732,I413,846.0,848.0,green,1
J732,I957,2334.0,2347.0,green,1
J732,I1725,4920.0,4923.0,brown,1
J21,I34,59.0,60.0,green,1
J21,I38,63.0,67.0,green,1
J21,I42,70.0,72.0,green,1
J21,I66,114.0,117.0,green,2
J21,I67,117.0,118.0,green,1
J1761,I3032,9427.0,9430.0,brown,2
J1761,I3321,10308.0,10310.0,green,2
J1761,I3337,10352.0,10355.0,brown,1
J1761,I3692,11258.0,11262.0,green,1
J793,I2570,7973.0,7975.0,green,1
J793,I3402,10524.0,10537.0,green,1
J793,I3842,11580.0,11586.0,green,4
J1740,I3161,9819.0,9821.0,green,1
J1740,I3177,9855.0,9865.0,green,1
J1740,I3896,11700.0,11703.0,brown,3
J1740,I3928,11771.0,11776.0,green,1
J949,I983,2407.0,2409.0,red,1
J949,I1271,3389.0,3398.0,green,2
J949,I1783,5162.0,5166.0,green,1
J949,I2039,6063.0,6071.0,brown,1
J626,I928,2247.0,2254.0,brown,2
J626,I992,2434.0,2437.0,red,1
J626,I1442,3941.0,3949.0,green,3
J329,I969,2364.0,2367.0,brown,1
J329,I3114,9652.0,9656.0,green,2
J1827,I2922,9048.0,9057.0,brown,2
J1827,I2947,9147.0,9152.0,green,1
J1827,I3267,10151.0,10155.0,green,2
J1827,I3522,10817.0,10818.0,brown,1
J1691,I2946,9139.0,9147.0,green,1
J1691,I3265,10148.0,10149.0,brown,1
J1691,I3393,10511.0,10512.0,brown,1
J1691,I3533,10854.0,10862.0,green,2
J1473,I702,1606.0,1610.0,green,1
J1473,I894,2143.0,2147.0,brown,1
J1473,I1342,3620.0,3626.0,green,1
J1473,I1374,3702.0,3707.0,brown,1
J1473,I3271,10163.0,10165.0,green,1
J55,I83,143.0,146.0,brown,3
J55,I307,590.0,593.0,green,1
J55,I2043,6079.0,6081.0,green,1
J55,I2431,7487.0,7490.0,green,1
J505,I1060,2636.0,2642.0,green,2
J505,I1061,2642.0,2646.0,green,1
J505,I1196,3117.0,3121.0,brown,1
J505,I1876,5485.0,5489.0,brown,2
J1646,I746,1714.0,1718.0,green,3
J1701,I2089,6238.0,6243.0,green,4
J526,I417,852.0,853.0,green,1
J526,I449,920.0,926.0,green,3
J113,I124,224.0,229.0,green,2
J113,I1100,2792.0,2799.0,brown,1
J810,I1210,3169.0,3173.0,green,1
J810,I1243,3261.0,3267.0,green,1
J810,I1466,4009.0,4013.0,green,1
J810,I1912,5604.0,5622.0,green,2
J810,I1948,5748.0,5758.0,brown,1
J1667,I2389,7355.0,7357.0,brown,1
J1667,I2598,8057.0,8061.0,green,1
J1667,I3557,10926.0,10927.0,green,1
J1667,I3573,10962.0,10968.0,brown,1
J1667,I3589,11001.0,11006.0,green,1
J1953,I2217,6711.0,6715.0,green,1
J1953,I3177,9855.0,9865.0,green,2
J318,I519,1108.0,1120.0,green,3
J318,I648,1448.0,1458.0,green,1
J318,I872,2088.0,2090.0,brown,1
J318,I2240,6798.0,6808.0,green,1
J769,I200,369.0,376.0,brown,1
J769,I585,1297.0,1298.0,green,1
J769,I809,1887.0,1891.0,brown,1
J769,I1641,4621.0,4624.0,green,1
J646,I1423,3856.0,3860.0,green,1
J646,I1615,4554.0,4556.0,brown,1
J646,I1648,4643.0,4649.0,green,2
J646,I1903,5577.0,5584.0,brown,2
J853,I1684,4775.0,4779.0,brown,1
J853,I1845,5376.0,5379.0,green,2
J853,I1941,5729.0,5737.0,green,1
J853,I2661,8221.0,8225.0,green,1
J853,I2965,9205.0,9208.0,green,1
J1924,I2361,7235.0,7245.0,green,3
J1924,I3865,11629.0,11630.0,green,1
J1924,I3929,11776.0,11779.0,brown,2
J1420,I1760,5060.0,5066.0,green,6
J300,I569,1262.0,1263.0,brown,1
J300,I1273,3403.0,3408.0,green,3
J300,I2400,7404.0,7407.0,green,2
J1702,I841,1997.0,2000.0,brown,1
J1702,I3534,10862.0,10870.0,green,1
J223,I595,1313.0,1317.0,green,2
J223,I1132,2898.0,2902.0,brown,1
J223,I1204,3139.0,3146.0,green,1
J1770,I2716,8382.0,8385.0,green,3
J1770,I2748,8478.0,8481.0,green,3
J302,I2208,6663.0,6678.0,green,1
J302,I2239,6791.0,6798.0,brown,1
J302,I2432,7490.0,7492.0,green,1
J302,I2800,8648.0,8652.0,green,2
J1648,I2965,9205.0,9208.0,green,2
J1648,I3033,9430.0,9435.0,brown,2
J1648,I3190,9894.0,9901.0,green,2
J120,I470,981.0,992.0,green,2
J120,I494,1047.0,1049.0,green,1
J609,I2440,7514.0,7525.0,green,2
J609,I3112,9650.0,9651.0,green,1
J1501,I1370,3693.0,3698.0,brown,3
J614,I1424,3860.0,3870.0,green,1
J614,I1840,5365.0,5367.0,brown,2
J614,I2064,6143.0,6146.0,brown,1
J614,I3249,10099.0,10106.0,green,2
J98,I1787,5188.0,5199.0,green,3
J98,I2090,6243.0,6247.0,brown,1
J98,I2399,7388.0,7404.0,green,1
J893,I760,1750.0,1762.0,green,3
J893,I791,1851.0,1852.0,brown,1
J893,I823,1932.0,1934.0,brown,1
J893,I1271,3389.0,3398.0,green,1
J974,I1122,2858.0,2865.0,green,2
J974,I2198,6622.0,6631.0,brown,1
J554,I561,1234.0,1236.0,green,1
J554,I785,1841.0,1843.0,brown,1
J554,I1462,3997.0,4004.0,green,3
J907,I1771,5122.0,5125.0,green,1
J907,I2223,6741.0,6748.0,green,2
J1228,I1767,5103.0,5105.0,brown,1
J1228,I3688,11247.0,11250.0,green,1
J1228,I3977,11876.0,11877.0,brown,1
J1228,I3988,11897.0,11899.0,brown,2
J1680,I2603,8071.0,8081.0,green,3
J347,I565,1245.0,1252.0,green,2
J347,I1206,3150.0,3163.0,green,4
J803,I1561,4365.0,4367.0,green,2
J656,I1405,3799.0,3801.0,green,2
J656,I1422,3850.0,3856.0,green,1
J656,I1434,3906.0,3916.0,green,3
J380,I2394,7368.0,7374.0,green,2
J97,I300,578.0,580.0,green,1
J97,I396,800.0,813.0,brown,4
J97,I2717,8385.0,8391.0,green,1
J1148,I1950,5759.0,5765.0,brown,2
J1148,I2015,5985.0,5987.0,green,1
J695,I560,1231.0,1234.0,green,1
J1567,I3681,11225.0,11228.0,green,2
J1567,I3792,11482.0,11484.0,green,1
J1567,I3841,11579.0,11580.0,green,1
J1567,I3873,11647.0,11648.0,brown,1
J320,I2054,6113.0,6118.0,brown,1
J320,I3463,10684.0,10689.0,green,3
J320,I3847,11591.0,11593.0,green,2
J1915,I3360,10421.0,10422.0,brown,1
J1915,I3732,11353.0,11356.0,brown,1
J1915,I3760,11416.0,11420.0,brown,1
J1915,I3809,11523.0,11525.0,green,2
J1915,I3905,11723.0,11724.0,green,1
J1541,I1666,4729.0,4731.0,red,1
J1541,I2755,8517.0,8520.0,green,1
J1541,I3283,10190.0,10195.0,green,1
J1873,I1882,5508.0,5510.0,red,2
J1873,I2074,6183.0,6184.0,red,1
J1873,I2106,6301.0,6307.0,red,1
J1873,I2139,6450.0,6451.0,brown,1
J1873,I2523,7799.0,7803.0,brown,1
J1070,I477,1002.0,1003.0,green,1
J1070,I2046,6088.0,6091.0,green,1
J1070,I2974,9230.0,9242.0,green,1
J1556,I1309,3521.0,3530.0,brown,1
J1556,I1758,5041.0,5055.0,green,3
J1556,I3790,11480.0,11481.0,green,1
J1288,I1989,5918.0,5923.0,green,1
J1288,I2569,7968.0,7973.0,green,5
J456,I183,338.0,342.0,green,2
J456,I1048,2605.0,2609.0,green,1
J567,I1115,2836.0,2839.0,green,2
J567,I1660,4709.0,4717.0,green,1
J567,I1788,5199.0,5204.0,green,2
J409,I832,1970.0,1971.0,green,1
J409,I849,2025.0,2029.0,brown,1
J409,I865,2071.0,2076.0,green,2
J409,I897,2160.0,2161.0,brown,1
J409,I2441,7525.0,7535.0,green,1
J195,I310,596.0,597.0,green,1
J195,I374,749.0,753.0,green,2
J195,I407,830.0,833.0,green,1
J195,I519,1108.0,1120.0,green,1
J195,I767,1785.0,1786.0,green,1
J1194,I1765,5092.0,5099.0,green,5
J1194,I1861,5432.0,5435.0,green,1
J1509,I2088,6233.0,6238.0,green,2
J1509,I3197,9932.0,9940.0,green,2
J880,I3090,9576.0,9586.0,green,3
J880,I3666,11192.0,11193.0,green,1
J880,I3778,11456.0,11457.0,green,1
J880,I3921,11760.0,11762.0,brown,1
J171,I134,241.0,245.0,green,2
J171,I1158,2986.0,2994.0,green,1
J1815,I1450,3961.0,3965.0,green,1
J1815,I1674,4746.0,4751.0,brown,2
J1815,I2794,8625.0,8629.0,green,1
J1815,I3883,11661.0,11668.0,green,1
J344,I3268,10155.0,10156.0,green,1
J344,I3572,10961.0,10962.0,brown,1
J1073,I571,1264.0,1267.0,brown,1
J1073,I1244,3267.0,3277.0,green,2
J1073,I2044,6081.0,6082.0,green,1
J1073,I2412,7432.0,7443.0,brown,1
J1365,I2021,5999.0,6000.0,brown,1
J735,I1269,3387.0,3388.0,brown,1
J735,I3110,9640.0,9645.0,green,3
J735,I3114,9652.0,9656.0,green,1
J1265,I1237,3240.0,3246.0,green,4
J1265,I1461,3994.0,3997.0,green,2
J1804,I96,164.0,169.0,brown,3
J1804,I128,233.0,236.0,green,2
J1439,I2340,7151.0,7155.0,green,1
J1439,I2372,7285.0,7287.0,green,2
J1439,I2404,7414.0,7415.0,green,1
J1439,I2436,7504.0,7507.0,green,1
J1439,I2565,7956.0,7960.0,brown,1
J1478,I1456,3975.0,3979.0,brown,4
J1478,I1488,4085.0,4092.0,green,1
J1478,I2064,6143.0,6146.0,brown,1
J751,I1309,3521.0,3530.0,brown,5
J751,I1725,4920.0,4923.0,brown,1
J56,I117,208.0,209.0,green,1
J56,I149,275.0,276.0,green,1
J56,I182,337.0,338.0,green,1
J56,I1790,5211.0,5223.0,brown,1
J760,I300,578.0,580.0,green,1
J760,I429,877.0,880.0,green,1
J760,I492,1042.0,1046.0,green,1
J760,I557,1218.0,1224.0,green,1
J760,I2401,7407.0,7411.0,green,1
J760,I2405,7415.0,7418.0,green,1
J517,I821,1916.0,1931.0,brown,4
J517,I1784,5166.0,5184.0,green,2
J1732,I2746,8468.0,8477.0,green,1
J1732,I2937,9098.0,9109.0,brown,1
J1732,I3801,11502.0,11507.0,green,1
J307,I630,1397.0,1404.0,brown,1
J307,I1206,3150.0,3163.0,green,1
J307,I2078,6190.0,6197.0,green,1
J307,I2550,7897.0,7906.0,green,1
J1666,I2375,7289.0,7291.0,green,2
J1666,I2567,7962.0,7964.0,green,2
J1666,I3111,9645.0,9650.0,green,2
J1206,I824,1934.0,1936.0,green,1
J1206,I856,2049.0,2051.0,green,1
J1206,I1208,3164.0,3166.0,green,1
J1206,I3898,11704.0,11706.0,green,2
J1206,I3946,11816.0,11817.0,green,1
J812,I1914,5623.0,5626.0,green,1
J812,I3131,9705.0,9714.0,green,1
J812,I3839,11576.0,11578.0,green,2
J1968,I484,1026.0,1029.0,green,2
J1968,I516,1101.0,1103.0,green,1
J1968,I3589,11001.0,11006.0,green,1
J1968,I3973,11868.0,11872.0,brown,2
J1867,I1227,3219.0,3220.0,green,1
J1867,I1708,4858.0,4865.0,green,1
J1867,I3724,11334.0,11339.0,green,1
J1867,I3774,11444.0,11447.0,green,3
J828,I1650,4651.0,4658.0,green,2
J828,I1850,5391.0,5401.0,green,1
J828,I1873,5474.0,5482.0,green,1
J828,I1978,5865.0,5869.0,green,1
J828,I2050,6097.0,6100.0,green,1
J592,I1545,4285.0,4299.0,brown,2
J592,I3402,10524.0,10537.0,green,2
J1323,I2211,6689.0,6694.0,green,1
J1323,I2339,7149.0,7151.0,green,2
J1323,I2371,7284.0,7285.0,green,1
J1323,I2399,7388.0,7404.0,green,2
J1259,I1618,4560.0,4561.0,green,1
J1259,I1619,4561.0,4566.0,green,3
J1259,I2130,6406.0,6408.0,green,1
J1259,I2215,6707.0,6709.0,green,1
J1404,I1015,2493.0,2496.0,green,2
J1404,I1271,3389.0,3398.0,green,2
J1404,I2487,7690.0,7698.0,brown,1
J1404,I3315,10290.0,10294.0,brown,1
J826,I424,863.0,870.0,green,2
J826,I714,1635.0,1637.0,brown,1
J826,I1578,4408.0,4423.0,green,2
J1059,I1399,3785.0,3790.0,green,2
J1059,I1432,3891.0,3895.0,green,1
J1059,I1879,5494.0,5503.0,red,1
J1059,I2007,5970.0,5973.0,brown,1
J148,I286,549.0,551.0,green,2
J148,I350,684.0,688.0,brown,1
J148,I446,914.0,915.0,green,1
J148,I1470,4027.0,4028.0,green,1
J806,I1466,4009.0,4013.0,green,1
J806,I1498,4107.0,4112.0,green,1
J806,I1530,4243.0,4246.0,green,1
J806,I1658,4701.0,4706.0,green,3
J11,I17,28.0,30.0,green,2
J11,I25,46.0,47.0,green,1
J11,I50,84.0,85.0,green,1
J11,I114,201.0,203.0,green,2
J627,I994,2440.0,2443.0,green,1
J627,I2595,8048.0,8053.0,green,2
J627,I2755,8517.0,8520.0,green,2
J627,I2787,8611.0,8612.0,green,1
J284,I106,182.0,184.0,green,1
J284,I458,947.0,949.0,brown,1
J284,I777,1811.0,1823.0,green,3
J284,I1362,3672.0,3675.0,green,1
J473,I215,398.0,403.0,red,1
J473,I280,534.0,538.0,green,1
J473,I920,2227.0,2232.0,green,1
J473,I1112,2832.0,2833.0,brown,1
J473,I1784,5166.0,5184.0,green,1
J473,I2008,5973.0,5974.0,brown,1
J1906,I3440,10625.0,10629.0,brown,1
J178,I340,664.0,666.0,green,2
J178,I502,1069.0,1070.0,green,1
J178,I790,1850.0,1851.0,brown,1
J178,I1110,2826.0,2831.0,brown,1
J178,I1398,3777.0,3785.0,green,1
J1330,I1123,2865.0,2868.0,green,1
J1330,I1154,2969.0,2974.0,green,2
J1330,I2211,6689.0,6694.0,green,2
J1330,I2691,8295.0,8302.0,green,1
J340,I2218,6715.0,6720.0,green,1
J340,I2857,8843.0,8845.0,brown,1
J1238,I1764,5076.0,5092.0,green,3
J1238,I1955,5782.0,5783.0,green,1
J1238,I2051,6100.0,6110.0,green,2
J338,I521,1123.0,1124.0,green,1
J338,I1787,5188.0,5199.0,green,4
J338,I1977,5862.0,5865.0,brown,1
J1466,I947,2311.0,2314.0,green,1
J1466,I1811,5277.0,5285.0,brown,1
J1466,I2771,8560.0,8567.0,green,1
J1461,I171,319.0,320.0,green,1
J1461,I203,378.0,379.0,brown,1
J1461,I1131,2893.0,2898.0,brown,1
J1461,I1356,3657.0,3662.0,green,1
J1461,I2880,8910.0,8911.0,green,1
J1461,I2948,9152.0,9155.0,green,1
J1212,I1411,3823.0,3825.0,brown,1
J1212,I1763,5069.0,5076.0,green,1
J1212,I1764,5076.0,5092.0,green,2
J1212,I2072,6173.0,6181.0,green,1
J1212,I2119,6348.0,6355.0,green,1
J524,I1338,3611.0,3613.0,green,2
J322,I612,1358.0,1362.0,green,2
J322,I804,1873.0,1875.0,brown,1
J322,I2276,6929.0,6934.0,brown,1
J322,I3005,9331.0,9337.0,green,1
J322,I3173,9848.0,9852.0,green,1
J1008,I1560,4364.0,4365.0,green,1
J1008,I1656,4688.0,4698.0,green,2
J1008,I1688,4791.0,4792.0,brown,1
J1008,I1752,5004.0,5005.0,green,1
J1008,I1952,5767.0,5768.0,brown,1
J511,I2437,7507.0,7508.0,green,1
J511,I2886,8927.0,8936.0,green,1
J511,I2981,9258.0,9260.0,brown,1
J305,I775,1802.0,1810.0,green,3
J305,I927,2246.0,2247.0,brown,1
J437,I351,688.0,690.0,brown,1
J437,I895,2147.0,2159.0,brown,1
J437,I2464,7612.0,7613.0,green,1
J437,I2560,7940.0,7941.0,brown,1
J437,I3328,10332.0,10335.0,green,1
J437,I3372,10456.0,10457.0,brown,1
J1005,I1259,3350.0,3356.0,green,2
J1005,I1771,5122.0,5125.0,green,1
J1005,I2208,6663.0,6678.0,green,2
J1005,I2412,7432.0,7443.0,brown,1
J1774,I1758,5041.0,5055.0,green,2
J1774,I3294,10238.0,10248.0,green,2
J1389,I913,2211.0,2214.0,green,2
J1389,I3814,11532.0,11533.0,green,1
J1389,I3826,11553.0,11555.0,green,2
J918,I1891,5535.0,5537.0,brown,1
J918,I1956,5783.0,5789.0,green,2
J1945,I3788,11478.0,11479.0,green,1
J1945,I3820,11539.0,11543.0,green,2
J1945,I3916,11749.0,11752.0,brown,1
J1945,I4010,11936.0,11938.0,green,2
J1472,I2438,7508.0,7513.0,green,2
J1472,I2725,8421.0,8428.0,red,1
J1762,I2648,8187.0,8192.0,brown,5
J1762,I3576,10971.0,10975.0,brown,1
J1480,I2793,8619.0,8625.0,brown,3
J1480,I3018,9384.0,9395.0,green,2
J1480,I3082,9552.0,9554.0,green,1
J1284,I849,2025.0,2029.0,brown,2
J1284,I946,2305.0,2311.0,green,2
J1284,I2482,7670.0,7675.0,green,1
J1284,I2946,9139.0,9147.0,green,1
J885,I1363,3675.0,3678.0,green,2
J885,I1427,3872.0,3877.0,green,2
J885,I1860,5428.0,5432.0,green,2
J1170,I2260,6883.0,6885.0,brown,1
J1170,I3125,9685.0,9686.0,green,1
J1170,I3253,10112.0,10114.0,green,2
J1170,I3861,11622.0,11623.0,green,1
J1709,I3159,9791.0,9816.0,green,5
J1709,I3319,10303.0,10307.0,green,1
J842,I1060,2636.0,2642.0,green,2
J842,I1572,4390.0,4393.0,green,1
J842,I1580,4434.0,4438.0,brown,1
J1279,I2136,6429.0,6446.0,brown,2
J1279,I2553,7917.0,7919.0,green,2
J407,I688,1571.0,1572.0,brown,1
J407,I1488,4085.0,4092.0,green,2
J1296,I2200,6632.0,6634.0,brown,1
J1296,I2217,6711.0,6715.0,green,1
J1296,I2279,6952.0,6961.0,red,3
J1296,I2505,7741.0,7745.0,brown,1
J543,I947,2311.0,2314.0,green,1
J543,I1044,2588.0,2597.0,green,5
J1585,I1448,3959.0,3960.0,green,1
J1585,I1640,4620.0,4621.0,green,1
J1585,I2377,7298.0,7306.0,green,3
J290,I748,1721.0,1725.0,green,1
J290,I909,2197.0,2206.0,green,2
J290,I1805,5264.0,5269.0,green,2
J290,I2717,8385.0,8391.0,green,1
J487,I242,462.0,463.0,green,1
J487,I978,2393.0,2395.0,brown,1
J487,I1010,2476.0,2477.0,brown,1
J487,I1272,3398.0,3403.0,green,1
J360,I2444,7537.0,7546.0,green,2
J360,I2699,8318.0,8330.0,brown,2
J1504,I1340,3615.0,3617.0,green,1
J1504,I1660,4709.0,4717.0,green,1
J1504,I2012,5981.0,5983.0,brown,1
J1060,I3033,9430.0,9435.0,brown,1
J1060,I3354,10398.0,10406.0,green,1
J1060,I3569,10956.0,10959.0,brown,1
J1659,I1605,4506.0,4513.0,green,1
J1659,I2886,8927.0,8936.0,green,3
J1659,I3333,10344.0,10346.0,brown,1
J1659,I3366,10437.0,10439.0,green,1
J1041,I2183,6588.0,6591.0,green,1
J1041,I2326,7109.0,7120.0,brown,1
J1041,I3107,9625.0,9628.0,green,3
J60,I12,23.0,24.0,green,1
J60,I652,1465.0,1471.0,green,2
J1818,I3117,9661.0,9663.0,green,1
J1818,I3245,10081.0,10084.0,green,2
J684,I1167,3029.0,3037.0,green,5
J684,I1775,5133.0,5142.0,green,1
J323,I747,1718.0,1721.0,green,1
J323,I906,2188.0,2191.0,green,1
J323,I1125,2873.0,2880.0,green,1
J323,I1167,3029.0,3037.0,green,1
J323,I1196,3117.0,3121.0,brown,1
J574,I1787,5188.0,5199.0,green,1
J574,I3199,9941.0,9942.0,green,1
J795,I629,1396.0,1397.0,brown,1
J795,I661,1490.0,1492.0,green,1
J795,I2342,7158.0,7163.0,green,1
J795,I2406,7418.0,7419.0,green,1
J1604,I2646,8185.0,8186.0,brown,1
J1604,I2742,8462.0,8464.0,brown,2
J1413,I3472,10705.0,10707.0,green,1
J1413,I3889,11683.0,11685.0,green,1
J1413,I3985,11889.0,11892.0,green,2
J625,I1214,3178.0,3181.0,brown,1
J625,I1246,3278.0,3280.0,green,2
J625,I1821,5316.0,5319.0,green,1
J625,I2686,8274.0,8277.0,brown,1
J183,I622,1373.0,1374.0,brown,1
J183,I782,1833.0,1839.0,green,3
J474,I1309,3521.0,3530.0,brown,1
J474,I1758,5041.0,5055.0,green,2
J474,I3102,9612.0,9614.0,green,2
J1959,I2239,6791.0,6798.0,brown,3
J1959,I3615,11069.0,11073.0,green,1
J1959,I4031,11962.0,11965.0,green,2
J1103,I1257,3336.0,3347.0,green,3
J1103,I2218,6715.0,6720.0,green,2
J1103,I3210,9982.0,9987.0,green,1
J946,I1915,5626.0,5628.0,green,2
J946,I1979,5869.0,5882.0,green,2
J946,I2940,9116.0,9121.0,green,2
J799,I1354,3653.0,3654.0,green,1
J799,I1418,3838.0,3843.0,green,1
J799,I1546,4299.0,4302.0,brown,1
J1637,I1596,4476.0,4485.0,red,1
J1637,I1661,4717.0,4719.0,green,1
J1637,I1693,4803.0,4806.0,brown,1
J1637,I2141,6453.0,6460.0,brown,3
J546,I1742,4957.0,4964.0,brown,1
J546,I1870,5453.0,5458.0,green,1
J546,I2254,6866.0,6870.0,brown,1
J546,I2447,7553.0,7554.0,green,1
J546,I2479,7653.0,7661.0,green,1
J546,I2495,7714.0,7719.0,brown,1
J266,I18,30.0,32.0,green,1
J266,I49,81.0,84.0,green,3
J266,I1235,3236.0,3239.0,green,1
J1273,I1564,4372.0,4375.0,red,1
J1273,I2301,7016.0,7022.0,green,1
J1273,I2812,8695.0,8699.0,brown,2
J468,I782,1833.0,1839.0,green,1
J468,I1038,2559.0,2575.0,brown,2
J468,I2751,8492.0,8505.0,green,3
J1683,I2691,8295.0,8302.0,green,2
J1683,I3587,10994.0,11000.0,green,2
J1429,I2453,7577.0,7578.0,green,1
J1429,I2549,7882.0,7897.0,green,3
J976,I1647,4640.0,4643.0,green,1
J976,I1775,5133.0,5142.0,green,1
J976,I1870,5453.0,5458.0,green,1
J976,I2030,6033.0,6035.0,brown,2
J336,I523,1127.0,1131.0,red,1
J336,I555,1216.0,1217.0,green,1
J336,I1579,4423.0,4434.0,brown,1
J336,I2368,7274.0,7278.0,green,1
J1890,I2484,7677.0,7679.0,brown,1
J1890,I2805,8671.0,8673.0,green,2
J1890,I3189,9893.0,9894.0,green,1
J1890,I3797,11491.0,11496.0,green,1
J1287,I2347,7175.0,7177.0,green,1
J1287,I2746,8468.0,8477.0,green,4
J1287,I2796,8632.0,8642.0,green,1
J1606,I1912,5604.0,5622.0,green,1
J1606,I2585,8021.0,8026.0,green,4
J1606,I3465,10691.0,10697.0,green,1
J1879,I1755,5015.0,5038.0,green,1
J1879,I2907,9007.0,9009.0,brown,2
J1879,I3164,9825.0,9826.0,green,1
J1879,I3420,10579.0,10581.0,brown,1
J962,I1061,2642.0,2646.0,green,2
J962,I1221,3200.0,3201.0,green,1
J962,I1605,4506.0,4513.0,green,2
J1056,I1108,2821.0,2825.0,red,1
J1056,I2133,6413.0,6422.0,green,2
J1056,I2276,6929.0,6934.0,brown,2
J232,I164,299.0,302.0,green,1
J232,I324,631.0,632.0,green,1
J232,I644,1440.0,1441.0,brown,1
J232,I804,1873.0,1875.0,brown,1
J232,I1013,2483.0,2491.0,green,1
J232,I1132,2898.0,2902.0,brown,1
J780,I123,222.0,224.0,green,1
J780,I155,284.0,285.0,green,1
J780,I347,675.0,680.0,green,1
J780,I3030,9421.0,9426.0,brown,1
J624,I2737,8450.0,8455.0,green,2
J624,I3633,11112.0,11114.0,green,1
J624,I3729,11347.0,11350.0,green,2
J624,I3825,11552.0,11553.0,green,1
J1549,I1844,5375.0,5376.0,brown,1
J1549,I1876,5485.0,5489.0,brown,1
J1549,I2549,7882.0,7897.0,green,4
J138,I78,134.0,138.0,green,1
J138,I2302,7022.0,7025.0,green,3
J138,I2598,8057.0,8061.0,green,2
J69,I113,198.0,201.0,green,1
J69,I145,262.0,264.0,brown,1
J69,I273,520.0,522.0,brown,1
J69,I337,659.0,661.0,green,1
J1665,I403,824.0,825.0,green,1
J1665,I3188,9891.0,9893.0,green,1
J967,I1657,4698.0,4701.0,green,1
J967,I2009,5974.0,5977.0,brown,2
J967,I2201,6634.0,6639.0,brown,2
J967,I3134,9718.0,9729.0,green,1
J1076,I2061,6133.0,6137.0,red,3
J1076,I3086,9559.0,9563.0,green,2
J1409,I1225,3210.0,3217.0,green,1
J1409,I2570,7973.0,7975.0,green,1
J1409,I2954,9162.0,9163.0,green,1
J1409,I3274,10167.0,10169.0,green,1
J4,I2379,7309.0,7319.0,green,3
J4,I3131,9705.0,9714.0,green,1
J4,I3163,9824.0,9825.0,green,1
J1222,I895,2147.0,2159.0,brown,1
J1222,I2960,9181.0,9191.0,green,1
J1352,I2127,6378.0,6388.0,green,4
J1352,I2383,7332.0,7336.0,green,2
J1186,I1944,5739.0,5742.0,green,1
J1186,I1959,5791.0,5802.0,green,2
J1193,I1946,5743.0,5747.0,brown,1
J1193,I3323,10311.0,10315.0,green,3
J1193,I3434,10614.0,10618.0,green,1
J1193,I3546,10890.0,10896.0,brown,1
J175,I308,593.0,595.0,green,2
J175,I372,744.0,748.0,green,1
J175,I500,1065.0,1068.0,green,2
J175,I1077,2727.0,2728.0,brown,1
J391,I412,840.0,846.0,green,1
J391,I539,1170.0,1171.0,green,1
J391,I1613,4540.0,4550.0,brown,1
J727,I1708,4858.0,4865.0,green,1
J727,I3532,10849.0,10854.0,green,2
J727,I3608,11044.0,11046.0,green,1
J1719,I3208,9969.0,9976.0,green,3
J1719,I3368,10442.0,10448.0,green,1
J1719,I3911,11734.0,11736.0,green,1
J1719,I3943,11812.0,11814.0,green,1
J1040,I2050,6097.0,6100.0,green,2
J833,I1186,3093.0,3094.0,green,1
J833,I2934,9078.0,9089.0,brown,1
J194,I352,690.0,693.0,brown,2
J1899,I3062,9497.0,9500.0,green,2
J1071,I1712,4880.0,4886.0,green,1
J1071,I2961,9191.0,9192.0,green,1
J579,I661,1490.0,1492.0,green,1
J579,I726,1662.0,1665.0,brown,1
J579,I950,2321.0,2324.0,green,1
J579,I1014,2491.0,2493.0,green,1
J579,I1398,3777.0,3785.0,green,1
J1165,I1875,5484.0,5485.0,green,1
J1165,I2340,7151.0,7155.0,green,3
J1165,I2356,7218.0,7223.0,green,1
J72,I3127,9687.0,9694.0,green,3
J72,I3159,9791.0,9816.0,green,1
J309,I711,1628.0,1630.0,brown,1
J309,I743,1710.0,1712.0,green,1
J309,I775,1802.0,1810.0,green,1
J309,I936,2279.0,2283.0,green,2
J309,I1031,2544.0,2548.0,red,1
J1564,I2000,5953.0,5957.0,green,2
J1564,I2319,7076.0,7092.0,brown,2
J1564,I3134,9718.0,9729.0,green,1
J423,I739,1687.0,1695.0,brown,1
J423,I780,1828.0,1832.0,green,1
J423,I868,2082.0,2084.0,brown,2
J423,I900,2163.0,2168.0,green,1
J496,I405,826.0,828.0,green,1
J496,I469,979.0,981.0,green,1
J496,I1045,2597.0,2601.0,green,1
J496,I1653,4665.0,4669.0,green,1
J784,I1209,3166.0,3169.0,green,1
J784,I1240,3255.0,3256.0,green,1
J784,I1433,3895.0,3906.0,green,3
J784,I1755,5015.0,5038.0,green,1
J413,I1377,3712.0,3717.0,green,1
J413,I1825,5328.0,5329.0,green,1
J413,I2049,6094.0,6097.0,green,1
J1374,I1579,4423.0,4434.0,brown,1
J1374,I2699,8318.0,8330.0,brown,1
J1374,I2795,8629.0,8632.0,green,3
J1374,I3734,11358.0,11360.0,brown,1
J1581,I1879,5494.0,5503.0,red,1
J1581,I2136,6429.0,6446.0,brown,2
J1028,I842,2000.0,2008.0,brown,2
J1028,I874,2093.0,2094.0,brown,1
J1028,I1803,5252.0,5260.0,green,1
J1028,I2943,9129.0,9135.0,green,2
J1672,I2362,7245.0,7252.0,green,1
J1672,I2538,7844.0,7847.0,brown,1
J1672,I2842,8802.0,8805.0,brown,1
J1672,I2939,9110.0,9116.0,green,1
J1672,I3131,9705.0,9714.0,green,2
J1658,I3683,11233.0,11240.0,green,2
J1658,I3779,11457.0,11458.0,green,1
J1250,I975,2383.0,2391.0,red,1
J1250,I1135,2909.0,2913.0,green,1
J1250,I1968,5838.0,5845.0,green,4
J818,I301,580.0,582.0,green,1
J818,I365,722.0,726.0,green,1
J818,I429,877.0,880.0,green,1
J602,I1331,3579.0,3583.0,green,1
J602,I1811,5277.0,5285.0,brown,3
J602,I2835,8775.0,8780.0,brown,1
J602,I2837,8784.0,8795.0,brown,1
J786,I901,2168.0,2174.0,green,1
J786,I965,2359.0,2360.0,green,1
J786,I1062,2646.0,2654.0,green,2
J786,I1670,4736.0,4741.0,brown,1
J1998,I3064,9501.0,9509.0,green,5
J1998,I3255,10124.0,10128.0,green,1
J899,I1251,3301.0,3304.0,red,1
J899,I2019,5991.0,5992.0,brown,1
J899,I2051,6100.0,6110.0,green,1
J899,I2915,9027.0,9033.0,brown,1
J937,I573,1268.0,1272.0,brown,1
J937,I605,1340.0,1347.0,brown,2
J877,I1385,3735.0,3737.0,brown,1
J877,I1609,4525.0,4531.0,green,1
J877,I1641,4621.0,4624.0,green,1
J877,I2153,6503.0,6508.0,green,3
J871,I875,2094.0,2096.0,brown,1
J871,I1131,2893.0,2898.0,brown,1
J871,I1515,4183.0,4190.0,green,2
J871,I1804,5260.0,5264.0,green,1
J871,I2699,8318.0,8330.0,brown,1
J1786,I3622,11090.0,11094.0,green,3
J1099,I689,1572.0,1575.0,brown,1
J1099,I913,2211.0,2214.0,green,1
J1099,I1457,3979.0,3982.0,brown,1
J891,I1751,4996.0,5004.0,green,1
J1084,I987,2419.0,2421.0,red,1
J1084,I2364,7255.0,7264.0,green,1
J327,I347,675.0,680.0,green,1
J327,I443,907.0,908.0,brown,1
J170,I199,362.0,369.0,brown,2
J490,I826,1939.0,1948.0,green,4
J490,I2090,6243.0,6247.0,brown,2
J515,I1006,2468.0,2469.0,brown,1
J515,I1038,2559.0,2575.0,brown,1
J515,I1454,3972.0,3974.0,brown,1
J33,I5,7.0,9.0,green,2
J33,I69,119.0,121.0,green,1
J33,I901,2168.0,2174.0,green,2
J1229,I1718,4896.0,4899.0,green,1
J1229,I1941,5729.0,5737.0,green,1
J1229,I2886,8927.0,8936.0,green,1
J321,I710,1626.0,1628.0,red,1
J321,I774,1801.0,1802.0,green,1
J321,I838,1990.0,1991.0,brown,1
J321,I2785,8607.0,8609.0,green,1
J174,I447,915.0,919.0,green,2
J174,I544,1182.0,1187.0,green,1
J174,I736,1682.0,1684.0,brown,1
J174,I1280,3445.0,3446.0,brown,1
J67,I89,154.0,155.0,brown,1
J67,I121,215.0,218.0,green,2
J1688,I1084,2747.0,2750.0,green,2
J1688,I2205,6649.0,6653.0,green,1
J1688,I3533,10854.0,10862.0,green,1
J1688,I3597,11018.0,11020.0,green,1
J747,I2251,6845.0,6860.0,green,5
J747,I3131,9705.0,9714.0,green,1
J691,I1492,4097.0,4098.0,green,1
J691,I1525,4215.0,4218.0,red,2
J691,I1812,5285.0,5288.0,brown,1
J691,I1876,5485.0,5489.0,brown,1
J691,I2997,9315.0,9317.0,green,1
J561,I1134,2903.0,2909.0,green,1
J561,I1247,3280.0,3290.0,green,3
J561,I1310,3530.0,3535.0,brown,2
J143,I2342,7158.0,7163.0,green,1
J143,I2741,8458.0,8462.0,brown,2
J820,I1655,4681.0,4688.0,green,1
J820,I1656,4688.0,4698.0,green,3
J410,I1499,4112.0,4121.0,green,1
J410,I1619,4561.0,4566.0,green,2
J636,I249,473.0,475.0,green,2
J636,I378,761.0,763.0,green,1
J636,I2974,9230.0,9242.0,green,1
J1922,I3243,10078.0,10079.0,green,1
J1922,I3275,10169.0,10171.0,green,2
J1922,I3308,10278.0,10283.0,brown,3
J1344,I2183,6588.0,6591.0,green,1
J1344,I2355,7209.0,7218.0,green,2
J1844,I612,1358.0,1362.0,green,2
J1844,I1252,3304.0,3311.0,green,2
J1844,I2564,7950.0,7956.0,brown,1
J1844,I3013,9362.0,9372.0,green,1
J421,I1059,2635.0,2636.0,green,1
J421,I1123,2865.0,2868.0,green,1
J421,I1155,2974.0,2982.0,brown,2
J421,I1315,3545.0,3548.0,green,2
J1787,I2220,6723.0,6724.0,green,1
J1787,I2348,7177.0,7178.0,green,1
J1787,I2444,7537.0,7546.0,green,2
J1787,I2540,7848.0,7849.0,green,1
J1787,I3564,10941.0,10944.0,green,1
J1812,I2814,8705.0,8715.0,brown,5
J1812,I3966,11852.0,11855.0,green,1
J1311,I1719,4899.0,4905.0,green,2
J1311,I2552,7907.0,7917.0,green,3
J1311,I2712,8370.0,8376.0,green,1
J1450,I3000,9320.0,9323.0,green,3
J1450,I3080,9542.0,9543.0,green,1
J870,I1690,4798.0,4800.0,brown,1
J870,I1722,4909.0,4915.0,green,3
J870,I1786,5186.0,5188.0,green,1
J870,I1850,5391.0,5401.0,green,1
J702,I1402,3795.0,3796.0,green,1
J702,I1434,3906.0,3916.0,green,2
J1139,I611,1352.0,1358.0,green,1
J1139,I739,1687.0,1695.0,brown,1
J1139,I1157,2984.0,2986.0,green,1
J1139,I2261,6885.0,6886.0,brown,1
J912,I641,1429.0,1438.0,brown,3
J912,I3202,9945.0,9954.0,green,2
J155,I460,950.0,955.0,green,2
J155,I588,1300.0,1305.0,green,2
J155,I748,1721.0,1725.0,green,1
J325,I497,1054.0,1063.0,green,3
J325,I752,1733.0,1735.0,green,1
J325,I944,2301.0,2303.0,green,2
J211,I746,1714.0,1718.0,green,1
J211,I842,2000.0,2008.0,brown,1
J211,I1259,3350.0,3356.0,green,1
J211,I1579,4423.0,4434.0,brown,1
J211,I1755,5015.0,5038.0,green,2
J42,I397,813.0,814.0,brown,1
J42,I461,955.0,961.0,green,1
J42,I493,1046.0,1047.0,green,1
J1889,I1160,2995.0,3006.0,green,1
J1889,I1512,4159.0,4160.0,brown,1
J1889,I3561,10935.0,10938.0,green,1
J582,I1559,4357.0,4364.0,green,1
J582,I2923,9057.0,9061.0,brown,2
J582,I3070,9519.0,9521.0,green,2
J19,I1462,3997.0,4004.0,green,1
J19,I1558,4347.0,4357.0,green,3
J1923,I2548,7871.0,7882.0,green,1
J1923,I3860,11619.0,11622.0,green,3
J1923,I3924,11764.0,11766.0,green,1
J1923,I3942,11810.0,11812.0,green,1
J1972,I3969,11859.0,11863.0,green,1
J1972,I4001,11921.0,11924.0,green,1
J1383,I1558,4347.0,4357.0,green,4
J1383,I2037,6057.0,6059.0,brown,2
J365,I766,1780.0,1785.0,green,1
J365,I1790,5211.0,5223.0,brown,2
J365,I2175,6566.0,6574.0,green,3
J1301,I1716,4893.0,4894.0,green,1
J1301,I1860,5428.0,5432.0,green,1
J1301,I2580,8007.0,8008.0,green,1
J499,I541,1172.0,1174.0,green,1
J499,I605,1340.0,1347.0,brown,2
J499,I957,2334.0,2347.0,green,1
J499,I1758,5041.0,5055.0,green,1
J82,I602,1328.0,1332.0,brown,1
J82,I890,2130.0,2135.0,green,1
J82,I2362,7245.0,7252.0,green,1
J82,I2562,7944.0,7948.0,brown,3
J631,I765,1779.0,1780.0,green,1
J631,I766,1780.0,1785.0,green,1
J631,I894,2143.0,2147.0,brown,3
J631,I1438,3927.0,3934.0,green,1
J117,I1632,4595.0,4605.0,brown,1
J117,I2080,6198.0,6205.0,green,2
J353,I1176,3069.0,3074.0,green,2
J353,I2392,7361.0,7367.0,brown,3
J353,I2809,8681.0,8682.0,green,1
J1995,I2796,8632.0,8642.0,green,1
J1995,I2892,8946.0,8956.0,brown,1
J1995,I3180,9867.0,9870.0,green,1
J1995,I3276,10171.0,10177.0,green,2
J1773,I1182,3088.0,3090.0,green,2
J1773,I1214,3178.0,3181.0,brown,1
J1773,I2015,5985.0,5987.0,green,1
J390,I123,222.0,224.0,green,1
J390,I252,479.0,483.0,green,1
J390,I763,1767.0,1777.0,green,1
J390,I1021,2507.0,2511.0,green,3
J916,I3159,9791.0,9816.0,green,2
J22,I21,35.0,39.0,green,2
J22,I3093,9591.0,9596.0,green,2
J22,I3317,10296.0,10302.0,green,2
J807,I1160,2995.0,3006.0,green,2
J807,I1383,3728.0,3733.0,brown,3
J1616,I2333,7139.0,7141.0,green,2
J1616,I2541,7849.0,7850.0,green,1
J1616,I2574,7978.0,7981.0,brown,1
J1616,I2821,8725.0,8737.0,green,1
J1616,I3013,9362.0,9372.0,green,1
J1300,I2073,6181.0,6183.0,brown,2
J1300,I2586,8026.0,8029.0,green,3
J1300,I2814,8705.0,8715.0,brown,1
J622,I469,979.0,981.0,green,1
J622,I981,2401.0,2403.0,green,1
J622,I1309,3521.0,3530.0,brown,1
J622,I1333,3587.0,3589.0,green,1
J1987,I3246,10084.0,10086.0,green,1
J1987,I3979,11878.0,11880.0,brown,1
J1987,I3983,11883.0,11887.0,green,2
J1987,I4011,11938.0,11939.0,green,1
J1987,I4015,11943.0,11944.0,green,1
J196,I542,1174.0,1177.0,green,3
J196,I574,1272.0,1273.0,brown,1
J686,I1194,3106.0,3112.0,brown,1
J686,I1403,3796.0,3798.0,green,1
J686,I1435,3916.0,3921.0,green,1
J1292,I566,1252.0,1254.0,green,2
J1292,I1238,3246.0,3250.0,green,1
J1292,I1943,5738.0,5739.0,green,1
J1292,I2999,9318.0,9320.0,green,2
J1299,I1905,5586.0,5589.0,brown,2
J1299,I2450,7567.0,7573.0,green,3
J1299,I2486,7686.0,7690.0,brown,1
J1270,I2463,7609.0,7612.0,green,1
J1270,I2480,7661.0,7664.0,green,1
J1270,I2688,8278.0,8282.0,green,3
J1270,I2784,8606.0,8607.0,green,1
J31,I124,224.0,229.0,green,2
J31,I157,286.0,289.0,green,1
J31,I190,348.0,349.0,green,1
J31,I274,522.0,524.0,brown,1
J475,I1718,4896.0,4899.0,green,1
J475,I2678,8259.0,8263.0,green,2
J475,I3286,10201.0,10203.0,green,2
J1003,I948,2314.0,2316.0,green,1
J1003,I949,2316.0,2321.0,green,1
J1003,I2276,6929.0,6934.0,brown,1
J1524,I703,1610.0,1613.0,green,1
J1524,I2575,7981.0,7990.0,brown,2
J1524,I2944,9135.0,9138.0,green,2
J1524,I3136,9733.0,9735.0,green,1
J1733,I1545,4285.0,4299.0,brown,1
J1733,I1578,4408.0,4423.0,green,5
J1189,I1660,4709.0,4717.0,green,3
J1189,I1884,5515.0,5516.0,green,1
J1189,I1916,5628.0,5629.0,green,1
J1917,I2475,7644.0,7645.0,brown,1
J1917,I2667,8238.0,8239.0,brown,1
J1917,I3603,11029.0,11032.0,brown,3
J1917,I3854,11605.0,11608.0,brown,1
J993,I1643,4629.0,4630.0,red,1
J993,I1708,4858.0,4865.0,green,2
J993,I1803,5252.0,5260.0,green,1
J993,I1804,5260.0,5264.0,green,2
J988,I937,2283.0,2285.0,brown,1
J988,I1450,3961.0,3965.0,green,1
J988,I1545,4285.0,4299.0,brown,1
J988,I1578,4408.0,4423.0,green,1
J988,I2942,9123.0,9129.0,green,1
J1823,I2894,8959.0,8960.0,brown,1
J1823,I2959,9179.0,9181.0,green,2
J1823,I3119,9670.0,9674.0,green,1
J506,I1154,2969.0,2974.0,green,1
J506,I1570,4386.0,4389.0,brown,1
J506,I1602,4497.0,4501.0,brown,2
J506,I2178,6578.0,6579.0,brown,1
J210,I170,314.0,319.0,green,3
J210,I201,376.0,377.0,brown,1
J210,I241,460.0,462.0,green,2
J1014,I2024,6007.0,6008.0,green,1
J1014,I2120,6355.0,6356.0,brown,1
J1014,I2377,7298.0,7306.0,green,1
J8,I7,12.0,13.0,green,1
J8,I39,67.0,68.0,green,1
J8,I776,1810.0,1811.0,green,1
J1803,I2441,7525.0,7535.0,green,1
J1803,I2521,7796.0,7797.0,green,1
J1803,I2937,9098.0,9109.0,brown,1
J1803,I3641,11130.0,11133.0,green,2
J1803,I3657,11164.0,11165.0,green,1
J192,I453,929.0,933.0,green,3
J192,I613,1362.0,1363.0,brown,1
J192,I741,1703.0,1708.0,green,1
J192,I1925,5654.0,5667.0,green,1
J1094,I1317,3549.0,3551.0,green,2
J1094,I1702,4831.0,4840.0,brown,3
J1704,I559,1227.0,1231.0,green,1
J1704,I1039,2575.0,2582.0,brown,1
J1704,I1936,5713.0,5717.0,green,1
J1704,I2944,9135.0,9138.0,green,1
J1704,I3088,9569.0,9575.0,green,1
J1704,I3162,9821.0,9824.0,green,1
J797,I121,215.0,218.0,green,1
J797,I184,342.0,343.0,green,1
J145,I104,178.0,181.0,green,1
J145,I125,229.0,230.0,green,1
J145,I210,391.0,393.0,brown,1
J145,I313,600.0,605.0,green,1
J1416,I770,1790.0,1796.0,green,1
J1416,I3171,9842.0,9847.0,green,1
J1416,I3203,9954.0,9955.0,green,1
J1416,I3523,10818.0,10821.0,brown,2
J1416,I3589,11001.0,11006.0,green,1
J1390,I2299,7007.0,7014.0,brown,1
J1390,I2300,7014.0,7016.0,green,1
J1390,I3100,9608.0,9611.0,green,2
J38,I86,148.0,151.0,brown,2
J38,I110,193.0,194.0,green,1
J38,I175,327.0,328.0,green,1
J150,I128,233.0,236.0,green,1
J150,I161,294.0,297.0,green,2
J1430,I1345,3629.0,3630.0,green,1
J1430,I1377,3712.0,3717.0,green,1
J1430,I1633,4605.0,4608.0,brown,2
J1430,I2564,7950.0,7956.0,brown,1
J835,I1397,3773.0,3777.0,green,1
J835,I2582,8013.0,8016.0,green,1
J1550,I1990,5923.0,5924.0,green,1
J1550,I2022,6000.0,6005.0,brown,3
J612,I1928,5682.0,5684.0,green,1
J612,I3177,9855.0,9865.0,green,1
J1388,I2468,7620.0,7621.0,brown,1
J1388,I2629,8151.0,8153.0,green,2
J1388,I3109,9635.0,9640.0,green,1
J299,I653,1471.0,1475.0,green,2
J299,I685,1558.0,1566.0,brown,1
J299,I1086,2752.0,2761.0,green,1
J32,I126,230.0,232.0,green,2
J32,I766,1780.0,1785.0,green,1
J32,I958,2347.0,2348.0,brown,1
J32,I1118,2847.0,2854.0,green,2
J718,I287,551.0,552.0,green,1
J718,I895,2147.0,2159.0,brown,1
J718,I2575,7981.0,7990.0,brown,2
J1542,I2213,6701.0,6704.0,green,1
J1542,I2661,8221.0,8225.0,green,1
J1542,I2693,8305.0,8306.0,green,1
J1054,I1957,5789.0,5790.0,green,1
J1054,I2485,7679.0,7686.0,brown,1
J1886,I456,943.0,944.0,brown,1
J1886,I3625,11097.0,11100.0,green,1
J1886,I3785,11468.0,11471.0,green,3
J1886,I3807,11518.0,11519.0,green,1
J1326,I1789,5204.0,5211.0,green,3
J1326,I2524,7803.0,7811.0,brown,2
J635,I771,1796.0,1798.0,green,1
J557,I1040,2582.0,2585.0,brown,1
J1335,I3612,11054.0,11057.0,green,1
J1335,I3868,11632.0,11635.0,green,3
J617,I859,2058.0,2059.0,green,1
J617,I1179,3077.0,3081.0,brown,1
J617,I2523,7799.0,7803.0,brown,1
J617,I2955,9163.0,9171.0,green,1
J668,I2203,6643.0,6646.0,green,1
J668,I2555,7920.0,7928.0,green,2
J668,I2910,9011.0,9013.0,brown,1
J668,I3291,10219.0,10229.0,green,2
J1885,I3188,9891.0,9893.0,green,1
J1885,I3668,11195.0,11198.0,green,3
J1711,I2248,6834.0,6837.0,green,1
J1711,I2472,7629.0,7634.0,brown,2
J1563,I1596,4476.0,4485.0,red,2
J1563,I1948,5748.0,5758.0,brown,1
J1563,I3653,11149.0,11152.0,green,3
J1721,I1873,5474.0,5482.0,green,2
J1721,I2898,8969.0,8971.0,green,1
J1721,I3618,11079.0,11082.0,green,1
J1721,I3637,11120.0,11122.0,green,2
J1525,I3568,10951.0,10956.0,brown,4
J181,I345,671.0,674.0,green,2
J181,I352,690.0,693.0,brown,1
J181,I461,955.0,961.0,green,1
J181,I561,1234.0,1236.0,green,1
J181,I652,1465.0,1471.0,green,1
J230,I226,427.0,428.0,red,1
J230,I290,556.0,558.0,green,1
J230,I514,1098.0,1099.0,brown,1
J230,I706,1619.0,1621.0,green,1
J230,I1755,5015.0,5038.0,green,1
J230,I1922,5640.0,5648.0,brown,1
J1694,I752,1733.0,1735.0,green,1
J1694,I2964,9203.0,9205.0,brown,1
J1694,I2996,9312.0,9315.0,brown,3
J1376,I1826,5329.0,5332.0,green,2
J1376,I1954,5776.0,5782.0,green,2
J1376,I2211,6689.0,6694.0,green,2
J264,I515,1099.0,1101.0,brown,1
J264,I611,1352.0,1358.0,green,1
J264,I707,1621.0,1623.0,green,1
J264,I1763,5069.0,5076.0,green,1
J264,I1827,5332.0,5342.0,green,1
J264,I1923,5648.0,5650.0,green,1
J200,I455,935.0,943.0,green,1
J200,I1575,4396.0,4398.0,brown,1
J200,I2368,7274.0,7278.0,green,1
J200,I2408,7420.0,7422.0,green,2
J200,I2412,7432.0,7443.0,brown,1
J281,I786,1843.0,1845.0,green,2
J281,I882,2114.0,2117.0,green,1
J281,I1138,2920.0,2926.0,green,1
J281,I1377,3712.0,3717.0,green,1
J364,I777,1811.0,1823.0,green,2
J364,I937,2283.0,2285.0,brown,1
J364,I1545,4285.0,4299.0,brown,2
J564,I707,1621.0,1623.0,green,1
J564,I739,1687.0,1695.0,brown,1
J564,I4012,11939.0,11940.0,green,1
J564,I4020,11950.0,11951.0,green,1
J564,I4036,11970.0,11972.0,green,1
J564,I4050,11992.0,11993.0,brown,1
J996,I2083,6212.0,6216.0,red,2
J996,I2108,6309.0,6317.0,green,1
J354,I181,334.0,337.0,green,2
J866,I1534,4252.0,4253.0,green,1
J866,I1662,4719.0,4723.0,green,1
J866,I2111,6326.0,6330.0,green,1
J866,I2271,6910.0,6919.0,green,3
J162,I111,194.0,196.0,green,1
J162,I199,362.0,369.0,brown,2
J162,I207,387.0,389.0,brown,2
J162,I336,657.0,659.0,green,1
J1553,I2395,7374.0,7379.0,green,3
J1553,I2682,8268.0,8270.0,brown,1
J1553,I2939,9110.0,9116.0,green,1
J623,I1117,2840.0,2847.0,green,1
J623,I1372,3699.0,3700.0,brown,1
J623,I1628,4584.0,4586.0,brown,2
J36,I32,54.0,58.0,green,1
J36,I61,102.0,107.0,green,2
J36,I65,113.0,114.0,green,1
J1414,I2091,6247.0,6249.0,brown,1
J1414,I3340,10358.0,10361.0,green,3
J1599,I3464,10689.0,10691.0,green,2
J1599,I3852,11602.0,11604.0,brown,1
J1321,I2301,7016.0,7022.0,green,1
J1321,I2524,7803.0,7811.0,brown,2
J1579,I2816,8717.0,8719.0,brown,2
J1579,I2836,8780.0,8784.0,brown,1
J1579,I2856,8838.0,8843.0,brown,1
J1579,I2932,9071.0,9076.0,brown,1
J533,I1043,2587.0,2588.0,green,1
J533,I1331,3579.0,3583.0,green,1
J533,I2402,7411.0,7413.0,green,1
J533,I2482,7670.0,7675.0,green,1
J533,I2522,7797.0,7799.0,green,1
J1601,I2051,6100.0,6110.0,green,1
J1601,I2627,8143.0,8145.0,brown,1
J1601,I3332,10343.0,10344.0,green,1
J1043,I1726,4923.0,4926.0,brown,1
J1043,I2399,7388.0,7404.0,green,1
J1043,I2479,7653.0,7661.0,green,2
J1149,I2132,6410.0,6413.0,green,2
J1149,I2228,6756.0,6757.0,green,1
J1149,I2548,7871.0,7882.0,green,2
J1551,I2479,7653.0,7661.0,green,4
J1551,I2574,7978.0,7981.0,brown,1
J1551,I3121,9677.0,9679.0,green,1
J1066,I518,1106.0,1108.0,green,2
J1066,I1927,5673.0,5682.0,green,1
J1066,I2343,7163.0,7166.0,green,3
J733,I1424,3860.0,3870.0,green,1
J733,I2128,6388.0,6401.0,green,1
J1440,I1912,5604.0,5622.0,green,1
J1440,I2264,6889.0,6895.0,brown,1
J287,I394,795.0,799.0,brown,1
J287,I490,1039.0,1041.0,green,1
J287,I519,1108.0,1120.0,green,1
J287,I586,1298.0,1299.0,green,1
J287,I955,2331.0,2333.0,brown,1
J510,I1257,3336.0,3347.0,green,1
J510,I1992,5926.0,5931.0,green,3
J510,I3611,11052.0,11054.0,green,2
J1887,I2063,6138.0,6143.0,red,1
J1887,I2319,7076.0,7092.0,brown,2
J452,I1248,3290.0,3294.0,brown,3
J452,I2113,6333.0,6337.0,green,1
J452,I2244,6816.0,6831.0,brown,1
J452,I2934,9078.0,9089.0,brown,1
J766,I1046,2601.0,2602.0,green,1
J766,I1047,2602.0,2605.0,green,1
J766,I1110,2826.0,2831.0,brown,3
J766,I1979,5869.0,5882.0,green,1
J294,I427,873.0,875.0,green,2
J294,I971,2368.0,2371.0,brown,1
J294,I1772,5125.0,5129.0,green,2
J460,I450,926.0,927.0,green,1
J460,I547,1192.0,1194.0,red,1
J460,I834,1972.0,1977.0,green,1
J460,I1794,5230.0,5234.0,brown,2
J1613,I1396,3766.0,3773.0,green,1
J1613,I1427,3872.0,3877.0,green,1
J1613,I3620,11083.0,11088.0,green,3
J1613,I3684,11240.0,11241.0,green,1
J213,I329,640.0,641.0,brown,1
J213,I2794,8625.0,8629.0,green,2
J213,I2890,8942.0,8944.0,green,1
J213,I2986,9267.0,9275.0,green,2
J1295,I740,1695.0,1703.0,brown,4
J1295,I2949,9155.0,9156.0,green,1
J1295,I3301,10267.0,10268.0,green,1
J1205,I257,491.0,492.0,brown,1
J1205,I353,693.0,696.0,brown,1
J1205,I2690,8289.0,8295.0,green,1
J2000,I4037,11972.0,11973.0,green,1
J2000,I4046,11985.0,11987.0,green,1
J2000,I4053,11995.0,11996.0,brown,1
J2000,I4054,11996.0,11997.0,brown,1
J1426,I1241,3256.0,3259.0,green,1
J1426,I1817,5301.0,5302.0,brown,1
J1426,I2362,7245.0,7252.0,green,1
J1426,I3434,10614.0,10618.0,green,1
J1426,I3601,11026.0,11028.0,brown,2
J1717,I2245,6831.0,6832.0,brown,1
J1717,I2342,7158.0,7163.0,green,1
J1717,I2469,7621.0,7623.0,brown,2
J1717,I2501,7734.0,7736.0,brown,1
J1919,I3033,9430.0,9435.0,brown,2
J1919,I3902,11713.0,11716.0,green,2
J1919,I3970,11863.0,11864.0,green,1
J296,I72,123.0,128.0,green,2
J296,I136,246.0,247.0,green,1
J296,I712,1630.0,1632.0,brown,1
J296,I1768,5105.0,5118.0,brown,1
J1594,I3368,10442.0,10448.0,green,2
J1445,I2485,7679.0,7686.0,brown,1
J1445,I2522,7797.0,7799.0,green,1
J1445,I2550,7897.0,7906.0,green,2
J1445,I2598,8057.0,8061.0,green,1
J1445,I2734,8442.0,8444.0,green,1
J208,I1301,3507.0,3508.0,brown,1
J208,I1755,5015.0,5038.0,green,2
J630,I761,1762.0,1764.0,green,1
J630,I793,1853.0,1858.0,brown,1
J630,I1241,3256.0,3259.0,green,1
J630,I1433,3895.0,3906.0,green,1
J630,I2554,7919.0,7920.0,green,1
J630,I3434,10614.0,10618.0,green,1
J1108,I1513,4160.0,4175.0,green,3
J480,I344,670.0,671.0,green,1
J480,I632,1406.0,1410.0,brown,1
J480,I920,2227.0,2232.0,green,2
J724,I1174,3062.0,3065.0,green,3
J724,I1431,3888.0,3891.0,green,2
J724,I1655,4681.0,4688.0,green,1
J280,I570,1263.0,1264.0,brown,1
J280,I602,1328.0,1332.0,brown,1
J1185,I935,2272.0,2279.0,green,1
J1185,I1031,2544.0,2548.0,red,1
J1185,I1576,4398.0,4401.0,brown,3
J1185,I1696,4810.0,4816.0,brown,1
J1011,I362,715.0,716.0,green,1
J1011,I394,795.0,799.0,brown,2
J1011,I490,1039.0,1041.0,green,1
J1011,I3319,10303.0,10307.0,green,1
J1156,I1982,5893.0,5908.0,green,6
J289,I789,1849.0,1850.0,brown,1
J289,I821,1916.0,1931.0,brown,1
J289,I1205,3146.0,3150.0,green,1
J289,I1654,4669.0,4681.0,green,1
J708,I1771,5122.0,5125.0,green,1
J708,I2796,8632.0,8642.0,green,2
J708,I3533,10854.0,10862.0,green,1
J125,I127,232.0,233.0,green,1
J125,I160,292.0,294.0,green,1
J125,I447,915.0,919.0,green,1
J125,I2575,7981.0,7990.0,brown,1
J125,I2736,8446.0,8450.0,green,1
J920,I304,585.0,588.0,red,1
J920,I2785,8607.0,8609.0,green,1
J920,I3057,9489.0,9492.0,green,1
