Job,Interval,Start,End,Energy,Flow
J215,I275,574.0,577.0,green,2
J215,I339,754.0,757.0,green,2
J215,I371,832.0,834.0,green,1
J215,I787,2102.0,2110.0,green,1
J672,I741,1936.0,1942.0,green,2
J672,I742,1942.0,1949.0,green,1
J672,I997,2910.0,2916.0,green,2
J542,I567,1380.0,1383.0,green,3
J542,I631,1615.0,1620.0,green,1
J107,I866,2383.0,2394.0,green,1
J107,I899,2523.0,2539.0,green,1
J107,I930,2623.0,2627.0,green,2
J107,I1058,3136.0,3141.0,green,1
J107,I1577,4945.0,4957.0,brown,1
J984,I1302,4070.0,4077.0,green,1
J984,I1461,4611.0,4612.0,brown,1
J984,I1462,4612.0,4618.0,red,1
J62,I210,410.0,412.0,brown,1
J62,I242,496.0,498.0,green,1
J62,I466,1115.0,1117.0,green,1
J62,I499,1196.0,1200.0,green,1
J724,I1297,4039.0,4041.0,green,1
J724,I1298,4041.0,4051.0,green,3
J724,I1394,4407.0,4430.0,green,1
J724,I1457,4604.0,4605.0,brown,1
J325,I749,1971.0,1974.0,brown,2
J325,I781,2066.0,2078.0,green,1
J14,I68,113.0,116.0,brown,2
J14,I70,118.0,119.0,green,1
J14,I132,246.0,250.0,green,1
J14,I256,530.0,531.0,green,1
J14,I260,534.0,537.0,green,1
J102,I867,2394.0,2397.0,green,1
J102,I1467,4631.0,4634.0,brown,2
J102,I1652,5165.0,5170.0,green,2
J102,I1668,5215.0,5216.0,green,1
J217,I544,1332.0,1333.0,brown,1
J217,I608,1555.0,1560.0,green,1
J217,I733,1908.0,1910.0,brown,1
J217,I742,1942.0,1949.0,green,1
J222,I318,700.0,701.0,red,1
J222,I607,1548.0,1555.0,green,1
J222,I799,2157.0,2162.0,green,3
J222,I831,2260.0,2267.0,brown,1
J238,I350,781.0,792.0,brown,1
J238,I607,1548.0,1555.0,green,2
J238,I1119,3396.0,3398.0,green,1
J662,I1158,3564.0,3565.0,green,1
J662,I1190,3675.0,3683.0,green,1
J662,I1191,3683.0,3689.0,green,3
J662,I1254,3904.0,3907.0,brown,1
J445,I1098,3317.0,3320.0,green,1
J445,I1698,5314.0,5316.0,brown,1
J445,I1770,5490.0,5492.0,brown,2
J754,I452,1067.0,1070.0,green,3
J754,I484,1156.0,1157.0,green,1
J754,I996,2893.0,2910.0,green,1
J754,I1028,3034.0,3036.0,brown,1
J330,I568,1383.0,1392.0,green,2
J330,I792,2126.0,2127.0,green,1
J330,I793,2127.0,2136.0,green,2
J330,I920,2603.0,2607.0,brown,1
J175,I1949,5864.0,5866.0,brown,2
J175,I1979,5926.0,5931.0,brown,1
J193,I251,520.0,522.0,green,2
J193,I539,1321.0,1323.0,brown,2
J193,I571,1403.0,1406.0,green,1
J193,I955,2744.0,2756.0,green,1
J11,I37,56.0,57.0,green,1
J11,I71,119.0,120.0,green,1
J11,I87,149.0,150.0,green,1
J11,I247,509.0,515.0,brown,1
J11,I439,1024.0,1028.0,green,1
J11,I487,1161.0,1162.0,green,1
J355,I736,1915.0,1926.0,green,1
J355,I767,2031.0,2033.0,red,1
J355,I832,2267.0,2269.0,brown,2
J355,I1120,3398.0,3399.0,brown,1
J355,I1440,4553.0,4557.0,brown,1
J868,I1564,4905.0,4912.0,brown,2
J868,I1612,5061.0,5063.0,brown,1
J868,I1644,5146.0,5148.0,green,1
J868,I1676,5230.0,5231.0,green,1
J466,I1034,3059.0,3062.0,green,1
J466,I1098,3317.0,3320.0,green,1
J466,I1194,3698.0,3708.0,green,2
J351,I627,1608.0,1610.0,green,2
J351,I660,1690.0,1695.0,green,3
J351,I733,1908.0,1910.0,brown,1
J250,I1052,3117.0,3119.0,green,1
J250,I1084,3258.0,3265.0,green,2
J399,I1146,3490.0,3491.0,green,1
J399,I1148,3498.0,3499.0,green,1
J399,I1149,3499.0,3508.0,green,1
J399,I1161,3571.0,3583.0,green,1
J399,I1162,3583.0,3585.0,green,1
J399,I1170,3605.0,3608.0,green,1
J158,I206,402.0,403.0,brown,1
J158,I270,561.0,566.0,green,1
J158,I1230,3830.0,3832.0,brown,1
J158,I1259,3925.0,3926.0,green,1
J158,I1291,4015.0,4023.0,green,2
J669,I1363,4291.0,4296.0,green,2
J669,I1458,4605.0,4607.0,brown,2
J669,I1698,5314.0,5316.0,brown,1
J669,I1795,5543.0,5544.0,green,1
J598,I579,1430.0,1435.0,green,1
J598,I835,2275.0,2276.0,brown,1
J598,I1284,3998.0,4005.0,green,1
J18,I135,252.0,254.0,green,1
J18,I360,812.0,813.0,green,1
J18,I392,886.0,887.0,green,1
J18,I424,962.0,963.0,green,1
J18,I520,1267.0,1272.0,brown,1
J690,I375,839.0,844.0,green,1
J690,I471,1125.0,1126.0,brown,1
J690,I887,2484.0,2490.0,green,1
J458,I660,1690.0,1695.0,green,2
J458,I1429,4526.0,4530.0,green,1
J458,I1468,4634.0,4635.0,brown,1
J458,I1557,4894.0,4896.0,green,1
J441,I904,2551.0,2553.0,red,1
J522,I1053,3119.0,3122.0,green,1
J522,I1054,3122.0,3126.0,green,2
J522,I1056,3127.0,3134.0,green,1
J522,I1070,3193.0,3194.0,brown,1
J522,I1079,3226.0,3231.0,brown,1
J256,I589,1480.0,1488.0,green,1
J256,I621,1582.0,1589.0,green,1
J256,I1534,4815.0,4822.0,green,1
J256,I1565,4912.0,4915.0,brown,1
J256,I1566,4915.0,4919.0,green,2
J545,I661,1695.0,1696.0,green,1
J545,I758,2006.0,2012.0,green,2
J545,I1173,3614.0,3615.0,green,1
J545,I1189,3661.0,3675.0,green,1
J545,I1237,3851.0,3863.0,green,1
J181,I132,246.0,250.0,green,2
J346,I421,954.0,957.0,red,1
J346,I1286,4006.0,4009.0,green,2
J346,I1702,5328.0,5332.0,brown,1
J346,I1782,5518.0,5519.0,green,1
J936,I1478,4660.0,4661.0,green,1
J936,I1678,5234.0,5243.0,green,3
J936,I1798,5546.0,5552.0,green,2
J354,I892,2500.0,2504.0,brown,4
J505,I1101,3333.0,3334.0,green,1
J505,I1133,3450.0,3451.0,brown,1
J505,I1551,4876.0,4883.0,green,2
J384,I662,1696.0,1697.0,brown,1
J384,I1014,2984.0,2994.0,brown,3
J384,I1871,5708.0,5710.0,green,1
J481,I111,195.0,198.0,green,1
J481,I1135,3457.0,3461.0,brown,1
J481,I1327,4168.0,4182.0,green,1
J481,I1488,4686.0,4692.0,green,2
J481,I1519,4764.0,4769.0,brown,1
J395,I732,1904.0,1908.0,green,1
J395,I1053,3119.0,3122.0,green,1
J395,I1149,3499.0,3508.0,green,2
J395,I1237,3851.0,3863.0,green,2
J995,I585,1465.0,1476.0,green,1
J995,I1033,3047.0,3059.0,green,1
J995,I1226,3814.0,3824.0,green,1
J995,I1385,4372.0,4378.0,brown,1
J995,I1577,4945.0,4957.0,brown,1
J196,I507,1221.0,1225.0,brown,3
J196,I571,1403.0,1406.0,green,1
J196,I795,2144.0,2147.0,green,1
J859,I1696,5306.0,5313.0,green,5
J859,I1759,5454.0,5467.0,brown,1
J339,I488,1162.0,1164.0,green,1
J339,I584,1458.0,1465.0,green,1
J339,I744,1953.0,1956.0,brown,1
J426,I447,1052.0,1055.0,green,1
J426,I1439,4551.0,4553.0,brown,1
J353,I76,127.0,133.0,red,1
J353,I1452,4579.0,4587.0,green,1
J353,I1485,4677.0,4683.0,green,2
J353,I1741,5415.0,5418.0,green,1
J353,I1909,5789.0,5790.0,green,1
J304,I1590,4981.0,4990.0,green,2
J304,I1814,5579.0,5580.0,green,1
J304,I1855,5670.0,5671.0,brown,1
J304,I1862,5689.0,5694.0,green,2
J808,I694,1779.0,1781.0,red,1
J808,I758,2006.0,2012.0,green,2
J808,I982,2839.0,2841.0,brown,1
J808,I1014,2984.0,2994.0,brown,1
J580,I1209,3760.0,3765.0,red,2
J580,I1226,3814.0,3824.0,green,2
J955,I1409,4476.0,4478.0,green,1
J955,I1829,5614.0,5618.0,green,2
J289,I701,1806.0,1811.0,brown,2
J289,I957,2758.0,2760.0,green,2
J161,I495,1179.0,1186.0,green,3
J161,I591,1489.0,1496.0,green,1
J161,I1199,3729.0,3730.0,green,1
J161,I1231,3832.0,3835.0,green,1
J283,I323,708.0,713.0,red,1
J283,I387,876.0,878.0,brown,1
J283,I580,1435.0,1442.0,green,2
J283,I1091,3284.0,3294.0,green,1
J283,I1123,3404.0,3410.0,brown,1
J543,I826,2236.0,2237.0,green,1
J543,I859,2357.0,2361.0,green,1
J543,I955,2744.0,2756.0,green,1
J543,I1179,3635.0,3640.0,brown,1
J214,I1187,3659.0,3660.0,green,1
J214,I1584,4969.0,4972.0,green,2
J214,I1700,5323.0,5327.0,brown,2
J911,I362,815.0,816.0,green,1
J911,I1914,5798.0,5800.0,brown,1
J911,I1938,5843.0,5845.0,brown,1
J911,I1978,5924.0,5926.0,brown,1
J720,I789,2114.0,2120.0,green,1
J720,I1598,5017.0,5020.0,green,1
J720,I1622,5083.0,5086.0,green,1
J828,I1232,3835.0,3838.0,green,1
J828,I1360,4280.0,4286.0,green,2
J828,I1489,4692.0,4694.0,green,2
J828,I1649,5158.0,5162.0,green,1
J607,I168,305.0,306.0,green,1
J607,I200,387.0,389.0,brown,1
J607,I961,2766.0,2777.0,green,2
J607,I1032,3043.0,3047.0,green,1
J493,I179,325.0,336.0,green,2
J493,I404,910.0,916.0,green,3
J493,I1819,5588.0,5590.0,brown,1
J855,I641,1644.0,1647.0,red,1
J855,I1680,5244.0,5252.0,green,2
J855,I1794,5541.0,5543.0,green,1
J736,I350,781.0,792.0,brown,1
J736,I1551,4876.0,4883.0,green,2
J736,I1599,5020.0,5024.0,green,3
J734,I1261,3928.0,3932.0,green,1
J734,I1742,5418.0,5420.0,green,2
J734,I1774,5501.0,5506.0,brown,2
J734,I1806,5564.0,5565.0,green,1
J123,I267,556.0,557.0,green,1
J123,I1100,3322.0,3333.0,green,4
J123,I1229,3828.0,3830.0,brown,1
J796,I468,1118.0,1121.0,brown,1
J796,I500,1200.0,1202.0,green,1
J796,I563,1367.0,1368.0,red,1
J796,I692,1771.0,1778.0,brown,3
J68,I212,416.0,418.0,brown,2
J68,I244,499.0,504.0,green,2
J68,I245,504.0,508.0,green,1
J397,I876,2429.0,2433.0,green,1
J397,I1100,3322.0,3333.0,green,3
J397,I1299,4051.0,4061.0,green,1
J536,I124,225.0,230.0,green,1
J536,I765,2028.0,2029.0,green,1
J536,I797,2149.0,2153.0,green,1
J536,I1061,3148.0,3154.0,green,1
J536,I1079,3226.0,3231.0,brown,1
J536,I1089,3281.0,3283.0,green,1
J122,I26,38.0,39.0,brown,1
J122,I48,76.0,79.0,green,1
J122,I160,296.0,297.0,green,1
J21,I3,3.0,5.0,green,1
J21,I35,54.0,55.0,green,1
J21,I52,87.0,88.0,green,1
J21,I133,250.0,251.0,green,1
J21,I198,385.0,386.0,brown,1
J703,I143,263.0,264.0,green,1
J703,I304,664.0,667.0,red,1
J703,I1039,3075.0,3077.0,green,1
J703,I1455,4591.0,4595.0,brown,2
J77,I250,518.0,520.0,red,1
J77,I442,1032.0,1035.0,green,2
J77,I1083,3246.0,3258.0,green,1
J77,I1370,4314.0,4315.0,green,1
J790,I871,2403.0,2410.0,green,1
J790,I872,2410.0,2412.0,green,1
J790,I1095,3302.0,3311.0,green,1
J790,I1127,3423.0,3426.0,green,1
J790,I1672,5221.0,5226.0,green,2
J983,I1723,5371.0,5373.0,brown,2
J983,I1884,5739.0,5741.0,green,1
J983,I1952,5869.0,5871.0,green,1
J983,I1964,5894.0,5897.0,green,2
J488,I1033,3047.0,3059.0,green,3
J679,I625,1593.0,1598.0,green,1
J679,I657,1680.0,1684.0,green,1
J679,I689,1761.0,1765.0,brown,3
J84,I122,221.0,222.0,green,1
J84,I155,283.0,285.0,brown,2
J84,I533,1304.0,1311.0,brown,1
J558,I1065,3166.0,3169.0,red,1
J558,I1129,3428.0,3438.0,brown,2
J145,I241,492.0,496.0,green,1
J145,I273,569.0,572.0,green,1
J145,I417,943.0,948.0,brown,2
J248,I440,1028.0,1031.0,green,3
J248,I473,1128.0,1131.0,brown,1
J248,I537,1316.0,1319.0,brown,1
J248,I569,1392.0,1397.0,green,1
J652,I257,531.0,532.0,green,1
J652,I1313,4101.0,4103.0,brown,1
J126,I734,1910.0,1913.0,green,1
J126,I1674,5227.0,5228.0,green,1
J126,I1678,5234.0,5243.0,green,1
J882,I1009,2971.0,2975.0,brown,1
J882,I1041,3079.0,3084.0,brown,1
J802,I1237,3851.0,3863.0,green,1
J802,I1300,4061.0,4068.0,green,2
J802,I1303,4077.0,4080.0,green,2
J994,I1460,4610.0,4611.0,brown,1
J994,I1711,5349.0,5350.0,green,1
J994,I1717,5361.0,5362.0,brown,1
J994,I1749,5430.0,5431.0,brown,1
J579,I1128,3426.0,3428.0,brown,2
J579,I1256,3910.0,3917.0,brown,1
J579,I1257,3917.0,3918.0,green,1
J211,I159,291.0,296.0,brown,2
J211,I255,527.0,530.0,green,1
J211,I828,2239.0,2257.0,green,1
J806,I234,476.0,477.0,green,1
J806,I268,557.0,559.0,green,2
J806,I524,1284.0,1286.0,brown,2
J806,I1484,4676.0,4677.0,green,1
J647,I1269,3946.0,3949.0,red,2
J752,I910,2562.0,2564.0,green,1
J752,I911,2564.0,2567.0,green,1
J752,I1038,3071.0,3075.0,green,1
J752,I1739,5411.0,5412.0,green,1
J207,I1326,4164.0,4168.0,brown,1
J207,I1666,5208.0,5213.0,brown,1
J207,I1683,5256.0,5260.0,green,1
J644,I1366,4299.0,4302.0,green,3
J644,I1546,4860.0,4863.0,green,1
J644,I1590,4981.0,4990.0,green,1
J644,I1791,5534.0,5535.0,green,1
J171,I227,462.0,465.0,green,1
J171,I228,465.0,469.0,green,1
J171,I291,624.0,633.0,green,1
J760,I289,621.0,622.0,red,1
J760,I1298,4041.0,4051.0,green,1
J760,I1648,5155.0,5158.0,green,2
J760,I1665,5203.0,5208.0,brown,1
J964,I1534,4815.0,4822.0,green,5
J964,I1798,5546.0,5552.0,green,1
J762,I1456,4595.0,4604.0,brown,4
J762,I1585,4972.0,4973.0,green,1
J288,I632,1620.0,1621.0,green,1
J288,I640,1642.0,1644.0,brown,1
J288,I664,1698.0,1701.0,brown,1
J815,I411,935.0,936.0,green,1
J815,I572,1406.0,1412.0,green,1
J815,I1051,3114.0,3117.0,green,1
J815,I1631,5102.0,5115.0,green,1
J909,I940,2672.0,2675.0,brown,1
J909,I1549,4865.0,4873.0,green,4
J909,I1772,5494.0,5497.0,brown,1
J628,I1117,3385.0,3392.0,green,1
J628,I1534,4815.0,4822.0,green,1
J628,I1790,5533.0,5534.0,green,1
J628,I1886,5744.0,5745.0,green,1
J628,I1890,5753.0,5755.0,green,2
J539,I914,2572.0,2580.0,green,3
J539,I923,2610.0,2611.0,brown,1
J539,I987,2854.0,2855.0,red,1
J539,I1179,3635.0,3640.0,brown,1
J37,I322,705.0,708.0,brown,2
J37,I578,1428.0,1430.0,green,1
J37,I834,2270.0,2275.0,brown,3
J223,I346,769.0,772.0,green,1
J223,I442,1032.0,1035.0,green,1
J223,I1078,3224.0,3226.0,brown,1
J792,I1497,4703.0,4706.0,red,1
J792,I1513,4748.0,4750.0,green,1
J792,I1545,4857.0,4860.0,green,1
J792,I1569,4923.0,4928.0,brown,1
J700,I988,2855.0,2858.0,red,1
J700,I1020,3004.0,3021.0,green,2
J700,I1212,3768.0,3775.0,brown,2
J700,I1597,5016.0,5017.0,green,1
J660,I950,2724.0,2725.0,green,1
J660,I1631,5102.0,5115.0,green,4
J376,I782,2078.0,2079.0,green,1
J376,I814,2209.0,2213.0,green,4
J376,I914,2572.0,2580.0,green,1
J224,I407,918.0,923.0,green,1
J224,I455,1079.0,1080.0,green,1
J224,I631,1615.0,1620.0,green,2
J224,I663,1697.0,1698.0,brown,1
J270,I221,441.0,443.0,green,1
J270,I381,860.0,864.0,brown,4
J270,I445,1039.0,1051.0,green,1
J950,I1109,3365.0,3370.0,green,1
J950,I1621,5077.0,5083.0,brown,1
J950,I1967,5900.0,5902.0,brown,1
J83,I976,2825.0,2827.0,green,2
J83,I1136,3461.0,3466.0,brown,3
J699,I789,2114.0,2120.0,green,1
J699,I917,2584.0,2593.0,brown,2
J699,I1013,2981.0,2984.0,brown,1
J2,I101,181.0,182.0,red,1
J2,I165,302.0,303.0,green,1
J2,I325,714.0,725.0,brown,1
J2,I1125,3414.0,3416.0,green,1
J600,I456,1080.0,1082.0,green,1
J600,I552,1345.0,1346.0,brown,1
J600,I584,1458.0,1465.0,green,1
J600,I649,1658.0,1659.0,red,1
J600,I1161,3571.0,3583.0,green,1
J600,I1192,3689.0,3695.0,green,1
J893,I1729,5386.0,5387.0,brown,1
J893,I1731,5388.0,5389.0,brown,1
J784,I743,1949.0,1953.0,green,1
J784,I775,2046.0,2051.0,brown,2
J784,I903,2548.0,2551.0,brown,1
J784,I1079,3226.0,3231.0,brown,1
J784,I1404,4455.0,4457.0,brown,1
J205,I1204,3739.0,3746.0,green,3
J150,I615,1570.0,1574.0,red,1
J150,I1031,3038.0,3043.0,brown,2
J150,I1480,4664.0,4672.0,green,1
J150,I1688,5273.0,5287.0,green,1
J381,I224,445.0,452.0,green,4
J381,I255,527.0,530.0,green,1
J381,I543,1331.0,1332.0,brown,1
J918,I1592,4993.0,4998.0,green,1
J918,I1672,5221.0,5226.0,green,3
J918,I1703,5332.0,5337.0,brown,2
J352,I511,1240.0,1243.0,green,2
J352,I576,1421.0,1424.0,green,2
J348,I736,1915.0,1926.0,green,1
J348,I961,2766.0,2777.0,green,3
J348,I1312,4097.0,4101.0,brown,1
J348,I1440,4553.0,4557.0,brown,1
J461,I692,1771.0,1778.0,brown,1
J461,I948,2706.0,2718.0,green,1
J461,I980,2833.0,2838.0,green,1
J461,I1525,4791.0,4796.0,green,2
J461,I1559,4897.0,4898.0,green,1
J293,I222,443.0,444.0,green,1
J293,I350,781.0,792.0,brown,1
J293,I799,2157.0,2162.0,green,1
J293,I1535,4822.0,4830.0,green,1
J293,I1667,5213.0,5215.0,green,2
J6,I42,63.0,65.0,green,1
J6,I778,2060.0,2064.0,green,1
J477,I850,2332.0,2333.0,brown,1
J477,I851,2333.0,2336.0,green,1
J477,I1171,3608.0,3612.0,green,1
J20,I128,238.0,243.0,green,2
J20,I384,869.0,873.0,brown,1
J20,I640,1642.0,1644.0,brown,1
J113,I361,813.0,815.0,green,1
J113,I505,1218.0,1219.0,brown,1
J531,I296,643.0,646.0,red,1
J531,I1865,5697.0,5699.0,green,1
J425,I936,2654.0,2655.0,red,1
J425,I984,2848.0,2850.0,green,2
J425,I1016,2998.0,3000.0,brown,1
J425,I1080,3231.0,3234.0,brown,2
J707,I1203,3735.0,3739.0,green,4
J707,I1235,3844.0,3850.0,green,1
J95,I175,317.0,319.0,green,1
J95,I207,403.0,404.0,green,1
J95,I961,2766.0,2777.0,green,1
J95,I1183,3646.0,3649.0,green,1
J999,I1485,4677.0,4683.0,green,2
J999,I1549,4865.0,4873.0,green,3
J999,I1612,5061.0,5063.0,brown,1
J782,I1611,5059.0,5061.0,brown,2
J104,I247,509.0,515.0,brown,1
J104,I264,544.0,545.0,green,1
J104,I328,728.0,733.0,brown,2
J104,I359,809.0,812.0,green,1
J104,I520,1267.0,1272.0,brown,1
J313,I363,816.0,820.0,green,1
J313,I394,889.0,891.0,brown,1
J313,I522,1279.0,1282.0,brown,1
J313,I874,2417.0,2420.0,green,1
J951,I1049,3106.0,3112.0,green,1
J951,I1577,4945.0,4957.0,brown,1
J951,I1754,5441.0,5446.0,green,1
J571,I904,2551.0,2553.0,red,1
J571,I968,2795.0,2796.0,red,1
J571,I1161,3571.0,3583.0,green,1
J571,I1256,3910.0,3917.0,brown,3
J340,I577,1424.0,1428.0,green,2
J340,I801,2168.0,2171.0,brown,3
J340,I833,2269.0,2270.0,brown,1
J9,I244,499.0,504.0,green,1
J9,I692,1771.0,1778.0,brown,1
J688,I447,1052.0,1055.0,green,1
J688,I1727,5382.0,5384.0,brown,2
J688,I1759,5454.0,5467.0,brown,3
J642,I350,781.0,792.0,brown,3
J642,I1231,3832.0,3835.0,green,2
J423,I463,1102.0,1104.0,green,1
J423,I495,1179.0,1186.0,green,2
J423,I688,1759.0,1761.0,brown,1
J578,I1621,5077.0,5083.0,brown,3
J578,I1738,5410.0,5411.0,green,1
J831,I363,816.0,820.0,green,1
J831,I459,1089.0,1095.0,green,1
J831,I939,2669.0,2672.0,red,1
J50,I205,399.0,402.0,brown,1
J50,I237,484.0,485.0,green,1
J50,I541,1326.0,1328.0,brown,1
J50,I1005,2947.0,2955.0,green,2
J50,I1038,3071.0,3075.0,green,1
J858,I1083,3246.0,3258.0,green,1
J858,I1115,3379.0,3383.0,brown,2
J858,I1274,3962.0,3964.0,red,1
J858,I1307,4086.0,4087.0,brown,1
J173,I152,275.0,279.0,brown,1
J173,I184,345.0,346.0,green,1
J173,I249,516.0,518.0,red,1
J173,I793,2127.0,2136.0,green,1
J173,I1117,3385.0,3392.0,green,2
J453,I215,422.0,429.0,green,2
J453,I247,509.0,515.0,brown,1
J453,I1528,4799.0,4802.0,green,3
J942,I1870,5706.0,5708.0,green,2
J942,I1910,5790.0,5791.0,green,1
J942,I1942,5848.0,5850.0,green,1
J942,I1947,5861.0,5862.0,brown,1
J298,I394,889.0,891.0,brown,1
J298,I426,967.0,977.0,green,1
J298,I522,1279.0,1282.0,brown,1
J209,I426,967.0,977.0,green,4
J209,I437,1010.0,1021.0,green,1
J209,I602,1534.0,1535.0,green,1
J985,I1614,5065.0,5068.0,brown,3
J985,I1774,5501.0,5506.0,brown,1
J359,I369,828.0,831.0,green,1
J359,I1394,4407.0,4430.0,green,5
J443,I898,2521.0,2523.0,green,1
J443,I899,2523.0,2539.0,green,1
J443,I1027,3033.0,3034.0,brown,1
J443,I1091,3284.0,3294.0,green,1
J443,I1724,5373.0,5379.0,brown,1
J63,I221,441.0,443.0,green,1
J63,I254,525.0,527.0,green,1
J63,I262,540.0,543.0,green,1
J63,I319,701.0,702.0,brown,1
J716,I1097,3315.0,3317.0,green,2
J716,I1129,3428.0,3438.0,brown,1
J317,I689,1761.0,1765.0,brown,1
J317,I713,1849.0,1850.0,brown,1
J317,I730,1897.0,1901.0,green,1
J317,I737,1926.0,1928.0,green,1
J317,I745,1956.0,1959.0,brown,1
J895,I1569,4923.0,4928.0,brown,1
J895,I1586,4973.0,4975.0,green,1
J895,I1794,5541.0,5543.0,green,1
J895,I1826,5606.0,5612.0,green,3
J444,I240,487.0,492.0,green,1
J444,I271,566.0,567.0,green,1
J444,I591,1489.0,1496.0,green,2
J774,I995,2892.0,2893.0,green,1
J774,I1091,3284.0,3294.0,green,1
J774,I1828,5613.0,5614.0,green,1
J774,I1860,5683.0,5688.0,green,3
J74,I31,45.0,48.0,brown,3
J74,I179,325.0,336.0,green,1
J24,I46,71.0,74.0,green,1
J24,I62,98.0,105.0,brown,2
J24,I798,2153.0,2157.0,green,1
J24,I846,2319.0,2325.0,brown,1
J431,I1968,5902.0,5903.0,brown,1
J431,I2003,5964.0,5968.0,brown,1
J745,I1317,4118.0,4120.0,brown,1
J745,I1670,5217.0,5218.0,green,1
J745,I1734,5400.0,5403.0,brown,2
J745,I1846,5659.0,5660.0,brown,1
J745,I1894,5759.0,5760.0,brown,1
J621,I1592,4993.0,4998.0,green,1
J621,I1752,5435.0,5436.0,green,1
J891,I1225,3807.0,3814.0,brown,4
J468,I949,2718.0,2724.0,green,4
J468,I1089,3281.0,3283.0,green,1
J380,I605,1540.0,1543.0,green,1
J380,I701,1806.0,1811.0,brown,2
J380,I1079,3226.0,3231.0,brown,1
J380,I1085,3265.0,3271.0,green,1
J650,I695,1781.0,1787.0,red,1
J650,I759,2012.0,2015.0,green,1
J650,I855,2340.0,2348.0,green,2
J650,I1096,3311.0,3315.0,green,1
J650,I1232,3835.0,3838.0,green,1
J202,I47,74.0,76.0,green,1
J202,I1015,2994.0,2998.0,brown,1
J202,I1152,3518.0,3529.0,green,3
J631,I510,1235.0,1240.0,green,2
J631,I574,1413.0,1420.0,green,1
J631,I1587,4975.0,4976.0,green,1
J844,I1084,3258.0,3265.0,green,2
J844,I1115,3379.0,3383.0,brown,1
J844,I1211,3766.0,3768.0,red,1
J844,I1428,4523.0,4526.0,green,2
J372,I761,2016.0,2017.0,green,1
J372,I793,2127.0,2136.0,green,1
J372,I1145,3489.0,3490.0,green,1
J372,I1177,3629.0,3632.0,green,2
J725,I377,847.0,849.0,red,2
J725,I569,1392.0,1397.0,green,1
J725,I1049,3106.0,3112.0,green,1
J725,I1306,4083.0,4086.0,green,1
J725,I1588,4976.0,4977.0,green,1
J172,I131,245.0,246.0,green,1
J172,I164,300.0,302.0,green,1
J172,I260,534.0,537.0,green,2
J172,I436,1008.0,1010.0,green,1
J153,I284,605.0,613.0,green,1
J153,I300,652.0,653.0,green,1
J153,I364,820.0,822.0,green,1
J913,I1406,4459.0,4463.0,brown,1
J913,I1438,4546.0,4551.0,brown,2
J913,I1535,4822.0,4830.0,green,1
J422,I1032,3043.0,3047.0,green,1
J422,I1033,3047.0,3059.0,green,3
J422,I1160,3567.0,3571.0,green,1
J589,I139,258.0,260.0,green,2
J589,I171,310.0,314.0,green,1
J589,I459,1089.0,1095.0,green,1
J589,I1020,3004.0,3021.0,green,1
J201,I137,256.0,257.0,green,1
J201,I426,967.0,977.0,green,1
J201,I489,1164.0,1166.0,green,1
J201,I585,1465.0,1476.0,green,2
J201,I1067,3171.0,3188.0,green,1
J750,I126,231.0,237.0,green,1
J750,I158,288.0,291.0,brown,1
J750,I382,864.0,867.0,brown,1
J750,I1087,3273.0,3277.0,green,1
J750,I1726,5380.0,5382.0,brown,1
J497,I877,2433.0,2446.0,green,1
J497,I1005,2947.0,2955.0,green,1
J497,I1037,3069.0,3071.0,green,1
J497,I1486,4683.0,4684.0,green,1
J497,I1514,4750.0,4751.0,green,1
J497,I1519,4764.0,4769.0,brown,1
J746,I1284,3998.0,4005.0,green,5
J119,I537,1316.0,1319.0,brown,2
J119,I1577,4945.0,4957.0,brown,1
J119,I1594,5001.0,5007.0,green,1
J119,I1652,5165.0,5170.0,green,2
J518,I865,2377.0,2383.0,green,4
J480,I474,1131.0,1134.0,brown,1
J480,I506,1219.0,1221.0,brown,1
J480,I1195,3708.0,3715.0,green,3
J856,I1387,4382.0,4383.0,brown,1
J856,I1419,4499.0,4501.0,brown,2
J856,I1579,4958.0,4961.0,brown,1
J856,I1643,5144.0,5146.0,brown,1
J856,I1680,5244.0,5252.0,green,1
J324,I828,2239.0,2257.0,green,2
J5,I33,50.0,53.0,brown,2
J5,I354,797.0,799.0,green,1
J5,I386,875.0,876.0,brown,1
J5,I578,1428.0,1430.0,green,1
J695,I468,1118.0,1121.0,brown,2
J695,I884,2477.0,2482.0,brown,1
J212,I416,941.0,943.0,brown,2
J212,I448,1055.0,1063.0,green,1
J59,I62,98.0,105.0,brown,2
J59,I126,231.0,237.0,green,2
J478,I828,2239.0,2257.0,green,4
J478,I940,2672.0,2675.0,brown,1
J465,I385,873.0,875.0,brown,1
J465,I1394,4407.0,4430.0,green,3
J465,I1473,4652.0,4654.0,brown,1
J465,I1547,4863.0,4864.0,green,1
J534,I1197,3716.0,3726.0,green,2
J534,I1452,4579.0,4587.0,green,2
J534,I1516,4757.0,4758.0,green,1
J534,I2005,5969.0,5970.0,brown,1
J759,I786,2090.0,2102.0,green,1
J759,I849,2329.0,2332.0,brown,1
J759,I1073,3199.0,3207.0,green,1
J759,I1258,3918.0,3925.0,green,3
J874,I604,1536.0,1540.0,green,1
J874,I732,1904.0,1908.0,green,1
J874,I1117,3385.0,3392.0,green,2
J338,I141,261.0,262.0,green,1
J338,I302,659.0,661.0,red,1
J338,I1134,3451.0,3457.0,brown,1
J338,I1150,3508.0,3516.0,green,1
J649,I1121,3399.0,3402.0,brown,1
J649,I1394,4407.0,4430.0,green,3
J649,I1538,4834.0,4837.0,green,1
J737,I886,2483.0,2484.0,green,1
J737,I983,2841.0,2848.0,green,1
J737,I1079,3226.0,3231.0,brown,1
J737,I1302,4070.0,4077.0,green,3
J236,I23,32.0,33.0,brown,1
J236,I39,58.0,60.0,green,1
J236,I1703,5332.0,5337.0,brown,1
J236,I1864,5695.0,5697.0,green,2
J148,I462,1097.0,1102.0,green,2
J148,I486,1158.0,1161.0,green,2
J148,I526,1290.0,1293.0,brown,1
J148,I670,1712.0,1723.0,brown,1
J183,I371,832.0,834.0,green,1
J183,I451,1065.0,1067.0,green,2
J183,I555,1352.0,1355.0,brown,2
J183,I787,2102.0,2110.0,green,1
J13,I44,66.0,68.0,green,2
J13,I781,2066.0,2078.0,green,3
J13,I1100,3322.0,3333.0,green,1
J132,I705,1815.0,1829.0,green,3
J132,I800,2162.0,2168.0,green,1
J133,I985,2850.0,2852.0,green,1
J133,I1082,3235.0,3246.0,brown,2
J242,I404,910.0,916.0,green,1
J242,I518,1261.0,1266.0,green,4
J242,I629,1611.0,1614.0,green,1
J260,I1511,4743.0,4746.0,green,2
J260,I1815,5580.0,5583.0,green,2
J260,I1831,5629.0,5631.0,green,1
J537,I1019,3003.0,3004.0,green,1
J537,I1083,3246.0,3258.0,green,3
J537,I1179,3635.0,3640.0,brown,1
J537,I1184,3649.0,3655.0,green,1
J881,I1566,4915.0,4919.0,green,2
J881,I1598,5017.0,5020.0,green,1
J881,I1792,5535.0,5538.0,green,1
J513,I955,2744.0,2756.0,green,1
J513,I1020,3004.0,3021.0,green,2
J513,I1115,3379.0,3383.0,brown,1
J709,I1293,4028.0,4030.0,green,2
J709,I1389,4387.0,4392.0,green,1
J709,I1517,4758.0,4761.0,brown,1
J709,I1583,4968.0,4969.0,green,1
J640,I1111,3374.0,3376.0,green,1
J640,I1175,3616.0,3628.0,green,5
J988,I1859,5679.0,5683.0,green,3
J988,I1955,5873.0,5874.0,green,1
J988,I1979,5926.0,5931.0,brown,2
J303,I695,1781.0,1787.0,red,1
J303,I736,1915.0,1926.0,green,1
J303,I791,2125.0,2126.0,green,1
J876,I230,470.0,472.0,brown,1
J876,I262,540.0,543.0,green,1
J876,I1707,5340.0,5346.0,green,1
J550,I1160,3567.0,3571.0,green,1
J550,I1649,5158.0,5162.0,green,3
J550,I1681,5252.0,5254.0,green,1
J665,I1515,4751.0,4757.0,green,2
J788,I1621,5077.0,5083.0,brown,2
J788,I1631,5102.0,5115.0,green,1
J788,I1686,5267.0,5270.0,green,3
J767,I740,1935.0,1936.0,green,1
J767,I804,2173.0,2176.0,green,2
J767,I1092,3294.0,3297.0,green,2
J923,I1265,3939.0,3941.0,red,1
J923,I1329,4183.0,4192.0,red,1
J923,I1618,5072.0,5073.0,brown,1
J923,I1746,5425.0,5427.0,brown,1
J923,I1842,5649.0,5650.0,green,1
J923,I1874,5716.0,5717.0,green,1
J753,I1367,4302.0,4310.0,green,1
J511,I945,2682.0,2694.0,green,4
J511,I1393,4398.0,4407.0,green,1
J511,I1889,5748.0,5753.0,green,1
J509,I847,2325.0,2327.0,brown,1
J509,I943,2678.0,2681.0,brown,3
J509,I1007,2959.0,2961.0,green,1
J509,I1167,3595.0,3600.0,green,1
J292,I588,1478.0,1480.0,green,2
J292,I589,1480.0,1488.0,green,2
J292,I684,1754.0,1755.0,green,1
J292,I844,2313.0,2316.0,brown,1
J42,I538,1319.0,1321.0,brown,2
J42,I1758,5450.0,5454.0,brown,2
J710,I963,2785.0,2789.0,green,2
J710,I1123,3404.0,3410.0,brown,1
J710,I1423,4511.0,4515.0,green,1
J710,I1515,4751.0,4757.0,green,1
J152,I395,891.0,892.0,brown,1
J152,I699,1795.0,1799.0,brown,1
J152,I731,1901.0,1904.0,green,1
J152,I735,1913.0,1915.0,green,2
J904,I1155,3534.0,3555.0,green,1
J904,I1294,4030.0,4033.0,green,1
J904,I1327,4168.0,4182.0,green,2
J705,I1238,3863.0,3866.0,green,3
J705,I1302,4070.0,4077.0,green,1
J705,I1590,4981.0,4990.0,green,1
J776,I1386,4378.0,4382.0,brown,4
J776,I1418,4498.0,4499.0,brown,1
J928,I954,2736.0,2744.0,green,1
J928,I1786,5524.0,5525.0,brown,1
J928,I1851,5666.0,5667.0,brown,1
J928,I1883,5737.0,5739.0,green,1
J963,I1316,4110.0,4118.0,red,1
J963,I1605,5039.0,5046.0,green,1
J963,I1772,5494.0,5497.0,brown,1
J963,I1957,5875.0,5876.0,green,1
J963,I1959,5881.0,5883.0,green,2
J501,I584,1458.0,1465.0,green,1
J501,I616,1574.0,1576.0,red,1
J501,I1193,3695.0,3698.0,green,2
J929,I1699,5316.0,5323.0,brown,4
J262,I492,1173.0,1175.0,green,1
J262,I877,2433.0,2446.0,green,1
J262,I1141,3476.0,3482.0,green,2
J262,I1237,3851.0,3863.0,green,1
J801,I1633,5116.0,5118.0,green,1
J801,I1640,5140.0,5142.0,brown,1
J801,I1681,5252.0,5254.0,green,1
J801,I1793,5538.0,5541.0,green,3
J661,I866,2383.0,2394.0,green,3
J661,I1299,4051.0,4061.0,green,2
J661,I1315,4104.0,4110.0,brown,1
J860,I643,1649.0,1650.0,red,1
J860,I1251,3896.0,3900.0,brown,1
J860,I1552,4883.0,4884.0,green,1
J940,I1208,3758.0,3760.0,red,1
J940,I1240,3871.0,3874.0,brown,3
J940,I1336,4213.0,4215.0,brown,1
J940,I1497,4703.0,4706.0,red,1
J693,I1724,5373.0,5379.0,brown,1
J845,I1830,5618.0,5629.0,green,4
J845,I1958,5876.0,5881.0,green,1
J845,I1962,5890.0,5891.0,green,1
J154,I320,702.0,703.0,brown,1
J154,I705,1815.0,1829.0,green,1
J154,I800,2162.0,2168.0,green,1
J785,I996,2893.0,2910.0,green,1
J785,I1577,4945.0,4957.0,brown,1
J414,I285,613.0,616.0,green,1
J414,I1008,2961.0,2971.0,green,3
J867,I1635,5120.0,5133.0,green,1
J867,I1699,5316.0,5323.0,brown,1
J867,I1719,5365.0,5366.0,brown,1
J208,I1095,3302.0,3311.0,green,2
J208,I1126,3416.0,3423.0,green,2
J208,I1190,3675.0,3683.0,green,1
J208,I1254,3904.0,3907.0,brown,1
J733,I1207,3749.0,3758.0,green,1
J733,I1270,3949.0,3958.0,red,2
J733,I1454,4588.0,4591.0,brown,1
J611,I518,1261.0,1266.0,green,1
J611,I743,1949.0,1953.0,green,1
J611,I983,2841.0,2848.0,green,1
J611,I1159,3565.0,3567.0,green,1
J989,I1541,4844.0,4852.0,green,4
J989,I1829,5614.0,5618.0,green,2
J786,I931,2627.0,2628.0,green,1
J786,I1059,3141.0,3143.0,green,1
J786,I1091,3284.0,3294.0,green,1
J786,I1155,3534.0,3555.0,green,1
J71,I171,310.0,314.0,green,1
J71,I204,398.0,399.0,brown,1
J71,I308,672.0,678.0,green,1
J71,I309,678.0,681.0,brown,2
J937,I1533,4809.0,4815.0,green,3
J728,I725,1878.0,1886.0,green,1
J728,I758,2006.0,2012.0,green,1
J728,I1710,5348.0,5349.0,green,1
J728,I1718,5362.0,5365.0,brown,3
J740,I1106,3347.0,3348.0,green,1
J740,I1107,3348.0,3359.0,green,3
J740,I1170,3605.0,3608.0,green,1
J740,I1298,4041.0,4051.0,green,1
J747,I1392,4395.0,4398.0,green,2
J747,I1393,4398.0,4407.0,green,3
J747,I1520,4769.0,4774.0,red,1
J491,I1466,4630.0,4631.0,brown,1
J722,I878,2446.0,2450.0,green,1
J722,I1774,5501.0,5506.0,brown,1
J829,I763,2019.0,2024.0,green,1
J829,I1083,3246.0,3258.0,green,2
J829,I1147,3491.0,3498.0,green,1
J584,I1057,3134.0,3136.0,green,1
J584,I1121,3399.0,3402.0,brown,1
J584,I1217,3783.0,3786.0,brown,1
J584,I1665,5203.0,5208.0,brown,1
J333,I1005,2947.0,2955.0,green,1
J333,I1182,3645.0,3646.0,green,1
J333,I1326,4164.0,4168.0,brown,1
J80,I246,508.0,509.0,green,1
J80,I270,561.0,566.0,green,1
J562,I359,809.0,812.0,green,1
J562,I775,2046.0,2051.0,brown,3
J562,I1160,3567.0,3571.0,green,1
J299,I171,310.0,314.0,green,1
J299,I747,1966.0,1970.0,brown,1
J299,I843,2303.0,2313.0,green,2
J299,I1067,3171.0,3188.0,green,2
J547,I1180,3640.0,3644.0,brown,2
J547,I1189,3661.0,3675.0,green,2
J294,I384,869.0,873.0,brown,1
J294,I604,1536.0,1540.0,green,1
J294,I705,1815.0,1829.0,green,1
J263,I496,1186.0,1189.0,green,1
J263,I624,1591.0,1593.0,green,1
J263,I1296,4037.0,4039.0,green,1
J263,I1416,4494.0,4496.0,brown,2
J358,I773,2042.0,2045.0,red,1
J358,I1834,5636.0,5637.0,green,1
J358,I1838,5642.0,5643.0,brown,1
J358,I1898,5763.0,5767.0,green,3
J732,I746,1959.0,1966.0,brown,1
J732,I810,2195.0,2200.0,green,1
J732,I1002,2935.0,2937.0,green,2
J428,I790,2120.0,2125.0,green,3
J428,I1110,3370.0,3374.0,green,2
J394,I1177,3629.0,3632.0,green,1
J394,I1209,3760.0,3765.0,red,2
J394,I1428,4523.0,4526.0,green,1
J892,I1392,4395.0,4398.0,green,1
J892,I1456,4595.0,4604.0,brown,2
J848,I1509,4733.0,4737.0,brown,3
J848,I1510,4737.0,4743.0,green,1
J723,I1200,3730.0,3733.0,green,2
J723,I1239,3866.0,3871.0,brown,1
J723,I1263,3933.0,3935.0,green,1
J723,I1343,4229.0,4230.0,brown,1
J723,I1407,4463.0,4468.0,brown,1
J795,I1226,3814.0,3824.0,green,2
J795,I1273,3961.0,3962.0,red,1
J795,I1402,4450.0,4451.0,brown,1
J795,I1434,4539.0,4542.0,red,2
J503,I739,1932.0,1935.0,green,3
J503,I964,2789.0,2791.0,brown,1
J503,I1204,3739.0,3746.0,green,2
J883,I1687,5270.0,5273.0,green,2
J883,I1758,5450.0,5454.0,brown,1
J883,I1863,5694.0,5695.0,green,1
J883,I1975,5913.0,5919.0,green,2
J495,I606,1543.0,1548.0,green,4
J495,I607,1548.0,1555.0,green,1
J495,I1515,4751.0,4757.0,green,1
J34,I182,339.0,344.0,green,1
J34,I215,422.0,429.0,green,1
J34,I247,509.0,515.0,brown,1
J34,I407,918.0,923.0,green,1
J34,I887,2484.0,2490.0,green,1
J765,I1102,3334.0,3338.0,brown,2
J765,I1518,4761.0,4764.0,brown,1
J471,I893,2504.0,2508.0,brown,2
J471,I909,2561.0,2562.0,green,1
J471,I925,2613.0,2616.0,green,1
J471,I998,2916.0,2920.0,green,1
J634,I1090,3283.0,3284.0,green,1
J634,I1122,3402.0,3404.0,brown,2
J634,I1154,3533.0,3534.0,green,1
J634,I1218,3786.0,3789.0,brown,2
J889,I1131,3443.0,3449.0,red,1
J889,I1548,4864.0,4865.0,green,1
J636,I1059,3141.0,3143.0,green,1
J636,I1060,3143.0,3148.0,green,1
J636,I1403,4451.0,4455.0,brown,1
J698,I521,1272.0,1279.0,red,2
J698,I1371,4315.0,4318.0,green,1
J698,I1385,4372.0,4378.0,brown,2
J735,I1180,3640.0,3644.0,brown,1
J735,I1395,4430.0,4431.0,green,1
J735,I1532,4808.0,4809.0,green,1
J888,I1639,5138.0,5140.0,green,2
J888,I1703,5332.0,5337.0,brown,1
J888,I1735,5403.0,5406.0,green,1
J604,I235,477.0,481.0,green,1
J604,I299,650.0,652.0,green,1
J604,I491,1170.0,1173.0,green,1
J604,I587,1477.0,1478.0,green,1
J604,I619,1580.0,1581.0,green,1
J604,I843,2303.0,2313.0,green,1
J295,I896,2514.0,2516.0,green,1
J295,I917,2584.0,2593.0,brown,5
J885,I918,2593.0,2594.0,brown,1
J885,I1014,2984.0,2994.0,brown,3
J885,I1270,3949.0,3958.0,red,1
J885,I1536,4830.0,4833.0,green,1
J967,I670,1712.0,1723.0,brown,1
J967,I1695,5302.0,5306.0,green,4
J967,I1759,5454.0,5467.0,brown,1
J450,I425,963.0,967.0,green,1
J450,I426,967.0,977.0,green,3
J450,I617,1576.0,1579.0,green,1
J450,I1226,3814.0,3824.0,green,1
J878,I444,1036.0,1039.0,green,3
J878,I764,2024.0,2028.0,green,1
J430,I869,2398.0,2401.0,green,1
J430,I1706,5339.0,5340.0,green,1
J430,I1726,5380.0,5382.0,brown,1
J430,I1774,5501.0,5506.0,brown,1
J430,I1830,5618.0,5629.0,green,2
J332,I595,1501.0,1508.0,red,1
J332,I715,1856.0,1857.0,brown,1
J332,I755,1986.0,2003.0,green,3
J332,I788,2110.0,2114.0,green,1
J713,I496,1186.0,1189.0,green,1
J713,I880,2455.0,2469.0,green,2
J713,I1072,3198.0,3199.0,green,1
J713,I1232,3835.0,3838.0,green,1
J713,I1561,4900.0,4902.0,green,1
J793,I233,474.0,476.0,green,1
J793,I585,1465.0,1476.0,green,4
J259,I569,1392.0,1397.0,green,1
J259,I601,1530.0,1534.0,green,2
J259,I1586,4973.0,4975.0,green,1
J259,I1594,5001.0,5007.0,green,2
J921,I347,772.0,776.0,green,1
J921,I1020,3004.0,3021.0,green,2
J921,I1792,5535.0,5538.0,green,1
J226,I503,1214.0,1216.0,green,1
J226,I599,1524.0,1525.0,green,1
J226,I600,1525.0,1530.0,green,1
J980,I1721,5368.0,5370.0,brown,2
J980,I1818,5587.0,5588.0,green,1
J980,I1882,5735.0,5737.0,green,2
J980,I2003,5964.0,5968.0,brown,1
J36,I437,1010.0,1021.0,green,1
J36,I948,2706.0,2718.0,green,2
J36,I980,2833.0,2838.0,green,1
J36,I1108,3359.0,3365.0,green,2
J398,I262,540.0,543.0,green,1
J398,I391,881.0,886.0,green,3
J398,I807,2185.0,2188.0,green,1
J398,I1615,5068.0,5070.0,brown,1
J484,I1075,3208.0,3210.0,green,1
J484,I1107,3348.0,3359.0,green,2
J19,I148,270.0,271.0,green,1
J19,I244,499.0,504.0,green,1
J19,I828,2239.0,2257.0,green,1
J419,I325,714.0,725.0,brown,2
J419,I1830,5618.0,5629.0,green,1
J419,I1862,5689.0,5694.0,green,1
J419,I1893,5757.0,5759.0,brown,1
J419,I1976,5919.0,5923.0,green,1
J378,I589,1480.0,1488.0,green,1
J378,I652,1665.0,1667.0,red,2
J378,I1068,3188.0,3191.0,green,1
J361,I659,1686.0,1690.0,green,2
J361,I690,1765.0,1769.0,brown,1
J361,I755,1986.0,2003.0,green,1
J361,I786,2090.0,2102.0,green,1
J361,I1235,3844.0,3850.0,green,1
J948,I714,1850.0,1856.0,brown,1
J948,I1067,3171.0,3188.0,green,2
J948,I1227,3824.0,3825.0,green,1
J321,I2,2.0,3.0,green,1
J321,I3,3.0,5.0,green,1
J321,I4,5.0,6.0,green,1
J321,I50,81.0,86.0,green,1
J321,I66,109.0,112.0,brown,1
J321,I736,1915.0,1926.0,green,1
J137,I569,1392.0,1397.0,green,1
J137,I601,1530.0,1534.0,green,1
J137,I1082,3235.0,3246.0,brown,4
J371,I486,1158.0,1161.0,green,1
J371,I551,1342.0,1345.0,brown,1
J371,I585,1465.0,1476.0,green,1
J371,I601,1530.0,1534.0,green,1
J371,I743,1949.0,1953.0,green,1
J371,I745,1956.0,1959.0,brown,1
J388,I608,1555.0,1560.0,green,2
J388,I671,1723.0,1725.0,brown,1
J388,I787,2102.0,2110.0,green,1
J388,I855,2340.0,2348.0,green,2
J280,I731,1901.0,1904.0,green,2
J280,I764,2024.0,2028.0,green,1
J794,I1539,4837.0,4842.0,green,2
J794,I1596,5014.0,5016.0,green,1
J794,I1620,5074.0,5077.0,brown,3
J420,I366,825.0,826.0,green,1
J420,I526,1290.0,1293.0,brown,1
J420,I1551,4876.0,4883.0,green,1
J897,I1269,3946.0,3949.0,red,1
J897,I1437,4544.0,4546.0,brown,1
J897,I1526,4796.0,4798.0,green,1
J897,I1558,4896.0,4897.0,green,1
J897,I1622,5083.0,5086.0,green,1
J897,I1798,5546.0,5552.0,green,1
J470,I668,1706.0,1707.0,brown,1
J470,I700,1799.0,1806.0,brown,3
J576,I606,1543.0,1548.0,green,1
J576,I925,2613.0,2616.0,green,2
J366,I1015,2994.0,2998.0,brown,3
J366,I1288,4010.0,4011.0,green,1
J169,I419,949.0,951.0,brown,1
J169,I708,1833.0,1835.0,green,1
J169,I836,2276.0,2278.0,brown,2
J169,I964,2789.0,2791.0,brown,1
J169,I1372,4318.0,4322.0,brown,1
J635,I880,2455.0,2469.0,green,1
J635,I945,2682.0,2694.0,green,3
J635,I1264,3935.0,3939.0,green,1
J635,I1625,5092.0,5093.0,green,1
J22,I27,39.0,42.0,brown,1
J22,I46,71.0,74.0,green,1
J22,I47,74.0,76.0,green,1
J22,I51,86.0,87.0,green,1
J22,I67,112.0,113.0,brown,1
J127,I294,637.0,641.0,green,1
J127,I423,958.0,962.0,green,2
J476,I1129,3428.0,3438.0,brown,3
J311,I344,762.0,764.0,green,1
J697,I811,2200.0,2207.0,green,2
J697,I1740,5412.0,5415.0,green,3
J697,I1964,5894.0,5897.0,green,1
J971,I298,648.0,650.0,green,1
J971,I810,2195.0,2200.0,green,3
J971,I1003,2937.0,2941.0,green,1
J637,I1168,3600.0,3603.0,green,3
J637,I1360,4280.0,4286.0,green,1
J637,I1529,4802.0,4805.0,green,1
J637,I1553,4884.0,4886.0,green,1
J557,I483,1155.0,1156.0,green,1
J557,I580,1435.0,1442.0,green,1
J557,I611,1563.0,1567.0,green,1
J804,I343,761.0,762.0,green,1
J804,I375,839.0,844.0,green,1
J804,I631,1615.0,1620.0,green,1
J244,I1082,3235.0,3246.0,brown,1
J244,I1291,4015.0,4023.0,green,5
J38,I172,314.0,315.0,green,1
J38,I732,1904.0,1908.0,green,1
J38,I812,2207.0,2208.0,green,1
J38,I844,2313.0,2316.0,brown,1
J523,I1189,3661.0,3675.0,green,5
J523,I1220,3793.0,3794.0,brown,1
J195,I178,322.0,325.0,green,2
J195,I241,492.0,496.0,green,1
J195,I434,1004.0,1006.0,green,1
J195,I787,2102.0,2110.0,green,2
J362,I353,796.0,797.0,green,1
J362,I513,1244.0,1253.0,green,3
J362,I705,1815.0,1829.0,green,1
J362,I1258,3918.0,3925.0,green,1
J285,I336,747.0,748.0,red,1
J285,I464,1104.0,1111.0,green,1
J285,I1328,4182.0,4183.0,green,1
J285,I1360,4280.0,4286.0,green,1
J99,I126,231.0,237.0,green,1
J99,I159,291.0,296.0,brown,2
J99,I390,880.0,881.0,brown,1
J99,I454,1074.0,1079.0,green,2
J978,I1014,2984.0,2994.0,brown,2
J978,I1111,3374.0,3376.0,green,1
J978,I1943,5850.0,5851.0,green,1
J401,I145,266.0,267.0,green,1
J401,I1546,4860.0,4863.0,green,1
J401,I1666,5208.0,5213.0,brown,2
J401,I1696,5306.0,5313.0,green,2
J251,I516,1258.0,1259.0,green,1
J251,I580,1435.0,1442.0,green,3
J917,I1724,5373.0,5379.0,brown,2
J917,I1797,5545.0,5546.0,green,1
J689,I556,1355.0,1359.0,brown,4
J689,I1308,4087.0,4090.0,brown,2
J997,I952,2734.0,2735.0,green,1
J997,I1112,3376.0,3377.0,green,1
J997,I1144,3485.0,3489.0,green,2
J997,I2000,5960.0,5961.0,brown,1
J506,I408,923.0,924.0,brown,1
J684,I1280,3985.0,3991.0,green,6
J125,I220,440.0,441.0,green,1
J125,I1020,3004.0,3021.0,green,1
J106,I216,429.0,434.0,green,1
J106,I248,515.0,516.0,brown,1
J106,I312,686.0,687.0,brown,1
J106,I472,1126.0,1128.0,brown,2
J204,I493,1175.0,1178.0,green,2
J204,I1118,3392.0,3396.0,green,1
J204,I1134,3451.0,3457.0,brown,1
J204,I1166,3594.0,3595.0,green,1
J204,I1198,3726.0,3729.0,green,1
J225,I453,1070.0,1074.0,green,1
J225,I454,1074.0,1079.0,green,1
J225,I1029,3036.0,3037.0,brown,1
J225,I1349,4243.0,4245.0,brown,1
J225,I1701,5327.0,5328.0,brown,1
J231,I585,1465.0,1476.0,green,2
J231,I840,2287.0,2293.0,green,3
J231,I897,2516.0,2521.0,green,1
J44,I321,703.0,705.0,brown,2
J44,I690,1765.0,1769.0,brown,1
J44,I842,2295.0,2303.0,green,2
J318,I794,2136.0,2144.0,green,1
J318,I858,2353.0,2357.0,brown,1
J318,I954,2736.0,2744.0,green,3
J318,I1916,5801.0,5803.0,brown,1
J694,I1433,4538.0,4539.0,red,1
J694,I1530,4805.0,4807.0,green,2
J694,I1595,5007.0,5014.0,green,1
J252,I311,685.0,686.0,brown,1
J252,I535,1313.0,1314.0,brown,1
J252,I759,2012.0,2015.0,green,1
J252,I919,2594.0,2603.0,brown,3
J315,I741,1936.0,1942.0,green,3
J315,I742,1942.0,1949.0,green,1
J315,I1253,3901.0,3904.0,brown,2
J276,I373,835.0,837.0,green,1
J276,I405,916.0,917.0,green,1
J375,I391,881.0,886.0,green,2
J375,I1033,3047.0,3059.0,green,1
J375,I1034,3059.0,3062.0,green,1
J797,I954,2736.0,2744.0,green,1
J797,I1067,3171.0,3188.0,green,1
J797,I1883,5737.0,5739.0,green,1
J79,I270,561.0,566.0,green,1
J79,I846,2319.0,2325.0,brown,3
J79,I911,2564.0,2567.0,green,2
J910,I1085,3265.0,3271.0,green,3
J910,I1180,3640.0,3644.0,brown,1
J72,I170,308.0,310.0,green,1
J72,I202,395.0,396.0,green,1
J72,I218,435.0,438.0,green,3
J72,I283,602.0,605.0,green,1
J757,I856,2348.0,2349.0,brown,1
J757,I888,2490.0,2496.0,green,3
J757,I1817,5584.0,5587.0,green,2
J40,I270,561.0,566.0,green,1
J40,I783,2079.0,2082.0,green,1
J40,I1230,3830.0,3832.0,brown,1
J998,I1637,5134.0,5136.0,green,2
J998,I1917,5803.0,5804.0,brown,1
J998,I1975,5913.0,5919.0,green,2
J998,I2027,5998.0,5999.0,green,1
J75,I64,106.0,108.0,brown,2
J174,I409,924.0,927.0,brown,1
J174,I437,1010.0,1021.0,green,1
J174,I569,1392.0,1397.0,green,1
J240,I753,1983.0,1985.0,red,1
J240,I1105,3342.0,3347.0,green,1
J240,I1954,5872.0,5873.0,green,1
J334,I470,1124.0,1125.0,brown,1
J147,I382,864.0,867.0,brown,1
J147,I446,1051.0,1052.0,green,1
J147,I718,1859.0,1864.0,green,2
J147,I734,1910.0,1913.0,green,2
J400,I546,1335.0,1336.0,red,1
J400,I930,2623.0,2627.0,green,1
J400,I1138,3467.0,3470.0,brown,3
J400,I1142,3482.0,3483.0,green,1
J879,I1540,4842.0,4844.0,green,2
J879,I1700,5323.0,5327.0,brown,1
J879,I1976,5919.0,5923.0,green,2
J758,I609,1560.0,1562.0,green,1
J758,I1394,4407.0,4430.0,green,4
J758,I1556,4892.0,4894.0,green,1
J131,I369,828.0,831.0,green,2
J131,I401,906.0,907.0,green,1
J131,I417,943.0,948.0,brown,1
J131,I1525,4791.0,4796.0,green,1
J803,I702,1811.0,1812.0,brown,1
J803,I798,2153.0,2157.0,green,2
J803,I1327,4168.0,4182.0,green,1
J803,I1835,5637.0,5639.0,green,2
J887,I1590,4981.0,4990.0,green,2
J17,I39,58.0,60.0,green,1
J17,I265,545.0,555.0,green,2
J17,I457,1082.0,1085.0,green,1
J17,I777,2058.0,2060.0,green,1
J435,I357,803.0,807.0,green,1
J435,I389,879.0,880.0,brown,1
J435,I422,957.0,958.0,red,1
J435,I1190,3675.0,3683.0,green,2
J435,I1360,4280.0,4286.0,green,1
J138,I57,92.0,93.0,green,1
J138,I858,2353.0,2357.0,brown,1
J138,I1067,3171.0,3188.0,green,2
J186,I166,303.0,304.0,green,1
J186,I230,470.0,472.0,brown,1
J186,I1511,4743.0,4746.0,green,1
J186,I1543,4853.0,4855.0,green,2
J704,I714,1850.0,1856.0,brown,2
J704,I746,1959.0,1966.0,brown,3
J167,I299,650.0,652.0,green,1
J167,I437,1010.0,1021.0,green,2
J167,I445,1039.0,1051.0,green,1
J167,I685,1755.0,1757.0,green,1
J474,I981,2838.0,2839.0,brown,1
J474,I997,2910.0,2916.0,green,1
J474,I1062,3154.0,3158.0,red,2
J474,I1126,3416.0,3423.0,green,1
J474,I1253,3901.0,3904.0,brown,1
J120,I348,776.0,778.0,brown,2
J120,I581,1442.0,1456.0,green,1
J120,I806,2179.0,2185.0,green,1
J120,I828,2239.0,2257.0,green,2
J930,I1678,5234.0,5243.0,green,3
J659,I112,198.0,199.0,green,1
J659,I304,664.0,667.0,red,1
J659,I880,2455.0,2469.0,green,3
J659,I1136,3461.0,3466.0,brown,1
J680,I788,2110.0,2114.0,green,2
J680,I947,2701.0,2706.0,green,1
J680,I1759,5454.0,5467.0,brown,1
J680,I1787,5525.0,5528.0,brown,2
J344,I568,1383.0,1392.0,green,2
J344,I800,2162.0,2168.0,green,1
J591,I897,2516.0,2521.0,green,1
J591,I961,2766.0,2777.0,green,1
J591,I1025,3031.0,3032.0,brown,1
J591,I1345,4232.0,4234.0,brown,1
J573,I158,288.0,291.0,brown,1
J573,I1631,5102.0,5115.0,green,1
J573,I1707,5340.0,5346.0,green,2
J159,I333,739.0,740.0,red,1
J159,I365,822.0,825.0,green,1
J159,I717,1858.0,1859.0,green,1
J159,I781,2066.0,2078.0,green,1
J159,I1058,3136.0,3141.0,green,1
J992,I1607,5047.0,5049.0,green,2
J992,I1671,5218.0,5221.0,green,3
J992,I2008,5972.0,5973.0,brown,1
J264,I628,1610.0,1611.0,green,1
J264,I629,1611.0,1614.0,green,1
J264,I980,2833.0,2838.0,green,1
J136,I355,799.0,802.0,green,2
J136,I372,834.0,835.0,green,1
J136,I404,910.0,916.0,green,2
J136,I420,951.0,954.0,brown,1
J525,I827,2237.0,2239.0,green,2
J525,I859,2357.0,2361.0,green,2
J1000,I960,2763.0,2766.0,green,2
J1000,I1600,5024.0,5027.0,green,2
J671,I435,1006.0,1008.0,green,1
J671,I499,1196.0,1200.0,green,1
J671,I531,1301.0,1303.0,brown,1
J671,I755,1986.0,2003.0,green,1
J671,I1372,4318.0,4322.0,brown,1
J180,I354,797.0,799.0,green,1
J180,I834,2270.0,2275.0,brown,1
J180,I899,2523.0,2539.0,green,2
J180,I1171,3608.0,3612.0,green,1
J180,I1346,4234.0,4235.0,brown,1
J284,I514,1253.0,1257.0,green,1
J284,I579,1430.0,1435.0,green,1
J284,I803,2172.0,2173.0,green,1
J284,I867,2394.0,2397.0,green,2
J284,I899,2523.0,2539.0,green,1
J237,I437,1010.0,1021.0,green,2
J237,I884,2477.0,2482.0,brown,2
J25,I59,94.0,95.0,green,1
J25,I891,2498.0,2500.0,brown,1
J25,I1452,4579.0,4587.0,green,2
J25,I1628,5096.0,5099.0,green,1
J25,I1707,5340.0,5346.0,green,1
J833,I1480,4664.0,4672.0,green,1
J833,I1545,4857.0,4860.0,green,2
J833,I1577,4945.0,4957.0,brown,1
J833,I1641,5142.0,5143.0,green,1
J833,I1833,5634.0,5636.0,green,1
J561,I1102,3334.0,3338.0,brown,2
J561,I1134,3451.0,3457.0,brown,2
J561,I1327,4168.0,4182.0,green,1
J561,I1358,4276.0,4278.0,red,1
J668,I566,1374.0,1380.0,green,1
J668,I758,2006.0,2012.0,green,1
J668,I919,2594.0,2603.0,brown,2
J663,I551,1342.0,1345.0,brown,1
J663,I1351,4247.0,4248.0,brown,1
J663,I1512,4746.0,4748.0,green,1
J663,I1592,4993.0,4998.0,green,2
J459,I978,2828.0,2832.0,green,4
J357,I367,826.0,827.0,green,1
J357,I463,1102.0,1104.0,green,1
J357,I464,1104.0,1111.0,green,2
J357,I784,2082.0,2089.0,green,1
J357,I847,2325.0,2327.0,brown,1
J178,I426,967.0,977.0,green,1
J178,I1518,4761.0,4764.0,brown,2
J178,I1564,4905.0,4912.0,brown,1
J178,I1642,5143.0,5144.0,brown,1
J221,I282,600.0,602.0,green,2
J221,I410,927.0,935.0,green,4
J623,I1213,3775.0,3777.0,brown,2
J623,I1598,5017.0,5020.0,green,1
J956,I621,1582.0,1589.0,green,1
J956,I781,2066.0,2078.0,green,1
J956,I1422,4508.0,4511.0,green,1
J246,I161,297.0,298.0,green,1
J246,I226,454.0,462.0,green,4
J246,I828,2239.0,2257.0,green,1
J838,I1036,3066.0,3069.0,green,2
J838,I1069,3191.0,3193.0,green,2
J838,I1229,3828.0,3830.0,brown,1
J838,I1437,4544.0,4546.0,brown,1
J377,I224,445.0,452.0,green,3
J377,I690,1765.0,1769.0,brown,1
J118,I347,772.0,776.0,green,1
J118,I443,1035.0,1036.0,green,1
J118,I795,2144.0,2147.0,green,1
J791,I577,1424.0,1428.0,green,1
J791,I994,2883.0,2892.0,green,4
J791,I1577,4945.0,4957.0,brown,1
J973,I1926,5818.0,5821.0,green,1
J973,I1948,5862.0,5864.0,brown,1
J973,I1951,5867.0,5869.0,green,1
J973,I1953,5871.0,5872.0,green,1
J973,I1961,5889.0,5890.0,green,1
J993,I899,2523.0,2539.0,green,3
J993,I996,2893.0,2910.0,green,1
J28,I63,105.0,106.0,brown,1
J28,I512,1243.0,1244.0,green,1
J592,I718,1859.0,1864.0,green,2
J592,I830,2259.0,2260.0,green,1
J592,I1007,2959.0,2961.0,green,1
J592,I1008,2961.0,2971.0,green,1
J592,I1024,3028.0,3031.0,brown,1
J952,I1252,3900.0,3901.0,brown,1
J952,I1972,5906.0,5908.0,brown,1
J952,I2009,5973.0,5976.0,brown,2
J374,I216,429.0,434.0,green,1
J374,I600,1525.0,1530.0,green,1
J374,I920,2603.0,2607.0,brown,1
J712,I868,2397.0,2398.0,green,1
J712,I1156,3555.0,3557.0,green,2
J712,I1188,3660.0,3661.0,green,1
J712,I1212,3768.0,3775.0,brown,1
J39,I157,286.0,288.0,brown,2
J39,I173,315.0,316.0,green,1
J39,I253,524.0,525.0,green,1
J39,I269,559.0,561.0,green,1
J39,I445,1039.0,1051.0,green,1
J218,I579,1430.0,1435.0,green,3
J218,I1060,3143.0,3148.0,green,2
J218,I1290,4013.0,4015.0,green,1
J416,I806,2179.0,2185.0,green,2
J416,I871,2403.0,2410.0,green,1
J416,I1095,3302.0,3311.0,green,1
J416,I1207,3749.0,3758.0,green,1
J416,I1287,4009.0,4010.0,green,1
J538,I376,844.0,847.0,red,1
J538,I504,1216.0,1218.0,brown,2
J538,I664,1698.0,1701.0,brown,1
J538,I729,1890.0,1897.0,green,2
J85,I88,150.0,152.0,green,1
J85,I121,218.0,221.0,green,2
J85,I298,648.0,650.0,green,1
J85,I379,854.0,856.0,brown,2
J135,I489,1164.0,1166.0,green,1
J135,I553,1346.0,1351.0,brown,1
J135,I873,2412.0,2417.0,green,1
J135,I1577,4945.0,4957.0,brown,1
J135,I1856,5671.0,5675.0,green,2
J622,I831,2260.0,2267.0,brown,2
J622,I862,2370.0,2374.0,red,1
J622,I1119,3396.0,3398.0,green,1
J622,I1439,4551.0,4553.0,brown,1
J702,I1285,4005.0,4006.0,green,1
J702,I1477,4659.0,4660.0,green,1
J702,I1541,4844.0,4852.0,green,4
J368,I764,2024.0,2028.0,green,1
J368,I840,2287.0,2293.0,green,2
J368,I841,2293.0,2295.0,green,2
J368,I873,2412.0,2417.0,green,1
J779,I831,2260.0,2267.0,brown,3
J779,I1396,4431.0,4435.0,green,2
J229,I1440,4553.0,4557.0,brown,1
J229,I2001,5961.0,5962.0,brown,1
J229,I2003,5964.0,5968.0,brown,1
J568,I951,2725.0,2734.0,red,1
J568,I1047,3103.0,3105.0,brown,1
J568,I1192,3689.0,3695.0,green,2
J645,I718,1859.0,1864.0,green,1
J645,I910,2562.0,2564.0,green,1
J645,I1118,3392.0,3396.0,green,1
J645,I1150,3508.0,3516.0,green,2
J645,I1262,3932.0,3933.0,green,1
J7,I25,35.0,38.0,brown,1
J7,I32,48.0,50.0,brown,1
J7,I56,91.0,92.0,green,1
J7,I345,764.0,769.0,green,1
J403,I893,2504.0,2508.0,brown,1
J403,I958,2760.0,2761.0,green,1
J739,I592,1496.0,1499.0,brown,1
J739,I656,1679.0,1680.0,red,1
J739,I1008,2961.0,2971.0,green,1
J739,I1361,4286.0,4289.0,green,1
J564,I890,2497.0,2498.0,brown,1
J564,I955,2744.0,2756.0,green,3
J564,I1194,3698.0,3708.0,green,2
J305,I744,1953.0,1956.0,brown,2
J296,I465,1111.0,1115.0,green,1
J296,I561,1364.0,1366.0,red,2
J296,I657,1680.0,1684.0,green,1
J296,I786,2090.0,2102.0,green,2
J89,I203,396.0,398.0,brown,2
J89,I332,738.0,739.0,red,1
J89,I427,977.0,979.0,brown,1
J89,I875,2420.0,2429.0,green,1
J483,I479,1144.0,1146.0,red,2
J483,I1408,4468.0,4476.0,green,1
J483,I1803,5558.0,5559.0,green,1
J483,I1820,5590.0,5595.0,brown,2
J996,I723,1871.0,1877.0,red,1
J996,I915,2580.0,2583.0,green,1
J996,I1459,4607.0,4610.0,brown,1
J996,I1963,5891.0,5894.0,green,2
J101,I228,465.0,469.0,green,2
J101,I261,537.0,540.0,green,2
J101,I293,634.0,637.0,green,1
J101,I533,1304.0,1311.0,brown,1
J66,I205,399.0,402.0,brown,2
J66,I621,1582.0,1589.0,green,1
J66,I805,2176.0,2179.0,green,1
J66,I806,2179.0,2185.0,green,1
J66,I821,2227.0,2228.0,brown,1
J287,I517,1259.0,1261.0,green,2
J287,I581,1442.0,1456.0,green,2
J287,I755,1986.0,2003.0,green,1
J287,I875,2420.0,2429.0,green,1
J254,I54,89.0,90.0,brown,1
J254,I86,148.0,149.0,green,1
J254,I438,1021.0,1024.0,green,1
J254,I1014,2984.0,2994.0,brown,1
J254,I1527,4798.0,4799.0,green,1
J751,I1045,3094.0,3096.0,brown,1
J751,I1206,3747.0,3749.0,green,2
J751,I1590,4981.0,4990.0,green,1
J247,I625,1593.0,1598.0,green,4
J247,I657,1680.0,1684.0,green,1
J247,I881,2469.0,2472.0,green,1
J203,I1264,3935.0,3939.0,green,2
J203,I1393,4398.0,4407.0,green,1
J203,I1640,5140.0,5142.0,brown,1
J469,I581,1442.0,1456.0,green,2
J469,I996,2893.0,2910.0,green,1
J469,I1012,2980.0,2981.0,brown,1
J469,I1348,4240.0,4243.0,brown,2
J302,I719,1864.0,1865.0,green,1
J302,I784,2082.0,2089.0,green,3
J499,I1104,3341.0,3342.0,brown,1
J499,I1105,3342.0,3347.0,green,2
J906,I1071,3194.0,3198.0,brown,2
J906,I1327,4168.0,4182.0,green,1
J798,I897,2516.0,2521.0,green,1
J798,I1856,5671.0,5675.0,green,1
J798,I1858,5676.0,5679.0,green,2
J275,I464,1104.0,1111.0,green,1
J275,I496,1186.0,1189.0,green,1
J861,I153,279.0,282.0,brown,2
J861,I954,2736.0,2744.0,green,2
J861,I1626,5093.0,5094.0,green,1
J861,I1690,5289.0,5290.0,green,1
J4,I27,39.0,42.0,brown,1
J4,I42,63.0,65.0,green,1
J4,I811,2200.0,2207.0,green,1
J4,I842,2295.0,2303.0,green,1
J4,I1147,3491.0,3498.0,green,2
J31,I106,188.0,191.0,green,1
J31,I111,195.0,198.0,green,2
J31,I123,222.0,225.0,green,2
J199,I375,839.0,844.0,green,2
J199,I568,1383.0,1392.0,green,1
J199,I1152,3518.0,3529.0,green,3
J969,I1733,5394.0,5400.0,brown,3
J969,I1878,5723.0,5725.0,green,2
J969,I1942,5848.0,5850.0,green,1
J787,I370,831.0,832.0,green,1
J787,I466,1115.0,1117.0,green,1
J787,I1091,3284.0,3294.0,green,1
J787,I1875,5717.0,5718.0,green,1
J787,I1891,5755.0,5756.0,brown,1
J787,I1915,5800.0,5801.0,brown,1
J807,I575,1420.0,1421.0,green,1
J807,I671,1723.0,1725.0,brown,1
J807,I704,1813.0,1815.0,red,1
J807,I1088,3277.0,3281.0,green,2
J807,I1184,3649.0,3655.0,green,1
J825,I991,2874.0,2876.0,red,2
J825,I1023,3026.0,3028.0,brown,2
J825,I1248,3889.0,3891.0,red,1
J825,I1279,3983.0,3985.0,brown,1
J616,I932,2628.0,2634.0,green,1
J616,I933,2634.0,2643.0,green,4
J696,I1074,3207.0,3208.0,green,1
J696,I1299,4051.0,4061.0,green,2
J696,I1683,5256.0,5260.0,green,1
J258,I584,1458.0,1465.0,green,1
J258,I807,2185.0,2188.0,green,1
J258,I1095,3302.0,3311.0,green,1
J258,I1204,3739.0,3746.0,green,2
J437,I102,182.0,183.0,red,1
J437,I167,304.0,305.0,green,1
J437,I247,509.0,515.0,brown,1
J437,I327,726.0,728.0,brown,1
J437,I1147,3491.0,3498.0,green,1
J467,I355,799.0,802.0,green,1
J467,I899,2523.0,2539.0,green,1
J467,I996,2893.0,2910.0,green,1
J191,I458,1085.0,1089.0,green,2
J191,I459,1089.0,1095.0,green,2
J191,I522,1279.0,1282.0,brown,1
J902,I79,137.0,138.0,red,1
J902,I1488,4686.0,4692.0,green,2
J902,I1615,5068.0,5070.0,brown,1
J902,I1688,5273.0,5287.0,green,2
J873,I1304,4080.0,4082.0,green,1
J873,I1401,4448.0,4450.0,green,2
J873,I1465,4628.0,4630.0,brown,1
J873,I1689,5287.0,5289.0,green,1
J873,I1849,5663.0,5665.0,brown,1
J975,I1873,5712.0,5716.0,green,1
J975,I1881,5729.0,5735.0,green,5
J144,I174,316.0,317.0,green,1
J144,I1635,5120.0,5133.0,green,3
J144,I1852,5667.0,5668.0,brown,1
J816,I781,2066.0,2078.0,green,1
J816,I877,2433.0,2446.0,green,1
J816,I1363,4291.0,4296.0,green,3
J816,I1525,4791.0,4796.0,green,1
J41,I132,246.0,250.0,green,1
J41,I147,269.0,270.0,green,1
J41,I180,336.0,338.0,green,2
J41,I533,1304.0,1311.0,brown,1
J54,I201,389.0,395.0,green,3
J54,I273,569.0,572.0,green,1
J549,I1044,3093.0,3094.0,brown,1
J549,I1108,3359.0,3365.0,green,1
J549,I1157,3557.0,3564.0,green,2
J549,I1781,5517.0,5518.0,green,1
J549,I1893,5757.0,5759.0,brown,1
J200,I508,1225.0,1229.0,brown,3
J200,I572,1406.0,1412.0,green,1
J200,I608,1555.0,1560.0,green,1
J35,I124,225.0,230.0,green,2
J35,I380,856.0,860.0,brown,1
J35,I1589,4977.0,4981.0,green,1
J314,I272,567.0,569.0,green,1
J314,I432,996.0,998.0,brown,1
J314,I465,1111.0,1115.0,green,1
J314,I624,1591.0,1593.0,green,1
J314,I705,1815.0,1829.0,green,1
J850,I1569,4923.0,4928.0,brown,1
J850,I1617,5071.0,5072.0,brown,1
J850,I1650,5162.0,5164.0,green,1
J850,I1714,5357.0,5359.0,red,1
J850,I1826,5606.0,5612.0,green,2
J392,I626,1598.0,1608.0,green,6
J977,I1849,5663.0,5665.0,brown,1
J977,I1858,5676.0,5679.0,green,1
J977,I1913,5795.0,5798.0,brown,1
J206,I124,225.0,230.0,green,1
J206,I380,856.0,860.0,brown,1
J206,I445,1039.0,1051.0,green,2
J206,I1189,3661.0,3675.0,green,2
J160,I126,231.0,237.0,green,1
J160,I229,469.0,470.0,brown,1
J160,I293,634.0,637.0,green,2
J160,I445,1039.0,1051.0,green,1
J243,I281,594.0,600.0,green,1
J243,I345,764.0,769.0,green,1
J243,I409,924.0,927.0,brown,2
J243,I793,2127.0,2136.0,green,1
J337,I93,156.0,158.0,red,1
J337,I285,613.0,616.0,green,2
J337,I445,1039.0,1051.0,green,1
J337,I926,2616.0,2618.0,green,1
J337,I1966,5899.0,5900.0,brown,1
J846,I1703,5332.0,5337.0,brown,1
J846,I1832,5631.0,5634.0,green,2
J846,I1895,5760.0,5761.0,brown,1
J245,I580,1435.0,1442.0,green,1
J245,I708,1833.0,1835.0,green,1
J245,I742,1942.0,1949.0,green,1
J245,I805,2176.0,2179.0,green,1
J245,I885,2482.0,2483.0,green,1
J452,I848,2327.0,2329.0,brown,2
J504,I776,2051.0,2058.0,red,1
J504,I872,2410.0,2412.0,green,1
J504,I1192,3689.0,3695.0,green,1
J504,I1212,3768.0,3775.0,brown,1
J711,I1107,3348.0,3359.0,green,1
J711,I1139,3470.0,3473.0,green,1
J711,I1362,4289.0,4291.0,green,2
J711,I1490,4694.0,4695.0,green,1
J711,I1684,5260.0,5264.0,green,1
J633,I495,1179.0,1186.0,green,1
J633,I1295,4033.0,4037.0,green,1
J633,I1455,4591.0,4595.0,brown,2
J633,I1867,5700.0,5702.0,green,2
J899,I1389,4387.0,4392.0,green,2
J899,I1453,4587.0,4588.0,green,1
J899,I1485,4677.0,4683.0,green,1
J527,I888,2490.0,2496.0,green,1
J527,I1368,4310.0,4313.0,green,1
J527,I1848,5662.0,5663.0,brown,1
J494,I214,421.0,422.0,green,1
J494,I310,681.0,685.0,brown,1
J614,I804,2173.0,2176.0,green,1
J614,I1348,4240.0,4243.0,brown,1
J614,I1669,5216.0,5217.0,green,1
J614,I1733,5394.0,5400.0,brown,2
J614,I1783,5519.0,5520.0,green,1
J920,I530,1299.0,1301.0,brown,1
J920,I594,1500.0,1501.0,brown,1
J920,I626,1598.0,1608.0,green,2
J78,I219,438.0,440.0,green,2
J78,I284,605.0,613.0,green,1
J78,I572,1406.0,1412.0,green,1
J78,I732,1904.0,1908.0,green,1
J90,I68,113.0,116.0,brown,1
J90,I896,2514.0,2516.0,green,1
J61,I182,339.0,344.0,green,2
J61,I245,504.0,508.0,green,2
J61,I374,837.0,839.0,green,1
J866,I467,1117.0,1118.0,brown,1
J866,I1715,5359.0,5360.0,brown,1
J866,I1747,5427.0,5429.0,brown,2
J866,I1792,5535.0,5538.0,green,1
J866,I1812,5574.0,5575.0,green,1
J439,I1095,3302.0,3311.0,green,2
J439,I1192,3689.0,3695.0,green,1
J439,I1680,5244.0,5252.0,green,1
J439,I1688,5273.0,5287.0,green,1
J894,I1062,3154.0,3158.0,red,2
J894,I1831,5629.0,5631.0,green,1
J533,I736,1915.0,1926.0,green,1
J533,I1685,5264.0,5267.0,green,1
J533,I1857,5675.0,5676.0,green,1
J533,I1861,5688.0,5689.0,green,1
J10,I65,108.0,109.0,brown,1
J10,I225,452.0,454.0,green,2
J10,I226,454.0,462.0,green,1
J55,I128,238.0,243.0,green,1
J55,I1665,5203.0,5208.0,brown,3
J55,I1889,5748.0,5753.0,green,2
J821,I729,1890.0,1897.0,green,1
J821,I793,2127.0,2136.0,green,2
J821,I1144,3485.0,3489.0,green,1
J821,I1352,4248.0,4251.0,brown,1
J821,I1627,5094.0,5096.0,green,1
J356,I576,1421.0,1424.0,green,1
J356,I608,1555.0,1560.0,green,1
J356,I609,1560.0,1562.0,green,1
J356,I701,1806.0,1811.0,brown,1
J356,I865,2377.0,2383.0,green,1
J356,I1057,3134.0,3136.0,green,1
J343,I962,2777.0,2785.0,green,3
J343,I1635,5120.0,5133.0,green,1
J407,I231,472.0,473.0,brown,1
J407,I295,641.0,643.0,green,2
J407,I584,1458.0,1465.0,green,3
J112,I236,481.0,484.0,brown,2
J112,I509,1229.0,1235.0,brown,1
J112,I1035,3062.0,3066.0,green,3
J56,I108,192.0,193.0,green,1
J56,I140,260.0,261.0,green,1
J56,I781,2066.0,2078.0,green,1
J667,I1098,3317.0,3320.0,green,1
J667,I1129,3428.0,3438.0,brown,1
J667,I1194,3698.0,3708.0,green,2
J345,I810,2195.0,2200.0,green,1
J345,I875,2420.0,2429.0,green,1
J345,I1067,3171.0,3188.0,green,1
J939,I1028,3034.0,3036.0,brown,1
J939,I1060,3143.0,3148.0,green,1
J939,I1124,3410.0,3414.0,red,1
J939,I1892,5756.0,5757.0,brown,1
J189,I291,624.0,633.0,green,3
J189,I611,1563.0,1567.0,green,1
J189,I787,2102.0,2110.0,green,1
J532,I617,1576.0,1579.0,green,1
J532,I665,1701.0,1704.0,brown,2
J532,I681,1749.0,1750.0,red,1
J532,I1161,3571.0,3583.0,green,1
J532,I1236,3850.0,3851.0,green,1
J922,I1357,4272.0,4276.0,red,2
J922,I1389,4387.0,4392.0,green,1
J922,I1517,4758.0,4761.0,brown,1
J922,I1613,5063.0,5065.0,brown,2
J415,I921,2607.0,2608.0,brown,1
J415,I985,2850.0,2852.0,green,1
J415,I1049,3106.0,3112.0,green,1
J415,I1754,5441.0,5446.0,green,3
J655,I1317,4118.0,4120.0,brown,1
J655,I1349,4243.0,4245.0,brown,1
J655,I1405,4457.0,4459.0,brown,2
J655,I1577,4945.0,4957.0,brown,1
J974,I1889,5748.0,5753.0,green,2
J974,I1900,5770.0,5771.0,green,1
J974,I1925,5817.0,5818.0,green,1
J974,I1965,5897.0,5899.0,brown,2
J914,I1647,5150.0,5155.0,green,3
J914,I1725,5379.0,5380.0,brown,1
J914,I1757,5448.0,5450.0,brown,2
J134,I464,1104.0,1111.0,green,3
J134,I495,1179.0,1186.0,green,1
J134,I503,1214.0,1216.0,green,1
J718,I1228,3825.0,3828.0,brown,2
J718,I1292,4023.0,4028.0,brown,2
J718,I1323,4144.0,4157.0,red,2
J541,I729,1890.0,1897.0,green,1
J541,I825,2233.0,2236.0,brown,3
J541,I1239,3866.0,3871.0,brown,2
J618,I1110,3370.0,3374.0,green,2
J618,I1175,3616.0,3628.0,green,3
J618,I1623,5086.0,5087.0,green,1
J197,I215,422.0,429.0,green,1
J197,I247,509.0,515.0,brown,1
J197,I631,1615.0,1620.0,green,1
J197,I760,2015.0,2016.0,green,1
J227,I413,937.0,938.0,green,1
J227,I526,1290.0,1293.0,brown,1
J227,I589,1480.0,1488.0,green,1
J327,I130,244.0,245.0,green,1
J327,I162,298.0,299.0,green,1
J327,I226,454.0,462.0,green,1
J327,I227,462.0,465.0,green,1
J327,I291,624.0,633.0,green,2
J316,I554,1351.0,1352.0,brown,1
J316,I800,2162.0,2168.0,green,1
J316,I806,2179.0,2185.0,green,2
J462,I1067,3171.0,3188.0,green,5
J30,I846,2319.0,2325.0,brown,1
J30,I1006,2955.0,2959.0,green,1
J30,I1551,4876.0,4883.0,green,2
J612,I658,1684.0,1686.0,green,2
J612,I1042,3084.0,3089.0,brown,1
J638,I1369,4313.0,4314.0,green,1
J638,I1434,4539.0,4542.0,red,1
J638,I1594,5001.0,5007.0,green,2
J638,I1754,5441.0,5446.0,green,1
J502,I853,2337.0,2338.0,green,1
J502,I1226,3814.0,3824.0,green,2
J502,I1302,4070.0,4077.0,green,2
J373,I807,2185.0,2188.0,green,1
J373,I838,2279.0,2283.0,red,2
J373,I871,2403.0,2410.0,green,2
J373,I903,2548.0,2551.0,brown,1
J813,I994,2883.0,2892.0,green,2
J813,I1058,3136.0,3141.0,green,1
J813,I1091,3284.0,3294.0,green,2
J813,I1282,3992.0,3996.0,green,1
J323,I574,1413.0,1420.0,green,1
J323,I670,1712.0,1723.0,brown,5
J319,I211,412.0,416.0,brown,4
J319,I308,672.0,678.0,green,2
J15,I66,109.0,112.0,brown,2
J15,I1219,3789.0,3793.0,brown,1
J15,I1347,4235.0,4240.0,brown,2
J15,I1971,5905.0,5906.0,brown,1
J166,I309,678.0,681.0,brown,1
J166,I534,1311.0,1313.0,brown,1
J166,I566,1374.0,1380.0,green,1
J166,I598,1512.0,1524.0,green,2
J166,I982,2839.0,2841.0,brown,1
J947,I1728,5384.0,5386.0,brown,2
J947,I1760,5467.0,5468.0,brown,1
J947,I1873,5712.0,5716.0,green,3
J976,I1139,3470.0,3473.0,green,1
J976,I1171,3608.0,3612.0,green,1
J976,I1266,3941.0,3944.0,red,2
J976,I1330,4192.0,4207.0,red,1
J976,I1746,5425.0,5427.0,brown,1
J674,I828,2239.0,2257.0,green,1
J674,I924,2611.0,2613.0,green,1
J674,I1020,3004.0,3021.0,green,1
J826,I1398,4438.0,4439.0,green,1
J826,I1470,4636.0,4642.0,red,1
J826,I1482,4673.0,4674.0,green,1
J826,I1519,4764.0,4769.0,brown,1
J582,I415,940.0,941.0,brown,1
J582,I448,1055.0,1063.0,green,1
J582,I607,1548.0,1555.0,green,1
J582,I736,1915.0,1926.0,green,1
J582,I1055,3126.0,3127.0,green,1
J510,I1196,3715.0,3716.0,green,1
J510,I1388,4383.0,4387.0,brown,1
J510,I1980,5931.0,5932.0,brown,1
J970,I1467,4631.0,4634.0,brown,1
J970,I1531,4807.0,4808.0,green,1
J970,I1596,5014.0,5016.0,green,1
J970,I1628,5096.0,5099.0,green,1
J970,I1819,5588.0,5590.0,brown,1
J970,I1884,5739.0,5741.0,green,1
J446,I581,1442.0,1456.0,green,1
J446,I996,2893.0,2910.0,green,2
J670,I1361,4286.0,4289.0,green,2
J670,I1424,4515.0,4516.0,red,1
J670,I1520,4769.0,4774.0,red,1
J385,I595,1501.0,1508.0,red,1
J385,I851,2333.0,2336.0,green,1
J385,I1403,4451.0,4455.0,brown,3
J385,I1459,4607.0,4610.0,brown,1
J820,I1163,3585.0,3591.0,green,2
J820,I1195,3708.0,3715.0,green,1
J820,I1322,4143.0,4144.0,red,1
J820,I1578,4957.0,4958.0,brown,1
J301,I385,873.0,875.0,brown,1
J301,I417,943.0,948.0,brown,1
J301,I962,2777.0,2785.0,green,4
J49,I46,71.0,74.0,green,1
J49,I175,317.0,319.0,green,1
J49,I687,1758.0,1759.0,brown,1
J49,I880,2455.0,2469.0,green,1
J49,I887,2484.0,2490.0,green,2
J184,I265,545.0,555.0,green,3
J184,I407,918.0,923.0,green,1
J184,I423,958.0,962.0,green,1
J257,I742,1942.0,1949.0,green,2
J257,I871,2403.0,2410.0,green,2
J544,I757,2004.0,2006.0,green,1
J544,I949,2718.0,2724.0,green,1
J544,I1622,5083.0,5086.0,green,1
J544,I1648,5155.0,5158.0,green,1
J544,I1830,5618.0,5629.0,green,1
J306,I273,569.0,572.0,green,1
J306,I946,2694.0,2701.0,green,4
J306,I1013,2981.0,2984.0,brown,1
J140,I193,365.0,375.0,red,1
J140,I418,948.0,949.0,brown,1
J140,I610,1562.0,1563.0,green,1
J309,I714,1850.0,1856.0,brown,1
J309,I746,1959.0,1966.0,brown,3
J309,I875,2420.0,2429.0,green,2
J26,I153,279.0,282.0,brown,1
J26,I159,291.0,296.0,brown,1
J26,I185,346.0,348.0,green,2
J26,I357,803.0,807.0,green,1
J26,I359,809.0,812.0,green,1
J608,I1030,3037.0,3038.0,brown,1
J608,I1094,3298.0,3302.0,green,3
J608,I1126,3416.0,3423.0,green,1
J608,I1254,3904.0,3907.0,brown,1
J8,I24,33.0,35.0,brown,1
J8,I40,60.0,62.0,green,1
J8,I105,187.0,188.0,green,1
J8,I201,389.0,395.0,green,1
J498,I115,207.0,208.0,red,1
J498,I1043,3089.0,3093.0,brown,4
J498,I1491,4695.0,4697.0,brown,1
J389,I493,1175.0,1178.0,green,1
J389,I621,1582.0,1589.0,green,1
J389,I1646,5149.0,5150.0,green,1
J58,I179,325.0,336.0,green,3
J58,I274,572.0,574.0,green,2
J58,I626,1598.0,1608.0,green,1
J382,I855,2340.0,2348.0,green,3
J382,I870,2401.0,2403.0,green,1
J382,I887,2484.0,2490.0,green,1
J613,I1094,3298.0,3302.0,green,1
J613,I1207,3749.0,3758.0,green,1
J613,I1735,5403.0,5406.0,green,2
J898,I1208,3758.0,3760.0,red,1
J898,I1465,4628.0,4630.0,brown,1
J898,I1753,5436.0,5441.0,green,4
J962,I453,1070.0,1074.0,green,1
J962,I932,2628.0,2634.0,green,1
J962,I1813,5575.0,5579.0,green,4
J103,I427,977.0,979.0,brown,1
J103,I555,1352.0,1355.0,brown,1
J103,I924,2611.0,2613.0,green,1
J103,I1228,3825.0,3828.0,brown,1
J743,I1091,3284.0,3294.0,green,1
J743,I1123,3404.0,3410.0,brown,3
J953,I1084,3258.0,3265.0,green,2
J953,I1149,3499.0,3508.0,green,1
J953,I1645,5148.0,5149.0,green,1
J953,I1963,5891.0,5894.0,green,1
J953,I1973,5908.0,5909.0,green,1
J624,I705,1815.0,1829.0,green,3
J624,I1345,4232.0,4234.0,brown,1
J654,I1118,3392.0,3396.0,green,1
J654,I1214,3777.0,3780.0,red,1
J654,I1342,4227.0,4229.0,brown,2
J654,I1406,4459.0,4463.0,brown,2
J780,I1720,5366.0,5368.0,brown,1
J780,I1724,5373.0,5379.0,brown,1
J213,I146,267.0,269.0,green,1
J213,I210,410.0,412.0,brown,1
J726,I752,1980.0,1983.0,brown,3
J726,I945,2682.0,2694.0,green,1
J726,I946,2694.0,2701.0,green,2
J569,I213,418.0,421.0,brown,3
J912,I860,2361.0,2367.0,green,2
J912,I1535,4822.0,4830.0,green,3
J233,I281,594.0,600.0,green,2
J233,I325,714.0,725.0,brown,1
J233,I344,762.0,764.0,green,1
J233,I465,1111.0,1115.0,green,1
J233,I664,1698.0,1701.0,brown,1
J877,I816,2214.0,2217.0,red,1
J877,I977,2827.0,2828.0,green,1
J877,I1073,3199.0,3207.0,green,1
J877,I1233,3838.0,3840.0,green,1
J981,I266,555.0,556.0,green,1
J981,I1291,4015.0,4023.0,green,1
J981,I1850,5665.0,5666.0,brown,1
J981,I1946,5860.0,5861.0,brown,1
J81,I233,474.0,476.0,green,1
J81,I393,887.0,889.0,brown,1
J81,I1385,4372.0,4378.0,brown,1
J81,I1680,5244.0,5252.0,green,1
J870,I932,2628.0,2634.0,green,4
J870,I996,2893.0,2910.0,green,2
J901,I1311,4096.0,4097.0,brown,1
J901,I1759,5454.0,5467.0,brown,3
J901,I1908,5788.0,5789.0,green,1
J982,I1584,4969.0,4972.0,green,1
J982,I1600,5024.0,5027.0,green,1
J982,I1632,5115.0,5116.0,green,1
J982,I1960,5883.0,5889.0,green,1
J360,I869,2398.0,2401.0,green,1
J360,I1060,3143.0,3148.0,green,1
J360,I1429,4526.0,4530.0,green,2
J809,I457,1082.0,1085.0,green,2
J721,I536,1314.0,1316.0,brown,1
J721,I1016,2998.0,3000.0,brown,1
J721,I1689,5287.0,5289.0,green,1
J253,I557,1359.0,1360.0,brown,1
J253,I589,1480.0,1488.0,green,3
J253,I789,2114.0,2120.0,green,2
J370,I790,2120.0,2125.0,green,2
J370,I1045,3094.0,3096.0,brown,1
J370,I1141,3476.0,3482.0,green,1
J370,I1590,4981.0,4990.0,green,1
J370,I1638,5136.0,5138.0,green,1
J490,I1944,5851.0,5859.0,green,5
J490,I1948,5862.0,5864.0,brown,1
J60,I177,320.0,322.0,green,2
J60,I241,492.0,496.0,green,1
J60,I880,2455.0,2469.0,green,2
J864,I800,2162.0,2168.0,green,1
J864,I1153,3529.0,3533.0,green,2
J864,I1440,4553.0,4557.0,brown,1
J139,I352,795.0,796.0,green,1
J139,I513,1244.0,1253.0,green,4
J139,I533,1304.0,1311.0,brown,1
J789,I1830,5618.0,5629.0,green,3
J789,I1837,5640.0,5642.0,brown,2
J114,I126,231.0,237.0,green,1
J114,I382,864.0,867.0,brown,1
J114,I1155,3534.0,3555.0,green,2
J51,I45,68.0,71.0,green,3
J322,I786,2090.0,2102.0,green,1
J322,I1683,5256.0,5260.0,green,2
J268,I747,1966.0,1970.0,brown,2
J268,I779,2064.0,2065.0,green,1
J268,I1563,4904.0,4905.0,brown,1
J268,I1804,5559.0,5560.0,green,1
J944,I877,2433.0,2446.0,green,2
J944,I940,2672.0,2675.0,brown,1
J944,I1805,5560.0,5564.0,green,2
J944,I1916,5801.0,5803.0,brown,1
J349,I786,2090.0,2102.0,green,1
J349,I1041,3079.0,3084.0,brown,1
J349,I1394,4407.0,4430.0,green,2
J336,I729,1890.0,1897.0,green,3
J336,I778,2060.0,2064.0,green,2
J336,I786,2090.0,2102.0,green,1
J93,I301,653.0,659.0,red,1
J93,I541,1326.0,1328.0,brown,1
J93,I685,1755.0,1757.0,green,1
J93,I1325,4161.0,4164.0,brown,3
J619,I25,35.0,38.0,brown,1
J619,I28,42.0,43.0,brown,1
J619,I244,499.0,504.0,green,1
J619,I700,1799.0,1806.0,brown,2
J619,I1140,3473.0,3476.0,green,1
J853,I1197,3716.0,3726.0,green,3
J853,I1292,4023.0,4028.0,brown,3
J391,I818,2218.0,2219.0,red,1
J391,I1042,3084.0,3089.0,brown,1
J391,I1555,4888.0,4892.0,green,2
J519,I447,1052.0,1055.0,green,1
J519,I448,1055.0,1063.0,green,3
J519,I1152,3518.0,3529.0,green,1
J763,I1334,4211.0,4212.0,brown,1
J763,I1350,4245.0,4247.0,brown,2
J763,I1367,4302.0,4310.0,green,2
J763,I1432,4537.0,4538.0,red,1
J884,I104,186.0,187.0,green,1
J884,I808,2188.0,2189.0,green,1
J884,I1677,5231.0,5234.0,green,1
J884,I1737,5408.0,5410.0,green,1
J563,I1056,3127.0,3134.0,green,1
J563,I1073,3199.0,3207.0,green,4
J563,I1200,3730.0,3733.0,green,1
J406,I800,2162.0,2168.0,green,1
J406,I849,2329.0,2332.0,brown,2
J406,I881,2469.0,2472.0,green,2
J406,I889,2496.0,2497.0,brown,1
J596,I672,1725.0,1727.0,brown,2
J596,I736,1915.0,1926.0,green,1
J596,I1312,4097.0,4101.0,brown,1
J692,I1840,5644.0,5646.0,green,2
J692,I1868,5702.0,5705.0,green,2
J692,I1969,5903.0,5904.0,brown,1
J653,I996,2893.0,2910.0,green,1
J653,I997,2910.0,2916.0,green,3
J433,I845,2316.0,2319.0,brown,3
J433,I941,2675.0,2677.0,brown,2
J433,I1165,3592.0,3594.0,green,1
J648,I291,624.0,633.0,green,1
J648,I515,1257.0,1258.0,green,1
J648,I1123,3404.0,3410.0,brown,1
J648,I1219,3789.0,3793.0,brown,1
J770,I1301,4068.0,4070.0,green,2
J770,I1333,4210.0,4211.0,brown,1
J775,I1476,4658.0,4659.0,green,1
J775,I1732,5389.0,5394.0,brown,2
J775,I1765,5477.0,5480.0,green,2
J404,I142,262.0,263.0,green,1
J404,I623,1590.0,1591.0,green,1
J404,I783,2079.0,2082.0,green,2
J404,I983,2841.0,2848.0,green,2
J190,I393,887.0,889.0,brown,1
J190,I425,963.0,967.0,green,1
J190,I1529,4802.0,4805.0,green,2
J190,I1589,4977.0,4981.0,green,1
J190,I1685,5264.0,5267.0,green,1
J335,I786,2090.0,2102.0,green,3
J335,I1041,3079.0,3084.0,brown,1
J335,I1233,3838.0,3840.0,green,1
J335,I1650,5162.0,5164.0,green,1
J232,I485,1157.0,1158.0,green,1
J232,I1147,3491.0,3498.0,green,1
J232,I1155,3534.0,3555.0,green,4
J108,I254,525.0,527.0,green,1
J108,I286,616.0,617.0,green,1
J108,I350,781.0,792.0,brown,1
J108,I621,1582.0,1589.0,green,2
J530,I1113,3377.0,3378.0,green,1
J530,I1241,3874.0,3876.0,brown,2
J530,I1305,4082.0,4083.0,green,1
J530,I1337,4215.0,4217.0,brown,2
J424,I383,867.0,869.0,brown,2
J424,I511,1240.0,1243.0,green,1
J278,I878,2446.0,2450.0,green,1
J278,I1454,4588.0,4591.0,brown,1
J454,I445,1039.0,1051.0,green,3
J454,I509,1229.0,1235.0,brown,3
J82,I811,2200.0,2207.0,green,1
J82,I1643,5144.0,5146.0,brown,1
J82,I1680,5244.0,5252.0,green,2
J82,I1856,5671.0,5675.0,green,1
J279,I598,1512.0,1524.0,green,4
J279,I822,2228.0,2229.0,brown,1
J673,I955,2744.0,2756.0,green,1
J673,I1018,3001.0,3003.0,green,2
J943,I1841,5646.0,5649.0,green,3
J943,I1881,5729.0,5735.0,green,1
J565,I1189,3661.0,3675.0,green,1
J565,I1798,5546.0,5552.0,green,1
J473,I1095,3302.0,3311.0,green,1
J473,I1512,4746.0,4748.0,green,1
J473,I1800,5554.0,5555.0,green,1
J473,I1960,5883.0,5889.0,green,1
J852,I384,869.0,873.0,brown,2
J852,I1393,4398.0,4407.0,green,2
J852,I1409,4476.0,4478.0,green,1
J852,I1707,5340.0,5346.0,green,1
J3,I919,2594.0,2603.0,brown,1
J555,I566,1374.0,1380.0,green,1
J555,I598,1512.0,1524.0,green,1
J555,I1303,4077.0,4080.0,green,1
J555,I1327,4168.0,4182.0,green,3
J979,I216,429.0,434.0,green,1
J979,I345,764.0,769.0,green,2
J979,I1371,4315.0,4318.0,green,2
J979,I1979,5926.0,5931.0,brown,1
J730,I939,2669.0,2672.0,red,2
J748,I763,2019.0,2024.0,green,1
J748,I891,2498.0,2500.0,brown,1
J748,I1020,3004.0,3021.0,green,2
J834,I1144,3485.0,3489.0,green,1
J834,I1720,5366.0,5368.0,brown,1
J587,I1100,3322.0,3333.0,green,2
J552,I590,1488.0,1489.0,green,1
J552,I1294,4030.0,4033.0,green,1
J552,I1326,4164.0,4168.0,brown,2
J552,I1423,4511.0,4515.0,green,2
J609,I1169,3603.0,3605.0,green,1
J609,I1170,3605.0,3608.0,green,1
J609,I1202,3734.0,3735.0,green,1
J609,I1234,3840.0,3844.0,green,2
J609,I1330,4192.0,4207.0,red,1
J727,I1400,4440.0,4448.0,green,6
J130,I226,454.0,462.0,green,2
J130,I325,714.0,725.0,brown,3
J130,I666,1704.0,1705.0,brown,1
J529,I756,2003.0,2004.0,green,1
J529,I789,2114.0,2120.0,green,1
J529,I933,2634.0,2643.0,green,2
J529,I948,2706.0,2718.0,green,1
J529,I980,2833.0,2838.0,green,1
J761,I794,2136.0,2144.0,green,2
J761,I1114,3378.0,3379.0,green,1
J761,I1820,5590.0,5595.0,brown,1
J761,I1967,5900.0,5902.0,brown,1
J761,I1970,5904.0,5905.0,brown,1
J496,I1038,3071.0,3075.0,green,2
J496,I1167,3595.0,3600.0,green,2
J496,I1390,4392.0,4394.0,green,1
J496,I1564,4905.0,4912.0,brown,1
J482,I1171,3608.0,3612.0,green,1
J482,I1267,3944.0,3945.0,red,1
J482,I1459,4607.0,4610.0,brown,1
J482,I1780,5516.0,5517.0,green,1
J715,I433,998.0,1004.0,green,2
J715,I882,2472.0,2475.0,green,1
J715,I1394,4407.0,4430.0,green,2
J412,I275,574.0,577.0,green,1
J412,I436,1008.0,1010.0,green,1
J412,I1108,3359.0,3365.0,green,1
J412,I1300,4061.0,4068.0,green,1
J427,I905,2553.0,2554.0,red,1
J427,I937,2655.0,2667.0,red,1
J427,I986,2852.0,2854.0,green,1
J427,I1050,3112.0,3114.0,green,2
J427,I1242,3876.0,3877.0,red,1
J581,I534,1311.0,1313.0,brown,1
J581,I566,1374.0,1380.0,green,1
J581,I598,1512.0,1524.0,green,2
J581,I1083,3246.0,3258.0,green,1
J946,I667,1705.0,1706.0,brown,1
J946,I699,1795.0,1799.0,brown,3
J946,I1684,5260.0,5264.0,green,2
J281,I200,387.0,389.0,brown,1
J281,I328,728.0,733.0,brown,3
J281,I488,1162.0,1164.0,green,1
J281,I1627,5094.0,5096.0,green,1
J908,I1560,4898.0,4900.0,green,2
J908,I1624,5087.0,5092.0,green,2
J908,I1724,5373.0,5379.0,brown,1
J198,I568,1383.0,1392.0,green,2
J198,I793,2127.0,2136.0,green,1
J198,I1056,3127.0,3134.0,green,1
J33,I25,35.0,38.0,brown,1
J33,I36,55.0,56.0,green,1
J33,I439,1024.0,1028.0,green,3
J666,I1796,5544.0,5545.0,green,1
J666,I1860,5683.0,5688.0,green,1
J666,I1924,5816.0,5817.0,green,1
J666,I1956,5874.0,5875.0,green,1
J666,I2007,5971.0,5972.0,brown,1
J326,I417,943.0,948.0,brown,1
J326,I626,1598.0,1608.0,green,1
J768,I156,285.0,286.0,brown,1
J768,I1885,5741.0,5744.0,green,1
J768,I2003,5964.0,5968.0,brown,1
J100,I146,267.0,269.0,green,1
J100,I178,322.0,325.0,green,1
J100,I1155,3534.0,3555.0,green,4
J632,I1234,3840.0,3844.0,green,2
J632,I1281,3991.0,3992.0,green,1
J128,I176,319.0,320.0,green,1
J128,I240,487.0,492.0,green,1
J128,I432,996.0,998.0,brown,1
J128,I433,998.0,1004.0,green,2
J128,I688,1759.0,1761.0,brown,1
J269,I948,2706.0,2718.0,green,1
J149,I88,150.0,152.0,green,1
J149,I120,216.0,218.0,green,1
J149,I216,429.0,434.0,green,1
J149,I281,594.0,600.0,green,2
J149,I345,764.0,769.0,green,1
J508,I502,1207.0,1214.0,red,1
J508,I566,1374.0,1380.0,green,1
J508,I823,2229.0,2231.0,brown,2
J508,I919,2594.0,2603.0,brown,2
J310,I763,2019.0,2024.0,green,1
J286,I607,1548.0,1555.0,green,1
J286,I670,1712.0,1723.0,brown,1
J286,I895,2509.0,2514.0,green,1
J369,I622,1589.0,1590.0,green,1
J369,I686,1757.0,1758.0,brown,1
J369,I1078,3224.0,3226.0,brown,1
J842,I1564,4905.0,4912.0,brown,1
J842,I1604,5037.0,5039.0,green,2
J842,I1636,5133.0,5134.0,green,1
J842,I1677,5231.0,5234.0,green,2
J717,I364,820.0,822.0,green,1
J717,I1261,3928.0,3932.0,green,2
J717,I1469,4635.0,4636.0,brown,1
J717,I1685,5264.0,5267.0,green,1
J341,I509,1229.0,1235.0,brown,1
J341,I573,1412.0,1413.0,green,1
J341,I574,1413.0,1420.0,green,4
J411,I598,1512.0,1524.0,green,1
J411,I1047,3103.0,3105.0,brown,1
J411,I1175,3616.0,3628.0,green,1
J411,I1815,5580.0,5583.0,green,1
J411,I1879,5725.0,5726.0,green,1
J411,I1911,5791.0,5792.0,green,1
J97,I171,310.0,314.0,green,1
J97,I459,1089.0,1095.0,green,2
J97,I811,2200.0,2207.0,green,1
J97,I1003,2937.0,2941.0,green,1
J764,I716,1857.0,1858.0,green,1
J764,I781,2066.0,2078.0,green,1
J764,I1452,4579.0,4587.0,green,1
J764,I1549,4865.0,4873.0,green,1
J764,I1705,5338.0,5339.0,green,1
J570,I781,2066.0,2078.0,green,2
J570,I1004,2941.0,2947.0,green,3
J570,I1125,3414.0,3416.0,green,1
J329,I738,1928.0,1932.0,green,4
J329,I900,2539.0,2541.0,green,2
J261,I284,605.0,613.0,green,2
J824,I1379,4347.0,4350.0,red,2
J800,I659,1686.0,1690.0,green,2
J800,I755,1986.0,2003.0,green,4
J192,I1282,3992.0,3996.0,green,1
J192,I2002,5962.0,5964.0,brown,1
J350,I341,758.0,760.0,green,2
J350,I407,918.0,923.0,green,2
J350,I438,1021.0,1024.0,green,1
J742,I842,2295.0,2303.0,green,4
J932,I1153,3529.0,3533.0,green,1
J932,I1634,5118.0,5120.0,green,2
J487,I813,2208.0,2209.0,green,1
J487,I877,2433.0,2446.0,green,1
J487,I1006,2955.0,2959.0,green,2
J219,I1164,3591.0,3592.0,green,1
J219,I1517,4758.0,4761.0,brown,1
J886,I965,2791.0,2792.0,brown,1
J886,I1126,3416.0,3423.0,green,2
J886,I1286,4006.0,4009.0,green,1
J886,I1509,4733.0,4737.0,brown,1
J886,I1542,4852.0,4853.0,green,1
J111,I240,487.0,492.0,green,1
J111,I263,543.0,544.0,green,1
J111,I425,963.0,967.0,green,2
J111,I433,998.0,1004.0,green,1
J418,I877,2433.0,2446.0,green,4
J418,I888,2490.0,2496.0,green,2
J210,I513,1244.0,1253.0,green,2
J210,I577,1424.0,1428.0,green,1
J210,I705,1815.0,1829.0,green,3
J168,I1175,3616.0,3628.0,green,1
J168,I1399,4439.0,4440.0,green,1
J168,I1479,4661.0,4664.0,green,2
J778,I1300,4061.0,4068.0,green,1
J778,I1323,4144.0,4157.0,red,1
J778,I1364,4296.0,4298.0,green,2
J778,I1388,4383.0,4387.0,brown,2
J903,I1972,5906.0,5908.0,brown,1
J903,I2004,5968.0,5969.0,brown,1
J938,I1631,5102.0,5115.0,green,2
J938,I1871,5708.0,5710.0,green,1
J367,I998,2916.0,2920.0,green,2
J367,I1702,5328.0,5332.0,brown,1
J367,I1958,5876.0,5881.0,green,3
J772,I1117,3385.0,3392.0,green,1
J772,I1118,3392.0,3396.0,green,1
J772,I1550,4873.0,4876.0,green,2
J601,I944,2681.0,2682.0,green,1
J601,I1040,3077.0,3079.0,brown,2
J601,I1296,4037.0,4039.0,green,1
J812,I448,1055.0,1063.0,green,1
J812,I865,2377.0,2383.0,green,1
J812,I1372,4318.0,4322.0,brown,1
J965,I1261,3928.0,3932.0,green,1
J965,I1356,4268.0,4272.0,red,2
J965,I1485,4677.0,4683.0,green,1
J965,I1821,5595.0,5596.0,brown,1
J965,I1853,5668.0,5669.0,brown,1
J76,I469,1121.0,1124.0,brown,1
J76,I1577,4945.0,4957.0,brown,1
J76,I1630,5100.0,5102.0,green,2
J76,I1678,5234.0,5243.0,green,1
J308,I742,1942.0,1949.0,green,1
J308,I869,2398.0,2401.0,green,1
J308,I1157,3557.0,3564.0,green,3
J954,I907,2557.0,2560.0,red,1
J954,I1396,4431.0,4435.0,green,2
J954,I1579,4958.0,4961.0,brown,1
J954,I1868,5702.0,5705.0,green,1
J65,I48,76.0,79.0,green,1
J65,I144,264.0,266.0,green,2
J65,I912,2567.0,2571.0,green,3
J639,I591,1489.0,1496.0,green,1
J639,I846,2319.0,2325.0,brown,1
J639,I878,2446.0,2450.0,green,1
J639,I1295,4033.0,4037.0,green,1
J639,I1390,4392.0,4394.0,green,1
J639,I1454,4588.0,4591.0,brown,1
J915,I1377,4336.0,4341.0,red,1
J915,I1441,4557.0,4559.0,brown,2
J915,I1569,4923.0,4928.0,brown,2
J436,I948,2706.0,2718.0,green,3
J70,I947,2701.0,2706.0,green,3
J70,I1108,3359.0,3365.0,green,1
J590,I857,2349.0,2353.0,brown,1
J590,I1017,3000.0,3001.0,green,1
J590,I1226,3814.0,3824.0,green,1
J590,I1451,4576.0,4579.0,green,3
J617,I163,299.0,300.0,green,1
J617,I611,1563.0,1567.0,green,2
J617,I899,2523.0,2539.0,green,1
J617,I1155,3534.0,3555.0,green,2
J916,I1048,3105.0,3106.0,brown,1
J916,I1080,3231.0,3234.0,brown,1
J916,I1209,3760.0,3765.0,red,1
J916,I1561,4900.0,4902.0,green,1
J540,I1084,3258.0,3265.0,green,1
J540,I1099,3320.0,3322.0,brown,2
J540,I1163,3585.0,3591.0,green,1
J540,I1172,3612.0,3614.0,green,1
J540,I1195,3708.0,3715.0,green,1
J836,I1150,3508.0,3516.0,green,1
J836,I1438,4546.0,4551.0,brown,1
J836,I1887,5745.0,5747.0,green,2
J836,I1951,5867.0,5869.0,green,1
J492,I895,2509.0,2514.0,green,1
J492,I1056,3127.0,3134.0,green,4
J492,I1744,5422.0,5424.0,green,1
J405,I695,1781.0,1787.0,red,3
J405,I727,1888.0,1889.0,green,1
J405,I759,2012.0,2015.0,green,1
J405,I1176,3628.0,3629.0,green,1
J818,I1217,3783.0,3786.0,brown,1
J818,I1298,4041.0,4051.0,green,3
J818,I1538,4834.0,4837.0,green,2
J141,I181,338.0,339.0,green,1
J447,I927,2618.0,2619.0,green,1
J447,I1087,3273.0,3277.0,green,2
J447,I1095,3302.0,3311.0,green,1
J447,I1172,3612.0,3614.0,green,1
J43,I116,208.0,209.0,red,1
J43,I149,271.0,273.0,green,1
J43,I917,2584.0,2593.0,brown,1
J43,I1061,3148.0,3154.0,green,1
J43,I1205,3746.0,3747.0,green,1
J43,I1423,4511.0,4515.0,green,1
J629,I728,1889.0,1890.0,green,1
J629,I824,2231.0,2233.0,brown,2
J629,I1336,4213.0,4215.0,brown,1
J629,I1352,4248.0,4251.0,brown,1
J629,I1704,5337.0,5338.0,brown,1
J234,I158,288.0,291.0,brown,1
J234,I255,527.0,530.0,green,1
J234,I670,1712.0,1723.0,brown,1
J234,I895,2509.0,2514.0,green,3
J514,I793,2127.0,2136.0,green,1
J514,I1049,3106.0,3112.0,green,1
J514,I1081,3234.0,3235.0,brown,1
J714,I903,2548.0,2551.0,brown,1
J714,I1032,3043.0,3047.0,green,1
J714,I1544,4855.0,4857.0,green,2
J546,I338,752.0,754.0,green,2
J546,I435,1006.0,1008.0,green,1
J546,I787,2102.0,2110.0,green,2
J546,I1347,4235.0,4240.0,brown,1
J410,I873,2412.0,2417.0,green,1
J410,I1001,2934.0,2935.0,green,1
J410,I1067,3171.0,3188.0,green,1
J896,I1256,3910.0,3917.0,brown,3
J766,I1384,4371.0,4372.0,brown,1
J766,I1481,4672.0,4673.0,green,1
J766,I1513,4748.0,4750.0,green,1
J766,I1553,4884.0,4886.0,green,1
J228,I1006,2955.0,2959.0,green,1
J228,I1134,3451.0,3457.0,brown,2
J228,I1675,5228.0,5230.0,green,2
J588,I784,2082.0,2089.0,green,1
J588,I816,2214.0,2217.0,red,1
J588,I912,2567.0,2571.0,green,1
J588,I1184,3649.0,3655.0,green,1
J588,I1297,4039.0,4041.0,green,1
J515,I882,2472.0,2475.0,green,1
J515,I1042,3084.0,3089.0,brown,2
J515,I1107,3348.0,3359.0,green,1
J515,I1186,3657.0,3659.0,red,1
J1,I0,0.0,1.0,green,1
J1,I1,1.0,2.0,green,1
J1,I33,50.0,53.0,brown,1
J1,I448,1055.0,1063.0,green,2
J1,I690,1765.0,1769.0,brown,1
J129,I368,827.0,828.0,green,1
J129,I465,1111.0,1115.0,green,1
J129,I593,1499.0,1500.0,brown,1
J773,I297,646.0,648.0,red,1
J773,I873,2412.0,2417.0,green,1
J773,I1194,3698.0,3708.0,green,1
J773,I1225,3807.0,3814.0,brown,3
J556,I1032,3043.0,3047.0,green,1
J556,I1149,3499.0,3508.0,green,2
J282,I252,522.0,524.0,green,1
J282,I796,2147.0,2149.0,green,2
J417,I914,2572.0,2580.0,green,2
J417,I1067,3171.0,3188.0,green,1
J945,I30,44.0,45.0,brown,1
J945,I62,98.0,105.0,brown,3
J249,I542,1328.0,1331.0,brown,1
J249,I574,1413.0,1420.0,green,1
J249,I670,1712.0,1723.0,brown,1
J249,I726,1886.0,1888.0,green,2
J594,I412,936.0,937.0,green,1
J594,I445,1039.0,1051.0,green,2
J594,I572,1406.0,1412.0,green,1
J594,I700,1799.0,1806.0,brown,1
J890,I1688,5273.0,5287.0,green,6
J164,I461,1096.0,1097.0,green,1
J164,I492,1173.0,1175.0,green,1
J164,I494,1178.0,1179.0,green,1
J164,I510,1235.0,1240.0,green,3
J146,I208,404.0,406.0,green,1
J146,I240,487.0,492.0,green,2
J146,I870,2401.0,2403.0,green,1
J146,I880,2455.0,2469.0,green,2
J396,I434,1004.0,1006.0,green,1
J396,I530,1299.0,1301.0,brown,1
J396,I914,2572.0,2580.0,green,1
J396,I1033,3047.0,3059.0,green,2
J105,I887,2484.0,2490.0,green,1
J347,I387,876.0,878.0,brown,1
J347,I419,949.0,951.0,brown,1
J347,I1092,3294.0,3297.0,green,1
J347,I1155,3534.0,3555.0,green,1
J347,I1699,5316.0,5323.0,brown,2
J575,I877,2433.0,2446.0,green,3
J575,I1036,3066.0,3069.0,green,1
J575,I1389,4387.0,4392.0,green,1
J575,I1772,5494.0,5497.0,brown,1
J157,I340,757.0,758.0,green,1
J157,I437,1010.0,1021.0,green,2
J157,I533,1304.0,1311.0,brown,2
J157,I789,2114.0,2120.0,green,1
J880,I1315,4104.0,4110.0,brown,1
J880,I1755,5446.0,5447.0,brown,1
J880,I1820,5590.0,5595.0,brown,1
J455,I469,1121.0,1124.0,brown,2
J455,I1590,4981.0,4990.0,green,1
J455,I1688,5273.0,5287.0,green,1
J67,I129,243.0,244.0,green,1
J67,I866,2383.0,2394.0,green,3
J67,I994,2883.0,2892.0,green,1
J67,I1058,3136.0,3141.0,green,1
J156,I121,218.0,221.0,green,1
J156,I458,1085.0,1089.0,green,2
J156,I762,2017.0,2019.0,green,2
J156,I874,2417.0,2420.0,green,1
J320,I669,1707.0,1712.0,brown,3
J320,I797,2149.0,2153.0,green,3
J957,I933,2634.0,2643.0,green,1
J957,I1862,5689.0,5694.0,green,2
J464,I882,2472.0,2475.0,green,1
J464,I937,2655.0,2667.0,red,1
J464,I945,2682.0,2694.0,green,1
J464,I1073,3199.0,3207.0,green,1
J464,I1107,3348.0,3359.0,green,1
J273,I346,769.0,772.0,green,2
J875,I1210,3765.0,3766.0,red,1
J875,I1595,5007.0,5014.0,green,1
J875,I1722,5370.0,5371.0,brown,1
J440,I61,97.0,98.0,brown,1
J440,I441,1031.0,1032.0,green,1
J440,I473,1128.0,1131.0,brown,2
J440,I986,2852.0,2854.0,green,1
J440,I1394,4407.0,4430.0,green,1
J627,I953,2735.0,2736.0,green,1
J627,I1049,3106.0,3112.0,green,2
J627,I1161,3571.0,3583.0,green,1
J272,I721,1869.0,1870.0,red,1
J272,I1041,3079.0,3084.0,brown,1
J272,I1052,3117.0,3119.0,green,1
J272,I1141,3476.0,3482.0,green,1
J738,I525,1286.0,1290.0,brown,4
J738,I749,1971.0,1974.0,brown,1
J738,I1150,3508.0,3516.0,green,1
J805,I592,1496.0,1499.0,brown,2
J805,I1397,4435.0,4438.0,green,2
J805,I1753,5436.0,5441.0,green,1
J805,I1788,5528.0,5531.0,brown,1
J900,I725,1878.0,1886.0,green,2
J900,I852,2336.0,2337.0,green,1
J900,I884,2477.0,2482.0,brown,1
J900,I1525,4791.0,4796.0,green,1
J900,I1557,4894.0,4896.0,green,1
J393,I799,2157.0,2162.0,green,1
J393,I1087,3273.0,3277.0,green,1
J386,I243,498.0,499.0,green,1
J386,I507,1221.0,1225.0,brown,1
J386,I828,2239.0,2257.0,green,4
J625,I1191,3683.0,3689.0,green,1
J625,I1214,3777.0,3780.0,red,1
J625,I1235,3844.0,3850.0,green,1
J625,I1327,4168.0,4182.0,green,3
J290,I665,1701.0,1704.0,brown,1
J290,I669,1707.0,1712.0,brown,1
J290,I673,1727.0,1728.0,brown,1
J854,I519,1266.0,1267.0,brown,1
J854,I551,1342.0,1345.0,brown,1
J854,I616,1574.0,1576.0,red,1
J854,I743,1949.0,1953.0,green,1
J854,I1480,4664.0,4672.0,green,1
J931,I1798,5546.0,5552.0,green,1
J931,I1950,5866.0,5867.0,green,1
J931,I1975,5913.0,5919.0,green,2
J432,I1313,4101.0,4103.0,brown,1
J432,I1826,5606.0,5612.0,green,1
J432,I1866,5699.0,5700.0,green,1
J432,I1976,5919.0,5923.0,green,1
J620,I620,1581.0,1582.0,green,1
J620,I876,2429.0,2433.0,green,1
J620,I1020,3004.0,3021.0,green,1
J620,I1068,3188.0,3191.0,green,2
J620,I1324,4157.0,4161.0,brown,1
J47,I85,147.0,148.0,green,1
J47,I151,274.0,275.0,green,1
J47,I182,339.0,344.0,green,2
J47,I183,344.0,345.0,green,1
J47,I215,422.0,429.0,green,1
J656,I314,689.0,690.0,brown,1
J656,I1083,3246.0,3258.0,green,1
J300,I523,1282.0,1284.0,brown,2
J300,I875,2420.0,2429.0,green,2
J300,I1004,2941.0,2947.0,green,1
J300,I1100,3322.0,3333.0,green,1
J187,I308,672.0,678.0,green,3
J187,I373,835.0,837.0,green,1
J187,I532,1303.0,1304.0,brown,1
J187,I581,1442.0,1456.0,green,1
J408,I568,1383.0,1392.0,green,2
J408,I920,2603.0,2607.0,brown,2
J657,I24,33.0,35.0,brown,1
J657,I32,48.0,50.0,brown,1
J657,I48,76.0,79.0,green,1
J657,I272,567.0,569.0,green,1
J830,I1189,3661.0,3675.0,green,3
J830,I1605,5039.0,5046.0,green,1
J675,I1406,4459.0,4463.0,brown,1
J675,I1438,4546.0,4551.0,brown,2
J814,I1088,3277.0,3281.0,green,1
J814,I1216,3782.0,3783.0,brown,1
J814,I1312,4097.0,4101.0,brown,1
J814,I1537,4833.0,4834.0,green,1
J814,I1633,5116.0,5118.0,green,1
J814,I1865,5697.0,5699.0,green,1
J961,I1033,3047.0,3059.0,green,1
J961,I1898,5763.0,5767.0,green,1
J961,I1974,5909.0,5913.0,green,4
J110,I169,306.0,308.0,green,2
J110,I201,389.0,395.0,green,1
J110,I437,1010.0,1021.0,green,1
J110,I533,1304.0,1311.0,brown,1
J363,I621,1582.0,1589.0,green,1
J363,I1008,2961.0,2971.0,green,4
J363,I1088,3277.0,3281.0,green,1
J387,I842,2295.0,2303.0,green,1
J741,I980,2833.0,2838.0,green,1
J741,I1075,3208.0,3210.0,green,1
J741,I1491,4695.0,4697.0,brown,1
J342,I500,1200.0,1202.0,green,1
J342,I692,1771.0,1778.0,brown,2
J342,I917,2584.0,2593.0,brown,1
J342,I948,2706.0,2718.0,green,1
J342,I1264,3935.0,3939.0,green,1
J230,I794,2136.0,2144.0,green,3
J230,I857,2349.0,2353.0,brown,3
J572,I598,1512.0,1524.0,green,1
J572,I1237,3851.0,3863.0,green,3
J572,I1365,4298.0,4299.0,green,1
J572,I1397,4435.0,4438.0,green,1
J567,I859,2357.0,2361.0,green,1
J567,I860,2361.0,2367.0,green,4
J708,I876,2429.0,2433.0,green,1
J708,I1004,2941.0,2947.0,green,2
J708,I1324,4157.0,4161.0,brown,2
J847,I942,2677.0,2678.0,brown,1
J847,I1294,4030.0,4033.0,green,1
J847,I1391,4394.0,4395.0,green,1
J847,I1519,4764.0,4769.0,brown,1
J847,I1759,5454.0,5467.0,brown,2
J291,I1282,3992.0,3996.0,green,1
J291,I1562,4902.0,4904.0,brown,2
J500,I866,2383.0,2394.0,green,2
J500,I962,2777.0,2785.0,green,1
J500,I1218,3786.0,3789.0,brown,1
J182,I963,2785.0,2789.0,green,2
J182,I996,2893.0,2910.0,green,2
J182,I1091,3284.0,3294.0,green,2
J255,I284,605.0,613.0,green,2
J255,I315,690.0,691.0,brown,1
J255,I604,1536.0,1540.0,green,2
J255,I955,2744.0,2756.0,green,1
J658,I600,1525.0,1530.0,green,1
J658,I1593,4998.0,5001.0,green,3
J658,I1817,5584.0,5587.0,green,1
J658,I1913,5795.0,5798.0,brown,1
J566,I402,907.0,909.0,green,1
J507,I929,2622.0,2623.0,green,1
J507,I930,2623.0,2627.0,green,1
J507,I961,2766.0,2777.0,green,2
J507,I1121,3399.0,3402.0,brown,1
J46,I27,39.0,42.0,brown,1
J46,I123,222.0,225.0,green,1
J46,I581,1442.0,1456.0,green,2
J438,I540,1323.0,1326.0,brown,3
J438,I1155,3534.0,3555.0,green,3
J822,I325,714.0,725.0,brown,3
J822,I1638,5136.0,5138.0,green,1
J116,I29,43.0,44.0,brown,1
J116,I125,230.0,231.0,green,1
J116,I509,1229.0,1235.0,brown,1
J116,I669,1707.0,1712.0,brown,1
J839,I572,1406.0,1412.0,green,2
J839,I1535,4822.0,4830.0,green,1
J839,I1629,5099.0,5100.0,green,1
J839,I1789,5531.0,5533.0,green,2
J595,I581,1442.0,1456.0,green,2
J595,I1157,3557.0,3564.0,green,1
J817,I1037,3069.0,3071.0,green,1
J817,I1155,3534.0,3555.0,green,1
J817,I1165,3592.0,3594.0,green,1
J817,I1556,4892.0,4894.0,green,1
J91,I1071,3194.0,3198.0,brown,1
J91,I1152,3518.0,3529.0,green,2
J91,I1743,5420.0,5422.0,green,2
J91,I1756,5447.0,5448.0,brown,1
J810,I1212,3768.0,3775.0,brown,3
J810,I1308,4087.0,4090.0,brown,1
J810,I1716,5360.0,5361.0,brown,1
J265,I195,377.0,378.0,red,1
J265,I259,533.0,534.0,green,1
J265,I291,624.0,633.0,green,1
J265,I1300,4061.0,4068.0,green,3
J121,I164,300.0,302.0,green,1
J121,I227,462.0,465.0,green,1
J121,I736,1915.0,1926.0,green,1
J121,I737,1926.0,1928.0,green,1
J121,I795,2144.0,2147.0,green,1
J731,I605,1540.0,1543.0,green,2
J731,I637,1632.0,1634.0,red,1
J731,I829,2257.0,2259.0,green,2
J731,I1150,3508.0,3516.0,green,1
J235,I705,1815.0,1829.0,green,1
J235,I1922,5812.0,5815.0,green,3
J235,I1938,5843.0,5845.0,brown,1
J235,I2002,5962.0,5964.0,brown,1
J364,I80,138.0,139.0,red,1
J364,I241,492.0,496.0,green,1
J364,I497,1189.0,1191.0,green,1
J364,I529,1296.0,1299.0,brown,1
J364,I657,1680.0,1684.0,green,1
J364,I1105,3342.0,3347.0,green,1
J603,I998,2916.0,2920.0,green,1
J603,I1734,5400.0,5403.0,brown,1
J603,I1799,5552.0,5554.0,green,2
J45,I261,537.0,540.0,green,1
J45,I357,803.0,807.0,green,1
J45,I454,1074.0,1079.0,green,1
J45,I1155,3534.0,3555.0,green,2
J274,I781,2066.0,2078.0,green,1
J274,I1546,4860.0,4863.0,green,1
J274,I1550,4873.0,4876.0,green,1
J52,I410,927.0,935.0,green,1
J52,I794,2136.0,2144.0,green,1
J52,I1130,3438.0,3443.0,brown,1
J651,I933,2634.0,2643.0,green,1
J651,I1013,2981.0,2984.0,brown,1
J651,I1190,3675.0,3683.0,green,3
J651,I1258,3918.0,3925.0,green,1
J681,I993,2882.0,2883.0,green,1
J681,I1217,3783.0,3786.0,brown,1
J681,I1239,3866.0,3871.0,brown,2
J681,I1335,4212.0,4213.0,brown,1
J489,I571,1403.0,1406.0,green,1
J489,I730,1897.0,1901.0,green,1
J489,I955,2744.0,2756.0,green,3
J489,I1083,3246.0,3258.0,green,1
J960,I979,2832.0,2833.0,green,1
J960,I1011,2979.0,2980.0,brown,1
J960,I1077,3221.0,3224.0,red,1
J960,I1108,3359.0,3365.0,green,1
J593,I794,2136.0,2144.0,green,1
J593,I1595,5007.0,5014.0,green,3
J402,I378,849.0,854.0,red,1
J402,I474,1131.0,1134.0,brown,2
J402,I730,1897.0,1901.0,green,1
J771,I350,781.0,792.0,brown,4
J771,I1599,5020.0,5024.0,green,1
J744,I1127,3423.0,3426.0,green,2
J744,I1159,3565.0,3567.0,green,1
J744,I1191,3683.0,3689.0,green,2
J744,I1207,3749.0,3758.0,green,1
J475,I553,1346.0,1351.0,brown,2
J475,I1385,4372.0,4378.0,brown,1
J155,I323,708.0,713.0,red,1
J155,I1315,4104.0,4110.0,brown,4
J155,I1860,5683.0,5688.0,green,1
J925,I252,522.0,524.0,green,1
J925,I1149,3499.0,3508.0,green,1
J925,I1564,4905.0,4912.0,brown,2
J925,I1820,5590.0,5595.0,brown,1
J574,I854,2338.0,2340.0,green,2
J574,I1046,3096.0,3103.0,brown,3
J574,I1207,3749.0,3758.0,green,1
J434,I1061,3148.0,3154.0,green,1
J434,I1126,3416.0,3423.0,green,1
J434,I1157,3557.0,3564.0,green,1
J434,I1258,3918.0,3925.0,green,1
J434,I1360,4280.0,4286.0,green,1
J687,I1282,3992.0,3996.0,green,1
J687,I1635,5120.0,5133.0,green,4
J615,I339,754.0,757.0,green,1
J615,I531,1301.0,1303.0,brown,1
J615,I1876,5718.0,5721.0,green,2
J972,I1748,5429.0,5430.0,brown,1
J972,I1877,5721.0,5723.0,green,2
J972,I2009,5973.0,5976.0,brown,1
J972,I2026,5997.0,5998.0,green,1
J972,I2028,5999.0,6000.0,green,1
J811,I1054,3122.0,3126.0,green,1
J811,I1086,3271.0,3273.0,green,1
J811,I1510,4737.0,4743.0,green,1
J277,I508,1225.0,1229.0,brown,1
J277,I636,1629.0,1632.0,red,1
J277,I1679,5243.0,5244.0,green,1
J605,I1117,3385.0,3392.0,green,1
J605,I1181,3644.0,3645.0,green,1
J605,I1510,4737.0,4743.0,green,2
J605,I1565,4912.0,4915.0,brown,1
J605,I1577,4945.0,4957.0,brown,1
J837,I77,133.0,135.0,red,1
J837,I1682,5254.0,5256.0,green,2
J837,I1802,5556.0,5558.0,green,2
J691,I766,2029.0,2031.0,red,1
J691,I926,2616.0,2618.0,green,1
J691,I1631,5102.0,5115.0,green,4
J512,I855,2340.0,2348.0,green,1
J512,I919,2594.0,2603.0,brown,1
J512,I951,2725.0,2734.0,red,2
J524,I915,2580.0,2583.0,green,2
J524,I1787,5525.0,5528.0,brown,1
J524,I1888,5747.0,5748.0,green,1
J524,I1944,5851.0,5859.0,green,1
J524,I1952,5869.0,5871.0,green,1
J162,I449,1063.0,1064.0,green,1
J162,I490,1166.0,1170.0,green,2
J87,I811,2200.0,2207.0,green,1
J87,I1020,3004.0,3021.0,green,5
J685,I959,2761.0,2763.0,green,2
J685,I1086,3271.0,3273.0,green,1
J685,I1151,3516.0,3518.0,green,1
J685,I1183,3646.0,3649.0,green,2
J664,I520,1267.0,1272.0,brown,3
J664,I1033,3047.0,3059.0,green,1
J664,I1741,5415.0,5418.0,green,2
J783,I403,909.0,910.0,green,1
J783,I755,1986.0,2003.0,green,1
J783,I1235,3844.0,3850.0,green,2
J783,I1283,3996.0,3998.0,green,2
J94,I1400,4440.0,4448.0,green,2
J413,I768,2033.0,2034.0,red,1
J413,I1024,3028.0,3031.0,brown,2
J413,I1136,3461.0,3466.0,brown,1
J413,I1312,4097.0,4101.0,brown,1
J959,I811,2200.0,2207.0,green,1
J959,I1771,5492.0,5494.0,brown,2
J959,I1836,5639.0,5640.0,green,1
J307,I933,2634.0,2643.0,green,1
J307,I1061,3148.0,3154.0,green,2
J88,I170,308.0,310.0,green,1
J88,I874,2417.0,2420.0,green,1
J88,I1034,3059.0,3062.0,green,1
J88,I1082,3235.0,3246.0,brown,1
J88,I1404,4455.0,4457.0,brown,1
J577,I922,2608.0,2610.0,brown,2
J577,I954,2736.0,2744.0,green,1
J577,I955,2744.0,2756.0,green,1
J577,I1003,2937.0,2941.0,green,1
J390,I898,2521.0,2523.0,green,1
J390,I994,2883.0,2892.0,green,1
J194,I235,477.0,481.0,green,3
J194,I683,1753.0,1754.0,red,1
J194,I907,2557.0,2560.0,red,1
J185,I326,725.0,726.0,brown,1
J185,I358,807.0,809.0,green,1
J185,I454,1074.0,1079.0,green,1
J185,I582,1456.0,1457.0,green,1
J185,I598,1512.0,1524.0,green,1
J863,I714,1850.0,1856.0,brown,1
J863,I1130,3438.0,3443.0,brown,3
J849,I1265,3939.0,3941.0,red,1
J849,I1298,4041.0,4051.0,green,2
J849,I1473,4652.0,4654.0,brown,1
J849,I1554,4886.0,4888.0,green,2
J96,I651,1664.0,1665.0,red,1
J96,I907,2557.0,2560.0,red,1
J96,I1488,4686.0,4692.0,green,2
J96,I1539,4837.0,4842.0,green,1
J683,I591,1489.0,1496.0,green,1
J683,I1135,3457.0,3461.0,brown,3
J485,I974,2818.0,2822.0,red,1
J485,I1263,3933.0,3935.0,green,1
J328,I828,2239.0,2257.0,green,2
J328,I1807,5565.0,5566.0,green,1
J328,I1869,5705.0,5706.0,green,1
J328,I1977,5923.0,5924.0,green,1
J486,I1042,3084.0,3089.0,brown,1
J486,I1139,3470.0,3473.0,green,1
J486,I1235,3844.0,3850.0,green,1
J429,I1046,3096.0,3103.0,brown,3
J48,I232,473.0,474.0,brown,1
J48,I456,1080.0,1082.0,green,1
J958,I1151,3516.0,3518.0,green,1
J958,I1152,3518.0,3529.0,green,2
J958,I1279,3983.0,3985.0,brown,1
J941,I1408,4468.0,4476.0,green,3
J966,I1644,5146.0,5148.0,green,1
J966,I1885,5741.0,5744.0,green,2
J832,I327,726.0,728.0,brown,1
J832,I1480,4664.0,4672.0,green,4
J64,I135,252.0,254.0,green,1
J64,I536,1314.0,1316.0,brown,1
J64,I1160,3567.0,3571.0,green,1
J64,I1192,3689.0,3695.0,green,1
J177,I1163,3585.0,3591.0,green,3
J177,I1174,3615.0,3616.0,green,1
J553,I595,1501.0,1508.0,red,1
J553,I755,1986.0,2003.0,green,2
J553,I947,2701.0,2706.0,green,1
J553,I1140,3473.0,3476.0,green,2
J12,I40,60.0,62.0,green,1
J12,I1149,3499.0,3508.0,green,1
J12,I1237,3851.0,3863.0,green,4
J449,I1082,3235.0,3246.0,brown,2
J449,I1594,5001.0,5007.0,green,1
J449,I1958,5876.0,5881.0,green,1
J449,I1979,5926.0,5931.0,brown,1
J383,I763,2019.0,2024.0,green,2
J383,I851,2333.0,2336.0,green,1
J520,I916,2583.0,2584.0,green,1
J520,I1589,4977.0,4981.0,green,2
J451,I38,57.0,58.0,green,1
J451,I1207,3749.0,3758.0,green,2
J451,I1255,3907.0,3910.0,green,3
J585,I1143,3483.0,3485.0,green,2
J585,I1175,3616.0,3628.0,green,1
J585,I1880,5726.0,5729.0,green,3
J239,I591,1489.0,1496.0,green,1
J239,I879,2450.0,2455.0,green,1
J239,I1039,3075.0,3077.0,green,1
J756,I1197,3716.0,3726.0,green,3
J756,I1198,3726.0,3729.0,green,1
J756,I1357,4272.0,4276.0,red,1
J756,I1394,4407.0,4430.0,green,1
J927,I331,737.0,738.0,red,1
J927,I491,1170.0,1173.0,green,2
J927,I747,1966.0,1970.0,brown,1
J927,I1452,4579.0,4587.0,green,2
J535,I786,2090.0,2102.0,green,2
J535,I1105,3342.0,3347.0,green,1
J535,I1299,4051.0,4061.0,green,1
J365,I994,2883.0,2892.0,green,1
J365,I1058,3136.0,3141.0,green,1
J365,I1666,5208.0,5213.0,brown,1
J463,I553,1346.0,1351.0,brown,2
J463,I1035,3062.0,3066.0,green,1
J463,I1067,3171.0,3188.0,green,1
J463,I1147,3491.0,3498.0,green,2
J124,I236,481.0,484.0,brown,1
J124,I876,2429.0,2433.0,green,1
J124,I1109,3365.0,3370.0,green,4
J777,I1479,4661.0,4664.0,green,1
J777,I1591,4990.0,4993.0,green,2
J777,I1687,5270.0,5273.0,green,1
J777,I1702,5328.0,5332.0,brown,2
J165,I542,1328.0,1331.0,brown,2
J165,I670,1712.0,1723.0,brown,1
J165,I798,2153.0,2157.0,green,1
J165,I894,2508.0,2509.0,green,1
J165,I1054,3122.0,3126.0,green,1
J142,I150,273.0,274.0,green,1
J142,I375,839.0,844.0,green,1
J142,I406,917.0,918.0,green,1
J142,I1207,3749.0,3758.0,green,2
J548,I374,837.0,839.0,green,1
J548,I1854,5669.0,5670.0,brown,1
J312,I1167,3595.0,3600.0,green,2
J312,I1289,4011.0,4013.0,green,2
J312,I1290,4013.0,4015.0,green,1
J267,I283,602.0,605.0,green,2
J267,I347,772.0,776.0,green,2
J267,I499,1196.0,1200.0,green,2
J409,I120,216.0,218.0,green,1
J409,I152,275.0,279.0,brown,3
J409,I216,429.0,434.0,green,1
J409,I1096,3311.0,3315.0,green,1
J560,I1053,3119.0,3122.0,green,1
J560,I1085,3265.0,3271.0,green,1
J560,I1116,3383.0,3385.0,red,1
J73,I208,404.0,406.0,green,1
J73,I1141,3476.0,3482.0,green,2
J73,I1169,3603.0,3605.0,green,1
J73,I1193,3695.0,3698.0,green,1
J73,I1201,3733.0,3734.0,green,1
J872,I1684,5260.0,5264.0,green,1
J872,I1688,5273.0,5287.0,green,3
J841,I607,1548.0,1555.0,green,1
J841,I1184,3649.0,3655.0,green,3
J841,I1407,4463.0,4468.0,brown,2
J835,I1483,4674.0,4676.0,green,2
J835,I1510,4737.0,4743.0,green,2
J835,I1515,4751.0,4757.0,green,2
J32,I223,444.0,445.0,green,1
J32,I1372,4318.0,4322.0,brown,1
J32,I1408,4468.0,4476.0,green,3
J521,I388,878.0,879.0,brown,1
J521,I420,951.0,954.0,brown,2
J521,I805,2176.0,2179.0,green,1
J521,I996,2893.0,2910.0,green,1
J521,I1429,4526.0,4530.0,green,1
J678,I50,81.0,86.0,green,1
J678,I179,325.0,336.0,green,1
J678,I1299,4051.0,4061.0,green,4
J986,I1359,4278.0,4280.0,red,2
J986,I1456,4595.0,4604.0,brown,3
J986,I1616,5070.0,5071.0,brown,1
J602,I1107,3348.0,3359.0,green,3
J602,I1266,3941.0,3944.0,red,1
J602,I1666,5208.0,5213.0,brown,1
J641,I1592,4993.0,4998.0,green,1
J641,I1832,5631.0,5634.0,green,1
J516,I1129,3428.0,3438.0,brown,2
J516,I1161,3571.0,3583.0,green,1
J516,I1162,3583.0,3585.0,green,1
J516,I1226,3814.0,3824.0,green,1
J551,I1407,4463.0,4468.0,brown,2
J551,I1408,4468.0,4476.0,green,1
J551,I1759,5454.0,5467.0,brown,1
J857,I1005,2947.0,2955.0,green,4
J857,I1260,3926.0,3928.0,green,2
J749,I1150,3508.0,3516.0,green,1
J749,I1327,4168.0,4182.0,green,2
J749,I1555,4888.0,4892.0,green,2
J23,I53,88.0,89.0,brown,1
J23,I55,90.0,91.0,brown,1
J23,I69,116.0,118.0,green,2
J23,I134,251.0,252.0,green,1
J23,I138,257.0,258.0,green,1
J456,I1251,3896.0,3900.0,brown,1
J935,I913,2571.0,2572.0,green,1
J935,I1073,3199.0,3207.0,green,1
J935,I1394,4407.0,4430.0,green,1
J935,I1926,5818.0,5821.0,green,2
J935,I1945,5859.0,5860.0,brown,1
J115,I228,465.0,469.0,green,1
J115,I325,714.0,725.0,brown,1
J115,I700,1799.0,1806.0,brown,1
J115,I961,2766.0,2777.0,green,2
J919,I423,958.0,962.0,green,1
J919,I1480,4664.0,4672.0,green,1
J919,I1736,5406.0,5408.0,green,2
J919,I1816,5583.0,5584.0,green,1
J151,I292,633.0,634.0,green,1
J151,I356,802.0,803.0,green,1
J460,I583,1457.0,1458.0,green,1
J460,I1031,3038.0,3043.0,brown,3
J460,I1876,5718.0,5721.0,green,1
J599,I433,998.0,1004.0,green,1
J599,I529,1296.0,1299.0,brown,2
J599,I1137,3466.0,3467.0,brown,1
J799,I777,2058.0,2060.0,green,1
J799,I1161,3571.0,3583.0,green,2
J799,I1385,4372.0,4378.0,brown,1
J907,I217,434.0,435.0,green,1
J907,I281,594.0,600.0,green,1
J907,I1913,5795.0,5798.0,brown,1
J517,I951,2725.0,2734.0,red,3
J517,I1624,5087.0,5092.0,green,3
J987,I1314,4103.0,4104.0,brown,1
J987,I1539,4837.0,4842.0,green,1
J987,I1635,5120.0,5133.0,green,2
J987,I2006,5970.0,5971.0,brown,1
J526,I1765,5477.0,5480.0,green,1
J586,I199,386.0,387.0,brown,1
J586,I296,643.0,646.0,red,2
J586,I840,2287.0,2293.0,green,1
J586,I871,2403.0,2410.0,green,1
J586,I1008,2961.0,2971.0,green,1
J630,I843,2303.0,2313.0,green,3
J630,I1579,4958.0,4961.0,brown,1
J630,I1678,5234.0,5243.0,green,1
J769,I421,954.0,957.0,red,1
J769,I1093,3297.0,3298.0,green,1
J769,I1190,3675.0,3683.0,green,1
J719,I878,2446.0,2450.0,green,1
J719,I1198,3726.0,3729.0,green,1
J719,I1295,4033.0,4037.0,green,2
J719,I1539,4837.0,4842.0,green,1
J701,I629,1611.0,1614.0,green,1
J701,I725,1878.0,1886.0,green,5
J379,I414,938.0,940.0,brown,2
J241,I490,1166.0,1170.0,green,2
J241,I585,1465.0,1476.0,green,1
J241,I586,1476.0,1477.0,green,1
J241,I714,1850.0,1856.0,brown,1
J241,I778,2060.0,2064.0,green,1
J86,I110,194.0,195.0,green,1
J86,I265,545.0,555.0,green,3
J86,I270,561.0,566.0,green,1
J86,I358,807.0,809.0,green,1
J819,I1066,3169.0,3171.0,red,2
J819,I1130,3438.0,3443.0,brown,1
J819,I1354,4253.0,4263.0,red,1
J819,I1914,5798.0,5800.0,brown,1
J819,I1978,5924.0,5926.0,brown,1
J559,I376,844.0,847.0,red,1
J559,I600,1525.0,1530.0,green,2
J559,I1673,5226.0,5227.0,green,1
J559,I1737,5408.0,5410.0,green,1
J924,I402,907.0,909.0,green,1
J924,I1347,4235.0,4240.0,brown,2
J924,I1619,5073.0,5074.0,brown,1
J924,I1651,5164.0,5165.0,green,1
J871,I591,1489.0,1496.0,green,1
J871,I655,1671.0,1679.0,red,1
J871,I784,2082.0,2089.0,green,2
J871,I880,2455.0,2469.0,green,2
J98,I215,422.0,429.0,green,2
J98,I342,760.0,761.0,green,1
J98,I438,1021.0,1024.0,green,1
J98,I875,2420.0,2429.0,green,2
J266,I581,1442.0,1456.0,green,3
J266,I741,1936.0,1942.0,green,1
J266,I837,2278.0,2279.0,brown,1
J643,I897,2516.0,2521.0,green,2
J643,I928,2619.0,2622.0,green,3
J643,I960,2763.0,2766.0,green,1
J949,I1960,5883.0,5889.0,green,4
J823,I1487,4684.0,4686.0,green,2
J823,I1519,4764.0,4769.0,brown,1
J823,I1647,5150.0,5155.0,green,2
J646,I460,1095.0,1096.0,green,1
J646,I844,2313.0,2316.0,brown,1
J646,I908,2560.0,2561.0,red,1
J29,I49,79.0,81.0,green,2
J29,I785,2089.0,2090.0,green,1
J29,I914,2572.0,2580.0,green,1
J29,I1153,3529.0,3533.0,green,1
J29,I1161,3571.0,3583.0,green,1
J676,I996,2893.0,2910.0,green,2
J676,I1061,3148.0,3154.0,green,1
J676,I1124,3410.0,3414.0,red,1
J676,I1324,4157.0,4161.0,brown,1
J676,I1388,4383.0,4387.0,brown,1
J682,I1306,4083.0,4086.0,green,2
J682,I1442,4559.0,4561.0,brown,2
J968,I1759,5454.0,5467.0,brown,1
J968,I1847,5660.0,5662.0,brown,2
J968,I1944,5851.0,5859.0,green,2
J163,I365,822.0,825.0,green,2
J163,I437,1010.0,1021.0,green,1
J163,I462,1097.0,1102.0,green,3
J862,I380,856.0,860.0,brown,1
J862,I1149,3499.0,3508.0,green,1
J862,I1805,5560.0,5564.0,green,2
J57,I109,193.0,194.0,green,1
J57,I238,485.0,486.0,green,1
J57,I269,559.0,561.0,green,1
J421,I258,532.0,533.0,green,1
J421,I291,624.0,633.0,green,1
J421,I322,705.0,708.0,brown,1
J421,I514,1253.0,1257.0,green,2
J421,I1026,3032.0,3033.0,brown,1
J92,I357,803.0,807.0,green,1
J92,I453,1070.0,1074.0,green,2
J92,I996,2893.0,2910.0,green,1
J109,I127,237.0,238.0,green,1
J109,I128,238.0,243.0,green,2
J109,I831,2260.0,2267.0,brown,1
J176,I50,81.0,86.0,green,1
J176,I179,325.0,336.0,green,4
J865,I475,1134.0,1135.0,red,1
J865,I603,1535.0,1536.0,green,1
J865,I1179,3635.0,3640.0,brown,1
J865,I1744,5422.0,5424.0,green,1
J554,I858,2353.0,2357.0,brown,2
J554,I1082,3235.0,3246.0,brown,1
J554,I1595,5007.0,5014.0,green,2
J554,I1730,5387.0,5388.0,brown,1
J926,I788,2110.0,2114.0,green,1
J926,I948,2706.0,2718.0,green,3
J926,I1788,5528.0,5531.0,brown,2
J840,I951,2725.0,2734.0,red,1
J840,I983,2841.0,2848.0,green,3
J840,I1368,4310.0,4313.0,green,2
J472,I902,2542.0,2548.0,red,3
J472,I966,2792.0,2793.0,brown,1
J990,I1827,5612.0,5613.0,green,1
J990,I1839,5643.0,5644.0,green,1
J990,I1859,5679.0,5683.0,green,1
J990,I1899,5767.0,5770.0,green,2
J990,I1923,5815.0,5816.0,green,1
J53,I41,62.0,63.0,green,1
J53,I50,81.0,86.0,green,1
J53,I58,93.0,94.0,green,1
J53,I106,188.0,191.0,green,2
J53,I107,191.0,192.0,green,1
J479,I361,813.0,815.0,green,1
J479,I618,1579.0,1580.0,green,1
J220,I149,271.0,273.0,green,1
J220,I245,504.0,508.0,green,1
J220,I310,681.0,685.0,brown,3
J220,I566,1374.0,1380.0,green,1
J27,I1422,4508.0,4511.0,green,2
J27,I1635,5120.0,5133.0,green,2
J27,I1707,5340.0,5346.0,green,1
J27,I1758,5450.0,5454.0,brown,1
J143,I239,486.0,487.0,green,1
J143,I1071,3194.0,3198.0,brown,1
J677,I380,856.0,860.0,brown,1
J677,I893,2504.0,2508.0,brown,1
J677,I1085,3265.0,3271.0,green,1
J677,I1533,4809.0,4815.0,green,3
J869,I1605,5039.0,5046.0,green,5
J869,I1700,5323.0,5327.0,brown,1
J442,I1161,3571.0,3583.0,green,3
J442,I1304,4080.0,4082.0,green,1
J442,I1352,4248.0,4251.0,brown,1
J905,I1367,4302.0,4310.0,green,5
J905,I1591,4990.0,4993.0,green,1
J170,I43,65.0,66.0,green,1
J170,I124,225.0,230.0,green,1
J170,I284,605.0,613.0,green,2
J271,I154,282.0,283.0,brown,1
J271,I410,927.0,935.0,green,3
J271,I506,1219.0,1221.0,brown,1
J933,I1083,3246.0,3258.0,green,2
J933,I1178,3632.0,3635.0,brown,3
J843,I1211,3766.0,3768.0,red,1
J843,I1577,4945.0,4957.0,brown,1
J843,I1628,5096.0,5099.0,green,1
J729,I630,1614.0,1615.0,green,1
J729,I1175,3616.0,3628.0,green,1
J729,I1195,3708.0,3715.0,green,2
J69,I136,254.0,256.0,green,2
J69,I201,389.0,395.0,green,1
J69,I265,545.0,555.0,green,2
J69,I617,1576.0,1579.0,green,1
J16,I50,81.0,86.0,green,1
J16,I945,2682.0,2694.0,green,1
J827,I873,2412.0,2417.0,green,1
J827,I1096,3311.0,3315.0,green,2
J827,I1801,5555.0,5556.0,green,1
J827,I1833,5634.0,5636.0,green,1
J827,I1899,5767.0,5770.0,green,1
J457,I363,816.0,820.0,green,2
J457,I764,2024.0,2028.0,green,1
J457,I956,2756.0,2758.0,green,2
J457,I996,2893.0,2910.0,green,1
J626,I843,2303.0,2313.0,green,4
J117,I242,496.0,498.0,green,1
J117,I755,1986.0,2003.0,green,3
J934,I691,1769.0,1771.0,brown,2
J934,I755,1986.0,2003.0,green,1
J934,I884,2477.0,2482.0,brown,1
J934,I1652,5165.0,5170.0,green,1
J934,I1680,5244.0,5252.0,green,1
J583,I945,2682.0,2694.0,green,2
J583,I1009,2971.0,2975.0,brown,3
J583,I1185,3655.0,3657.0,red,1
J597,I748,1970.0,1971.0,brown,1
J597,I780,2065.0,2066.0,green,1
J597,I949,2718.0,2724.0,green,1
J597,I1197,3716.0,3726.0,green,2
J297,I497,1189.0,1191.0,green,1
J297,I946,2694.0,2701.0,green,1
J297,I1010,2975.0,2979.0,brown,4
J610,I1051,3114.0,3117.0,green,2
J606,I866,2383.0,2394.0,green,2
J606,I899,2523.0,2539.0,green,4
J686,I1221,3794.0,3795.0,brown,1
J686,I1222,3795.0,3802.0,red,1
J686,I1565,4912.0,4915.0,brown,1
J686,I1733,5394.0,5400.0,brown,1
J686,I1872,5710.0,5712.0,green,2
J528,I1003,2937.0,2941.0,green,1
J528,I1179,3635.0,3640.0,brown,1
J528,I1258,3918.0,3925.0,green,1
J991,I1150,3508.0,3516.0,green,1
J991,I1535,4822.0,4830.0,green,2
J706,I547,1336.0,1338.0,red,2
J706,I1732,5389.0,5394.0,brown,3
J755,I1219,3789.0,3793.0,brown,2
J755,I1251,3896.0,3900.0,brown,2
J755,I1284,3998.0,4005.0,green,1
J216,I450,1064.0,1065.0,green,1
J216,I514,1253.0,1257.0,green,1
J216,I834,2270.0,2275.0,brown,1
J216,I899,2523.0,2539.0,green,2
J188,I879,2450.0,2455.0,green,4
J188,I880,2455.0,2469.0,green,1
J448,I745,1956.0,1959.0,brown,1
J448,I1129,3428.0,3438.0,brown,1
J448,I1194,3698.0,3708.0,green,3
J331,I313,687.0,689.0,brown,2
J331,I730,1897.0,1901.0,green,1
J331,I736,1915.0,1926.0,green,3
J781,I757,2004.0,2006.0,green,1
J781,I1430,4530.0,4531.0,green,1
J781,I1526,4796.0,4798.0,green,1
J781,I1536,4830.0,4833.0,green,2
J781,I1606,5046.0,5047.0,green,1
J179,I294,637.0,641.0,green,3
J179,I1046,3096.0,3103.0,brown,1
J851,I1041,3079.0,3084.0,brown,1
J851,I1393,4398.0,4407.0,green,2
J851,I1745,5424.0,5425.0,brown,1
J851,I1937,5842.0,5843.0,brown,1
