band_name,job_name,actual_tasks,total_instances_stats,cheap_horizon,valid_before_maxflow,reason
10_19,j_5953,10,10,6.0,True,maxflow_infeasible
10_19,j_619562,14,14,6.0,False,actual usable-instance horizon 2.000000 < 6
10_19,j_3657381,18,18,6.0,False,M15: no usable instances
10_19,j_92924,19,19,6.0,False,actual usable-instance horizon 5.000000 < 6
10_19,j_2928083,10,23,57400.0,False,R10_9: no usable instances
10_19,j_3909210,11,135,42441.0,False,R4_3: no usable instances
10_19,j_183270,12,16561,54614.0,False,"effective_window_infeasible: R11_10: non-positive effective window [682625.258807, 681083.000000]"
10_19,j_1442381,13,28,373370.0,False,R2_1: no usable instances
10_19,j_2081592,14,16078,17293.0,False,effective_window_infeasible: R14_13: processing=1007.054368 > effective window=416.419172
10_19,j_2796652,15,9207,77852.0,False,"effective_window_infeasible: M4: non-positive effective window [18100.000000, 8770.759382]"
10_19,j_416677,16,706,30960.0,False,R11_10: no usable instances
10_19,j_744313,17,201,39057.0,False,effective_window_infeasible: M1: processing=129.904592 > effective window=16.728700
10_19,j_1913713,18,8790,104558.0,False,"effective_window_infeasible: J9_8_12: non-positive effective window [90419.778638, 87217.000000]"
10_19,j_3014955,19,9128,14100.0,False,"effective_window_infeasible: J3_2_12: non-positive effective window [504842.748710, 504780.000000]"
10_19,j_8507,10,10,6.0,False,actual usable-instance horizon 2.000000 < 6
10_19,j_902149,14,14,6.0,False,"effective_window_infeasible: R4_6: non-positive effective window [365204.272958, 365203.695100]"
10_19,j_1643391,16,16,6.0,False,M8: no usable instances
10_19,j_638366,19,19,6.0,False,M1: no usable instances
10_19,j_90989,10,23,49334.0,False,R10_9: no usable instances
10_19,j_500763,11,1698,28800.0,False,R6_5: no usable instances
10_19,j_4162173,12,16538,38666.0,False,"effective_window_infeasible: R11_10: non-positive effective window [580579.615249, 579758.000000]"
10_19,j_2851120,13,875,10756.0,False,M2: no usable instances
10_19,j_3344277,14,8858,15109.0,False,effective_window_infeasible: M7: processing=1035.328815 > effective window=603.000000
10_19,j_3843513,16,4794,27727.0,False,effective_window_infeasible: M10: processing=28.459375 > effective window=25.000000
10_19,j_309873,17,201,35594.0,False,effective_window_infeasible: R14_13: processing=7757.623420 > effective window=4101.181143
10_19,j_2896943,18,8758,96687.0,False,"effective_window_infeasible: R2_14: non-positive effective window [265649.530771, 261005.000000]"
10_19,j_1686615,19,9241,12876.0,False,R1_9: no usable instances
10_19,j_348058,10,10,6.0,False,actual usable-instance horizon 1.000000 < 6
10_19,j_307475,11,11,6.0,False,J11_8_10: no usable instances
10_19,j_593594,17,17,6.0,False,actual usable-instance horizon 5.000000 < 6
10_19,j_3669207,18,30,6.0,False,M11: no usable instances
10_19,j_694339,19,19,6.0,True,maxflow_infeasible
10_19,j_1103667,10,23,47311.0,False,J9_6_7_8: no usable instances
10_19,j_3176613,11,42311,27073.0,False,effective_window_infeasible: R6_5: processing=1135.268316 > effective window=612.000000
10_19,j_506613,12,16291,35662.0,False,effective_window_infeasible: R3_2: processing=105.820107 > effective window=44.000000
10_19,j_624340,13,903,9888.0,False,R8_7: no usable instances
10_19,j_786302,14,12519,13785.0,False,effective_window_infeasible: R14_13: processing=831.943399 > effective window=301.223153
10_19,j_411438,16,4803,21178.0,False,effective_window_infeasible: J16_1_2_15: processing=862.270391 > effective window=350.000000
10_19,j_2742630,17,362,32847.0,False,R13_12: no usable instances
10_19,j_3922055,18,8566,90095.0,False,R18_17: no usable instances
10_19,j_928884,19,8460,12411.0,False,R10_9: no usable instances
10_19,j_637274,10,10,6.0,True,maxflow_infeasible
10_19,j_576789,11,11,6.0,False,J7_1_6: no usable instances
20_39,j_1840633,23,515,6.0,False,R4_19: no usable instances
20_39,j_907086,24,26,6.0,False,M1: no usable instances
20_39,j_3759300,25,43,6.0,False,R1_21: no usable instances
20_39,j_958900,27,51,6.0,False,M8: no usable instances
20_39,j_1909691,29,123,6.0,False,M3: no usable instances
20_39,j_1332535,30,31,6.0,False,M27: no usable instances
20_39,j_1392361,35,142,6.0,False,M9: no usable instances
20_39,j_241822,36,88,6.0,False,M29: no usable instances
20_39,j_2461823,37,509,6.0,False,R17_33: no usable instances
20_39,j_3703207,38,123,8.0,False,R31_30: no usable instances
20_39,j_1116407,39,226,8.0,True,maxflow_infeasible
20_39,j_1987966,20,60,126182.0,False,R16_15: no usable instances
20_39,j_3903466,21,21,94753.0,False,unparseable task name 'task_LTY4Nzc0NTYxMzQxNzgwMzMyNjc='
20_39,j_3948446,22,24631,6475.0,False,M1: no usable instances
20_39,j_23491,23,908,20311.0,False,M3: no usable instances
20_39,j_3380201,24,15047,11708.0,False,"effective_window_infeasible: R5_4: non-positive effective window [458450.416079, 458448.000000]"
20_39,j_1302141,25,4024,4705.0,False,"effective_window_infeasible: J24_2_23: non-positive effective window [364352.989209, 363042.000000]"
20_39,j_4169511,26,26,40920.0,False,unparseable task name 'task_LTc0NTA3NDMxOTk1MzA0MjY2OA=='
20_39,j_3855538,27,10110,9895.0,False,R10_9: no usable instances
20_39,j_2805389,28,20174,10662.0,False,"effective_window_infeasible: J2_14_22: non-positive effective window [354929.226931, 354783.000000]"
20_39,j_3972510,29,167,10761.0,False,J28_25_27: no usable instances
20_39,j_3635096,30,31769,11292.0,False,M3: no usable instances
20_39,j_947006,31,31,124531.0,False,unparseable task name 'task_MjgyNDUyNjcxNzIwMTMxOTA5OQ=='
20_39,j_34308,32,3360,5077.0,False,J32_18_31: no usable instances
20_39,j_2690017,33,1579,6568.0,False,R3_2: no usable instances
20_39,j_2995193,34,149856,4804.0,False,effective_window_infeasible: M30: processing=612.132478 > effective window=362.000000
20_39,j_321566,35,1091,5383.0,False,M8: no usable instances
20_39,j_3361575,36,52889,5809.0,False,R15_14: no usable instances
20_39,j_2548067,37,4346,6300.0,False,effective_window_infeasible: M20: processing=627.900819 > effective window=567.772157
20_39,j_2280534,38,6682,6961.0,False,R15_14: no usable instances
20_39,j_649915,39,4251,1677.0,True,maxflow_infeasible
20_39,j_711471,20,36,6.0,False,M1: no usable instances
20_39,j_2190567,21,25,6.0,False,M17: no usable instances
20_39,j_1912228,24,28,6.0,False,R20_19: no usable instances
20_39,j_1569924,25,54,6.0,False,M3: no usable instances
20_39,j_3131325,28,52,6.0,False,R7_23: no usable instances
20_39,j_3771325,29,123,6.0,False,R11_10: no usable instances
20_39,j_3833218,30,89,6.0,False,M16: no usable instances
20_39,j_334240,32,133,8.0,False,"effective_window_infeasible: R4_26: non-positive effective window [260973.300615, 260972.964182]"
20_39,j_2454235,34,106,6.0,False,M21: no usable instances
20_39,j_2897662,35,1628,6.0,False,R6_5: no usable instances
20_39,j_424605,36,121,6.0,False,M9: no usable instances
20_39,j_3008970,37,1626,7.0,False,J4_1_2_3: no usable instances
20_39,j_2782559,38,1273,8.0,False,"effective_window_infeasible: R31_30: non-positive effective window [589964.041833, 589935.194037]"
20_39,j_3751777,39,231,8.0,True,maxflow_infeasible
20_39,j_3119381,20,60,103935.0,False,R10_9: no usable instances
20_39,j_409558,21,14616,17922.0,False,R21_20: no usable instances
20_39,j_3403985,22,24827,6444.0,False,R4_3: no usable instances
20_39,j_674706,23,907,19934.0,False,R16_15: no usable instances
20_39,j_2929597,24,17389,11405.0,False,"effective_window_infeasible: R10_11: non-positive effective window [599401.261000, 599201.870093]"
20_39,j_1052825,25,1786,4692.0,False,effective_window_infeasible: R5_2: processing=142.448502 > effective window=92.000000
20_39,j_3593673,26,26,39730.0,False,unparseable task name 'task_LTY1MzM5MjI2ODMyMTUxNDEzNjM='
20_39,j_452478,27,10113,9811.0,False,R3_2: no usable instances
20_39,j_2916319,28,20430,10460.0,False,R28_27: no usable instances
20_39,j_1026691,29,164,10580.0,False,R27_26: no usable instances
20_39,j_3952506,30,18013,10208.0,False,effective_window_infeasible: M11: processing=496.089033 > effective window=471.000000
20_39,j_2579315,31,31,8853.0,False,unparseable task name 'task_ODIzNTg1MDcwOTc4NDkyNjg1Ng=='
20_39,j_2904051,32,1524,4520.0,False,R20_19: no usable instances
20_39,j_4027140,33,1567,6248.0,False,R21_2: no usable instances
20_39,j_1292941,34,2791,4574.0,False,effective_window_infeasible: J25_22_24: processing=41.320828 > effective window=0.377696
20_39,j_1449024,35,1119,4279.0,False,R29_28: no usable instances
20_39,j_3684565,36,52949,5521.0,False,R15_14: no usable instances
20_39,j_3478703,38,3499,5672.0,False,effective_window_infeasible: R36_35: processing=53.992734 > effective window=53.000000
20_39,j_1209095,39,4213,1519.0,True,maxflow_infeasible
20_39,j_2795774,20,36,6.0,False,M3: no usable instances
20_39,j_2587481,21,39,6.0,False,actual usable-instance horizon 5.000000 < 6
20_39,j_653517,22,71,6.0,False,M11: no usable instances
20_39,j_2854903,25,54,6.0,False,M12: no usable instances
20_39,j_4195559,26,54,6.0,False,M21: no usable instances
20_39,j_1321921,27,63,7.0,False,M24: no usable instances
20_39,j_1046958,29,1129,6.0,False,R29_28: no usable instances
20_39,j_2303611,30,628,6.0,False,R19_18: no usable instances
20_39,j_507273,31,34,6.0,False,R2_1: no usable instances
20_39,j_2314853,32,80,9.0,False,R17_16: no usable instances
20_39,j_45713,33,389,9.0,False,M21: no usable instances
20_39,j_2334552,34,38,7.0,False,M15: no usable instances
20_39,j_2268687,35,50,8.0,False,R16_15: no usable instances
20_39,j_1766530,36,1634,6.0,False,R5_1: no usable instances
20_39,j_3031385,37,1272,9.0,False,M12: no usable instances
20_39,j_1811978,38,1273,9.0,False,M30: no usable instances
20_39,j_464553,39,256,13.0,False,M25: no usable instances
20_39,j_2257533,20,16687,14285.0,False,effective_window_infeasible: M11: processing=19.649905 > effective window=13.000000
20_39,j_443207,21,11150,15945.0,False,R11_13: no usable instances
20_39,j_814030,22,24628,6324.0,False,M1: no usable instances
20_39,j_3154407,23,907,19771.0,False,"effective_window_infeasible: R9_8: non-positive effective window [462456.000000, 462101.317901]"
20_39,j_95167,24,15437,9426.0,False,"effective_window_infeasible: R18_17: non-positive effective window [543900.100767, 541201.660352]"
20_39,j_956541,25,7753,4498.0,False,"effective_window_infeasible: J22_18_21: non-positive effective window [190682.803858, 189154.205684]"
20_39,j_3258871,26,26,36541.0,False,unparseable task name 'task_LTczNDEwODg2NDQ3MjYyNjEwMzk='
20_39,j_2519926,27,10098,9724.0,False,M6: no usable instances
20_39,j_3485405,28,19535,10384.0,False,R28_27: no usable instances
20_39,j_4007701,29,164,10486.0,False,M26: no usable instances
20_39,j_187683,30,18054,10195.0,False,effective_window_infeasible: M9: processing=98.968527 > effective window=89.000000
20_39,j_3372576,31,16751,6773.0,False,M7: no usable instances
20_39,j_4059834,32,1690,4504.0,False,R10_9: no usable instances
20_39,j_1156289,33,1564,6247.0,False,R4_3: no usable instances
20_39,j_3192093,34,2700,4566.0,False,"effective_window_infeasible: R28_32: non-positive effective window [368744.417013, 368599.000000]"
20_39,j_332333,35,1105,4131.0,False,effective_window_infeasible: M32: processing=337.311304 > effective window=200.000000
20_39,j_876781,36,47132,5212.0,False,M34: no usable instances
40_59,j_3242763,41,63,10.0,False,M9: no usable instances
40_59,j_2310741,43,93,6.0,False,M14: no usable instances
40_59,j_1855825,45,344,8.0,False,M41: no usable instances
40_59,j_545269,46,46,9.0,False,R17_1: no usable instances
40_59,j_565492,48,537,41.0,False,R19_18: no usable instances
40_59,j_3955677,49,314,13.0,False,R26_5: no usable instances
40_59,j_322421,51,557,25.0,False,R15_49: no usable instances
40_59,j_648,58,128,6.0,False,M33: no usable instances
40_59,j_2090920,59,14152,23.0,True,maxflow_infeasible
40_59,j_306678,40,2633,1773.0,False,R35_34: no usable instances
40_59,j_3920751,41,113,2600.0,False,R23_22: no usable instances
40_59,j_309442,42,568,4022.0,False,M16: no usable instances
40_59,j_468160,43,714,4922.0,False,R6_12: no usable instances
40_59,j_3386527,44,4470,15256.0,False,"effective_window_infeasible: R30_29: non-positive effective window [484307.787982, 483895.260841]"
40_59,j_380108,45,355,2581.0,False,M16: no usable instances
40_59,j_2992357,46,557,4084.0,False,R42_16: no usable instances
40_59,j_602915,47,5928,7472.0,False,J15_2_3_14_17_19_22_23_25: no usable instances
40_59,j_1924839,48,544,4189.0,False,R26_9: no usable instances
40_59,j_1801584,49,2750,3071.0,False,M1: no usable instances
40_59,j_3153657,50,3336,3819.0,False,"effective_window_infeasible: R38_42: non-positive effective window [629240.000000, 629225.697304]"
40_59,j_756745,51,2368,2344.0,False,R20_19: no usable instances
40_59,j_1810221,52,5932,4120.0,False,R24_23: no usable instances
40_59,j_2425771,53,779,1274.0,False,M1: no usable instances
40_59,j_3943534,54,16288,955.0,False,M8: no usable instances
40_59,j_2537826,55,3729,2336.0,False,R34_33: no usable instances
40_59,j_2402337,56,44040,3676.0,False,R2_1: no usable instances
40_59,j_2016,57,2327,1555.0,False,R52_33: no usable instances
40_59,j_156839,58,10388,1052.0,False,R19_18: no usable instances
40_59,j_3185615,59,2483,3111.0,False,R33_32: no usable instances
40_59,j_3904856,40,348,22.0,False,M24: no usable instances
40_59,j_3792573,41,63,10.0,False,M27: no usable instances
40_59,j_2928795,43,93,6.0,False,M30: no usable instances
40_59,j_3025299,44,1479,16.0,False,M26: no usable instances
40_59,j_1097495,45,340,10.0,False,M9: no usable instances
40_59,j_3004437,46,46,9.0,False,R22_1: no usable instances
40_59,j_882072,50,74,10.0,True,maxflow_infeasible
40_59,j_2317813,51,557,26.0,False,M40: no usable instances
40_59,j_4039558,55,166,16.0,False,R12_11: no usable instances
40_59,j_1869341,56,1063,22.0,False,R4_3: no usable instances
40_59,j_2238966,57,131,9.0,False,M13: no usable instances
40_59,j_1880702,59,14110,24.0,True,maxflow_infeasible
40_59,j_2089160,40,46503,1716.0,False,"effective_window_infeasible: R17_16: non-positive effective window [367316.805756, 366510.000000]"
40_59,j_3110925,41,3821,2228.0,False,effective_window_infeasible: M1: processing=223.217878 > effective window=195.000000
40_59,j_2181643,42,922,3914.0,False,R4_3: no usable instances
40_59,j_2162575,43,710,4168.0,False,R10_12: no usable instances
40_59,j_742945,44,5098,13903.0,False,"effective_window_infeasible: M14: non-positive effective window [290418.000000, 288287.499014]"
40_59,j_2076162,45,8950,1784.0,True,maxflow_infeasible
40_59,j_2438602,46,819,3213.0,False,"effective_window_infeasible: R11_10: non-positive effective window [456523.000000, 456038.533643]"
40_59,j_3314658,47,6174,6850.0,False,R36_21: no usable instances
40_59,j_2033697,48,22867,2528.0,False,R16_15: no usable instances
40_59,j_3109285,49,17759,2486.0,False,R15_14: no usable instances
40_59,j_3163514,50,502,3723.0,False,R20_19: no usable instances
40_59,j_2218594,51,2426,1707.0,False,R16_15: no usable instances
40_59,j_1925050,52,6102,3875.0,False,R31_30: no usable instances
40_59,j_2209040,53,773,999.0,False,"effective_window_infeasible: R51_50: non-positive effective window [545954.502233, 545901.000000]"
40_59,j_3868784,54,519,860.0,False,R21_20: no usable instances
40_59,j_1216845,55,1974,2246.0,False,R15_14: no usable instances
40_59,j_3709983,56,690,864.0,False,R45_49: no usable instances
40_59,j_4059788,57,2345,1424.0,False,R27_18: no usable instances
40_59,j_396614,58,10416,1050.0,False,R56_55: no usable instances
40_59,j_1590740,59,2488,2477.0,False,R3_2: no usable instances
60_79,j_1868496,60,1166,12.0,False,J60_1_59: no usable instances
60_79,j_1705937,61,61,46.0,False,unparseable task name 'task_MzI5MjEwOTU0MTI5NjEwNjg1Nw=='
60_79,j_11619,62,124,6.0,False,M17: no usable instances
60_79,j_3940632,64,64,32.0,False,unparseable task name 'task_LTE2NzEwNDAzNjI5NTg1ODY4NA=='
60_79,j_1142994,65,65,29.0,False,unparseable task name 'task_MTcwMjI0NTQwNjM3NjI2MjcyOQ=='
60_79,j_3172327,66,66,38.0,False,unparseable task name 'task_LTg0ODg4ODEwNjUxMjk1NzM5NjQ='
60_79,j_1642712,67,67,119.0,False,unparseable task name 'task_LTUzMjEwMzMyNzU5NzYxOTAyMzg='
60_79,j_562659,68,68,198.0,False,unparseable task name 'task_LTY3NDY3OTcxMDU4MzQwODIyMDg='
60_79,j_346846,69,73,69.0,False,R52_4: no usable instances
60_79,j_801070,70,70,84.0,False,unparseable task name 'task_LTM1NTE4NTI1OTU5Mzg2MzUzNTM='
60_79,j_1228295,71,71,98.0,False,unparseable task name 'task_NDE0MjI5OTQ4OTk4MjM3NzQ1NQ=='
60_79,j_411350,72,72,138.0,False,unparseable task name 'task_LTI1OTQ5OTgyMTM5ODM1MTE3OTk='
60_79,j_3850424,73,1483,45.0,False,R35_34: no usable instances
60_79,j_693499,74,74,76.0,False,unparseable task name 'task_ODk4MjI3MTUyMjQzNzE0MDc3Nw=='
60_79,j_1595745,75,83,38.0,False,R28_24: no usable instances
60_79,j_1436724,76,1148,17.0,False,R63_65: no usable instances
60_79,j_3288712,77,87,78.0,True,maxflow_infeasible
60_79,j_1737617,78,16155,26.0,True,maxflow_infeasible
60_79,j_512413,79,1010,51.0,False,R43_42: no usable instances
60_79,j_565712,60,7767,2708.0,False,R22_21: no usable instances
60_79,j_2756906,61,494,1098.0,False,R31_48: no usable instances
60_79,j_475033,62,3811,1303.0,False,R46_45: no usable instances
60_79,j_2769201,63,63,27300.0,False,unparseable task name 'task_NDk1Mjk3MzM4Mjc1ODIxNDE4OQ=='
60_79,j_2924180,64,298,1263.0,False,R49_48: no usable instances
60_79,j_1742035,65,65,10361.0,False,unparseable task name 'task_Njk3NzMzNDk4NjAyMzY1ODk5Mw=='
60_79,j_2222029,66,66,1321.0,False,unparseable task name 'task_NTg4Mzg0NDgzMDYzOTMyMDgyNA=='
60_79,j_2877802,67,3215,3989.0,False,R35_23: no usable instances
60_79,j_4163778,68,20215,8190.0,False,M50: no usable instances
60_79,j_3193974,69,403,1519.0,False,effective_window_infeasible: J32_31_61: processing=169.482661 > effective window=98.000000
60_79,j_1708716,70,15540,4543.0,False,M23: no usable instances
60_79,j_1533190,71,7670,7166.0,False,"effective_window_infeasible: J65_48_64: non-positive effective window [228329.040385, 228146.893128]"
60_79,j_2118065,72,2481,2675.0,False,R17_60: no usable instances
60_79,j_3671563,73,1317,1386.0,False,R10_39: no usable instances
60_79,j_3537124,74,366,3923.0,False,R18_46: no usable instances
60_79,j_3519077,75,2210,1868.0,False,M35: no usable instances
60_79,j_3192009,76,4581,1453.0,False,M68: no usable instances
60_79,j_155418,77,23721,4744.0,False,M26: no usable instances
60_79,j_1861153,78,193,1237.0,False,effective_window_infeasible: J78_10_17_24_31_38_45_52_59_66_67_68_69_70_71_72_7: processing=374.502732 > effective window=54.000000
60_79,j_1342353,79,508,1633.0,False,M15: no usable instances
60_79,j_3081235,60,1290,14.0,False,J59_2_3_58: no usable instances
60_79,j_1634560,61,61,60.0,False,unparseable task name 'task_NDIzNjE0MzgwOTk1NzI1Njg1OA=='
60_79,j_184237,64,64,34.0,False,unparseable task name 'task_LTg0NTI5MzQ4MzUyMTQ5NTc0ODA='
60_79,j_3253086,65,65,29.0,False,unparseable task name 'task_LTUyOTU4NzIxMzc3NDExMTc5NjM='
60_79,j_680594,66,66,44.0,False,unparseable task name 'task_LTg2NTYyNDIzOTY1ODQxOTMxODU='
60_79,j_203509,67,67,199.0,False,unparseable task name 'task_LTI1MDc1NDczNDM5MTg5NzUxMjk='
60_79,j_3125219,68,385,263.0,False,M55: no usable instances
60_79,j_2610059,69,73,112.0,False,R48_4: no usable instances
60_79,j_2873533,70,70,248.0,False,unparseable task name 'task_NDE2MDQ5ODY2NDgyMzQ3MzQ2MA=='
60_79,j_1105104,71,71,101.0,False,unparseable task name 'task_NjA5ODY2ODIwNTYzMTg3NDc3Ng=='
60_79,j_1359349,72,1529,251.0,True,maxflow_infeasible
60_79,j_3670659,73,75,86.0,False,R11_10: no usable instances
60_79,j_533938,74,80,81.0,False,M39: no usable instances
60_79,j_859206,75,83,41.0,False,R74_73: no usable instances
60_79,j_3917624,76,1068,24.0,False,R66_65: no usable instances
60_79,j_3302772,77,87,81.0,True,maxflow_infeasible
60_79,j_3879494,78,16175,28.0,True,maxflow_infeasible
60_79,j_4001621,79,826,53.0,False,R17_18: no usable instances
60_79,j_2952576,60,7764,1675.0,False,M55: no usable instances
60_79,j_432300,61,93739,697.0,False,R7_57: no usable instances
60_79,j_3986018,62,3819,1269.0,False,R27_33: no usable instances
60_79,j_3113602,63,440,5162.0,False,R19_18: no usable instances
60_79,j_938785,64,297,1219.0,False,R53_52: no usable instances
60_79,j_2308843,65,65,10150.0,False,unparseable task name 'task_Njk0ODI3NjI1NDU3NzY0ODM4NA=='
60_79,j_2012786,66,438,1236.0,False,R28_53: no usable instances
60_79,j_11039,68,17784,6494.0,False,M27: no usable instances
60_79,j_2141465,69,5445,1381.0,False,R66_65: no usable instances
60_79,j_3371745,70,1199,1373.0,False,R46_12: no usable instances
60_79,j_4044804,71,7742,6517.0,False,"effective_window_infeasible: J66_27_29_38_43_44_45_46_47_65: non-positive effective window [140270.372122, 140239.000000]"
60_79,j_3826932,72,2481,2463.0,False,M33: no usable instances
60_79,j_3301387,73,1289,1309.0,False,R34_33: no usable instances
60_79,j_1366232,74,333,3637.0,False,R1_3_4: no usable instances
60_79,j_3131029,75,1565,1741.0,False,M39: no usable instances
60_79,j_1083882,76,4570,1389.0,False,R70_69: no usable instances
60_79,j_2330004,77,23660,4634.0,False,M26: no usable instances
60_79,j_1622208,78,16199,545.0,False,effective_window_infeasible: M50: processing=25.696522 > effective window=24.000000
60_79,j_1354629,79,48428,1414.0,False,R6_5: no usable instances
60_79,j_2473117,60,1166,15.0,False,J13_35_44: no usable instances
60_79,j_2989969,61,61,60.0,False,unparseable task name 'task_LTMxMTQwMTM5ODk5OTY4Mzk5NDE='
60_79,j_2107431,64,64,34.0,False,unparseable task name 'task_LTY1NTIzMzgyODE2NzE2ODgzNTI='
60_79,j_240796,65,65,30.0,False,unparseable task name 'task_MTM2ODIxODU4MjYzMTkzNDQ5MQ=='
60_79,j_2860348,66,66,46.0,False,unparseable task name 'task_NTc5MDk3NTA4NjQ0ODk4MjQ3NA=='
60_79,j_4194463,67,78,200.0,False,R26_2: no usable instances
60_79,j_1452380,68,17750,5237.0,False,M25: no usable instances
60_79,j_3498838,69,73,129.0,False,R38_4: no usable instances
60_79,j_2785227,70,70,301.0,False,unparseable task name 'task_NzgxMDE4Njc5ODUwNTM3MDI4OA=='
60_79,j_603588,71,1054,137.0,False,R33_34: no usable instances
60_79,j_2428910,72,1540,284.0,True,maxflow_infeasible
60_79,j_2421880,73,75,92.0,False,R67_10: no usable instances
60_79,j_8791,74,80,86.0,True,maxflow_infeasible
60_79,j_2743861,75,83,44.0,False,J45_29_33_35_37_40_42_44: no usable instances
60_79,j_3523053,76,78,41.0,False,M19: no usable instances
60_79,j_2148863,77,85,96.0,True,maxflow_infeasible
60_79,j_3730760,78,16155,31.0,True,maxflow_infeasible
60_79,j_671662,60,7783,1523.0,False,R33_32: no usable instances
60_79,j_3649910,61,494,603.0,False,R32_31: no usable instances
60_79,j_3584320,62,3817,1214.0,False,M48: no usable instances
60_79,j_3450091,63,440,4089.0,False,R11_18: no usable instances
60_79,j_3158400,64,1526,848.0,False,R51_59: no usable instances
60_79,j_1394023,65,65,9644.0,False,unparseable task name 'task_LTI1MDczMjEwOTU5OTA2MzQ4MDM='
60_79,j_1935952,66,15730,1113.0,False,R29_28: no usable instances
60_79,j_1149837,67,9605,1630.0,False,"effective_window_infeasible: R27_10: non-positive effective window [287023.228317, 286970.000000]"
60_79,j_1769353,68,17710,6227.0,False,"effective_window_infeasible: J59_28_29_58: non-positive effective window [200811.000000, 200683.121747]"
60_79,j_1235441,69,5568,1335.0,False,R47_65: no usable instances
60_79,j_176017,70,387,1099.0,False,R15_14: no usable instances
60_79,j_2048990,71,7583,6338.0,False,"effective_window_infeasible: J66_27_29_38_43_44_45_46_47_65: non-positive effective window [315518.311042, 315179.515394]"
60_79,j_673473,72,2481,2235.0,False,M37: no usable instances
60_79,j_1812307,73,1291,1143.0,False,R44_43: no usable instances
60_79,j_1651914,74,318,3633.0,False,R12_10_11: no usable instances
60_79,j_183545,75,1970,1600.0,False,M39: no usable instances
60_79,j_1577090,76,4644,1205.0,False,R24_23: no usable instances
60_79,j_669567,77,23722,4387.0,False,M23: no usable instances
60_79,j_1991252,78,16174,480.0,False,"effective_window_infeasible: R60_41: non-positive effective window [299396.727413, 299396.000000]"
60_79,j_2684048,79,49208,938.0,True,maxflow_infeasible
60_79,j_118190,60,1168,18.0,False,J55_14_16_17_54: no usable instances
60_79,j_2549078,61,61,70.0,False,unparseable task name 'task_LTY0OTYyOTc1MzE3ODkwNTM3OTk='
60_79,j_186775,62,124,6.0,False,M37: no usable instances
60_79,j_560127,63,150,26.0,False,M6: no usable instances
60_79,j_3670967,64,64,34.0,False,unparseable task name 'task_NDU0ODYzNzY5OTE1MjcyMjI2OA=='
60_79,j_575050,65,65,30.0,False,unparseable task name 'task_LTQ2NjMwNzgzNzQ1MzUxNzIxMTM='
60_79,j_1095777,66,66,64.0,False,unparseable task name 'task_NDg2NjI4ODcxODE0Mzc5OTAzMA=='
60_79,j_2626544,67,67,201.0,False,unparseable task name 'task_LTIzMDAzMTIxNTk0NjI3NDk4ODY='
60_79,j_1224292,68,37422,5297.0,False,M27: no usable instances
60_79,j_1090043,69,69,131.0,False,unparseable task name 'task_LTc0NzMwNTg3NjMxNzY4MzQ0OTE='
60_79,j_1194220,70,1186,566.0,False,R39_12: no usable instances
60_79,j_850588,71,137,336.0,False,R11_10: no usable instances
60_79,j_1787877,73,75,97.0,False,R66_8: no usable instances
60_79,j_2048385,74,74,89.0,False,unparseable task name 'task_ODczMzY0NjI4Mjc2MDY1NjYxMA=='
60_79,j_1904114,75,83,72.0,False,R16_15: no usable instances
60_79,j_860246,76,78,44.0,True,maxflow_infeasible
60_79,j_3948773,77,83,101.0,True,maxflow_infeasible
60_79,j_1631527,78,16155,32.0,True,maxflow_infeasible
60_79,j_3198618,79,1171,65.0,False,R49_51: no usable instances
60_79,j_2737237,60,7787,1503.0,False,R11_12: no usable instances
60_79,j_3183799,61,61,276.0,False,unparseable task name 'task_ODM0MjY1ODA3NTI0ODA2NTE0Nw=='
60_79,j_2117707,62,3824,1195.0,False,M49: no usable instances
60_79,j_2041552,63,444,4031.0,False,R10_18: no usable instances
60_79,j_4067886,64,64,772.0,False,unparseable task name 'task_LTE2Mzc4MzQzMjQyMzIwMjY2NjU='
60_79,j_1286875,65,65,8781.0,False,unparseable task name 'task_NTg3ODkxMDQ2NTcyMjUwMjI2Nw=='
60_79,j_927272,66,1464,760.0,False,R55_54: no usable instances
60_79,j_1065959,67,9617,1590.0,False,"effective_window_infeasible: R11_10: non-positive effective window [114562.140653, 114421.000000]"
60_79,j_2063809,68,17757,6177.0,False,M25: no usable instances
60_79,j_831850,69,404,1308.0,False,R5_4: no usable instances
60_79,j_1614711,70,391,1035.0,False,effective_window_infeasible: M50: processing=21.812835 > effective window=17.000000
60_79,j_2561424,71,7501,6069.0,False,"effective_window_infeasible: J62_53_54_55_56_58_59_60_61: non-positive effective window [397965.000000, 397758.582328]"
60_79,j_2595095,72,2482,2183.0,False,R8_35: no usable instances
60_79,j_42772,73,1296,1044.0,False,R36_35: no usable instances
60_79,j_3934677,74,318,3462.0,False,R40_39: no usable instances
60_79,j_1238380,75,1305,1213.0,False,R36_35: no usable instances
60_79,j_2221543,76,1988,1122.0,False,R7_6: no usable instances
60_79,j_3963607,77,55590,4098.0,False,M29: no usable instances
60_79,j_1499340,78,581,466.0,False,R4_1_2_3: no usable instances
60_79,j_678639,79,48824,878.0,False,R12_77: no usable instances
60_79,j_1169431,60,60,47.0,True,maxflow_infeasible
60_79,j_1881936,61,61,71.0,False,unparseable task name 'task_LTIxMDMwODgyNDA5Nzc0NTg2NzI='
60_79,j_220136,62,124,6.0,False,M17: no usable instances
60_79,j_3034516,64,64,36.0,False,unparseable task name 'task_OTE5NjMwODM3NjYwNDIxMTkyNw=='
60_79,j_744868,65,65,30.0,False,unparseable task name 'task_NjI2NTYzMTAyNDQ4MDM2MjcxNQ=='
60_79,j_3985023,66,66,67.0,False,unparseable task name 'task_LTI1MzA3MzYwNjAzODY5OTUxNDM='
60_79,j_2848554,67,74,202.0,True,maxflow_infeasible
60_79,j_2471065,68,20992,5529.0,False,R19_18: no usable instances
60_79,j_3604738,69,69,193.0,False,unparseable task name 'task_LTI3MzI1NDYyMjkyMTQ5MjMxNzE='
60_79,j_3280435,70,1273,732.0,False,M12: no usable instances
60_79,j_1609376,71,138,387.0,False,R43_42: no usable instances
60_79,j_3416243,72,1530,293.0,False,R20_19: no usable instances
60_79,j_199531,73,73,114.0,False,unparseable task name 'task_LTcwMTQ4NTIwMDkxMjgwNTE1NzA='
60_79,j_802595,74,82,95.0,True,maxflow_infeasible
60_79,j_2609538,75,75,261.0,False,unparseable task name 'task_NDE3NTg4OTI2NDg4MzcwNzMw'
60_79,j_555856,76,78,54.0,True,maxflow_infeasible
60_79,j_223245,77,83,103.0,True,maxflow_infeasible
60_79,j_2403446,78,16174,35.0,True,maxflow_infeasible
60_79,j_2005437,79,1011,69.0,True,maxflow_infeasible
60_79,j_1832519,60,7766,1465.0,False,R54_53: no usable instances
60_79,j_2215775,61,61,259.0,False,unparseable task name 'task_LTU2OTIwMzA2MjY0NDc2MDY1Mjk='
60_79,j_377907,62,3811,1143.0,False,R2_1: no usable instances
60_79,j_1336719,63,459,3945.0,False,R14_18: no usable instances
60_79,j_2794688,64,1546,753.0,False,R3_9: no usable instances
60_79,j_1481717,65,65,7879.0,False,unparseable task name 'task_NjkzMjYzMDU1NjU1ODgzNzUxNQ=='
60_79,j_4021881,66,1538,682.0,False,R9_8: no usable instances
60_79,j_3464164,67,107,1472.0,True,maxflow_infeasible
60_79,j_2863715,68,37424,5791.0,False,R31_30: no usable instances
60_79,j_3368980,69,404,1280.0,False,R2_1: no usable instances
60_79,j_1098904,70,391,931.0,False,effective_window_infeasible: M31: processing=100.331554 > effective window=23.000000
60_79,j_2900257,71,13449,4749.0,False,R38_37: no usable instances
60_79,j_4143753,72,1453,1991.0,False,R6_31: no usable instances
60_79,j_3641439,73,1291,995.0,False,R8_35: no usable instances
60_79,j_2776003,74,330,2955.0,False,R35_34: no usable instances
60_79,j_218921,75,1970,1064.0,False,R10_43: no usable instances
60_79,j_3567140,76,4619,1029.0,False,R35_34: no usable instances
60_79,j_3370698,77,55891,4049.0,False,effective_window_infeasible: J61_55_56_59_60: processing=122.350569 > effective window=88.794065
60_79,j_3250562,78,78,448.0,False,unparseable task name 'task_MzExMzA5MjM1MDk5OTg1NzI4NA=='
60_79,j_406943,79,48728,856.0,False,R5_4: no usable instances
60_79,j_622964,60,60,52.0,False,unparseable task name 'task_LTY3NzQxODYxNTgzMzYxODcwNjg='
60_79,j_3566938,61,61,72.0,False,unparseable task name 'task_LTg5Nzc2NjQ5OTUyNTMwMTI0Nzg='
60_79,j_270326,62,124,6.0,False,M17: no usable instances
60_79,j_2325855,63,63,37.0,False,unparseable task name 'task_LTQ5MDc3MDc2MDIxMTc2MDQ0MTA='
60_79,j_46999,64,64,37.0,False,unparseable task name 'task_NDU4NzQ4NTEyNDMzNTA1NTE3MQ=='
60_79,j_783169,65,65,30.0,False,unparseable task name 'task_LTgxNDg3MTQwMDQ0MzY2MTYxMjk='
60_79,j_1994336,66,66,77.0,False,unparseable task name 'task_NjYyODI4ODYzNzE5MDk3MDQ5NQ=='
60_79,j_1579586,67,74,203.0,False,R50_2: no usable instances
60_79,j_2008712,69,73,340.0,False,R41_4: no usable instances
60_79,j_3120903,70,1245,763.0,False,R15_14: no usable instances
60_79,j_1150465,71,142,415.0,False,R12_11: no usable instances
60_79,j_2226931,73,73,122.0,False,unparseable task name 'task_MzA3NDg4MDcyNDg3NDM5MjA2OQ=='
60_79,j_701384,74,80,100.0,True,maxflow_infeasible
60_79,j_888760,75,83,353.0,False,R33_32: no usable instances
60_79,j_2195894,76,78,62.0,True,maxflow_infeasible
60_79,j_3906495,77,83,104.0,False,M47: no usable instances
60_79,j_731722,78,16174,40.0,True,maxflow_infeasible
60_79,j_3436358,79,1231,73.0,False,R50_51: no usable instances
60_79,j_1474157,60,7784,1288.0,False,R58_57: no usable instances
60_79,j_1493090,61,61,257.0,False,unparseable task name 'task_MjAxNDI1MTY3MjE0NjEzMDUwNA=='
60_79,j_596732,62,3810,1140.0,False,M45: no usable instances
60_79,j_1887561,63,458,3912.0,False,R13_18: no usable instances
60_79,j_1421906,64,5521,722.0,False,M27: no usable instances
60_79,j_175975,65,65,7267.0,False,unparseable task name 'task_LTE5MzAwMDQ4NDY0MTM4NzYwNDA='
60_79,j_1671430,66,1506,637.0,False,J26_18_21_25: no usable instances
60_79,j_3056239,67,9557,1341.0,False,"effective_window_infeasible: R17_10: non-positive effective window [373464.010045, 373428.000000]"
60_79,j_3322989,69,73,1240.0,False,R67_4: no usable instances
60_79,j_856576,70,387,864.0,False,R3_2: no usable instances
60_79,j_3621926,71,15187,4523.0,False,M22: no usable instances
60_79,j_1400532,72,1688,1987.0,False,R36_35: no usable instances
60_79,j_2235802,73,1289,879.0,False,R26_25: no usable instances
60_79,j_1405349,74,318,2500.0,False,R13_12: no usable instances
60_79,j_227496,75,1689,950.0,False,R12_39: no usable instances
60_79,j_600884,76,4704,991.0,False,R44_43: no usable instances
60_79,j_1565623,77,26186,3918.0,False,R38_37: no usable instances
60_79,j_2512970,78,16174,434.0,False,effective_window_infeasible: M2: processing=13.500300 > effective window=11.000000
60_79,j_1104200,79,49209,726.0,False,R52_51: no usable instances
60_79,j_1252693,60,60,54.0,False,unparseable task name 'task_NzQ4OTg0MTg0OTQyOTAyNjIyNQ=='
60_79,j_2021906,61,61,81.0,False,unparseable task name 'task_LTU3NjU1MDQ3ODU0NDI2MzA5NQ=='
60_79,j_280504,62,124,6.0,False,M17: no usable instances
60_79,j_2753358,64,64,37.0,False,unparseable task name 'task_LTU5ODU4NDc1OTI5NTAxMzYxNzU='
60_79,j_886459,65,65,30.0,False,unparseable task name 'task_LTg3MDA5NTU1NDM5NTMxNjQ5MA=='
60_79,j_2505533,66,66,79.0,False,unparseable task name 'task_MTQ4OTk1MjA0MDMwODcyNTIyOQ=='
60_79,j_317382,67,78,240.0,True,maxflow_infeasible
60_79,j_1703073,69,73,381.0,False,J26_22_23_24_25: no usable instances
60_79,j_2573196,70,1212,769.0,False,R46_12: no usable instances
60_79,j_733604,71,137,416.0,False,R59_58: no usable instances
60_79,j_1524987,72,1532,436.0,True,maxflow_infeasible
60_79,j_3621391,73,73,138.0,False,unparseable task name 'task_LTQxOTk3ODA4MzczNjQ4NDIxMDg='
60_79,j_1773385,74,82,102.0,True,maxflow_infeasible
60_79,j_274009,76,78,79.0,True,maxflow_infeasible
60_79,j_929388,77,77,237.0,False,unparseable task name 'task_MjI5NDQ5Njk0NTMzMzgzNzQ3NQ=='
60_79,j_3292786,78,16174,41.0,True,maxflow_infeasible
60_79,j_3022704,60,2484,961.0,False,R23_22: no usable instances
60_79,j_1936149,61,61,230.0,False,unparseable task name 'task_Mjg4MzQ3Mjg0OTYyMzQ5NjQ5Mg=='
60_79,j_857774,62,3821,1089.0,False,M49: no usable instances
60_79,j_1932333,63,426,3760.0,False,R42_41: no usable instances
60_79,j_3977731,64,4689,694.0,False,M27: no usable instances
60_79,j_2336317,65,65,7234.0,False,unparseable task name 'task_OTA3MjI4NzcyOTM2MDg1ODk0NQ=='
60_79,j_597534,66,418,570.0,False,R29_28: no usable instances
60_79,j_2702408,67,74,1168.0,False,R27_2: no usable instances
60_79,j_2689447,69,407,1166.0,False,R2_1: no usable instances
60_79,j_1876942,70,1268,830.0,False,R37_14: no usable instances
60_79,j_3739879,71,6026,3975.0,False,R14_36: no usable instances
60_79,j_2440531,72,1722,1971.0,False,M31: no usable instances
60_79,j_2928832,73,75,702.0,False,R2_8: no usable instances
60_79,j_1327451,74,1410,1857.0,False,R18_62: no usable instances
60_79,j_2257733,75,1960,945.0,False,R6_32: no usable instances
60_79,j_429182,76,1664,976.0,False,R3_2: no usable instances
60_79,j_3166771,77,23708,3506.0,False,M26: no usable instances
60_79,j_2802905,78,16174,418.0,False,effective_window_infeasible: M18: processing=7.101972 > effective window=4.000000
60_79,j_2628809,79,49015,625.0,False,R45_44: no usable instances
60_79,j_1288644,60,60,55.0,False,unparseable task name 'task_LTUyMDU5MDI3NjA0MTI0MjMwNg=='
60_79,j_607044,61,61,83.0,False,unparseable task name 'task_LTMwNDE0MTQzNzk2MzQ1ODkzNg=='
60_79,j_286211,62,124,6.0,False,M17: no usable instances
60_79,j_3456386,64,64,38.0,False,unparseable task name 'task_NzM3NzQzNTI5NjUyMTg1ODYyOQ=='
60_79,j_2807918,65,65,30.0,False,unparseable task name 'task_LTE5NTM3OTkwMjEyNzYyMDM0NDI='
60_79,j_1315237,66,66,87.0,False,unparseable task name 'task_NzYzNzk4MDU4MjExODAyMDIxNA=='
60_79,j_1849966,67,67,319.0,False,unparseable task name 'task_LTc2MTQyNjM3MzIzMTEzMjYyNjc='
60_79,j_3823573,69,262,447.0,False,R47_38: no usable instances
60_79,j_3533206,70,387,776.0,False,effective_window_infeasible: M31: processing=83.003583 > effective window=33.000000
60_79,j_695793,71,335,517.0,False,R15_13_14: no usable instances
60_79,j_4186254,72,1562,594.0,False,R4_3: no usable instances
60_79,j_658495,73,75,434.0,False,J71_65_70: no usable instances
60_79,j_1002647,74,80,116.0,True,maxflow_infeasible
60_79,j_2171364,75,83,416.0,False,R41_24: no usable instances
60_79,j_286744,76,1230,79.0,False,M48: no usable instances
60_79,j_1235195,77,77,322.0,False,unparseable task name 'task_LTQ3MDkwMzU5NjczNDMyMzc0OTI='
60_79,j_453508,78,16174,45.0,True,maxflow_infeasible
60_79,j_991281,79,1231,76.0,False,M75: no usable instances
60_79,j_815066,60,2484,870.0,False,R60_59: no usable instances
60_79,j_3431493,61,61,224.0,False,unparseable task name 'task_LTU5NDM0NzIxNDAyMDEwNDAxODU='
60_79,j_1628063,62,66,990.0,False,effective_window_infeasible: M55: processing=1.690603 > effective window=1.000000
60_79,j_1768820,63,440,3588.0,False,R13_18: no usable instances
60_79,j_3720581,64,15806,688.0,False,R25_24: no usable instances
60_79,j_630407,65,65,7196.0,False,unparseable task name 'task_LTE4MTQzMjEwNDI0OTg4MTYxMDQ='
60_79,j_1331487,66,4368,553.0,False,R58_62: no usable instances
60_79,j_1233574,67,114,1011.0,True,maxflow_infeasible
60_79,j_3409324,69,302,1152.0,False,R4_7: no usable instances
60_79,j_1760941,70,1238,809.0,False,R16_15: no usable instances
60_79,j_3280417,71,311,3342.0,False,R61_65: no usable instances
60_79,j_2981304,72,2292,1870.0,False,R38_37: no usable instances
60_79,j_727373,73,1291,683.0,False,R36_35: no usable instances
60_79,j_3210462,74,1423,1856.0,False,R5_29: no usable instances
60_79,j_2256054,75,1970,883.0,False,M39: no usable instances
60_79,j_1004969,76,1302,936.0,False,R11_42: no usable instances
60_79,j_3833498,77,61643,2658.0,False,"effective_window_infeasible: J73_17_72: non-positive effective window [135965.000000, 135934.285125]"
60_79,j_4119360,78,16174,399.0,False,effective_window_infeasible: M37: processing=10.680906 > effective window=7.000000
60_79,j_2075945,79,48759,542.0,False,R8_7: no usable instances
60_79,j_929773,60,60,62.0,False,unparseable task name 'task_MTEwODEzMjE4MTY5OTk3Njc2Mw=='
60_79,j_3620525,61,61,86.0,False,unparseable task name 'task_MzU5NTU0NzMyNjcwNTUzNjU0Ng=='
60_79,j_323414,62,124,6.0,False,M58: no usable instances
60_79,j_1559142,63,63,46.0,False,unparseable task name 'task_MTU3OTM2NDMwNTA2ODQwODAzMw=='
60_79,j_4116241,64,64,38.0,False,unparseable task name 'task_LTE3NTc5NjczMDMxODc4Mjk1NzQ='
60_79,j_3035221,65,65,30.0,False,unparseable task name 'task_Njk5MTQ4MDUzODYwOTcyNTYyNw=='
60_79,j_2252489,66,66,87.0,False,unparseable task name 'task_LTgzNzQ4MzU3MjY2NzU5MDExMzY='
60_79,j_3935261,67,74,371.0,False,R41_2: no usable instances
60_79,j_2426484,69,394,483.0,False,R34_36: no usable instances
60_79,j_3687198,70,392,782.0,False,R3_2: no usable instances
60_79,j_2276938,71,481,553.0,False,R21_18_19_20: no usable instances
60_79,j_3105163,72,1291,641.0,False,R33_32: no usable instances
60_79,j_3563850,73,75,457.0,False,R41_40: no usable instances
60_79,j_2774839,74,80,390.0,False,effective_window_infeasible: R74_1_2_3_4_5_6_7_8_9_10_11_12_13_14_15_16_17_18_1: processing=86.879568 > effective window=35.000000
60_79,j_3412089,75,1305,743.0,False,R36_35: no usable instances
60_79,j_1955040,76,78,81.0,True,maxflow_infeasible
60_79,j_1215052,77,85,350.0,False,effective_window_infeasible: R77_1_2_3_4_5_6_7_8_9_10_11_12_13_14_15_16_17_18_1: processing=77.395859 > effective window=25.000000
60_79,j_1744310,78,16155,51.0,True,maxflow_infeasible
60_79,j_3571936,79,1171,84.0,True,maxflow_infeasible
60_79,j_4093524,60,2505,706.0,False,R19_18: no usable instances
60_79,j_190737,61,61,215.0,False,unparseable task name 'task_NTgxOTIxMzAzODI3MDQ5MjgzMg=='
60_79,j_159858,62,94793,950.0,False,M19: no usable instances
60_79,j_2655209,63,451,3557.0,False,R42_41: no usable instances
60_79,j_2326668,64,297,639.0,False,R8_7: no usable instances
60_79,j_1496061,65,65,6960.0,False,unparseable task name 'task_LTI0NzA2OTU1NDAxNjk3NTg4MTY='
60_79,j_2925414,66,1503,499.0,False,R35_34: no usable instances
60_79,j_3340969,67,15632,944.0,False,M37: no usable instances
60_79,j_3234446,69,407,1132.0,False,R2_1: no usable instances
60_79,j_1177195,70,392,807.0,False,R5_4: no usable instances
60_79,j_277678,71,6012,2916.0,False,R18_17: no usable instances
60_79,j_3528950,72,1722,1857.0,False,R36_35: no usable instances
60_79,j_2679874,73,1289,599.0,False,M35: no usable instances
60_79,j_602849,74,2159,1573.0,False,R3_2: no usable instances
60_79,j_4047072,75,1305,764.0,False,R30_29: no usable instances
60_79,j_2389395,76,463,890.0,False,R49_10: no usable instances
60_79,j_2061898,77,55593,2613.0,False,M20: no usable instances
60_79,j_279055,78,16229,396.0,False,"effective_window_infeasible: R58_41: non-positive effective window [549508.952118, 549494.000000]"
60_79,j_3587696,79,48768,474.0,False,R47_46: no usable instances
60_79,j_897648,60,60,64.0,False,unparseable task name 'task_MzM3OTkyNDMwMzQ1MTAyMzU2OA=='
60_79,j_1918913,61,61,90.0,False,unparseable task name 'task_LTE4MjY2NDY1MzUwMzY2MzU4Nw=='
60_79,j_352169,62,124,6.0,False,M37: no usable instances
60_79,j_1479003,63,63,50.0,False,unparseable task name 'task_LTY3NDA5MzAzMzM1MTg5NzkzNjM='
60_79,j_1469584,64,64,39.0,False,unparseable task name 'task_LTI3MjY5MTg2NTE3OTA5MDU2MTI='
60_79,j_3036436,65,65,30.0,False,unparseable task name 'task_ODU0OTcwMTk3Nzc4NjU0NTYyMg=='
60_79,j_4017046,66,66,91.0,False,unparseable task name 'task_LTc0NTg0MDE5NTcwMjgwMDM5NjM='
60_79,j_531960,67,4160,402.0,False,R55_57: no usable instances
60_79,j_1017850,69,73,498.0,False,R8_4: no usable instances
60_79,j_3471045,71,323,555.0,False,R26_39: no usable instances
60_79,j_3769294,72,1293,674.0,False,R62_61: no usable instances
60_79,j_2182467,73,75,460.0,False,R44_43: no usable instances
60_79,j_2045548,74,82,395.0,False,effective_window_infeasible: R74_1_2_3_4_5_6_7_8_9_10_11_12_13_14_15_16_17_18_1: processing=91.802622 > effective window=67.000000
60_79,j_1261693,76,989,91.0,False,M72: no usable instances
60_79,j_2730186,77,85,353.0,False,M46: no usable instances
60_79,j_2386101,78,1290,53.0,False,R18_17: no usable instances
60_79,j_2330225,79,1192,84.0,False,M71: no usable instances
60_79,j_1287989,60,9564,575.0,False,M38: no usable instances
60_79,j_2125934,61,61,204.0,False,unparseable task name 'task_MzIwNzg5OTk5MzIyNDEyNTM0NQ=='
60_79,j_2776928,62,93254,698.0,False,R25_58: no usable instances
60_79,j_1685823,63,453,3548.0,False,R21_20: no usable instances
60_79,j_1465371,64,5521,611.0,False,M61: no usable instances
60_79,j_1864865,65,65,6654.0,False,unparseable task name 'task_LTg0NTA3MTY1OTE5ODQ1MTI2NjE='
60_79,j_1005168,66,4442,473.0,False,R51_50: no usable instances
60_79,j_2707924,67,9533,908.0,True,maxflow_infeasible
60_79,j_3077747,69,402,1042.0,False,R9_8: no usable instances
60_79,j_2066926,71,6159,2864.0,False,R7_6: no usable instances
60_79,j_724149,72,1429,1783.0,False,M33: no usable instances
60_79,j_2841354,73,1289,555.0,False,R38_37: no usable instances
60_79,j_1860974,74,342,1556.0,False,R40_39: no usable instances
60_79,j_1746985,76,4546,889.0,False,R72_71: no usable instances
60_79,j_359260,77,1888,1285.0,False,R35_34: no usable instances
60_79,j_3484506,78,16174,387.0,False,"effective_window_infeasible: R42_41: non-positive effective window [301697.947446, 301684.000000]"
60_79,j_1644173,79,49322,421.0,False,R23_77: no usable instances
60_79,j_1771889,60,60,68.0,False,unparseable task name 'task_MjAyNTA5OTAyNDgxNjE1OTIwNA=='
60_79,j_618525,61,61,100.0,False,unparseable task name 'task_LTEwMTQ1ODg1MzQ4NTIwMTE0NTU='
60_79,j_367235,62,124,6.0,False,M17: no usable instances
60_79,j_661843,63,63,59.0,False,unparseable task name 'task_LTIwMTU0NzA4MTEzMzQ2MjI2NTg='
60_79,j_1871584,64,64,39.0,False,unparseable task name 'task_MzA4NjE2NDU2NDA0MzY5ODExNQ=='
60_79,j_3314027,65,65,30.0,False,unparseable task name 'task_NjUzMjMwNTA4NDQ4MzI2MjA3MQ=='
60_79,j_1122823,66,66,93.0,False,unparseable task name 'task_LTkxNjg4MjIwMDM3ODE5NzU0NDY='
60_79,j_215338,67,122,436.0,True,maxflow_infeasible
60_79,j_3261041,69,268,565.0,False,R34_36: no usable instances
60_79,j_2253698,71,428,581.0,False,R48_47: no usable instances
60_79,j_2952720,72,1291,727.0,False,R6_28: no usable instances
60_79,j_2439302,74,731,423.0,False,R44_43: no usable instances
60_79,j_1892111,76,1129,151.0,True,maxflow_infeasible
60_79,j_3056967,77,83,356.0,False,M27: no usable instances
60_79,j_1108477,78,16174,55.0,True,maxflow_infeasible
60_79,j_1210451,60,60,390.0,False,effective_window_infeasible: M3: processing=3.345428 > effective window=1.000000
60_79,j_2555792,61,61,201.0,False,unparseable task name 'task_MjI2ODQ1NTc2MjQ5OTc2NjYyNw=='
60_79,j_1885804,62,93252,695.0,False,R8_58: no usable instances
60_79,j_1890941,63,1361,3504.0,False,R10_18: no usable instances
60_79,j_2149823,64,1526,600.0,False,J64_53_63: no usable instances
60_79,j_2594439,65,65,6642.0,False,unparseable task name 'task_LTE1NjA0NTA2OTQxNzg2MTc1MDA='
60_79,j_973017,66,1490,459.0,False,R9_8: no usable instances
60_79,j_561573,67,3213,858.0,False,J11_2_4_7_10: no usable instances
60_79,j_1920006,69,402,979.0,False,R6_5: no usable instances
60_79,j_735103,71,6218,2783.0,False,R37_36: no usable instances
60_79,j_4184132,72,1468,1711.0,False,R4_5: no usable instances
60_79,j_3862355,74,1270,1368.0,False,R10_38: no usable instances
60_79,j_4181782,76,4535,845.0,False,R4_3: no usable instances
60_79,j_3769493,77,2819,1261.0,False,R63_62: no usable instances
60_79,j_607216,78,16174,348.0,False,"effective_window_infeasible: R16_15: non-positive effective window [299462.276030, 299461.000000]"
60_79,j_2776577,79,79,420.0,False,unparseable task name 'task_LTQ2ODc1NzYwMzUyNDE0MTA3NDE='
60_79,j_667667,60,60,78.0,False,unparseable task name 'task_MjQzMTg4NDgwNTQ5NDQzNjc5NQ=='
60_79,j_2842074,61,61,103.0,False,unparseable task name 'task_LTU3NTc0NjU3MjI3MDA3NjAxMTE='
60_79,j_406233,62,124,6.0,False,M58: no usable instances
60_79,j_42793,63,63,60.0,False,unparseable task name 'task_LTM5NjMxNTE2NDcxNzcwOTc4NA=='
60_79,j_1934885,64,64,39.0,False,unparseable task name 'task_LTU5NTU4Njc1MjM2OTQyNTgxMTY='
60_79,j_3822951,65,65,30.0,False,unparseable task name 'task_LTg4MjQ1NjQ2Njk3MjYzNDQwNjk='
60_79,j_1640431,66,937,93.0,False,M62: no usable instances
60_79,j_3582817,67,409,493.0,False,R29_54: no usable instances
60_79,j_1871328,69,5761,732.0,False,R47_65: no usable instances
60_79,j_2677476,71,142,649.0,False,"effective_window_infeasible: R50_13: non-positive effective window [464846.934001, 464842.000000]"
60_79,j_3606713,72,1291,771.0,False,R4_5: no usable instances
60_79,j_3161096,74,1270,539.0,False,M45: no usable instances
60_79,j_3812017,76,490,177.0,False,M5: no usable instances
60_79,j_3754438,77,83,375.0,False,M7: no usable instances
60_79,j_2319945,78,16174,58.0,True,maxflow_infeasible
60_79,j_1286112,79,1211,87.0,False,M75: no usable instances
60_79,j_1085347,60,60,373.0,False,effective_window_infeasible: M31: processing=5.281355 > effective window=2.000000
60_79,j_3095779,61,61,191.0,False,unparseable task name 'task_MjAzODE0NDA2MTU1NDkxNjA1'
60_79,j_2279420,62,66,556.0,False,effective_window_infeasible: M45: processing=4.450873 > effective window=4.000000
60_79,j_22464,63,799,3490.0,False,R21_20: no usable instances
60_79,j_3271649,64,64,600.0,False,unparseable task name 'task_LTg4Njc1MzczOTg2NzMyMTcxNDY='
60_79,j_2410434,65,65,6309.0,False,unparseable task name 'task_LTYxNDczMzc2NzgwNjA0OTc2NDc='
60_79,j_4059082,66,4407,418.0,False,M60: no usable instances
60_79,j_2544785,67,121,841.0,True,maxflow_infeasible
60_79,j_3929915,69,268,903.0,False,R43_38: no usable instances
60_79,j_4095373,71,5955,2722.0,False,R50_49: no usable instances
60_79,j_2762730,72,1590,1689.0,False,R6_31: no usable instances
60_79,j_1632452,74,2004,1361.0,False,M41: no usable instances
60_79,j_3408070,76,1664,837.0,False,R35_34: no usable instances
60_79,j_904497,77,2816,1259.0,False,effective_window_infeasible: M6: processing=101.278718 > effective window=72.000000
60_79,j_2461377,78,16174,328.0,False,R12_10: no usable instances
60_79,j_3257269,79,48420,384.0,False,R47_46: no usable instances
60_79,j_1447372,60,60,78.0,False,unparseable task name 'task_LTY4Mjg2NzE2NDA3NjkyMTA1NjQ='
60_79,j_3329361,61,61,119.0,False,unparseable task name 'task_LTM3MTc5NzY2NDg5NzIwMTgwMDM='
60_79,j_1762535,63,63,64.0,False,unparseable task name 'task_NTEyNzY4OTc5NjA1MTMwOTY3NQ=='
60_79,j_3893730,64,64,39.0,False,unparseable task name 'task_LTc0NDM3MTgyMTEwNDk3ODkyMTI='
60_79,j_3901534,65,65,30.0,False,unparseable task name 'task_LTQ3MDM4NzIxODkzMDU4NjMwMzE='
60_79,j_295940,66,66,97.0,False,unparseable task name 'task_LTc2NTUzMzY1NDQ1MzM5ODc5MDk='
60_79,j_3958806,67,120,536.0,True,maxflow_infeasible
60_79,j_897244,69,5562,751.0,False,R62_61: no usable instances
60_79,j_548638,71,133,674.0,False,effective_window_infeasible: R50_13: processing=2.255523 > effective window=0.978352
60_79,j_1672860,72,1429,807.0,False,M33: no usable instances
60_79,j_879632,74,1270,545.0,False,R37_36: no usable instances
60_79,j_2528950,76,78,186.0,True,maxflow_infeasible
60_79,j_3026512,77,85,386.0,False,effective_window_infeasible: R77_1_2_3_4_5_6_7_8_9_10_11_12_13_14_15_16_17_18_1: processing=86.119496 > effective window=45.000000
60_79,j_3498816,78,192,85.0,False,M7: no usable instances
60_79,j_3982838,79,589,92.0,False,M47_76: no usable instances
60_79,j_2241580,60,60,345.0,False,M24: no usable instances
60_79,j_3466117,61,61,187.0,False,unparseable task name 'task_LTc5OTI3OTU2ODk0MTIyMTgwNTE='
60_79,j_469408,62,62,444.0,False,unparseable task name 'task_Njg0MTM3MzgxNTYwNDIzMjk2Mg=='
60_79,j_1633148,63,1533,3485.0,False,R4_18: no usable instances
60_79,j_4013386,64,4676,599.0,False,M27: no usable instances
60_79,j_1024191,65,65,6226.0,False,unparseable task name 'task_ODIwNDk3NTc4ODA1OTg5NTEyNw=='
60_79,j_4200452,66,66,400.0,False,unparseable task name 'task_LTc3MDc5Mzk2Mjg1MjAxNjM2NDQ='
60_79,j_3854990,67,15741,819.0,False,M54: no usable instances
60_79,j_2086871,69,303,890.0,False,R8_7: no usable instances
60_79,j_772386,71,6046,2717.0,False,R50_49: no usable instances
60_79,j_93477,72,1549,1572.0,False,R6_28: no usable instances
60_79,j_3726345,74,1801,1325.0,False,M5: no usable instances
60_79,j_271592,76,1988,767.0,False,R3_2: no usable instances
60_79,j_3255743,77,2793,1054.0,False,M48: no usable instances
60_79,j_3604190,78,16229,315.0,False,effective_window_infeasible: M41: processing=30.237558 > effective window=25.000000
60_79,j_3783076,79,49118,376.0,False,R70_69: no usable instances
60_79,j_2194668,60,60,83.0,False,unparseable task name 'task_Mjc3MTM0NzkzNTE1MDg5NDU5MQ=='
60_79,j_2493820,61,61,120.0,False,unparseable task name 'task_MTQ0NDY4MzA1NTc1NzUyMTI1MA=='
60_79,j_511978,62,124,6.0,False,M17: no usable instances
60_79,j_1041142,63,63,65.0,False,unparseable task name 'task_LTgxNTk5MDg4NDgzNjE5MTM3MDc='
60_79,j_2282187,64,64,40.0,False,unparseable task name 'task_LTMyOTMwOTEzMTA1MzY5NTk3NjM='
60_79,j_296001,65,65,31.0,False,unparseable task name 'task_MjkyNDA4NTI1MzkyNzY2NTI0MA=='
60_79,j_258580,66,66,116.0,False,unparseable task name 'task_LTczNDMwOTk1NTI5Njg2ODI2NjI='
60_79,j_2950733,67,3212,546.0,False,R45_23: no usable instances
60_79,j_3031163,69,5438,756.0,False,R15_65: no usable instances
60_79,j_3727315,71,7525,685.0,False,R16_65: no usable instances
60_79,j_1884323,72,1429,921.0,False,R38_37: no usable instances
60_79,j_2416737,74,1270,547.0,False,M36: no usable instances
60_79,j_1189012,76,522,243.0,False,R61_60: no usable instances
60_79,j_1995793,77,83,400.0,False,M21: no usable instances
60_79,j_1846523,78,78,93.0,False,unparseable task name 'task_NjM3Mzg5NTE2MzMxODI1NTYxNA=='
60_79,j_3241398,60,60,338.0,False,effective_window_infeasible: M9: processing=2.913794 > effective window=2.000000
60_79,j_1969093,61,61,179.0,False,unparseable task name 'task_LTIyNzc4MDg5NzI1MDM2NTE5Nw=='
60_79,j_3115578,62,306,397.0,False,R9_10: no usable instances
60_79,j_1493614,63,413,3348.0,False,R19_18: no usable instances
60_79,j_2635214,64,74,594.0,False,effective_window_infeasible: M58: processing=2.194410 > effective window=2.000000
60_79,j_2203186,65,65,4501.0,False,unparseable task name 'task_NjU5MjEzMTQ0NzgyODg3ODkz'
60_79,j_1975503,66,1536,366.0,False,R9_8: no usable instances
60_79,j_1194760,67,116,789.0,True,maxflow_infeasible
60_79,j_188371,69,268,864.0,False,R40_41: no usable instances
60_79,j_632657,71,5960,2665.0,False,R48_47: no usable instances
60_79,j_3452098,72,1584,1569.0,False,R32_31: no usable instances
60_79,j_402547,74,1410,1311.0,False,R11_41: no usable instances
60_79,j_3458145,76,1594,599.0,True,maxflow_infeasible
60_79,j_3780200,77,2817,995.0,False,R15_20: no usable instances
60_79,j_444564,78,16174,250.0,False,effective_window_infeasible: M8: processing=14.560809 > effective window=11.000000
60_79,j_2031614,79,468,360.0,False,R58_59: no usable instances
60_79,j_1794367,60,60,90.0,False,unparseable task name 'task_LTc3MzQxODQ3MjkwMzQ5NzQ4MDg='
60_79,j_2775390,61,61,120.0,False,unparseable task name 'task_LTM2NTM2MjAxNzg4MjIwNjc4NDk='
60_79,j_536855,62,124,6.0,False,M17: no usable instances
60_79,j_742665,63,63,68.0,False,unparseable task name 'task_MzIwNDQxMzMwMDIwOTg4MjY3Nw=='
60_79,j_4090147,64,64,40.0,False,unparseable task name 'task_LTc0Mjg5MDc4MzE4MzUzOTYzMTE='
60_79,j_391292,65,65,31.0,False,unparseable task name 'task_NzczODM3NzI3Mzk2NjU4MjgyMA=='
60_79,j_1302416,66,66,125.0,False,unparseable task name 'task_MjAwODI1OTcxMjY5MTUxNjI1Ng=='
60_79,j_3739107,67,74,569.0,False,R18_2: no usable instances
60_79,j_261318,69,268,797.0,False,R11_6: no usable instances
60_79,j_2358704,71,7370,688.0,False,R22_21: no usable instances
60_79,j_712018,72,1460,943.0,False,R32_31: no usable instances
60_79,j_3270177,74,1270,645.0,False,R28_42: no usable instances
60_79,j_1116546,76,476,320.0,False,R2_1: no usable instances
60_79,j_3787419,77,85,400.0,False,effective_window_infeasible: R77_1_2_3_4_5_6_7_8_9_10_11_12_13_14_15_16_17_18_1: processing=84.697075 > effective window=47.000000
60_79,j_3846696,78,78,95.0,False,unparseable task name 'task_LTc1NDM0MDk3NDA2MDg0MjQ0NDg='
60_79,j_3271495,60,997,253.0,False,M1: no usable instances
60_79,j_133964,61,61,164.0,False,unparseable task name 'task_Nzk4NzM0NDc0NzQ0NTE0MTc1Mg=='
60_79,j_1870068,62,68,372.0,False,effective_window_infeasible: R62_1_2_3_4_5_6_7_8_9_10_11_12_13_14_15_16_17_18_1: processing=83.656843 > effective window=77.000000
60_79,j_1320881,63,409,2846.0,False,R4_18: no usable instances
60_79,j_263701,64,2110,564.0,False,M31: no usable instances
60_79,j_1506816,65,65,4475.0,False,unparseable task name 'task_LTE5ODA5OTY3MTI0OTgyMDc3NTY='
60_79,j_170769,66,1446,341.0,False,R35_34: no usable instances
60_79,j_3006058,69,5507,857.0,False,R8_7: no usable instances
60_79,j_2633991,71,359,2074.0,False,"effective_window_infeasible: R15_13_14: non-positive effective window [365290.000000, 365023.770407]"
60_79,j_1307643,72,1430,1531.0,False,R32_31: no usable instances
60_79,j_1171393,74,1984,1296.0,False,M39: no usable instances
60_79,j_1415452,76,458,494.0,False,"effective_window_infeasible: M1: non-positive effective window [375753.000000, 375541.871251]"
60_79,j_2833733,77,2803,961.0,True,maxflow_infeasible
60_79,j_3752409,78,16174,184.0,True,maxflow_infeasible
60_79,j_907835,79,79,358.0,False,unparseable task name 'task_LTY2NjgzMDkwOTY4Mzg0MDU0MDk='
60_79,j_364719,60,60,91.0,False,unparseable task name 'task_LTIzMzgwNzEzMTYyNzAxMDQ0Mjc='
60_79,j_538334,62,124,6.0,False,M37: no usable instances
60_79,j_930544,63,63,71.0,False,unparseable task name 'task_Mjg4MjA4OTE5NjgzMTAyNjc0NQ=='
60_79,j_3985535,64,64,41.0,False,unparseable task name 'task_NTIxMTM3ODE2OTExODU3NzQ4NQ=='
60_79,j_517808,65,65,31.0,False,unparseable task name 'task_LTI3MTcxOTk2MDc5MzM4NjY1MzY='
60_79,j_1066921,66,66,128.0,False,unparseable task name 'task_LTI1MzIxMTIzMzA4NTgxMjk1NzU='
60_79,j_1062486,67,3212,608.0,False,R10_9: no usable instances
60_79,j_2164763,69,268,802.0,False,R4_6: no usable instances
60_79,j_950849,71,411,716.0,False,R42_10: no usable instances
60_79,j_2164346,72,1430,990.0,False,R36_35: no usable instances
60_79,j_3061406,74,1270,729.0,False,R13_45: no usable instances
60_79,j_3783082,76,78,432.0,False,effective_window_infeasible: M50: processing=1.470064 > effective window=1.000000
60_79,j_222173,77,85,425.0,False,effective_window_infeasible: R77_1_2_3_4_5_6_7_8_9_10_11_12_13_14_15_16_17_18_1: processing=88.313259 > effective window=26.000000
60_79,j_3517023,78,192,95.0,False,M7: no usable instances
80_99,j_3883447,81,81,114.0,False,unparseable task name 'task_MTI2MDE4MDc4OTM2NDc0MDkxOA=='
80_99,j_4114372,82,1195,67.0,True,maxflow_infeasible
80_99,j_1686950,83,83,137.0,False,unparseable task name 'task_NjE2OTUwMDUzMDI3MTg1NjY0Mg=='
80_99,j_1366401,84,18153,32.0,False,R54_41: no usable instances
80_99,j_3538095,85,85,121.0,False,unparseable task name 'task_LTQ2MjcxMDUxODMxNDE4MjgxODA='
80_99,j_873330,86,1089,14.0,False,M37: no usable instances
80_99,j_1895825,87,887,6.0,False,R19_18: no usable instances
80_99,j_852431,88,88,106.0,False,unparseable task name 'task_ODc4MDQyMzU3ODE2MDQzODU2Ng=='
80_99,j_354246,89,89,94.0,False,unparseable task name 'task_LTgwMjk2NTA0NjY1MzA3OTQyMTI='
80_99,j_2269968,90,90,303.0,False,unparseable task name 'task_LTg1NDUxMjM5NjQ4NDY4MDA3ODM='
80_99,j_101221,91,4234,569.0,False,R34_33: no usable instances
80_99,j_178840,92,92,170.0,False,unparseable task name 'task_MTgxMzM0MTcyMTE0Mjc3MDY1MQ=='
80_99,j_2855235,93,93,158.0,False,unparseable task name 'task_Njk2NzQ3MDU1MzQwMDIxMjQzNw=='
80_99,j_2791880,94,94,98.0,False,unparseable task name 'task_LTczMzU5NjY5MjQ1NjAwOTk5MjI='
80_99,j_3958695,95,95,19.0,True,maxflow_infeasible
80_99,j_1559850,96,96,316.0,False,unparseable task name 'task_LTM1ODQ0NTY0NTI0NTg4OTc0Njg='
80_99,j_3224041,97,97,104.0,False,unparseable task name 'task_NTA2MDk1NDkwOTUyNDM0ODY0'
80_99,j_2062885,98,98,201.0,False,unparseable task name 'task_OTY3MzAxODQwODAwNDcwMzM4'
80_99,j_3403096,99,99,155.0,False,unparseable task name 'task_ODAxOTE2MDM1ODMyNTYyNjE4Mw=='
80_99,j_1117361,81,186,1045.0,False,R70_69: no usable instances
80_99,j_2348269,82,1801,1563.0,False,R37_36: no usable instances
80_99,j_2125725,83,2703,323.0,False,R48_47: no usable instances
80_99,j_2119790,84,18153,379.0,False,R32_21: no usable instances
80_99,j_2637457,85,85,151.0,False,unparseable task name 'task_LTYxNjQ0OTYxNjYzMTUyMzc5NjM='
80_99,j_1415676,86,86,347.0,False,unparseable task name 'task_NDc1MDAzNjM1NTg1Nzg4NjkzNw=='
80_99,j_2316673,87,267,924.0,False,"effective_window_infeasible: J20_7_19: non-positive effective window [142614.368148, 142349.000000]"
80_99,j_3026051,88,88,218.0,False,unparseable task name 'task_LTc2NDk3MzQyMTYzMzU4NzM2MjU='
80_99,j_143319,89,89,465.0,False,unparseable task name 'task_NzMxNTczODMwOTc4MTM2NzE='
80_99,j_27163,90,1178,1127.0,False,J38_37_49: no usable instances
80_99,j_1878256,91,4050,3624.0,False,effective_window_infeasible: R55_88: processing=25.890319 > effective window=19.000000
80_99,j_1232694,92,4462,3234.0,False,R28_82: no usable instances
80_99,j_28468,93,10126,2310.0,False,R54_53: no usable instances
80_99,j_897608,94,94,128.0,False,unparseable task name 'task_LTgxNjA3NzA4NjQ4ODcyNzI2MzA='
80_99,j_2218295,95,1942,954.0,False,R39_72: no usable instances
80_99,j_3362135,96,9647,2111.0,False,R62_61: no usable instances
80_99,j_1453901,97,1023,1230.0,False,R92_91: no usable instances
80_99,j_2760413,98,1009,318.0,False,R32_55: no usable instances
80_99,j_4068973,99,1010,970.0,False,R13_56: no usable instances
80_99,j_1204209,81,81,207.0,False,unparseable task name 'task_LTE1NDY1NzgyNzcwNzUzODY3OTI='
80_99,j_2567960,82,853,101.0,False,M27: no usable instances
80_99,j_3106978,83,83,152.0,False,unparseable task name 'task_LTU0MDkzNTg2OTM1MzA1OTIwNTE='
80_99,j_1668011,84,18153,33.0,True,maxflow_infeasible
80_99,j_3895565,86,1097,15.0,False,M35: no usable instances
80_99,j_3725863,87,966,6.0,False,R16_18: no usable instances
80_99,j_3999839,88,88,214.0,False,unparseable task name 'task_LTgzNTIxNTc3NzIzNjkzMDc4MjU='
80_99,j_4114114,90,1381,318.0,False,R33_51: no usable instances
80_99,j_2963512,91,3805,924.0,False,R18_17: no usable instances
80_99,j_492498,92,92,216.0,False,unparseable task name 'task_NTYzNTc2ODg1OTUyOTkyNjg3MQ=='
80_99,j_4016797,93,93,567.0,False,unparseable task name 'task_LTIyNTY1NzQ3MzU0Njk4MDcyODc='
80_99,j_2314059,94,94,110.0,False,unparseable task name 'task_LTc2MzcxNjc3MTYyNTQyNDI2MzE='
80_99,j_278409,95,95,22.0,False,M54: no usable instances
80_99,j_3593417,96,1007,421.0,False,R68_67: no usable instances
80_99,j_2123226,97,97,105.0,False,unparseable task name 'task_NDE3MjM2MTI0Mjc2ODk5NjIyMQ=='
80_99,j_2393722,98,1009,230.0,False,R84_83: no usable instances
80_99,j_4024146,99,99,328.0,False,unparseable task name 'task_LTEzOTIyOTkwMzU0NzYxMDE2NjQ='
80_99,j_1118970,81,205,644.0,False,R63_62: no usable instances
80_99,j_3040419,82,3037,1350.0,False,M25: no usable instances
80_99,j_870770,83,444,253.0,False,R8_9: no usable instances
80_99,j_670262,84,18153,367.0,False,R84_41: no usable instances
80_99,j_448574,86,1104,314.0,False,R38_37: no usable instances
80_99,j_615347,87,481,672.0,False,R30_31: no usable instances
80_99,j_3685385,90,1178,1041.0,False,R36_35: no usable instances
80_99,j_2305722,91,4158,2419.0,False,R27_26: no usable instances
80_99,j_1785916,92,10614,1936.0,False,M80: no usable instances
80_99,j_34841,93,10120,2000.0,False,R54_53: no usable instances
80_99,j_3245407,94,94,111.0,False,unparseable task name 'task_NTY1NjYyOTkyNzkxMjYzODA3'
80_99,j_2433245,95,1942,639.0,False,R92_91: no usable instances
80_99,j_3247046,96,21904,1600.0,False,R89_88: no usable instances
80_99,j_567198,97,1023,911.0,False,R84_77: no usable instances
80_99,j_491995,98,98,262.0,False,unparseable task name 'task_LTU3MDU0NDQzODQxMTUyOTMwNTQ='
80_99,j_1089048,99,1010,874.0,False,M68: no usable instances
80_99,j_657430,81,81,343.0,False,unparseable task name 'task_LTc5NDgwODI2Njk1Njk2MDM2MTk='
80_99,j_1040759,82,833,111.0,False,M62: no usable instances
80_99,j_3745667,84,18153,33.0,True,maxflow_infeasible
80_99,j_3522454,86,1099,19.0,False,M53: no usable instances
80_99,j_3646583,87,828,7.0,False,R16_18: no usable instances
80_99,j_4189838,90,2350,363.0,False,R14_21: no usable instances
80_99,j_2056612,91,3790,947.0,False,R15_14: no usable instances
80_99,j_2537715,92,1939,738.0,False,R57_74: no usable instances
80_99,j_4061946,93,9967,1781.0,False,M81: no usable instances
80_99,j_1543169,95,95,24.0,False,M23: no usable instances
80_99,j_548487,96,10306,582.0,False,R5_4: no usable instances
80_99,j_2138925,97,97,110.0,False,unparseable task name 'task_MzUyMDY4MDA4NjkzOTA0NjgxMg=='
80_99,j_1221547,98,98,261.0,False,unparseable task name 'task_LTExMzUxMTM4MDczMDU3NDYzMDk='
80_99,j_2308379,99,1010,381.0,False,R53_56: no usable instances
80_99,j_3240583,81,149,545.0,False,R8_20: no usable instances
80_99,j_1994413,82,2985,1093.0,False,R56_55: no usable instances
80_99,j_3631925,84,18153,331.0,False,effective_window_infeasible: M80: processing=8.043538 > effective window=4.000000
80_99,j_551692,86,545,132.0,False,M51: no usable instances
80_99,j_60835,87,395,640.0,False,"effective_window_infeasible: J44_7_43: non-positive effective window [141980.672452, 141847.000000]"
80_99,j_555737,90,1415,996.0,False,M68: no usable instances
80_99,j_1841934,91,3789,2251.0,False,R52_51: no usable instances
80_99,j_2180516,92,9993,1797.0,False,M80: no usable instances
80_99,j_3009897,93,10099,1833.0,False,M53: no usable instances
80_99,j_3174547,95,95,334.0,False,M52: no usable instances
80_99,j_1062708,97,97,746.0,False,unparseable task name 'task_LTUzMjYzNDE0NzgxNzI1MDc2ODI='
80_99,j_4116508,99,1010,652.0,False,R91_90: no usable instances
80_99,j_2590314,81,81,360.0,False,unparseable task name 'task_LTczNzE4MTcyMTEwMzc2MDExMjI='
80_99,j_3290895,82,853,113.0,False,M3: no usable instances
80_99,j_1473985,84,18181,35.0,True,maxflow_infeasible
80_99,j_2822706,86,1126,42.0,False,M17: no usable instances
80_99,j_3813559,87,1149,7.0,False,R45_46: no usable instances
80_99,j_3148465,90,2346,381.0,False,R69_70: no usable instances
80_99,j_2243914,91,3801,959.0,False,R46_45: no usable instances
80_99,j_2185906,92,1000,1001.0,False,R44_61: no usable instances
80_99,j_231682,95,95,38.0,False,M91: no usable instances
80_99,j_3235930,97,97,133.0,False,unparseable task name 'task_LTQ2OTkwODQ1MDI4NDEwMDQzMzI='
80_99,j_428934,99,1031,429.0,False,R96_95: no usable instances
80_99,j_3114914,81,166,474.0,False,R3_2: no usable instances
80_99,j_4059573,82,1801,1039.0,False,R39_38: no usable instances
80_99,j_2371223,84,18153,323.0,False,R52_41: no usable instances
80_99,j_2447405,86,1045,124.0,False,M61: no usable instances
80_99,j_579332,87,317,622.0,False,"effective_window_infeasible: R50_49: non-positive effective window [137561.974566, 137427.000000]"
80_99,j_1078109,90,1181,972.0,False,R36_35: no usable instances
80_99,j_1908202,91,3934,2095.0,False,R21_20: no usable instances
80_99,j_1340496,95,95,333.0,False,effective_window_infeasible: M69: processing=2.500000 > effective window=1.000000
80_99,j_4138788,97,1023,700.0,False,R50_66: no usable instances
80_99,j_1936347,99,1031,533.0,False,R99_98: no usable instances
80_99,j_1613034,81,398,362.0,False,R56_55: no usable instances
80_99,j_174842,84,18153,96.0,True,maxflow_infeasible
80_99,j_2441162,86,1207,111.0,False,R2_3: no usable instances
80_99,j_2956280,87,1007,10.0,False,R20_21: no usable instances
80_99,j_3022770,90,2315,413.0,False,M2: no usable instances
80_99,j_843066,91,3726,983.0,False,R21_20: no usable instances
80_99,j_3693245,95,95,163.0,False,unparseable task name 'task_NDM1MjM0OTA4NjM5NjE3NjMyMA=='
80_99,j_4119477,97,97,176.0,False,unparseable task name 'task_MzM4MDkzNjAwOTQ0NjA1Nzc2OA=='
80_99,j_4096058,99,1010,475.0,False,R33_56: no usable instances
80_99,j_2141186,81,226,456.0,False,R65_64: no usable instances
80_99,j_1220773,82,1804,989.0,False,R34_33: no usable instances
80_99,j_3212394,84,84,230.0,False,unparseable task name 'task_MTQxOTMwNzg4ODIxMzc1NTA1Mw=='
80_99,j_236353,87,384,620.0,False,M85: no usable instances
80_99,j_2609296,90,1415,894.0,False,R17_47: no usable instances
80_99,j_149539,91,3714,1995.0,False,effective_window_infeasible: J50_2_4_6_8_10_12_15_18_21_24_27_30_32_35_37_39_41: processing=215.277426 > effective window=102.000000
80_99,j_3261966,95,95,330.0,False,M84: no usable instances
80_99,j_2272090,97,97,502.0,False,unparseable task name 'task_LTYzNzg5MjE3NTIyODg4NzE4NDU='
80_99,j_1126068,99,1010,511.0,False,R44_79: no usable instances
80_99,j_574480,81,81,370.0,False,unparseable task name 'task_Mzg5MDA1NzA2Mzc5NzUyMDI0OA=='
80_99,j_897856,82,1013,117.0,False,M5: no usable instances
80_99,j_3723257,84,18153,103.0,True,maxflow_infeasible
80_99,j_28088,87,1187,13.0,False,R44_46: no usable instances
80_99,j_460903,90,2328,441.0,False,R80_79: no usable instances
80_99,j_419520,91,4920,983.0,False,R35_34: no usable instances
80_99,j_874752,95,95,191.0,False,unparseable task name 'task_NDAxMTMxODg5NzA5MjQxMDM2Mw=='
80_99,j_1445752,81,81,425.0,False,unparseable task name 'task_MzAyMzE2NDA3MjQ4MjM4OTA1Mg=='
80_99,j_2938486,82,3037,975.0,False,R39_38: no usable instances
80_99,j_2402278,84,18153,218.0,False,effective_window_infeasible: M41: processing=21.507376 > effective window=18.000000
80_99,j_27200,87,441,600.0,False,R58_59: no usable instances
80_99,j_1767817,90,2341,693.0,False,R78_79: no usable instances
80_99,j_1680742,91,3777,1946.0,False,"effective_window_infeasible: R18_17: non-positive effective window [202121.000000, 202084.855714]"
80_99,j_3924864,95,95,313.0,False,unparseable task name 'task_MTc3NzI3NDE1NDAxODc3MDQ5'
80_99,j_1792237,81,81,387.0,False,unparseable task name 'task_LTIwMDIwNzUwMjY5OTg2MDE2ODY='
80_99,j_3170602,82,853,122.0,False,R59_60: no usable instances
80_99,j_3124358,84,18153,147.0,False,R72_41: no usable instances
80_99,j_3783531,87,1207,16.0,False,R45_46: no usable instances
80_99,j_1607306,90,2308,540.0,False,R78_79: no usable instances
80_99,j_212132,91,6133,986.0,False,R32_31: no usable instances
80_99,j_2916534,95,95,207.0,False,effective_window_infeasible: M67: processing=1.410370 > effective window=1.000000
80_99,j_1075250,81,81,418.0,False,unparseable task name 'task_LTYzODU2MTUyOTk3NzE1OTEyMDg='
80_99,j_3144099,82,1797,959.0,False,R8_7: no usable instances
80_99,j_611396,84,18181,216.0,False,R16_15: no usable instances
80_99,j_3207824,87,529,541.0,False,R62_63: no usable instances
80_99,j_3004248,90,2330,545.0,False,R17_24: no usable instances
80_99,j_3839713,91,4049,1927.0,False,effective_window_infeasible: J50_2_4_6_8_10_12_15_18_21_24_27_30_32_35_37_39_41: processing=187.350115 > effective window=176.949156
80_99,j_3286076,95,95,284.0,False,unparseable task name 'task_LTE1OTk5MDEyNzc5NTMyMDIyNjM='
80_99,j_3211011,81,81,395.0,False,unparseable task name 'task_ODE2NjYxNDcyMTI3MDUxNzYyNw=='
80_99,j_4063650,84,18153,154.0,False,effective_window_infeasible: M67: processing=3.839682 > effective window=3.000000
80_99,j_358858,87,1006,21.0,False,M46: no usable instances
80_99,j_1672207,91,3790,991.0,False,M51: no usable instances
80_99,j_542312,95,1942,223.0,False,R4_52: no usable instances
80_99,j_3047331,81,81,404.0,False,unparseable task name 'task_MjgxNTIxMDQ0NTUzNzkwNjI1MA=='
80_99,j_3966117,82,3037,944.0,False,R3_12: no usable instances
80_99,j_2635283,84,18153,207.0,False,effective_window_infeasible: M14: processing=4.812649 > effective window=4.000000
80_99,j_3251703,87,489,525.0,False,R1_3: no usable instances
80_99,j_2788404,91,4015,1920.0,False,R49_48: no usable instances
80_99,j_2993478,81,81,396.0,False,unparseable task name 'task_LTM3NTczMjAzMDM2MzgzODMxNzI='
80_99,j_3385770,84,18153,190.0,False,effective_window_infeasible: M8: processing=7.657031 > effective window=5.000000
80_99,j_1134031,87,826,24.0,False,R47_46: no usable instances
80_99,j_3128976,91,4141,995.0,False,R21_20: no usable instances
80_99,j_1927964,82,2958,918.0,False,M25: no usable instances
80_99,j_666324,87,456,493.0,False,R58_59: no usable instances
80_99,j_2864711,91,3764,1907.0,False,R35_34: no usable instances
80_99,j_931602,87,947,25.0,False,R16_18: no usable instances
80_99,j_2864162,91,3726,996.0,False,R52_51: no usable instances
80_99,j_1414221,82,1803,889.0,False,R8_7: no usable instances
80_99,j_1271916,87,441,477.0,False,M23: no usable instances
80_99,j_2138522,91,4147,1888.0,False,R35_34: no usable instances
80_99,j_2954164,87,1107,26.0,False,J56_32_33_34_36_37_38_39_40_42_43_44_45_47_48_50_5: no usable instances
80_99,j_2447371,91,4023,998.0,False,effective_window_infeasible: J50_2_4_6_8_10_12_15_18_21_24_27_30_32_35_37_39_41: processing=90.804571 > effective window=60.000000
80_99,j_1849057,82,2093,866.0,False,R30_29: no usable instances
80_99,j_3673502,87,545,473.0,False,R1_3: no usable instances
80_99,j_3354993,91,3910,1883.0,False,R27_26: no usable instances
80_99,j_894254,87,926,27.0,False,J28_4_5_6_7_8_10_11_12_14_15_16_17_19_20_22_23_24_: no usable instances
80_99,j_2820956,91,4297,1033.0,False,R35_34: no usable instances
80_99,j_283367,82,3005,778.0,False,R82_81: no usable instances
80_99,j_3516070,87,421,443.0,False,R23_25: no usable instances
80_99,j_942164,91,3765,1866.0,False,R46_45: no usable instances
80_99,j_2161971,82,82,142.0,False,unparseable task name 'task_MTUzNjE2OTAwODYwMzM5MjM1MA=='
80_99,j_2497570,87,1187,31.0,False,R16_18: no usable instances
80_99,j_1849265,91,3802,1042.0,False,R35_34: no usable instances
80_99,j_1083248,82,2985,752.0,False,R10_43: no usable instances
80_99,j_1704676,87,573,441.0,False,R68_67: no usable instances
80_99,j_1462475,91,3738,1852.0,False,R41_40: no usable instances
80_99,j_1134586,82,833,149.0,False,M13: no usable instances
80_99,j_1777118,87,1026,32.0,False,M18: no usable instances
80_99,j_3956268,91,3714,1054.0,False,R46_45: no usable instances
80_99,j_1155887,82,3005,749.0,False,R61_60: no usable instances
80_99,j_851705,87,408,439.0,False,M5: no usable instances
80_99,j_933516,91,4307,1810.0,False,R27_26: no usable instances
80_99,j_3784311,82,1014,151.0,False,M21: no usable instances
80_99,j_1893765,87,1128,37.0,False,M46: no usable instances
80_99,j_4173939,91,4142,1054.0,False,R15_14: no usable instances
80_99,j_2366288,82,3037,716.0,False,R34_33: no usable instances
80_99,j_1123754,87,482,437.0,False,M27: no usable instances
80_99,j_4046849,91,3789,1809.0,False,M51: no usable instances
80_99,j_384266,87,987,38.0,False,M46: no usable instances
80_99,j_2494380,91,4142,1058.0,False,"effective_window_infeasible: R24_23: non-positive effective window [177041.000000, 177033.007536]"
80_99,j_3985614,82,2092,650.0,False,R14_13: no usable instances
80_99,j_676547,87,457,426.0,False,R32_29_30_31: no usable instances
80_99,j_3731494,91,4026,1790.0,False,R15_14: no usable instances
80_99,j_2276554,82,82,238.0,False,unparseable task name 'task_MjYzNzc5ODAwNTYyNTAzNzUwMA=='
80_99,j_3606303,87,988,41.0,False,R17_18: no usable instances
80_99,j_3859788,91,3765,1068.0,False,M51: no usable instances
80_99,j_1733309,82,82,488.0,False,unparseable task name 'task_LTI2OTI4MjM5NzY1NTc2NzkyMTM='
80_99,j_1233320,87,424,423.0,False,R70_71: no usable instances
80_99,j_1339096,91,4038,1776.0,False,R35_34: no usable instances
80_99,j_4128485,82,82,250.0,False,unparseable task name 'task_LTI4MzkxNDkxMzQyMzY3ODYxMjM='
80_99,j_2815312,87,906,44.0,False,J28_4_5_6_7_8_10_11_12_14_15_16_17_19_20_22_23_24_: no usable instances
80_99,j_3091422,91,3806,1074.0,False,R52_51: no usable instances
80_99,j_3102573,82,82,335.0,False,unparseable task name 'task_LTI4MjgzODgyNDIzMzU0ODc1NDI='
80_99,j_3754406,87,488,406.0,False,R64_63: no usable instances
80_99,j_475491,91,4061,1766.0,False,R27_26: no usable instances
80_99,j_193885,87,786,48.0,False,R17_18: no usable instances
80_99,j_2742511,91,3726,1079.0,False,R15_14: no usable instances
80_99,j_3999040,87,488,391.0,False,R39_71: no usable instances
80_99,j_3453519,91,3725,1758.0,False,R21_20: no usable instances
80_99,j_2653644,87,1167,48.0,False,R87_28_56_86: no usable instances
80_99,j_2836942,91,4039,1080.0,False,R46_45: no usable instances
80_99,j_2282609,87,416,391.0,False,R50_49: no usable instances
80_99,j_656789,91,3738,1743.0,False,R52_51: no usable instances
80_99,j_2061036,87,1028,49.0,False,R47_46: no usable instances
80_99,j_2347200,91,4252,1084.0,False,R21_20: no usable instances
80_99,j_3997240,87,400,387.0,False,R22_21: no usable instances
80_99,j_968194,91,3789,1704.0,False,R35_34: no usable instances
80_99,j_3211299,87,1067,50.0,False,J28_4_5_6_7_8_10_11_12_14_15_16_17_19_20_22_23_24_: no usable instances
80_99,j_3373303,91,3793,1090.0,False,M51: no usable instances
80_99,j_3537178,87,522,380.0,False,R30_31: no usable instances
80_99,j_553542,91,4141,1655.0,False,R18_17: no usable instances
80_99,j_3042199,87,1066,54.0,False,J28_4_5_6_7_8_10_11_12_14_15_16_17_19_20_22_23_24_: no usable instances
80_99,j_352384,91,3713,1093.0,False,effective_window_infeasible: J91_52_54_56_58_60_61_63_65_67_69_71_73_75_77_79_8: processing=127.861076 > effective window=78.000000
80_99,j_1115558,87,489,363.0,False,M51: no usable instances
80_99,j_2105258,91,4146,1652.0,False,effective_window_infeasible: J91_52_54_56_58_60_61_63_65_67_69_71_73_75_77_79_8: processing=172.138123 > effective window=120.932768
80_99,j_740772,87,906,56.0,False,R45_46: no usable instances
80_99,j_3317064,91,3713,1097.0,False,R14_13: no usable instances
80_99,j_3634430,87,571,361.0,False,R38_71: no usable instances
80_99,j_2151883,91,4012,1637.0,False,R27_26: no usable instances
80_99,j_96506,87,1026,57.0,False,R45_46: no usable instances
80_99,j_489584,91,3713,1099.0,False,R46_45: no usable instances
80_99,j_1539271,87,472,344.0,False,M55: no usable instances
80_99,j_2979227,91,3726,1633.0,False,R18_17: no usable instances
80_99,j_3510761,87,1268,57.0,False,R17_18: no usable instances
80_99,j_2412341,91,3794,1100.0,False,M51: no usable instances
80_99,j_3579441,87,537,341.0,False,R2_3: no usable instances
80_99,j_3209968,91,4026,1629.0,False,R46_45: no usable instances
80_99,j_2738200,87,1311,57.0,False,R17_18: no usable instances
80_99,j_2043009,91,3794,1102.0,False,R15_14: no usable instances
80_99,j_1881722,87,394,341.0,False,R80_79: no usable instances
80_99,j_3074833,91,3921,1616.0,False,R18_17: no usable instances
80_99,j_2013327,87,986,58.0,False,R87_28_56_86: no usable instances
80_99,j_3654355,91,3764,1103.0,False,R35_34: no usable instances
80_99,j_1644856,87,474,335.0,False,R29_31: no usable instances
80_99,j_2351295,91,4036,1589.0,False,R35_34: no usable instances
80_99,j_2111834,87,1148,60.0,False,R45_46: no usable instances
80_99,j_223857,91,3789,1103.0,False,R46_45: no usable instances
80_99,j_3864680,87,505,319.0,False,R6_71: no usable instances
80_99,j_634013,91,4038,1573.0,False,R15_14: no usable instances
80_99,j_1590248,87,806,63.0,False,J28_4_5_6_7_8_10_11_12_14_15_16_17_19_20_22_23_24_: no usable instances
80_99,j_1788049,91,3777,1106.0,False,"effective_window_infeasible: R4_3: non-positive effective window [200420.000000, 200408.222953]"
80_99,j_4186384,87,472,286.0,False,R39_71: no usable instances
80_99,j_1283759,91,3896,1569.0,False,R21_20: no usable instances
80_99,j_3430411,87,947,64.0,False,J28_4_5_6_7_8_10_11_12_14_15_16_17_19_20_22_23_24_: no usable instances
80_99,j_4030539,91,4130,1108.0,False,R21_20: no usable instances
80_99,j_850404,87,465,286.0,False,R6_71: no usable instances
80_99,j_3274406,91,3788,1543.0,False,R15_14: no usable instances
80_99,j_408691,87,967,66.0,False,M65: no usable instances
80_99,j_2853192,91,3713,1110.0,False,R30_29: no usable instances
80_99,j_3540496,87,249,283.0,False,R27_26: no usable instances
80_99,j_3418217,91,3766,1542.0,False,R52_51: no usable instances
80_99,j_33976,87,1228,66.0,False,M59: no usable instances
80_99,j_2144597,91,3806,1118.0,False,R29_28: no usable instances
80_99,j_3993204,87,416,276.0,False,M27: no usable instances
80_99,j_2320095,91,4027,1519.0,False,R35_34: no usable instances
80_99,j_1141508,91,4145,1118.0,False,R14_13: no usable instances
80_99,j_2037536,87,87,267.0,False,unparseable task name 'task_LTE2NDM1OTQ2MTg0OTg2Njc0OQ=='
80_99,j_3200290,91,3726,1518.0,False,R27_26: no usable instances
80_99,j_3360062,91,3713,1132.0,False,R34_33: no usable instances
80_99,j_371943,87,257,258.0,True,maxflow_infeasible
80_99,j_3625305,91,4039,1511.0,False,R27_26: no usable instances
80_99,j_156149,91,3794,1133.0,False,R32_31: no usable instances
80_99,j_2275201,87,465,255.0,False,R64_63: no usable instances
80_99,j_1129876,91,3885,1507.0,False,"effective_window_infeasible: R24_23: non-positive effective window [209030.000000, 208999.737342]"
80_99,j_1375245,91,3794,1135.0,False,M51: no usable instances
80_99,j_581566,87,514,236.0,False,M27: no usable instances
80_99,j_3252151,91,4001,1506.0,False,effective_window_infeasible: J50_2_4_6_8_10_12_15_18_21_24_27_30_32_35_37_39_41: processing=139.332815 > effective window=89.000000
80_99,j_2884052,91,4038,1137.0,False,R35_34: no usable instances
80_99,j_583419,87,474,226.0,False,R80_79: no usable instances
80_99,j_4183138,91,3777,1490.0,False,effective_window_infeasible: J50_2_4_6_8_10_12_15_18_21_24_27_30_32_35_37_39_41: processing=175.057589 > effective window=84.000000
80_99,j_624367,91,3789,1139.0,False,M51: no usable instances
80_99,j_272048,87,432,216.0,False,R30_31: no usable instances
80_99,j_3832895,91,3794,1485.0,False,R52_51: no usable instances
80_99,j_3737965,87,886,71.0,False,R47_46: no usable instances
80_99,j_458195,91,3794,1140.0,False,R35_34: no usable instances
80_99,j_2815088,87,523,214.0,False,R60_57_58_59: no usable instances
80_99,j_2665320,91,3789,1481.0,False,"effective_window_infeasible: R21_20: non-positive effective window [184557.000000, 184551.926522]"
80_99,j_1003900,87,1167,72.0,True,maxflow_infeasible
80_99,j_2006191,91,4050,1140.0,False,R18_17: no usable instances
80_99,j_3101929,87,416,209.0,False,R39_71: no usable instances
80_99,j_2798047,91,4158,1475.0,False,R18_17: no usable instances
80_99,j_3400167,87,1067,73.0,False,M9: no usable instances
80_99,j_627641,91,3923,1144.0,True,maxflow_infeasible
80_99,j_4194127,87,1128,189.0,True,maxflow_infeasible
80_99,j_2091848,91,3794,1474.0,False,effective_window_infeasible: J50_2_4_6_8_10_12_15_18_21_24_27_30_32_35_37_39_41: processing=160.632606 > effective window=68.000000
80_99,j_2263848,87,1270,74.0,False,R17_18: no usable instances
80_99,j_675575,91,4129,1151.0,False,R46_45: no usable instances
80_99,j_2720475,87,392,180.0,False,R10_9: no usable instances
80_99,j_570482,91,3725,1453.0,False,M51: no usable instances
80_99,j_2157391,91,3713,1157.0,False,R30_29: no usable instances
80_99,j_1674245,87,417,177.0,False,R64_63: no usable instances
80_99,j_4035570,91,3714,1450.0,False,R35_34: no usable instances
80_99,j_1296661,87,786,76.0,False,R45_46: no usable instances
80_99,j_2206027,91,4297,1159.0,False,R21_20: no usable instances
80_99,j_2354380,87,376,173.0,False,R47_46: no usable instances
80_99,j_2712208,91,4145,1436.0,False,R15_14: no usable instances
80_99,j_921455,87,866,78.0,False,R16_18: no usable instances
80_99,j_3881640,91,3725,1161.0,False,M51: no usable instances
80_99,j_1550301,87,458,172.0,False,R14_13: no usable instances
80_99,j_2923016,91,4297,1434.0,False,"effective_window_infeasible: R58_57: non-positive effective window [209721.000000, 209683.210696]"
80_99,j_1492787,87,1047,78.0,False,R44_46: no usable instances
80_99,j_3819239,91,4027,1161.0,False,R15_14: no usable instances
80_99,j_627170,87,408,168.0,False,R48_49: no usable instances
80_99,j_2321143,91,3800,1428.0,False,R46_45: no usable instances
80_99,j_917831,91,3777,1164.0,False,R46_45: no usable instances
80_99,j_1974746,91,3764,1426.0,False,R52_51: no usable instances
80_99,j_1956680,91,4297,1166.0,False,R35_34: no usable instances
80_99,j_3136161,87,538,162.0,False,R48_49: no usable instances
80_99,j_569576,91,4039,1423.0,False,R15_14: no usable instances
80_99,j_2980735,87,1006,79.0,True,maxflow_infeasible
80_99,j_187463,91,4038,1171.0,False,R21_20: no usable instances
80_99,j_1271401,87,464,161.0,False,R8_9: no usable instances
80_99,j_59933,91,3764,1421.0,False,R43_42: no usable instances
80_99,j_1215133,91,3800,1172.0,False,M51: no usable instances
80_99,j_61506,91,3789,1417.0,False,R52_51: no usable instances
100_119,j_891414,100,100,87.0,False,unparseable task name 'task_NjU0MTc5NTI3ODQ0ODQ1NTA='
100_119,j_2896281,101,171,21.0,False,R74_53: no usable instances
100_119,j_4181065,102,102,22.0,True,maxflow_infeasible
100_119,j_1412217,103,453,46.0,False,R79_100: no usable instances
100_119,j_855403,104,104,89.0,False,unparseable task name 'task_OTExNzI0MDExMzgxNTkyOTc='
100_119,j_1052752,105,105,49.0,False,unparseable task name 'task_LTcyOTY4NTg5NDc0MDQxMjg1MjQ='
100_119,j_3618199,106,106,183.0,False,unparseable task name 'task_Mzk3MDQxOTgzNDM1Mzg2OTgyNA=='
100_119,j_842487,107,107,84.0,False,unparseable task name 'task_NDk3NjQ1ODU4MzA1Njk1OTMyOA=='
100_119,j_3583533,108,179,14.0,False,R104_88: no usable instances
100_119,j_36458,109,8072,68.0,False,R28_27: no usable instances
100_119,j_2874995,110,110,896.0,False,unparseable task name 'task_LTQwMzI1MTEyNTk2ODk5MTg4NzY='
100_119,j_3149213,111,111,148.0,False,unparseable task name 'task_MTYwNzQ5MjA3ODQzNDA4MTg0OA=='
100_119,j_3243826,112,112,87.0,False,unparseable task name 'task_NjU1NTM0MTE3NjA4NjI1MzAxMg=='
100_119,j_3039926,115,115,149.0,False,unparseable task name 'task_LTMwMDA4NTI1NzQ3MDYyOTIxMzM='
100_119,j_2846675,116,116,152.0,False,unparseable task name 'task_MTY3MDMyNTM3NjgyNzI1NzY0Ng=='
100_119,j_86964,117,117,180.0,False,unparseable task name 'task_LTU1MDY1NTMyNzY5ODc2ODUwNTA='
100_119,j_2598590,118,136,50.0,False,DAG contains a cycle
100_119,j_3623783,119,970,7.0,False,M20: no usable instances
100_119,j_2926852,100,100,400.0,False,unparseable task name 'task_NzY0NTg5NjcxNDg4NDM1MjQ4NA=='
100_119,j_3587593,101,101,877.0,False,unparseable task name 'task_MjU0ODU0OTQyNjc4ODAxMTg3OA=='
100_119,j_1010856,102,102,648.0,False,M64: no usable instances
100_119,j_2429119,103,1236,2726.0,False,R48_47: no usable instances
100_119,j_342953,104,104,275.0,False,unparseable task name 'task_NzkyNDcxMzE1NTQwNjk5ODkyNQ=='
100_119,j_1667543,105,105,1532.0,False,M1: no usable instances
100_119,j_4020436,107,107,153.0,False,unparseable task name 'task_LTczNTM1NDg0NDM0Nzk2MjcyMA=='
100_119,j_1385003,108,108,171.0,False,unparseable task name 'task_NjM1NzkyNTM2NTU0OTAzMzQyNg=='
100_119,j_1059081,109,109,224.0,False,unparseable task name 'task_MzAwMDc1MzkxOTUxNjE4NDk2'
100_119,j_3040582,112,112,231.0,False,unparseable task name 'task_ODAyMTAxNzkyMzU1NzU5MTUzNg=='
100_119,j_1465012,118,136,682.0,False,DAG contains a cycle
100_119,j_2237215,119,119,154.0,False,unparseable task name 'task_NTY3MTYxMzI0ODQ2MTI1OTQwMQ=='
100_119,j_4160813,100,100,157.0,False,unparseable task name 'task_NTkyMjU3ODk5Njc2OTIzMzExMA=='
100_119,j_1559566,101,170,22.0,False,J82_78_81: no usable instances
100_119,j_2349614,102,102,25.0,False,M65: no usable instances
100_119,j_567184,103,455,102.0,False,R14_13: no usable instances
100_119,j_3088650,105,105,219.0,False,unparseable task name 'task_NjEwOTUyMDc5MTU4OTc4MzU5Mg=='
100_119,j_3469283,107,107,124.0,False,unparseable task name 'task_LTExMTAxNzQ1Mjk1MjQ4NDQ3NDg='
100_119,j_746068,108,178,15.0,False,R86_12: no usable instances
100_119,j_3377784,112,112,97.0,False,unparseable task name 'task_LTM0NzU5NTc4Mzk4MDA4NzMxMzU='
100_119,j_4015961,118,136,56.0,False,DAG contains a cycle
100_119,j_379743,119,119,140.0,False,unparseable task name 'task_LTY2NDQyNzMwMDYxNzA2NDM1MzM='
100_119,j_1908736,101,164,864.0,False,R9_8: no usable instances
100_119,j_2089933,102,102,412.0,False,effective_window_infeasible: M57: processing=2.466557 > effective window=1.000000
100_119,j_3705530,103,1239,2720.0,False,R46_48: no usable instances
100_119,j_3105001,105,105,1389.0,False,"effective_window_infeasible: R24_23: non-positive effective window [183877.697018, 183786.602372]"
100_119,j_429792,108,178,18.0,False,M12: no usable instances
100_119,j_1923566,112,112,229.0,False,unparseable task name 'task_ODkzNzU4ODA5NTc4NTg4NjY3MA=='
100_119,j_2428957,118,136,648.0,False,DAG contains a cycle
100_119,j_2711808,101,101,75.0,False,unparseable task name 'task_LTI3ODQ1MTk5MTc4NjkyMzg3MTM='
100_119,j_3708257,102,102,78.0,True,maxflow_infeasible
100_119,j_1531414,103,453,126.0,False,R5_100: no usable instances
100_119,j_1161482,105,105,356.0,False,R2_1: no usable instances
100_119,j_407468,108,179,16.0,False,R86_12: no usable instances
100_119,j_2904528,112,112,195.0,False,unparseable task name 'task_NjYwOTM5MjIwNjUzOTI1ODUyNg=='
100_119,j_2583771,118,136,64.0,False,DAG contains a cycle
100_119,j_3186460,101,170,823.0,False,J41_38_40: no usable instances
100_119,j_951858,102,102,395.0,False,M21: no usable instances
100_119,j_4099400,103,1244,2686.0,False,M47: no usable instances
100_119,j_727303,105,11168,891.0,True,maxflow_infeasible
100_119,j_3458354,108,178,17.0,False,M12: no usable instances
100_119,j_2123594,118,136,594.0,False,DAG contains a cycle
100_119,j_935702,101,101,82.0,False,unparseable task name 'task_LTk3NzUyMzI5MjQ3MjI1MjM1MQ=='
100_119,j_2660702,102,102,214.0,False,unparseable task name 'task_NzIyNjgyMjIyOTc5NTQ2OTAy'
100_119,j_689927,103,455,241.0,False,R48_47: no usable instances
100_119,j_2202507,108,179,16.0,False,"effective_window_infeasible: R101_100: non-positive effective window [175349.321823, 175349.000000]"
100_119,j_3061955,118,136,64.0,False,DAG contains a cycle
100_119,j_2719076,101,101,815.0,False,unparseable task name 'task_ODQxMDA5NjM3ODY5ODcwNDA0NQ=='
100_119,j_3602489,102,102,341.0,False,M46: no usable instances
100_119,j_3798114,103,1227,2189.0,False,R46_48: no usable instances
100_119,j_2675174,108,178,17.0,False,M12: no usable instances
100_119,j_2212822,118,136,360.0,False,DAG contains a cycle
100_119,j_2891665,101,101,92.0,False,unparseable task name 'task_LTMwNjUwNTY1MjI3MDgwNTUzMjk='
100_119,j_2946923,103,457,369.0,False,R98_100: no usable instances
100_119,j_94055,118,136,70.0,False,DAG contains a cycle
100_119,j_1705748,101,101,795.0,False,unparseable task name 'task_LTUyMDQ1Nzg3NDM4Nzk0NjEyNzQ='
100_119,j_1605225,103,1235,2138.0,False,R20_19: no usable instances
100_119,j_1053726,118,136,359.0,False,DAG contains a cycle
100_119,j_1176855,101,101,113.0,False,unparseable task name 'task_LTEyMTk5MjEyMTA3NDgzNzAwMDQ='
100_119,j_3950898,103,451,656.0,False,R71_100: no usable instances
100_119,j_3734942,118,136,79.0,False,DAG contains a cycle
100_119,j_662140,101,101,765.0,False,unparseable task name 'task_MTUyNjYxMDg5OTAyMTMzNzUwMA=='
100_119,j_2818575,103,1247,1605.0,False,R49_48: no usable instances
100_119,j_1575128,118,136,337.0,False,DAG contains a cycle
100_119,j_621364,101,101,150.0,False,unparseable task name 'task_LTY1MjM0NTQxNDQ2MzE4MTUxOTA='
100_119,j_1688218,103,451,674.0,False,R27_100: no usable instances
100_119,j_1127318,118,136,81.0,False,DAG contains a cycle
100_119,j_1535577,101,101,740.0,False,unparseable task name 'task_LTUwNjk3MjYwOTIyNDQ2MTE4NTQ='
100_119,j_2712483,103,1243,1550.0,False,M92: no usable instances
100_119,j_1467454,101,101,169.0,False,unparseable task name 'task_MzM5MjI5ODUwMTg4NDYwNjUzNQ=='
100_119,j_1231762,101,101,641.0,False,unparseable task name 'task_NTc3NjE2MzM1NTA2MjE1MTA3NA=='
100_119,j_2425911,101,101,169.0,False,unparseable task name 'task_ODgzMDkzNTA5MzQ0NTk1NDk4Mg=='
100_119,j_2438062,101,101,639.0,False,unparseable task name 'task_LTM1NjE5MjU2OTQ5MTQ1MzYzMQ=='
100_119,j_3623394,101,101,171.0,False,unparseable task name 'task_ODU2Mjc5NDMzMDQ4ODUwNTI1Mg=='
100_119,j_817601,101,101,603.0,False,unparseable task name 'task_LTgwMDQ3NTM0MjUxOTI5MzY5OQ=='
100_119,j_3957172,101,101,176.0,False,unparseable task name 'task_MTMzNDA0NzkyMDExNDgzMDE1OQ=='
100_119,j_2760566,101,101,596.0,False,unparseable task name 'task_Njg0NzA3OTEzMTYwNDc2NTQzNQ=='
100_119,j_1963149,101,101,204.0,False,unparseable task name 'task_LTUzNjQxODI0MTI4NjY2ODA2MDE='
100_119,j_3155297,101,101,562.0,False,unparseable task name 'task_LTY3NzcyMDI3ODg2MzA0MTMwNzQ='
100_119,j_1978041,101,101,223.0,False,unparseable task name 'task_MTI5NTk5MjYwODg1MzY2ODc0Nw=='
100_119,j_4145148,101,101,550.0,False,unparseable task name 'task_LTExNDMyNTQ2ODU3NjY3Mjc1MTQ='
100_119,j_209787,101,162,233.0,True,maxflow_infeasible
100_119,j_1321563,101,101,509.0,False,unparseable task name 'task_LTIxNDM2NDEzMzE0MjY2MDY3MTY='
100_119,j_134558,101,101,235.0,False,unparseable task name 'task_NDIwMjY5MjQ3OTI2NjQyNzcxNw=='
100_119,j_520868,101,101,488.0,False,unparseable task name 'task_LTc0MTY4MTc5MjU2MTkwMTU4ODI='
100_119,j_165929,101,101,241.0,False,unparseable task name 'task_LTE3Nzc3NTc1NjUyOTY5NTA0Mjg='
100_119,j_771036,101,101,446.0,False,unparseable task name 'task_LTkwNzU3MjA3MDU1MzM1Mjg2Mzg='
100_119,j_4179575,101,101,257.0,False,unparseable task name 'task_LTEwNDM5MjQ1ODY4NDc3NTg1OTU='
100_119,j_1389217,101,171,445.0,False,R69_68: no usable instances
100_119,j_2926445,101,175,257.0,True,maxflow_infeasible
100_119,j_654059,101,101,438.0,False,unparseable task name 'task_Nzg4MTgyMzI1NDAyOTg3NDI1Nw=='
100_119,j_3803128,101,101,263.0,False,unparseable task name 'task_LTI4NDQ1NjA2MTQ3MjQ4OTU3NzU='
100_119,j_2392011,101,101,427.0,False,unparseable task name 'task_MjMwMDc2OTc4NjM1OTkwNTc2NQ=='
100_119,j_2187670,101,175,275.0,True,maxflow_infeasible
100_119,j_1441822,101,101,427.0,False,unparseable task name 'task_LTgwMzM3MTU1NTE1OTMxMDA2NjI='
100_119,j_3830809,101,101,338.0,False,unparseable task name 'task_MzI2NjkxNDIxNjIyMTczNTY1NA=='
100_119,j_3749590,101,175,415.0,False,R2_7: no usable instances
100_119,j_1870705,101,101,341.0,False,unparseable task name 'task_LTgxMzg1ODQwMzg3NTY4MTA3NDM='
100_119,j_4154238,101,101,411.0,False,unparseable task name 'task_NDk0OTQ0Nzk1Mjc1MDk5MDgwNA=='
100_119,j_634310,101,101,380.0,False,unparseable task name 'task_MjI0MTcwNTQ4NDEyMjE2MTc3Mg=='
100_119,j_727880,101,101,401.0,False,unparseable task name 'task_LTg1MzExMTgyMzY4MzE5ODg2NjE='
120_139,j_1763752,120,120,150.0,False,unparseable task name 'task_NzMyNTgzOTM2MTkwNTY1MDg0Mg=='
120_139,j_3424921,121,121,141.0,False,unparseable task name 'task_MjQ2ODM4MTE3MzgzMTE4MzkwOQ=='
120_139,j_3754413,123,123,210.0,False,unparseable task name 'task_LTQyMjM1NjA3MDM0ODc4MTA3OTE='
120_139,j_3730643,124,124,100.0,False,unparseable task name 'task_MTQ3MDE4ODM2MzIzMDU4OTg0'
120_139,j_333224,125,125,294.0,False,unparseable task name 'task_MjgxODEzNTQ5ODU1NzI0NTEzMw=='
120_139,j_4031030,126,126,77.0,False,unparseable task name 'task_LTYyNTcwNjg1OTU1NTc1MzU2MQ=='
120_139,j_1696245,127,157,144.0,False,R47_44: no usable instances
120_139,j_207899,128,128,59.0,False,unparseable task name 'task_NjMxMDE1NjAxNDAyNDM3Nzk1Mw=='
120_139,j_58887,129,129,55.0,False,unparseable task name 'task_MzY2MzIzNDg0Mjc0MzQ5MzExMw=='
120_139,j_164597,130,130,60.0,False,unparseable task name 'task_LTQ5MTk5Mzc5NzIwOTM2ODYyODc='
120_139,j_2520627,131,366,481.0,True,maxflow_infeasible
120_139,j_335814,120,4513,5634.0,False,"effective_window_infeasible: M1: non-positive effective window [372333.000000, 371998.781044]"
120_139,j_129953,121,121,1619.0,False,unparseable task name 'task_NDc1NTc0Mzk0MzY0NDYyMTc3OQ=='
120_139,j_3507897,122,122,1378.0,False,unparseable task name 'task_MjQwMjU4OTQzMTEwODY0MDkwNw=='
120_139,j_1948559,124,2853,2132.0,False,R16_15: no usable instances
120_139,j_3846217,126,14081,800.0,True,maxflow_infeasible
120_139,j_1218850,127,157,864.0,False,R53_48: no usable instances
120_139,j_207236,128,291,1454.0,False,R68_67: no usable instances
120_139,j_2132634,129,129,785.0,False,unparseable task name 'task_LTIwMDIyMTk4NjM1NjAyMjE5MjU='
120_139,j_1963225,130,130,1391.0,False,unparseable task name 'task_LTI3MzY2MjQzOTU5NTcwNzY1Mzc='
120_139,j_2293858,131,438,539.0,True,maxflow_infeasible
120_139,j_2477754,134,134,180.0,False,unparseable task name 'task_LTE3ODI0OTA3NjQ0NDYwNDkxMjM='
120_139,j_2771710,120,120,512.0,False,unparseable task name 'task_LTY2NTI2NTE4MTM3MzM3MTMzNjU='
120_139,j_1873167,121,121,143.0,False,unparseable task name 'task_LTE0MTc2MTY2NTIxNjU1MzMzMTY='
120_139,j_1426893,124,2856,786.0,False,R45_44: no usable instances
120_139,j_3722956,126,12037,676.0,True,maxflow_infeasible
120_139,j_1670834,127,127,180.0,False,unparseable task name 'task_MjU3MjI5NTg3MzkyMTgyNzQ3NA=='
120_139,j_776005,128,128,73.0,False,unparseable task name 'task_LTMzNjg2Mzc4NTA0MzU4MDQ1MQ=='
120_139,j_27257,129,129,58.0,False,unparseable task name 'task_MjI1NzI1Nzk5MDE0NzYyMzQ5Nw=='
120_139,j_2761413,130,130,111.0,False,unparseable task name 'task_LTEzNTAwODc1MDYwNjU4MjkzOTM='
120_139,j_434308,131,534,485.0,True,maxflow_infeasible
120_139,j_143178,120,4654,3860.0,False,"effective_window_infeasible: R79_5: non-positive effective window [457895.861724, 457696.000000]"
120_139,j_3497416,121,121,1385.0,False,unparseable task name 'task_LTg4NzUyMDMyMTgwODU3MDkwOTc='
120_139,j_2804281,122,122,632.0,False,unparseable task name 'task_MTA4MDQ5Nzg0MzQ5Mjk1ODY5Mw=='
120_139,j_1262322,124,2852,1964.0,False,R84_83: no usable instances
120_139,j_2355161,126,21466,748.0,True,maxflow_infeasible
120_139,j_37816,127,331,657.0,False,R61_60: no usable instances
120_139,j_3002770,128,128,822.0,False,unparseable task name 'task_LTk2ODgxMzIzOTcyNjE3NzI1OQ=='
120_139,j_3131134,129,129,536.0,False,unparseable task name 'task_NzM4MzE2NDg4ODQzOTA2NDc1NA=='
120_139,j_3090611,134,134,38.0,False,R110_132: no usable instances
120_139,j_2244162,120,4310,940.0,True,maxflow_infeasible
120_139,j_1910666,121,121,151.0,False,unparseable task name 'task_Nzk2MjAzNjkzOTc1NDI5NDI3MA=='
120_139,j_2865455,124,2861,1056.0,False,R84_83: no usable instances
120_139,j_875526,127,1426,210.0,True,maxflow_infeasible
120_139,j_3747738,128,128,77.0,False,unparseable task name 'task_LTEwNjkxOTgwMjI1NzUyNjk3'
120_139,j_618412,129,129,74.0,False,unparseable task name 'task_LTc5NTMyNTgwNTM3MDY4OTY0Njk='
120_139,j_2401381,134,134,8.0,False,R107_132: no usable instances
120_139,j_457821,120,4412,1795.0,False,effective_window_infeasible: J5_1_4: processing=404.477334 > effective window=378.000000
120_139,j_52296,121,121,1348.0,False,unparseable task name 'task_LTIyMjkxOTMzMzcyNTY3OTkwNTI='
120_139,j_2982900,122,122,534.0,False,unparseable task name 'task_NTc5OTI4MjM4MTEyNTUyMDc3OA=='
120_139,j_2157880,124,2856,1832.0,False,M44: no usable instances
120_139,j_2651263,127,355,496.0,False,R89_88: no usable instances
120_139,j_3616900,128,299,771.0,False,R68_67: no usable instances
120_139,j_169875,129,129,232.0,False,unparseable task name 'task_MjM5OTc3MjQyOTM5MzE2MTkxOQ=='
120_139,j_1683196,120,4298,1222.0,True,maxflow_infeasible
120_139,j_1940487,121,121,154.0,False,unparseable task name 'task_MzU5MjMzNjE0Njk5OTYyNjE3Ng=='
120_139,j_4046204,122,242,10.0,False,R72_120: no usable instances
120_139,j_2329901,124,2852,1305.0,False,M44: no usable instances
120_139,j_959064,128,128,86.0,False,unparseable task name 'task_LTQ1NTg2MzYwNTQ2NjIwOTgxMzg='
120_139,j_947640,129,129,74.0,False,unparseable task name 'task_LTU0NzMwMzcxNzE3MjgzMzA0MTM='
120_139,j_2455958,120,4335,1707.0,True,maxflow_infeasible
120_139,j_1252521,121,121,1346.0,False,unparseable task name 'task_LTI1NTIxODk1OTg3NDI1NDI2ODg='
120_139,j_1038717,124,2854,1734.0,False,J2_35: no usable instances
120_139,j_764383,127,357,410.0,True,maxflow_infeasible
120_139,j_2032419,128,294,543.0,False,R16_15: no usable instances
120_139,j_2223480,129,129,196.0,False,unparseable task name 'task_LTYzODQ3NzQwNTg5MjQwMDg1MjM='
120_139,j_4079909,120,4347,1237.0,True,maxflow_infeasible
120_139,j_4162262,121,121,162.0,False,unparseable task name 'task_MTYzNjg5NDI2NzI4NTI4NTUyOA=='
120_139,j_2372657,127,147,228.0,False,J43_6_35_40_41_42: no usable instances
120_139,j_2131975,128,128,129.0,False,unparseable task name 'task_NjQyMjI3NjAyOTg5NTU0Njg0OA=='
120_139,j_945006,129,129,75.0,False,unparseable task name 'task_LTY3MjE4NTg4MTUzODU4NDUzNTM='
120_139,j_128282,121,121,1272.0,False,unparseable task name 'task_MzExNjM0NDc4Mzc1MjQ2MjUxNw=='
120_139,j_3607995,128,294,411.0,False,R126_125: no usable instances
120_139,j_1494407,129,129,186.0,False,unparseable task name 'task_MTUxNjAwMDYxMTc1NjQ2NzEyMQ=='
120_139,j_3719136,121,121,166.0,False,unparseable task name 'task_MTc4MTQ3OTA0MzU3NzI5NDgyMg=='
120_139,j_3518797,127,519,326.0,True,maxflow_infeasible
120_139,j_2247658,128,128,143.0,False,unparseable task name 'task_NzI3NzQ0NDkwMDA2NTc0MjU2Nw=='
120_139,j_3903140,129,129,75.0,False,unparseable task name 'task_LTY5NTg4ODY3NTc2NDMyNDg0NDI='
120_139,j_696763,121,121,1255.0,False,unparseable task name 'task_OTEwMDM0NDgwNDAzMjk1MzQzMA=='
120_139,j_1358240,128,302,385.0,False,R22_21: no usable instances
120_139,j_738882,129,129,175.0,False,unparseable task name 'task_LTc2MTEzNjU5NTc2NzIxNDU3MTQ='
120_139,j_1831694,121,121,173.0,False,unparseable task name 'task_LTY4NTE2OTQ0Nzk0NTcxNjMxNjc='
120_139,j_459173,128,128,183.0,False,unparseable task name 'task_LTI3MTIyNjczMjgzMjM1OTUxNA=='
120_139,j_3075351,129,129,80.0,False,unparseable task name 'task_LTY4MzI4MTMwNjE2NjUyNTI3OTk='
120_139,j_3082864,121,121,905.0,False,unparseable task name 'task_NTMxMDg4NzkzMDcwMTAwMTEwNQ=='
120_139,j_2477993,128,128,264.0,False,unparseable task name 'task_LTQ2NjYwMjA5MDAzMzQ5MzAxNzI='
120_139,j_3467711,129,129,173.0,False,unparseable task name 'task_LTYzNTA0ODYxMTEwMDIwOTcxMDg='
120_139,j_703835,121,121,175.0,False,unparseable task name 'task_ODUwMTgyNDk4NzYyNzU0NTYxOA=='
120_139,j_2821693,127,427,344.0,True,maxflow_infeasible
120_139,j_3780113,128,128,186.0,False,unparseable task name 'task_NDQxNjU2NzQwMzE4MzE4Mjg1Mg=='
120_139,j_3075072,129,129,82.0,False,unparseable task name 'task_MjkyNzM2NTg0MTUwOTgwMTk2OQ=='
120_139,j_1362593,121,121,739.0,False,unparseable task name 'task_LTY4NTAyNDk0MjAyNTM2OTI2MzY='
120_139,j_491594,128,128,252.0,False,unparseable task name 'task_MjUxNzgzNTI1NDY3MzE1OTQ2NQ=='
120_139,j_17075,129,129,168.0,False,unparseable task name 'task_Mzc1NDI5NDIzNjI0Njk5MTM0MA=='
120_139,j_2369182,121,121,178.0,False,unparseable task name 'task_LTcyMDcyNDQ5MzE3ODc4NTA2MDU='
120_139,j_1455500,128,128,195.0,False,unparseable task name 'task_LTgzNDQ2MzE3OTE0MzI3MDQzMDU='
120_139,j_3000362,129,129,83.0,False,unparseable task name 'task_LTM0ODgxNTA2Nzk5MzQ1Nzc2OTY='
120_139,j_2294940,121,121,707.0,False,unparseable task name 'task_LTI3NDUyOTU0MDI5MzM2NTcxMTM='
120_139,j_1769591,128,298,219.0,False,R88_30: no usable instances
120_139,j_27617,129,129,165.0,False,unparseable task name 'task_ODcxMzg2NDI4NTIzMjA4NTg2Mw=='
120_139,j_2305078,121,121,209.0,False,unparseable task name 'task_MTA5NTU3NDIyOTUwNjAxNzkxMg=='
120_139,j_1863660,128,128,195.0,False,unparseable task name 'task_NjkyNTQzMDc1NTcyNDA1NjY5Ng=='
120_139,j_2507689,129,129,84.0,False,unparseable task name 'task_NzA2Mzk0MjAzMzYwOTI5Mjc3MA=='
120_139,j_1566251,121,121,645.0,False,unparseable task name 'task_LTMwMjUwNTg4NjU1OTg1NjkyNzk='
120_139,j_1235219,128,128,209.0,False,unparseable task name 'task_LTM4ODMwMjcyNDExNzY2MTA4Mjg='
120_139,j_397568,129,129,159.0,False,unparseable task name 'task_NzY0NTg3ODgzNjI5ODQ0OTI0Ng=='
120_139,j_1604021,121,121,232.0,False,unparseable task name 'task_LTgwMjM1ODU4MTE0MDMwMjU5NjU='
120_139,j_58818,128,128,199.0,False,unparseable task name 'task_LTg4Mzg0NjgxNzQyOTA2ODE4Mjk='
120_139,j_120633,129,129,87.0,False,unparseable task name 'task_MzIyNjA1MTgzNTI2NjA5MTk3'
120_139,j_2478962,121,121,576.0,False,unparseable task name 'task_NTM5NDYzOTQxODg4MTQwNjcyOQ=='
120_139,j_1832886,128,295,200.0,False,R79_27: no usable instances
120_139,j_2646449,129,129,154.0,False,unparseable task name 'task_LTkxOTMzNjczNjc2NjA5NDQ0MjM='
120_139,j_1323105,128,303,199.0,False,R81_40: no usable instances
120_139,j_2782456,129,129,87.0,False,unparseable task name 'task_LTM0MDc2Mzc4MjQ4NDUyODM3NjY='
120_139,j_246789,129,129,148.0,False,unparseable task name 'task_NjkwMjM4MTYxMjM0OTE5MjM0'
120_139,j_3929877,129,129,104.0,False,unparseable task name 'task_NTE5MTEyOTI2MDExODcxNTk4NQ=='
120_139,j_2187585,129,129,126.0,False,unparseable task name 'task_MTY1NDMxMDQzODYxODA2NTIwOA=='
120_139,j_244475,129,129,105.0,False,unparseable task name 'task_NzI0MDkzMjU4MTI2NTQwMTc1Mg=='
120_139,j_3211666,129,129,115.0,False,unparseable task name 'task_LTM0OTczMzMyNzEyNTI4NDk2MDU='
140_300,j_295238,140,140,89.0,False,unparseable task name 'task_NTE3MDYyNTM4NDM0Mzc0NDI0OA=='
140_300,j_1019218,142,142,99.0,False,unparseable task name 'task_NDQ3ODY5Mzg2ODM3Nzc1NTAzMQ=='
140_300,j_2658983,146,347,13.0,False,M145: no usable instances
140_300,j_1124255,147,147,294.0,False,unparseable task name 'task_LTk4MzA5MTQ5Njg0OTc1NjQ4'
140_300,j_2236621,148,148,309.0,False,unparseable task name 'task_LTU4NTEzNzE3Mzg5MDI5NDA2'
140_300,j_3271123,150,150,596.0,False,unparseable task name 'task_LTg4MzkzNDg3NzI4MzEyMjI0MzQ='
140_300,j_3295318,153,153,110.0,False,unparseable task name 'task_OTE2NzU5MzMzOTQ2NzEyMDg2NQ=='
140_300,j_3771996,154,154,1932.0,False,unparseable task name 'task_Mjg5NTM0MTM5MjE3MDI5NDcwNA=='
140_300,j_3638264,160,160,117.0,False,unparseable task name 'task_MjY4NzI5OTU3ODA3NDY4MzkyOA=='
140_300,j_1870878,160,160,175.0,False,unparseable task name 'task_LTg5NjkxOTIxNDUxNzg4NTIyNDM='
140_300,j_3126832,164,164,412.0,False,unparseable task name 'task_LTkzODU1MDM5MTY2NjQxNDY5Mg=='
140_300,j_2303630,168,168,82.0,False,unparseable task name 'task_NTE5MzM2NjE5MTg5NzAwNTY2'
140_300,j_2468444,170,170,478.0,False,unparseable task name 'task_LTkwNTE5MDAxODcyNzk5NzAxMjY='
140_300,j_3133931,171,171,673.0,False,unparseable task name 'task_LTEzNzk1MTg3ODA0NzM1Nzg1NzA='
140_300,j_1470972,177,177,921.0,False,unparseable task name 'task_LTY1NzE5NTM3NzgwNTM5NjU3NzA='
140_300,j_371741,179,179,199.0,False,unparseable task name 'task_LTgxMTQ0OTI3NTMzMzUxMTQxMTE='
140_300,j_365182,186,186,138.0,False,unparseable task name 'task_Mzk5Mjk1MDAwMjA0Njg3MzMyMQ=='
140_300,j_1025655,189,951,80.0,False,"effective_window_infeasible: R187_186: non-positive effective window [232476.060498, 232458.000000]"
140_300,j_3318277,189,189,124.0,False,unparseable task name 'task_NDc4ODA3MjMzNjE4NzY1NzA0MA=='
140_300,j_3007294,191,191,88.0,False,unparseable task name 'task_LTM2NTI0MzE3MzU4NjQwNTA3Mzc='
140_300,j_3718191,191,191,88.0,False,unparseable task name 'task_LTQ5NTM0NTk4MTU0MTUwNzkyMDY='
140_300,j_272090,191,191,158.0,False,unparseable task name 'task_MjY5OTEwNjI5Mzg5NjIzMzgzMA=='
140_300,j_722999,192,192,227.0,False,unparseable task name 'task_LTI5NzI1NzEyNzI0NzgwNDcyNg=='
140_300,j_3087279,192,192,802.0,False,unparseable task name 'task_LTcwMzA4NTUyNTMxMjM3MzM0OTY='
140_300,j_1818337,193,193,81.0,False,unparseable task name 'task_MjY2NDY5MDY5NzQ0ODA2MDk2NQ=='
140_300,j_1434225,193,193,85.0,False,unparseable task name 'task_LTU0OTU0NDY4MzQ0MzQ0NjE2NzE='
140_300,j_2965888,193,193,85.0,False,unparseable task name 'task_LTE2ODU5MjIwMjI4Mjk0Njg0NzM='
140_300,j_3510104,193,193,90.0,False,unparseable task name 'task_LTE2MDYzNTAyMTM5OTkzNzIyODY='
140_300,j_704924,193,193,91.0,False,unparseable task name 'task_NjMwMjI4Mjk0NjIwNzY0MDE4OA=='
140_300,j_897101,193,193,92.0,False,unparseable task name 'task_LTQzNTkxMjIwMzA1MTQ3NzIwMTM='
140_300,j_2919659,193,193,111.0,False,unparseable task name 'task_MjY4NjIzMjYzMjAzMzI2MDkzNQ=='
140_300,j_2719667,193,193,125.0,False,unparseable task name 'task_LTYyNzg3NzM2OTg1Mzc4OTUxNDY='
140_300,j_2907778,193,193,263.0,False,unparseable task name 'task_NjMyOTUzNDAzNTUxMDU5NjI4NQ=='
140_300,j_2460998,194,194,196.0,False,unparseable task name 'task_Mjg0MzcxMTE5ODA3ODY3NDI4NA=='
140_300,j_1514537,195,195,8333.0,False,unparseable task name 'task_LTQ0NDYzMjc1NTEzMTI5MDIwNzM='
140_300,j_934541,196,196,5425.0,False,unparseable task name 'task_NTM4OTUwNDg2MDk2ODc5ODgxOA=='
140_300,j_2229640,198,198,87.0,False,unparseable task name 'task_MjU4MjI1Nzk0NTk2MDc5NTIwNA=='
140_300,j_4108151,199,1008,92.0,False,M80: no usable instances
140_300,j_1787378,199,1004,98.0,False,M159: no usable instances
140_300,j_3989171,203,960,72.0,False,R81_80: no usable instances
140_300,j_2842133,209,209,93.0,False,unparseable task name 'task_LTg4NDE2MTc4MjYxMjA4OTAzNjI='
140_300,j_606972,210,210,87.0,False,unparseable task name 'task_NzA3OTYwNTczMzY4ODMzNzQ3Nw=='
140_300,j_575163,212,212,243.0,False,unparseable task name 'task_LTg5NzkzMjYwMDA5OTUwNjU3MzI='
140_300,j_2815046,213,213,109.0,False,unparseable task name 'task_LTQxMjMyMzI0NDI0NTk2NDIzNjk='
140_300,j_1468741,215,215,265.0,False,unparseable task name 'task_LTI1NTEwNDk2Mjg3OTIwMzUxMDI='
140_300,j_1078501,226,226,905.0,False,unparseable task name 'task_LTg3NzEwNDAyNTYyNTI3MDE0NDI='
140_300,j_3260175,239,239,63.0,False,unparseable task name 'task_LTg3MzExMjM0NDg2NzU0ODQzNjk='
140_300,j_3358281,239,239,180.0,False,unparseable task name 'task_LTcwMDIyNTQ2MzgzODA2MjQ3Ng=='
140_300,j_577523,240,240,96.0,False,unparseable task name 'task_LTQzMTY3NTYyNjA5NzMyNDU2NTg='
140_300,j_4188013,246,246,191.0,False,unparseable task name 'task_MzQ0NzkzNDkyNDE5MDg3OTYxNQ=='
140_300,j_1586807,254,254,90.0,False,unparseable task name 'task_LTc3MDkxNTc2OTUzODI1MTUxOTc='
140_300,j_2963999,255,255,218.0,False,unparseable task name 'task_LTI5OTgxNzE2MzQ1MjQxODUzMzI='
140_300,j_3371273,256,256,279.0,False,unparseable task name 'task_LTMxNjQyNjQ1NDY0MDYzNTkzOTc='
140_300,j_1184548,258,258,107.0,False,unparseable task name 'task_NzY1Mzg1MDg5NzEzMzc1NzE='
140_300,j_2842465,259,259,119.0,False,unparseable task name 'task_LTQ3OTk2OTQ3NTQ4MDg1MDM5MDM='
140_300,j_1026006,259,259,138.0,False,unparseable task name 'task_LTQzNDAxMzg3NzYwNDk5MzI1ODE='
140_300,j_592419,260,260,137.0,False,unparseable task name 'task_LTI3MzY4Mjg0NzQzMTcxMjgwNzk='
140_300,j_2821027,260,260,119830.0,False,unparseable task name 'task_LTYyNDIzNDczNTk0ODgyMjk1NzE='
140_300,j_548219,262,262,119551.0,False,unparseable task name 'task_ODA5OTIyNDU0NDY4NzM0NzMzNg=='
140_300,j_3771682,264,264,117991.0,False,unparseable task name 'task_LTU1MzU2MzgyNjYzODM5MzQ1OTg='
140_300,j_4030264,266,266,144.0,False,unparseable task name 'task_LTE4NTM5MzAyMjA3NTQ1OTk3OTI='
140_300,j_230243,266,266,157.0,False,unparseable task name 'task_LTc0Njk5Njg0MjQ0NjQzMDQwNDc='
140_300,j_2872540,281,281,92.0,False,unparseable task name 'task_MzQ0OTA5NTAwMDg5NTMwNzY2NA=='
140_300,j_1624335,298,298,89.0,False,unparseable task name 'task_LTQxODAxOTAwMTgzMzkwMTIyNzY='
301_500,j_1751026,301,301,61.0,False,unparseable task name 'task_LTgzMjc3NDAwNzYyOTY2MDA0MzE='
301_500,j_2157581,301,301,62.0,False,unparseable task name 'task_LTEzMDc5MTg3ODA0MjE2MDQzOQ=='
301_500,j_1665325,301,301,63.0,False,unparseable task name 'task_LTIwMTIxNzQ4OTQwMzAxODIzODU='
301_500,j_3823766,301,301,68.0,False,unparseable task name 'task_LTEwMDUwNTI1MTA5MjMwODU1OTk='
301_500,j_17560,301,301,70.0,False,unparseable task name 'task_MTExNjQyOTQzMjIzMjIyMjE3OQ=='
301_500,j_3878436,301,301,72.0,False,unparseable task name 'task_MzM2NjIxMDAzNzM0NjkyMjg4MQ=='
301_500,j_2230981,301,301,73.0,False,unparseable task name 'task_NzY0NDczNjYzMDgxMDcxMDc0Mg=='
301_500,j_4183749,301,301,74.0,False,unparseable task name 'task_LTU1MDM3ODg2MzcwMDgyNzM5MDQ='
301_500,j_916111,301,301,75.0,False,unparseable task name 'task_LTcxMjYwNDA5MzAyNTY5OTkyMw=='
301_500,j_139493,301,301,78.0,False,unparseable task name 'task_LTc5MjI1OTgxNDIyMDA0MzA0MDA='
301_500,j_383312,301,301,78.0,False,unparseable task name 'task_Mjc3NzUyNzA4NDc0ODQyNzE1NQ=='
301_500,j_946660,301,301,78.0,False,unparseable task name 'task_LTEyNjc2Njk0Nzc1Njk0Mjk2MjA='
301_500,j_244400,301,301,79.0,False,unparseable task name 'task_LTg5MjQyMDIyMDA5OTI1OTgxNjM='
301_500,j_1138672,301,301,87.0,False,unparseable task name 'task_NTIxMjA4NTAzMDMyNTU4Mzc0Ng=='
301_500,j_2705242,301,301,97.0,False,unparseable task name 'task_LTQyODUzMTczNDQxMzQ0Nzg0NTc='
301_500,j_2928119,301,301,172.0,False,unparseable task name 'task_NzQxMjU0NTU1NjMzNTc0MTQ3Mw=='
301_500,j_3786427,302,302,92.0,False,unparseable task name 'task_MzMzMTk1NTUzMTg0NzU4ODYxNg=='
301_500,j_2070232,302,302,101.0,False,unparseable task name 'task_LTg4Nzg0MjYwMDI4NDk2ODIwMzA='
301_500,j_3756068,308,308,274.0,False,unparseable task name 'task_NzEzNDU2MzA3MjUyNjA3ODQwOA=='
301_500,j_2942899,320,320,139.0,False,unparseable task name 'task_LTUzNjY2MDE1MDI2MzM1NzQ4OTk='
301_500,j_769395,320,320,166.0,False,unparseable task name 'task_LTgwNTg1NTY2MjU4MzkxMDM3NzU='
301_500,j_895234,321,321,152.0,False,unparseable task name 'task_LTI0NjU0NDYzMTc1MzI1MDY4Nzc='
301_500,j_713547,330,330,223.0,False,unparseable task name 'task_ODY2NTk5MjEwNjM1MTQzMjk1MA=='
301_500,j_2410371,335,335,441.0,False,unparseable task name 'task_NTcyODQ2MjMyMjM4MDYwNzc3Ng=='
301_500,j_2983296,337,337,213.0,False,unparseable task name 'task_LTczNTExMzg1ODMxNzc3Mjc2Nzg='
301_500,j_3522799,371,371,171.0,False,unparseable task name 'task_NDIyMjA5OTk1MzM3MjA1NTcwNA=='
301_500,j_3619101,374,374,166.0,False,unparseable task name 'task_LTEzMzY2NzI5ODkyOTA3MzQxMTc='
301_500,j_1361890,382,382,147.0,False,unparseable task name 'task_LTYyNDcyMDk1OTc5MjA0MDU3OTU='
301_500,j_3753801,387,387,1002.0,False,unparseable task name 'task_Mjk1NjUxOTkyNTMzMzg4MTA0Mg=='
301_500,j_437576,391,391,915.0,False,unparseable task name 'task_LTQ3NTQ4ODI0ODU0MTAxOTE3MDc='
301_500,j_2926466,393,393,723.0,False,unparseable task name 'task_LTgyNjg3OTI3MTA0NDMzNjg3NTk='
301_500,j_3166034,400,400,1819.0,False,unparseable task name 'task_MzI5MTM2ODU4MjUxODI0MTkxOA=='
301_500,j_3299219,413,413,210.0,False,unparseable task name 'task_MzM3NzIxMTgxMjAwNzE3NTgyNA=='
301_500,j_2061509,425,425,537.0,False,unparseable task name 'task_LTQwMTQ4NzAxODUzMjQwMjgyNTQ='
301_500,j_133706,433,433,366.0,False,unparseable task name 'task_OTE3ODI4ODg5ODYzOTA0NzQ1NA=='
301_500,j_1245268,434,434,170.0,False,unparseable task name 'task_MjIxMjk3MTY0MDg1NTk0MTA3Ng=='
301_500,j_3062375,437,437,180.0,False,unparseable task name 'task_Njk2NzIyOTg4NTk3ODE1NDczNg=='
301_500,j_354642,438,438,210.0,False,unparseable task name 'task_ODk5ODAyMzc1NzU4Mzc4NTM2NQ=='
301_500,j_3185445,438,438,1583.0,False,unparseable task name 'task_NzU0MjYyODM5ODk5MDE0MzIzNg=='
301_500,j_1438354,440,440,172.0,False,unparseable task name 'task_LTE3OTE4ODY4MjcwNTgzMDQ3OTI='
301_500,j_3245078,442,442,190.0,False,unparseable task name 'task_OTYzOTY5MzU0NjA5MTUwMjM4'
301_500,j_2530149,443,443,169.0,False,unparseable task name 'task_NzMxMjg5NDE2MDIyMjE1MTM5Nw=='
301_500,j_2626962,444,444,242.0,False,unparseable task name 'task_NjM5MTI2OTM1NDkyODE1NjY2OQ=='
301_500,j_3631827,450,450,573.0,False,unparseable task name 'task_LTIwNTQxMDI0NTUyMjYyOTM0MjE='
301_500,j_489208,456,456,591.0,False,unparseable task name 'task_LTUwMTYyMjgwMDg1NzgwNDk5MTA='
301_500,j_2841932,461,461,434.0,False,unparseable task name 'task_MjM4MzM0MjA3NTA2MDQxNjU4Nw=='
301_500,j_651125,470,470,183.0,False,unparseable task name 'task_MTI1NjQ3MTg5MTUwMTY5ODUx'
301_500,j_1243415,476,476,194.0,False,unparseable task name 'task_Mzg2Njk3Mzg4MjQ1MzAzOTUzNA=='
301_500,j_3474306,481,481,179.0,False,unparseable task name 'task_LTc3MTI3MjQzMTEzMTI0NzE2Nw=='
301_500,j_3028290,490,490,191.0,False,unparseable task name 'task_LTI3MTU4MzU0NzE4ODcxMDc3ODc='
301_500,j_652317,492,492,409.0,False,unparseable task name 'task_LTE3ODkwMDkxNDY3ODYwOTkwODQ='
501_750,j_480420,521,521,221.0,False,unparseable task name 'task_LTUwNjg5ODE3NDQxNDc4OTk4MTU='
501_750,j_1187176,608,608,263.0,False,unparseable task name 'task_NDkyOTE5OTU4MjM2NjMyNDA1Ng=='
501_750,j_550665,626,626,261.0,False,unparseable task name 'task_MzAxOTQ0NTIwODE4NTE3MzYzMg=='
501_750,j_4050373,633,633,776.0,False,unparseable task name 'task_NzkyMTI4NjgwOTA3MjM0NDAwNw=='
501_750,j_2449293,640,640,1015.0,False,unparseable task name 'task_MzQ0NjUwMzU5NzgzNjQyODExOA=='
501_750,j_3696793,646,646,325.0,False,unparseable task name 'task_LTYxNjk2MzkxMjIyMDY0NTkyNjQ='
501_750,j_2513261,662,662,285.0,False,unparseable task name 'task_ODY5MDIxODQzMzU3MjAyODQ2Nw=='
501_750,j_3997754,706,706,267.0,False,unparseable task name 'task_ODI0NDkxOTQwNTQ0ODA4NjE0OQ=='
501_750,j_3221868,734,734,326.0,False,unparseable task name 'task_LTMyMDAzMjQ5MTg3NjYyODkxNg=='
751_1000,j_1488578,764,764,636.0,False,unparseable task name 'task_NDY4OTAwODE1ODQ0NDgxNDU0MA=='
751_1000,j_1076740,801,801,336.0,False,unparseable task name 'task_MjQyMjIwODcyODA0MjAwMjk1Nw=='
751_1000,j_214434,827,827,356.0,False,unparseable task name 'task_MzMyMTM1NzkyOTM2OTQzMjE4Mw=='
751_1000,j_1364642,828,828,350.0,False,unparseable task name 'task_LTkxODY4NTU2MDYwODk1NzgxMDc='
751_1000,j_369808,830,830,402.0,False,unparseable task name 'task_LTQzMzAwNDc1Nzk1NDIzNjcwNzQ='
751_1000,j_389036,831,831,625.0,False,unparseable task name 'task_MTYxMzc5MzgyNDY2MjY4NzY3OA=='
751_1000,j_1555548,835,835,348.0,False,unparseable task name 'task_MTM4MDkxOTU0MzE1ODQ5ODAz'
751_1000,j_502847,840,840,354.0,False,unparseable task name 'task_LTUwNDE5NjM3ODcxMDM4NDQ3OA=='
751_1000,j_3146497,844,844,368.0,False,unparseable task name 'task_LTMwNjEzNjE3MTQ1NjI5MTUxNzA='
751_1000,j_2933505,865,865,805.0,False,unparseable task name 'task_LTYzMzk3MjgxOTA2MDM1ODc4NTQ='
751_1000,j_1576568,866,866,346.0,False,unparseable task name 'task_LTE3MzU0NzgzNDU5MTA5MTg5NzA='
751_1000,j_3984725,867,867,430.0,False,unparseable task name 'task_NjA2MTEwMzAxNjM1NTE1OTQ1'
751_1000,j_1529411,869,869,894.0,False,unparseable task name 'task_NTk1OTU4NTIwNTUwODI2MDUzNw=='
751_1000,j_1901473,870,870,794.0,False,unparseable task name 'task_NzQ2NTY2NDA4NTk5MDE4NDM4Mw=='
751_1000,j_2792532,883,883,354.0,False,unparseable task name 'task_MzM0NjM5NTc5NDIyNzU2Nzk4NQ=='
751_1000,j_2148768,884,884,356.0,False,unparseable task name 'task_LTMzOTgxOTU4NTI2NjAxMDE3NzY='
751_1000,j_2222475,888,888,370.0,False,unparseable task name 'task_LTQ1MTcxNDMxODE4MDU1MjE1MjE='
751_1000,j_3418738,890,890,936.0,False,unparseable task name 'task_LTc1NjkxNzA0MzgzMzU2NjIzNzg='
751_1000,j_2860723,933,933,376.0,False,unparseable task name 'task_MzM0OTU4NzM2NzM5NDI5MTM2MA=='
751_1000,j_2017048,934,934,360.0,False,unparseable task name 'task_LTkyMDUxNTc4MjkzNzQ2MjIwMzc='
751_1000,j_1532116,938,938,398.0,False,unparseable task name 'task_NzI3ODE2NDI0NDQ0MjM5NjY1NA=='
751_1000,j_3453541,939,939,399.0,False,unparseable task name 'task_NjEwMjUyNzIxNDMxMzU2ODk1Mw=='
751_1000,j_2532330,949,949,1907.0,False,unparseable task name 'task_NzczMTY4NTY5NTU3MzU3ODMwNQ=='
751_1000,j_4142419,968,968,1959.0,False,unparseable task name 'task_Mzc2NzQwOTg2MzQ5NTY5NDQ0Mg=='
751_1000,j_4107461,999,999,367.0,False,unparseable task name 'task_LTQ0NzY5Mjc0MjAyODQwMTA3MTM='
1001_plus,j_1651717,1002,1002,366.0,False,unparseable task name 'task_MTU0MDAyMDUwNjE5OTQ3ODYwMg=='
