util_min,util_max,green_min,green_max,util_mid,green_mid,util_label,green_label,reuse_mean_ms,restart_mean_ms,mincost_mean_ms,restart_over_reuse_mean_ratio,mincost_over_reuse_mean_ratio,pass1_flow_fraction,pass2_flow_fraction,pass3_flow_fraction,pass2_green_rerouted_fraction,pass3_prior_rerouted_fraction,reuse_pass1_bfs_calls,reuse_pass2_bfs_calls,reuse_pass3_bfs_calls,reuse_pass1_augmenting_pushes,reuse_pass2_augmenting_pushes,reuse_pass3_augmenting_pushes,reuse_pass1_bfs_edge_scans,reuse_pass2_bfs_edge_scans,reuse_pass3_bfs_edge_scans,reuse_pass1_dfs_edge_scans,reuse_pass2_dfs_edge_scans,reuse_pass3_dfs_edge_scans,reuse_pass1_maxflow_mean_ms,reuse_pass2_maxflow_mean_ms,reuse_pass3_maxflow_mean_ms,reuse_pass2_transition_mean_ms,reuse_pass3_transition_mean_ms,mincost_shortest_path_calls,mincost_augmentations,mincost_edge_scans,mincost_solve_mean_ms,atomic_intervals,network_vertices,job_interval_edges,forward_edges,actual_utilization,green_share,brown_share,red_share,instances,pass3_required
0.3,0.35,0.25,0.3,0.32499999999999996,0.275,0.30-0.35,0.25-0.30,6.106540637168412,13.231908358284272,23.186191206914373,2.1419864341238966,3.8310731904536857,0.7682017867670571,0.18173293234427,0.05006528088867288,0.00045045045045045,0.0,3.433333333333333,1.4666666666666666,0.4666666666666667,42.6,9.9,2.6666666666666665,10467.266666666666,3527.9666666666667,1543.5,6508.066666666667,923.9,77.86666666666666,2.17533504551587,0.41916390143645305,0.12362183770164846,0.031115696959507905,0.011883615516126133,55.166666666666664,55.166666666666664,189378.73333333334,19.876415758238483,77.76666666666667,123.0,1525.4666666666667,1646.4666666666667,0.3209545000902603,0.27835525679115325,0.4121050460149368,0.3095396971939099,30,0.4666666666666667
0.3,0.35,0.3,0.35,0.32499999999999996,0.32499999999999996,0.30-0.35,0.30-0.35,5.881882610265166,12.584895939410975,24.108401928485062,2.136598785447831,4.09471025658468,0.8315831100358081,0.13179058352255937,0.03662630644163243,0.0016619183285849933,0.0,3.3666666666666667,1.5333333333333334,0.4666666666666667,47.233333333333334,7.233333333333333,1.9333333333333333,9359.3,3739.633333333333,1542.8666666666666,5712.766666666666,770.1666666666666,71.56666666666666,1.9115114023831363,0.40002876000168425,0.12216702685691415,0.03171472150521969,0.011383794286909181,56.4,56.4,194692.3,20.801241054044414,77.73333333333333,122.66666666666667,1536.3666666666666,1657.0333333333333,0.3236624724534655,0.3255772218793431,0.37213149075071983,0.30229128736993693,30,0.4666666666666667
0.3,0.35,0.35,0.4,0.32499999999999996,0.375,0.30-0.35,0.35-0.40,5.5765966248388095,11.932067656501507,24.661177763870608,2.0929885586636656,4.439295461791796,0.8657120023659641,0.11643144093937202,0.01785655669466384,0.0,0.0,3.2666666666666666,1.3,0.36666666666666664,49.56666666666667,6.433333333333334,1.1666666666666667,8922.166666666666,3321.9333333333334,1372.2333333333333,4923.266666666666,464.2,38.666666666666664,1.6816797576999913,0.31096090698459494,0.10525940277148038,0.03168885887134816,0.009157808963209366,57.13333333333333,57.13333333333333,203943.1,21.259462235999916,79.43333333333334,125.36666666666666,1604.2333333333333,1727.6,0.32404467106109924,0.37889394517294,0.30902174114853026,0.3120843136785296,30,0.36666666666666664
0.3,0.35,0.4,0.45,0.32499999999999996,0.42500000000000004,0.30-0.35,0.40-0.45,5.015578500266808,9.961127550341189,23.33773999513748,1.9646519790096384,4.648015092463793,0.8787064015380237,0.10281226658895155,0.018481331873024698,0.0,0.0,2.9,1.2,0.23333333333333334,49.2,6.0,1.1,7194.0,3307.4666666666667,811.5666666666667,3882.8333333333335,350.23333333333335,39.5,1.356277596981575,0.2915031839317332,0.06362170194430897,0.03153767242717241,0.005396709505779041,56.333333333333336,56.333333333333336,191580.66666666666,20.09366311385141,79.03333333333333,124.3,1535.8666666666666,1658.1666666666667,0.3242514357240668,0.42667675690726603,0.35051347159046276,0.2228097715022712,30,0.23333333333333334
0.3,0.35,0.45,0.5,0.32499999999999996,0.475,0.30-0.35,0.45-0.50,5.0239270776122185,10.67000194413898,22.050220915310394,2.1151340874815654,4.382601089188083,0.8798028565557036,0.07618825532621405,0.04400888811808242,0.0,0.0,3.2333333333333334,1.3333333333333333,0.4,48.96666666666667,4.266666666666667,2.3666666666666667,7987.7,3198.5666666666666,1188.9333333333334,4247.266666666666,372.5,64.5,1.482417782341751,0.2879082052580391,0.09485997938706228,0.03049783525057133,0.008376318340500177,55.53333333333333,55.53333333333333,181952.83333333334,18.923284054229345,76.7,121.66666666666667,1465.7,1585.3666666666666,0.323992174430903,0.47659986764782875,0.23911854822332057,0.2842815841288505,30,0.4
0.3,0.35,0.5,0.55,0.32499999999999996,0.525,0.30-0.35,0.50-0.55,4.762474640932244,9.482803020703917,22.746850640978664,1.9855720464057458,4.706360535902932,0.9474505688226039,0.041850056157523095,0.010699375019872837,0.0,0.0,2.8666666666666667,1.0,0.26666666666666666,51.8,2.466666666666667,0.6333333333333333,6552.733333333334,2400.1666666666665,827.6,3226.1666666666665,159.16666666666666,19.433333333333334,1.1674958836132039,0.19505271261247492,0.06183024767475823,0.031088400864973612,0.005693609127774823,54.96666666666667,54.96666666666667,186119.86666666667,19.484256713379484,77.36666666666666,122.53333333333333,1526.6666666666667,1647.2,0.32283504503094373,0.5276073008300829,0.2506702567449196,0.22172244242499747,30,0.26666666666666666
0.3,0.35,0.55,0.6,0.32499999999999996,0.575,0.30-0.35,0.55-0.60,4.79017200297676,9.919397772367423,23.143763907913428,2.0649103551760812,4.760958770643302,0.9375781214891808,0.045327367551954635,0.01709451095886445,0.0,0.0,2.6333333333333333,1.2333333333333334,0.43333333333333335,51.13333333333333,2.6666666666666665,1.1,5903.533333333334,2862.2,1335.3,2842.3333333333335,251.6,38.93333333333333,1.0447625887657825,0.24562364541149384,0.10335659084375946,0.030873459569799363,0.0091715558664873,54.9,54.9,186557.66666666666,19.892997406617116,78.66666666666667,123.73333333333333,1525.4333333333334,1647.1666666666667,0.32268813065625873,0.5732177381098182,0.1934981977008257,0.23328406418935602,30,0.43333333333333335
0.3,0.35,0.6,0.65,0.32499999999999996,0.625,0.30-0.35,0.60-0.65,4.663296573562548,9.597081985169401,22.58952382777352,2.0489342467227507,4.770665276677605,0.9634074789729745,0.02906917243257397,0.007523348594451557,0.0,0.0,2.7333333333333334,1.0333333333333334,0.3333333333333333,52.4,1.6666666666666667,0.4666666666666667,5938.633333333333,2505.1,1135.1,2778.0666666666666,155.13333333333333,19.333333333333332,1.029857776593417,0.19916783416798955,0.08402314075889687,0.03082689305301752,0.006398814342295117,54.53333333333333,54.53333333333333,184886.0,19.31631491034447,78.76666666666667,123.93333333333334,1527.2666666666667,1649.2,0.3201406788512683,0.626323632355994,0.1858249671052768,0.1878514005387292,30,0.3333333333333333
0.3,0.35,0.65,0.7,0.32499999999999996,0.675,0.30-0.35,0.65-0.70,4.214739048814711,8.5246363672195,21.00642257835716,2.0164374368922062,4.894723922035235,0.9730215225844787,0.018246438214208023,0.008732039201313192,0.0,0.0,2.6,0.8333333333333334,0.3,51.13333333333333,0.9666666666666667,0.43333333333333335,5183.533333333334,1691.5,930.9333333333333,2294.7,75.66666666666667,13.6,0.8660367466897393,0.13047203479800368,0.06794624166407931,0.03051806357689197,0.005487332819029677,52.5,52.5,169849.13333333333,17.87109634819596,76.63333333333334,120.93333333333334,1455.8,1574.7333333333333,0.322833170030169,0.6787604694221148,0.17854510154361933,0.14269442903426582,30,0.3
0.3,0.35,0.7,0.75,0.32499999999999996,0.725,0.30-0.35,0.70-0.75,4.241577677312307,7.873090164309057,23.44035436496294,1.8490339001764617,5.419026264823937,0.9833510710193588,0.014746292926219302,0.0019026360544217669,0.0,0.0,2.3,0.5,0.06666666666666667,54.06666666666667,0.7,0.1,4528.033333333334,1454.7333333333333,220.33333333333334,1868.4333333333334,39.666666666666664,4.433333333333334,0.7386620315567901,0.112041367101483,0.017972368514165282,0.031309729286779914,0.0011891631099084966,54.86666666666667,54.86666666666667,191295.03333333333,20.077417685533874,78.46666666666667,123.96666666666667,1572.0333333333333,1694.0,0.3226011647089773,0.7270326376208904,0.15001998084584925,0.12294738153326022,30,0.06666666666666667
0.3,0.35,0.75,0.8,0.32499999999999996,0.775,0.30-0.35,0.75-0.80,4.25219784063908,8.146167871697495,23.15874971274752,1.9108621311328853,5.368227832283306,0.9861326350604098,0.011102919531574216,0.002764445408015937,0.0,0.0,2.466666666666667,0.5,0.16666666666666666,54.7,0.6333333333333333,0.23333333333333334,4922.066666666667,1102.6,504.03333333333336,1946.8333333333333,45.233333333333334,7.833333333333333,0.7681136979954317,0.08675393202186868,0.03690521737250188,0.031906444346532184,0.0026700181964163902,55.53333333333333,55.53333333333333,188647.3,19.885822122256894,79.0,125.03333333333333,1541.9333333333334,1664.9666666666667,0.318200044830422,0.7739128269772776,0.11693313955239541,0.10915403347032689,30,0.16666666666666666
0.3,0.35,0.8,0.85,0.32499999999999996,0.825,0.30-0.35,0.80-0.85,3.9461378178869686,7.484554287511855,22.13722746411804,1.879998875865851,5.531738540189393,0.9935949827117079,0.004752527477907513,0.0016524898103845466,0.0,0.0,2.3,0.23333333333333334,0.06666666666666667,54.0,0.2,0.1,4350.533333333334,509.0,244.7,1859.1333333333334,10.5,3.533333333333333,0.7131803367519751,0.039009297809873965,0.01810640174274643,0.03013815342759087,0.0010630086762830602,54.3,54.3,183455.2,18.946779806671355,77.5,122.56666666666666,1527.9333333333334,1648.5,0.32071038842006827,0.8260425681241066,0.08904523394441594,0.08491219793147739,30,0.06666666666666667
0.35,0.4,0.2,0.25,0.375,0.225,0.35-0.40,0.20-0.25,6.125836675637402,13.3501357777277,23.550650958204642,2.1468860420696765,3.8586774542711555,0.5623107377775824,0.35828071238682085,0.07940854983559671,0.03870057156627915,0.0,2.8,2.1666666666666665,0.5666666666666667,34.233333333333334,20.366666666666667,4.766666666666667,8363.0,5748.533333333334,1795.6,4932.566666666667,2670.7,241.46666666666667,1.8157163815340027,0.9211242334761968,0.1716929511167109,0.03125685461175934,0.015030895786670323,59.36666666666667,59.36666666666667,194021.43333333332,20.41972954447071,76.06666666666666,119.83333333333333,1431.4,1549.2333333333333,0.3754891187546084,0.22190213918174367,0.39476454780577425,0.38333331301248197,30,0.5666666666666667
0.35,0.4,0.25,0.3,0.375,0.275,0.35-0.40,0.25-0.30,6.990244325910074,16.167075643703964,26.712855425624486,2.238260642728357,3.89470762466759,0.6887184170741474,0.2581105783881015,0.05317100453775108,0.02354846667606435,0.0,3.533333333333333,2.2,0.6,43.1,15.966666666666667,3.2666666666666666,11236.666666666666,6011.233333333334,2141.7,7085.533333333334,2505.733333333333,115.46666666666667,2.4060929230957604,0.8814439499595513,0.17398765640488514,0.03167029489607857,0.01556040893774477,62.333333333333336,62.333333333333336,224109.06666666668,23.38936227140948,79.56666666666666,125.33333333333333,1585.5666666666666,1708.9,0.3741777612522254,0.2752917933499122,0.38386140872352276,0.340846797926565,30,0.6
0.35,0.4,0.3,0.35,0.375,0.32499999999999996,0.35-0.40,0.30-0.35,5.949189317955946,13.774540825397708,23.438291381268453,2.281662960866248,3.9096536590702633,0.7774354527915787,0.15344008576836032,0.06912446144006103,0.004501175262256543,0.0,3.6333333333333333,1.6333333333333333,0.6333333333333333,46.6,9.166666666666666,4.1,9667.933333333332,3586.7,2046.2666666666667,6149.833333333333,1187.3333333333333,134.53333333333333,2.0833529454345503,0.47187528864014894,0.17201747997508693,0.030117698285418215,0.015365768146390695,59.86666666666667,59.86666666666667,194073.03333333333,20.35502963330752,74.56666666666666,118.63333333333334,1427.3,1543.9333333333334,0.3718053531001359,0.3282560321035816,0.33103845692699563,0.3407055109694227,30,0.6333333333333333
0.35,0.4,0.35,0.4,0.375,0.375,0.35-0.40,0.35-0.40,5.482582876963231,11.709388666592227,22.62234899913892,2.1163667061564215,4.128435749676715,0.8521986691348514,0.12442597464381029,0.023375356221338302,0.00111111111111111,0.0,3.7333333333333334,1.4,0.43333333333333335,50.53333333333333,6.966666666666667,1.2666666666666666,9473.466666666667,3133.366666666667,1333.7,5885.2,499.46666666666664,44.43333333333333,1.9338411040371284,0.3062683438959842,0.10235310823190956,0.03017761589338377,0.009702415554784216,58.766666666666666,58.766666666666666,188443.46666666667,19.587370494070154,75.43333333333334,119.06666666666666,1411.5333333333333,1528.6,0.3706163999169923,0.37514687231557053,0.33861575397262555,0.2862373737118038,30,0.43333333333333335
0.35,0.4,0.4,0.45,0.375,0.42500000000000004,0.35-0.40,0.40-0.45,5.2653869792508585,11.446818697731942,22.507742144322645,2.152899490530708,4.26839921275177,0.8784439600150001,0.09196385479892098,0.029592185186078823,0.0,0.0,3.466666666666667,1.4333333333333333,0.4666666666666667,50.9,5.1,1.7666666666666666,8355.866666666667,3229.5666666666666,1421.9333333333334,4891.7,400.2,55.03333333333333,1.6571356511364381,0.2957842613492782,0.11150031932629643,0.030452988382118393,0.01028830845219391,57.8,57.8,185413.5,19.406909526636202,76.46666666666667,120.66666666666667,1435.5,1554.1666666666667,0.37150369347648854,0.4254662973428736,0.30549522627832804,0.26903847637879835,30,0.4666666666666667
0.35,0.4,0.45,0.5,0.375,0.475,0.35-0.40,0.45-0.50,5.513366344578874,11.44257937655008,25.310690153467778,2.042690532461765,4.613790425917301,0.9089958311914839,0.07675842333777189,0.014245745470744264,0.0,0.0,3.3666666666666667,1.2,0.3,55.0,4.3,1.0333333333333334,8731.4,3118.866666666667,1008.0666666666667,4991.7,286.3333333333333,30.933333333333334,1.7352984591464822,0.2736270115322743,0.07860557777651896,0.033152716932818245,0.006854400077524263,60.3,60.3,209110.63333333333,21.943880286028918,79.1,124.6,1563.3,1685.9,0.3733881903873911,0.47367057635194953,0.3240625623160446,0.20226686133200583,30,0.3
0.35,0.4,0.5,0.55,0.375,0.525,0.35-0.40,0.50-0.55,5.076830221999747,10.835773931078924,23.60862550965976,2.1311091935031805,4.619286019531762,0.9262185158820805,0.05802200828639347,0.01575947583152594,0.0,0.0,3.066666666666667,1.2333333333333334,0.4666666666666667,53.266666666666666,3.1666666666666665,1.0666666666666667,7370.566666666667,2639.633333333333,1522.6,3784.9,142.33333333333334,32.8,1.376819140665854,0.21076657673499233,0.11540591173494855,0.031218642058471788,0.00988984441695112,57.5,57.5,192504.96666666667,20.34482554125134,77.66666666666667,122.66666666666667,1514.3666666666666,1635.0333333333333,0.37212107792905563,0.5300584297965042,0.23967236234700948,0.23026920785648627,30,0.4666666666666667
0.35,0.4,0.55,0.6,0.375,0.575,0.35-0.40,0.55-0.60,4.714878260274418,9.504873620462604,23.435950088120688,2.0026936688697567,4.931839765905637,0.9343097230644333,0.053075852041029783,0.012614424894536933,0.0,0.0,2.8666666666666667,1.0,0.26666666666666666,54.56666666666667,3.033333333333333,0.7,6419.533333333334,2448.6666666666665,902.6666666666666,3273.1666666666665,103.33333333333333,25.8,1.1884823616128415,0.19197295516884572,0.06934333010576665,0.030852142178143017,0.00570484689281631,58.266666666666666,58.266666666666666,191406.33333333334,20.2223846554989,77.86666666666666,122.36666666666666,1489.0,1609.3666666666666,0.37331923449121435,0.5754586351269345,0.24316802118717137,0.18137334368589408,30,0.26666666666666666
0.35,0.4,0.6,0.65,0.375,0.625,0.35-0.40,0.60-0.65,4.828045060082029,9.784070841269568,24.597119231281493,1.9977481325766493,5.043683392411507,0.9631106177787924,0.029821321399852222,0.00706806082135536,0.0,0.0,2.966666666666667,0.9333333333333333,0.26666666666666666,56.4,1.7666666666666666,0.5,6889.266666666666,2336.0333333333333,918.0333333333333,3209.7,127.4,15.4,1.2013817898696288,0.18740648791814837,0.06843702828822036,0.03166569978930052,0.005235552671365427,58.6,58.6,201875.26666666666,21.307291449823726,78.16666666666667,123.13333333333334,1549.4666666666667,1670.6,0.37056457944024657,0.6262944657447356,0.22195872945677048,0.1517468047984939,30,0.26666666666666666
0.35,0.4,0.65,0.7,0.375,0.675,0.35-0.40,0.65-0.70,4.3874707028347375,8.587179555130811,23.56964429685225,1.9474524854885324,5.26839054561276,0.9707724813577202,0.023628244722185426,0.005599273920094346,0.0,0.0,2.8,0.7,0.2,56.833333333333336,1.3,0.3333333333333333,6054.433333333333,1642.2,661.9,2575.5333333333333,66.76666666666667,10.433333333333334,0.982999190261277,0.12499158600500472,0.048237109052327774,0.030196759616956073,0.0035580742405727397,58.46666666666667,58.46666666666667,196250.16666666666,20.378253820041817,77.3,122.2,1513.2666666666667,1633.4666666666667,0.3701937085481433,0.6767211336911333,0.18107747425079831,0.14220139205806825,30,0.2
0.35,0.4,0.7,0.75,0.375,0.725,0.35-0.40,0.70-0.75,4.258580579383609,8.058156143136634,22.97534023857831,1.889742268288606,5.30114628034902,0.9761274601192923,0.01747860540073271,0.006393934479974963,0.0,0.0,2.6333333333333333,0.7,0.13333333333333333,56.06666666666667,1.2,0.36666666666666664,5447.6,1845.2,383.26666666666665,2372.266666666667,59.666666666666664,8.733333333333333,0.9077203636600947,0.14111681550275532,0.028844969735170402,0.030287512345239468,0.0024244647162655936,57.6,57.6,190478.63333333333,19.85939560904323,77.36666666666666,121.56666666666666,1485.8,1605.3666666666666,0.3731479606804286,0.7261286672807806,0.13669179157957234,0.13717954113964698,30,0.13333333333333333
0.35,0.4,0.75,0.8,0.375,0.775,0.35-0.40,0.75-0.80,4.31042549025733,7.945904770943646,24.598750290848937,1.8280034213202236,5.669488069479508,0.9859484221020341,0.01343424102066156,0.0006173368773042934,0.0,0.0,2.466666666666667,0.5333333333333333,0.06666666666666667,58.266666666666666,0.9333333333333333,0.06666666666666667,5098.166666666667,1581.6666666666667,261.3333333333333,2074.5,56.166666666666664,3.2,0.8267807073813552,0.12218140628344064,0.01923110782324026,0.031466670722390164,0.0012741177730883134,59.233333333333334,59.233333333333334,204010.73333333334,21.277276573431056,79.16666666666667,125.16666666666667,1564.2666666666667,1687.4333333333334,0.3755067127043441,0.7763909840605187,0.11915206686592901,0.10445694907355235,30,0.06666666666666667
0.35,0.4,0.8,0.85,0.375,0.825,0.35-0.40,0.80-0.85,3.97320460974394,7.397341969384191,23.064907539907534,1.861941473458642,5.721657421665232,0.9904046524994671,0.008209151996690459,0.0013861955038425601,0.0,0.0,2.533333333333333,0.26666666666666666,0.06666666666666667,57.5,0.43333333333333335,0.1,4974.4,664.4,200.06666666666666,1883.6666666666667,17.733333333333334,4.5,0.7580818288261071,0.050785410179135654,0.01478090300224721,0.029939945282724954,0.0009163474896922701,58.03333333333333,58.03333333333333,188982.66666666666,19.947612664157834,76.23333333333333,121.03333333333333,1476.4333333333334,1595.4666666666667,0.3721510958366631,0.8223825855916455,0.0827399653926283,0.09487744901572613,30,0.06666666666666667
0.4,0.45,0.2,0.25,0.42500000000000004,0.225,0.40-0.45,0.20-0.25,6.894016234048952,15.775438678683713,26.149106817902066,2.2860174206181614,3.811700999988263,0.5120583889066146,0.38053747087708895,0.10740414021629645,0.08728994418009953,0.0,2.966666666666667,2.8333333333333335,0.7666666666666667,34.2,25.6,6.033333333333333,8908.766666666666,7611.1,2397.5333333333333,5352.766666666666,4209.333333333333,297.43333333333334,1.9678033678792417,1.3574544181271146,0.2248661652750646,0.030548263069552627,0.019995003240182958,65.83333333333333,65.83333333333333,221249.36666666667,23.007886019186117,76.7,120.96666666666667,1479.1666666666667,1598.1333333333334,0.4271411613404062,0.22651998414779484,0.3439233592773125,0.42955665657489256,30,0.7666666666666667
0.4,0.45,0.25,0.3,0.42500000000000004,0.275,0.40-0.45,0.25-0.30,6.83028240610535,15.751982640940696,27.47616749218044,2.2847654149569503,4.055279823539659,0.6341363396756615,0.28104184274583976,0.08482181757849859,0.0497089901495587,0.0023191094619665997,3.1333333333333333,2.2666666666666666,0.7666666666666667,41.63333333333333,18.833333333333332,5.5,9921.166666666666,5839.566666666667,2625.0,6040.9,3083.2,428.26666666666665,2.1212735021254048,1.0040802929628019,0.2627529126281539,0.030922415705087247,0.017495749440665016,65.96666666666667,65.96666666666667,230261.3,24.157499041369494,78.06666666666666,123.66666666666667,1544.5666666666666,1666.2333333333333,0.42398172543052887,0.2787402378047101,0.32972874314204415,0.3915310190532457,30,0.7
0.4,0.45,0.3,0.35,0.42500000000000004,0.32499999999999996,0.40-0.45,0.30-0.35,6.894763749442063,14.617717173144532,27.48844365259477,2.1348812160177757,4.016803632171278,0.7348685210371024,0.23765514414406858,0.02747633481882885,0.02327667392834595,0.0,3.7,2.2666666666666666,0.5,49.266666666666666,15.766666666666667,1.5666666666666667,11860.133333333333,5840.466666666666,1468.9,7782.5,2393.233333333333,47.13333333333333,2.580697158506761,0.8510680446246018,0.1127561880275607,0.03113358824824288,0.012396702077239733,66.5,66.5,231419.16666666666,24.249902103911154,78.03333333333333,122.8,1521.2666666666667,1642.0666666666666,0.4329152149239802,0.328411539117092,0.34673348876814625,0.3248549721147617,30,0.5
0.4,0.45,0.35,0.4,0.42500000000000004,0.375,0.40-0.45,0.35-0.40,6.346153752917114,13.977485813084058,26.14536018130214,2.222680634867687,4.12772594446229,0.809686283263275,0.13518542860578645,0.055128288130938584,0.024592935908768335,0.0,3.6333333333333333,2.1,0.6,52.233333333333334,9.433333333333334,3.2333333333333334,10161.366666666667,5457.233333333334,1834.0666666666666,6511.7,2048.733333333333,100.66666666666667,2.134763779855954,0.7562331424560398,0.14706847451937693,0.029965846721703753,0.01403424850044148,64.9,64.9,218321.73333333334,23.01114614296239,76.9,121.1,1493.8,1612.9,0.4286948613589456,0.3750210124151151,0.23925237026002386,0.3857266173248611,30,0.6
0.4,0.45,0.4,0.45,0.42500000000000004,0.42500000000000004,0.40-0.45,0.40-0.45,5.194180137089764,11.302121758344583,22.600367691290256,2.143413469919282,4.2927068458645,0.8798831830229278,0.08202761620961178,0.038089200767460474,0.0,0.0,3.6333333333333333,1.3666666666666667,0.4666666666666667,53.93333333333333,4.966666666666667,2.466666666666667,8694.866666666667,2853.1,1415.9,5297.633333333333,340.56666666666666,61.03333333333333,1.7634674534201622,0.25623813873001683,0.10960970656014977,0.028705080815901306,0.009706391526075683,61.46666666666667,61.46666666666667,190395.1,19.695061946404167,73.03333333333333,115.73333333333333,1373.3333333333333,1487.0666666666666,0.42311426685040493,0.43231744307355485,0.27688582467276024,0.2907967322536848,30,0.4666666666666667
0.4,0.45,0.45,0.5,0.42500000000000004,0.475,0.40-0.45,0.45-0.50,5.033074081293307,11.350997686192082,22.805024330349017,2.223520015154604,4.525181110240534,0.8859595186010242,0.07143821766944419,0.04260226372953169,0.0,0.0,3.4,1.3333333333333333,0.5333333333333333,53.6,4.466666666666667,2.6,7970.833333333333,2701.266666666667,1685.3333333333333,4474.066666666667,329.53333333333336,67.13333333333334,1.5594123505676787,0.2429599301346267,0.12989913462661204,0.02922613736397271,0.011243084639621257,60.6,60.6,190934.1,19.82041892595589,74.76666666666667,118.26666666666667,1408.0,1524.2666666666667,0.4295597169353826,0.4762396336206385,0.2388457642497378,0.28491460212962366,30,0.5333333333333333
0.4,0.45,0.5,0.55,0.42500000000000004,0.525,0.40-0.45,0.50-0.55,5.135786025978935,11.176076585543342,24.3641395092709,2.1548636224181474,4.682734662942161,0.9224831326053964,0.05403422639661969,0.023482640997983962,0.0003584229390681,0.0,3.3666666666666667,1.2666666666666666,0.4666666666666667,56.96666666666667,3.3,1.2666666666666666,7859.1,2782.0,1495.6666666666667,4331.6,304.4,41.36666666666667,1.500061994108061,0.2469612632800514,0.11288533258872725,0.03039605061834053,0.009611037870248133,61.63333333333333,61.63333333333333,202967.33333333334,21.23792947619222,76.26666666666667,120.36666666666666,1471.8,1590.1666666666667,0.42671230644441865,0.5273513153623105,0.2061851602092232,0.26646352442846616,30,0.4666666666666667
0.4,0.45,0.55,0.6,0.42500000000000004,0.575,0.40-0.45,0.55-0.60,4.816401058148283,10.052082886880575,23.952091317817878,2.0681850686784276,4.9201689944550715,0.9366232433671005,0.0501477282849235,0.013229028347975987,0.00031152647975077666,0.0,2.966666666666667,1.2666666666666666,0.36666666666666664,57.3,3.2,0.9,6814.966666666666,3109.0,1110.8666666666666,3452.8333333333335,323.93333333333334,38.46666666666667,1.2333178652140002,0.270856204830731,0.08418264934637892,0.029507096235950738,0.011182278394699085,61.333333333333336,61.333333333333336,202058.53333333333,20.877184200217016,75.33333333333333,119.53333333333333,1473.0,1590.5333333333333,0.42538519059270546,0.5786238104894436,0.21470869476612153,0.20666749474443483,30,0.36666666666666664
0.4,0.45,0.6,0.65,0.42500000000000004,0.625,0.40-0.45,0.60-0.65,4.5400925605402636,9.367031037108973,23.066334699591,2.0376026067038917,5.040107928216623,0.9713525604463534,0.019794783831520894,0.008852655722125704,0.0,0.0,3.1,0.8,0.3,58.5,1.3,0.6666666666666666,6762.8,1703.5666666666666,973.9,3321.7,86.2,19.0,1.2007689078260835,0.13339980660627282,0.07204686931800096,0.029816918152694858,0.006100536944965507,60.5,60.5,193275.03333333333,20.012550631848473,76.1,119.93333333333334,1439.4333333333334,1557.3666666666666,0.42373454740943656,0.6236250065701754,0.20054117129451005,0.1758338221353145,30,0.3
0.4,0.45,0.65,0.7,0.42500000000000004,0.675,0.40-0.45,0.65-0.70,4.465621077688411,9.075860327575356,24.16190247051418,2.0249917412723657,5.348136313867042,0.969267369161163,0.023512693953811174,0.007219936885025727,0.0,0.0,2.8666666666666667,0.8333333333333334,0.3,59.233333333333334,1.6,0.5,6348.0,1780.2666666666667,913.5,2976.7,76.93333333333334,19.466666666666665,1.0890938403705757,0.13520383256642765,0.06620606989599763,0.029745380161330052,0.0050083640962839,61.36666666666667,61.36666666666667,202313.5,21.066914274318453,76.43333333333334,120.86666666666666,1488.9333333333334,1607.8,0.42491945040330303,0.6724419433003632,0.1668963212551182,0.1606617354445185,30,0.3
0.4,0.45,0.7,0.75,0.42500000000000004,0.725,0.40-0.45,0.70-0.75,4.317551899972993,8.610578976998417,23.605776891151134,1.9983980860463648,5.341485114465815,0.9746809152924413,0.01802321273091215,0.007295871976646564,0.0,0.0,2.9,0.9333333333333333,0.26666666666666666,59.56666666666667,1.3,0.43333333333333335,6080.366666666667,2133.9,752.0666666666667,2724.9,112.66666666666667,13.933333333333334,1.0133730620145798,0.16779188415966925,0.05502327888583143,0.028816804794284168,0.004025242136170457,61.333333333333336,61.333333333333336,196963.63333333333,20.617049480400357,75.1,119.33333333333333,1427.1666666666667,1544.5,0.4239958680677451,0.723677529897269,0.11944552482765199,0.15687694527507903,30,0.26666666666666666
0.4,0.45,0.75,0.8,0.42500000000000004,0.775,0.40-0.45,0.75-0.80,4.198902014177293,8.090456924013173,24.353666624714,1.9208678693633445,5.681520868871849,0.9874981121489005,0.009873556618174472,0.0026283312329249634,0.0,0.0,2.7,0.4,0.13333333333333333,61.166666666666664,0.5333333333333333,0.23333333333333334,5643.733333333334,868.3333333333334,396.1666666666667,2422.9666666666667,26.166666666666668,8.766666666666667,0.9254339347050214,0.065182521357201,0.02970463150025655,0.029704556024322856,0.0020763200397292698,62.0,62.0,206514.73333333334,21.248717763616394,77.3,122.3,1498.5333333333333,1618.8333333333333,0.4255357762770727,0.7736913131468037,0.10201603562586722,0.124292651227329,30,0.13333333333333333
0.4,0.45,0.8,0.85,0.42500000000000004,0.825,0.40-0.45,0.80-0.85,3.8630309615594647,7.100496998173185,22.092520259902813,1.834364121435833,5.610187738083774,0.9947798037726769,0.0016451571684129767,0.003575039058910023,0.0,0.0,2.6333333333333333,0.2,0.06666666666666667,59.166666666666664,0.2,0.16666666666666666,5040.2,489.9,188.3,2189.5666666666666,10.666666666666666,4.033333333333333,0.8414183884936696,0.036665641625101324,0.01389893800175438,0.028607290587387927,0.00091736088506877,59.56666666666667,59.56666666666667,184492.26666666666,19.207709770998918,74.63333333333334,118.16666666666667,1385.8666666666666,1502.0333333333333,0.422345061163285,0.8299197457352451,0.07727357053398361,0.09280668373077121,30,0.06666666666666667
0.45,0.5,0.2,0.25,0.475,0.225,0.45-0.50,0.20-0.25,6.572115632200924,14.569715825103534,26.863726583348278,2.189443228089939,4.101254962530634,0.4759047577836134,0.40743779382624157,0.11665744839014501,0.08618751547760617,0.00077519379844961,2.7333333333333334,2.533333333333333,0.6666666666666666,32.56666666666667,28.533333333333335,7.666666666666667,8368.8,6907.933333333333,2123.5333333333333,4786.666666666667,3781.866666666667,395.3333333333333,1.8132547003915533,1.2380900288311143,0.2228872029809281,0.030285973916761525,0.016128568677231635,68.7,68.7,229847.9,23.746256335095193,75.93333333333334,120.63333333333334,1483.1333333333334,1601.7666666666667,0.47460458313823073,0.22842408670756897,0.3840842369046894,0.3874916763877415,30,0.6333333333333333
0.45,0.5,0.25,0.3,0.475,0.275,0.45-0.50,0.25-0.30,6.799403979675844,15.05307293671649,27.421355234691873,2.208332997473198,4.0011765929403165,0.5769972544862293,0.33923493192792153,0.08376781358584913,0.06582571733231109,0.00173160173160173,2.8666666666666667,2.6,0.7,38.46666666666667,24.166666666666668,5.5,8926.166666666666,7052.266666666666,2244.8,5294.666666666667,3817.133333333333,338.9,1.9614654666899394,1.242103393111999,0.2237035873501251,0.030370151701693677,0.016818811418488597,68.26666666666667,68.26666666666667,232293.26666666666,24.260921250485506,76.23333333333333,120.76666666666667,1503.2333333333333,1622.0,0.47004374442848734,0.27523564241960796,0.34632371207249213,0.37844064550789985,30,0.6666666666666666
0.45,0.5,0.3,0.35,0.475,0.32499999999999996,0.45-0.50,0.30-0.35,6.97372020164039,14.868985396266604,29.226274492878776,2.119478582835509,4.262384647970985,0.6809124637588935,0.2831488786167114,0.03593865762439515,0.03235118140939608,0.00029761904761904667,3.3,2.2,0.5333333333333333,47.4,20.3,2.566666666666667,10821.733333333334,6118.233333333334,1756.9,6887.666666666667,2925.9666666666667,174.2,2.38648144780503,0.988978628690044,0.15858100358551988,0.03099284794492022,0.01212876813951877,70.4,70.4,246738.2,25.932149874667328,77.36666666666666,122.76666666666667,1547.5666666666666,1668.3333333333333,0.4737018059732083,0.32836416281841535,0.3706878135273383,0.30094802365424633,30,0.5
0.45,0.5,0.35,0.4,0.475,0.375,0.45-0.50,0.35-0.40,6.868341962302414,15.099811380302222,28.157077082044754,2.2075790649140954,4.085634622973471,0.7530422402834095,0.18548285208573684,0.06147490763085362,0.0275592124906886,0.0,3.7666666666666666,2.3666666666666667,0.6,51.5,13.1,4.033333333333333,11305.533333333333,6159.8,1839.5666666666666,7315.666666666667,2543.5666666666666,136.9,2.422966137722445,0.9097307580911244,0.15581690492884565,0.030511133954860218,0.014229360579823427,68.66666666666667,68.66666666666667,237101.76666666666,24.950104338737827,77.66666666666667,122.23333333333333,1501.0,1621.2333333333333,0.4761221218384103,0.3749337798224506,0.26140899577590543,0.36365722440164394,30,0.6
0.45,0.5,0.4,0.45,0.475,0.42500000000000004,0.45-0.50,0.40-0.45,5.862554730847478,12.803293485000419,26.102154222511064,2.122511947234264,4.439738777062946,0.8592842683619303,0.11473372073343564,0.02598201090463406,0.00328526055282198,0.0,3.6333333333333333,1.6666666666666667,0.43333333333333335,57.333333333333336,7.966666666666667,1.9,9864.7,4278.933333333333,1498.7666666666667,6121.933333333333,1372.7,57.1,2.02107309033939,0.5369092062270889,0.11511807349355269,0.029446440554844782,0.009713481995277086,67.16666666666667,67.16666666666667,222405.73333333334,23.03317426490442,75.23333333333333,119.73333333333333,1453.1666666666667,1570.9,0.4753776856614181,0.4328397326968112,0.27806299429954234,0.2890972730036464,30,0.43333333333333335
0.45,0.5,0.45,0.5,0.475,0.475,0.45-0.50,0.45-0.50,5.772747025863889,12.788427511695772,27.217688481129397,2.195955926738205,4.726145701807496,0.8914319186925693,0.08259696200434588,0.025971119303084694,0.0019817944776155333,0.0,3.4,1.6,0.5333333333333333,60.6,5.233333333333333,1.8333333333333333,9254.1,3828.5666666666666,1819.6333333333334,5431.9,729.4666666666667,53.53333333333333,1.8262080594043557,0.39992541850854946,0.1381493031900997,0.030185031743409686,0.01161235908512024,67.66666666666667,67.66666666666667,232653.73333333334,23.983753177841816,77.33333333333333,122.73333333333333,1537.0333333333333,1657.7666666666667,0.47817717693080775,0.47592702072324494,0.278713534260002,0.245359445016753,30,0.5333333333333333
0.45,0.5,0.5,0.55,0.475,0.525,0.45-0.50,0.50-0.55,5.231779244883607,11.500322687400816,24.544366429327056,2.206966892574434,4.636903622737331,0.9210593545298595,0.050886603397254156,0.02805404207288629,0.0,0.0,3.4,1.2666666666666666,0.5333333333333333,59.53333333333333,3.2666666666666666,1.5,8067.966666666666,2540.0,1547.3666666666666,4766.8,277.9,44.5,1.6375366121064872,0.22623622789978975,0.11822515244906145,0.029529158297615703,0.010200708832902191,64.16666666666667,64.16666666666667,206431.83333333334,21.460613612434827,75.26666666666667,119.13333333333334,1440.9666666666667,1558.1,0.47324448426125515,0.5262014402880993,0.21585323576559218,0.2579453239463084,30,0.5333333333333333
0.45,0.5,0.55,0.6,0.475,0.575,0.45-0.50,0.55-0.60,4.983527815784328,10.134970869015282,25.333892045115743,2.0331236879545864,5.010729021497833,0.9408814742191566,0.03482637881139182,0.024292146969451676,0.0,0.0,3.3666666666666667,0.9666666666666667,0.3,61.233333333333334,2.3,1.7333333333333334,7820.166666666667,2251.5666666666666,878.6,4247.933333333333,164.93333333333334,38.46666666666667,1.4975611456126596,0.1849992947730546,0.06940537753204505,0.029789467225782528,0.00560546429672588,65.26666666666667,65.26666666666667,213644.33333333334,22.2132683894597,75.76666666666667,119.53333333333333,1462.7666666666667,1580.3,0.4668162261563637,0.5821809482278678,0.21359601209779916,0.20422303967433297,30,0.3
0.45,0.5,0.6,0.65,0.475,0.625,0.45-0.50,0.60-0.65,4.7637863862716285,9.120066886534914,25.977280851608764,1.9021546918397505,5.40408547574856,0.9599333158258673,0.03588591938232518,0.004180764791807647,0.0,0.0,3.033333333333333,0.8666666666666667,0.13333333333333333,62.666666666666664,2.7,0.3,7070.8,2460.5333333333333,480.1,3561.133333333333,142.13333333333333,10.133333333333333,1.2912176551374916,0.19519670167937872,0.035354029193210096,0.03071280254516746,0.002600223718521493,65.5,65.5,220789.93333333332,22.77709676399051,77.23333333333333,122.26666666666667,1521.9666666666667,1642.2333333333333,0.47623900746029435,0.6256331617807318,0.21949294939212663,0.15487388882714148,30,0.13333333333333333
0.45,0.5,0.65,0.7,0.475,0.675,0.45-0.50,0.65-0.70,4.5598345071387785,8.851691468735225,23.992337492139388,1.9283405309647808,5.178408115258692,0.9721498457161546,0.020765021159534238,0.007085133124311077,0.0,0.0,3.1,0.8333333333333334,0.2,61.43333333333333,1.3666666666666667,0.5666666666666667,6832.6,1992.4666666666667,599.7666666666667,3481.6,90.36666666666666,10.7,1.2412464541072648,0.1545006566448137,0.04374113768183936,0.02922465442679818,0.00350069797908265,63.2,63.2,201697.3,20.981563298846595,74.66666666666667,118.4,1425.2,1541.6,0.47151566951064283,0.678443394227367,0.1784009944888356,0.14315561128379736,30,0.2
0.45,0.5,0.7,0.75,0.475,0.725,0.45-0.50,0.70-0.75,4.37959729868453,8.839141961264735,24.564922446152195,2.0177344168009035,5.518618210838443,0.9816980012833201,0.010923671154948923,0.007378327561731023,0.0,0.0,2.966666666666667,0.6333333333333333,0.26666666666666666,62.43333333333333,0.8666666666666667,0.5666666666666667,6360.466666666666,1225.2666666666667,750.5,3038.5666666666666,56.03333333333333,15.366666666666667,1.1225409702941154,0.09499183875353381,0.05536827743829537,0.030471453598389975,0.004014263783271096,63.733333333333334,63.733333333333334,207075.36666666667,21.493460483422194,75.36666666666666,119.8,1453.6666666666667,1571.4666666666667,0.4728575046858853,0.7263974758482045,0.15718587987846971,0.11641664427332572,30,0.26666666666666666
0.45,0.5,0.75,0.8,0.475,0.775,0.45-0.50,0.75-0.80,4.314097196329385,8.068600975675508,26.851881343948964,1.8642085871569014,6.139017166053046,0.9909289400769411,0.00848108942158397,0.0005899705014749233,0.0,0.0,2.7,0.26666666666666666,0.03333333333333333,65.26666666666667,0.5333333333333333,0.03333333333333333,5785.3,761.8,110.8,2725.8,24.033333333333335,1.3333333333333333,1.0046105711565663,0.05832856889658913,0.008300472206125656,0.030068477887349766,0.00048723673292746004,65.93333333333334,65.93333333333334,225808.66666666666,23.56987052053834,78.3,124.1,1545.7333333333333,1667.8333333333333,0.4754969425550712,0.778469103642139,0.1265551335386406,0.0949757628192204,30,0.03333333333333333
0.45,0.5,0.8,0.85,0.475,0.825,0.45-0.50,0.80-0.85,4.363591379369609,8.143537364085205,27.077801703708246,1.8625336376120734,6.057442262612656,0.9956601681291206,0.003451892649606847,0.0008879392212725534,0.0,0.00032679738562091333,2.8,0.26666666666666666,0.1,66.0,0.26666666666666666,0.1,6171.633333333333,622.9333333333333,293.3333333333333,2647.5333333333333,12.666666666666666,5.7,1.0070462119377528,0.04627363678688799,0.0213548024961104,0.03052816745669887,0.0010330955653140932,66.4,66.4,231242.33333333334,23.825576217107784,78.93333333333334,124.83333333333333,1565.6666666666667,1688.5,0.47013726724391247,0.8307588140286836,0.08673953126206699,0.08250165470924932,30,0.06666666666666667
0.5,0.55,0.2,0.25,0.525,0.225,0.50-0.55,0.20-0.25,6.29894528130535,13.52860257436987,25.946826230113704,2.1423106135695567,4.130534621883933,0.430416752348345,0.46710952966560043,0.1024737179860545,0.06633581059554847,0.003315531820204713,2.6,2.533333333333333,0.6666666666666666,29.9,32.3,7.4,7489.666666666667,6800.5,1938.7666666666667,4208.266666666666,3920.633333333333,358.23333333333335,1.6564038814976811,1.2835230404743925,0.21280916640534997,0.03014397962639725,0.015392693264099437,69.53333333333333,69.53333333333333,217134.93333333332,22.945509808293234,73.0,116.3,1363.3666666666666,1477.6666666666667,0.525155386478124,0.22852425727867423,0.4365179499875583,0.33495779273376736,30,0.6
0.5,0.55,0.25,0.3,0.525,0.275,0.50-0.55,0.25-0.30,7.5373633683193475,16.909900872851722,30.0178955582669,2.2273870083573355,4.012449693426152,0.5131661319133728,0.37698491763618397,0.10984895045044321,0.07707399106081975,0.0022956534638777595,2.8666666666666667,3.033333333333333,0.8,38.233333333333334,27.833333333333332,7.833333333333333,9321.2,8945.733333333334,2664.3333333333335,5527.966666666666,5551.533333333334,618.3,2.0267878166244677,1.7351990156263735,0.3057447407627478,0.030982317014907747,0.01814177589646227,73.96666666666667,73.96666666666667,254995.93333333332,26.71097318350803,77.53333333333333,122.83333333333333,1529.6666666666667,1650.5,0.524622338289672,0.2715363963316511,0.35655977837052405,0.3719038252978248,30,0.7333333333333333
0.5,0.55,0.3,0.35,0.525,0.32499999999999996,0.50-0.55,0.30-0.35,7.447574183849308,16.352172318535548,31.476384614555474,2.16908702075556,4.23758576527192,0.6107320319776002,0.31644991660830024,0.0728180514140995,0.04340820518242701,0.0017696377696377668,3.066666666666667,2.533333333333333,0.7,45.4,23.5,5.6,10197.033333333333,7613.566666666667,2261.0333333333333,6324.766666666666,4154.966666666666,317.96666666666664,2.2739716665819287,1.3334108470007777,0.22085924943288168,0.03273824811913068,0.015811090706847577,74.5,74.5,266271.8333333333,28.063949466062088,78.13333333333334,123.9,1580.4,1702.3,0.5270206557446546,0.3240189539890584,0.3507877845750993,0.32519326143584226,30,0.6
0.5,0.55,0.35,0.4,0.525,0.375,0.50-0.55,0.35-0.40,6.91759963616884,14.751941636786796,31.27716972026974,2.1451363789567166,4.5135699578858866,0.7187775732136974,0.22186065392752158,0.05936177285878095,0.022010246078993205,0.002120355910147177,3.1,2.1666666666666665,0.6333333333333333,52.833333333333336,16.8,4.533333333333333,10219.9,6469.733333333334,2122.633333333333,6057.333333333333,3138.0,417.3,2.1394337934907526,1.0443722666241229,0.2275740229136621,0.031542774134625945,0.012968469915601093,74.13333333333334,74.13333333333334,265027.26666666666,27.88707796037973,78.76666666666667,124.86666666666666,1577.3333333333333,1700.2,0.5189692708143983,0.37833747036913185,0.31228348635487385,0.30937904327599425,30,0.5333333333333333
0.5,0.55,0.4,0.45,0.525,0.42500000000000004,0.50-0.55,0.40-0.45,6.228689611695397,13.576113660043726,26.269833827391267,2.147089366471955,4.272231479695614,0.7911798665509977,0.14146701702913864,0.06735311641986357,0.016789473610451806,0.0009433962264150934,3.2666666666666666,2.1,0.5666666666666667,53.63333333333333,10.433333333333334,4.633333333333334,9407.233333333334,5595.266666666666,1683.5666666666666,5795.233333333334,2663.1,303.43333333333334,1.9859760582524661,0.8957841150307407,0.18025100929662585,0.029957422520965296,0.01205917583623278,68.66666666666667,68.66666666666667,218736.06666666668,23.216103051866714,75.06666666666666,118.03333333333333,1399.7,1515.7333333333333,0.5253352445729695,0.4268753734590531,0.2599643883047485,0.3131602382361983,30,0.5333333333333333
0.5,0.55,0.45,0.5,0.525,0.475,0.50-0.55,0.45-0.50,6.521501088282093,13.630744949914515,29.55479818376868,2.0813087547332847,4.5468464674462306,0.8752334253267442,0.10622624704757094,0.01854032762568476,0.010682398796721417,0.0,3.966666666666667,1.7,0.4,62.5,8.233333333333333,1.3333333333333333,11313.533333333333,4356.8,1200.2333333333333,7253.566666666667,1559.2,40.06666666666667,2.39719566811497,0.612769178308857,0.09344207336350033,0.030859794157246708,0.008238333587845153,71.93333333333334,71.93333333333334,247131.3,26.263385651594337,77.06666666666666,121.7,1527.7,1647.4,0.5243066290996219,0.4773584965575948,0.2646006996975586,0.25804080374484645,30,0.4
0.5,0.55,0.5,0.55,0.525,0.525,0.50-0.55,0.50-0.55,5.629320020476977,11.71668351550276,27.544415808709648,2.069926888686688,4.854604794896087,0.9206365218143442,0.06516780558104211,0.014195672604613716,0.0017401453658018966,0.0,3.8333333333333335,1.2333333333333334,0.3333333333333333,64.46666666666667,4.5,1.1,9634.966666666667,2989.1666666666665,972.8,6144.766666666666,386.6666666666667,31.633333333333333,2.029443804252272,0.27821028178247315,0.07452197935587415,0.030045039020478663,0.00647046894300727,70.06666666666666,70.06666666666666,231257.76666666666,24.38742945708024,76.26666666666667,120.53333333333333,1477.0333333333333,1595.5666666666666,0.5205693168545179,0.53246845446084,0.2319658911137494,0.2355656544254105,30,0.3333333333333333
0.5,0.55,0.55,0.6,0.525,0.575,0.50-0.55,0.55-0.60,5.344295969698578,10.641917935378538,28.67252930436128,1.9797649153576102,5.338947340340656,0.9539270339373032,0.03806815752735769,0.008004808535339056,0.0,0.0,3.466666666666667,1.0,0.23333333333333334,66.9,2.7,0.6666666666666666,8420.9,2489.1,795.8333333333334,4843.266666666666,203.16666666666666,20.133333333333333,1.672152114721636,0.2137856235882888,0.06293603723558286,0.030960267370877117,0.00463538531524438,70.16666666666667,70.16666666666667,240116.93333333332,25.371492740814574,77.5,122.26666666666667,1542.4666666666667,1662.7333333333333,0.5216572244007724,0.5775031749755895,0.2029349514358974,0.2195618735885131,30,0.23333333333333334
0.5,0.55,0.6,0.65,0.525,0.625,0.50-0.55,0.60-0.65,5.472690043194841,10.724349124357104,30.35607686964795,1.960051437083311,5.500512631083721,0.968794525880904,0.025746516871637114,0.005458957247458873,0.0013888888888888868,0.0,3.5,0.9666666666666667,0.2,68.66666666666667,2.2,0.43333333333333335,9072.533333333333,2729.5,577.0,4830.6,169.4,11.9,1.7069825859895598,0.22638815474541235,0.04394464408202717,0.03213289329626903,0.0036970058378452937,71.46666666666667,71.46666666666667,253826.36666666667,26.924097042259138,79.43333333333334,125.6,1586.1333333333334,1709.7333333333333,0.5269106788890003,0.6281790582359746,0.1961231561781349,0.1756977855858905,30,0.2
0.5,0.55,0.65,0.7,0.525,0.675,0.50-0.55,0.65-0.70,4.9776231542152045,10.44384705989311,27.684552743448876,2.1082448573498023,5.495081739053911,0.9633377737520848,0.023427587689810257,0.013234638558104877,0.0,0.0,3.1,0.9666666666666667,0.4,66.3,1.6,0.9666666666666667,7029.0,1838.1666666666667,1145.9,3633.8,96.1,23.933333333333334,1.3509168400196359,0.14701775779637194,0.08646722766570746,0.03107006972034768,0.007159427429238936,68.93333333333334,68.93333333333334,229634.0,24.349523949204013,76.83333333333333,121.56666666666666,1502.0333333333333,1621.6,0.5244362607347669,0.6787748712687615,0.15581124707352115,0.16541388165771725,30,0.4
0.5,0.55,0.7,0.75,0.525,0.725,0.50-0.55,0.70-0.75,4.3538074038224295,8.837637906156791,24.75984949269332,2.0154838306567004,5.625930639167776,0.9866165132441638,0.009113442084846412,0.0042700446709897305,0.0,0.0,3.1,0.5666666666666667,0.23333333333333334,65.33333333333333,0.7,0.4,6445.133333333333,1005.2333333333333,663.2333333333333,3232.6,43.06666666666667,13.433333333333334,1.1882626300211996,0.07932076560488587,0.04901866622579594,0.039853109240842316,0.00386063630382219,66.5,66.5,205493.93333333332,21.76222491815376,74.73333333333333,117.9,1383.0666666666666,1498.9666666666667,0.5256114427378167,0.7254920826719313,0.12404406385014548,0.15046385347792307,30,0.23333333333333334
0.5,0.55,0.75,0.8,0.525,0.775,0.50-0.55,0.75-0.80,4.242492879469258,8.10481249607013,24.548961421241984,1.9145722573508102,5.69568923368761,0.9898098562989117,0.0075279733763806735,0.00266217032470758,0.0,0.0,3.0,0.3333333333333333,0.13333333333333333,64.96666666666667,0.6333333333333333,0.3,6263.866666666667,611.7,356.4,2910.4,25.466666666666665,6.066666666666666,1.0952820246651147,0.04860676941461856,0.025568347967540216,0.029549710840607646,0.0018549817226206167,65.8,65.8,208646.13333333333,21.558534713694826,75.63333333333334,119.33333333333333,1429.1,1546.4333333333334,0.5258726319306971,0.7774213299607601,0.11338320274648603,0.10919546729275373,30,0.13333333333333333
0.5,0.55,0.8,0.85,0.525,0.825,0.50-0.55,0.80-0.85,4.259110112325288,8.192195540759712,26.419395758615185,1.9129118451861271,6.100460501772688,0.9930721545129705,0.0037145975890781964,0.003213247897951383,0.0,0.0,2.7666666666666666,0.36666666666666664,0.16666666666666666,67.16666666666667,0.36666666666666664,0.2,5724.3,705.0333333333333,519.7333333333333,2495.266666666667,14.766666666666667,7.333333333333333,0.9650287309583897,0.0543958930453906,0.03859180918273826,0.030104891241838492,0.0024305068654939467,67.76666666666667,67.76666666666667,221150.8,23.272189244744368,76.53333333333333,120.96666666666667,1473.4,1592.3666666666666,0.5245656312833513,0.8221334064327086,0.08789289470983623,0.08997369885745507,30,0.16666666666666666
0.55,0.6,0.2,0.25,0.575,0.225,0.55-0.60,0.20-0.25,6.773096848822509,14.342399532712685,30.190375939322013,2.06322498460736,4.470001147915029,0.3876674154406932,0.5056726903445217,0.10665989421478504,0.061062170969071225,0.002767623790351057,2.3,2.6333333333333333,0.7,29.566666666666666,39.46666666666667,7.066666666666666,7207.666666666667,7838.033333333334,2433.9333333333334,3801.1,4530.366666666667,681.1666666666666,1.5694971326350544,1.508858257633013,0.30333225227271515,0.0335092413782452,0.015311867658359287,76.1,76.1,253809.86666666667,26.97223504364956,76.53333333333333,120.66666666666667,1484.4,1603.0666666666666,0.5738138065705,0.22461002999966193,0.42472379468946647,0.3506661753108716,30,0.5666666666666667
0.55,0.6,0.25,0.3,0.575,0.275,0.55-0.60,0.25-0.30,6.915190158567081,15.531502289425893,28.81943305527481,2.239743199470303,4.148602940813351,0.48588757315928216,0.38048377773479847,0.13362864910591926,0.11407413129197456,0.0035334479129560167,2.433333333333333,3.066666666666667,0.9333333333333333,35.6,30.333333333333332,9.4,7600.933333333333,8274.5,2896.366666666667,4100.666666666667,4836.533333333334,784.3333333333334,1.6188258759211749,1.572755493883354,0.35895166802220047,0.02993319688054418,0.01994815344611799,75.23333333333333,75.23333333333333,243549.2,25.68099160892113,75.23333333333333,119.06666666666666,1441.4,1558.4666666666667,0.5701490922008696,0.27827378797593755,0.3156320890143596,0.40609412300970277,30,0.8
0.55,0.6,0.3,0.35,0.575,0.32499999999999996,0.55-0.60,0.30-0.35,6.481340353493579,13.26019077328965,28.95927598311876,2.010914354059674,4.502397107991508,0.5624128858824241,0.3695556088694593,0.06803150524811646,0.08244525522502774,0.0019132653061224433,2.6,2.433333333333333,0.5,41.43333333333333,29.033333333333335,5.0,8213.166666666666,6912.633333333333,1557.5,4566.3,4073.1,426.76666666666665,1.71777509424525,1.2961896813552205,0.19196153598992774,0.030531390802934714,0.009915257687680406,75.33333333333333,75.33333333333333,247912.26666666666,25.768218622542918,76.2,120.16666666666667,1475.1,1593.2666666666667,0.5758833806663338,0.32470993170858126,0.4036313124330322,0.27165875585838645,30,0.43333333333333335
0.55,0.6,0.35,0.4,0.575,0.375,0.55-0.60,0.35-0.40,6.513868335750885,14.393883074323336,28.926806472591124,2.1342549385252654,4.481640726794912,0.6427840646192974,0.29571580560658534,0.06150012977411727,0.04928222738369579,0.00210180623973727,2.9,2.2,0.6,45.96666666666667,23.1,5.1,9077.266666666666,6326.2,1982.2666666666667,5334.8,3473.8,504.4,1.9275192186857264,1.10005369312906,0.2324672918378686,0.030068841491204944,0.012622980284504566,74.16666666666667,74.16666666666667,246038.73333333334,25.790143406484276,75.73333333333333,120.13333333333334,1477.0333333333333,1595.1666666666667,0.5722288887175565,0.3696549608931482,0.33651606405928114,0.29382897504757055,30,0.5333333333333333
0.55,0.6,0.4,0.45,0.575,0.42500000000000004,0.55-0.60,0.40-0.45,6.4094621905436115,13.278667734120972,29.515140073102277,2.056643246283886,4.642893925262184,0.7251901019414039,0.2331552120970068,0.041654685961589326,0.07065970963288101,0.0004246284501061567,2.8,2.5,0.5,53.166666666666664,19.3,3.0,8637.0,6969.8,1565.2,4907.566666666667,3824.4666666666667,141.9,1.7708163473677512,1.2169562014363084,0.1373993071805065,0.03037983047155037,0.009822359230990186,75.26666666666667,75.26666666666667,252471.0,26.350293841872674,75.8,120.83333333333333,1474.8666666666666,1593.7,0.5700160383051185,0.42227958393336784,0.305718129974577,0.2720022860920551,30,0.4666666666666667
0.55,0.6,0.45,0.5,0.575,0.475,0.55-0.60,0.45-0.50,6.0051764113207655,12.721836322064823,29.04905412908799,2.110522643299334,4.831249144636929,0.8096343951138195,0.1531096942701433,0.03725591061603714,0.03265148163854527,0.0,2.8333333333333335,2.1,0.5,57.733333333333334,12.766666666666667,2.7666666666666666,8474.8,5377.266666666666,1483.0666666666666,4683.433333333333,2606.3,84.53333333333333,1.6994959172249462,0.8694695372832939,0.1210956583963707,0.030123259833392958,0.010205148719251133,73.36666666666666,73.36666666666666,243915.6,25.868538069965627,75.43333333333334,119.76666666666667,1468.7666666666667,1586.5333333333333,0.5705631943048074,0.4737567205121068,0.26170818082447816,0.26453509866341496,30,0.5
0.55,0.6,0.5,0.55,0.575,0.525,0.55-0.60,0.50-0.55,6.114513817980575,12.718176826601848,31.245603540058557,2.0514818658942535,5.080525368688283,0.8875329436651693,0.10053147826076023,0.011935578074070445,0.013840964403795909,0.0,3.3,1.7,0.36666666666666664,66.33333333333333,9.166666666666666,0.8333333333333334,9775.666666666666,4635.266666666666,1381.4666666666667,5538.866666666667,1561.6333333333334,34.8,1.9254836129645507,0.6155180430505425,0.10508707336460549,0.0314176047686487,0.008101240770580853,76.3,76.3,267759.6,27.874885660324555,78.33333333333333,124.13333333333334,1573.4333333333334,1695.5666666666666,0.5691367085269297,0.5235516026268916,0.25270118470394337,0.223747212669165,30,0.36666666666666664
0.55,0.6,0.55,0.6,0.575,0.575,0.55-0.60,0.55-0.60,6.068461129713493,12.796678205098337,31.965524534656044,2.072833447301489,5.250843043987839,0.9399907792187946,0.04708583254041463,0.012923388240790748,0.00250467637930961,0.0,3.7666666666666666,1.3,0.3333333333333333,71.56666666666666,3.933333333333333,1.0333333333333334,10337.433333333332,3379.133333333333,1087.9666666666667,6522.433333333333,703.3333333333334,29.533333333333335,2.155672002894183,0.3698294196510687,0.08342714378765473,0.03168759227264668,0.006599202946138866,76.63333333333334,76.63333333333334,267576.06666666665,28.56811558303889,78.0,123.76666666666667,1552.5,1674.2666666666667,0.5702537825205932,0.5731021191124099,0.21060059660675,0.2162972842808399,30,0.3333333333333333
0.55,0.6,0.6,0.65,0.575,0.625,0.55-0.60,0.60-0.65,5.03286292058571,9.55306100678475,27.606693545822054,1.9162785613963327,5.398323814839747,0.9644875220401947,0.03237900291359159,0.0031334750462136433,0.0,0.0,3.6666666666666665,0.8666666666666667,0.13333333333333333,70.2,2.7333333333333334,0.2,8649.3,2385.7,315.03333333333336,4995.966666666666,112.9,6.833333333333333,1.6936557064764202,0.18659091865022975,0.022871717616605256,0.029274268890730988,0.0020445588355263032,72.96666666666667,72.96666666666667,236165.73333333334,24.565986322122626,74.3,118.0,1429.0333333333333,1545.0333333333333,0.571718747185901,0.6216320024146235,0.22256488991709222,0.15580310766828417,30,0.13333333333333333
0.55,0.6,0.65,0.7,0.575,0.675,0.55-0.60,0.65-0.70,4.798672671119372,9.19666258074964,28.639554547844455,1.9057936883212176,5.840492384598622,0.9666353616032897,0.02789460819303805,0.005470030203672236,0.0,0.0,3.2333333333333334,0.7333333333333333,0.13333333333333333,69.8,2.033333333333333,0.3333333333333333,7286.866666666667,1827.2333333333333,395.93333333333334,3877.6,76.2,9.8,1.3749510598912213,0.14513294716986513,0.030090991834489003,0.030204423237591933,0.002220105961896473,72.1,72.1,237648.3,25.40375344629865,75.86666666666666,120.2,1473.7333333333333,1591.9333333333334,0.5745782804213183,0.673569157623824,0.19595122309609295,0.13047961928008306,30,0.13333333333333333
0.55,0.6,0.7,0.75,0.575,0.725,0.55-0.60,0.70-0.75,4.640999092177178,8.863802820754549,27.723897239581373,1.904040900681387,5.869224458150216,0.9771448051065514,0.021492294339576935,0.0013629005538715465,0.0,0.0,3.1,0.6333333333333333,0.13333333333333333,70.3,1.7666666666666666,0.13333333333333333,6814.133333333333,1505.4666666666667,416.8,3433.1,67.53333333333333,5.233333333333333,1.27307129635786,0.11889244410364576,0.030390143898936604,0.03028682801717267,0.002169350045733147,72.03333333333333,72.03333333333333,236152.93333333332,24.53325962065719,76.3,121.0,1473.7333333333333,1592.7333333333333,0.5740278108658265,0.7217088726769517,0.17500047181837017,0.10329065550467811,30,0.13333333333333333
0.55,0.6,0.75,0.8,0.575,0.775,0.55-0.60,0.75-0.80,4.836242554398875,9.625280942806663,29.289085530132677,1.9877913915085828,5.982436720009193,0.9854442110382445,0.009723492612858582,0.0048322963488968435,0.0,0.0,3.1,0.6333333333333333,0.26666666666666666,72.23333333333333,1.0666666666666667,0.43333333333333335,7022.433333333333,1231.6666666666667,860.3,3642.4333333333334,40.266666666666666,15.6,1.312125430170757,0.09393064441004143,0.0637535968174537,0.02993852579190081,0.00402144951901087,73.76666666666667,73.76666666666667,247489.86666666667,25.999812146959204,77.1,122.66666666666667,1516.9333333333334,1637.6,0.574121508689513,0.7720643617672526,0.1022586585625428,0.12567697967020458,30,0.26666666666666666
0.55,0.6,0.8,0.85,0.575,0.825,0.55-0.60,0.80-0.85,4.502970254786002,8.389646401240801,28.903786058460053,1.8576073804165258,6.275808160503148,0.9945766887272343,0.0050288339552114125,0.00039447731755423997,0.0,0.0,3.0,0.36666666666666664,0.03333333333333333,71.36666666666666,0.5333333333333333,0.03333333333333333,6526.2,1133.8,134.16666666666666,3149.866666666667,17.666666666666668,2.7666666666666666,1.1623844878825669,0.08361990330740805,0.010417312926923234,0.03000863129273052,0.00051075806065152,71.96666666666667,71.96666666666667,244887.9,25.6050361628877,77.26666666666667,122.5,1528.9333333333334,1649.4333333333334,0.5708186785506915,0.8218141708702705,0.0987019098354777,0.0794839192942517,30,0.03333333333333333
0.6,0.65,0.2,0.25,0.625,0.225,0.60-0.65,0.20-0.25,7.501700644303734,16.958743125433102,32.46707227546722,2.226416750781739,4.3194391702498365,0.3691912467407705,0.4738652784940239,0.15694347476520568,0.07071763260866723,0.0027961965693258364,2.8333333333333335,2.7333333333333334,0.9,29.866666666666667,38.5,12.633333333333333,9185.766666666666,7836.066666666667,2964.5666666666666,5615.433333333333,4284.866666666667,860.4666666666667,2.140223446767777,1.4747039224797238,0.3809732396621257,0.030750473379157428,0.01890773535706099,80.86666666666666,80.86666666666666,274282.4,29.166228461933013,77.7,122.9,1517.1666666666667,1638.0666666666666,0.6186374071573735,0.22919293741647165,0.3902456745614825,0.38056138802204575,30,0.7333333333333333
0.6,0.65,0.25,0.3,0.625,0.275,0.60-0.65,0.25-0.30,7.248888362858755,15.503150034540644,30.773565375129692,2.1031362387840162,4.29840434358816,0.43112325556001835,0.41105529880148856,0.157821445638493,0.06923537124086734,0.011001934086450152,2.566666666666667,2.7333333333333334,0.9,34.43333333333333,33.0,12.9,8159.633333333333,8628.5,2879.0333333333333,4543.0,5366.666666666667,1118.0,1.739602031884715,1.712220588233322,0.41244274587370455,0.02997295135476933,0.016113215242512496,80.46666666666667,80.46666666666667,268495.86666666664,27.551538836948264,76.93333333333334,122.03333333333333,1498.2666666666667,1618.3,0.6221628090996991,0.2689180036148179,0.3583751371644182,0.3727068592207638,30,0.6333333333333333
0.6,0.65,0.3,0.35,0.625,0.32499999999999996,0.60-0.65,0.30-0.35,6.775651728579153,14.158316893153824,30.6721302793206,2.035504788112501,4.50793564713011,0.5207345355320453,0.3827670248220247,0.09649843964592995,0.07947913558242467,0.004984661305979223,2.6,2.6333333333333333,0.7333333333333333,41.3,30.333333333333332,7.766666666666667,8189.233333333334,7729.533333333334,2446.8,4537.366666666667,4162.733333333334,889.9333333333333,1.71076658317664,1.3812977508253728,0.34348006049791974,0.03027552699980632,0.012693158544910427,79.33333333333333,79.33333333333333,263652.36666666664,27.479556515269604,75.96666666666667,120.33333333333333,1480.9,1599.2333333333333,0.622048861417592,0.3249236941347008,0.3736996630430695,0.30137664282222965,30,0.5333333333333333
0.6,0.65,0.35,0.4,0.625,0.375,0.60-0.65,0.35-0.40,6.504157708453325,13.683304983618049,30.250545019904774,2.0746074603495424,4.659118926280855,0.6157945258836494,0.27329602626388005,0.1109094478524705,0.049761989903675176,0.006721129089679123,2.6333333333333333,2.3666666666666667,0.8333333333333334,47.03333333333333,23.3,9.566666666666666,8050.566666666667,7058.7,2814.8,4357.766666666666,3763.8,941.0,1.6396636828236903,1.2208138656569645,0.36842272772143286,0.030178245118198253,0.013248478838553004,79.86666666666666,79.86666666666666,263487.06666666665,27.115825717143405,75.7,120.4,1470.0333333333333,1588.4333333333334,0.6219686110366519,0.38318689252910604,0.2963755707503842,0.32043753672050973,30,0.5666666666666667
0.6,0.65,0.4,0.45,0.625,0.42500000000000004,0.60-0.65,0.40-0.45,6.30683410699324,12.705489855143242,30.174527787215386,1.9911978824046563,4.794781310927968,0.6810506234759255,0.2716730562478688,0.04727632027620566,0.06820631877402827,0.0017607042817126834,2.566666666666667,2.3333333333333335,0.5,52.2,23.1,3.5,8284.6,6847.0,1550.4666666666667,4421.966666666666,3945.9666666666667,566.8,1.6143109362261991,1.2279416640133907,0.21356897486839443,0.029805044565970645,0.0091998504164318,78.83333333333333,78.83333333333333,260977.4,27.00312410481274,75.4,119.33333333333333,1487.6333333333334,1604.9666666666667,0.6290270441538269,0.4300620963089184,0.3119149942025326,0.258022909488549,30,0.43333333333333335
0.6,0.65,0.45,0.5,0.625,0.475,0.60-0.65,0.45-0.50,6.913913636041495,14.573535483602123,31.09245898396087,2.0897640830282502,4.513209993035844,0.7580663973305026,0.19140979399106742,0.0505238086784299,0.06264406067288399,0.0010761366693570066,3.033333333333333,2.6,0.6,59.03333333333333,16.666666666666668,3.966666666666667,9712.0,7352.8,1768.7,5768.433333333333,4030.233333333333,346.03333333333336,2.030224426804731,1.2825062541135896,0.18951354237894216,0.030413132626563266,0.011169714271090897,79.6,79.6,267838.56666666665,27.851114450216603,77.06666666666666,121.96666666666667,1493.1,1613.0666666666666,0.6280734181820223,0.47673851884953583,0.25072835778502695,0.2725331233654371,30,0.5333333333333333
0.6,0.65,0.5,0.55,0.625,0.525,0.60-0.65,0.50-0.55,6.221273739162522,12.819034011724094,28.76637259692264,2.0188412747150073,4.648515286560064,0.8389888481692774,0.14334924832599813,0.01766190350472433,0.04202029184623646,0.00044150110375275667,3.3,2.1666666666666665,0.43333333333333335,63.86666666666667,13.033333333333333,1.5,9720.133333333333,5786.433333333333,1342.6,5930.966666666666,2767.733333333333,281.03333333333336,2.005697746644728,0.9216885369581481,0.14482521452009678,0.031112471867042232,0.00797427725046871,78.36666666666666,78.36666666666666,247753.53333333333,25.71688765892759,75.5,119.3,1411.6333333333334,1528.9333333333334,0.6236764146911883,0.5266645507344699,0.2687206946045204,0.2046147546610096,30,0.4
0.6,0.65,0.55,0.6,0.625,0.575,0.60-0.65,0.55-0.60,6.837364225066267,14.855981903577534,33.35801251601273,2.1337118406071776,4.886485546690852,0.9074283339589155,0.07471778635473453,0.01785387968634984,0.020463143417828848,0.00022222222222222,3.566666666666667,2.033333333333333,0.5,74.2,6.833333333333333,1.6333333333333333,11214.066666666668,5886.433333333333,1694.1,6867.0,2915.9,202.6,2.2682940071293465,0.9457507168796534,0.15586976641012976,0.030500688978160377,0.009328334126621457,82.56666666666666,82.56666666666666,288957.26666666666,29.997799280487623,78.63333333333334,124.66666666666667,1559.6,1682.2666666666667,0.624627282073616,0.5738215251522667,0.21078717366725822,0.21539130118047503,30,0.4666666666666667
0.6,0.65,0.6,0.65,0.625,0.625,0.60-0.65,0.60-0.65,6.171632379021806,11.85878413535344,33.9160075772088,1.8987723168779336,5.493406636101068,0.9515603201604202,0.041668988266365545,0.006770691573214182,0.00193284193284193,0.0,4.233333333333333,0.9,0.13333333333333333,79.0,3.2666666666666666,0.6,11778.6,2556.6,485.1666666666667,7293.166666666667,403.06666666666666,16.533333333333335,2.3726886186826355,0.25320091459434474,0.03774549268806974,0.030742142504701968,0.0026393578931068295,83.0,83.0,291888.0333333333,30.537145502942924,78.43333333333334,124.6,1555.8,1678.4,0.621908297249216,0.6274429559541341,0.21278057267953548,0.15977647136633027,30,0.13333333333333333
0.6,0.65,0.65,0.7,0.625,0.675,0.60-0.65,0.65-0.70,5.103648023990293,10.976610260161882,28.331397105745662,2.112841458575187,5.50467107801962,0.9751155842968229,0.014928987003633726,0.00995542869954332,0.0,0.0,3.6333333333333333,0.9333333333333333,0.43333333333333335,74.53333333333333,1.2,0.8,8430.733333333334,1578.9666666666667,1407.0666666666666,4875.233333333334,65.83333333333333,28.833333333333332,1.6647593508241698,0.12186772519877799,0.106714327315179,0.028809888948065486,0.00755620945710686,76.5,76.5,244378.46666666667,25.272857477733243,74.43333333333334,118.53333333333333,1429.4666666666667,1546.0,0.6230579601918098,0.6721968457765634,0.17884543290574192,0.14895772131769458,30,0.43333333333333335
0.6,0.65,0.7,0.75,0.625,0.725,0.60-0.65,0.70-0.75,4.873628028823684,9.946360363198133,29.144184723263606,2.0043241677431207,5.872664544542122,0.9782692327624622,0.015312497960114009,0.006418269277423707,0.0,0.0,3.4,0.7,0.23333333333333334,74.46666666666667,1.2333333333333334,0.6333333333333333,7815.933333333333,1528.8333333333333,778.1666666666666,4225.666666666667,77.26666666666667,19.666666666666668,1.4969208863719057,0.12095278827473517,0.06013081215011575,0.02953861684848861,0.003854482783935953,76.26666666666667,76.26666666666667,248894.53333333333,26.000047830166295,75.6,120.1,1446.7,1564.8,0.6198356832530199,0.7279012396895228,0.11843437960159535,0.15366438070888178,30,0.23333333333333334
0.6,0.65,0.75,0.8,0.625,0.775,0.60-0.65,0.75-0.80,4.553424682623397,8.84769243421033,29.47059969281933,1.943676470842962,6.313979896781629,0.981900886822359,0.013997962517307111,0.0041011506603339295,0.0,0.0,3.2,0.5,0.16666666666666666,74.96666666666667,1.2,0.36666666666666664,7109.0,1028.8666666666666,482.43333333333334,3599.366666666667,41.4,11.2,1.2995243850552167,0.07851882857115312,0.0356447867428263,0.02962909638881679,0.002429479694304363,76.63333333333334,76.63333333333334,252572.06666666668,26.304596252351377,76.73333333333333,121.76666666666667,1468.8,1588.5666666666666,0.6276906729707592,0.7795641906905615,0.10835808486101392,0.1120777244484245,30,0.16666666666666666
0.6,0.65,0.8,0.85,0.625,0.825,0.60-0.65,0.80-0.85,4.284235344772848,8.265301570257483,27.441257352281053,1.9031079507767714,6.264166975112849,0.9915437186218803,0.004565332983585507,0.0038909483945342234,0.0,0.0,3.033333333333333,0.3333333333333333,0.13333333333333333,73.9,0.4,0.3333333333333333,6233.033333333334,593.4666666666667,454.3333333333333,2997.5,19.1,9.6,1.1339005139113094,0.04680030765788004,0.034858521151666835,0.028996060718782204,0.0019590719603001998,74.73333333333333,74.73333333333333,231626.6,24.398249569154967,74.03333333333333,118.16666666666667,1383.2,1499.3666666666666,0.6266108671987975,0.82597823563256,0.08203766189514843,0.09198410247229143,30,0.13333333333333333
0.65,0.7,0.2,0.25,0.675,0.225,0.65-0.70,0.20-0.25,7.2016789253878715,15.344030388320485,33.556760792077206,2.099667353285333,4.702242524646157,0.3291985601494918,0.5251797491471534,0.14562169070335484,0.12393150126500334,0.01408259030613378,2.3,2.7,0.9,27.766666666666666,44.36666666666667,12.266666666666667,7788.866666666667,8237.633333333333,3049.0333333333333,4131.1,4798.533333333334,952.9666666666667,1.6670150197266291,1.6079117256837587,0.40044669643975794,0.030733417564382106,0.017547445992628707,84.46666666666667,84.46666666666667,291997.6666666667,30.2114255115157,77.86666666666666,123.23333333333333,1571.1,1692.3333333333333,0.6725685208370847,0.22266278968027203,0.448843408095762,0.3284938022239659,30,0.6333333333333333
0.65,0.7,0.25,0.3,0.675,0.275,0.65-0.70,0.25-0.30,6.849782703211531,14.696764506127996,32.151502831450976,2.087133600626613,4.72858149637628,0.403412766681012,0.4831642832138393,0.11342295010514863,0.0809684924902249,0.012137769908079432,2.466666666666667,2.566666666666667,0.8,33.2,40.166666666666664,9.466666666666667,7882.8,7361.466666666666,2617.1,4371.466666666666,4201.833333333333,806.8333333333334,1.7137815178527187,1.3994518434628844,0.34400829405058175,0.03102448264447346,0.014885093745154603,82.86666666666666,82.86666666666666,273287.86666666664,28.91238602557375,76.56666666666666,121.03333333333333,1480.0,1599.0333333333333,0.6763954159145109,0.2737151072896879,0.4462877349342316,0.2799971577760804,30,0.6
0.65,0.7,0.3,0.35,0.675,0.32499999999999996,0.65-0.70,0.30-0.35,6.9932364251387,15.453419962044185,32.056146381849736,2.197904452861374,4.582354237250013,0.47701796331184015,0.3902976125775057,0.13268442411065406,0.08195612587866163,0.0046537435203928505,2.2666666666666666,2.933333333333333,1.0,38.6,32.93333333333333,10.633333333333333,7376.8,8567.933333333332,3238.266666666667,3720.866666666667,5278.766666666666,1099.0666666666666,1.4867997365460421,1.6739897868440796,0.4363620702254896,0.029934327661370178,0.017956869172242748,82.2,82.2,277714.5333333333,28.853736877984677,75.96666666666667,120.86666666666666,1514.5666666666666,1633.4333333333334,0.6778220520561508,0.32334025025409124,0.34150302443370245,0.3351567253122062,30,0.7666666666666667
0.65,0.7,0.35,0.4,0.675,0.375,0.65-0.70,0.35-0.40,6.618598146208872,13.774428913796632,30.26766601736502,2.047288026831445,4.530665108148289,0.559409376260657,0.31353770094406563,0.1270529227952773,0.054581323836248044,0.008092166047154082,2.6,2.2333333333333334,0.8666666666666667,44.06666666666667,26.166666666666668,10.466666666666667,7884.833333333333,6625.033333333334,2850.233333333333,4363.133333333333,3616.5,1184.3333333333333,1.6726722667226568,1.209199319127947,0.43297398447369534,0.030023183207958885,0.01313683538076776,80.56666666666666,80.56666666666666,258948.03333333333,27.19410040959095,75.1,118.9,1426.8666666666666,1543.7666666666667,0.6716138819524405,0.37675043992246743,0.2950095660373408,0.3282399940401917,30,0.5666666666666667
0.65,0.7,0.4,0.45,0.675,0.42500000000000004,0.65-0.70,0.40-0.45,6.7009610872870935,13.727702224471917,30.431432229815982,2.021354102613949,4.512491044673911,0.6239425695224979,0.28682615310204024,0.08923127737546176,0.05418447193524521,0.007739321037052686,2.7,2.466666666666667,0.8,49.43333333333333,24.266666666666666,7.666666666666667,8080.233333333334,7601.8,2637.266666666667,4460.433333333333,4308.166666666667,1130.3,1.6711765655782074,1.3745236198883504,0.3990316379349679,0.029781434374550924,0.011151313471297396,81.33333333333333,81.33333333333333,262065.1,27.3177301431618,74.86666666666666,118.7,1445.4,1562.1,0.6744282144012443,0.4225008063692986,0.30746952219634555,0.27002967143435586,30,0.5
0.65,0.7,0.45,0.5,0.675,0.475,0.65-0.70,0.45-0.50,6.277074177439014,12.837598051798219,28.266273773430537,2.015053597315698,4.522611159537804,0.7084355471351514,0.24276278171059978,0.04880167115424865,0.05276792117043073,0.00495405399697215,2.7333333333333334,2.466666666666667,0.7,53.86666666666667,21.066666666666666,4.066666666666666,7996.1,7136.4,2099.8,4434.2,4084.0,615.2,1.6230361831064026,1.2806202469316001,0.2590506349224597,0.02921605114048963,0.009817531681619565,79.06666666666666,79.06666666666666,245434.86666666667,25.278460429399274,74.16666666666667,117.4,1393.6333333333334,1509.0333333333333,0.6694059736928555,0.47644051695633227,0.28491632885247375,0.23864315419119386,30,0.4666666666666667
0.65,0.7,0.5,0.55,0.675,0.525,0.65-0.70,0.50-0.55,6.5267862944165245,12.952397415647283,32.11352775183817,1.968972196931329,4.8966080736566315,0.7728917947500664,0.18152417817680833,0.04558402707312526,0.018148907756600437,0.0021407365550891503,3.0,1.9333333333333333,0.4666666666666667,63.266666666666666,16.033333333333335,3.933333333333333,9511.366666666667,5950.1,1627.7666666666667,5583.266666666666,2939.9666666666667,714.0,1.9489088204378884,0.9659572803260138,0.2485572698060423,0.029725458977433505,0.00770746439229695,83.23333333333333,83.23333333333333,277985.1666666667,28.920735947516125,76.46666666666667,121.06666666666666,1506.3,1625.3666666666666,0.6738939719278247,0.5233074647873147,0.261043261534835,0.21564927367785025,30,0.36666666666666664
0.65,0.7,0.55,0.6,0.675,0.575,0.65-0.70,0.55-0.60,6.443182713119313,13.481706041105403,29.201707677372422,2.0646921920007926,4.537654259746071,0.860732279008749,0.11018165866311108,0.029086062328139803,0.03872932452645929,0.0,3.6333333333333333,2.2,0.43333333333333335,67.23333333333333,10.866666666666667,2.566666666666667,10400.333333333334,5812.7,1341.8666666666666,6572.366666666667,3023.8333333333335,232.7,2.193212315905839,0.9694672494273012,0.13970309984870255,0.02929075795691455,0.008792729543832423,80.83333333333333,80.83333333333333,252459.26666666666,26.186788774599943,74.26666666666667,117.33333333333333,1373.2333333333333,1488.5666666666666,0.6677445946143818,0.5785127012361981,0.20005591378120977,0.22143138498259196,30,0.43333333333333335
0.65,0.7,0.6,0.65,0.675,0.625,0.65-0.70,0.60-0.65,6.053194308963914,12.693014504232755,30.06291564030107,2.0605612462618685,4.995444202587835,0.9201857595912746,0.06541717616017556,0.014397064248549803,0.024526741315269152,0.0,3.2333333333333334,2.066666666666667,0.43333333333333335,73.8,6.4,1.2333333333333334,9650.733333333334,5232.733333333334,1379.5666666666666,5735.733333333334,2674.5666666666666,36.53333333333333,1.9072908009790506,0.8584668099259337,0.10383765504229812,0.028862043012243963,0.007777576489994897,81.4,81.4,261822.16666666666,26.996927528913755,74.73333333333333,118.3,1438.7,1555.0,0.6726496662102217,0.623837313806735,0.17881806808984033,0.19734461810342463,30,0.43333333333333335
0.65,0.7,0.65,0.7,0.675,0.675,0.65-0.70,0.65-0.70,5.576663308699305,10.739428717254972,32.4522170292524,1.9139742624443976,5.794508340023735,0.9665029335487915,0.02903003954764015,0.00446702690356839,0.0015390677514312834,0.0009852216748768466,3.466666666666667,1.0333333333333334,0.16666666666666666,79.53333333333333,2.7666666666666666,0.36666666666666664,9101.966666666667,3053.766666666667,562.8666666666667,5259.733333333334,806.1666666666666,23.366666666666667,1.8066491776456435,0.3640255582286045,0.04562863517397393,0.030151432923351675,0.003156224459720147,82.7,82.7,277912.0333333333,29.169496584606048,77.4,122.1,1511.2666666666667,1631.3666666666666,0.6734941319233104,0.6706162869450439,0.16103819433638955,0.16834551871856643,30,0.16666666666666666
0.65,0.7,0.7,0.75,0.675,0.725,0.65-0.70,0.70-0.75,5.268620363397834,10.181879164107764,32.69409104289176,1.9326463702059267,6.147309431389272,0.9841567342858389,0.012395083378755077,0.003448182335406007,0.0,0.0005434782608695634,3.6333333333333333,0.6,0.13333333333333333,81.7,1.1333333333333333,0.3,8803.6,1694.4666666666667,419.03333333333336,5331.9,52.03333333333333,10.166666666666666,1.8000217548493918,0.12974706808260328,0.031760490577047065,0.029797434690408357,0.0020680481490368565,83.06666666666666,83.06666666666666,281044.8,29.403167093599524,77.2,122.06666666666666,1525.7666666666667,1645.8333333333333,0.6758094813496666,0.7217842076400846,0.12468091642221306,0.15353487593770235,30,0.13333333333333333
0.65,0.7,0.75,0.8,0.675,0.775,0.65-0.70,0.75-0.80,4.565914545479852,8.740953302282529,25.91751900947808,1.9021841953149274,5.700537527842851,0.9871765658910479,0.010602713368646037,0.002220720740306113,0.00022371364653243664,0.0,3.566666666666667,0.5666666666666667,0.13333333333333333,74.7,0.7333333333333333,0.16666666666666666,7376.166666666667,1284.4333333333334,369.6,4138.033333333334,55.63333333333333,6.333333333333333,1.480600669553193,0.10145375330466774,0.027352769587499395,0.0286744783322016,0.00193962536286562,75.43333333333334,75.43333333333334,218248.36666666667,23.02614137006458,72.26666666666667,114.66666666666667,1298.6666666666667,1411.3333333333333,0.6750039973474949,0.7721609053337847,0.10604442949704924,0.12179466516916598,30,0.13333333333333333
0.65,0.7,0.8,0.85,0.675,0.825,0.65-0.70,0.80-0.85,4.298446910494628,8.014221751169922,28.857311726314947,1.8628933203484015,6.56311156798568,0.998260434635475,0.00151434013929977,0.00022522522522522333,0.0,0.0,3.1333333333333333,0.16666666666666666,0.03333333333333333,77.33333333333333,0.16666666666666666,0.03333333333333333,6651.8,340.7,88.06666666666666,3449.2,10.466666666666667,0.5333333333333333,1.2489480472868308,0.026846834419605593,0.006217694608494637,0.02866617074081049,0.00046298160062481665,77.53333333333333,77.53333333333333,244618.53333333333,25.779677203390747,74.33333333333333,118.1,1416.3,1532.4,0.6716737190764227,0.8204874285692747,0.08891281538412325,0.09059975604660199,30,0.03333333333333333
0.7,0.75,0.2,0.25,0.725,0.225,0.70-0.75,0.20-0.25,7.2872194746742025,15.420090263166154,31.842815122993972,2.0816155045420732,4.34171470551264,0.30791529927108363,0.49167618123954804,0.20040851948936825,0.07004300116759116,0.017280268656034135,2.6,2.6333333333333333,1.0666666666666667,26.966666666666665,41.7,17.366666666666667,7885.466666666666,7845.933333333333,3333.866666666667,4607.666666666667,4476.5,1461.7333333333333,1.825568645532864,1.556163935844476,0.5257231138724213,0.030297408811747986,0.016446645798472038,86.0,86.0,273210.23333333334,28.660884016814332,75.33333333333333,119.43333333333334,1430.1333333333334,1547.5666666666666,0.7252518768220068,0.22461715428271706,0.4318694275306669,0.3435134181866159,30,0.6333333333333333
0.7,0.75,0.25,0.3,0.725,0.275,0.70-0.75,0.25-0.30,7.087582100648433,15.489201126038097,31.321238463084836,2.1683704267358506,4.390201451935988,0.3806134050326942,0.4614898743732251,0.15789672059408058,0.1094324190527205,0.018926168620511944,2.566666666666667,2.933333333333333,1.1,32.93333333333333,39.36666666666667,13.733333333333333,7806.533333333334,8479.466666666667,3288.0,4490.166666666667,5099.366666666667,1298.9,1.733067612706994,1.657439349219203,0.48181255037585896,0.029197523642020873,0.01681990882692234,86.03333333333333,86.03333333333333,272131.73333333334,28.255749962409027,74.63333333333334,118.03333333333333,1424.0666666666666,1540.1,0.7253600173379343,0.27643093582503614,0.38318449628255186,0.3403845678924119,30,0.7333333333333333
0.7,0.75,0.3,0.35,0.725,0.32499999999999996,0.70-0.75,0.30-0.35,6.8663945865894975,14.89711084170267,33.66235717354963,2.1168125193980933,4.879447237072308,0.4460655324825023,0.38410265409113437,0.16983181342636333,0.06556637872161417,0.01623524419468665,2.5,2.4,0.9,37.03333333333333,34.733333333333334,15.133333333333333,8047.833333333333,7027.733333333334,2798.7,4545.966666666666,4046.3,928.9,1.762815667122292,1.3520908920327201,0.38195794564671814,0.030164147028699476,0.015566022096512196,86.9,86.9,286550.9,30.42726229430021,75.73333333333333,120.36666666666666,1473.3,1591.6666666666667,0.7241456100068601,0.3242813713090503,0.35267007858301425,0.3230485501079354,30,0.6333333333333333
0.7,0.75,0.35,0.4,0.725,0.375,0.70-0.75,0.35-0.40,6.617347878636792,13.990968821259836,30.599245568931412,2.080800109074538,4.660896541750929,0.5167184084285744,0.3855370491583605,0.09774454241306496,0.1264572584447019,0.0046986932669278265,2.3333333333333335,2.9,0.7333333333333333,41.96666666666667,34.6,8.233333333333333,7254.8,8571.333333333334,2207.1,3812.266666666667,5144.9,724.1666666666666,1.4869823881114523,1.627199665720885,0.2910096466075629,0.029553432250395365,0.01334335654973981,84.9,84.9,268525.76666666666,27.54590726166498,75.16666666666667,118.56666666666666,1428.3333333333333,1544.9,0.7275198707907738,0.37661482644260164,0.33602651498150754,0.28735865857589077,30,0.6
0.7,0.75,0.4,0.45,0.725,0.42500000000000004,0.70-0.75,0.40-0.45,6.582723934164581,13.635966513538733,33.23843570057458,2.0267136517800783,5.037472060320366,0.5845174853468766,0.3452847601651402,0.07019775448798309,0.11021206117480904,0.0057192315028929104,2.433333333333333,2.533333333333333,0.7,47.766666666666666,31.7,6.5,7675.4,7425.466666666666,2190.4333333333334,4036.9666666666667,4267.833333333333,652.8666666666667,1.570577120097975,1.3869316553852211,0.2793828153517097,0.029900837883663618,0.01072192564606665,85.96666666666667,85.96666666666667,281908.5333333333,29.984538714634255,74.6,118.76666666666667,1470.7333333333333,1587.5,0.7254885708260836,0.42455010623546335,0.33889738011189563,0.2365525136526409,30,0.5
0.7,0.75,0.45,0.5,0.725,0.475,0.70-0.75,0.45-0.50,6.808180574056071,14.30591219298852,32.26264009504424,2.0646024792376516,4.752479840389382,0.6560024436621255,0.2828880449036277,0.061109511434246803,0.07129081563833836,0.007951973058913684,2.7333333333333334,2.6333333333333333,0.8666666666666667,53.86666666666667,26.533333333333335,5.8,8551.533333333333,7338.066666666667,2667.0,4905.266666666666,4348.933333333333,895.9333333333333,1.7974112048977986,1.3652774026074137,0.35747162415646017,0.037154138747913096,0.011815938826960803,86.06666666666666,86.06666666666666,279652.4,29.09266944703025,75.76666666666667,119.6,1450.1333333333334,1567.7333333333333,0.7194760725923418,0.4722708664357522,0.2983341991699264,0.22939493439432132,30,0.5666666666666667
0.7,0.75,0.5,0.55,0.725,0.525,0.70-0.75,0.50-0.55,6.621484567100803,13.372714920745542,32.9654555748372,1.9976139229032093,4.973046387141162,0.7306197107623117,0.21154992281957327,0.05783036641811502,0.04972810737457683,0.004773286575612153,2.8666666666666667,2.2,0.5333333333333333,60.86666666666667,20.666666666666668,5.433333333333334,9024.866666666667,6533.766666666666,1704.3333333333333,5139.3,3658.1,637.8,1.8616314461299528,1.1647143042258297,0.24097573361359537,0.03041165939066554,0.008970484098729964,86.86666666666666,86.86666666666666,287524.5333333333,29.750823765837897,76.36666666666666,121.1,1492.5666666666666,1611.6666666666667,0.7202793152998724,0.5271156295729476,0.2536892085252236,0.21919516190182878,30,0.43333333333333335
0.7,0.75,0.55,0.6,0.725,0.575,0.70-0.75,0.55-0.60,6.45801570576926,12.898764192359522,32.82920318384034,1.9918671598929205,5.065646883291552,0.7994082618238476,0.1786615854701083,0.02193015270604399,0.0718809818037724,0.0011363636363636333,3.0,2.3,0.4,65.6,18.8,1.9333333333333333,9359.233333333334,6492.8,1217.8666666666666,5391.066666666667,3588.9333333333334,173.13333333333333,1.9070327931937452,1.1366175865987316,0.12019911198876797,0.03006180205071961,0.007019061789227007,86.1,86.1,282266.4666666667,29.580597823175292,76.2,120.46666666666667,1470.2,1588.6666666666667,0.7223690410318369,0.5779934506203439,0.24968507103968088,0.17232147833997521,30,0.36666666666666664
0.7,0.75,0.6,0.65,0.725,0.625,0.70-0.75,0.60-0.65,6.956088356479692,14.630686193898631,33.40598292707,2.055009589772411,4.828234286541079,0.8634684006982183,0.10878347461497982,0.02774812468680189,0.02100039637622492,0.0033128577600172763,3.533333333333333,2.0,0.5333333333333333,72.73333333333333,11.366666666666667,2.966666666666667,11267.3,5891.566666666667,1905.7666666666667,7100.033333333334,3011.9666666666667,544.7,2.3456854827236384,0.971793316033048,0.23520140132556358,0.03005509322974826,0.008395946933887883,86.96666666666667,86.96666666666667,290112.5333333333,30.15654240793083,77.13333333333334,122.06666666666666,1495.5333333333333,1615.6,0.7255679065304486,0.6272058305503936,0.20181911683446102,0.17097505261514526,30,0.43333333333333335
0.7,0.75,0.65,0.7,0.725,0.675,0.70-0.75,0.65-0.70,6.258320682682097,13.124331562624624,32.51275090442505,2.0846455461291944,5.220674869719821,0.9244795294732157,0.060010640775030606,0.015509829751753634,0.01539997113341648,0.00017182130584192333,3.466666666666667,1.9666666666666666,0.43333333333333335,76.5,6.2,1.3333333333333333,10391.333333333334,5119.2,1344.4333333333334,6333.7,2051.733333333333,36.3,2.1169903620223827,0.73477894688646,0.1010703472032522,0.029671092052012637,0.007223892801751673,84.06666666666666,84.06666666666666,280007.8333333333,29.28308794022693,76.2,120.76666666666667,1488.7,1607.4666666666667,0.7229827160198851,0.6747950044412011,0.15884235522491713,0.16636264033388168,30,0.4
0.7,0.75,0.7,0.75,0.725,0.725,0.70-0.75,0.70-0.75,5.4661020791778965,11.07370565199138,32.816126368901074,2.0097768398234606,5.92494783693096,0.9761446059735231,0.016735040741823463,0.00712035328465338,0.0,0.0,3.7,0.7,0.26666666666666666,82.73333333333333,1.5333333333333334,0.6,9286.0,1320.4666666666667,872.3666666666667,5765.4,109.0,17.333333333333332,1.9334298238391057,0.11247722548432644,0.06622799342342962,0.02987640036735679,0.00446522705412158,84.86666666666666,84.86666666666666,284250.4666666667,29.56887711790235,76.2,120.63333333333334,1495.4,1614.0333333333333,0.7173047135629934,0.7267197802325073,0.15590046219580553,0.11737975757168709,30,0.26666666666666666
0.7,0.75,0.75,0.8,0.725,0.775,0.70-0.75,0.75-0.80,4.802827831784573,9.227843357560536,29.859495293931104,1.9121258737840714,6.147678397736808,0.9847166303985088,0.011932446855696027,0.00335092274579518,0.0,0.0,3.533333333333333,0.6666666666666666,0.16666666666666666,82.43333333333334,1.0666666666666667,0.3333333333333333,7671.966666666666,1586.5666666666666,482.8,4371.233333333334,69.96666666666667,11.166666666666666,1.5339576813858002,0.12405625990747159,0.036331084168826536,0.028811287484131698,0.00246730012198289,83.76666666666667,83.76666666666667,257604.33333333334,26.860004519694485,74.2,117.9,1384.0333333333333,1499.9333333333334,0.7227673117020346,0.7730166971559338,0.11959923941851924,0.10738406342554686,30,0.16666666666666666
0.7,0.75,0.8,0.85,0.725,0.825,0.70-0.75,0.80-0.85,4.764403716932672,8.866001909870343,32.75732892410209,1.857688375671963,6.6829858995563844,0.99501251003882,0.003961848935538933,0.0010256410256410235,0.0,0.0,3.3333333333333335,0.2,0.03333333333333333,84.3,0.5333333333333333,0.1,7454.9,524.4,110.96666666666667,4145.7,19.066666666666666,1.8,1.4523679757257923,0.04063030219792074,0.008367896856119234,0.029828956079048376,0.0005127085993687301,85.03333333333333,85.03333333333333,284676.0333333333,29.488958846001577,77.53333333333333,122.1,1502.4,1622.5,0.7263261740562881,0.8283754188545235,0.08303888307413596,0.08858569807134045,30,0.03333333333333333
0.75,0.8,0.2,0.25,0.775,0.225,0.75-0.80,0.20-0.25,7.382030750935276,15.834734340314753,36.04328753620697,2.119450424923515,4.881175354744376,0.28793708447238325,0.5682522393487367,0.14381067617888005,0.12198134962516786,0.020821158534508107,2.3333333333333335,2.7333333333333334,1.1,27.033333333333335,52.46666666666667,13.9,7620.1,8294.033333333333,3621.733333333333,4177.266666666666,4852.133333333333,1627.4333333333334,1.680965745084298,1.6195392467003937,0.563218497360746,0.03103735662686323,0.01803917441672332,93.3,93.3,313187.7,32.70061832794454,77.3,122.93333333333334,1518.2666666666667,1639.2,0.7739334503740828,0.22356307285205504,0.48105985173181265,0.29537707541613223,30,0.7
0.75,0.8,0.25,0.3,0.775,0.275,0.75-0.80,0.25-0.30,6.449062237710071,13.916606343118474,30.83174098942739,2.128865460584827,4.716599258033761,0.35625399383128753,0.4203214263754995,0.22342457979321287,0.08542079237990306,0.02100442398326443,2.2333333333333334,2.5,1.2,31.466666666666665,36.833333333333336,19.066666666666666,6494.366666666667,7147.233333333334,3607.2,3250.3,4048.0333333333333,1853.6666666666667,1.325842837492625,1.3761248239704098,0.6121277855709195,0.028505733741136838,0.016989357924709684,87.33333333333333,87.33333333333333,268982.76666666666,27.8549583646236,73.2,115.86666666666666,1376.4333333333334,1490.3,0.778532240928719,0.2785668363287812,0.3643688183134905,0.3570643453577282,30,0.7333333333333333
0.75,0.8,0.3,0.35,0.775,0.32499999999999996,0.75-0.80,0.30-0.35,7.552036807561914,16.368126342034277,36.83235319214873,2.1342600279178248,4.828994874429269,0.41222259217813767,0.39047899722950685,0.19729841059235545,0.08170185851832293,0.03699250943627879,2.3,2.7333333333333334,1.3,37.166666666666664,39.0,17.833333333333332,7401.633333333333,8891.033333333333,4368.4,3808.733333333333,5287.533333333334,2106.766666666667,1.5427059459034353,1.7275179280356194,0.7158936110014716,0.03066376103864358,0.018534632399678185,94.0,94.0,318041.63333333336,33.47397446166724,78.13333333333334,123.4,1524.7,1646.1,0.7739021129142565,0.3196908840832971,0.33670169506617476,0.3436074208505281,30,0.7666666666666667
0.75,0.8,0.35,0.4,0.775,0.375,0.75-0.80,0.35-0.40,7.803273889779423,17.262480052304454,36.96180401719175,2.184533950827048,4.7407630542704124,0.48462808402646207,0.3131466082651038,0.20222530770843403,0.047571485575067914,0.03649186153048659,2.5,2.7666666666666666,1.3666666666666667,43.9,29.8,19.533333333333335,8216.7,8930.3,4679.9,4457.533333333334,5294.766666666666,2163.9666666666667,1.731215424564046,1.7242751928279176,0.7452338871856531,0.030614028801210176,0.018678458097080346,93.26666666666667,93.26666666666667,323336.3333333333,33.58854841440916,77.9,123.6,1565.7333333333333,1687.3333333333333,0.7728675016076704,0.37510109415132054,0.2665929194852375,0.3583059863634419,30,0.8
0.75,0.8,0.4,0.45,0.775,0.42500000000000004,0.75-0.80,0.40-0.45,7.556036948032367,15.87044014944695,37.78749276845095,2.082502715443579,4.957552711458224,0.5579140170574417,0.31678463851387445,0.1253013444286838,0.07977415363093059,0.01792435749539149,2.3666666666666667,2.8,1.1,49.833333333333336,31.866666666666667,11.933333333333334,7957.4,9274.933333333332,3605.8333333333335,4103.233333333334,5620.633333333333,1760.4333333333334,1.600519758455145,1.7693841276923195,0.5819939364058276,0.030865327765544202,0.014687886578030853,93.7,93.7,327442.6,34.350302542831436,78.5,124.23333333333333,1580.7,1702.9333333333334,0.767446065169461,0.42862041212552554,0.27671515987606277,0.29466442799841164,30,0.6666666666666666
0.75,0.8,0.45,0.5,0.775,0.475,0.75-0.80,0.45-0.50,6.87871216039639,14.606525185711993,33.101034256784864,2.0622117598036254,4.849094112517033,0.6174063929699949,0.29959725455256836,0.0829963524774368,0.06472522325897713,0.007261806914050557,2.466666666666667,2.7333333333333334,0.8333333333333334,52.43333333333333,27.966666666666665,8.0,7558.833333333333,8564.533333333333,2769.233333333333,3982.6,5065.7,1333.1666666666667,1.528139033083183,1.5866232574141275,0.4473928288401415,0.030501691314081307,0.01341081069161492,88.36666666666666,88.36666666666666,284836.4,29.925913316352915,75.26666666666667,119.23333333333333,1453.5666666666666,1570.8,0.7787457801797835,0.48094007675749734,0.29215723407797456,0.226902689164528,30,0.6
0.75,0.8,0.5,0.55,0.775,0.525,0.75-0.80,0.50-0.55,7.05785183449431,14.000223482532116,33.731031026885226,1.9436255967104463,4.836870837718311,0.6751296896919944,0.2506995012563326,0.07417080905167298,0.08640257809134112,0.010423301965170405,2.6666666666666665,2.6666666666666665,0.7,57.56666666666667,26.0,6.566666666666666,8571.933333333332,8478.733333333334,2322.633333333333,4775.6,5071.366666666667,1074.0666666666666,1.7503657632429774,1.5639175267036383,0.3668634995119646,0.03000508334177231,0.008621109882369617,90.13333333333334,90.13333333333334,298737.93333333335,30.514866281688835,76.5,121.36666666666666,1502.3,1621.6666666666667,0.7738888278085889,0.5227919464084404,0.26151882247676045,0.21568923111479912,30,0.43333333333333335
0.75,0.8,0.55,0.6,0.775,0.575,0.75-0.80,0.55-0.60,6.593918659879516,13.839650779264048,32.34994655358605,2.063708185857595,4.883545967516807,0.7384497300621097,0.19541070043591457,0.06613956950197568,0.07471672954060785,0.010233905551944873,2.466666666666667,2.7666666666666666,0.8333333333333334,61.93333333333333,19.833333333333332,6.366666666666666,7498.566666666667,7944.166666666667,2577.9666666666667,3823.633333333333,4983.6,1113.8,1.4474093867465854,1.5159787117348362,0.39250723163907725,0.02921433013398195,0.011363628824862313,88.13333333333334,88.13333333333334,278606.1,29.212377766962163,74.93333333333334,118.6,1421.1333333333334,1537.7333333333333,0.7755942496523633,0.5729865373049087,0.20727977023057648,0.2197336924645147,30,0.6
0.75,0.8,0.6,0.65,0.775,0.625,0.75-0.80,0.60-0.65,7.004898810992017,14.228528659635534,34.27261858189013,1.9794330480161062,4.880633505378465,0.8083264962718544,0.16648054730350473,0.02519295642464087,0.04384180254654508,0.006757880270402814,3.2,2.2666666666666666,0.6,69.6,17.4,2.8,10100.066666666668,6675.933333333333,2018.3333333333333,6269.133333333333,3689.4666666666667,764.5,2.1654932701494545,1.1868004196245845,0.2895549387903884,0.030336874964026064,0.007658262038603407,89.7,89.7,292372.0333333333,31.052035321869578,75.5,119.8,1449.6666666666667,1567.4666666666667,0.7724048150655479,0.6257338504084976,0.22209468507994246,0.1521714645115599,30,0.4
0.75,0.8,0.65,0.7,0.775,0.675,0.75-0.80,0.65-0.70,7.052160479749243,14.44122250638126,35.58253334815769,2.0277032593951634,5.0339796437209525,0.8726697979170119,0.10539677134892823,0.021933430734059824,0.0442485478376273,0.0025125991407799033,3.3333333333333335,2.3333333333333335,0.5333333333333333,77.53333333333333,12.5,2.2,10794.766666666666,6935.933333333333,1614.3,6592.2,3823.2,641.1,2.232593788842981,1.201296520497029,0.232677993675073,0.03040227243521557,0.0073254667222499665,92.3,92.3,310821.2,32.28571750184832,77.63333333333334,122.66666666666667,1502.4,1623.0666666666666,0.7750438555950555,0.6763251050929965,0.17015672203470195,0.1535181728723014,30,0.43333333333333335
0.75,0.8,0.7,0.75,0.775,0.725,0.75-0.80,0.70-0.75,6.757212697605913,13.44820351145851,37.2875728046832,1.9754148362228419,5.4883123011354265,0.9427796586742503,0.04938936693197105,0.007830974393778703,0.021347643607085725,0.0,3.6,1.7666666666666666,0.26666666666666666,85.53333333333333,5.866666666666666,0.9,11595.666666666666,5517.066666666667,919.8666666666667,6859.233333333334,2797.733333333333,93.8,2.322993458559116,0.9106613365778079,0.08264382544439286,0.030960432680634104,0.00471632093346366,92.36666666666666,92.36666666666666,324549.9666666667,33.88784493668936,78.56666666666666,124.26666666666667,1571.4333333333334,1693.7,0.7678566647169319,0.7259916733290032,0.13690906129115502,0.13709926537984185,30,0.26666666666666666
0.75,0.8,0.75,0.8,0.775,0.775,0.75-0.80,0.75-0.80,5.755048897505428,11.390447762290327,33.84678432446284,1.966788734514909,5.899719863783813,0.9831579585452829,0.010419611093129943,0.006422430361587184,0.0023348985816213233,0.0,3.966666666666667,0.8,0.2,88.6,1.3333333333333333,0.8333333333333334,10392.6,1944.1333333333334,638.4333333333333,6545.666666666667,455.43333333333334,16.233333333333334,2.2015248908428475,0.22163249455237138,0.04899268775867919,0.030324323840128824,0.003170246297183127,90.7,90.7,293499.9666666667,30.62629927978075,76.16666666666667,120.56666666666666,1451.9333333333334,1570.5,0.7735020791444498,0.7738856536872488,0.11199954041928656,0.11411480589346452,30,0.2
0.75,0.8,0.8,0.85,0.775,0.825,0.75-0.80,0.80-0.85,4.850318957663451,9.439778936794028,30.731516212884646,1.9344615357355068,6.2483972485669055,0.9910913282643012,0.00485159509210707,0.004057076643591786,0.0,0.0,3.6,0.4,0.13333333333333333,84.13333333333334,0.4666666666666667,0.4,7965.066666666667,925.2,426.1333333333333,4760.5,34.0,8.866666666666667,1.6427891488031794,0.07251567537120228,0.03196635807398706,0.029629234146947608,0.0019706729411457934,85.13333333333334,85.13333333333334,263533.8333333333,27.679051904124208,73.9,117.46666666666667,1387.1333333333334,1502.6,0.7749604119226556,0.826387549854796,0.08881381058343443,0.08479863956176947,30,0.13333333333333333
0.8,0.85,0.2,0.25,0.825,0.225,0.80-0.85,0.20-0.25,7.523574450945792,16.440709808375686,36.48221600393299,2.1483101874567416,4.819160234516164,0.2692394545270454,0.4648236395321833,0.2659369059407713,0.08338621726492373,0.039910461189299244,2.2333333333333334,2.6,1.3,26.0,43.53333333333333,24.5,7283.7,8519.533333333333,4285.066666666667,3807.866666666667,4954.366666666667,2357.766666666667,1.5656905140106876,1.687821222973677,0.7629053242271766,0.029869893332943268,0.019179245379442933,94.13333333333334,94.13333333333334,317792.2,33.153152485998966,75.66666666666667,120.6,1529.4666666666667,1648.0666666666666,0.8214847215911336,0.2216624113304352,0.40330416656954327,0.3750334221000215,30,0.7666666666666667
0.8,0.85,0.25,0.3,0.825,0.275,0.80-0.85,0.25-0.30,7.086987127161895,15.239912505688457,33.681897122296505,2.1187155719234396,4.753811677323711,0.3379630157831509,0.4307314761213077,0.2313055080955414,0.08958311051367482,0.04305203364788875,2.1666666666666665,2.6666666666666665,1.4,30.466666666666665,41.266666666666666,21.366666666666667,6628.566666666667,8334.733333333334,4303.233333333334,3315.6666666666665,5048.9,2089.5,1.3752101270559554,1.6744113360376407,0.7139934027024234,0.029754745967996578,0.018635746673680804,93.2,93.2,293445.73333333334,30.55475483823102,73.83333333333333,117.73333333333333,1419.8666666666666,1535.6,0.8204773625306939,0.27753413084251277,0.38232717474159517,0.34013869441589206,30,0.7666666666666667
0.8,0.85,0.3,0.35,0.825,0.32499999999999996,0.80-0.85,0.30-0.35,6.342853826742309,12.872909739574729,30.72737327757447,2.0111785229358454,4.781516713300814,0.3958357018564645,0.415456812335974,0.18870748580756144,0.06798320912860477,0.043112073564228214,2.1666666666666665,2.533333333333333,1.1666666666666667,33.4,37.96666666666667,17.4,6128.0,7150.666666666667,3219.5333333333333,3010.5,4090.0,1738.6666666666667,1.2682895055816819,1.3871007629980643,0.5780435320533192,0.02881372211656219,0.014566594618372593,88.8,88.8,264692.9666666667,27.773623853184592,72.26666666666667,114.83333333333333,1333.2666666666667,1446.1,0.8270055656303635,0.32770933287469184,0.3857895951078027,0.2865010720175054,30,0.6333333333333333
0.8,0.85,0.35,0.4,0.825,0.375,0.80-0.85,0.35-0.40,7.218500748082685,15.371360069839284,34.96150238439441,2.1232163434365177,4.809130471309065,0.45883438089625306,0.3348619009638559,0.20630371813989093,0.07628534805696986,0.03449285663957124,2.466666666666667,2.6333333333333333,1.3,41.266666666666666,32.766666666666666,19.733333333333334,7633.9,7949.133333333333,3892.7,4159.266666666666,4648.1,1857.6666666666667,1.6339837874208267,1.5412795918139939,0.6415359545887137,0.030194246598208886,0.016768717129404313,93.8,93.8,304020.36666666664,31.724294916687843,76.33333333333333,120.23333333333333,1454.6666666666667,1572.9,0.821754816988464,0.3771601232380861,0.3123714021297207,0.31046847463219307,30,0.7333333333333333
0.8,0.85,0.4,0.45,0.825,0.42500000000000004,0.80-0.85,0.40-0.45,7.9495977199015515,18.060948208440095,36.36842218964981,2.260898841176242,4.528643978068688,0.51516856660097,0.3089711128562166,0.1758603205428133,0.07222690984443343,0.039739795622092386,2.4,3.033333333333333,1.8,45.93333333333333,31.4,17.633333333333333,7712.2,9570.7,5953.133333333333,4073.0,5951.6,2832.266666666667,1.5944371554845322,1.8832062896884356,0.9534761115598182,0.02995708414042984,0.02125822550927594,94.96666666666667,94.96666666666667,315804.26666666666,33.10787022327228,76.06666666666666,120.93333333333334,1506.4333333333334,1625.3666666666666,0.8225703973307142,0.423991300887184,0.26098340106050605,0.3150252980523097,30,0.9666666666666667
0.8,0.85,0.45,0.5,0.825,0.475,0.80-0.85,0.45-0.50,7.408908697543666,15.526384324378645,36.24831589695532,2.041047238431539,4.85868542719744,0.5703265882173209,0.31947911656806016,0.11019429521461896,0.1138549291889975,0.019790424145260156,2.6,2.7333333333333334,1.1,51.56666666666667,31.8,11.933333333333334,8236.533333333333,8603.366666666667,3675.3,4682.6,5041.933333333333,1700.5333333333333,1.7660450807306916,1.6268277187676479,0.5805419086633871,0.030261199184072475,0.013236985153829022,95.33333333333333,95.33333333333333,315921.6666666667,32.99189727268337,75.6,119.8,1479.3666666666666,1597.1666666666667,0.8247712123782386,0.4707030900985499,0.311711745562347,0.21758516433910302,30,0.6
0.8,0.85,0.5,0.55,0.825,0.525,0.80-0.85,0.50-0.55,7.26342614623718,15.425124119695587,34.67363423590238,2.088212020235797,4.779421732805161,0.6345956860243206,0.2495012017833774,0.11590311219230193,0.07175756923877734,0.02932294959735884,2.5,2.7,1.3,56.833333333333336,25.0,11.966666666666667,7795.533333333334,8503.7,4122.033333333334,4163.333333333333,5175.6,2074.1,1.5864616979767259,1.6191729503528525,0.6848761978714416,0.029159436429229826,0.013823036376076406,93.86666666666666,93.86666666666666,304036.56666666665,31.460367143542197,74.93333333333334,119.43333333333334,1460.4,1577.8333333333333,0.8231088050451861,0.5224469487482647,0.23086301223915473,0.24669003901258046,30,0.7
0.8,0.85,0.55,0.6,0.825,0.575,0.80-0.85,0.55-0.60,7.928024469486748,17.49201322168422,37.07627290122522,2.163171943055977,4.690739531183133,0.6952768772109158,0.21551019802492719,0.08921292476415693,0.08302537430438553,0.024828067731086437,2.7666666666666666,3.033333333333333,1.2,62.4,23.166666666666668,10.266666666666667,8928.566666666668,9796.666666666666,4077.5666666666666,5116.1,6011.266666666666,1675.3,1.886931491899304,1.8824639417774354,0.6139212852576748,0.03024940087925639,0.014708173500063492,95.9,95.9,323025.73333333334,33.775550119268395,77.23333333333333,122.16666666666667,1514.3333333333333,1634.5,0.8233970754847761,0.572645331718139,0.20463930124489396,0.2227153670369669,30,0.7333333333333333
0.8,0.85,0.6,0.65,0.825,0.625,0.80-0.85,0.60-0.65,7.201282761137311,15.398513732361607,35.32022829730219,2.094588231260859,4.846923684172191,0.7613490633122321,0.15241973522252758,0.08623120146524035,0.07054012806926864,0.02920551385587283,2.8,2.533333333333333,1.1333333333333333,66.4,17.1,9.966666666666667,8736.433333333332,7692.766666666666,3732.2,4970.933333333333,4533.233333333334,1759.3666666666666,1.820024734091324,1.431675174778017,0.6013936803598577,0.02921040499738102,0.01221580683098482,93.33333333333333,93.33333333333333,305832.1,32.13446837520072,74.7,118.76666666666667,1458.2333333333333,1575.0,0.8228747037879952,0.6262976192815468,0.15713498292565745,0.21656739779279557,30,0.6333333333333333
0.8,0.85,0.65,0.7,0.825,0.675,0.80-0.85,0.65-0.70,6.734711043924714,14.250831871759146,31.9378193312635,2.076985440417099,4.751138189267311,0.8268635158321482,0.13074438425809431,0.04239209990975743,0.04892247901204399,0.00972328279157878,3.1333333333333333,2.533333333333333,0.7666666666666667,72.0,14.1,4.5,9336.433333333332,7272.466666666666,2309.2,5704.6,4128.3,759.5,1.986388477574413,1.3046095561003312,0.3084096834451581,0.029940057429484978,0.00900624882585056,90.56666666666666,90.56666666666666,277360.3,28.888227800489403,73.5,116.26666666666667,1371.5666666666666,1485.8333333333333,0.8203666742761799,0.6787679751345409,0.1544839813861326,0.16674804347932648,30,0.5333333333333333
0.8,0.85,0.7,0.75,0.825,0.725,0.80-0.85,0.70-0.75,7.146649379671241,14.551988055657906,37.56023006804753,1.9943300899695098,5.210615784430351,0.8774609357966291,0.09592808557603118,0.02661097862733963,0.03546267754345543,0.005316741136325934,3.3666666666666667,2.1,0.5,80.36666666666666,11.033333333333333,3.3666666666666667,11189.733333333334,6719.466666666666,1814.2666666666667,6870.3,3613.7,681.0,2.3003094379479685,1.1391412967350334,0.25538454627773416,0.03008988006816551,0.00729456388701994,94.7,94.7,329285.4,34.16969237073014,77.63333333333334,122.83333333333333,1546.5,1667.3333333333333,0.8234207920198352,0.7223776789477678,0.14955688411663262,0.1280654369355995,30,0.36666666666666664
0.8,0.85,0.75,0.8,0.825,0.775,0.80-0.85,0.75-0.80,7.204262609399545,14.76420172296154,37.91926489813098,2.0183108266633547,5.2092056493050105,0.9463711573697557,0.03903264201807442,0.01459620061216982,0.01802171020215645,0.002485914256611937,3.7333333333333334,2.033333333333333,0.4666666666666667,88.83333333333333,5.4,1.8666666666666667,12097.8,6237.4,1532.2333333333333,7313.7,3490.8,521.9,2.4822007571735107,1.1014387626588966,0.2097321447217837,0.029655906061331377,0.00613564411954332,95.96666666666667,95.96666666666667,327055.4,34.594016739865765,76.33333333333333,121.8,1515.0,1634.8,0.8226414396698023,0.7788159581262494,0.08025191630242949,0.14093212557132107,30,0.36666666666666664
0.8,0.85,0.8,0.85,0.825,0.825,0.80-0.85,0.80-0.85,5.701697100885212,10.965865425144633,33.36023166795106,1.9175253594773922,5.873218755019561,0.986482599093872,0.010440672346975547,0.003076728559152377,0.004521203119794741,0.0008130341194067133,3.6666666666666665,0.7666666666666667,0.2,89.1,1.6666666666666667,0.4666666666666667,9872.533333333333,2440.1666666666665,603.5666666666667,6254.766666666666,1059.4,149.56666666666666,2.0635872456477955,0.3678626198476801,0.06977972923777997,0.029613895264143694,0.0022776190113897,91.16666666666667,91.16666666666667,294702.8,30.255794123125572,75.13333333333334,119.06666666666666,1438.7,1555.7666666666667,0.8254721792514589,0.8282629942202425,0.07626790992844486,0.0954690958513125,30,0.16666666666666666
0.85,0.9,0.2,0.25,0.875,0.225,0.85-0.90,0.20-0.25,7.56955345258272,16.41765605871721,38.5002183339869,2.1559864547911762,5.056325041179494,0.2596375580754666,0.4419658113605429,0.2983966305639904,0.06043477119118122,0.045470027475929285,2.1,2.7,1.4666666666666666,26.833333333333332,43.63333333333333,29.933333333333334,6788.666666666667,8716.066666666668,4767.866666666667,3350.8333333333335,5200.9,2343.233333333333,1.4252773577269788,1.802842288549679,0.8159101426523799,0.03031098633073266,0.02092927092841512,100.33333333333333,100.33333333333333,337065.0,35.1094994765784,76.73333333333333,121.56666666666666,1521.3,1640.8666666666666,0.87012836924656,0.22622334268070945,0.3952797518830872,0.37849690543620323,30,0.8333333333333334
0.85,0.9,0.25,0.3,0.875,0.275,0.85-0.90,0.25-0.30,7.654466789681464,16.79149417730514,38.29149802293008,2.1775558541656994,4.956082402780951,0.3042749956993687,0.356790189391762,0.33893481490886923,0.07156446014696277,0.07431249083214138,2.1333333333333333,2.6666666666666665,1.6666666666666667,29.4,36.333333333333336,34.53333333333333,6887.566666666667,8489.233333333334,5431.233333333334,3400.1666666666665,5010.5,2883.7,1.4243095529188092,1.732683264805625,0.9610389619289587,0.030529555321360573,0.022829378528209984,100.33333333333333,100.33333333333333,334888.06666666665,34.98914972296916,77.06666666666666,122.06666666666666,1518.9,1638.9666666666667,0.8750310066685287,0.2668562980310343,0.32236657716258804,0.4107771248063777,30,0.9
0.85,0.9,0.3,0.35,0.875,0.32499999999999996,0.85-0.90,0.30-0.35,7.72049698998065,16.356991932261735,38.94498742379559,2.080583652625426,5.0128115472449375,0.37518273664439017,0.4651412978935477,0.15967596546206214,0.09312121253801163,0.02775718433416759,2.2333333333333334,2.7666666666666666,1.2666666666666666,35.166666666666664,46.666666666666664,16.4,7482.5,9196.666666666666,4353.566666666667,3864.766666666667,5574.2,2434.266666666667,1.568325885455124,1.8184316330977406,0.7694459471773977,0.03062400151975448,0.017030477756634323,98.23333333333333,98.23333333333333,342151.4,35.56233640275119,77.5,122.53333333333333,1568.6333333333334,1689.1666666666667,0.867503191011551,0.3258867156232825,0.4299593476496426,0.2441539367270748,30,0.7
0.85,0.9,0.35,0.4,0.875,0.375,0.85-0.90,0.35-0.40,7.562072632911925,16.445953117799945,38.805300514989845,2.1647252092321256,5.069917886181023,0.4254682270749134,0.29031480415426814,0.28421696877081837,0.06099891008445866,0.07037828839653495,2.2333333333333334,2.466666666666667,1.5333333333333334,39.86666666666667,30.333333333333332,29.266666666666666,7312.533333333334,8105.4,5049.733333333334,3699.6,4641.933333333333,2884.4666666666667,1.5090942171324666,1.5700981599123527,0.9233507250125209,0.03043518634513016,0.020167542000611584,99.5,99.5,340130.9666666667,35.4375109662457,77.56666666666666,122.7,1542.5,1663.2,0.874518053216227,0.3724879953873646,0.2632690698922187,0.36424293472041663,30,0.8333333333333334
0.85,0.9,0.4,0.45,0.875,0.42500000000000004,0.85-0.90,0.40-0.45,7.87479289167095,17.47427369429109,39.56891912598318,2.198026242024288,4.96169788621184,0.484648254269772,0.3117983640428969,0.20355338168733103,0.0672253843733099,0.04808694943916624,2.3,2.6,1.7666666666666666,47.166666666666664,32.166666666666664,21.2,7731.5,8550.8,5996.233333333334,3998.133333333333,4915.233333333334,3168.4,1.593869518255815,1.6282171220518649,1.029386752246258,0.031129976850934278,0.019453674127968605,100.56666666666666,100.56666666666666,347925.4,36.15738724804638,76.8,122.53333333333333,1565.2666666666667,1685.8,0.8709032855088681,0.42217614697713624,0.2782640557815791,0.29955979724128473,30,0.9
0.85,0.9,0.45,0.5,0.875,0.475,0.85-0.90,0.45-0.50,7.346539435093291,15.574233126050482,37.57122067249535,2.097440217379933,5.047411263242455,0.5411260196865453,0.30314905228695554,0.15572492802649915,0.09438529781475449,0.04192075408876963,2.2333333333333334,2.8,1.4666666666666666,50.36666666666667,32.46666666666667,16.0,7120.666666666667,8899.366666666667,4654.0,3531.1666666666665,5344.1,2377.1666666666665,1.407586351269856,1.703989853655609,0.7715931362084424,0.03002400257779902,0.015978252437586545,98.9,98.9,326555.43333333335,34.32394763474198,75.66666666666667,119.86666666666666,1480.3333333333333,1598.2,0.8733229788043438,0.4728015280483558,0.2773716657526533,0.24982680619899078,30,0.7666666666666667
0.85,0.9,0.5,0.55,0.875,0.525,0.85-0.90,0.50-0.55,7.399386410058166,15.915303196525201,36.565370257012546,2.1142962989594887,4.921558991978162,0.6004073021686884,0.2548058315577154,0.1447868662735962,0.06574703713269871,0.041088827318661446,2.5,2.6333333333333333,1.3333333333333333,55.266666666666666,27.066666666666666,14.566666666666666,7955.9,8553.866666666667,4250.933333333333,4301.066666666667,5201.6,2294.6,1.6231660632183775,1.6427655265821766,0.7371302274987102,0.029270146430159565,0.014130826651429096,96.9,96.9,320743.5,33.33972236413198,75.26666666666667,119.6,1482.7666666666667,1600.3666666666666,0.8726980574359707,0.5242801659879791,0.24359691595486377,0.23212291805715707,30,0.7333333333333333
0.85,0.9,0.55,0.6,0.875,0.575,0.85-0.90,0.55-0.60,6.982457905930157,14.424002187831016,35.25299978946956,2.0185164285377697,5.045556962030248,0.6599356422676785,0.2621829598580282,0.07788139787429317,0.09308390887104052,0.029316264151657674,2.533333333333333,2.6666666666666665,0.9666666666666667,60.56666666666667,28.5,8.366666666666667,7944.266666666666,8158.7,3072.866666666667,4308.833333333333,5090.266666666666,1663.7,1.5998262060262884,1.570241532754153,0.5287480990712842,0.029321640807514336,0.009903718212929841,97.3,97.3,311749.6666666667,32.11599855392706,73.86666666666666,118.2,1442.8,1559.0,0.8771788679653969,0.5795985962659131,0.25477874640692844,0.16562265732715842,30,0.5666666666666667
0.85,0.9,0.6,0.65,0.875,0.625,0.85-0.90,0.60-0.65,7.1718390815658495,14.965446356024282,34.95421958505176,2.044729214494149,4.909410630938174,0.7129868890240726,0.1874682406124659,0.09954487036346148,0.05873636158913543,0.0336429549997812,2.6,2.6,1.2333333333333334,64.1,21.0,11.033333333333333,8160.566666666667,8040.966666666666,3864.866666666667,4469.633333333333,4945.033333333334,2189.8,1.6409581191449736,1.5249520887543138,0.6933053864243751,0.03024221630766983,0.011727462794321243,96.13333333333334,96.13333333333334,308840.26666666666,31.83011753038348,74.93333333333334,118.73333333333333,1450.6,1567.3333333333333,0.8754491583563989,0.6241637913745911,0.1872339075519723,0.1886023010734366,30,0.6333333333333333
0.85,0.9,0.65,0.7,0.875,0.675,0.85-0.90,0.65-0.70,7.808793863514438,15.905418417920979,40.1687700569164,2.0277807069738647,5.093107499679724,0.7718861673785073,0.18110862028093494,0.04700521234055765,0.08111262714227645,0.014608305345386857,2.966666666666667,2.6333333333333333,0.9,73.96666666666667,21.966666666666665,5.066666666666666,10057.8,8794.666666666666,2855.9333333333334,6003.0,5454.566666666667,1352.7333333333333,2.098045241436921,1.6628944840825473,0.45451635339607793,0.030420165082129295,0.009119432264318042,101.16666666666667,101.16666666666667,353051.13333333336,36.74148278601933,77.4,123.33333333333333,1567.3,1688.6333333333334,0.8730526508650065,0.673977385713741,0.1826628361375203,0.14335977814873863,30,0.5333333333333333
0.85,0.9,0.7,0.75,0.875,0.725,0.85-0.90,0.70-0.75,7.566093944090729,15.609928844884658,39.597340381587856,2.014817670428518,5.216354382901565,0.823423367480247,0.12348625728821122,0.05309037523154172,0.06833178633982902,0.021965425883566685,3.0,2.6,0.8333333333333334,77.8,16.0,7.3,9939.333333333334,8555.533333333333,2900.233333333333,5827.233333333334,5143.5,1535.4,2.0165708348698295,1.5807183653426666,0.497230263814951,0.030163992002295897,0.008476613244662656,101.16666666666667,101.16666666666667,348499.73333333334,36.2569356628228,76.73333333333333,122.2,1545.3,1665.5,0.8738091516145333,0.7193963235667683,0.1375906920437266,0.143012984389505,30,0.5
0.85,0.9,0.75,0.8,0.875,0.775,0.85-0.90,0.75-0.80,7.594677410670556,15.789237844680125,37.66206035700937,2.0298095705915653,4.919448311483466,0.8967573326270594,0.07312939201851677,0.030113275354423857,0.037063003653747977,0.009780025254839073,3.433333333333333,2.566666666666667,0.7333333333333333,84.23333333333333,10.366666666666667,3.7333333333333334,11190.6,8299.533333333333,2461.266666666667,6959.833333333333,4933.6,1134.5333333333333,2.3114289221121,1.5190809953492135,0.3862330738532667,0.029885995512207306,0.007639270237026091,98.33333333333333,98.33333333333333,331103.1666666667,34.36632634994263,76.83333333333333,121.9,1512.8,1632.7,0.8676930240833726,0.7784824566806897,0.09316003059572911,0.12835751272358112,30,0.4666666666666667
0.85,0.9,0.8,0.85,0.875,0.825,0.85-0.90,0.80-0.85,7.511251574226965,14.837194105687862,40.24463228861956,1.9466280608698152,5.347432401151652,0.9447264359365233,0.04415033321363853,0.011123230849838184,0.028066380814584443,0.00281664732460493,3.6,2.1666666666666665,0.43333333333333335,93.06666666666666,6.866666666666666,1.2666666666666666,12003.0,7102.066666666667,1447.6,7342.3,4180.466666666666,654.2666666666667,2.4555105209583417,1.284565666768079,0.22646158273952702,0.030316556803882073,0.004786538581053401,101.2,101.2,351565.1,36.754894605255686,78.6,124.43333333333334,1567.5666666666666,1690.0,0.8766692267986708,0.8285243379525314,0.09080253696666456,0.08067312508080393,30,0.3
0.9,0.95,0.2,0.25,0.925,0.225,0.90-0.95,0.20-0.25,7.954845308170964,17.589821803655166,39.84189763684602,2.1926101734420014,4.963636287977312,0.24271899009506254,0.37701005041941055,0.3802709594855268,0.05837180093112803,0.09756581263336853,2.3,2.566666666666667,1.9333333333333333,25.866666666666667,38.63333333333333,40.9,7351.233333333334,8341.133333333333,6389.5,3948.4333333333334,4921.466666666666,3465.4,1.5945244041116287,1.7167973923884954,1.1339869030052796,0.029954777370827843,0.0229579916534324,105.36666666666666,105.36666666666666,350951.6666666667,36.479279530855514,77.1,122.3,1505.3666666666666,1625.6666666666667,0.9269738654937337,0.22485104058951777,0.35551433545376887,0.4196346239567133,30,0.9
0.9,0.95,0.25,0.3,0.925,0.275,0.90-0.95,0.25-0.30,6.9143576446610195,15.228748584437804,33.39668260576824,2.194716106375114,4.790780413587809,0.29568038893769494,0.3665851793073737,0.3377344317549314,0.03983120004376032,0.06176112676200195,2.1666666666666665,2.433333333333333,1.8666666666666667,28.766666666666666,36.2,33.7,6311.066666666667,7093.5,5637.733333333334,3180.733333333333,3817.6,3367.2,1.307330037234351,1.3600855245022103,1.0556165971017133,0.028346227675986737,0.021752643321330298,98.63333333333334,98.63333333333334,297169.56666666665,30.4200586824057,73.13333333333334,116.13333333333334,1370.5666666666666,1484.7,0.9291504905911976,0.2747426750019554,0.343889974303857,0.3813673506941876,30,0.9333333333333333
0.9,0.95,0.3,0.35,0.925,0.32499999999999996,0.90-0.95,0.30-0.35,7.454612132278271,16.232620827892486,37.29357246658765,2.178659438463145,4.927252613785765,0.35447151315486847,0.33693477577322806,0.3085937110719034,0.029925849976147056,0.09505599725087376,2.1,2.466666666666667,2.0,34.733333333333334,34.43333333333333,33.166666666666664,6567.3,7825.433333333333,6169.133333333333,3177.8333333333335,4461.3,3601.733333333333,1.3310562749393284,1.52920135044648,1.15805767592974,0.02956189816662415,0.021368586652291268,102.33333333333333,102.33333333333333,330756.23333333334,34.09717858031703,74.56666666666666,118.83333333333333,1462.8333333333333,1579.6666666666667,0.9268456533382489,0.32870901558209137,0.31477971339476796,0.35651127102314056,30,0.9333333333333333
0.9,0.95,0.35,0.4,0.925,0.375,0.90-0.95,0.35-0.40,7.33485989291997,16.105602520983666,35.787553071471244,2.1851958161405234,4.82223986848499,0.40554604811402073,0.35312148207579636,0.2413324698101828,0.056618440345134004,0.08415547984376845,2.4,2.566666666666667,1.7666666666666666,37.733333333333334,36.3,27.033333333333335,7170.5,7692.966666666666,5446.333333333333,3876.5666666666666,4357.966666666666,3230.8333333333335,1.5320486911029245,1.4816073951078579,1.0244778741616756,0.02893957678073392,0.019965578879540122,101.06666666666666,101.06666666666666,313386.0,32.719174926557265,73.56666666666666,117.16666666666667,1402.6,1517.7666666666667,0.9276340592593367,0.37620968245473807,0.3313426458030962,0.2924476717421657,30,0.9
0.9,0.95,0.4,0.45,0.925,0.42500000000000004,0.90-0.95,0.40-0.45,8.165283473402573,18.156058074867662,40.15644024029219,2.2101008439175223,4.845733248379403,0.45799460781710993,0.3049116844377541,0.23709370774513586,0.06184842321982542,0.0697157067058217,2.3333333333333335,2.7666666666666666,2.033333333333333,46.333333333333336,31.066666666666666,28.333333333333332,7589.066666666667,9008.333333333334,6843.933333333333,4029.1,5413.466666666666,3617.5,1.594086257003558,1.7853016613905008,1.1704007703034829,0.030503479259399023,0.021528644332041293,105.76666666666667,105.76666666666667,355982.23333333334,36.806936360468775,77.6,122.96666666666667,1512.7,1633.6666666666667,0.9249882247927332,0.4234211185525927,0.28365246496227203,0.29292641648513523,30,0.9666666666666667
0.9,0.95,0.45,0.5,0.925,0.475,0.90-0.95,0.45-0.50,7.701606291811913,16.779340161980752,38.05598724051379,2.158647611999406,4.90104160327411,0.515590061703045,0.26882811944686746,0.21558181885008748,0.06322535081436065,0.06091559128779387,2.433333333333333,2.7,1.7333333333333334,49.86666666666667,29.033333333333335,23.433333333333334,7631.466666666666,8441.033333333333,5491.466666666666,4121.8,5188.333333333333,2977.633333333333,1.6168191755423322,1.6932208479071658,0.97679780893183,0.02990067897674933,0.017183566427168707,102.26666666666667,102.26666666666667,330259.4666666667,34.8421493601442,75.2,119.73333333333333,1458.9,1576.6333333333334,0.9267968606140232,0.47776661469451576,0.2552858474671361,0.266947537838348,30,0.8333333333333334
0.9,0.95,0.5,0.55,0.925,0.525,0.90-0.95,0.50-0.55,7.836570081223424,17.0745352046409,39.42155155314443,2.141713841650364,4.9635936458993415,0.5688238187387853,0.2649034117686623,0.1662727694925524,0.05194490233971693,0.06492662095332097,2.4,2.566666666666667,1.7666666666666666,54.7,27.6,20.1,7567.866666666667,8235.866666666667,5842.3,3967.0666666666666,4966.6,3424.5,1.5777068635604035,1.6388761981700857,1.0897912343110268,0.03172030769443756,0.01696649880614128,102.4,102.4,339550.6666666667,36.091547191802725,76.6,121.36666666666666,1488.5,1607.8666666666666,0.9251475720209686,0.526581021071817,0.254638459593038,0.21878051933514492,30,0.8
0.9,0.95,0.55,0.6,0.925,0.575,0.90-0.95,0.55-0.60,8.32301069671909,17.757831189665012,42.079984004376456,2.1013404255451236,5.064853708186701,0.6219059251182094,0.2214833992101022,0.15661067567168832,0.057988410661530196,0.04839627584789441,2.6,2.8666666666666667,1.5,60.96666666666667,27.0,19.1,8721.433333333332,9725.9,5156.766666666666,4883.3,6227.333333333333,2859.2,1.8325699586421251,1.946995400552017,0.9197691494288543,0.032266633546290245,0.014527339953929142,107.06666666666666,107.06666666666666,368889.5,38.59548124290692,78.3,124.03333333333333,1555.7,1677.7333333333333,0.929024059807293,0.578104821275461,0.21353578149389624,0.2083593972306427,30,0.7333333333333333
0.9,0.95,0.6,0.65,0.925,0.625,0.90-0.95,0.60-0.65,7.536475638238092,16.191291193439003,37.02846284102028,2.1275234521923667,4.886358549010596,0.6785631407939552,0.1950284886176836,0.12640837058836113,0.06281125240741346,0.04399061923490858,2.6333333333333333,2.6333333333333333,1.6,64.26666666666667,22.633333333333333,14.766666666666667,7967.466666666666,8200.066666666668,4960.566666666667,4324.3,5125.4,3001.6,1.6176227253163233,1.606098052385884,0.9306137971968079,0.029421856743283528,0.01362222382643567,101.66666666666667,101.66666666666667,322293.5,33.796553807139084,75.33333333333333,119.56666666666666,1432.0333333333333,1549.6,0.9240054245001014,0.6272446911674032,0.1873255553176293,0.18542975351496738,30,0.7666666666666667
0.9,0.95,0.65,0.7,0.925,0.675,0.90-0.95,0.65-0.70,8.16596582493124,18.33969459500319,41.2123009331602,2.207699927679198,5.002633520715461,0.7296842931739919,0.1617639592691122,0.10855174755689598,0.05020633451962912,0.045099207701077115,2.7666666666666666,2.7,1.5333333333333334,71.23333333333333,19.233333333333334,14.2,9039.666666666666,8736.866666666667,5180.533333333334,5142.966666666666,5289.8,3025.133333333333,1.8984532624017447,1.6815529883994411,0.9589618830553567,0.030238727728525743,0.01557173168597118,104.56666666666666,104.56666666666666,353591.23333333334,37.82207387344291,77.1,122.46666666666667,1526.8666666666666,1647.3333333333333,0.9252337288582466,0.6749035755765811,0.15504592436227607,0.17005050006114278,30,0.8666666666666667
0.9,0.95,0.7,0.75,0.925,0.725,0.90-0.95,0.70-0.75,7.5560723258725675,15.496524661042107,38.68612081297518,1.9950952199503578,5.124420761277961,0.7880460186283146,0.144794249932636,0.06715973143904934,0.0586408009356711,0.026165433541461437,2.933333333333333,2.6,1.0666666666666667,75.63333333333334,18.033333333333335,8.666666666666666,9339.2,8328.1,3546.366666666667,5533.5,5027.733333333334,2021.4,1.9504449580563232,1.5782695316011086,0.6367780295355866,0.02957205695565784,0.008922196381414903,102.33333333333333,102.33333333333333,336480.8333333333,35.395777259836905,75.5,120.1,1478.8666666666666,1596.9666666666667,0.9200817951230367,0.7251963513194417,0.14871465214210294,0.1260889965384552,30,0.5333333333333333
0.9,0.95,0.75,0.8,0.925,0.775,0.90-0.95,0.75-0.80,8.060043299531875,17.53536159269667,41.06427323053746,2.1467527132433366,5.054292590040654,0.843641773644822,0.11124690816157835,0.045111318193599655,0.04665224819609979,0.03180210183222224,2.933333333333333,2.9,1.1333333333333333,83.2,14.766666666666667,6.566666666666666,9641.833333333334,9695.9,3917.633333333333,5530.766666666666,6034.766666666666,1869.0333333333333,1.9723709327323984,1.851566190404507,0.6341705653661242,0.03125293393774574,0.010975350160151687,104.56666666666666,104.56666666666666,360099.9,37.61742288867632,77.63333333333334,123.3,1560.5666666666666,1681.8666666666666,0.9219664931826952,0.7773721187653878,0.11811117057818897,0.10451671065642325,30,0.7
0.9,0.95,0.8,0.85,0.925,0.825,0.90-0.95,0.80-0.85,7.793308501131833,17.085143663183164,39.38990169107759,2.1516274393742765,5.067184037344936,0.8961634346973576,0.06546417239885788,0.038372392903784455,0.032683148237481835,0.017843478527187755,3.3,2.566666666666667,1.0666666666666667,88.8,9.4,5.266666666666667,10623.466666666667,8047.933333333333,3583.2,6494.4,4655.9,1994.3,2.2156611253740266,1.4670268273524318,0.6326833223768821,0.029314398998394567,0.00967487168963995,103.43333333333334,103.43333333333334,345440.5,36.053272289961264,76.06666666666666,121.03333333333333,1504.7333333333333,1623.7666666666667,0.9208029276304385,0.8252222438742199,0.07334435087852831,0.10143340524725174,30,0.6666666666666666
0.95,1.0,0.2,0.25,0.975,0.225,0.95-1.00,0.20-0.25,8.267592195770703,18.09115793129119,42.4991065642098,2.1797908402483586,5.095346816772882,0.23287704371477908,0.4038273779616545,0.36329557832356635,0.022409614546983356,0.0845042043739577,2.2666666666666666,2.433333333333333,2.0,25.966666666666665,42.333333333333336,41.166666666666664,7497.1,8152.633333333333,6751.166666666667,4028.733333333333,4497.066666666667,4321.3,1.6508142250434805,1.617227058741264,1.337148529322197,0.03096731961704786,0.02417881837269908,109.46666666666667,109.46666666666667,372853.93333333335,39.06208912395717,77.63333333333334,123.33333333333333,1548.4666666666667,1669.8,0.9727468459194706,0.22641715014519265,0.39454416198296516,0.3790386878718421,30,0.9333333333333333
0.95,1.0,0.25,0.3,0.975,0.275,0.95-1.00,0.25-0.30,8.0405088030966,17.867395932553336,39.257022972063474,2.2262365986806807,4.806325119445089,0.28340988803566103,0.38308588681815525,0.3335042251461837,0.033347019647877264,0.08683103160008859,2.2666666666666666,2.566666666666667,2.2,29.833333333333332,39.13333333333333,37.166666666666664,7172.2,8165.866666666667,7120.766666666666,3781.7,4616.2,4502.166666666667,1.5416580231006567,1.6249430022435263,1.374032234113353,0.029500315625530925,0.02407052787020797,106.13333333333334,106.13333333333334,349265.9,36.004066927707754,75.63333333333334,120.0,1495.4666666666667,1613.4666666666667,0.9745446456874818,0.27635900592768486,0.374400296387196,0.34924069768511906,30,1.0
0.95,1.0,0.3,0.35,0.975,0.32499999999999996,0.95-1.00,0.30-0.35,8.374684023632048,18.232982323194545,44.00737728574313,2.1700656904607,5.156891949213918,0.3345365960524103,0.3569817825691839,0.30848162137840573,0.043979625558319586,0.0801169736992615,2.2,2.566666666666667,2.2,35.06666666666667,38.733333333333334,36.2,7425.666666666667,8316.733333333334,7537.5,3862.3333333333335,4612.766666666666,4459.833333333333,1.59765783076485,1.6322647595855717,1.4263448893325403,0.03083210302672033,0.022388299694284748,110.06666666666666,110.06666666666666,381224.73333333334,40.52007568359841,77.8,122.93333333333334,1571.5,1692.4333333333334,0.9737377310867747,0.32573617484229034,0.3489797663521245,0.3252840588055851,30,0.9333333333333333
0.95,1.0,0.35,0.4,0.975,0.375,0.95-1.00,0.35-0.40,7.801701178735432,16.938929576038692,38.40329655756553,2.1711168361850453,4.866478116416049,0.38550184610497823,0.2872268209621246,0.3272713329328971,0.03925351550748609,0.12349096873394441,2.1333333333333333,2.566666666666667,2.433333333333333,38.03333333333333,31.166666666666668,37.8,6553.633333333333,7900.466666666666,7541.733333333334,3208.9333333333334,4504.666666666667,4684.0,1.3329467945732176,1.561435175050671,1.4717851606352876,0.029138615742946617,0.022455717359359025,106.96666666666667,106.96666666666667,336642.8333333333,35.2023300670165,74.53333333333333,118.6,1431.0333333333333,1547.6333333333334,0.9733779429844414,0.37522271588129746,0.27956173663174233,0.3452155474869601,30,1.0
0.95,1.0,0.4,0.45,0.975,0.42500000000000004,0.95-1.00,0.40-0.45,7.849135891883634,16.908207429611746,38.64422891269593,2.142383335968982,4.8570135863969846,0.4396896829671169,0.30853911791035166,0.2517711991225314,0.050880516136343375,0.0898356848473393,2.3,2.6666666666666665,2.066666666666667,44.4,33.43333333333333,28.4,7074.566666666667,8393.533333333333,6450.266666666666,3622.0,5029.466666666666,3855.0333333333333,1.469823619700037,1.6756192742226024,1.218004913146918,0.02976788363109029,0.01895908557344224,106.26666666666667,106.26666666666667,342105.26666666666,35.43812297129383,74.63333333333334,118.6,1454.9333333333334,1571.5333333333333,0.9711622230660774,0.4270071019934039,0.3015547643062954,0.2714381337003005,30,0.9
0.95,1.0,0.45,0.5,0.975,0.475,0.95-1.00,0.45-0.50,8.01293233021473,16.981519837087642,42.835108426127896,2.095468036570377,5.246347205604961,0.4906597282977116,0.3276173263965193,0.18172294530576905,0.04806804692584224,0.0708763527251842,2.433333333333333,2.533333333333333,1.9666666666666666,48.46666666666667,34.96666666666667,22.2,7805.633333333333,8060.366666666667,6155.666666666667,4315.033333333334,4685.666666666667,3709.633333333333,1.6823675743459414,1.544996095666041,1.1566564782212179,0.03206643955005948,0.01737507273598259,105.63333333333334,105.63333333333334,347489.7,39.532449639518745,75.0,119.3,1478.1,1595.4,0.9683641998801399,0.47506914240434117,0.319166988239658,0.20576386935600077,30,0.8333333333333334
0.95,1.0,0.5,0.55,0.975,0.525,0.95-1.00,0.50-0.55,8.389466612328155,18.10122799729773,41.69943311620349,2.1538194584622183,4.899602515810403,0.5359299040550413,0.27101713042309,0.19305296552186865,0.05798165875456511,0.08119351797196318,2.466666666666667,2.7666666666666666,2.1,53.266666666666666,31.733333333333334,23.9,8026.9,9038.866666666667,6808.4,4331.566666666667,5352.6,4618.8,1.6703649164022256,1.7350639257347211,1.3779295387212187,0.030820084502920474,0.01845401207295553,108.9,108.9,367359.4,38.296472278113164,76.9,121.93333333333334,1528.2,1648.1333333333334,0.9768617450884481,0.5233364154624606,0.2653544791833772,0.21130910535416228,30,0.9
0.95,1.0,0.55,0.6,0.975,0.575,0.95-1.00,0.55-0.60,8.404890830861405,18.253987827532303,42.79150853826044,2.1401859182538088,5.074297860249592,0.5882994486717119,0.2313754522027701,0.18032509912551797,0.06854632626897696,0.0660442715183461,2.3,2.8,1.9666666666666666,59.2,26.5,23.666666666666668,7699.4,9391.333333333334,6953.533333333334,3868.8,5806.966666666666,4338.266666666666,1.5399395301938057,1.8646434403490275,1.3327044386339064,0.03022179104542977,0.017090551361131124,109.3,109.3,375131.5,39.31104246274723,77.2,122.66666666666667,1564.4666666666667,1685.1333333333334,0.9785595489736066,0.5756318262836561,0.22743146175712034,0.19693671195922355,30,0.8666666666666667
0.95,1.0,0.6,0.65,0.975,0.625,0.95-1.00,0.60-0.65,8.617740847403184,19.133509556995705,43.40676763696441,2.19872559330569,5.011662497836013,0.6400501299126959,0.17432981980389367,0.1856200502834104,0.034481697500536826,0.09546993346206549,2.566666666666667,2.6,2.1,65.16666666666667,21.066666666666666,24.7,8664.6,8821.466666666667,7162.366666666667,4797.533333333334,5120.033333333334,4327.466666666666,1.8150817789137363,1.6440035278598468,1.3433110907984276,0.03125653136521574,0.018287973362021103,110.93333333333334,110.93333333333334,385574.5333333333,39.83292649829915,78.63333333333334,124.43333333333334,1589.5666666666666,1712.0,0.9742576561626333,0.6237753305932678,0.17014828044267746,0.20607638896405472,30,0.9333333333333333
0.95,1.0,0.65,0.7,0.975,0.675,0.95-1.00,0.65-0.70,8.04072680689084,18.276248400410015,38.81356716311226,2.269584977533782,4.779080322908323,0.6966958991517272,0.13979555854382117,0.16350854230445147,0.026412420221339196,0.07595031877254549,2.7333333333333334,2.6333333333333333,2.1333333333333333,68.03333333333333,17.0,21.066666666666666,8540.1,8300.866666666667,6798.733333333334,4924.3,4814.666666666667,4009.2,1.800003927395058,1.5384376221724476,1.250538062886335,0.029153640692432682,0.016757026508760906,106.1,106.1,343057.8333333333,35.57367228437215,74.83333333333333,119.13333333333334,1464.8,1581.9333333333334,0.9739064224038777,0.6786432464132417,0.13634904175992352,0.18500771182683468,30,1.0
0.95,1.0,0.7,0.75,0.975,0.725,0.95-1.00,0.70-0.75,8.44572228146717,18.81721441342961,40.21412294047574,2.2228852934008723,4.67702119004259,0.7440741013259924,0.13781295935175078,0.11811293932225676,0.04460007232270233,0.05251816778512584,2.6666666666666665,3.0,2.1,72.46666666666667,18.3,15.166666666666666,8611.966666666667,9445.833333333334,6537.033333333334,4868.3,6016.833333333333,3962.4666666666667,1.7859212012263015,1.8532038666307926,1.2194779829587787,0.03015415180319295,0.017462420316102557,105.9,105.9,348578.9,36.861418457507774,75.63333333333334,119.76666666666667,1482.7666666666667,1600.5333333333333,0.9710750320109928,0.7225474714029302,0.1348711023957159,0.14258142620135375,30,0.9666666666666667
0.95,1.0,0.75,0.8,0.975,0.775,0.95-1.00,0.75-0.80,8.495939431983667,18.54926474392414,43.45497230727536,2.1616875620087725,5.094953813729933,0.7989875786381242,0.12133628289452122,0.07967613846735454,0.06622794143283468,0.05064195111910827,2.8,2.966666666666667,1.7,81.56666666666666,17.766666666666666,12.2,9359.8,9683.333333333334,5672.333333333333,5359.566666666667,6130.966666666666,3315.2,1.924818946281448,1.8803241363881777,1.039481088325071,0.030358377456044104,0.013005154323764107,111.6,111.6,379216.13333333336,40.01142721351547,77.66666666666667,123.23333333333333,1541.7666666666667,1663.0,0.9704129413460861,0.7752560885032798,0.11929033414591315,0.10545357735080704,30,0.8333333333333334
0.95,1.0,0.8,0.85,0.975,0.825,0.95-1.00,0.80-0.85,7.870816305512562,17.613756008601438,38.44909021844311,2.2238765868396366,4.822736583140757,0.8496496633875122,0.08720544124535008,0.06314489536713748,0.04056881809474879,0.03812859079667971,3.1333333333333333,2.6333333333333333,1.6666666666666667,84.5,12.5,9.7,9561.533333333333,8070.133333333333,5177.533333333334,5808.5,4731.533333333334,3184.766666666667,2.0137756147111454,1.4874448171273496,0.9726880661522349,0.0292387383524328,0.012240142871936114,106.66666666666667,106.66666666666667,339273.9666666667,35.25935918849427,74.46666666666667,118.3,1430.4666666666667,1546.7666666666667,0.9731624595128948,0.8267377013498975,0.08899698766327736,0.08426531098682491,30,0.8666666666666667
