Job,Interval,Start,End,Energy,Flow
J1873,I2597,8964.0,8970.0,brown,4
J1873,I2757,9560.0,9563.0,brown,1
J1873,I3358,11261.0,11263.0,green,1
J1356,I1313,3846.0,3852.0,green,3
J1356,I1505,4662.0,4671.0,green,2
J1057,I1766,5776.0,5782.0,brown,2
J1057,I2086,7030.0,7033.0,brown,1
J1057,I2150,7279.0,7282.0,brown,1
J323,I700,1731.0,1734.0,green,2
J1618,I2478,8489.0,8492.0,green,1
J1618,I2798,9687.0,9692.0,green,3
J911,I1265,3668.0,3682.0,brown,2
J911,I1522,4740.0,4747.0,green,1
J911,I1906,6313.0,6330.0,green,1
J1906,I3137,10725.0,10728.0,green,2
J1798,I3442,11446.0,11451.0,green,2
J1001,I1017,2808.0,2811.0,green,2
J1001,I1081,3031.0,3034.0,green,1
J1001,I1337,3950.0,3957.0,green,1
J698,I1362,4049.0,4050.0,brown,1
J698,I1459,4476.0,4480.0,green,1
J698,I2803,9702.0,9710.0,green,3
J698,I3225,10947.0,10950.0,green,1
J1036,I1407,4230.0,4237.0,green,4
J1034,I1548,4838.0,4843.0,green,2
J1034,I2204,7497.0,7507.0,green,2
J1510,I721,1814.0,1818.0,green,1
J1510,I2385,8176.0,8181.0,green,3
J702,I905,2415.0,2417.0,green,2
J42,I441,995.0,999.0,brown,1
J42,I2586,8915.0,8921.0,green,2
J42,I2690,9342.0,9344.0,green,1
J1998,I1472,4547.0,4556.0,green,2
J1998,I3328,11201.0,11204.0,green,1
J1689,I2422,8313.0,8315.0,green,2
J1689,I2518,8662.0,8669.0,green,1
J1689,I2550,8789.0,8793.0,green,3
J690,I727,1840.0,1857.0,green,4
J690,I791,2039.0,2042.0,green,2
J572,I1085,3045.0,3047.0,green,1
J572,I1101,3101.0,3102.0,green,1
J572,I1117,3168.0,3172.0,green,4
J663,I601,1431.0,1438.0,green,2
J663,I825,2143.0,2151.0,green,2
J663,I1401,4200.0,4205.0,green,2
J119,I1456,4458.0,4472.0,green,3
J119,I1616,5102.0,5113.0,green,1
J119,I1632,5183.0,5189.0,green,2
J260,I374,799.0,800.0,green,1
J260,I886,2349.0,2356.0,green,5
J249,I764,1949.0,1962.0,green,2
J249,I1852,6118.0,6124.0,green,1
J249,I1884,6239.0,6246.0,green,2
J249,I2364,8051.0,8052.0,green,1
J1017,I1620,5122.0,5133.0,brown,2
J1017,I2009,6748.0,6757.0,green,2
J611,I1095,3081.0,3091.0,green,2
J611,I1127,3212.0,3219.0,green,2
J1978,I2186,7409.0,7418.0,green,6
J1801,I2642,9158.0,9164.0,green,2
J61,I95,168.0,170.0,brown,2
J61,I159,318.0,327.0,brown,1
J61,I2720,9430.0,9441.0,green,1
J1920,I2526,8690.0,8691.0,brown,1
J1920,I2655,9207.0,9208.0,green,1
J1920,I2783,9646.0,9648.0,green,1
J327,I353,740.0,745.0,green,1
J327,I417,931.0,932.0,green,1
J327,I929,2495.0,2499.0,green,2
J327,I993,2730.0,2734.0,green,1
J997,I1474,4561.0,4573.0,green,3
J1805,I1472,4547.0,4556.0,green,2
J1805,I2015,6768.0,6778.0,brown,2
J1805,I2368,8059.0,8060.0,green,1
J1805,I2656,9208.0,9210.0,green,1
J1473,I2407,8250.0,8255.0,green,2
J1473,I2695,9359.0,9361.0,green,1
J1802,I2241,7622.0,7624.0,green,2
J1802,I2721,9441.0,9443.0,green,2
J1802,I3201,10881.0,10883.0,green,1
J1802,I3457,11485.0,11489.0,green,1
J840,I405,902.0,905.0,green,1
J840,I693,1717.0,1719.0,green,1
J840,I1529,4776.0,4780.0,green,2
J766,I1068,2993.0,2998.0,brown,2
J766,I2693,9357.0,9358.0,green,1
J766,I2797,9677.0,9687.0,green,2
J766,I2821,9776.0,9778.0,green,1
J1255,I1992,6671.0,6681.0,green,3
J1255,I2344,7996.0,8000.0,green,2
J1255,I2472,8474.0,8478.0,green,1
J1935,I1891,6260.0,6264.0,green,1
J1935,I2211,7519.0,7521.0,green,2
J1935,I3107,10637.0,10640.0,green,2
J1935,I3443,11451.0,11454.0,green,1
J1396,I2612,9014.0,9033.0,green,1
J1396,I2995,10330.0,10334.0,brown,2
J1396,I3059,10526.0,10532.0,brown,3
J1585,I1141,3251.0,3256.0,brown,1
J1585,I2806,9713.0,9720.0,green,4
J355,I468,1063.0,1065.0,brown,1
J355,I2517,8657.0,8662.0,green,3
J355,I2521,8678.0,8680.0,green,2
J278,I768,1968.0,1977.0,green,2
J278,I896,2382.0,2385.0,green,1
J278,I1088,3055.0,3058.0,green,2
J1077,I1327,3912.0,3918.0,green,1
J1675,I2612,9014.0,9033.0,green,1
J1675,I2755,9553.0,9558.0,brown,1
J1675,I2915,10056.0,10058.0,brown,1
J852,I1537,4797.0,4801.0,green,3
J852,I1569,4933.0,4935.0,green,1
J852,I1600,5032.0,5036.0,brown,1
J587,I2532,8702.0,8710.0,green,1
J587,I3140,10731.0,10734.0,green,1
J347,I957,2607.0,2616.0,green,2
J1655,I1812,5946.0,5951.0,green,1
J1655,I1908,6331.0,6343.0,green,3
J52,I1369,4063.0,4068.0,green,2
J52,I1465,4501.0,4520.0,green,2
J1864,I3270,11061.0,11064.0,brown,2
J1864,I3335,11217.0,11222.0,green,2
J734,I2142,7253.0,7259.0,brown,2
J1413,I764,1949.0,1962.0,green,2
J1413,I1564,4917.0,4918.0,green,1
J1413,I1692,5447.0,5451.0,green,1
J1413,I2204,7497.0,7507.0,green,1
J1086,I1909,6343.0,6352.0,green,1
J1086,I2229,7582.0,7586.0,green,1
J768,I713,1773.0,1785.0,green,2
J768,I1097,3092.0,3095.0,green,3
J907,I1457,4472.0,4473.0,green,1
J907,I1521,4733.0,4740.0,green,5
J682,I883,2337.0,2338.0,green,1
J682,I1043,2906.0,2911.0,green,2
J258,I432,966.0,967.0,brown,1
J258,I1969,6595.0,6604.0,green,1
J258,I2129,7210.0,7217.0,green,1
J258,I2961,10204.0,10226.0,green,1
J258,I3185,10846.0,10852.0,green,1
J258,I3441,11442.0,11446.0,green,1
J1690,I2842,9836.0,9838.0,green,2
J1690,I2874,9926.0,9931.0,brown,3
J60,I958,2616.0,2630.0,green,2
J60,I1406,4225.0,4230.0,green,1
J60,I2430,8335.0,8342.0,green,3
J882,I713,1773.0,1785.0,green,1
J882,I937,2535.0,2540.0,green,2
J609,I737,1894.0,1895.0,brown,1
J609,I1314,3852.0,3857.0,green,2
J609,I1442,4384.0,4396.0,green,1
J609,I1474,4561.0,4573.0,green,1
J609,I2178,7393.0,7394.0,green,1
J1488,I1342,3971.0,3983.0,brown,2
J1488,I2519,8669.0,8674.0,green,1
J1225,I960,2636.0,2637.0,brown,1
J1225,I2337,7979.0,7981.0,green,1
J1225,I2657,9210.0,9211.0,green,1
J994,I1087,3050.0,3055.0,green,1
J994,I1119,3174.0,3182.0,green,1
J994,I1695,5459.0,5464.0,green,3
J994,I2559,8815.0,8819.0,green,1
J902,I1599,5031.0,5032.0,brown,1
J1772,I1889,6255.0,6259.0,green,4
J770,I894,2377.0,2381.0,green,1
J770,I1694,5452.0,5459.0,green,1
J885,I756,1939.0,1941.0,brown,1
J885,I2837,9819.0,9823.0,green,1
J885,I2933,10108.0,10110.0,green,2
J885,I3061,10533.0,10538.0,green,2
J1369,I1399,4183.0,4198.0,green,3
J1369,I1431,4345.0,4347.0,green,2
J1369,I2007,6738.0,6746.0,green,1
J1426,I1261,3655.0,3657.0,brown,1
J1426,I1357,4043.0,4044.0,brown,1
J1426,I1453,4438.0,4453.0,brown,3
J1426,I2702,9371.0,9375.0,green,1
J1295,I1714,5566.0,5571.0,brown,3
J1295,I1907,6330.0,6331.0,green,1
J916,I670,1637.0,1638.0,green,1
J916,I1598,5021.0,5031.0,brown,1
J51,I353,740.0,745.0,green,4
J51,I1121,3185.0,3204.0,green,1
J1038,I1692,5447.0,5451.0,green,2
J1038,I1771,5801.0,5810.0,brown,1
J1038,I1931,6427.0,6430.0,brown,1
J1478,I2209,7515.0,7516.0,green,1
J1478,I2465,8448.0,8451.0,green,1
J445,I592,1404.0,1406.0,green,1
J445,I688,1696.0,1697.0,green,1
J445,I720,1812.0,1814.0,green,2
J445,I816,2104.0,2106.0,green,1
J445,I944,2564.0,2568.0,green,1
J1469,I1427,4327.0,4334.0,green,1
J1752,I2768,9603.0,9604.0,brown,1
J1752,I2992,10324.0,10327.0,brown,3
J1752,I3056,10515.0,10520.0,brown,1
J1830,I801,2064.0,2067.0,brown,1
J1830,I2978,10274.0,10283.0,green,3
J234,I428,957.0,961.0,brown,2
J234,I2637,9110.0,9129.0,green,3
J234,I2833,9803.0,9808.0,green,1
J1846,I2497,8589.0,8591.0,green,2
J1846,I3105,10632.0,10635.0,green,3
J1846,I3185,10846.0,10852.0,green,1
J1344,I1590,5000.0,5003.0,green,1
J1344,I1877,6201.0,6210.0,brown,2
J1344,I1942,6470.0,6476.0,green,1
J1709,I2367,8056.0,8059.0,green,1
J1709,I3135,10719.0,10723.0,green,1
J1709,I3359,11263.0,11265.0,green,2
J1709,I3391,11337.0,11338.0,green,1
J1709,I3561,11719.0,11722.0,green,1
J563,I1108,3134.0,3139.0,green,4
J563,I1460,4480.0,4485.0,green,1
J333,I777,2002.0,2004.0,green,1
J333,I1129,3221.0,3223.0,green,1
J333,I1993,6681.0,6686.0,green,4
J704,I1678,5385.0,5387.0,green,2
J704,I1806,5921.0,5930.0,green,2
J1166,I2500,8600.0,8606.0,green,4
J1100,I2459,8423.0,8436.0,green,4
J505,I2583,8902.0,8910.0,green,3
J1224,I1712,5557.0,5564.0,brown,1
J1224,I1952,6520.0,6528.0,brown,3
J1224,I2273,7720.0,7732.0,green,1
J177,I409,910.0,911.0,green,1
J177,I537,1265.0,1268.0,green,3
J177,I601,1431.0,1438.0,green,1
J32,I709,1758.0,1762.0,green,3
J32,I1381,4107.0,4117.0,green,1
J1193,I881,2330.0,2336.0,green,3
J1193,I913,2436.0,2438.0,green,2
J1991,I2751,9542.0,9548.0,green,1
J1991,I3071,10557.0,10558.0,green,1
J1991,I3231,10963.0,10966.0,green,3
J1991,I3423,11409.0,11410.0,green,1
J1375,I1313,3846.0,3852.0,green,1
J1375,I2817,9752.0,9759.0,green,1
J1375,I2929,10094.0,10098.0,green,1
J854,I908,2422.0,2424.0,green,1
J854,I940,2547.0,2553.0,green,1
J854,I2068,6966.0,6974.0,green,2
J235,I825,2143.0,2151.0,green,2
J235,I1465,4501.0,4520.0,green,4
J1994,I2705,9380.0,9381.0,green,1
J1994,I2769,9604.0,9607.0,green,1
J1258,I1271,3689.0,3692.0,brown,2
J617,I1079,3025.0,3029.0,green,1
J617,I1302,3807.0,3818.0,brown,1
J1981,I2522,8680.0,8682.0,green,2
J1981,I3450,11464.0,11473.0,green,1
J1024,I1930,6423.0,6427.0,brown,1
J1024,I2779,9633.0,9635.0,green,1
J1068,I1698,5468.0,5473.0,green,1
J1068,I1761,5736.0,5750.0,brown,1
J1068,I2818,9759.0,9774.0,green,1
J748,I890,2366.0,2369.0,green,2
J1227,I2156,7291.0,7292.0,brown,1
J1227,I2637,9110.0,9129.0,green,3
J35,I40,52.0,55.0,green,3
J35,I232,462.0,464.0,green,2
J416,I818,2109.0,2128.0,green,3
J416,I930,2499.0,2501.0,green,1
J542,I738,1895.0,1898.0,brown,3
J542,I2679,9294.0,9298.0,green,3
J1457,I2352,8025.0,8030.0,green,2
J1457,I3440,11439.0,11442.0,green,2
J922,I491,1124.0,1128.0,green,2
J922,I683,1668.0,1672.0,green,1
J922,I1227,3549.0,3551.0,green,2
J1657,I2308,7856.0,7867.0,green,3
J1657,I2372,8082.0,8089.0,green,3
J1809,I2560,8819.0,8829.0,green,1
J1809,I3072,10558.0,10561.0,green,2
J1414,I1792,5863.0,5866.0,green,2
J1110,I547,1288.0,1292.0,brown,1
J1110,I2436,8353.0,8357.0,green,2
J1828,I2407,8250.0,8255.0,green,1
J1828,I2758,9563.0,9570.0,brown,1
J1541,I2109,7142.0,7145.0,green,1
J1541,I2173,7358.0,7372.0,green,2
J1541,I2769,9604.0,9607.0,green,1
J1785,I2200,7467.0,7474.0,green,1
J1785,I2456,8401.0,8405.0,green,2
J1785,I2616,9049.0,9051.0,green,2
J1785,I3352,11248.0,11251.0,green,1
J923,I1168,3336.0,3344.0,brown,1
J923,I1649,5274.0,5280.0,green,2
J923,I2961,10204.0,10226.0,green,1
J1768,I2638,9129.0,9147.0,green,2
J1235,I2049,6901.0,6906.0,green,4
J1525,I2472,8474.0,8478.0,green,2
J1525,I2536,8723.0,8731.0,green,1
J1555,I2416,8292.0,8298.0,brown,5
J1555,I2576,8879.0,8882.0,brown,1
J708,I1816,5971.0,5985.0,green,1
J708,I2712,9407.0,9408.0,green,1
J708,I2744,9527.0,9529.0,green,1
J708,I2872,9919.0,9924.0,brown,1
J708,I3408,11374.0,11376.0,green,1
J708,I3416,11393.0,11396.0,green,1
J47,I454,1022.0,1025.0,green,2
J47,I582,1378.0,1382.0,green,1
J47,I678,1662.0,1663.0,green,1
J47,I814,2102.0,2103.0,green,1
J620,I337,705.0,707.0,green,2
J620,I433,967.0,972.0,brown,3
J321,I777,2002.0,2004.0,green,1
J321,I1385,4127.0,4132.0,green,2
J321,I1897,6280.0,6283.0,green,2
J321,I1968,6580.0,6595.0,green,1
J1484,I1308,3830.0,3831.0,green,1
J1484,I1340,3960.0,3969.0,brown,1
J1484,I1404,4220.0,4222.0,green,1
J1484,I1884,6239.0,6246.0,green,1
J1484,I2777,9623.0,9628.0,green,1
J1671,I1967,6576.0,6580.0,brown,1
J1175,I1550,4848.0,4853.0,green,1
J1175,I1741,5658.0,5659.0,brown,1
J1346,I1998,6698.0,6706.0,green,1
J1346,I2809,9724.0,9725.0,green,1
J606,I1442,4384.0,4396.0,green,3
J606,I2466,8451.0,8457.0,green,3
J904,I1536,4796.0,4797.0,green,1
J904,I1552,4863.0,4867.0,green,1
J904,I1664,5331.0,5337.0,green,3
J78,I818,2109.0,2128.0,green,2
J78,I1458,4473.0,4476.0,green,1
J190,I592,1404.0,1406.0,green,1
J190,I624,1489.0,1492.0,green,1
J190,I944,2564.0,2568.0,green,2
J190,I990,2723.0,2725.0,green,2
J1734,I2142,7253.0,7259.0,brown,1
J1734,I2175,7377.0,7383.0,green,1
J1734,I2271,7715.0,7717.0,green,1
J1734,I2367,8056.0,8059.0,green,1
J1734,I2975,10271.0,10272.0,green,1
J746,I987,2709.0,2711.0,brown,1
J746,I3132,10708.0,10717.0,green,1
J746,I3492,11565.0,11566.0,green,1
J746,I3556,11701.0,11703.0,green,1
J1626,I2452,8396.0,8398.0,green,2
J1626,I2516,8652.0,8657.0,green,3
J426,I989,2720.0,2723.0,brown,2
J426,I1341,3969.0,3971.0,brown,1
J426,I1597,5016.0,5021.0,brown,1
J426,I1661,5322.0,5327.0,brown,2
J135,I429,961.0,962.0,brown,1
J135,I1774,5816.0,5819.0,green,1
J135,I2946,10147.0,10158.0,green,3
J836,I1640,5217.0,5230.0,green,3
J836,I1642,5231.0,5237.0,green,3
J1220,I2169,7338.0,7340.0,green,1
J1220,I2175,7377.0,7383.0,green,5
J458,I906,2417.0,2420.0,green,1
J458,I938,2540.0,2543.0,green,3
J1538,I2379,8153.0,8159.0,green,6
J629,I1094,3077.0,3081.0,green,3
J629,I1670,5349.0,5353.0,green,1
J629,I1872,6183.0,6187.0,green,1
J564,I998,2741.0,2750.0,green,2
J564,I1030,2851.0,2853.0,green,1
J564,I1494,4618.0,4626.0,green,3
J486,I2931,10103.0,10107.0,green,4
J486,I2963,10229.0,10238.0,green,1
J468,I986,2708.0,2709.0,brown,1
J468,I1083,3038.0,3043.0,green,1
J176,I391,853.0,855.0,green,2
J176,I1095,3081.0,3091.0,green,2
J1059,I1975,6619.0,6622.0,green,2
J316,I1274,3701.0,3711.0,green,1
J316,I2594,8957.0,8960.0,green,1
J345,I684,1672.0,1680.0,green,2
J912,I2021,6813.0,6816.0,brown,2
J1307,I1415,4263.0,4270.0,brown,2
J1307,I2504,8618.0,8627.0,green,1
J1307,I3207,10896.0,10897.0,brown,1
J1697,I2963,10229.0,10238.0,green,4
J1697,I2979,10283.0,10290.0,green,1
J1697,I3171,10809.0,10810.0,green,1
J547,I1420,4292.0,4295.0,brown,1
J547,I2541,8746.0,8750.0,green,1
J547,I2637,9110.0,9129.0,green,2
J547,I2821,9776.0,9778.0,green,1
J547,I2961,10204.0,10226.0,green,1
J1467,I1691,5441.0,5447.0,green,5
J1467,I1723,5588.0,5597.0,green,1
J378,I238,473.0,475.0,brown,1
J378,I302,607.0,610.0,brown,1
J378,I399,876.0,877.0,green,1
J378,I687,1692.0,1696.0,green,1
J378,I1311,3834.0,3842.0,green,2
J951,I1251,3624.0,3630.0,brown,1
J951,I1411,4249.0,4256.0,brown,1
J951,I1812,5946.0,5951.0,green,1
J255,I1010,2784.0,2787.0,brown,1
J255,I1298,3793.0,3796.0,brown,1
J255,I1363,4050.0,4051.0,green,1
J255,I1840,6075.0,6080.0,green,2
J781,I1241,3596.0,3599.0,green,1
J781,I1305,3822.0,3823.0,green,1
J781,I1657,5303.0,5313.0,brown,1
J781,I2009,6748.0,6757.0,green,2
J1589,I2226,7567.0,7574.0,green,2
J1589,I2354,8031.0,8034.0,green,2
J737,I667,1628.0,1630.0,brown,1
J737,I755,1936.0,1939.0,brown,1
J737,I1747,5681.0,5687.0,brown,2
J737,I2548,8782.0,8786.0,green,1
J737,I2644,9169.0,9173.0,green,1
J985,I1700,5492.0,5499.0,green,2
J985,I1923,6397.0,6399.0,brown,1
J985,I2340,7984.0,7989.0,green,2
J1765,I2785,9650.0,9658.0,green,4
J1765,I2977,10273.0,10274.0,green,1
J1765,I3169,10805.0,10808.0,green,1
J1142,I967,2650.0,2654.0,brown,1
J1142,I1359,4045.0,4046.0,brown,1
J1142,I2031,6846.0,6849.0,brown,1
J1142,I2759,9570.0,9580.0,brown,1
J490,I817,2106.0,2109.0,green,3
J490,I1105,3120.0,3125.0,green,1
J490,I1409,4244.0,4248.0,green,1
J490,I1425,4319.0,4326.0,brown,1
J887,I1521,4733.0,4740.0,green,2
J887,I1649,5274.0,5280.0,green,1
J1813,I3174,10817.0,10818.0,green,1
J1813,I3222,10938.0,10939.0,green,1
J1813,I3230,10958.0,10963.0,green,1
J1813,I3326,11195.0,11199.0,green,1
J369,I1231,3559.0,3569.0,green,2
J369,I1551,4853.0,4863.0,green,1
J369,I2263,7696.0,7699.0,green,1
J1889,I1839,6068.0,6075.0,green,1
J1889,I3343,11230.0,11231.0,green,1
J1889,I3375,11293.0,11296.0,green,2
J1889,I3537,11662.0,11667.0,green,1
J1607,I2502,8608.0,8617.0,green,2
J1607,I3094,10609.0,10612.0,green,2
J1607,I3430,11422.0,11423.0,green,1
J546,I1200,3448.0,3451.0,green,2
J1992,I3692,11965.0,11969.0,brown,2
J1992,I3696,11973.0,11974.0,brown,1
J1992,I3700,11978.0,11979.0,brown,1
J1992,I3704,11984.0,11986.0,brown,2
J484,I255,506.0,507.0,brown,1
J484,I543,1280.0,1283.0,brown,3
J340,I775,1997.0,1999.0,green,2
J340,I1399,4183.0,4198.0,green,3
J1,I1025,2835.0,2840.0,green,2
J1,I1121,3185.0,3204.0,green,1
J1187,I1816,5971.0,5985.0,green,1
J1187,I2776,9622.0,9623.0,green,1
J1187,I3224,10942.0,10947.0,green,1
J1654,I298,599.0,600.0,brown,1
J1654,I426,953.0,955.0,brown,1
J1654,I522,1220.0,1236.0,brown,1
J1654,I2795,9674.0,9675.0,green,1
J1654,I2939,10121.0,10129.0,green,1
J74,I293,593.0,595.0,brown,2
J74,I421,939.0,945.0,brown,1
J74,I2662,9233.0,9235.0,green,2
J644,I317,642.0,648.0,green,1
J644,I925,2476.0,2481.0,green,1
J644,I1465,4501.0,4520.0,green,4
J1605,I1193,3428.0,3434.0,green,1
J1605,I2409,8259.0,8264.0,green,2
J194,I1325,3903.0,3908.0,green,4
J935,I673,1646.0,1647.0,green,1
J935,I833,2179.0,2180.0,green,1
J935,I1025,2835.0,2840.0,green,2
J935,I1651,5283.0,5288.0,green,2
J1580,I2871,9911.0,9919.0,brown,1
J1580,I3159,10781.0,10783.0,brown,2
J1580,I3479,11535.0,11537.0,brown,1
J1580,I3575,11747.0,11748.0,brown,1
J590,I2062,6938.0,6946.0,brown,1
J590,I2703,9375.0,9378.0,green,1
J590,I2799,9692.0,9695.0,green,3
J522,I902,2407.0,2408.0,green,1
J522,I934,2514.0,2518.0,green,1
J522,I998,2741.0,2750.0,green,1
J522,I1648,5272.0,5274.0,green,1
J1103,I1735,5644.0,5648.0,brown,2
J1103,I1816,5971.0,5985.0,green,2
J1103,I1896,6277.0,6280.0,green,1
J927,I1441,4381.0,4384.0,green,2
J1730,I2477,8485.0,8489.0,green,2
J1730,I2949,10169.0,10176.0,green,1
J1730,I2961,10204.0,10226.0,green,2
J623,I1217,3523.0,3531.0,green,6
J1602,I736,1892.0,1894.0,brown,1
J1602,I1121,3185.0,3204.0,green,1
J495,I1163,3318.0,3324.0,green,1
J495,I2199,7465.0,7467.0,green,2
J495,I2201,7474.0,7486.0,green,1
J495,I2203,7488.0,7497.0,green,2
J670,I1086,3047.0,3050.0,green,3
J670,I1118,3172.0,3174.0,green,2
J670,I1150,3285.0,3290.0,green,1
J1860,I2803,9702.0,9710.0,green,3
J1860,I2963,10229.0,10238.0,green,1
J180,I676,1657.0,1659.0,green,2
J924,I1421,4295.0,4298.0,brown,1
J924,I1806,5921.0,5930.0,green,1
J924,I2638,9129.0,9147.0,green,1
J924,I2640,9151.0,9157.0,green,2
J924,I2658,9211.0,9215.0,green,1
J1085,I1121,3185.0,3204.0,green,2
J1085,I1505,4662.0,4671.0,green,1
J1085,I1665,5337.0,5341.0,green,3
J976,I1148,3277.0,3282.0,green,1
J976,I1275,3711.0,3712.0,brown,1
J976,I1339,3959.0,3960.0,brown,1
J976,I1659,5314.0,5318.0,brown,2
J1795,I2403,8242.0,8246.0,green,4
J1795,I2467,8457.0,8461.0,green,2
J524,I1077,3022.0,3023.0,green,1
J524,I1109,3139.0,3141.0,green,2
J1456,I2269,7712.0,7714.0,green,1
J1456,I2524,8684.0,8689.0,brown,3
J1546,I134,243.0,244.0,brown,1
J1546,I166,334.0,336.0,brown,1
J1546,I1319,3882.0,3884.0,green,1
J69,I48,68.0,71.0,green,2
J69,I328,682.0,691.0,green,4
J600,I1869,6176.0,6178.0,green,1
J600,I2541,8746.0,8750.0,green,2
J855,I292,590.0,593.0,brown,2
J855,I2661,9221.0,9233.0,green,3
J855,I2949,10169.0,10176.0,green,1
J1764,I2079,7001.0,7009.0,brown,1
J1764,I2208,7512.0,7515.0,green,3
J1764,I2304,7841.0,7846.0,green,2
J30,I20,25.0,26.0,brown,1
J30,I52,76.0,78.0,brown,2
J489,I1159,3304.0,3309.0,green,2
J489,I1191,3417.0,3420.0,green,3
J489,I1287,3744.0,3749.0,green,1
J621,I1268,3685.0,3687.0,brown,1
J621,I1333,3930.0,3935.0,green,2
J1119,I2048,6897.0,6901.0,green,2
J1119,I2176,7383.0,7391.0,green,3
J1119,I2304,7841.0,7846.0,green,1
J1934,I2234,7596.0,7598.0,green,2
J1934,I2266,7707.0,7709.0,green,1
J1934,I2330,7956.0,7959.0,green,1
J1934,I3258,11031.0,11039.0,green,1
J1958,I1451,4432.0,4437.0,brown,1
J1958,I2092,7069.0,7079.0,green,1
J1958,I3116,10656.0,10663.0,green,2
J1958,I3132,10708.0,10717.0,green,1
J1958,I3532,11653.0,11655.0,green,1
J955,I1688,5431.0,5439.0,green,2
J955,I1816,5971.0,5985.0,green,1
J955,I2360,8041.0,8043.0,green,1
J1132,I173,350.0,351.0,brown,1
J1132,I910,2427.0,2434.0,green,3
J1132,I2126,7199.0,7205.0,green,2
J451,I928,2493.0,2495.0,green,1
J451,I992,2726.0,2730.0,green,1
J451,I1120,3182.0,3185.0,green,1
J343,I1473,4556.0,4561.0,green,1
J343,I2529,8695.0,8696.0,green,1
J343,I2833,9803.0,9808.0,green,1
J343,I2961,10204.0,10226.0,green,1
J965,I1548,4838.0,4843.0,green,3
J965,I2380,8159.0,8160.0,green,1
J1452,I1011,2787.0,2794.0,green,3
J1452,I1523,4747.0,4760.0,green,2
J1452,I2515,8651.0,8652.0,green,1
J1249,I1873,6187.0,6188.0,brown,1
J1249,I2161,7307.0,7311.0,brown,1
J771,I1551,4853.0,4863.0,green,1
J771,I1839,6068.0,6075.0,green,1
J771,I2158,7298.0,7305.0,brown,2
J771,I2713,9408.0,9414.0,green,2
J454,I1123,3205.0,3209.0,green,3
J454,I1475,4573.0,4576.0,green,1
J349,I1836,6048.0,6056.0,green,1
J349,I3340,11226.0,11228.0,green,1
J692,I926,2481.0,2486.0,green,5
J692,I958,2616.0,2630.0,green,1
J1198,I1965,6570.0,6573.0,brown,3
J1198,I1997,6697.0,6698.0,brown,1
J1198,I2061,6932.0,6938.0,brown,2
J975,I1644,5245.0,5250.0,green,2
J975,I2124,7194.0,7195.0,green,1
J975,I2460,8436.0,8440.0,green,1
J975,I2612,9014.0,9033.0,green,1
J1274,I2469,8462.0,8468.0,green,3
J921,I68,111.0,114.0,brown,1
J921,I100,176.0,177.0,brown,1
J921,I1381,4107.0,4117.0,green,2
J921,I2373,8089.0,8104.0,green,2
J188,I308,622.0,624.0,green,2
J188,I724,1824.0,1836.0,green,4
J1588,I251,497.0,500.0,brown,3
J1588,I956,2604.0,2607.0,green,2
J1825,I1514,4708.0,4717.0,green,1
J1825,I3450,11464.0,11473.0,green,1
J1744,I1451,4432.0,4437.0,brown,1
J1744,I1708,5540.0,5545.0,green,2
J1744,I2972,10260.0,10264.0,green,1
J1474,I1827,6028.0,6030.0,brown,1
J1474,I2692,9349.0,9357.0,green,5
J533,I1838,6060.0,6068.0,green,1
J533,I2190,7427.0,7431.0,green,2
J1209,I246,487.0,488.0,brown,1
J1209,I470,1066.0,1071.0,brown,2
J1209,I662,1614.0,1617.0,brown,1
J279,I2542,8750.0,8757.0,green,1
J279,I2638,9129.0,9147.0,green,3
J14,I79,136.0,139.0,brown,3
J14,I1456,4458.0,4472.0,green,3
J1845,I2607,9001.0,9003.0,brown,1
J1845,I2671,9273.0,9278.0,brown,1
J131,I47,64.0,68.0,green,4
J1424,I1416,4270.0,4272.0,brown,1
J1424,I1448,4412.0,4430.0,brown,4
J1424,I1513,4706.0,4708.0,green,1
J1584,I2033,6854.0,6857.0,brown,1
J1584,I2065,6958.0,6962.0,brown,3
J1584,I2098,7097.0,7101.0,green,1
J1584,I2130,7217.0,7220.0,green,1
J1959,I1505,4662.0,4671.0,green,1
J1959,I2945,10143.0,10147.0,green,4
J1595,I2269,7712.0,7714.0,green,1
J1595,I2461,8440.0,8442.0,green,2
J1595,I3325,11190.0,11195.0,green,1
J537,I534,1261.0,1262.0,brown,1
J537,I566,1334.0,1336.0,brown,2
J537,I1111,3148.0,3150.0,green,2
J742,I1353,4029.0,4036.0,brown,4
J742,I1578,4959.0,4962.0,green,1
J742,I2954,10183.0,10193.0,green,1
J674,I3535,11659.0,11661.0,green,2
J674,I3599,11800.0,11801.0,green,1
J1388,I1242,3599.0,3604.0,brown,1
J1388,I1338,3957.0,3959.0,brown,1
J1388,I2235,7598.0,7600.0,green,2
J1388,I2459,8423.0,8436.0,green,2
J1350,I1640,5217.0,5230.0,green,5
J1350,I2704,9378.0,9380.0,green,1
J1406,I1422,4298.0,4307.0,brown,4
J1406,I2062,6938.0,6946.0,brown,1
J1406,I2319,7897.0,7907.0,green,1
J1122,I1370,4068.0,4072.0,green,1
J1122,I2586,8915.0,8921.0,green,3
J1122,I2772,9614.0,9617.0,green,1
J1592,I433,967.0,972.0,brown,1
J1592,I1906,6313.0,6330.0,green,1
J91,I54,80.0,82.0,brown,2
J91,I86,147.0,148.0,brown,1
J91,I118,213.0,216.0,brown,1
J91,I1495,4626.0,4633.0,green,1
J91,I2903,10002.0,10007.0,green,1
J1205,I1626,5156.0,5165.0,green,1
J1205,I2746,9530.0,9533.0,green,2
J1205,I2804,9710.0,9712.0,green,2
J1205,I2836,9815.0,9819.0,green,1
J1035,I427,955.0,957.0,brown,2
J1035,I1836,6048.0,6056.0,green,3
J1035,I2236,7600.0,7606.0,green,1
J637,I712,1766.0,1773.0,green,3
J637,I1167,3329.0,3336.0,brown,1
J404,I799,2060.0,2061.0,brown,1
J404,I1279,3721.0,3727.0,brown,1
J404,I3456,11483.0,11485.0,green,2
J404,I3528,11636.0,11640.0,green,1
J1790,I1626,5156.0,5165.0,green,1
J1790,I3095,10612.0,10614.0,green,1
J1790,I3098,10616.0,10622.0,green,1
J137,I610,1458.0,1463.0,green,3
J137,I1104,3113.0,3120.0,green,1
J735,I2544,8759.0,8773.0,green,2
J735,I3248,11004.0,11005.0,green,1
J1485,I749,1922.0,1928.0,brown,1
J1485,I1326,3908.0,3912.0,green,1
J1485,I1998,6698.0,6706.0,green,1
J386,I1279,3721.0,3727.0,brown,3
J386,I2079,7001.0,7009.0,brown,1
J386,I3392,11338.0,11341.0,green,2
J318,I1039,2891.0,2892.0,green,1
J318,I1103,3107.0,3113.0,green,4
J318,I1327,3912.0,3918.0,green,1
J341,I927,2486.0,2493.0,green,2
J341,I991,2725.0,2726.0,green,1
J341,I1993,6681.0,6686.0,green,1
J341,I2015,6768.0,6778.0,brown,1
J1254,I1699,5473.0,5492.0,green,3
J1254,I2723,9444.0,9447.0,green,1
J1505,I1310,3832.0,3834.0,green,2
J1505,I1342,3971.0,3983.0,brown,1
J1505,I2686,9316.0,9331.0,green,2
J1505,I2818,9759.0,9774.0,green,1
J1194,I548,1292.0,1295.0,brown,1
J1194,I1029,2846.0,2851.0,green,1
J1194,I2089,7046.0,7061.0,green,1
J1194,I2105,7131.0,7136.0,green,1
J687,I1317,3873.0,3879.0,green,2
J687,I1573,4944.0,4948.0,green,1
J713,I3226,10950.0,10952.0,green,1
J713,I3481,11540.0,11542.0,brown,1
J713,I3530,11645.0,11650.0,green,1
J713,I3546,11683.0,11684.0,green,1
J713,I3602,11804.0,11805.0,green,1
J601,I520,1215.0,1217.0,brown,2
J601,I681,1666.0,1667.0,green,1
J601,I713,1773.0,1785.0,green,1
J1500,I1845,6100.0,6102.0,brown,1
J1500,I2325,7931.0,7944.0,brown,2
J436,I2785,9650.0,9658.0,green,1
J436,I3457,11485.0,11489.0,green,1
J1385,I2390,8197.0,8203.0,green,1
J1385,I2518,8662.0,8669.0,green,3
J1311,I1424,4309.0,4319.0,brown,4
J1311,I1952,6520.0,6528.0,brown,1
J1311,I2080,7009.0,7010.0,brown,1
J950,I968,2654.0,2655.0,brown,1
J950,I1000,2752.0,2759.0,brown,1
J950,I1673,5359.0,5377.0,green,2
J950,I2505,8627.0,8629.0,green,1
J1158,I1418,4275.0,4285.0,brown,1
J1158,I1547,4836.0,4838.0,green,1
J1158,I1579,4962.0,4965.0,green,1
J1158,I2187,7418.0,7421.0,green,2
J973,I127,228.0,229.0,brown,1
J973,I576,1364.0,1368.0,green,2
J973,I1120,3182.0,3185.0,green,1
J526,I1038,2884.0,2891.0,green,4
J1547,I1703,5507.0,5508.0,green,1
J1547,I1767,5782.0,5789.0,brown,3
J1547,I2919,10063.0,10067.0,green,2
J1586,I1472,4547.0,4556.0,green,1
J1586,I2815,9739.0,9749.0,brown,1
J113,I151,283.0,285.0,brown,1
J113,I247,488.0,489.0,brown,1
J113,I471,1071.0,1074.0,brown,2
J1870,I3329,11204.0,11207.0,green,3
J1870,I3361,11266.0,11267.0,green,1
J55,I306,618.0,621.0,green,3
J55,I338,707.0,708.0,green,1
J1278,I1639,5212.0,5217.0,green,5
J1278,I1671,5353.0,5355.0,green,1
J1621,I162,329.0,330.0,brown,1
J1621,I2691,9344.0,9349.0,green,1
J1621,I2787,9660.0,9661.0,green,1
J1621,I2819,9774.0,9775.0,green,1
J1621,I2979,10283.0,10290.0,green,2
J366,I159,318.0,327.0,brown,4
J366,I1216,3513.0,3523.0,green,1
J1221,I969,2655.0,2667.0,brown,1
J1221,I2538,8735.0,8741.0,green,1
J1221,I3242,10991.0,10994.0,green,1
J1221,I3338,11224.0,11225.0,green,1
J1221,I3434,11430.0,11431.0,green,1
J796,I1311,3834.0,3842.0,green,4
J264,I1089,3058.0,3060.0,green,1
J1560,I1298,3793.0,3796.0,brown,1
J1560,I1427,4327.0,4334.0,green,1
J1560,I1523,4747.0,4760.0,green,1
J1560,I2935,10116.0,10117.0,green,1
J1560,I3127,10695.0,10698.0,green,2
J709,I1166,3328.0,3329.0,green,1
J709,I1198,3444.0,3447.0,green,2
J709,I1998,6698.0,6706.0,green,1
J1433,I2325,7931.0,7944.0,brown,5
J354,I94,165.0,168.0,brown,2
J354,I1119,3174.0,3182.0,green,1
J354,I2431,8342.0,8346.0,green,2
J250,I829,2160.0,2166.0,green,1
J250,I925,2476.0,2481.0,green,2
J1787,I468,1063.0,1065.0,brown,1
J1787,I3445,11455.0,11458.0,green,2
J514,I1313,3846.0,3852.0,green,2
J514,I2457,8405.0,8420.0,green,3
J514,I2752,9548.0,9551.0,brown,1
J240,I703,1739.0,1740.0,green,1
J1304,I2797,9677.0,9687.0,green,1
J1304,I3381,11306.0,11310.0,green,2
J7,I56,83.0,84.0,brown,1
J7,I88,150.0,153.0,brown,1
J7,I889,2362.0,2366.0,green,1
J7,I1081,3031.0,3034.0,green,1
J905,I1608,5068.0,5073.0,green,3
J905,I1640,5217.0,5230.0,green,1
J1763,I1541,4810.0,4819.0,green,5
J1763,I1764,5760.0,5773.0,brown,1
J1721,I2921,10072.0,10080.0,green,3
J1721,I3145,10750.0,10754.0,green,3
J1096,I1595,5013.0,5015.0,brown,1
J1096,I2300,7831.0,7835.0,green,3
J1096,I2612,9014.0,9033.0,green,1
J956,I1906,6313.0,6330.0,green,5
J956,I2930,10098.0,10103.0,green,1
J1351,I2188,7421.0,7424.0,green,3
J1351,I2284,7769.0,7770.0,green,1
J555,I787,2026.0,2032.0,green,1
J555,I1523,4747.0,4760.0,green,2
J1381,I1192,3420.0,3428.0,green,1
J1381,I1576,4951.0,4958.0,green,1
J1381,I2600,8978.0,8984.0,green,1
J1836,I3560,11718.0,11719.0,green,1
J1836,I3576,11748.0,11750.0,brown,1
J1770,I2829,9792.0,9798.0,green,1
J1770,I3349,11243.0,11245.0,green,1
J1770,I3413,11386.0,11388.0,green,2
J1770,I3445,11455.0,11458.0,green,1
J1770,I3453,11479.0,11480.0,green,1
J1271,I1831,6036.0,6039.0,green,1
J1271,I2086,7030.0,7033.0,brown,1
J1271,I2119,7176.0,7186.0,green,1
J1137,I1765,5773.0,5776.0,brown,3
J1137,I2085,7022.0,7030.0,brown,2
J48,I235,466.0,470.0,green,3
J2000,I3411,11378.0,11380.0,green,1
J2000,I3443,11451.0,11454.0,green,2
J2000,I3619,11837.0,11838.0,green,1
J657,I1466,4520.0,4531.0,green,2
J657,I1634,5194.0,5203.0,green,1
J657,I2074,6983.0,6991.0,green,1
J1755,I2620,9058.0,9061.0,brown,2
J1755,I2876,9932.0,9936.0,brown,1
J1548,I2119,7176.0,7186.0,green,3
J1548,I2791,9665.0,9669.0,green,1
J929,I1505,4662.0,4671.0,green,1
J929,I2816,9749.0,9752.0,brown,3
J929,I2961,10204.0,10226.0,green,2
J1018,I1552,4863.0,4867.0,green,1
J1018,I1816,5971.0,5985.0,green,1
J1454,I2591,8946.0,8947.0,brown,1
J1454,I2815,9739.0,9749.0,brown,2
J124,I39,51.0,52.0,green,1
J124,I903,2408.0,2414.0,green,1
J124,I1523,4747.0,4760.0,green,1
J948,I1394,4167.0,4170.0,green,3
J948,I2098,7097.0,7101.0,green,2
J1513,I2377,8116.0,8125.0,green,4
J1513,I2921,10072.0,10080.0,green,2
J363,I2283,7764.0,7769.0,green,2
J363,I2393,8208.0,8209.0,green,1
J363,I2459,8423.0,8436.0,green,2
J1050,I1183,3393.0,3397.0,green,3
J1050,I1471,4544.0,4547.0,green,1
J1609,I1354,4036.0,4037.0,brown,1
J1609,I1707,5514.0,5540.0,green,2
J1591,I1633,5189.0,5194.0,green,4
J1591,I2016,6778.0,6794.0,brown,1
J1591,I3225,10947.0,10950.0,green,1
J1083,I158,315.0,318.0,brown,3
J1083,I190,380.0,381.0,brown,1
J1083,I254,505.0,506.0,brown,1
J1083,I2463,8444.0,8446.0,green,1
J814,I608,1456.0,1457.0,green,1
J814,I672,1641.0,1646.0,green,1
J814,I1472,4547.0,4556.0,green,1
J1985,I3252,11012.0,11017.0,green,3
J1932,I3241,10989.0,10991.0,green,1
J1932,I3337,11223.0,11224.0,green,1
J1932,I3497,11572.0,11576.0,green,4
J1619,I1011,2787.0,2794.0,green,2
J1619,I2835,9811.0,9815.0,green,4
J299,I241,478.0,481.0,brown,2
J299,I2002,6719.0,6724.0,green,2
J846,I1421,4295.0,4298.0,brown,1
J846,I1453,4438.0,4453.0,brown,1
J846,I1870,6178.0,6180.0,green,2
J846,I1998,6698.0,6706.0,green,1
J846,I3606,11813.0,11815.0,green,1
J427,I354,745.0,749.0,green,3
J1475,I1894,6271.0,6276.0,green,1
J1475,I2374,8104.0,8106.0,green,2
J1475,I2982,10292.0,10295.0,green,2
J195,I365,780.0,783.0,green,2
J195,I493,1130.0,1137.0,green,1
J195,I885,2345.0,2349.0,green,1
J195,I941,2553.0,2558.0,green,2
J381,I675,1653.0,1657.0,green,1
J381,I915,2440.0,2441.0,green,1
J381,I947,2575.0,2584.0,green,1
J970,I1710,5547.0,5555.0,brown,3
J970,I2223,7559.0,7560.0,green,1
J970,I2319,7897.0,7907.0,green,1
J970,I2479,8492.0,8495.0,green,1
J1963,I2663,9235.0,9244.0,green,5
J1963,I3625,11845.0,11850.0,green,1
J722,I1468,4532.0,4533.0,green,1
J722,I1532,4783.0,4785.0,green,1
J722,I2140,7244.0,7247.0,green,1
J722,I2236,7600.0,7606.0,green,1
J156,I439,990.0,992.0,brown,1
J156,I567,1336.0,1339.0,brown,1
J156,I1336,3946.0,3950.0,green,1
J156,I2392,8206.0,8208.0,green,2
J1550,I2550,8789.0,8793.0,green,1
J1550,I2614,9037.0,9042.0,green,2
J1550,I2934,10110.0,10116.0,green,3
J57,I304,612.0,616.0,green,3
J580,I119,216.0,217.0,brown,1
J580,I151,283.0,285.0,brown,1
J580,I3192,10861.0,10862.0,green,1
J580,I3224,10942.0,10947.0,green,1
J580,I3288,11103.0,11108.0,brown,2
J952,I1026,2840.0,2842.0,green,1
J952,I1090,3060.0,3064.0,green,4
J952,I1218,3531.0,3534.0,green,1
J1553,I2643,9164.0,9169.0,green,1
J1553,I2707,9387.0,9396.0,green,3
J1201,I243,482.0,485.0,brown,3
J276,I859,2260.0,2275.0,green,1
J276,I1499,4646.0,4649.0,green,2
J1964,I1880,6212.0,6216.0,brown,1
J1964,I1881,6216.0,6233.0,green,2
J1558,I2755,9553.0,9558.0,brown,4
J46,I320,656.0,662.0,green,4
J1632,I3109,10641.0,10643.0,green,2
J1632,I3141,10734.0,10735.0,green,1
J1632,I3173,10812.0,10817.0,green,1
J1632,I3357,11260.0,11261.0,green,1
J116,I389,844.0,851.0,green,2
J116,I901,2406.0,2407.0,green,1
J829,I805,2075.0,2077.0,brown,2
J829,I3254,11024.0,11025.0,green,1
J473,I752,1931.0,1934.0,brown,1
J473,I1168,3336.0,3344.0,brown,2
J1159,I2905,10011.0,10013.0,green,2
J1159,I3004,10371.0,10373.0,brown,2
J72,I231,460.0,462.0,green,1
J72,I327,675.0,682.0,green,2
J1498,I2613,9033.0,9037.0,green,4
J1498,I2645,9173.0,9183.0,green,2
J1701,I2066,6962.0,6964.0,green,2
J1106,I1034,2865.0,2869.0,green,1
J1106,I1162,3315.0,3318.0,green,1
J1106,I2612,9014.0,9033.0,green,1
J757,I3133,10717.0,10718.0,green,1
J757,I3197,10872.0,10874.0,green,2
J757,I3325,11190.0,11195.0,green,2
J757,I3333,11211.0,11214.0,green,1
J438,I765,1962.0,1963.0,green,1
J438,I829,2160.0,2166.0,green,1
J438,I1149,3282.0,3285.0,green,2
J438,I1309,3831.0,3832.0,green,1
J1672,I290,588.0,589.0,brown,1
J1672,I386,834.0,841.0,brown,1
J1672,I2659,9215.0,9217.0,green,1
J1672,I2691,9344.0,9349.0,green,1
J886,I1723,5588.0,5597.0,green,1
J886,I2203,7488.0,7497.0,green,1
J886,I2583,8902.0,8910.0,green,3
J1422,I1451,4432.0,4437.0,brown,1
J1422,I3244,10996.0,10998.0,green,2
J1422,I3412,11380.0,11386.0,green,3
J1965,I2204,7497.0,7507.0,green,3
J1965,I2940,10129.0,10132.0,green,1
J1445,I1358,4044.0,4045.0,brown,1
J1445,I1422,4298.0,4307.0,brown,1
J1445,I1551,4853.0,4863.0,green,1
J1445,I2158,7298.0,7305.0,brown,1
J233,I489,1119.0,1120.0,green,1
J233,I585,1387.0,1388.0,green,1
J233,I689,1697.0,1709.0,green,1
J233,I713,1773.0,1785.0,green,2
J664,I920,2456.0,2459.0,green,3
J664,I1176,3364.0,3375.0,green,1
J664,I1504,4660.0,4662.0,green,2
J153,I455,1025.0,1030.0,green,5
J153,I935,2518.0,2526.0,green,1
J202,I594,1412.0,1414.0,green,2
J202,I626,1496.0,1497.0,green,1
J202,I818,2109.0,2128.0,green,1
J202,I918,2447.0,2452.0,green,1
J1324,I2512,8644.0,8645.0,brown,1
J1324,I2576,8879.0,8882.0,brown,1
J1324,I2592,8947.0,8956.0,brown,4
J314,I798,2059.0,2060.0,brown,1
J314,I2559,8815.0,8819.0,green,2
J314,I2751,9542.0,9548.0,green,2
J314,I2927,10091.0,10092.0,green,1
J1664,I435,978.0,985.0,brown,4
J1380,I601,1431.0,1438.0,green,1
J1380,I2201,7474.0,7486.0,green,5
J285,I570,1350.0,1351.0,green,1
J285,I602,1438.0,1439.0,green,1
J285,I922,2460.0,2462.0,green,2
J285,I954,2600.0,2602.0,green,2
J962,I1379,4099.0,4105.0,green,4
J1646,I2042,6882.0,6885.0,green,3
J1646,I2074,6983.0,6991.0,green,1
J523,I104,183.0,185.0,brown,2
J523,I361,761.0,769.0,green,1
J523,I393,859.0,862.0,green,3
J483,I2328,7951.0,7954.0,green,1
J433,I473,1075.0,1078.0,brown,2
J433,I2554,8805.0,8808.0,green,1
J433,I2650,9193.0,9196.0,green,3
J792,I1527,4769.0,4775.0,green,2
J792,I1537,4797.0,4801.0,green,1
J792,I1543,4824.0,4825.0,green,1
J813,I771,1984.0,1986.0,green,1
J813,I962,2639.0,2643.0,brown,4
J918,I1606,5054.0,5066.0,green,2
J1046,I1474,4561.0,4573.0,green,1
J1162,I1181,3386.0,3390.0,green,2
J1162,I2661,9221.0,9233.0,green,3
J1162,I2957,10196.0,10197.0,green,1
J1182,I3132,10708.0,10717.0,green,2
J1182,I3436,11433.0,11436.0,green,1
J1182,I3589,11773.0,11777.0,green,2
J1182,I3596,11796.0,11797.0,green,1
J925,I1258,3649.0,3653.0,brown,3
J925,I1418,4275.0,4285.0,brown,1
J925,I1899,6290.0,6291.0,green,1
J925,I3187,10855.0,10856.0,green,1
J429,I725,1836.0,1838.0,green,2
J429,I1589,4994.0,5000.0,green,1
J429,I1909,6343.0,6352.0,green,1
J173,I2714,9414.0,9421.0,green,6
J1949,I3169,10805.0,10808.0,green,2
J1949,I3201,10881.0,10883.0,green,1
J1949,I3553,11695.0,11697.0,green,1
J1269,I1544,4825.0,4828.0,green,3
J1269,I2232,7589.0,7595.0,green,2
J1178,I1574,4948.0,4950.0,green,2
J1178,I1606,5054.0,5066.0,green,2
J1928,I3365,11271.0,11273.0,green,2
J1928,I3429,11418.0,11422.0,green,1
J1049,I1837,6056.0,6060.0,green,2
J1049,I2405,8247.0,8248.0,green,1
J1049,I2481,8508.0,8515.0,green,1
J68,I861,2276.0,2278.0,green,2
J68,I925,2476.0,2481.0,green,1
J1713,I1067,2990.0,2993.0,brown,3
J1713,I2396,8211.0,8220.0,green,2
J968,I1223,3542.0,3543.0,green,1
J968,I1255,3641.0,3644.0,brown,3
J968,I1415,4263.0,4270.0,brown,1
J968,I2743,9523.0,9527.0,green,1
J1276,I2534,8719.0,8721.0,green,2
J1276,I3326,11195.0,11199.0,green,2
J295,I379,810.0,814.0,green,1
J295,I411,918.0,919.0,green,1
J295,I859,2260.0,2275.0,green,2
J295,I923,2462.0,2470.0,green,2
J1033,I1334,3935.0,3941.0,green,3
J10,I1103,3107.0,3113.0,green,1
J10,I1231,3559.0,3569.0,green,1
J10,I1839,6068.0,6075.0,green,1
J10,I2167,7335.0,7336.0,green,1
J443,I1871,6180.0,6183.0,green,1
J443,I2062,6938.0,6946.0,brown,1
J653,I1201,3451.0,3452.0,green,1
J653,I1233,3579.0,3580.0,green,1
J653,I1393,4164.0,4167.0,green,1
J1170,I1510,4685.0,4691.0,green,6
J718,I1334,3935.0,3941.0,green,2
J1011,I1898,6283.0,6290.0,green,2
J1011,I2378,8125.0,8153.0,green,1
J988,I977,2689.0,2692.0,brown,3
J988,I1265,3668.0,3682.0,brown,1
J168,I689,1697.0,1709.0,green,4
J168,I1969,6595.0,6604.0,green,2
J1047,I1826,6027.0,6028.0,brown,1
J1047,I1954,6530.0,6550.0,brown,1
J1047,I2467,8457.0,8461.0,green,2
J1700,I1798,5891.0,5896.0,green,1
J1700,I1894,6271.0,6276.0,green,2
J1669,I445,1005.0,1007.0,brown,1
J1669,I606,1442.0,1443.0,green,1
J1669,I2302,7836.0,7838.0,green,1
J1669,I2750,9539.0,9542.0,green,3
J865,I662,1614.0,1617.0,brown,2
J865,I823,2139.0,2140.0,green,1
J865,I1015,2798.0,2807.0,green,3
J1151,I433,967.0,972.0,brown,1
J1151,I946,2569.0,2575.0,green,4
J428,I2710,9399.0,9403.0,green,2
J141,I310,625.0,626.0,green,1
J141,I790,2034.0,2039.0,green,2
J141,I822,2137.0,2139.0,green,1
J141,I1104,3113.0,3120.0,green,2
J1366,I1931,6427.0,6430.0,brown,2
J1366,I1963,6568.0,6569.0,brown,1
J1366,I2027,6831.0,6832.0,brown,1
J1366,I2059,6927.0,6929.0,brown,1
J1822,I2833,9803.0,9808.0,green,1
J1288,I2186,7409.0,7418.0,green,3
J1288,I2378,8125.0,8153.0,green,3
J958,I187,372.0,377.0,brown,3
J958,I1148,3277.0,3282.0,green,1
J958,I2772,9614.0,9617.0,green,2
J1778,I2016,6778.0,6794.0,brown,2
J1778,I2465,8448.0,8451.0,green,1
J1778,I3073,10561.0,10565.0,green,1
J101,I225,448.0,449.0,green,1
J101,I945,2568.0,2569.0,green,1
J101,I1185,3399.0,3405.0,green,1
J1862,I2049,6901.0,6906.0,green,1
J1862,I2273,7720.0,7732.0,green,5
J1715,I1657,5303.0,5313.0,brown,1
J1715,I1690,5440.0,5441.0,green,1
J1715,I2010,6757.0,6759.0,green,2
J1715,I2971,10252.0,10260.0,brown,1
J1004,I2307,7854.0,7856.0,green,2
J1004,I2499,8596.0,8600.0,green,1
J1004,I2963,10229.0,10238.0,green,1
J1437,I1417,4272.0,4275.0,brown,2
J1437,I2548,8782.0,8786.0,green,1
J1437,I2553,8801.0,8805.0,green,1
J1437,I2554,8805.0,8808.0,green,1
J1234,I2017,6794.0,6797.0,brown,3
J1234,I2210,7516.0,7519.0,green,2
J605,I1002,2761.0,2766.0,brown,4
J605,I1195,3436.0,3439.0,green,2
J1779,I1259,3653.0,3654.0,brown,1
J1779,I1419,4285.0,4292.0,brown,3
J1779,I3196,10869.0,10872.0,green,1
J930,I1231,3559.0,3569.0,green,1
J930,I1262,3657.0,3658.0,brown,1
J930,I1327,3912.0,3918.0,green,1
J930,I1422,4298.0,4307.0,brown,1
J930,I2135,7233.0,7239.0,green,1
J930,I2137,7240.0,7241.0,green,1
J1717,I2689,9337.0,9342.0,green,5
J959,I1403,4206.0,4220.0,green,4
J959,I2203,7488.0,7497.0,green,1
J39,I1081,3031.0,3034.0,green,1
J39,I1177,3375.0,3382.0,green,3
J936,I1684,5408.0,5423.0,green,3
J936,I2115,7158.0,7163.0,brown,1
J1075,I1810,5940.0,5945.0,green,3
J1075,I1842,6085.0,6086.0,green,1
J312,I1679,5387.0,5388.0,green,1
J312,I1811,5945.0,5946.0,green,1
J312,I1871,6180.0,6183.0,green,1
J312,I2103,7111.0,7125.0,green,2
J1710,I1596,5015.0,5016.0,brown,1
J1710,I2141,7247.0,7253.0,green,1
J1710,I3261,11043.0,11045.0,green,1
J1710,I3441,11442.0,11446.0,green,1
J1335,I1234,3580.0,3581.0,green,1
J1335,I1298,3793.0,3796.0,brown,1
J1756,I1576,4951.0,4958.0,green,1
J1756,I2664,9244.0,9245.0,green,1
J1756,I2792,9669.0,9671.0,green,2
J1756,I2824,9783.0,9785.0,green,2
J603,I736,1892.0,1894.0,brown,1
J603,I800,2061.0,2064.0,brown,1
J603,I897,2385.0,2388.0,green,3
J603,I1121,3185.0,3204.0,green,1
J901,I1397,4177.0,4182.0,green,1
J901,I1429,4335.0,4339.0,green,2
J901,I1557,4888.0,4897.0,green,3
J784,I818,2109.0,2128.0,green,1
J784,I946,2569.0,2575.0,green,2
J784,I1506,4671.0,4675.0,green,2
J784,I1522,4740.0,4747.0,green,1
J1886,I2590,8943.0,8946.0,brown,2
J309,I1682,5394.0,5405.0,green,2
J309,I2866,9902.0,9906.0,green,2
J884,I1684,5408.0,5423.0,green,3
J884,I1715,5571.0,5574.0,brown,2
J884,I2579,8889.0,8890.0,brown,1
J527,I414,922.0,925.0,green,2
J527,I2238,7609.0,7617.0,green,1
J527,I2686,9316.0,9331.0,green,2
J669,I1382,4117.0,4120.0,green,1
J669,I1413,4257.0,4258.0,brown,1
J669,I1445,4407.0,4408.0,brown,1
J669,I2310,7871.0,7876.0,green,1
J521,I969,2655.0,2667.0,brown,2
J521,I2954,10183.0,10193.0,green,2
J521,I3146,10754.0,10755.0,green,1
J521,I3178,10829.0,10830.0,green,1
J120,I314,633.0,640.0,green,5
J1575,I1966,6573.0,6576.0,brown,1
J1575,I2319,7897.0,7907.0,green,2
J1575,I2543,8757.0,8759.0,green,2
J1678,I1887,6250.0,6252.0,green,2
J1678,I2271,7715.0,7717.0,green,1
J1678,I2399,8226.0,8230.0,green,1
J795,I1387,4135.0,4137.0,green,2
J239,I51,74.0,76.0,brown,1
J239,I1044,2911.0,2920.0,green,3
J775,I697,1725.0,1727.0,green,2
J775,I1465,4501.0,4520.0,green,3
J827,I746,1917.0,1919.0,brown,1
J827,I939,2543.0,2547.0,green,2
J827,I1835,6045.0,6048.0,green,1
J368,I1314,3852.0,3857.0,green,1
J368,I1761,5736.0,5750.0,brown,1
J368,I2274,7732.0,7737.0,green,2
J1865,I3062,10538.0,10541.0,green,3
J353,I241,478.0,481.0,brown,1
J353,I1425,4319.0,4326.0,brown,1
J1241,I1196,3439.0,3442.0,green,1
J1241,I2092,7069.0,7079.0,green,1
J671,I1565,4918.0,4924.0,green,6
J63,I258,513.0,514.0,brown,1
J63,I386,834.0,841.0,brown,1
J63,I1027,2842.0,2845.0,green,3
J63,I1123,3205.0,3209.0,green,1
J161,I404,894.0,902.0,green,2
J647,I1877,6201.0,6210.0,brown,1
J647,I2614,9037.0,9042.0,green,3
J647,I3528,11636.0,11640.0,green,1
J1226,I1547,4836.0,4838.0,green,1
J1226,I1618,5114.0,5121.0,brown,1
J1226,I2295,7810.0,7815.0,green,1
J1226,I2314,7883.0,7885.0,brown,1
J1226,I2331,7959.0,7967.0,green,1
J1714,I2873,9924.0,9926.0,brown,2
J1714,I3001,10350.0,10360.0,brown,1
J1714,I3258,11031.0,11039.0,green,1
J1065,I1356,4038.0,4043.0,brown,2
J1065,I2028,6832.0,6843.0,brown,2
J1065,I3381,11306.0,11310.0,green,1
J1065,I3409,11376.0,11377.0,green,1
J891,I1975,6619.0,6622.0,green,1
J891,I2135,7233.0,7239.0,green,4
J937,I1769,5790.0,5796.0,brown,1
J937,I1994,6686.0,6693.0,green,3
J1947,I3350,11245.0,11246.0,green,1
J1947,I3382,11310.0,11314.0,green,2
J1947,I3558,11706.0,11716.0,green,3
J1418,I1799,5896.0,5897.0,green,1
J1418,I1895,6276.0,6277.0,green,1
J1418,I1928,6411.0,6419.0,brown,1
J1418,I1991,6670.0,6671.0,green,1
J1418,I2007,6738.0,6746.0,green,1
J1418,I2343,7994.0,7996.0,green,1
J979,I1854,6125.0,6129.0,green,2
J1425,I1222,3541.0,3542.0,green,1
J1425,I1350,4017.0,4024.0,brown,1
J1425,I1766,5776.0,5782.0,brown,2
J1425,I2438,8364.0,8365.0,green,1
J1727,I3001,10350.0,10360.0,brown,5
J1146,I961,2637.0,2639.0,brown,1
J1146,I1794,5875.0,5878.0,green,3
J987,I1427,4327.0,4334.0,green,1
J987,I2547,8779.0,8782.0,green,1
J987,I3063,10541.0,10547.0,green,2
J844,I1095,3081.0,3091.0,green,1
J844,I1159,3304.0,3309.0,green,2
J844,I1319,3882.0,3884.0,green,1
J93,I364,775.0,780.0,green,4
J93,I684,1672.0,1680.0,green,2
J1330,I1797,5884.0,5891.0,green,3
J668,I1076,3019.0,3022.0,green,3
J668,I1108,3134.0,3139.0,green,1
J668,I1972,6610.0,6616.0,green,1
J1769,I2089,7046.0,7061.0,green,3
J577,I1043,2906.0,2911.0,green,3
J272,I1015,2798.0,2807.0,green,1
J272,I1872,6183.0,6187.0,green,1
J272,I2000,6710.0,6718.0,green,2
J1645,I2840,9828.0,9830.0,green,2
J1645,I2904,10007.0,10011.0,green,3
J1188,I2090,7061.0,7067.0,green,6
J1061,I1150,3285.0,3290.0,green,2
J1061,I1406,4225.0,4230.0,green,1
J1061,I1694,5452.0,5459.0,green,1
J753,I924,2470.0,2476.0,green,3
J753,I1148,3277.0,3282.0,green,1
J753,I1972,6610.0,6616.0,green,1
J151,I76,130.0,132.0,brown,1
J151,I2349,8012.0,8015.0,green,1
J151,I2541,8746.0,8750.0,green,1
J210,I236,470.0,471.0,green,1
J210,I332,698.0,699.0,green,1
J210,I364,775.0,780.0,green,1
J210,I492,1128.0,1130.0,green,1
J1150,I1557,4888.0,4897.0,green,6
J903,I1140,3250.0,3251.0,brown,1
J903,I1300,3797.0,3806.0,brown,1
J1216,I1883,6234.0,6239.0,green,1
J1216,I3067,10550.0,10551.0,green,1
J1063,I1877,6201.0,6210.0,brown,1
J1063,I1910,6352.0,6353.0,green,1
J1063,I2150,7279.0,7282.0,brown,1
J1946,I3498,11576.0,11578.0,green,2
J1946,I3530,11645.0,11650.0,green,4
J539,I1107,3129.0,3134.0,green,4
J1627,I2121,7187.0,7190.0,green,1
J1627,I2953,10182.0,10183.0,green,1
J1776,I2304,7841.0,7846.0,green,1
J1776,I2623,9064.0,9065.0,brown,1
J1776,I3593,11789.0,11793.0,green,1
J420,I356,750.0,755.0,green,4
J1875,I2560,8819.0,8829.0,green,1
J1875,I3088,10598.0,10599.0,green,1
J1875,I3168,10804.0,10805.0,green,1
J1857,I1877,6201.0,6210.0,brown,1
J1857,I2134,7227.0,7233.0,green,1
J1857,I2806,9713.0,9720.0,green,1
J1857,I2838,9823.0,9827.0,green,1
J1857,I3344,11231.0,11236.0,green,1
J1338,I2054,6916.0,6919.0,brown,1
J1338,I2087,7033.0,7037.0,green,4
J1338,I2279,7753.0,7759.0,green,1
J1693,I1167,3329.0,3336.0,brown,2
J1693,I2192,7432.0,7442.0,green,1
J1693,I2704,9378.0,9380.0,green,1
J678,I159,318.0,327.0,brown,4
J678,I1152,3291.0,3292.0,green,1
J678,I1840,6075.0,6080.0,green,1
J1649,I2532,8702.0,8710.0,green,2
J1649,I2596,8962.0,8964.0,green,1
J1394,I1162,3315.0,3318.0,green,1
J1394,I2057,6923.0,6925.0,brown,1
J1394,I2602,8987.0,8990.0,green,1
J1394,I2634,9101.0,9102.0,green,1
J1394,I2706,9381.0,9387.0,green,1
J1394,I2794,9672.0,9674.0,green,1
J197,I304,612.0,616.0,green,1
J197,I336,703.0,705.0,green,1
J1040,I1235,3581.0,3582.0,green,1
J1040,I1523,4747.0,4760.0,green,5
J1854,I2686,9316.0,9331.0,green,3
J1854,I3102,10628.0,10630.0,green,1
J1361,I248,489.0,493.0,brown,3
J1361,I1017,2808.0,2811.0,green,1
J1361,I1465,4501.0,4520.0,green,1
J1361,I1881,6216.0,6233.0,green,1
J164,I623,1488.0,1489.0,green,1
J164,I911,2434.0,2435.0,green,1
J164,I943,2559.0,2564.0,green,2
J164,I1151,3290.0,3291.0,green,1
J1615,I84,144.0,145.0,brown,1
J1615,I116,211.0,212.0,brown,1
J1615,I148,277.0,279.0,brown,2
J1615,I244,485.0,486.0,brown,1
J140,I110,196.0,197.0,brown,1
J140,I719,1810.0,1812.0,green,2
J140,I783,2017.0,2019.0,green,1
J140,I923,2462.0,2470.0,green,2
J733,I1302,3807.0,3818.0,brown,3
J733,I1367,4059.0,4060.0,green,1
J733,I1399,4183.0,4198.0,green,2
J568,I1082,3034.0,3038.0,green,4
J568,I1242,3599.0,3604.0,brown,1
J568,I1882,6233.0,6234.0,green,1
J1143,I928,2493.0,2495.0,green,1
J457,I780,2009.0,2013.0,green,2
J457,I812,2098.0,2099.0,green,1
J457,I876,2317.0,2318.0,green,1
J457,I1494,4618.0,4626.0,green,2
J1476,I2482,8515.0,8520.0,green,1
J1476,I2513,8645.0,8648.0,brown,1
J1476,I2802,9701.0,9702.0,green,1
J1476,I2930,10098.0,10103.0,green,1
J966,I1659,5314.0,5318.0,brown,1
J966,I1800,5897.0,5898.0,green,1
J1280,I1976,6622.0,6626.0,green,2
J1280,I2247,7648.0,7650.0,brown,1
J1280,I2296,7815.0,7822.0,green,2
J1631,I1718,5576.0,5577.0,green,1
J1631,I2166,7323.0,7335.0,brown,4
J1535,I1145,3269.0,3273.0,green,2
J1535,I2041,6879.0,6882.0,green,3
J597,I1186,3405.0,3409.0,green,3
J597,I1682,5394.0,5405.0,green,1
J597,I1761,5736.0,5750.0,brown,1
J1917,I2032,6849.0,6854.0,brown,1
J1917,I2545,8773.0,8775.0,green,2
J288,I552,1301.0,1307.0,brown,2
J288,I1321,3889.0,3893.0,green,1
J288,I2409,8259.0,8264.0,green,2
J1502,I139,259.0,260.0,brown,1
J1502,I1676,5383.0,5384.0,green,1
J646,I1228,3551.0,3552.0,green,1
J646,I1236,3582.0,3586.0,green,1
J646,I1312,3842.0,3846.0,green,2
J646,I1324,3902.0,3903.0,green,1
J646,I1388,4137.0,4139.0,green,1
J1109,I1311,3834.0,3842.0,green,2
J1109,I2135,7233.0,7239.0,green,1
J1412,I98,173.0,174.0,brown,1
J1412,I2531,8699.0,8702.0,green,2
J1412,I2723,9444.0,9447.0,green,2
J1412,I2841,9830.0,9836.0,green,1
J410,I912,2435.0,2436.0,green,1
J410,I992,2726.0,2730.0,green,1
J1072,I987,2709.0,2711.0,brown,1
J1072,I1659,5314.0,5318.0,brown,1
J1072,I1812,5946.0,5951.0,green,2
J1072,I1940,6461.0,6465.0,green,1
J1851,I1932,6430.0,6435.0,brown,2
J1851,I3549,11687.0,11691.0,green,1
J1628,I2720,9430.0,9441.0,green,3
J479,I1153,3292.0,3295.0,green,2
J479,I2297,7822.0,7827.0,green,3
J479,I2305,7846.0,7852.0,green,1
J1270,I2194,7447.0,7449.0,green,2
J1270,I2226,7567.0,7574.0,green,1
J1157,I1629,5175.0,5176.0,green,1
J1157,I2045,6887.0,6892.0,green,1
J1157,I2237,7606.0,7609.0,green,1
J832,I1601,5036.0,5038.0,brown,1
J832,I1761,5736.0,5750.0,brown,3
J893,I1018,2811.0,2814.0,green,1
J893,I1274,3701.0,3711.0,green,2
J823,I1288,3749.0,3753.0,green,2
J823,I2424,8323.0,8325.0,green,1
J845,I1442,4384.0,4396.0,green,1
J845,I1570,4935.0,4941.0,green,2
J677,I1250,3622.0,3624.0,brown,1
J677,I1346,3990.0,3996.0,brown,2
J677,I1635,5203.0,5204.0,green,1
J677,I2427,8330.0,8332.0,green,1
J677,I2459,8423.0,8436.0,green,1
J638,I1127,3212.0,3219.0,green,4
J638,I1495,4626.0,4633.0,green,1
J638,I2233,7595.0,7596.0,green,1
J1208,I1125,3210.0,3211.0,green,1
J1208,I1381,4107.0,4117.0,green,2
J1177,I739,1898.0,1901.0,brown,1
J1177,I2915,10056.0,10058.0,brown,1
J1177,I3172,10810.0,10812.0,green,1
J142,I1036,2878.0,2883.0,green,2
J142,I1708,5540.0,5545.0,green,2
J1982,I2939,10121.0,10129.0,green,4
J1982,I3627,11851.0,11852.0,green,1
J1517,I91,158.0,162.0,brown,3
J1090,I1767,5782.0,5789.0,brown,3
J1090,I2871,9911.0,9919.0,brown,3
J786,I1315,3857.0,3862.0,green,2
J786,I1379,4099.0,4105.0,green,2
J1141,I1251,3624.0,3630.0,brown,1
J1141,I1316,3862.0,3873.0,green,1
J1141,I2132,7223.0,7225.0,green,1
J1141,I2404,8246.0,8247.0,green,1
J1989,I1415,4263.0,4270.0,brown,1
J1989,I2536,8723.0,8731.0,green,1
J1989,I3144,10738.0,10750.0,green,4
J1670,I2018,6797.0,6803.0,brown,5
J1039,I1420,4292.0,4295.0,brown,1
J1039,I2797,9677.0,9687.0,green,1
J1039,I2829,9792.0,9798.0,green,1
J1820,I3000,10346.0,10350.0,brown,1
J1820,I3545,11681.0,11683.0,green,1
J1820,I3609,11820.0,11821.0,green,1
J599,I1113,3151.0,3153.0,green,1
J599,I1145,3269.0,3273.0,green,1
J599,I1401,4200.0,4205.0,green,2
J599,I1433,4351.0,4355.0,green,1
J1608,I1793,5866.0,5875.0,green,3
J31,I3061,10533.0,10538.0,green,1
J31,I3253,11017.0,11024.0,green,1
J31,I3381,11306.0,11310.0,green,1
J1212,I2311,7876.0,7877.0,green,1
J1895,I3592,11782.0,11789.0,green,2
J1895,I3608,11818.0,11820.0,green,2
J1666,I2340,7984.0,7989.0,green,2
J1666,I2660,9217.0,9221.0,green,1
J535,I1595,5013.0,5015.0,brown,1
J535,I1884,6239.0,6246.0,green,4
J631,I497,1142.0,1144.0,green,2
J631,I593,1406.0,1412.0,green,1
J1189,I1265,3668.0,3682.0,brown,2
J1189,I1586,4981.0,4987.0,green,2
J1189,I1970,6604.0,6608.0,green,2
J1711,I2633,9097.0,9101.0,green,2
J1711,I2872,9919.0,9924.0,brown,2
J496,I835,2182.0,2185.0,green,2
J496,I1443,4396.0,4403.0,green,3
J1508,I2714,9414.0,9421.0,green,1
J1508,I3194,10865.0,10868.0,green,2
J1508,I3242,10991.0,10994.0,green,1
J352,I317,642.0,648.0,green,2
J121,I1673,5359.0,5377.0,green,3
J121,I2089,7046.0,7061.0,green,1
J1420,I1459,4476.0,4480.0,green,1
J1960,I2499,8596.0,8600.0,green,3
J1960,I3459,11492.0,11493.0,green,1
J811,I811,2096.0,2098.0,brown,1
J811,I1036,2878.0,2883.0,green,1
J811,I1419,4285.0,4292.0,brown,1
J811,I2092,7069.0,7079.0,green,1
J811,I2612,9014.0,9033.0,green,2
J1722,I48,68.0,71.0,green,1
J1722,I111,197.0,200.0,brown,1
J1722,I2000,6710.0,6718.0,green,1
J589,I519,1212.0,1215.0,brown,1
J589,I1032,2855.0,2863.0,green,1
J589,I1672,5355.0,5359.0,green,3
J818,I1338,3957.0,3959.0,brown,1
J818,I2331,7959.0,7967.0,green,3
J1097,I2385,8176.0,8181.0,green,1
J1097,I2449,8386.0,8392.0,green,3
J946,I1673,5359.0,5377.0,green,3
J920,I1600,5032.0,5036.0,brown,3
J1733,I3600,11801.0,11803.0,green,1
J1733,I3617,11832.0,11836.0,green,2
J1733,I3624,11844.0,11845.0,green,1
J1944,I2707,9387.0,9396.0,green,1
J1944,I3411,11378.0,11380.0,green,1
J1944,I3603,11805.0,11807.0,green,2
J1956,I2033,6854.0,6857.0,brown,2
J1956,I3090,10603.0,10604.0,green,1
J1956,I3346,11237.0,11238.0,green,1
J1956,I3442,11446.0,11451.0,green,2
J499,I351,734.0,739.0,green,2
J499,I607,1443.0,1456.0,green,2
J76,I936,2526.0,2535.0,green,3
J76,I1128,3219.0,3221.0,green,2
J76,I1160,3309.0,3310.0,green,1
J1916,I445,1005.0,1007.0,brown,1
J1916,I541,1273.0,1279.0,brown,1
J1916,I2366,8055.0,8056.0,green,1
J1916,I3415,11391.0,11393.0,green,1
J1078,I519,1212.0,1215.0,brown,1
J1078,I2632,9091.0,9097.0,green,1
J1331,I141,261.0,267.0,brown,1
J1331,I1646,5261.0,5269.0,green,5
J104,I1511,4691.0,4694.0,green,1
J104,I1575,4950.0,4951.0,green,1
J104,I2103,7111.0,7125.0,green,4
J1890,I1954,6530.0,6550.0,brown,1
J1890,I2979,10283.0,10290.0,green,1
J1890,I3139,10730.0,10731.0,green,1
J1890,I3251,11008.0,11012.0,green,2
J1890,I3491,11563.0,11565.0,green,1
J1372,I686,1682.0,1692.0,green,6
J1168,I1653,5291.0,5293.0,green,2
J1168,I1877,6201.0,6210.0,brown,1
J1168,I2205,7507.0,7508.0,green,1
J1909,I2759,9570.0,9580.0,brown,3
J806,I1852,6118.0,6124.0,green,2
J1117,I1252,3630.0,3632.0,brown,1
J1117,I1573,4944.0,4948.0,green,2
J1117,I1764,5760.0,5773.0,brown,2
J1874,I1943,6476.0,6483.0,green,6
J1279,I721,1814.0,1818.0,green,1
J1279,I752,1931.0,1934.0,brown,1
J1279,I785,2022.0,2024.0,green,2
J1279,I1105,3120.0,3125.0,green,1
J1279,I1841,6080.0,6085.0,green,1
J1483,I1658,5313.0,5314.0,brown,1
J1483,I2267,7709.0,7711.0,green,2
J1483,I2971,10252.0,10260.0,brown,1
J847,I1333,3930.0,3935.0,green,2
J847,I1397,4177.0,4182.0,green,1
J110,I235,466.0,470.0,green,1
J110,I331,697.0,698.0,green,1
J110,I451,1017.0,1018.0,green,1
J1573,I1967,6576.0,6580.0,brown,1
J1573,I2544,8759.0,8773.0,green,2
J1573,I2608,9003.0,9008.0,green,3
J471,I830,2166.0,2169.0,green,2
J114,I297,598.0,599.0,brown,1
J114,I874,2311.0,2316.0,green,2
J114,I969,2655.0,2667.0,brown,1
J114,I2378,8125.0,8153.0,green,2
J1411,I2023,6819.0,6826.0,brown,1
J1411,I2376,8107.0,8116.0,green,4
J1990,I3056,10515.0,10520.0,brown,2
J856,I1503,4656.0,4660.0,green,4
J856,I2063,6946.0,6947.0,brown,1
J856,I2671,9273.0,9278.0,brown,1
J1333,I2318,7893.0,7897.0,green,4
J1333,I2350,8015.0,8020.0,green,2
J1509,I2414,8280.0,8286.0,brown,4
J1509,I2639,9147.0,9151.0,green,1
J1509,I2703,9375.0,9378.0,green,1
J1325,I1013,2795.0,2796.0,green,1
J1325,I2105,7131.0,7136.0,green,2
J850,I242,481.0,482.0,brown,1
J850,I947,2575.0,2584.0,green,1
J850,I1266,3682.0,3683.0,brown,1
J1064,I1793,5866.0,5875.0,green,1
J1064,I2273,7720.0,7732.0,green,4
J388,I969,2655.0,2667.0,brown,1
J388,I1001,2759.0,2761.0,brown,2
J252,I796,2051.0,2057.0,brown,1
J252,I2237,7606.0,7609.0,green,2
J1107,I1631,5181.0,5183.0,green,1
J1107,I1695,5459.0,5464.0,green,2
J1107,I2943,10137.0,10141.0,green,2
J1107,I3353,11251.0,11252.0,green,1
J1905,I2642,9158.0,9164.0,green,4
J1905,I3442,11446.0,11451.0,green,1
J1191,I2351,8020.0,8025.0,green,1
J1191,I2383,8168.0,8171.0,green,1
J1191,I3247,11001.0,11004.0,green,1
J1191,I3439,11438.0,11439.0,green,1
J1169,I2097,7087.0,7097.0,green,2
J246,I568,1339.0,1346.0,brown,2
J246,I1465,4501.0,4520.0,green,1
J246,I1881,6216.0,6233.0,green,1
J1037,I2016,6778.0,6794.0,brown,1
J1037,I2752,9548.0,9551.0,brown,2
J1037,I2912,10026.0,10031.0,brown,1
J367,I699,1728.0,1731.0,green,1
J367,I763,1948.0,1949.0,green,1
J367,I891,2369.0,2374.0,green,4
J1273,I2047,6893.0,6897.0,brown,2
J1273,I2176,7383.0,7391.0,green,3
J1273,I2464,8446.0,8448.0,green,1
J1364,I2134,7227.0,7233.0,green,1
J1364,I2325,7931.0,7944.0,brown,2
J1180,I1288,3749.0,3753.0,green,1
J1180,I1384,4124.0,4127.0,green,3
J1180,I1872,6183.0,6187.0,green,2
J392,I527,1244.0,1247.0,brown,3
J1551,I2333,7968.0,7969.0,green,1
J1551,I2429,8333.0,8335.0,green,2
J1417,I1185,3399.0,3405.0,green,1
J1417,I2144,7261.0,7263.0,brown,2
J1417,I3177,10827.0,10829.0,green,2
J1113,I1404,4220.0,4222.0,green,1
J1113,I1852,6118.0,6124.0,green,1
J1113,I2140,7244.0,7247.0,green,1
J1113,I2236,7600.0,7606.0,green,1
J1817,I2245,7646.0,7647.0,brown,1
J1817,I2278,7752.0,7753.0,green,1
J1817,I2326,7944.0,7949.0,brown,1
J1817,I2726,9451.0,9452.0,green,1
J1817,I3271,11064.0,11065.0,brown,1
J1817,I3399,11358.0,11359.0,brown,1
J1012,I1734,5642.0,5644.0,brown,1
J1012,I2407,8250.0,8255.0,green,2
J1012,I3079,10572.0,10575.0,green,1
J1012,I3335,11217.0,11222.0,green,1
J1012,I3463,11500.0,11503.0,green,1
J1281,I1813,5951.0,5956.0,green,5
J1281,I2709,9398.0,9399.0,green,1
J1694,I2192,7432.0,7442.0,green,3
J1852,I1888,6252.0,6255.0,green,1
J1852,I3232,10966.0,10968.0,green,1
J1852,I3529,11640.0,11645.0,green,1
J1852,I3537,11662.0,11667.0,green,1
J1852,I3600,11801.0,11803.0,green,1
J667,I1219,3534.0,3537.0,green,3
J667,I1667,5342.0,5345.0,green,2
J1581,I803,2068.0,2072.0,brown,2
J1581,I1476,4576.0,4579.0,green,1
J1581,I2596,8962.0,8964.0,green,1
J909,I218,429.0,436.0,green,1
J909,I1146,3273.0,3274.0,green,1
J1260,I940,2547.0,2553.0,green,2
J1260,I1196,3439.0,3442.0,green,2
J1041,I1901,6293.0,6297.0,green,1
J1041,I2349,8012.0,8015.0,green,1
J1041,I2637,9110.0,9129.0,green,3
J1196,I1779,5827.0,5828.0,brown,1
J1196,I1875,6189.0,6196.0,brown,2
J1196,I2115,7158.0,7163.0,brown,2
J1062,I1281,3730.0,3731.0,brown,1
J1062,I1345,3987.0,3990.0,brown,1
J1062,I2306,7852.0,7854.0,green,1
J1062,I3060,10532.0,10533.0,green,1
J1696,I2797,9677.0,9687.0,green,1
J402,I784,2019.0,2022.0,green,3
J402,I880,2326.0,2330.0,green,1
J758,I1553,4867.0,4876.0,green,1
J122,I350,733.0,734.0,green,1
J122,I366,783.0,784.0,green,1
J1542,I1622,5134.0,5136.0,brown,2
J1542,I1783,5834.0,5843.0,green,1
J1542,I2294,7803.0,7810.0,brown,2
J130,I440,992.0,995.0,brown,1
J130,I1217,3523.0,3531.0,green,2
J130,I1401,4200.0,4205.0,green,1
J1149,I718,1800.0,1810.0,green,2
J1149,I1806,5921.0,5930.0,green,3
J237,I705,1749.0,1751.0,green,2
J237,I769,1977.0,1983.0,green,3
J237,I1185,3399.0,3405.0,green,1
J721,I1644,5245.0,5250.0,green,1
J721,I2268,7711.0,7712.0,green,1
J721,I2300,7831.0,7835.0,green,1
J1735,I1883,6234.0,6239.0,green,1
J1735,I1978,6627.0,6628.0,brown,1
J1735,I2618,9054.0,9057.0,brown,2
J1735,I3451,11473.0,11476.0,green,1
J530,I940,2547.0,2553.0,green,3
J530,I956,2604.0,2607.0,green,1
J1217,I426,953.0,955.0,brown,1
J1217,I522,1220.0,1236.0,brown,1
J1217,I3227,10952.0,10954.0,green,2
J1217,I3323,11185.0,11188.0,green,2
J413,I707,1752.0,1753.0,green,1
J413,I771,1984.0,1986.0,green,1
J413,I1523,4747.0,4760.0,green,2
J178,I360,760.0,761.0,green,1
J178,I584,1386.0,1387.0,green,1
J178,I712,1766.0,1773.0,green,1
J178,I936,2526.0,2535.0,green,2
J1058,I1386,4132.0,4135.0,green,3
J1058,I1514,4708.0,4717.0,green,3
J132,I250,494.0,497.0,brown,2
J132,I859,2260.0,2275.0,green,4
J440,I689,1697.0,1709.0,green,1
J440,I881,2330.0,2336.0,green,1
J440,I1585,4974.0,4981.0,green,1
J592,I1115,3154.0,3166.0,green,6
J53,I222,442.0,446.0,green,3
J53,I1430,4339.0,4345.0,green,1
J403,I3452,11476.0,11479.0,green,2
J403,I3532,11653.0,11655.0,green,1
J711,I1343,3983.0,3984.0,brown,1
J711,I2560,8819.0,8829.0,green,1
J198,I389,844.0,851.0,green,3
J401,I1015,2798.0,2807.0,green,1
J401,I1239,3594.0,3595.0,green,1
J401,I1783,5834.0,5843.0,green,1
J570,I1640,5217.0,5230.0,green,2
J570,I2031,6846.0,6849.0,brown,1
J570,I2360,8041.0,8043.0,green,1
J570,I2456,8401.0,8405.0,green,2
J672,I818,2109.0,2128.0,green,1
J861,I1144,3267.0,3269.0,green,2
J861,I1610,5075.0,5081.0,green,1
J861,I1720,5581.0,5583.0,green,2
J1838,I1990,6667.0,6670.0,green,1
J1838,I3494,11568.0,11570.0,green,2
J1071,I2134,7227.0,7233.0,green,4
J1026,I1854,6125.0,6129.0,green,2
J1026,I1886,6249.0,6250.0,green,1
J1026,I1954,6530.0,6550.0,brown,1
J326,I2433,8348.0,8349.0,green,1
J326,I2785,9650.0,9658.0,green,1
J326,I2961,10204.0,10226.0,green,3
J615,I1473,4556.0,4561.0,green,1
J615,I3073,10561.0,10565.0,green,3
J532,I1273,3694.0,3701.0,brown,3
J532,I3001,10350.0,10360.0,brown,1
J799,I533,1255.0,1261.0,brown,1
J799,I1398,4182.0,4183.0,green,1
J799,I1558,4897.0,4898.0,green,1
J1145,I1524,4760.0,4766.0,green,1
J1145,I1908,6331.0,6343.0,green,2
J1145,I1940,6461.0,6465.0,green,1
J1145,I1972,6610.0,6616.0,green,1
J27,I81,140.0,141.0,brown,1
J27,I113,201.0,206.0,brown,2
J1006,I1519,4726.0,4731.0,green,5
J1006,I1583,4971.0,4972.0,green,1
J1826,I1590,5000.0,5003.0,green,1
J1826,I1814,5956.0,5966.0,green,1
J1826,I3134,10718.0,10719.0,green,1
J1826,I3362,11267.0,11269.0,green,2
J1904,I2055,6919.0,6921.0,brown,1
J1904,I2871,9911.0,9919.0,brown,1
J1904,I3352,11248.0,11251.0,green,1
J1232,I1759,5730.0,5735.0,brown,2
J1232,I1951,6514.0,6520.0,brown,1
J1232,I2944,10141.0,10143.0,green,2
J1232,I3200,10878.0,10881.0,green,1
J248,I936,2526.0,2535.0,green,1
J248,I1040,2892.0,2903.0,green,5
J425,I2790,9663.0,9665.0,green,1
J425,I3094,10609.0,10612.0,green,1
J1915,I3331,11208.0,11210.0,green,2
J1915,I3347,11238.0,11240.0,green,2
J1315,I1563,4914.0,4917.0,brown,1
J1315,I2108,7140.0,7142.0,green,1
J1315,I2396,8211.0,8220.0,green,1
J1315,I3420,11401.0,11405.0,green,1
J1962,I1244,3608.0,3611.0,brown,1
J1962,I2781,9638.0,9641.0,green,1
J1962,I3325,11190.0,11195.0,green,2
J275,I2296,7815.0,7822.0,green,1
J275,I2584,8910.0,8913.0,green,1
J275,I2648,9188.0,9192.0,green,1
J1563,I3537,11662.0,11667.0,green,1
J520,I316,641.0,642.0,green,1
J520,I1180,3384.0,3386.0,green,1
J230,I587,1389.0,1391.0,green,2
J230,I589,1393.0,1397.0,green,3
J384,I552,1301.0,1307.0,brown,2
J384,I1129,3221.0,3223.0,green,1
J384,I2329,7954.0,7956.0,green,1
J384,I2505,8627.0,8629.0,green,1
J1441,I2088,7037.0,7046.0,green,4
J1441,I2376,8107.0,8116.0,green,2
J406,I764,1949.0,1962.0,green,4
J406,I1180,3384.0,3386.0,green,1
J661,I890,2366.0,2369.0,green,1
J661,I1466,4520.0,4531.0,green,2
J661,I1666,5341.0,5342.0,green,1
J1370,I1674,5377.0,5381.0,green,4
J1370,I1994,6686.0,6693.0,green,1
J476,I888,2359.0,2362.0,green,1
J476,I1176,3364.0,3375.0,green,2
J476,I1336,3946.0,3950.0,green,1
J476,I2457,8405.0,8420.0,green,1
J1940,I807,2090.0,2091.0,brown,1
J1940,I2567,8843.0,8846.0,brown,1
J1940,I3432,11425.0,11429.0,green,1
J1940,I3528,11636.0,11640.0,green,2
J1842,I2358,8038.0,8039.0,green,1
J1842,I2390,8197.0,8203.0,green,5
J481,I431,963.0,966.0,brown,1
J481,I2544,8759.0,8773.0,green,4
J481,I2864,9891.0,9901.0,green,1
J1948,I1930,6423.0,6427.0,brown,1
J1948,I2123,7193.0,7194.0,green,1
J1948,I2411,8265.0,8273.0,green,3
J881,I1628,5166.0,5175.0,green,5
J726,I583,1382.0,1386.0,green,4
J726,I935,2518.0,2526.0,green,2
J1866,I2015,6768.0,6778.0,brown,1
J1866,I3592,11782.0,11789.0,green,1
J1866,I3593,11789.0,11793.0,green,1
J1977,I1636,5204.0,5207.0,brown,1
J1977,I1764,5760.0,5773.0,brown,1
J1360,I2918,10062.0,10063.0,green,1
J1360,I2950,10176.0,10180.0,green,1
J1659,I2119,7176.0,7186.0,green,3
J769,I579,1373.0,1376.0,green,3
J769,I675,1653.0,1657.0,green,3
J1219,I1761,5736.0,5750.0,brown,5
J1200,I1232,3569.0,3579.0,green,3
J1200,I1472,4547.0,4556.0,green,1
J34,I78,133.0,136.0,brown,2
J34,I495,1138.0,1140.0,green,2
J34,I783,2017.0,2019.0,green,1
J34,I879,2325.0,2326.0,green,1
J1027,I567,1336.0,1339.0,brown,1
J1027,I2552,8797.0,8801.0,green,3
J516,I2785,9650.0,9658.0,green,2
J1577,I1493,4617.0,4618.0,green,1
J1577,I1685,5423.0,5425.0,green,1
J1577,I1845,6100.0,6102.0,brown,1
J1577,I1909,6343.0,6352.0,green,1
J1577,I2997,10335.0,10340.0,brown,1
J649,I1551,4853.0,4863.0,green,1
J649,I2553,8801.0,8805.0,green,2
J649,I2647,9185.0,9188.0,green,1
J103,I367,784.0,785.0,green,1
J103,I400,877.0,888.0,green,2
J103,I415,925.0,928.0,green,1
J558,I1173,3351.0,3358.0,green,3
J558,I1300,3797.0,3806.0,brown,2
J558,I1881,6216.0,6233.0,green,1
J639,I1198,3444.0,3447.0,green,1
J639,I1261,3655.0,3657.0,brown,1
J639,I1646,5261.0,5269.0,green,2
J1314,I2277,7749.0,7752.0,green,2
J1314,I2341,7989.0,7992.0,green,1
J1314,I2373,8089.0,8104.0,green,3
J1929,I1342,3971.0,3983.0,brown,2
J1929,I3327,11199.0,11201.0,green,2
J1929,I3543,11677.0,11678.0,green,1
J1929,I3617,11832.0,11836.0,green,1
J422,I1680,5388.0,5391.0,green,2
J862,I607,1443.0,1456.0,green,6
J754,I1389,4139.0,4143.0,green,1
J754,I1452,4437.0,4438.0,brown,1
J754,I2477,8485.0,8489.0,green,1
J969,I523,1236.0,1239.0,brown,1
J969,I1003,2766.0,2767.0,brown,1
J969,I1036,2878.0,2883.0,green,1
J969,I2092,7069.0,7079.0,green,2
J969,I2644,9169.0,9173.0,green,1
J1294,I1562,4910.0,4914.0,brown,3
J1554,I1737,5650.0,5653.0,brown,2
J1554,I1769,5790.0,5796.0,brown,1
J1554,I2954,10183.0,10193.0,green,2
J995,I1550,4848.0,4853.0,green,3
J995,I1838,6060.0,6068.0,green,2
J995,I1998,6698.0,6706.0,green,1
J102,I323,667.0,670.0,green,2
J102,I355,749.0,750.0,green,1
J934,I107,190.0,194.0,brown,1
J934,I2316,7886.0,7887.0,green,1
J934,I2956,10195.0,10196.0,green,1
J934,I3228,10954.0,10955.0,green,1
J1277,I1273,3694.0,3701.0,brown,1
J1277,I2612,9014.0,9033.0,green,4
J778,I1269,3687.0,3688.0,brown,1
J778,I1301,3806.0,3807.0,brown,1
J778,I1621,5133.0,5134.0,brown,1
J778,I2806,9713.0,9720.0,green,2
J778,I2937,10119.0,10120.0,green,1
J1060,I1216,3513.0,3523.0,green,5
J953,I1699,5473.0,5492.0,green,4
J953,I2963,10229.0,10238.0,green,1
J820,I1670,5349.0,5353.0,green,2
J676,I684,1672.0,1680.0,green,1
J676,I908,2422.0,2424.0,green,1
J292,I230,457.0,460.0,green,3
J292,I582,1378.0,1382.0,green,1
J292,I774,1996.0,1997.0,green,1
J292,I998,2741.0,2750.0,green,1
J1506,I2382,8163.0,8168.0,green,5
J1438,I1391,4144.0,4155.0,green,6
J805,I3388,11325.0,11331.0,green,1
J805,I3612,11825.0,11827.0,green,1
J167,I669,1634.0,1637.0,green,1
J167,I893,2375.0,2377.0,green,2
J167,I925,2476.0,2481.0,green,1
J167,I1605,5048.0,5054.0,green,1
J610,I3087,10595.0,10598.0,green,1
J567,I698,1727.0,1728.0,green,1
J567,I762,1946.0,1948.0,green,2
J567,I826,2151.0,2155.0,green,2
J567,I1274,3701.0,3711.0,green,1
J182,I2627,9074.0,9079.0,green,3
J182,I3075,10566.0,10568.0,green,2
J945,I574,1360.0,1363.0,green,1
J945,I1694,5452.0,5459.0,green,1
J1818,I3137,10725.0,10728.0,green,1
J1818,I3425,11411.0,11412.0,green,1
J1818,I3457,11485.0,11489.0,green,2
J1450,I2645,9173.0,9183.0,green,2
J1450,I3541,11673.0,11674.0,green,1
J849,I68,111.0,114.0,brown,2
J849,I709,1758.0,1762.0,green,1
J849,I2105,7131.0,7136.0,green,2
J895,I939,2543.0,2547.0,green,2
J895,I1867,6172.0,6174.0,green,2
J895,I2459,8423.0,8436.0,green,2
J344,I1702,5500.0,5507.0,green,3
J344,I2646,9183.0,9185.0,green,1
J536,I810,2094.0,2096.0,brown,1
J536,I3115,10653.0,10656.0,green,2
J536,I3191,10859.0,10861.0,green,1
J1762,I1925,6404.0,6405.0,brown,1
J1762,I1957,6552.0,6554.0,brown,2
J1762,I2310,7871.0,7876.0,green,2
J1973,I3610,11821.0,11824.0,green,3
J1973,I3611,11824.0,11825.0,green,1
J1877,I1711,5555.0,5557.0,brown,2
J1877,I1743,5668.0,5670.0,brown,2
J1877,I2384,8171.0,8176.0,green,1
J1877,I2800,9695.0,9699.0,green,1
J1349,I2207,7509.0,7512.0,green,3
J1349,I2239,7617.0,7619.0,green,1
J1349,I2303,7838.0,7841.0,green,1
J421,I919,2452.0,2456.0,green,1
J421,I1015,2798.0,2807.0,green,1
J421,I1495,4626.0,4633.0,green,1
J942,I1395,4170.0,4176.0,green,6
J467,I894,2377.0,2381.0,green,1
J467,I958,2616.0,2630.0,green,3
J1367,I2370,8066.0,8075.0,green,5
J1367,I2498,8591.0,8596.0,green,1
J1901,I2999,10342.0,10346.0,brown,1
J928,I1735,5644.0,5648.0,brown,2
J128,I322,663.0,667.0,green,1
J128,I674,1647.0,1653.0,green,3
J128,I770,1983.0,1984.0,green,1
J128,I818,2109.0,2128.0,green,1
J515,I801,2064.0,2067.0,brown,1
J515,I1570,4935.0,4941.0,green,1
J515,I2594,8957.0,8960.0,green,2
J515,I3063,10541.0,10547.0,green,1
J515,I3092,10607.0,10608.0,green,1
J1491,I2442,8374.0,8378.0,green,3
J1250,I2315,7885.0,7886.0,brown,1
J1250,I2476,8484.0,8485.0,green,1
J1250,I2540,8744.0,8746.0,green,2
J1250,I2972,10260.0,10264.0,green,1
J1637,I2338,7981.0,7983.0,green,2
J1637,I2786,9658.0,9660.0,brown,2
J961,I1721,5583.0,5586.0,green,2
J961,I1880,6212.0,6216.0,brown,1
J380,I2871,9911.0,9919.0,brown,1
J380,I3128,10698.0,10703.0,green,2
J867,I2085,7022.0,7030.0,brown,1
J867,I2118,7174.0,7176.0,green,2
J867,I2934,10110.0,10116.0,green,1
J867,I3127,10695.0,10698.0,green,1
J1373,I1995,6693.0,6694.0,brown,1
J1373,I2612,9014.0,9033.0,green,1
J1373,I2644,9169.0,9173.0,green,1
J1373,I3059,10526.0,10532.0,brown,1
J696,I1764,5760.0,5773.0,brown,1
J696,I2437,8357.0,8364.0,green,3
J1931,I3390,11334.0,11337.0,green,3
J1931,I3422,11408.0,11409.0,green,1
J1931,I3614,11828.0,11830.0,green,2
J215,I300,602.0,605.0,brown,1
J215,I1165,3325.0,3328.0,green,1
J215,I1968,6580.0,6595.0,green,1
J357,I631,1508.0,1510.0,green,2
J357,I923,2462.0,2470.0,green,2
J222,I571,1351.0,1352.0,green,1
J222,I603,1439.0,1440.0,green,1
J222,I827,2155.0,2156.0,green,1
J222,I859,2260.0,2275.0,green,3
J1348,I2387,8183.0,8186.0,green,1
J1348,I2418,8301.0,8305.0,brown,2
J1348,I2419,8305.0,8306.0,green,1
J1115,I1836,6048.0,6056.0,green,1
J1115,I1900,6291.0,6293.0,green,1
J1398,I1942,6470.0,6476.0,green,1
J1398,I2997,10335.0,10340.0,brown,2
J1955,I3454,11480.0,11482.0,green,2
J1955,I3550,11691.0,11692.0,green,1
J998,I87,148.0,150.0,brown,2
J1408,I2758,9563.0,9570.0,brown,3
J1408,I3175,10818.0,10825.0,green,1
J1408,I3431,11423.0,11425.0,green,1
J193,I386,834.0,841.0,brown,1
J193,I1507,4675.0,4679.0,green,2
J193,I1843,6086.0,6095.0,green,3
J764,I1551,4853.0,4863.0,green,1
J764,I2319,7897.0,7907.0,green,3
J224,I935,2518.0,2526.0,green,1
J224,I1591,5003.0,5007.0,green,2
J38,I126,227.0,228.0,brown,1
J38,I1075,3017.0,3019.0,green,1
J1264,I1736,5648.0,5650.0,brown,1
J1264,I1801,5898.0,5902.0,green,1
J1264,I1865,6167.0,6169.0,green,2
J1661,I2415,8286.0,8292.0,brown,2
J1661,I2607,9001.0,9003.0,brown,1
J1661,I2640,9151.0,9157.0,green,3
J655,I979,2694.0,2697.0,brown,3
J655,I1588,4991.0,4994.0,green,1
J655,I2163,7316.0,7319.0,brown,2
J954,I1508,4679.0,4683.0,green,2
J954,I1700,5492.0,5499.0,green,1
J954,I2100,7103.0,7106.0,green,1
J954,I2436,8353.0,8357.0,green,2
J650,I978,2692.0,2694.0,brown,2
J650,I1010,2784.0,2787.0,brown,1
J129,I1409,4244.0,4248.0,green,1
J129,I2481,8508.0,8515.0,green,4
J129,I2817,9752.0,9759.0,green,1
J462,I1797,5884.0,5891.0,green,3
J4,I334,700.0,702.0,green,2
J4,I398,872.0,876.0,green,1
J4,I494,1137.0,1138.0,green,1
J1174,I2632,9091.0,9097.0,green,4
J534,I1216,3513.0,3523.0,green,1
J534,I2143,7259.0,7261.0,brown,2
J939,I1616,5102.0,5113.0,green,3
J939,I2671,9273.0,9278.0,brown,2
J1183,I1285,3740.0,3741.0,brown,1
J1183,I1349,4007.0,4017.0,brown,2
J1183,I1606,5054.0,5066.0,green,3
J1134,I1425,4319.0,4326.0,brown,1
J1134,I1906,6313.0,6330.0,green,1
J1134,I1970,6604.0,6608.0,green,1
J1134,I3186,10852.0,10855.0,green,2
J1134,I3410,11377.0,11378.0,green,1
J117,I113,201.0,206.0,brown,1
J117,I218,429.0,436.0,green,1
J117,I392,855.0,859.0,green,1
J117,I396,868.0,871.0,green,3
J794,I748,1921.0,1922.0,brown,1
J794,I1068,2993.0,2998.0,brown,2
J1774,I2335,7970.0,7972.0,green,1
J1774,I2590,8943.0,8946.0,brown,1
J1774,I2622,9062.0,9064.0,brown,1
J1774,I2751,9542.0,9548.0,green,1
J1154,I1497,4634.0,4640.0,green,4
J1154,I1689,5439.0,5440.0,green,1
J1154,I1721,5583.0,5586.0,green,1
J1598,I1469,4533.0,4540.0,green,3
J1598,I1501,4650.0,4653.0,green,1
J1598,I1660,5318.0,5322.0,brown,2
J155,I398,872.0,876.0,green,2
J155,I1566,4924.0,4930.0,green,4
J1719,I1791,5861.0,5863.0,green,1
J1719,I1982,6638.0,6641.0,brown,3
J1719,I2431,8342.0,8346.0,green,2
J1747,I1620,5122.0,5133.0,brown,3
J1747,I2645,9173.0,9183.0,green,3
J751,I2016,6778.0,6794.0,brown,3
J1357,I2007,6738.0,6746.0,green,2
J1357,I3065,10548.0,10549.0,green,1
J1199,I1176,3364.0,3375.0,green,2
J1788,I1409,4244.0,4248.0,green,2
J1788,I2016,6778.0,6794.0,brown,3
J681,I1032,2855.0,2863.0,green,1
J681,I1320,3884.0,3889.0,green,1
J681,I1832,6039.0,6041.0,green,2
J681,I1896,6277.0,6280.0,green,2
J1699,I2346,8001.0,8005.0,green,4
J1699,I2378,8125.0,8153.0,green,2
J149,I471,1071.0,1074.0,brown,1
J149,I728,1857.0,1861.0,green,2
J149,I1816,5971.0,5985.0,green,1
J632,I1469,4533.0,4540.0,green,1
J632,I1501,4650.0,4653.0,green,1
J1634,I2504,8618.0,8627.0,green,1
J1634,I3144,10738.0,10750.0,green,1
J1256,I884,2338.0,2345.0,green,3
J1185,I1742,5659.0,5668.0,brown,1
J1185,I1839,6068.0,6075.0,green,3
J1185,I2127,7205.0,7209.0,green,2
J80,I1121,3185.0,3204.0,green,2
J80,I2129,7210.0,7217.0,green,1
J80,I2425,8325.0,8327.0,green,1
J826,I1033,2863.0,2865.0,green,2
J826,I1161,3310.0,3315.0,green,3
J1740,I1645,5250.0,5261.0,green,3
J1740,I1901,6293.0,6297.0,green,2
J1740,I2477,8485.0,8489.0,green,1
J802,I2336,7972.0,7979.0,green,3
J802,I3593,11789.0,11793.0,green,1
J802,I3625,11845.0,11850.0,green,1
J926,I2303,7838.0,7841.0,green,2
J926,I2814,9737.0,9739.0,brown,1
J926,I2943,10137.0,10141.0,green,1
J1737,I1924,6399.0,6404.0,brown,1
J1737,I2373,8089.0,8104.0,green,2
J1737,I3493,11566.0,11568.0,green,1
J1092,I292,590.0,593.0,brown,1
J1092,I2949,10169.0,10176.0,green,1
J1092,I3173,10812.0,10817.0,green,2
J1092,I3205,10892.0,10893.0,green,1
J1549,I881,2330.0,2336.0,green,2
J710,I404,894.0,902.0,green,3
J710,I884,2338.0,2345.0,green,1
J710,I1904,6302.0,6305.0,green,2
J1339,I2005,6730.0,6735.0,green,3
J448,I896,2382.0,2385.0,green,2
J1251,I1626,5156.0,5165.0,green,1
J1251,I2938,10120.0,10121.0,green,1
J1251,I3066,10549.0,10550.0,green,1
J1251,I3386,11323.0,11324.0,green,1
J1251,I3418,11397.0,11399.0,green,1
J165,I1342,3971.0,3983.0,brown,2
J165,I1407,4230.0,4237.0,green,1
J165,I1535,4793.0,4796.0,green,1
J165,I2639,9147.0,9151.0,green,2
J803,I966,2648.0,2650.0,brown,1
J803,I1446,4408.0,4411.0,brown,1
J803,I2150,7279.0,7282.0,brown,1
J803,I2535,8721.0,8723.0,green,2
J706,I1068,2993.0,2998.0,brown,1
J706,I3533,11655.0,11658.0,green,1
J1961,I3556,11701.0,11703.0,green,1
J1961,I3604,11807.0,11812.0,green,5
J487,I747,1919.0,1921.0,brown,2
J487,I1419,4285.0,4292.0,brown,2
J494,I1342,3971.0,3983.0,brown,2
J494,I2142,7253.0,7259.0,brown,1
J494,I2687,9331.0,9333.0,green,1
J494,I2719,9427.0,9430.0,green,2
J839,I683,1668.0,1672.0,green,1
J839,I875,2316.0,2317.0,green,1
J839,I1163,3318.0,3324.0,green,3
J908,I689,1697.0,1709.0,green,4
J908,I2129,7210.0,7217.0,green,2
J204,I609,1457.0,1458.0,green,1
J204,I929,2495.0,2499.0,green,2
J204,I1121,3185.0,3204.0,green,3
J169,I1220,3537.0,3538.0,green,1
J169,I2660,9217.0,9221.0,green,3
J1231,I1444,4403.0,4407.0,green,2
J1231,I1763,5757.0,5760.0,brown,1
J1231,I2019,6803.0,6811.0,brown,1
J772,I1560,4900.0,4909.0,brown,2
J772,I3625,11845.0,11850.0,green,2
J888,I1518,4725.0,4726.0,green,1
J888,I1550,4848.0,4853.0,green,1
J888,I1582,4967.0,4971.0,green,4
J439,I336,703.0,705.0,green,1
J439,I400,877.0,888.0,green,3
J439,I1216,3513.0,3523.0,green,1
J95,I595,1414.0,1421.0,green,2
J95,I723,1819.0,1824.0,green,2
J1203,I1816,5971.0,5985.0,green,1
J1203,I1927,6407.0,6411.0,brown,2
J1203,I1959,6556.0,6558.0,brown,1
J1112,I388,843.0,844.0,brown,1
J1112,I677,1659.0,1662.0,green,2
J1112,I773,1987.0,1996.0,green,1
J1724,I1888,6252.0,6255.0,green,2
J1133,I1764,5760.0,5773.0,brown,2
J1133,I2373,8089.0,8104.0,green,2
J1748,I3262,11045.0,11046.0,green,1
J1748,I3590,11777.0,11779.0,green,1
J1748,I3598,11798.0,11800.0,green,1
J538,I878,2320.0,2325.0,green,2
J430,I2196,7453.0,7458.0,green,3
J1267,I1478,4580.0,4583.0,green,3
J1267,I1606,5054.0,5066.0,green,1
J1022,I1092,3067.0,3076.0,green,6
J306,I680,1664.0,1666.0,green,1
J306,I776,1999.0,2002.0,green,3
J306,I904,2414.0,2415.0,green,1
J306,I936,2526.0,2535.0,green,1
J1556,I1771,5801.0,5810.0,brown,3
J1556,I1836,6048.0,6056.0,green,2
J1556,I3420,11401.0,11405.0,green,1
J1858,I755,1936.0,1939.0,brown,2
J1858,I1460,4480.0,4485.0,green,1
J1858,I2388,8186.0,8189.0,green,2
J281,I314,633.0,640.0,green,2
J281,I378,808.0,810.0,green,1
J281,I410,911.0,918.0,green,3
J71,I218,429.0,436.0,green,2
J71,I378,808.0,810.0,green,1
J146,I358,756.0,758.0,green,1
J146,I390,851.0,853.0,green,2
J146,I454,1022.0,1025.0,green,1
J146,I518,1211.0,1212.0,brown,1
J944,I133,241.0,243.0,brown,1
J944,I934,2514.0,2518.0,green,2
J944,I1030,2851.0,2853.0,green,1
J181,I320,656.0,662.0,green,2
J181,I576,1364.0,1368.0,green,1
J651,I1881,6216.0,6233.0,green,3
J1912,I2800,9695.0,9699.0,green,3
J277,I801,2064.0,2067.0,brown,1
J277,I1634,5194.0,5203.0,green,3
J1326,I1492,4616.0,4617.0,green,1
J1326,I1972,6610.0,6616.0,green,1
J1326,I2612,9014.0,9033.0,green,1
J1326,I2640,9151.0,9157.0,green,1
J1641,I2070,6975.0,6977.0,green,2
J1953,I3552,11694.0,11695.0,green,1
J1953,I3616,11831.0,11832.0,green,1
J1953,I3617,11832.0,11836.0,green,1
J24,I2342,7992.0,7994.0,green,2
J24,I2502,8608.0,8617.0,green,3
J217,I683,1668.0,1672.0,green,2
J56,I941,2553.0,2558.0,green,2
J56,I1790,5859.0,5861.0,green,1
J56,I1805,5909.0,5921.0,green,3
J872,I1391,4144.0,4155.0,green,1
J872,I1647,5269.0,5272.0,green,2
J872,I2158,7298.0,7305.0,brown,1
J872,I2553,8801.0,8805.0,green,1
J872,I2647,9185.0,9188.0,green,1
J974,I2247,7648.0,7650.0,brown,1
J974,I2520,8674.0,8678.0,green,1
J974,I3384,11315.0,11321.0,green,4
J441,I1366,4054.0,4059.0,green,3
J1685,I988,2711.0,2720.0,brown,2
J1685,I2961,10204.0,10226.0,green,2
J1914,I1866,6169.0,6172.0,green,3
J828,I1770,5796.0,5801.0,brown,1
J828,I1962,6563.0,6568.0,brown,1
J828,I3147,10755.0,10758.0,green,2
J828,I3323,11185.0,11188.0,green,1
J828,I3419,11399.0,11401.0,green,1
J64,I41,55.0,56.0,green,1
J64,I233,464.0,465.0,green,1
J64,I329,691.0,694.0,green,1
J64,I361,761.0,769.0,green,1
J1459,I2355,8034.0,8035.0,green,1
J1459,I2387,8183.0,8186.0,green,1
J1021,I593,1406.0,1412.0,green,2
J1021,I2201,7474.0,7486.0,green,2
J616,I877,2318.0,2320.0,green,2
J616,I909,2424.0,2427.0,green,2
J1937,I2572,8860.0,8863.0,brown,2
J1937,I2668,9260.0,9266.0,brown,1
J1937,I3117,10663.0,10664.0,green,1
J1937,I3597,11797.0,11798.0,green,1
J582,I1990,6667.0,6670.0,green,1
J582,I2502,8608.0,8617.0,green,2
J1440,I2272,7717.0,7720.0,green,3
J1138,I2818,9759.0,9774.0,green,3
J1138,I2946,10147.0,10158.0,green,1
J1337,I2339,7983.0,7984.0,green,1
J1337,I2371,8075.0,8082.0,green,5
J150,I1173,3351.0,3358.0,green,2
J1186,I2560,8819.0,8829.0,green,2
J1186,I3328,11201.0,11204.0,green,2
J1186,I3392,11338.0,11341.0,green,1
J1186,I3536,11661.0,11662.0,green,1
J1088,I1909,6343.0,6352.0,green,1
J1088,I1980,6630.0,6633.0,brown,3
J559,I589,1393.0,1397.0,green,1
J559,I957,2607.0,2616.0,green,1
J559,I1237,3586.0,3592.0,green,4
J40,I3258,11031.0,11039.0,green,3
J992,I829,2160.0,2166.0,green,2
J992,I1149,3282.0,3285.0,green,1
J992,I1181,3386.0,3390.0,green,2
J992,I2109,7142.0,7145.0,green,1
J1173,I1035,2869.0,2878.0,green,1
J1642,I3091,10604.0,10607.0,green,3
J1642,I3539,11669.0,11670.0,green,1
J1419,I1429,4335.0,4339.0,green,1
J1419,I2549,8786.0,8789.0,green,1
J760,I1320,3884.0,3889.0,green,1
J760,I1616,5102.0,5113.0,green,1
J720,I1327,3912.0,3918.0,green,2
J720,I1391,4144.0,4155.0,green,3
J720,I2383,8168.0,8171.0,green,1
J1988,I2074,6983.0,6991.0,green,2
J1988,I3161,10786.0,10787.0,brown,1
J1988,I3577,11750.0,11753.0,brown,2
J498,I1168,3336.0,3344.0,brown,3
J498,I2097,7087.0,7097.0,green,1
J619,I1165,3325.0,3328.0,green,2
J619,I2173,7358.0,7372.0,green,1
J619,I2201,7474.0,7486.0,green,1
J1423,I1256,3644.0,3647.0,brown,2
J1423,I1352,4027.0,4029.0,brown,1
J1423,I1448,4412.0,4430.0,brown,1
J325,I488,1117.0,1119.0,green,2
J325,I680,1664.0,1666.0,green,1
J1074,I1317,3873.0,3879.0,green,4
J1074,I2373,8089.0,8104.0,green,1
J337,I1545,4828.0,4835.0,green,4
J337,I2097,7087.0,7097.0,green,2
J412,I927,2486.0,2493.0,green,3
J412,I1473,4556.0,4561.0,green,1
J1824,I980,2697.0,2699.0,brown,1
J1824,I1300,3797.0,3806.0,brown,1
J1824,I1525,4766.0,4767.0,green,1
J1824,I3129,10703.0,10704.0,green,1
J1824,I3193,10862.0,10865.0,green,2
J444,I687,1692.0,1696.0,green,1
J444,I1231,3559.0,3569.0,green,2
J444,I1591,5003.0,5007.0,green,2
J1320,I2005,6730.0,6735.0,green,2
J1613,I1955,6550.0,6551.0,brown,1
J1613,I2212,7521.0,7523.0,green,1
J1613,I2308,7856.0,7867.0,green,1
J1613,I2340,7984.0,7989.0,green,1
J1156,I1353,4029.0,4036.0,brown,2
J1156,I2922,10080.0,10086.0,green,2
J1481,I1761,5736.0,5750.0,brown,1
J1481,I2644,9169.0,9173.0,green,1
J1481,I2818,9759.0,9774.0,green,4
J1850,I3100,10625.0,10626.0,green,1
J1850,I3132,10708.0,10717.0,green,2
J1850,I3444,11454.0,11455.0,green,1
J88,I818,2109.0,2128.0,green,1
J88,I882,2336.0,2337.0,green,1
J88,I1526,4767.0,4769.0,green,2
J1897,I2088,7037.0,7046.0,green,5
J477,I936,2526.0,2535.0,green,2
J477,I1616,5102.0,5113.0,green,3
J838,I1469,4533.0,4540.0,green,3
J838,I2109,7142.0,7145.0,green,1
J838,I2925,10088.0,10090.0,green,2
J1601,I1044,2911.0,2920.0,green,4
J658,I1244,3608.0,3611.0,brown,1
J658,I1405,4222.0,4225.0,green,1
J658,I2173,7358.0,7372.0,green,3
J480,I964,2644.0,2646.0,brown,1
J480,I1189,3414.0,3416.0,green,1
J478,I718,1800.0,1810.0,green,2
J358,I2838,9823.0,9827.0,green,2
J358,I3542,11674.0,11677.0,green,3
J96,I1121,3185.0,3204.0,green,2
J1246,I1594,5011.0,5013.0,brown,2
J1246,I1723,5588.0,5597.0,green,2
J1578,I1562,4910.0,4914.0,brown,1
J1578,I1627,5165.0,5166.0,green,1
J1578,I1787,5851.0,5852.0,brown,1
J1578,I2331,7959.0,7967.0,green,2
J896,I1700,5492.0,5499.0,green,1
J896,I1796,5879.0,5884.0,green,3
J398,I2637,9110.0,9129.0,green,2
J1537,I2823,9780.0,9783.0,green,2
J1537,I2919,10063.0,10067.0,green,2
J1537,I3335,11217.0,11222.0,green,1
J75,I32,38.0,40.0,green,2
J75,I224,447.0,448.0,green,1
J1272,I1422,4298.0,4307.0,brown,1
J1272,I1551,4853.0,4863.0,green,1
J1272,I1742,5659.0,5668.0,brown,3
J1272,I2158,7298.0,7305.0,brown,1
J1587,I2949,10169.0,10176.0,green,1
J1587,I2981,10291.0,10292.0,green,1
J1587,I3229,10955.0,10958.0,green,1
J1587,I3389,11331.0,11334.0,green,3
J1688,I1172,3348.0,3351.0,green,3
J1688,I1268,3685.0,3687.0,brown,1
J1688,I1332,3928.0,3930.0,green,1
J1848,I2352,8025.0,8030.0,green,1
J1848,I3344,11231.0,11236.0,green,3
J1431,I2281,7761.0,7763.0,green,1
J1431,I2345,8000.0,8001.0,green,1
J1431,I2377,8116.0,8125.0,green,1
J1431,I2473,8478.0,8480.0,green,1
J1431,I2617,9051.0,9054.0,brown,2
J298,I674,1647.0,1653.0,green,3
J108,I300,602.0,605.0,brown,1
J108,I2193,7442.0,7447.0,green,4
J1658,I1601,5036.0,5038.0,brown,1
J1658,I2498,8591.0,8596.0,green,1
J1658,I2690,9342.0,9344.0,green,1
J1102,I1681,5391.0,5394.0,green,1
J1102,I2449,8386.0,8392.0,green,2
J1102,I3345,11236.0,11237.0,green,1
J9,I34,42.0,45.0,green,2
J1564,I2361,8043.0,8045.0,green,2
J1564,I2457,8405.0,8420.0,green,2
J1564,I3001,10350.0,10360.0,brown,1
J1564,I3257,11030.0,11031.0,green,1
J841,I1626,5156.0,5165.0,green,1
J841,I2098,7097.0,7101.0,green,1
J841,I2228,7580.0,7582.0,green,1
J1736,I2411,8265.0,8273.0,green,4
J251,I832,2171.0,2179.0,green,1
J251,I1184,3397.0,3399.0,green,2
J1362,I2238,7609.0,7617.0,green,4
J1882,I982,2700.0,2703.0,brown,2
J1882,I1783,5834.0,5843.0,green,1
J1882,I2519,8669.0,8674.0,green,1
J1882,I2583,8902.0,8910.0,green,1
J59,I1371,4072.0,4075.0,green,3
J59,I1531,4782.0,4783.0,green,1
J660,I1951,6514.0,6520.0,brown,3
J660,I2015,6768.0,6778.0,brown,1
J1888,I1560,4900.0,4909.0,brown,3
J1416,I1524,4760.0,4766.0,green,2
J1416,I1684,5408.0,5423.0,green,1
J1416,I2147,7268.0,7270.0,brown,1
J1416,I2995,10330.0,10334.0,brown,2
J1171,I1516,4721.0,4724.0,green,2
J1171,I1644,5245.0,5250.0,green,1
J1171,I1900,6291.0,6293.0,green,1
J1451,I2940,10129.0,10132.0,green,1
J1451,I3612,11825.0,11827.0,green,1
J1451,I3620,11838.0,11839.0,green,1
J1702,I2301,7835.0,7836.0,green,1
J1702,I2365,8052.0,8055.0,green,3
J1702,I2717,9423.0,9425.0,green,2
J1835,I963,2643.0,2644.0,brown,1
J1835,I1700,5492.0,5499.0,green,2
J1835,I3076,10568.0,10570.0,green,2
J1834,I3203,10884.0,10891.0,green,4
J519,I826,2151.0,2155.0,green,2
J519,I1498,4640.0,4646.0,green,2
J1443,I1131,3225.0,3227.0,brown,2
J1443,I1451,4432.0,4437.0,brown,1
J699,I1315,3857.0,3862.0,green,3
J86,I1742,5659.0,5668.0,brown,3
J86,I2383,8168.0,8171.0,green,1
J1623,I1278,3717.0,3721.0,brown,3
J1305,I1740,5657.0,5658.0,brown,1
J1305,I1837,6056.0,6060.0,green,1
J1305,I1932,6430.0,6435.0,brown,1
J1305,I1996,6694.0,6697.0,brown,1
J1305,I2028,6832.0,6843.0,brown,1
J1305,I2381,8160.0,8163.0,green,1
J640,I1332,3928.0,3930.0,green,1
J640,I1428,4334.0,4335.0,green,1
J640,I1684,5408.0,5423.0,green,3
J1782,I3070,10555.0,10557.0,green,2
J1782,I3118,10664.0,10667.0,green,3
J1782,I3182,10835.0,10837.0,green,1
J1383,I1791,5861.0,5863.0,green,1
J1383,I2014,6767.0,6768.0,brown,1
J1383,I2046,6892.0,6893.0,brown,1
J1383,I2367,8056.0,8059.0,green,1
J376,I1188,3411.0,3414.0,green,1
J376,I2068,6966.0,6974.0,green,1
J1368,I804,2072.0,2075.0,brown,3
J1368,I1509,4683.0,4685.0,green,1
J1368,I2469,8462.0,8468.0,green,1
J133,I778,2004.0,2008.0,green,2
J133,I1034,2865.0,2869.0,green,1
J697,I1274,3701.0,3711.0,green,3
J697,I1722,5586.0,5588.0,green,2
J940,I1448,4412.0,4430.0,brown,3
J635,I699,1728.0,1731.0,green,2
J1799,I1738,5653.0,5656.0,brown,1
J1799,I2923,10086.0,10087.0,green,1
J1799,I3115,10653.0,10656.0,green,1
J1799,I3435,11431.0,11433.0,green,2
J419,I816,2104.0,2106.0,green,1
J419,I1648,5272.0,5274.0,green,1
J411,I713,1773.0,1785.0,green,2
J1161,I1130,3223.0,3225.0,green,1
J1161,I1322,3893.0,3901.0,green,1
J1161,I1610,5075.0,5081.0,green,1
J1161,I2612,9014.0,9033.0,green,1
J1640,I1698,5468.0,5473.0,green,3
J1640,I2402,8234.0,8242.0,green,1
J1827,I2635,9102.0,9108.0,green,3
J1827,I3531,11650.0,11653.0,green,2
J1827,I3613,11827.0,11828.0,green,1
J41,I217,427.0,429.0,green,2
J1292,I2369,8060.0,8066.0,green,1
J1292,I2592,8947.0,8956.0,brown,3
J583,I1009,2781.0,2784.0,brown,2
J583,I1170,3345.0,3347.0,green,1
J583,I1265,3668.0,3682.0,brown,3
J127,I333,699.0,700.0,green,1
J127,I365,780.0,783.0,green,1
J127,I392,855.0,859.0,green,1
J127,I397,871.0,872.0,green,1
J127,I621,1485.0,1486.0,green,1
J1136,I470,1066.0,1071.0,brown,1
J1136,I1719,5577.0,5581.0,green,4
J144,I313,630.0,633.0,green,3
J144,I377,807.0,808.0,green,1
J144,I1193,3428.0,3434.0,green,2
J947,I1668,5345.0,5346.0,green,1
J947,I1704,5508.0,5510.0,green,1
J947,I1716,5574.0,5575.0,brown,1
J947,I1764,5760.0,5773.0,brown,2
J1665,I2830,9798.0,9801.0,green,1
J1665,I2958,10197.0,10199.0,green,1
J1665,I3374,11289.0,11293.0,green,3
J1665,I3598,11798.0,11800.0,green,1
J453,I2210,7516.0,7519.0,green,1
J453,I2306,7852.0,7854.0,green,1
J453,I2370,8066.0,8075.0,green,1
J453,I2612,9014.0,9033.0,green,1
J898,I1434,4355.0,4359.0,green,3
J898,I1626,5156.0,5165.0,green,1
J898,I1662,5327.0,5328.0,green,1
J782,I813,2099.0,2102.0,green,2
J782,I909,2424.0,2427.0,green,1
J782,I1037,2883.0,2884.0,green,1
J782,I1229,3552.0,3555.0,green,1
J263,I944,2564.0,2568.0,green,1
J263,I1232,3569.0,3579.0,green,2
J263,I2192,7432.0,7442.0,green,3
J1644,I2537,8731.0,8735.0,green,3
J1465,I2377,8116.0,8125.0,green,1
J1465,I2416,8292.0,8298.0,brown,1
J1465,I2473,8478.0,8480.0,green,1
J1465,I2568,8846.0,8847.0,brown,1
J1379,I1407,4230.0,4237.0,green,1
J1379,I2551,8793.0,8797.0,green,1
J791,I1147,3274.0,3277.0,green,3
J791,I1499,4646.0,4649.0,green,1
J791,I1707,5514.0,5540.0,green,1
J728,I1028,2845.0,2846.0,green,1
J728,I1092,3067.0,3076.0,green,2
J728,I1156,3297.0,3299.0,green,2
J728,I1188,3411.0,3414.0,green,1
J184,I1466,4520.0,4531.0,green,2
J1751,I1966,6573.0,6576.0,brown,2
J1751,I2062,6938.0,6946.0,brown,2
J1070,I1691,5441.0,5447.0,green,1
J1070,I1738,5653.0,5656.0,brown,2
J1070,I2026,6830.0,6831.0,brown,1
J1070,I2314,7883.0,7885.0,brown,1
J1384,I1089,3058.0,3060.0,green,1
J1384,I1121,3185.0,3204.0,green,2
J1384,I1505,4662.0,4671.0,green,2
J1384,I2481,8508.0,8515.0,green,1
J1215,I2173,7358.0,7372.0,green,5
J591,I2142,7253.0,7259.0,brown,1
J591,I2783,9646.0,9648.0,green,1
J591,I3135,10719.0,10723.0,green,3
J591,I3199,10877.0,10878.0,green,1
J1139,I564,1330.0,1333.0,brown,1
J1139,I885,2345.0,2349.0,green,1
J1139,I1881,6216.0,6233.0,green,1
J1139,I2265,7704.0,7707.0,green,1
J70,I31,37.0,38.0,green,1
J70,I415,925.0,928.0,green,1
J166,I438,989.0,990.0,brown,1
J166,I607,1443.0,1456.0,green,2
J166,I695,1723.0,1724.0,green,1
J1468,I2029,6843.0,6845.0,brown,2
J1468,I2061,6932.0,6938.0,brown,2
J1468,I2702,9371.0,9375.0,green,1
J1468,I2974,10266.0,10271.0,green,1
J957,I1534,4788.0,4793.0,green,5
J957,I1598,5021.0,5031.0,brown,1
J1393,I1251,3624.0,3630.0,brown,2
J1393,I3433,11429.0,11430.0,green,1
J1393,I3460,11493.0,11496.0,green,2
J1287,I3206,10893.0,10896.0,green,1
J1287,I3462,11498.0,11500.0,green,1
J1287,I3558,11706.0,11716.0,green,2
J1878,I2421,8307.0,8313.0,green,5
J1878,I3253,11017.0,11024.0,green,1
J97,I1229,3552.0,3555.0,green,1
J97,I1389,4139.0,4143.0,green,2
J97,I1533,4785.0,4788.0,green,1
J97,I1677,5384.0,5385.0,green,1
J1622,I1142,3256.0,3265.0,brown,2
J1622,I1335,3941.0,3946.0,green,1
J1622,I2326,7944.0,7949.0,brown,1
J1622,I2777,9623.0,9628.0,green,2
J1410,I1893,6268.0,6271.0,green,3
J1410,I2277,7749.0,7752.0,green,1
J1410,I2661,9221.0,9233.0,green,2
J1030,I1699,5473.0,5492.0,green,4
J1030,I2779,9633.0,9635.0,green,1
J1753,I2575,8876.0,8879.0,brown,3
J1753,I2608,9003.0,9008.0,green,1
J817,I1816,5971.0,5985.0,green,2
J817,I2055,6919.0,6921.0,brown,1
J817,I2136,7239.0,7240.0,green,1
J817,I2928,10092.0,10094.0,green,2
J993,I1739,5656.0,5657.0,brown,1
J993,I1771,5801.0,5810.0,brown,5
J1358,I1316,3862.0,3873.0,green,4
J1880,I2978,10274.0,10283.0,green,5
J1759,I1763,5757.0,5760.0,brown,2
J1759,I1796,5879.0,5884.0,green,2
J1759,I2532,8702.0,8710.0,green,1
J1759,I2724,9447.0,9448.0,green,1
J892,I713,1773.0,1785.0,green,2
J892,I1513,4706.0,4708.0,green,1
J892,I1705,5510.0,5511.0,green,1
J1204,I1652,5288.0,5291.0,green,1
J1204,I2971,10252.0,10260.0,brown,3
J147,I335,702.0,703.0,green,1
J147,I687,1692.0,1696.0,green,2
J16,I2549,8786.0,8789.0,green,1
J16,I2837,9819.0,9823.0,green,3
J1328,I1652,5288.0,5291.0,green,1
J1328,I1684,5408.0,5423.0,green,3
J1328,I1875,6189.0,6196.0,brown,2
J100,I89,153.0,155.0,brown,1
J100,I121,218.0,219.0,brown,1
J100,I153,289.0,292.0,brown,2
J100,I3138,10728.0,10730.0,green,1
J1409,I2168,7336.0,7338.0,green,1
J1409,I2200,7467.0,7474.0,green,1
J1409,I2552,8797.0,8801.0,green,1
J1409,I2759,9570.0,9580.0,brown,1
J1409,I3416,11393.0,11396.0,green,1
J643,I1154,3295.0,3296.0,green,1
J643,I1174,3358.0,3361.0,green,3
J643,I1218,3531.0,3534.0,green,2
J581,I903,2408.0,2414.0,green,3
J1638,I2203,7488.0,7497.0,green,1
J1803,I2999,10342.0,10346.0,brown,1
J1803,I3096,10614.0,10615.0,green,1
J1803,I3160,10783.0,10786.0,brown,1
J1803,I3184,10842.0,10846.0,green,1
J1043,I1643,5237.0,5245.0,green,3
J1043,I1707,5514.0,5540.0,green,2
J1429,I753,1934.0,1935.0,brown,1
J1429,I2834,9808.0,9811.0,green,1
J1855,I1466,4520.0,4531.0,green,2
J1855,I1626,5156.0,5165.0,green,1
J1855,I2074,6983.0,6991.0,green,1
J1855,I3194,10865.0,10868.0,green,1
J1855,I3354,11252.0,11254.0,green,1
J1908,I2168,7336.0,7338.0,green,1
J1908,I2232,7589.0,7595.0,green,1
J245,I259,514.0,517.0,brown,1
J245,I1124,3209.0,3210.0,green,1
J245,I2457,8405.0,8420.0,green,2
J397,I786,2024.0,2026.0,green,2
J397,I818,2109.0,2128.0,green,4
J1861,I2373,8089.0,8104.0,green,3
J793,I1095,3081.0,3091.0,green,1
J793,I1783,5834.0,5843.0,green,1
J793,I1968,6580.0,6595.0,green,1
J730,I772,1986.0,1987.0,green,1
J730,I1188,3411.0,3414.0,green,1
J730,I1316,3862.0,3873.0,green,1
J1503,I2454,8399.0,8400.0,green,1
J1503,I2518,8662.0,8669.0,green,3
J82,I166,334.0,336.0,brown,1
J82,I1527,4769.0,4775.0,green,2
J82,I2121,7187.0,7190.0,green,2
J1544,I2195,7449.0,7453.0,green,1
J1544,I2227,7574.0,7580.0,green,2
J1544,I2451,8394.0,8396.0,green,2
J738,I1422,4298.0,4307.0,brown,2
J738,I1742,5659.0,5668.0,brown,2
J738,I2831,9801.0,9802.0,green,1
J596,I2006,6735.0,6738.0,green,1
J596,I2818,9759.0,9774.0,green,1
J695,I1113,3151.0,3153.0,green,1
J695,I1145,3269.0,3273.0,green,1
J695,I1177,3375.0,3382.0,green,2
J695,I1272,3692.0,3694.0,brown,2
J269,I2611,9013.0,9014.0,green,1
J269,I2707,9387.0,9396.0,green,4
J269,I2803,9702.0,9710.0,green,1
J917,I1018,2811.0,2814.0,green,2
J917,I1114,3153.0,3154.0,green,1
J917,I1498,4640.0,4646.0,green,2
J700,I78,133.0,136.0,brown,1
J700,I142,267.0,270.0,brown,1
J700,I2319,7897.0,7907.0,green,1
J700,I3183,10837.0,10842.0,green,2
J700,I3383,11314.0,11315.0,green,1
J1118,I1573,4944.0,4948.0,green,1
J1118,I1636,5204.0,5207.0,brown,1
J1118,I2373,8089.0,8104.0,green,2
J330,I228,451.0,454.0,green,3
J330,I260,517.0,519.0,green,1
J330,I933,2506.0,2514.0,green,2
J289,I604,1440.0,1441.0,green,1
J289,I764,1949.0,1962.0,green,1
J289,I2196,7453.0,7458.0,green,2
J442,I813,2099.0,2102.0,green,1
J442,I1461,4485.0,4489.0,green,2
J442,I1549,4843.0,4848.0,green,1
J1359,I1698,5468.0,5473.0,green,1
J1359,I1761,5736.0,5750.0,brown,1
J1359,I2818,9759.0,9774.0,green,2
J1359,I3124,10687.0,10690.0,green,1
J1359,I3202,10883.0,10884.0,green,1
J1354,I1664,5331.0,5337.0,green,1
J1354,I2432,8346.0,8348.0,green,2
J1354,I2560,8819.0,8829.0,green,1
J1354,I2720,9430.0,9441.0,green,2
J1147,I1192,3420.0,3428.0,green,6
J1750,I2920,10067.0,10072.0,green,4
J311,I2372,8082.0,8089.0,green,3
J311,I2948,10164.0,10169.0,green,3
J331,I2718,9425.0,9427.0,green,1
J331,I3326,11195.0,11199.0,green,1
J331,I3376,11296.0,11299.0,green,2
J1767,I2961,10204.0,10226.0,green,6
J77,I671,1638.0,1641.0,green,2
J77,I767,1966.0,1968.0,green,1
J77,I815,2103.0,2104.0,green,1
J77,I943,2559.0,2564.0,green,1
J1299,I2246,7647.0,7648.0,brown,1
J1299,I2758,9563.0,9570.0,brown,1
J1377,I2048,6897.0,6901.0,green,2
J1377,I2079,7001.0,7009.0,brown,1
J1377,I2176,7383.0,7391.0,green,2
J1377,I2815,9739.0,9749.0,brown,1
J49,I2980,10290.0,10291.0,green,1
J49,I3140,10731.0,10734.0,green,1
J1242,I1598,5021.0,5031.0,brown,4
J1242,I2814,9737.0,9739.0,brown,1
J1242,I3263,11046.0,11049.0,green,1
J1606,I2440,8368.0,8372.0,green,1
J1606,I2504,8618.0,8627.0,green,5
J1545,I1927,6407.0,6411.0,brown,1
J1545,I1959,6556.0,6558.0,brown,1
J1545,I1992,6671.0,6681.0,green,1
J1545,I2023,6819.0,6826.0,brown,1
J1545,I2120,7186.0,7187.0,green,1
J1432,I1932,6430.0,6435.0,brown,2
J1432,I1996,6694.0,6697.0,brown,1
J1432,I2028,6832.0,6843.0,brown,1
J1432,I2637,9110.0,9129.0,green,1
J1583,I2410,8264.0,8265.0,green,1
J1583,I2442,8374.0,8378.0,green,1
J1583,I2954,10183.0,10193.0,green,1
J1530,I2324,7925.0,7931.0,brown,3
J200,I1176,3364.0,3375.0,green,2
J200,I2264,7699.0,7704.0,green,3
J266,I2378,8125.0,8153.0,green,3
J1823,I2946,10147.0,10158.0,green,4
J1823,I3074,10565.0,10566.0,green,1
J1823,I3385,11321.0,11323.0,green,1
J801,I213,423.0,424.0,green,1
J801,I373,796.0,799.0,green,1
J801,I629,1505.0,1506.0,green,1
J1066,I1805,5909.0,5921.0,green,1
J1066,I1869,6176.0,6178.0,green,1
J1066,I2317,7887.0,7893.0,green,1
J1066,I2637,9110.0,9129.0,green,1
J1066,I2961,10204.0,10226.0,green,1
J400,I572,1352.0,1356.0,green,3
J400,I716,1791.0,1799.0,green,1
J1648,I2790,9663.0,9665.0,green,1
J1648,I2982,10292.0,10295.0,green,1
J1648,I3366,11273.0,11275.0,green,1
J816,I1314,3852.0,3857.0,green,2
J816,I1345,3987.0,3990.0,brown,1
J816,I1474,4561.0,4573.0,green,1
J579,I1697,5465.0,5468.0,green,1
J731,I1759,5730.0,5735.0,brown,1
J731,I1951,6514.0,6520.0,brown,2
J18,I29,34.0,35.0,green,1
J18,I701,1734.0,1738.0,green,2
J633,I3108,10640.0,10641.0,green,1
J633,I3204,10891.0,10892.0,green,1
J633,I3332,11210.0,11211.0,green,1
J633,I3428,11415.0,11418.0,green,1
J191,I885,2345.0,2349.0,green,1
J191,I1461,4485.0,4489.0,green,1
J191,I1529,4776.0,4780.0,green,2
J645,I1506,4671.0,4675.0,green,2
J645,I1953,6528.0,6530.0,brown,1
J645,I2081,7010.0,7014.0,brown,1
J645,I2145,7263.0,7266.0,brown,1
J1919,I969,2655.0,2667.0,brown,3
J1460,I2423,8315.0,8323.0,green,1
J1460,I2791,9665.0,9669.0,green,2
J991,I1553,4867.0,4876.0,green,3
J991,I1585,4974.0,4981.0,green,1
J991,I1841,6080.0,6085.0,green,2
J1284,I1976,6622.0,6626.0,green,2
J1303,I1942,6470.0,6476.0,green,4
J1303,I2325,7931.0,7944.0,brown,1
J1705,I2099,7101.0,7103.0,green,2
J1705,I2227,7574.0,7580.0,green,1
J493,I1242,3599.0,3604.0,brown,3
J493,I1403,4206.0,4220.0,green,1
J493,I2139,7242.0,7244.0,green,1
J493,I2874,9926.0,9931.0,brown,1
J67,I322,663.0,667.0,green,3
J67,I610,1458.0,1463.0,green,2
J1625,I439,990.0,992.0,brown,1
J1625,I663,1617.0,1618.0,brown,1
J1625,I1400,4198.0,4200.0,green,2
J1625,I1816,5971.0,5985.0,green,1
J1625,I3384,11315.0,11321.0,green,1
J1336,I1349,4007.0,4017.0,brown,3
J1336,I1894,6271.0,6276.0,green,2
J634,I1346,3990.0,3996.0,brown,1
J634,I1507,4675.0,4679.0,green,2
J634,I2275,7737.0,7748.0,green,1
J634,I2531,8699.0,8702.0,green,1
J1123,I1766,5776.0,5782.0,brown,2
J1123,I2695,9359.0,9361.0,green,1
J1123,I2823,9780.0,9783.0,green,1
J1108,I749,1922.0,1928.0,brown,2
J1108,I1838,6060.0,6068.0,green,1
J1108,I1998,6698.0,6706.0,green,1
J1108,I2711,9403.0,9407.0,green,1
J134,I229,454.0,457.0,green,2
J134,I389,844.0,851.0,green,1
J134,I693,1717.0,1719.0,green,1
J219,I574,1360.0,1363.0,green,1
J219,I2686,9316.0,9331.0,green,1
J219,I2782,9641.0,9646.0,green,1
J219,I2974,10266.0,10271.0,green,2
J1376,I1464,4496.0,4501.0,green,2
J1376,I2200,7467.0,7474.0,green,1
J1376,I2232,7589.0,7595.0,green,3
J1259,I2637,9110.0,9129.0,green,2
J491,I1229,3552.0,3555.0,green,1
J491,I2001,6718.0,6719.0,green,1
J491,I2173,7358.0,7372.0,green,1
J491,I2189,7424.0,7427.0,green,1
J58,I493,1130.0,1137.0,green,2
J688,I1306,3823.0,3826.0,green,3
J1181,I888,2359.0,2362.0,green,1
J1181,I1112,3150.0,3151.0,green,1
J1181,I1176,3364.0,3375.0,green,1
J1181,I2296,7815.0,7822.0,green,3
J160,I969,2655.0,2667.0,brown,1
J160,I2378,8125.0,8153.0,green,3
J214,I1093,3076.0,3077.0,green,1
J214,I1189,3414.0,3416.0,green,1
J214,I1221,3538.0,3541.0,green,1
J214,I1381,4107.0,4117.0,green,1
J214,I1669,5346.0,5349.0,green,1
J1814,I70,115.0,119.0,brown,4
J1814,I2279,7753.0,7759.0,green,1
J1814,I3495,11570.0,11571.0,green,1
J553,I795,2050.0,2051.0,brown,1
J553,I828,2156.0,2160.0,green,4
J553,I988,2711.0,2720.0,brown,1
J399,I542,1279.0,1280.0,brown,1
J399,I2863,9887.0,9891.0,green,3
J1210,I796,2051.0,2057.0,brown,1
J1210,I1085,3045.0,3047.0,green,1
J1210,I1533,4785.0,4788.0,green,1
J1210,I2609,9008.0,9010.0,green,1
J1210,I2633,9097.0,9101.0,green,2
J761,I961,2637.0,2639.0,brown,1
J761,I1442,4384.0,4396.0,green,3
J761,I1474,4561.0,4573.0,green,1
J112,I305,616.0,618.0,green,2
J112,I921,2459.0,2460.0,green,1
J112,I933,2506.0,2514.0,green,3
J338,I186,370.0,372.0,brown,1
J338,I1083,3038.0,3043.0,green,2
J780,I2198,7461.0,7465.0,green,3
J830,I2002,6719.0,6724.0,green,1
J830,I2450,8392.0,8394.0,green,2
J830,I2930,10098.0,10103.0,green,2
J830,I3449,11463.0,11464.0,green,1
J642,I2081,7010.0,7014.0,brown,1
J642,I2626,9069.0,9074.0,green,1
J642,I2946,10147.0,10158.0,green,2
J978,I2189,7424.0,7427.0,green,2
J978,I2637,9110.0,9129.0,green,1
J1869,I2539,8741.0,8744.0,green,2
J1869,I3179,10830.0,10831.0,green,1
J1869,I3415,11391.0,11393.0,green,1
J1869,I3419,11399.0,11401.0,green,1
J1971,I2544,8759.0,8773.0,green,4
J1442,I1380,4105.0,4107.0,green,1
J1442,I1411,4249.0,4256.0,brown,2
J1442,I2500,8600.0,8606.0,green,1
J1442,I2548,8782.0,8786.0,green,1
J804,I1183,3393.0,3397.0,green,1
J804,I1278,3717.0,3721.0,brown,1
J804,I2201,7474.0,7486.0,green,3
J804,I2414,8280.0,8286.0,brown,1
J449,I1442,4384.0,4396.0,green,4
J1164,I1265,3668.0,3682.0,brown,1
J1164,I1458,4473.0,4476.0,green,1
J1164,I1906,6313.0,6330.0,green,1
J1446,I1650,5280.0,5283.0,green,3
J1446,I1682,5394.0,5405.0,green,1
J1446,I1970,6604.0,6608.0,green,1
J434,I790,2034.0,2039.0,green,1
J434,I1078,3023.0,3025.0,green,1
J434,I1110,3141.0,3148.0,green,2
J257,I718,1800.0,1810.0,green,3
J257,I1968,6580.0,6595.0,green,1
J1462,I1996,6694.0,6697.0,brown,1
J1462,I2028,6832.0,6843.0,brown,3
J1069,I2140,7244.0,7247.0,green,1
J1069,I2204,7497.0,7507.0,green,2
J189,I75,129.0,130.0,brown,1
J189,I107,190.0,194.0,brown,1
J189,I1708,5540.0,5545.0,green,1
J189,I2612,9014.0,9033.0,green,1
J1504,I1981,6633.0,6638.0,brown,3
J1504,I2270,7714.0,7715.0,green,1
J322,I685,1680.0,1682.0,green,1
J322,I957,2607.0,2616.0,green,4
J1121,I2559,8815.0,8819.0,green,1
J466,I892,2374.0,2375.0,green,1
J466,I988,2711.0,2720.0,brown,5
J627,I1029,2846.0,2851.0,green,1
J1660,I889,2362.0,2366.0,green,1
J1660,I1881,6216.0,6233.0,green,3
J529,I886,2349.0,2356.0,green,1
J529,I2000,6710.0,6718.0,green,2
J931,I887,2356.0,2359.0,green,3
J931,I1015,2798.0,2807.0,green,3
J868,I1226,3548.0,3549.0,green,1
J868,I1514,4708.0,4717.0,green,2
J868,I1578,4959.0,4962.0,green,1
J868,I2538,8735.0,8741.0,green,1
J812,I1555,4878.0,4887.0,green,2
J23,I76,130.0,132.0,brown,1
J23,I3077,10570.0,10571.0,green,1
J1680,I2588,8926.0,8933.0,brown,1
J1680,I2781,9638.0,9641.0,green,1
J1031,I1586,4981.0,4987.0,green,3
J356,I931,2501.0,2503.0,green,2
J356,I1155,3296.0,3297.0,green,1
J66,I99,174.0,176.0,brown,1
J66,I2692,9349.0,9357.0,green,1
J66,I2948,10164.0,10169.0,green,2
J1176,I2658,9211.0,9215.0,green,3
J1176,I2978,10274.0,10283.0,green,1
J1176,I3344,11231.0,11236.0,green,1
J320,I296,597.0,598.0,brown,1
J320,I1000,2752.0,2759.0,brown,1
J320,I2601,8984.0,8987.0,green,1
J320,I2665,9245.0,9249.0,green,2
J320,I2841,9830.0,9836.0,green,1
J228,I832,2171.0,2179.0,green,2
J1800,I1793,5866.0,5875.0,green,5
J1308,I1110,3141.0,3148.0,green,1
J1308,I1141,3251.0,3256.0,brown,2
J1308,I1462,4489.0,4493.0,green,1
J1308,I2325,7931.0,7944.0,brown,2
J1853,I3089,10599.0,10603.0,green,4
J1853,I3537,11662.0,11667.0,green,1
J691,I1410,4248.0,4249.0,brown,1
J691,I2275,7737.0,7748.0,green,1
J843,I3196,10869.0,10872.0,green,1
J843,I3356,11255.0,11260.0,green,1
J1140,I1084,3043.0,3045.0,green,2
J1140,I1500,4649.0,4650.0,green,1
J1140,I1532,4783.0,4785.0,green,1
J614,I525,1241.0,1243.0,brown,1
J614,I2542,8750.0,8757.0,green,2
J614,I2638,9129.0,9147.0,green,3
J1081,I1941,6465.0,6470.0,green,1
J1081,I2164,7319.0,7322.0,brown,3
J1081,I2324,7925.0,7931.0,brown,1
J1081,I3349,11243.0,11245.0,green,1
J1698,I1253,3632.0,3639.0,brown,2
J963,I442,999.0,1001.0,brown,1
J963,I474,1078.0,1081.0,brown,1
J963,I2043,6885.0,6886.0,green,1
J963,I2171,7342.0,7356.0,green,2
J1707,I2351,8020.0,8025.0,green,4
J1707,I2414,8280.0,8286.0,brown,1
J1707,I2703,9375.0,9378.0,green,1
J307,I330,694.0,697.0,green,3
J307,I818,2109.0,2128.0,green,2
J853,I764,1949.0,1962.0,green,1
J853,I924,2470.0,2476.0,green,3
J853,I1628,5166.0,5175.0,green,1
J26,I36,46.0,47.0,green,1
J26,I260,517.0,519.0,green,1
J26,I452,1018.0,1021.0,green,3
J26,I708,1753.0,1758.0,green,1
J1847,I2974,10266.0,10271.0,green,2
J1847,I3558,11706.0,11716.0,green,3
J502,I825,2143.0,2151.0,green,2
J502,I2009,6748.0,6757.0,green,4
J162,I1798,5891.0,5896.0,green,1
J162,I2822,9778.0,9780.0,green,1
J162,I3184,10842.0,10846.0,green,2
J162,I3206,10893.0,10896.0,green,2
J290,I671,1638.0,1641.0,green,1
J290,I927,2486.0,2493.0,green,1
J749,I679,1663.0,1664.0,green,1
J749,I711,1765.0,1766.0,green,1
J749,I903,2408.0,2414.0,green,2
J1230,I1541,4810.0,4819.0,green,2
J1230,I2661,9221.0,9233.0,green,1
J1230,I2697,9362.0,9363.0,green,1
J62,I689,1697.0,1709.0,green,2
J62,I933,2506.0,2514.0,green,1
J324,I992,2726.0,2730.0,green,2
J324,I1632,5183.0,5189.0,green,1
J324,I2015,6768.0,6778.0,brown,3
J1902,I2600,8978.0,8984.0,green,3
J152,I231,460.0,462.0,green,1
J152,I327,675.0,682.0,green,2
J152,I363,772.0,775.0,green,2
J152,I407,908.0,909.0,green,1
J1306,I2524,8684.0,8689.0,brown,2
J1306,I2588,8926.0,8933.0,brown,2
J1306,I2620,9058.0,9061.0,brown,1
J1306,I2829,9792.0,9798.0,green,1
J111,I394,862.0,867.0,green,4
J1552,I2430,8335.0,8342.0,green,4
J1552,I2525,8689.0,8690.0,brown,1
J1552,I2589,8933.0,8943.0,brown,1
J870,I1626,5156.0,5165.0,green,1
J870,I3082,10583.0,10588.0,green,2
J1974,I3224,10942.0,10947.0,green,3
J1974,I3544,11678.0,11681.0,green,1
J1321,I1928,6411.0,6419.0,brown,2
J1321,I2537,8731.0,8735.0,green,1
J1334,I2058,6925.0,6927.0,brown,2
J1334,I2171,7342.0,7356.0,green,3
J1938,I138,254.0,259.0,brown,1
J1938,I2635,9102.0,9108.0,green,2
J1938,I2955,10193.0,10195.0,green,2
J1938,I3099,10622.0,10625.0,green,1
J283,I1042,2904.0,2906.0,green,2
J283,I2002,6719.0,6724.0,green,2
J1291,I1399,4183.0,4198.0,green,5
J1291,I2295,7810.0,7815.0,green,1
J1771,I1589,4994.0,5000.0,green,1
J1771,I2517,8657.0,8662.0,green,2
J1771,I3093,10608.0,10609.0,green,1
J1771,I3253,11017.0,11024.0,green,2
J432,I723,1819.0,1824.0,green,3
J497,I1816,5971.0,5985.0,green,1
J1673,I1815,5966.0,5971.0,green,2
J1673,I1878,6210.0,6211.0,brown,1
J1673,I2007,6738.0,6746.0,green,2
J1907,I2954,10183.0,10193.0,green,3
J296,I792,2042.0,2048.0,green,1
J296,I824,2140.0,2143.0,green,2
J296,I1040,2892.0,2903.0,green,3
J1742,I1998,6698.0,6706.0,green,1
J1742,I3230,10958.0,10963.0,green,3
J1742,I3438,11437.0,11438.0,green,1
J1742,I3534,11658.0,11659.0,green,1
J1392,I2725,9448.0,9451.0,green,2
J1392,I3181,10832.0,10835.0,green,1
J1301,I1675,5381.0,5383.0,green,1
J1301,I1770,5796.0,5801.0,brown,1
J1301,I2263,7696.0,7699.0,green,1
J740,I1673,5359.0,5377.0,green,2
J716,I574,1360.0,1363.0,green,1
J716,I2686,9316.0,9331.0,green,2
J716,I2942,10136.0,10137.0,green,1
J123,I259,514.0,517.0,brown,2
J123,I2019,6803.0,6811.0,brown,2
J123,I3140,10731.0,10734.0,green,1
J123,I3172,10810.0,10812.0,green,1
J1262,I2771,9608.0,9614.0,green,4
J1395,I1102,3102.0,3107.0,green,2
J1395,I1902,6297.0,6299.0,green,2
J1612,I2523,8682.0,8684.0,green,1
J1612,I2555,8808.0,8811.0,green,1
J1144,I1142,3256.0,3265.0,brown,4
J1144,I2615,9042.0,9049.0,green,2
J743,I1640,5217.0,5230.0,green,1
J743,I2408,8255.0,8259.0,green,1
J743,I3144,10738.0,10750.0,green,1
J36,I219,436.0,437.0,green,1
J36,I379,810.0,814.0,green,3
J417,I800,2061.0,2064.0,brown,1
J417,I1025,2835.0,2840.0,green,1
J417,I1681,5391.0,5394.0,green,2
J6,I818,2109.0,2128.0,green,1
J6,I914,2438.0,2440.0,green,1
J6,I1694,5452.0,5459.0,green,4
J1527,I2213,7523.0,7526.0,green,3
J1527,I2309,7867.0,7871.0,green,1
J1527,I2661,9221.0,9233.0,green,2
J482,I1474,4561.0,4573.0,green,1
J482,I1570,4935.0,4941.0,green,2
J1515,I3101,10626.0,10628.0,green,2
J1515,I3229,10955.0,10958.0,green,1
J1386,I1759,5730.0,5735.0,brown,2
J1386,I1792,5863.0,5866.0,green,1
J1386,I2720,9430.0,9441.0,green,2
J1222,I1538,4801.0,4803.0,green,2
J1222,I2068,6966.0,6974.0,green,2
J1222,I2370,8066.0,8075.0,green,2
J1080,I1512,4694.0,4706.0,green,6
J864,I1282,3731.0,3732.0,brown,1
J864,I1346,3990.0,3996.0,brown,3
J864,I1603,5041.0,5045.0,green,2
J1190,I809,2093.0,2094.0,brown,1
J1190,I969,2655.0,2667.0,brown,1
J1190,I2602,8987.0,8990.0,green,2
J1190,I2922,10080.0,10086.0,green,2
J1313,I1121,3185.0,3204.0,green,2
J1313,I2481,8508.0,8515.0,green,1
J1313,I2609,9008.0,9010.0,green,1
J1749,I1316,3862.0,3873.0,green,2
J1749,I2612,9014.0,9033.0,green,1
J1749,I2788,9661.0,9662.0,green,1
J472,I1103,3107.0,3113.0,green,1
J472,I2103,7111.0,7125.0,green,5
J1706,I1356,4038.0,4043.0,brown,2
J1706,I3533,11655.0,11658.0,green,1
J1706,I3549,11687.0,11691.0,green,2
J1455,I2959,10199.0,10201.0,green,2
J1009,I1120,3182.0,3185.0,green,1
J1009,I2336,7972.0,7979.0,green,3
J1009,I2560,8819.0,8829.0,green,2
J1094,I1555,4878.0,4887.0,green,4
J1104,I2107,7138.0,7140.0,green,2
J1104,I2171,7342.0,7356.0,green,2
J1104,I2619,9057.0,9058.0,brown,1
J1019,I1408,4237.0,4244.0,green,1
J1126,I1390,4143.0,4144.0,green,1
J1126,I1838,6060.0,6068.0,green,1
J858,I1383,4120.0,4124.0,green,2
J785,I1008,2780.0,2781.0,brown,1
J785,I1168,3336.0,3344.0,brown,1
J785,I1280,3727.0,3730.0,brown,3
J504,I727,1840.0,1857.0,green,1
J504,I1495,4626.0,4633.0,green,1
J284,I889,2362.0,2366.0,green,2
J284,I1177,3375.0,3382.0,green,2
J284,I1337,3950.0,3957.0,green,1
J284,I2457,8405.0,8420.0,green,1
J683,I825,2143.0,2151.0,green,1
J683,I984,2704.0,2707.0,brown,2
J848,I1418,4275.0,4285.0,brown,4
J848,I2363,8047.0,8051.0,green,1
J986,I1182,3390.0,3393.0,green,1
J986,I1277,3716.0,3717.0,brown,1
J986,I1597,5016.0,5021.0,brown,2
J1832,I2104,7125.0,7131.0,green,2
J1013,I550,1296.0,1300.0,brown,2
J1013,I2855,9865.0,9866.0,green,1
J1013,I3463,11500.0,11503.0,green,1
J1013,I3559,11716.0,11718.0,green,1
J1013,I3591,11779.0,11782.0,green,1
J654,I496,1140.0,1142.0,green,2
J654,I1232,3569.0,3579.0,green,1
J723,I1016,2807.0,2808.0,green,1
J723,I2200,7467.0,7474.0,green,2
J723,I2328,7951.0,7954.0,green,2
J723,I2424,8323.0,8325.0,green,1
J789,I1265,3668.0,3682.0,brown,3
J1557,I3253,11017.0,11024.0,green,2
J1557,I3421,11405.0,11408.0,green,3
J1489,I1474,4561.0,4573.0,green,2
J1489,I2434,8349.0,8351.0,green,2
J662,I2645,9173.0,9183.0,green,3
J662,I2901,9996.0,9998.0,green,1
J186,I416,928.0,931.0,green,3
J186,I704,1740.0,1749.0,green,3
J297,I727,1840.0,1857.0,green,6
J571,I910,2427.0,2434.0,green,4
J571,I1502,4653.0,4656.0,green,1
J571,I1505,4662.0,4671.0,green,1
J876,I1522,4740.0,4747.0,green,4
J876,I1554,4876.0,4878.0,green,2
J1184,I2068,6966.0,6974.0,green,1
J1184,I2100,7103.0,7106.0,green,1
J1184,I3385,11321.0,11323.0,green,1
J1777,I1405,4222.0,4225.0,green,2
J1777,I3261,11043.0,11045.0,green,1
J138,I1316,3862.0,3873.0,green,1
J138,I2548,8782.0,8786.0,green,1
J138,I2820,9775.0,9776.0,green,1
J138,I2916,10058.0,10061.0,green,2
J980,I1568,4932.0,4933.0,green,1
J980,I2240,7619.0,7622.0,green,3
J980,I2304,7841.0,7846.0,green,1
J915,I832,2171.0,2179.0,green,5
J915,I1840,6075.0,6080.0,green,1
J1611,I2171,7342.0,7356.0,green,3
J303,I174,351.0,352.0,brown,1
J303,I238,473.0,475.0,brown,1
J303,I1327,3912.0,3918.0,green,1
J303,I2519,8669.0,8674.0,green,3
J1630,I2177,7391.0,7393.0,green,2
J1630,I2273,7720.0,7732.0,green,1
J1630,I2305,7846.0,7852.0,green,1
J301,I1035,2869.0,2878.0,green,2
J1662,I1415,4263.0,4270.0,brown,2
J1662,I2536,8723.0,8731.0,green,1
J1761,I3181,10832.0,10835.0,green,2
J1761,I3341,11228.0,11229.0,green,1
J1761,I3437,11436.0,11437.0,green,1
J1761,I3533,11655.0,11658.0,green,1
J1257,I2294,7803.0,7810.0,brown,2
J544,I406,905.0,908.0,green,1
J544,I918,2447.0,2452.0,green,4
J544,I1110,3141.0,3148.0,green,1
J1400,I1592,5007.0,5009.0,brown,1
J1400,I1849,6113.0,6115.0,green,2
J1023,I1926,6405.0,6407.0,brown,2
J1023,I2071,6977.0,6980.0,green,3
J1023,I2151,7282.0,7284.0,brown,1
J1923,I2976,10272.0,10273.0,green,1
J1923,I3072,10558.0,10561.0,green,1
J1923,I3136,10723.0,10725.0,green,1
J1923,I3424,11410.0,11411.0,green,1
J213,I157,305.0,315.0,brown,1
J213,I318,648.0,655.0,green,2
J213,I1438,4367.0,4371.0,green,1
J714,I1407,4230.0,4237.0,green,1
J714,I1598,5021.0,5031.0,brown,4
J714,I2839,9827.0,9828.0,green,1
J1499,I2192,7432.0,7442.0,green,3
J1829,I2226,7567.0,7574.0,green,4
J1829,I2386,8181.0,8183.0,green,2
J308,I778,2004.0,2008.0,green,1
J1810,I1851,6116.0,6118.0,green,2
J1352,I1777,5825.0,5826.0,brown,1
J1352,I1810,5940.0,5945.0,green,2
J1352,I1906,6313.0,6330.0,green,1
J1352,I2065,6958.0,6962.0,brown,1
J1309,I1746,5680.0,5681.0,brown,1
J1309,I1971,6608.0,6610.0,green,1
J1309,I2003,6724.0,6726.0,green,1
J1309,I2067,6964.0,6966.0,green,2
J1309,I2387,8183.0,8186.0,green,1
J686,I2343,7994.0,7996.0,green,1
J686,I3079,10572.0,10575.0,green,1
J686,I3175,10818.0,10825.0,green,3
J686,I3529,11640.0,11645.0,green,1
J1087,I1420,4292.0,4295.0,brown,1
J1087,I1805,5909.0,5921.0,green,5
J1708,I2174,7372.0,7377.0,green,5
J1708,I2206,7508.0,7509.0,green,1
J365,I999,2750.0,2752.0,brown,2
J365,I1351,4024.0,4027.0,brown,1
J365,I2952,10181.0,10182.0,green,1
J310,I1456,4458.0,4472.0,green,3
J310,I1968,6580.0,6595.0,green,2
J1839,I1898,6283.0,6290.0,green,4
J89,I1664,5331.0,5337.0,green,1
J89,I2784,9648.0,9650.0,green,2
J89,I3360,11265.0,11266.0,green,1
J1726,I1941,6465.0,6470.0,green,4
J1529,I522,1220.0,1236.0,brown,1
J1529,I1707,5514.0,5540.0,green,2
J1529,I3191,10859.0,10861.0,green,1
J1529,I3379,11302.0,11304.0,green,2
J243,I1179,3383.0,3384.0,green,1
J243,I1307,3826.0,3830.0,green,1
J243,I1883,6234.0,6239.0,green,1
J243,I2363,8047.0,8051.0,green,1
J1957,I2556,8811.0,8813.0,green,2
J1957,I2652,9200.0,9205.0,green,2
J1957,I2844,9839.0,9841.0,green,1
J1957,I3196,10869.0,10872.0,green,1
J157,I339,708.0,710.0,green,2
J157,I627,1497.0,1500.0,green,1
J157,I923,2462.0,2470.0,green,1
J732,I3125,10690.0,10692.0,green,2
J732,I3189,10857.0,10858.0,green,1
J1343,I2971,10252.0,10260.0,brown,3
J209,I400,877.0,888.0,green,4
J209,I1696,5464.0,5465.0,green,1
J1275,I2059,6927.0,6929.0,brown,1
J1275,I2155,7290.0,7291.0,brown,1
J1318,I1005,2771.0,2777.0,brown,2
J1318,I1542,4819.0,4824.0,green,1
J1318,I2085,7022.0,7030.0,brown,3
J348,I885,2345.0,2349.0,green,1
J348,I1173,3351.0,3358.0,green,1
J348,I1429,4335.0,4339.0,green,1
J1728,I2479,8492.0,8495.0,green,2
J231,I392,855.0,859.0,green,2
J788,I1286,3741.0,3744.0,green,2
J788,I2542,8750.0,8757.0,green,2
J1951,I3548,11686.0,11687.0,green,1
J1951,I3557,11703.0,11706.0,green,2
J1867,I2546,8775.0,8779.0,green,4
J1784,I752,1931.0,1934.0,brown,1
J1784,I976,2684.0,2689.0,brown,2
J1784,I1168,3336.0,3344.0,brown,1
J302,I1998,6698.0,6706.0,green,1
J302,I2638,9129.0,9147.0,green,2
J302,I2864,9891.0,9901.0,green,2
J302,I3063,10541.0,10547.0,green,1
J790,I1260,3654.0,3655.0,brown,1
J790,I1356,4038.0,4043.0,brown,1
J790,I2317,7887.0,7893.0,green,2
J790,I2865,9901.0,9902.0,green,1
J790,I2929,10094.0,10098.0,green,1
J1620,I2308,7856.0,7867.0,green,4
J1620,I2532,8702.0,8710.0,green,2
J465,I1095,3081.0,3091.0,green,4
J50,I3136,10723.0,10725.0,green,1
J460,I1106,3125.0,3129.0,green,1
J460,I1194,3434.0,3436.0,green,2
J1405,I1451,4432.0,4437.0,brown,1
J1405,I3068,10551.0,10552.0,green,1
J1405,I3260,11042.0,11043.0,green,1
J291,I2530,8696.0,8699.0,green,3
J851,I1403,4206.0,4220.0,green,3
J1933,I3462,11498.0,11500.0,green,1
J1933,I3558,11706.0,11716.0,green,2
J1374,I1630,5176.0,5181.0,green,1
J1374,I3590,11777.0,11779.0,green,1
J1374,I3670,11932.0,11934.0,green,2
J608,I2661,9221.0,9233.0,green,1
J608,I2749,9537.0,9539.0,green,2
J608,I2829,9792.0,9798.0,green,1
J1116,I1783,5834.0,5843.0,green,3
J1116,I2326,7944.0,7949.0,brown,2
J211,I599,1427.0,1428.0,green,1
J211,I727,1840.0,1857.0,green,4
J211,I791,2039.0,2042.0,green,1
J92,I1852,6118.0,6124.0,green,2
J1342,I2472,8474.0,8478.0,green,1
J1342,I2536,8723.0,8731.0,green,4
J1941,I3116,10656.0,10663.0,green,1
J1941,I3340,11226.0,11228.0,green,1
J1941,I3436,11433.0,11436.0,green,2
J1941,I3628,11852.0,11853.0,green,1
J1676,I3034,10460.0,10462.0,green,1
J1676,I3226,10950.0,10952.0,green,1
J1676,I3258,11031.0,11039.0,green,1
J1676,I3481,11540.0,11542.0,brown,1
J1286,I1798,5891.0,5896.0,green,1
J1286,I2053,6914.0,6916.0,brown,1
J1286,I2182,7401.0,7403.0,green,2
J1887,I2947,10158.0,10164.0,green,1
J1887,I3363,11269.0,11270.0,green,1
J1114,I1323,3901.0,3902.0,green,1
J1114,I1579,4962.0,4965.0,green,1
J1114,I2455,8400.0,8401.0,green,1
J115,I302,607.0,610.0,brown,1
J115,I591,1401.0,1404.0,green,3
J500,I1322,3893.0,3901.0,green,2
J500,I1578,4959.0,4962.0,green,1
J500,I2474,8480.0,8482.0,green,2
J500,I2954,10183.0,10193.0,green,1
J317,I435,978.0,985.0,brown,2
J317,I1524,4760.0,4766.0,green,2
J317,I1652,5288.0,5291.0,green,1
J317,I3225,10947.0,10950.0,green,1
J981,I1770,5796.0,5801.0,brown,1
J981,I2363,8047.0,8051.0,green,1
J981,I2539,8741.0,8744.0,green,1
J981,I2647,9185.0,9188.0,green,1
J680,I3592,11782.0,11789.0,green,1
J630,I682,1667.0,1668.0,green,1
J630,I714,1785.0,1786.0,green,1
J630,I874,2311.0,2316.0,green,1
J630,I1546,4835.0,4836.0,green,1
J335,I596,1421.0,1422.0,green,1
J335,I692,1714.0,1717.0,green,3
J910,I1250,3622.0,3624.0,brown,1
J910,I1699,5473.0,5492.0,green,1
J910,I2275,7737.0,7748.0,green,2
J1153,I2600,8978.0,8984.0,green,2
J1153,I2632,9091.0,9097.0,green,1
J1952,I1726,5611.0,5616.0,brown,4
J1952,I2142,7253.0,7259.0,brown,1
J1952,I2687,9331.0,9333.0,green,1
J286,I878,2320.0,2325.0,green,1
J286,I2190,7427.0,7431.0,green,1
J286,I2222,7558.0,7559.0,green,1
J286,I2830,9798.0,9801.0,green,2
J415,I1707,5514.0,5540.0,green,6
J175,I302,607.0,610.0,brown,1
J175,I2639,9147.0,9151.0,green,1
J175,I2743,9523.0,9527.0,green,1
J175,I3247,11001.0,11004.0,green,2
J694,I766,1963.0,1966.0,green,3
J694,I958,2616.0,2630.0,green,1
J1111,I1257,3647.0,3649.0,brown,2
J1111,I1353,4029.0,4036.0,brown,1
J1111,I1417,4272.0,4275.0,brown,1
J1111,I1449,4430.0,4431.0,brown,1
J1111,I2025,6829.0,6830.0,brown,1
J1378,I2184,7404.0,7406.0,green,2
J1378,I2280,7759.0,7761.0,green,2
J1378,I2504,8618.0,8627.0,green,2
J1898,I2584,8910.0,8913.0,green,2
J1898,I2999,10342.0,10346.0,brown,1
J1898,I3479,11535.0,11537.0,brown,1
J1754,I2348,8011.0,8012.0,green,1
J1754,I2972,10260.0,10264.0,green,1
J1754,I3116,10656.0,10663.0,green,4
J1229,I2369,8060.0,8066.0,green,2
J1229,I3441,11442.0,11446.0,green,2
J1229,I3553,11695.0,11697.0,green,1
J1229,I3585,11768.0,11769.0,green,1
J1285,I1962,6563.0,6568.0,brown,1
J1285,I3355,11254.0,11255.0,green,1
J1285,I3531,11650.0,11653.0,green,1
J1891,I1877,6201.0,6210.0,brown,3
J549,I1143,3265.0,3267.0,green,1
J549,I1527,4769.0,4775.0,green,1
J549,I1815,5966.0,5971.0,green,3
J549,I2743,9523.0,9527.0,green,1
J172,I2917,10061.0,10062.0,green,1
J172,I3173,10812.0,10817.0,green,1
J172,I3249,11005.0,11006.0,green,1
J509,I937,2535.0,2540.0,green,1
J509,I1321,3889.0,3893.0,green,1
J509,I1577,4958.0,4959.0,green,1
J509,I1665,5337.0,5341.0,green,1
J1596,I2350,8015.0,8020.0,green,3
J1596,I2478,8489.0,8492.0,green,2
J1596,I2542,8750.0,8757.0,green,1
J1490,I1141,3251.0,3256.0,brown,1
J1490,I1430,4339.0,4345.0,green,1
J1490,I2638,9129.0,9147.0,green,3
J1534,I1588,4991.0,4994.0,green,1
J1534,I1684,5408.0,5423.0,green,2
J1534,I1748,5687.0,5689.0,green,1
J1567,I1707,5514.0,5540.0,green,5
J43,I412,919.0,921.0,green,1
J43,I700,1731.0,1734.0,green,1
J43,I764,1949.0,1962.0,green,3
J1885,I1619,5121.0,5122.0,brown,1
J1885,I2612,9014.0,9033.0,green,1
J1885,I3123,10686.0,10687.0,brown,1
J774,I1337,3950.0,3957.0,green,3
J774,I1416,4270.0,4272.0,brown,1
J205,I434,972.0,978.0,brown,3
J205,I787,2026.0,2032.0,green,2
J1236,I1702,5500.0,5507.0,green,3
J25,I2970,10250.0,10252.0,green,2
J25,I3034,10460.0,10462.0,green,1
J282,I138,254.0,259.0,brown,1
J282,I395,867.0,868.0,green,1
J1939,I3463,11500.0,11503.0,green,1
J206,I532,1254.0,1255.0,brown,1
J206,I564,1330.0,1333.0,brown,1
J206,I789,2033.0,2034.0,green,1
J206,I1045,2920.0,2929.0,green,1
J206,I1717,5575.0,5576.0,green,1
J1903,I2770,9607.0,9608.0,green,1
J1903,I3250,11006.0,11008.0,green,2
J1903,I3378,11300.0,11302.0,green,1
J1903,I3460,11493.0,11496.0,green,1
J1322,I2023,6819.0,6826.0,brown,1
J1322,I2344,7996.0,8000.0,green,2
J1322,I2376,8107.0,8116.0,green,1
J932,I708,1753.0,1758.0,green,4
J932,I1444,4403.0,4407.0,green,2
J503,I1080,3029.0,3031.0,green,2
J503,I1176,3364.0,3375.0,green,1
J503,I1430,4339.0,4345.0,green,3
J1590,I1890,6259.0,6260.0,green,1
J1590,I1954,6530.0,6550.0,brown,2
J1590,I2498,8591.0,8596.0,green,1
J148,I3131,10705.0,10708.0,green,3
J148,I3195,10868.0,10869.0,green,1
J294,I324,670.0,673.0,green,3
J294,I932,2503.0,2506.0,green,2
J143,I993,2730.0,2734.0,green,3
J143,I1897,6280.0,6283.0,green,1
J385,I2838,9823.0,9827.0,green,1
J385,I3384,11315.0,11321.0,green,1
J1922,I3382,11310.0,11314.0,green,2
J808,I1007,2778.0,2780.0,brown,1
J808,I1232,3569.0,3579.0,green,3
J808,I1472,4547.0,4556.0,green,2
J364,I1365,4053.0,4054.0,green,1
J364,I1685,5423.0,5425.0,green,1
J364,I2949,10169.0,10176.0,green,1
J334,I220,437.0,441.0,green,2
J334,I284,573.0,574.0,green,1
J636,I384,827.0,828.0,brown,1
J636,I528,1247.0,1248.0,brown,1
J636,I544,1283.0,1284.0,brown,1
J636,I800,2061.0,2064.0,brown,1
J1652,I2470,8468.0,8472.0,green,2
J1652,I2597,8964.0,8970.0,brown,2
J1652,I2822,9778.0,9780.0,green,1
J1652,I3078,10571.0,10572.0,green,1
J1633,I1688,5431.0,5439.0,green,4
J1633,I1767,5782.0,5789.0,brown,1
J1986,I3080,10575.0,10581.0,green,2
J1986,I3336,11222.0,11223.0,green,1
J1986,I3496,11571.0,11572.0,green,1
J370,I38,49.0,51.0,green,2
J370,I1158,3300.0,3304.0,green,2
J370,I2006,6735.0,6738.0,green,2
J1005,I751,1929.0,1931.0,brown,1
J1005,I792,2042.0,2048.0,green,1
J1005,I1271,3689.0,3692.0,brown,1
J1005,I1447,4411.0,4412.0,brown,1
J1167,I1891,6260.0,6264.0,green,3
J1603,I1606,5054.0,5066.0,green,4
J1603,I1990,6667.0,6670.0,green,1
J1603,I2149,7274.0,7279.0,brown,1
J361,I1609,5073.0,5075.0,green,2
J361,I1673,5359.0,5377.0,green,2
J1543,I2514,8648.0,8651.0,brown,2
J1543,I2754,9552.0,9553.0,brown,1
J941,I721,1814.0,1818.0,green,1
J941,I1969,6595.0,6604.0,green,3
J941,I2097,7087.0,7097.0,green,2
J1610,I2582,8901.0,8902.0,brown,1
J1610,I2663,9235.0,9244.0,green,4
J1610,I2998,10340.0,10342.0,brown,1
J1016,I1707,5514.0,5540.0,green,1
J1016,I3063,10541.0,10547.0,green,2
J1844,I3243,10994.0,10996.0,green,2
J1844,I3259,11039.0,11042.0,green,3
J1844,I3339,11225.0,11226.0,green,1
J1574,I2686,9316.0,9331.0,green,1
J1574,I2718,9425.0,9427.0,green,1
J1574,I2782,9641.0,9646.0,green,4
J1415,I894,2377.0,2381.0,green,1
J1415,I1470,4540.0,4544.0,green,1
J1415,I1597,5016.0,5021.0,brown,2
J755,I493,1130.0,1137.0,green,4
J1695,I3082,10583.0,10588.0,green,1
J475,I430,962.0,963.0,brown,1
J475,I1839,6068.0,6075.0,green,1
J475,I1999,6706.0,6710.0,green,2
J475,I3087,10595.0,10598.0,green,2
J914,I1460,4480.0,4485.0,green,2
J914,I1875,6189.0,6196.0,brown,2
J1650,I1465,4501.0,4520.0,green,4
J1650,I3529,11640.0,11645.0,green,1
J1650,I3561,11719.0,11722.0,green,1
J1712,I2651,9196.0,9200.0,green,1
J1712,I2843,9838.0,9839.0,green,1
J1712,I2939,10121.0,10129.0,green,2
J1712,I3547,11684.0,11686.0,green,2
J1479,I2159,7305.0,7306.0,brown,1
J1479,I2415,8286.0,8292.0,brown,4
J1479,I2480,8495.0,8508.0,green,1
J1192,I1369,4063.0,4068.0,green,3
J1999,I3714,11997.0,11999.0,green,2
J551,I976,2684.0,2689.0,brown,2
J551,I3185,10846.0,10852.0,green,1
J1775,I2466,8451.0,8457.0,green,3
J1775,I2498,8591.0,8596.0,green,2
J1775,I2593,8956.0,8957.0,brown,1
J1993,I2341,7989.0,7992.0,green,2
J1993,I2437,8357.0,8364.0,green,4
J906,I2659,9215.0,9217.0,green,1
J906,I2979,10283.0,10290.0,green,1
J906,I3427,11413.0,11415.0,green,2
J423,I677,1659.0,1662.0,green,1
J423,I740,1901.0,1902.0,brown,1
J423,I1029,2846.0,2851.0,green,1
J1129,I1620,5122.0,5133.0,brown,4
J1238,I1593,5009.0,5011.0,brown,2
J1238,I1657,5303.0,5313.0,brown,2
J1600,I1475,4573.0,4576.0,green,2
J1283,I2378,8125.0,8153.0,green,6
J528,I2173,7358.0,7372.0,green,1
J1340,I1541,4810.0,4819.0,green,1
J1340,I1636,5204.0,5207.0,brown,1
J1340,I1669,5346.0,5349.0,green,2
J1340,I3333,11211.0,11214.0,green,1
J783,I1325,3903.0,3908.0,green,1
J783,I1805,5909.0,5921.0,green,3
J783,I2637,9110.0,9129.0,green,1
J1804,I1814,5956.0,5966.0,green,6
J1195,I1645,5250.0,5261.0,green,5
J1195,I2028,6832.0,6843.0,brown,1
J1893,I2185,7406.0,7409.0,green,1
J1893,I2825,9785.0,9786.0,green,1
J1893,I2921,10072.0,10080.0,green,1
J1101,I1707,5514.0,5540.0,green,3
J1101,I2331,7959.0,7967.0,green,2
J33,I42,56.0,58.0,green,2
J33,I490,1120.0,1124.0,green,4
J525,I180,360.0,361.0,brown,1
J525,I2773,9617.0,9619.0,green,2
J525,I2805,9712.0,9713.0,green,1
J362,I820,2131.0,2136.0,green,4
J362,I1012,2794.0,2795.0,green,1
J573,I593,1406.0,1412.0,green,2
J450,I329,691.0,694.0,green,2
J450,I713,1773.0,1785.0,green,1
J450,I1193,3428.0,3434.0,green,2
J1745,I2904,10007.0,10011.0,green,1
J1745,I2936,10117.0,10119.0,green,2
J1745,I3064,10547.0,10548.0,green,1
J1745,I3128,10698.0,10703.0,green,2
J1833,I1337,3950.0,3957.0,green,1
J1833,I1592,5007.0,5009.0,brown,1
J1833,I3000,10346.0,10350.0,brown,1
J1282,I1321,3889.0,3893.0,green,1
J1282,I1801,5898.0,5902.0,green,3
J1746,I2408,8255.0,8259.0,green,1
J1533,I2243,7628.0,7632.0,brown,4
J1533,I3428,11415.0,11418.0,green,1
J604,I597,1422.0,1426.0,green,4
J1253,I2170,7340.0,7342.0,green,1
J1253,I2266,7707.0,7709.0,green,1
J1253,I2426,8327.0,8330.0,green,1
J1253,I2458,8420.0,8423.0,green,1
J1253,I2778,9628.0,9633.0,green,2
J837,I2798,9687.0,9692.0,green,1
J837,I3102,10628.0,10630.0,green,1
J1686,I1251,3624.0,3630.0,brown,2
J1686,I3380,11304.0,11306.0,green,2
J541,I1163,3318.0,3324.0,green,2
J541,I2283,7764.0,7769.0,green,2
J541,I2523,8682.0,8684.0,green,1
J1125,I1141,3251.0,3256.0,brown,1
J1125,I1238,3592.0,3594.0,green,1
J171,I1576,4951.0,4958.0,green,2
J665,I1116,3166.0,3168.0,green,2
J665,I1436,4361.0,4363.0,green,1
J665,I1628,5166.0,5175.0,green,3
J756,I1454,4453.0,4455.0,brown,2
J756,I1647,5269.0,5272.0,green,1
J756,I2158,7298.0,7305.0,brown,1
J756,I2326,7944.0,7949.0,brown,1
J1240,I2264,7699.0,7704.0,green,1
J1296,I1034,2865.0,2869.0,green,2
J1296,I2538,8735.0,8741.0,green,1
J1482,I2100,7103.0,7106.0,green,1
J1482,I2276,7748.0,7749.0,green,1
J1482,I2308,7856.0,7867.0,green,2
J1329,I1439,4371.0,4377.0,green,2
J1329,I1471,4544.0,4547.0,green,2
J1329,I2751,9542.0,9548.0,green,1
J3,I51,74.0,76.0,brown,1
J3,I99,174.0,176.0,brown,1
J3,I131,238.0,239.0,brown,1
J3,I163,330.0,331.0,brown,1
J3,I1748,5687.0,5689.0,green,1
J238,I1088,3055.0,3058.0,green,1
J238,I1632,5183.0,5189.0,green,3
J238,I2688,9333.0,9337.0,green,2
J1808,I2854,9861.0,9865.0,green,4
J1518,I1804,5907.0,5909.0,green,1
J1518,I2940,10129.0,10132.0,green,1
J1518,I2972,10260.0,10264.0,green,1
J510,I1585,4974.0,4981.0,green,3
J1316,I1045,2920.0,2929.0,green,5
J1569,I2022,6816.0,6819.0,brown,2
J1569,I3079,10572.0,10575.0,green,1
J1569,I3143,10736.0,10738.0,green,1
J1569,I3431,11423.0,11425.0,green,1
J1569,I3607,11815.0,11818.0,green,1
J1970,I2440,8368.0,8372.0,green,2
J1970,I3080,10575.0,10581.0,green,4
J273,I470,1066.0,1071.0,brown,1
J273,I982,2700.0,2703.0,brown,1
J273,I2007,6738.0,6746.0,green,1
J569,I1473,4556.0,4561.0,green,2
J569,I2073,6981.0,6983.0,green,2
J304,I1044,2911.0,2920.0,green,2
J304,I1460,4480.0,4485.0,green,1
J304,I1780,5828.0,5831.0,green,2
J304,I1812,5946.0,5951.0,green,1
J1883,I3180,10831.0,10832.0,green,1
J1883,I3324,11188.0,11190.0,green,2
J1883,I3356,11255.0,11260.0,green,1
J1883,I3388,11325.0,11331.0,green,1
J81,I245,486.0,487.0,brown,1
J81,I437,987.0,989.0,brown,1
J81,I1814,5956.0,5966.0,green,2
J598,I942,2558.0,2559.0,green,1
J598,I1006,2777.0,2778.0,brown,1
J598,I1038,2884.0,2891.0,green,3
J598,I1302,3807.0,3818.0,brown,1
J1521,I1971,6608.0,6610.0,green,1
J1521,I2003,6724.0,6726.0,green,1
J1521,I2227,7574.0,7580.0,green,3
J1493,I2081,7010.0,7014.0,brown,2
J1493,I2274,7732.0,7737.0,green,1
J1493,I2402,8234.0,8242.0,green,1
J1667,I1773,5812.0,5816.0,brown,1
J1667,I2841,9830.0,9836.0,green,4
J1667,I2864,9891.0,9901.0,green,1
J459,I400,877.0,888.0,green,2
J459,I1808,5934.0,5939.0,green,1
J351,I294,595.0,596.0,brown,1
J351,I550,1296.0,1300.0,brown,1
J351,I2375,8106.0,8107.0,green,1
J351,I2471,8472.0,8474.0,green,2
J1674,I1501,4650.0,4653.0,green,1
J1674,I1533,4785.0,4788.0,green,1
J1674,I2797,9677.0,9687.0,green,3
J1674,I2929,10094.0,10098.0,green,1
J1532,I1710,5547.0,5555.0,brown,2
J1532,I1807,5930.0,5934.0,green,1
J1532,I1871,6180.0,6183.0,green,1
J1532,I2158,7298.0,7305.0,brown,1
J1532,I3183,10837.0,10842.0,green,1
J550,I998,2741.0,2750.0,green,2
J550,I1126,3211.0,3212.0,green,1
J550,I1318,3879.0,3882.0,green,1
J607,I808,2091.0,2093.0,brown,1
J607,I1161,3310.0,3315.0,green,1
J607,I1641,5230.0,5231.0,green,1
J607,I2377,8116.0,8125.0,green,3
J452,I223,446.0,447.0,green,1
J452,I319,655.0,656.0,green,1
J452,I351,734.0,739.0,green,3
J452,I923,2462.0,2470.0,green,1
J622,I1645,5250.0,5261.0,green,2
J622,I2317,7887.0,7893.0,green,3
J622,I2385,8176.0,8181.0,green,1
J1899,I1958,6554.0,6556.0,brown,2
J1899,I2022,6816.0,6819.0,brown,1
J1899,I2119,7176.0,7186.0,green,3
J1582,I2771,9608.0,9614.0,green,2
J1471,I1130,3223.0,3225.0,green,1
J1471,I1642,5231.0,5237.0,green,1
J1471,I2706,9381.0,9387.0,green,1
J933,I712,1766.0,1773.0,green,3
J933,I1224,3543.0,3544.0,green,1
J933,I1288,3749.0,3753.0,green,1
J933,I1320,3884.0,3889.0,green,1
J1051,I1326,3908.0,3912.0,green,1
J1051,I1630,5176.0,5181.0,green,2
J1731,I1527,4769.0,4775.0,green,1
J1731,I2903,10002.0,10007.0,green,4
J1466,I1961,6561.0,6563.0,brown,1
J1466,I2057,6923.0,6925.0,brown,1
J1213,I1403,4206.0,4220.0,green,6
J447,I328,682.0,691.0,green,5
J1927,I2347,8005.0,8011.0,green,6
J328,I691,1711.0,1714.0,green,2
J328,I1397,4177.0,4182.0,green,1
J8,I72,120.0,121.0,brown,1
J8,I1193,3428.0,3434.0,green,1
J8,I1321,3889.0,3893.0,green,1
J377,I880,2326.0,2330.0,green,2
J377,I1456,4458.0,4472.0,green,1
J424,I2224,7560.0,7566.0,green,3
J424,I2310,7871.0,7876.0,green,2
J557,I967,2650.0,2654.0,brown,1
J557,I1512,4694.0,4706.0,green,1
J557,I1608,5068.0,5073.0,green,2
J557,I2440,8368.0,8372.0,green,1
J1797,I2279,7753.0,7759.0,green,4
J1797,I2758,9563.0,9570.0,brown,2
J821,I1461,4485.0,4489.0,green,1
J821,I1909,6343.0,6352.0,green,4
J800,I523,1236.0,1239.0,brown,2
J800,I1940,6461.0,6465.0,green,2
J1152,I1640,5217.0,5230.0,green,1
J1152,I2696,9361.0,9362.0,green,1
J1152,I2920,10067.0,10072.0,green,1
J1152,I3144,10738.0,10750.0,green,3
J1516,I878,2320.0,2325.0,green,1
J1516,I1453,4438.0,4453.0,brown,1
J1516,I2542,8750.0,8757.0,green,1
J1044,I1786,5849.0,5851.0,brown,2
J1044,I2171,7342.0,7356.0,green,1
J1044,I2203,7488.0,7497.0,green,2
J1044,I2618,9054.0,9057.0,brown,1
J897,I1651,5283.0,5288.0,green,2
J897,I1697,5465.0,5468.0,green,2
J1843,I3240,10987.0,10989.0,green,1
J1843,I3241,10989.0,10991.0,green,1
J1843,I3256,11026.0,11030.0,green,4
J1996,I3112,10645.0,10650.0,green,5
J1996,I3144,10738.0,10750.0,green,1
J1942,I2435,8351.0,8353.0,green,2
J1942,I2947,10158.0,10164.0,green,3
J1942,I2979,10283.0,10290.0,green,1
J1821,I2357,8037.0,8038.0,green,1
J1821,I2389,8189.0,8197.0,green,3
J1403,I521,1217.0,1220.0,brown,3
J1403,I969,2655.0,2667.0,brown,2
J1014,I2295,7810.0,7815.0,green,3
J815,I628,1500.0,1505.0,green,4
J1815,I2769,9604.0,9607.0,green,1
J1815,I2833,9803.0,9808.0,green,1
J1815,I2929,10094.0,10098.0,green,1
J1815,I2961,10204.0,10226.0,green,2
J1421,I1446,4408.0,4411.0,brown,1
J1421,I2103,7111.0,7125.0,green,2
J125,I93,164.0,165.0,brown,1
J125,I125,226.0,227.0,brown,1
J125,I318,648.0,655.0,green,1
J125,I414,922.0,925.0,green,1
J125,I1502,4653.0,4656.0,green,2
J1160,I1760,5735.0,5736.0,brown,1
J1160,I1952,6520.0,6528.0,brown,2
J1160,I2369,8060.0,8066.0,green,3
J94,I716,1791.0,1799.0,green,5
J94,I1520,4731.0,4733.0,green,1
J594,I667,1628.0,1630.0,brown,1
J594,I1436,4361.0,4363.0,green,1
J594,I2236,7600.0,7606.0,green,1
J265,I2127,7205.0,7209.0,green,2
J265,I2191,7431.0,7432.0,green,1
J1427,I1092,3067.0,3076.0,green,1
J1427,I2019,6803.0,6811.0,brown,1
J1427,I2179,7394.0,7397.0,brown,2
J1427,I2329,7954.0,7956.0,green,1
J1427,I2372,8082.0,8089.0,green,1
J562,I600,1428.0,1431.0,green,3
J562,I632,1510.0,1511.0,green,1
J1228,I1000,2752.0,2759.0,brown,1
J1228,I1161,3310.0,3315.0,green,1
J1228,I2441,8372.0,8374.0,green,2
J342,I361,761.0,769.0,green,1
J342,I825,2143.0,2151.0,green,1
J45,I340,710.0,711.0,green,1
J45,I372,794.0,796.0,green,2
J45,I404,894.0,902.0,green,1
J1032,I2092,7069.0,7079.0,green,1
J1032,I2236,7600.0,7606.0,green,1
J1032,I2612,9014.0,9033.0,green,1
J1792,I2775,9620.0,9622.0,green,2
J1792,I2815,9739.0,9749.0,brown,3
J859,I966,2648.0,2650.0,brown,1
J859,I1031,2853.0,2855.0,green,2
J859,I1495,4626.0,4633.0,green,3
J989,I1781,5831.0,5833.0,green,1
J989,I1788,5852.0,5858.0,brown,1
J139,I773,1987.0,1996.0,green,4
J139,I1477,4579.0,4580.0,green,1
J139,I1797,5884.0,5891.0,green,1
J894,I1515,4717.0,4721.0,green,4
J241,I767,1966.0,1968.0,green,1
J241,I1247,3616.0,3620.0,green,2
J1470,I1459,4476.0,4480.0,green,2
J1470,I1555,4878.0,4887.0,green,1
J1760,I735,1888.0,1892.0,brown,2
J1760,I2688,9333.0,9337.0,green,2
J1760,I3104,10631.0,10632.0,green,1
J1796,I2458,8420.0,8423.0,green,1
J1796,I2586,8915.0,8921.0,green,1
J1796,I3130,10704.0,10705.0,green,1
J750,I1182,3390.0,3393.0,green,2
J712,I1512,4694.0,4706.0,green,5
J1148,I2031,6846.0,6849.0,brown,1
J1148,I2224,7560.0,7566.0,green,1
J1148,I2352,8025.0,8030.0,green,2
J1148,I2832,9802.0,9803.0,green,1
J1148,I3184,10842.0,10846.0,green,1
J518,I593,1406.0,1412.0,green,1
J518,I625,1492.0,1496.0,green,4
J518,I1649,5274.0,5280.0,green,1
J1562,I1421,4295.0,4298.0,brown,1
J1562,I1806,5921.0,5930.0,green,2
J1562,I3230,10958.0,10963.0,green,1
J1128,I529,1248.0,1252.0,brown,4
J1128,I1906,6313.0,6330.0,green,1
J1561,I524,1239.0,1241.0,brown,1
J1561,I2349,8012.0,8015.0,green,1
J1561,I3193,10862.0,10865.0,green,1
J1561,I3221,10937.0,10938.0,green,1
J393,I1121,3185.0,3204.0,green,2
J393,I1185,3399.0,3405.0,green,1
J393,I2641,9157.0,9158.0,green,1
J1900,I2610,9010.0,9013.0,green,3
J90,I185,369.0,370.0,brown,1
J90,I218,429.0,436.0,green,1
J90,I441,995.0,999.0,brown,1
J90,I1178,3382.0,3383.0,green,1
J90,I1274,3701.0,3711.0,green,2
J1723,I2423,8315.0,8323.0,green,6
J1477,I1706,5511.0,5514.0,green,3
J1477,I1802,5902.0,5904.0,green,2
J1477,I1898,6283.0,6290.0,green,1
J1093,I2949,10169.0,10176.0,green,2
J414,I1079,3025.0,3029.0,green,3
J414,I1399,4183.0,4198.0,green,1
J414,I1968,6580.0,6595.0,green,2
J972,I1853,6124.0,6125.0,green,1
J972,I2045,6887.0,6892.0,green,1
J1884,I2400,8230.0,8232.0,green,2
J1884,I2720,9430.0,9441.0,green,2
J1884,I3200,10878.0,10881.0,green,2
J618,I976,2684.0,2689.0,brown,1
J618,I1105,3120.0,3125.0,green,1
J618,I1905,6305.0,6313.0,green,2
J703,I2015,6768.0,6778.0,brown,2
J703,I2464,8446.0,8448.0,green,1
J703,I2656,9208.0,9210.0,green,1
J703,I3232,10966.0,10968.0,green,1
J703,I3601,11803.0,11804.0,green,1
J1268,I2097,7087.0,7097.0,green,3
J1120,I2173,7358.0,7372.0,green,1
J1789,I2359,8039.0,8041.0,green,2
J1789,I2391,8203.0,8206.0,green,3
J1789,I2423,8315.0,8323.0,green,1
J1921,I3549,11687.0,11691.0,green,1
J1921,I3605,11812.0,11813.0,green,1
J913,I2079,7001.0,7009.0,brown,4
J913,I2336,7972.0,7979.0,green,1
J1444,I2053,6914.0,6916.0,brown,1
J1444,I2149,7274.0,7279.0,brown,1
J1444,I2502,8608.0,8617.0,green,1
J1444,I2694,9358.0,9359.0,green,1
J396,I601,1431.0,1438.0,green,3
J396,I1433,4351.0,4355.0,green,3
J391,I1707,5514.0,5540.0,green,2
J1341,I1747,5681.0,5687.0,brown,2
J1341,I3621,11839.0,11840.0,green,1
J1202,I622,1486.0,1488.0,green,2
J1202,I1102,3102.0,3107.0,green,3
J1202,I1840,6075.0,6080.0,green,1
J85,I33,40.0,42.0,green,2
J85,I769,1977.0,1983.0,green,3
J1597,I2396,8211.0,8220.0,green,2
J1233,I713,1773.0,1785.0,green,1
J1233,I937,2535.0,2540.0,green,2
J1997,I2021,6813.0,6816.0,brown,1
J1997,I2085,7022.0,7030.0,brown,2
J1997,I2950,10176.0,10180.0,green,1
J1997,I3366,11273.0,11275.0,green,1
J1997,I3713,11996.0,11997.0,green,1
J268,I356,750.0,755.0,green,1
J268,I580,1376.0,1377.0,green,1
J268,I836,2185.0,2188.0,green,3
J268,I1364,4051.0,4053.0,green,1
J218,I545,1284.0,1285.0,brown,1
J218,I690,1709.0,1711.0,green,2
J218,I722,1818.0,1819.0,green,1
J218,I818,2109.0,2128.0,green,1
J1856,I1569,4933.0,4935.0,green,1
J1856,I2273,7720.0,7732.0,green,1
J1856,I2624,9065.0,9067.0,brown,1
J787,I315,640.0,641.0,green,1
J787,I891,2369.0,2374.0,green,1
J787,I1083,3038.0,3043.0,green,2
J787,I1427,4327.0,4334.0,green,1
J1197,I1009,2781.0,2784.0,brown,1
J1197,I1265,3668.0,3682.0,brown,1
J1197,I1425,4319.0,4326.0,brown,2
J1197,I2516,8652.0,8657.0,green,2
J431,I685,1680.0,1682.0,green,1
J431,I717,1799.0,1800.0,green,1
J431,I1497,4634.0,4640.0,green,2
J431,I1549,4843.0,4848.0,green,2
J566,I1762,5750.0,5757.0,brown,1
J566,I2627,9074.0,9079.0,green,2
J566,I2691,9344.0,9349.0,green,3
J1332,I2402,8234.0,8242.0,green,6
J488,I1011,2787.0,2794.0,green,2
J762,I1553,4867.0,4876.0,green,5
J1983,I2503,8617.0,8618.0,green,1
J1983,I3335,11217.0,11222.0,green,1
J1983,I3559,11716.0,11718.0,green,1
J1983,I3591,11779.0,11782.0,green,2
J1725,I2139,7242.0,7244.0,green,1
J1725,I2171,7342.0,7356.0,green,3
J1207,I1673,5359.0,5377.0,green,3
J1522,I2715,9421.0,9422.0,green,1
J1522,I2875,9931.0,9932.0,brown,1
J741,I1104,3113.0,3120.0,green,1
J741,I1520,4731.0,4733.0,green,1
J1911,I2275,7737.0,7748.0,green,1
J1911,I3203,10884.0,10891.0,green,3
J1911,I3251,11008.0,11012.0,green,2
J739,I1385,4127.0,4132.0,green,2
J1682,I2398,8224.0,8226.0,green,2
J267,I1176,3364.0,3375.0,green,1
J267,I1968,6580.0,6595.0,green,1
J267,I2200,7467.0,7474.0,green,1
J1131,I1344,3984.0,3987.0,brown,3
J1131,I2016,6778.0,6794.0,brown,2
J1131,I2337,7979.0,7981.0,green,1
J1399,I1701,5499.0,5500.0,green,1
J1399,I1733,5640.0,5642.0,brown,2
J1647,I1929,6419.0,6423.0,brown,3
J1647,I1961,6561.0,6563.0,brown,1
J1647,I2074,6983.0,6991.0,green,1
J1647,I2745,9529.0,9530.0,brown,1
J1371,I1273,3694.0,3701.0,brown,3
J1371,I1274,3701.0,3711.0,green,1
J1371,I2074,6983.0,6991.0,green,1
J199,I394,862.0,867.0,green,1
J199,I874,2311.0,2316.0,green,2
J199,I1494,4618.0,4626.0,green,3
J229,I582,1378.0,1382.0,green,2
J229,I710,1762.0,1765.0,green,1
J229,I998,2741.0,2750.0,green,3
J1568,I1843,6086.0,6095.0,green,5
J1568,I1939,6459.0,6461.0,green,1
J685,I2638,9129.0,9147.0,green,3
J685,I3330,11207.0,11208.0,green,1
J1793,I751,1929.0,1931.0,brown,1
J1793,I2608,9003.0,9008.0,green,1
J1007,I1408,4237.0,4244.0,green,6
J517,I802,2067.0,2068.0,brown,1
J517,I1699,5473.0,5492.0,green,5
J379,I421,939.0,945.0,brown,2
J379,I1318,3879.0,3882.0,green,1
J1729,I2781,9638.0,9641.0,green,1
J1729,I2829,9792.0,9798.0,green,2
J1729,I2845,9841.0,9844.0,green,1
J207,I2089,7046.0,7061.0,green,6
J1243,I1096,3091.0,3092.0,green,1
J1243,I1256,3644.0,3647.0,brown,1
J1243,I1448,4412.0,4430.0,brown,2
J1243,I1672,5355.0,5359.0,green,1
J574,I935,2518.0,2526.0,green,4
J574,I1159,3304.0,3309.0,green,1
J967,I967,2650.0,2654.0,brown,2
J585,I1673,5359.0,5377.0,green,3
J435,I1440,4377.0,4381.0,green,4
J435,I2016,6778.0,6794.0,brown,1
J435,I2624,9065.0,9067.0,brown,1
J659,I3458,11489.0,11492.0,green,1
J659,I3538,11667.0,11669.0,green,2
J1526,I1287,3744.0,3749.0,green,3
J1526,I1414,4258.0,4263.0,brown,1
J1526,I2951,10180.0,10181.0,green,1
J1353,I1992,6671.0,6681.0,green,6
J1643,I1418,4275.0,4285.0,brown,1
J1643,I2091,7067.0,7069.0,green,2
J2,I69,114.0,115.0,brown,1
J2,I1670,5349.0,5353.0,green,1
J2,I1968,6580.0,6595.0,green,2
J84,I307,621.0,622.0,green,1
J84,I595,1414.0,1421.0,green,2
J373,I818,2109.0,2128.0,green,1
J373,I1106,3125.0,3129.0,green,3
J373,I1425,4319.0,4326.0,brown,1
J98,I363,772.0,775.0,green,1
J98,I859,2260.0,2275.0,green,4
J656,I3418,11397.0,11399.0,green,1
J656,I3450,11464.0,11473.0,green,4
J506,I1221,3538.0,3541.0,green,1
J506,I1237,3586.0,3592.0,green,2
J1876,I1726,5611.0,5616.0,brown,1
J1458,I1981,6633.0,6638.0,brown,2
J1458,I2334,7969.0,7970.0,green,1
J719,I1804,5907.0,5909.0,green,1
J719,I1868,6174.0,6176.0,green,2
J575,I1110,3141.0,3148.0,green,2
J575,I1782,5833.0,5834.0,green,1
J745,I2794,9672.0,9674.0,green,1
J745,I2826,9786.0,9790.0,green,4
J745,I2922,10080.0,10086.0,green,1
J1926,I2151,7282.0,7284.0,brown,1
J1926,I2296,7815.0,7822.0,green,1
J1926,I2744,9527.0,9529.0,green,1
J1926,I2759,9570.0,9580.0,brown,1
J1967,I3126,10692.0,10695.0,green,3
J1967,I3190,10858.0,10859.0,green,1
J1967,I3606,11813.0,11815.0,green,1
J624,I1175,3361.0,3364.0,green,1
J624,I2000,6710.0,6718.0,green,1
J106,I1682,5394.0,5405.0,green,1
J106,I1713,5564.0,5566.0,brown,1
J106,I2930,10098.0,10103.0,green,1
J106,I3106,10635.0,10637.0,green,2
J1319,I2128,7209.0,7210.0,green,1
J1319,I2480,8495.0,8508.0,green,3
J875,I1388,4137.0,4139.0,green,1
J875,I1516,4721.0,4724.0,green,1
J875,I2108,7140.0,7142.0,green,1
J1045,I1798,5891.0,5896.0,green,2
J1045,I2798,9687.0,9692.0,green,1
J126,I598,1426.0,1427.0,green,1
J126,I790,2034.0,2039.0,green,1
J126,I822,2137.0,2139.0,green,1
J1677,I1576,4951.0,4958.0,green,3
J873,I702,1738.0,1739.0,green,1
J873,I894,2377.0,2381.0,green,1
J873,I958,2616.0,2630.0,green,3
J689,I2774,9619.0,9620.0,green,1
J689,I2934,10110.0,10116.0,green,2
J455,I221,441.0,442.0,green,1
J455,I285,574.0,578.0,green,2
J455,I413,921.0,922.0,green,1
J455,I829,2160.0,2166.0,green,2
J474,I46,62.0,64.0,green,2
J474,I398,872.0,876.0,green,1
J1298,I1707,5514.0,5540.0,green,1
J1298,I1803,5904.0,5907.0,green,1
J1298,I2651,9196.0,9200.0,green,3
J1298,I2827,9790.0,9791.0,green,1
J1434,I2104,7125.0,7131.0,green,4
J1936,I3098,10616.0,10622.0,green,5
J1936,I3450,11464.0,11473.0,green,1
J1076,I1607,5066.0,5068.0,green,2
J1076,I2791,9665.0,9669.0,green,1
J1076,I3143,10736.0,10738.0,green,1
J835,I1539,4803.0,4807.0,green,1
J835,I1602,5038.0,5041.0,brown,3
J835,I1603,5041.0,5045.0,green,2
J779,I797,2057.0,2059.0,brown,2
J779,I1630,5176.0,5181.0,green,2
J779,I1661,5322.0,5327.0,brown,1
J1783,I808,2091.0,2093.0,brown,1
J1783,I2601,8984.0,8987.0,green,2
J1783,I2665,9245.0,9249.0,green,1
J1783,I3081,10581.0,10583.0,green,1
J1783,I3145,10750.0,10754.0,green,1
J187,I214,424.0,425.0,green,1
J187,I406,905.0,908.0,green,2
J187,I694,1719.0,1723.0,green,2
J409,I628,1500.0,1505.0,green,1
J409,I724,1824.0,1836.0,green,3
J409,I1584,4972.0,4974.0,green,2
J1816,I2947,10158.0,10164.0,green,2
J1816,I3491,11563.0,11565.0,green,1
J37,I44,59.0,61.0,green,1
J874,I1322,3893.0,3901.0,green,3
J874,I1610,5075.0,5081.0,green,2
J1954,I1496,4633.0,4634.0,green,1
J1954,I2072,6980.0,6981.0,brown,1
J1954,I2872,9919.0,9924.0,brown,2
J1954,I3160,10783.0,10786.0,brown,2
J394,I412,919.0,921.0,green,1
J394,I572,1352.0,1356.0,green,1
J394,I668,1630.0,1634.0,green,2
J394,I932,2503.0,2506.0,green,1
J1950,I1589,4994.0,5000.0,green,4
J1950,I1620,5122.0,5133.0,brown,2
J79,I143,270.0,271.0,brown,1
J79,I2480,8495.0,8508.0,green,3
J822,I1579,4962.0,4965.0,green,1
J822,I1643,5237.0,5245.0,green,5
J271,I530,1252.0,1253.0,brown,1
J271,I691,1711.0,1714.0,green,1
J271,I787,2026.0,2032.0,green,3
J271,I1010,2784.0,2787.0,brown,1
J247,I1318,3879.0,3882.0,green,1
J247,I1382,4117.0,4120.0,green,1
J247,I1702,5500.0,5507.0,green,1
J247,I2198,7461.0,7465.0,green,1
J470,I492,1128.0,1130.0,green,1
J470,I955,2602.0,2604.0,green,2
J470,I1040,2892.0,2903.0,green,2
J305,I704,1740.0,1749.0,green,3
J305,I728,1857.0,1861.0,green,2
J305,I824,2140.0,2143.0,green,1
J1849,I2845,9841.0,9844.0,green,2
J1849,I2941,10132.0,10136.0,green,4
J1289,I74,128.0,129.0,brown,1
J1289,I138,254.0,259.0,brown,3
J1289,I1675,5381.0,5383.0,green,1
J1211,I1836,6048.0,6056.0,green,1
J1211,I2460,8436.0,8440.0,green,3
J1211,I2828,9791.0,9792.0,green,1
J1211,I2924,10087.0,10088.0,green,1
J387,I1110,3141.0,3148.0,green,1
J387,I1462,4489.0,4493.0,green,3
J372,I1590,5000.0,5003.0,green,1
J372,I1686,5425.0,5427.0,green,1
J372,I2710,9399.0,9403.0,green,2
J1252,I2093,7079.0,7083.0,green,4
J1252,I2381,8160.0,8163.0,green,1
J1868,I1928,6411.0,6419.0,brown,2
J1868,I1977,6626.0,6627.0,green,1
J1868,I2617,9051.0,9054.0,brown,1
J1496,I1528,4775.0,4776.0,green,1
J1496,I1560,4900.0,4909.0,brown,1
J1617,I1441,4381.0,4384.0,green,1
J1617,I2592,8947.0,8956.0,brown,2
J212,I285,574.0,578.0,green,2
J212,I317,642.0,648.0,green,2
J212,I669,1634.0,1637.0,green,2
J1943,I3356,11255.0,11260.0,green,3
J1447,I1736,5648.0,5650.0,brown,1
J1447,I1768,5789.0,5790.0,brown,1
J1447,I2089,7046.0,7061.0,green,2
J1447,I2185,7406.0,7409.0,green,2
J971,I1634,5194.0,5203.0,green,5
J1691,I2281,7761.0,7763.0,green,1
J1691,I2665,9245.0,9249.0,green,1
J1691,I2760,9580.0,9583.0,brown,3
J1691,I3048,10492.0,10497.0,brown,1
J1629,I1567,4930.0,4932.0,green,2
J1629,I2047,6893.0,6897.0,brown,1
J1629,I2463,8444.0,8446.0,green,1
J1629,I2719,9427.0,9430.0,green,1
J1679,I1710,5547.0,5555.0,brown,3
J1679,I1999,6706.0,6710.0,green,1
J1972,I2102,7107.0,7111.0,green,2
J1972,I2325,7931.0,7944.0,brown,1
J1972,I2581,8898.0,8901.0,brown,3
J1436,I1142,3256.0,3265.0,brown,3
J1436,I1175,3361.0,3364.0,green,2
J1436,I1399,4183.0,4198.0,green,1
J540,I710,1762.0,1765.0,green,2
J540,I934,2514.0,2518.0,green,1
J236,I112,200.0,201.0,brown,1
J236,I144,271.0,272.0,brown,1
J236,I176,353.0,356.0,brown,2
J1571,I1406,4225.0,4230.0,green,2
J576,I89,153.0,155.0,brown,1
J1879,I2648,9188.0,9192.0,green,3
J1879,I3432,11425.0,11429.0,green,3
J383,I1238,3592.0,3594.0,green,1
J1984,I3429,11418.0,11422.0,green,3
J1984,I3461,11496.0,11498.0,green,2
J1984,I3493,11566.0,11568.0,green,1
J1494,I2130,7217.0,7220.0,green,2
J1494,I2706,9381.0,9387.0,green,4
J313,I472,1074.0,1075.0,brown,1
J313,I568,1339.0,1346.0,brown,3
J313,I1881,6216.0,6233.0,green,2
J1265,I1692,5447.0,5451.0,green,1
J1265,I3420,11401.0,11405.0,green,2
J508,I880,2326.0,2330.0,green,1
J508,I1232,3569.0,3579.0,green,1
J508,I1456,4458.0,4472.0,green,1
J879,I1361,4048.0,4049.0,brown,1
J879,I1425,4319.0,4326.0,brown,1
J879,I1682,5394.0,5405.0,green,2
J1559,I1350,4017.0,4024.0,brown,1
J1559,I1414,4258.0,4263.0,brown,4
J1559,I1511,4691.0,4694.0,green,1
J170,I261,519.0,521.0,green,2
J170,I325,673.0,674.0,green,1
J170,I773,1987.0,1996.0,green,1
J996,I941,2553.0,2558.0,green,1
J996,I1549,4843.0,4848.0,green,2
J996,I2225,7566.0,7567.0,green,1
J1925,I434,972.0,978.0,brown,3
J1925,I1427,4327.0,4334.0,green,2
J1925,I2803,9702.0,9710.0,green,1
J593,I1517,4724.0,4725.0,green,1
J593,I1709,5545.0,5547.0,green,2
J593,I1837,6056.0,6060.0,green,1
J984,I1252,3630.0,3632.0,brown,1
J984,I1509,4683.0,4685.0,green,1
J890,I1236,3582.0,3586.0,green,3
J890,I1396,4176.0,4177.0,green,1
J17,I60,92.0,97.0,brown,1
J17,I317,642.0,648.0,green,1
J17,I349,731.0,733.0,green,2
J1511,I2149,7274.0,7279.0,brown,2
J1511,I3176,10825.0,10827.0,green,2
J1223,I1007,2778.0,2780.0,brown,1
J1223,I1263,3658.0,3666.0,brown,4
J880,I1115,3154.0,3166.0,green,4
J701,I1351,4024.0,4027.0,brown,1
J701,I3240,10987.0,10989.0,green,1
J1390,I436,985.0,987.0,brown,2
J1390,I564,1330.0,1333.0,brown,1
J107,I318,648.0,655.0,green,1
J107,I2238,7609.0,7617.0,green,2
J107,I2544,8759.0,8773.0,green,2
J485,I291,589.0,590.0,brown,1
J485,I387,841.0,843.0,brown,1
J485,I547,1288.0,1292.0,brown,2
J485,I2019,6803.0,6811.0,brown,1
J485,I3364,11270.0,11271.0,green,1
J1402,I756,1939.0,1941.0,brown,1
J1402,I917,2445.0,2447.0,green,2
J1402,I1045,2920.0,2929.0,green,1
J1402,I1173,3351.0,3358.0,green,1
J1402,I2901,9996.0,9998.0,green,1
J1572,I3173,10812.0,10817.0,green,1
J1572,I3245,10998.0,10999.0,green,1
J1572,I3253,11017.0,11024.0,green,1
J28,I34,42.0,45.0,green,1
J28,I222,442.0,446.0,green,1
J1025,I1807,5930.0,5934.0,green,2
J1025,I2062,6938.0,6946.0,brown,1
J705,I758,1942.0,1943.0,brown,1
J705,I2231,7587.0,7589.0,green,1
J705,I2263,7696.0,7699.0,green,1
J1718,I2569,8847.0,8854.0,brown,5
J1892,I1784,5843.0,5846.0,green,2
J1892,I2200,7467.0,7474.0,green,1
J1892,I3352,11248.0,11251.0,green,1
J1892,I3544,11678.0,11681.0,green,2
J44,I1535,4793.0,4796.0,green,2
J44,I3183,10837.0,10842.0,green,2
J1624,I1254,3639.0,3641.0,brown,2
J1624,I1350,4017.0,4024.0,brown,1
J1624,I2679,9294.0,9298.0,green,1
J221,I547,1288.0,1292.0,brown,1
J221,I2692,9349.0,9357.0,green,2
J225,I55,82.0,83.0,brown,1
J225,I183,367.0,368.0,brown,1
J225,I567,1336.0,1339.0,brown,1
J225,I792,2042.0,2048.0,green,1
J225,I888,2359.0,2362.0,green,1
J225,I1784,5843.0,5846.0,green,1
J270,I607,1443.0,1456.0,green,3
J797,I1439,4371.0,4377.0,green,4
J797,I2129,7210.0,7217.0,green,1
J1520,I2069,6974.0,6975.0,green,1
J1520,I2101,7106.0,7107.0,green,1
J1520,I2133,7225.0,7227.0,green,1
J1487,I2397,8220.0,8224.0,green,4
J1028,I1192,3420.0,3428.0,green,1
J1028,I1320,3884.0,3889.0,green,2
J1028,I1351,4024.0,4027.0,brown,1
J819,I552,1301.0,1307.0,brown,2
J819,I1000,2752.0,2759.0,brown,3
J819,I2089,7046.0,7061.0,green,1
J1599,I2916,10058.0,10061.0,green,1
J1599,I3428,11415.0,11418.0,green,1
J1566,I474,1078.0,1081.0,brown,2
J1566,I2395,8210.0,8211.0,green,1
J1539,I1185,3399.0,3405.0,green,2
J1539,I2912,10026.0,10031.0,brown,1
J666,I672,1641.0,1646.0,green,4
J261,I859,2260.0,2275.0,green,1
J261,I1883,6234.0,6239.0,green,2
J261,I2000,6710.0,6718.0,green,1
J1811,I2376,8107.0,8116.0,green,2
J1811,I2408,8255.0,8259.0,green,2
J1397,I2412,8273.0,8275.0,green,2
J1397,I2572,8860.0,8863.0,brown,1
J1397,I2636,9108.0,9110.0,green,2
J1639,I1835,6045.0,6048.0,green,1
J1639,I1930,6423.0,6427.0,brown,2
J1639,I2475,8482.0,8484.0,green,2
J1639,I2571,8859.0,8860.0,brown,1
J1781,I2131,7220.0,7223.0,green,3
J1781,I2195,7449.0,7453.0,green,3
J1127,I1470,4540.0,4544.0,green,3
J1127,I2238,7609.0,7617.0,green,1
J1002,I781,2013.0,2016.0,green,3
J1002,I1790,5859.0,5861.0,green,1
J1684,I1004,2767.0,2771.0,brown,4
J1684,I2797,9677.0,9687.0,green,2
J244,I834,2180.0,2182.0,green,2
J244,I930,2499.0,2501.0,green,1
J244,I1474,4561.0,4573.0,green,1
J545,I410,911.0,918.0,green,4
J1363,I2378,8125.0,8153.0,green,2
J982,I551,1300.0,1301.0,brown,1
J982,I792,2042.0,2048.0,green,1
J982,I1464,4496.0,4501.0,green,1
J408,I895,2381.0,2382.0,green,1
J408,I919,2452.0,2456.0,green,3
J408,I947,2575.0,2584.0,green,2
J1365,I129,232.0,236.0,brown,1
J1365,I1474,4561.0,4573.0,green,1
J1365,I2626,9069.0,9074.0,green,2
J1365,I2708,9396.0,9398.0,green,2
J329,I227,450.0,451.0,green,1
J329,I1667,5342.0,5345.0,green,1
J65,I947,2575.0,2584.0,green,5
J65,I1491,4615.0,4616.0,green,1
J679,I900,2398.0,2406.0,green,4
J679,I1904,6302.0,6305.0,green,1
J1524,I253,502.0,505.0,brown,1
J1524,I2302,7836.0,7838.0,green,1
J1524,I2686,9316.0,9331.0,green,2
J1524,I3376,11296.0,11299.0,green,1
J1524,I3408,11374.0,11376.0,green,1
J863,I1014,2796.0,2798.0,green,2
J863,I1366,4054.0,4059.0,green,1
J863,I1686,5425.0,5427.0,green,1
J809,I1019,2814.0,2816.0,green,2
J809,I1115,3154.0,3166.0,green,2
J1786,I526,1243.0,1244.0,brown,1
J1786,I750,1928.0,1929.0,brown,1
J1786,I1807,5930.0,5934.0,green,1
J1786,I3375,11293.0,11296.0,green,1
J83,I218,429.0,436.0,green,2
J83,I354,745.0,749.0,green,1
J83,I418,932.0,933.0,green,1
J584,I624,1489.0,1492.0,green,2
J584,I1040,2892.0,2903.0,green,1
J389,I2574,8870.0,8876.0,brown,3
J389,I2943,10137.0,10141.0,green,1
J389,I3263,11046.0,11049.0,green,2
J227,I387,841.0,843.0,brown,1
J227,I1540,4807.0,4810.0,green,3
J227,I2388,8186.0,8189.0,green,1
J407,I1148,3277.0,3282.0,green,1
J407,I2044,6886.0,6887.0,green,1
J407,I2172,7356.0,7358.0,green,2
J1453,I2557,8813.0,8814.0,green,1
J1453,I2653,9205.0,9206.0,green,1
J736,I704,1740.0,1749.0,green,1
J736,I768,1968.0,1977.0,green,4
J12,I49,71.0,73.0,green,2
J1976,I2406,8248.0,8250.0,green,2
J1976,I2470,8468.0,8472.0,green,2
J1976,I2950,10176.0,10180.0,green,2
J1531,I2480,8495.0,8508.0,green,6
J1739,I1906,6313.0,6330.0,green,6
J287,I746,1917.0,1919.0,brown,1
J287,I810,2094.0,2096.0,brown,1
J287,I1002,2761.0,2766.0,brown,1
J287,I1418,4275.0,4285.0,brown,1
J287,I1450,4431.0,4432.0,brown,1
J287,I2587,8921.0,8926.0,green,1
J332,I2551,8793.0,8797.0,green,3
J332,I2635,9102.0,9108.0,green,1
J900,I1307,3826.0,3830.0,green,3
J900,I1723,5588.0,5597.0,green,3
J1716,I2106,7136.0,7138.0,green,2
J1716,I2778,9628.0,9633.0,green,2
J1872,I3555,11698.0,11701.0,green,3
J223,I741,1902.0,1904.0,brown,2
J223,I1542,4819.0,4824.0,green,2
J223,I2149,7274.0,7279.0,brown,1
J1995,I1704,5508.0,5510.0,green,1
J1995,I3529,11640.0,11645.0,green,2
J1663,I1923,6397.0,6399.0,brown,1
J1663,I2019,6803.0,6811.0,brown,3
J1663,I2500,8600.0,8606.0,green,1
J1099,I1724,5597.0,5598.0,brown,1
J1099,I1788,5852.0,5858.0,brown,1
J1099,I1789,5858.0,5859.0,green,1
J1099,I2725,9448.0,9451.0,green,1
J1099,I2973,10264.0,10266.0,green,2
J374,I754,1935.0,1936.0,brown,1
J374,I2547,8779.0,8782.0,green,2
J878,I1302,3807.0,3818.0,brown,2
J878,I2294,7803.0,7810.0,brown,3
J878,I3607,11815.0,11818.0,green,1
J747,I666,1624.0,1628.0,brown,2
J747,I2299,7830.0,7831.0,green,1
J1766,I2399,8226.0,8230.0,green,3
J1766,I3006,10376.0,10378.0,brown,2
J767,I739,1898.0,1901.0,brown,2
J767,I996,2738.0,2740.0,green,2
J767,I1476,4576.0,4579.0,green,2
J810,I2759,9570.0,9580.0,brown,2
J964,I153,289.0,292.0,brown,1
J964,I1370,4068.0,4072.0,green,3
J964,I2138,7241.0,7242.0,green,1
J964,I2170,7340.0,7342.0,green,1
J464,I327,675.0,682.0,green,2
J464,I1287,3744.0,3749.0,green,1
J513,I1200,3448.0,3451.0,green,1
J513,I1392,4155.0,4164.0,green,2
J513,I1456,4458.0,4472.0,green,1
J1345,I1806,5921.0,5930.0,green,1
J1345,I1838,6060.0,6068.0,green,2
J1345,I2638,9129.0,9147.0,green,1
J1576,I1587,4987.0,4991.0,green,2
J1576,I1618,5114.0,5121.0,brown,1
J1894,I3198,10874.0,10877.0,green,3
J1894,I3426,11412.0,11413.0,green,1
J1894,I3458,11489.0,11492.0,green,2
J1812,I2716,9422.0,9423.0,green,1
J1812,I2748,9535.0,9537.0,green,1
J1812,I3388,11325.0,11331.0,green,4
J999,I2533,8710.0,8719.0,green,2
J254,I724,1824.0,1836.0,green,5
J842,I1249,3621.0,3622.0,brown,1
J842,I1345,3987.0,3990.0,brown,1
J842,I1570,4935.0,4941.0,green,1
J842,I1761,5736.0,5750.0,brown,1
J842,I2050,6906.0,6907.0,green,1
J842,I2082,7014.0,7017.0,brown,1
J1979,I2793,9671.0,9672.0,green,1
J1979,I3081,10581.0,10583.0,green,1
J1979,I3113,10650.0,10652.0,green,2
J1054,I2283,7764.0,7769.0,green,1
J1054,I2587,8921.0,8926.0,green,1
J1054,I2939,10121.0,10129.0,green,1
J1054,I3147,10755.0,10758.0,green,1
J1930,I1953,6528.0,6530.0,brown,1
J1930,I3138,10728.0,10730.0,green,1
J1930,I3586,11769.0,11770.0,green,1
J1930,I3625,11845.0,11850.0,green,1
J1840,I1514,4708.0,4717.0,green,3
J405,I715,1786.0,1791.0,green,1
J405,I779,2008.0,2009.0,green,1
J405,I1035,2869.0,2878.0,green,2
J1008,I1618,5114.0,5121.0,brown,4
J1008,I1683,5405.0,5408.0,green,1
J883,I1402,4205.0,4206.0,green,1
J883,I1434,4355.0,4359.0,green,1
J208,I575,1363.0,1364.0,green,1
J208,I1119,3174.0,3182.0,green,4
J19,I216,426.0,427.0,green,1
J19,I352,739.0,740.0,green,1
J19,I576,1364.0,1368.0,green,1
J19,I668,1630.0,1634.0,green,2
J727,I1437,4363.0,4367.0,green,2
J727,I1605,5048.0,5054.0,green,3
J824,I444,1002.0,1005.0,brown,1
J824,I1693,5451.0,5452.0,green,1
J824,I3069,10552.0,10555.0,green,3
J824,I3229,10955.0,10958.0,green,1
J382,I768,1968.0,1977.0,green,3
J1480,I1952,6520.0,6528.0,brown,2
J1480,I2016,6778.0,6794.0,brown,3
J717,I1646,5261.0,5269.0,green,1
J717,I2094,7083.0,7084.0,green,1
J717,I2126,7199.0,7205.0,green,4
J11,I50,73.0,74.0,brown,1
J11,I2643,9164.0,9169.0,green,4
J11,I2707,9387.0,9396.0,green,1
J220,I588,1391.0,1393.0,green,2
J220,I684,1672.0,1680.0,green,3
J1871,I2482,8515.0,8520.0,green,4
J612,I83,143.0,144.0,brown,1
J612,I820,2131.0,2136.0,green,1
J612,I884,2338.0,2345.0,green,1
J612,I1524,4760.0,4766.0,green,1
J673,I220,437.0,441.0,green,2
J673,I1552,4863.0,4867.0,green,2
J943,I1350,4017.0,4024.0,brown,4
J943,I1671,5353.0,5355.0,green,1
J943,I2583,8902.0,8910.0,green,1
J1261,I2007,6738.0,6746.0,green,1
J1261,I2166,7323.0,7335.0,brown,5
J13,I37,47.0,49.0,green,2
J13,I229,454.0,457.0,green,1
J729,I357,755.0,756.0,green,1
J729,I997,2740.0,2741.0,green,1
J729,I1029,2846.0,2851.0,green,1
J729,I1157,3299.0,3300.0,green,1
J1841,I3132,10708.0,10717.0,green,3
J1841,I3452,11476.0,11479.0,green,1
J1000,I1772,5810.0,5812.0,brown,2
J1000,I1964,6569.0,6570.0,brown,1
J1000,I2141,7247.0,7253.0,green,1
J1738,I517,1210.0,1211.0,brown,1
J1738,I965,2646.0,2648.0,brown,1
J1738,I3110,10643.0,10644.0,green,1
J1738,I3142,10735.0,10736.0,green,1
J1266,I1885,6246.0,6249.0,green,3
J1266,I2045,6887.0,6892.0,green,3
J949,I1221,3538.0,3541.0,green,1
J949,I1381,4107.0,4117.0,green,1
J949,I1541,4810.0,4819.0,green,1
J73,I586,1388.0,1389.0,green,1
J1692,I3185,10846.0,10852.0,green,3
J1056,I1880,6212.0,6216.0,brown,2
J1056,I3288,11103.0,11108.0,brown,2
J1317,I1381,4107.0,4117.0,green,3
J625,I1368,4060.0,4063.0,green,2
J625,I1415,4263.0,4270.0,brown,1
J625,I2264,7699.0,7704.0,green,1
J446,I404,894.0,902.0,green,2
J446,I1780,5828.0,5831.0,green,1
J807,I957,2607.0,2616.0,green,2
J807,I2141,7247.0,7253.0,green,3
J807,I2457,8405.0,8420.0,green,1
J1165,I1642,5231.0,5237.0,green,2
J1165,I1737,5650.0,5653.0,brown,1
J1293,I1392,4155.0,4164.0,green,3
J1293,I1456,4458.0,4472.0,green,2
J1512,I2125,7195.0,7199.0,green,4
J5,I43,58.0,59.0,green,1
J5,I107,190.0,194.0,brown,1
J5,I1707,5514.0,5540.0,green,1
J437,I1035,2869.0,2878.0,green,3
J437,I1835,6045.0,6048.0,green,1
J437,I2649,9192.0,9193.0,green,1
J543,I2384,8171.0,8176.0,green,4
J543,I2864,9891.0,9901.0,green,2
J602,I1005,2771.0,2777.0,brown,2
J602,I1838,6060.0,6068.0,green,1
J602,I3255,11025.0,11026.0,green,1
J990,I2079,7001.0,7009.0,brown,1
J990,I2720,9430.0,9441.0,green,1
J613,I985,2707.0,2708.0,brown,1
J613,I3001,10350.0,10360.0,brown,2
J595,I171,347.0,348.0,brown,1
J595,I716,1791.0,1799.0,green,2
J595,I2204,7497.0,7507.0,green,1
J242,I312,627.0,630.0,green,3
J242,I408,909.0,910.0,green,1
J242,I696,1724.0,1725.0,green,1
J1757,I2538,8735.0,8741.0,green,3
J1570,I1066,2988.0,2990.0,brown,2
J1570,I1195,3436.0,3439.0,green,1
J1743,I295,596.0,597.0,brown,1
J1743,I519,1212.0,1215.0,brown,1
J1743,I2536,8723.0,8731.0,green,1
J1105,I1605,5048.0,5054.0,green,2
J1105,I1764,5760.0,5773.0,brown,2
J1105,I2469,8462.0,8468.0,green,2
J1704,I2926,10090.0,10091.0,green,1
J1704,I2958,10197.0,10199.0,green,1
J1704,I3182,10835.0,10837.0,green,1
J1704,I3246,10999.0,11001.0,green,2
J512,I1342,3971.0,3983.0,brown,3
J512,I3103,10630.0,10631.0,green,1
J1391,I1762,5750.0,5757.0,brown,1
J1391,I2275,7737.0,7748.0,green,2
J1391,I2371,8075.0,8082.0,green,2
J693,I1216,3513.0,3523.0,green,2
J693,I2560,8819.0,8829.0,green,2
J232,I118,213.0,216.0,brown,1
J232,I1143,3265.0,3267.0,green,1
J232,I1783,5834.0,5843.0,green,2
J765,I806,2077.0,2090.0,brown,2
J765,I3111,10644.0,10645.0,green,1
J765,I3175,10818.0,10825.0,green,3
J1918,I2378,8125.0,8153.0,green,6
J1975,I1657,5303.0,5313.0,brown,4
J1975,I3450,11464.0,11473.0,green,2
J1015,I1479,4583.0,4584.0,green,1
J1015,I1511,4691.0,4694.0,green,1
J1015,I1843,6086.0,6095.0,green,1
J866,I980,2697.0,2699.0,brown,1
J866,I1045,2920.0,2929.0,green,2
J866,I1333,3930.0,3935.0,green,1
J866,I2425,8325.0,8327.0,green,1
J105,I234,465.0,466.0,green,1
J105,I362,769.0,772.0,green,3
J724,I821,2136.0,2137.0,green,1
J724,I1397,4177.0,4182.0,green,2
J724,I1909,6343.0,6352.0,green,1
J724,I2549,8786.0,8789.0,green,1
J724,I2713,9408.0,9414.0,green,1
J1053,I1715,5571.0,5574.0,brown,1
J1053,I1875,6189.0,6196.0,brown,1
J1053,I2004,6726.0,6730.0,green,1
J1053,I3059,10526.0,10532.0,brown,1
J1053,I3417,11396.0,11397.0,green,1
J1053,I3440,11439.0,11442.0,green,1
J274,I1153,3292.0,3295.0,green,1
J274,I2449,8386.0,8392.0,green,1
J274,I2465,8448.0,8451.0,green,1
J1720,I2389,8189.0,8197.0,green,5
J1720,I2421,8307.0,8313.0,green,1
J752,I916,2441.0,2445.0,green,3
J154,I2427,8330.0,8332.0,green,1
J154,I2747,9533.0,9535.0,green,2
J154,I3451,11473.0,11476.0,green,1
J359,I792,2042.0,2048.0,green,2
J359,I1176,3364.0,3375.0,green,1
J359,I1464,4496.0,4501.0,green,2
J461,I704,1740.0,1749.0,green,2
J461,I1808,5934.0,5939.0,green,4
J1073,I2203,7488.0,7497.0,green,2
J1073,I2555,8808.0,8811.0,green,2
J1565,I2356,8035.0,8037.0,green,2
J1565,I3557,11703.0,11706.0,green,1
J1565,I3589,11773.0,11777.0,green,1
J1382,I2588,8926.0,8933.0,brown,4
J346,I77,132.0,133.0,brown,1
J346,I2190,7427.0,7431.0,green,1
J346,I2702,9371.0,9375.0,green,1
J919,I1389,4139.0,4143.0,green,1
J919,I1645,5250.0,5261.0,green,1
J919,I2297,7822.0,7827.0,green,2
J1244,I1969,6595.0,6604.0,green,2
J1244,I2801,9699.0,9701.0,green,2
J1244,I3377,11299.0,11300.0,green,1
J87,I109,195.0,196.0,brown,1
J87,I782,2016.0,2017.0,green,1
J87,I878,2320.0,2325.0,green,1
J87,I1774,5816.0,5819.0,green,2
J1248,I2275,7737.0,7748.0,green,4
J1966,I2748,9535.0,9537.0,green,1
J1966,I2780,9635.0,9638.0,green,3
J1966,I2844,9839.0,9841.0,green,1
J1082,I715,1786.0,1791.0,green,4
J1082,I1418,4275.0,4285.0,brown,2
J1687,I2796,9675.0,9677.0,green,2
J1355,I2030,6845.0,6846.0,brown,1
J1355,I2062,6938.0,6946.0,brown,2
J1514,I249,493.0,494.0,brown,1
J1514,I441,995.0,999.0,brown,2
J501,I1032,2855.0,2863.0,green,6
J1913,I3351,11246.0,11248.0,green,2
J1913,I3387,11324.0,11325.0,green,1
J1536,I2652,9200.0,9205.0,green,3
J1095,I1831,6036.0,6039.0,green,2
J1095,I1833,6041.0,6042.0,green,1
J1095,I1903,6299.0,6302.0,green,2
J1095,I1927,6407.0,6411.0,brown,1
J1439,I3059,10526.0,10532.0,brown,1
J1439,I3412,11380.0,11386.0,green,3
J871,I2866,9902.0,9906.0,green,2
J871,I2962,10226.0,10229.0,green,3
J1463,I1162,3315.0,3318.0,green,1
J1463,I1322,3893.0,3901.0,green,2
J1463,I2698,9363.0,9364.0,green,1
J15,I1443,4396.0,4403.0,green,2
J1528,I1265,3668.0,3682.0,brown,1
J1528,I1458,4473.0,4476.0,green,1
J1528,I1682,5394.0,5405.0,green,4
J1703,I2122,7190.0,7193.0,green,3
J1703,I2282,7763.0,7764.0,green,1
J390,I780,2009.0,2013.0,green,2
J390,I860,2275.0,2276.0,green,1
J390,I900,2398.0,2406.0,green,2
J390,I1036,2878.0,2883.0,green,1
J1263,I30,35.0,37.0,green,2
J1263,I958,2616.0,2630.0,green,1
J1263,I1438,4367.0,4371.0,green,1
J29,I35,45.0,46.0,green,1
J29,I419,933.0,936.0,green,1
J29,I1539,4803.0,4807.0,green,3
J29,I1651,5283.0,5288.0,green,1
J831,I1170,3345.0,3347.0,green,1
J831,I2713,9408.0,9414.0,green,3
J831,I2743,9523.0,9527.0,green,1
J1969,I3589,11773.0,11777.0,green,1
J1969,I3595,11794.0,11796.0,green,2
J1430,I1230,3555.0,3559.0,green,4
J1091,I1041,2903.0,2904.0,green,1
J1091,I1105,3120.0,3125.0,green,2
J1091,I1169,3344.0,3345.0,green,1
J1091,I1649,5274.0,5280.0,green,2
J1819,I2439,8365.0,8368.0,green,3
J1831,I3188,10856.0,10857.0,green,1
J1831,I3252,11012.0,11017.0,green,2
J1404,I1335,3941.0,3946.0,green,3
J1055,I2702,9371.0,9375.0,green,1
J1055,I3342,11229.0,11230.0,green,1
J1055,I3358,11261.0,11263.0,green,1
J1055,I3374,11289.0,11293.0,green,1
J1020,I2817,9752.0,9759.0,green,5
J983,I1874,6188.0,6189.0,brown,1
J983,I1939,6459.0,6461.0,green,1
J983,I2162,7311.0,7316.0,brown,4
J280,I1197,3442.0,3444.0,green,2
J280,I1901,6293.0,6297.0,green,1
J280,I2457,8405.0,8420.0,green,2
J1497,I2778,9628.0,9633.0,green,1
J1497,I3258,11031.0,11039.0,green,2
J1042,I1244,3608.0,3611.0,brown,1
J1042,I1437,4363.0,4367.0,green,1
J1042,I2501,8606.0,8608.0,green,2
J1042,I2533,8710.0,8719.0,green,2
J1387,I1834,6042.0,6045.0,green,3
J1387,I1994,6686.0,6693.0,green,3
J869,I1572,4943.0,4944.0,green,1
J869,I1588,4991.0,4994.0,green,1
J869,I1604,5045.0,5048.0,green,3
J869,I1700,5492.0,5499.0,green,1
J22,I44,59.0,61.0,green,1
J22,I3148,10758.0,10759.0,green,1
J1791,I1467,4531.0,4532.0,green,1
J1791,I2587,8921.0,8926.0,green,3
J1656,I1349,4007.0,4017.0,brown,5
J1010,I1005,2771.0,2777.0,brown,2
J1010,I1382,4117.0,4120.0,green,1
J1010,I1542,4819.0,4824.0,green,2
J1135,I1171,3347.0,3348.0,green,1
J1135,I1267,3683.0,3685.0,brown,2
J1135,I1299,3796.0,3797.0,brown,1
J1135,I1747,5681.0,5687.0,brown,2
J586,I237,471.0,473.0,brown,1
J586,I686,1682.0,1692.0,green,3
J586,I718,1800.0,1810.0,green,1
J1523,I1699,5473.0,5492.0,green,1
J1523,I1762,5750.0,5757.0,brown,1
J1523,I1795,5878.0,5879.0,green,1
J1523,I2147,7268.0,7270.0,brown,1
J174,I453,1021.0,1022.0,green,1
J174,I581,1377.0,1378.0,green,1
J174,I773,1987.0,1996.0,green,3
J118,I115,207.0,211.0,brown,1
J118,I884,2338.0,2345.0,green,1
J118,I916,2441.0,2445.0,green,1
J118,I1364,4051.0,4053.0,green,1
J118,I1556,4887.0,4888.0,green,1
J118,I1908,6331.0,6343.0,green,1
J1179,I531,1253.0,1254.0,brown,1
J1179,I1972,6610.0,6616.0,green,2
J339,I442,999.0,1001.0,brown,1
J339,I2363,8047.0,8051.0,green,1
J339,I3099,10622.0,10625.0,green,2
J192,I440,992.0,995.0,brown,2
J192,I568,1339.0,1346.0,brown,2
J192,I1337,3950.0,3957.0,green,1
J492,I1435,4359.0,4361.0,green,2
J492,I1723,5588.0,5597.0,green,1
J1495,I1769,5790.0,5796.0,brown,4
J1495,I1929,6419.0,6423.0,brown,1
J1495,I3082,10583.0,10588.0,green,1
J158,I788,2032.0,2033.0,green,1
J158,I884,2338.0,2345.0,green,1
J163,I403,893.0,894.0,green,1
J163,I595,1414.0,1421.0,green,3
J163,I627,1497.0,1500.0,green,2
J1300,I2354,8031.0,8034.0,green,1
J1300,I2674,9285.0,9286.0,green,1
J1300,I2834,9808.0,9811.0,green,2
J185,I1443,4396.0,4403.0,green,2
J185,I1683,5405.0,5408.0,green,2
J1732,I3061,10533.0,10538.0,green,2
J641,I994,2734.0,2736.0,green,2
J641,I1026,2840.0,2842.0,green,1
J641,I1122,3204.0,3205.0,green,1
J641,I1186,3405.0,3409.0,green,1
J1579,I1263,3658.0,3666.0,brown,4
J1579,I1423,4307.0,4309.0,brown,2
J833,I1530,4780.0,4782.0,green,1
J833,I1561,4909.0,4910.0,brown,1
J833,I1563,4914.0,4917.0,brown,2
J833,I1566,4924.0,4930.0,green,2
J1859,I1908,6331.0,6343.0,green,2
J179,I1437,4363.0,4367.0,green,1
J179,I2141,7247.0,7253.0,green,1
J179,I2533,8710.0,8719.0,green,1
J1758,I2054,6916.0,6919.0,brown,2
J1758,I2086,7030.0,7033.0,brown,1
J1302,I1905,6305.0,6313.0,green,4
J626,I735,1888.0,1892.0,brown,2
J626,I1167,3329.0,3336.0,brown,3
J626,I1968,6580.0,6595.0,green,1
J469,I835,2182.0,2185.0,green,1
J469,I995,2736.0,2738.0,green,2
J469,I1091,3064.0,3067.0,green,3
J1668,I1505,4662.0,4671.0,green,1
J1668,I2401,8232.0,8234.0,green,2
J1668,I2625,9067.0,9069.0,brown,2
J1668,I2913,10031.0,10038.0,brown,1
J1806,I2202,7486.0,7488.0,green,2
J1806,I2330,7956.0,7959.0,green,2
J1806,I2362,8045.0,8047.0,green,1
J1806,I2874,9926.0,9931.0,brown,1
J1472,I2083,7017.0,7020.0,brown,3
J1472,I2420,8306.0,8307.0,green,1
J1472,I2585,8913.0,8915.0,green,2
J1067,I3186,10852.0,10855.0,green,1
J1067,I3378,11300.0,11302.0,green,1
J877,I1368,4060.0,4063.0,green,1
J877,I1616,5102.0,5113.0,green,3
J565,I1316,3862.0,3873.0,green,1
J588,I830,2166.0,2169.0,green,1
J588,I989,2720.0,2723.0,brown,1
J588,I1438,4367.0,4371.0,green,2
J588,I2462,8442.0,8444.0,green,2
J1029,I811,2096.0,2098.0,brown,1
J1029,I1908,6331.0,6343.0,green,1
J960,I1530,4780.0,4782.0,green,1
J960,I1850,6115.0,6116.0,green,1
J960,I2074,6983.0,6991.0,green,1
J960,I2746,9530.0,9533.0,green,1
J1636,I2239,7617.0,7619.0,green,1
J1636,I3095,10612.0,10614.0,green,1
J725,I1412,4256.0,4257.0,brown,1
J725,I1764,5760.0,5773.0,brown,2
J725,I2181,7400.0,7401.0,green,1
J899,I1687,5427.0,5431.0,green,4
J375,I1167,3329.0,3336.0,brown,1
J375,I1392,4155.0,4164.0,green,4
J375,I1680,5388.0,5391.0,green,1
J938,I1788,5852.0,5858.0,brown,3
J938,I2129,7210.0,7217.0,green,2
J1448,I2426,8327.0,8330.0,green,2
J1448,I2458,8420.0,8423.0,green,1
J857,I1633,5189.0,5194.0,green,1
J857,I2305,7846.0,7852.0,green,2
J1247,I1393,4164.0,4167.0,green,2
J1247,I1585,4974.0,4981.0,green,1
J1247,I2193,7442.0,7447.0,green,1
J1910,I1258,3649.0,3653.0,brown,1
J1910,I3545,11681.0,11683.0,green,1
J511,I701,1734.0,1738.0,green,2
J511,I1905,6305.0,6313.0,green,2
J511,I1968,6580.0,6595.0,green,2
J1593,I1380,4105.0,4107.0,green,1
J1593,I1411,4249.0,4256.0,brown,2
J1593,I2532,8702.0,8710.0,green,2
J1593,I2900,9995.0,9996.0,green,1
J1449,I2396,8211.0,8220.0,green,2
J1449,I2667,9252.0,9260.0,brown,2
J759,I757,1941.0,1942.0,brown,1
J759,I981,2699.0,2700.0,brown,1
J759,I1366,4054.0,4059.0,green,1
J759,I2102,7107.0,7111.0,green,1
J759,I2777,9623.0,9628.0,green,2
J1310,I2327,7949.0,7951.0,brown,2
J1310,I2815,9739.0,9749.0,brown,1
J1486,I1626,5156.0,5165.0,green,2
J1486,I2818,9759.0,9774.0,green,1
J1486,I2836,9815.0,9819.0,green,3
J1881,I1762,5750.0,5757.0,brown,1
J1881,I1954,6530.0,6550.0,brown,1
J1881,I2979,10283.0,10290.0,green,1
J1881,I3107,10637.0,10640.0,green,1
J1881,I3671,11934.0,11935.0,green,1
J109,I45,61.0,62.0,green,1
J109,I389,844.0,851.0,green,1
J548,I303,610.0,612.0,brown,2
J548,I431,963.0,966.0,brown,2
J548,I1328,3918.0,3919.0,green,1
J548,I1664,5331.0,5337.0,green,1
J1507,I2753,9551.0,9552.0,brown,1
J1507,I3170,10808.0,10809.0,green,1
J1507,I3448,11462.0,11463.0,green,1
J1163,I1150,3285.0,3290.0,green,2
J1945,I2308,7856.0,7867.0,green,1
J1945,I2468,8461.0,8462.0,green,1
J1945,I2628,9079.0,9083.0,green,4
J293,I375,800.0,801.0,green,1
J293,I727,1840.0,1857.0,green,2
J293,I1463,4493.0,4496.0,green,2
J259,I1989,6666.0,6667.0,green,1
J259,I2533,8710.0,8719.0,green,4
J259,I2789,9662.0,9663.0,green,1
J1987,I1446,4408.0,4411.0,brown,1
J1987,I3593,11789.0,11793.0,green,1
J1987,I3623,11841.0,11844.0,green,3
J319,I686,1682.0,1692.0,green,1
J319,I718,1800.0,1810.0,green,1
J319,I1776,5823.0,5825.0,green,2
J1461,I1827,6028.0,6030.0,brown,1
J1461,I2051,6907.0,6908.0,brown,1
J1461,I2115,7158.0,7163.0,brown,2
J1461,I3267,11052.0,11053.0,brown,1
J1052,I1385,4127.0,4132.0,green,1
J1052,I1881,6216.0,6233.0,green,3
J1407,I1341,3969.0,3971.0,brown,1
J1407,I1406,4225.0,4230.0,green,1
J1407,I1661,5322.0,5327.0,brown,1
J1407,I2686,9316.0,9331.0,green,2
J20,I58,86.0,91.0,brown,2
J20,I1723,5588.0,5597.0,green,1
J20,I2459,8423.0,8436.0,green,2
J20,I2807,9720.0,9721.0,green,1
J531,I1104,3113.0,3120.0,green,3
J262,I630,1506.0,1508.0,green,2
J262,I694,1719.0,1723.0,green,2
J262,I790,2034.0,2039.0,green,1
J1214,I1803,5904.0,5907.0,green,2
J1214,I2154,7289.0,7290.0,brown,1
J977,I803,2068.0,2072.0,brown,2
J977,I1316,3862.0,3873.0,green,1
J977,I1411,4249.0,4256.0,brown,2
J977,I2179,7394.0,7397.0,brown,1
J825,I1127,3212.0,3219.0,green,1
J825,I1383,4120.0,4124.0,green,2
J1741,I2298,7827.0,7830.0,green,3
J1741,I2362,8045.0,8047.0,green,1
J1741,I2394,8209.0,8210.0,green,1
J1807,I1148,3277.0,3282.0,green,1
J1807,I2428,8332.0,8333.0,green,1
J1807,I3097,10615.0,10616.0,green,1
J1218,I2370,8066.0,8075.0,green,1
J1218,I2722,9443.0,9444.0,green,1
J1218,I2818,9759.0,9774.0,green,2
J1924,I2023,6819.0,6826.0,brown,2
J1924,I2871,9911.0,9919.0,brown,1
J1968,I2554,8805.0,8808.0,green,1
J1968,I3354,11252.0,11254.0,green,1
J1968,I3594,11793.0,11794.0,green,1
J1968,I3618,11836.0,11837.0,green,1
J1968,I3622,11840.0,11841.0,green,1
J1968,I3626,11850.0,11851.0,green,1
J1616,I1967,6576.0,6580.0,brown,1
J1616,I2960,10201.0,10204.0,green,3
J1389,I1352,4027.0,4029.0,brown,1
J1389,I1545,4828.0,4835.0,green,2
J1519,I1560,4900.0,4909.0,brown,3
J1519,I2009,6748.0,6757.0,green,1
J1519,I3000,10346.0,10350.0,brown,2
J1651,I1892,6264.0,6268.0,green,4
J1651,I2212,7521.0,7523.0,green,1
J707,I1240,3595.0,3596.0,green,1
J707,I1432,4347.0,4351.0,green,4
J707,I1688,5431.0,5439.0,green,1
J371,I914,2438.0,2440.0,green,1
J371,I1426,4326.0,4327.0,green,1
J371,I1522,4740.0,4747.0,green,1
J371,I2230,7586.0,7587.0,green,1
J798,I1879,6211.0,6212.0,brown,1
J798,I1967,6576.0,6580.0,brown,1
J798,I2023,6819.0,6826.0,brown,2
J1540,I1903,6299.0,6302.0,green,1
J1540,I1999,6706.0,6710.0,green,1
J1540,I2319,7897.0,7907.0,green,2
J1540,I2863,9887.0,9891.0,green,1
J652,I1355,4037.0,4038.0,brown,1
J652,I1419,4285.0,4292.0,brown,1
J652,I1644,5245.0,5250.0,green,1
J652,I2092,7069.0,7079.0,green,1
J652,I2396,8211.0,8220.0,green,2
J350,I1231,3559.0,3569.0,green,3
J350,I1391,4144.0,4155.0,green,1
J99,I470,1066.0,1071.0,brown,1
J99,I1335,3941.0,3946.0,green,1
J1837,I1585,4974.0,4981.0,green,1
J1837,I1969,6595.0,6604.0,green,1
J1837,I2833,9803.0,9808.0,green,1
J203,I253,502.0,505.0,brown,1
J203,I2558,8814.0,8815.0,green,1
J203,I2654,9206.0,9207.0,green,1
J1245,I1586,4981.0,4987.0,green,1
J1245,I1617,5113.0,5114.0,brown,1
J1245,I1713,5564.0,5566.0,brown,1
J556,I1427,4327.0,4334.0,green,1
J556,I1587,4987.0,4991.0,green,2
J1130,I1749,5689.0,5690.0,green,1
J1130,I1781,5831.0,5833.0,green,1
J578,I3592,11782.0,11789.0,green,3
J1773,I1000,2752.0,2759.0,brown,1
J1773,I1545,4828.0,4835.0,green,1
J1773,I2921,10072.0,10080.0,green,2
J1172,I1809,5939.0,5940.0,green,1
J1172,I1841,6080.0,6085.0,green,2
J1435,I2229,7582.0,7586.0,green,3
J1435,I2324,7925.0,7931.0,brown,1
J1435,I2453,8398.0,8399.0,green,1
J1435,I3333,11211.0,11214.0,green,1
J715,I1270,3688.0,3689.0,brown,1
J715,I1302,3807.0,3818.0,brown,2
J1084,I1551,4853.0,4863.0,green,4
J196,I323,667.0,670.0,green,1
J196,I1187,3409.0,3411.0,green,2
J1003,I1770,5796.0,5801.0,brown,2
J1003,I2187,7418.0,7421.0,green,1
J1003,I2711,9403.0,9407.0,green,3
J1653,I1816,5971.0,5985.0,green,2
J1653,I1848,6112.0,6113.0,green,1
J1653,I2008,6746.0,6748.0,green,2
J1980,I3414,11388.0,11391.0,green,3
J1980,I3446,11458.0,11460.0,green,2
J1206,I535,1262.0,1263.0,brown,1
J1206,I1336,3946.0,3950.0,green,2
J1206,I2808,9721.0,9724.0,green,3
J628,I590,1397.0,1401.0,green,4
J628,I718,1800.0,1810.0,green,1
J628,I2000,6710.0,6718.0,green,1
J1794,I2520,8674.0,8678.0,green,3
J1794,I2871,9911.0,9919.0,brown,1
J1794,I3124,10687.0,10690.0,green,2
J1492,I2615,9042.0,9049.0,green,5
J1492,I2622,9062.0,9064.0,brown,1
J1079,I1466,4520.0,4531.0,green,3
J360,I376,801.0,807.0,green,6
J253,I2274,7732.0,7737.0,green,2
J253,I2626,9069.0,9074.0,green,2
J253,I3554,11697.0,11698.0,green,1
J1896,I1962,6563.0,6568.0,brown,3
J1896,I2411,8265.0,8273.0,green,1
J1896,I2570,8854.0,8859.0,brown,1
J1896,I3451,11473.0,11476.0,green,1
J1604,I2864,9891.0,9901.0,green,4
J216,I419,933.0,936.0,green,2
J776,I541,1273.0,1279.0,brown,2
J776,I3447,11460.0,11462.0,green,2
J776,I3537,11662.0,11667.0,green,1
J776,I3561,11719.0,11722.0,green,1
J456,I943,2559.0,2564.0,green,2
J456,I1199,3447.0,3448.0,green,1
J456,I1231,3559.0,3569.0,green,1
J773,I886,2349.0,2356.0,green,1
J773,I1078,3023.0,3025.0,green,1
J201,I536,1263.0,1265.0,green,2
J21,I819,2128.0,2131.0,green,3
J21,I1555,4878.0,4887.0,green,2
J561,I550,1296.0,1300.0,brown,1
J561,I2183,7403.0,7404.0,green,1
J463,I1158,3300.0,3304.0,green,2
J463,I1286,3741.0,3744.0,green,1
J463,I2265,7704.0,7707.0,green,2
J1635,I1631,5181.0,5183.0,green,1
J1635,I1663,5328.0,5331.0,green,3
J1635,I2335,7970.0,7972.0,green,1
J1635,I2751,9542.0,9548.0,green,1
J1780,I1699,5473.0,5492.0,green,1
J1780,I1762,5750.0,5757.0,brown,3
J300,I577,1368.0,1370.0,green,2
J300,I721,1814.0,1818.0,green,1
J560,I326,674.0,675.0,green,1
J560,I358,756.0,758.0,green,1
J560,I1094,3077.0,3081.0,green,1
J560,I1326,3908.0,3912.0,green,2
J1594,I1908,6331.0,6343.0,green,3
J1594,I2163,7316.0,7319.0,brown,1
J684,I3455,11482.0,11483.0,green,1
J684,I3551,11692.0,11694.0,green,2
J684,I3607,11815.0,11818.0,green,1
J684,I3615,11830.0,11831.0,green,1
J1863,I2166,7323.0,7335.0,brown,2
J744,I726,1838.0,1840.0,green,2
J183,I706,1751.0,1752.0,green,1
J1312,I2152,7284.0,7288.0,brown,1
J1312,I2169,7338.0,7340.0,green,1
J1312,I2409,8259.0,8264.0,green,1
J675,I491,1124.0,1128.0,green,2
J675,I907,2420.0,2422.0,green,2
J675,I1035,2869.0,2878.0,green,1
J675,I2231,7587.0,7589.0,green,1
J136,I309,624.0,625.0,green,1
J136,I373,796.0,799.0,green,2
J136,I405,902.0,905.0,green,2
J834,I1455,4455.0,4458.0,brown,3
J834,I2224,7560.0,7566.0,green,2
J1124,I1979,6628.0,6630.0,brown,2
J1124,I2204,7497.0,7507.0,green,1
J1124,I2236,7600.0,7606.0,green,1
J1401,I2381,8160.0,8163.0,green,1
J226,I318,648.0,655.0,green,3
J1089,I1312,3842.0,3846.0,green,2
J256,I573,1356.0,1360.0,green,4
J256,I605,1441.0,1442.0,green,1
J554,I933,2506.0,2514.0,green,2
J554,I1029,2846.0,2851.0,green,1
J159,I415,925.0,928.0,green,1
J159,I1087,3050.0,3055.0,green,4
J159,I1119,3174.0,3182.0,green,1
J507,I361,761.0,769.0,green,5
J1237,I67,110.0,111.0,brown,1
J1237,I900,2398.0,2406.0,green,2
J1237,I1508,4679.0,4683.0,green,2
J1237,I2132,7223.0,7225.0,green,1
J54,I215,425.0,426.0,green,1
J54,I311,626.0,627.0,green,1
J54,I327,675.0,682.0,green,1
J54,I359,758.0,760.0,green,2
J777,I1253,3632.0,3639.0,brown,5
J777,I2502,8608.0,8617.0,green,1
J889,I1119,3174.0,3182.0,green,1
J889,I1247,3616.0,3620.0,green,2
J889,I2457,8405.0,8420.0,green,3
J1614,I2180,7397.0,7400.0,brown,1
J1614,I2309,7867.0,7871.0,green,3
J648,I1610,5075.0,5081.0,green,2
J648,I2922,10080.0,10086.0,green,1
J648,I3082,10583.0,10588.0,green,1
J648,I3114,10652.0,10653.0,green,1
J648,I3242,10991.0,10994.0,green,1
J315,I759,1943.0,1944.0,brown,1
J315,I983,2703.0,2704.0,brown,1
J315,I3128,10698.0,10703.0,green,1
J315,I3144,10738.0,10750.0,green,2
J1683,I1498,4640.0,4646.0,green,2
J1683,I1657,5303.0,5313.0,brown,2
J1683,I2906,10013.0,10014.0,green,1
J1683,I2932,10107.0,10108.0,green,1
J860,I1279,3721.0,3727.0,brown,2
J860,I2047,6893.0,6897.0,brown,1
J336,I806,2077.0,2090.0,brown,2
J336,I927,2486.0,2493.0,green,1
J336,I2089,7046.0,7061.0,green,1
J336,I2103,7111.0,7125.0,green,1
J1239,I1814,5956.0,5966.0,green,1
J1239,I1974,6617.0,6619.0,green,2
J1239,I2102,7107.0,7111.0,green,1
J1239,I2646,9183.0,9185.0,green,1
J1048,I443,1001.0,1002.0,brown,1
J1048,I475,1081.0,1084.0,brown,2
J1681,I958,2616.0,2630.0,green,3
J1681,I2946,10147.0,10158.0,green,1
J1327,I386,834.0,841.0,brown,2
J1327,I1571,4941.0,4943.0,green,2
J1327,I2963,10229.0,10238.0,green,1
J1347,I549,1295.0,1296.0,brown,1
J1347,I965,2646.0,2648.0,brown,1
J1347,I1190,3416.0,3417.0,green,1
J1347,I1734,5642.0,5644.0,brown,1
J1347,I1968,6580.0,6595.0,green,1
J1155,I1164,3324.0,3325.0,green,1
J1155,I2092,7069.0,7079.0,green,3
J1155,I2228,7580.0,7582.0,green,1
J1155,I2332,7967.0,7968.0,green,1
J763,I1334,3935.0,3941.0,green,1
J763,I1430,4339.0,4345.0,green,1
J1464,I1241,3596.0,3599.0,green,2
J395,I778,2004.0,2008.0,green,1
J395,I906,2417.0,2420.0,green,2
J1323,I2305,7846.0,7852.0,green,2
J1323,I2353,8030.0,8031.0,green,1
J1428,I1303,3818.0,3820.0,brown,2
J1428,I2567,8843.0,8846.0,brown,2
J1428,I2759,9570.0,9580.0,brown,2
J1297,I1943,6476.0,6483.0,green,1
J1297,I2166,7323.0,7335.0,brown,1
J552,I1302,3807.0,3818.0,brown,2
J552,I1463,4493.0,4496.0,green,1
J552,I3223,10939.0,10942.0,green,3
J1501,I1973,6616.0,6617.0,green,1
J1501,I2133,7225.0,7227.0,green,1
J1501,I2165,7322.0,7323.0,brown,1
J1501,I2197,7458.0,7461.0,green,3
J1290,I2004,6726.0,6730.0,green,3
J1290,I2068,6966.0,6974.0,green,2
J145,I226,449.0,450.0,green,1
J145,I578,1370.0,1373.0,green,3
J418,I831,2169.0,2171.0,green,2
J418,I1075,3017.0,3019.0,green,1
J418,I1107,3129.0,3134.0,green,1
J1098,I1688,5431.0,5439.0,green,1
J1098,I2999,10342.0,10346.0,brown,1
J1098,I3287,11102.0,11103.0,brown,1
J1098,I3416,11393.0,11396.0,green,1
