Job,Interval,Start,End,Energy,Flow
J3044,I6140,11646.0,11650.0,green,2
J3044,I6684,12795.0,12796.0,green,1
J3044,I9288,18444.0,18447.0,brown,1
J79,I5895,11178.0,11179.0,brown,1
J79,I8200,16120.0,16124.0,brown,2
J79,I8268,16289.0,16297.0,green,3
J2580,I5659,10669.0,10675.0,green,3
J2580,I8282,16332.0,16334.0,brown,1
J2580,I9530,18942.0,18944.0,brown,1
J2580,I9850,19580.0,19582.0,brown,1
J3534,I9915,19717.0,19718.0,brown,1
J3534,I10427,20773.0,20775.0,brown,1
J3534,I13339,26407.0,26408.0,brown,1
J3534,I13819,27209.0,27211.0,brown,1
J3534,I14555,28448.0,28450.0,brown,1
J3534,I15163,29430.0,29431.0,brown,1
J2372,I4128,7435.0,7440.0,green,1
J2372,I6336,12049.0,12052.0,green,1
J2372,I6368,12125.0,12129.0,green,1
J2372,I7328,14247.0,14254.0,green,1
J3229,I8114,15940.0,15945.0,green,2
J3229,I8210,16151.0,16154.0,green,2
J3229,I8498,16768.0,16771.0,green,1
J3229,I10745,21412.0,21414.0,brown,1
J4822,I5399,10123.0,10125.0,brown,2
J4822,I8151,16017.0,16022.0,brown,2
J4822,I8759,17365.0,17370.0,brown,1
J4822,I10583,21117.0,21118.0,brown,1
J549,I1934,3178.0,3184.0,green,5
J549,I2094,3471.0,3479.0,green,1
J3031,I1348,2125.0,2126.0,brown,1
J3031,I2596,4404.0,4406.0,brown,1
J3031,I7396,14398.0,14400.0,brown,1
J2322,I4697,8585.0,8592.0,green,1
J2322,I9699,19273.0,19278.0,green,2
J1927,I4805,8800.0,8803.0,brown,1
J1927,I7078,13608.0,13613.0,green,1
J1927,I7173,13827.0,13828.0,brown,1
J1927,I11542,23056.0,23067.0,green,3
J4533,I8483,16738.0,16740.0,brown,1
J4533,I10179,20283.0,20286.0,brown,2
J4533,I11363,22695.0,22696.0,brown,1
J4533,I12580,25041.0,25043.0,green,1
J4302,I8692,17229.0,17231.0,brown,2
J4302,I8788,17439.0,17441.0,brown,1
J4302,I9013,17890.0,17893.0,green,1
J4302,I11173,22275.0,22276.0,green,1
J4302,I11413,22780.0,22785.0,green,1
J3911,I7550,14736.0,14738.0,brown,1
J3911,I8574,16957.0,16960.0,brown,1
J3911,I8670,17185.0,17186.0,brown,1
J3911,I9630,19141.0,19142.0,brown,1
J3911,I11774,23510.0,23511.0,brown,1
J3911,I14847,28922.0,28925.0,green,1
J2949,I2082,3444.0,3447.0,green,1
J2949,I9282,18430.0,18435.0,green,2
J2949,I9306,18486.0,18492.0,green,1
J2949,I9398,18695.0,18698.0,green,1
J2044,I4697,8585.0,8592.0,green,2
J2044,I7417,14452.0,14457.0,green,1
J4633,I8445,16656.0,16660.0,green,1
J4633,I9500,18897.0,18899.0,brown,1
J4633,I11356,22671.0,22676.0,brown,2
J2737,I2118,3517.0,3521.0,brown,1
J2737,I2310,3893.0,3894.0,brown,1
J2737,I12711,25286.0,25292.0,green,2
J3745,I1364,2151.0,2156.0,green,2
J3745,I11420,22799.0,22800.0,green,1
J3745,I11452,22865.0,22867.0,green,1
J448,I1133,1780.0,1782.0,green,2
J448,I2413,4057.0,4061.0,green,1
J448,I8373,16510.0,16524.0,green,1
J448,I8425,16621.0,16622.0,green,1
J4528,I13465,26629.0,26631.0,brown,1
J4528,I13466,26631.0,26633.0,green,2
J4528,I13498,26683.0,26684.0,green,1
J1614,I4994,9226.0,9227.0,brown,1
J1614,I5026,9321.0,9323.0,brown,1
J1614,I6755,12943.0,12944.0,green,1
J1228,I1181,1859.0,1861.0,green,1
J1228,I1885,3083.0,3085.0,green,1
J1228,I1949,3211.0,3213.0,green,1
J1228,I7286,14117.0,14125.0,green,1
J1228,I7377,14357.0,14361.0,green,1
J1228,I7837,15381.0,15387.0,green,1
J4877,I11359,22679.0,22686.0,green,1
J4877,I13406,26532.0,26533.0,brown,1
J4877,I13950,27439.0,27440.0,brown,1
J253,I948,1480.0,1481.0,green,1
J253,I1365,2156.0,2158.0,green,1
J253,I6708,12837.0,12838.0,brown,1
J253,I7680,15021.0,15023.0,brown,1
J253,I7713,15101.0,15103.0,green,1
J916,I1487,2360.0,2366.0,green,4
J916,I1775,2903.0,2906.0,green,1
J916,I4047,7253.0,7263.0,green,1
J4270,I11861,23686.0,23687.0,brown,1
J4270,I12021,23995.0,23996.0,brown,1
J430,I2472,4169.0,4174.0,green,1
J430,I4872,8964.0,8965.0,green,1
J430,I5160,9561.0,9563.0,green,2
J430,I8008,15704.0,15710.0,green,2
J4690,I9240,18339.0,18341.0,green,2
J4690,I9816,19509.0,19511.0,brown,2
J4690,I10264,20430.0,20432.0,brown,1
J661,I1289,2030.0,2033.0,brown,2
J661,I1706,2770.0,2775.0,green,1
J781,I695,1041.0,1043.0,brown,2
J781,I4791,8772.0,8773.0,brown,1
J781,I10135,20185.0,20188.0,brown,1
J781,I12984,25800.0,25807.0,green,1
J781,I13624,26884.0,26890.0,green,1
J3543,I3974,7112.0,7113.0,brown,1
J3543,I10439,20794.0,20796.0,green,1
J3543,I10471,20863.0,20864.0,green,1
J3543,I11207,22357.0,22361.0,green,1
J715,I1159,1823.0,1824.0,brown,1
J715,I2504,4230.0,4235.0,green,1
J715,I6280,11946.0,11949.0,green,1
J715,I6344,12065.0,12070.0,green,1
J715,I6472,12381.0,12389.0,green,1
J2319,I5550,10448.0,10450.0,brown,2
J2319,I7247,14021.0,14025.0,green,1
J2319,I14383,28144.0,28146.0,green,1
J1502,I5025,9309.0,9321.0,green,2
J1502,I8641,17115.0,17121.0,green,1
J1502,I10017,19948.0,19954.0,green,2
J4245,I8159,16038.0,16041.0,green,1
J4245,I11839,23644.0,23646.0,green,1
J3858,I9238,18334.0,18338.0,green,4
J3858,I12774,25399.0,25400.0,green,1
J3858,I12862,25555.0,25559.0,green,1
J4965,I14616,28547.0,28549.0,green,1
J4965,I14752,28766.0,28770.0,green,1
J4965,I14807,28861.0,28862.0,brown,1
J1694,I3488,6169.0,6172.0,green,1
J1694,I3489,6172.0,6178.0,green,2
J4035,I6702,12823.0,12826.0,green,1
J4035,I6733,12899.0,12901.0,brown,1
J4035,I6830,13119.0,13122.0,green,3
J4035,I13582,26815.0,26816.0,green,1
J1089,I3023,5255.0,5257.0,green,1
J1089,I3054,5320.0,5321.0,green,1
J1089,I3599,6394.0,6402.0,green,2
J1089,I3835,6863.0,6864.0,green,1
J1337,I4064,7295.0,7296.0,brown,1
J1337,I4224,7634.0,7636.0,brown,1
J1337,I4384,7925.0,7927.0,brown,2
J1337,I15233,29536.0,29537.0,green,1
J654,I1626,2613.0,2616.0,brown,1
J654,I2299,3878.0,3879.0,green,1
J654,I5499,10339.0,10343.0,green,2
J654,I6875,13210.0,13212.0,green,1
J654,I9699,19273.0,19278.0,green,1
J4149,I3083,5371.0,5374.0,brown,1
J4149,I7948,15599.0,15606.0,green,1
J4149,I10348,20603.0,20607.0,green,1
J4926,I14524,28397.0,28398.0,green,1
J4926,I14780,28819.0,28822.0,green,3
J1479,I4203,7591.0,7594.0,green,3
J1479,I4299,7775.0,7783.0,green,1
J1479,I4331,7833.0,7834.0,brown,1
J1479,I6223,11838.0,11843.0,green,1
J4113,I5497,10336.0,10338.0,brown,1
J4113,I5658,10668.0,10669.0,green,1
J4113,I5978,11326.0,11327.0,green,1
J4113,I11194,22323.0,22327.0,green,1
J4113,I12570,25027.0,25028.0,green,1
J2637,I877,1356.0,1357.0,brown,1
J2637,I1005,1570.0,1573.0,brown,1
J2637,I1069,1673.0,1676.0,brown,2
J2637,I11566,23109.0,23113.0,green,2
J1611,I3597,6388.0,6393.0,green,1
J1611,I7053,13565.0,13567.0,green,1
J1611,I7149,13766.0,13767.0,green,1
J1611,I7501,14645.0,14647.0,green,1
J1327,I4135,7454.0,7459.0,green,2
J1327,I4166,7527.0,7529.0,brown,1
J1327,I4582,8343.0,8345.0,brown,1
J1327,I4871,8961.0,8964.0,green,1
J1327,I9783,19426.0,19427.0,green,1
J2541,I8099,15905.0,15906.0,green,1
J2541,I8867,17611.0,17614.0,green,1
J2541,I8995,17852.0,17858.0,green,2
J2541,I9091,18056.0,18057.0,green,1
J2541,I9732,19331.0,19333.0,brown,1
J3469,I5571,10486.0,10488.0,brown,2
J3469,I11908,23764.0,23768.0,green,4
J2732,I12606,25093.0,25102.0,green,6
J1177,I1299,2053.0,2054.0,green,1
J1177,I1363,2149.0,2151.0,green,1
J3686,I2156,3590.0,3591.0,brown,1
J3686,I3660,6512.0,6516.0,brown,1
J3686,I4428,8027.0,8029.0,brown,2
J3686,I7020,13490.0,13491.0,brown,1
J3686,I10316,20521.0,20523.0,brown,1
J956,I1115,1748.0,1749.0,brown,1
J956,I1275,2008.0,2009.0,brown,1
J956,I4092,7361.0,7362.0,green,1
J956,I6012,11393.0,11397.0,brown,1
J4138,I9881,19644.0,19647.0,green,3
J4138,I10329,20558.0,20563.0,brown,1
J2548,I6735,12903.0,12906.0,brown,1
J2548,I6800,13033.0,13036.0,green,1
J2548,I7152,13770.0,13773.0,green,2
J2548,I11312,22582.0,22585.0,green,2
J1461,I4023,7197.0,7205.0,green,1
J1461,I4055,7276.0,7281.0,green,1
J1461,I5207,9671.0,9674.0,green,1
J1461,I5415,10167.0,10169.0,green,2
J4420,I12403,24714.0,24717.0,brown,1
J4420,I14196,27848.0,27850.0,green,1
J2157,I5141,9528.0,9529.0,green,1
J2157,I5973,11318.0,11320.0,brown,1
J2157,I6741,12912.0,12914.0,brown,1
J2157,I12551,24995.0,24997.0,green,1
J3395,I10229,20372.0,20375.0,green,3
J3395,I10453,20821.0,20824.0,green,1
J3395,I10549,21046.0,21049.0,green,2
J4000,I10331,20565.0,20567.0,green,2
J4000,I10363,20635.0,20638.0,green,3
J4000,I10364,20638.0,20642.0,brown,1
J4338,I7188,13859.0,13867.0,green,2
J4338,I13396,26514.0,26520.0,green,3
J4338,I13436,26584.0,26585.0,green,1
J4083,I6200,11793.0,11794.0,green,1
J4083,I8408,16594.0,16595.0,green,1
J4083,I11968,23899.0,23902.0,green,1
J4083,I12184,24309.0,24311.0,green,2
J4083,I12511,24910.0,24915.0,green,1
J3423,I1998,3289.0,3291.0,brown,1
J3423,I2030,3348.0,3349.0,brown,1
J3423,I9950,19802.0,19806.0,brown,2
J3423,I12574,25031.0,25033.0,brown,1
J652,I739,1133.0,1136.0,green,3
J652,I1091,1708.0,1711.0,green,2
J652,I3139,5478.0,5482.0,green,1
J126,I465,682.0,683.0,brown,1
J126,I9626,19137.0,19138.0,green,1
J126,I9810,19498.0,19503.0,brown,1
J126,I10226,20368.0,20369.0,green,1
J126,I10383,20696.0,20699.0,green,2
J2700,I10729,21380.0,21382.0,green,1
J2700,I10857,21627.0,21632.0,green,1
J3324,I7134,13740.0,13743.0,brown,1
J3324,I8062,15824.0,15825.0,brown,1
J3324,I8894,17653.0,17654.0,brown,1
J483,I924,1430.0,1431.0,green,1
J483,I1020,1598.0,1603.0,green,4
J483,I1944,3196.0,3203.0,green,1
J4708,I5079,9414.0,9416.0,brown,1
J4708,I7352,14300.0,14303.0,green,1
J4708,I14472,28307.0,28313.0,green,2
J2951,I8413,16600.0,16602.0,green,2
J2951,I11489,22954.0,22957.0,green,1
J914,I2811,4813.0,4815.0,brown,1
J914,I7708,15080.0,15086.0,green,1
J914,I8507,16789.0,16791.0,brown,1
J914,I8668,17176.0,17183.0,green,1
J914,I10459,20839.0,20840.0,brown,1
J914,I12124,24207.0,24209.0,green,1
J2096,I7871,15444.0,15451.0,green,2
J2096,I8847,17566.0,17577.0,green,2
J2263,I3491,6181.0,6185.0,green,1
J2263,I8547,16885.0,16889.0,green,1
J2263,I9858,19598.0,19599.0,brown,1
J2263,I10043,20003.0,20006.0,green,1
J2263,I10175,20274.0,20277.0,green,1
J1158,I2875,4944.0,4946.0,green,2
J1158,I3003,5222.0,5225.0,green,3
J212,I2585,4380.0,4389.0,green,2
J212,I2873,4941.0,4943.0,green,2
J212,I5657,10659.0,10668.0,green,1
J212,I6292,11970.0,11972.0,green,1
J1243,I2225,3736.0,3738.0,green,1
J1243,I2673,4533.0,4538.0,green,1
J1243,I3697,6601.0,6604.0,green,1
J1243,I11249,22469.0,22476.0,green,1
J1243,I11737,23441.0,23444.0,green,1
J1249,I3222,5649.0,5654.0,green,1
J2602,I7855,15420.0,15421.0,green,1
J2602,I8431,16627.0,16628.0,green,1
J2602,I8783,17419.0,17433.0,green,2
J3906,I9853,19587.0,19588.0,green,1
J3906,I9917,19722.0,19723.0,green,1
J3906,I10109,20139.0,20140.0,green,1
J3906,I10237,20384.0,20390.0,green,2
J3906,I10301,20500.0,20501.0,green,1
J1390,I1480,2353.0,2354.0,brown,1
J1390,I1513,2408.0,2409.0,green,1
J1390,I2953,5094.0,5095.0,green,1
J1390,I3689,6578.0,6585.0,green,2
J351,I1265,1993.0,1994.0,brown,1
J351,I1298,2050.0,2053.0,green,2
J351,I5682,10717.0,10721.0,green,2
J351,I9117,18107.0,18111.0,green,1
J1657,I4976,9199.0,9201.0,green,2
J1657,I5328,9958.0,9962.0,green,1
J1657,I5360,10035.0,10036.0,brown,1
J2947,I8384,16542.0,16543.0,brown,1
J2947,I10945,21802.0,21806.0,green,2
J2947,I13825,27222.0,27224.0,green,1
J1210,I2959,5108.0,5112.0,brown,1
J1210,I10648,21236.0,21240.0,green,1
J1210,I10752,21426.0,21430.0,green,1
J4016,I6359,12102.0,12105.0,green,1
J4016,I6871,13202.0,13204.0,green,1
J4016,I8439,16635.0,16641.0,green,1
J1857,I2676,4543.0,4546.0,green,1
J1857,I2772,4723.0,4728.0,green,1
J1857,I5140,9520.0,9528.0,green,1
J1857,I5588,10516.0,10517.0,green,1
J1857,I7572,14785.0,14786.0,brown,1
J1857,I9080,18037.0,18041.0,green,1
J3339,I8113,15934.0,15940.0,green,5
J611,I1645,2645.0,2649.0,green,3
J611,I2957,5103.0,5107.0,green,1
J2711,I7243,14005.0,14009.0,green,2
J2711,I7435,14488.0,14492.0,green,2
J2711,I8419,16612.0,16616.0,green,1
J2711,I8536,16857.0,16859.0,green,1
J146,I433,635.0,637.0,green,1
J1797,I6344,12065.0,12070.0,green,1
J2816,I4836,8875.0,8884.0,green,1
J2816,I4996,9228.0,9232.0,green,1
J2816,I6595,12626.0,12629.0,brown,1
J2816,I6979,13414.0,13416.0,brown,2
J4356,I13309,26354.0,26358.0,green,4
J3368,I3791,6781.0,6784.0,green,1
J3368,I4687,8567.0,8571.0,green,1
J3368,I5487,10315.0,10317.0,green,2
J3884,I7596,14821.0,14824.0,brown,3
J3884,I7660,14982.0,14983.0,brown,1
J3884,I7724,15128.0,15129.0,brown,1
J3884,I12525,24948.0,24952.0,green,1
J4490,I10240,20392.0,20396.0,green,4
J4663,I8480,16729.0,16731.0,brown,1
J4663,I8672,17187.0,17188.0,brown,1
J4663,I9249,18360.0,18363.0,green,1
J4663,I11841,23649.0,23655.0,green,1
J3301,I7727,15133.0,15146.0,green,2
J3301,I8239,16217.0,16221.0,green,1
J3301,I8527,16828.0,16830.0,green,1
J3301,I8559,16922.0,16926.0,green,2
J1653,I620,923.0,928.0,green,3
J1653,I1228,1937.0,1941.0,green,1
J1653,I3180,5563.0,5572.0,green,1
J1653,I5996,11359.0,11361.0,green,1
J3361,I4373,7911.0,7912.0,green,1
J3361,I4405,7971.0,7974.0,green,3
J3361,I4885,8994.0,8996.0,green,1
J3361,I5685,10724.0,10730.0,green,1
J2604,I4469,8124.0,8125.0,brown,1
J2604,I4597,8365.0,8367.0,brown,1
J580,I882,1364.0,1368.0,green,1
J580,I2546,4312.0,4315.0,green,1
J580,I6609,12650.0,12653.0,brown,1
J580,I6930,13299.0,13301.0,green,1
J580,I9714,19302.0,19303.0,green,1
J4187,I9796,19454.0,19455.0,brown,1
J4187,I11109,22140.0,22144.0,green,2
J4187,I11205,22349.0,22355.0,green,2
J4187,I11333,22623.0,22625.0,green,1
J2468,I5247,9765.0,9777.0,green,4
J2468,I7710,15088.0,15090.0,brown,2
J4115,I12711,25286.0,25292.0,green,3
J2764,I4013,7172.0,7173.0,green,1
J2764,I4045,7247.0,7250.0,green,2
J2764,I4077,7325.0,7335.0,green,2
J1980,I2400,4041.0,4042.0,brown,1
J1980,I3328,5833.0,5836.0,brown,1
J1980,I3617,6436.0,6441.0,green,1
J1980,I5345,9994.0,9999.0,green,1
J1980,I7264,14062.0,14064.0,brown,1
J1980,I12585,25049.0,25054.0,green,1
J170,I467,684.0,685.0,brown,1
J170,I500,732.0,733.0,green,1
J170,I532,781.0,783.0,green,1
J170,I1652,2663.0,2666.0,green,2
J1714,I4165,7524.0,7527.0,brown,1
J1714,I4294,7767.0,7769.0,green,2
J1714,I4326,7823.0,7826.0,green,2
J1714,I4646,8476.0,8477.0,green,1
J3232,I7038,13535.0,13538.0,brown,1
J3232,I9886,19655.0,19658.0,brown,1
J2110,I1128,1766.0,1768.0,green,2
J2110,I1512,2406.0,2408.0,green,2
J2110,I4968,9172.0,9181.0,green,1
J2110,I8268,16289.0,16297.0,green,1
J588,I882,1364.0,1368.0,green,1
J588,I913,1407.0,1408.0,brown,1
J588,I2265,3813.0,3817.0,brown,2
J588,I2817,4824.0,4825.0,brown,1
J588,I2866,4926.0,4928.0,green,1
J555,I1914,3138.0,3144.0,green,2
J555,I2458,4137.0,4141.0,green,1
J555,I2778,4736.0,4741.0,green,1
J2591,I2674,4538.0,4540.0,green,2
J2591,I4626,8421.0,8433.0,green,2
J2591,I7794,15283.0,15291.0,green,1
J2591,I9330,18546.0,18557.0,green,1
J2730,I5846,11090.0,11093.0,brown,1
J2730,I9623,19129.0,19133.0,green,1
J2730,I10487,20889.0,20894.0,green,2
J2730,I10551,21051.0,21056.0,green,1
J2730,I11671,23305.0,23308.0,green,1
J3797,I4263,7703.0,7705.0,brown,2
J3797,I4295,7769.0,7770.0,brown,1
J3797,I4423,8015.0,8017.0,brown,1
J3797,I11080,22080.0,22082.0,green,1
J3797,I12200,24336.0,24340.0,green,1
J3016,I8133,15985.0,15988.0,brown,1
J3016,I8166,16055.0,16059.0,green,2
J2292,I4082,7340.0,7341.0,brown,1
J2292,I7891,15487.0,15490.0,green,1
J2292,I9810,19498.0,19503.0,brown,1
J2292,I11315,22588.0,22591.0,green,2
J2292,I13363,26451.0,26458.0,green,1
J1938,I227,325.0,326.0,brown,1
J1938,I4644,8474.0,8475.0,green,1
J1938,I10500,20926.0,20927.0,brown,1
J1938,I11780,23518.0,23526.0,green,2
J1938,I12948,25718.0,25725.0,green,1
J3504,I5908,11210.0,11213.0,brown,1
J3504,I9237,18321.0,18334.0,green,1
J349,I755,1166.0,1167.0,green,1
J349,I788,1215.0,1219.0,green,1
J349,I1012,1586.0,1587.0,green,1
J349,I1556,2480.0,2485.0,green,1
J349,I4084,7342.0,7346.0,green,2
J4558,I6768,12970.0,12971.0,brown,1
J4558,I8016,15727.0,15728.0,brown,1
J4558,I8272,16306.0,16310.0,brown,1
J4558,I10672,21291.0,21293.0,brown,1
J1240,I13234,26233.0,26239.0,green,1
J1240,I13266,26286.0,26288.0,green,1
J1240,I13618,26873.0,26874.0,green,1
J4181,I4275,7732.0,7735.0,brown,3
J4181,I12804,25454.0,25461.0,green,1
J4181,I12948,25718.0,25725.0,green,1
J3392,I10117,20152.0,20157.0,green,3
J1535,I5532,10413.0,10415.0,brown,2
J1535,I6044,11464.0,11470.0,brown,1
J4266,I1741,2835.0,2836.0,brown,1
J4266,I4653,8494.0,8500.0,brown,1
J4266,I6222,11835.0,11838.0,green,1
J4266,I12877,25589.0,25593.0,brown,1
J2943,I2444,4114.0,4118.0,brown,4
J1671,I3772,6749.0,6751.0,green,2
J1671,I3804,6805.0,6808.0,green,3
J1671,I9948,19800.0,19801.0,green,1
J3915,I9274,18408.0,18411.0,brown,1
J3915,I11835,23635.0,23638.0,green,1
J3915,I13915,27389.0,27390.0,green,1
J3915,I14652,28604.0,28605.0,green,1
J744,I2638,4477.0,4482.0,green,1
J744,I2735,4648.0,4650.0,green,1
J744,I3407,5977.0,5981.0,green,1
J744,I4511,8197.0,8200.0,green,1
J744,I4939,9118.0,9121.0,green,1
J744,I5163,9567.0,9573.0,green,1
J3375,I8668,17176.0,17183.0,green,1
J3375,I8700,17238.0,17242.0,green,1
J3375,I11291,22545.0,22547.0,brown,1
J3375,I12060,24079.0,24083.0,green,2
J3375,I14076,27660.0,27663.0,green,1
J3691,I4755,8696.0,8698.0,green,1
J3691,I8339,16444.0,16447.0,green,1
J2543,I3768,6742.0,6744.0,green,1
J2543,I3896,6959.0,6962.0,green,1
J2543,I4952,9142.0,9144.0,green,2
J2543,I7608,14850.0,14856.0,green,2
J2639,I1840,3017.0,3021.0,brown,1
J2639,I2704,4594.0,4596.0,brown,1
J2639,I9841,19564.0,19572.0,green,1
J2639,I11057,22034.0,22036.0,green,2
J2639,I13009,25849.0,25859.0,green,1
J1430,I2090,3460.0,3466.0,brown,2
J1430,I14671,28633.0,28637.0,green,2
J1430,I14923,29036.0,29039.0,green,2
J554,I4968,9172.0,9181.0,green,2
J554,I7432,14481.0,14484.0,green,2
J554,I7528,14696.0,14698.0,green,1
J3147,I5659,10669.0,10675.0,green,1
J3147,I6810,13067.0,13069.0,brown,1
J3147,I8347,16460.0,16461.0,green,1
J3147,I8379,16529.0,16532.0,green,2
J3147,I12767,25384.0,25388.0,green,1
J1156,I871,1346.0,1348.0,green,1
J1156,I4391,7943.0,7947.0,green,1
J1156,I6374,12139.0,12140.0,brown,1
J2474,I1954,3221.0,3222.0,brown,1
J2474,I2018,3330.0,3331.0,brown,1
J2474,I3011,5238.0,5240.0,green,2
J2474,I8803,17466.0,17467.0,brown,1
J2474,I10915,21748.0,21752.0,green,1
J3559,I6093,11558.0,11560.0,brown,1
J3559,I6765,12965.0,12967.0,brown,2
J3559,I8622,17069.0,17082.0,green,1
J2365,I3579,6348.0,6353.0,green,1
J2365,I7898,15499.0,15500.0,brown,1
J2365,I9275,18411.0,18413.0,green,2
J2365,I9307,18492.0,18495.0,green,2
J2479,I8985,17833.0,17841.0,green,3
J4836,I13696,26988.0,26992.0,green,2
J1459,I352,507.0,509.0,green,1
J1459,I448,654.0,656.0,green,2
J1459,I480,699.0,701.0,green,1
J4364,I11031,21973.0,21979.0,green,1
J4364,I11895,23735.0,23741.0,green,1
J4364,I14455,28277.0,28279.0,green,2
J2040,I5394,10105.0,10112.0,green,5
J2040,I5490,10322.0,10323.0,green,1
J3806,I10420,20761.0,20765.0,green,2
J3806,I10812,21551.0,21553.0,green,2
J1288,I141,188.0,189.0,green,1
J1288,I1293,2039.0,2041.0,brown,1
J1288,I2125,3534.0,3540.0,green,2
J1288,I2413,4057.0,4061.0,green,2
J4243,I5123,9489.0,9491.0,brown,1
J4243,I6851,13162.0,13165.0,brown,1
J4243,I13252,26267.0,26269.0,green,2
J963,I3096,5391.0,5394.0,brown,1
J963,I3256,5714.0,5716.0,brown,2
J963,I3513,6234.0,6235.0,green,1
J963,I3693,6588.0,6592.0,green,1
J963,I4301,7784.0,7786.0,green,1
J157,I386,558.0,560.0,green,1
J157,I546,805.0,807.0,green,2
J157,I1154,1815.0,1817.0,green,1
J157,I3446,6066.0,6068.0,green,2
J1375,I2768,4715.0,4717.0,green,2
J1375,I4176,7544.0,7546.0,green,1
J1375,I10896,21718.0,21721.0,green,1
J1375,I11377,22712.0,22714.0,green,1
J1319,I2171,3618.0,3622.0,green,1
J1319,I2203,3696.0,3697.0,green,1
J1319,I3739,6678.0,6684.0,green,1
J1319,I8667,17175.0,17176.0,green,1
J1319,I8795,17452.0,17453.0,green,1
J1319,I9299,18461.0,18465.0,green,1
J2165,I3545,6290.0,6291.0,brown,1
J2165,I3961,7094.0,7097.0,brown,3
J2165,I5145,9537.0,9538.0,brown,1
J2165,I5593,10524.0,10525.0,brown,1
J974,I2012,3324.0,3325.0,brown,1
J974,I2045,3373.0,3377.0,green,2
J974,I2429,4088.0,4089.0,green,1
J974,I2957,5103.0,5107.0,green,1
J974,I3453,6078.0,6080.0,brown,1
J2189,I6298,11978.0,11983.0,green,1
J2189,I6842,13145.0,13148.0,green,2
J1080,I3127,5447.0,5449.0,green,2
J1080,I10647,21235.0,21236.0,green,1
J1080,I10783,21491.0,21492.0,green,1
J3474,I14963,29101.0,29105.0,green,1
J2134,I3476,6132.0,6142.0,green,1
J2134,I11028,21964.0,21970.0,green,2
J2877,I7548,14732.0,14735.0,brown,1
J2877,I13821,27212.0,27215.0,green,2
J2877,I13885,27334.0,27336.0,green,1
J2869,I4279,7739.0,7741.0,brown,1
J2869,I4471,8127.0,8128.0,brown,1
J2869,I5431,10196.0,10200.0,brown,1
J2869,I12744,25341.0,25342.0,green,1
J3703,I11725,23416.0,23417.0,brown,1
J3703,I12397,24697.0,24699.0,brown,1
J3703,I12846,25530.0,25532.0,green,1
J3703,I12942,25709.0,25710.0,green,1
J3703,I12974,25780.0,25782.0,green,2
J870,I1852,3034.0,3035.0,brown,1
J870,I2108,3501.0,3505.0,brown,1
J870,I11805,23564.0,23568.0,green,1
J870,I15005,29170.0,29171.0,green,1
J4291,I4142,7470.0,7473.0,brown,3
J4291,I4143,7473.0,7474.0,green,1
J4291,I6159,11691.0,11696.0,green,1
J4291,I6927,13293.0,13295.0,brown,1
J4333,I7234,13975.0,13980.0,green,1
J4333,I7297,14153.0,14155.0,brown,1
J4333,I7809,15329.0,15330.0,brown,1
J4333,I13122,26041.0,26043.0,green,2
J1488,I6879,13215.0,13216.0,green,1
J1488,I7039,13538.0,13540.0,brown,1
J1488,I7519,14682.0,14684.0,green,2
J1488,I10287,20472.0,20476.0,green,2
J2247,I3811,6823.0,6824.0,green,1
J2247,I6563,12562.0,12572.0,green,1
J2247,I7459,14544.0,14545.0,brown,1
J2247,I9187,18237.0,18239.0,green,1
J2452,I6911,13262.0,13263.0,brown,1
J2452,I8448,16663.0,16669.0,green,1
J2452,I12448,24798.0,24804.0,green,2
J1182,I574,846.0,848.0,brown,1
J1182,I575,848.0,849.0,green,1
J1182,I607,898.0,900.0,green,2
J1182,I5247,9765.0,9777.0,green,2
J4388,I12323,24554.0,24555.0,green,1
J4388,I12387,24669.0,24674.0,green,2
J4388,I12419,24746.0,24747.0,brown,1
J4388,I13251,26266.0,26267.0,green,1
J4388,I13891,27346.0,27349.0,green,1
J2809,I4289,7753.0,7755.0,brown,1
J2809,I8258,16248.0,16264.0,green,2
J2809,I13378,26478.0,26479.0,green,1
J3823,I8792,17446.0,17447.0,green,1
J3823,I11496,22965.0,22970.0,green,2
J3823,I13624,26884.0,26890.0,green,2
J3323,I8720,17284.0,17286.0,green,2
J3323,I9104,18087.0,18089.0,green,1
J3323,I9328,18537.0,18542.0,green,3
J541,I753,1158.0,1163.0,green,2
J541,I4529,8230.0,8233.0,green,2
J541,I5873,11143.0,11145.0,green,1
J541,I7281,14099.0,14105.0,green,1
J4884,I13056,25936.0,25938.0,brown,1
J4884,I13216,26202.0,26204.0,brown,2
J1578,I1931,3173.0,3174.0,green,1
J1578,I2059,3397.0,3399.0,green,1
J1578,I5483,10300.0,10306.0,green,2
J1499,I558,822.0,823.0,brown,1
J1499,I4654,8500.0,8501.0,brown,1
J1499,I10494,20907.0,20914.0,brown,1
J1499,I10830,21582.0,21584.0,brown,1
J1499,I11535,23041.0,23044.0,green,2
J2738,I1160,1824.0,1825.0,brown,1
J2738,I1192,1877.0,1879.0,brown,1
J2738,I6984,13420.0,13421.0,brown,1
J2738,I9513,18915.0,18917.0,green,1
J651,I850,1315.0,1316.0,green,1
J651,I1554,2474.0,2476.0,brown,1
J651,I6418,12254.0,12259.0,green,4
J598,I1906,3117.0,3118.0,brown,1
J598,I1907,3118.0,3119.0,green,1
J598,I2451,4125.0,4127.0,green,1
J598,I2483,4192.0,4193.0,green,1
J598,I2779,4741.0,4743.0,green,2
J4815,I7483,14599.0,14601.0,brown,2
J4815,I13468,26639.0,26640.0,green,1
J4815,I13916,27390.0,27394.0,green,1
J982,I2650,4495.0,4499.0,green,4
J982,I3002,5220.0,5222.0,green,1
J1538,I4666,8518.0,8519.0,brown,1
J1538,I7291,14137.0,14141.0,green,1
J3875,I6964,13381.0,13383.0,brown,1
J3875,I7317,14218.0,14221.0,green,1
J3875,I12341,24586.0,24592.0,green,1
J3875,I13937,27421.0,27424.0,green,2
J3875,I14057,27611.0,27614.0,green,1
J2142,I4551,8282.0,8284.0,green,2
J2142,I4775,8738.0,8740.0,green,1
J2142,I8787,17438.0,17439.0,green,1
J3547,I3321,5824.0,5825.0,brown,1
J3547,I10329,20558.0,20563.0,brown,1
J3547,I12698,25263.0,25266.0,green,3
J830,I2199,3689.0,3692.0,green,1
J830,I5687,10738.0,10740.0,green,1
J830,I7543,14726.0,14727.0,green,1
J830,I9687,19251.0,19253.0,green,2
J1928,I5130,9498.0,9499.0,brown,1
J1928,I12235,24397.0,24404.0,green,2
J1928,I14027,27554.0,27561.0,green,2
J4775,I9861,19602.0,19604.0,green,2
J953,I1249,1973.0,1974.0,green,1
J953,I1761,2871.0,2874.0,green,2
J953,I2529,4279.0,4281.0,green,1
J953,I4939,9118.0,9121.0,green,1
J3100,I3931,7029.0,7037.0,green,2
J3100,I8843,17557.0,17560.0,brown,1
J3100,I9795,19447.0,19454.0,green,1
J3100,I9923,19731.0,19736.0,green,2
J3570,I7482,14595.0,14599.0,green,1
J3570,I7673,15007.0,15010.0,brown,1
J3570,I9146,18157.0,18158.0,green,1
J3570,I11226,22422.0,22424.0,green,2
J1320,I2867,4928.0,4930.0,green,2
J1320,I3571,6333.0,6334.0,green,1
J1320,I4435,8040.0,8052.0,green,2
J451,I1688,2728.0,2729.0,brown,1
J451,I12985,25807.0,25810.0,green,1
J451,I14492,28346.0,28350.0,green,1
J2227,I3047,5303.0,5305.0,green,2
J2227,I9879,19641.0,19643.0,green,1
J2227,I10047,20014.0,20022.0,green,1
J2227,I10071,20068.0,20069.0,green,1
J2227,I10103,20122.0,20124.0,green,1
J1711,I1817,2982.0,2983.0,brown,1
J1711,I2170,3614.0,3618.0,green,3
J1711,I2202,3694.0,3696.0,green,2
J1826,I5246,9761.0,9765.0,green,2
J1826,I7485,14607.0,14612.0,brown,1
J1826,I8573,16955.0,16957.0,brown,1
J1826,I9790,19437.0,19438.0,green,1
J1291,I3376,5921.0,5923.0,brown,1
J1291,I3409,5992.0,5997.0,green,1
J1291,I5297,9872.0,9877.0,green,1
J1409,I1849,3030.0,3032.0,brown,1
J1409,I5754,10892.0,10908.0,green,2
J1409,I7706,15071.0,15078.0,green,2
J1409,I10138,20192.0,20193.0,green,1
J4845,I6711,12840.0,12841.0,brown,1
J4845,I14776,28808.0,28812.0,green,3
J4845,I14784,28825.0,28826.0,green,1
J4845,I15304,29637.0,29638.0,green,1
J1592,I12369,24635.0,24638.0,green,3
J1592,I12423,24754.0,24756.0,green,1
J821,I534,787.0,790.0,green,1
J821,I1494,2376.0,2379.0,green,1
J821,I2006,3307.0,3312.0,green,1
J821,I6437,12296.0,12301.0,brown,1
J3708,I3469,6113.0,6114.0,brown,1
J3708,I3757,6722.0,6723.0,brown,1
J3708,I3885,6947.0,6949.0,brown,2
J3708,I4141,7468.0,7470.0,brown,1
J3708,I10221,20356.0,20359.0,brown,1
J1668,I3768,6742.0,6744.0,green,1
J1668,I3800,6795.0,6800.0,green,1
J1668,I3991,7143.0,7145.0,brown,1
J1668,I4759,8702.0,8705.0,brown,1
J1668,I12200,24336.0,24340.0,green,1
J1668,I12408,24722.0,24730.0,green,1
J327,I278,401.0,403.0,green,2
J327,I630,939.0,941.0,green,1
J327,I790,1220.0,1222.0,green,2
J327,I822,1267.0,1272.0,green,1
J4629,I7300,14158.0,14161.0,brown,3
J4723,I9300,18465.0,18467.0,green,1
J4723,I9491,18874.0,18876.0,brown,2
J4723,I9587,19053.0,19054.0,brown,1
J4723,I9715,19303.0,19304.0,brown,1
J4723,I14636,28580.0,28581.0,green,1
J3458,I5521,10394.0,10398.0,brown,1
J3458,I5874,11145.0,11146.0,green,1
J3458,I8722,17287.0,17292.0,green,3
J3458,I10678,21301.0,21304.0,green,1
J343,I1143,1797.0,1798.0,brown,1
J343,I9559,18996.0,18998.0,brown,1
J343,I13248,26257.0,26259.0,green,1
J343,I13304,26346.0,26348.0,green,1
J343,I14776,28808.0,28812.0,green,1
J2179,I2386,4011.0,4016.0,green,1
J2179,I3570,6332.0,6333.0,green,1
J2179,I7890,15478.0,15487.0,green,2
J2179,I8818,17505.0,17506.0,green,1
J2179,I11826,23606.0,23609.0,green,1
J3231,I930,1443.0,1444.0,brown,1
J3231,I2755,4688.0,4694.0,green,2
J3025,I6728,12882.0,12889.0,green,2
J3025,I6855,13168.0,13169.0,brown,1
J3025,I7079,13613.0,13614.0,brown,1
J3025,I7591,14812.0,14814.0,brown,1
J3025,I7655,14953.0,14954.0,brown,1
J1431,I1863,3047.0,3051.0,green,1
J1431,I3911,6996.0,6997.0,green,1
J1431,I3943,7060.0,7062.0,green,1
J1431,I7111,13677.0,13680.0,green,2
J1431,I7264,14062.0,14064.0,brown,1
J3720,I6842,13145.0,13148.0,green,1
J3720,I6873,13205.0,13208.0,brown,2
J4737,I6405,12221.0,12227.0,green,1
J4737,I6468,12375.0,12377.0,brown,1
J4737,I6564,12572.0,12574.0,brown,1
J4737,I6596,12629.0,12630.0,brown,1
J4737,I8325,16418.0,16422.0,green,2
J2974,I6996,13449.0,13451.0,green,1
J2974,I7188,13859.0,13867.0,green,3
J2974,I11484,22942.0,22946.0,green,2
J4124,I6044,11464.0,11470.0,brown,1
J4124,I11644,23267.0,23271.0,brown,1
J4124,I13073,25962.0,25964.0,green,1
J3653,I5859,11122.0,11124.0,brown,2
J3653,I6211,11815.0,11818.0,brown,2
J3653,I11236,22448.0,22449.0,green,1
J4155,I8972,17812.0,17813.0,brown,1
J4155,I8973,17813.0,17814.0,green,1
J4155,I9005,17874.0,17877.0,green,2
J4155,I9069,18015.0,18020.0,green,1
J4155,I14733,28734.0,28738.0,green,1
J226,I538,794.0,796.0,green,1
J226,I2746,4672.0,4674.0,green,1
J226,I4090,7354.0,7360.0,green,1
J226,I5754,10892.0,10908.0,green,2
J226,I7766,15222.0,15223.0,green,1
J3201,I3689,6578.0,6585.0,green,2
J3201,I5865,11130.0,11132.0,green,1
J3201,I6856,13169.0,13170.0,brown,1
J3201,I10521,20976.0,20982.0,green,1
J2010,I555,819.0,820.0,brown,1
J2010,I6731,12893.0,12896.0,brown,1
J2010,I7116,13687.0,13693.0,green,1
J2010,I8171,16065.0,16067.0,brown,1
J2010,I8940,17751.0,17759.0,green,2
J1366,I3117,5431.0,5435.0,green,4
J1366,I3277,5757.0,5759.0,green,2
J2377,I4372,7909.0,7911.0,green,1
J2377,I6100,11570.0,11572.0,green,1
J2377,I12554,24999.0,25001.0,green,1
J77,I3373,5913.0,5918.0,green,1
J77,I4077,7325.0,7335.0,green,1
J77,I5805,11010.0,11011.0,green,1
J2754,I5025,9309.0,9321.0,green,2
J2754,I9411,18722.0,18726.0,green,1
J2754,I9545,18965.0,18969.0,green,3
J207,I878,1357.0,1358.0,brown,1
J207,I13486,26664.0,26665.0,brown,1
J1680,I8691,17224.0,17229.0,green,1
J1680,I11442,22841.0,22844.0,brown,1
J1680,I11443,22844.0,22848.0,green,1
J1680,I11858,23678.0,23681.0,brown,1
J1680,I13875,27315.0,27318.0,green,1
J3916,I11559,23097.0,23100.0,green,1
J3916,I11590,23162.0,23163.0,brown,1
J3916,I11622,23230.0,23232.0,brown,1
J3916,I12775,25400.0,25403.0,green,2
J3260,I9329,18542.0,18546.0,green,3
J3260,I9456,18800.0,18802.0,brown,1
J3260,I9905,19697.0,19703.0,green,1
J41,I457,669.0,670.0,green,1
J41,I3241,5691.0,5692.0,green,1
J41,I5225,9718.0,9725.0,green,1
J41,I5385,10086.0,10089.0,green,1
J41,I5865,11130.0,11132.0,green,1
J41,I7353,14303.0,14304.0,green,1
J4790,I7783,15270.0,15271.0,brown,1
J4790,I7815,15340.0,15341.0,brown,1
J4790,I7911,15525.0,15528.0,brown,1
J4790,I11464,22893.0,22894.0,green,1
J717,I4410,7989.0,7993.0,green,2
J717,I10874,21666.0,21667.0,green,1
J717,I12858,25550.0,25551.0,green,1
J717,I12986,25810.0,25814.0,green,1
J3030,I4488,8152.0,8153.0,green,1
J3030,I5320,9944.0,9947.0,green,3
J3030,I6760,12950.0,12957.0,green,1
J87,I2861,4918.0,4920.0,green,2
J87,I6285,11956.0,11960.0,green,2
J87,I8845,17562.0,17564.0,green,1
J87,I10381,20683.0,20693.0,green,1
J591,I1905,3114.0,3117.0,green,2
J591,I2049,3383.0,3385.0,green,1
J591,I2081,3438.0,3444.0,green,1
J4543,I9289,18447.0,18448.0,brown,1
J4543,I12938,25696.0,25700.0,green,1
J4543,I14154,27783.0,27788.0,green,1
J125,I202,288.0,289.0,green,1
J125,I266,385.0,386.0,brown,1
J125,I3402,5965.0,5969.0,green,1
J125,I4634,8445.0,8450.0,green,1
J3008,I6099,11568.0,11570.0,green,1
J3008,I6419,12259.0,12263.0,green,3
J3008,I8259,16264.0,16273.0,green,1
J3008,I9730,19328.0,19330.0,brown,1
J342,I592,871.0,873.0,brown,1
J342,I657,987.0,989.0,green,1
J342,I753,1158.0,1163.0,green,1
J342,I3985,7134.0,7135.0,green,1
J342,I5073,9401.0,9405.0,green,1
J4621,I15095,29323.0,29325.0,green,2
J4621,I15159,29424.0,29425.0,green,1
J4621,I15191,29476.0,29477.0,green,1
J4621,I15223,29520.0,29522.0,green,1
J1870,I5085,9422.0,9423.0,brown,1
J1870,I5277,9826.0,9830.0,brown,2
J1870,I11646,23273.0,23276.0,green,2
J1870,I11710,23390.0,23391.0,green,1
J2714,I6814,13073.0,13074.0,green,1
J2714,I6846,13154.0,13156.0,green,2
J2714,I6942,13337.0,13340.0,green,3
J3488,I6937,13313.0,13317.0,green,1
J3488,I7225,13948.0,13957.0,green,2
J229,I901,1392.0,1394.0,green,2
J229,I1701,2752.0,2761.0,green,1
J229,I1765,2885.0,2890.0,green,2
J2871,I9311,18502.0,18504.0,brown,1
J2871,I10288,20476.0,20478.0,green,1
J2871,I11663,23296.0,23297.0,brown,1
J2871,I13087,25987.0,25988.0,green,1
J2871,I13184,26150.0,26151.0,brown,1
J2871,I13260,26277.0,26278.0,green,1
J1421,I818,1260.0,1261.0,green,1
J1421,I819,1261.0,1263.0,green,1
J1421,I1107,1732.0,1733.0,brown,1
J1421,I7203,13912.0,13914.0,green,1
J1421,I7232,13970.0,13973.0,brown,1
J1421,I7235,13980.0,13984.0,green,1
J2929,I7091,13637.0,13638.0,brown,1
J2929,I7124,13705.0,13706.0,green,1
J2929,I7252,14036.0,14037.0,green,1
J2929,I7349,14297.0,14298.0,brown,1
J2929,I12420,24747.0,24751.0,green,1
J2557,I7428,14473.0,14474.0,green,1
J2557,I8260,16273.0,16276.0,green,3
J1302,I2782,4746.0,4748.0,green,2
J1302,I3934,7039.0,7043.0,green,2
J1302,I4414,7997.0,8001.0,green,1
J1302,I5598,10529.0,10535.0,green,1
J2786,I8459,16697.0,16701.0,brown,1
J2786,I8556,16907.0,16916.0,green,3
J2786,I11148,22213.0,22217.0,green,2
J4753,I8671,17186.0,17187.0,brown,1
J4753,I11712,23392.0,23400.0,green,3
J4753,I13663,26948.0,26950.0,brown,1
J4753,I15264,29582.0,29583.0,green,1
J4349,I5709,10785.0,10788.0,green,2
J4349,I7245,14010.0,14015.0,green,2
J4349,I11277,22515.0,22524.0,green,1
J3525,I8547,16885.0,16889.0,green,3
J3525,I8835,17541.0,17543.0,green,1
J1221,I1550,2467.0,2468.0,brown,1
J1221,I1614,2591.0,2592.0,brown,1
J1221,I8175,16071.0,16073.0,green,1
J1221,I9438,18775.0,18777.0,brown,1
J1221,I10766,21456.0,21458.0,brown,2
J2436,I3941,7058.0,7059.0,brown,1
J2436,I4005,7163.0,7164.0,brown,1
J2436,I6341,12059.0,12061.0,brown,1
J2436,I10886,21696.0,21704.0,green,2
J2436,I14766,28792.0,28794.0,green,1
J2709,I4107,7390.0,7392.0,green,1
J2709,I5483,10300.0,10306.0,green,1
J2709,I9290,18448.0,18449.0,brown,1
J2709,I9691,19259.0,19263.0,green,1
J4522,I9060,17995.0,17997.0,green,1
J4522,I9475,18842.0,18847.0,brown,1
J4522,I9763,19385.0,19387.0,brown,2
J4522,I10660,21272.0,21273.0,green,1
J4522,I13124,26044.0,26046.0,green,1
J1148,I8791,17443.0,17446.0,green,1
J1148,I9495,18884.0,18888.0,green,4
J1148,I10710,21350.0,21351.0,green,1
J824,I162,222.0,225.0,green,2
J824,I4642,8469.0,8472.0,green,2
J824,I6386,12162.0,12164.0,green,2
J1507,I4908,9041.0,9047.0,green,1
J1507,I4973,9185.0,9191.0,green,4
J683,I10653,21257.0,21260.0,green,1
J683,I11453,22867.0,22874.0,green,4
J683,I13857,27286.0,27288.0,green,1
J1205,I7055,13571.0,13574.0,brown,1
J1205,I11407,22768.0,22770.0,brown,1
J1205,I12719,25301.0,25303.0,brown,2
J1205,I13615,26869.0,26870.0,brown,1
J3057,I3196,5605.0,5606.0,brown,1
J3057,I3837,6865.0,6871.0,green,2
J3057,I8589,16996.0,16997.0,green,1
J3057,I9607,19092.0,19094.0,brown,1
J2959,I7763,15214.0,15220.0,green,2
J2959,I11123,22168.0,22171.0,green,2
J2959,I12607,25102.0,25106.0,green,1
J4322,I10340,20584.0,20585.0,green,1
J4322,I10436,20788.0,20792.0,green,1
J4322,I10980,21872.0,21873.0,green,1
J1941,I5645,10632.0,10638.0,green,5
J4382,I3308,5802.0,5803.0,brown,1
J4382,I3372,5909.0,5913.0,brown,3
J4382,I12589,25059.0,25063.0,green,1
J4382,I14957,29088.0,29090.0,green,1
J432,I1255,1980.0,1981.0,brown,1
J432,I5416,10169.0,10170.0,green,1
J432,I10984,21886.0,21887.0,green,1
J432,I11016,21935.0,21936.0,green,1
J432,I11024,21957.0,21960.0,green,2
J1020,I3587,6373.0,6375.0,green,2
J1020,I7395,14396.0,14398.0,brown,1
J1020,I8291,16346.0,16348.0,green,1
J1020,I9347,18595.0,18600.0,green,2
J731,I6318,12018.0,12024.0,green,2
J731,I8941,17759.0,17761.0,brown,1
J731,I10605,21154.0,21157.0,brown,1
J2061,I8183,16090.0,16094.0,green,4
J2061,I11255,22483.0,22484.0,brown,1
J3659,I5349,10004.0,10010.0,green,1
J3659,I10148,20227.0,20230.0,brown,1
J3659,I10372,20664.0,20666.0,brown,1
J4920,I12066,24093.0,24099.0,green,1
J4920,I13506,26694.0,26695.0,green,1
J4920,I14978,29123.0,29124.0,green,1
J4920,I15270,29593.0,29595.0,green,2
J4920,I15314,29650.0,29651.0,green,1
J4923,I14631,28572.0,28574.0,brown,2
J4923,I14695,28677.0,28678.0,brown,1
J4923,I14880,28973.0,28974.0,green,1
J4923,I14896,29000.0,29001.0,green,1
J4923,I15024,29200.0,29202.0,green,1
J3722,I10702,21337.0,21339.0,green,2
J3722,I10734,21389.0,21393.0,green,2
J3722,I11230,22433.0,22435.0,brown,1
J46,I59,74.0,76.0,green,1
J46,I123,161.0,162.0,green,1
J46,I4907,9038.0,9041.0,green,2
J4062,I5598,10529.0,10535.0,green,1
J4062,I8733,17313.0,17314.0,brown,1
J4062,I11166,22255.0,22261.0,green,2
J4062,I12984,25800.0,25807.0,green,1
J3513,I8128,15972.0,15977.0,green,5
J3513,I10112,20146.0,20147.0,green,1
J2553,I6484,12414.0,12415.0,green,1
J2553,I6516,12474.0,12482.0,green,1
J2553,I7316,14217.0,14218.0,green,1
J2553,I8856,17592.0,17595.0,green,1
J2553,I9025,17915.0,17927.0,green,2
J2141,I6447,12325.0,12327.0,green,2
J2141,I6831,13122.0,13126.0,green,1
J4511,I10611,21165.0,21169.0,green,4
J4511,I10803,21537.0,21540.0,green,1
J2495,I13946,27435.0,27436.0,green,1
J3898,I10325,20545.0,20547.0,green,2
J3898,I10965,21846.0,21851.0,green,1
J3898,I11029,21970.0,21971.0,green,1
J3898,I11381,22721.0,22725.0,green,2
J271,I1149,1807.0,1808.0,brown,1
J271,I3325,5829.0,5830.0,brown,1
J271,I8317,16399.0,16401.0,brown,1
J3973,I9323,18526.0,18528.0,brown,2
J3973,I9675,19235.0,19236.0,brown,1
J3973,I9804,19474.0,19476.0,green,2
J3973,I9932,19757.0,19761.0,green,1
J2654,I5796,10987.0,10989.0,brown,2
J2654,I10885,21691.0,21696.0,green,1
J2654,I12073,24110.0,24111.0,green,1
J4858,I12944,25711.0,25713.0,brown,2
J4858,I13137,26063.0,26067.0,green,1
J1546,I2234,3754.0,3756.0,green,1
J1546,I4090,7354.0,7360.0,green,3
J1546,I6106,11582.0,11590.0,green,2
J2782,I1164,1828.0,1829.0,brown,1
J2782,I1452,2302.0,2306.0,brown,1
J2782,I6157,11687.0,11689.0,green,2
J2782,I12653,25176.0,25178.0,green,1
J1888,I9425,18746.0,18749.0,brown,1
J1888,I12065,24090.0,24093.0,brown,1
J1888,I12721,25306.0,25307.0,brown,1
J1888,I13489,26669.0,26673.0,brown,2
J187,I146,197.0,199.0,brown,1
J187,I3603,6409.0,6410.0,green,1
J187,I3763,6729.0,6735.0,green,2
J187,I4851,8921.0,8923.0,green,1
J187,I5619,10576.0,10577.0,green,1
J4576,I6811,13069.0,13070.0,brown,1
J4576,I10524,20984.0,20986.0,green,1
J4576,I13883,27331.0,27333.0,brown,1
J151,I415,608.0,612.0,green,1
J151,I1791,2935.0,2941.0,green,2
J4157,I11091,22099.0,22102.0,green,1
J4157,I11635,23252.0,23255.0,green,3
J4157,I13907,27372.0,27376.0,green,2
J3834,I5201,9657.0,9658.0,green,1
J3834,I5265,9807.0,9811.0,green,1
J3834,I5297,9872.0,9877.0,green,2
J3490,I3386,5939.0,5941.0,brown,1
J4327,I6892,13235.0,13236.0,brown,1
J4327,I6924,13283.0,13286.0,brown,1
J4327,I7021,13491.0,13494.0,green,1
J4327,I9165,18187.0,18190.0,green,1
J4327,I10413,20750.0,20752.0,green,1
J4327,I15353,29717.0,29719.0,green,1
J3207,I4989,9219.0,9222.0,green,2
J3207,I5021,9297.0,9299.0,green,1
J3207,I7997,15689.0,15690.0,green,1
J4551,I6077,11528.0,11529.0,brown,1
J4551,I10493,20905.0,20907.0,brown,1
J4551,I11646,23273.0,23276.0,green,1
J4551,I15134,29383.0,29384.0,green,1
J4976,I15348,29710.0,29711.0,green,1
J4976,I15444,29848.0,29849.0,green,1
J2123,I6177,11738.0,11740.0,brown,1
J2123,I7778,15254.0,15257.0,green,2
J2123,I7810,15330.0,15335.0,green,2
J2123,I11905,23756.0,23758.0,brown,1
J334,I856,1323.0,1326.0,green,2
J334,I887,1373.0,1375.0,brown,1
J334,I3800,6795.0,6800.0,green,3
J1378,I4046,7250.0,7253.0,green,2
J1378,I4462,8109.0,8113.0,green,4
J10,I192,271.0,272.0,green,1
J10,I5344,9987.0,9994.0,green,2
J10,I9376,18648.0,18655.0,green,2
J3296,I6821,13101.0,13103.0,brown,1
J3296,I6917,13274.0,13275.0,brown,1
J3296,I7013,13479.0,13480.0,brown,1
J3296,I10053,20034.0,20035.0,brown,1
J3296,I13606,26857.0,26858.0,green,1
J2031,I1169,1835.0,1837.0,green,1
J2031,I2161,3602.0,3605.0,green,2
J2031,I2833,4861.0,4865.0,green,1
J2031,I4145,7476.0,7477.0,green,1
J135,I332,475.0,476.0,green,1
J135,I364,524.0,525.0,green,1
J135,I632,942.0,943.0,green,1
J135,I844,1299.0,1300.0,green,1
J135,I940,1457.0,1467.0,green,2
J2749,I2983,5168.0,5173.0,green,1
J2749,I4710,8618.0,8621.0,brown,1
J2749,I8391,16561.0,16565.0,green,1
J2749,I9095,18060.0,18061.0,green,1
J2749,I9119,18113.0,18117.0,green,2
J2249,I5835,11069.0,11070.0,green,1
J2249,I5867,11134.0,11136.0,green,2
J2249,I5899,11185.0,11186.0,green,1
J2249,I6027,11427.0,11428.0,green,1
J3427,I2961,5117.0,5118.0,green,1
J3427,I11249,22469.0,22476.0,green,1
J3427,I11601,23189.0,23192.0,green,1
J3427,I13489,26669.0,26673.0,brown,1
J3427,I13777,27120.0,27126.0,green,2
J68,I59,74.0,76.0,green,1
J68,I171,237.0,238.0,green,1
J68,I195,274.0,277.0,green,1
J68,I427,628.0,630.0,green,1
J68,I747,1147.0,1149.0,green,1
J857,I55,69.0,70.0,green,1
J857,I151,208.0,209.0,green,1
J857,I7127,13715.0,13722.0,green,1
J857,I8575,16960.0,16963.0,green,2
J857,I8823,17515.0,17523.0,green,1
J688,I2859,4905.0,4911.0,green,1
J688,I3435,6045.0,6046.0,green,1
J688,I7627,14899.0,14902.0,green,1
J688,I9299,18461.0,18465.0,green,1
J3263,I6516,12474.0,12482.0,green,1
J3263,I9284,18436.0,18439.0,green,1
J4294,I5931,11246.0,11248.0,brown,2
J4294,I6156,11685.0,11687.0,green,1
J2982,I5308,9912.0,9915.0,brown,1
J2982,I12253,24438.0,24441.0,green,3
J2982,I12285,24487.0,24489.0,green,1
J2982,I14461,28287.0,28288.0,green,1
J3270,I7843,15397.0,15401.0,green,3
J3270,I7907,15517.0,15522.0,green,2
J3270,I10795,21522.0,21526.0,green,1
J1422,I2994,5196.0,5198.0,brown,2
J1422,I9075,18030.0,18032.0,green,1
J1422,I9938,19773.0,19775.0,brown,1
J1422,I12307,24528.0,24531.0,green,2
J4012,I2538,4294.0,4297.0,brown,1
J4012,I9642,19166.0,19167.0,brown,1
J4012,I13019,25869.0,25873.0,green,1
J4012,I13515,26704.0,26705.0,green,1
J466,I1394,2202.0,2203.0,brown,1
J466,I1522,2420.0,2422.0,brown,1
J466,I6515,12466.0,12474.0,green,1
J466,I7283,14107.0,14113.0,green,1
J466,I11923,23800.0,23803.0,green,1
J3405,I5735,10845.0,10847.0,brown,1
J3405,I5736,10847.0,10851.0,green,2
J3405,I7624,14882.0,14883.0,green,1
J3405,I8680,17199.0,17205.0,green,1
J935,I2495,4216.0,4218.0,brown,1
J935,I8800,17461.0,17464.0,green,2
J935,I11680,23320.0,23324.0,green,1
J935,I13034,25896.0,25898.0,green,2
J2196,I5668,10689.0,10690.0,brown,1
J2196,I5733,10831.0,10834.0,green,1
J2196,I9508,18908.0,18909.0,brown,1
J2196,I10180,20286.0,20288.0,brown,1
J873,I1826,2992.0,2996.0,green,4
J873,I1922,3156.0,3158.0,green,1
J3978,I6655,12733.0,12735.0,brown,1
J3978,I8832,17538.0,17539.0,green,1
J3978,I11712,23392.0,23400.0,green,2
J4728,I14375,28132.0,28134.0,green,1
J4728,I14956,29085.0,29088.0,green,2
J4728,I15047,29232.0,29236.0,green,3
J1808,I2859,4905.0,4911.0,green,1
J1808,I7307,14178.0,14185.0,green,4
J1808,I11179,22287.0,22291.0,green,1
J177,I649,973.0,975.0,green,2
J177,I681,1020.0,1023.0,green,3
J177,I841,1296.0,1297.0,green,1
J1003,I3837,6865.0,6871.0,green,3
J1003,I3869,6919.0,6922.0,green,1
J1003,I3901,6972.0,6976.0,green,1
J1003,I7872,15451.0,15453.0,brown,1
J3247,I3030,5263.0,5264.0,green,1
J3247,I5590,10519.0,10520.0,green,1
J3247,I5623,10582.0,10584.0,brown,1
J3247,I5814,11028.0,11035.0,green,1
J3247,I5879,11154.0,11155.0,brown,1
J3247,I8151,16017.0,16022.0,brown,1
J2911,I5915,11219.0,11220.0,brown,1
J2911,I12411,24732.0,24735.0,brown,1
J2911,I12748,25349.0,25352.0,green,1
J2911,I14331,28072.0,28073.0,brown,1
J2911,I14555,28448.0,28450.0,brown,1
J1603,I3048,5305.0,5307.0,brown,2
J1603,I3272,5744.0,5750.0,brown,1
J1603,I12489,24872.0,24879.0,green,2
J2922,I7788,15276.0,15277.0,green,1
J2922,I7852,15414.0,15416.0,green,1
J2922,I9404,18707.0,18712.0,green,2
J2197,I1188,1869.0,1871.0,green,1
J2197,I1444,2287.0,2290.0,green,1
J2197,I2756,4694.0,4697.0,green,1
J2197,I6148,11664.0,11670.0,green,1
J2197,I9099,18071.0,18072.0,brown,1
J3027,I1296,2044.0,2048.0,green,1
J3027,I2224,3733.0,3736.0,green,1
J3027,I7248,14025.0,14032.0,green,2
J1784,I3193,5600.0,5601.0,brown,1
J1784,I3642,6484.0,6488.0,green,2
J4956,I9191,18245.0,18246.0,brown,1
J4956,I9223,18292.0,18294.0,brown,1
J4956,I9351,18607.0,18611.0,brown,3
J4956,I14472,28307.0,28313.0,green,1
J4288,I7021,13491.0,13494.0,green,1
J4288,I8652,17139.0,17142.0,brown,1
J4288,I11245,22463.0,22464.0,green,1
J4288,I12589,25059.0,25063.0,green,2
J4288,I13517,26706.0,26707.0,green,1
J4474,I13162,26114.0,26117.0,brown,3
J4474,I13290,26324.0,26326.0,brown,1
J4237,I13060,25942.0,25944.0,brown,2
J4237,I13092,25997.0,25999.0,brown,1
J4237,I14405,28186.0,28187.0,green,1
J4237,I14477,28321.0,28324.0,green,1
J4237,I14597,28521.0,28524.0,green,1
J2447,I2260,3798.0,3799.0,brown,1
J2447,I2677,4546.0,4552.0,green,1
J2447,I9237,18321.0,18334.0,green,1
J2447,I10789,21506.0,21512.0,green,3
J1997,I4097,7376.0,7377.0,brown,1
J1997,I7810,15330.0,15335.0,green,2
J1997,I12066,24093.0,24099.0,green,2
J1997,I12458,24817.0,24818.0,green,1
J1630,I5100,9441.0,9443.0,green,2
J1630,I5644,10629.0,10632.0,green,1
J1562,I66,84.0,85.0,green,1
J1562,I6050,11478.0,11480.0,green,1
J3072,I8050,15800.0,15805.0,green,2
J3072,I8210,16151.0,16154.0,green,1
J1602,I2572,4353.0,4357.0,green,3
J4161,I7217,13930.0,13931.0,brown,1
J4161,I13394,26507.0,26513.0,green,1
J3662,I3748,6698.0,6701.0,brown,1
J1922,I1531,2431.0,2432.0,brown,1
J1922,I1787,2929.0,2931.0,brown,1
J1922,I9803,19472.0,19474.0,brown,1
J1922,I10027,19969.0,19971.0,brown,1
J1922,I12955,25739.0,25741.0,brown,1
J1922,I13115,26032.0,26033.0,brown,1
J1573,I2471,4167.0,4169.0,green,1
J1573,I3143,5487.0,5488.0,green,1
J1573,I5479,10291.0,10294.0,green,1
J1573,I9119,18113.0,18117.0,green,2
J660,I7153,13773.0,13777.0,green,3
J660,I11382,22725.0,22730.0,green,2
J4973,I14154,27783.0,27788.0,green,1
J4973,I15106,29343.0,29353.0,green,1
J3594,I9377,18655.0,18659.0,green,1
J3594,I9504,18902.0,18904.0,brown,1
J3594,I13441,26590.0,26594.0,green,3
J3594,I13799,27169.0,27176.0,green,1
J4449,I6377,12143.0,12145.0,brown,2
J4449,I6409,12239.0,12240.0,brown,1
J4449,I6729,12889.0,12892.0,brown,1
J4449,I6985,13421.0,13429.0,brown,2
J2262,I4089,7352.0,7354.0,green,1
J2262,I4921,9073.0,9077.0,green,1
J2262,I5689,10742.0,10743.0,green,1
J2262,I6649,12722.0,12723.0,green,1
J4657,I13949,27438.0,27439.0,brown,1
J4657,I14014,27537.0,27540.0,green,1
J4657,I14045,27584.0,27585.0,brown,1
J4657,I14301,28029.0,28030.0,brown,1
J4657,I14333,28074.0,28076.0,brown,1
J1706,I3272,5744.0,5750.0,brown,1
J1706,I4360,7888.0,7891.0,brown,1
J1706,I4424,8017.0,8018.0,brown,1
J1706,I6537,12515.0,12519.0,green,2
J1706,I10889,21707.0,21710.0,green,1
J1618,I3476,6132.0,6142.0,green,2
J1618,I9820,19519.0,19521.0,green,1
J1618,I10492,20903.0,20905.0,green,2
J1618,I10520,20975.0,20976.0,green,1
J1505,I3750,6705.0,6707.0,green,2
J1505,I3910,6991.0,6996.0,green,2
J1505,I4038,7235.0,7236.0,green,1
J1505,I4454,8094.0,8096.0,green,1
J3549,I7944,15589.0,15593.0,green,4
J3549,I11208,22361.0,22366.0,green,2
J4238,I12343,24596.0,24597.0,green,1
J4238,I12375,24648.0,24650.0,green,1
J4238,I13479,26653.0,26654.0,green,1
J3603,I2555,4326.0,4328.0,brown,1
J3603,I2620,4442.0,4447.0,green,2
J3603,I4444,8067.0,8071.0,green,1
J3603,I5180,9605.0,9609.0,green,1
J3603,I6940,13322.0,13329.0,green,1
J4614,I10512,20959.0,20963.0,brown,1
J4614,I10576,21107.0,21108.0,brown,1
J4614,I14567,28465.0,28471.0,green,1
J3121,I9358,18619.0,18620.0,green,1
J3121,I9390,18683.0,18686.0,green,3
J3121,I9774,19401.0,19411.0,green,2
J1950,I3019,5248.0,5250.0,brown,1
J1950,I8940,17751.0,17759.0,green,1
J1950,I9036,17943.0,17944.0,green,1
J1950,I11032,21979.0,21983.0,green,3
J3340,I8867,17611.0,17614.0,green,1
J3340,I8899,17659.0,17662.0,green,1
J3340,I9283,18435.0,18436.0,green,1
J3340,I10979,21871.0,21872.0,brown,1
J3340,I12115,24189.0,24191.0,green,1
J3933,I1924,3159.0,3164.0,green,2
J3933,I5316,9931.0,9939.0,green,2
J3933,I8804,17467.0,17468.0,green,1
J3933,I11212,22382.0,22385.0,green,1
J4427,I11509,22998.0,23002.0,green,2
J4427,I13785,27141.0,27144.0,green,1
J4427,I13965,27465.0,27466.0,green,1
J4427,I14329,28069.0,28070.0,green,1
J4027,I4113,7401.0,7402.0,brown,1
J4027,I6993,13441.0,13443.0,brown,1
J4027,I7890,15478.0,15487.0,green,1
J4027,I10337,20577.0,20579.0,brown,1
J1556,I3661,6516.0,6520.0,brown,1
J1556,I4141,7468.0,7470.0,brown,1
J1556,I8013,15722.0,15725.0,brown,2
J1556,I8045,15792.0,15794.0,brown,1
J1556,I13390,26497.0,26503.0,green,1
J2032,I4685,8563.0,8565.0,green,2
J2032,I4749,8684.0,8688.0,green,3
J4630,I9245,18354.0,18356.0,brown,1
J4630,I9341,18577.0,18581.0,brown,2
J4630,I9598,19071.0,19076.0,green,1
J4630,I10014,19936.0,19940.0,green,1
J4630,I14686,28662.0,28665.0,green,1
J3506,I6094,11560.0,11561.0,brown,1
J3506,I7311,14202.0,14205.0,green,2
J3506,I9871,19617.0,19630.0,green,2
J4301,I6364,12115.0,12118.0,brown,1
J4301,I9309,18498.0,18501.0,green,1
J4301,I10140,20194.0,20197.0,brown,1
J4301,I10460,20840.0,20843.0,brown,1
J4301,I12892,25622.0,25624.0,brown,1
J4301,I13276,26306.0,26308.0,brown,1
J2945,I5164,9573.0,9577.0,green,1
J2945,I9100,18072.0,18082.0,green,4
J1791,I5636,10611.0,10619.0,green,5
J1791,I6788,13013.0,13016.0,green,1
J603,I2108,3501.0,3505.0,brown,2
J603,I13821,27212.0,27215.0,green,1
J603,I15053,29248.0,29250.0,green,2
J603,I15057,29255.0,29256.0,green,1
J2567,I7429,14474.0,14475.0,green,1
J2567,I7557,14747.0,14757.0,green,1
J2567,I7621,14876.0,14878.0,green,2
J2567,I7782,15265.0,15270.0,brown,1
J2567,I8805,17468.0,17477.0,green,1
J840,I2219,3722.0,3724.0,green,1
J840,I3467,6108.0,6111.0,green,1
J840,I6923,13281.0,13283.0,green,2
J840,I7531,14700.0,14704.0,green,1
J840,I9691,19259.0,19263.0,green,1
J1924,I2056,3393.0,3394.0,green,1
J1924,I2120,3522.0,3525.0,green,2
J1924,I4840,8889.0,8896.0,green,2
J1924,I5640,10624.0,10625.0,green,1
J2267,I7288,14130.0,14131.0,green,1
J2267,I13920,27398.0,27402.0,green,1
J1019,I3032,5265.0,5266.0,brown,1
J1019,I3097,5394.0,5395.0,green,1
J1019,I6969,13391.0,13396.0,green,1
J248,I956,1490.0,1491.0,brown,1
J248,I989,1545.0,1547.0,green,2
J248,I3453,6078.0,6080.0,brown,1
J248,I7485,14607.0,14612.0,brown,2
J1006,I56,70.0,71.0,green,1
J1006,I140,187.0,188.0,green,1
J1006,I940,1457.0,1467.0,green,3
J1006,I4236,7656.0,7657.0,green,1
J4313,I7469,14567.0,14568.0,brown,1
J4313,I7725,15129.0,15131.0,brown,2
J4313,I7757,15204.0,15205.0,brown,1
J4313,I7917,15536.0,15538.0,brown,2
J663,I4363,7894.0,7899.0,green,3
J663,I4427,8021.0,8027.0,green,1
J663,I9398,18695.0,18698.0,green,1
J663,I9403,18702.0,18707.0,green,1
J4501,I9563,19003.0,19006.0,green,2
J4501,I13147,26084.0,26090.0,green,4
J4819,I8357,16481.0,16482.0,brown,1
J4819,I14982,29127.0,29130.0,green,2
J1207,I3721,6648.0,6650.0,brown,1
J1207,I4490,8154.0,8157.0,green,1
J1207,I10025,19965.0,19966.0,brown,1
J1207,I11466,22896.0,22904.0,green,1
J1207,I12298,24508.0,24512.0,green,2
J923,I919,1416.0,1420.0,green,1
J923,I2999,5205.0,5207.0,green,1
J923,I4119,7415.0,7420.0,green,1
J923,I6391,12173.0,12179.0,green,1
J923,I6886,13226.0,13227.0,brown,1
J4455,I7218,13931.0,13932.0,brown,1
J4455,I12923,25663.0,25668.0,green,2
J4455,I12927,25672.0,25674.0,green,1
J4455,I13427,26566.0,26571.0,green,2
J4929,I6234,11861.0,11863.0,brown,1
J4929,I13019,25869.0,25873.0,green,1
J4929,I14075,27659.0,27660.0,green,1
J4929,I15355,29720.0,29724.0,green,1
J4724,I1520,2417.0,2419.0,brown,2
J4724,I1584,2540.0,2541.0,brown,1
J4724,I15263,29578.0,29582.0,green,1
J4429,I11858,23678.0,23681.0,brown,1
J4429,I13907,27372.0,27376.0,green,1
J4429,I14579,28490.0,28492.0,green,1
J653,I519,764.0,765.0,green,1
J653,I615,913.0,916.0,green,1
J653,I775,1194.0,1195.0,brown,1
J653,I1447,2295.0,2296.0,brown,1
J653,I1735,2825.0,2828.0,green,1
J653,I1799,2950.0,2952.0,green,1
J1498,I3183,5575.0,5578.0,green,1
J1498,I4047,7253.0,7263.0,green,2
J1498,I12047,24056.0,24061.0,green,1
J673,I396,572.0,573.0,green,1
J673,I524,772.0,773.0,brown,1
J673,I684,1025.0,1027.0,brown,1
J673,I1676,2705.0,2708.0,green,1
J673,I2220,3724.0,3727.0,green,1
J673,I4852,8923.0,8927.0,green,1
J2187,I2215,3718.0,3719.0,green,1
J2187,I2375,3997.0,4000.0,green,1
J2187,I5351,10012.0,10015.0,green,1
J3155,I4496,8169.0,8171.0,brown,1
J3155,I4848,8916.0,8919.0,brown,1
J2072,I4687,8567.0,8571.0,green,1
J2072,I6703,12826.0,12828.0,green,1
J2072,I9534,18948.0,18949.0,brown,1
J2072,I9871,19617.0,19630.0,green,1
J2072,I10814,21554.0,21555.0,brown,1
J2831,I8163,16052.0,16053.0,green,1
J2831,I8195,16113.0,16116.0,green,1
J2831,I8259,16264.0,16273.0,green,2
J3550,I8847,17566.0,17577.0,green,1
J3550,I9662,19206.0,19207.0,brown,1
J3550,I9918,19723.0,19726.0,brown,1
J3550,I10494,20907.0,20914.0,brown,1
J3550,I10527,20988.0,21002.0,green,1
J3550,I12223,24374.0,24375.0,green,1
J1150,I1315,2074.0,2075.0,brown,1
J1150,I1443,2286.0,2287.0,brown,1
J1150,I2115,3513.0,3514.0,brown,1
J1150,I10691,21320.0,21322.0,brown,1
J1150,I13220,26208.0,26209.0,green,1
J4193,I3156,5523.0,5524.0,brown,1
J4193,I3252,5709.0,5711.0,brown,2
J4193,I3860,6904.0,6905.0,brown,1
J4193,I6932,13303.0,13304.0,brown,1
J4193,I10516,20967.0,20968.0,brown,1
J1771,I3627,6457.0,6459.0,green,1
J1771,I4395,7957.0,7959.0,green,1
J1771,I6091,11551.0,11556.0,green,1
J1771,I10603,21151.0,21153.0,green,2
J2772,I70,89.0,90.0,green,1
J2772,I166,228.0,231.0,green,1
J2772,I4774,8731.0,8738.0,green,1
J2772,I8630,17094.0,17096.0,green,1
J2140,I1997,3287.0,3289.0,green,1
J2140,I6285,11956.0,11960.0,green,1
J2140,I8621,17066.0,17069.0,green,1
J3358,I1746,2842.0,2843.0,brown,1
J3358,I1778,2910.0,2915.0,brown,2
J3358,I13683,26973.0,26974.0,green,1
J1331,I1924,3159.0,3164.0,green,1
J1331,I2116,3514.0,3516.0,green,1
J1331,I2628,4456.0,4460.0,green,1
J1331,I4452,8089.0,8092.0,green,1
J1331,I6820,13100.0,13101.0,green,1
J1331,I7286,14117.0,14125.0,green,1
J134,I953,1486.0,1487.0,brown,1
J134,I1113,1744.0,1745.0,brown,1
J134,I1946,3206.0,3208.0,green,1
J134,I2170,3614.0,3618.0,green,1
J134,I2714,4608.0,4612.0,green,1
J134,I4542,8257.0,8259.0,green,1
J2568,I5257,9794.0,9796.0,brown,1
J2568,I6058,11492.0,11497.0,green,2
J2568,I6442,12309.0,12314.0,green,2
J4671,I13158,26108.0,26110.0,brown,2
J4671,I13894,27353.0,27354.0,brown,1
J4671,I14086,27675.0,27678.0,brown,2
J4671,I14375,28132.0,28134.0,green,1
J211,I3630,6461.0,6463.0,brown,1
J211,I14543,28425.0,28427.0,green,1
J211,I14703,28688.0,28695.0,green,2
J4366,I7174,13828.0,13832.0,brown,2
J4366,I10439,20794.0,20796.0,green,1
J4366,I12711,25286.0,25292.0,green,1
J4329,I1819,2984.0,2985.0,brown,1
J4329,I10620,21187.0,21189.0,green,2
J4329,I11356,22671.0,22676.0,brown,2
J4329,I13084,25982.0,25985.0,green,1
J3175,I9065,18007.0,18008.0,green,1
J3175,I9097,18065.0,18069.0,green,1
J3175,I10761,21440.0,21449.0,green,2
J1613,I3149,5506.0,5512.0,green,6
J4988,I10269,20437.0,20439.0,brown,1
J4988,I10493,20905.0,20907.0,brown,1
J4988,I13438,26586.0,26587.0,green,1
J309,I2982,5165.0,5168.0,green,2
J309,I3046,5299.0,5303.0,green,2
J309,I10246,20402.0,20408.0,green,1
J309,I10511,20957.0,20959.0,green,1
J4261,I9659,19201.0,19203.0,brown,2
J4261,I9756,19375.0,19377.0,green,1
J4261,I10171,20268.0,20269.0,brown,1
J4261,I12524,24947.0,24948.0,green,1
J3717,I1289,2030.0,2033.0,brown,1
J3717,I1897,3105.0,3106.0,brown,1
J3717,I7593,14816.0,14817.0,brown,1
J3717,I9161,18176.0,18177.0,brown,1
J3717,I10473,20865.0,20866.0,brown,1
J2624,I4845,8911.0,8913.0,brown,2
J2624,I4910,9048.0,9050.0,green,1
J2624,I5229,9731.0,9733.0,brown,2
J1113,I2059,3397.0,3399.0,green,1
J1113,I2155,3588.0,3590.0,green,1
J1113,I2475,4177.0,4179.0,green,1
J1113,I3131,5460.0,5465.0,green,1
J856,I3331,5839.0,5841.0,brown,1
J856,I11180,22291.0,22300.0,green,1
J856,I12940,25702.0,25708.0,green,3
J980,I3077,5357.0,5365.0,green,1
J980,I4388,7933.0,7936.0,brown,1
J980,I7620,14871.0,14876.0,brown,2
J980,I9924,19736.0,19737.0,brown,1
J3171,I4435,8040.0,8052.0,green,2
J3171,I4531,8237.0,8239.0,green,1
J3171,I4627,8433.0,8437.0,green,1
J3171,I5971,11314.0,11317.0,green,1
J3171,I9218,18285.0,18286.0,brown,1
J2840,I6304,11990.0,11991.0,green,1
J2840,I6400,12203.0,12209.0,green,1
J2840,I6432,12283.0,12286.0,brown,1
J2526,I1727,2812.0,2814.0,green,2
J2526,I3679,6550.0,6562.0,green,1
J2526,I5247,9765.0,9777.0,green,1
J1244,I4175,7538.0,7544.0,brown,1
J1244,I5200,9647.0,9657.0,green,1
J1244,I13680,26970.0,26971.0,green,1
J2561,I7650,14946.0,14948.0,green,1
J2561,I7841,15391.0,15396.0,brown,2
J2561,I9227,18298.0,18302.0,brown,2
J2561,I10081,20080.0,20081.0,brown,1
J4680,I11618,23221.0,23224.0,green,2
J4680,I12066,24093.0,24099.0,green,1
J4680,I15138,29389.0,29391.0,green,1
J1937,I871,1346.0,1348.0,green,1
J1937,I1063,1666.0,1668.0,green,1
J1937,I2599,4408.0,4414.0,green,3
J3013,I8713,17270.0,17272.0,green,1
J3013,I9097,18065.0,18069.0,green,1
J3013,I9769,19395.0,19396.0,green,1
J3013,I14252,27953.0,27955.0,green,1
J4168,I6214,11822.0,11826.0,green,1
J4168,I8294,16350.0,16357.0,green,1
J3197,I14059,27615.0,27617.0,green,1
J3197,I14475,28315.0,28318.0,green,1
J3197,I14987,29134.0,29135.0,green,1
J3197,I14995,29147.0,29149.0,green,1
J1364,I397,573.0,575.0,green,1
J1364,I845,1300.0,1302.0,green,1
J1364,I1037,1628.0,1631.0,green,2
J1364,I2189,3660.0,3663.0,green,1
J1364,I2893,4974.0,4978.0,green,1
J3216,I1189,1871.0,1874.0,green,1
J3216,I5061,9382.0,9384.0,green,1
J3216,I6629,12680.0,12683.0,green,2
J3216,I8069,15839.0,15840.0,green,1
J3216,I8581,16971.0,16975.0,green,1
J4869,I10453,20821.0,20824.0,green,2
J4869,I10485,20886.0,20888.0,green,1
J4869,I11221,22403.0,22407.0,green,2
J4869,I15461,29877.0,29878.0,green,1
J544,I1452,2302.0,2306.0,brown,1
J544,I2509,4240.0,4242.0,green,1
J544,I11277,22515.0,22524.0,green,1
J544,I12353,24615.0,24618.0,green,2
J439,I9556,18988.0,18989.0,brown,1
J439,I12917,25653.0,25655.0,green,1
J439,I14133,27741.0,27750.0,green,1
J4446,I3661,6516.0,6520.0,brown,1
J4446,I13518,26707.0,26713.0,green,3
J1033,I8684,17209.0,17210.0,brown,1
J1033,I13521,26716.0,26717.0,green,1
J1033,I13777,27120.0,27126.0,green,1
J4428,I1977,3254.0,3255.0,brown,1
J4428,I11130,22181.0,22183.0,green,2
J4428,I11322,22605.0,22610.0,green,1
J4428,I12794,25435.0,25436.0,green,1
J3650,I5739,10856.0,10859.0,green,2
J3650,I6474,12391.0,12395.0,brown,1
J3650,I8267,16283.0,16289.0,green,1
J3650,I8842,17556.0,17557.0,brown,1
J3650,I8874,17625.0,17626.0,brown,1
J2551,I5084,9421.0,9422.0,green,1
J2551,I8040,15765.0,15775.0,green,1
J2551,I8648,17128.0,17135.0,green,3
J4166,I6422,12265.0,12269.0,brown,3
J4166,I10391,20707.0,20709.0,green,1
J4166,I12055,24070.0,24073.0,green,2
J379,I1341,2113.0,2114.0,brown,1
J379,I4606,8386.0,8388.0,green,1
J4195,I8942,17761.0,17762.0,brown,1
J4195,I8974,17814.0,17816.0,brown,2
J4195,I9071,18021.0,18027.0,green,1
J4195,I9134,18134.0,18140.0,brown,1
J4739,I8234,16206.0,16210.0,brown,1
J4739,I10122,20163.0,20165.0,brown,1
J4739,I12779,25408.0,25410.0,green,1
J1892,I1470,2331.0,2332.0,brown,1
J1892,I1951,3215.0,3217.0,green,1
J1892,I5151,9543.0,9548.0,green,1
J1892,I7743,15170.0,15173.0,green,2
J1031,I3084,5374.0,5376.0,brown,2
J1031,I3692,6587.0,6588.0,brown,1
J1031,I3852,6891.0,6892.0,brown,1
J1031,I6380,12149.0,12153.0,brown,1
J1031,I10381,20683.0,20693.0,green,1
J4503,I3799,6793.0,6795.0,brown,2
J4503,I14040,27578.0,27580.0,green,1
J4503,I14616,28547.0,28549.0,green,1
J4503,I14650,28600.0,28602.0,green,1
J1536,I4715,8626.0,8628.0,brown,1
J1536,I5644,10629.0,10632.0,green,1
J178,I392,567.0,568.0,green,1
J178,I520,765.0,768.0,green,2
J2676,I2068,3413.0,3415.0,brown,1
J2676,I2133,3550.0,3553.0,green,1
J2676,I11705,23374.0,23381.0,green,2
J1286,I2421,4073.0,4080.0,green,1
J1286,I6197,11780.0,11785.0,green,2
J1286,I7317,14218.0,14221.0,green,1
J1286,I9141,18146.0,18147.0,green,1
J1286,I11747,23462.0,23463.0,green,1
J176,I706,1061.0,1062.0,green,1
J176,I770,1186.0,1190.0,brown,1
J176,I1570,2510.0,2513.0,green,1
J3977,I5211,9678.0,9680.0,brown,2
J3977,I5243,9757.0,9758.0,brown,1
J3977,I5275,9822.0,9825.0,brown,1
J3977,I14764,28788.0,28789.0,green,1
J3189,I9573,19023.0,19029.0,green,2
J3189,I9700,19278.0,19280.0,brown,2
J3189,I9732,19331.0,19333.0,brown,1
J3046,I11916,23780.0,23788.0,green,1
J3046,I12076,24115.0,24121.0,green,2
J3111,I4238,7662.0,7666.0,green,4
J3111,I4270,7719.0,7720.0,green,1
J3111,I4366,7901.0,7903.0,green,1
J3204,I3602,6405.0,6409.0,green,2
J3204,I3826,6849.0,6853.0,green,1
J3204,I8946,17766.0,17770.0,green,1
J3204,I9137,18142.0,18143.0,brown,1
J3204,I9362,18625.0,18626.0,green,1
J2257,I4195,7579.0,7582.0,brown,2
J2257,I4420,8009.0,8013.0,green,2
J2257,I4452,8089.0,8092.0,green,1
J2257,I4708,8613.0,8617.0,green,1
J2774,I1342,2114.0,2117.0,brown,1
J2774,I8830,17533.0,17534.0,brown,1
J4125,I6071,11518.0,11522.0,brown,1
J4125,I11688,23333.0,23335.0,green,1
J4298,I8061,15821.0,15824.0,green,1
J4298,I8093,15893.0,15896.0,green,2
J4298,I10364,20638.0,20642.0,brown,1
J3584,I5817,11038.0,11040.0,brown,1
J3584,I10170,20265.0,20268.0,green,1
J4217,I864,1333.0,1334.0,brown,1
J4217,I960,1498.0,1500.0,brown,1
J4217,I7872,15451.0,15453.0,brown,1
J4217,I9825,19530.0,19537.0,green,1
J4217,I14593,28513.0,28514.0,green,1
J4217,I14599,28526.0,28527.0,green,1
J2302,I5381,10075.0,10077.0,brown,1
J2302,I6437,12296.0,12301.0,brown,1
J2302,I8230,16193.0,16197.0,green,1
J2302,I10470,20858.0,20863.0,green,3
J4620,I8753,17352.0,17357.0,green,2
J4620,I8976,17818.0,17821.0,brown,3
J4620,I9456,18800.0,18802.0,brown,1
J1491,I4224,7634.0,7636.0,brown,1
J1491,I4288,7751.0,7753.0,brown,1
J1491,I4480,8140.0,8142.0,brown,1
J1491,I5025,9309.0,9321.0,green,3
J4619,I7194,13882.0,13889.0,green,3
J4619,I9434,18767.0,18768.0,green,1
J2303,I7188,13859.0,13867.0,green,3
J2303,I7220,13942.0,13944.0,green,2
J2303,I8884,17637.0,17638.0,green,1
J366,I2571,4349.0,4353.0,green,1
J366,I9899,19683.0,19686.0,green,2
J366,I10107,20130.0,20137.0,green,1
J366,I10507,20946.0,20950.0,green,2
J2291,I3268,5736.0,5739.0,brown,1
J2291,I10692,21322.0,21323.0,brown,1
J2291,I13165,26120.0,26123.0,green,2
J2291,I13169,26127.0,26129.0,green,2
J1574,I1698,2743.0,2745.0,green,1
J1574,I1889,3088.0,3091.0,brown,2
J1574,I7890,15478.0,15487.0,green,1
J1574,I7954,15616.0,15619.0,green,1
J2956,I8752,17349.0,17352.0,green,3
J2956,I8816,17498.0,17502.0,green,1
J2777,I2909,4996.0,4999.0,green,1
J2777,I3292,5777.0,5779.0,brown,1
J2777,I8445,16656.0,16660.0,green,2
J2777,I10045,20011.0,20013.0,green,1
J2777,I12143,24244.0,24245.0,green,1
J4314,I8044,15784.0,15792.0,green,6
J3567,I11283,22534.0,22535.0,brown,1
J3567,I11763,23484.0,23485.0,brown,1
J231,I318,455.0,456.0,green,1
J231,I319,456.0,458.0,green,1
J231,I383,552.0,555.0,green,1
J231,I1759,2867.0,2868.0,green,1
J231,I1791,2935.0,2941.0,green,1
J231,I2079,3431.0,3437.0,green,1
J3544,I9606,19090.0,19092.0,green,2
J3544,I9638,19159.0,19160.0,brown,1
J3544,I9670,19224.0,19226.0,brown,1
J3544,I9798,19457.0,19465.0,green,2
J3151,I6039,11451.0,11454.0,green,2
J3151,I12791,25431.0,25433.0,green,2
J2271,I3176,5553.0,5555.0,brown,1
J2271,I4360,7888.0,7891.0,brown,1
J2271,I7401,14406.0,14411.0,green,2
J2271,I9513,18915.0,18917.0,green,1
J2271,I9609,19097.0,19099.0,green,1
J2794,I6432,12283.0,12286.0,brown,2
J2794,I6528,12500.0,12503.0,brown,1
J2794,I8641,17115.0,17121.0,green,2
J2794,I11105,22128.0,22133.0,green,1
J677,I1783,2924.0,2925.0,green,1
J677,I2007,3312.0,3314.0,green,1
J677,I2263,3803.0,3809.0,brown,1
J677,I3671,6539.0,6541.0,green,1
J677,I6647,12716.0,12720.0,green,1
J677,I6791,13019.0,13020.0,green,1
J2990,I8267,16283.0,16289.0,green,3
J2990,I9226,18297.0,18298.0,brown,1
J2990,I11891,23729.0,23730.0,green,1
J2990,I11963,23890.0,23891.0,green,1
J1521,I4681,8552.0,8554.0,green,2
J1521,I9353,18613.0,18615.0,green,1
J1521,I10099,20107.0,20110.0,green,1
J3757,I9818,19513.0,19517.0,brown,3
J3757,I11995,23950.0,23951.0,green,1
J3757,I15355,29720.0,29724.0,green,2
J4284,I9938,19773.0,19775.0,brown,1
J4284,I10035,19985.0,19993.0,green,5
J2169,I5207,9671.0,9674.0,green,1
J2169,I5366,10047.0,10051.0,brown,2
J2169,I5430,10195.0,10196.0,brown,1
J2169,I5558,10463.0,10464.0,brown,1
J2169,I6359,12102.0,12105.0,green,1
J4826,I10044,20006.0,20011.0,green,1
J4826,I10075,20073.0,20074.0,brown,1
J4826,I10172,20269.0,20270.0,green,1
J4826,I13676,26964.0,26965.0,green,1
J294,I1970,3244.0,3248.0,brown,1
J294,I10963,21837.0,21845.0,green,1
J158,I262,377.0,379.0,brown,2
J158,I326,467.0,469.0,brown,1
J158,I11303,22567.0,22568.0,green,1
J158,I13799,27169.0,27176.0,green,1
J1181,I142,189.0,193.0,green,1
J1181,I206,292.0,293.0,green,1
J1181,I238,341.0,342.0,green,1
J1181,I846,1302.0,1305.0,green,1
J1417,I2011,3322.0,3324.0,brown,2
J1417,I8188,16103.0,16106.0,green,1
J1417,I8252,16238.0,16239.0,green,1
J1417,I11164,22242.0,22249.0,green,1
J1417,I11580,23146.0,23148.0,green,1
J1220,I4023,7197.0,7205.0,green,6
J3759,I2517,4257.0,4258.0,brown,1
J3759,I2549,4317.0,4318.0,brown,1
J3759,I2613,4433.0,4434.0,brown,1
J3759,I2709,4601.0,4602.0,brown,1
J3759,I8597,17007.0,17010.0,brown,1
J3759,I13370,26467.0,26469.0,green,1
J1142,I2858,4899.0,4905.0,green,5
J4578,I13590,26826.0,26831.0,green,2
J4578,I14102,27698.0,27699.0,green,1
J1348,I3155,5522.0,5523.0,brown,1
J587,I2810,4811.0,4813.0,green,1
J587,I8441,16643.0,16648.0,brown,2
J2266,I6191,11770.0,11771.0,brown,1
J2266,I6864,13178.0,13179.0,green,1
J2266,I7248,14025.0,14032.0,green,1
J4239,I5814,11028.0,11035.0,green,1
J4239,I6741,12912.0,12914.0,brown,1
J4239,I8053,15809.0,15810.0,brown,1
J4239,I8469,16714.0,16716.0,brown,1
J4239,I12342,24592.0,24596.0,green,1
J2006,I6468,12375.0,12377.0,brown,1
J2006,I9828,19539.0,19541.0,brown,2
J2006,I12741,25335.0,25337.0,green,1
J2006,I15245,29556.0,29557.0,green,1
J3343,I7686,15030.0,15031.0,green,1
J3343,I10246,20402.0,20408.0,green,1
J3343,I10342,20586.0,20597.0,green,3
J3343,I10502,20933.0,20939.0,green,1
J2527,I2063,3406.0,3408.0,brown,2
J2527,I7471,14569.0,14572.0,brown,1
J2527,I7951,15609.0,15611.0,brown,1
J2527,I8831,17534.0,17538.0,brown,2
J3963,I10016,19947.0,19948.0,green,1
J3963,I10048,20022.0,20025.0,green,3
J3963,I10657,21265.0,21270.0,brown,1
J3963,I11008,21925.0,21926.0,green,1
J666,I1041,1635.0,1636.0,green,1
J666,I1105,1727.0,1729.0,green,2
J666,I2001,3296.0,3301.0,green,2
J1667,I3426,6029.0,6031.0,brown,2
J1667,I9154,18168.0,18169.0,brown,1
J1667,I13283,26315.0,26317.0,green,1
J4457,I4523,8223.0,8224.0,brown,1
J4457,I4715,8626.0,8628.0,brown,1
J4457,I8780,17413.0,17414.0,green,1
J967,I12373,24643.0,24647.0,green,1
J967,I13961,27458.0,27462.0,green,1
J967,I13977,27485.0,27487.0,green,2
J3558,I466,683.0,684.0,brown,1
J3558,I1970,3244.0,3248.0,brown,1
J3558,I13851,27278.0,27281.0,green,2
J3558,I14931,29049.0,29050.0,green,1
J405,I1248,1970.0,1973.0,green,3
J405,I1760,2868.0,2871.0,green,3
J2518,I3070,5349.0,5350.0,brown,1
J2518,I3423,6022.0,6024.0,green,1
J2518,I6335,12046.0,12049.0,green,1
J4532,I6012,11393.0,11397.0,brown,1
J4532,I6044,11464.0,11470.0,brown,1
J4532,I14189,27839.0,27842.0,green,1
J4532,I14205,27867.0,27871.0,green,1
J4034,I9252,18367.0,18372.0,green,1
J4034,I9635,19153.0,19155.0,brown,2
J4034,I9827,19538.0,19539.0,brown,1
J4034,I11684,23328.0,23329.0,green,1
J4903,I15318,29655.0,29660.0,green,3
J4716,I2350,3953.0,3954.0,brown,1
J4716,I10543,21033.0,21039.0,green,3
J4716,I12655,25180.0,25183.0,green,2
J4851,I10494,20907.0,20914.0,brown,2
J4851,I15420,29818.0,29819.0,green,1
J416,I1036,1626.0,1628.0,green,1
J416,I1932,3174.0,3176.0,green,1
J416,I3148,5496.0,5506.0,green,1
J416,I4044,7241.0,7247.0,green,1
J416,I4844,8905.0,8911.0,green,1
J416,I7688,15032.0,15036.0,green,1
J4613,I9548,18974.0,18977.0,brown,1
J4613,I11021,21942.0,21945.0,green,1
J1701,I5006,9247.0,9250.0,green,2
J1701,I5070,9394.0,9396.0,green,1
J1701,I5134,9511.0,9512.0,green,1
J1701,I5166,9579.0,9580.0,green,1
J1701,I5998,11362.0,11367.0,green,1
J1634,I3731,6664.0,6667.0,green,1
J1634,I7763,15214.0,15220.0,green,2
J1634,I11907,23762.0,23764.0,green,2
J4841,I9100,18072.0,18082.0,green,1
J4841,I9132,18130.0,18132.0,green,1
J4841,I9195,18249.0,18251.0,brown,1
J4841,I9451,18793.0,18794.0,brown,1
J4240,I7117,13693.0,13695.0,brown,2
J4240,I9646,19171.0,19175.0,green,2
J4240,I15350,29714.0,29715.0,green,1
J4240,I15446,29852.0,29854.0,green,1
J3011,I6025,11419.0,11424.0,green,1
J3011,I6120,11608.0,11609.0,brown,1
J3011,I6313,12007.0,12010.0,green,1
J3011,I10377,20675.0,20678.0,green,1
J3011,I12169,24285.0,24287.0,green,1
J3334,I9832,19548.0,19552.0,green,4
J3334,I9992,19889.0,19890.0,green,1
J3334,I10536,21020.0,21022.0,green,1
J1632,I3309,5803.0,5804.0,green,1
J1632,I10381,20683.0,20693.0,green,1
J1632,I11801,23555.0,23556.0,green,1
J1632,I11923,23800.0,23803.0,green,1
J3332,I6506,12450.0,12451.0,brown,1
J3332,I8267,16283.0,16289.0,green,1
J3332,I11723,23411.0,23415.0,green,1
J3332,I13035,25898.0,25902.0,green,3
J4410,I11103,22122.0,22124.0,green,2
J4410,I11135,22188.0,22192.0,green,1
J4410,I11231,22435.0,22437.0,brown,1
J4410,I14591,28508.0,28509.0,green,1
J4410,I14783,28824.0,28825.0,green,1
J3452,I10062,20052.0,20053.0,green,1
J3452,I10094,20100.0,20102.0,green,1
J3452,I10158,20243.0,20247.0,green,4
J522,I1458,2313.0,2316.0,green,3
J412,I197,278.0,279.0,green,1
J412,I421,621.0,622.0,green,1
J412,I453,663.0,665.0,green,1
J412,I1701,2752.0,2761.0,green,1
J412,I4677,8535.0,8547.0,green,1
J412,I5515,10369.0,10383.0,green,1
J3379,I2446,4119.0,4120.0,brown,1
J3379,I3822,6840.0,6844.0,brown,3
J3379,I12078,24126.0,24127.0,brown,1
J3612,I3473,6119.0,6120.0,brown,1
J3612,I11250,22476.0,22479.0,green,2
J3612,I12242,24420.0,24423.0,green,1
J3612,I12594,25069.0,25076.0,green,2
J1713,I1258,1985.0,1986.0,green,1
J1713,I5450,10236.0,10241.0,green,1
J1713,I6154,11680.0,11682.0,green,1
J1713,I10267,20435.0,20436.0,green,1
J1713,I10319,20532.0,20538.0,green,1
J1713,I10362,20632.0,20635.0,green,1
J4780,I144,194.0,196.0,brown,2
J4780,I336,484.0,485.0,brown,1
J4780,I7088,13630.0,13632.0,brown,1
J4917,I4285,7748.0,7749.0,brown,1
J4917,I4861,8939.0,8940.0,brown,1
J4917,I11454,22874.0,22878.0,green,1
J4917,I14894,28992.0,28999.0,green,1
J4917,I15438,29841.0,29843.0,green,1
J620,I4898,9016.0,9019.0,green,1
J620,I7905,15514.0,15516.0,brown,1
J620,I12034,24026.0,24031.0,green,2
J1471,I2943,5072.0,5076.0,green,4
J1471,I3039,5279.0,5282.0,green,1
J1471,I9407,18715.0,18717.0,green,1
J364,I668,1004.0,1006.0,green,2
J364,I1020,1598.0,1603.0,green,1
J364,I1148,1802.0,1807.0,green,2
J364,I1244,1963.0,1965.0,green,1
J4721,I13589,26824.0,26826.0,green,2
J4721,I13685,26975.0,26976.0,green,1
J4721,I13813,27200.0,27203.0,green,3
J469,I463,680.0,681.0,green,1
J469,I1008,1579.0,1581.0,green,1
J469,I1296,2044.0,2048.0,green,2
J469,I3504,6212.0,6215.0,green,1
J2678,I4937,9115.0,9117.0,brown,1
J2678,I8010,15711.0,15719.0,green,1
J2678,I8329,16425.0,16428.0,brown,1
J2678,I9162,18177.0,18181.0,green,1
J2678,I11690,23338.0,23342.0,green,1
J2678,I12508,24905.0,24907.0,green,1
J3604,I8125,15966.0,15967.0,brown,1
J3629,I10569,21094.0,21097.0,brown,3
J3629,I10601,21149.0,21150.0,brown,1
J3629,I10633,21213.0,21215.0,brown,1
J3629,I12202,24341.0,24342.0,green,1
J2264,I5162,9565.0,9567.0,green,1
J2264,I5194,9637.0,9639.0,green,2
J2264,I5386,10089.0,10092.0,green,2
J2264,I5418,10176.0,10180.0,green,1
J4502,I11765,23486.0,23492.0,green,3
J4502,I12885,25608.0,25610.0,green,1
J1137,I1366,2158.0,2159.0,brown,1
J1137,I2518,4258.0,4259.0,brown,1
J1137,I7447,14509.0,14512.0,green,1
J1137,I9558,18990.0,18996.0,brown,2
J1137,I13991,27505.0,27508.0,green,1
J1219,I3053,5316.0,5320.0,green,4
J1219,I3245,5696.0,5697.0,brown,1
J4221,I2612,4430.0,4433.0,brown,3
J4221,I3701,6608.0,6609.0,green,1
J4221,I7861,15427.0,15429.0,brown,1
J4221,I10741,21401.0,21402.0,green,1
J4686,I8989,17844.0,17845.0,brown,1
J4686,I10782,21490.0,21491.0,green,1
J4686,I10846,21610.0,21614.0,green,2
J4686,I12606,25093.0,25102.0,green,1
J753,I4345,7859.0,7861.0,green,1
J753,I5657,10659.0,10668.0,green,2
J753,I8721,17286.0,17287.0,green,1
J1051,I2791,4760.0,4765.0,green,3
J1051,I2887,4964.0,4967.0,green,1
J1051,I5479,10291.0,10294.0,green,1
J1051,I7775,15245.0,15249.0,green,1
J1596,I7716,15109.0,15110.0,brown,1
J1596,I10981,21873.0,21878.0,green,1
J1596,I11333,22623.0,22625.0,green,1
J20,I82,102.0,103.0,brown,1
J20,I7219,13932.0,13942.0,green,3
J20,I9019,17907.0,17909.0,green,1
J20,I9395,18691.0,18693.0,green,1
J165,I493,720.0,721.0,green,1
J165,I845,1300.0,1302.0,green,1
J165,I1069,1673.0,1676.0,brown,1
J165,I2957,5103.0,5107.0,green,1
J165,I4461,8107.0,8109.0,green,2
J1612,I5471,10280.0,10281.0,green,1
J1612,I9343,18582.0,18586.0,green,1
J1612,I9599,19076.0,19078.0,green,2
J1612,I10319,20532.0,20538.0,green,2
J4842,I2753,4684.0,4687.0,brown,2
J4842,I8481,16731.0,16734.0,brown,1
J4842,I15106,29343.0,29353.0,green,3
J3153,I5873,11143.0,11145.0,green,1
J3153,I5937,11253.0,11254.0,green,1
J3153,I7377,14357.0,14361.0,green,3
J4022,I3384,5931.0,5937.0,green,1
J4022,I7064,13582.0,13584.0,green,1
J4022,I10632,21210.0,21213.0,green,1
J4022,I10888,21705.0,21707.0,green,2
J4387,I12601,25084.0,25085.0,brown,1
J4387,I12921,25659.0,25660.0,brown,1
J4387,I13049,25929.0,25930.0,brown,1
J4387,I13337,26403.0,26406.0,brown,1
J4387,I14778,28813.0,28818.0,green,1
J3282,I672,1009.0,1010.0,brown,1
J3282,I800,1236.0,1237.0,brown,1
J1282,I3946,7066.0,7068.0,brown,1
J1282,I3978,7118.0,7120.0,brown,1
J1282,I4138,7462.0,7466.0,brown,1
J1282,I6890,13231.0,13233.0,brown,1
J1282,I10219,20351.0,20353.0,green,1
J1282,I14219,27899.0,27900.0,green,1
J1992,I2072,3419.0,3422.0,green,2
J1992,I2231,3745.0,3749.0,brown,2
J1992,I5112,9467.0,9468.0,green,1
J1992,I7480,14592.0,14594.0,green,1
J4222,I12509,24907.0,24908.0,green,1
J4222,I12541,24979.0,24981.0,brown,1
J4222,I13359,26444.0,26448.0,green,2
J4222,I13373,26471.0,26473.0,green,2
J4103,I8544,16881.0,16882.0,green,1
J4103,I9824,19529.0,19530.0,green,1
J4224,I769,1184.0,1186.0,brown,1
J4224,I801,1237.0,1238.0,brown,1
J4224,I9537,18953.0,18954.0,brown,1
J4224,I14066,27634.0,27641.0,green,1
J4224,I14210,27877.0,27879.0,green,1
J4141,I10216,20347.0,20349.0,green,2
J4141,I12320,24548.0,24550.0,green,1
J3876,I5998,11362.0,11367.0,green,1
J3876,I6030,11430.0,11432.0,green,1
J3876,I6093,11558.0,11560.0,brown,1
J3876,I6125,11614.0,11616.0,brown,1
J3876,I8941,17759.0,17761.0,brown,1
J457,I3408,5981.0,5992.0,green,1
J457,I7376,14354.0,14357.0,green,2
J457,I11440,22836.0,22839.0,green,1
J457,I12384,24661.0,24663.0,green,1
J571,I1592,2550.0,2554.0,brown,1
J571,I10521,20976.0,20982.0,green,2
J571,I11457,22881.0,22882.0,green,1
J571,I11681,23324.0,23325.0,green,1
J4961,I11843,23656.0,23657.0,brown,1
J4961,I11875,23705.0,23706.0,brown,1
J4961,I12163,24274.0,24277.0,brown,3
J4961,I14724,28720.0,28723.0,green,1
J2240,I5677,10704.0,10705.0,brown,1
J2240,I6317,12016.0,12018.0,brown,2
J2240,I12430,24762.0,24764.0,green,2
J1876,I6338,12053.0,12055.0,green,1
J1876,I9281,18427.0,18430.0,brown,1
J2250,I4042,7239.0,7240.0,brown,1
J2250,I8586,16982.0,16985.0,brown,2
J2250,I13131,26053.0,26055.0,green,2
J1270,I3343,5855.0,5856.0,brown,1
J1270,I3375,5919.0,5921.0,brown,1
J1270,I7472,14572.0,14574.0,green,2
J1270,I7696,15058.0,15060.0,brown,1
J1270,I8368,16497.0,16500.0,green,1
J2796,I2966,5131.0,5136.0,green,2
J2796,I5814,11028.0,11035.0,green,1
J2796,I6806,13045.0,13064.0,green,2
J2796,I8342,16452.0,16455.0,green,1
J3530,I6119,11606.0,11608.0,brown,2
J3530,I6280,11946.0,11949.0,green,1
J3530,I6503,12445.0,12447.0,brown,1
J3530,I11912,23774.0,23776.0,green,2
J162,I553,817.0,818.0,brown,1
J162,I3146,5493.0,5495.0,green,2
J162,I7498,14631.0,14635.0,green,2
J162,I7626,14889.0,14899.0,green,1
J1168,I7616,14867.0,14868.0,brown,1
J1168,I10913,21743.0,21747.0,green,1
J4300,I12048,24061.0,24062.0,brown,1
J4300,I12080,24131.0,24134.0,brown,2
J4300,I12177,24297.0,24300.0,green,3
J4461,I10823,21568.0,21570.0,brown,1
J4461,I14248,27946.0,27948.0,green,1
J2126,I3890,6953.0,6954.0,brown,1
J2126,I5139,9516.0,9520.0,green,1
J2126,I6450,12335.0,12336.0,brown,1
J2126,I11795,23542.0,23545.0,green,1
J2126,I11835,23635.0,23638.0,green,1
J995,I12754,25363.0,25364.0,green,1
J995,I13906,27367.0,27372.0,green,1
J2842,I3361,5882.0,5885.0,green,1
J2842,I3649,6496.0,6497.0,green,1
J2842,I3809,6816.0,6819.0,green,2
J2842,I3905,6981.0,6983.0,brown,1
J2842,I9227,18298.0,18302.0,brown,1
J4067,I14899,29003.0,29006.0,green,2
J4067,I15411,29805.0,29806.0,green,1
J4067,I15443,29847.0,29848.0,green,1
J2415,I4217,7615.0,7616.0,brown,1
J2415,I4281,7742.0,7743.0,brown,1
J1900,I3046,5299.0,5303.0,green,1
J1900,I7237,13988.0,13991.0,brown,1
J1900,I10182,20289.0,20297.0,green,1
J2729,I11951,23857.0,23859.0,brown,1
J2729,I11952,23859.0,23860.0,green,1
J2729,I14832,28898.0,28901.0,green,2
J3730,I5189,9629.0,9633.0,brown,1
J3730,I5669,10690.0,10694.0,brown,2
J3730,I7622,14878.0,14880.0,green,2
J3730,I13350,26428.0,26431.0,green,1
J324,I786,1213.0,1214.0,green,1
J324,I1106,1729.0,1732.0,green,1
J324,I1362,2148.0,2149.0,green,1
J324,I2802,4787.0,4789.0,green,1
J324,I3026,5259.0,5260.0,green,1
J324,I6098,11564.0,11568.0,green,1
J4119,I7350,14298.0,14299.0,brown,1
J4119,I10198,20321.0,20323.0,brown,1
J4119,I11895,23735.0,23741.0,green,2
J4119,I14943,29068.0,29069.0,green,1
J4901,I5258,9796.0,9798.0,brown,1
J4901,I8074,15850.0,15852.0,brown,1
J4901,I14155,27788.0,27789.0,green,1
J4901,I15147,29401.0,29410.0,green,1
J4901,I15179,29458.0,29459.0,green,1
J63,I307,442.0,443.0,green,1
J63,I403,585.0,588.0,green,2
J149,I1643,2640.0,2642.0,green,1
J149,I1771,2895.0,2898.0,green,1
J149,I2923,5028.0,5034.0,green,2
J149,I4635,8450.0,8457.0,green,2
J2221,I6714,12847.0,12854.0,green,1
J2221,I6746,12922.0,12927.0,green,1
J2221,I8794,17449.0,17452.0,green,1
J2221,I9242,18344.0,18345.0,green,1
J2221,I11194,22323.0,22327.0,green,1
J3064,I9057,17989.0,17990.0,green,1
J3064,I9217,18283.0,18285.0,brown,1
J3064,I9569,19017.0,19019.0,brown,1
J3064,I10657,21265.0,21270.0,brown,2
J3064,I11841,23649.0,23655.0,green,1
J1541,I1788,2931.0,2932.0,green,1
J1541,I7356,14308.0,14315.0,green,1
J1541,I9301,18467.0,18479.0,green,1
J1541,I9628,19139.0,19140.0,green,1
J185,I297,432.0,433.0,brown,1
J185,I9302,18479.0,18482.0,green,1
J185,I9386,18672.0,18679.0,green,1
J185,I9654,19191.0,19193.0,green,1
J214,I291,418.0,419.0,green,1
J214,I419,616.0,619.0,green,1
J214,I579,853.0,854.0,green,1
J491,I1755,2858.0,2862.0,green,1
J491,I2075,3424.0,3426.0,green,1
J491,I3163,5535.0,5537.0,green,2
J3058,I4899,9019.0,9022.0,green,2
J3058,I8418,16608.0,16612.0,brown,1
J3058,I9347,18595.0,18600.0,green,1
J3058,I10731,21384.0,21387.0,green,1
J4583,I11319,22594.0,22600.0,green,3
J4583,I12055,24070.0,24073.0,green,1
J298,I313,450.0,451.0,green,1
J3410,I7054,13567.0,13571.0,green,1
J3410,I9197,18252.0,18253.0,brown,1
J3410,I10349,20607.0,20610.0,brown,1
J3410,I12252,24437.0,24438.0,green,1
J83,I277,398.0,401.0,green,2
J83,I293,420.0,423.0,green,1
J3114,I7279,14089.0,14093.0,green,2
J3114,I7566,14775.0,14777.0,brown,1
J3192,I4414,7997.0,8001.0,green,1
J3192,I4701,8597.0,8598.0,brown,1
J3192,I6206,11804.0,11808.0,green,3
J3192,I10590,21130.0,21133.0,green,1
J811,I1554,2474.0,2476.0,brown,1
J811,I9810,19498.0,19503.0,brown,1
J811,I10482,20880.0,20882.0,brown,1
J811,I13395,26513.0,26514.0,green,1
J811,I13971,27475.0,27477.0,green,1
J811,I13979,27488.0,27489.0,green,1
J3979,I8927,17717.0,17727.0,green,2
J3979,I10270,20439.0,20442.0,brown,2
J3979,I13919,27396.0,27398.0,green,1
J2590,I5437,10208.0,10215.0,green,2
J2590,I6173,11729.0,11734.0,green,1
J2590,I8609,17033.0,17041.0,green,1
J336,I1212,1905.0,1906.0,brown,1
J336,I8316,16398.0,16399.0,brown,1
J336,I10460,20840.0,20843.0,brown,1
J336,I12463,24827.0,24828.0,green,1
J336,I12527,24953.0,24956.0,green,1
J4004,I10286,20471.0,20472.0,green,1
J4004,I10318,20525.0,20532.0,green,3
J1925,I2543,4302.0,4308.0,green,4
J1925,I3599,6394.0,6402.0,green,1
J3893,I11707,23384.0,23388.0,green,1
J3893,I11770,23503.0,23504.0,brown,1
J1084,I6752,12939.0,12940.0,brown,1
J1084,I9345,18590.0,18594.0,green,2
J1084,I10177,20278.0,20282.0,green,3
J4600,I4472,8128.0,8130.0,brown,2
J4600,I9177,18209.0,18214.0,green,1
J4600,I13273,26296.0,26304.0,green,3
J2035,I10543,21033.0,21039.0,green,1
J2035,I11631,23244.0,23247.0,green,2
J2035,I14094,27688.0,27690.0,brown,1
J454,I729,1112.0,1113.0,brown,1
J454,I6106,11582.0,11590.0,green,1
J454,I8250,16234.0,16237.0,green,2
J3762,I11079,22078.0,22080.0,green,1
J3762,I11143,22203.0,22208.0,green,1
J3762,I15335,29690.0,29691.0,green,1
J3545,I4824,8841.0,8843.0,brown,1
J3545,I6584,12611.0,12615.0,brown,1
J3545,I6937,13313.0,13317.0,green,2
J3545,I12985,25807.0,25810.0,green,1
J3545,I13561,26779.0,26781.0,green,1
J278,I198,279.0,282.0,green,1
J278,I3238,5682.0,5684.0,green,1
J278,I4774,8731.0,8738.0,green,1
J278,I7302,14162.0,14170.0,green,2
J278,I10446,20806.0,20808.0,green,1
J2093,I3287,5772.0,5773.0,green,1
J2093,I3415,6008.0,6009.0,green,1
J2093,I5975,11321.0,11323.0,green,2
J2093,I10919,21758.0,21761.0,green,1
J3399,I7656,14954.0,14973.0,green,1
J2615,I7540,14723.0,14724.0,green,1
J2615,I7544,14727.0,14729.0,green,1
J2615,I7636,14912.0,14915.0,green,2
J2615,I7764,15220.0,15221.0,green,1
J2615,I7796,15292.0,15298.0,green,1
J3004,I9055,17985.0,17987.0,green,2
J3004,I9183,18228.0,18233.0,green,3
J3118,I2004,3305.0,3306.0,green,1
J3118,I2196,3680.0,3685.0,green,1
J3118,I4148,7480.0,7483.0,green,3
J3118,I8660,17157.0,17163.0,green,1
J3715,I7160,13789.0,13797.0,green,1
J3715,I7287,14125.0,14130.0,brown,2
J3715,I7671,15002.0,15005.0,brown,1
J1858,I6836,13138.0,13139.0,brown,1
J1858,I10644,21229.0,21232.0,brown,2
J1858,I12405,24719.0,24720.0,green,1
J1858,I14503,28364.0,28366.0,green,2
J2722,I2058,3395.0,3397.0,green,1
J2722,I3594,6384.0,6386.0,green,1
J2722,I8010,15711.0,15719.0,green,3
J2722,I8366,16494.0,16496.0,green,1
J4696,I4848,8916.0,8919.0,brown,1
J4696,I7824,15351.0,15353.0,brown,1
J4696,I13841,27252.0,27258.0,green,1
J4406,I7693,15048.0,15050.0,green,1
J4406,I7789,15277.0,15279.0,green,1
J4406,I8205,16131.0,16137.0,green,4
J2608,I3834,6861.0,6863.0,green,2
J2608,I4090,7354.0,7360.0,green,1
J3191,I6833,13127.0,13134.0,green,4
J3191,I9329,18542.0,18546.0,green,1
J3191,I9969,19841.0,19842.0,green,1
J4109,I3076,5356.0,5357.0,brown,1
J4109,I8613,17047.0,17050.0,green,1
J4109,I9573,19023.0,19029.0,green,1
J4109,I9892,19668.0,19671.0,brown,2
J4109,I12773,25397.0,25399.0,green,1
J148,I129,168.0,169.0,green,1
J148,I257,367.0,369.0,green,1
J148,I385,556.0,558.0,green,1
J148,I417,613.0,615.0,green,2
J148,I5753,10890.0,10892.0,green,1
J3267,I2414,4061.0,4062.0,green,1
J3267,I4398,7961.0,7963.0,brown,1
J3267,I6222,11835.0,11838.0,green,1
J3267,I8430,16626.0,16627.0,green,1
J3760,I7611,14859.0,14861.0,brown,2
J3760,I8060,15818.0,15821.0,green,1
J3760,I8700,17238.0,17242.0,green,2
J3760,I13343,26414.0,26415.0,green,1
J3786,I8559,16922.0,16926.0,green,1
J3786,I8687,17213.0,17215.0,green,2
J3786,I8751,17348.0,17349.0,green,1
J3786,I8783,17419.0,17433.0,green,1
J3786,I10511,20957.0,20959.0,green,1
J1912,I5530,10409.0,10412.0,green,1
J1912,I5754,10892.0,10908.0,green,4
J1912,I11802,23556.0,23560.0,green,1
J4784,I13422,26556.0,26559.0,green,1
J4784,I13998,27517.0,27518.0,green,1
J4784,I15022,29197.0,29199.0,green,1
J691,I2117,3516.0,3517.0,green,1
J2486,I2365,3978.0,3979.0,brown,1
J2486,I3486,6162.0,6168.0,green,2
J2486,I3870,6922.0,6923.0,green,1
J2486,I5790,10976.0,10981.0,green,2
J429,I696,1043.0,1045.0,green,1
J429,I856,1323.0,1326.0,green,1
J429,I1112,1741.0,1744.0,green,2
J429,I4568,8306.0,8308.0,green,1
J4771,I10395,20716.0,20717.0,green,1
J4771,I10491,20900.0,20903.0,green,3
J4771,I10587,21124.0,21125.0,green,1
J4771,I10685,21313.0,21314.0,brown,1
J1625,I3584,6360.0,6369.0,green,3
J1625,I3808,6814.0,6816.0,green,1
J2223,I3975,7113.0,7114.0,green,1
J2223,I4071,7308.0,7310.0,brown,1
J2223,I7463,14551.0,14553.0,green,1
J2223,I8775,17397.0,17399.0,green,1
J1841,I5189,9629.0,9633.0,brown,1
J1841,I6278,11941.0,11943.0,green,1
J1841,I6406,12227.0,12230.0,green,2
J1841,I7302,14162.0,14170.0,green,1
J1841,I7333,14260.0,14263.0,brown,1
J4414,I5052,9366.0,9367.0,brown,1
J4414,I9053,17976.0,17982.0,green,3
J2753,I8090,15887.0,15889.0,green,2
J2554,I6445,12322.0,12323.0,green,1
J2554,I6541,12529.0,12530.0,green,1
J2554,I6606,12645.0,12647.0,brown,1
J2554,I7277,14084.0,14087.0,green,3
J2560,I6107,11590.0,11591.0,brown,1
J2560,I6907,13257.0,13258.0,brown,1
J2560,I12060,24079.0,24083.0,green,1
J2560,I12668,25202.0,25207.0,green,1
J2560,I12796,25439.0,25445.0,green,1
J2560,I14523,28396.0,28397.0,brown,1
J1155,I2196,3680.0,3685.0,green,1
J1155,I2356,3963.0,3965.0,green,2
J1155,I2516,4255.0,4257.0,brown,1
J1155,I2772,4723.0,4728.0,green,1
J1155,I4436,8052.0,8056.0,green,1
J1381,I2958,5107.0,5108.0,brown,1
J1381,I3246,5697.0,5700.0,brown,1
J1381,I3566,6325.0,6329.0,brown,3
J1381,I10862,21648.0,21650.0,brown,1
J4233,I3102,5403.0,5404.0,brown,1
J4233,I3230,5667.0,5668.0,brown,1
J4233,I3262,5727.0,5729.0,brown,1
J4233,I15007,29172.0,29179.0,green,2
J4233,I15103,29336.0,29339.0,green,1
J4885,I6780,12995.0,12997.0,brown,2
J4885,I7068,13587.0,13588.0,brown,1
J4885,I7676,15014.0,15016.0,brown,2
J4885,I13244,26252.0,26254.0,brown,1
J2812,I2463,4146.0,4152.0,brown,2
J2812,I6880,13216.0,13218.0,green,2
J2289,I5882,11158.0,11161.0,green,2
J2289,I5914,11218.0,11219.0,green,1
J2289,I6746,12922.0,12927.0,green,1
J2289,I11898,23744.0,23748.0,green,1
J2289,I12618,25125.0,25128.0,green,1
J251,I758,1169.0,1170.0,green,1
J251,I822,1267.0,1272.0,green,3
J251,I1718,2797.0,2801.0,green,1
J251,I1797,2948.0,2949.0,green,1
J1891,I940,1457.0,1467.0,green,1
J1891,I1291,2034.0,2038.0,brown,1
J1891,I3180,5563.0,5572.0,green,1
J1891,I6043,11460.0,11464.0,brown,1
J1891,I6155,11682.0,11685.0,brown,1
J2724,I3314,5813.0,5816.0,brown,1
J2724,I5970,11310.0,11314.0,brown,1
J2724,I13331,26390.0,26394.0,green,1
J2724,I13347,26421.0,26425.0,green,1
J4942,I12584,25047.0,25049.0,brown,2
J4942,I12872,25573.0,25574.0,brown,1
J4942,I12936,25690.0,25695.0,brown,3
J3688,I7881,15466.0,15467.0,brown,1
J3688,I7978,15662.0,15664.0,green,2
J3688,I8010,15711.0,15719.0,green,1
J3688,I8522,16822.0,16823.0,green,1
J3688,I10314,20519.0,20520.0,green,1
J553,I3083,5371.0,5374.0,brown,1
J553,I8811,17490.0,17493.0,brown,1
J553,I10092,20094.0,20099.0,green,1
J553,I11148,22213.0,22217.0,green,1
J553,I12076,24115.0,24121.0,green,1
J553,I12812,25473.0,25474.0,green,1
J791,I2192,3670.0,3673.0,green,1
J791,I2224,3733.0,3736.0,green,1
J791,I2688,4570.0,4574.0,green,3
J791,I2997,5201.0,5202.0,green,1
J1415,I376,542.0,544.0,green,2
J1415,I408,597.0,600.0,green,3
J1415,I409,600.0,601.0,brown,1
J2511,I4268,7715.0,7716.0,green,1
J2511,I4812,8815.0,8816.0,green,1
J2511,I5676,10700.0,10704.0,green,1
J2511,I9607,19092.0,19094.0,brown,1
J2511,I9900,19686.0,19690.0,green,1
J2511,I10028,19971.0,19974.0,green,1
J4811,I7134,13740.0,13743.0,brown,1
J4811,I8126,15967.0,15971.0,brown,2
J4811,I9918,19723.0,19726.0,brown,1
J4811,I14847,28922.0,28925.0,green,1
J2052,I4708,8613.0,8617.0,green,2
J2052,I5284,9840.0,9847.0,green,4
J423,I713,1081.0,1083.0,brown,1
J423,I3402,5965.0,5969.0,green,1
J423,I6154,11680.0,11682.0,green,1
J423,I6218,11830.0,11831.0,green,1
J4198,I9764,19387.0,19391.0,green,1
J4198,I10627,21201.0,21204.0,brown,2
J4198,I10851,21619.0,21621.0,brown,1
J4198,I14060,27617.0,27622.0,green,1
J4198,I14084,27672.0,27673.0,green,1
J2243,I4958,9157.0,9160.0,brown,1
J2243,I7647,14938.0,14944.0,green,1
J2243,I7711,15090.0,15098.0,green,1
J2243,I8159,16038.0,16041.0,green,1
J2243,I8927,17717.0,17727.0,green,1
J2243,I11839,23644.0,23646.0,green,1
J3418,I8133,15985.0,15988.0,brown,1
J3418,I8166,16055.0,16059.0,green,1
J3418,I8517,16814.0,16815.0,brown,1
J3418,I8518,16815.0,16819.0,green,1
J3418,I12326,24558.0,24560.0,green,1
J4727,I12075,24113.0,24115.0,brown,1
J4727,I12331,24567.0,24568.0,brown,1
J4727,I12363,24629.0,24630.0,brown,1
J4727,I12460,24821.0,24823.0,green,1
J4727,I13291,26326.0,26328.0,brown,1
J2513,I7104,13665.0,13667.0,green,1
J2513,I7168,13820.0,13822.0,green,2
J2513,I7328,14247.0,14254.0,green,2
J2513,I8352,16466.0,16472.0,green,1
J986,I7964,15637.0,15639.0,brown,1
J986,I8412,16598.0,16600.0,brown,1
J986,I13297,26335.0,26336.0,green,1
J1963,I5625,10586.0,10598.0,green,1
J1963,I7225,13948.0,13957.0,green,1
J1963,I9465,18817.0,18823.0,green,2
J1963,I10649,21240.0,21242.0,green,1
J1963,I10985,21887.0,21889.0,green,1
J1660,I3607,6415.0,6417.0,brown,1
J1660,I3672,6541.0,6543.0,green,1
J1660,I10327,20550.0,20551.0,brown,1
J1660,I13920,27398.0,27402.0,green,1
J3135,I4728,8649.0,8650.0,brown,1
J3135,I7289,14131.0,14135.0,green,3
J3135,I10425,20771.0,20772.0,green,1
J2873,I1172,1843.0,1845.0,green,2
J2873,I8340,16447.0,16449.0,green,2
J2873,I11180,22291.0,22300.0,green,2
J3431,I5729,10820.0,10825.0,green,4
J4493,I9215,18281.0,18282.0,brown,1
J4493,I9280,18426.0,18427.0,green,1
J4493,I9344,18586.0,18590.0,green,2
J4493,I9792,19439.0,19442.0,green,1
J4493,I10496,20915.0,20919.0,brown,1
J3883,I5365,10044.0,10047.0,brown,3
J3883,I5782,10957.0,10958.0,green,1
J3577,I8723,17292.0,17302.0,green,1
J3577,I8914,17684.0,17685.0,brown,1
J3577,I9747,19360.0,19362.0,green,2
J3230,I8642,17121.0,17122.0,green,1
J3230,I8706,17248.0,17254.0,green,2
J279,I112,144.0,145.0,green,1
J279,I1008,1579.0,1581.0,green,1
J279,I5344,9987.0,9994.0,green,1
J3149,I9034,17939.0,17941.0,brown,2
J3149,I9194,18248.0,18249.0,brown,1
J3149,I10699,21333.0,21335.0,green,1
J3149,I10795,21522.0,21526.0,green,1
J4577,I4387,7931.0,7933.0,brown,1
J4577,I14596,28518.0,28521.0,green,2
J4577,I15180,29459.0,29460.0,green,1
J233,I852,1318.0,1320.0,brown,2
J233,I884,1369.0,1371.0,brown,1
J233,I11413,22780.0,22785.0,green,1
J233,I11765,23486.0,23492.0,green,2
J627,I4757,8700.0,8701.0,brown,1
J627,I8821,17512.0,17514.0,brown,1
J627,I8981,17827.0,17828.0,brown,1
J627,I9845,19575.0,19576.0,brown,1
J627,I12606,25093.0,25102.0,green,1
J3605,I7195,13889.0,13894.0,green,1
J2848,I8963,17799.0,17801.0,green,1
J2848,I9634,19152.0,19153.0,brown,1
J2848,I9730,19328.0,19330.0,brown,1
J2848,I10883,21679.0,21690.0,green,1
J436,I265,383.0,385.0,brown,1
J436,I4169,7531.0,7532.0,brown,1
J436,I10730,21382.0,21384.0,green,1
J2034,I3329,5836.0,5838.0,brown,1
J2034,I7746,15178.0,15180.0,green,2
J2034,I11466,22896.0,22904.0,green,2
J3290,I2046,3377.0,3381.0,brown,1
J3290,I5759,10916.0,10917.0,green,1
J3290,I10047,20014.0,20022.0,green,1
J3365,I10147,20221.0,20227.0,green,1
J3365,I10883,21679.0,21690.0,green,2
J1180,I1446,2294.0,2295.0,green,1
J1180,I3014,5242.0,5244.0,brown,1
J1180,I3494,6187.0,6191.0,green,1
J1180,I6406,12227.0,12230.0,green,1
J1180,I6516,12474.0,12482.0,green,1
J1180,I6806,13045.0,13064.0,green,1
J897,I6149,11670.0,11675.0,brown,1
J897,I7334,14263.0,14266.0,green,2
J897,I10086,20086.0,20087.0,green,1
J897,I10406,20734.0,20738.0,green,1
J897,I10446,20806.0,20808.0,green,1
J4762,I13669,26955.0,26957.0,brown,2
J4762,I13678,26966.0,26969.0,green,1
J4762,I13738,27064.0,27069.0,green,2
J4762,I13893,27350.0,27353.0,brown,1
J2357,I5559,10464.0,10470.0,green,2
J2357,I5591,10520.0,10522.0,green,2
J2357,I5655,10655.0,10656.0,green,1
J2357,I5687,10738.0,10740.0,green,1
J80,I139,186.0,187.0,green,1
J80,I203,289.0,290.0,green,1
J80,I300,435.0,436.0,brown,1
J574,I1699,2745.0,2748.0,green,3
J574,I3651,6498.0,6499.0,green,1
J574,I4419,8007.0,8009.0,green,1
J3981,I5023,9302.0,9304.0,green,1
J3981,I5054,9371.0,9373.0,brown,2
J3981,I5086,9423.0,9424.0,brown,1
J3981,I5118,9480.0,9483.0,brown,1
J852,I1552,2470.0,2473.0,green,1
J852,I1648,2652.0,2653.0,green,1
J852,I1712,2784.0,2792.0,green,1
J852,I2160,3599.0,3602.0,green,1
J852,I4464,8114.0,8119.0,green,1
J852,I6416,12250.0,12253.0,green,1
J3905,I5456,10251.0,10255.0,green,1
J3905,I6480,12402.0,12407.0,green,1
J4433,I2437,4099.0,4102.0,brown,1
J4433,I6021,11409.0,11412.0,brown,1
J4433,I6341,12059.0,12061.0,brown,1
J4433,I9957,19821.0,19824.0,brown,1
J4433,I12142,24240.0,24244.0,green,1
J428,I1381,2183.0,2184.0,green,1
J428,I1637,2629.0,2631.0,green,1
J428,I1701,2752.0,2761.0,green,1
J3090,I7146,13761.0,13763.0,brown,1
J3090,I7851,15413.0,15414.0,green,1
J3090,I11595,23174.0,23175.0,green,1
J3090,I12427,24759.0,24760.0,green,1
J3090,I12843,25524.0,25528.0,green,1
J526,I2838,4872.0,4873.0,green,1
J526,I2934,5053.0,5058.0,green,1
J526,I4502,8179.0,8180.0,green,1
J526,I7310,14190.0,14202.0,green,1
J526,I8001,15693.0,15695.0,green,2
J4439,I11395,22750.0,22751.0,green,1
J4439,I11459,22886.0,22887.0,brown,1
J4439,I12387,24669.0,24674.0,green,3
J1659,I3369,5903.0,5905.0,green,1
J1659,I5449,10231.0,10236.0,green,1
J1659,I7945,15593.0,15597.0,green,4
J1882,I1009,1581.0,1583.0,brown,1
J1882,I4370,7907.0,7908.0,green,1
J1882,I10002,19908.0,19915.0,green,2
J1882,I10450,20814.0,20816.0,green,2
J819,I1556,2480.0,2485.0,green,2
J819,I4532,8239.0,8242.0,green,1
J819,I5140,9520.0,9528.0,green,1
J2036,I2486,4196.0,4197.0,green,1
J2036,I2966,5131.0,5136.0,green,2
J2036,I5270,9817.0,9818.0,green,1
J2036,I10146,20218.0,20221.0,green,1
J1147,I768,1180.0,1184.0,green,1
J1147,I4832,8863.0,8864.0,green,1
J1147,I9056,17987.0,17989.0,green,2
J4681,I4981,9206.0,9209.0,brown,1
J4681,I9333,18564.0,18568.0,brown,1
J4681,I9493,18879.0,18882.0,brown,1
J4681,I14294,28016.0,28020.0,green,1
J4681,I14454,28273.0,28277.0,green,1
J4681,I14894,28992.0,28999.0,green,1
J4460,I9472,18832.0,18839.0,green,1
J4460,I13759,27096.0,27097.0,brown,1
J845,I2750,4679.0,4682.0,brown,1
J845,I4415,8001.0,8002.0,green,1
J845,I6207,11808.0,11809.0,green,1
J845,I7391,14389.0,14390.0,green,1
J845,I11071,22064.0,22067.0,green,1
J845,I11311,22580.0,22582.0,green,1
J1067,I3955,7082.0,7083.0,brown,1
J1067,I4500,8175.0,8178.0,green,1
J1067,I6884,13221.0,13223.0,green,2
J2063,I5890,11170.0,11171.0,brown,1
J2063,I6146,11659.0,11663.0,brown,3
J2063,I12211,24355.0,24358.0,green,2
J4162,I13039,25906.0,25907.0,brown,1
J4162,I13136,26062.0,26063.0,green,1
J4162,I13264,26283.0,26285.0,brown,1
J4162,I13488,26668.0,26669.0,brown,1
J4162,I13584,26817.0,26819.0,brown,1
J4209,I10958,21831.0,21832.0,green,1
J4209,I10990,21894.0,21896.0,green,2
J4209,I11022,21945.0,21953.0,green,2
J4209,I13262,26279.0,26281.0,green,1
J2684,I3535,6275.0,6276.0,green,1
J2684,I5903,11193.0,11196.0,green,2
J1519,I1420,2242.0,2243.0,green,1
J1519,I3436,6046.0,6051.0,green,1
J1519,I5164,9573.0,9577.0,green,1
J1519,I6988,13432.0,13436.0,green,1
J1519,I11224,22415.0,22419.0,green,2
J3804,I6488,12419.0,12422.0,green,1
J3804,I6552,12546.0,12547.0,green,1
J1518,I1940,3192.0,3193.0,brown,1
J1518,I2164,3607.0,3608.0,brown,1
J1518,I8277,16321.0,16323.0,green,1
J1518,I14637,28581.0,28582.0,green,1
J1947,I4096,7370.0,7376.0,green,3
J1879,I5182,9617.0,9620.0,green,2
J1879,I5406,10136.0,10146.0,green,1
J1879,I5854,11106.0,11111.0,green,2
J4519,I3746,6695.0,6697.0,brown,2
J4519,I8355,16477.0,16478.0,green,1
J4519,I14179,27819.0,27823.0,green,1
J4519,I14451,28267.0,28269.0,green,1
J2917,I8319,16402.0,16405.0,brown,1
J2917,I8448,16663.0,16669.0,green,1
J2917,I9792,19439.0,19442.0,green,1
J2917,I11104,22124.0,22128.0,green,1
J2917,I14264,27977.0,27978.0,green,1
J2905,I5265,9807.0,9811.0,green,3
J64,I374,539.0,540.0,green,1
J64,I3014,5242.0,5244.0,brown,1
J64,I4182,7556.0,7561.0,green,1
J4421,I12262,24451.0,24454.0,green,1
J4421,I12293,24499.0,24502.0,brown,3
J4421,I12358,24622.0,24623.0,green,1
J4421,I13190,26166.0,26168.0,green,1
J410,I327,469.0,470.0,brown,1
J410,I11816,23584.0,23587.0,green,2
J802,I2686,4568.0,4569.0,green,1
J802,I3326,5830.0,5832.0,brown,1
J802,I5470,10273.0,10280.0,green,1
J802,I9000,17863.0,17865.0,brown,1
J4251,I5947,11271.0,11274.0,brown,1
J4251,I6011,11392.0,11393.0,brown,1
J4251,I9547,18971.0,18974.0,brown,2
J4251,I13148,26090.0,26092.0,green,1
J1679,I4835,8873.0,8875.0,green,1
J1679,I5122,9488.0,9489.0,brown,1
J1679,I5475,10285.0,10287.0,green,1
J4206,I713,1081.0,1083.0,brown,1
J4206,I8809,17484.0,17488.0,brown,1
J4206,I10345,20600.0,20601.0,brown,1
J4966,I11342,22644.0,22645.0,brown,1
J4966,I11886,23722.0,23723.0,brown,1
J4966,I13278,26309.0,26311.0,brown,1
J4966,I14126,27731.0,27732.0,brown,1
J4966,I14415,28206.0,28210.0,green,2
J994,I1619,2599.0,2602.0,green,3
J994,I1651,2658.0,2663.0,green,1
J994,I4117,7410.0,7414.0,green,1
J3257,I3515,6236.0,6241.0,green,1
J3257,I9051,17965.0,17970.0,green,3
J3257,I12131,24220.0,24222.0,green,1
J4807,I10163,20255.0,20257.0,brown,1
J4807,I11028,21964.0,21970.0,green,2
J4807,I14388,28154.0,28164.0,green,1
J4442,I1370,2165.0,2169.0,brown,2
J2533,I6313,12007.0,12010.0,green,1
J2533,I6473,12389.0,12391.0,green,1
J2533,I7465,14554.0,14555.0,green,1
J2533,I7721,15122.0,15125.0,green,1
J3624,I6743,12916.0,12918.0,brown,1
J3624,I6775,12989.0,12991.0,brown,1
J3624,I6839,13141.0,13142.0,brown,1
J3624,I7064,13582.0,13584.0,green,1
J4828,I10908,21735.0,21737.0,green,2
J4828,I11004,21920.0,21921.0,green,1
J4828,I11036,21991.0,21992.0,green,1
J4828,I15004,29166.0,29170.0,green,2
J3369,I3112,5416.0,5419.0,green,2
J3369,I4552,8284.0,8287.0,green,2
J3369,I5288,9852.0,9855.0,green,1
J3369,I10959,21832.0,21834.0,green,1
J1212,I4171,7533.0,7535.0,brown,1
J1212,I4684,8557.0,8563.0,green,2
J254,I319,456.0,458.0,green,1
J254,I415,608.0,612.0,green,1
J1681,I4465,8119.0,8120.0,green,1
J1681,I9809,19491.0,19498.0,green,2
J1681,I10049,20025.0,20027.0,brown,1
J1681,I10225,20364.0,20368.0,green,1
J1681,I10833,21586.0,21591.0,green,1
J4743,I6696,12813.0,12817.0,brown,3
J4743,I8777,17401.0,17407.0,green,1
J4743,I10857,21627.0,21632.0,green,1
J4743,I14553,28441.0,28446.0,green,1
J4938,I11730,23422.0,23427.0,green,3
J4938,I12594,25069.0,25076.0,green,1
J4938,I13361,26449.0,26450.0,brown,1
J4938,I14226,27912.0,27913.0,green,1
J1739,I2532,4286.0,4288.0,brown,2
J1739,I13455,26616.0,26618.0,green,1
J1739,I13801,27178.0,27181.0,green,2
J1739,I13869,27301.0,27308.0,green,1
J2171,I5162,9565.0,9567.0,green,1
J2171,I8042,15778.0,15780.0,green,2
J2171,I10742,21402.0,21408.0,green,1
J4110,I7900,15501.0,15503.0,green,1
J4110,I7963,15634.0,15637.0,brown,2
J4110,I8155,16028.0,16030.0,brown,2
J4110,I8219,16167.0,16169.0,brown,1
J1108,I419,616.0,619.0,green,2
J1108,I451,659.0,662.0,green,2
J1108,I1827,2996.0,2998.0,green,2
J4764,I1549,2462.0,2467.0,brown,1
J4764,I9070,18020.0,18021.0,green,1
J4764,I12302,24516.0,24518.0,green,2
J4764,I14190,27842.0,27843.0,green,1
J4764,I14842,28915.0,28916.0,green,1
J490,I1697,2740.0,2743.0,green,1
J490,I1698,2743.0,2745.0,green,1
J490,I2561,4335.0,4337.0,brown,1
J490,I4546,8274.0,8277.0,green,1
J4389,I10972,21859.0,21860.0,green,1
J4389,I11164,22242.0,22249.0,green,1
J4389,I11644,23267.0,23271.0,brown,3
J4389,I14476,28318.0,28321.0,green,1
J3573,I9341,18577.0,18581.0,brown,1
J3573,I10333,20569.0,20571.0,brown,1
J3573,I12350,24606.0,24611.0,green,1
J389,I7504,14650.0,14651.0,green,1
J389,I8208,16145.0,16147.0,brown,1
J389,I9808,19486.0,19491.0,green,1
J389,I10896,21718.0,21721.0,green,1
J389,I11994,23945.0,23950.0,green,1
J389,I12408,24722.0,24730.0,green,1
J118,I985,1539.0,1541.0,green,2
J118,I2841,4876.0,4879.0,green,1
J118,I5625,10586.0,10598.0,green,1
J843,I741,1137.0,1139.0,green,2
J843,I869,1340.0,1342.0,green,1
J843,I2981,5162.0,5165.0,green,1
J2076,I2489,4200.0,4204.0,green,1
J2076,I4153,7501.0,7507.0,green,2
J2076,I4921,9073.0,9077.0,green,1
J2076,I5305,9902.0,9908.0,green,1
J2076,I7097,13649.0,13654.0,green,1
J4276,I3450,6073.0,6074.0,brown,1
J4276,I7930,15569.0,15571.0,brown,1
J4276,I9274,18408.0,18411.0,brown,1
J4276,I11899,23748.0,23749.0,green,1
J4276,I14299,28024.0,28028.0,green,1
J1229,I2735,4648.0,4650.0,green,1
J1229,I3439,6054.0,6056.0,green,1
J1229,I5455,10250.0,10251.0,green,1
J609,I1687,2724.0,2728.0,green,1
J609,I1879,3070.0,3072.0,green,2
J609,I2599,4408.0,4414.0,green,1
J3363,I5609,10558.0,10559.0,green,1
J3363,I5769,10932.0,10937.0,green,3
J3363,I10729,21380.0,21382.0,green,1
J3363,I10953,21821.0,21823.0,green,1
J1661,I1320,2080.0,2082.0,brown,1
J1661,I5225,9718.0,9725.0,green,1
J1661,I8819,17506.0,17507.0,green,1
J8,I37,45.0,46.0,brown,1
J8,I93,121.0,122.0,brown,1
J8,I190,265.0,270.0,green,2
J8,I4254,7690.0,7694.0,green,1
J3725,I9812,19504.0,19505.0,brown,1
J3725,I9877,19637.0,19639.0,green,2
J3725,I10165,20258.0,20259.0,brown,1
J3725,I10261,20427.0,20428.0,brown,1
J3725,I11573,23133.0,23136.0,green,1
J3800,I10227,20369.0,20370.0,green,1
J3800,I10739,21398.0,21400.0,green,2
J3800,I10771,21465.0,21469.0,green,3
J2122,I1493,2374.0,2376.0,brown,1
J2122,I1494,2376.0,2379.0,green,1
J2122,I6774,12987.0,12989.0,green,1
J2122,I6805,13043.0,13045.0,brown,1
J4215,I4179,7549.0,7552.0,brown,2
J4215,I5491,10323.0,10325.0,brown,1
J4215,I13396,26514.0,26520.0,green,1
J647,I122,160.0,161.0,brown,1
J647,I4059,7287.0,7289.0,green,2
J647,I5499,10339.0,10343.0,green,1
J647,I8475,16723.0,16725.0,green,2
J4590,I4702,8598.0,8600.0,brown,1
J4590,I4830,8860.0,8861.0,brown,1
J4590,I4958,9157.0,9160.0,brown,1
J4590,I14655,28607.0,28613.0,green,1
J1102,I2462,4145.0,4146.0,brown,1
J1102,I2558,4330.0,4332.0,brown,2
J1102,I3679,6550.0,6562.0,green,2
J1102,I5697,10755.0,10759.0,green,1
J2241,I3681,6564.0,6568.0,brown,4
J2241,I11426,22810.0,22814.0,green,1
J2151,I5331,9966.0,9968.0,green,1
J2151,I5811,11021.0,11022.0,green,1
J2151,I6163,11702.0,11705.0,green,2
J2151,I8531,16837.0,16845.0,green,1
J2352,I4265,7706.0,7708.0,green,2
J2352,I6089,11545.0,11548.0,brown,1
J2352,I7369,14338.0,14342.0,green,3
J2544,I917,1413.0,1414.0,brown,1
J2544,I7669,15000.0,15001.0,brown,1
J2544,I8469,16714.0,16716.0,brown,1
J2544,I13782,27131.0,27135.0,green,1
J2544,I14054,27599.0,27605.0,green,1
J631,I1545,2455.0,2456.0,green,1
J631,I1705,2769.0,2770.0,green,1
J631,I2121,3525.0,3528.0,green,2
J631,I3689,6578.0,6585.0,green,1
J631,I5657,10659.0,10668.0,green,1
J228,I1592,2550.0,2554.0,brown,1
J228,I7865,15433.0,15437.0,green,1
J228,I11449,22856.0,22862.0,green,1
J228,I11734,23435.0,23436.0,green,1
J262,I1015,1589.0,1590.0,green,1
J262,I1304,2059.0,2063.0,green,3
J1738,I1055,1657.0,1658.0,brown,1
J1738,I1663,2678.0,2682.0,brown,2
J1738,I9664,19210.0,19217.0,green,1
J3079,I8214,16157.0,16161.0,brown,1
J3079,I8279,16329.0,16330.0,green,1
J3079,I8631,17096.0,17098.0,green,2
J3079,I8983,17830.0,17832.0,green,2
J3908,I9071,18021.0,18027.0,green,2
J3908,I9327,18531.0,18537.0,green,1
J3908,I9583,19045.0,19047.0,green,2
J3908,I10735,21393.0,21394.0,green,1
J2597,I1094,1713.0,1714.0,brown,1
J2597,I4807,8804.0,8805.0,green,1
J2597,I12743,25340.0,25341.0,green,1
J2597,I13002,25836.0,25838.0,green,1
J3698,I8664,17172.0,17173.0,brown,1
J3698,I8728,17306.0,17307.0,brown,1
J3698,I9177,18209.0,18214.0,green,1
J951,I3239,5684.0,5689.0,green,4
J951,I3270,5741.0,5743.0,brown,1
J951,I3463,6102.0,6103.0,green,1
J2931,I3354,5871.0,5872.0,brown,1
J2931,I4603,8374.0,8379.0,green,1
J2931,I8027,15739.0,15740.0,green,1
J2931,I8539,16864.0,16866.0,green,1
J2931,I11704,23372.0,23374.0,green,2
J1817,I5633,10607.0,10608.0,green,1
J1817,I5665,10685.0,10686.0,green,1
J1817,I5697,10755.0,10759.0,green,2
J1817,I6785,13001.0,13008.0,green,2
J3047,I7480,14592.0,14594.0,green,1
J3047,I7544,14727.0,14729.0,green,1
J3047,I7671,15002.0,15005.0,brown,1
J3047,I7832,15364.0,15367.0,green,2
J3047,I8088,15882.0,15885.0,green,1
J3630,I4664,8514.0,8516.0,brown,1
J3630,I4824,8841.0,8843.0,brown,1
J3630,I12889,25615.0,25619.0,green,1
J3630,I13273,26296.0,26304.0,green,1
J3630,I14905,29011.0,29013.0,green,1
J3630,I15033,29211.0,29213.0,green,1
J2648,I7922,15544.0,15546.0,green,1
J2648,I8114,15940.0,15945.0,green,3
J295,I909,1402.0,1403.0,green,1
J295,I910,1403.0,1404.0,green,1
J295,I2574,4360.0,4366.0,green,1
J295,I4782,8754.0,8758.0,green,1
J295,I8158,16035.0,16038.0,brown,1
J295,I8574,16957.0,16960.0,brown,1
J1864,I3099,5398.0,5400.0,green,1
J1864,I9059,17992.0,17995.0,green,3
J1864,I9212,18276.0,18278.0,brown,1
J4003,I9519,18927.0,18929.0,brown,1
J4003,I11119,22162.0,22164.0,brown,2
J1161,I884,1369.0,1371.0,brown,1
J1161,I9588,19054.0,19055.0,brown,1
J1161,I11829,23612.0,23620.0,green,1
J1161,I14741,28747.0,28750.0,green,1
J1161,I14837,28905.0,28907.0,green,1
J4540,I11616,23217.0,23220.0,green,2
J4540,I11840,23646.0,23649.0,green,2
J4540,I12480,24854.0,24856.0,green,1
J4170,I10652,21247.0,21257.0,green,2
J4170,I10715,21357.0,21358.0,brown,1
J4170,I10748,21418.0,21419.0,green,1
J4170,I10876,21669.0,21671.0,brown,1
J2449,I3563,6321.0,6323.0,green,1
J2449,I4043,7240.0,7241.0,green,1
J2449,I4299,7775.0,7783.0,green,1
J2449,I5355,10023.0,10025.0,green,1
J2449,I5483,10300.0,10306.0,green,1
J2449,I7382,14371.0,14376.0,green,1
J3938,I9184,18233.0,18235.0,green,1
J3938,I11680,23320.0,23324.0,green,1
J3938,I12864,25561.0,25563.0,green,1
J3938,I13132,26055.0,26058.0,green,1
J2033,I5418,10176.0,10180.0,green,2
J2033,I5513,10365.0,10366.0,brown,1
J2033,I5545,10435.0,10438.0,brown,2
J2033,I7402,14411.0,14418.0,green,1
J1213,I2019,3331.0,3332.0,brown,1
J1213,I2660,4516.0,4517.0,green,1
J1213,I10276,20447.0,20449.0,brown,1
J1794,I5240,9751.0,9753.0,brown,1
J1794,I6008,11387.0,11389.0,brown,1
J1794,I6168,11717.0,11719.0,brown,2
J1794,I10521,20976.0,20982.0,green,1
J1794,I10553,21057.0,21058.0,green,1
J2736,I5884,11162.0,11163.0,brown,1
J2736,I6012,11393.0,11397.0,brown,1
J2736,I13245,26254.0,26255.0,green,1
J2736,I14621,28554.0,28557.0,green,1
J1096,I3123,5440.0,5442.0,green,2
J1096,I3379,5925.0,5927.0,green,1
J1096,I3731,6664.0,6667.0,green,1
J1096,I3931,7029.0,7037.0,green,1
J1096,I5390,10095.0,10097.0,green,1
J1434,I2256,3790.0,3791.0,brown,1
J1434,I4049,7265.0,7268.0,green,2
J3199,I8023,15734.0,15736.0,green,2
J3199,I8055,15811.0,15813.0,brown,1
J3199,I8503,16779.0,16780.0,green,1
J3199,I12151,24256.0,24257.0,green,1
J2328,I4335,7839.0,7843.0,green,1
J2328,I5903,11193.0,11196.0,green,1
J2328,I8847,17566.0,17577.0,green,2
J3931,I3498,6197.0,6198.0,brown,1
J3931,I6795,13025.0,13028.0,green,1
J3931,I9067,18009.0,18013.0,green,1
J3931,I9674,19232.0,19235.0,brown,1
J3931,I13003,25838.0,25839.0,green,1
J3931,I13195,26174.0,26175.0,green,1
J4032,I7552,14739.0,14741.0,green,1
J4032,I7615,14866.0,14867.0,brown,1
J4032,I8831,17534.0,17538.0,brown,1
J4032,I10368,20647.0,20653.0,green,2
J4032,I14024,27550.0,27552.0,green,1
J2837,I5075,9407.0,9409.0,green,1
J2837,I10803,21537.0,21540.0,green,2
J2837,I11739,23446.0,23448.0,green,1
J2837,I12187,24316.0,24317.0,green,1
J4402,I12802,25450.0,25452.0,brown,2
J4402,I12962,25753.0,25755.0,brown,2
J4402,I14211,27879.0,27881.0,green,1
J4402,I14535,28415.0,28417.0,green,1
J1157,I3652,6499.0,6501.0,green,1
J1157,I3844,6878.0,6879.0,green,1
J1157,I5316,9931.0,9939.0,green,1
J1157,I10092,20094.0,20099.0,green,3
J1008,I190,265.0,270.0,green,1
J1008,I8206,16137.0,16144.0,green,1
J1008,I8462,16703.0,16704.0,green,1
J4736,I5926,11232.0,11236.0,brown,1
J4736,I12199,24334.0,24336.0,green,2
J4736,I14727,28726.0,28727.0,green,1
J954,I5213,9681.0,9683.0,green,1
J4267,I1065,1669.0,1670.0,brown,1
J4267,I1193,1879.0,1880.0,brown,1
J4267,I7209,13919.0,13921.0,brown,1
J4267,I12234,24394.0,24397.0,green,1
J4267,I15158,29423.0,29424.0,green,1
J756,I882,1364.0,1368.0,green,2
J756,I2834,4865.0,4866.0,green,1
J1780,I3751,6707.0,6715.0,green,1
J1780,I3943,7060.0,7062.0,green,1
J1780,I9427,18750.0,18754.0,green,3
J1780,I9575,19030.0,19034.0,green,1
J2408,I4175,7538.0,7544.0,brown,2
J2408,I7407,14425.0,14426.0,brown,1
J2408,I9968,19840.0,19841.0,green,1
J2408,I12952,25731.0,25734.0,green,1
J2408,I13520,26715.0,26716.0,green,1
J3846,I1153,1814.0,1815.0,brown,1
J3846,I2625,4453.0,4454.0,brown,1
J3846,I7905,15514.0,15516.0,brown,1
J2178,I5426,10191.0,10192.0,brown,1
J2178,I6579,12606.0,12607.0,green,1
J2178,I8723,17292.0,17302.0,green,1
J2178,I12251,24433.0,24437.0,green,1
J3094,I4559,8294.0,8295.0,green,1
J3094,I4911,9050.0,9051.0,brown,1
J3094,I10167,20260.0,20262.0,brown,1
J2691,I5699,10761.0,10762.0,green,1
J2691,I5955,11289.0,11292.0,green,2
J2691,I9123,18121.0,18122.0,green,1
J2691,I10795,21522.0,21526.0,green,1
J1275,I657,987.0,989.0,green,1
J1275,I688,1032.0,1033.0,green,1
J4796,I8126,15967.0,15971.0,brown,1
J4796,I13695,26987.0,26988.0,green,1
J4796,I14679,28649.0,28652.0,green,1
J4796,I15004,29166.0,29170.0,green,1
J4275,I12810,25470.0,25472.0,brown,2
J4275,I12842,25523.0,25524.0,brown,1
J4275,I13130,26052.0,26053.0,brown,1
J2693,I5572,10488.0,10489.0,brown,1
J2693,I5701,10768.0,10772.0,green,1
J2693,I6181,11750.0,11754.0,green,3
J3944,I7891,15487.0,15490.0,green,1
J3944,I11507,22992.0,22995.0,green,1
J3944,I12307,24528.0,24531.0,green,1
J3944,I13427,26566.0,26571.0,green,1
J2879,I5597,10528.0,10529.0,green,1
J2879,I5949,11275.0,11279.0,green,3
J2879,I6205,11803.0,11804.0,green,1
J2879,I6237,11867.0,11871.0,green,1
J1589,I3444,6063.0,6065.0,green,2
J1589,I4084,7342.0,7346.0,green,1
J1589,I5076,9409.0,9410.0,green,1
J1589,I6004,11377.0,11382.0,green,2
J3838,I8784,17433.0,17434.0,green,1
J3838,I8816,17498.0,17502.0,green,3
J3838,I9072,18027.0,18028.0,green,1
J3838,I9104,18087.0,18089.0,green,1
J2918,I5686,10730.0,10738.0,green,1
J2918,I5878,11153.0,11154.0,green,1
J2918,I12664,25196.0,25197.0,green,1
J362,I793,1225.0,1227.0,green,1
J362,I824,1273.0,1275.0,brown,1
J362,I921,1423.0,1426.0,green,2
J362,I2809,4808.0,4811.0,green,1
J2446,I5362,10037.0,10041.0,green,1
J2446,I5586,10510.0,10514.0,green,1
J2446,I5810,11019.0,11021.0,green,2
J2446,I7890,15478.0,15487.0,green,1
J2446,I8358,16482.0,16485.0,brown,1
J2,I35,43.0,44.0,brown,1
J2,I99,129.0,130.0,brown,1
J2,I12804,25454.0,25461.0,green,1
J1729,I3393,5948.0,5950.0,green,1
J1729,I5152,9548.0,9549.0,brown,1
J1729,I5216,9685.0,9687.0,brown,1
J1729,I6817,13079.0,13095.0,green,3
J1561,I4887,8997.0,8998.0,green,1
J1561,I6103,11577.0,11579.0,green,1
J1561,I7127,13715.0,13722.0,green,3
J145,I427,628.0,630.0,green,1
J145,I491,717.0,719.0,green,2
J145,I587,863.0,864.0,green,1
J145,I907,1399.0,1401.0,green,1
J145,I1829,2999.0,3000.0,green,1
J3672,I2555,4326.0,4328.0,brown,1
J3672,I10428,20775.0,20777.0,green,2
J3253,I9330,18546.0,18557.0,green,6
J733,I769,1184.0,1186.0,brown,1
J733,I1026,1613.0,1615.0,green,1
J733,I2402,4043.0,4044.0,green,1
J733,I2658,4509.0,4514.0,green,1
J733,I6786,13008.0,13011.0,green,2
J4357,I11385,22736.0,22737.0,brown,1
J4357,I11450,22862.0,22864.0,green,1
J4357,I11481,22936.0,22938.0,brown,1
J4357,I11514,23008.0,23009.0,green,1
J4357,I11610,23208.0,23212.0,green,2
J4701,I12740,25334.0,25335.0,green,1
J4701,I14340,28085.0,28086.0,green,1
J4701,I14436,28238.0,28242.0,green,1
J1921,I5319,9941.0,9944.0,brown,1
J1921,I13576,26798.0,26804.0,green,3
J1921,I14272,27988.0,27989.0,green,1
J1921,I14792,28834.0,28835.0,green,1
J1859,I288,415.0,416.0,brown,1
J1859,I10529,21004.0,21008.0,green,1
J1859,I15361,29730.0,29734.0,green,3
J1859,I15457,29868.0,29869.0,green,1
J3642,I405,589.0,594.0,brown,3
J3642,I13270,26292.0,26293.0,green,1
J3642,I14362,28114.0,28116.0,green,1
J1017,I2748,4676.0,4677.0,brown,1
J1017,I2781,4744.0,4746.0,green,1
J1017,I3101,5401.0,5403.0,green,1
J1017,I4029,7211.0,7217.0,green,3
J2585,I6020,11408.0,11409.0,brown,1
J2585,I6116,11601.0,11603.0,brown,1
J2585,I7140,13751.0,13753.0,brown,1
J2585,I11909,23768.0,23771.0,green,1
J2585,I13541,26747.0,26749.0,green,2
J3848,I7706,15071.0,15078.0,green,3
J3848,I9050,17963.0,17965.0,green,1
J191,I350,504.0,505.0,brown,1
J191,I382,551.0,552.0,green,1
J191,I414,606.0,608.0,green,2
J191,I1182,1861.0,1862.0,green,1
J191,I4222,7624.0,7630.0,green,1
J4585,I13933,27416.0,27417.0,brown,1
J4585,I14093,27685.0,27688.0,brown,3
J4622,I10044,20006.0,20011.0,green,4
J4622,I10108,20137.0,20139.0,green,2
J236,I919,1416.0,1420.0,green,1
J236,I2999,5205.0,5207.0,green,1
J236,I5799,10994.0,10999.0,green,4
J1393,I5736,10847.0,10851.0,green,2
J924,I2678,4552.0,4557.0,green,5
J924,I5078,9412.0,9414.0,green,1
J293,I10818,21560.0,21562.0,green,1
J293,I14066,27634.0,27641.0,green,1
J1508,I787,1214.0,1215.0,green,1
J1508,I819,1261.0,1263.0,green,1
J1508,I4739,8663.0,8665.0,green,1
J1508,I4923,9080.0,9083.0,green,1
J1568,I4909,9047.0,9048.0,green,1
J1568,I4973,9185.0,9191.0,green,1
J1568,I5005,9244.0,9247.0,green,1
J1568,I11021,21942.0,21945.0,green,1
J1568,I11277,22515.0,22524.0,green,1
J1568,I12185,24311.0,24315.0,green,1
J1702,I5026,9321.0,9323.0,brown,1
J1702,I5218,9692.0,9695.0,brown,2
J1702,I8418,16608.0,16612.0,brown,1
J1702,I10114,20148.0,20150.0,brown,1
J1702,I13359,26444.0,26448.0,green,1
J1672,I3061,5332.0,5334.0,brown,1
J1672,I4022,7194.0,7197.0,green,1
J1672,I8534,16848.0,16854.0,green,2
J1672,I10886,21696.0,21704.0,green,1
J1672,I11471,22914.0,22916.0,green,1
J2414,I2931,5048.0,5050.0,green,1
J2414,I8339,16444.0,16447.0,green,2
J2414,I10107,20130.0,20137.0,green,2
J2414,I10147,20221.0,20227.0,green,1
J4872,I5908,11210.0,11213.0,brown,1
J4872,I14133,27741.0,27750.0,green,2
J4872,I14741,28747.0,28750.0,green,1
J4872,I15061,29265.0,29266.0,green,1
J4872,I15269,29589.0,29593.0,green,1
J1718,I3977,7115.0,7118.0,green,1
J1718,I4009,7167.0,7169.0,green,1
J1718,I4393,7952.0,7953.0,green,1
J1718,I5801,11000.0,11004.0,green,2
J2503,I6464,12358.0,12367.0,green,3
J969,I186,258.0,260.0,brown,1
J969,I293,420.0,423.0,green,1
J969,I4773,8726.0,8731.0,green,4
J2587,I3082,5369.0,5371.0,brown,1
J2587,I4138,7462.0,7466.0,brown,1
J2587,I10250,20413.0,20414.0,brown,1
J2587,I10379,20679.0,20682.0,green,2
J2587,I14027,27554.0,27561.0,green,1
J2686,I6251,11894.0,11895.0,green,1
J2686,I6539,12521.0,12525.0,green,3
J2686,I11195,22327.0,22332.0,green,2
J4691,I5527,10404.0,10406.0,brown,1
J4691,I14376,28134.0,28137.0,green,3
J4691,I14472,28307.0,28313.0,green,1
J4691,I14968,29109.0,29110.0,green,1
J1126,I8993,17848.0,17850.0,brown,1
J1126,I10049,20025.0,20027.0,brown,1
J1126,I15138,29389.0,29391.0,green,1
J836,I3596,6387.0,6388.0,brown,1
J836,I4652,8493.0,8494.0,brown,1
J836,I8333,16432.0,16434.0,green,1
J836,I9288,18444.0,18447.0,brown,1
J836,I9452,18794.0,18795.0,brown,1
J836,I9536,18952.0,18953.0,brown,1
J2107,I5601,10538.0,10541.0,brown,1
J2107,I5730,10825.0,10826.0,green,1
J2107,I6274,11936.0,11937.0,green,1
J2107,I6402,12215.0,12217.0,green,1
J2107,I8162,16044.0,16052.0,green,2
J2856,I6400,12203.0,12209.0,green,1
J2856,I6464,12358.0,12367.0,green,3
J2856,I6944,13341.0,13343.0,green,1
J2856,I7712,15098.0,15101.0,green,1
J750,I12932,25679.0,25685.0,green,1
J750,I13540,26745.0,26747.0,green,1
J750,I14180,27823.0,27825.0,green,2
J750,I14532,28409.0,28413.0,green,2
J1973,I12359,24623.0,24625.0,green,1
J2469,I15147,29401.0,29410.0,green,4
J1335,I3589,6376.0,6379.0,green,1
J1335,I3780,6763.0,6766.0,brown,1
J1335,I8613,17047.0,17050.0,green,2
J1335,I10693,21323.0,21325.0,green,1
J3996,I3115,5424.0,5429.0,green,1
J3996,I8363,16489.0,16492.0,green,1
J3996,I12587,25056.0,25058.0,green,2
J3210,I7648,14944.0,14945.0,brown,1
J3210,I9345,18590.0,18594.0,green,1
J3210,I10528,21002.0,21004.0,brown,1
J3210,I13345,26419.0,26420.0,green,1
J3210,I14817,28875.0,28877.0,green,1
J3210,I15137,29388.0,29389.0,green,1
J1894,I1747,2843.0,2844.0,brown,1
J1894,I3251,5706.0,5709.0,brown,2
J1894,I6707,12836.0,12837.0,brown,1
J2294,I6159,11691.0,11696.0,green,1
J2294,I6606,12645.0,12647.0,brown,1
J2294,I6670,12769.0,12772.0,brown,2
J2294,I6703,12826.0,12828.0,green,1
J2294,I7086,13626.0,13628.0,brown,1
J4974,I11798,23548.0,23550.0,brown,1
J4974,I13143,26073.0,26080.0,green,3
J4974,I14999,29155.0,29160.0,green,1
J3822,I3261,5725.0,5727.0,brown,1
J3822,I9341,18577.0,18581.0,brown,1
J3822,I10142,20200.0,20210.0,green,2
J2337,I2800,4775.0,4783.0,green,2
J381,I1574,2518.0,2520.0,green,2
J381,I2726,4628.0,4633.0,green,1
J761,I3756,6720.0,6722.0,brown,1
J761,I7437,14495.0,14496.0,green,1
J761,I7533,14708.0,14711.0,green,2
J2502,I2405,4046.0,4047.0,brown,1
J2502,I3558,6305.0,6306.0,green,1
J2502,I8486,16742.0,16745.0,brown,1
J2502,I9318,18516.0,18520.0,brown,1
J1405,I3064,5337.0,5339.0,brown,2
J1405,I3096,5391.0,5394.0,brown,1
J1405,I6584,12611.0,12615.0,brown,1
J1405,I8889,17645.0,17648.0,green,1
J1405,I13273,26296.0,26304.0,green,1
J4290,I3104,5405.0,5408.0,brown,1
J4290,I7040,13540.0,13542.0,brown,1
J4290,I11169,22263.0,22270.0,green,2
J4290,I11841,23649.0,23655.0,green,2
J4082,I10555,21062.0,21070.0,green,2
J4082,I10714,21356.0,21357.0,brown,1
J4082,I10746,21414.0,21417.0,brown,2
J4082,I11515,23009.0,23011.0,green,1
J4750,I11733,23432.0,23435.0,brown,1
J4750,I11766,23492.0,23499.0,green,3
J4750,I13822,27215.0,27219.0,green,1
J4750,I15190,29474.0,29476.0,green,1
J275,I174,240.0,242.0,green,1
J275,I654,983.0,985.0,green,1
J275,I1006,1573.0,1578.0,green,2
J275,I1549,2462.0,2467.0,brown,1
J3223,I9593,19063.0,19066.0,brown,2
J3223,I9689,19256.0,19257.0,brown,1
J4900,I15085,29304.0,29305.0,green,1
J4900,I15117,29365.0,29366.0,green,1
J4900,I15181,29460.0,29463.0,green,3
J3778,I6750,12934.0,12938.0,green,1
J3778,I7102,13663.0,13664.0,green,1
J3778,I9406,18713.0,18715.0,green,2
J3778,I11198,22336.0,22338.0,green,2
J1209,I4149,7483.0,7485.0,green,1
J1209,I8277,16321.0,16323.0,green,1
J1209,I8341,16449.0,16452.0,green,1
J1209,I9045,17956.0,17959.0,green,2
J1209,I11060,22040.0,22041.0,brown,1
J3959,I3733,6669.0,6670.0,brown,1
J3959,I9798,19457.0,19465.0,green,2
J3959,I10502,20933.0,20939.0,green,1
J3959,I12782,25413.0,25414.0,green,1
J3651,I248,353.0,355.0,brown,2
J3651,I888,1375.0,1376.0,brown,1
J3651,I8761,17371.0,17376.0,green,2
J3651,I13305,26348.0,26349.0,green,1
J399,I983,1533.0,1535.0,green,1
J399,I3575,6343.0,6344.0,green,1
J399,I7415,14446.0,14449.0,green,1
J531,I847,1305.0,1313.0,green,1
J531,I3599,6394.0,6402.0,green,1
J1401,I4574,8320.0,8322.0,green,1
J1401,I4638,8461.0,8463.0,green,1
J1401,I4798,8786.0,8792.0,green,1
J1401,I7422,14462.0,14465.0,green,1
J1401,I8806,17477.0,17479.0,green,1
J2198,I6400,12203.0,12209.0,green,3
J2198,I6720,12860.0,12865.0,green,2
J2198,I7720,15113.0,15122.0,green,1
J1170,I63,80.0,81.0,green,1
J1170,I287,414.0,415.0,brown,1
J1170,I415,608.0,612.0,green,1
J1170,I2367,3980.0,3986.0,brown,1
J2762,I4114,7402.0,7407.0,green,3
J2762,I5521,10394.0,10398.0,brown,1
J718,I5339,9979.0,9983.0,green,2
J718,I8808,17480.0,17484.0,green,1
J718,I8811,17490.0,17493.0,brown,1
J864,I2422,4080.0,4081.0,brown,1
J864,I12823,25491.0,25494.0,green,2
J864,I14999,29155.0,29160.0,green,1
J864,I15447,29854.0,29856.0,green,2
J3220,I6458,12345.0,12348.0,brown,3
J3220,I6522,12491.0,12493.0,brown,2
J3220,I10619,21183.0,21187.0,green,1
J57,I131,171.0,177.0,green,2
J57,I143,193.0,194.0,green,1
J904,I2706,4597.0,4598.0,brown,1
J904,I4434,8038.0,8040.0,brown,1
J904,I12723,25308.0,25309.0,green,1
J904,I14515,28379.0,28387.0,green,3
J4025,I4080,7337.0,7338.0,brown,1
J4025,I4913,9053.0,9057.0,green,1
J4025,I12753,25361.0,25363.0,green,2
J747,I1664,2682.0,2683.0,brown,1
J747,I3585,6369.0,6371.0,green,1
J747,I6017,11403.0,11405.0,green,2
J747,I6209,11810.0,11813.0,green,1
J747,I11737,23441.0,23444.0,green,1
J2359,I244,348.0,350.0,brown,1
J2359,I7733,15158.0,15160.0,green,2
J4769,I7338,14271.0,14272.0,brown,1
J4769,I7531,14700.0,14704.0,green,1
J4769,I15115,29361.0,29364.0,green,3
J4769,I15259,29573.0,29574.0,green,1
J1360,I2233,3752.0,3754.0,green,1
J1360,I2361,3973.0,3975.0,green,2
J1360,I2841,4876.0,4879.0,green,1
J2847,I5198,9643.0,9646.0,brown,1
J2847,I5230,9733.0,9734.0,brown,1
J2847,I5551,10450.0,10452.0,green,2
J2847,I9871,19617.0,19630.0,green,2
J3917,I7415,14446.0,14449.0,green,1
J3917,I8567,16942.0,16946.0,green,2
J3917,I11071,22064.0,22067.0,green,1
J3917,I11495,22963.0,22965.0,green,2
J2098,I5009,9255.0,9260.0,green,1
J2098,I6928,13295.0,13296.0,brown,1
J2098,I8497,16760.0,16768.0,green,2
J2098,I11441,22839.0,22841.0,green,1
J2228,I11359,22679.0,22686.0,green,2
J2930,I2512,4245.0,4250.0,green,1
J2930,I10039,19997.0,19998.0,brown,1
J2930,I10134,20182.0,20185.0,green,1
J2930,I10135,20185.0,20188.0,brown,1
J4972,I14722,28718.0,28719.0,green,1
J4972,I14754,28771.0,28777.0,green,1
J4972,I14882,28976.0,28978.0,brown,1
J4972,I15042,29223.0,29224.0,green,1
J4972,I15170,29441.0,29444.0,green,1
J1072,I1985,3267.0,3270.0,green,1
J1072,I2401,4042.0,4043.0,green,1
J1072,I3265,5731.0,5732.0,green,1
J1072,I4193,7575.0,7578.0,green,2
J1072,I7938,15580.0,15581.0,brown,1
J3592,I5120,9485.0,9486.0,brown,1
J3592,I12865,25563.0,25564.0,green,1
J3592,I13409,26535.0,26537.0,green,2
J3592,I14225,27906.0,27912.0,green,1
J1788,I1784,2925.0,2926.0,green,1
J1788,I4504,8182.0,8186.0,green,1
J4552,I1052,1649.0,1655.0,brown,1
J4552,I14189,27839.0,27842.0,green,1
J3533,I3272,5744.0,5750.0,brown,1
J3533,I9097,18065.0,18069.0,green,1
J3533,I12745,25342.0,25346.0,green,1
J3533,I12969,25766.0,25772.0,green,2
J3299,I6370,12132.0,12134.0,brown,1
J3299,I8578,16965.0,16967.0,brown,1
J3299,I12835,25512.0,25513.0,green,1
J3299,I13347,26421.0,26425.0,green,1
J961,I2684,4565.0,4567.0,green,2
J961,I2940,5065.0,5069.0,green,1
J961,I3612,6428.0,6432.0,green,1
J961,I7904,15512.0,15514.0,brown,1
J4684,I866,1336.0,1338.0,brown,1
J4684,I13379,26479.0,26480.0,green,1
J4684,I14659,28619.0,28620.0,green,1
J4684,I14787,28828.0,28830.0,green,1
J341,I2178,3633.0,3634.0,brown,1
J341,I3682,6568.0,6571.0,brown,1
J4799,I12277,24475.0,24477.0,brown,2
J4799,I12342,24592.0,24596.0,green,1
J4799,I12469,24838.0,24840.0,brown,1
J4799,I12822,25488.0,25491.0,green,2
J3412,I9787,19434.0,19435.0,green,1
J3412,I10011,19927.0,19932.0,green,5
J788,I1389,2196.0,2197.0,green,1
J788,I1421,2243.0,2244.0,green,1
J788,I1581,2532.0,2534.0,green,1
J788,I1933,3176.0,3178.0,green,1
J788,I5515,10369.0,10383.0,green,2
J908,I3667,6529.0,6532.0,green,3
J908,I3763,6729.0,6735.0,green,3
J4352,I12247,24427.0,24428.0,brown,1
J4352,I12536,24972.0,24973.0,green,1
J4352,I14810,28864.0,28865.0,green,1
J4352,I15104,29339.0,29341.0,green,1
J4352,I15176,29454.0,29455.0,green,1
J4352,I15480,29909.0,29910.0,green,1
J244,I1154,1815.0,1817.0,green,1
J244,I5858,11117.0,11122.0,green,2
J244,I6178,11740.0,11748.0,green,1
J4411,I6364,12115.0,12118.0,brown,1
J4411,I7996,15687.0,15689.0,brown,1
J4411,I14109,27712.0,27713.0,green,1
J3562,I7172,13825.0,13827.0,brown,1
J3562,I7684,15027.0,15028.0,brown,1
J3562,I13581,26814.0,26815.0,green,1
J4259,I9913,19714.0,19716.0,green,2
J4259,I9945,19788.0,19795.0,green,3
J4999,I3246,5697.0,5700.0,brown,1
J4999,I13135,26061.0,26062.0,green,1
J4999,I14959,29091.0,29093.0,green,2
J3694,I5312,9924.0,9925.0,brown,1
J3694,I9825,19530.0,19537.0,green,1
J3694,I10017,19948.0,19954.0,green,2
J3694,I14025,27552.0,27553.0,green,1
J3694,I14026,27553.0,27554.0,green,1
J3640,I8239,16217.0,16221.0,green,1
J3640,I8271,16303.0,16306.0,green,2
J3640,I8303,16376.0,16377.0,green,1
J3640,I8911,17681.0,17682.0,brown,1
J3640,I10767,21458.0,21461.0,brown,1
J438,I3740,6684.0,6685.0,brown,1
J438,I14205,27867.0,27871.0,green,2
J438,I14525,28398.0,28400.0,green,2
J438,I14621,28554.0,28557.0,green,1
J220,I1349,2126.0,2128.0,brown,1
J220,I1477,2345.0,2349.0,brown,1
J220,I2469,4162.0,4165.0,brown,1
J220,I2822,4833.0,4834.0,green,1
J220,I6950,13356.0,13357.0,green,1
J220,I10895,21717.0,21718.0,green,1
J1060,I2738,4653.0,4660.0,green,3
J1060,I7794,15283.0,15291.0,green,1
J1060,I8449,16669.0,16673.0,green,1
J1060,I8450,16673.0,16680.0,green,1
J3407,I4383,7924.0,7925.0,brown,1
J3407,I5535,10417.0,10419.0,brown,1
J3407,I14152,27778.0,27780.0,green,2
J3407,I14536,28417.0,28418.0,green,1
J2106,I5992,11347.0,11350.0,green,3
J2106,I6248,11884.0,11889.0,green,3
J1214,I1082,1693.0,1695.0,brown,2
J1214,I2619,4440.0,4442.0,green,1
J1214,I7162,13803.0,13805.0,brown,1
J452,I1734,2824.0,2825.0,green,1
J452,I3302,5793.0,5795.0,green,1
J1410,I1667,2686.0,2687.0,green,1
J1410,I2243,3770.0,3774.0,green,1
J1410,I2467,4155.0,4161.0,green,2
J2283,I3454,6080.0,6086.0,green,1
J2283,I10526,20987.0,20988.0,green,1
J2283,I11166,22255.0,22261.0,green,2
J2242,I1923,3158.0,3159.0,green,1
J2242,I1987,3273.0,3274.0,green,1
J2242,I2179,3634.0,3636.0,green,1
J2242,I5219,9695.0,9697.0,green,1
J2242,I6819,13096.0,13100.0,green,2
J3716,I7167,13818.0,13820.0,green,1
J3716,I7263,14059.0,14062.0,green,2
J3716,I8543,16880.0,16881.0,green,1
J3716,I8783,17419.0,17433.0,green,1
J3716,I10319,20532.0,20538.0,green,1
J1895,I4128,7435.0,7440.0,green,2
J1895,I4544,8261.0,8269.0,green,2
J1895,I5248,9777.0,9780.0,green,2
J4669,I13752,27089.0,27090.0,brown,1
J4669,I13785,27141.0,27144.0,green,1
J4669,I13880,27327.0,27328.0,brown,1
J4669,I13944,27433.0,27434.0,brown,1
J4669,I13945,27434.0,27435.0,green,1
J2893,I7342,14277.0,14280.0,green,1
J2893,I7405,14422.0,14423.0,brown,1
J2893,I7661,14983.0,14984.0,brown,1
J2893,I7662,14984.0,14992.0,green,1
J2893,I7821,15348.0,15349.0,brown,1
J2893,I14040,27578.0,27580.0,green,1
J1272,I6731,12893.0,12896.0,brown,1
J1272,I6891,13233.0,13235.0,brown,1
J1272,I7052,13561.0,13565.0,green,1
J1272,I8203,16126.0,16130.0,brown,2
J1272,I8843,17557.0,17560.0,brown,1
J3377,I9199,18254.0,18256.0,green,2
J3377,I9295,18456.0,18458.0,green,2
J3377,I9327,18531.0,18537.0,green,2
J1216,I1522,2420.0,2422.0,brown,1
J1216,I1682,2718.0,2719.0,brown,1
J1216,I1778,2910.0,2915.0,brown,1
J1216,I12691,25251.0,25256.0,green,3
J876,I851,1316.0,1318.0,green,1
J876,I3539,6282.0,6284.0,green,1
J876,I8504,16780.0,16787.0,green,4
J1932,I4541,8254.0,8257.0,green,3
J895,I2347,3950.0,3951.0,green,1
J895,I2635,4470.0,4474.0,green,3
J895,I3307,5801.0,5802.0,brown,1
J895,I6870,13195.0,13202.0,green,1
J1804,I5625,10586.0,10598.0,green,2
J1804,I5721,10807.0,10810.0,green,1
J1804,I8984,17832.0,17833.0,brown,1
J4153,I12230,24387.0,24388.0,brown,1
J4153,I12294,24502.0,24503.0,brown,1
J4153,I14215,27888.0,27895.0,green,1
J2600,I4031,7218.0,7225.0,green,1
J2600,I4223,7630.0,7634.0,green,3
J2600,I5503,10349.0,10352.0,green,2
J1429,I4505,8186.0,8187.0,green,1
J1429,I4538,8251.0,8252.0,green,1
J1429,I5146,9538.0,9539.0,green,1
J1910,I5208,9674.0,9676.0,green,2
J1910,I5304,9896.0,9902.0,green,2
J1550,I5005,9244.0,9247.0,green,1
J1550,I5196,9641.0,9642.0,brown,1
J2773,I7247,14021.0,14025.0,green,1
J2773,I9871,19617.0,19630.0,green,3
J2638,I5716,10800.0,10802.0,green,1
J2638,I6004,11377.0,11382.0,green,1
J2638,I11164,22242.0,22249.0,green,3
J2638,I11916,23780.0,23788.0,green,1
J3649,I7834,15374.0,15376.0,green,2
J3649,I7866,15437.0,15440.0,green,3
J3649,I7963,15634.0,15637.0,brown,1
J1497,I3476,6132.0,6142.0,green,1
J1497,I5396,10113.0,10121.0,green,1
J1497,I9811,19503.0,19504.0,brown,1
J1497,I11059,22038.0,22040.0,brown,1
J1497,I11667,23301.0,23302.0,brown,1
J1497,I12324,24555.0,24557.0,green,1
J1311,I4077,7325.0,7335.0,green,2
J2806,I2491,4205.0,4208.0,green,1
J2806,I2619,4440.0,4442.0,green,1
J2806,I3867,6913.0,6916.0,green,1
J2806,I10107,20130.0,20137.0,green,1
J2806,I10687,21315.0,21317.0,green,1
J2806,I10751,21424.0,21426.0,green,1
J1847,I5142,9529.0,9533.0,green,4
J345,I263,379.0,382.0,brown,1
J345,I2120,3522.0,3525.0,green,1
J345,I2504,4230.0,4235.0,green,2
J345,I8008,15704.0,15710.0,green,2
J4277,I9834,19553.0,19555.0,brown,1
J4277,I12523,24941.0,24947.0,green,1
J4277,I14187,27836.0,27837.0,green,1
J4277,I14679,28649.0,28652.0,green,1
J938,I2771,4720.0,4723.0,green,2
J938,I7219,13932.0,13942.0,green,2
J1807,I5161,9563.0,9565.0,green,2
J1807,I5193,9636.0,9637.0,green,1
J1807,I5449,10231.0,10236.0,green,1
J2895,I6641,12705.0,12706.0,brown,1
J2895,I12017,23990.0,23992.0,brown,1
J2895,I12945,25713.0,25714.0,brown,1
J2895,I12977,25787.0,25789.0,brown,1
J4211,I12923,25663.0,25668.0,green,1
J4211,I13991,27505.0,27508.0,green,1
J2834,I1138,1790.0,1792.0,brown,1
J2834,I6259,11906.0,11909.0,green,1
J2834,I9147,18158.0,18160.0,green,1
J2834,I11475,22923.0,22925.0,green,1
J4615,I10899,21723.0,21724.0,brown,1
J4615,I14196,27848.0,27850.0,green,1
J4615,I14362,28114.0,28116.0,green,1
J1016,I3414,6005.0,6008.0,green,2
J1016,I3605,6412.0,6413.0,brown,1
J1016,I3797,6791.0,6792.0,brown,1
J1016,I3957,7086.0,7088.0,brown,1
J1016,I5798,10990.0,10994.0,green,1
J2026,I5826,11049.0,11050.0,green,1
J2026,I6082,11533.0,11536.0,green,1
J2026,I8450,16673.0,16680.0,green,3
J2026,I11023,21953.0,21957.0,green,1
J1834,I710,1073.0,1078.0,green,2
J1834,I4742,8669.0,8673.0,green,1
J1834,I4774,8731.0,8738.0,green,1
J1834,I9465,18817.0,18823.0,green,1
J1834,I9646,19171.0,19175.0,green,1
J2451,I7600,14832.0,14833.0,brown,1
J2451,I8208,16145.0,16147.0,brown,1
J4659,I12486,24866.0,24870.0,brown,4
J4659,I14247,27944.0,27946.0,green,1
J4659,I15175,29450.0,29454.0,green,1
J183,I742,1139.0,1141.0,green,2
J183,I3046,5299.0,5303.0,green,1
J183,I6566,12577.0,12578.0,green,1
J4463,I11465,22894.0,22896.0,green,2
J4463,I11561,23103.0,23104.0,brown,1
J4463,I11689,23335.0,23338.0,green,1
J4463,I13001,25832.0,25836.0,green,2
J1456,I4825,8843.0,8847.0,green,1
J1456,I5241,9753.0,9756.0,green,1
J1456,I5305,9902.0,9908.0,green,1
J1456,I11606,23198.0,23204.0,green,3
J4580,I4365,7900.0,7901.0,brown,1
J4580,I4493,8161.0,8163.0,brown,1
J4580,I6957,13366.0,13367.0,brown,1
J2936,I879,1358.0,1359.0,brown,1
J2936,I2224,3733.0,3736.0,green,1
J2936,I3792,6784.0,6785.0,green,1
J2936,I9528,18938.0,18940.0,green,1
J1052,I9614,19114.0,19118.0,green,1
J1052,I9806,19477.0,19484.0,green,1
J1052,I10509,20952.0,20954.0,brown,1
J1052,I10669,21287.0,21288.0,brown,1
J1052,I10925,21769.0,21770.0,brown,1
J3645,I7291,14137.0,14141.0,green,1
J3645,I7386,14379.0,14380.0,brown,1
J3645,I7450,14520.0,14525.0,brown,1
J3645,I11707,23384.0,23388.0,green,1
J3144,I437,642.0,643.0,brown,1
J3144,I1397,2207.0,2210.0,brown,2
J3144,I10886,21696.0,21704.0,green,1
J289,I605,896.0,897.0,brown,1
J289,I957,1491.0,1492.0,brown,1
J289,I3774,6754.0,6756.0,green,1
J289,I7549,14735.0,14736.0,brown,1
J289,I10142,20200.0,20210.0,green,1
J289,I10982,21878.0,21885.0,green,1
J3434,I7499,14635.0,14644.0,green,6
J3468,I7503,14649.0,14650.0,green,1
J3468,I7663,14992.0,14994.0,brown,2
J3468,I8783,17419.0,17433.0,green,1
J3468,I13423,26559.0,26561.0,brown,1
J2900,I2980,5160.0,5162.0,green,1
J2900,I4420,8009.0,8013.0,green,1
J2900,I5700,10762.0,10768.0,green,2
J2900,I11075,22072.0,22075.0,brown,1
J2900,I11617,23220.0,23221.0,green,1
J3988,I5512,10364.0,10365.0,brown,1
J3988,I6601,12636.0,12637.0,green,1
J3988,I12105,24170.0,24173.0,green,2
J3988,I13737,27063.0,27064.0,green,1
J3988,I13841,27252.0,27258.0,green,1
J3576,I3249,5703.0,5705.0,brown,1
J3576,I9586,19049.0,19053.0,green,3
J4910,I7420,14459.0,14461.0,brown,2
J4910,I7837,15381.0,15387.0,green,1
J4910,I15261,29575.0,29577.0,green,2
J3542,I3328,5833.0,5836.0,brown,1
J3542,I8801,17464.0,17465.0,green,1
J3542,I11137,22194.0,22196.0,brown,1
J1733,I3363,5886.0,5888.0,green,2
J1733,I3491,6181.0,6185.0,green,3
J3385,I5650,10645.0,10649.0,brown,1
J3385,I11443,22844.0,22848.0,green,1
J1955,I5800,10999.0,11000.0,green,1
J1955,I6024,11416.0,11419.0,green,2
J4176,I8506,16788.0,16789.0,brown,1
J4176,I8602,17020.0,17022.0,brown,1
J4176,I8730,17308.0,17309.0,brown,1
J4176,I8826,17528.0,17530.0,brown,2
J4176,I14811,28865.0,28867.0,green,1
J1851,I2108,3501.0,3505.0,brown,1
J1851,I2397,4036.0,4037.0,green,1
J1851,I4445,8071.0,8080.0,green,1
J1851,I8637,17107.0,17111.0,green,3
J2213,I6335,12046.0,12049.0,green,1
J2213,I7487,14613.0,14615.0,green,1
J2213,I11135,22188.0,22192.0,green,1
J4559,I11986,23933.0,23937.0,brown,2
J4559,I12371,24640.0,24642.0,green,1
J4559,I12467,24833.0,24835.0,green,1
J4559,I12595,25076.0,25077.0,green,1
J546,I1007,1578.0,1579.0,green,1
J546,I1615,2592.0,2594.0,brown,1
J546,I1967,3239.0,3242.0,green,1
J546,I2095,3479.0,3483.0,green,2
J546,I2677,4546.0,4552.0,green,1
J2913,I2194,3677.0,3679.0,green,1
J2913,I2354,3957.0,3962.0,green,1
J2913,I2546,4312.0,4315.0,green,1
J2913,I6034,11438.0,11443.0,green,2
J597,I1618,2596.0,2599.0,green,2
J597,I1650,2656.0,2658.0,green,1
J3606,I3033,5266.0,5267.0,brown,1
J4864,I10559,21078.0,21080.0,brown,1
J2611,I7360,14320.0,14323.0,green,3
J2611,I7392,14390.0,14391.0,green,1
J2611,I7432,14481.0,14484.0,green,1
J2485,I6472,12381.0,12389.0,green,4
J3951,I11273,22509.0,22511.0,brown,2
J3951,I11305,22570.0,22572.0,brown,1
J3951,I11466,22896.0,22904.0,green,1
J3951,I11914,23777.0,23779.0,green,2
J4810,I9833,19552.0,19553.0,brown,1
J4810,I9866,19610.0,19612.0,green,2
J4810,I10058,20041.0,20042.0,brown,1
J4810,I10122,20163.0,20165.0,brown,1
J4810,I10410,20745.0,20747.0,brown,1
J4648,I6965,13383.0,13385.0,brown,1
J4648,I12806,25463.0,25465.0,green,2
J4648,I13782,27131.0,27135.0,green,1
J4065,I6491,12425.0,12427.0,brown,2
J4065,I6588,12618.0,12619.0,green,1
J4065,I6940,13322.0,13329.0,green,1
J4065,I7996,15687.0,15689.0,brown,1
J4065,I14014,27537.0,27540.0,green,1
J4548,I7818,15344.0,15345.0,brown,1
J4548,I14795,28841.0,28842.0,green,1
J4548,I14859,28941.0,28944.0,green,1
J4548,I15147,29401.0,29410.0,green,3
J1506,I661,994.0,995.0,green,1
J1506,I789,1219.0,1220.0,green,1
J1506,I1621,2603.0,2607.0,green,2
J2476,I3741,6685.0,6688.0,brown,1
J2476,I5758,10913.0,10916.0,green,2
J2476,I7294,14145.0,14151.0,green,2
J2476,I10142,20200.0,20210.0,green,1
J2251,I5068,9392.0,9393.0,green,1
J2251,I5132,9500.0,9509.0,green,1
J2251,I7052,13561.0,13565.0,green,1
J1839,I6988,13432.0,13436.0,green,1
J1839,I10028,19971.0,19974.0,green,1
J2946,I3875,6931.0,6933.0,brown,1
J2946,I8388,16552.0,16557.0,green,1
J2946,I11780,23518.0,23526.0,green,2
J1047,I2088,3453.0,3456.0,brown,1
J1047,I6817,13079.0,13095.0,green,1
J1047,I7337,14269.0,14271.0,green,2
J3761,I6463,12357.0,12358.0,green,1
J3761,I8783,17419.0,17433.0,green,1
J3130,I8456,16691.0,16692.0,green,1
J3130,I8744,17337.0,17340.0,green,2
J3105,I7030,13511.0,13515.0,green,1
J3105,I8021,15732.0,15733.0,brown,1
J3105,I13302,26341.0,26345.0,green,1
J3105,I14454,28273.0,28277.0,green,1
J3105,I14716,28709.0,28711.0,green,2
J1211,I2863,4922.0,4924.0,brown,1
J1211,I12240,24411.0,24417.0,green,1
J1211,I12991,25818.0,25819.0,brown,1
J4688,I2337,3932.0,3934.0,brown,1
J4688,I4545,8269.0,8274.0,brown,1
J4688,I14802,28852.0,28853.0,green,1
J4688,I14818,28877.0,28879.0,green,1
J4688,I15226,29525.0,29528.0,green,1
J4688,I15298,29629.0,29630.0,green,1
J4444,I11755,23473.0,23474.0,brown,1
J4444,I14154,27783.0,27788.0,green,1
J3401,I9809,19491.0,19498.0,green,2
J2550,I6067,11509.0,11510.0,brown,1
J2550,I10100,20110.0,20115.0,green,1
J2550,I12308,24531.0,24532.0,green,1
J2550,I14468,28299.0,28302.0,green,3
J505,I7370,14342.0,14343.0,brown,1
J505,I7531,14700.0,14704.0,green,1
J505,I8074,15850.0,15852.0,brown,1
J505,I8906,17669.0,17670.0,brown,1
J505,I9674,19232.0,19235.0,brown,1
J4846,I6100,11570.0,11572.0,green,1
J4846,I6451,12336.0,12338.0,brown,1
J4846,I14804,28855.0,28857.0,green,1
J3948,I10633,21213.0,21215.0,brown,1
J3948,I10730,21382.0,21384.0,green,1
J3948,I10858,21632.0,21634.0,green,2
J3560,I1428,2256.0,2259.0,green,1
J3560,I5140,9520.0,9528.0,green,1
J3560,I5524,10400.0,10402.0,green,1
J3560,I6004,11377.0,11382.0,green,1
J3560,I11732,23429.0,23432.0,green,1
J3560,I11868,23696.0,23697.0,green,1
J998,I3476,6132.0,6142.0,green,2
J998,I5715,10796.0,10800.0,brown,1
J998,I7608,14850.0,14856.0,green,3
J4848,I13745,27077.0,27078.0,green,1
J4848,I13809,27194.0,27195.0,brown,1
J4848,I13943,27430.0,27433.0,green,1
J4848,I14225,27906.0,27912.0,green,2
J4848,I14257,27961.0,27963.0,green,1
J1045,I796,1230.0,1231.0,green,1
J1061,I7080,13614.0,13615.0,brown,1
J1061,I9331,18557.0,18561.0,green,2
J492,I207,293.0,295.0,green,2
J492,I239,342.0,343.0,green,1
J492,I687,1029.0,1032.0,green,1
J492,I1072,1678.0,1680.0,brown,1
J492,I3151,5514.0,5518.0,green,1
J4201,I5772,10940.0,10942.0,brown,1
J4201,I6092,11556.0,11558.0,brown,1
J4201,I7053,13565.0,13567.0,green,1
J4201,I14189,27839.0,27842.0,green,1
J4201,I14733,28734.0,28738.0,green,1
J4201,I14777,28812.0,28813.0,green,1
J155,I543,802.0,803.0,green,1
J155,I895,1383.0,1385.0,green,2
J155,I1983,3264.0,3266.0,green,1
J155,I5855,11111.0,11113.0,green,1
J155,I6383,12156.0,12158.0,green,1
J4856,I13975,27481.0,27484.0,green,1
J4856,I14327,28063.0,28068.0,green,1
J4856,I15319,29660.0,29664.0,green,4
J1310,I1818,2983.0,2984.0,brown,1
J1310,I1850,3032.0,3033.0,brown,1
J1310,I1978,3255.0,3258.0,brown,1
J1310,I2010,3319.0,3322.0,brown,1
J1310,I9371,18641.0,18642.0,green,1
J1310,I11675,23313.0,23314.0,green,1
J303,I803,1239.0,1241.0,brown,2
J303,I6500,12440.0,12443.0,green,1
J303,I13700,26995.0,26997.0,green,1
J303,I13764,27102.0,27103.0,green,1
J4365,I7761,15211.0,15213.0,brown,2
J4365,I9457,18802.0,18804.0,brown,1
J316,I475,693.0,694.0,brown,1
J316,I987,1542.0,1544.0,brown,1
J1234,I2695,4584.0,4586.0,green,2
J1234,I2759,4701.0,4703.0,green,2
J2406,I6449,12332.0,12335.0,green,1
J2406,I6481,12407.0,12408.0,green,1
J2406,I6673,12774.0,12776.0,green,1
J2406,I8769,17388.0,17389.0,green,1
J2406,I9106,18090.0,18091.0,brown,1
J2406,I9395,18691.0,18693.0,green,1
J4553,I13108,26023.0,26025.0,brown,1
J4553,I13301,26339.0,26341.0,green,2
J4553,I13557,26772.0,26775.0,green,1
J4553,I13877,27319.0,27320.0,green,1
J4553,I14037,27573.0,27574.0,green,1
J4049,I6995,13444.0,13449.0,green,1
J4049,I7090,13634.0,13637.0,brown,3
J4049,I7186,13853.0,13856.0,brown,1
J4049,I7570,14782.0,14784.0,brown,1
J4685,I12725,25311.0,25315.0,green,3
J4685,I14941,29063.0,29066.0,green,3
J2235,I5237,9746.0,9749.0,green,1
J2235,I5589,10517.0,10519.0,green,1
J2235,I8373,16510.0,16524.0,green,1
J2235,I10036,19993.0,19995.0,brown,1
J2235,I13223,26211.0,26216.0,green,1
J2235,I13295,26332.0,26333.0,green,1
J1043,I1925,3164.0,3168.0,brown,1
J1043,I1989,3275.0,3276.0,brown,1
J1043,I2021,3333.0,3334.0,brown,1
J1043,I14262,27973.0,27976.0,green,2
J1043,I14318,28054.0,28055.0,green,1
J2484,I5486,10309.0,10315.0,green,1
J4297,I4883,8984.0,8986.0,brown,2
J4297,I4884,8986.0,8994.0,green,2
J4297,I7507,14653.0,14656.0,brown,1
J4297,I9011,17887.0,17889.0,brown,1
J1095,I4968,9172.0,9181.0,green,2
J3632,I10002,19908.0,19915.0,green,1
J3632,I13170,26129.0,26133.0,green,2
J3632,I13330,26388.0,26390.0,green,1
J3632,I13906,27367.0,27372.0,green,1
J3632,I14034,27568.0,27569.0,green,1
J2908,I3440,6056.0,6058.0,brown,1
J2908,I8785,17434.0,17436.0,green,2
J2908,I11025,21960.0,21961.0,green,1
J2908,I13041,25908.0,25914.0,green,2
J2384,I5789,10970.0,10976.0,green,6
J1235,I2089,3456.0,3460.0,green,3
J1336,I3425,6026.0,6029.0,brown,1
J1336,I4001,7157.0,7159.0,brown,2
J1336,I11906,23758.0,23762.0,green,1
J1336,I14354,28102.0,28107.0,green,2
J607,I1899,3107.0,3109.0,brown,1
J607,I10060,20043.0,20046.0,green,1
J607,I11052,22021.0,22022.0,green,1
J607,I13612,26864.0,26866.0,green,1
J931,I3060,5331.0,5332.0,green,1
J931,I3124,5442.0,5444.0,green,2
J931,I3220,5646.0,5647.0,green,1
J931,I3316,5817.0,5819.0,green,2
J4164,I6199,11792.0,11793.0,green,1
J4164,I7447,14509.0,14512.0,green,1
J4164,I12471,24841.0,24842.0,green,1
J1034,I2022,3334.0,3336.0,green,2
J765,I2094,3471.0,3479.0,green,4
J81,I132,177.0,178.0,green,1
J81,I196,277.0,278.0,green,1
J81,I4996,9228.0,9232.0,green,1
J81,I6437,12296.0,12301.0,brown,1
J81,I9388,18680.0,18682.0,green,2
J3098,I4871,8961.0,8964.0,green,2
J3098,I6534,12510.0,12512.0,brown,1
J3098,I10183,20297.0,20301.0,green,2
J562,I1915,3144.0,3145.0,green,1
J562,I2651,4499.0,4501.0,green,1
J562,I4635,8450.0,8457.0,green,1
J562,I6459,12348.0,12352.0,green,1
J562,I7195,13889.0,13894.0,green,2
J2438,I2813,4816.0,4818.0,green,2
J2438,I4093,7362.0,7368.0,green,2
J4348,I12779,25408.0,25410.0,green,1
J4348,I13835,27237.0,27238.0,green,1
J3226,I6980,13416.0,13417.0,brown,1
J3226,I10148,20227.0,20230.0,brown,1
J636,I1111,1739.0,1741.0,green,1
J636,I4343,7855.0,7857.0,green,1
J636,I5926,11232.0,11236.0,brown,1
J636,I7191,13869.0,13871.0,green,2
J1548,I3416,6009.0,6010.0,green,1
J1548,I3448,6070.0,6072.0,green,2
J828,I233,333.0,336.0,green,1
J828,I3561,6311.0,6315.0,green,1
J828,I7625,14883.0,14889.0,green,2
J828,I8745,17340.0,17342.0,green,1
J828,I10377,20675.0,20678.0,green,1
J1070,I1544,2447.0,2455.0,green,1
J1070,I5831,11062.0,11064.0,brown,1
J1070,I6472,12381.0,12389.0,green,1
J1070,I7656,14954.0,14973.0,green,2
J1070,I10632,21210.0,21213.0,green,1
J3092,I7564,14771.0,14774.0,green,2
J3092,I7595,14820.0,14821.0,brown,1
J3092,I7883,15468.0,15469.0,brown,1
J3092,I8108,15922.0,15926.0,green,1
J1819,I13233,26231.0,26233.0,brown,1
J1819,I13234,26233.0,26239.0,green,4
J1819,I14161,27795.0,27796.0,brown,1
J3890,I5516,10383.0,10386.0,brown,2
J3890,I6092,11556.0,11558.0,brown,1
J3890,I6316,12015.0,12016.0,brown,1
J4797,I9734,19334.0,19336.0,brown,1
J4797,I9862,19604.0,19607.0,brown,3
J4797,I10663,21276.0,21277.0,green,1
J4797,I14567,28465.0,28471.0,green,1
J4332,I5969,11309.0,11310.0,brown,1
J4332,I6001,11370.0,11373.0,brown,1
J4332,I12594,25069.0,25076.0,green,1
J4332,I14066,27634.0,27641.0,green,1
J4332,I14998,29152.0,29155.0,green,2
J3614,I4796,8781.0,8784.0,brown,3
J3696,I6389,12169.0,12170.0,brown,1
J3696,I6549,12539.0,12541.0,brown,1
J3696,I10182,20289.0,20297.0,green,2
J3696,I12198,24333.0,24334.0,green,1
J319,I3826,6849.0,6853.0,green,1
J319,I12250,24430.0,24433.0,green,1
J3255,I3673,6543.0,6544.0,green,1
J3255,I4377,7918.0,7919.0,green,1
J3255,I4409,7985.0,7989.0,green,2
J3255,I8121,15958.0,15959.0,green,1
J3255,I10907,21732.0,21735.0,brown,1
J1723,I1763,2875.0,2882.0,green,2
J1723,I9347,18595.0,18600.0,green,2
J2573,I2188,3653.0,3660.0,green,1
J2573,I8940,17751.0,17759.0,green,2
J2573,I11032,21979.0,21983.0,green,1
J3615,I8368,16497.0,16500.0,green,1
J3362,I4417,8003.0,8004.0,brown,1
J3362,I4449,8085.0,8087.0,brown,2
J3362,I8705,17247.0,17248.0,brown,1
J3362,I11202,22344.0,22345.0,green,1
J4437,I9621,19127.0,19128.0,brown,1
J4437,I10613,21170.0,21173.0,brown,2
J4437,I12374,24647.0,24648.0,green,1
J4437,I13374,26473.0,26474.0,green,1
J2260,I3083,5371.0,5374.0,brown,1
J2260,I3436,6046.0,6051.0,green,1
J2260,I4108,7392.0,7396.0,green,2
J2260,I4844,8905.0,8911.0,green,1
J2260,I5164,9573.0,9577.0,green,1
J3396,I1274,2007.0,2008.0,brown,1
J3396,I1370,2165.0,2169.0,brown,2
J3396,I11227,22424.0,22427.0,green,1
J3396,I11771,23504.0,23507.0,green,1
J2644,I5202,9658.0,9663.0,brown,2
J2644,I6259,11906.0,11909.0,green,2
J2953,I12299,24512.0,24514.0,green,2
J2953,I14803,28853.0,28855.0,green,2
J1135,I2480,4186.0,4190.0,green,3
J1135,I2544,4308.0,4310.0,green,2
J2646,I3414,6005.0,6008.0,green,1
J2646,I5686,10730.0,10738.0,green,3
J2646,I5942,11260.0,11262.0,green,1
J2646,I7846,15404.0,15406.0,green,1
J1411,I3140,5482.0,5484.0,green,1
J1411,I3588,6375.0,6376.0,green,1
J1411,I3812,6824.0,6825.0,green,1
J1411,I4100,7380.0,7381.0,green,1
J1411,I4868,8955.0,8959.0,green,1
J1411,I8588,16987.0,16996.0,green,1
J4695,I5238,9749.0,9750.0,brown,1
J4695,I5366,10047.0,10051.0,brown,1
J4695,I7127,13715.0,13722.0,green,1
J4695,I13335,26398.0,26401.0,green,2
J4695,I13623,26882.0,26884.0,green,1
J4550,I838,1293.0,1294.0,brown,1
J4550,I870,1342.0,1346.0,brown,1
J4550,I1382,2184.0,2186.0,brown,1
J4550,I11847,23661.0,23663.0,green,1
J4550,I11975,23912.0,23916.0,green,1
J4550,I14119,27722.0,27723.0,green,1
J2688,I11179,22287.0,22291.0,green,2
J2688,I11515,23009.0,23011.0,green,1
J1936,I5515,10369.0,10383.0,green,4
J2274,I4647,8477.0,8479.0,green,2
J2274,I4679,8549.0,8551.0,brown,2
J2274,I4999,9235.0,9236.0,brown,1
J2274,I5063,9386.0,9388.0,brown,1
J1277,I2986,5177.0,5178.0,green,1
J1277,I3018,5247.0,5248.0,brown,1
J1277,I3082,5369.0,5371.0,brown,1
J1277,I4107,7390.0,7392.0,green,1
J1277,I4395,7957.0,7959.0,green,1
J4870,I9904,19695.0,19697.0,brown,2
J2398,I5007,9250.0,9253.0,green,1
J2398,I5103,9446.0,9451.0,green,2
J2398,I5359,10032.0,10035.0,green,1
J4751,I6876,13212.0,13213.0,brown,1
J4751,I8476,16725.0,16726.0,brown,1
J4751,I8572,16953.0,16955.0,brown,1
J4751,I9277,18414.0,18421.0,green,1
J4751,I9309,18498.0,18501.0,green,1
J4751,I11805,23564.0,23568.0,green,1
J4208,I6444,12321.0,12322.0,green,1
J4208,I10316,20521.0,20523.0,brown,1
J3180,I4813,8816.0,8823.0,green,2
J3180,I10861,21642.0,21648.0,green,1
J3180,I11999,23956.0,23958.0,green,1
J658,I616,916.0,918.0,green,2
J658,I648,971.0,973.0,green,1
J658,I680,1019.0,1020.0,green,1
J658,I1576,2521.0,2525.0,green,2
J1174,I1551,2468.0,2470.0,brown,1
J1174,I3248,5701.0,5703.0,green,1
J685,I2188,3653.0,3660.0,green,1
J685,I2892,4972.0,4974.0,green,1
J685,I3180,5563.0,5572.0,green,2
J685,I3468,6111.0,6113.0,green,2
J4512,I6159,11691.0,11696.0,green,2
J4512,I6766,12967.0,12968.0,brown,1
J4512,I6895,13238.0,13242.0,green,1
J4512,I9038,17945.0,17947.0,brown,1
J299,I609,904.0,905.0,green,1
J299,I2081,3438.0,3444.0,green,1
J299,I6273,11931.0,11936.0,green,2
J4495,I5683,10721.0,10723.0,brown,1
J4495,I11508,22995.0,22998.0,green,1
J4495,I13412,26541.0,26545.0,green,1
J4495,I14532,28409.0,28413.0,green,1
J3444,I7550,14736.0,14738.0,brown,1
J3444,I7647,14938.0,14944.0,green,1
J3444,I7711,15090.0,15098.0,green,1
J1317,I3620,6443.0,6444.0,brown,1
J1317,I3717,6639.0,6644.0,green,1
J1317,I4389,7936.0,7942.0,green,4
J1872,I4402,7966.0,7968.0,brown,1
J1872,I6483,12409.0,12414.0,green,2
J1872,I6803,13040.0,13042.0,green,1
J1872,I11315,22588.0,22591.0,green,1
J1872,I11451,22864.0,22865.0,green,1
J3403,I3939,7054.0,7057.0,brown,1
J3403,I6148,11664.0,11670.0,green,4
J3403,I11116,22154.0,22159.0,green,1
J4075,I11249,22469.0,22476.0,green,1
J4075,I11376,22711.0,22712.0,brown,1
J4075,I11473,22917.0,22922.0,green,3
J4075,I11568,23115.0,23118.0,brown,1
J2129,I6003,11375.0,11377.0,green,2
J2129,I6035,11443.0,11445.0,green,1
J2129,I6099,11568.0,11570.0,green,1
J2129,I8195,16113.0,16116.0,green,2
J4913,I5156,9555.0,9557.0,brown,1
J4913,I10788,21505.0,21506.0,brown,1
J4913,I12037,24036.0,24037.0,green,1
J4913,I14437,28242.0,28243.0,green,1
J4913,I14829,28894.0,28896.0,green,1
J4913,I14893,28991.0,28992.0,green,1
J1552,I2675,4540.0,4543.0,green,3
J1552,I5011,9261.0,9267.0,green,1
J1552,I5971,11314.0,11317.0,green,2
J3673,I3786,6773.0,6775.0,brown,1
J3673,I4138,7462.0,7466.0,brown,1
J3673,I13579,26808.0,26813.0,green,2
J3673,I14955,29083.0,29085.0,green,2
J793,I1297,2048.0,2050.0,green,2
J793,I1361,2147.0,2148.0,green,1
J793,I2001,3296.0,3301.0,green,3
J3393,I5577,10495.0,10498.0,brown,1
J3393,I6058,11492.0,11497.0,green,3
J2162,I6279,11943.0,11946.0,green,1
J2162,I6311,12004.0,12006.0,green,2
J2162,I6343,12062.0,12065.0,green,2
J2162,I7719,15112.0,15113.0,green,1
J4287,I8101,15909.0,15911.0,green,1
J4287,I8420,16616.0,16617.0,brown,1
J4287,I8516,16811.0,16814.0,brown,1
J4287,I10437,20792.0,20793.0,green,1
J3129,I2783,4748.0,4750.0,brown,1
J3129,I5567,10480.0,10482.0,brown,1
J3129,I8991,17846.0,17847.0,brown,1
J3129,I13440,26588.0,26590.0,green,2
J3129,I14912,29019.0,29020.0,green,1
J2577,I5785,10963.0,10967.0,brown,4
J2577,I8441,16643.0,16648.0,brown,1
J2577,I13838,27246.0,27247.0,green,1
J369,I1284,2022.0,2024.0,green,2
J3897,I7004,13469.0,13470.0,brown,1
J3897,I7484,14601.0,14607.0,brown,2
J3897,I13837,27241.0,27246.0,green,1
J674,I8448,16663.0,16669.0,green,1
J674,I9856,19591.0,19594.0,green,1
J674,I11360,22686.0,22688.0,green,2
J4400,I12828,25501.0,25503.0,brown,1
J4400,I14589,28504.0,28507.0,green,1
J4400,I15087,29308.0,29313.0,green,1
J3408,I6397,12198.0,12200.0,green,2
J3408,I6941,13329.0,13337.0,green,1
J3408,I7165,13808.0,13813.0,green,1
J3408,I8381,16536.0,16538.0,brown,1
J3408,I10589,21126.0,21130.0,green,1
J1460,I3970,7108.0,7109.0,brown,1
J1460,I4002,7159.0,7160.0,brown,1
J1460,I4035,7228.0,7230.0,green,1
J1460,I4226,7637.0,7639.0,brown,1
J1460,I4579,8336.0,8338.0,green,1
J1460,I5731,10826.0,10828.0,green,1
J4074,I10035,19985.0,19993.0,green,3
J4074,I13947,27436.0,27437.0,green,1
J4074,I14515,28379.0,28387.0,green,1
J883,I8673,17188.0,17190.0,brown,1
J883,I12226,24379.0,24381.0,green,1
J883,I13826,27224.0,27225.0,green,1
J883,I15282,29609.0,29611.0,green,1
J883,I15458,29869.0,29871.0,green,2
J4107,I6022,11412.0,11414.0,green,1
J4107,I6182,11754.0,11757.0,green,2
J4107,I7237,13988.0,13991.0,brown,1
J4107,I7462,14547.0,14551.0,green,2
J2552,I1943,3195.0,3196.0,green,1
J2552,I2583,4377.0,4378.0,green,1
J2552,I3351,5866.0,5868.0,green,1
J2552,I7639,14918.0,14926.0,green,1
J2552,I7871,15444.0,15451.0,green,1
J3554,I4943,9126.0,9130.0,brown,1
J3554,I5071,9396.0,9400.0,brown,2
J3554,I13535,26734.0,26738.0,brown,1
J2219,I5189,9629.0,9633.0,brown,2
J2219,I6373,12138.0,12139.0,brown,1
J2219,I12006,23965.0,23971.0,green,2
J172,I2463,4146.0,4152.0,brown,1
J172,I5344,9987.0,9994.0,green,1
J172,I12792,25433.0,25434.0,green,1
J3714,I6156,11685.0,11687.0,green,1
J3714,I8588,16987.0,16996.0,green,2
J3714,I12910,25645.0,25647.0,green,1
J3714,I12986,25810.0,25814.0,green,1
J288,I876,1353.0,1356.0,brown,2
J288,I2509,4240.0,4242.0,green,1
J288,I10989,21893.0,21894.0,green,1
J288,I12273,24469.0,24472.0,green,1
J2558,I4486,8149.0,8151.0,brown,2
J2558,I11271,22504.0,22508.0,green,1
J2558,I13839,27247.0,27249.0,green,1
J699,I2363,3976.0,3977.0,brown,1
J699,I6940,13322.0,13329.0,green,2
J699,I8648,17128.0,17135.0,green,1
J699,I8668,17176.0,17183.0,green,1
J543,I1231,1945.0,1947.0,brown,2
J543,I2959,5108.0,5112.0,brown,1
J543,I11696,23356.0,23361.0,green,1
J543,I13040,25907.0,25908.0,green,1
J4892,I10435,20785.0,20788.0,brown,1
J4892,I10436,20788.0,20792.0,green,3
J1984,I1970,3244.0,3248.0,brown,1
J1984,I6802,13037.0,13040.0,brown,1
J1984,I11091,22099.0,22102.0,green,1
J2634,I5381,10075.0,10077.0,brown,1
J2634,I5798,10990.0,10994.0,green,3
J2634,I7302,14162.0,14170.0,green,1
J2634,I8038,15760.0,15761.0,green,1
J1269,I2506,4236.0,4237.0,brown,1
J1269,I2923,5028.0,5034.0,green,4
J3186,I1184,1863.0,1866.0,green,2
J3186,I2208,3704.0,3711.0,green,1
J3186,I4352,7874.0,7876.0,green,2
J3186,I8928,17727.0,17729.0,green,1
J3383,I5783,10958.0,10961.0,green,2
J3383,I10111,20143.0,20146.0,green,1
J3383,I10175,20274.0,20277.0,green,1
J3383,I10358,20626.0,20629.0,brown,1
J3383,I10879,21674.0,21676.0,green,1
J56,I148,200.0,203.0,brown,1
J56,I11205,22349.0,22355.0,green,1
J56,I12885,25608.0,25610.0,green,1
J56,I13837,27241.0,27246.0,green,1
J56,I13861,27291.0,27292.0,green,1
J2819,I6405,12221.0,12227.0,green,1
J2819,I7620,14871.0,14876.0,brown,1
J2819,I9349,18603.0,18605.0,green,1
J2819,I9380,18662.0,18664.0,brown,2
J2819,I12805,25461.0,25463.0,green,1
J2403,I9019,17907.0,17909.0,green,1
J2403,I10742,21402.0,21408.0,green,1
J1799,I4595,8362.0,8364.0,brown,2
J1799,I4691,8575.0,8577.0,brown,2
J1799,I6036,11445.0,11448.0,green,1
J111,I3222,5649.0,5654.0,green,1
J111,I10502,20933.0,20939.0,green,1
J1898,I10610,21163.0,21165.0,green,2
J3320,I6165,11707.0,11715.0,green,2
J3320,I14181,27825.0,27826.0,green,1
J3320,I14917,29027.0,29030.0,green,3
J4076,I3169,5543.0,5545.0,brown,1
J4076,I3329,5836.0,5838.0,brown,1
J4076,I8161,16042.0,16044.0,brown,1
J4076,I9186,18236.0,18237.0,green,1
J4076,I10146,20218.0,20221.0,green,1
J4076,I11958,23866.0,23875.0,green,1
J1321,I1139,1792.0,1793.0,brown,1
J1321,I1364,2151.0,2156.0,green,1
J2788,I6604,12643.0,12644.0,green,1
J2788,I6668,12759.0,12767.0,green,5
J1528,I8388,16552.0,16557.0,green,4
J1528,I11108,22137.0,22140.0,green,1
J558,I1050,1644.0,1648.0,green,2
J558,I3130,5459.0,5460.0,green,1
J558,I4474,8133.0,8134.0,green,1
J558,I5530,10409.0,10412.0,green,1
J558,I6426,12272.0,12274.0,green,1
J4469,I12998,25827.0,25828.0,brown,1
J4469,I13126,26047.0,26048.0,brown,1
J4469,I13446,26600.0,26601.0,brown,1
J4469,I13670,26957.0,26958.0,brown,1
J4469,I13798,27168.0,27169.0,brown,1
J4469,I13990,27504.0,27505.0,brown,1
J1224,I572,841.0,845.0,green,1
J1224,I923,1427.0,1430.0,brown,2
J1224,I4572,8314.0,8319.0,green,2
J1224,I6263,11915.0,11917.0,brown,1
J1039,I3471,6115.0,6117.0,green,1
J1039,I3502,6205.0,6211.0,brown,3
J1039,I10430,20778.0,20780.0,brown,1
J3373,I9892,19668.0,19671.0,brown,1
J3373,I10117,20152.0,20157.0,green,1
J3373,I12965,25757.0,25758.0,green,1
J1823,I5226,9725.0,9728.0,green,2
J1823,I5322,9949.0,9951.0,green,2
J1823,I6442,12309.0,12314.0,green,1
J2379,I568,834.0,836.0,brown,1
J2379,I952,1484.0,1486.0,brown,1
J2379,I2809,4808.0,4811.0,green,1
J2379,I8225,16177.0,16182.0,green,1
J2977,I4493,8161.0,8163.0,brown,1
J2977,I12142,24240.0,24244.0,green,2
J137,I330,472.0,473.0,green,1
J137,I523,771.0,772.0,green,1
J137,I2028,3343.0,3347.0,brown,1
J137,I2911,5000.0,5002.0,brown,1
J875,I2140,3562.0,3563.0,green,1
J875,I2172,3622.0,3624.0,green,1
J875,I10556,21070.0,21071.0,green,1
J875,I11196,22332.0,22334.0,green,2
J573,I397,573.0,575.0,green,1
J573,I429,631.0,632.0,green,1
J573,I5997,11361.0,11362.0,green,1
J573,I6413,12244.0,12247.0,green,3
J2970,I7479,14588.0,14592.0,green,4
J3699,I3104,5405.0,5408.0,brown,1
J3699,I6945,13343.0,13350.0,green,2
J3699,I7840,15389.0,15391.0,brown,1
J4957,I1239,1957.0,1958.0,brown,1
J4957,I1335,2105.0,2107.0,brown,2
J4957,I7096,13646.0,13649.0,green,1
J4957,I15352,29716.0,29717.0,green,1
J4957,I15392,29777.0,29779.0,green,1
J3626,I9963,19832.0,19834.0,green,2
J3626,I11723,23411.0,23415.0,green,2
J3322,I7767,15223.0,15226.0,green,2
J3322,I7799,15305.0,15306.0,green,1
J3322,I7927,15559.0,15566.0,green,2
J3322,I11735,23436.0,23440.0,green,1
J4748,I8192,16109.0,16111.0,brown,2
J4748,I8641,17115.0,17121.0,green,1
J4748,I14945,29070.0,29071.0,green,1
J3160,I3751,6707.0,6715.0,green,6
J3148,I8761,17371.0,17376.0,green,2
J3148,I8921,17698.0,17710.0,green,4
J4014,I5405,10134.0,10136.0,brown,2
J4014,I7422,14462.0,14465.0,green,1
J4014,I10110,20140.0,20143.0,green,3
J4139,I9520,18929.0,18930.0,green,1
J4139,I9680,19242.0,19244.0,brown,1
J4139,I10000,19906.0,19907.0,brown,1
J4139,I10512,20959.0,20963.0,brown,1
J3784,I8229,16189.0,16193.0,green,4
J3784,I8581,16971.0,16975.0,green,1
J3784,I12773,25397.0,25399.0,green,1
J4310,I1739,2832.0,2834.0,brown,1
J4310,I1867,3055.0,3057.0,brown,2
J1953,I5625,10586.0,10598.0,green,1
J1953,I5688,10740.0,10742.0,brown,2
J1953,I8377,16527.0,16528.0,green,1
J1953,I12665,25197.0,25198.0,green,1
J1953,I12959,25747.0,25751.0,green,1
J3910,I3848,6884.0,6887.0,brown,1
J3910,I6537,12515.0,12519.0,green,1
J3910,I13231,26224.0,26230.0,green,2
J2663,I1730,2819.0,2821.0,brown,1
J2663,I5378,10070.0,10073.0,brown,1
J2663,I7970,15648.0,15649.0,brown,1
J2663,I10883,21679.0,21690.0,green,1
J2663,I13187,26159.0,26163.0,green,2
J2813,I6347,12075.0,12077.0,green,1
J2813,I6410,12240.0,12241.0,brown,1
J2813,I6443,12314.0,12321.0,green,1
J2813,I6475,12395.0,12397.0,green,2
J2813,I6539,12521.0,12525.0,green,1
J3608,I9916,19718.0,19722.0,green,2
J3608,I10396,20717.0,20720.0,green,1
J4898,I6080,11531.0,11532.0,brown,1
J4898,I6817,13079.0,13095.0,green,1
J4898,I6848,13159.0,13160.0,brown,1
J4898,I10145,20215.0,20218.0,green,2
J4898,I15377,29754.0,29756.0,green,1
J3943,I6914,13265.0,13266.0,brown,1
J3943,I7074,13597.0,13601.0,brown,1
J3943,I12515,24921.0,24926.0,green,3
J3943,I13347,26421.0,26425.0,green,1
J829,I1986,3270.0,3273.0,green,3
J829,I5250,9783.0,9785.0,green,1
J3459,I2085,3449.0,3451.0,brown,1
J3459,I8550,16896.0,16901.0,green,1
J3459,I9894,19672.0,19678.0,green,1
J3459,I13222,26210.0,26211.0,green,1
J3459,I13254,26270.0,26271.0,green,1
J3459,I13414,26546.0,26547.0,green,1
J3145,I9830,19543.0,19545.0,green,2
J529,I210,297.0,299.0,green,2
J529,I242,346.0,347.0,brown,1
J529,I6514,12463.0,12466.0,green,2
J1920,I3134,5469.0,5471.0,green,2
J1920,I8742,17325.0,17333.0,green,4
J1998,I3661,6516.0,6520.0,brown,1
J1998,I3790,6780.0,6781.0,green,1
J1998,I11214,22386.0,22387.0,green,1
J2412,I1669,2692.0,2695.0,green,1
J2412,I3077,5357.0,5365.0,green,3
J2412,I7798,15301.0,15305.0,green,1
J734,I481,701.0,704.0,brown,3
J734,I2785,4752.0,4753.0,brown,1
J734,I7778,15254.0,15257.0,green,1
J734,I13570,26792.0,26793.0,green,1
J3857,I9533,18946.0,18948.0,green,2
J3857,I9565,19007.0,19011.0,green,1
J4002,I10970,21855.0,21858.0,brown,2
J4002,I11003,21917.0,21920.0,green,1
J4002,I11034,21984.0,21989.0,brown,1
J1768,I4313,7799.0,7806.0,green,1
J1768,I7513,14664.0,14668.0,green,3
J1768,I9945,19788.0,19795.0,green,2
J3616,I8919,17693.0,17695.0,brown,2
J3616,I9016,17895.0,17899.0,green,3
J4886,I10232,20378.0,20380.0,brown,1
J4886,I11513,23006.0,23008.0,green,2
J4886,I11993,23943.0,23945.0,green,1
J728,I2542,4301.0,4302.0,green,1
J728,I2574,4360.0,4366.0,green,2
J728,I2734,4647.0,4648.0,green,1
J728,I4014,7173.0,7175.0,green,1
J728,I7342,14277.0,14280.0,green,1
J321,I1425,2250.0,2252.0,green,1
J321,I2385,4010.0,4011.0,green,1
J321,I4337,7844.0,7845.0,green,1
J321,I6097,11563.0,11564.0,green,1
J4527,I1151,1810.0,1812.0,brown,2
J4527,I1599,2565.0,2567.0,brown,1
J4527,I2399,4040.0,4041.0,brown,1
J4527,I2463,4146.0,4152.0,brown,2
J4360,I3942,7059.0,7060.0,brown,1
J4360,I4550,8281.0,8282.0,brown,1
J4360,I6759,12948.0,12950.0,green,1
J4360,I14567,28465.0,28471.0,green,1
J4360,I14643,28591.0,28592.0,green,1
J400,I191,270.0,271.0,green,1
J400,I255,363.0,365.0,green,1
J400,I351,505.0,507.0,green,1
J2199,I8852,17583.0,17589.0,brown,1
J2199,I14949,29074.0,29076.0,green,2
J4758,I9133,18132.0,18134.0,brown,2
J4758,I9326,18530.0,18531.0,green,1
J4758,I9486,18865.0,18867.0,brown,1
J4758,I10190,20308.0,20310.0,brown,1
J4758,I13614,26867.0,26869.0,brown,1
J2153,I6137,11639.0,11641.0,green,1
J2153,I6393,12180.0,12184.0,green,1
J2153,I6441,12306.0,12309.0,green,1
J2153,I6681,12789.0,12793.0,green,1
J2153,I6713,12842.0,12847.0,green,1
J2153,I6806,13045.0,13064.0,green,1
J930,I2936,5059.0,5060.0,green,1
J930,I2968,5138.0,5141.0,green,1
J930,I4504,8182.0,8186.0,green,2
J979,I6280,11946.0,11949.0,green,1
J979,I7496,14627.0,14630.0,green,1
J979,I8008,15704.0,15710.0,green,1
J979,I8040,15765.0,15775.0,green,2
J4072,I9575,19030.0,19034.0,green,3
J4072,I9670,19224.0,19226.0,brown,1
J4072,I9734,19334.0,19336.0,brown,1
J567,I1237,1954.0,1956.0,brown,2
J567,I3222,5649.0,5654.0,green,1
J567,I10742,21402.0,21408.0,green,2
J847,I8783,17419.0,17433.0,green,2
J847,I9151,18164.0,18166.0,green,1
J847,I10527,20988.0,21002.0,green,2
J2335,I6631,12684.0,12690.0,green,6
J3839,I9126,18124.0,18125.0,brown,1
J3839,I9255,18381.0,18382.0,green,1
J3839,I9351,18607.0,18611.0,brown,1
J3839,I9831,19545.0,19548.0,green,3
J2669,I8266,16282.0,16283.0,green,1
J2669,I9386,18672.0,18679.0,green,4
J2669,I10794,21516.0,21522.0,green,1
J589,I111,143.0,144.0,brown,1
J589,I2192,3670.0,3673.0,green,1
J4830,I10464,20846.0,20847.0,brown,1
J4830,I13857,27286.0,27288.0,green,1
J4830,I15265,29583.0,29585.0,green,1
J4830,I15329,29681.0,29684.0,green,2
J4830,I15361,29730.0,29734.0,green,1
J1677,I5328,9958.0,9962.0,green,2
J1677,I7679,15018.0,15021.0,brown,2
J1677,I7695,15053.0,15058.0,brown,1
J1677,I7728,15146.0,15151.0,green,1
J3907,I5117,9477.0,9480.0,green,1
J3907,I12445,24788.0,24793.0,green,2
J3907,I12745,25342.0,25346.0,green,1
J3289,I7901,15503.0,15508.0,green,1
J3289,I8605,17025.0,17028.0,green,3
J1073,I1724,2808.0,2810.0,green,2
J1073,I1916,3145.0,3149.0,green,1
J1073,I7694,15050.0,15053.0,green,2
J1073,I8008,15704.0,15710.0,green,1
J4891,I2381,4006.0,4007.0,brown,1
J4891,I2445,4118.0,4119.0,brown,1
J4891,I9549,18977.0,18978.0,brown,1
J4891,I14574,28481.0,28483.0,green,2
J4854,I13474,26646.0,26647.0,brown,1
J4854,I13602,26849.0,26852.0,brown,2
J84,I388,561.0,562.0,green,1
J84,I420,619.0,621.0,green,2
J84,I580,854.0,857.0,green,2
J84,I2085,3449.0,3451.0,brown,1
J1761,I5729,10820.0,10825.0,green,1
J1761,I5825,11048.0,11049.0,green,1
J1761,I6401,12209.0,12215.0,green,2
J1761,I8865,17607.0,17609.0,green,1
J1761,I10881,21677.0,21678.0,green,1
J3749,I4047,7253.0,7263.0,green,2
J3749,I6255,11899.0,11901.0,green,2
J3749,I6383,12156.0,12158.0,green,1
J3749,I11455,22878.0,22879.0,green,1
J26,I412,603.0,604.0,green,1
J26,I1132,1778.0,1780.0,green,1
J26,I1644,2642.0,2645.0,green,3
J26,I2236,3757.0,3758.0,green,1
J940,I2252,3783.0,3785.0,green,1
J940,I2283,3849.0,3852.0,brown,1
J940,I2796,4769.0,4770.0,green,1
J940,I2860,4911.0,4918.0,green,2
J940,I3116,5429.0,5431.0,green,1
J2230,I7163,13805.0,13807.0,green,1
J2230,I7930,15569.0,15571.0,brown,1
J2230,I9818,19513.0,19517.0,brown,1
J2230,I9850,19580.0,19582.0,brown,1
J2230,I10298,20493.0,20496.0,brown,1
J2230,I10779,21481.0,21483.0,green,1
J3132,I12637,25155.0,25157.0,green,2
J3132,I14577,28485.0,28488.0,green,1
J3132,I14765,28789.0,28792.0,green,1
J3132,I14877,28970.0,28971.0,green,1
J4562,I15171,29444.0,29446.0,green,1
J4562,I15267,29586.0,29588.0,green,2
J4562,I15299,29630.0,29632.0,green,2
J4562,I15363,29737.0,29739.0,green,1
J705,I1217,1915.0,1916.0,brown,1
J705,I1409,2226.0,2227.0,brown,1
J705,I1505,2397.0,2399.0,brown,2
J705,I2433,4092.0,4093.0,brown,1
J705,I2497,4219.0,4221.0,brown,1
J4986,I7267,14069.0,14071.0,brown,2
J4986,I11748,23463.0,23464.0,green,1
J4986,I11780,23518.0,23526.0,green,1
J4986,I14724,28720.0,28723.0,green,1
J4794,I13061,25944.0,25946.0,brown,2
J4794,I13125,26046.0,26047.0,brown,1
J4047,I7325,14232.0,14237.0,green,4
J3746,I9798,19457.0,19465.0,green,3
J3746,I9829,19541.0,19543.0,brown,2
J3746,I10182,20289.0,20297.0,green,1
J1918,I5223,9704.0,9717.0,green,4
J1511,I3584,6360.0,6369.0,green,5
J1511,I3968,7105.0,7107.0,green,1
J3264,I8271,16303.0,16306.0,green,1
J3264,I8399,16578.0,16581.0,green,2
J3264,I8750,17347.0,17348.0,brown,1
J2852,I5928,11242.0,11243.0,green,1
J2852,I6248,11884.0,11889.0,green,2
J2852,I9096,18061.0,18065.0,green,1
J2394,I2870,4934.0,4935.0,green,1
J2394,I3094,5389.0,5390.0,brown,1
J2394,I9814,19507.0,19508.0,brown,1
J2394,I11062,22044.0,22048.0,green,1
J1349,I5293,9859.0,9865.0,green,1
J1349,I10541,21030.0,21031.0,green,1
J1349,I11673,23310.0,23312.0,green,2
J4156,I870,1342.0,1346.0,brown,2
J4156,I4838,8885.0,8887.0,brown,2
J4156,I10631,21208.0,21210.0,green,2
J1616,I8657,17150.0,17154.0,green,1
J1616,I9905,19697.0,19703.0,green,4
J1616,I10065,20055.0,20063.0,green,1
J4792,I11072,22067.0,22068.0,green,1
J4792,I11104,22124.0,22128.0,green,1
J4792,I11872,23701.0,23703.0,brown,1
J4792,I12768,25388.0,25390.0,brown,1
J4792,I12864,25561.0,25563.0,green,1
J3656,I4101,7381.0,7383.0,green,1
J3656,I4293,7762.0,7767.0,green,1
J3656,I4901,9023.0,9031.0,green,1
J3656,I5125,9492.0,9494.0,green,2
J463,I974,1520.0,1522.0,green,1
J463,I10221,20356.0,20359.0,brown,1
J463,I10703,21339.0,21341.0,green,1
J1513,I2268,3820.0,3825.0,green,3
J1513,I8449,16669.0,16673.0,green,1
J1513,I8689,17216.0,17223.0,green,2
J4056,I880,1359.0,1361.0,brown,2
J4056,I10481,20878.0,20880.0,green,2
J4056,I12273,24469.0,24472.0,green,1
J4056,I13009,25849.0,25859.0,green,1
J906,I784,1206.0,1211.0,green,1
J906,I2800,4775.0,4783.0,green,4
J906,I3986,7135.0,7138.0,green,1
J708,I2645,4489.0,4490.0,brown,1
J708,I3765,6736.0,6738.0,brown,2
J708,I6806,13045.0,13064.0,green,1
J2113,I5219,9695.0,9697.0,green,1
J2113,I5987,11337.0,11340.0,green,2
J2113,I7843,15397.0,15401.0,green,1
J3351,I3721,6648.0,6650.0,brown,1
J3351,I7402,14411.0,14418.0,green,1
J3351,I11990,23940.0,23941.0,green,1
J1395,I6296,11976.0,11977.0,brown,1
J1395,I8313,16389.0,16393.0,green,2
J3821,I2231,3745.0,3749.0,brown,2
J3821,I8375,16525.0,16526.0,brown,1
J3821,I10519,20971.0,20975.0,brown,1
J3821,I11272,22508.0,22509.0,green,1
J4465,I12541,24979.0,24981.0,brown,1
J4465,I12733,25324.0,25326.0,brown,1
J4465,I14974,29118.0,29119.0,green,1
J4465,I15198,29485.0,29487.0,green,2
J4465,I15486,29915.0,29917.0,green,1
J243,I730,1113.0,1115.0,green,1
J243,I2394,4031.0,4034.0,green,1
J243,I2746,4672.0,4674.0,green,1
J4307,I5804,11009.0,11010.0,brown,1
J4307,I11405,22764.0,22767.0,green,1
J4307,I11629,23242.0,23243.0,green,1
J4422,I9613,19105.0,19114.0,green,5
J4757,I10629,21205.0,21207.0,brown,2
J4757,I10757,21435.0,21436.0,brown,1
J4757,I11013,21932.0,21933.0,brown,1
J4757,I14246,27943.0,27944.0,green,1
J4757,I14406,28187.0,28194.0,green,1
J1647,I7085,13621.0,13626.0,brown,3
J1647,I10477,20873.0,20874.0,brown,1
J1647,I10574,21102.0,21105.0,green,1
J1647,I13134,26060.0,26061.0,green,1
J3654,I1383,2186.0,2188.0,brown,2
J3654,I10664,21277.0,21281.0,green,1
J3654,I13704,27001.0,27013.0,green,1
J3654,I14256,27959.0,27961.0,green,1
J3654,I14368,28124.0,28125.0,green,1
J4744,I9476,18847.0,18849.0,brown,2
J4744,I9540,18957.0,18959.0,brown,1
J4744,I9636,19155.0,19158.0,brown,1
J4744,I14567,28465.0,28471.0,green,1
J4863,I8458,16694.0,16697.0,brown,2
J4863,I9674,19232.0,19235.0,brown,1
J4863,I14027,27554.0,27561.0,green,1
J2633,I3474,6120.0,6125.0,green,1
J2633,I4626,8421.0,8433.0,green,1
J2633,I6098,11564.0,11568.0,green,1
J2633,I9458,18804.0,18808.0,green,1
J2633,I10646,21233.0,21235.0,green,1
J2633,I11378,22714.0,22715.0,green,1
J4710,I4218,7616.0,7619.0,brown,1
J4710,I15059,29258.0,29263.0,green,2
J3726,I5643,10628.0,10629.0,green,1
J3726,I5675,10699.0,10700.0,green,1
J3726,I5740,10859.0,10860.0,brown,1
J3726,I5772,10940.0,10942.0,brown,1
J3726,I11051,22017.0,22021.0,green,1
J3726,I12475,24848.0,24849.0,green,1
J711,I1352,2135.0,2136.0,green,1
J711,I7240,13998.0,14001.0,green,3
J4989,I97,125.0,126.0,brown,1
J4989,I14914,29021.0,29022.0,green,1
J4989,I15266,29585.0,29586.0,green,1
J4989,I15362,29734.0,29737.0,green,3
J4325,I8091,15889.0,15890.0,green,1
J4325,I8187,16101.0,16103.0,brown,1
J4325,I8283,16334.0,16336.0,green,1
J4325,I11067,22057.0,22060.0,brown,1
J4325,I11419,22792.0,22799.0,green,1
J4325,I12859,25551.0,25552.0,green,1
J4554,I9505,18904.0,18905.0,brown,1
J4554,I10530,21008.0,21012.0,green,1
J4554,I11106,22133.0,22135.0,green,1
J4554,I11553,23087.0,23088.0,brown,1
J4554,I12065,24090.0,24093.0,brown,1
J3165,I7245,14010.0,14015.0,green,1
J3165,I10765,21452.0,21456.0,green,2
J2914,I4200,7587.0,7589.0,brown,1
J2914,I5225,9718.0,9725.0,green,1
J2914,I5801,11000.0,11004.0,green,1
J2914,I9385,18670.0,18672.0,green,1
J2914,I9417,18734.0,18738.0,green,1
J1754,I1228,1937.0,1941.0,green,2
J1754,I3436,6046.0,6051.0,green,1
J1754,I3980,7121.0,7126.0,green,2
J3454,I8223,16173.0,16174.0,green,1
J3454,I8351,16465.0,16466.0,green,1
J116,I355,512.0,513.0,brown,1
J116,I2212,3714.0,3716.0,green,2
J116,I7656,14954.0,14973.0,green,1
J1989,I5781,10956.0,10957.0,green,1
J1989,I5813,11024.0,11028.0,green,3
J1989,I6293,11972.0,11973.0,brown,1
J1989,I9401,18700.0,18701.0,green,1
J1263,I4996,9228.0,9232.0,green,2
J1263,I5828,11052.0,11059.0,green,1
J1263,I7939,15581.0,15583.0,brown,1
J1263,I8324,16414.0,16418.0,green,2
J2025,I6068,11510.0,11514.0,green,3
J2025,I6355,12094.0,12096.0,brown,1
J2025,I7284,14113.0,14116.0,green,1
J2025,I9940,19777.0,19783.0,green,1
J2487,I4727,8646.0,8649.0,brown,1
J2487,I7096,13646.0,13649.0,green,1
J2487,I9047,17960.0,17961.0,brown,1
J2487,I9271,18404.0,18406.0,brown,1
J2487,I11000,21912.0,21914.0,green,1
J1977,I1926,3168.0,3169.0,brown,1
J1977,I2118,3517.0,3521.0,brown,3
J1977,I12071,24105.0,24106.0,green,1
J1977,I13583,26816.0,26817.0,green,1
J2658,I2093,3470.0,3471.0,green,1
J2658,I2573,4357.0,4360.0,green,2
J2658,I4077,7325.0,7335.0,green,1
J2658,I9318,18516.0,18520.0,brown,1
J2658,I9855,19590.0,19591.0,green,1
J352,I4853,8927.0,8929.0,brown,1
J352,I9781,19419.0,19420.0,brown,1
J352,I12342,24592.0,24596.0,green,1
J352,I12758,25370.0,25372.0,green,1
J3516,I6758,12946.0,12948.0,brown,1
J3516,I12391,24680.0,24686.0,green,2
J3516,I14215,27888.0,27895.0,green,1
J3540,I1701,2752.0,2761.0,green,1
J3540,I7717,15110.0,15111.0,green,1
J3540,I10981,21873.0,21878.0,green,1
J2948,I2989,5188.0,5190.0,brown,2
J2948,I10093,20099.0,20100.0,brown,1
J3940,I9708,19292.0,19294.0,brown,1
J3940,I10893,21715.0,21716.0,green,1
J3940,I12661,25190.0,25193.0,green,1
J1582,I4692,8577.0,8579.0,brown,1
J1582,I5045,9352.0,9355.0,green,1
J1582,I6388,12165.0,12169.0,brown,1
J1582,I9237,18321.0,18334.0,green,1
J1582,I10996,21903.0,21905.0,brown,1
J1582,I11509,22998.0,23002.0,green,1
J360,I1916,3145.0,3149.0,green,1
J360,I3964,7099.0,7101.0,green,2
J360,I4604,8379.0,8381.0,green,2
J2849,I4266,7708.0,7714.0,green,1
J2849,I4394,7953.0,7957.0,green,2
J2849,I4874,8966.0,8972.0,green,1
J2068,I3237,5678.0,5682.0,green,2
J2068,I3301,5792.0,5793.0,green,1
J2068,I11382,22725.0,22730.0,green,2
J1674,I2718,4615.0,4618.0,brown,2
J1674,I5247,9765.0,9777.0,green,1
J1674,I7871,15444.0,15451.0,green,1
J1674,I8159,16038.0,16041.0,green,1
J1674,I9886,19655.0,19658.0,brown,1
J3808,I6272,11930.0,11931.0,green,1
J3808,I9376,18648.0,18655.0,green,3
J3808,I9664,19210.0,19217.0,green,2
J2224,I3382,5929.0,5930.0,brown,1
J2224,I6231,11856.0,11858.0,green,1
J2224,I8536,16857.0,16859.0,green,1
J512,I1555,2476.0,2480.0,green,1
J512,I1651,2658.0,2663.0,green,1
J512,I3923,7013.0,7015.0,green,2
J2811,I6602,12637.0,12640.0,green,3
J2811,I7402,14411.0,14418.0,green,1
J1122,I723,1100.0,1103.0,green,1
J1122,I4787,8764.0,8765.0,green,1
J1122,I7891,15487.0,15490.0,green,1
J1122,I9251,18365.0,18367.0,green,1
J3707,I10787,21500.0,21505.0,green,1
J3707,I10819,21562.0,21563.0,green,1
J3438,I4936,9112.0,9115.0,green,3
J3438,I5608,10555.0,10558.0,green,1
J3438,I6760,12950.0,12957.0,green,1
J3438,I10060,20043.0,20046.0,green,1
J762,I1131,1771.0,1778.0,green,1
J762,I1227,1933.0,1937.0,green,3
J762,I3211,5628.0,5637.0,green,1
J3335,I9312,18504.0,18506.0,brown,1
J3335,I10857,21627.0,21632.0,green,1
J4231,I8516,16811.0,16814.0,brown,1
J4231,I10084,20083.0,20084.0,brown,1
J4231,I10148,20227.0,20230.0,brown,1
J4231,I13743,27073.0,27075.0,green,1
J2708,I2384,4009.0,4010.0,brown,1
J2708,I3537,6277.0,6278.0,green,1
J2708,I12793,25434.0,25435.0,green,1
J2708,I12818,25483.0,25484.0,brown,1
J2726,I4219,7619.0,7621.0,brown,1
J2726,I6043,11460.0,11464.0,brown,1
J2726,I7292,14141.0,14144.0,green,1
J2726,I8540,16866.0,16878.0,green,1
J2726,I11916,23780.0,23788.0,green,1
J2726,I12874,25577.0,25586.0,green,1
J3462,I4852,8923.0,8927.0,green,1
J3462,I5204,9664.0,9667.0,green,2
J3462,I8948,17771.0,17772.0,green,1
J3462,I11124,22171.0,22173.0,green,1
J3462,I11822,23594.0,23597.0,green,1
J1191,I4770,8720.0,8721.0,green,1
J1191,I7922,15544.0,15546.0,green,1
J1191,I8742,17325.0,17333.0,green,2
J1191,I9205,18265.0,18267.0,green,2
J3888,I6192,11771.0,11772.0,brown,1
J3888,I6449,12332.0,12335.0,green,1
J3888,I6929,13296.0,13299.0,green,2
J2528,I5695,10750.0,10754.0,green,2
J2528,I5918,11222.0,11223.0,brown,1
J2528,I7987,15674.0,15677.0,green,1
J2619,I4427,8021.0,8027.0,green,2
J2619,I5739,10856.0,10859.0,green,1
J2619,I10859,21634.0,21641.0,green,3
J1547,I1959,3226.0,3229.0,green,3
J1547,I2055,3392.0,3393.0,brown,1
J216,I795,1228.0,1230.0,green,2
J216,I859,1328.0,1329.0,brown,1
J216,I1947,3208.0,3210.0,green,1
J216,I8808,17480.0,17484.0,green,1
J2216,I3430,6037.0,6040.0,brown,1
J2216,I8167,16059.0,16060.0,green,1
J2216,I8743,17333.0,17337.0,green,1
J2216,I11911,23772.0,23774.0,green,2
J1881,I3226,5659.0,5663.0,brown,2
J1881,I6875,13210.0,13212.0,green,1
J1881,I7291,14137.0,14141.0,green,1
J1881,I10043,20003.0,20006.0,green,1
J1881,I12923,25663.0,25668.0,green,1
J4946,I505,738.0,741.0,brown,1
J4946,I1273,2006.0,2007.0,brown,1
J4946,I1465,2325.0,2326.0,brown,1
J4946,I14874,28966.0,28968.0,green,1
J2190,I6446,12323.0,12325.0,green,2
J2190,I6734,12901.0,12903.0,green,2
J2190,I8622,17069.0,17082.0,green,2
J114,I552,815.0,817.0,brown,2
J114,I6792,13020.0,13022.0,brown,1
J114,I7753,15196.0,15201.0,green,1
J114,I7912,15528.0,15529.0,brown,1
J114,I12169,24285.0,24287.0,green,1
J4625,I12393,24688.0,24692.0,green,4
J4625,I13577,26804.0,26806.0,green,1
J900,I11346,22649.0,22658.0,green,1
J900,I11570,23120.0,23127.0,green,1
J900,I13394,26507.0,26513.0,green,1
J3170,I3481,6151.0,6153.0,green,1
J3170,I3577,6346.0,6347.0,green,1
J3170,I6713,12842.0,12847.0,green,1
J3170,I10361,20631.0,20632.0,green,1
J3170,I10659,21271.0,21272.0,green,1
J4656,I8352,16466.0,16472.0,green,2
J4656,I10368,20647.0,20653.0,green,1
J4656,I11871,23700.0,23701.0,brown,1
J1054,I3496,6193.0,6195.0,green,2
J1054,I3560,6309.0,6311.0,green,2
J2892,I6726,12875.0,12877.0,green,1
J2892,I7302,14162.0,14170.0,green,1
J2892,I7398,14403.0,14404.0,green,1
J2892,I7590,14808.0,14812.0,green,1
J2892,I8806,17477.0,17479.0,green,1
J4093,I11296,22553.0,22555.0,green,1
J4093,I13856,27285.0,27286.0,green,1
J2014,I5813,11024.0,11028.0,green,1
J2014,I6388,12165.0,12169.0,brown,1
J2014,I10381,20683.0,20693.0,green,1
J2103,I3222,5649.0,5654.0,green,1
J2103,I8534,16848.0,16854.0,green,3
J2103,I10182,20289.0,20297.0,green,1
J2103,I10550,21049.0,21051.0,green,1
J2429,I4924,9083.0,9088.0,green,1
J2429,I5244,9758.0,9760.0,green,1
J2429,I7708,15080.0,15086.0,green,1
J2429,I8604,17024.0,17025.0,green,1
J2429,I10396,20717.0,20720.0,green,2
J4126,I5570,10485.0,10486.0,brown,1
J4126,I6563,12562.0,12572.0,green,2
J4126,I14339,28084.0,28085.0,green,1
J2701,I4888,8998.0,8999.0,green,1
J2701,I4920,9066.0,9073.0,green,4
J1179,I1874,3065.0,3066.0,green,1
J1179,I2322,3911.0,3913.0,green,1
J1179,I5074,9405.0,9407.0,green,1
J4785,I8258,16248.0,16264.0,green,1
J4785,I8289,16342.0,16344.0,brown,2
J4785,I8737,17317.0,17319.0,brown,2
J4785,I15234,29537.0,29538.0,green,1
J3986,I11637,23256.0,23257.0,green,1
J3986,I11653,23284.0,23286.0,green,1
J3986,I11733,23432.0,23435.0,brown,2
J2865,I15192,29477.0,29478.0,green,1
J2865,I15224,29522.0,29523.0,green,1
J2865,I15528,29971.0,29972.0,green,1
J2865,I15544,29989.0,29990.0,green,1
J2865,I15547,29992.0,29993.0,green,1
J417,I138,184.0,186.0,green,2
J417,I394,569.0,570.0,green,1
J417,I746,1144.0,1147.0,green,3
J2817,I7379,14364.0,14368.0,green,2
J2817,I7475,14577.0,14579.0,green,2
J1341,I2286,3855.0,3857.0,green,1
J1341,I3022,5253.0,5255.0,green,1
J1341,I5661,10676.0,10679.0,brown,1
J1341,I6109,11592.0,11594.0,brown,1
J910,I3044,5290.0,5294.0,green,1
J910,I3108,5411.0,5413.0,green,1
J910,I4612,8398.0,8400.0,green,1
J910,I5060,9380.0,9382.0,green,1
J959,I2300,3879.0,3881.0,green,2
J937,I6500,12440.0,12443.0,green,2
J937,I10627,21201.0,21204.0,brown,1
J937,I11572,23129.0,23133.0,green,2
J937,I11780,23518.0,23526.0,green,1
J3521,I1835,3006.0,3007.0,brown,1
J3521,I8588,16987.0,16996.0,green,1
J3521,I13836,27238.0,27241.0,green,2
J4158,I12220,24370.0,24372.0,green,2
J4158,I12508,24905.0,24907.0,green,1
J4158,I12540,24977.0,24979.0,brown,2
J2923,I2367,3980.0,3986.0,brown,1
J2923,I5344,9987.0,9994.0,green,1
J2923,I8448,16663.0,16669.0,green,1
J2923,I11712,23392.0,23400.0,green,2
J4817,I11937,23829.0,23834.0,green,1
J4817,I14225,27906.0,27912.0,green,2
J4817,I14561,28457.0,28458.0,green,1
J4817,I15041,29222.0,29223.0,green,1
J3001,I8531,16837.0,16845.0,green,1
J3001,I8691,17224.0,17229.0,green,2
J2992,I7852,15414.0,15416.0,green,1
J2992,I7915,15533.0,15534.0,brown,1
J2992,I8139,15997.0,15999.0,brown,1
J2992,I10668,21285.0,21287.0,green,1
J245,I539,796.0,799.0,green,1
J245,I571,840.0,841.0,green,1
J245,I1755,2858.0,2862.0,green,1
J245,I2531,4282.0,4286.0,green,3
J3402,I9252,18367.0,18372.0,green,2
J3402,I9475,18842.0,18847.0,brown,1
J3402,I10115,20150.0,20151.0,brown,1
J3636,I12444,24787.0,24788.0,green,1
J3636,I12828,25501.0,25503.0,brown,1
J3636,I13418,26551.0,26553.0,green,2
J2269,I5802,11004.0,11008.0,green,3
J2433,I7044,13547.0,13548.0,green,1
J2433,I7204,13914.0,13915.0,green,1
J2433,I7876,15458.0,15459.0,green,1
J2433,I9096,18061.0,18065.0,green,2
J2433,I9188,18239.0,18242.0,green,1
J892,I1108,1733.0,1737.0,green,1
J892,I1428,2256.0,2259.0,green,1
J892,I4532,8239.0,8242.0,green,1
J892,I5812,11022.0,11024.0,green,2
J892,I8248,16231.0,16233.0,green,1
J4567,I8278,16323.0,16329.0,green,1
J4567,I9557,18989.0,18990.0,brown,1
J4567,I13590,26826.0,26831.0,green,2
J4567,I14678,28645.0,28649.0,green,2
J516,I1316,2075.0,2076.0,brown,1
J516,I1701,2752.0,2761.0,green,2
J516,I6405,12221.0,12227.0,green,1
J516,I8869,17616.0,17617.0,green,1
J516,I12309,24532.0,24534.0,green,1
J140,I245,350.0,351.0,brown,1
J140,I405,589.0,594.0,brown,2
J140,I13146,26082.0,26084.0,green,2
J1987,I4409,7985.0,7989.0,green,1
J1987,I5625,10586.0,10598.0,green,3
J1987,I11999,23956.0,23958.0,green,1
J3228,I2547,4315.0,4316.0,brown,1
J3228,I2611,4429.0,4430.0,brown,1
J3228,I8755,17359.0,17360.0,brown,1
J3228,I9171,18196.0,18197.0,brown,1
J3228,I9876,19636.0,19637.0,green,1
J3228,I11412,22779.0,22780.0,green,1
J3728,I5053,9367.0,9371.0,green,2
J3728,I8061,15821.0,15824.0,green,2
J3728,I10621,21189.0,21191.0,green,1
J4409,I11020,21941.0,21942.0,brown,1
J4409,I11084,22087.0,22089.0,brown,1
J4409,I11277,22515.0,22524.0,green,3
J3014,I5237,9746.0,9749.0,green,2
J3014,I9721,19312.0,19315.0,green,3
J3014,I9945,19788.0,19795.0,green,1
J939,I842,1297.0,1298.0,green,1
J939,I3402,5965.0,5969.0,green,2
J1844,I5464,10265.0,10266.0,brown,1
J1844,I14009,27531.0,27532.0,green,1
J508,I708,1063.0,1069.0,green,5
J508,I740,1136.0,1137.0,green,1
J746,I2654,4505.0,4506.0,green,1
J746,I7134,13740.0,13743.0,brown,1
J746,I8033,15745.0,15750.0,green,1
J511,I6706,12834.0,12836.0,brown,1
J511,I7123,13703.0,13705.0,green,1
J511,I13347,26421.0,26425.0,green,1
J511,I13799,27169.0,27176.0,green,2
J1198,I3650,6497.0,6498.0,green,1
J1198,I3714,6632.0,6636.0,green,1
J1198,I4578,8331.0,8336.0,green,2
J1198,I4706,8608.0,8612.0,green,1
J1198,I8298,16363.0,16368.0,green,1
J2209,I2606,4424.0,4425.0,brown,1
J2209,I2670,4528.0,4529.0,brown,1
J2209,I2766,4711.0,4713.0,brown,1
J2209,I9486,18865.0,18867.0,brown,1
J2209,I9582,19044.0,19045.0,brown,1
J2209,I14383,28144.0,28146.0,green,1
J3238,I8107,15920.0,15922.0,green,1
J3238,I8779,17409.0,17413.0,green,1
J3238,I9546,18969.0,18971.0,brown,2
J3238,I12795,25436.0,25439.0,green,1
J3581,I5202,9658.0,9663.0,brown,3
J3581,I5330,9963.0,9966.0,brown,1
J3581,I9971,19843.0,19845.0,green,1
J3581,I13971,27475.0,27477.0,green,1
J1598,I4973,9185.0,9191.0,green,1
J1598,I5006,9247.0,9250.0,green,1
J1598,I5070,9394.0,9396.0,green,1
J1598,I5102,9444.0,9446.0,green,2
J1598,I5998,11362.0,11367.0,green,1
J3173,I4984,9212.0,9213.0,green,1
J3173,I7160,13789.0,13797.0,green,3
J3173,I10648,21236.0,21240.0,green,1
J3184,I9552,18980.0,18981.0,green,1
J3184,I9584,19047.0,19048.0,green,1
J3184,I9616,19119.0,19120.0,green,1
J3184,I9840,19562.0,19564.0,green,2
J3184,I11121,22165.0,22167.0,green,1
J898,I2643,4486.0,4487.0,brown,1
J898,I4532,8239.0,8242.0,green,1
J898,I8276,16315.0,16321.0,green,1
J898,I10387,20702.0,20704.0,brown,2
J898,I12147,24249.0,24251.0,brown,1
J3053,I8553,16904.0,16905.0,green,1
J3053,I8617,17062.0,17063.0,green,1
J3053,I8649,17135.0,17136.0,green,1
J3053,I9385,18670.0,18672.0,green,1
J4626,I8352,16466.0,16472.0,green,3
J4626,I10784,21492.0,21493.0,green,1
J4626,I11680,23320.0,23324.0,green,1
J4626,I14256,27959.0,27961.0,green,1
J1112,I2060,3399.0,3403.0,green,4
J1112,I2188,3653.0,3660.0,green,2
J1262,I925,1431.0,1436.0,green,1
J1262,I5501,10345.0,10348.0,green,3
J1262,I6533,12509.0,12510.0,brown,1
J2046,I6685,12796.0,12798.0,green,2
J2046,I6941,13329.0,13337.0,green,1
J2046,I10225,20364.0,20368.0,green,1
J2373,I6885,13223.0,13226.0,green,2
J2373,I6949,13353.0,13356.0,green,3
J4642,I14162,27796.0,27797.0,brown,1
J4642,I14194,27846.0,27847.0,brown,1
J4642,I14323,28059.0,28060.0,green,1
J4642,I14391,28166.0,28167.0,green,1
J1059,I1347,2123.0,2125.0,green,2
J1059,I1379,2181.0,2182.0,green,1
J1059,I1763,2875.0,2882.0,green,3
J2783,I2659,4514.0,4516.0,green,1
J2783,I2690,4576.0,4580.0,brown,1
J2783,I2723,4623.0,4625.0,green,2
J2783,I3075,5355.0,5356.0,brown,1
J2783,I3715,6636.0,6637.0,green,1
J167,I2998,5202.0,5205.0,green,1
J167,I5686,10730.0,10738.0,green,1
J4079,I7695,15053.0,15058.0,brown,1
J4079,I7728,15146.0,15151.0,green,1
J4079,I14396,28172.0,28176.0,green,4
J3205,I9083,18044.0,18048.0,green,1
J3205,I9211,18274.0,18276.0,green,2
J3205,I11835,23635.0,23638.0,green,1
J1485,I2182,3640.0,3641.0,green,1
J1485,I2374,3996.0,3997.0,green,1
J1485,I5126,9494.0,9495.0,green,1
J1485,I6054,11485.0,11488.0,green,2
J1485,I9678,19239.0,19241.0,green,1
J1525,I4624,8417.0,8419.0,green,2
J1525,I4720,8636.0,8637.0,green,1
J1525,I4944,9130.0,9132.0,green,1
J1525,I5008,9253.0,9255.0,green,1
J1525,I5072,9400.0,9401.0,green,1
J4041,I5090,9428.0,9429.0,brown,1
J4041,I5347,10000.0,10002.0,green,2
J4041,I10787,21500.0,21505.0,green,2
J4041,I12999,25828.0,25830.0,green,1
J1242,I6867,13189.0,13192.0,green,3
J1242,I7219,13932.0,13942.0,green,1
J1242,I11347,22658.0,22659.0,green,1
J1242,I11571,23127.0,23129.0,green,1
J1610,I5103,9446.0,9451.0,green,1
J1610,I5711,10789.0,10792.0,green,2
J3891,I8852,17583.0,17589.0,brown,1
J3891,I9237,18321.0,18334.0,green,2
J2163,I3515,6236.0,6241.0,green,1
J2163,I3579,6348.0,6353.0,green,2
J2163,I5210,9677.0,9678.0,brown,1
J2163,I8218,16165.0,16167.0,brown,2
J4927,I10605,21154.0,21157.0,brown,1
J4927,I11726,23417.0,23419.0,green,1
J4927,I14702,28686.0,28688.0,green,2
J624,I799,1234.0,1236.0,brown,2
J624,I959,1494.0,1498.0,brown,2
J624,I14656,28613.0,28615.0,green,1
J624,I14752,28766.0,28770.0,green,1
J650,I586,862.0,863.0,green,1
J650,I4874,8966.0,8972.0,green,1
J650,I7402,14411.0,14418.0,green,2
J650,I9162,18177.0,18181.0,green,1
J650,I9178,18214.0,18217.0,green,1
J3143,I4915,9058.0,9059.0,green,1
J3143,I10483,20882.0,20884.0,brown,1
J3143,I10547,21043.0,21045.0,brown,1
J3143,I11087,22092.0,22094.0,green,2
J2234,I2815,4821.0,4823.0,brown,1
J2234,I3712,6626.0,6628.0,green,1
J3421,I3967,7104.0,7105.0,green,1
J3421,I5279,9832.0,9834.0,brown,1
J3421,I8783,17419.0,17433.0,green,2
J1935,I1722,2804.0,2806.0,green,1
J1935,I2810,4811.0,4813.0,green,1
J1935,I3514,6235.0,6236.0,green,1
J1935,I3770,6746.0,6748.0,green,2
J1935,I5754,10892.0,10908.0,green,1
J1640,I4501,8178.0,8179.0,green,1
J1640,I4565,8302.0,8304.0,brown,1
J1640,I4629,8439.0,8440.0,green,1
J1640,I4885,8994.0,8996.0,green,1
J1640,I7174,13828.0,13832.0,brown,1
J1640,I9023,17912.0,17914.0,green,1
J4010,I9328,18537.0,18542.0,green,1
J2341,I7051,13560.0,13561.0,green,1
J2341,I7243,14005.0,14009.0,green,1
J2341,I7499,14635.0,14644.0,green,1
J15,I2495,4216.0,4218.0,brown,1
J15,I2783,4748.0,4750.0,brown,1
J15,I3584,6360.0,6369.0,green,1
J4634,I15263,29578.0,29582.0,green,1
J4634,I15391,29776.0,29777.0,green,1
J4634,I15487,29917.0,29918.0,green,1
J689,I2411,4055.0,4056.0,green,1
J689,I7307,14178.0,14185.0,green,2
J689,I7627,14899.0,14902.0,green,1
J689,I10379,20679.0,20682.0,green,1
J689,I10795,21522.0,21526.0,green,1
J1475,I4235,7655.0,7656.0,green,1
J1475,I4299,7775.0,7783.0,green,2
J3234,I8492,16752.0,16754.0,brown,1
J3234,I14829,28894.0,28896.0,green,1
J3234,I15469,29891.0,29896.0,green,1
J4768,I2288,3860.0,3862.0,brown,1
J4768,I9617,19120.0,19124.0,green,1
J4768,I14833,28901.0,28902.0,green,1
J4768,I15081,29296.0,29298.0,green,2
J4227,I495,723.0,725.0,brown,1
J4227,I559,823.0,824.0,brown,1
J4227,I591,869.0,871.0,brown,1
J4227,I12464,24828.0,24830.0,green,2
J4227,I12720,25303.0,25306.0,brown,1
J2421,I7041,13542.0,13545.0,green,3
J2421,I7073,13595.0,13597.0,green,2
J2421,I8129,15977.0,15980.0,green,1
J3661,I10634,21215.0,21216.0,brown,1
J3661,I10698,21332.0,21333.0,brown,1
J3661,I10859,21634.0,21641.0,green,1
J424,I1010,1583.0,1584.0,green,1
J424,I1138,1790.0,1792.0,brown,1
J424,I1426,2252.0,2255.0,green,1
J424,I2066,3411.0,3412.0,brown,1
J424,I3698,6604.0,6605.0,green,1
J424,I7404,14420.0,14422.0,green,1
J3509,I2717,4614.0,4615.0,brown,1
J3509,I4638,8461.0,8463.0,green,1
J3509,I9437,18772.0,18775.0,brown,1
J1267,I3410,5997.0,5998.0,green,1
J1267,I3419,6014.0,6015.0,green,1
J1267,I3483,6156.0,6158.0,green,1
J1267,I3579,6348.0,6353.0,green,1
J1267,I3635,6474.0,6476.0,brown,1
J1267,I4435,8040.0,8052.0,green,1
J3583,I2749,4677.0,4679.0,brown,1
J3583,I3966,7102.0,7104.0,green,1
J3583,I4926,9090.0,9094.0,green,1
J3583,I6366,12120.0,12123.0,green,1
J3583,I11270,22502.0,22504.0,green,1
J1265,I1319,2078.0,2080.0,brown,2
J1265,I1415,2233.0,2235.0,brown,1
J1265,I4616,8406.0,8409.0,green,3
J885,I3523,6253.0,6256.0,green,1
J885,I3747,6697.0,6698.0,green,1
J885,I7259,14051.0,14056.0,green,2
J885,I7291,14137.0,14141.0,green,1
J885,I7587,14805.0,14806.0,brown,1
J290,I570,837.0,840.0,green,1
J290,I730,1113.0,1115.0,green,1
J290,I2106,3498.0,3499.0,green,1
J290,I2714,4608.0,4612.0,green,1
J290,I2778,4736.0,4741.0,green,1
J290,I6420,12263.0,12264.0,green,1
J3117,I6275,11937.0,11939.0,green,2
J308,I1066,1670.0,1671.0,brown,1
J308,I1098,1717.0,1718.0,brown,1
J308,I8234,16206.0,16210.0,brown,1
J308,I9834,19553.0,19555.0,brown,1
J308,I12235,24397.0,24404.0,green,2
J4678,I13380,26480.0,26482.0,brown,2
J4678,I14053,27597.0,27599.0,green,2
J4678,I14841,28914.0,28915.0,green,1
J4678,I14921,29033.0,29034.0,green,1
J1068,I3497,6195.0,6197.0,brown,1
J1068,I3817,6831.0,6835.0,brown,1
J926,I694,1039.0,1041.0,brown,2
J926,I9623,19129.0,19133.0,green,1
J926,I9910,19708.0,19711.0,brown,1
J4505,I4716,8628.0,8629.0,brown,1
J4505,I6764,12964.0,12965.0,brown,1
J4505,I14865,28953.0,28956.0,green,1
J386,I222,320.0,321.0,green,1
J386,I254,361.0,363.0,green,2
J386,I702,1053.0,1055.0,green,1
J386,I1566,2502.0,2504.0,green,1
J386,I3774,6754.0,6756.0,green,1
J4046,I8337,16442.0,16443.0,brown,1
J4046,I8913,17683.0,17684.0,brown,1
J4046,I8945,17764.0,17766.0,brown,1
J4046,I9330,18546.0,18557.0,green,1
J4046,I14076,27660.0,27663.0,green,1
J4046,I14268,27981.0,27982.0,green,1
J1635,I2534,4289.0,4291.0,green,2
J1635,I2758,4698.0,4701.0,green,1
J1635,I6870,13195.0,13202.0,green,2
J1743,I4252,7684.0,7688.0,green,3
J1743,I4444,8067.0,8071.0,green,1
J1627,I4970,9182.0,9183.0,green,1
J1627,I7498,14631.0,14635.0,green,1
J1627,I9770,19396.0,19397.0,green,1
J971,I646,968.0,969.0,green,1
J971,I3398,5957.0,5960.0,green,1
J971,I6086,11540.0,11543.0,brown,2
J971,I6790,13018.0,13019.0,green,1
J1855,I6074,11525.0,11526.0,brown,1
J1855,I6778,12993.0,12994.0,brown,1
J1855,I7578,14791.0,14792.0,brown,1
J1855,I14299,28024.0,28028.0,green,2
J3537,I340,488.0,491.0,green,1
J3537,I1780,2916.0,2921.0,green,1
J3537,I5524,10400.0,10402.0,green,1
J3535,I9609,19097.0,19099.0,green,1
J3535,I9993,19890.0,19898.0,green,4
J1774,I2190,3663.0,3664.0,green,1
J1774,I2222,3730.0,3732.0,green,2
J1774,I8622,17069.0,17082.0,green,3
J720,I2094,3471.0,3479.0,green,1
J720,I2158,3592.0,3596.0,green,4
J720,I2286,3855.0,3857.0,green,1
J2595,I45,58.0,59.0,brown,1
J2595,I205,291.0,292.0,brown,1
J2595,I4110,7397.0,7399.0,green,1
J2595,I8206,16137.0,16144.0,green,3
J61,I331,473.0,475.0,green,1
J61,I363,522.0,524.0,green,1
J61,I459,673.0,674.0,green,1
J61,I715,1084.0,1086.0,green,1
J61,I1707,2775.0,2776.0,green,1
J61,I3147,5495.0,5496.0,green,1
J551,I1044,1638.0,1639.0,green,1
J551,I1108,1733.0,1737.0,green,3
J551,I3436,6046.0,6051.0,green,1
J551,I3508,6220.0,6221.0,green,1
J2960,I8548,16889.0,16895.0,green,6
J1554,I4515,8203.0,8206.0,green,3
J3814,I7723,15126.0,15128.0,brown,1
J3814,I9644,19168.0,19170.0,green,2
J3814,I12108,24175.0,24179.0,green,1
J3814,I15388,29771.0,29773.0,green,2
J4279,I8654,17145.0,17147.0,brown,2
J4279,I8782,17415.0,17419.0,brown,2
J4279,I8783,17419.0,17433.0,green,2
J752,I2913,5005.0,5008.0,green,2
J752,I3617,6436.0,6441.0,green,2
J752,I3713,6628.0,6632.0,green,1
J752,I4672,8529.0,8530.0,brown,1
J619,I39,49.0,51.0,brown,2
J619,I200,283.0,287.0,green,1
J619,I232,331.0,333.0,green,2
J252,I1009,1581.0,1583.0,brown,1
J252,I13394,26507.0,26513.0,green,1
J252,I13554,26766.0,26770.0,green,2
J4235,I6895,13238.0,13242.0,green,1
J4235,I6959,13369.0,13374.0,green,2
J4235,I8814,17495.0,17496.0,brown,1
J4235,I9743,19353.0,19354.0,green,1
J1638,I3687,6575.0,6576.0,brown,1
J1638,I5831,11062.0,11064.0,brown,1
J1638,I6760,12950.0,12957.0,green,1
J2416,I5355,10023.0,10025.0,green,1
J2416,I7435,14488.0,14492.0,green,1
J2416,I9931,19750.0,19757.0,green,3
J4832,I11751,23468.0,23470.0,brown,1
J4832,I13704,27001.0,27013.0,green,2
J4832,I14856,28936.0,28939.0,green,1
J4832,I15542,29986.0,29987.0,green,1
J4832,I15546,29991.0,29992.0,green,1
J579,I1246,1967.0,1969.0,green,2
J579,I2494,4211.0,4216.0,green,3
J579,I4974,9191.0,9196.0,green,1
J325,I407,595.0,597.0,green,2
J325,I3159,5527.0,5532.0,green,4
J3862,I2198,3687.0,3689.0,green,1
J3862,I2358,3967.0,3970.0,green,1
J3862,I6262,11913.0,11915.0,green,2
J394,I5385,10086.0,10089.0,green,1
J394,I7657,14973.0,14976.0,green,1
J394,I8073,15845.0,15850.0,green,2
J394,I8200,16120.0,16124.0,brown,1
J4494,I10143,20210.0,20212.0,green,2
J4494,I10463,20845.0,20846.0,brown,1
J4494,I11647,23276.0,23277.0,brown,1
J4494,I13503,26690.0,26691.0,green,1
J4494,I13536,26738.0,26740.0,brown,1
J4104,I5272,9819.0,9820.0,brown,1
J4104,I5592,10522.0,10524.0,brown,2
J4104,I12857,25547.0,25550.0,green,3
J2380,I6250,11890.0,11894.0,green,4
J2380,I6794,13023.0,13025.0,green,1
J2380,I8010,15711.0,15719.0,green,1
J4843,I9856,19591.0,19594.0,green,1
J4843,I9951,19806.0,19808.0,brown,1
J4843,I9983,19875.0,19876.0,brown,1
J4843,I10431,20780.0,20781.0,brown,1
J4843,I10559,21078.0,21080.0,brown,1
J4843,I10815,21555.0,21556.0,brown,1
J173,I217,314.0,316.0,green,1
J173,I1561,2494.0,2497.0,green,3
J173,I2257,3791.0,3795.0,green,2
J2712,I3044,5290.0,5294.0,green,3
J2712,I8940,17751.0,17759.0,green,1
J2712,I9100,18072.0,18082.0,green,2
J3256,I6178,11740.0,11748.0,green,2
J3256,I9282,18430.0,18435.0,green,2
J3256,I10454,20824.0,20827.0,green,2
J1652,I955,1488.0,1490.0,brown,1
J1652,I12571,25028.0,25029.0,brown,1
J1652,I12684,25236.0,25238.0,green,2
J1652,I14108,27708.0,27712.0,green,2
J503,I431,633.0,634.0,green,1
J503,I815,1254.0,1258.0,green,1
J503,I1487,2360.0,2366.0,green,1
J525,I8921,17698.0,17710.0,green,1
J525,I12441,24782.0,24784.0,green,2
J525,I13081,25976.0,25978.0,green,1
J525,I13625,26890.0,26891.0,green,1
J4373,I7431,14477.0,14481.0,green,3
J4373,I7623,14880.0,14882.0,green,2
J4373,I13639,26909.0,26911.0,green,1
J2825,I1949,3211.0,3213.0,green,1
J2825,I3101,5401.0,5403.0,green,1
J2825,I4445,8071.0,8080.0,green,1
J2825,I6812,13070.0,13071.0,brown,1
J2825,I8957,17786.0,17789.0,green,2
J2483,I1158,1822.0,1823.0,green,1
J2483,I1190,1874.0,1876.0,green,2
J2483,I1350,2128.0,2132.0,green,1
J2483,I3302,5793.0,5795.0,green,1
J879,I2142,3565.0,3569.0,green,3
J879,I2398,4037.0,4040.0,green,1
J1816,I2602,4417.0,4421.0,brown,3
J1816,I10475,20867.0,20868.0,green,1
J1816,I10859,21634.0,21641.0,green,2
J1425,I4680,8551.0,8552.0,brown,1
J1425,I4744,8674.0,8675.0,brown,1
J1425,I5576,10493.0,10495.0,brown,1
J1425,I13129,26051.0,26052.0,green,1
J777,I919,1416.0,1420.0,green,1
J777,I3511,6230.0,6232.0,green,2
J777,I4503,8180.0,8182.0,green,2
J777,I6647,12716.0,12720.0,green,1
J4213,I4763,8710.0,8712.0,brown,1
J4213,I7708,15080.0,15086.0,green,1
J4213,I10907,21732.0,21735.0,brown,1
J4213,I11804,23562.0,23564.0,green,1
J4213,I12315,24541.0,24543.0,brown,1
J909,I3098,5395.0,5398.0,green,2
J909,I5114,9470.0,9475.0,green,1
J3349,I7458,14541.0,14544.0,green,3
J3349,I7522,14687.0,14688.0,green,1
J3349,I7555,14744.0,14746.0,brown,1
J3349,I7650,14946.0,14948.0,green,1
J2396,I4155,7509.0,7510.0,green,1
J2396,I4379,7920.0,7921.0,green,1
J2396,I4603,8374.0,8379.0,green,1
J2396,I8891,17649.0,17650.0,green,1
J2105,I5313,9925.0,9927.0,green,2
J2105,I10787,21500.0,21505.0,green,2
J1916,I1839,3013.0,3017.0,green,1
J1916,I4719,8632.0,8636.0,green,2
J4802,I14254,27957.0,27958.0,green,1
J4802,I14670,28631.0,28633.0,brown,1
J4802,I14798,28847.0,28848.0,brown,1
J4802,I15150,29413.0,29414.0,brown,1
J4802,I15278,29603.0,29604.0,brown,1
J4802,I15374,29749.0,29750.0,brown,1
J4117,I4631,8441.0,8442.0,brown,1
J4117,I10295,20488.0,20490.0,brown,1
J4117,I10999,21911.0,21912.0,brown,1
J4117,I12384,24661.0,24663.0,green,1
J1307,I1810,2966.0,2968.0,green,2
J1307,I2002,3301.0,3304.0,green,3
J1307,I2034,3354.0,3355.0,green,1
J1453,I4022,7194.0,7197.0,green,1
J1453,I4054,7275.0,7276.0,green,1
J1453,I4150,7485.0,7489.0,green,1
J1453,I4342,7851.0,7855.0,green,1
J249,I7327,14239.0,14247.0,brown,1
J249,I8528,16830.0,16834.0,green,1
J249,I10896,21718.0,21721.0,green,1
J249,I11148,22213.0,22217.0,green,1
J249,I11224,22415.0,22419.0,green,1
J4808,I13791,27156.0,27157.0,brown,1
J4808,I13951,27440.0,27441.0,brown,1
J4808,I14015,27540.0,27541.0,brown,1
J4808,I14047,27588.0,27591.0,brown,1
J4808,I14336,28079.0,28081.0,green,1
J4399,I7329,14254.0,14255.0,green,1
J4399,I7425,14468.0,14469.0,brown,1
J4399,I8033,15745.0,15750.0,green,3
J4399,I8673,17188.0,17190.0,brown,1
J3956,I6595,12626.0,12629.0,brown,2
J3956,I7363,14329.0,14330.0,brown,1
J3956,I15460,29874.0,29877.0,green,1
J4687,I12113,24183.0,24187.0,green,4
J446,I580,854.0,857.0,green,1
J446,I1028,1616.0,1617.0,green,1
J256,I1639,2633.0,2636.0,green,1
J256,I1671,2697.0,2699.0,green,1
J256,I7239,13992.0,13998.0,green,1
J4393,I3551,6298.0,6299.0,brown,1
J4393,I13344,26415.0,26419.0,green,3
J4393,I13544,26751.0,26753.0,green,1
J725,I1025,1611.0,1613.0,green,1
J725,I1089,1704.0,1705.0,green,1
J725,I1633,2623.0,2625.0,green,1
J1620,I4060,7289.0,7291.0,brown,1
J1620,I5437,10208.0,10215.0,green,3
J3578,I2404,4045.0,4046.0,brown,1
J3578,I12133,24223.0,24225.0,green,2
J3578,I12229,24384.0,24387.0,green,2
J3578,I12881,25601.0,25603.0,green,1
J3182,I6731,12893.0,12896.0,brown,1
J3182,I11116,22154.0,22159.0,green,1
J1101,I4279,7739.0,7741.0,brown,1
J1101,I6935,13307.0,13309.0,brown,2
J1101,I9463,18813.0,18816.0,brown,1
J2912,I4468,8123.0,8124.0,brown,1
J2912,I11829,23612.0,23620.0,green,2
J2222,I3431,6040.0,6042.0,brown,2
J2222,I13480,26654.0,26657.0,green,3
J2222,I13848,27273.0,27275.0,green,1
J1382,I1950,3213.0,3215.0,green,1
J1382,I3485,6160.0,6162.0,brown,1
J1382,I3902,6976.0,6979.0,green,1
J1382,I6977,13410.0,13412.0,green,2
J1382,I7246,14015.0,14021.0,green,1
J2632,I2241,3764.0,3769.0,green,1
J2632,I2465,4153.0,4154.0,green,1
J2632,I2689,4574.0,4576.0,green,2
J2632,I3137,5475.0,5476.0,green,1
J2632,I9825,19530.0,19537.0,green,1
J606,I11815,23583.0,23584.0,green,1
J606,I12967,25760.0,25765.0,green,2
J606,I14511,28373.0,28376.0,green,1
J461,I785,1211.0,1213.0,green,2
J461,I849,1314.0,1315.0,green,1
J461,I1201,1890.0,1892.0,green,1
J461,I1557,2485.0,2490.0,green,1
J4430,I9373,18643.0,18645.0,green,2
J4430,I10141,20197.0,20200.0,green,3
J4430,I11421,22800.0,22803.0,green,1
J265,I720,1092.0,1094.0,green,2
J265,I768,1180.0,1184.0,green,1
J265,I944,1471.0,1477.0,green,2
J265,I976,1523.0,1525.0,brown,1
J3844,I8531,16837.0,16845.0,green,2
J3844,I8659,17156.0,17157.0,green,1
J3844,I9043,17953.0,17955.0,green,1
J3844,I12051,24065.0,24066.0,green,1
J3844,I12643,25162.0,25164.0,green,1
J988,I991,1548.0,1551.0,green,3
J988,I1343,2117.0,2119.0,green,1
J988,I5311,9918.0,9924.0,green,2
J2603,I2913,5005.0,5008.0,green,1
J2603,I5025,9309.0,9321.0,green,1
J2603,I9224,18294.0,18295.0,brown,1
J2603,I9411,18722.0,18726.0,green,1
J4786,I8708,17255.0,17260.0,green,2
J4786,I8836,17543.0,17548.0,green,1
J4786,I8932,17743.0,17744.0,green,1
J989,I3361,5882.0,5885.0,green,1
J989,I6785,13001.0,13008.0,green,1
J989,I10409,20742.0,20745.0,green,1
J1344,I4175,7538.0,7544.0,brown,1
J4087,I2851,4889.0,4891.0,brown,1
J4087,I8003,15697.0,15698.0,brown,1
J4087,I11075,22072.0,22075.0,brown,1
J4087,I14148,27771.0,27774.0,green,1
J4087,I15364,29739.0,29740.0,green,1
J4087,I15540,29984.0,29985.0,green,1
J2177,I2529,4279.0,4281.0,green,1
J2177,I4897,9011.0,9016.0,green,3
J174,I962,1501.0,1502.0,brown,1
J174,I4291,7758.0,7759.0,green,1
J174,I4771,8721.0,8723.0,green,1
J174,I6115,11600.0,11601.0,green,1
J174,I7235,13980.0,13984.0,green,1
J174,I12379,24654.0,24656.0,green,1
J2405,I14071,27650.0,27654.0,green,2
J2290,I1342,2114.0,2117.0,brown,1
J2290,I1502,2391.0,2393.0,brown,2
J2290,I14604,28533.0,28534.0,green,1
J2290,I14687,28665.0,28667.0,green,2
J2850,I3910,6991.0,6996.0,green,3
J2850,I4006,7164.0,7165.0,green,1
J2850,I4230,7643.0,7645.0,brown,1
J2850,I7270,14074.0,14075.0,green,1
J4879,I9466,18823.0,18825.0,brown,1
J4879,I12507,24904.0,24905.0,green,1
J4879,I12731,25321.0,25323.0,green,1
J98,I436,639.0,642.0,brown,1
J98,I2869,4932.0,4934.0,green,1
J98,I13381,26482.0,26484.0,green,1
J3095,I10801,21533.0,21536.0,brown,1
J3095,I13522,26717.0,26718.0,green,1
J3805,I10991,21896.0,21897.0,green,1
J3805,I11023,21953.0,21957.0,green,3
J3805,I11471,22914.0,22916.0,green,1
J3805,I11919,23790.0,23793.0,green,1
J4707,I9937,19772.0,19773.0,brown,1
J4707,I11634,23250.0,23252.0,green,1
J4707,I14130,27737.0,27738.0,green,1
J406,I1247,1969.0,1970.0,green,1
J406,I2079,3431.0,3437.0,green,1
J406,I4127,7429.0,7435.0,green,1
J1338,I4634,8445.0,8450.0,green,4
J2532,I2790,4759.0,4760.0,green,1
J2532,I5702,10772.0,10777.0,green,2
J2532,I6310,12003.0,12004.0,green,1
J4491,I10470,20858.0,20863.0,green,2
J4491,I12742,25337.0,25340.0,green,1
J4491,I13206,26186.0,26188.0,green,1
J4491,I13326,26383.0,26385.0,green,2
J649,I2094,3471.0,3479.0,green,1
J649,I9774,19401.0,19411.0,green,1
J867,I1537,2437.0,2439.0,green,2
J867,I2081,3438.0,3444.0,green,1
J867,I4129,7440.0,7442.0,green,2
J4916,I13423,26559.0,26561.0,brown,1
J4916,I14960,29093.0,29097.0,green,1
J2049,I6301,11986.0,11987.0,brown,1
J2049,I6365,12118.0,12120.0,brown,1
J2049,I7198,13897.0,13900.0,green,1
J2049,I7582,14795.0,14799.0,green,1
J4756,I11984,23931.0,23932.0,brown,1
J4756,I12241,24417.0,24420.0,green,3
J4756,I14577,28485.0,28488.0,green,1
J3456,I5064,9388.0,9389.0,brown,1
J3456,I5128,9496.0,9497.0,brown,1
J3456,I7561,14768.0,14769.0,green,1
J3456,I7753,15196.0,15201.0,green,1
J3456,I12585,25049.0,25054.0,green,1
J695,I1226,1931.0,1933.0,brown,1
J695,I2571,4349.0,4353.0,green,1
J695,I11051,22017.0,22021.0,green,1
J695,I11243,22458.0,22460.0,green,2
J695,I12619,25128.0,25129.0,green,1
J1376,I2032,3350.0,3352.0,green,1
J1376,I2160,3599.0,3602.0,green,1
J1376,I8312,16387.0,16389.0,green,2
J1376,I9176,18203.0,18209.0,green,2
J2539,I3493,6186.0,6187.0,brown,1
J2539,I3845,6879.0,6880.0,brown,1
J2539,I5861,11125.0,11126.0,brown,1
J2539,I8678,17195.0,17198.0,green,1
J2539,I14150,27776.0,27777.0,green,1
J3350,I6451,12336.0,12338.0,brown,1
J3350,I11924,23803.0,23809.0,green,1
J3350,I12948,25718.0,25725.0,green,1
J3350,I14356,28108.0,28109.0,green,1
J3350,I14580,28492.0,28495.0,green,1
J237,I1612,2588.0,2590.0,brown,1
J893,I4018,7187.0,7188.0,green,1
J1662,I5159,9560.0,9561.0,green,1
J1662,I5511,10360.0,10364.0,green,2
J1662,I5607,10551.0,10555.0,green,1
J1662,I6343,12062.0,12065.0,green,1
J1662,I10247,20408.0,20411.0,green,1
J4438,I8535,16854.0,16857.0,green,1
J4438,I8982,17828.0,17830.0,brown,1
J4438,I9046,17959.0,17960.0,brown,1
J4438,I9174,18201.0,18202.0,brown,1
J4438,I9558,18990.0,18996.0,brown,1
J4438,I10038,19996.0,19997.0,brown,1
J221,I760,1171.0,1173.0,brown,2
J221,I8921,17698.0,17710.0,green,1
J221,I13273,26296.0,26304.0,green,1
J221,I15353,29717.0,29719.0,green,1
J221,I15465,29885.0,29887.0,green,1
J1184,I1493,2374.0,2376.0,brown,1
J1184,I1685,2722.0,2723.0,brown,1
J1184,I7413,14442.0,14444.0,brown,1
J1184,I8085,15868.0,15873.0,brown,1
J1184,I13558,26775.0,26777.0,green,1
J775,I1317,2076.0,2077.0,brown,1
J775,I2213,3716.0,3717.0,brown,1
J775,I2469,4162.0,4165.0,brown,2
J775,I12966,25758.0,25760.0,green,2
J1132,I1920,3153.0,3155.0,green,1
J1132,I1984,3266.0,3267.0,green,1
J1132,I2016,3328.0,3329.0,green,1
J1132,I3360,5880.0,5882.0,green,1
J1132,I4576,8323.0,8325.0,green,2
J1372,I1277,2011.0,2012.0,green,1
J1372,I1278,2012.0,2014.0,green,1
J1372,I1726,2811.0,2812.0,green,1
J3415,I10065,20055.0,20063.0,green,1
J3415,I10224,20363.0,20364.0,brown,1
J3415,I10449,20812.0,20814.0,green,1
J3415,I11441,22839.0,22841.0,green,1
J3415,I12401,24710.0,24712.0,green,2
J4204,I5467,10270.0,10271.0,brown,1
J4204,I13371,26469.0,26470.0,brown,1
J4204,I15356,29724.0,29725.0,green,1
J4383,I4319,7814.0,7815.0,brown,1
J4383,I11488,22952.0,22954.0,green,2
J4383,I13304,26346.0,26348.0,green,1
J4090,I6388,12165.0,12169.0,brown,1
J4090,I9524,18933.0,18935.0,brown,1
J4090,I10356,20622.0,20625.0,brown,1
J4090,I10388,20704.0,20705.0,brown,1
J4090,I14645,28593.0,28594.0,green,1
J4090,I14741,28747.0,28750.0,green,1
J3023,I5837,11076.0,11078.0,green,2
J3023,I8109,15926.0,15930.0,green,1
J3023,I10413,20750.0,20752.0,green,1
J3768,I8998,17861.0,17862.0,green,1
J3768,I9510,18910.0,18911.0,green,1
J3768,I9926,19738.0,19741.0,green,3
J1664,I6570,12588.0,12589.0,green,1
J1664,I7882,15467.0,15468.0,brown,1
J1664,I10650,21242.0,21246.0,green,3
J1664,I11626,23238.0,23239.0,green,1
J3751,I10167,20260.0,20262.0,brown,1
J3751,I12824,25494.0,25495.0,green,1
J2309,I6658,12737.0,12741.0,green,1
J2309,I8930,17731.0,17742.0,green,1
J2309,I11042,22003.0,22006.0,green,1
J1764,I4378,7919.0,7920.0,brown,1
J1764,I4506,8187.0,8188.0,brown,1
J1764,I6330,12040.0,12041.0,brown,1
J1764,I9274,18408.0,18411.0,brown,1
J1764,I10683,21309.0,21311.0,green,1
J1764,I11483,22941.0,22942.0,green,1
J3950,I5478,10289.0,10291.0,brown,2
J3950,I15175,29450.0,29454.0,green,1
J3499,I10393,20710.0,20712.0,green,1
J1805,I5225,9718.0,9725.0,green,2
J1805,I5321,9947.0,9949.0,green,1
J794,I2416,4063.0,4066.0,green,3
J794,I2480,4186.0,4190.0,green,1
J3992,I10280,20458.0,20463.0,green,2
J3992,I10408,20741.0,20742.0,green,1
J3992,I13960,27454.0,27458.0,green,1
J1751,I5035,9335.0,9339.0,brown,1
J1751,I6796,13028.0,13029.0,green,1
J1751,I7532,14704.0,14708.0,green,1
J1751,I8908,17671.0,17677.0,green,3
J4861,I7000,13462.0,13463.0,brown,1
J4861,I7960,15627.0,15632.0,brown,1
J4861,I14681,28654.0,28657.0,green,1
J4861,I15087,29308.0,29313.0,green,1
J1444,I3447,6068.0,6070.0,green,1
J1444,I3926,7021.0,7022.0,brown,1
J1444,I4407,7975.0,7983.0,green,1
J1444,I7031,13515.0,13519.0,green,1
J1193,I5352,10015.0,10019.0,brown,1
J1193,I5417,10170.0,10176.0,green,1
J1193,I8777,17401.0,17407.0,green,1
J1193,I9417,18734.0,18738.0,green,2
J1193,I12425,24757.0,24758.0,green,1
J4699,I13199,26178.0,26179.0,brown,1
J4699,I13263,26281.0,26283.0,brown,2
J4699,I13391,26503.0,26504.0,brown,1
J4699,I14064,27630.0,27633.0,green,1
J4699,I14255,27958.0,27959.0,brown,1
J3718,I693,1038.0,1039.0,brown,1
J3718,I3989,7140.0,7141.0,brown,1
J3718,I6230,11854.0,11856.0,green,2
J3718,I10486,20888.0,20889.0,brown,1
J2863,I2827,4844.0,4845.0,green,1
J2863,I3915,7001.0,7002.0,green,1
J2863,I6795,13025.0,13028.0,green,2
J2863,I9267,18399.0,18400.0,green,1
J4331,I5324,9953.0,9954.0,brown,1
J4331,I5388,10093.0,10094.0,brown,1
J4331,I10317,20523.0,20525.0,green,2
J4331,I10861,21642.0,21648.0,green,1
J4331,I13359,26444.0,26448.0,green,1
J4274,I14133,27741.0,27750.0,green,1
J4274,I14549,28435.0,28436.0,green,1
J4274,I15349,29711.0,29714.0,green,2
J3983,I10352,20614.0,20616.0,brown,2
J3983,I10833,21586.0,21591.0,green,1
J3983,I14385,28147.0,28148.0,green,1
J1742,I5537,10420.0,10423.0,green,1
J4934,I9423,18743.0,18744.0,brown,1
J4934,I9455,18797.0,18800.0,brown,3
J4934,I9487,18867.0,18869.0,brown,1
J4934,I10671,21290.0,21291.0,brown,1
J3815,I3407,5977.0,5981.0,green,1
J3815,I4719,8632.0,8636.0,green,1
J3815,I6511,12460.0,12461.0,green,1
J3815,I8239,16217.0,16221.0,green,1
J3815,I8847,17566.0,17577.0,green,1
J3815,I11295,22552.0,22553.0,green,1
J2536,I2849,4887.0,4888.0,brown,1
J2536,I3425,6026.0,6029.0,brown,1
J2536,I12322,24551.0,24554.0,green,1
J2536,I12578,25039.0,25040.0,green,1
J2536,I13890,27344.0,27346.0,green,1
J2536,I14390,28165.0,28166.0,green,1
J3319,I9707,19290.0,19292.0,brown,1
J3319,I9867,19612.0,19614.0,brown,2
J3319,I10476,20868.0,20873.0,green,1
J4565,I8365,16493.0,16494.0,green,1
J4565,I8461,16702.0,16703.0,brown,1
J4565,I9069,18015.0,18020.0,green,1
J4565,I14253,27955.0,27957.0,green,1
J3447,I12174,24292.0,24295.0,green,2
J3447,I12397,24697.0,24699.0,brown,1
J4711,I10591,21133.0,21137.0,green,1
J4711,I10942,21798.0,21800.0,brown,2
J4711,I13823,27219.0,27221.0,green,1
J4711,I14879,28972.0,28973.0,green,1
J4697,I13006,25844.0,25846.0,brown,2
J4697,I13103,26012.0,26015.0,green,1
J4697,I13182,26147.0,26148.0,brown,1
J4697,I13934,27417.0,27418.0,brown,1
J4697,I14351,28098.0,28100.0,green,1
J2331,I5002,9238.0,9240.0,green,2
J2331,I5098,9436.0,9440.0,green,4
J4895,I14735,28739.0,28740.0,brown,1
J2778,I6800,13033.0,13036.0,green,2
J2778,I9600,19078.0,19082.0,green,2
J2584,I3239,5684.0,5689.0,green,1
J2584,I3399,5960.0,5962.0,green,1
J2584,I4902,9031.0,9033.0,brown,1
J2584,I8575,16960.0,16963.0,green,1
J3481,I11056,22027.0,22034.0,green,1
J3481,I11440,22836.0,22839.0,green,1
J3481,I11888,23724.0,23725.0,green,1
J795,I756,1167.0,1168.0,green,1
J795,I820,1263.0,1265.0,green,2
J795,I916,1410.0,1413.0,green,1
J795,I3796,6789.0,6791.0,green,2
J943,I618,919.0,922.0,green,2
J943,I1162,1826.0,1827.0,green,1
J2702,I6542,12530.0,12531.0,green,1
J2702,I6702,12823.0,12826.0,green,2
J3196,I9151,18164.0,18166.0,green,1
J3196,I9918,19723.0,19726.0,brown,1
J3196,I14543,28425.0,28427.0,green,1
J3196,I15007,29172.0,29179.0,green,2
J270,I400,580.0,582.0,green,1
J270,I2673,4533.0,4538.0,green,2
J270,I3697,6601.0,6604.0,green,1
J270,I4977,9201.0,9202.0,green,1
J270,I7158,13782.0,13787.0,green,1
J3254,I9653,19189.0,19191.0,green,1
J3254,I12569,25025.0,25027.0,green,1
J3254,I13069,25956.0,25958.0,green,1
J4674,I10937,21785.0,21788.0,green,1
J4674,I11193,22318.0,22323.0,green,2
J4674,I11225,22419.0,22422.0,green,3
J4280,I11927,23812.0,23813.0,brown,1
J4280,I12087,24144.0,24145.0,brown,1
J4280,I13208,26189.0,26192.0,green,2
J2472,I4151,7489.0,7498.0,green,5
J2472,I5335,9974.0,9975.0,green,1
J2687,I7656,14954.0,14973.0,green,6
J3020,I5745,10866.0,10871.0,green,2
J4767,I126,164.0,165.0,brown,1
J4767,I14527,28401.0,28403.0,green,2
J4767,I14655,28607.0,28613.0,green,2
J918,I1078,1686.0,1689.0,green,3
J918,I1718,2797.0,2801.0,green,1
J918,I1766,2890.0,2891.0,brown,1
J918,I2006,3307.0,3312.0,green,1
J3660,I9698,19272.0,19273.0,green,1
J3660,I9794,19444.0,19447.0,green,2
J3660,I10050,20027.0,20028.0,green,1
J3660,I10146,20218.0,20221.0,green,1
J3660,I10946,21806.0,21808.0,green,1
J382,I1701,2752.0,2761.0,green,1
J382,I2821,4832.0,4833.0,green,1
J382,I6629,12680.0,12683.0,green,1
J1571,I3924,7015.0,7019.0,green,4
J1571,I4372,7909.0,7911.0,green,1
J2750,I7586,14804.0,14805.0,brown,1
J2750,I7842,15396.0,15397.0,brown,1
J2750,I8578,16965.0,16967.0,brown,1
J2750,I8931,17742.0,17743.0,green,1
J2750,I12547,24988.0,24990.0,green,1
J2750,I14679,28649.0,28652.0,green,1
J550,I548,809.0,812.0,green,3
J550,I676,1014.0,1015.0,green,1
J550,I708,1063.0,1069.0,green,1
J2482,I4711,8621.0,8623.0,brown,2
J2482,I4839,8887.0,8889.0,brown,2
J2482,I4967,9170.0,9172.0,brown,1
J2482,I13976,27484.0,27485.0,green,1
J1259,I1495,2379.0,2381.0,green,1
J1259,I9976,19861.0,19863.0,green,1
J4099,I9068,18013.0,18015.0,brown,1
J4099,I10412,20748.0,20750.0,brown,2
J3539,I10667,21283.0,21285.0,green,2
J3539,I10859,21634.0,21641.0,green,1
J3539,I11051,22017.0,22021.0,green,1
J3539,I12523,24941.0,24947.0,green,2
J3078,I7626,14889.0,14899.0,green,2
J3078,I7690,15037.0,15039.0,green,2
J3078,I9162,18177.0,18181.0,green,2
J213,I508,745.0,746.0,green,1
J213,I572,841.0,845.0,green,1
J213,I2620,4442.0,4447.0,green,1
J213,I4108,7392.0,7396.0,green,1
J213,I5028,9325.0,9327.0,green,1
J213,I5220,9697.0,9701.0,green,1
J3828,I718,1090.0,1091.0,brown,1
J3828,I5807,11013.0,11016.0,green,1
J3828,I10870,21660.0,21662.0,brown,1
J3828,I11038,21997.0,21998.0,brown,1
J375,I505,738.0,741.0,brown,1
J375,I1690,2730.0,2731.0,green,1
J375,I6106,11582.0,11590.0,green,1
J375,I9498,18891.0,18895.0,green,1
J3181,I7774,15243.0,15245.0,green,2
J3181,I7806,15325.0,15326.0,green,1
J3181,I8094,15896.0,15900.0,green,3
J4993,I4940,9121.0,9122.0,brown,1
J4993,I6348,12077.0,12081.0,brown,1
J4993,I15405,29795.0,29797.0,green,2
J4993,I15477,29904.0,29907.0,green,2
J2001,I5612,10563.0,10565.0,green,2
J2001,I5676,10700.0,10704.0,green,3
J2001,I9288,18444.0,18447.0,brown,1
J1055,I3724,6653.0,6656.0,green,2
J1055,I3948,7071.0,7073.0,green,1
J1055,I4204,7594.0,7599.0,green,2
J1055,I4908,9041.0,9047.0,green,1
J66,I228,326.0,328.0,brown,1
J66,I709,1069.0,1073.0,green,1
J66,I10404,20731.0,20733.0,brown,1
J66,I12511,24910.0,24915.0,green,1
J66,I12581,25043.0,25045.0,green,2
J276,I217,314.0,316.0,green,1
J276,I1177,1853.0,1855.0,green,1
J276,I3001,5216.0,5220.0,green,2
J276,I3129,5458.0,5459.0,green,1
J276,I4077,7325.0,7335.0,green,1
J401,I60,76.0,77.0,green,1
J401,I4828,8853.0,8858.0,green,1
J401,I8668,17176.0,17183.0,green,2
J401,I8892,17650.0,17651.0,green,1
J401,I9025,17915.0,17927.0,green,1
J520,I802,1238.0,1239.0,brown,1
J520,I3874,6928.0,6931.0,brown,1
J520,I6243,11878.0,11880.0,green,1
J520,I9923,19731.0,19736.0,green,1
J3305,I9092,18057.0,18058.0,green,1
J3305,I9764,19387.0,19391.0,green,1
J3305,I9956,19817.0,19821.0,green,1
J3305,I10948,21810.0,21814.0,green,2
J3305,I11108,22137.0,22140.0,green,1
J3326,I4151,7489.0,7498.0,green,3
J3326,I8823,17515.0,17523.0,green,1
J3326,I10079,20077.0,20078.0,green,1
J2410,I1397,2207.0,2210.0,brown,1
J2410,I14078,27664.0,27667.0,green,1
J2410,I14550,28436.0,28439.0,green,1
J2410,I14646,28594.0,28595.0,green,1
J2410,I15094,29322.0,29323.0,green,1
J1424,I4389,7936.0,7942.0,green,1
J1424,I4453,8092.0,8094.0,green,2
J1424,I4517,8209.0,8213.0,green,3
J380,I443,649.0,650.0,brown,1
J380,I12699,25266.0,25267.0,brown,1
J380,I12796,25439.0,25445.0,green,2
J380,I13243,26251.0,26252.0,brown,1
J2183,I1311,2070.0,2071.0,green,1
J2183,I1343,2117.0,2119.0,green,1
J2183,I1567,2504.0,2507.0,green,1
J2183,I7343,14280.0,14285.0,green,3
J2432,I7081,13615.0,13618.0,green,2
J2432,I7177,13836.0,13839.0,green,1
J3425,I6198,11785.0,11792.0,green,4
J3425,I6709,12838.0,12839.0,brown,1
J1734,I2339,3937.0,3939.0,green,1
J1734,I4131,7445.0,7449.0,green,2
J2281,I270,389.0,390.0,brown,1
J2281,I2543,4302.0,4308.0,green,2
J2281,I3151,5514.0,5518.0,green,1
J291,I621,928.0,930.0,green,1
J291,I653,978.0,983.0,brown,2
J291,I749,1151.0,1155.0,green,1
J291,I1429,2259.0,2261.0,green,1
J291,I1620,2602.0,2603.0,green,1
J3638,I2514,4252.0,4254.0,brown,2
J3638,I2642,4485.0,4486.0,brown,1
J3638,I8691,17224.0,17229.0,green,2
J2445,I5726,10814.0,10818.0,green,1
J2445,I6013,11397.0,11399.0,brown,1
J2445,I9566,19011.0,19014.0,green,1
J2445,I10333,20569.0,20571.0,brown,1
J2445,I10557,21071.0,21075.0,brown,1
J2909,I6110,11594.0,11595.0,brown,1
J2909,I6430,12280.0,12282.0,brown,2
J2909,I6462,12356.0,12357.0,brown,1
J2909,I12479,24852.0,24854.0,green,1
J2909,I13119,26038.0,26039.0,green,1
J1418,I3816,6829.0,6831.0,brown,1
J1418,I3977,7115.0,7118.0,green,2
J1418,I4521,8220.0,8221.0,green,1
J1418,I7517,14676.0,14677.0,brown,1
J1418,I7923,15546.0,15548.0,green,1
J2443,I2366,3979.0,3980.0,brown,1
J2443,I2527,4274.0,4276.0,green,1
J2443,I7775,15245.0,15249.0,green,1
J2443,I9327,18531.0,18537.0,green,1
J2443,I9791,19438.0,19439.0,green,1
J2443,I10393,20710.0,20712.0,green,1
J884,I2154,3584.0,3588.0,green,1
J884,I2186,3647.0,3652.0,green,1
J884,I2218,3721.0,3722.0,green,1
J884,I8302,16374.0,16376.0,green,2
J4077,I10318,20525.0,20532.0,green,4
J4077,I11982,23926.0,23929.0,green,2
J4488,I12467,24833.0,24835.0,green,1
J4488,I12530,24962.0,24964.0,brown,1
J4488,I12691,25251.0,25256.0,green,1
J4488,I12947,25715.0,25718.0,green,3
J4205,I9332,18561.0,18564.0,green,2
J4205,I11572,23129.0,23133.0,green,1
J596,I148,200.0,203.0,brown,2
J596,I8405,16588.0,16592.0,green,2
J596,I14597,28521.0,28524.0,green,1
J871,I2418,4067.0,4071.0,green,2
J871,I2521,4264.0,4267.0,brown,1
J871,I2933,5051.0,5053.0,green,2
J1801,I2969,5141.0,5142.0,green,1
J1801,I4409,7985.0,7989.0,green,1
J1801,I7033,13521.0,13527.0,green,4
J2430,I113,145.0,146.0,green,1
J2430,I401,582.0,583.0,green,1
J2430,I690,1034.0,1036.0,brown,1
J2430,I3441,6058.0,6060.0,green,2
J2430,I8097,15903.0,15904.0,green,1
J4180,I7681,15023.0,15025.0,brown,1
J4180,I8258,16248.0,16264.0,green,4
J4180,I13164,26119.0,26120.0,green,1
J2757,I4825,8843.0,8847.0,green,1
J2200,I853,1320.0,1321.0,brown,1
J2200,I2390,4022.0,4025.0,green,2
J2200,I5942,11260.0,11262.0,green,1
J2200,I8085,15868.0,15873.0,brown,1
J2200,I10310,20512.0,20514.0,green,1
J1329,I2766,4711.0,4713.0,brown,1
J1329,I12686,25240.0,25243.0,brown,1
J1329,I12830,25506.0,25507.0,brown,1
J1329,I13743,27073.0,27075.0,green,1
J1329,I14511,28373.0,28376.0,green,1
J2116,I6571,12589.0,12590.0,green,1
J2116,I6603,12640.0,12643.0,green,2
J2116,I7115,13685.0,13687.0,brown,1
J2116,I8203,16126.0,16130.0,brown,1
J2116,I9515,18920.0,18923.0,green,1
J1140,I4052,7270.0,7271.0,brown,1
J1140,I4180,7552.0,7555.0,brown,1
J1140,I6548,12536.0,12539.0,brown,1
J1140,I9685,19248.0,19250.0,green,2
J2081,I2828,4845.0,4847.0,brown,2
J2081,I7468,14566.0,14567.0,brown,1
J2081,I9101,18082.0,18085.0,green,1
J2081,I9165,18187.0,18190.0,green,1
J2081,I11021,21942.0,21945.0,green,1
J1758,I4356,7881.0,7882.0,brown,1
J1758,I13029,25887.0,25890.0,green,3
J1758,I13869,27301.0,27308.0,green,2
J1665,I4834,8866.0,8873.0,green,1
J4899,I14940,29061.0,29063.0,green,2
J4899,I15100,29331.0,29334.0,green,1
J2803,I8368,16497.0,16500.0,green,1
J2803,I8463,16704.0,16705.0,brown,1
J2803,I10128,20172.0,20177.0,green,1
J2803,I14800,28849.0,28851.0,green,1
J2803,I15232,29534.0,29536.0,green,1
J2803,I15424,29824.0,29827.0,green,1
J513,I1305,2063.0,2064.0,green,1
J513,I1369,2162.0,2165.0,green,3
J513,I1433,2271.0,2272.0,green,1
J513,I4345,7859.0,7861.0,green,1
J1716,I2569,4347.0,4348.0,green,1
J1716,I2601,4415.0,4417.0,green,1
J1716,I4105,7388.0,7389.0,brown,1
J1716,I7878,15460.0,15461.0,brown,1
J3211,I8917,17690.0,17691.0,green,1
J3211,I8949,17772.0,17773.0,green,1
J3211,I9013,17890.0,17893.0,green,1
J3211,I9077,18033.0,18035.0,green,2
J3900,I7845,15402.0,15404.0,green,2
J3900,I7909,15523.0,15524.0,brown,1
J3900,I8485,16741.0,16742.0,brown,1
J3900,I9125,18123.0,18124.0,brown,1
J4183,I3934,7039.0,7043.0,green,1
J4183,I4669,8523.0,8524.0,brown,1
J4183,I12318,24546.0,24547.0,green,1
J4183,I13166,26123.0,26124.0,green,1
J1846,I2808,4806.0,4808.0,green,1
J1846,I2840,4874.0,4876.0,green,2
J633,I7874,15455.0,15457.0,brown,1
J633,I8418,16608.0,16612.0,brown,1
J633,I8648,17128.0,17135.0,green,2
J4661,I1802,2956.0,2957.0,brown,1
J4661,I1834,3004.0,3006.0,brown,1
J4661,I10026,19966.0,19969.0,brown,1
J4661,I14763,28787.0,28788.0,green,1
J4309,I11829,23612.0,23620.0,green,3
J4309,I12341,24586.0,24592.0,green,1
J4793,I1952,3217.0,3220.0,brown,1
J4793,I6976,13404.0,13410.0,brown,1
J4793,I9345,18590.0,18594.0,green,1
J4793,I9601,19082.0,19084.0,green,1
J4793,I14567,28465.0,28471.0,green,1
J2488,I1751,2851.0,2853.0,green,1
J3774,I9843,19573.0,19574.0,green,1
J3774,I9875,19635.0,19636.0,green,1
J3774,I13019,25869.0,25873.0,green,1
J3774,I13331,26390.0,26394.0,green,2
J485,I7225,13948.0,13957.0,green,2
J485,I9977,19863.0,19869.0,green,1
J485,I10137,20189.0,20192.0,green,1
J1576,I4836,8875.0,8884.0,green,5
J1793,I352,507.0,509.0,green,1
J1793,I384,555.0,556.0,green,1
J1793,I512,754.0,755.0,brown,1
J1793,I7776,15249.0,15253.0,green,1
J1793,I9184,18233.0,18235.0,green,1
J4840,I8180,16080.0,16082.0,brown,1
J4840,I8373,16510.0,16524.0,green,2
J4840,I9204,18263.0,18265.0,brown,1
J1160,I11502,22978.0,22987.0,green,1
J1160,I13133,26058.0,26060.0,brown,1
J1160,I15246,29557.0,29558.0,green,1
J4568,I8166,16055.0,16059.0,green,1
J4568,I8230,16193.0,16197.0,green,1
J4568,I9189,18242.0,18243.0,brown,1
J4568,I9541,18959.0,18960.0,brown,1
J4568,I14438,28243.0,28248.0,green,2
J3293,I7709,15086.0,15088.0,brown,1
J3293,I8350,16463.0,16465.0,green,1
J3293,I9278,18421.0,18422.0,green,1
J3293,I11486,22947.0,22950.0,green,1
J3302,I4694,8580.0,8582.0,green,2
J3302,I4918,9061.0,9065.0,green,1
J3302,I5014,9270.0,9279.0,green,1
J3302,I5686,10730.0,10738.0,green,2
J1469,I3454,6080.0,6086.0,green,2
J1469,I3486,6162.0,6168.0,green,2
J1469,I3806,6809.0,6811.0,green,1
J1469,I5661,10676.0,10679.0,brown,1
J3162,I6524,12496.0,12497.0,brown,1
J3162,I6621,12666.0,12667.0,green,1
J3162,I6941,13329.0,13337.0,green,2
J3162,I11937,23829.0,23834.0,green,1
J4897,I14786,28827.0,28828.0,green,1
J4897,I14994,29145.0,29147.0,green,1
J4897,I15106,29343.0,29353.0,green,2
J1777,I624,933.0,934.0,brown,1
J1777,I3057,5325.0,5327.0,green,2
J1777,I6357,12097.0,12101.0,green,1
J4603,I12416,24741.0,24743.0,brown,1
J4603,I14305,28033.0,28039.0,green,2
J1675,I3810,6819.0,6823.0,green,4
J1675,I3906,6983.0,6986.0,green,1
J3242,I8950,17773.0,17774.0,green,1
J3242,I9110,18095.0,18096.0,green,1
J3242,I9142,18147.0,18153.0,green,3
J3242,I10342,20586.0,20597.0,green,1
J1978,I2947,5083.0,5085.0,brown,1
J1978,I3395,5951.0,5955.0,brown,2
J1978,I10179,20283.0,20286.0,brown,1
J1978,I12076,24115.0,24121.0,green,2
J7,I184,256.0,257.0,brown,1
J7,I1592,2550.0,2554.0,brown,1
J7,I5657,10659.0,10668.0,green,1
J7,I7225,13948.0,13957.0,green,2
J7,I7481,14594.0,14595.0,green,1
J3424,I7395,14396.0,14398.0,brown,1
J3424,I8483,16738.0,16740.0,brown,1
J3424,I14476,28318.0,28321.0,green,1
J3514,I8676,17193.0,17194.0,green,1
J3514,I8708,17255.0,17260.0,green,2
J2542,I2669,4527.0,4528.0,brown,1
J2542,I10221,20356.0,20359.0,brown,1
J2542,I11053,22022.0,22023.0,brown,1
J2542,I12654,25178.0,25180.0,green,2
J2542,I14638,28582.0,28583.0,green,1
J2843,I4210,7606.0,7608.0,green,1
J2843,I9458,18804.0,18808.0,green,1
J2843,I12091,24149.0,24151.0,green,2
J4199,I10592,21137.0,21138.0,green,1
J4199,I11424,22805.0,22808.0,green,1
J4199,I12874,25577.0,25586.0,green,1
J2132,I3319,5821.0,5822.0,brown,1
J2132,I11960,23879.0,23884.0,green,2
J2132,I12608,25106.0,25110.0,green,1
J2132,I13208,26189.0,26192.0,green,1
J2132,I13824,27221.0,27222.0,green,1
J3912,I6563,12562.0,12572.0,green,1
J3912,I6915,13266.0,13270.0,green,1
J3912,I10883,21679.0,21690.0,green,2
J1371,I6240,11874.0,11876.0,brown,1
J1371,I11105,22128.0,22133.0,green,4
J1371,I13679,26969.0,26970.0,green,1
J4242,I12529,24957.0,24962.0,green,3
J4242,I12720,25303.0,25306.0,brown,1
J4242,I13056,25936.0,25938.0,brown,1
J3569,I2460,4142.0,4144.0,brown,1
J3569,I2812,4815.0,4816.0,brown,1
J3569,I8156,16030.0,16034.0,brown,2
J942,I2472,4169.0,4174.0,green,3
J3390,I9991,19887.0,19889.0,green,2
J3390,I10055,20036.0,20038.0,green,1
J3390,I10087,20087.0,20090.0,green,2
J3390,I10407,20738.0,20741.0,green,1
J3195,I2829,4847.0,4850.0,green,1
J3195,I3533,6272.0,6274.0,green,2
J3195,I9053,17976.0,17982.0,green,1
J3022,I7877,15459.0,15460.0,green,1
J3022,I8037,15758.0,15760.0,brown,2
J3022,I8133,15985.0,15988.0,brown,1
J3022,I8549,16895.0,16896.0,brown,1
J3022,I13959,27449.0,27454.0,green,1
J3276,I7659,14981.0,14982.0,brown,1
J3276,I8075,15852.0,15853.0,brown,1
J3360,I3462,6101.0,6102.0,green,1
J3360,I5734,10834.0,10845.0,green,2
J305,I1216,1911.0,1915.0,brown,1
J305,I3361,5882.0,5885.0,green,1
J305,I9185,18235.0,18236.0,green,1
J305,I10529,21004.0,21008.0,green,1
J305,I11169,22263.0,22270.0,green,2
J2832,I5154,9551.0,9554.0,green,2
J2832,I6658,12737.0,12741.0,green,1
J3826,I1174,1846.0,1847.0,brown,1
J3826,I6166,11715.0,11716.0,brown,1
J3826,I13783,27135.0,27139.0,green,2
J3826,I14039,27576.0,27578.0,green,1
J3826,I14103,27699.0,27702.0,green,1
J803,I2132,3549.0,3550.0,green,1
J803,I2196,3680.0,3685.0,green,3
J3389,I6982,13418.0,13419.0,brown,1
J3389,I7782,15265.0,15270.0,brown,2
J3389,I11975,23912.0,23916.0,green,1
J3389,I12551,24995.0,24997.0,green,1
J3389,I13943,27430.0,27433.0,green,1
J4547,I12862,25555.0,25559.0,green,1
J4547,I12893,25624.0,25625.0,brown,1
J4547,I12958,25744.0,25747.0,green,1
J4547,I12989,25816.0,25817.0,brown,1
J4547,I13277,26308.0,26309.0,brown,1
J4130,I11958,23866.0,23875.0,green,2
J4130,I13558,26775.0,26777.0,green,1
J4130,I13782,27131.0,27135.0,green,1
J4130,I13974,27480.0,27481.0,green,1
J4130,I14876,28969.0,28970.0,green,1
J3864,I6657,12736.0,12737.0,green,1
J3864,I6913,13264.0,13265.0,brown,1
J3864,I7137,13745.0,13747.0,brown,1
J3864,I7233,13973.0,13975.0,brown,2
J3864,I7841,15391.0,15396.0,brown,1
J1450,I2620,4442.0,4447.0,green,1
J1450,I2652,4501.0,4503.0,green,1
J1450,I3900,6970.0,6972.0,green,1
J1450,I6236,11865.0,11867.0,green,1
J1450,I9803,19472.0,19474.0,brown,1
J1450,I9820,19519.0,19521.0,green,1
J2282,I8215,16161.0,16162.0,brown,1
J2282,I12392,24686.0,24688.0,green,1
J2282,I12608,25106.0,25110.0,green,1
J2282,I14008,27529.0,27531.0,green,1
J4506,I8410,16596.0,16597.0,brown,1
J4506,I8634,17103.0,17104.0,brown,1
J4506,I15339,29698.0,29700.0,green,1
J4672,I10029,19974.0,19976.0,brown,1
J4672,I10094,20100.0,20102.0,green,1
J4672,I10349,20607.0,20610.0,brown,1
J4672,I10414,20752.0,20755.0,green,3
J1655,I1912,3128.0,3137.0,green,4
J1655,I2904,4990.0,4992.0,green,1
J4610,I10744,21411.0,21412.0,brown,1
J4610,I10872,21663.0,21664.0,brown,1
J4610,I10904,21729.0,21730.0,brown,1
J4610,I10936,21782.0,21785.0,brown,2
J2612,I6997,13451.0,13455.0,green,2
J2612,I7125,13706.0,13711.0,green,2
J4618,I12679,25227.0,25228.0,brown,1
J4618,I12776,25403.0,25405.0,green,1
J4618,I12968,25765.0,25766.0,green,1
J4618,I14664,28625.0,28626.0,green,1
J2392,I6941,13329.0,13337.0,green,3
J2392,I7133,13735.0,13740.0,green,1
J2878,I6202,11795.0,11799.0,green,4
J2878,I6970,13396.0,13398.0,green,1
J4531,I923,1427.0,1430.0,brown,1
J4531,I8188,16103.0,16106.0,green,1
J4531,I9835,19555.0,19556.0,brown,1
J4531,I14154,27783.0,27788.0,green,2
J4486,I3323,5826.0,5827.0,brown,1
J4486,I10684,21311.0,21313.0,green,2
J4486,I10940,21795.0,21797.0,brown,2
J4486,I12988,25815.0,25816.0,brown,1
J827,I2597,4406.0,4407.0,brown,1
J827,I2886,4960.0,4964.0,green,3
J827,I2934,5053.0,5058.0,green,1
J1129,I2342,3941.0,3944.0,brown,1
J1129,I2791,4760.0,4765.0,green,1
J1129,I3623,6449.0,6450.0,green,1
J3466,I5338,9977.0,9979.0,brown,2
J3466,I11707,23384.0,23388.0,green,1
J3466,I14779,28818.0,28819.0,green,1
J3466,I15177,29455.0,29457.0,green,1
J872,I2358,3967.0,3970.0,green,1
J872,I2934,5053.0,5058.0,green,2
J872,I5654,10653.0,10655.0,green,1
J872,I5686,10730.0,10738.0,green,1
J872,I8550,16896.0,16901.0,green,1
J927,I3386,5939.0,5941.0,brown,1
J927,I5755,10908.0,10911.0,green,1
J927,I6075,11526.0,11527.0,green,1
J927,I8859,17597.0,17599.0,brown,1
J927,I9923,19731.0,19736.0,green,1
J195,I244,348.0,350.0,brown,1
J195,I3509,6221.0,6224.0,green,2
J195,I4149,7483.0,7485.0,green,1
J195,I9237,18321.0,18334.0,green,1
J195,I10132,20180.0,20181.0,brown,1
J2872,I274,393.0,395.0,brown,1
J2872,I6515,12466.0,12474.0,green,1
J2872,I7283,14107.0,14113.0,green,2
J2872,I10243,20398.0,20399.0,green,1
J3110,I3654,6503.0,6506.0,brown,2
J3110,I4678,8547.0,8549.0,brown,1
J3110,I7527,14694.0,14696.0,green,1
J4800,I5925,11231.0,11232.0,brown,1
J4800,I5989,11342.0,11345.0,brown,2
J4800,I14678,28645.0,28649.0,green,1
J3295,I7246,14015.0,14021.0,green,4
J3295,I7662,14984.0,14992.0,green,2
J4595,I5566,10479.0,10480.0,brown,1
J4595,I6014,11399.0,11400.0,brown,1
J4595,I8958,17789.0,17791.0,brown,1
J4595,I15007,29172.0,29179.0,green,3
J575,I1950,3213.0,3215.0,green,1
J575,I5406,10136.0,10146.0,green,3
J575,I5917,11221.0,11222.0,brown,1
J575,I9086,18050.0,18051.0,green,1
J2932,I12701,25271.0,25272.0,green,1
J2932,I13841,27252.0,27258.0,green,2
J2932,I14141,27760.0,27762.0,green,2
J3675,I4688,8571.0,8572.0,brown,1
J3675,I4880,8979.0,8982.0,brown,2
J3675,I5584,10508.0,10509.0,brown,1
J3675,I13009,25849.0,25859.0,green,2
J1264,I2620,4442.0,4447.0,green,1
J1264,I4636,8457.0,8460.0,green,2
J442,I1475,2342.0,2343.0,green,1
J442,I1539,2440.0,2442.0,green,2
J442,I1571,2513.0,2514.0,green,1
J442,I5027,9323.0,9325.0,green,2
J1600,I2714,4608.0,4612.0,green,1
J1600,I5114,9470.0,9475.0,green,2
J1600,I5498,10338.0,10339.0,green,1
J1600,I7610,14857.0,14859.0,green,1
J1600,I9498,18891.0,18895.0,green,1
J323,I6965,13383.0,13385.0,brown,1
J323,I9493,18879.0,18882.0,brown,1
J323,I10886,21696.0,21704.0,green,1
J1787,I3898,6963.0,6964.0,brown,1
J1787,I4218,7616.0,7619.0,brown,2
J1787,I7450,14520.0,14525.0,brown,1
J1787,I15059,29258.0,29263.0,green,2
J2238,I4577,8325.0,8331.0,green,1
J2238,I9025,17915.0,17927.0,green,3
J2378,I4413,7995.0,7997.0,green,1
J2378,I4445,8071.0,8080.0,green,1
J2378,I4668,8521.0,8523.0,brown,2
J1111,I3769,6744.0,6746.0,green,2
J1111,I4889,8999.0,9002.0,green,1
J518,I341,491.0,493.0,green,1
J518,I373,537.0,539.0,green,1
J518,I501,733.0,735.0,green,1
J518,I2581,4373.0,4375.0,green,1
J518,I2965,5122.0,5131.0,green,2
J1023,I3109,5413.0,5414.0,brown,1
J1023,I3173,5550.0,5551.0,brown,1
J1023,I6149,11670.0,11675.0,brown,1
J1023,I10886,21696.0,21704.0,green,1
J166,I627,936.0,937.0,brown,1
J166,I5843,11086.0,11088.0,brown,1
J166,I10451,20816.0,20819.0,brown,1
J1786,I4989,9219.0,9222.0,green,1
J1786,I5021,9297.0,9299.0,green,1
J1786,I5308,9912.0,9915.0,brown,1
J1786,I7645,14936.0,14937.0,green,1
J1786,I7709,15086.0,15088.0,brown,1
J1786,I10621,21189.0,21191.0,green,1
J3524,I2616,4437.0,4438.0,brown,1
J3524,I6969,13391.0,13396.0,green,2
J4906,I10290,20480.0,20483.0,green,1
J4906,I11250,22476.0,22479.0,green,1
J4906,I11346,22649.0,22658.0,green,1
J4906,I11474,22922.0,22923.0,green,1
J4906,I15058,29256.0,29258.0,green,1
J4906,I15346,29707.0,29708.0,green,1
J372,I1496,2381.0,2384.0,green,1
J372,I1912,3128.0,3137.0,green,1
J372,I3128,5449.0,5458.0,green,1
J372,I4504,8182.0,8186.0,green,1
J2073,I1678,2709.0,2710.0,brown,1
J2073,I2702,4592.0,4593.0,brown,1
J2073,I11631,23244.0,23247.0,green,1
J2073,I12718,25300.0,25301.0,brown,1
J3213,I3213,5638.0,5640.0,brown,2
J3213,I10542,21031.0,21033.0,green,1
J3213,I12045,24053.0,24054.0,brown,1
J3213,I14894,28992.0,28999.0,green,2
J608,I1988,3274.0,3275.0,brown,1
J608,I4132,7449.0,7451.0,brown,1
J608,I4388,7933.0,7936.0,brown,1
J608,I6245,11881.0,11882.0,green,1
J608,I15077,29290.0,29293.0,green,1
J608,I15269,29589.0,29593.0,green,1
J2744,I1884,3081.0,3083.0,brown,2
J2744,I9821,19521.0,19525.0,green,2
J2744,I11542,23056.0,23067.0,green,1
J3190,I6054,11485.0,11488.0,green,1
J3190,I6182,11754.0,11757.0,green,1
J3190,I8294,16350.0,16357.0,green,1
J361,I424,625.0,626.0,green,1
J361,I456,667.0,669.0,green,2
J361,I3720,6646.0,6648.0,green,2
J1958,I6133,11629.0,11633.0,green,2
J1958,I8373,16510.0,16524.0,green,3
J1958,I8405,16588.0,16592.0,green,1
J4050,I2575,4366.0,4367.0,brown,1
J4050,I2671,4529.0,4531.0,brown,1
J4050,I2959,5108.0,5112.0,brown,1
J3152,I10643,21228.0,21229.0,brown,1
J3152,I11059,22038.0,22040.0,brown,1
J3152,I11987,23937.0,23938.0,brown,1
J3152,I14078,27664.0,27667.0,green,1
J3152,I14108,27708.0,27712.0,green,1
J1295,I4239,7666.0,7668.0,green,1
J1295,I4271,7720.0,7722.0,green,2
J1295,I7247,14021.0,14025.0,green,1
J1295,I7327,14239.0,14247.0,brown,2
J1183,I3935,7043.0,7047.0,brown,1
J1183,I4063,7293.0,7295.0,brown,1
J1183,I6944,13341.0,13343.0,green,1
J1183,I9376,18648.0,18655.0,green,2
J3109,I2044,3365.0,3373.0,green,1
J3109,I5180,9605.0,9609.0,green,1
J3109,I6492,12427.0,12429.0,green,1
J3109,I9208,18270.0,18271.0,green,1
J29,I128,166.0,168.0,green,2
J29,I3184,5578.0,5585.0,green,2
J2381,I5065,9389.0,9390.0,brown,1
J2381,I5129,9497.0,9498.0,brown,1
J2381,I6089,11545.0,11548.0,brown,1
J2381,I13518,26707.0,26713.0,green,3
J3789,I4385,7927.0,7929.0,green,1
J3789,I4641,8465.0,8469.0,green,2
J3789,I5537,10420.0,10423.0,green,2
J3789,I11737,23441.0,23444.0,green,1
J1248,I3647,6493.0,6495.0,brown,1
J1248,I3935,7043.0,7047.0,brown,1
J1248,I4096,7370.0,7376.0,green,3
J1248,I4287,7750.0,7751.0,brown,1
J3779,I9602,19084.0,19085.0,green,1
J3779,I10818,21560.0,21562.0,green,1
J3779,I11042,22003.0,22006.0,green,1
J3779,I11586,23156.0,23158.0,green,1
J3779,I12954,25735.0,25739.0,green,1
J3303,I9394,18690.0,18691.0,green,1
J3303,I10930,21775.0,21776.0,brown,1
J3303,I12562,25013.0,25015.0,green,1
J4844,I7348,14294.0,14297.0,brown,1
J4844,I7604,14840.0,14842.0,brown,1
J4844,I14773,28801.0,28802.0,green,1
J4844,I14997,29150.0,29152.0,green,2
J4844,I15037,29216.0,29217.0,green,1
J2099,I1324,2087.0,2088.0,brown,1
J2099,I2189,3660.0,3663.0,green,1
J2099,I3597,6388.0,6393.0,green,1
J2099,I10047,20014.0,20022.0,green,1
J2099,I10289,20478.0,20480.0,green,1
J1186,I8072,15843.0,15845.0,green,2
J1186,I8616,17053.0,17062.0,green,3
J1186,I9000,17863.0,17865.0,brown,1
J2312,I6597,12630.0,12631.0,brown,1
J2312,I6821,13101.0,13103.0,brown,1
J2312,I7206,13916.0,13917.0,green,1
J2312,I10246,20402.0,20408.0,green,1
J2312,I10502,20933.0,20939.0,green,1
J1088,I810,1247.0,1249.0,green,1
J1088,I1706,2770.0,2775.0,green,1
J1088,I8050,15800.0,15805.0,green,1
J1088,I8526,16826.0,16828.0,green,1
J1656,I4925,9088.0,9090.0,green,2
J1656,I5181,9609.0,9617.0,green,1
J4247,I4935,9109.0,9112.0,green,2
J4247,I9031,17934.0,17935.0,green,1
J4247,I9063,18002.0,18004.0,green,1
J4247,I12519,24929.0,24934.0,green,2
J1293,I4069,7306.0,7307.0,brown,1
J1293,I4222,7624.0,7630.0,green,3
J1293,I4278,7738.0,7739.0,green,1
J1293,I4518,8213.0,8216.0,green,1
J1486,I3945,7063.0,7066.0,brown,1
J1486,I5546,10438.0,10440.0,green,1
J1486,I11786,23531.0,23532.0,green,1
J1486,I12234,24394.0,24397.0,green,1
J1486,I12250,24430.0,24433.0,green,1
J1486,I12746,25346.0,25348.0,green,1
J4372,I12205,24347.0,24349.0,green,2
J3082,I3268,5736.0,5739.0,brown,2
J3082,I6181,11750.0,11754.0,green,1
J3082,I12261,24450.0,24451.0,green,1
J3082,I12681,25229.0,25234.0,green,1
J3082,I13033,25895.0,25896.0,green,1
J4497,I8988,17843.0,17844.0,brown,1
J4497,I15533,29977.0,29978.0,green,1
J4497,I15545,29990.0,29991.0,green,1
J1563,I2114,3512.0,3513.0,brown,1
J1563,I2146,3575.0,3576.0,brown,1
J1563,I11339,22636.0,22641.0,green,1
J1563,I12035,24031.0,24035.0,green,1
J2317,I2457,4136.0,4137.0,brown,1
J2317,I4537,8250.0,8251.0,brown,1
J2317,I6905,13254.0,13255.0,brown,1
J2317,I7993,15683.0,15684.0,brown,1
J2317,I8633,17100.0,17103.0,brown,1
J3785,I11419,22792.0,22799.0,green,3
J3785,I11467,22904.0,22905.0,green,1
J3962,I11228,22427.0,22432.0,green,2
J3962,I11804,23562.0,23564.0,green,1
J3962,I12764,25378.0,25380.0,green,2
J2798,I4380,7921.0,7922.0,green,1
J2798,I5436,10206.0,10208.0,green,1
J2798,I6976,13404.0,13410.0,brown,1
J2798,I7196,13894.0,13896.0,green,1
J630,I2773,4728.0,4730.0,green,1
J630,I2837,4868.0,4872.0,green,1
J312,I101,131.0,133.0,green,2
J312,I165,227.0,228.0,green,1
J312,I389,562.0,565.0,green,1
J2109,I5945,11267.0,11270.0,green,1
J2109,I6137,11639.0,11641.0,green,1
J2109,I6169,11719.0,11722.0,green,2
J2109,I6745,12919.0,12922.0,green,1
J2109,I10521,20976.0,20982.0,green,1
J1543,I2988,5180.0,5188.0,green,3
J1543,I4620,8413.0,8414.0,green,1
J1543,I4844,8905.0,8911.0,green,2
J4646,I5600,10537.0,10538.0,brown,1
J4646,I5952,11282.0,11285.0,brown,1
J4646,I15111,29357.0,29358.0,green,1
J3056,I7779,15257.0,15259.0,brown,1
J3056,I8203,16126.0,16130.0,brown,1
J2054,I904,1396.0,1397.0,brown,1
J2054,I7657,14973.0,14976.0,green,1
J2054,I9097,18065.0,18069.0,green,1
J2054,I9993,19890.0,19898.0,green,1
J2054,I10761,21440.0,21449.0,green,2
J3338,I5679,10708.0,10711.0,brown,1
J3338,I5775,10946.0,10947.0,brown,1
J3338,I6704,12828.0,12832.0,green,2
J3338,I6767,12968.0,12970.0,brown,1
J3338,I12748,25349.0,25352.0,green,1
J854,I2188,3653.0,3660.0,green,2
J854,I2252,3783.0,3785.0,green,1
J854,I3052,5314.0,5316.0,green,2
J854,I3116,5429.0,5431.0,green,1
J776,I8847,17566.0,17577.0,green,3
J776,I10751,21424.0,21426.0,green,1
J1085,I772,1191.0,1192.0,brown,1
J1085,I8716,17274.0,17275.0,brown,1
J1085,I9221,18289.0,18291.0,green,1
J3212,I1332,2100.0,2102.0,brown,1
J3212,I2965,5122.0,5131.0,green,1
J3212,I9237,18321.0,18334.0,green,1
J3212,I10356,20622.0,20625.0,brown,1
J3923,I9613,19105.0,19114.0,green,3
J3923,I10285,20469.0,20471.0,green,1
J3923,I10861,21642.0,21648.0,green,1
J1445,I1199,1886.0,1887.0,brown,1
J1445,I3920,7008.0,7009.0,green,1
J1445,I5008,9253.0,9255.0,green,1
J1445,I6704,12828.0,12832.0,green,1
J1445,I10288,20476.0,20478.0,green,1
J4835,I14651,28602.0,28604.0,green,2
J4835,I15227,29528.0,29530.0,green,2
J4835,I15291,29621.0,29622.0,green,1
J4835,I15323,29668.0,29672.0,green,1
J572,I1843,3023.0,3024.0,green,1
J572,I1875,3066.0,3067.0,green,1
J572,I2323,3913.0,3914.0,green,1
J572,I4435,8040.0,8052.0,green,2
J572,I4907,9038.0,9041.0,green,1
J3448,I8343,16455.0,16456.0,green,1
J3448,I8439,16635.0,16641.0,green,4
J3448,I11311,22580.0,22582.0,green,1
J732,I1636,2628.0,2629.0,green,1
J732,I1700,2748.0,2752.0,green,2
J732,I1764,2882.0,2885.0,green,1
J268,I501,733.0,735.0,green,1
J268,I1813,2970.0,2974.0,green,1
J1285,I4904,9034.0,9036.0,brown,1
J1285,I5672,10696.0,10697.0,brown,1
J1285,I7785,15272.0,15273.0,green,1
J1285,I10505,20943.0,20945.0,green,1
J1285,I12553,24998.0,24999.0,green,1
J1285,I14361,28113.0,28114.0,green,1
J2071,I5760,10917.0,10922.0,green,1
J2071,I5823,11046.0,11047.0,brown,1
J2071,I6015,11400.0,11402.0,brown,1
J28,I263,379.0,382.0,brown,1
J28,I7656,14954.0,14973.0,green,1
J28,I9383,18667.0,18669.0,brown,1
J28,I10856,21626.0,21627.0,green,1
J2455,I3484,6158.0,6160.0,brown,1
J2455,I8861,17600.0,17603.0,green,2
J2455,I9181,18221.0,18227.0,green,1
J55,I124,162.0,163.0,green,1
J55,I131,171.0,177.0,green,1
J55,I476,694.0,696.0,green,2
J55,I2204,3697.0,3698.0,green,1
J55,I2266,3817.0,3819.0,green,1
J1843,I4922,9077.0,9080.0,green,2
J1843,I5114,9470.0,9475.0,green,1
J3851,I7516,14674.0,14676.0,green,1
J3851,I7612,14861.0,14864.0,green,1
J3851,I8188,16103.0,16106.0,green,1
J3851,I10588,21125.0,21126.0,green,1
J2667,I6320,12026.0,12029.0,green,1
J2667,I6352,12085.0,12086.0,green,1
J2667,I6416,12250.0,12253.0,green,1
J2667,I6448,12327.0,12332.0,green,3
J235,I925,1431.0,1436.0,green,1
J235,I1021,1603.0,1606.0,green,2
J235,I1885,3083.0,3085.0,green,1
J235,I2941,5069.0,5070.0,green,1
J235,I3773,6751.0,6754.0,green,1
J3084,I733,1117.0,1118.0,brown,1
J3084,I1918,3150.0,3152.0,green,2
J3084,I10174,20272.0,20274.0,green,1
J3084,I11222,22407.0,22414.0,green,2
J1176,I4104,7385.0,7388.0,green,2
J1176,I7720,15113.0,15122.0,green,1
J1952,I9936,19767.0,19772.0,green,1
J1952,I10160,20248.0,20250.0,green,1
J1952,I10519,20971.0,20975.0,brown,1
J1952,I10967,21852.0,21853.0,brown,1
J1952,I11056,22027.0,22034.0,green,1
J2660,I5648,10643.0,10644.0,green,1
J2660,I5808,11016.0,11018.0,green,1
J2660,I5904,11196.0,11202.0,green,1
J2660,I6128,11619.0,11620.0,green,1
J2660,I6480,12402.0,12407.0,green,1
J2660,I9120,18117.0,18118.0,green,1
J1313,I1375,2173.0,2174.0,green,1
J1313,I1567,2504.0,2507.0,green,1
J1313,I4191,7571.0,7572.0,green,1
J1313,I8808,17480.0,17484.0,green,1
J1313,I8927,17717.0,17727.0,green,1
J1313,I9064,18004.0,18007.0,green,1
J1032,I3139,5478.0,5482.0,green,2
J1032,I4108,7392.0,7396.0,green,1
J133,I366,526.0,527.0,green,1
J133,I398,575.0,576.0,green,1
J133,I495,723.0,725.0,brown,1
J4453,I5569,10484.0,10485.0,brown,1
J4453,I5601,10538.0,10541.0,brown,2
J4453,I14370,28126.0,28127.0,green,1
J4453,I14690,28669.0,28671.0,green,2
J3993,I9716,19304.0,19306.0,brown,1
J3993,I10068,20065.0,20066.0,brown,1
J3993,I12391,24680.0,24686.0,green,1
J2075,I3291,5776.0,5777.0,brown,1
J398,I1226,1931.0,1933.0,brown,1
J398,I1322,2084.0,2085.0,brown,1
J398,I1994,3283.0,3284.0,brown,1
J398,I7691,15039.0,15045.0,green,1
J1757,I9694,19266.0,19267.0,green,1
J1757,I12286,24489.0,24490.0,green,1
J1757,I12766,25381.0,25384.0,green,1
J1757,I12958,25744.0,25747.0,green,2
J1757,I13502,26689.0,26690.0,green,1
J2814,I1579,2527.0,2531.0,green,1
J2814,I4427,8021.0,8027.0,green,3
J1203,I379,546.0,549.0,green,1
J1203,I2459,4141.0,4142.0,green,1
J1203,I2491,4205.0,4208.0,green,1
J1203,I9465,18817.0,18823.0,green,1
J1203,I9955,19815.0,19817.0,green,2
J4044,I5266,9811.0,9813.0,brown,2
J4044,I5330,9963.0,9966.0,brown,2
J3218,I1655,2668.0,2670.0,brown,2
J3218,I1912,3128.0,3137.0,green,1
J3218,I8471,16717.0,16719.0,brown,1
J2028,I57,71.0,72.0,green,1
J2028,I1081,1692.0,1693.0,green,1
J2028,I2585,4380.0,4389.0,green,1
J2028,I5017,9282.0,9287.0,green,1
J2351,I5007,9250.0,9253.0,green,2
J2351,I5103,9446.0,9451.0,green,2
J2620,I2320,3908.0,3909.0,green,1
J2620,I7248,14025.0,14032.0,green,1
J3005,I1525,2424.0,2425.0,brown,1
J3005,I4917,9060.0,9061.0,brown,1
J3005,I10182,20289.0,20297.0,green,1
J3005,I12262,24451.0,24454.0,green,1
J3005,I12742,25337.0,25340.0,green,2
J3317,I5183,9620.0,9621.0,brown,1
J3317,I7456,14534.0,14539.0,green,2
J3317,I7776,15249.0,15253.0,green,1
J3317,I11328,22616.0,22617.0,green,1
J3251,I6398,12200.0,12202.0,brown,2
J3251,I7871,15444.0,15451.0,green,2
J3251,I11903,23754.0,23755.0,green,1
J557,I1618,2596.0,2599.0,green,1
J557,I9234,18312.0,18316.0,green,2
J557,I10194,20315.0,20317.0,green,2
J557,I10642,21226.0,21228.0,brown,1
J2300,I6939,13321.0,13322.0,green,1
J2300,I7003,13467.0,13469.0,brown,2
J2300,I7067,13586.0,13587.0,brown,1
J2300,I7099,13656.0,13658.0,brown,1
J2300,I10619,21183.0,21187.0,green,1
J4478,I10222,20359.0,20361.0,brown,1
J4478,I10254,20418.0,20419.0,brown,1
J4478,I13038,25905.0,25906.0,brown,1
J3321,I9977,19863.0,19869.0,green,3
J3321,I10137,20189.0,20192.0,green,1
J3321,I10168,20262.0,20264.0,brown,1
J2997,I5423,10187.0,10189.0,brown,2
J2997,I5679,10708.0,10711.0,brown,2
J2287,I9940,19777.0,19783.0,green,1
J2287,I10483,20882.0,20884.0,brown,1
J2287,I13332,26394.0,26396.0,green,2
J582,I1790,2933.0,2935.0,green,2
J582,I1822,2988.0,2989.0,brown,1
J582,I2830,4850.0,4857.0,green,1
J582,I3128,5449.0,5458.0,green,1
J4606,I9972,19845.0,19846.0,brown,1
J4606,I10069,20066.0,20067.0,green,1
J4606,I12373,24643.0,24647.0,green,1
J4606,I15281,29607.0,29609.0,green,1
J4606,I15349,29711.0,29714.0,green,1
J3364,I9239,18338.0,18339.0,green,1
J3364,I9463,18813.0,18816.0,brown,1
J3364,I10295,20488.0,20490.0,brown,1
J3364,I12703,25273.0,25279.0,green,2
J3364,I13431,26575.0,26577.0,green,1
J300,I3405,5975.0,5976.0,green,1
J300,I8205,16131.0,16137.0,green,2
J4186,I5560,10470.0,10472.0,brown,1
J4186,I5912,11216.0,11217.0,brown,1
J4186,I7161,13797.0,13803.0,green,2
J4186,I8825,17525.0,17528.0,green,2
J103,I371,533.0,535.0,green,2
J103,I919,1416.0,1420.0,green,1
J103,I1755,2858.0,2862.0,green,1
J670,I6692,12808.0,12810.0,green,1
J670,I7971,15649.0,15650.0,brown,1
J670,I10755,21432.0,21434.0,brown,1
J670,I11779,23517.0,23518.0,brown,1
J670,I11811,23577.0,23578.0,brown,1
J670,I12932,25679.0,25685.0,green,1
J4958,I10965,21846.0,21851.0,green,1
J4958,I11061,22041.0,22044.0,green,2
J4958,I15269,29589.0,29593.0,green,1
J385,I920,1420.0,1423.0,green,3
J385,I1016,1590.0,1591.0,green,1
J385,I1048,1642.0,1643.0,green,1
J385,I1080,1691.0,1692.0,green,1
J1753,I1037,1628.0,1631.0,green,1
J1753,I1452,2302.0,2306.0,brown,1
J1753,I2893,4974.0,4978.0,green,2
J1753,I3725,6656.0,6657.0,green,1
J1753,I5773,10942.0,10945.0,green,1
J2890,I4954,9145.0,9147.0,brown,1
J2890,I8603,17022.0,17024.0,green,1
J2890,I12795,25436.0,25439.0,green,1
J2890,I15135,29384.0,29386.0,green,1
J2890,I15228,29530.0,29531.0,green,1
J16,I1102,1722.0,1724.0,green,1
J16,I5294,9865.0,9869.0,green,1
J16,I5358,10030.0,10032.0,green,2
J16,I9902,19691.0,19694.0,green,2
J3446,I8496,16759.0,16760.0,green,1
J3446,I9008,17880.0,17881.0,brown,1
J3446,I9296,18458.0,18459.0,brown,1
J3446,I11216,22396.0,22399.0,green,1
J3446,I11536,23044.0,23049.0,green,1
J3446,I14320,28056.0,28057.0,green,1
J3366,I3201,5612.0,5613.0,green,1
J3366,I6785,13001.0,13008.0,green,1
J3366,I9857,19594.0,19598.0,green,2
J3366,I10369,20653.0,20659.0,green,2
J1685,I5262,9802.0,9804.0,green,2
J1685,I5518,10387.0,10391.0,brown,1
J1685,I12398,24699.0,24705.0,green,3
J2921,I5518,10387.0,10391.0,brown,1
J2921,I7343,14280.0,14285.0,green,2
J1071,I54,67.0,69.0,green,2
J1071,I342,493.0,494.0,brown,1
J1071,I2998,5202.0,5205.0,green,1
J1071,I11766,23492.0,23499.0,green,1
J4337,I8997,17859.0,17861.0,brown,2
J4337,I9062,18001.0,18002.0,green,1
J4337,I9094,18059.0,18060.0,brown,1
J4337,I9446,18786.0,18789.0,green,2
J945,I2903,4988.0,4990.0,brown,1
J945,I12344,24597.0,24599.0,green,2
J1990,I4677,8535.0,8547.0,green,3
J1990,I7749,15182.0,15187.0,green,3
J3222,I3745,6692.0,6695.0,green,3
J3222,I5025,9309.0,9321.0,green,1
J1404,I4065,7296.0,7301.0,green,4
J1404,I8385,16543.0,16547.0,green,1
J1404,I9545,18965.0,18969.0,green,1
J1967,I4641,8465.0,8469.0,green,1
J1967,I5217,9687.0,9692.0,green,2
J4905,I5314,9927.0,9930.0,brown,2
J4905,I14819,28879.0,28880.0,green,1
J4905,I14979,29124.0,29125.0,green,1
J4905,I15203,29492.0,29494.0,green,2
J990,I813,1252.0,1253.0,green,1
J3032,I4710,8618.0,8621.0,brown,1
J3032,I4902,9031.0,9033.0,brown,1
J3032,I12519,24929.0,24934.0,green,1
J3032,I13191,26168.0,26170.0,green,1
J1394,I1894,3097.0,3100.0,green,2
J2662,I2667,4524.0,4526.0,brown,2
J2662,I6540,12525.0,12529.0,green,1
J2662,I7372,14344.0,14349.0,green,1
J2662,I8812,17493.0,17494.0,green,1
J2662,I9484,18861.0,18862.0,green,1
J4953,I13846,27263.0,27270.0,green,5
J1400,I3384,5931.0,5937.0,green,2
J1400,I3480,6149.0,6151.0,green,2
J1400,I3992,7145.0,7146.0,brown,1
J1400,I7448,14512.0,14518.0,green,1
J768,I6461,12353.0,12356.0,brown,1
J1185,I259,372.0,375.0,green,3
J1185,I8611,17042.0,17044.0,green,2
J1185,I8643,17122.0,17123.0,green,1
J317,I5304,9896.0,9902.0,green,3
J317,I5495,10333.0,10335.0,brown,1
J317,I6520,12489.0,12490.0,green,1
J317,I10840,21599.0,21604.0,green,1
J4169,I9740,19348.0,19349.0,green,1
J4169,I9932,19757.0,19761.0,green,1
J4169,I10060,20043.0,20046.0,green,1
J4169,I12108,24175.0,24179.0,green,1
J2368,I5808,11016.0,11018.0,green,1
J2368,I6672,12773.0,12774.0,green,1
J3312,I2265,3813.0,3817.0,brown,1
J3312,I7514,14668.0,14673.0,green,1
J4866,I13889,27342.0,27344.0,brown,1
J4866,I13962,27462.0,27463.0,green,1
J4866,I14754,28771.0,28777.0,green,1
J4866,I15058,29256.0,29258.0,green,1
J4866,I15106,29343.0,29353.0,green,2
J5000,I14039,27576.0,27578.0,green,1
J5000,I14231,27919.0,27921.0,green,1
J5000,I14967,29108.0,29109.0,green,1
J5000,I15552,29998.0,29999.0,green,1
J2519,I6318,12018.0,12024.0,green,4
J2519,I10349,20607.0,20610.0,brown,1
J2519,I10509,20952.0,20954.0,brown,1
J4005,I4897,9011.0,9016.0,green,1
J4005,I11937,23829.0,23834.0,green,1
J4005,I13319,26371.0,26373.0,green,1
J2279,I6494,12430.0,12435.0,green,2
J2279,I6750,12934.0,12938.0,green,3
J42,I50,63.0,64.0,green,1
J42,I114,146.0,147.0,green,1
J42,I147,199.0,200.0,brown,1
J42,I4754,8694.0,8696.0,green,1
J42,I6418,12254.0,12259.0,green,1
J42,I7246,14015.0,14021.0,green,1
J3460,I7801,15310.0,15312.0,green,2
J3460,I10137,20189.0,20192.0,green,1
J3460,I11201,22340.0,22344.0,green,1
J1058,I1344,2119.0,2120.0,green,1
J1058,I1376,2174.0,2177.0,green,3
J1058,I5624,10584.0,10586.0,green,1
J1058,I5902,11192.0,11193.0,green,1
J1560,I1488,2366.0,2367.0,green,1
J1560,I2960,5112.0,5117.0,green,3
J1560,I9690,19257.0,19259.0,green,1
J413,I1627,2616.0,2617.0,brown,1
J413,I8987,17842.0,17843.0,brown,1
J413,I9564,19006.0,19007.0,green,1
J413,I10204,20328.0,20329.0,brown,1
J413,I10652,21247.0,21257.0,green,2
J1551,I4335,7839.0,7843.0,green,3
J1551,I4367,7903.0,7904.0,green,1
J1551,I4783,8758.0,8761.0,green,1
J1551,I5511,10360.0,10364.0,green,1
J143,I293,420.0,423.0,green,1
J143,I804,1241.0,1242.0,brown,1
J143,I3045,5294.0,5299.0,green,1
J143,I6405,12221.0,12227.0,green,1
J143,I9668,19221.0,19222.0,brown,1
J143,I11203,22345.0,22347.0,green,1
J2454,I7251,14034.0,14036.0,green,1
J2955,I6952,13358.0,13360.0,brown,1
J2955,I11945,23847.0,23848.0,green,1
J2955,I12617,25124.0,25125.0,green,1
J2955,I12873,25574.0,25577.0,green,3
J1093,I714,1083.0,1084.0,green,1
J1093,I906,1398.0,1399.0,green,1
J1093,I1323,2085.0,2087.0,brown,1
J1093,I4682,8554.0,8555.0,green,1
J1093,I6380,12149.0,12153.0,brown,1
J1093,I7466,14555.0,14564.0,green,1
J3596,I2516,4255.0,4257.0,brown,1
J3596,I6357,12097.0,12101.0,green,1
J3596,I9237,18321.0,18334.0,green,2
J1959,I6189,11767.0,11769.0,brown,1
J1959,I11085,22089.0,22090.0,brown,1
J1959,I11502,22978.0,22987.0,green,3
J1959,I11565,23108.0,23109.0,brown,1
J3123,I7031,13515.0,13519.0,green,1
J3123,I7222,13945.0,13946.0,brown,1
J3123,I7255,14043.0,14045.0,green,2
J3123,I7287,14125.0,14130.0,brown,1
J3123,I7671,15002.0,15005.0,brown,1
J1820,I74,93.0,94.0,brown,1
J1820,I2090,3460.0,3466.0,brown,2
J823,I2185,3645.0,3647.0,brown,1
J823,I7626,14889.0,14899.0,green,1
J2841,I6287,11962.0,11963.0,green,1
J2841,I6319,12024.0,12026.0,green,2
J2841,I6959,13369.0,13374.0,green,2
J3724,I1551,2468.0,2470.0,brown,1
J3724,I7471,14569.0,14572.0,brown,1
J3724,I9744,19354.0,19356.0,green,2
J3724,I13776,27116.0,27120.0,green,2
J1358,I3433,6043.0,6044.0,brown,1
J1358,I8937,17748.0,17749.0,brown,1
J1358,I9225,18295.0,18297.0,brown,2
J1358,I11210,22367.0,22377.0,green,2
J62,I214,311.0,312.0,green,1
J62,I246,351.0,352.0,green,1
J62,I247,352.0,353.0,green,1
J62,I310,445.0,448.0,green,3
J2752,I7520,14684.0,14685.0,green,1
J2752,I7744,15173.0,15177.0,green,4
J5,I12,15.0,16.0,green,1
J5,I116,148.0,149.0,green,1
J5,I908,1401.0,1402.0,green,1
J5,I1676,2705.0,2708.0,green,1
J4342,I2303,3884.0,3886.0,brown,2
J4342,I11712,23392.0,23400.0,green,1
J2920,I7250,14033.0,14034.0,green,1
J2920,I9042,17951.0,17953.0,brown,1
J2920,I11858,23678.0,23681.0,brown,1
J2920,I13170,26129.0,26133.0,green,1
J576,I940,1457.0,1467.0,green,1
J576,I1036,1626.0,1628.0,green,1
J576,I4748,8681.0,8684.0,green,1
J481,I1602,2570.0,2573.0,green,3
J481,I5858,11117.0,11122.0,green,1
J481,I6434,12287.0,12290.0,green,1
J481,I7890,15478.0,15487.0,green,1
J634,I3899,6964.0,6970.0,green,2
J634,I8115,15945.0,15949.0,green,1
J634,I8712,17267.0,17270.0,green,3
J4608,I12672,25216.0,25219.0,brown,3
J4608,I12896,25627.0,25628.0,brown,1
J4608,I13153,26098.0,26101.0,green,1
J2703,I6958,13367.0,13369.0,green,1
J2703,I7310,14190.0,14202.0,green,1
J2703,I8493,16754.0,16756.0,brown,1
J2703,I11278,22524.0,22528.0,green,1
J3782,I2435,4097.0,4098.0,brown,1
J3782,I5316,9931.0,9939.0,green,1
J3782,I8868,17614.0,17616.0,green,2
J3782,I9764,19387.0,19391.0,green,1
J3782,I10468,20853.0,20856.0,green,1
J4525,I12733,25324.0,25326.0,brown,1
J4525,I15486,29915.0,29917.0,green,1
J533,I6306,11994.0,12000.0,green,1
J533,I7873,15453.0,15455.0,brown,1
J533,I10162,20251.0,20255.0,green,2
J533,I10786,21495.0,21500.0,green,1
J533,I11394,22749.0,22750.0,green,1
J4791,I11573,23133.0,23136.0,green,2
J4791,I11668,23302.0,23303.0,brown,1
J4791,I14261,27970.0,27973.0,green,1
J4791,I14389,28164.0,28165.0,green,1
J4791,I14477,28321.0,28324.0,green,1
J3088,I2554,4324.0,4326.0,brown,2
J3088,I9243,18345.0,18350.0,green,2
J3088,I9466,18823.0,18825.0,brown,1
J3088,I12027,24007.0,24014.0,green,1
J1994,I4407,7975.0,7983.0,green,6
J4950,I11950,23854.0,23857.0,brown,1
J4950,I12014,23987.0,23988.0,brown,1
J4950,I12783,25414.0,25417.0,green,2
J4991,I6291,11966.0,11970.0,brown,1
J4991,I15300,29632.0,29634.0,green,1
J4991,I15476,29903.0,29904.0,green,1
J4991,I15508,29943.0,29944.0,green,1
J4991,I15532,29976.0,29977.0,green,1
J4991,I15534,29978.0,29979.0,green,1
J3437,I7435,14488.0,14492.0,green,1
J3437,I7499,14635.0,14644.0,green,1
J3437,I7594,14817.0,14820.0,brown,2
J3437,I9003,17870.0,17873.0,green,1
J3437,I10507,20946.0,20950.0,green,1
J2288,I4772,8723.0,8726.0,green,2
J2288,I4803,8797.0,8799.0,brown,2
J2288,I6724,12869.0,12873.0,green,1
J2288,I12300,24514.0,24515.0,green,1
J2675,I3717,6639.0,6644.0,green,1
J2675,I3748,6698.0,6701.0,brown,1
J2675,I3749,6701.0,6705.0,green,2
J2675,I5509,10358.0,10359.0,green,1
J2675,I9363,18626.0,18629.0,green,1
J2784,I4660,8509.0,8510.0,brown,1
J2784,I4692,8577.0,8579.0,brown,1
J2887,I2488,4198.0,4200.0,green,1
J2887,I3000,5207.0,5216.0,green,1
J2887,I12618,25125.0,25128.0,green,1
J202,I305,440.0,441.0,green,1
J202,I6833,13127.0,13134.0,green,2
J202,I8497,16760.0,16768.0,green,2
J202,I8689,17216.0,17223.0,green,1
J4220,I6132,11624.0,11629.0,green,2
J4220,I6323,12032.0,12033.0,brown,1
J4220,I8500,16772.0,16775.0,green,1
J2998,I5690,10743.0,10744.0,green,1
J2998,I5754,10892.0,10908.0,green,2
J2998,I5850,11098.0,11102.0,green,1
J1283,I3510,6224.0,6230.0,green,1
J1283,I3562,6315.0,6321.0,green,4
J1283,I3593,6383.0,6384.0,brown,1
J1114,I5295,9869.0,9871.0,brown,2
J1114,I14447,28262.0,28264.0,brown,2
J1114,I15151,29414.0,29415.0,brown,1
J2456,I5927,11236.0,11242.0,green,2
J2456,I6183,11757.0,11759.0,green,1
J4804,I9503,18901.0,18902.0,brown,1
J4804,I14592,28509.0,28513.0,green,2
J3793,I4358,7884.0,7886.0,brown,2
J3793,I6086,11540.0,11543.0,brown,1
J3793,I6822,13103.0,13105.0,brown,1
J3793,I8807,17479.0,17480.0,green,1
J785,I1579,2527.0,2531.0,green,2
J785,I1771,2895.0,2898.0,green,2
J785,I3595,6386.0,6387.0,green,1
J785,I3627,6457.0,6459.0,green,1
J1877,I3624,6450.0,6451.0,green,1
J1877,I3848,6884.0,6887.0,brown,1
J1877,I3976,7114.0,7115.0,green,1
J1877,I4008,7166.0,7167.0,green,1
J1877,I5480,10294.0,10297.0,green,1
J4878,I13702,26998.0,27000.0,green,2
J4878,I13766,27105.0,27106.0,green,1
J4878,I13862,27292.0,27294.0,green,2
J4878,I13864,27295.0,27296.0,brown,1
J163,I284,411.0,412.0,green,1
J163,I4572,8314.0,8319.0,green,2
J163,I6806,13045.0,13064.0,green,1
J3574,I8846,17564.0,17566.0,green,2
J3574,I8910,17678.0,17681.0,green,1
J1570,I5411,10158.0,10159.0,brown,1
J1570,I5412,10159.0,10161.0,green,2
J1570,I8100,15906.0,15909.0,green,1
J1570,I11124,22171.0,22173.0,green,1
J4234,I11211,22377.0,22382.0,green,1
J4234,I11306,22572.0,22573.0,brown,1
J4234,I11434,22824.0,22825.0,brown,1
J4234,I11691,23342.0,23345.0,green,2
J4234,I12523,24941.0,24947.0,green,1
J3949,I9152,18166.0,18167.0,green,1
J3949,I9216,18282.0,18283.0,brown,1
J3949,I9248,18358.0,18360.0,brown,1
J3949,I10144,20212.0,20215.0,green,1
J3949,I12352,24612.0,24615.0,green,2
J1566,I1244,1963.0,1965.0,green,1
J1566,I1916,3145.0,3149.0,green,2
J1566,I7752,15194.0,15196.0,green,1
J1566,I8060,15818.0,15821.0,green,1
J1566,I8300,16369.0,16371.0,green,1
J1585,I6165,11707.0,11715.0,green,1
J1585,I7668,14999.0,15000.0,brown,1
J1585,I9413,18728.0,18729.0,green,1
J1585,I9653,19189.0,19191.0,green,1
J1585,I10041,19999.0,20001.0,green,2
J4997,I14123,27726.0,27727.0,green,1
J4997,I14827,28891.0,28892.0,green,1
J4997,I15083,29301.0,29303.0,green,2
J4997,I15531,29974.0,29976.0,green,1
J3104,I2413,4057.0,4061.0,green,1
J3104,I2732,4640.0,4642.0,brown,1
J3104,I4621,8414.0,8415.0,green,1
J3104,I5933,11249.0,11250.0,green,1
J3104,I9374,18645.0,18647.0,brown,1
J3104,I11201,22340.0,22344.0,green,1
J1883,I3100,5400.0,5401.0,green,1
J1883,I3132,5465.0,5467.0,green,2
J1883,I3260,5724.0,5725.0,green,1
J1883,I3420,6015.0,6017.0,green,1
J1883,I3932,7037.0,7038.0,green,1
J1398,I4354,7877.0,7880.0,green,1
J1398,I4418,8004.0,8007.0,green,2
J1398,I4482,8143.0,8144.0,green,1
J1398,I4574,8320.0,8322.0,green,1
J1398,I4578,8331.0,8336.0,green,1
J2371,I5118,9480.0,9483.0,brown,2
J2371,I5310,9916.0,9918.0,brown,2
J2371,I7006,13471.0,13472.0,brown,1
J2371,I8927,17717.0,17727.0,green,1
J3668,I5071,9396.0,9400.0,brown,2
J3668,I12368,24634.0,24635.0,green,1
J3668,I14864,28949.0,28953.0,green,2
J2985,I3801,6800.0,6802.0,green,1
J2985,I3928,7023.0,7026.0,brown,1
J2985,I4536,8249.0,8250.0,brown,1
J2985,I10550,21049.0,21051.0,green,1
J905,I7606,14843.0,14845.0,brown,1
J905,I8214,16157.0,16161.0,brown,1
J905,I9910,19708.0,19711.0,brown,1
J905,I13863,27294.0,27295.0,green,1
J905,I14231,27919.0,27921.0,green,1
J905,I14743,28751.0,28752.0,green,1
J4059,I7916,15534.0,15536.0,brown,2
J4059,I8140,15999.0,16000.0,brown,1
J4059,I9548,18974.0,18977.0,brown,1
J4059,I12909,25644.0,25645.0,green,1
J3442,I9304,18483.0,18484.0,green,1
J3442,I9400,18699.0,18700.0,green,1
J3442,I12552,24997.0,24998.0,green,1
J3442,I13088,25988.0,25990.0,green,1
J3442,I13920,27398.0,27402.0,green,1
J2713,I7147,13763.0,13764.0,green,1
J2713,I7243,14005.0,14009.0,green,1
J2713,I7307,14178.0,14185.0,green,1
J2713,I8363,16489.0,16492.0,green,1
J2713,I11731,23427.0,23429.0,green,1
J4939,I9555,18987.0,18988.0,brown,1
J4939,I14436,28238.0,28242.0,green,1
J4939,I14796,28842.0,28845.0,green,1
J4939,I15028,29205.0,29206.0,green,1
J2296,I2044,3365.0,3373.0,green,2
J2296,I2172,3622.0,3624.0,green,1
J2296,I3836,6864.0,6865.0,green,1
J2296,I7656,14954.0,14973.0,green,1
J69,I233,333.0,336.0,green,1
J69,I296,431.0,432.0,green,1
J69,I361,519.0,520.0,green,1
J69,I5993,11350.0,11354.0,green,1
J69,I6153,11679.0,11680.0,green,1
J69,I6363,12114.0,12115.0,brown,1
J1646,I4580,8338.0,8342.0,green,1
J1646,I5443,10223.0,10224.0,brown,1
J1646,I5667,10687.0,10689.0,brown,1
J3313,I6474,12391.0,12395.0,brown,3
J3313,I7691,15039.0,15045.0,green,2
J3313,I14299,28024.0,28028.0,green,1
J1074,I1704,2765.0,2769.0,green,3
J1074,I2024,3337.0,3339.0,green,1
J1074,I4584,8347.0,8348.0,green,1
J2388,I5020,9294.0,9297.0,green,1
J2388,I5181,9609.0,9617.0,green,3
J2388,I6044,11464.0,11470.0,brown,1
J2388,I7340,14273.0,14275.0,brown,1
J350,I1490,2369.0,2371.0,brown,2
J350,I2098,3488.0,3489.0,brown,1
J350,I11443,22844.0,22848.0,green,1
J350,I13211,26195.0,26197.0,green,1
J4481,I10001,19907.0,19908.0,brown,1
J4481,I11122,22167.0,22168.0,green,1
J4481,I11346,22649.0,22658.0,green,2
J4481,I11762,23483.0,23484.0,brown,1
J4481,I12594,25069.0,25076.0,green,1
J4937,I13077,25968.0,25973.0,green,5
J4601,I4689,8572.0,8573.0,brown,1
J4601,I9330,18546.0,18557.0,green,1
J4601,I11985,23932.0,23933.0,brown,1
J51,I137,183.0,184.0,green,1
J51,I3145,5490.0,5493.0,green,1
J51,I5993,11350.0,11354.0,green,1
J51,I8073,15845.0,15850.0,green,3
J1803,I5387,10092.0,10093.0,green,1
J1803,I9035,17941.0,17943.0,green,2
J287,I10574,21102.0,21105.0,green,1
J287,I10590,21130.0,21133.0,green,2
J1048,I1156,1818.0,1821.0,green,1
J1048,I9528,18938.0,18940.0,green,1
J613,I2211,3713.0,3714.0,green,1
J613,I2819,4826.0,4831.0,green,2
J613,I3427,6031.0,6033.0,brown,1
J613,I8065,15829.0,15831.0,green,1
J1815,I6915,13266.0,13270.0,green,2
J1815,I7426,14469.0,14472.0,brown,1
J1815,I9506,18905.0,18907.0,brown,1
J1815,I10051,20028.0,20033.0,green,1
J3494,I7900,15501.0,15503.0,green,1
J3494,I8187,16101.0,16103.0,brown,1
J3494,I8219,16167.0,16169.0,brown,1
J3494,I9404,18707.0,18712.0,green,1
J258,I597,881.0,882.0,green,1
J258,I1621,2603.0,2607.0,green,1
J3259,I2901,4986.0,4987.0,brown,1
J3259,I6358,12101.0,12102.0,green,1
J3259,I10182,20289.0,20297.0,green,2
J3259,I10342,20586.0,20597.0,green,1
J4055,I8885,17638.0,17639.0,green,1
J4055,I9493,18879.0,18882.0,brown,1
J4055,I11509,22998.0,23002.0,green,1
J4055,I13837,27241.0,27246.0,green,1
J4055,I14101,27697.0,27698.0,green,1
J4055,I14105,27704.0,27705.0,green,1
J3359,I3858,6898.0,6901.0,brown,1
J3359,I4402,7966.0,7968.0,brown,1
J3359,I5011,9261.0,9267.0,green,1
J3359,I9810,19498.0,19503.0,brown,1
J3359,I11795,23542.0,23545.0,green,2
J2807,I2068,3413.0,3415.0,brown,1
J2807,I14421,28219.0,28220.0,green,1
J2807,I14965,29106.0,29107.0,green,1
J2807,I15157,29421.0,29423.0,green,1
J2807,I15333,29688.0,29689.0,green,1
J4398,I12904,25636.0,25637.0,brown,1
J4398,I12936,25690.0,25695.0,brown,2
J4398,I12969,25766.0,25772.0,green,2
J4398,I14417,28213.0,28214.0,green,1
J1626,I12023,24001.0,24003.0,green,1
J1626,I13623,26882.0,26884.0,green,1
J1626,I14327,28063.0,28068.0,green,1
J4477,I7046,13550.0,13551.0,brown,1
J4477,I7142,13754.0,13755.0,brown,1
J4477,I11271,22504.0,22508.0,green,3
J4477,I14567,28465.0,28471.0,green,1
J991,I2223,3732.0,3733.0,green,1
J991,I2831,4857.0,4860.0,green,3
J991,I2896,4981.0,4982.0,brown,1
J991,I6159,11691.0,11696.0,green,1
J4254,I6938,13317.0,13321.0,green,1
J4254,I7001,13463.0,13466.0,brown,1
J4254,I15206,29498.0,29499.0,green,1
J4334,I7443,14502.0,14505.0,brown,3
J4334,I14900,29006.0,29007.0,green,1
J4334,I14956,29085.0,29088.0,green,1
J4334,I15324,29672.0,29674.0,green,1
J858,I2710,4602.0,4603.0,brown,1
J858,I6871,13202.0,13204.0,green,1
J858,I6903,13251.0,13252.0,green,1
J4940,I6234,11861.0,11863.0,brown,1
J4940,I10939,21792.0,21795.0,green,2
J4940,I14715,28708.0,28709.0,green,1
J1624,I5179,9600.0,9605.0,green,1
J1624,I5339,9979.0,9983.0,green,2
J1624,I5403,10132.0,10133.0,green,1
J1624,I5659,10669.0,10675.0,green,1
J1624,I6580,12607.0,12608.0,green,1
J4272,I2560,4333.0,4335.0,brown,2
J4272,I4864,8944.0,8947.0,brown,1
J4272,I10017,19948.0,19954.0,green,1
J4272,I11041,22002.0,22003.0,green,1
J530,I1181,1859.0,1861.0,green,1
J530,I4029,7211.0,7217.0,green,1
J3491,I6793,13022.0,13023.0,brown,1
J3491,I8169,16062.0,16064.0,brown,1
J3491,I8809,17484.0,17488.0,brown,1
J3491,I13802,27181.0,27183.0,green,1
J1830,I12766,25381.0,25384.0,green,1
J1830,I13678,26966.0,26969.0,green,2
J4805,I13214,26200.0,26201.0,brown,1
J4805,I13614,26867.0,26869.0,brown,1
J4805,I14670,28631.0,28633.0,brown,1
J4805,I15247,29558.0,29559.0,green,1
J1397,I1661,2676.0,2677.0,brown,1
J1397,I8886,17639.0,17641.0,green,1
J224,I897,1387.0,1388.0,green,1
J224,I2177,3631.0,3633.0,green,1
J224,I3617,6436.0,6441.0,green,1
J3885,I6022,11412.0,11414.0,green,1
J3885,I6214,11822.0,11826.0,green,1
J3885,I7302,14162.0,14170.0,green,2
J3885,I8294,16350.0,16357.0,green,1
J3885,I11461,22889.0,22890.0,brown,1
J2087,I4517,8209.0,8213.0,green,1
J2087,I4676,8533.0,8535.0,brown,2
J2087,I4804,8799.0,8800.0,brown,1
J2087,I4932,9104.0,9107.0,brown,1
J2882,I5864,11128.0,11130.0,brown,2
J2882,I12745,25342.0,25346.0,green,1
J2882,I12785,25418.0,25419.0,green,1
J2882,I13001,25832.0,25836.0,green,1
J2882,I13081,25976.0,25978.0,green,1
J2494,I255,363.0,365.0,green,1
J2494,I351,505.0,507.0,green,1
J2494,I2975,5148.0,5153.0,green,1
J2494,I3135,5471.0,5473.0,green,1
J2494,I9023,17912.0,17914.0,green,1
J2494,I9064,18004.0,18007.0,green,1
J3069,I7111,13677.0,13680.0,green,1
J3069,I7527,14694.0,14696.0,green,1
J3069,I9735,19336.0,19339.0,green,1
J3069,I10535,21018.0,21020.0,green,2
J2748,I5905,11202.0,11205.0,green,3
J2748,I6449,12332.0,12335.0,green,1
J2748,I6865,13179.0,13187.0,green,2
J3969,I8428,16624.0,16625.0,green,1
J3969,I8556,16907.0,16916.0,green,5
J1004,I2235,3756.0,3757.0,green,1
J1004,I5755,10908.0,10911.0,green,1
J1004,I11003,21917.0,21920.0,green,1
J1004,I11419,22792.0,22799.0,green,2
J1004,I11919,23790.0,23793.0,green,1
J808,I4894,9008.0,9009.0,green,1
J808,I7518,14677.0,14682.0,green,1
J808,I9598,19071.0,19076.0,green,1
J808,I11070,22063.0,22064.0,green,1
J808,I11454,22874.0,22878.0,green,1
J4304,I8369,16500.0,16505.0,green,2
J4304,I8464,16705.0,16709.0,brown,1
J4304,I12529,24957.0,24962.0,green,2
J3063,I677,1015.0,1016.0,green,1
J3063,I933,1446.0,1451.0,green,2
J3063,I9439,18777.0,18779.0,green,1
J3063,I9809,19491.0,19498.0,green,2
J4323,I10326,20547.0,20550.0,brown,3
J4323,I10774,21472.0,21474.0,brown,1
J4323,I12591,25064.0,25066.0,green,1
J4323,I12655,25180.0,25183.0,green,1
J3059,I6945,13343.0,13350.0,green,1
J3059,I7265,14064.0,14068.0,green,1
J3059,I9249,18360.0,18363.0,green,1
J2078,I3630,6461.0,6463.0,brown,1
J2078,I9374,18645.0,18647.0,brown,1
J2078,I11215,22387.0,22396.0,green,4
J2125,I3931,7029.0,7037.0,green,1
J2125,I4890,9002.0,9004.0,brown,1
J2125,I7994,15684.0,15685.0,brown,1
J2125,I11002,21916.0,21917.0,brown,1
J3758,I3828,6855.0,6856.0,brown,1
J3758,I3892,6955.0,6956.0,brown,1
J3758,I3956,7083.0,7086.0,brown,2
J3758,I6964,13381.0,13383.0,brown,1
J3758,I12533,24966.0,24970.0,green,1
J3310,I4050,7268.0,7269.0,brown,1
J3310,I8723,17292.0,17302.0,green,1
J1232,I5080,9416.0,9418.0,green,2
J3904,I3131,5460.0,5465.0,green,2
J3904,I4699,8593.0,8594.0,green,1
J3904,I9195,18249.0,18251.0,brown,1
J3904,I11739,23446.0,23448.0,green,1
J721,I3664,6522.0,6525.0,green,2
J721,I7440,14499.0,14500.0,green,1
J721,I8600,17017.0,17018.0,green,1
J721,I9464,18816.0,18817.0,green,1
J721,I9936,19767.0,19772.0,green,1
J4539,I11519,23017.0,23018.0,green,1
J4539,I11599,23184.0,23186.0,green,2
J4539,I12768,25388.0,25390.0,brown,1
J4539,I13024,25881.0,25882.0,brown,1
J4539,I13919,27396.0,27398.0,green,1
J2015,I7279,14089.0,14093.0,green,1
J1806,I5393,10101.0,10105.0,green,2
J1806,I6769,12971.0,12975.0,green,2
J1806,I7281,14099.0,14105.0,green,2
J335,I535,790.0,791.0,green,1
J335,I631,941.0,942.0,green,1
J335,I855,1322.0,1323.0,green,1
J335,I1175,1847.0,1852.0,green,1
J335,I5175,9594.0,9597.0,green,1
J335,I5345,9994.0,9999.0,green,1
J1250,I4957,9155.0,9157.0,brown,1
J1250,I5406,10136.0,10146.0,green,3
J1250,I7518,14677.0,14682.0,green,1
J422,I950,1482.0,1483.0,green,1
J422,I982,1532.0,1533.0,green,1
J422,I1014,1588.0,1589.0,green,1
J422,I1270,1998.0,1999.0,green,1
J422,I2774,4730.0,4732.0,green,2
J411,I6802,13037.0,13040.0,brown,1
J411,I7027,13501.0,13506.0,green,2
J411,I11443,22844.0,22848.0,green,1
J411,I11475,22923.0,22925.0,green,1
J411,I11731,23427.0,23429.0,green,1
J2944,I10451,20816.0,20819.0,brown,1
J2944,I12932,25679.0,25685.0,green,1
J2944,I12964,25756.0,25757.0,green,1
J1617,I399,576.0,580.0,green,1
J1617,I527,775.0,776.0,green,1
J1617,I687,1029.0,1032.0,green,1
J1617,I815,1254.0,1258.0,green,1
J1617,I4575,8322.0,8323.0,green,1
J1617,I5407,10146.0,10151.0,green,1
J1258,I1413,2231.0,2232.0,brown,1
J1258,I10149,20230.0,20231.0,brown,1
J1258,I11974,23911.0,23912.0,green,1
J1258,I12650,25170.0,25174.0,green,1
J1258,I12874,25577.0,25586.0,green,1
J2793,I5712,10792.0,10794.0,green,2
J2793,I6480,12402.0,12407.0,green,1
J2793,I8928,17727.0,17729.0,green,1
J2793,I9664,19210.0,19217.0,green,1
J3895,I8669,17183.0,17185.0,green,1
J3895,I12445,24788.0,24793.0,green,2
J3895,I13917,27394.0,27395.0,green,1
J3895,I13981,27490.0,27493.0,green,1
J3895,I14653,28605.0,28606.0,green,1
J3485,I5568,10482.0,10484.0,brown,2
J3485,I6912,13263.0,13264.0,brown,1
J3485,I7265,14064.0,14068.0,green,2
J3485,I13089,25990.0,25993.0,green,1
J4951,I12189,24319.0,24323.0,brown,3
J4951,I12829,25503.0,25506.0,brown,1
J4951,I14782,28823.0,28824.0,green,1
J4951,I14910,29017.0,29018.0,green,1
J4063,I11926,23810.0,23812.0,brown,1
J4063,I13143,26073.0,26080.0,green,1
J4063,I13847,27270.0,27273.0,green,3
J2310,I2151,3581.0,3582.0,green,1
J2310,I3495,6191.0,6193.0,green,2
J2310,I6919,13276.0,13278.0,green,2
J2310,I9407,18715.0,18717.0,green,1
J1727,I1925,3164.0,3168.0,brown,1
J1727,I3142,5485.0,5487.0,green,1
J1727,I4774,8731.0,8738.0,green,1
J1727,I10694,21325.0,21328.0,green,3
J292,I1127,1765.0,1766.0,green,1
J292,I1223,1922.0,1927.0,green,3
J292,I4391,7943.0,7947.0,green,1
J825,I2287,3857.0,3860.0,green,1
J825,I3407,5977.0,5981.0,green,1
J825,I3822,6840.0,6844.0,brown,1
J825,I6565,12574.0,12577.0,green,1
J782,I1040,1634.0,1635.0,green,1
J782,I1168,1834.0,1835.0,green,1
J782,I1296,2044.0,2048.0,green,1
J1645,I2293,3867.0,3869.0,brown,2
J1645,I7030,13511.0,13515.0,green,1
J1813,I5205,9667.0,9669.0,green,2
J1813,I5301,9884.0,9890.0,green,3
J1813,I5397,10121.0,10122.0,green,1
J1943,I2841,4876.0,4879.0,green,1
J1943,I3801,6800.0,6802.0,green,1
J1943,I9145,18156.0,18157.0,green,1
J1943,I9699,19273.0,19278.0,green,2
J2741,I6394,12184.0,12194.0,green,2
J129,I1357,2142.0,2144.0,brown,1
J129,I9806,19477.0,19484.0,green,1
J129,I10734,21389.0,21393.0,green,1
J129,I11853,23671.0,23673.0,brown,2
J129,I13646,26921.0,26923.0,green,1
J4616,I11527,23028.0,23029.0,brown,1
J4616,I11719,23406.0,23407.0,brown,1
J4616,I11751,23468.0,23470.0,brown,1
J4887,I11664,23297.0,23299.0,brown,2
J4887,I11760,23479.0,23480.0,brown,1
J4887,I11792,23539.0,23540.0,brown,1
J4887,I12337,24576.0,24579.0,green,1
J4887,I15047,29232.0,29236.0,green,1
J4319,I10260,20424.0,20427.0,brown,1
J4319,I11125,22173.0,22176.0,green,2
J4319,I11221,22403.0,22407.0,green,2
J4319,I11381,22721.0,22725.0,green,1
J4070,I8244,16226.0,16227.0,green,1
J4070,I8276,16315.0,16321.0,green,2
J4070,I8788,17439.0,17441.0,brown,1
J4070,I9428,18754.0,18756.0,brown,2
J3652,I4856,8931.0,8933.0,brown,1
J3652,I6232,11858.0,11860.0,brown,1
J3652,I7833,15367.0,15374.0,green,3
J3652,I10105,20125.0,20126.0,green,1
J665,I4544,8261.0,8269.0,green,2
J665,I9600,19078.0,19082.0,green,1
J665,I11936,23827.0,23829.0,green,1
J665,I12512,24915.0,24916.0,green,1
J1465,I1426,2252.0,2255.0,green,1
J1465,I6609,12650.0,12653.0,brown,2
J1465,I7409,14427.0,14428.0,brown,1
J3306,I6786,13008.0,13011.0,green,1
J3306,I7138,13747.0,13749.0,green,2
J3306,I7234,13975.0,13980.0,green,1
J1323,I5111,9466.0,9467.0,green,1
J1323,I5143,9533.0,9536.0,brown,1
J1323,I10519,20971.0,20975.0,brown,1
J1323,I11735,23436.0,23440.0,green,2
J1323,I12535,24971.0,24972.0,green,1
J2374,I2277,3838.0,3840.0,brown,1
J2374,I2694,4583.0,4584.0,green,1
J2374,I9209,18271.0,18272.0,green,1
J2374,I9284,18436.0,18439.0,green,1
J2374,I9370,18639.0,18641.0,green,2
J4570,I10133,20181.0,20182.0,brown,1
J4570,I10645,21232.0,21233.0,brown,1
J4570,I11350,22664.0,22665.0,green,1
J4570,I11894,23734.0,23735.0,green,1
J4570,I13822,27215.0,27219.0,green,1
J623,I1804,2958.0,2960.0,green,1
J623,I2815,4821.0,4823.0,brown,1
J623,I3340,5851.0,5853.0,green,1
J623,I3404,5971.0,5975.0,green,2
J623,I4012,7171.0,7172.0,green,1
J1117,I3500,6199.0,6204.0,green,1
J1117,I3516,6241.0,6242.0,green,1
J1117,I3868,6916.0,6919.0,green,2
J1117,I3948,7071.0,7073.0,green,1
J1470,I7375,14352.0,14354.0,brown,2
J1470,I8015,15726.0,15727.0,brown,1
J1470,I14191,27843.0,27844.0,brown,1
J1470,I14639,28583.0,28585.0,brown,1
J2245,I3795,6788.0,6789.0,brown,1
J2245,I10131,20179.0,20180.0,brown,1
J2245,I12948,25718.0,25725.0,green,1
J2245,I13308,26352.0,26354.0,green,2
J101,I340,488.0,491.0,green,2
J101,I1780,2916.0,2921.0,green,1
J101,I6068,11510.0,11514.0,green,1
J101,I8532,16845.0,16847.0,green,1
J101,I9112,18097.0,18100.0,green,1
J2159,I2580,4372.0,4373.0,brown,1
J2159,I4180,7552.0,7555.0,brown,2
J2159,I6452,12338.0,12339.0,brown,1
J2159,I10548,21045.0,21046.0,brown,1
J2159,I14341,28086.0,28087.0,green,1
J3294,I8045,15792.0,15794.0,brown,1
J3294,I8206,16137.0,16144.0,green,2
J3294,I8301,16371.0,16374.0,brown,1
J3294,I9709,19294.0,19296.0,brown,1
J3294,I13422,26556.0,26559.0,green,1
J4150,I10555,21062.0,21070.0,green,6
J363,I8116,15949.0,15950.0,green,1
J363,I9044,17955.0,17956.0,green,1
J363,I9333,18564.0,18568.0,brown,1
J363,I10964,21845.0,21846.0,green,1
J363,I13236,26240.0,26241.0,green,1
J2965,I6001,11370.0,11373.0,brown,1
J2965,I6002,11373.0,11375.0,green,1
J2965,I7954,15616.0,15619.0,green,2
J2965,I9458,18804.0,18808.0,green,1
J2965,I11258,22488.0,22489.0,green,1
J2466,I3364,5888.0,5895.0,green,1
J2466,I3395,5951.0,5955.0,brown,1
J2466,I3428,6033.0,6036.0,green,3
J2466,I9900,19686.0,19690.0,green,1
J434,I696,1043.0,1045.0,green,1
J434,I2263,3803.0,3809.0,brown,1
J434,I8632,17098.0,17100.0,green,2
J434,I8696,17234.0,17235.0,green,1
J434,I8808,17480.0,17484.0,green,1
J441,I1213,1906.0,1907.0,brown,1
J441,I5277,9826.0,9830.0,brown,1
J441,I6461,12353.0,12356.0,brown,1
J441,I9661,19205.0,19206.0,brown,1
J441,I9885,19652.0,19655.0,brown,1
J441,I10334,20571.0,20574.0,green,1
J3464,I4816,8827.0,8828.0,brown,1
J3464,I4848,8916.0,8919.0,brown,1
J3464,I4913,9053.0,9057.0,green,1
J3464,I10833,21586.0,21591.0,green,1
J3464,I13607,26858.0,26859.0,green,1
J3464,I13937,27421.0,27424.0,green,1
J4541,I9950,19802.0,19806.0,brown,2
J4541,I11230,22433.0,22435.0,brown,1
J4541,I15263,29578.0,29582.0,green,1
J1869,I5693,10746.0,10749.0,green,3
J1869,I5757,10912.0,10913.0,green,1
J1869,I5949,11275.0,11279.0,green,1
J1869,I6237,11867.0,11871.0,green,1
J1696,I2327,3918.0,3921.0,green,3
J1696,I2423,4081.0,4082.0,brown,1
J1696,I3159,5527.0,5532.0,green,1
J1696,I4343,7855.0,7857.0,green,1
J859,I3217,5643.0,5644.0,brown,1
J859,I6705,12832.0,12834.0,brown,1
J859,I6770,12975.0,12980.0,green,2
J859,I10738,21397.0,21398.0,green,1
J3068,I5869,11138.0,11139.0,brown,1
J3068,I6125,11614.0,11616.0,brown,1
J3068,I7662,14984.0,14992.0,green,3
J3068,I11470,22910.0,22914.0,green,1
J1038,I1334,2103.0,2105.0,brown,2
J1038,I6391,12173.0,12179.0,green,2
J1038,I7031,13515.0,13519.0,green,1
J1038,I9207,18269.0,18270.0,green,1
J2463,I13310,26358.0,26359.0,green,1
J2463,I13622,26880.0,26882.0,green,2
J3930,I4974,9191.0,9196.0,green,1
J3930,I5806,11011.0,11013.0,green,2
J3930,I7150,13767.0,13769.0,brown,1
J3930,I7214,13927.0,13928.0,brown,1
J4557,I8034,15750.0,15755.0,brown,2
J4557,I8259,16264.0,16273.0,green,2
J4557,I8482,16734.0,16738.0,brown,2
J817,I4707,8612.0,8613.0,green,1
J817,I6563,12562.0,12572.0,green,2
J817,I8675,17191.0,17193.0,green,2
J817,I9987,19880.0,19882.0,green,1
J1152,I3787,6775.0,6776.0,brown,1
J1152,I4044,7241.0,7247.0,green,1
J1152,I12940,25702.0,25708.0,green,1
J2089,I5972,11317.0,11318.0,brown,1
J2089,I11156,22228.0,22230.0,brown,1
J2089,I11413,22780.0,22785.0,green,2
J2089,I11957,23864.0,23866.0,green,2
J2512,I1596,2560.0,2561.0,green,1
J2512,I6140,11646.0,11650.0,green,1
J2512,I9220,18287.0,18289.0,green,2
J2512,I9245,18354.0,18356.0,brown,1
J2512,I9252,18367.0,18372.0,green,1
J2836,I7796,15292.0,15298.0,green,5
J2836,I8052,15806.0,15809.0,green,1
J2651,I3872,6924.0,6926.0,brown,1
J2651,I3969,7107.0,7108.0,green,1
J2651,I9953,19810.0,19814.0,brown,1
J2651,I11841,23649.0,23655.0,green,2
J2651,I12545,24985.0,24986.0,green,1
J2862,I6887,13227.0,13229.0,brown,2
J2862,I6983,13419.0,13420.0,brown,1
J2862,I7399,14404.0,14405.0,brown,1
J2862,I7591,14812.0,14814.0,brown,1
J2862,I13704,27001.0,27013.0,green,1
J797,I5207,9671.0,9674.0,green,1
J797,I7511,14661.0,14663.0,green,2
J797,I11031,21973.0,21979.0,green,2
J797,I11491,22958.0,22960.0,green,1
J2780,I4130,7442.0,7445.0,green,1
J2780,I4386,7929.0,7931.0,green,2
J2780,I4578,8331.0,8336.0,green,1
J2780,I4706,8608.0,8612.0,green,1
J2780,I5250,9783.0,9785.0,green,1
J4226,I9782,19420.0,19426.0,green,5
J3548,I1163,1827.0,1828.0,brown,1
J3548,I6763,12962.0,12964.0,brown,1
J3548,I7404,14420.0,14422.0,green,1
J3548,I11820,23590.0,23592.0,green,1
J374,I925,1431.0,1436.0,green,1
J374,I1886,3085.0,3086.0,green,1
J374,I3670,6536.0,6539.0,green,3
J374,I4014,7173.0,7175.0,green,1
J2395,I3561,6311.0,6315.0,green,3
J2395,I3689,6578.0,6585.0,green,2
J2395,I4425,8018.0,8019.0,green,1
J625,I868,1339.0,1340.0,green,1
J625,I964,1504.0,1507.0,green,2
J182,I237,340.0,341.0,green,1
J182,I333,476.0,481.0,green,4
J2330,I10231,20377.0,20378.0,green,1
J2330,I10263,20429.0,20430.0,brown,1
J2330,I11143,22203.0,22208.0,green,1
J2330,I11160,22234.0,22236.0,green,2
J2330,I11351,22665.0,22666.0,green,1
J2277,I6818,13095.0,13096.0,green,1
J2277,I7202,13907.0,13912.0,green,5
J1840,I1769,2893.0,2894.0,brown,1
J1840,I4266,7708.0,7714.0,green,1
J1840,I8566,16936.0,16942.0,green,3
J1520,I2434,4093.0,4097.0,brown,1
J1520,I9795,19447.0,19454.0,green,3
J1520,I10051,20028.0,20033.0,green,1
J3790,I5627,10599.0,10601.0,brown,1
J3790,I9244,18350.0,18354.0,green,2
J3790,I10652,21247.0,21257.0,green,2
J3773,I4846,8913.0,8915.0,brown,1
J3773,I4942,9124.0,9126.0,brown,1
J3773,I5038,9343.0,9344.0,brown,1
J3773,I5198,9643.0,9646.0,brown,2
J3773,I14287,28009.0,28010.0,green,1
J510,I88,115.0,116.0,green,1
J510,I728,1110.0,1112.0,green,2
J510,I1112,1741.0,1744.0,green,1
J3752,I11195,22327.0,22332.0,green,1
J3752,I11227,22424.0,22427.0,green,1
J3752,I11482,22938.0,22941.0,brown,2
J3752,I11642,23263.0,23265.0,brown,1
J3752,I13787,27149.0,27151.0,green,1
J391,I1440,2281.0,2284.0,green,3
J391,I6336,12049.0,12052.0,green,2
J1731,I5350,10010.0,10012.0,green,2
J1731,I5382,10077.0,10082.0,green,2
J1731,I5926,11232.0,11236.0,brown,1
J3872,I4993,9225.0,9226.0,brown,1
J3872,I5153,9549.0,9551.0,brown,2
J3872,I5377,10067.0,10070.0,brown,2
J3872,I7553,14741.0,14743.0,brown,1
J3870,I3610,6425.0,6427.0,green,1
J3870,I5786,10967.0,10968.0,green,1
J3870,I9018,17901.0,17907.0,green,1
J3870,I9402,18701.0,18702.0,green,1
J3870,I10266,20434.0,20435.0,green,1
J3870,I11382,22725.0,22730.0,green,1
J561,I1450,2298.0,2300.0,brown,2
J561,I1482,2355.0,2356.0,brown,1
J561,I14671,28633.0,28637.0,green,2
J561,I14703,28688.0,28695.0,green,1
J4033,I4965,9167.0,9168.0,brown,1
J4033,I5093,9431.0,9432.0,brown,1
J4033,I5669,10690.0,10694.0,brown,2
J4033,I14742,28750.0,28751.0,green,1
J4033,I14922,29034.0,29036.0,green,1
J2067,I3848,6884.0,6887.0,brown,1
J2067,I3881,6940.0,6942.0,green,1
J2067,I4137,7460.0,7462.0,green,2
J2067,I4329,7828.0,7830.0,green,1
J2067,I7369,14338.0,14342.0,green,1
J2400,I6967,13388.0,13389.0,green,1
J2400,I6999,13459.0,13462.0,brown,2
J2400,I8791,17443.0,17446.0,green,1
J2400,I9112,18097.0,18100.0,green,2
J952,I827,1277.0,1279.0,green,2
J952,I1051,1648.0,1649.0,brown,1
J952,I2257,3791.0,3795.0,green,2
J952,I3350,5863.0,5866.0,green,1
J2989,I2314,3900.0,3901.0,brown,1
J2989,I2570,4348.0,4349.0,brown,1
J2989,I4170,7532.0,7533.0,brown,1
J2313,I3443,6062.0,6063.0,green,1
J2313,I3635,6474.0,6476.0,brown,1
J2313,I10291,20483.0,20485.0,green,1
J2313,I11439,22833.0,22836.0,green,1
J4530,I13461,26624.0,26626.0,brown,2
J4740,I12029,24015.0,24017.0,green,2
J4740,I12061,24083.0,24085.0,green,2
J4740,I12125,24209.0,24212.0,green,2
J2460,I4951,9141.0,9142.0,green,1
J2460,I7447,14509.0,14512.0,green,1
J2460,I9079,18036.0,18037.0,green,1
J2460,I11559,23097.0,23100.0,green,1
J1542,I3675,6545.0,6546.0,green,1
J1542,I3851,6890.0,6891.0,brown,1
J1542,I4199,7586.0,7587.0,brown,1
J1542,I4479,8138.0,8140.0,brown,2
J4451,I8836,17543.0,17548.0,green,2
J4451,I9539,18955.0,18957.0,brown,2
J4451,I10948,21810.0,21814.0,green,1
J4451,I11267,22498.0,22499.0,brown,1
J2404,I2125,3534.0,3540.0,green,1
J2404,I2477,4180.0,4184.0,green,1
J2404,I3693,6588.0,6592.0,green,1
J2404,I7952,15611.0,15612.0,brown,1
J3435,I2764,4707.0,4709.0,brown,2
J3435,I3597,6388.0,6393.0,green,1
J3435,I11597,23176.0,23182.0,green,3
J3553,I12568,25023.0,25025.0,green,1
J3553,I14476,28318.0,28321.0,green,1
J1623,I5044,9351.0,9352.0,brown,1
J1623,I5364,10043.0,10044.0,brown,1
J1623,I6228,11849.0,11852.0,brown,2
J1623,I7092,13638.0,13640.0,brown,1
J1623,I7400,14405.0,14406.0,brown,1
J4880,I3665,6525.0,6526.0,brown,1
J4880,I3729,6661.0,6662.0,brown,1
J4880,I10801,21533.0,21536.0,brown,1
J4880,I12370,24638.0,24640.0,green,1
J4880,I14418,28214.0,28216.0,green,2
J437,I753,1158.0,1163.0,green,2
J437,I5009,9255.0,9260.0,green,1
J437,I7379,14364.0,14368.0,green,1
J4700,I10205,20329.0,20331.0,brown,1
J4700,I13918,27395.0,27396.0,green,1
J4700,I14526,28400.0,28401.0,green,1
J3445,I2387,4016.0,4018.0,green,1
J3445,I2450,4124.0,4125.0,brown,1
J3445,I9051,17965.0,17970.0,green,1
J3445,I10523,20983.0,20984.0,green,1
J3445,I10543,21033.0,21039.0,green,2
J2000,I7639,14918.0,14926.0,green,1
J2000,I10358,20626.0,20629.0,brown,1
J2000,I10455,20827.0,20830.0,green,2
J2000,I11959,23875.0,23879.0,green,2
J4987,I8057,15814.0,15815.0,brown,1
J4987,I8122,15959.0,15961.0,green,1
J4987,I8185,16097.0,16100.0,brown,1
J4987,I10745,21412.0,21414.0,brown,1
J4987,I15290,29620.0,29621.0,green,1
J2578,I3523,6253.0,6256.0,green,1
J2578,I4099,7378.0,7380.0,green,2
J2578,I11691,23342.0,23345.0,green,1
J920,I4441,8062.0,8065.0,brown,1
J920,I5754,10892.0,10908.0,green,2
J920,I5817,11038.0,11040.0,brown,1
J920,I5886,11166.0,11167.0,green,1
J1833,I3192,5599.0,5600.0,green,1
J1833,I4376,7915.0,7918.0,green,3
J1833,I4601,8371.0,8373.0,brown,1
J4778,I10561,21082.0,21084.0,brown,2
J4778,I10786,21495.0,21500.0,green,1
J117,I470,688.0,689.0,green,1
J117,I791,1222.0,1224.0,green,1
J117,I823,1272.0,1273.0,green,1
J117,I1047,1641.0,1642.0,green,1
J117,I1175,1847.0,1852.0,green,2
J1276,I3304,5797.0,5798.0,green,1
J1276,I4360,7888.0,7891.0,brown,1
J3968,I9857,19594.0,19598.0,green,2
J3968,I9888,19660.0,19661.0,brown,1
J3968,I9920,19727.0,19729.0,brown,2
J3968,I10369,20653.0,20659.0,green,1
J712,I1762,2874.0,2875.0,green,1
J712,I1922,3156.0,3158.0,green,1
J712,I2050,3385.0,3387.0,green,1
J712,I4898,9016.0,9019.0,green,1
J1629,I2664,4521.0,4522.0,brown,1
J1629,I2824,4839.0,4841.0,brown,1
J1629,I2856,4897.0,4898.0,brown,1
J1629,I2920,5022.0,5023.0,brown,1
J1629,I3272,5744.0,5750.0,brown,1
J1629,I8200,16120.0,16124.0,brown,1
J3,I98,126.0,129.0,brown,1
J3,I131,171.0,177.0,green,1
J3,I163,225.0,226.0,green,1
J4638,I3956,7083.0,7086.0,brown,1
J4638,I4276,7735.0,7737.0,brown,1
J4638,I9716,19304.0,19306.0,brown,1
J4638,I12533,24966.0,24970.0,green,2
J4638,I14249,27948.0,27951.0,green,1
J3620,I7174,13828.0,13832.0,brown,1
J3620,I7175,13832.0,13835.0,green,3
J3620,I7271,14075.0,14077.0,green,1
J3620,I10407,20738.0,20741.0,green,1
J3106,I9228,18302.0,18303.0,brown,1
J3106,I9229,18303.0,18305.0,green,2
J3106,I9237,18321.0,18334.0,green,1
J3106,I9357,18618.0,18619.0,green,1
J3106,I9421,18741.0,18742.0,green,1
J3010,I6380,12149.0,12153.0,brown,1
J3010,I8269,16297.0,16302.0,green,4
J3010,I10047,20014.0,20022.0,green,1
J2244,I6698,12818.0,12819.0,brown,1
J2244,I8363,16489.0,16492.0,green,1
J2244,I8587,16985.0,16987.0,green,1
J2244,I9051,17965.0,17970.0,green,1
J2244,I9083,18044.0,18048.0,green,1
J2244,I9307,18492.0,18495.0,green,1
J3440,I5105,9453.0,9454.0,green,1
J3440,I5841,11083.0,11085.0,brown,1
J3440,I14193,27845.0,27846.0,brown,1
J3440,I14801,28851.0,28852.0,green,1
J272,I115,147.0,148.0,green,1
J272,I131,171.0,177.0,green,1
J272,I659,990.0,993.0,green,1
J272,I3827,6853.0,6855.0,green,1
J272,I4435,8040.0,8052.0,green,1
J17,I62,79.0,80.0,green,1
J17,I734,1118.0,1128.0,green,3
J17,I2014,3326.0,3327.0,green,1
J17,I3710,6622.0,6625.0,green,1
J1874,I1768,2892.0,2893.0,brown,1
J1874,I1864,3051.0,3053.0,brown,1
J1874,I7625,14883.0,14889.0,green,1
J1874,I12649,25169.0,25170.0,green,1
J2156,I4035,7228.0,7230.0,green,1
J2156,I4290,7755.0,7758.0,brown,3
J2156,I9026,17927.0,17929.0,brown,1
J2156,I10114,20148.0,20150.0,brown,1
J757,I2388,4018.0,4020.0,green,2
J757,I3476,6132.0,6142.0,green,1
J757,I4884,8986.0,8994.0,green,3
J3314,I4458,8101.0,8105.0,brown,2
J3314,I13451,26611.0,26612.0,green,1
J3314,I13611,26862.0,26864.0,green,1
J2265,I4805,8800.0,8803.0,brown,1
J2265,I6085,11539.0,11540.0,brown,1
J2265,I10342,20586.0,20597.0,green,2
J2265,I12038,24037.0,24038.0,green,1
J2265,I14070,27647.0,27650.0,green,1
J1897,I5994,11354.0,11356.0,brown,2
J296,I354,510.0,512.0,green,2
J296,I418,615.0,616.0,green,1
J296,I578,852.0,853.0,green,1
J296,I3394,5950.0,5951.0,green,1
J296,I7846,15404.0,15406.0,green,1
J3693,I4663,8512.0,8514.0,brown,1
J3693,I6999,13459.0,13462.0,brown,1
J3693,I8471,16717.0,16719.0,brown,1
J3693,I11944,23842.0,23847.0,green,1
J355,I48,61.0,62.0,green,1
J355,I1072,1678.0,1680.0,brown,1
J355,I1264,1992.0,1993.0,brown,1
J355,I1776,2906.0,2908.0,brown,1
J355,I3280,5764.0,5765.0,green,1
J355,I4336,7843.0,7844.0,green,1
J1945,I2470,4165.0,4167.0,brown,1
J1945,I2598,4407.0,4408.0,brown,1
J1945,I12007,23971.0,23974.0,green,2
J1945,I14247,27944.0,27946.0,green,1
J1945,I14767,28794.0,28795.0,green,1
J1446,I2346,3949.0,3950.0,green,1
J1446,I2666,4523.0,4524.0,green,1
J1446,I3243,5694.0,5695.0,brown,1
J1446,I5547,10440.0,10444.0,green,1
J692,I1737,2829.0,2830.0,green,1
J692,I3401,5963.0,5965.0,green,2
J1106,I2036,3356.0,3357.0,brown,1
J1106,I7508,14656.0,14657.0,brown,1
J1106,I9524,18933.0,18935.0,brown,1
J1106,I14905,29011.0,29013.0,green,1
J1106,I15029,29206.0,29207.0,green,1
J1106,I15087,29308.0,29313.0,green,1
J4136,I4957,9155.0,9157.0,brown,1
J4136,I5853,11104.0,11106.0,brown,1
J4136,I10046,20013.0,20014.0,green,1
J4136,I10622,21191.0,21193.0,green,2
J4136,I13726,27042.0,27043.0,green,1
J2698,I5332,9968.0,9971.0,green,2
J2698,I5396,10113.0,10121.0,green,1
J2698,I8372,16508.0,16510.0,green,1
J2698,I9916,19718.0,19722.0,green,2
J1775,I5417,10170.0,10176.0,green,4
J1775,I6744,12918.0,12919.0,brown,1
J1606,I4978,9202.0,9203.0,green,1
J1606,I5010,9260.0,9261.0,green,1
J1606,I5074,9405.0,9407.0,green,1
J1606,I8006,15700.0,15703.0,green,1
J4806,I7567,14777.0,14779.0,brown,2
J4806,I7599,14831.0,14832.0,brown,1
J4806,I9808,19486.0,19491.0,green,1
J4806,I13968,27471.0,27473.0,green,1
J4806,I14800,28849.0,28851.0,green,1
J3336,I5646,10638.0,10640.0,brown,1
J3336,I6223,11838.0,11843.0,green,1
J3336,I9967,19839.0,19840.0,green,1
J3200,I9244,18350.0,18354.0,green,1
J3200,I10012,19932.0,19935.0,green,3
J1127,I620,923.0,928.0,green,1
J1127,I3180,5563.0,5572.0,green,1
J1127,I3404,5971.0,5975.0,green,1
J1127,I4780,8744.0,8751.0,green,1
J1127,I6508,12452.0,12458.0,green,2
J1544,I3413,6001.0,6005.0,green,1
J1544,I6229,11852.0,11854.0,green,2
J1544,I6485,12415.0,12416.0,green,1
J1544,I8373,16510.0,16524.0,green,1
J1544,I9910,19708.0,19711.0,brown,1
J3515,I9204,18263.0,18265.0,brown,1
J3515,I11289,22541.0,22544.0,green,1
J3556,I3840,6874.0,6875.0,brown,1
J3556,I9248,18358.0,18360.0,brown,1
J3556,I11361,22688.0,22694.0,green,1
J3556,I15113,29359.0,29360.0,green,1
J3556,I15297,29627.0,29629.0,green,1
J3556,I15329,29681.0,29684.0,green,1
J3667,I1100,1719.0,1720.0,brown,1
J3667,I1452,2302.0,2306.0,brown,1
J3667,I1548,2460.0,2462.0,brown,1
J3667,I13069,25956.0,25958.0,green,1
J3667,I13713,27025.0,27027.0,green,2
J1865,I6817,13079.0,13095.0,green,1
J1865,I14305,28033.0,28039.0,green,1
J1865,I14337,28081.0,28082.0,green,1
J1865,I14993,29144.0,29145.0,green,1
J4128,I8652,17139.0,17142.0,brown,1
J4128,I12685,25238.0,25240.0,green,1
J4128,I12749,25352.0,25357.0,green,2
J4128,I13613,26866.0,26867.0,green,1
J3304,I7242,14003.0,14005.0,green,1
J3304,I7274,14079.0,14082.0,green,1
J3304,I7402,14411.0,14418.0,green,1
J3304,I7626,14889.0,14899.0,green,1
J3304,I11695,23353.0,23356.0,green,2
J131,I8193,16111.0,16112.0,brown,1
J131,I12386,24665.0,24669.0,green,4
J131,I14092,27684.0,27685.0,green,1
J4151,I9386,18672.0,18679.0,green,1
J4151,I9514,18917.0,18920.0,green,1
J4151,I9673,19228.0,19232.0,brown,1
J4151,I9801,19470.0,19471.0,brown,1
J4151,I9961,19829.0,19830.0,brown,1
J4151,I12522,24939.0,24941.0,green,1
J4534,I3884,6945.0,6947.0,brown,2
J4534,I3916,7002.0,7004.0,brown,1
J4534,I10285,20469.0,20471.0,green,1
J4534,I15325,29674.0,29676.0,green,2
J848,I2244,3774.0,3775.0,green,1
J848,I2372,3992.0,3993.0,brown,1
J848,I2500,4224.0,4225.0,green,1
J848,I2628,4456.0,4460.0,green,1
J848,I2692,4581.0,4582.0,green,1
J3527,I10613,21170.0,21173.0,brown,1
J4747,I3209,5625.0,5626.0,brown,1
J4747,I3273,5750.0,5752.0,brown,1
J4747,I6985,13421.0,13429.0,brown,2
J4747,I13482,26658.0,26660.0,green,2
J911,I509,746.0,747.0,green,1
J911,I1245,1965.0,1967.0,green,2
J911,I7773,15234.0,15243.0,green,1
J521,I614,911.0,913.0,green,1
J521,I615,913.0,916.0,green,2
J521,I1351,2132.0,2135.0,green,1
J521,I2023,3336.0,3337.0,green,1
J2823,I7790,15279.0,15280.0,green,1
J2823,I7918,15538.0,15540.0,green,1
J2823,I7950,15607.0,15609.0,green,2
J2823,I12462,24824.0,24827.0,green,1
J4995,I14721,28717.0,28718.0,green,1
J4995,I14913,29020.0,29021.0,green,1
J2789,I6005,11382.0,11384.0,green,2
J2789,I6069,11514.0,11515.0,green,1
J2789,I6165,11707.0,11715.0,green,1
J3227,I3242,5692.0,5694.0,green,1
J3227,I3626,6452.0,6457.0,green,2
J3227,I7466,14555.0,14564.0,green,1
J3227,I9302,18479.0,18482.0,green,2
J313,I1261,1988.0,1989.0,green,1
J313,I1997,3287.0,3289.0,green,1
J313,I5773,10942.0,10945.0,green,1
J2323,I529,778.0,779.0,green,1
J2323,I2769,4717.0,4718.0,green,1
J2323,I2833,4861.0,4865.0,green,1
J2323,I2929,5044.0,5046.0,green,1
J2323,I3858,6898.0,6901.0,brown,1
J3764,I7030,13511.0,13515.0,green,1
J3764,I7061,13579.0,13580.0,brown,1
J3764,I7989,15678.0,15680.0,brown,2
J3764,I8597,17007.0,17010.0,brown,1
J3764,I8821,17512.0,17514.0,brown,1
J3400,I6758,12946.0,12948.0,brown,1
J3400,I8486,16742.0,16745.0,brown,1
J3400,I10087,20087.0,20090.0,green,1
J3400,I13519,26713.0,26715.0,green,1
J4007,I11896,23741.0,23743.0,green,1
J4007,I11960,23879.0,23884.0,green,3
J4007,I12568,25023.0,25025.0,green,1
J471,I1570,2510.0,2513.0,green,1
J471,I5666,10686.0,10687.0,green,1
J471,I5858,11117.0,11122.0,green,1
J471,I6754,12941.0,12943.0,green,2
J3475,I4990,9222.0,9223.0,green,1
J3475,I5022,9299.0,9302.0,green,1
J3475,I5182,9617.0,9620.0,green,1
J3475,I6494,12430.0,12435.0,green,2
J2254,I1350,2128.0,2132.0,green,1
J2254,I5734,10834.0,10845.0,green,4
J2254,I7078,13608.0,13613.0,green,1
J4143,I4060,7289.0,7291.0,brown,1
J4143,I4188,7566.0,7568.0,brown,1
J4143,I4284,7746.0,7748.0,brown,1
J4143,I10397,20720.0,20724.0,green,2
J1252,I3666,6526.0,6529.0,brown,1
J1252,I7259,14051.0,14056.0,green,3
J4726,I11500,22974.0,22977.0,green,1
J4726,I11531,23034.0,23035.0,brown,1
J4726,I11563,23105.0,23107.0,brown,2
J479,I939,1456.0,1457.0,brown,1
J479,I1676,2705.0,2708.0,green,1
J479,I4684,8557.0,8563.0,green,1
J479,I4908,9041.0,9047.0,green,1
J479,I8588,16987.0,16996.0,green,2
J3156,I4625,8419.0,8421.0,green,2
J3156,I4753,8693.0,8694.0,green,1
J3156,I4913,9053.0,9057.0,green,1
J3156,I8369,16500.0,16505.0,green,2
J3150,I5783,10958.0,10961.0,green,1
J3150,I5943,11262.0,11264.0,green,1
J3150,I6391,12173.0,12179.0,green,2
J3150,I7127,13715.0,13722.0,green,1
J31,I2321,3909.0,3911.0,green,1
J31,I8273,16310.0,16313.0,green,1
J31,I10065,20055.0,20063.0,green,2
J31,I11825,23603.0,23606.0,green,1
J282,I8373,16510.0,16524.0,green,1
J282,I12757,25366.0,25370.0,green,2
J282,I14845,28918.0,28920.0,green,2
J3217,I10101,20115.0,20121.0,green,3
J3217,I11061,22041.0,22044.0,green,1
J3217,I11125,22173.0,22176.0,green,1
J3217,I11381,22721.0,22725.0,green,1
J4189,I6817,13079.0,13095.0,green,1
J4189,I13841,27252.0,27258.0,green,1
J4189,I14857,28939.0,28940.0,green,1
J153,I9236,18319.0,18321.0,green,2
J3465,I5302,9890.0,9894.0,green,4
J3465,I10246,20402.0,20408.0,green,2
J4303,I13009,25849.0,25859.0,green,3
J4303,I13041,25908.0,25914.0,green,1
J4303,I13073,25962.0,25964.0,green,1
J4303,I15025,29202.0,29203.0,green,1
J107,I645,965.0,968.0,green,1
J107,I1765,2885.0,2890.0,green,1
J107,I3045,5294.0,5299.0,green,2
J107,I3077,5357.0,5365.0,green,1
J107,I5541,10429.0,10432.0,green,1
J1167,I2008,3314.0,3318.0,green,4
J1167,I2040,3360.0,3362.0,green,2
J2540,I6269,11922.0,11926.0,green,4
J4604,I6130,11621.0,11623.0,brown,2
J4604,I6194,11774.0,11776.0,brown,2
J3158,I3296,5784.0,5787.0,green,1
J3158,I4255,7694.0,7695.0,brown,1
J3158,I5408,10151.0,10154.0,green,3
J3158,I7328,14247.0,14254.0,green,1
J4875,I14229,27916.0,27918.0,green,2
J4875,I14261,27970.0,27973.0,green,2
J3002,I6866,13187.0,13189.0,green,2
J3002,I7026,13498.0,13501.0,green,3
J3002,I7122,13702.0,13703.0,green,1
J2649,I3791,6781.0,6784.0,green,1
J2649,I8358,16482.0,16485.0,brown,1
J2649,I9310,18501.0,18502.0,brown,1
J2649,I9327,18531.0,18537.0,green,1
J1862,I3221,5647.0,5649.0,green,1
J1862,I6197,11780.0,11785.0,green,1
J1862,I8852,17583.0,17589.0,brown,1
J1862,I10004,19917.0,19918.0,brown,1
J1862,I10644,21229.0,21232.0,brown,1
J1862,I11981,23924.0,23926.0,green,1
J626,I960,1498.0,1500.0,brown,1
J626,I1216,1911.0,1915.0,brown,1
J4417,I9774,19401.0,19411.0,green,3
J1442,I4686,8565.0,8567.0,green,1
J1442,I4750,8688.0,8690.0,green,2
J1442,I6870,13195.0,13202.0,green,2
J1442,I7582,14795.0,14799.0,green,1
J1178,I2139,3561.0,3562.0,brown,1
J1178,I12827,25500.0,25501.0,brown,1
J2481,I4020,7190.0,7191.0,green,1
J2481,I4340,7847.0,7850.0,green,1
J2481,I8956,17783.0,17786.0,green,2
J4191,I3788,6776.0,6778.0,brown,2
J4191,I11469,22906.0,22910.0,green,2
J4191,I13041,25908.0,25914.0,green,1
J2320,I5803,11008.0,11009.0,brown,1
J2320,I7467,14564.0,14566.0,brown,1
J2320,I8459,16697.0,16701.0,brown,1
J2320,I10732,21387.0,21388.0,green,1
J37,I3039,5279.0,5282.0,green,2
J37,I5023,9302.0,9304.0,green,1
J37,I7455,14533.0,14534.0,green,1
J37,I8623,17082.0,17083.0,green,1
J37,I9935,19764.0,19767.0,green,1
J888,I995,1555.0,1559.0,green,4
J888,I1763,2875.0,2882.0,green,1
J888,I2307,3890.0,3891.0,green,1
J2906,I7393,14391.0,14395.0,green,4
J2906,I7457,14539.0,14541.0,green,2
J2218,I3730,6662.0,6664.0,brown,1
J2218,I12371,24640.0,24642.0,green,1
J2218,I14387,28150.0,28154.0,green,2
J2218,I14419,28216.0,28218.0,green,1
J2218,I15355,29720.0,29724.0,green,1
J1555,I3128,5449.0,5458.0,green,4
J804,I4480,8140.0,8142.0,brown,1
J804,I10177,20278.0,20282.0,green,1
J804,I12609,25110.0,25112.0,green,1
J804,I12705,25280.0,25281.0,green,1
J804,I13089,25990.0,25993.0,green,1
J804,I13191,26168.0,26170.0,green,1
J1993,I4392,7947.0,7952.0,green,3
J1993,I6312,12006.0,12007.0,green,1
J1993,I7192,13871.0,13879.0,green,1
J1993,I7528,14696.0,14698.0,green,1
J2695,I7779,15257.0,15259.0,brown,1
J2695,I7780,15259.0,15264.0,green,3
J2695,I7972,15650.0,15656.0,green,1
J2695,I10755,21432.0,21434.0,brown,1
J1076,I1425,2250.0,2252.0,green,1
J1076,I1905,3114.0,3117.0,green,1
J1076,I5753,10890.0,10892.0,green,1
J846,I2882,4952.0,4954.0,green,1
J846,I3010,5234.0,5238.0,green,1
J846,I8162,16044.0,16052.0,green,1
J846,I8706,17248.0,17254.0,green,1
J4894,I8660,17157.0,17163.0,green,1
J4894,I10484,20884.0,20886.0,green,2
J4894,I14404,28184.0,28186.0,green,1
J4760,I3227,5663.0,5665.0,brown,2
J4760,I11259,22489.0,22490.0,brown,1
J4760,I11484,22942.0,22946.0,green,1
J4760,I13084,25982.0,25985.0,green,1
J4760,I13819,27209.0,27211.0,brown,1
J104,I461,677.0,678.0,green,1
J104,I941,1467.0,1468.0,green,1
J104,I2797,4770.0,4772.0,green,2
J104,I9325,18529.0,18530.0,green,1
J2356,I4150,7485.0,7489.0,green,3
J2356,I4374,7912.0,7914.0,green,1
J2356,I4597,8365.0,8367.0,brown,1
J2356,I8342,16452.0,16455.0,green,1
J632,I2130,3545.0,3547.0,green,1
J632,I2386,4011.0,4016.0,green,1
J632,I7314,14215.0,14216.0,green,1
J632,I7730,15152.0,15154.0,green,1
J632,I9974,19850.0,19854.0,green,1
J4073,I8531,16837.0,16845.0,green,1
J4073,I8562,16931.0,16932.0,brown,1
J4073,I8563,16932.0,16933.0,green,1
J4073,I8595,17004.0,17006.0,brown,2
J4073,I10771,21465.0,21469.0,green,1
J2336,I5029,9327.0,9328.0,green,1
J2336,I5285,9847.0,9848.0,brown,1
J2336,I5413,10161.0,10165.0,brown,1
J2336,I8293,16349.0,16350.0,green,1
J2336,I14057,27611.0,27614.0,green,1
J2336,I14188,27837.0,27839.0,green,1
J3327,I1549,2462.0,2467.0,brown,1
J3327,I3022,5253.0,5255.0,green,1
J3327,I9774,19401.0,19411.0,green,1
J3327,I11151,22220.0,22221.0,green,1
J3327,I11542,23056.0,23067.0,green,1
J1621,I647,969.0,971.0,green,2
J4783,I6998,13455.0,13459.0,brown,1
J4783,I7414,14444.0,14446.0,brown,2
J4783,I8567,16942.0,16946.0,green,1
J4783,I13335,26398.0,26401.0,green,1
J4783,I14844,28917.0,28918.0,green,1
J2345,I3339,5850.0,5851.0,green,1
J2345,I3371,5906.0,5909.0,green,3
J2441,I2110,3506.0,3507.0,brown,1
J2441,I7966,15642.0,15643.0,brown,1
J2441,I8734,17314.0,17315.0,brown,1
J2441,I10591,21133.0,21137.0,green,1
J4673,I10568,21093.0,21094.0,brown,1
J4673,I10600,21146.0,21149.0,brown,1
J4673,I11112,22147.0,22148.0,brown,1
J4673,I13833,27232.0,27233.0,green,1
J4673,I14473,28313.0,28314.0,green,1
J4673,I14601,28528.0,28530.0,green,1
J4019,I11310,22578.0,22580.0,green,1
J4019,I12077,24121.0,24126.0,brown,5
J384,I423,623.0,625.0,green,1
J384,I2503,4228.0,4230.0,green,2
J384,I2887,4964.0,4967.0,green,1
J384,I4071,7308.0,7310.0,brown,1
J384,I4811,8813.0,8815.0,green,1
J915,I1568,2507.0,2509.0,green,1
J915,I1728,2814.0,2818.0,green,3
J4018,I1882,3076.0,3079.0,brown,3
J3214,I5079,9414.0,9416.0,brown,1
J3214,I7448,14512.0,14518.0,green,3
J82,I1992,3279.0,3282.0,green,1
J82,I4840,8889.0,8896.0,green,2
J82,I5384,10085.0,10086.0,green,1
J82,I9176,18203.0,18209.0,green,1
J82,I9612,19104.0,19105.0,green,1
J3903,I11037,21992.0,21997.0,green,2
J3903,I11165,22249.0,22255.0,green,1
J3903,I11197,22334.0,22336.0,green,1
J3903,I11821,23592.0,23594.0,green,1
J4653,I10600,21146.0,21149.0,brown,2
J4653,I11048,22014.0,22015.0,brown,1
J169,I608,900.0,904.0,green,3
J169,I1728,2814.0,2818.0,green,1
J169,I4192,7572.0,7575.0,green,2
J578,I1124,1761.0,1762.0,green,1
J578,I1156,1818.0,1821.0,green,1
J578,I1188,1869.0,1871.0,green,1
J578,I1496,2381.0,2384.0,green,1
J578,I2284,3852.0,3854.0,green,2
J1380,I7805,15324.0,15325.0,green,1
J1380,I8029,15741.0,15742.0,brown,1
J1380,I9821,19521.0,19525.0,green,1
J1380,I11453,22867.0,22874.0,green,2
J1380,I12297,24506.0,24508.0,green,1
J4624,I6308,12001.0,12002.0,brown,1
J4624,I6340,12057.0,12059.0,brown,2
J4624,I6436,12295.0,12296.0,brown,1
J4624,I6852,13165.0,13166.0,brown,1
J4624,I7140,13751.0,13753.0,brown,1
J1120,I2976,5153.0,5154.0,green,1
J1120,I3008,5231.0,5233.0,green,1
J1120,I3040,5282.0,5283.0,brown,1
J1120,I3296,5784.0,5787.0,green,2
J1120,I3968,7105.0,7107.0,green,1
J1094,I1934,3178.0,3184.0,green,1
J1094,I2094,3471.0,3479.0,green,1
J1094,I3598,6393.0,6394.0,green,1
J1094,I4334,7837.0,7839.0,green,1
J1094,I7118,13695.0,13697.0,green,1
J1094,I10522,20982.0,20983.0,green,1
J2285,I5083,9420.0,9421.0,brown,1
J2285,I5275,9822.0,9825.0,brown,2
J2285,I9404,18707.0,18712.0,green,1
J2285,I12956,25741.0,25743.0,green,2
J818,I2096,3483.0,3486.0,green,2
J818,I3408,5981.0,5992.0,green,3
J818,I7752,15194.0,15196.0,green,1
J4850,I9316,18511.0,18514.0,brown,3
J4850,I9348,18600.0,18603.0,brown,1
J4850,I10501,20927.0,20933.0,green,2
J4351,I4805,8800.0,8803.0,brown,1
J4351,I5413,10161.0,10165.0,brown,1
J4351,I12326,24558.0,24560.0,green,1
J4351,I13368,26463.0,26466.0,green,2
J1476,I2316,3902.0,3903.0,brown,1
J1476,I2893,4974.0,4978.0,green,1
J1476,I5613,10565.0,10566.0,green,1
J1476,I7533,14708.0,14711.0,green,1
J1476,I7789,15277.0,15279.0,green,1
J1476,I7987,15674.0,15677.0,green,1
J3555,I8690,17223.0,17224.0,green,1
J3555,I8754,17357.0,17359.0,green,2
J3555,I8786,17436.0,17438.0,green,1
J3555,I9298,18460.0,18461.0,green,1
J3555,I9586,19049.0,19053.0,green,1
J494,I1135,1785.0,1788.0,green,2
J494,I1423,2245.0,2247.0,green,2
J494,I1775,2903.0,2906.0,green,1
J494,I2511,4244.0,4245.0,green,1
J2979,I2456,4134.0,4136.0,green,1
J2979,I2775,4732.0,4734.0,brown,1
J2979,I3608,6417.0,6424.0,green,2
J2979,I7352,14300.0,14303.0,green,1
J637,I1377,2177.0,2179.0,green,2
J637,I1633,2623.0,2625.0,green,1
J637,I1665,2683.0,2685.0,green,2
J637,I2033,3352.0,3354.0,green,1
J113,I2253,3785.0,3787.0,green,2
J113,I5293,9859.0,9865.0,green,1
J3342,I10045,20011.0,20013.0,green,1
J3342,I10173,20270.0,20272.0,green,2
J3342,I10589,21126.0,21130.0,green,1
J2424,I1328,2092.0,2096.0,green,1
J2424,I3408,5981.0,5992.0,green,2
J2424,I5200,9647.0,9657.0,green,1
J2424,I5456,10251.0,10255.0,green,1
J2424,I7856,15421.0,15422.0,green,1
J1028,I5678,10705.0,10708.0,brown,1
J1028,I8527,16828.0,16830.0,green,1
J1028,I10494,20907.0,20914.0,brown,1
J1028,I11118,22160.0,22162.0,brown,2
J1028,I13007,25846.0,25848.0,green,1
J1357,I3166,5540.0,5541.0,brown,1
J1357,I3198,5608.0,5609.0,brown,1
J1357,I3326,5830.0,5832.0,brown,1
J1357,I8126,15967.0,15971.0,brown,1
J1357,I8158,16035.0,16038.0,brown,1
J1357,I13823,27219.0,27221.0,green,1
J2562,I11598,23182.0,23184.0,green,1
J2562,I12109,24179.0,24180.0,brown,1
J2562,I15406,29797.0,29798.0,green,1
J2704,I1566,2502.0,2504.0,green,1
J2704,I1693,2735.0,2736.0,brown,1
J2704,I5598,10529.0,10535.0,green,2
J2704,I9758,19379.0,19380.0,green,1
J2704,I10654,21260.0,21263.0,green,1
J348,I4242,7670.0,7671.0,green,1
J348,I4306,7792.0,7793.0,brown,1
J348,I7378,14361.0,14364.0,green,1
J348,I8630,17094.0,17096.0,green,1
J348,I8834,17540.0,17541.0,brown,1
J2012,I5904,11196.0,11202.0,green,4
J2012,I6032,11434.0,11436.0,green,2
J3495,I8098,15904.0,15905.0,green,1
J3495,I8226,16182.0,16185.0,brown,2
J3495,I8258,16248.0,16264.0,green,1
J3495,I12047,24056.0,24061.0,green,2
J4368,I9201,18258.0,18261.0,green,2
J4368,I9264,18393.0,18397.0,brown,4
J4418,I5661,10676.0,10679.0,brown,1
J4418,I12446,24793.0,24795.0,green,1
J4418,I12734,25326.0,25328.0,green,1
J4418,I14894,28992.0,28999.0,green,1
J4418,I15086,29305.0,29308.0,green,1
J2143,I2336,3931.0,3932.0,brown,1
J2143,I2496,4218.0,4219.0,brown,1
J2143,I3328,5833.0,5836.0,brown,1
J2143,I5025,9309.0,9321.0,green,1
J2143,I13425,26562.0,26565.0,green,1
J2143,I13455,26616.0,26618.0,green,1
J496,I3527,6260.0,6266.0,brown,1
J2111,I3408,5981.0,5992.0,green,1
J2111,I7312,14205.0,14213.0,green,1
J2111,I7728,15146.0,15151.0,green,2
J2111,I11425,22808.0,22810.0,green,1
J2111,I11456,22879.0,22881.0,green,1
J4694,I11175,22278.0,22280.0,brown,1
J4694,I11176,22280.0,22282.0,green,1
J4694,I13256,26272.0,26274.0,green,2
J4694,I13960,27454.0,27458.0,green,1
J2002,I6503,12445.0,12447.0,brown,1
J2002,I6806,13045.0,13064.0,green,2
J4350,I577,851.0,852.0,brown,1
J4350,I865,1334.0,1336.0,brown,2
J4350,I2753,4684.0,4687.0,brown,1
J4350,I9122,18120.0,18121.0,green,1
J4350,I13250,26260.0,26266.0,green,1
J4607,I12412,24735.0,24736.0,brown,1
J4607,I12572,25029.0,25030.0,brown,1
J2988,I6505,12448.0,12450.0,brown,2
J2988,I6697,12817.0,12818.0,brown,1
J2988,I7082,13618.0,13619.0,green,1
J3054,I6961,13375.0,13377.0,brown,2
J3054,I7282,14105.0,14107.0,green,1
J3054,I7794,15283.0,15291.0,green,3
J337,I1256,1981.0,1983.0,brown,1
J337,I1641,2637.0,2639.0,green,1
J337,I6569,12582.0,12588.0,green,2
J337,I9177,18209.0,18214.0,green,1
J1098,I2789,4758.0,4759.0,green,1
J3810,I1870,3060.0,3061.0,brown,1
J3810,I14799,28848.0,28849.0,green,1
J3810,I14911,29018.0,29019.0,green,1
J2070,I4901,9023.0,9031.0,green,2
J2070,I6661,12748.0,12752.0,green,1
J2048,I5930,11244.0,11246.0,green,2
J2048,I8298,16363.0,16368.0,green,1
J4888,I10527,20988.0,21002.0,green,1
J4888,I13598,26844.0,26846.0,brown,1
J4888,I14975,29119.0,29120.0,green,1
J4888,I15103,29336.0,29339.0,green,1
J3918,I8341,16449.0,16452.0,green,2
J3918,I11109,22140.0,22144.0,green,1
J3918,I11789,23535.0,23537.0,green,1
J4588,I13591,26831.0,26835.0,green,3
J4588,I14071,27650.0,27654.0,green,1
J1312,I320,458.0,462.0,brown,1
J1312,I1504,2394.0,2397.0,brown,1
J1312,I9377,18655.0,18659.0,green,1
J1312,I11201,22340.0,22344.0,green,2
J1253,I1663,2678.0,2682.0,brown,1
J1253,I4032,7225.0,7226.0,green,1
J1253,I4544,8261.0,8269.0,green,4
J1750,I1218,1916.0,1917.0,green,1
J1750,I1282,2019.0,2021.0,green,1
J1750,I3266,5732.0,5735.0,green,2
J1750,I3298,5788.0,5790.0,green,1
J1750,I9403,18702.0,18707.0,green,1
J816,I705,1057.0,1061.0,green,2
J816,I2081,3438.0,3444.0,green,1
J816,I3617,6436.0,6441.0,green,1
J3586,I10938,21788.0,21792.0,green,2
J3586,I13786,27144.0,27149.0,green,2
J4207,I4756,8698.0,8700.0,brown,2
J4207,I4820,8835.0,8836.0,brown,1
J4207,I5717,10802.0,10804.0,green,1
J4207,I9301,18467.0,18479.0,green,2
J1131,I4074,7313.0,7321.0,green,4
J1131,I10390,20706.0,20707.0,green,1
J2549,I2718,4615.0,4618.0,brown,1
J2549,I4351,7870.0,7874.0,green,2
J2549,I5375,10065.0,10066.0,green,1
J2549,I6335,12046.0,12049.0,green,1
J2549,I8447,16661.0,16663.0,green,1
J1294,I5470,10273.0,10280.0,green,2
J1294,I5726,10814.0,10818.0,green,1
J1294,I8446,16660.0,16661.0,green,1
J1294,I10174,20272.0,20274.0,green,1
J1294,I11518,23015.0,23017.0,green,1
J698,I2967,5136.0,5138.0,green,1
J698,I3191,5595.0,5599.0,green,1
J698,I4077,7325.0,7335.0,green,1
J698,I4529,8230.0,8233.0,green,1
J698,I4568,8306.0,8308.0,green,1
J698,I4590,8353.0,8355.0,brown,1
J602,I2894,4978.0,4980.0,green,1
J602,I5486,10309.0,10315.0,green,1
J602,I9806,19477.0,19484.0,green,2
J602,I11542,23056.0,23067.0,green,1
J1332,I3430,6037.0,6040.0,brown,1
J1332,I4710,8618.0,8621.0,brown,1
J1332,I5862,11126.0,11127.0,brown,1
J1332,I5894,11177.0,11178.0,brown,1
J1332,I11559,23097.0,23100.0,green,1
J1332,I12039,24038.0,24043.0,green,1
J2236,I6681,12789.0,12793.0,green,3
J2236,I6713,12842.0,12847.0,green,2
J713,I3115,5424.0,5429.0,green,2
J4152,I3385,5937.0,5939.0,brown,1
J4152,I4410,7989.0,7993.0,green,2
J3859,I6772,12982.0,12986.0,green,2
J3859,I7603,14839.0,14840.0,brown,1
J3859,I8627,17088.0,17090.0,brown,1
J3859,I11508,22995.0,22998.0,green,1
J3859,I14996,29149.0,29150.0,green,1
J2027,I5108,9458.0,9462.0,green,2
J2027,I5715,10796.0,10800.0,brown,1
J2027,I9684,19247.0,19248.0,green,1
J2027,I10260,20424.0,20427.0,brown,1
J2027,I13396,26514.0,26520.0,green,1
J2594,I1280,2016.0,2018.0,green,2
J2594,I1568,2507.0,2509.0,green,1
J2594,I4608,8390.0,8391.0,green,1
J2594,I7792,15281.0,15282.0,green,1
J690,I1429,2259.0,2261.0,green,1
J690,I1557,2485.0,2490.0,green,1
J690,I1717,2796.0,2797.0,green,1
J690,I1749,2846.0,2850.0,green,2
J690,I2421,4073.0,4080.0,green,1
J1097,I1978,3255.0,3258.0,brown,2
J1097,I4827,8849.0,8853.0,green,2
J1097,I6459,12348.0,12352.0,green,1
J1097,I10939,21792.0,21795.0,green,1
J523,I228,326.0,328.0,brown,1
J523,I13189,26164.0,26166.0,green,1
J2470,I7094,13641.0,13644.0,green,3
J2470,I7126,13711.0,13715.0,green,1
J2470,I7430,14475.0,14477.0,green,1
J2555,I7714,15103.0,15108.0,green,1
J2555,I11800,23551.0,23555.0,green,1
J2360,I6835,13135.0,13138.0,green,3
J2360,I8723,17292.0,17302.0,green,1
J3595,I8129,15977.0,15980.0,green,2
J3595,I8225,16177.0,16182.0,green,1
J3595,I8609,17033.0,17041.0,green,2
J1087,I2159,3596.0,3599.0,green,3
J1087,I2287,3857.0,3860.0,green,1
J1087,I4015,7175.0,7182.0,green,1
J3048,I1751,2851.0,2853.0,green,1
J3048,I6519,12488.0,12489.0,green,1
J3048,I7607,14845.0,14850.0,green,3
J3139,I9108,18093.0,18094.0,green,1
J3139,I9172,18197.0,18200.0,green,2
J3139,I10036,19993.0,19995.0,brown,1
J1691,I4780,8744.0,8751.0,green,3
J1691,I4844,8905.0,8911.0,green,1
J1691,I5356,10025.0,10028.0,green,1
J4537,I5522,10398.0,10399.0,brown,1
J4537,I5714,10795.0,10796.0,brown,1
J4524,I9756,19375.0,19377.0,green,1
J4524,I9788,19435.0,19436.0,green,1
J4524,I9852,19583.0,19587.0,green,1
J4524,I10652,21247.0,21257.0,green,1
J4524,I13564,26784.0,26785.0,green,1
J2145,I5700,10762.0,10768.0,green,1
J2145,I5701,10768.0,10772.0,green,3
J2145,I7109,13674.0,13676.0,green,2
J1340,I2942,5070.0,5072.0,green,2
J1340,I6494,12430.0,12435.0,green,1
J1340,I8689,17216.0,17223.0,green,2
J4637,I9337,18571.0,18572.0,brown,1
J4637,I9849,19579.0,19580.0,brown,1
J4637,I10265,20432.0,20434.0,brown,1
J4637,I13914,27385.0,27389.0,green,1
J3174,I3865,6911.0,6912.0,brown,1
J3174,I3897,6962.0,6963.0,brown,1
J3174,I4250,7680.0,7681.0,green,1
J3174,I4282,7743.0,7744.0,brown,1
J3174,I5466,10269.0,10270.0,green,1
J3174,I5754,10892.0,10908.0,green,1
J2978,I11211,22377.0,22382.0,green,1
J2978,I13995,27513.0,27514.0,green,1
J2978,I14027,27554.0,27561.0,green,2
J1457,I5223,9704.0,9717.0,green,2
J1457,I6831,13122.0,13126.0,green,1
J1974,I4969,9181.0,9182.0,green,1
J1974,I5225,9718.0,9725.0,green,1
J1974,I5641,10625.0,10627.0,green,1
J1974,I6537,12515.0,12519.0,green,1
J1974,I8457,16692.0,16694.0,brown,1
J356,I538,794.0,796.0,green,1
J356,I602,888.0,894.0,green,1
J356,I2458,4137.0,4141.0,green,1
J1968,I4818,8829.0,8834.0,brown,2
J1968,I5043,9350.0,9351.0,green,1
J1968,I5107,9456.0,9458.0,green,2
J1968,I7488,14615.0,14616.0,brown,1
J3273,I7315,14216.0,14217.0,green,1
J3273,I8723,17292.0,17302.0,green,4
J154,I561,826.0,827.0,brown,1
J154,I625,934.0,935.0,brown,1
J154,I8722,17287.0,17292.0,green,1
J154,I9234,18312.0,18316.0,green,2
J154,I10329,20558.0,20563.0,brown,1
J4579,I10140,20194.0,20197.0,brown,2
J4579,I10460,20840.0,20843.0,brown,1
J4579,I11037,21992.0,21997.0,green,1
J4579,I12892,25622.0,25624.0,brown,1
J4579,I14621,28554.0,28557.0,green,1
J722,I2028,3343.0,3347.0,brown,1
J722,I2221,3727.0,3730.0,green,1
J3781,I11081,22082.0,22083.0,green,1
J3781,I11113,22148.0,22149.0,brown,1
J3781,I12009,23976.0,23980.0,green,1
J3781,I12041,24046.0,24049.0,green,1
J3739,I8176,16073.0,16076.0,green,1
J3739,I8400,16581.0,16583.0,green,2
J3739,I8464,16705.0,16709.0,brown,1
J2885,I1892,3093.0,3096.0,green,2
J2885,I2628,4456.0,4460.0,green,1
J2885,I8940,17751.0,17759.0,green,1
J318,I721,1094.0,1099.0,green,2
J318,I722,1099.0,1100.0,green,1
J318,I4882,8983.0,8984.0,green,1
J318,I6098,11564.0,11568.0,green,1
J318,I6292,11970.0,11972.0,green,1
J4962,I6134,11633.0,11634.0,brown,1
J4962,I11895,23735.0,23741.0,green,1
J4962,I14855,28935.0,28936.0,green,1
J1468,I8962,17795.0,17799.0,green,3
J1468,I12034,24026.0,24031.0,green,1
J1991,I1714,2793.0,2794.0,brown,1
J1991,I6131,11623.0,11624.0,green,1
J1991,I7195,13889.0,13894.0,green,1
J1991,I7219,13932.0,13942.0,green,1
J1991,I7235,13980.0,13984.0,green,1
J2092,I12267,24458.0,24462.0,green,2
J1467,I3710,6622.0,6625.0,green,2
J1467,I3806,6809.0,6811.0,green,1
J1467,I6516,12474.0,12482.0,green,1
J1867,I593,873.0,875.0,brown,1
J1867,I3538,6278.0,6282.0,green,1
J2212,I3068,5344.0,5348.0,brown,2
J2212,I10508,20950.0,20952.0,brown,1
J2212,I11549,23078.0,23082.0,green,2
J2212,I12609,25110.0,25112.0,green,1
J2131,I1853,3035.0,3037.0,brown,1
J2131,I6013,11397.0,11399.0,brown,1
J2131,I11454,22874.0,22878.0,green,1
J2131,I12382,24659.0,24660.0,green,1
J2131,I15086,29305.0,29308.0,green,2
J709,I1800,2952.0,2953.0,brown,1
J709,I1864,3051.0,3053.0,brown,1
J709,I10089,20091.0,20092.0,green,1
J4717,I1466,2326.0,2327.0,brown,1
J948,I3061,5332.0,5334.0,brown,1
J948,I3126,5446.0,5447.0,green,1
J948,I3190,5593.0,5595.0,green,2
J948,I3303,5795.0,5797.0,brown,1
J1853,I243,347.0,348.0,brown,1
J1853,I275,395.0,397.0,brown,2
J2108,I6035,11443.0,11445.0,green,1
J2108,I6643,12708.0,12710.0,green,2
J2108,I6739,12909.0,12911.0,green,2
J2108,I8852,17583.0,17589.0,brown,1
J1037,I158,215.0,217.0,brown,1
J1037,I286,413.0,414.0,brown,1
J1037,I606,897.0,898.0,brown,1
J1037,I5247,9765.0,9777.0,green,1
J1037,I12303,24518.0,24521.0,green,1
J1037,I12383,24660.0,24661.0,green,1
J2139,I4036,7230.0,7231.0,green,1
J2139,I5316,9931.0,9939.0,green,1
J2139,I6924,13283.0,13286.0,brown,2
J2492,I3322,5825.0,5826.0,brown,1
J2492,I4923,9080.0,9083.0,green,1
J2492,I5979,11327.0,11330.0,green,1
J2492,I7995,15685.0,15687.0,green,1
J205,I1372,2170.0,2171.0,brown,1
J205,I8509,16792.0,16799.0,green,2
J205,I9500,18897.0,18899.0,brown,1
J205,I11677,23315.0,23316.0,green,1
J205,I12829,25503.0,25506.0,brown,1
J2233,I5836,11070.0,11076.0,green,4
J2233,I9772,19399.0,19400.0,green,1
J2233,I11516,23011.0,23014.0,green,1
J3307,I7312,14205.0,14213.0,green,2
J3307,I8528,16830.0,16834.0,green,3
J3307,I11855,23674.0,23675.0,brown,1
J2047,I6351,12084.0,12085.0,brown,1
J2047,I13968,27471.0,27473.0,green,1
J2047,I14938,29057.0,29060.0,green,1
J2047,I14960,29093.0,29097.0,green,2
J2047,I15360,29728.0,29730.0,green,1
J3480,I3528,6266.0,6267.0,brown,1
J3480,I3656,6507.0,6509.0,brown,1
J3480,I12681,25229.0,25234.0,green,2
J3480,I12767,25384.0,25388.0,green,1
J3480,I12777,25405.0,25407.0,green,1
J4544,I4794,8776.0,8780.0,brown,3
J4544,I13787,27149.0,27151.0,green,1
J2195,I5927,11236.0,11242.0,green,4
J2195,I6183,11757.0,11759.0,green,1
J2195,I6215,11826.0,11827.0,green,1
J735,I6039,11451.0,11454.0,green,1
J735,I7718,15111.0,15112.0,brown,1
J735,I7767,15223.0,15226.0,green,1
J735,I7782,15265.0,15270.0,brown,1
J4485,I8956,17783.0,17786.0,green,1
J4485,I9148,18160.0,18162.0,green,2
J4485,I11164,22242.0,22249.0,green,1
J4485,I13916,27390.0,27394.0,green,1
J4485,I14108,27708.0,27712.0,green,1
J3894,I4519,8216.0,8218.0,green,1
J3894,I7047,13551.0,13557.0,green,2
J3894,I7271,14075.0,14077.0,green,1
J3894,I7559,14758.0,14763.0,green,1
J3894,I11071,22064.0,22067.0,green,1
J4645,I11872,23701.0,23703.0,brown,1
J4645,I12064,24088.0,24090.0,brown,2
J4645,I12096,24157.0,24159.0,brown,2
J4645,I12160,24270.0,24271.0,brown,1
J837,I1035,1625.0,1626.0,green,1
J837,I1131,1771.0,1778.0,green,1
J837,I1259,1986.0,1987.0,green,1
J837,I1355,2140.0,2141.0,green,1
J837,I1547,2458.0,2460.0,green,1
J837,I4117,7410.0,7414.0,green,1
J4111,I12550,24993.0,24995.0,brown,2
J4111,I12646,25166.0,25167.0,brown,1
J4111,I13383,26486.0,26487.0,green,1
J4111,I13447,26601.0,26607.0,brown,2
J2599,I5560,10470.0,10472.0,brown,1
J2599,I6232,11858.0,11860.0,brown,1
J2599,I10457,20833.0,20837.0,green,2
J929,I2990,5190.0,5191.0,brown,1
J929,I3118,5435.0,5436.0,brown,1
J929,I3214,5640.0,5641.0,brown,1
J4574,I6813,13071.0,13073.0,brown,2
J4574,I6877,13213.0,13214.0,brown,1
J4574,I7037,13531.0,13535.0,brown,1
J4574,I10654,21260.0,21263.0,green,1
J4574,I13118,26037.0,26038.0,green,1
J1654,I5294,9865.0,9869.0,green,2
J1654,I5389,10094.0,10095.0,brown,1
J1654,I5486,10309.0,10315.0,green,1
J1279,I4241,7669.0,7670.0,green,1
J1279,I4273,7723.0,7729.0,green,5
J925,I1572,2514.0,2516.0,green,2
J925,I1668,2687.0,2692.0,green,3
J925,I1764,2882.0,2885.0,green,1
J3033,I7410,14428.0,14433.0,green,2
J3538,I195,274.0,277.0,green,1
J3538,I482,704.0,705.0,brown,1
J3538,I770,1186.0,1190.0,brown,1
J3538,I12267,24458.0,24462.0,green,1
J3538,I12511,24910.0,24915.0,green,1
J3538,I12667,25199.0,25202.0,green,1
J1643,I3937,7049.0,7052.0,brown,1
J1643,I4257,7696.0,7698.0,brown,2
J1643,I10370,20659.0,20661.0,green,2
J1643,I12866,25564.0,25566.0,green,1
J2155,I3723,6651.0,6653.0,green,2
J2155,I4011,7170.0,7171.0,green,1
J2155,I8779,17409.0,17413.0,green,1
J273,I8908,17671.0,17677.0,green,2
J273,I10220,20353.0,20356.0,green,2
J1361,I3660,6512.0,6516.0,brown,3
J1361,I7693,15048.0,15050.0,green,1
J1361,I12927,25672.0,25674.0,green,1
J1361,I13041,25908.0,25914.0,green,1
J899,I2155,3588.0,3590.0,green,1
J899,I2187,3652.0,3653.0,green,1
J899,I2219,3722.0,3724.0,green,1
J899,I2251,3782.0,3783.0,green,1
J899,I2475,4177.0,4179.0,green,1
J899,I4811,8813.0,8815.0,green,1
J1889,I5110,9463.0,9466.0,green,3
J1889,I12447,24795.0,24798.0,green,3
J2522,I8540,16866.0,16878.0,green,5
J2522,I13258,26275.0,26276.0,green,1
J593,I6289,11964.0,11965.0,brown,1
J593,I12786,25419.0,25426.0,green,3
J593,I13233,26231.0,26233.0,brown,1
J593,I13489,26669.0,26673.0,brown,1
J3721,I7092,13638.0,13640.0,brown,1
J3721,I10501,20927.0,20933.0,green,1
J3721,I10937,21785.0,21788.0,green,1
J3721,I11209,22366.0,22367.0,green,1
J3519,I10319,20532.0,20538.0,green,2
J3519,I10447,20808.0,20810.0,green,1
J3519,I10670,21288.0,21290.0,brown,1
J3519,I10798,21529.0,21530.0,brown,1
J3519,I13086,25986.0,25987.0,brown,1
J703,I6091,11551.0,11556.0,green,4
J703,I6827,13112.0,13117.0,green,2
J3801,I11332,22620.0,22623.0,green,3
J3801,I12046,24054.0,24056.0,green,1
J2138,I6560,12557.0,12559.0,green,2
J2138,I6624,12672.0,12675.0,green,3
J2138,I6784,13000.0,13001.0,green,1
J3146,I8498,16768.0,16771.0,green,2
J3146,I8530,16836.0,16837.0,green,1
J3146,I8626,17087.0,17088.0,green,1
J3146,I8658,17154.0,17156.0,green,2
J2889,I2737,4651.0,4653.0,green,2
J2889,I8689,17216.0,17223.0,green,1
J2889,I8817,17502.0,17505.0,green,1
J2889,I11761,23480.0,23483.0,green,1
J4513,I7756,15203.0,15204.0,brown,1
J4513,I8492,16752.0,16754.0,brown,1
J4513,I8652,17139.0,17142.0,brown,1
J4513,I9708,19292.0,19294.0,brown,1
J2239,I4016,7182.0,7185.0,green,3
J2239,I4048,7263.0,7265.0,green,1
J2239,I4144,7474.0,7476.0,green,1
J2239,I4880,8979.0,8982.0,brown,1
J784,I6306,11994.0,12000.0,green,2
J784,I9378,18659.0,18661.0,green,1
J784,I9414,18729.0,18732.0,brown,1
J784,I9490,18872.0,18874.0,green,1
J784,I9501,18899.0,18900.0,brown,1
J138,I556,820.0,821.0,brown,1
J138,I684,1025.0,1027.0,brown,1
J138,I973,1516.0,1520.0,green,3
J138,I7923,15546.0,15548.0,green,1
J1633,I3607,6415.0,6417.0,brown,1
J1633,I7096,13646.0,13649.0,green,1
J1633,I10871,21662.0,21663.0,brown,1
J1633,I11624,23233.0,23237.0,green,2
J2766,I8070,15840.0,15841.0,brown,1
J2766,I8231,16197.0,16199.0,green,2
J2766,I8391,16561.0,16565.0,green,1
J2766,I10215,20345.0,20347.0,green,1
J2491,I5556,10460.0,10462.0,brown,2
J2491,I5685,10724.0,10730.0,green,1
J2491,I5908,11210.0,11213.0,brown,1
J2491,I7412,14441.0,14442.0,brown,1
J3384,I7438,14496.0,14498.0,brown,1
J3384,I7439,14498.0,14499.0,green,1
J3384,I7727,15133.0,15146.0,green,1
J2668,I7687,15031.0,15032.0,green,1
J2668,I7879,15461.0,15465.0,green,1
J2668,I8199,16119.0,16120.0,brown,1
J2668,I11207,22357.0,22361.0,green,2
J2668,I11655,23287.0,23288.0,green,1
J1866,I2988,5180.0,5188.0,green,5
J1866,I4076,7324.0,7325.0,green,1
J2016,I5988,11340.0,11342.0,green,1
J2016,I6180,11749.0,11750.0,green,1
J2016,I6660,12744.0,12748.0,green,2
J4098,I4910,9048.0,9050.0,green,1
J4098,I4941,9122.0,9124.0,brown,1
J4098,I5037,9342.0,9343.0,brown,1
J4098,I6189,11767.0,11769.0,brown,1
J4098,I7118,13695.0,13697.0,green,1
J4098,I12814,25475.0,25478.0,green,1
J962,I1327,2091.0,2092.0,green,1
J962,I1647,2651.0,2652.0,brown,1
J962,I2960,5112.0,5117.0,green,1
J962,I3632,6465.0,6471.0,green,1
J962,I5535,10417.0,10419.0,brown,1
J1353,I2853,4894.0,4895.0,brown,1
J1353,I2886,4960.0,4964.0,green,1
J1353,I4366,7901.0,7903.0,green,1
J1353,I4981,9206.0,9209.0,brown,2
J3919,I8034,15750.0,15755.0,brown,1
J3919,I8035,15755.0,15757.0,green,1
J3919,I8259,16264.0,16273.0,green,3
J891,I5316,9931.0,9939.0,green,3
J891,I5828,11052.0,11059.0,green,1
J891,I9100,18072.0,18082.0,green,1
J891,I9156,18171.0,18172.0,green,1
J1979,I5621,10578.0,10580.0,green,1
J1979,I5685,10724.0,10730.0,green,4
J1979,I6197,11780.0,11785.0,green,1
J2999,I10427,20773.0,20775.0,brown,1
J2999,I12796,25439.0,25445.0,green,2
J2999,I14540,28421.0,28422.0,green,1
J2899,I3274,5752.0,5754.0,brown,1
J2899,I3467,6108.0,6111.0,green,1
J2899,I4299,7775.0,7783.0,green,1
J2899,I5131,9499.0,9500.0,green,1
J2899,I8979,17824.0,17826.0,green,1
J2899,I9235,18316.0,18319.0,green,1
J3272,I9527,18937.0,18938.0,green,1
J3272,I9591,19058.0,19061.0,green,3
J3272,I9640,19162.0,19164.0,brown,1
J2710,I5650,10645.0,10649.0,brown,1
J2710,I14451,28267.0,28269.0,green,1
J3285,I5941,11259.0,11260.0,brown,1
J3285,I6038,11449.0,11451.0,green,1
J3285,I6198,11785.0,11792.0,green,3
J3285,I6390,12170.0,12173.0,green,1
J4431,I3344,5856.0,5857.0,brown,1
J4431,I3376,5921.0,5923.0,brown,1
J4431,I6769,12971.0,12975.0,green,1
J4431,I15079,29294.0,29295.0,green,1
J878,I2918,5016.0,5019.0,green,1
J878,I4774,8731.0,8738.0,green,1
J878,I8294,16350.0,16357.0,green,1
J1663,I622,930.0,931.0,brown,1
J1663,I5678,10705.0,10708.0,brown,1
J1663,I10926,21770.0,21771.0,brown,1
J1663,I12511,24910.0,24915.0,green,2
J1663,I12591,25064.0,25066.0,green,1
J3281,I5987,11337.0,11340.0,green,1
J3281,I6146,11659.0,11663.0,brown,1
J3281,I6370,12132.0,12134.0,brown,1
J128,I331,473.0,475.0,green,1
J128,I363,522.0,524.0,green,1
J128,I619,922.0,923.0,green,1
J128,I715,1084.0,1086.0,green,1
J128,I843,1298.0,1299.0,green,1
J128,I4779,8743.0,8744.0,green,1
J70,I7967,15643.0,15645.0,brown,2
J70,I8120,15953.0,15958.0,green,2
J3430,I4438,8057.0,8058.0,brown,1
J3430,I4470,8125.0,8127.0,brown,1
J3430,I8599,17013.0,17017.0,green,1
J3430,I12407,24721.0,24722.0,green,1
J3430,I12703,25273.0,25279.0,green,1
J3430,I13167,26124.0,26126.0,green,1
J4746,I9939,19775.0,19777.0,brown,2
J4746,I10835,21593.0,21594.0,brown,1
J4746,I11155,22227.0,22228.0,brown,1
J4746,I11796,23545.0,23547.0,green,1
J4746,I14228,27914.0,27916.0,green,1
J3747,I8046,15794.0,15796.0,brown,2
J3747,I8174,16069.0,16071.0,brown,1
J3747,I8495,16757.0,16759.0,green,2
J3747,I11055,22024.0,22027.0,brown,1
J1451,I11827,23609.0,23610.0,green,1
J1451,I12459,24818.0,24821.0,green,3
J4649,I7341,14275.0,14277.0,green,2
J4649,I14957,29088.0,29090.0,green,1
J4649,I15055,29251.0,29254.0,green,1
J3246,I7042,13545.0,13546.0,brown,1
J3246,I7074,13597.0,13601.0,brown,3
J585,I564,829.0,831.0,green,2
J585,I596,878.0,881.0,green,3
J585,I4852,8923.0,8927.0,green,1
J2674,I5545,10435.0,10438.0,brown,1
J2674,I5577,10495.0,10498.0,brown,1
J2674,I14986,29133.0,29134.0,green,1
J2674,I15082,29298.0,29301.0,green,2
J2674,I15178,29457.0,29458.0,green,1
J2727,I7975,15658.0,15659.0,green,1
J2727,I8007,15703.0,15704.0,green,1
J2727,I9663,19207.0,19210.0,green,2
J2727,I9735,19336.0,19339.0,green,2
J921,I2199,3689.0,3692.0,green,2
J921,I2295,3873.0,3875.0,green,1
J921,I2854,4895.0,4896.0,brown,1
J921,I4119,7415.0,7420.0,green,1
J921,I5479,10291.0,10294.0,green,1
J3300,I7782,15265.0,15270.0,brown,1
J3300,I10279,20457.0,20458.0,green,1
J3300,I11679,23319.0,23320.0,green,1
J3300,I11800,23551.0,23555.0,green,2
J4381,I8169,16062.0,16064.0,brown,1
J4381,I8298,16363.0,16368.0,green,1
J4381,I9002,17866.0,17870.0,green,1
J4381,I9930,19745.0,19750.0,green,2
J2896,I1865,3053.0,3054.0,brown,1
J2896,I2186,3647.0,3652.0,green,1
J2896,I4810,8809.0,8813.0,green,2
J2896,I6314,12010.0,12013.0,green,1
J2896,I7786,15273.0,15274.0,green,1
J112,I32,39.0,40.0,green,1
J112,I216,313.0,314.0,green,1
J112,I224,322.0,323.0,green,1
J112,I256,365.0,367.0,green,1
J112,I480,699.0,701.0,green,1
J112,I608,900.0,904.0,green,1
J302,I1050,1644.0,1648.0,green,1
J1524,I2679,4557.0,4560.0,green,3
J1524,I2871,4935.0,4936.0,green,1
J1524,I3191,5595.0,5599.0,green,1
J1524,I7688,15032.0,15036.0,green,1
J4295,I7146,13761.0,13763.0,brown,1
J4295,I7210,13921.0,13922.0,brown,1
J4295,I9962,19830.0,19832.0,brown,1
J4295,I13467,26633.0,26639.0,green,1
J4459,I3639,6481.0,6482.0,brown,1
J4459,I4087,7348.0,7350.0,brown,2
J4459,I7160,13789.0,13797.0,green,2
J4459,I7320,14224.0,14225.0,green,1
J4500,I11425,22808.0,22810.0,green,1
J4500,I11552,23086.0,23087.0,brown,1
J4500,I11904,23755.0,23756.0,brown,1
J657,I2025,3339.0,3340.0,green,1
J657,I2121,3525.0,3528.0,green,1
J657,I2521,4264.0,4267.0,brown,1
J657,I3113,5419.0,5421.0,green,1
J820,I2107,3499.0,3501.0,brown,2
J820,I7292,14141.0,14144.0,green,2
J820,I11291,22545.0,22547.0,brown,1
J820,I13883,27331.0,27333.0,brown,1
J3777,I6575,12597.0,12600.0,brown,2
J3777,I7280,14093.0,14099.0,green,1
J3777,I11920,23793.0,23795.0,green,2
J3777,I13848,27273.0,27275.0,green,1
J4714,I6197,11780.0,11785.0,green,1
J4714,I9301,18467.0,18479.0,green,1
J4112,I3312,5810.0,5812.0,brown,2
J4112,I6385,12159.0,12162.0,green,3
J3280,I8922,17710.0,17712.0,green,1
J3280,I9018,17901.0,17907.0,green,3
J3280,I10265,20432.0,20434.0,brown,1
J1949,I4533,8242.0,8246.0,green,4
J1949,I5173,9588.0,9593.0,green,2
J3367,I1052,1649.0,1655.0,brown,1
J3367,I12732,25323.0,25324.0,brown,1
J798,I2176,3627.0,3631.0,green,4
J798,I2208,3704.0,3711.0,green,1
J798,I3264,5730.0,5731.0,brown,1
J3176,I11380,22717.0,22721.0,green,1
J3176,I12948,25718.0,25725.0,green,1
J3176,I14388,28154.0,28164.0,green,3
J3176,I14932,29050.0,29052.0,green,1
J3970,I4815,8825.0,8827.0,brown,2
J3970,I4944,9130.0,9132.0,green,1
J3970,I12472,24842.0,24844.0,green,2
J3970,I12544,24984.0,24985.0,green,1
J3019,I2189,3660.0,3663.0,green,1
J3019,I4813,8816.0,8823.0,green,4
J3019,I10065,20055.0,20063.0,green,1
J3705,I6459,12348.0,12352.0,green,2
J3705,I6843,13148.0,13149.0,green,1
J4765,I8558,16918.0,16922.0,green,4
J4765,I9038,17945.0,17947.0,brown,1
J392,I488,713.0,715.0,green,1
J392,I584,860.0,861.0,green,1
J392,I648,971.0,973.0,green,1
J392,I4808,8805.0,8807.0,green,1
J392,I5304,9896.0,9902.0,green,1
J392,I5716,10800.0,10802.0,green,1
J2818,I3997,7150.0,7151.0,green,1
J2818,I4509,8194.0,8196.0,brown,2
J2818,I5885,11163.0,11166.0,brown,1
J2818,I7837,15381.0,15387.0,green,2
J2801,I11905,23756.0,23758.0,brown,1
J2801,I12114,24187.0,24189.0,green,1
J751,I1696,2738.0,2740.0,green,2
J751,I2208,3704.0,3711.0,green,1
J751,I2688,4570.0,4574.0,green,1
J1683,I3378,5924.0,5925.0,green,1
J1683,I3442,6060.0,6062.0,green,2
J1683,I3474,6120.0,6125.0,green,2
J1683,I6354,12088.0,12094.0,green,1
J2273,I2629,4460.0,4463.0,brown,3
J2273,I5734,10834.0,10845.0,green,1
J2273,I7493,14621.0,14625.0,brown,1
J4734,I1970,3244.0,3248.0,brown,1
J4734,I12339,24580.0,24584.0,green,1
J4734,I13907,27372.0,27376.0,green,1
J4734,I14227,27913.0,27914.0,green,1
J4734,I14419,28216.0,28218.0,green,1
J3829,I9254,18379.0,18381.0,green,2
J3829,I9286,18440.0,18442.0,brown,1
J3829,I9894,19672.0,19678.0,green,1
J3829,I11910,23771.0,23772.0,green,1
J3829,I14406,28187.0,28194.0,green,1
J3665,I7914,15531.0,15533.0,brown,2
J3665,I8043,15780.0,15784.0,green,1
J3665,I8938,17749.0,17750.0,brown,1
J3665,I13867,27298.0,27300.0,green,1
J4498,I2057,3394.0,3395.0,brown,1
J4498,I2313,3899.0,3900.0,brown,1
J4498,I2377,4002.0,4003.0,brown,1
J4498,I13546,26755.0,26757.0,green,1
J4498,I14570,28474.0,28476.0,green,1
J4396,I11965,23892.0,23894.0,green,2
J4396,I11997,23954.0,23955.0,green,1
J4396,I12125,24209.0,24212.0,green,1
J4396,I12542,24981.0,24983.0,brown,1
J4396,I14589,28504.0,28507.0,green,1
J330,I1157,1821.0,1822.0,green,1
J330,I1189,1871.0,1874.0,green,1
J330,I1637,2629.0,2631.0,green,1
J330,I1669,2692.0,2695.0,green,2
J330,I3141,5484.0,5485.0,green,1
J3865,I4497,8171.0,8172.0,brown,1
J3865,I11346,22649.0,22658.0,green,1
J3865,I13394,26507.0,26513.0,green,1
J3865,I13554,26766.0,26770.0,green,1
J4340,I13143,26073.0,26080.0,green,2
J1779,I1758,2866.0,2867.0,green,1
J1779,I6206,11804.0,11808.0,green,1
J1779,I10014,19936.0,19940.0,green,1
J2715,I2806,4795.0,4801.0,green,4
J2715,I2998,5202.0,5205.0,green,1
J2715,I6582,12609.0,12610.0,green,1
J4504,I8902,17664.0,17665.0,brown,1
J4504,I10055,20036.0,20038.0,green,1
J4504,I10407,20738.0,20741.0,green,1
J4504,I10919,21758.0,21761.0,green,2
J2996,I3705,6614.0,6615.0,brown,1
J2996,I8346,16459.0,16460.0,green,1
J2996,I9114,18101.0,18105.0,brown,3
J2996,I10106,20126.0,20130.0,green,1
J3644,I6561,12559.0,12560.0,green,1
J3644,I10145,20215.0,20218.0,green,1
J3644,I11233,22440.0,22444.0,green,4
J2618,I10124,20166.0,20167.0,brown,1
J2618,I11405,22764.0,22767.0,green,1
J3164,I1500,2388.0,2390.0,brown,1
J3164,I4605,8381.0,8386.0,green,3
J3164,I9101,18082.0,18085.0,green,1
J3164,I10057,20040.0,20041.0,green,1
J4654,I7512,14663.0,14664.0,brown,1
J4654,I9496,18888.0,18889.0,brown,1
J4654,I15497,29929.0,29931.0,green,2
J4654,I15507,29942.0,29943.0,green,1
J3627,I8250,16234.0,16237.0,green,1
J3627,I8314,16393.0,16397.0,green,4
J3627,I9530,18942.0,18944.0,brown,1
J745,I907,1399.0,1401.0,green,1
J745,I5771,10938.0,10940.0,green,2
J745,I7115,13685.0,13687.0,brown,1
J745,I11107,22135.0,22137.0,green,2
J1328,I697,1045.0,1047.0,green,2
J1328,I889,1376.0,1377.0,brown,1
J1328,I1209,1902.0,1903.0,brown,1
J1328,I2937,5060.0,5061.0,green,1
J1328,I4869,8959.0,8960.0,green,1
J4040,I8717,17275.0,17281.0,green,4
J4040,I9068,18013.0,18015.0,brown,1
J2119,I2833,4861.0,4865.0,green,1
J2119,I8561,16928.0,16931.0,green,2
J2119,I10065,20055.0,20063.0,green,2
J2119,I10833,21586.0,21591.0,green,1
J1752,I3749,6701.0,6705.0,green,1
J1752,I4101,7381.0,7383.0,green,1
J1752,I5515,10369.0,10383.0,green,1
J4089,I10128,20172.0,20177.0,green,1
J4089,I10767,21458.0,21461.0,brown,2
J4089,I11152,22221.0,22223.0,green,1
J4089,I12880,25596.0,25601.0,green,2
J2348,I7160,13789.0,13797.0,green,2
J2348,I7223,13946.0,13947.0,brown,1
J2348,I7287,14125.0,14130.0,brown,2
J2348,I12408,24722.0,24730.0,green,1
J4755,I639,951.0,953.0,brown,1
J4755,I11936,23827.0,23829.0,green,1
J4755,I12128,24214.0,24217.0,green,3
J4755,I13152,26097.0,26098.0,green,1
J168,I7153,13773.0,13777.0,green,1
J168,I8657,17150.0,17154.0,green,1
J168,I9745,19356.0,19358.0,green,1
J168,I12054,24069.0,24070.0,green,1
J283,I1679,2710.0,2712.0,brown,2
J283,I8240,16221.0,16222.0,green,1
J283,I12408,24722.0,24730.0,green,2
J2857,I2408,4049.0,4050.0,brown,1
J2857,I4457,8100.0,8101.0,green,1
J2857,I8265,16281.0,16282.0,green,1
J2857,I8810,17488.0,17490.0,brown,1
J2857,I12489,24872.0,24879.0,green,2
J2425,I3186,5586.0,5590.0,green,1
J2425,I3474,6120.0,6125.0,green,2
J4441,I11817,23587.0,23588.0,green,1
J4441,I11913,23776.0,23777.0,green,1
J4441,I12041,24046.0,24049.0,green,2
J4441,I12074,24111.0,24113.0,brown,2
J724,I867,1338.0,1339.0,brown,1
J724,I3331,5839.0,5841.0,brown,1
J724,I11011,21929.0,21930.0,brown,1
J724,I14724,28720.0,28723.0,green,1
J724,I14932,29050.0,29052.0,green,1
J4358,I11882,23714.0,23716.0,brown,1
J4358,I11979,23920.0,23922.0,green,1
J4358,I12107,24174.0,24175.0,green,1
J4358,I12203,24342.0,24345.0,green,1
J4358,I12235,24397.0,24404.0,green,1
J4358,I15211,29503.0,29504.0,green,1
J2160,I6797,13029.0,13031.0,green,2
J2160,I6829,13118.0,13119.0,green,1
J2160,I7357,14315.0,14317.0,green,1
J2160,I7925,15550.0,15557.0,green,1
J4632,I14165,27800.0,27802.0,brown,2
J4632,I14262,27973.0,27976.0,green,1
J4632,I14293,28015.0,28016.0,brown,1
J4632,I14686,28662.0,28665.0,green,1
J2024,I6550,12541.0,12544.0,green,1
J2024,I6806,13045.0,13064.0,green,1
J2024,I10982,21878.0,21885.0,green,1
J1439,I1778,2910.0,2915.0,brown,1
J1439,I1811,2968.0,2969.0,green,1
J1439,I2387,4016.0,4018.0,green,1
J1439,I3507,6218.0,6220.0,green,2
J1439,I4435,8040.0,8052.0,green,1
J310,I1073,1680.0,1681.0,brown,1
J310,I1106,1729.0,1732.0,green,1
J310,I1170,1837.0,1842.0,green,1
J310,I2386,4011.0,4016.0,green,1
J4105,I13776,27116.0,27120.0,green,1
J4105,I14639,28583.0,28585.0,brown,1
J4105,I14864,28949.0,28953.0,green,2
J2280,I3652,6499.0,6501.0,green,1
J2280,I4387,7931.0,7933.0,brown,1
J2280,I5700,10762.0,10768.0,green,1
J2280,I11508,22995.0,22998.0,green,1
J2280,I11585,23154.0,23156.0,green,1
J976,I447,653.0,654.0,brown,1
J976,I511,753.0,754.0,brown,1
J976,I671,1008.0,1009.0,brown,1
J976,I13535,26734.0,26738.0,brown,1
J976,I13704,27001.0,27013.0,green,2
J4978,I6891,13233.0,13235.0,brown,1
J4978,I7372,14344.0,14349.0,green,3
J4978,I9100,18072.0,18082.0,green,2
J2758,I6391,12173.0,12179.0,green,1
J2758,I9655,19193.0,19196.0,green,3
J1850,I3543,6288.0,6289.0,green,1
J1850,I7639,14918.0,14926.0,green,3
J1514,I1944,3196.0,3203.0,green,4
J1514,I3000,5207.0,5216.0,green,2
J1517,I5349,10004.0,10010.0,green,1
J1517,I6469,12377.0,12378.0,green,1
J1517,I13221,26209.0,26210.0,green,1
J1517,I14122,27725.0,27726.0,green,1
J3237,I9221,18289.0,18291.0,green,1
J3237,I9253,18372.0,18379.0,green,3
J3237,I9445,18785.0,18786.0,green,1
J3237,I9993,19890.0,19898.0,green,1
J3928,I7253,14037.0,14041.0,green,1
J3928,I8852,17583.0,17589.0,brown,2
J3928,I10580,21113.0,21115.0,brown,1
J3241,I9018,17901.0,17907.0,green,2
J3241,I9241,18341.0,18344.0,brown,1
J3241,I9593,19063.0,19066.0,brown,1
J1105,I2528,4276.0,4279.0,green,3
J1105,I2880,4950.0,4951.0,green,1
J1105,I3008,5231.0,5233.0,green,1
J1105,I3360,5880.0,5882.0,green,1
J1103,I3320,5822.0,5824.0,brown,2
J1103,I9336,18570.0,18571.0,brown,1
J1103,I10040,19998.0,19999.0,brown,1
J501,I1223,1922.0,1927.0,green,1
J2994,I2009,3318.0,3319.0,brown,1
J2994,I2073,3422.0,3423.0,brown,1
J2994,I2201,3693.0,3694.0,brown,1
J2994,I2778,4736.0,4741.0,green,1
J1549,I4439,8058.0,8060.0,brown,2
J1549,I5527,10404.0,10406.0,brown,1
J407,I921,1423.0,1426.0,green,1
J407,I1049,1643.0,1644.0,green,1
J407,I2193,3673.0,3677.0,green,2
J407,I2233,3752.0,3754.0,green,1
J1222,I1593,2554.0,2558.0,green,1
J1222,I3481,6151.0,6153.0,green,1
J1222,I4313,7799.0,7806.0,green,1
J1222,I4921,9073.0,9077.0,green,2
J1222,I5025,9309.0,9321.0,green,1
J4097,I6929,13296.0,13299.0,green,1
J4097,I7441,14500.0,14501.0,green,1
J4097,I12561,25011.0,25013.0,green,1
J4097,I12682,25234.0,25235.0,green,1
J1744,I5791,10981.0,10982.0,green,1
J1744,I7327,14239.0,14247.0,brown,1
J1744,I9727,19323.0,19324.0,green,1
J1744,I10527,20988.0,21002.0,green,2
J4982,I9825,19530.0,19537.0,green,1
J4982,I13089,25990.0,25993.0,green,1
J4982,I14305,28033.0,28039.0,green,1
J4982,I15297,29627.0,29629.0,green,1
J4982,I15489,29920.0,29921.0,green,1
J4982,I15527,29968.0,29971.0,green,1
J4269,I9181,18221.0,18227.0,green,2
J4269,I11645,23271.0,23273.0,green,2
J4269,I11773,23509.0,23510.0,brown,1
J4269,I13825,27222.0,27224.0,green,1
J850,I2615,4436.0,4437.0,brown,1
J850,I7192,13871.0,13879.0,green,1
J850,I10280,20458.0,20463.0,green,3
J850,I10648,21236.0,21240.0,green,1
J3428,I6528,12500.0,12503.0,brown,2
J3428,I8704,17246.0,17247.0,brown,1
J3428,I14785,28826.0,28827.0,green,1
J3428,I15055,29251.0,29254.0,green,2
J2734,I7759,15206.0,15209.0,green,2
J3798,I6090,11548.0,11551.0,brown,2
J3798,I14379,28139.0,28140.0,green,1
J3798,I14681,28654.0,28657.0,green,1
J3248,I3104,5405.0,5408.0,brown,1
J3248,I4864,8944.0,8947.0,brown,1
J3248,I6240,11874.0,11876.0,brown,1
J3248,I10785,21493.0,21495.0,green,1
J3248,I11361,22688.0,22694.0,green,1
J3942,I6577,12602.0,12605.0,brown,2
J3942,I9906,19703.0,19704.0,green,1
J3942,I14258,27963.0,27967.0,green,2
J3942,I14386,28148.0,28150.0,green,1
J3582,I2614,4434.0,4436.0,brown,2
J3582,I3671,6539.0,6541.0,green,1
J3582,I4183,7561.0,7562.0,green,1
J3582,I11000,21912.0,21914.0,green,1
J3051,I1471,2332.0,2333.0,brown,1
J3051,I1536,2436.0,2437.0,green,1
J3051,I7104,13665.0,13667.0,green,1
J3051,I7328,14247.0,14254.0,green,1
J3051,I8689,17216.0,17223.0,green,1
J3568,I9994,19898.0,19900.0,green,2
J3568,I10026,19966.0,19969.0,brown,1
J3568,I12938,25696.0,25700.0,green,1
J2321,I5827,11050.0,11052.0,green,2
J2321,I5891,11171.0,11175.0,green,4
J1046,I3306,5800.0,5801.0,brown,1
J1046,I3978,7118.0,7120.0,brown,1
J1046,I4491,8157.0,8159.0,green,2
J1046,I5963,11301.0,11303.0,brown,1
J1046,I6187,11764.0,11765.0,brown,1
J2966,I7178,13839.0,13842.0,green,3
J2966,I7242,14003.0,14005.0,green,1
J2966,I7274,14079.0,14082.0,green,2
J3932,I2750,4679.0,4682.0,brown,1
J3932,I4958,9157.0,9160.0,brown,1
J3932,I7902,15508.0,15510.0,brown,1
J3932,I10974,21864.0,21865.0,brown,1
J3932,I13567,26788.0,26789.0,green,1
J3932,I13631,26899.0,26900.0,green,1
J754,I3021,5252.0,5253.0,brown,1
J754,I9741,19349.0,19352.0,brown,2
J754,I9774,19401.0,19411.0,green,1
J754,I13133,26058.0,26060.0,brown,1
J2202,I3583,6359.0,6360.0,green,1
J2202,I3647,6493.0,6495.0,brown,1
J2202,I3679,6550.0,6562.0,green,1
J2202,I7647,14938.0,14944.0,green,1
J2202,I8847,17566.0,17577.0,green,2
J3136,I7385,14378.0,14379.0,brown,1
J3136,I7545,14729.0,14730.0,brown,1
J3136,I11322,22605.0,22610.0,green,1
J710,I1431,2264.0,2268.0,green,4
J710,I1463,2321.0,2323.0,green,1
J710,I2519,4259.0,4260.0,green,1
J357,I12510,24908.0,24910.0,green,1
J357,I12670,25209.0,25215.0,green,4
J3517,I15389,29773.0,29774.0,green,1
J2453,I1613,2590.0,2591.0,green,1
J2453,I5293,9859.0,9865.0,green,1
J2453,I8397,16576.0,16577.0,green,1
J2453,I8990,17845.0,17846.0,brown,1
J338,I1079,1689.0,1691.0,brown,2
J1698,I4949,9138.0,9140.0,green,1
J1698,I5493,10329.0,10330.0,green,1
J1698,I5589,10517.0,10519.0,green,1
J247,I10281,20463.0,20465.0,green,1
J247,I14745,28753.0,28754.0,green,1
J737,I2928,5042.0,5044.0,green,1
J737,I2992,5192.0,5195.0,green,2
J737,I3000,5207.0,5216.0,green,2
J737,I3350,5863.0,5866.0,green,1
J1190,I5547,10440.0,10444.0,green,1
J1190,I6937,13313.0,13317.0,green,1
J1190,I6969,13391.0,13396.0,green,2
J2255,I6936,13309.0,13313.0,green,2
J2255,I9559,18996.0,18998.0,brown,1
J4230,I7383,14376.0,14377.0,brown,1
J4230,I8055,15811.0,15813.0,brown,1
J4230,I12312,24536.0,24537.0,green,1
J4230,I12376,24650.0,24652.0,green,1
J4230,I13594,26837.0,26838.0,green,1
J122,I290,417.0,418.0,green,1
J122,I386,558.0,560.0,green,1
J122,I450,658.0,659.0,green,1
J122,I666,1002.0,1003.0,green,1
J3999,I8709,17260.0,17264.0,green,2
J3999,I10789,21506.0,21512.0,green,1
J3999,I14213,27883.0,27884.0,green,1
J4440,I10351,20612.0,20614.0,brown,1
J4440,I13296,26333.0,26335.0,green,2
J4440,I15328,29678.0,29681.0,green,2
J4006,I8781,17414.0,17415.0,brown,1
J4006,I8910,17678.0,17681.0,green,1
J4006,I9517,18925.0,18926.0,brown,1
J274,I4840,8889.0,8896.0,green,1
J274,I5288,9852.0,9855.0,green,1
J274,I8040,15765.0,15775.0,green,1
J274,I10092,20094.0,20099.0,green,1
J274,I11096,22107.0,22110.0,green,1
J328,I869,1340.0,1342.0,green,1
J328,I3045,5294.0,5299.0,green,1
J328,I8805,17468.0,17477.0,green,2
J328,I10885,21691.0,21696.0,green,2
J2418,I4434,8038.0,8040.0,brown,1
J2418,I6515,12466.0,12474.0,green,1
J2418,I11027,21963.0,21964.0,green,1
J2418,I11299,22558.0,22561.0,green,1
J2418,I11507,22992.0,22995.0,green,1
J2661,I744,1142.0,1143.0,green,1
J2661,I840,1295.0,1296.0,green,1
J2661,I2472,4169.0,4174.0,green,1
J2661,I7720,15113.0,15122.0,green,2
J2661,I8908,17671.0,17677.0,green,1
J2133,I3372,5909.0,5913.0,brown,1
J2133,I3820,6837.0,6838.0,brown,1
J2133,I7436,14492.0,14495.0,brown,1
J2133,I9676,19236.0,19238.0,brown,1
J2133,I10157,20242.0,20243.0,green,1
J2133,I14057,27611.0,27614.0,green,1
J3050,I1651,2658.0,2663.0,green,1
J3050,I4531,8237.0,8239.0,green,1
J3050,I5299,9878.0,9882.0,green,1
J3050,I6771,12980.0,12982.0,green,1
J3050,I7379,14364.0,14368.0,green,1
J3050,I10291,20483.0,20485.0,green,1
J3062,I8304,16377.0,16378.0,green,1
J3062,I10032,19978.0,19981.0,green,3
J3062,I10648,21236.0,21240.0,green,1
J4268,I8904,17666.0,17668.0,brown,1
J4268,I9160,18175.0,18176.0,brown,1
J1000,I2798,4772.0,4773.0,green,1
J1000,I2830,4850.0,4857.0,green,1
J957,I4810,8809.0,8813.0,green,1
J957,I6826,13111.0,13112.0,green,1
J957,I8682,17207.0,17208.0,green,1
J2742,I6815,13074.0,13078.0,green,1
J2742,I6847,13156.0,13159.0,green,3
J2742,I7167,13818.0,13820.0,green,1
J2742,I10527,20988.0,21002.0,green,1
J1083,I603,894.0,895.0,green,1
J1083,I763,1175.0,1176.0,green,1
J1083,I1019,1596.0,1598.0,green,2
J1083,I1755,2858.0,2862.0,green,1
J1083,I5163,9567.0,9573.0,green,1
J3249,I7721,15122.0,15125.0,green,1
J3249,I7753,15196.0,15201.0,green,1
J3249,I9993,19890.0,19898.0,green,2
J1540,I2024,3337.0,3339.0,green,1
J1540,I6728,12882.0,12889.0,green,1
J1540,I7656,14954.0,14973.0,green,2
J1540,I11592,23164.0,23171.0,green,2
J4766,I9011,17887.0,17889.0,brown,1
J4766,I10067,20064.0,20065.0,brown,1
J4766,I12372,24642.0,24643.0,green,1
J4766,I14436,28238.0,28242.0,green,1
J3980,I3029,5262.0,5263.0,green,1
J3980,I3669,6534.0,6536.0,green,2
J3980,I7701,15065.0,15066.0,green,1
J3980,I12423,24754.0,24756.0,green,1
J3980,I12437,24776.0,24777.0,green,1
J2334,I3517,6242.0,6245.0,brown,3
J2334,I8381,16536.0,16538.0,brown,1
J2334,I14014,27537.0,27540.0,green,1
J3472,I3704,6611.0,6614.0,brown,3
J3472,I3928,7023.0,7026.0,brown,2
J3472,I14137,27755.0,27756.0,green,1
J1730,I4188,7566.0,7568.0,brown,1
J1730,I6332,12042.0,12044.0,brown,1
J1730,I10909,21737.0,21738.0,green,1
J1730,I13885,27334.0,27336.0,green,1
J1730,I14173,27811.0,27813.0,green,2
J3000,I7197,13896.0,13897.0,green,1
J3000,I7229,13961.0,13962.0,green,1
J3000,I7261,14057.0,14058.0,green,1
J3000,I7293,14144.0,14145.0,green,1
J3000,I9405,18712.0,18713.0,green,1
J3215,I2826,4843.0,4844.0,green,1
J3215,I3178,5556.0,5562.0,green,2
J3215,I9786,19432.0,19434.0,green,1
J3215,I9898,19682.0,19683.0,green,1
J2592,I7658,14976.0,14981.0,green,1
J2592,I8809,17484.0,17488.0,brown,1
J2592,I11210,22367.0,22377.0,green,3
J1748,I3995,7148.0,7149.0,brown,1
J1748,I6300,11985.0,11986.0,green,1
J1748,I6428,12278.0,12279.0,green,1
J1748,I7516,14674.0,14676.0,green,1
J1748,I7644,14933.0,14936.0,green,1
J1196,I1210,1903.0,1904.0,brown,1
J1196,I6587,12617.0,12618.0,green,1
J1196,I10915,21748.0,21752.0,green,3
J1196,I11099,22113.0,22118.0,green,1
J831,I5734,10834.0,10845.0,green,2
J970,I691,1036.0,1037.0,brown,1
J970,I11164,22242.0,22249.0,green,1
J970,I11932,23820.0,23822.0,green,2
J192,I406,594.0,595.0,brown,1
J192,I7031,13515.0,13519.0,green,1
J192,I10487,20889.0,20894.0,green,1
J192,I10774,21472.0,21474.0,brown,1
J3266,I2160,3599.0,3602.0,green,1
J3266,I6480,12402.0,12407.0,green,1
J3266,I10328,20551.0,20558.0,green,3
J3266,I10612,21169.0,21170.0,green,1
J1712,I5200,9647.0,9657.0,green,1
J1712,I7312,14205.0,14213.0,green,2
J1712,I13484,26661.0,26663.0,green,1
J2117,I12200,24336.0,24340.0,green,1
J2117,I13224,26216.0,26218.0,green,2
J2117,I14120,27723.0,27724.0,green,1
J2117,I14528,28403.0,28404.0,green,1
J2117,I15048,29236.0,29237.0,green,1
J3748,I2946,5082.0,5083.0,brown,1
J3748,I3586,6371.0,6373.0,brown,2
J3748,I8482,16734.0,16738.0,brown,1
J3748,I13163,26117.0,26119.0,green,2
J2566,I3590,6379.0,6380.0,green,1
J2566,I3654,6503.0,6506.0,brown,1
J2566,I3718,6644.0,6645.0,green,1
J2566,I4518,8213.0,8216.0,green,2
J2566,I7590,14808.0,14812.0,green,1
J2650,I6808,13065.0,13066.0,brown,1
J2650,I9848,19578.0,19579.0,brown,1
J2650,I14553,28441.0,28446.0,green,4
J3831,I8457,16692.0,16694.0,brown,1
J3831,I8809,17484.0,17488.0,brown,1
J3831,I9002,17866.0,17870.0,green,1
J3831,I9258,18384.0,18387.0,green,1
J3831,I11210,22367.0,22377.0,green,1
J4788,I6859,13172.0,13174.0,brown,2
J4788,I6988,13432.0,13436.0,green,1
J4788,I7339,14272.0,14273.0,brown,1
J4788,I11980,23922.0,23924.0,green,1
J4788,I15034,29213.0,29214.0,green,1
J3101,I3794,6786.0,6788.0,brown,2
J3101,I4498,8172.0,8173.0,brown,1
J3101,I4594,8358.0,8362.0,brown,1
J3101,I11379,22715.0,22717.0,green,2
J2383,I1208,1899.0,1902.0,brown,1
J2383,I6616,12659.0,12660.0,brown,1
J2383,I9977,19863.0,19869.0,green,1
J456,I294,423.0,425.0,green,1
J456,I390,565.0,566.0,green,1
J456,I422,622.0,623.0,green,1
J456,I494,721.0,723.0,green,1
J456,I1166,1830.0,1833.0,green,1
J456,I1350,2128.0,2132.0,green,1
J1527,I2150,3579.0,3581.0,green,2
J1527,I2246,3776.0,3777.0,green,1
J1527,I2343,3944.0,3945.0,brown,1
J1527,I3078,5365.0,5366.0,green,1
J3131,I4947,9134.0,9136.0,brown,2
J3131,I5267,9813.0,9814.0,brown,1
J3131,I6516,12474.0,12482.0,green,1
J3131,I8627,17088.0,17090.0,brown,1
J3131,I9419,18739.0,18740.0,brown,1
J4028,I8945,17764.0,17766.0,brown,1
J4028,I8946,17766.0,17770.0,green,2
J4028,I10002,19908.0,19915.0,green,2
J4028,I10162,20251.0,20255.0,green,1
J1118,I49,62.0,63.0,green,1
J1118,I177,245.0,248.0,green,2
J1118,I209,296.0,297.0,green,1
J1118,I433,635.0,637.0,green,1
J1118,I6209,11810.0,11813.0,green,1
J842,I2571,4349.0,4353.0,green,1
J842,I2859,4905.0,4911.0,green,3
J1362,I1863,3047.0,3051.0,green,1
J1362,I2983,5168.0,5173.0,green,1
J1362,I7239,13992.0,13998.0,green,3
J1362,I9414,18729.0,18732.0,brown,1
J482,I1483,2356.0,2357.0,brown,1
J482,I4075,7321.0,7324.0,brown,2
J482,I5995,11356.0,11359.0,brown,1
J482,I8459,16697.0,16701.0,brown,1
J482,I10860,21641.0,21642.0,green,1
J3639,I3526,6259.0,6260.0,green,1
J3639,I4582,8343.0,8345.0,brown,1
J3639,I12238,24408.0,24410.0,green,1
J217,I514,756.0,757.0,green,1
J217,I7794,15283.0,15291.0,green,1
J217,I8050,15800.0,15805.0,green,1
J217,I8258,16248.0,16264.0,green,2
J2069,I5022,9299.0,9302.0,green,2
J2069,I6526,12498.0,12499.0,green,1
J2069,I7646,14937.0,14938.0,green,1
J2069,I8191,16108.0,16109.0,brown,1
J4515,I13687,26977.0,26978.0,brown,1
J4515,I15320,29664.0,29666.0,green,2
J4515,I15424,29824.0,29827.0,green,1
J681,I81,101.0,102.0,brown,1
J681,I914,1408.0,1409.0,green,1
J681,I6770,12975.0,12980.0,green,2
J681,I9010,17883.0,17887.0,green,1
J681,I10290,20480.0,20483.0,green,1
J4979,I12185,24311.0,24315.0,green,1
J4979,I12889,25615.0,25619.0,green,3
J4979,I15225,29523.0,29525.0,green,1
J4979,I15321,29666.0,29667.0,green,1
J4317,I2157,3591.0,3592.0,brown,1
J4317,I4717,8629.0,8630.0,brown,1
J4317,I7310,14190.0,14202.0,green,1
J4177,I3732,6667.0,6669.0,brown,2
J4177,I6388,12165.0,12169.0,brown,1
J4177,I12869,25569.0,25571.0,green,2
J4177,I13849,27275.0,27277.0,green,1
J3439,I7205,13915.0,13916.0,green,1
J3439,I7397,14400.0,14403.0,green,3
J3439,I7525,14690.0,14693.0,green,1
J3439,I7557,14747.0,14757.0,green,1
J617,I2028,3343.0,3347.0,brown,1
J617,I3459,6090.0,6091.0,brown,1
J617,I4564,8300.0,8302.0,green,2
J617,I4884,8986.0,8994.0,green,1
J617,I5140,9520.0,9528.0,green,1
J1466,I2243,3770.0,3774.0,green,1
J1466,I7907,15517.0,15522.0,green,1
J1466,I8835,17541.0,17543.0,green,1
J1466,I8867,17611.0,17614.0,green,1
J1466,I10091,20093.0,20094.0,green,1
J1466,I10838,21596.0,21598.0,green,1
J3648,I5814,11028.0,11035.0,green,1
J3648,I5973,11318.0,11320.0,brown,1
J3648,I6390,12170.0,12173.0,green,2
J3648,I6486,12416.0,12418.0,green,1
J3648,I7750,15187.0,15188.0,green,1
J2874,I1385,2189.0,2191.0,brown,1
J2874,I12874,25577.0,25586.0,green,4
J2874,I14778,28813.0,28818.0,green,1
J2480,I6348,12077.0,12081.0,brown,1
J2480,I13453,26614.0,26615.0,green,1
J2480,I14577,28485.0,28488.0,green,1
J2480,I14733,28734.0,28738.0,green,1
J2516,I7564,14771.0,14774.0,green,1
J2516,I7980,15666.0,15667.0,green,1
J2516,I8044,15784.0,15792.0,green,1
J2516,I8385,16543.0,16547.0,green,3
J1208,I8916,17687.0,17690.0,green,1
J1208,I11924,23803.0,23809.0,green,1
J1208,I12772,25393.0,25397.0,green,2
J907,I3150,5512.0,5514.0,green,2
J907,I8063,15825.0,15828.0,brown,1
J1204,I1626,2613.0,2616.0,brown,1
J1204,I3899,6964.0,6970.0,green,1
J1204,I4923,9080.0,9083.0,green,1
J3818,I9003,17870.0,17873.0,green,2
J3818,I9482,18857.0,18858.0,brown,1
J3818,I9802,19471.0,19472.0,brown,1
J3818,I10026,19966.0,19969.0,brown,1
J1078,I2885,4957.0,4960.0,green,1
J1078,I2917,5011.0,5016.0,green,4
J1078,I6405,12221.0,12227.0,green,1
J4839,I7937,15579.0,15580.0,brown,1
J4839,I7969,15646.0,15648.0,brown,2
J4839,I13026,25883.0,25885.0,green,2
J4839,I15282,29609.0,29611.0,green,1
J545,I1604,2575.0,2576.0,green,1
J545,I1668,2687.0,2692.0,green,1
J545,I1828,2998.0,2999.0,green,1
J545,I1924,3159.0,3164.0,green,1
J545,I2628,4456.0,4460.0,green,1
J545,I7680,15021.0,15023.0,brown,1
J2286,I3847,6883.0,6884.0,brown,1
J2286,I5319,9941.0,9944.0,brown,1
J2286,I10664,21277.0,21281.0,green,2
J2286,I12072,24106.0,24110.0,green,1
J2286,I13032,25894.0,25895.0,green,1
J1996,I5488,10317.0,10319.0,green,2
J1996,I5904,11196.0,11202.0,green,1
J3275,I5356,10025.0,10028.0,green,2
J3275,I5452,10247.0,10248.0,green,1
J3275,I8588,16987.0,16996.0,green,1
J1905,I3139,5478.0,5482.0,green,1
J1905,I6819,13096.0,13100.0,green,1
J1905,I8035,15755.0,15757.0,green,1
J1905,I8387,16550.0,16552.0,green,2
J1905,I9603,19085.0,19087.0,green,1
J1885,I3105,5408.0,5409.0,brown,1
J1885,I3138,5476.0,5478.0,green,1
J1885,I3202,5613.0,5616.0,green,3
J1885,I7298,14155.0,14157.0,green,1
J3479,I8509,16792.0,16799.0,green,5
J3479,I11693,23347.0,23351.0,green,1
J648,I1748,2844.0,2846.0,brown,2
J648,I7925,15550.0,15557.0,green,2
J648,I13349,26426.0,26428.0,green,2
J1201,I3099,5398.0,5400.0,green,1
J1201,I3996,7149.0,7150.0,green,1
J1201,I4332,7834.0,7836.0,brown,1
J2419,I4726,8645.0,8646.0,brown,1
J2419,I5047,9357.0,9359.0,green,2
J2419,I7286,14117.0,14125.0,green,2
J2419,I7607,14845.0,14850.0,green,1
J2760,I4665,8516.0,8518.0,brown,1
J3795,I6366,12120.0,12123.0,green,2
J3795,I7230,13962.0,13969.0,green,1
J3795,I10654,21260.0,21263.0,green,1
J3795,I11166,22255.0,22261.0,green,2
J1913,I6038,11449.0,11451.0,green,1
J1913,I6102,11574.0,11577.0,green,3
J1913,I6294,11973.0,11975.0,green,1
J1913,I11439,22833.0,22836.0,green,1
J4354,I7606,14843.0,14845.0,brown,1
J4354,I8054,15810.0,15811.0,brown,1
J4354,I8150,16015.0,16017.0,brown,1
J1697,I5192,9635.0,9636.0,brown,1
J1697,I5301,9884.0,9890.0,green,3
J2756,I8067,15836.0,15837.0,green,1
J2756,I8291,16346.0,16348.0,green,1
J2756,I10883,21679.0,21690.0,green,1
J1512,I3037,5272.0,5274.0,brown,2
J1512,I5246,9761.0,9765.0,green,1
J1512,I5406,10136.0,10146.0,green,1
J1512,I5470,10273.0,10280.0,green,2
J1128,I4286,7749.0,7750.0,brown,1
J1128,I4318,7812.0,7814.0,brown,2
J1128,I4702,8598.0,8600.0,brown,1
J1128,I7038,13535.0,13538.0,brown,1
J1128,I9327,18531.0,18537.0,green,1
J204,I9121,18118.0,18120.0,green,2
J204,I10017,19948.0,19954.0,green,1
J3120,I3211,5628.0,5637.0,green,1
J3120,I12027,24007.0,24014.0,green,5
J4308,I12173,24291.0,24292.0,green,1
J4308,I12333,24569.0,24571.0,brown,2
J4308,I13165,26120.0,26123.0,green,1
J4308,I14865,28953.0,28956.0,green,1
J4308,I15021,29196.0,29197.0,green,1
J3974,I8122,15959.0,15961.0,green,1
J3974,I8538,16860.0,16864.0,green,1
J3974,I9690,19257.0,19259.0,green,1
J3974,I12922,25660.0,25663.0,green,1
J393,I4132,7449.0,7451.0,brown,1
J393,I4292,7759.0,7762.0,brown,1
J393,I4677,8535.0,8547.0,green,1
J393,I9301,18467.0,18479.0,green,1
J45,I339,487.0,488.0,green,1
J45,I403,585.0,588.0,green,1
J45,I1651,2658.0,2663.0,green,1
J4945,I11152,22221.0,22223.0,green,1
J4945,I11183,22303.0,22305.0,brown,1
J4945,I11184,22305.0,22307.0,green,1
J4945,I11312,22582.0,22585.0,green,1
J4945,I15472,29898.0,29899.0,green,1
J4945,I15536,29980.0,29981.0,green,1
J4838,I2567,4344.0,4345.0,brown,1
J4838,I2919,5019.0,5022.0,brown,1
J4838,I14856,28936.0,28939.0,green,2
J3061,I1933,3176.0,3178.0,green,1
J3061,I2285,3854.0,3855.0,green,1
J3738,I6228,11849.0,11852.0,brown,1
J3738,I6324,12033.0,12034.0,brown,1
J3738,I14765,28789.0,28792.0,green,1
J3738,I14837,28905.0,28907.0,green,1
J1162,I3931,7029.0,7037.0,green,1
J1162,I6171,11724.0,11727.0,green,1
J1162,I6395,12194.0,12197.0,green,3
J4088,I14595,28515.0,28518.0,green,1
J4088,I14859,28941.0,28944.0,green,1
J4088,I14915,29022.0,29026.0,green,2
J4932,I10917,21755.0,21757.0,brown,2
J4932,I15118,29366.0,29367.0,green,1
J4932,I15398,29787.0,29788.0,green,1
J4377,I999,1563.0,1565.0,brown,1
J4377,I1095,1714.0,1715.0,brown,1
J4377,I7911,15525.0,15528.0,brown,1
J4377,I13704,27001.0,27013.0,green,2
J4377,I15136,29386.0,29388.0,green,1
J4229,I7396,14398.0,14400.0,brown,1
J4229,I8325,16418.0,16422.0,green,1
J4229,I9061,17997.0,18001.0,green,1
J4229,I9477,18849.0,18853.0,green,1
J4229,I10404,20731.0,20733.0,brown,1
J4229,I14765,28789.0,28792.0,green,1
J2810,I5298,9877.0,9878.0,green,1
J2810,I5362,10037.0,10041.0,green,1
J2810,I5682,10717.0,10721.0,green,2
J2810,I6162,11699.0,11702.0,green,2
J4328,I4111,7399.0,7400.0,brown,1
J4328,I4175,7538.0,7544.0,brown,2
J4328,I12976,25784.0,25787.0,green,1
J4328,I13712,27023.0,27025.0,green,1
J238,I754,1163.0,1166.0,green,2
J238,I3000,5207.0,5216.0,green,2
J238,I3288,5773.0,5774.0,green,1
J1413,I1791,2935.0,2941.0,green,2
J1413,I1854,3037.0,3039.0,brown,1
J1413,I2079,3431.0,3437.0,green,1
J1413,I3679,6550.0,6562.0,green,1
J1413,I4583,8345.0,8347.0,green,1
J3934,I3273,5750.0,5752.0,brown,1
J3934,I14794,28840.0,28841.0,green,1
J3934,I15146,29399.0,29401.0,green,1
J996,I938,1455.0,1456.0,green,1
J996,I3626,6452.0,6457.0,green,1
J2114,I2186,3647.0,3652.0,green,1
J2114,I5610,10559.0,10562.0,green,2
J2114,I6442,12309.0,12314.0,green,1
J2114,I6794,13023.0,13025.0,green,1
J2114,I10066,20063.0,20064.0,green,1
J1735,I4842,8897.0,8904.0,green,5
J1735,I4937,9115.0,9117.0,brown,1
J6,I295,425.0,431.0,green,1
J6,I3559,6306.0,6309.0,green,2
J6,I4391,7943.0,7947.0,green,1
J6,I7463,14551.0,14553.0,green,1
J6,I8743,17333.0,17337.0,green,1
J285,I2467,4155.0,4161.0,green,2
J285,I6403,12217.0,12218.0,green,1
J285,I6659,12741.0,12744.0,green,2
J285,I7043,13546.0,13547.0,green,1
J76,I812,1250.0,1252.0,green,2
J76,I940,1457.0,1467.0,green,1
J76,I1196,1883.0,1884.0,green,1
J76,I1229,1941.0,1943.0,brown,1
J76,I1780,2916.0,2921.0,green,1
J1099,I2311,3894.0,3898.0,green,4
J1099,I2375,3997.0,4000.0,green,2
J227,I5220,9697.0,9701.0,green,1
J227,I6724,12869.0,12873.0,green,2
J227,I11116,22154.0,22159.0,green,1
J227,I11924,23803.0,23809.0,green,2
J1940,I3248,5701.0,5703.0,green,1
J1940,I3408,5981.0,5992.0,green,1
J1940,I7280,14093.0,14099.0,green,1
J1931,I5625,10586.0,10598.0,green,1
J1931,I8985,17833.0,17841.0,green,3
J3646,I9838,19559.0,19561.0,brown,1
J3646,I9998,19904.0,19905.0,brown,1
J3646,I10030,19976.0,19977.0,brown,1
J3646,I10222,20359.0,20361.0,brown,1
J3646,I10703,21339.0,21341.0,green,1
J3646,I13198,26177.0,26178.0,brown,1
J2344,I4516,8206.0,8209.0,green,3
J2344,I4612,8398.0,8400.0,green,1
J2344,I4932,9104.0,9107.0,brown,1
J2344,I7598,14825.0,14831.0,green,1
J2565,I6369,12129.0,12132.0,green,1
J2565,I6817,13079.0,13095.0,green,2
J700,I1708,2776.0,2778.0,green,1
J700,I1739,2832.0,2834.0,brown,1
J700,I3148,5496.0,5506.0,green,3
J700,I4204,7594.0,7599.0,green,1
J4636,I9891,19665.0,19668.0,brown,3
J4636,I10083,20082.0,20083.0,brown,1
J4636,I10339,20581.0,20584.0,brown,1
J4636,I10884,21690.0,21691.0,green,1
J1007,I589,866.0,867.0,green,1
J1007,I717,1088.0,1090.0,brown,1
J1007,I749,1151.0,1155.0,green,3
J1007,I1101,1720.0,1722.0,brown,1
J2723,I3034,5267.0,5270.0,brown,3
J2723,I8379,16529.0,16532.0,green,1
J2723,I13467,26633.0,26639.0,green,1
J2645,I1889,3088.0,3091.0,brown,1
J2645,I2050,3385.0,3387.0,green,1
J2645,I2082,3444.0,3447.0,green,1
J2645,I7394,14395.0,14396.0,green,1
J2645,I8866,17609.0,17611.0,brown,1
J4853,I14170,27806.0,27808.0,green,2
J4853,I14234,27923.0,27924.0,green,1
J4853,I15322,29667.0,29668.0,green,1
J2508,I3758,6723.0,6724.0,brown,1
J2508,I3886,6949.0,6950.0,brown,1
J2508,I12879,25594.0,25596.0,green,2
J2118,I3238,5682.0,5684.0,green,1
J2118,I3269,5739.0,5741.0,brown,1
J2118,I4742,8669.0,8673.0,green,1
J2118,I5702,10772.0,10777.0,green,1
J3701,I8380,16532.0,16536.0,green,2
J3701,I8411,16597.0,16598.0,brown,1
J3701,I13788,27151.0,27154.0,green,2
J3701,I13836,27238.0,27241.0,green,1
J2037,I3749,6701.0,6705.0,green,1
J2037,I3781,6766.0,6768.0,green,1
J2037,I3909,6990.0,6991.0,green,1
J2037,I4677,8535.0,8547.0,green,1
J3371,I11738,23444.0,23446.0,green,2
J3371,I11962,23886.0,23890.0,green,3
J3371,I12250,24430.0,24433.0,green,1
J3203,I6985,13421.0,13429.0,brown,4
J3203,I8554,16905.0,16906.0,green,1
J3203,I11210,22367.0,22377.0,green,1
J1487,I4648,8479.0,8481.0,brown,2
J1487,I4841,8896.0,8897.0,green,1
J395,I1308,2066.0,2068.0,green,1
J395,I8268,16289.0,16297.0,green,2
J760,I613,910.0,911.0,green,1
J760,I645,965.0,968.0,green,1
J760,I933,1446.0,1451.0,green,2
J2582,I3716,6637.0,6639.0,green,2
J2582,I4452,8089.0,8092.0,green,1
J2582,I6404,12218.0,12221.0,green,1
J2582,I11396,22751.0,22754.0,green,1
J2582,I11576,23139.0,23140.0,green,1
J4042,I8533,16847.0,16848.0,green,1
J4042,I8661,17163.0,17170.0,green,3
J4042,I9109,18094.0,18095.0,green,1
J1666,I12703,25273.0,25279.0,green,2
J2077,I4836,8875.0,8884.0,green,2
J2077,I7427,14472.0,14473.0,brown,1
J2077,I8836,17543.0,17548.0,green,1
J2077,I11780,23518.0,23526.0,green,1
J2077,I12878,25593.0,25594.0,green,1
J1483,I4834,8866.0,8873.0,green,6
J3961,I9399,18698.0,18699.0,green,1
J3961,I9431,18760.0,18763.0,green,3
J3997,I4626,8421.0,8433.0,green,2
J3997,I10802,21536.0,21537.0,green,1
J3997,I10866,21653.0,21654.0,brown,1
J2596,I7228,13960.0,13961.0,green,1
J2596,I7260,14056.0,14057.0,green,1
J2596,I7356,14308.0,14315.0,green,4
J121,I10963,21837.0,21845.0,green,4
J121,I11091,22099.0,22102.0,green,1
J3036,I4573,8319.0,8320.0,green,1
J3036,I7901,15503.0,15508.0,green,1
J3036,I12237,24406.0,24408.0,green,2
J3036,I12301,24515.0,24516.0,green,1
J306,I532,781.0,783.0,green,1
J306,I4884,8986.0,8994.0,green,1
J306,I9172,18197.0,18200.0,green,1
J4190,I10514,20965.0,20966.0,brown,1
J4190,I12923,25663.0,25668.0,green,1
J378,I1097,1716.0,1717.0,brown,1
J378,I1225,1929.0,1931.0,brown,1
J378,I11146,22210.0,22212.0,green,1
J378,I13098,26005.0,26007.0,green,2
J1455,I2410,4054.0,4055.0,green,1
J1455,I2698,4588.0,4589.0,green,1
J1455,I2922,5026.0,5028.0,green,1
J1455,I3626,6452.0,6457.0,green,1
J1455,I6962,13377.0,13380.0,green,1
J4998,I14350,28097.0,28098.0,brown,1
J4998,I14510,28372.0,28373.0,brown,1
J4200,I4794,8776.0,8780.0,brown,1
J4200,I4795,8780.0,8781.0,green,1
J4200,I4827,8849.0,8853.0,green,1
J4200,I5051,9365.0,9366.0,brown,1
J4200,I8443,16649.0,16651.0,green,1
J4200,I10107,20130.0,20137.0,green,1
J2056,I5218,9692.0,9695.0,brown,1
J2056,I5282,9837.0,9838.0,brown,1
J2056,I5346,9999.0,10000.0,brown,1
J2056,I9187,18237.0,18239.0,green,1
J2056,I12771,25392.0,25393.0,green,1
J2056,I14027,27554.0,27561.0,green,1
J1255,I3900,6970.0,6972.0,green,1
J1255,I4572,8314.0,8319.0,green,1
J1255,I4764,8712.0,8713.0,green,1
J1255,I4924,9083.0,9088.0,green,2
J1255,I7356,14308.0,14315.0,green,1
J1227,I3800,6795.0,6800.0,green,1
J1227,I3896,6959.0,6962.0,green,1
J1227,I4056,7281.0,7285.0,green,4
J86,I213,306.0,311.0,green,4
J1599,I6178,11740.0,11748.0,green,5
J1251,I2995,5198.0,5199.0,brown,1
J1251,I5907,11206.0,11210.0,brown,1
J1251,I8083,15865.0,15866.0,brown,1
J1251,I11540,23052.0,23055.0,green,2
J3045,I8560,16926.0,16928.0,green,2
J3045,I8688,17215.0,17216.0,brown,1
J3045,I9360,18623.0,18624.0,green,1
J3045,I9425,18746.0,18749.0,brown,1
J3045,I11728,23420.0,23421.0,green,1
J3224,I1911,3127.0,3128.0,brown,1
J3224,I4727,8646.0,8649.0,brown,1
J3224,I13786,27144.0,27149.0,green,3
J4752,I10845,21609.0,21610.0,green,1
J4752,I10877,21671.0,21673.0,brown,1
J4752,I11101,22120.0,22121.0,green,1
J4752,I14589,28504.0,28507.0,green,1
J4752,I14749,28761.0,28763.0,green,2
J2127,I5109,9462.0,9463.0,green,1
J2127,I5173,9588.0,9593.0,green,3
J2127,I5269,9816.0,9817.0,green,1
J1534,I1774,2902.0,2903.0,green,1
J1534,I1838,3011.0,3013.0,green,2
J1534,I2638,4477.0,4482.0,green,1
J1534,I3510,6224.0,6230.0,green,2
J3925,I6953,13360.0,13362.0,brown,2
J3925,I7530,14699.0,14700.0,green,1
J3925,I8010,15711.0,15719.0,green,1
J1584,I4696,8584.0,8585.0,green,1
J1584,I4920,9066.0,9073.0,green,2
J1584,I5336,9975.0,9976.0,green,1
J1584,I11096,22107.0,22110.0,green,1
J1584,I11215,22387.0,22396.0,green,1
J3198,I6172,11727.0,11729.0,green,2
J3198,I6716,12855.0,12857.0,green,2
J3198,I6940,13322.0,13329.0,green,2
J4947,I14723,28719.0,28720.0,green,1
J4947,I14755,28777.0,28778.0,green,1
J4947,I14787,28828.0,28830.0,green,1
J4947,I15459,29871.0,29874.0,green,2
J4947,I15491,29922.0,29924.0,green,1
J4586,I9885,19652.0,19655.0,brown,1
J4586,I10142,20200.0,20210.0,green,3
J2707,I7098,13654.0,13656.0,brown,1
J2707,I12035,24031.0,24035.0,green,1
J2707,I12251,24433.0,24437.0,green,1
J3902,I1910,3123.0,3127.0,brown,1
J3902,I4535,8248.0,8249.0,green,1
J3902,I5431,10196.0,10200.0,brown,1
J3902,I10615,21174.0,21176.0,brown,1
J3902,I12263,24454.0,24455.0,green,1
J3647,I9514,18917.0,18920.0,green,2
J206,I667,1003.0,1004.0,green,1
J206,I699,1048.0,1050.0,green,1
J206,I6565,12574.0,12577.0,green,1
J218,I690,1034.0,1036.0,brown,1
J218,I6483,12409.0,12414.0,green,1
J218,I6995,13444.0,13449.0,green,1
J218,I11619,23224.0,23226.0,green,2
J218,I11651,23280.0,23283.0,green,1
J4833,I9367,18634.0,18637.0,brown,1
J4833,I10199,20323.0,20324.0,brown,1
J4833,I10776,21476.0,21479.0,green,1
J4833,I14392,28167.0,28168.0,green,1
J4833,I14472,28307.0,28313.0,green,1
J4833,I14744,28752.0,28753.0,green,1
J3880,I7749,15182.0,15187.0,green,1
J3880,I13231,26224.0,26230.0,green,2
J326,I267,386.0,387.0,brown,1
J326,I1772,2898.0,2899.0,green,1
J326,I1804,2958.0,2960.0,green,1
J326,I12380,24656.0,24658.0,green,2
J326,I12428,24760.0,24761.0,green,1
J3671,I6283,11953.0,11954.0,green,1
J3671,I6347,12075.0,12077.0,green,1
J3671,I7691,15039.0,15045.0,green,1
J3671,I7787,15274.0,15276.0,green,1
J3671,I8427,16623.0,16624.0,green,1
J3671,I12059,24077.0,24079.0,green,1
J3771,I4577,8325.0,8331.0,green,5
J3765,I5988,11340.0,11342.0,green,1
J2311,I6645,12713.0,12714.0,green,1
J2311,I6677,12782.0,12785.0,green,2
J2311,I8405,16588.0,16592.0,green,1
J4123,I12557,25006.0,25008.0,brown,2
J4123,I12621,25130.0,25132.0,brown,1
J4123,I13293,26329.0,26330.0,brown,1
J577,I3562,6315.0,6321.0,green,1
J577,I7050,13559.0,13560.0,green,1
J966,I1937,3188.0,3190.0,brown,2
J966,I6034,11438.0,11443.0,green,2
J966,I9569,19017.0,19019.0,brown,1
J152,I260,375.0,376.0,green,1
J152,I292,419.0,420.0,green,1
J152,I644,961.0,965.0,green,1
J4781,I13473,26645.0,26646.0,brown,1
J4781,I13537,26740.0,26742.0,brown,1
J4781,I13890,27344.0,27346.0,green,1
J3994,I6940,13322.0,13329.0,green,1
J3994,I7643,14930.0,14933.0,brown,2
J3994,I12411,24732.0,24735.0,brown,1
J2942,I9558,18990.0,18996.0,brown,1
J2942,I11359,22679.0,22686.0,green,1
J2018,I4216,7614.0,7615.0,brown,1
J2018,I8921,17698.0,17710.0,green,1
J156,I725,1104.0,1108.0,green,3
J156,I821,1265.0,1267.0,green,1
J2593,I7802,15312.0,15316.0,green,1
J2593,I8526,16826.0,16828.0,green,1
J2593,I9050,17963.0,17965.0,green,1
J53,I435,638.0,639.0,green,1
J53,I3763,6729.0,6735.0,green,1
J53,I4435,8040.0,8052.0,green,1
J1036,I1894,3097.0,3100.0,green,1
J1036,I1925,3164.0,3168.0,brown,1
J1036,I1958,3225.0,3226.0,green,1
J1036,I2918,5016.0,5019.0,green,1
J1036,I3286,5771.0,5772.0,green,1
J3077,I6605,12644.0,12645.0,green,1
J3077,I6701,12821.0,12823.0,green,2
J3077,I11693,23347.0,23351.0,green,2
J3077,I11825,23603.0,23606.0,green,1
J2886,I7696,15058.0,15060.0,brown,1
J2886,I7729,15151.0,15152.0,green,1
J2886,I7953,15612.0,15616.0,green,1
J2886,I11089,22096.0,22097.0,brown,1
J2886,I11697,23361.0,23364.0,brown,1
J49,I283,410.0,411.0,green,1
J49,I2171,3618.0,3622.0,green,1
J49,I6555,12549.0,12551.0,green,1
J49,I8963,17799.0,17801.0,green,1
J49,I8979,17824.0,17826.0,green,1
J4289,I594,875.0,876.0,brown,1
J4289,I626,935.0,936.0,brown,1
J4289,I10963,21837.0,21845.0,green,1
J4289,I13247,26256.0,26257.0,green,1
J4289,I13827,27225.0,27226.0,green,1
J3318,I1873,3063.0,3065.0,brown,2
J3318,I11346,22649.0,22658.0,green,3
J3914,I11466,22896.0,22904.0,green,1
J3914,I11690,23338.0,23342.0,green,2
J3914,I11898,23744.0,23748.0,green,1
J3914,I12362,24628.0,24629.0,green,1
J4523,I9601,19082.0,19084.0,green,1
J4523,I9697,19270.0,19272.0,green,2
J4523,I12097,24159.0,24160.0,brown,1
J2050,I4266,7708.0,7714.0,green,1
J2050,I5514,10366.0,10369.0,green,1
J2050,I6314,12010.0,12013.0,green,2
J2050,I7498,14631.0,14635.0,green,1
J4407,I8805,17468.0,17477.0,green,2
J4407,I8837,17548.0,17549.0,green,1
J4407,I9029,17932.0,17933.0,brown,1
J4407,I9285,18439.0,18440.0,brown,1
J4407,I9317,18514.0,18516.0,brown,1
J1365,I5200,9647.0,9657.0,green,1
J1365,I5328,9958.0,9962.0,green,1
J1365,I10096,20104.0,20105.0,green,1
J1365,I11824,23600.0,23603.0,green,1
J2477,I5639,10621.0,10624.0,green,2
J2477,I8039,15761.0,15765.0,green,1
J2477,I8391,16561.0,16565.0,green,1
J2477,I10503,20939.0,20940.0,green,1
J2477,I10687,21315.0,21317.0,green,1
J418,I1278,2012.0,2014.0,green,1
J418,I4204,7594.0,7599.0,green,1
J418,I4239,7666.0,7668.0,green,1
J1824,I4924,9083.0,9088.0,green,1
J1824,I8444,16651.0,16656.0,green,1
J1824,I10652,21247.0,21257.0,green,2
J1824,I11180,22291.0,22300.0,green,2
J815,I1156,1818.0,1821.0,green,1
J815,I1444,2287.0,2290.0,green,2
J815,I5708,10784.0,10785.0,green,1
J815,I5828,11052.0,11059.0,green,1
J815,I6244,11880.0,11881.0,green,1
J3007,I5733,10831.0,10834.0,green,2
J2927,I2903,4988.0,4990.0,brown,1
J2927,I3895,6958.0,6959.0,brown,1
J2927,I6007,11385.0,11387.0,brown,1
J2927,I6071,11518.0,11522.0,brown,1
J2927,I8663,17171.0,17172.0,brown,1
J3879,I7116,13687.0,13693.0,green,4
J3879,I11116,22154.0,22159.0,green,2
J4385,I10488,20894.0,20898.0,green,4
J4385,I10552,21056.0,21057.0,green,1
J4385,I10777,21479.0,21480.0,brown,1
J184,I537,793.0,794.0,green,1
J184,I665,1001.0,1002.0,green,1
J184,I1017,1591.0,1593.0,green,1
J184,I1641,2637.0,2639.0,green,1
J3899,I9013,17890.0,17893.0,green,1
J3899,I9140,18145.0,18146.0,brown,1
J3899,I11683,23326.0,23328.0,green,2
J171,I261,376.0,377.0,brown,1
J171,I294,423.0,425.0,green,1
J171,I678,1016.0,1018.0,green,2
J171,I710,1073.0,1078.0,green,1
J4508,I9241,18341.0,18344.0,brown,1
J4508,I9306,18486.0,18492.0,green,4
J759,I2807,4801.0,4806.0,green,5
J2308,I6534,12510.0,12512.0,brown,1
J2308,I12039,24038.0,24043.0,green,2
J2091,I4778,8742.0,8743.0,brown,1
J2091,I4938,9117.0,9118.0,brown,1
J2091,I6090,11548.0,11551.0,brown,1
J2091,I6890,13231.0,13233.0,brown,1
J2091,I7002,13466.0,13467.0,brown,1
J3597,I4941,9122.0,9124.0,brown,1
J3597,I9709,19294.0,19296.0,brown,1
J3597,I10029,19974.0,19976.0,brown,1
J3597,I11502,22978.0,22987.0,green,1
J3597,I12877,25589.0,25593.0,brown,1
J3172,I4023,7197.0,7205.0,green,1
J3172,I4055,7276.0,7281.0,green,4
J3172,I9343,18582.0,18586.0,green,1
J3043,I7244,14009.0,14010.0,green,1
J3043,I7308,14185.0,14188.0,green,3
J3043,I9677,19238.0,19239.0,brown,1
J936,I993,1552.0,1553.0,green,1
J936,I1057,1659.0,1660.0,brown,1
J936,I1185,1866.0,1867.0,brown,1
J766,I9531,18944.0,18945.0,brown,1
J766,I13916,27390.0,27394.0,green,1
J766,I14908,29015.0,29016.0,green,1
J702,I611,906.0,909.0,brown,3
J2689,I3010,5234.0,5238.0,green,3
J2689,I3138,5476.0,5478.0,green,1
J2689,I4289,7753.0,7755.0,brown,1
J2689,I8706,17248.0,17254.0,green,1
J2272,I5744,10865.0,10866.0,green,1
J2272,I5872,11141.0,11143.0,green,2
J2272,I10420,20761.0,20765.0,green,1
J2272,I11024,21957.0,21960.0,green,1
J2293,I4444,8067.0,8071.0,green,1
J2293,I5116,9476.0,9477.0,green,1
J2293,I5148,9540.0,9541.0,green,1
J2293,I7196,13894.0,13896.0,green,1
J2293,I8573,16955.0,16957.0,brown,1
J1009,I9010,17883.0,17887.0,green,2
J1009,I11137,22194.0,22196.0,brown,1
J1389,I2647,4492.0,4493.0,brown,1
J1389,I9271,18404.0,18406.0,brown,1
J1389,I10903,21728.0,21729.0,brown,1
J1389,I13802,27181.0,27183.0,green,1
J488,I745,1143.0,1144.0,green,1
J488,I1353,2136.0,2138.0,green,1
J488,I1593,2554.0,2558.0,green,3
J2506,I6874,13208.0,13210.0,green,2
J2506,I8442,16648.0,16649.0,green,1
J2506,I10586,21122.0,21124.0,green,2
J106,I72,91.0,92.0,brown,1
J106,I189,263.0,265.0,green,2
J106,I573,845.0,846.0,green,1
J106,I1597,2561.0,2563.0,green,1
J106,I2045,3373.0,3377.0,green,1
J1926,I4066,7301.0,7302.0,brown,1
J1926,I4162,7519.0,7521.0,brown,2
J1926,I4226,7637.0,7639.0,brown,1
J1926,I14316,28051.0,28053.0,green,1
J4045,I11759,23478.0,23479.0,brown,1
J4045,I12831,25507.0,25508.0,brown,1
J4045,I13071,25960.0,25961.0,brown,1
J4045,I13535,26734.0,26738.0,brown,1
J1223,I574,846.0,848.0,brown,1
J1223,I5151,9543.0,9548.0,green,3
J1223,I7551,14738.0,14739.0,green,1
J435,I900,1391.0,1392.0,brown,1
J435,I933,1446.0,1451.0,green,1
J435,I1412,2230.0,2231.0,brown,1
J435,I1765,2885.0,2890.0,green,1
J4101,I2010,3319.0,3322.0,brown,1
J4101,I7450,14520.0,14525.0,brown,1
J4101,I10651,21246.0,21247.0,green,1
J4101,I11035,21989.0,21991.0,green,2
J2154,I6686,12798.0,12800.0,green,2
J2154,I7198,13897.0,13900.0,green,2
J2154,I7598,14825.0,14831.0,green,1
J2154,I8065,15829.0,15831.0,green,1
J4416,I6322,12030.0,12032.0,brown,2
J4416,I13363,26451.0,26458.0,green,3
J4416,I13779,27127.0,27128.0,green,1
J52,I8081,15859.0,15863.0,green,1
J52,I12465,24830.0,24831.0,green,1
J2210,I1753,2856.0,2857.0,green,1
J2210,I4153,7501.0,7507.0,green,1
J2210,I8921,17698.0,17710.0,green,1
J2210,I8995,17852.0,17858.0,green,1
J1025,I2738,4653.0,4660.0,green,1
J1025,I3538,6278.0,6282.0,green,2
J1025,I6770,12975.0,12980.0,green,1
J4015,I6733,12899.0,12901.0,brown,1
J4015,I6894,13237.0,13238.0,green,1
J4015,I13978,27487.0,27488.0,green,1
J4587,I13605,26856.0,26857.0,brown,1
J4587,I13893,27350.0,27353.0,brown,2
J4587,I14022,27548.0,27549.0,green,1
J4587,I15478,29907.0,29908.0,green,1
J4587,I15526,29967.0,29968.0,green,1
J3689,I6393,12180.0,12184.0,green,2
J3689,I6745,12919.0,12922.0,green,2
J3689,I7321,14225.0,14229.0,green,1
J4057,I6111,11595.0,11597.0,brown,2
J4057,I6143,11654.0,11655.0,brown,1
J4057,I6655,12733.0,12735.0,brown,1
J4057,I7007,13472.0,13474.0,brown,1
J4057,I7039,13538.0,13540.0,brown,1
J3723,I6651,12727.0,12729.0,green,1
J3723,I6747,12927.0,12932.0,green,1
J3723,I9243,18345.0,18350.0,green,1
J3723,I9403,18702.0,18707.0,green,1
J4924,I9196,18251.0,18252.0,brown,1
J4924,I9645,19170.0,19171.0,green,1
J4924,I14861,28945.0,28946.0,green,1
J1130,I2192,3670.0,3673.0,green,1
J1130,I2960,5112.0,5117.0,green,1
J1130,I5392,10098.0,10101.0,green,1
J1130,I7312,14205.0,14213.0,green,1
J3484,I4653,8494.0,8500.0,brown,2
J3484,I11086,22090.0,22092.0,green,2
J2041,I3420,6015.0,6017.0,green,1
J2041,I9499,18895.0,18897.0,brown,1
J2041,I11169,22263.0,22270.0,green,3
J2041,I11310,22578.0,22580.0,green,1
J4834,I7186,13853.0,13856.0,brown,2
J4834,I7602,14837.0,14839.0,brown,2
J4834,I8146,16009.0,16010.0,brown,1
J4834,I15027,29204.0,29205.0,green,1
J4258,I11227,22424.0,22427.0,green,1
J4258,I11290,22544.0,22545.0,brown,1
J4258,I11323,22610.0,22611.0,green,1
J4258,I11387,22739.0,22741.0,green,2
J4258,I12667,25199.0,25202.0,green,1
J2785,I4895,9009.0,9010.0,green,1
J2785,I11215,22387.0,22396.0,green,1
J679,I1701,2752.0,2761.0,green,2
J4129,I9889,19661.0,19662.0,brown,1
J4129,I12034,24026.0,24031.0,green,1
J4129,I12706,25281.0,25282.0,green,1
J4129,I13450,26610.0,26611.0,green,1
J1639,I3006,5228.0,5229.0,brown,1
J1639,I3263,5729.0,5730.0,green,1
J1639,I3295,5782.0,5784.0,green,2
J1639,I7199,13900.0,13905.0,green,1
J1639,I8399,16578.0,16581.0,green,1
J2043,I2135,3555.0,3557.0,brown,2
J2043,I2872,4936.0,4941.0,green,1
J2043,I8088,15882.0,15885.0,green,1
J2043,I8248,16231.0,16233.0,green,1
J4555,I3342,5854.0,5855.0,brown,1
J4555,I13647,26923.0,26928.0,green,2
J3347,I6477,12398.0,12399.0,green,1
J3347,I6669,12767.0,12769.0,brown,1
J3347,I7021,13491.0,13494.0,green,1
J3347,I7597,14824.0,14825.0,green,1
J3347,I10381,20683.0,20693.0,green,2
J4821,I6535,12512.0,12514.0,brown,2
J4821,I7911,15525.0,15528.0,brown,1
J4556,I13467,26633.0,26639.0,green,1
J4556,I13586,26820.0,26821.0,brown,1
J4556,I13650,26931.0,26933.0,brown,1
J4556,I14259,27967.0,27968.0,green,1
J2150,I3547,6293.0,6294.0,brown,1
J2150,I4219,7619.0,7621.0,brown,1
J2150,I5307,9909.0,9912.0,brown,3
J1673,I6001,11370.0,11373.0,brown,1
J1673,I7254,14041.0,14043.0,green,1
J1673,I7493,14621.0,14625.0,brown,1
J1673,I7662,14984.0,14992.0,green,1
J1673,I8225,16177.0,16182.0,green,1
J1673,I8319,16402.0,16405.0,brown,1
J232,I585,861.0,862.0,green,1
J232,I2729,4635.0,4637.0,green,1
J232,I3049,5307.0,5311.0,green,1
J232,I5433,10201.0,10202.0,green,1
J232,I5993,11350.0,11354.0,green,1
J3712,I4441,8062.0,8065.0,brown,1
J3712,I6106,11582.0,11590.0,green,1
J3712,I7482,14595.0,14599.0,green,2
J3712,I8922,17710.0,17712.0,green,1
J3712,I10650,21242.0,21246.0,green,1
J968,I1224,1927.0,1929.0,green,1
J968,I3208,5624.0,5625.0,green,1
J968,I3752,6715.0,6717.0,green,2
J4612,I10031,19977.0,19978.0,brown,1
J4612,I10127,20171.0,20172.0,brown,1
J4612,I10351,20612.0,20614.0,brown,1
J1352,I7712,15098.0,15101.0,green,1
J1352,I9383,18667.0,18669.0,brown,1
J3663,I3031,5264.0,5265.0,brown,1
J3663,I8759,17365.0,17370.0,brown,2
J3663,I9335,18569.0,18570.0,brown,1
J3663,I11736,23440.0,23441.0,green,1
J3663,I11992,23942.0,23943.0,green,1
J1143,I1215,1909.0,1911.0,brown,2
J1143,I1407,2224.0,2225.0,brown,1
J1143,I1663,2678.0,2682.0,brown,1
J1143,I8768,17387.0,17388.0,green,1
J1143,I9408,18717.0,18719.0,green,1
J1829,I7553,14741.0,14743.0,brown,1
J1829,I9761,19382.0,19384.0,brown,2
J2444,I3902,6976.0,6979.0,green,2
J2444,I3998,7151.0,7153.0,green,2
J2444,I9398,18695.0,18698.0,green,1
J2444,I9774,19401.0,19411.0,green,1
J3261,I6465,12367.0,12371.0,green,4
J3261,I6497,12437.0,12438.0,brown,1
J4514,I5257,9794.0,9796.0,brown,1
J4514,I5353,10019.0,10022.0,brown,3
J4514,I5577,10495.0,10498.0,brown,1
J4514,I13966,27466.0,27468.0,green,1
J3682,I692,1037.0,1038.0,brown,1
J3682,I2869,4932.0,4934.0,green,1
J3682,I11361,22688.0,22694.0,green,1
J3682,I11897,23743.0,23744.0,green,1
J2180,I1426,2252.0,2255.0,green,1
J2180,I4146,7477.0,7478.0,green,1
J2180,I4178,7547.0,7549.0,green,1
J2180,I6354,12088.0,12094.0,green,2
J2180,I6966,13385.0,13388.0,green,1
J2225,I3475,6125.0,6132.0,green,4
J2225,I5011,9261.0,9267.0,green,1
J2225,I6515,12466.0,12474.0,green,1
J2875,I8805,17468.0,17477.0,green,1
J2875,I9573,19023.0,19029.0,green,1
J4931,I14774,28802.0,28805.0,green,3
J4931,I14838,28907.0,28909.0,green,2
J686,I121,155.0,160.0,brown,3
J686,I2521,4264.0,4267.0,brown,1
J686,I6106,11582.0,11590.0,green,1
J686,I7354,14304.0,14307.0,green,1
J4432,I13363,26451.0,26458.0,green,1
J4432,I14963,29101.0,29105.0,green,2
J4432,I14983,29130.0,29131.0,green,1
J4432,I14995,29147.0,29149.0,green,1
J3291,I3958,7088.0,7091.0,green,1
J3291,I3990,7141.0,7143.0,green,1
J3291,I4118,7414.0,7415.0,green,1
J3291,I4374,7912.0,7914.0,green,1
J3291,I10406,20734.0,20738.0,green,2
J3003,I4549,8279.0,8281.0,green,2
J3003,I4581,8342.0,8343.0,green,1
J3003,I4901,9023.0,9031.0,green,1
J3003,I10249,20412.0,20413.0,green,1
J4192,I6427,12274.0,12278.0,green,1
J4192,I15199,29487.0,29488.0,green,1
J4321,I7416,14449.0,14452.0,green,1
J4321,I12024,24003.0,24004.0,green,1
J4321,I13336,26401.0,26403.0,green,2
J1725,I2497,4219.0,4221.0,brown,1
J1725,I6018,11405.0,11407.0,green,1
J1725,I10530,21008.0,21012.0,green,2
J1725,I13132,26055.0,26058.0,green,2
J3463,I8975,17816.0,17818.0,brown,2
J3463,I9103,18086.0,18087.0,brown,1
J3463,I11343,22645.0,22646.0,brown,1
J975,I3274,5752.0,5754.0,brown,1
J975,I13611,26862.0,26864.0,green,1
J975,I14251,27952.0,27953.0,green,1
J975,I14315,28050.0,28051.0,green,1
J975,I14859,28941.0,28944.0,green,1
J1386,I1271,1999.0,2002.0,green,2
J1386,I1303,2058.0,2059.0,green,1
J1386,I1399,2211.0,2212.0,green,1
J1386,I1687,2724.0,2728.0,green,1
J2635,I8959,17791.0,17793.0,green,2
J2635,I9183,18228.0,18233.0,green,2
J2635,I11135,22188.0,22192.0,green,2
J4458,I4758,8701.0,8702.0,brown,1
J813,I735,1128.0,1130.0,green,2
J813,I767,1179.0,1180.0,green,1
J813,I1791,2935.0,2941.0,green,1
J813,I3007,5229.0,5231.0,green,2
J1594,I4967,9170.0,9172.0,brown,1
J1594,I5143,9533.0,9536.0,brown,2
J3133,I6704,12828.0,12832.0,green,1
J3133,I6735,12903.0,12906.0,brown,2
J3133,I10192,20311.0,20314.0,green,2
J2402,I6307,12000.0,12001.0,green,1
J2402,I6339,12055.0,12057.0,brown,2
J2402,I10840,21599.0,21604.0,green,1
J2402,I10883,21679.0,21690.0,green,1
J896,I2760,4703.0,4704.0,green,1
J896,I2824,4839.0,4841.0,brown,1
J896,I3112,5416.0,5419.0,green,1
J896,I3144,5488.0,5490.0,green,1
J896,I3272,5744.0,5750.0,brown,1
J896,I3430,6037.0,6040.0,brown,1
J33,I7775,15245.0,15249.0,green,2
J33,I8486,16742.0,16745.0,brown,1
J33,I9414,18729.0,18732.0,brown,1
J33,I9529,18940.0,18942.0,green,2
J2779,I1538,2439.0,2440.0,green,1
J2779,I6338,12053.0,12055.0,green,1
J2779,I8162,16044.0,16052.0,green,1
J2779,I8546,16883.0,16885.0,green,2
J2779,I9974,19850.0,19854.0,green,1
J646,I1651,2658.0,2663.0,green,1
J646,I1778,2910.0,2915.0,brown,1
J646,I2931,5048.0,5050.0,green,1
J646,I3899,6964.0,6970.0,green,1
J646,I4435,8040.0,8052.0,green,2
J4061,I4431,8032.0,8035.0,brown,3
J4061,I7215,13928.0,13929.0,brown,1
J4061,I15040,29221.0,29222.0,green,1
J4061,I15056,29254.0,29255.0,green,1
J2659,I7389,14382.0,14384.0,green,1
J2659,I10589,21126.0,21130.0,green,1
J2659,I10623,21193.0,21196.0,green,2
J1724,I6779,12994.0,12995.0,brown,1
J1724,I12315,24541.0,24543.0,brown,1
J1724,I13692,26983.0,26985.0,green,1
J1724,I14459,28285.0,28286.0,brown,1
J851,I1615,2592.0,2594.0,brown,1
J851,I3024,5257.0,5258.0,green,1
J851,I3184,5578.0,5585.0,green,2
J851,I5680,10711.0,10716.0,brown,2
J2182,I3490,6178.0,6181.0,green,2
J2182,I3714,6632.0,6636.0,green,3
J2182,I7234,13975.0,13980.0,green,1
J3587,I6945,13343.0,13350.0,green,1
J3587,I11958,23866.0,23875.0,green,1
J1785,I2885,4957.0,4960.0,green,2
J1785,I10101,20115.0,20121.0,green,1
J2858,I5692,10745.0,10746.0,green,1
J2858,I5756,10911.0,10912.0,green,1
J2858,I5948,11274.0,11275.0,green,1
J2858,I7100,13658.0,13661.0,green,1
J2858,I7612,14861.0,14864.0,green,1
J2858,I8616,17053.0,17062.0,green,1
J2598,I6558,12554.0,12555.0,green,1
J2598,I6622,12667.0,12669.0,green,2
J444,I784,1206.0,1211.0,green,4
J4445,I326,467.0,469.0,brown,1
J4445,I870,1342.0,1346.0,brown,1
J4445,I1382,2184.0,2186.0,brown,1
J4445,I12359,24623.0,24625.0,green,1
J4445,I14023,27549.0,27550.0,green,1
J4051,I7239,13992.0,13998.0,green,1
J4051,I7303,14170.0,14171.0,green,1
J4051,I7335,14266.0,14267.0,green,1
J4051,I8104,15914.0,15917.0,brown,1
J1110,I5223,9704.0,9717.0,green,5
J1110,I5926,11232.0,11236.0,brown,1
J2217,I13059,25941.0,25942.0,green,1
J2217,I13507,26695.0,26696.0,green,1
J2217,I13539,26744.0,26745.0,green,1
J2217,I13763,27100.0,27102.0,green,1
J1318,I4119,7415.0,7420.0,green,1
J1318,I6070,11515.0,11518.0,brown,2
J1318,I7095,13644.0,13646.0,green,2
J1318,I8151,16017.0,16022.0,brown,1
J2629,I1208,1899.0,1902.0,brown,1
J2629,I5721,10807.0,10810.0,green,1
J2629,I6169,11719.0,11722.0,green,1
J2629,I8985,17833.0,17841.0,green,2
J2629,I9257,18383.0,18384.0,green,1
J462,I2087,3452.0,3453.0,brown,1
J462,I5383,10082.0,10085.0,brown,1
J462,I10440,20796.0,20798.0,green,1
J462,I11688,23333.0,23335.0,green,1
J462,I11880,23711.0,23713.0,green,1
J462,I14252,27953.0,27955.0,green,1
J2204,I6991,13438.0,13440.0,brown,1
J2204,I7327,14239.0,14247.0,brown,3
J2204,I7695,15053.0,15058.0,brown,1
J2204,I9808,19486.0,19491.0,green,1
J1315,I2147,3576.0,3577.0,brown,1
J3471,I1500,2388.0,2390.0,brown,1
J3471,I11485,22946.0,22947.0,green,1
J3471,I11581,23148.0,23149.0,green,1
J4293,I2393,4028.0,4031.0,brown,3
J4293,I7769,15227.0,15229.0,brown,1
J4293,I12602,25085.0,25088.0,green,2
J3167,I4798,8786.0,8792.0,green,4
J3167,I5854,11106.0,11111.0,green,2
J1490,I738,1132.0,1133.0,green,1
J1490,I770,1186.0,1190.0,brown,1
J1490,I1026,1613.0,1615.0,green,1
J1490,I1122,1757.0,1760.0,green,2
J1490,I5611,10562.0,10563.0,green,1
J3941,I11837,23639.0,23642.0,green,1
J4013,I5321,9947.0,9949.0,green,1
J4013,I10761,21440.0,21449.0,green,2
J4013,I13545,26753.0,26755.0,green,1
J50,I1005,1570.0,1573.0,brown,1
J50,I8334,16434.0,16438.0,green,1
J50,I11022,21945.0,21953.0,green,2
J50,I12206,24349.0,24350.0,green,1
J50,I12826,25496.0,25500.0,green,1
J2427,I3986,7135.0,7138.0,green,1
J2427,I4881,8982.0,8983.0,brown,1
J2427,I12049,24062.0,24063.0,brown,1
J2427,I12242,24420.0,24423.0,green,1
J2427,I12668,25202.0,25207.0,green,2
J1760,I6402,12215.0,12217.0,green,1
J1760,I6930,13299.0,13301.0,green,1
J3711,I5132,9500.0,9509.0,green,6
J3863,I11545,23070.0,23073.0,brown,1
J3863,I11578,23141.0,23142.0,green,1
J3863,I11610,23208.0,23212.0,green,2
J4249,I3872,6924.0,6926.0,brown,1
J4249,I4256,7695.0,7696.0,brown,1
J4249,I13217,26204.0,26205.0,green,1
J4249,I14305,28033.0,28039.0,green,1
J4249,I14953,29081.0,29082.0,green,1
J1384,I4588,8351.0,8352.0,brown,1
J1384,I6956,13365.0,13366.0,brown,1
J1384,I7084,13620.0,13621.0,brown,1
J1825,I8380,16532.0,16536.0,green,2
J1825,I9852,19583.0,19587.0,green,2
J1825,I11355,22670.0,22671.0,brown,1
J1825,I12060,24079.0,24083.0,green,1
J4448,I7797,15298.0,15301.0,green,1
J4448,I7860,15426.0,15427.0,brown,1
J4448,I8020,15731.0,15732.0,brown,1
J4448,I8180,16080.0,16082.0,brown,1
J4448,I13711,27019.0,27023.0,green,1
J4529,I8996,17858.0,17859.0,brown,1
J4529,I10117,20152.0,20157.0,green,1
J4529,I10245,20400.0,20402.0,green,1
J4529,I14413,28203.0,28205.0,green,2
J3483,I6298,11978.0,11983.0,green,1
J3483,I6394,12184.0,12194.0,green,2
J3483,I6425,12271.0,12272.0,brown,1
J3483,I7354,14304.0,14307.0,green,1
J3483,I11322,22605.0,22610.0,green,1
J3995,I11560,23100.0,23103.0,brown,2
J3995,I11625,23237.0,23238.0,green,1
J3995,I11689,23335.0,23338.0,green,2
J3995,I12009,23976.0,23980.0,green,1
J4263,I11183,22303.0,22305.0,brown,1
J4263,I11407,22768.0,22770.0,brown,1
J4263,I11600,23186.0,23189.0,green,1
J4263,I11632,23247.0,23249.0,green,1
J4263,I13232,26230.0,26231.0,green,1
J2894,I4440,8060.0,8062.0,brown,1
J2894,I4664,8514.0,8516.0,brown,1
J2894,I11641,23260.0,23263.0,green,1
J2894,I13273,26296.0,26304.0,green,1
J2193,I8678,17195.0,17198.0,green,2
J2193,I10982,21878.0,21885.0,green,4
J75,I6466,12371.0,12373.0,brown,1
J75,I8866,17609.0,17611.0,brown,1
J75,I13099,26007.0,26009.0,green,1
J75,I13283,26315.0,26317.0,green,1
J2083,I2434,4093.0,4097.0,brown,2
J2083,I14531,28407.0,28409.0,green,2
J2083,I14915,29022.0,29026.0,green,2
J748,I2677,4546.0,4552.0,green,2
J748,I2837,4868.0,4872.0,green,3
J748,I2965,5122.0,5131.0,green,1
J3732,I7751,15188.0,15194.0,green,2
J4225,I6958,13367.0,13369.0,green,1
J4225,I8622,17069.0,17082.0,green,1
J4225,I9485,18862.0,18865.0,brown,1
J4225,I9870,19616.0,19617.0,green,1
J4225,I10862,21648.0,21650.0,brown,1
J507,I2088,3453.0,3456.0,brown,1
J507,I4904,9034.0,9036.0,brown,1
J507,I7753,15196.0,15201.0,green,1
J507,I8104,15914.0,15917.0,brown,1
J507,I9449,18791.0,18792.0,green,1
J507,I10761,21440.0,21449.0,green,1
J4450,I11944,23842.0,23847.0,green,1
J4450,I13704,27001.0,27013.0,green,1
J4450,I13992,27508.0,27510.0,green,2
J1287,I13302,26341.0,26345.0,green,1
J4369,I11211,22377.0,22382.0,green,1
J4369,I14923,29036.0,29039.0,green,1
J4369,I15059,29258.0,29263.0,green,1
J780,I2744,4669.0,4670.0,brown,1
J780,I3001,5216.0,5220.0,green,2
J780,I3257,5716.0,5718.0,green,2
J780,I4073,7312.0,7313.0,green,1
J1765,I2538,4294.0,4297.0,brown,2
J1765,I2571,4349.0,4353.0,green,1
J1765,I3211,5628.0,5637.0,green,1
J1765,I4594,8358.0,8362.0,brown,1
J1458,I2255,3788.0,3790.0,brown,2
J1458,I2607,4425.0,4426.0,brown,1
J1458,I2703,4593.0,4594.0,brown,1
J1458,I12528,24956.0,24957.0,green,1
J1458,I12720,25303.0,25306.0,brown,1
J1545,I3489,6172.0,6178.0,green,4
J4907,I14624,28562.0,28564.0,brown,2
J4907,I14759,28782.0,28783.0,green,1
J4907,I14881,28974.0,28976.0,brown,2
J4907,I15073,29285.0,29286.0,brown,1
J4154,I3653,6501.0,6503.0,brown,2
J4154,I5413,10161.0,10165.0,brown,1
J4154,I14214,27884.0,27888.0,green,1
J1299,I1643,2640.0,2642.0,green,1
J1299,I10987,21890.0,21892.0,green,1
J3591,I12804,25454.0,25461.0,green,1
J2363,I2820,4831.0,4832.0,green,1
J2363,I2852,4891.0,4894.0,brown,3
J2363,I2980,5160.0,5162.0,green,1
J2363,I3140,5482.0,5484.0,green,1
J4689,I7230,13962.0,13969.0,green,1
J4689,I10014,19936.0,19940.0,green,1
J4689,I10205,20329.0,20331.0,brown,1
J1769,I2806,4795.0,4801.0,green,2
J1769,I3350,5863.0,5866.0,green,1
J1769,I3574,6339.0,6343.0,green,1
J1769,I3925,7019.0,7021.0,brown,1
J2275,I5396,10113.0,10121.0,green,1
J2275,I9940,19777.0,19783.0,green,1
J2275,I13204,26183.0,26184.0,green,1
J2275,I14388,28154.0,28164.0,green,1
J3709,I10763,21450.0,21451.0,brown,1
J3709,I10796,21526.0,21528.0,green,1
J3709,I10891,21711.0,21712.0,brown,1
J3709,I10956,21827.0,21830.0,green,1
J3709,I11019,21940.0,21941.0,brown,1
J3357,I3199,5609.0,5610.0,brown,1
J3357,I3327,5832.0,5833.0,brown,1
J3357,I4063,7293.0,7295.0,brown,1
J3357,I11424,22805.0,22808.0,green,1
J3357,I12448,24798.0,24804.0,green,1
J3357,I14008,27529.0,27531.0,green,1
J764,I1469,2329.0,2331.0,green,1
J764,I4029,7211.0,7217.0,green,1
J764,I4637,8460.0,8461.0,green,1
J764,I5885,11163.0,11166.0,brown,1
J764,I8109,15926.0,15930.0,green,2
J1854,I2125,3534.0,3540.0,green,2
J1854,I2477,4180.0,4184.0,green,1
J1854,I3373,5913.0,5918.0,green,3
J3812,I9042,17951.0,17953.0,brown,1
J3812,I9683,19246.0,19247.0,green,1
J3812,I13427,26566.0,26571.0,green,2
J3812,I14843,28916.0,28917.0,green,1
J3812,I14963,29101.0,29105.0,green,1
J3455,I10367,20646.0,20647.0,green,1
J3455,I12095,24154.0,24157.0,brown,3
J3455,I12799,25447.0,25448.0,brown,1
J706,I2080,3437.0,3438.0,green,1
J706,I5024,9304.0,9309.0,green,2
J706,I7712,15098.0,15101.0,green,1
J706,I8580,16969.0,16971.0,green,1
J706,I9024,17914.0,17915.0,green,1
J90,I1472,2333.0,2334.0,brown,1
J90,I1504,2394.0,2397.0,brown,1
J90,I6209,11810.0,11813.0,green,1
J90,I8865,17607.0,17609.0,green,1
J90,I10913,21743.0,21747.0,green,1
J90,I10945,21802.0,21806.0,green,1
J4489,I11278,22524.0,22528.0,green,2
J4489,I12877,25589.0,25593.0,brown,1
J1298,I874,1350.0,1352.0,green,1
J1298,I3562,6315.0,6321.0,green,1
J1298,I3762,6728.0,6729.0,green,1
J3744,I3445,6065.0,6066.0,brown,1
J3744,I3957,7086.0,7088.0,brown,1
J3744,I8406,16592.0,16593.0,green,1
J3744,I10886,21696.0,21704.0,green,1
J3744,I12726,25315.0,25316.0,green,1
J3744,I13306,26349.0,26350.0,green,1
J85,I973,1516.0,1520.0,green,1
J85,I2125,3534.0,3540.0,green,1
J85,I4077,7325.0,7335.0,green,1
J85,I4301,7784.0,7786.0,green,1
J85,I8211,16154.0,16155.0,green,1
J4363,I9396,18693.0,18694.0,green,1
J4363,I9652,19184.0,19189.0,green,5
J1225,I3894,6957.0,6958.0,brown,1
J1225,I8150,16015.0,16017.0,brown,1
J1225,I11991,23941.0,23942.0,green,1
J1225,I12599,25081.0,25083.0,green,1
J1225,I13223,26211.0,26216.0,green,2
J4326,I9632,19150.0,19151.0,green,1
J4326,I9664,19210.0,19217.0,green,3
J4326,I10688,21317.0,21318.0,green,1
J4326,I11944,23842.0,23847.0,green,1
J2740,I7452,14528.0,14529.0,brown,1
J2740,I7484,14601.0,14607.0,brown,1
J1778,I5598,10529.0,10535.0,green,2
J1778,I5694,10749.0,10750.0,green,1
J1778,I7582,14795.0,14799.0,green,2
J1778,I10142,20200.0,20210.0,green,1
J3791,I9311,18502.0,18504.0,brown,1
J723,I1650,2656.0,2658.0,green,1
J723,I3602,6405.0,6409.0,green,2
J723,I6806,13045.0,13064.0,green,1
J723,I7282,14105.0,14107.0,green,1
J723,I7642,14929.0,14930.0,green,1
J2986,I8087,15876.0,15882.0,green,6
J1501,I3148,5496.0,5506.0,green,3
J3018,I1645,2645.0,2649.0,green,1
J3018,I1837,3008.0,3011.0,green,1
J3018,I3693,6588.0,6592.0,green,2
J3085,I6294,11973.0,11975.0,green,1
J181,I78,98.0,99.0,green,1
J181,I142,189.0,193.0,green,3
J509,I1670,2695.0,2697.0,brown,2
J509,I1863,3047.0,3051.0,green,2
J509,I3631,6463.0,6465.0,green,2
J2211,I964,1504.0,1507.0,green,1
J2211,I2180,3636.0,3638.0,green,1
J2211,I5540,10427.0,10429.0,green,2
J2211,I11244,22460.0,22463.0,green,1
J2458,I3907,6986.0,6988.0,green,1
J2458,I9026,17927.0,17929.0,brown,1
J2458,I10883,21679.0,21690.0,green,2
J2458,I12938,25696.0,25700.0,green,1
J3500,I1477,2345.0,2349.0,brown,1
J3500,I4774,8731.0,8738.0,green,1
J3500,I8006,15700.0,15703.0,green,2
J3500,I9925,19737.0,19738.0,brown,1
J3500,I9957,19821.0,19824.0,brown,1
J269,I4594,8358.0,8362.0,brown,1
J269,I5075,9407.0,9409.0,green,1
J269,I6163,11702.0,11705.0,green,1
J2530,I1971,3248.0,3249.0,brown,1
J2530,I2195,3679.0,3680.0,brown,1
J2530,I5268,9814.0,9816.0,green,2
J2530,I7604,14840.0,14842.0,brown,1
J2530,I12492,24882.0,24885.0,green,1
J4223,I4667,8519.0,8521.0,brown,2
J4639,I7695,15053.0,15058.0,brown,1
J4639,I11983,23929.0,23931.0,brown,2
J4639,I13104,26015.0,26018.0,green,1
J4639,I14620,28552.0,28554.0,green,2
J4131,I8151,16017.0,16022.0,brown,1
J4131,I13248,26257.0,26259.0,green,1
J4131,I13784,27139.0,27141.0,green,2
J675,I5790,10976.0,10981.0,green,1
J675,I7518,14677.0,14682.0,green,2
J675,I10558,21075.0,21078.0,green,3
J1432,I5470,10273.0,10280.0,green,2
J4296,I11324,22611.0,22613.0,brown,2
J4296,I11357,22676.0,22677.0,green,1
J4296,I11549,23078.0,23082.0,green,2
J4296,I13837,27241.0,27246.0,green,1
J4641,I13994,27511.0,27513.0,brown,2
J4641,I14186,27835.0,27836.0,brown,1
J4641,I14282,28002.0,28004.0,brown,1
J1164,I2250,3780.0,3782.0,green,1
J1164,I2474,4176.0,4177.0,green,1
J1164,I2858,4899.0,4905.0,green,1
J1164,I4490,8154.0,8157.0,green,1
J1164,I5998,11362.0,11367.0,green,1
J1164,I6806,13045.0,13064.0,green,1
J4837,I9726,19321.0,19323.0,green,2
J4837,I10302,20501.0,20502.0,green,1
J4837,I13694,26986.0,26987.0,green,1
J4837,I14622,28557.0,28559.0,green,1
J4837,I15310,29644.0,29645.0,green,1
J2102,I6435,12290.0,12295.0,green,3
J800,I1135,1785.0,1788.0,green,1
J800,I1487,2360.0,2366.0,green,1
J800,I2895,4980.0,4981.0,green,1
J4344,I8272,16306.0,16310.0,brown,2
J4344,I8464,16705.0,16709.0,brown,1
J4344,I10640,21221.0,21223.0,brown,2
J4344,I10704,21341.0,21343.0,brown,1
J3676,I8773,17393.0,17395.0,brown,2
J3676,I8870,17617.0,17619.0,green,2
J3676,I9286,18440.0,18442.0,brown,1
J3676,I12006,23965.0,23971.0,green,1
J3799,I959,1494.0,1498.0,brown,1
J3799,I1023,1607.0,1609.0,brown,2
J3799,I11584,23151.0,23154.0,green,1
J3799,I12800,25448.0,25449.0,green,1
J1316,I1240,1958.0,1959.0,green,1
J1316,I1272,2002.0,2006.0,green,4
J1316,I1912,3128.0,3137.0,green,1
J3169,I732,1116.0,1117.0,brown,1
J3169,I1052,1649.0,1655.0,brown,2
J3169,I6364,12115.0,12118.0,brown,1
J3169,I12285,24487.0,24489.0,green,1
J684,I4828,8853.0,8858.0,green,2
J684,I6204,11800.0,11803.0,green,2
J684,I7388,14381.0,14382.0,green,1
J2719,I8181,16082.0,16086.0,green,4
J2719,I8853,17589.0,17590.0,brown,1
J2719,I9237,18321.0,18334.0,green,1
J4283,I320,458.0,462.0,brown,2
J4283,I576,849.0,851.0,brown,2
J4283,I14449,28265.0,28266.0,green,1
J2391,I8373,16510.0,16524.0,green,2
J2391,I12533,24966.0,24970.0,green,1
J2391,I14381,28141.0,28143.0,green,2
J2391,I14501,28362.0,28363.0,green,1
J3796,I15039,29219.0,29221.0,green,1
J3796,I15103,29336.0,29339.0,green,1
J3796,I15263,29578.0,29582.0,green,1
J3796,I15423,29821.0,29824.0,green,1
J307,I1104,1726.0,1727.0,green,1
J307,I1200,1887.0,1890.0,green,3
J307,I2928,5042.0,5044.0,green,1
J307,I7720,15113.0,15122.0,green,1
J4516,I6063,11504.0,11506.0,green,1
J4516,I12574,25031.0,25033.0,brown,1
J4516,I12686,25240.0,25243.0,brown,1
J4516,I13070,25958.0,25960.0,brown,2
J2647,I6260,11909.0,11912.0,green,3
J4954,I11193,22318.0,22323.0,green,2
J4954,I11288,22539.0,22541.0,brown,2
J4954,I11416,22788.0,22789.0,brown,1
J4954,I15289,29619.0,29620.0,green,1
J4092,I6989,13436.0,13437.0,green,1
J4092,I7245,14010.0,14015.0,green,1
J4092,I8237,16212.0,16216.0,green,4
J2653,I7093,13640.0,13641.0,green,1
J2653,I7125,13706.0,13711.0,green,1
J2653,I7445,14506.0,14508.0,green,2
J1241,I3186,5586.0,5590.0,green,2
J1241,I8182,16086.0,16090.0,green,4
J377,I3203,5616.0,5619.0,brown,2
J377,I11555,23090.0,23093.0,brown,1
J377,I12236,24404.0,24406.0,green,2
J377,I13148,26090.0,26092.0,green,1
J4120,I9782,19420.0,19426.0,green,1
J4120,I9878,19639.0,19641.0,green,1
J4120,I12310,24534.0,24535.0,green,1
J4120,I12502,24896.0,24897.0,green,1
J4120,I12606,25093.0,25102.0,green,1
J783,I7172,13825.0,13827.0,brown,1
J2166,I2351,3954.0,3955.0,brown,1
J2166,I2671,4529.0,4531.0,brown,1
J2166,I3536,6276.0,6277.0,green,1
J2166,I5680,10711.0,10716.0,brown,1
J2166,I7800,15306.0,15310.0,green,2
J565,I1634,2625.0,2627.0,green,1
J565,I1666,2685.0,2686.0,green,1
J565,I6966,13385.0,13388.0,green,2
J1015,I1268,1996.0,1997.0,green,1
J1015,I3764,6735.0,6736.0,green,1
J1015,I4340,7847.0,7850.0,green,1
J1015,I8897,17657.0,17658.0,green,1
J3754,I3077,5357.0,5365.0,green,2
J3754,I9253,18372.0,18379.0,green,1
J3754,I9540,18957.0,18959.0,brown,1
J3754,I12191,24324.0,24325.0,green,1
J3754,I12297,24506.0,24508.0,green,1
J4676,I7825,15353.0,15354.0,brown,1
J4676,I9458,18804.0,18808.0,green,1
J4676,I12242,24420.0,24423.0,green,1
J4676,I14386,28148.0,28150.0,green,1
J3417,I4446,8080.0,8083.0,green,2
J3417,I4477,8136.0,8137.0,brown,1
J3417,I5790,10976.0,10981.0,green,1
J2681,I4840,8889.0,8896.0,green,1
J2681,I6728,12882.0,12889.0,green,1
J2681,I11336,22628.0,22631.0,green,2
J3913,I7816,15341.0,15343.0,brown,1
J3913,I7848,15407.0,15408.0,brown,1
J3913,I10889,21707.0,21710.0,green,1
J3913,I12361,24626.0,24628.0,green,1
J3913,I13961,27458.0,27462.0,green,1
J3913,I14249,27948.0,27951.0,green,1
J4730,I7771,15230.0,15232.0,brown,2
J4730,I9052,17970.0,17976.0,green,3
J3816,I4174,7537.0,7538.0,brown,1
J3816,I4430,8030.0,8032.0,brown,2
J3816,I5646,10638.0,10640.0,brown,1
J3816,I15087,29308.0,29313.0,green,2
J4299,I7297,14153.0,14155.0,brown,1
J4299,I11426,22810.0,22814.0,green,1
J4299,I14778,28813.0,28818.0,green,1
J449,I282,407.0,410.0,green,3
J449,I1498,2385.0,2387.0,green,1
J449,I3258,5718.0,5723.0,green,1
J449,I3384,5931.0,5937.0,green,1
J3877,I3823,6844.0,6846.0,brown,1
J3877,I7055,13571.0,13574.0,brown,2
J3877,I13168,26126.0,26127.0,green,1
J3877,I13264,26283.0,26285.0,brown,1
J560,I1730,2819.0,2821.0,brown,1
J560,I2467,4155.0,4161.0,green,1
J560,I8034,15750.0,15755.0,brown,1
J560,I9656,19196.0,19197.0,green,1
J3387,I9798,19457.0,19465.0,green,1
J3387,I9894,19672.0,19678.0,green,4
J3387,I10894,21716.0,21717.0,green,1
J3972,I10128,20172.0,20177.0,green,1
J3972,I11536,23044.0,23049.0,green,2
J3269,I7283,14107.0,14113.0,green,1
J3269,I7346,14290.0,14291.0,brown,1
J3269,I7347,14291.0,14294.0,green,1
J3269,I7858,15424.0,15425.0,brown,1
J3269,I12211,24355.0,24358.0,green,1
J3269,I13331,26390.0,26394.0,green,1
J1414,I4626,8421.0,8433.0,green,1
J1414,I11570,23120.0,23127.0,green,2
J1741,I847,1305.0,1313.0,green,6
J2775,I5349,10004.0,10010.0,green,1
J2775,I6213,11819.0,11822.0,green,1
J2775,I6564,12572.0,12574.0,brown,1
J2775,I10756,21434.0,21435.0,brown,1
J2775,I11205,22349.0,22355.0,green,1
J2775,I11973,23908.0,23911.0,green,1
J39,I175,242.0,244.0,green,2
J39,I2799,4773.0,4775.0,green,1
J39,I4687,8567.0,8571.0,green,2
J39,I6817,13079.0,13095.0,green,1
J949,I324,465.0,466.0,green,1
J949,I2756,4694.0,4697.0,green,1
J949,I7844,15401.0,15402.0,green,1
J3049,I8899,17659.0,17662.0,green,2
J3049,I8994,17850.0,17852.0,brown,1
J3049,I8995,17852.0,17858.0,green,1
J2699,I6433,12286.0,12287.0,brown,1
J2699,I6434,12287.0,12290.0,green,2
J2699,I8321,16406.0,16408.0,brown,2
J286,I1025,1611.0,1613.0,green,1
J286,I1056,1658.0,1659.0,brown,1
J286,I1569,2509.0,2510.0,green,1
J286,I1697,2740.0,2743.0,green,2
J3817,I5274,9821.0,9822.0,brown,1
J3817,I5659,10669.0,10675.0,green,1
J3817,I6906,13255.0,13257.0,brown,2
J3817,I9243,18345.0,18350.0,green,1
J376,I983,1533.0,1535.0,green,1
J376,I1687,2724.0,2728.0,green,1
J376,I2887,4964.0,4967.0,green,1
J376,I5515,10369.0,10383.0,green,1
J376,I5799,10994.0,10999.0,green,1
J376,I6407,12230.0,12237.0,green,1
J4285,I3090,5384.0,5385.0,brown,1
J4285,I3346,5858.0,5859.0,brown,1
J4285,I3922,7012.0,7013.0,brown,1
J4285,I3954,7080.0,7082.0,brown,1
J4285,I9266,18398.0,18399.0,brown,1
J4285,I12787,25426.0,25427.0,green,1
J4039,I6832,13126.0,13127.0,brown,1
J4039,I10609,21161.0,21163.0,green,2
J4039,I12433,24767.0,24770.0,green,1
J769,I51,64.0,65.0,green,1
J769,I211,299.0,304.0,green,5
J741,I2348,3951.0,3952.0,brown,1
J741,I2668,4526.0,4527.0,brown,1
J741,I2732,4640.0,4642.0,brown,1
J741,I11181,22300.0,22302.0,green,1
J30,I13,16.0,17.0,green,1
J30,I77,96.0,98.0,green,2
J30,I110,142.0,143.0,brown,1
J2152,I2443,4110.0,4114.0,brown,3
J2152,I4075,7321.0,7324.0,brown,1
J2152,I8440,16641.0,16643.0,green,1
J94,I395,570.0,572.0,green,2
J94,I683,1024.0,1025.0,brown,1
J94,I4747,8677.0,8681.0,green,2
J94,I6123,11611.0,11613.0,brown,1
J1809,I4986,9216.0,9217.0,green,1
J1809,I5018,9287.0,9293.0,green,1
J1809,I5050,9363.0,9365.0,green,2
J4763,I3424,6024.0,6026.0,brown,2
J4763,I3552,6299.0,6300.0,brown,1
J4763,I15009,29182.0,29183.0,green,1
J4763,I15265,29583.0,29585.0,green,1
J4053,I3240,5689.0,5691.0,brown,2
J4053,I8777,17401.0,17407.0,green,1
J4053,I14124,27727.0,27730.0,green,1
J1029,I4677,8535.0,8547.0,green,3
J1029,I10985,21887.0,21889.0,green,1
J1192,I1935,3184.0,3187.0,green,3
J1192,I2415,4062.0,4063.0,green,1
J1192,I3151,5514.0,5518.0,green,2
J4159,I3830,6857.0,6858.0,brown,1
J4159,I7702,15066.0,15068.0,brown,2
J4159,I7990,15680.0,15681.0,brown,1
J396,I645,965.0,968.0,green,1
J396,I5541,10429.0,10432.0,green,2
J396,I6565,12574.0,12577.0,green,1
J396,I11337,22631.0,22633.0,green,1
J3945,I1542,2444.0,2446.0,brown,2
J3945,I7879,15461.0,15465.0,green,2
J3945,I10247,20408.0,20411.0,green,2
J984,I6043,11460.0,11464.0,brown,1
J984,I7356,14308.0,14315.0,green,1
J984,I11244,22460.0,22463.0,green,1
J984,I11452,22865.0,22867.0,green,1
J4264,I1680,2712.0,2717.0,brown,2
J4264,I10737,21395.0,21397.0,green,2
J4264,I12689,25249.0,25250.0,green,1
J4264,I13799,27169.0,27176.0,green,1
J3678,I9615,19118.0,19119.0,green,1
J3678,I9647,19175.0,19177.0,green,2
J3678,I9679,19241.0,19242.0,green,1
J3678,I10095,20102.0,20104.0,green,2
J1247,I1460,2317.0,2319.0,green,2
J1247,I4628,8437.0,8439.0,green,2
J1247,I4852,8923.0,8927.0,green,1
J1247,I5204,9664.0,9667.0,green,1
J642,I2046,3377.0,3381.0,brown,3
J642,I10591,21133.0,21137.0,green,1
J642,I14623,28559.0,28562.0,green,1
J642,I15039,29219.0,29221.0,green,1
J787,I2938,5061.0,5062.0,green,1
J787,I3002,5220.0,5222.0,green,1
J787,I6106,11582.0,11590.0,green,1
J787,I6426,12272.0,12274.0,green,1
J787,I6714,12847.0,12854.0,green,1
J787,I6970,13396.0,13398.0,green,1
J3041,I7521,14685.0,14687.0,green,2
J3041,I7649,14945.0,14946.0,green,1
J3041,I7713,15101.0,15103.0,green,1
J3041,I7745,15177.0,15178.0,green,1
J3041,I8641,17115.0,17121.0,green,1
J4048,I3842,6876.0,6877.0,brown,1
J4048,I7426,14469.0,14472.0,brown,1
J4048,I10082,20081.0,20082.0,brown,1
J4048,I12863,25559.0,25561.0,green,1
J4048,I13123,26043.0,26044.0,green,1
J3835,I7298,14155.0,14157.0,green,1
J3835,I7330,14255.0,14256.0,green,1
J3835,I7426,14469.0,14472.0,brown,1
J3835,I7906,15516.0,15517.0,green,1
J3835,I9794,19444.0,19447.0,green,1
J3835,I11706,23381.0,23384.0,green,1
J3936,I11438,22832.0,22833.0,brown,1
J3936,I11662,23295.0,23296.0,brown,1
J3936,I11950,23854.0,23857.0,brown,1
J3936,I12079,24127.0,24131.0,green,3
J838,I2897,4982.0,4983.0,brown,1
J838,I3121,5438.0,5439.0,brown,1
J838,I10002,19908.0,19915.0,green,1
J838,I10290,20480.0,20483.0,green,1
J838,I13628,26894.0,26895.0,green,1
J3287,I8039,15761.0,15765.0,green,1
J3287,I9895,19678.0,19679.0,green,1
J1909,I3043,5286.0,5290.0,brown,3
J1909,I11331,22619.0,22620.0,brown,1
J1909,I12836,25513.0,25516.0,green,2
J1091,I3038,5274.0,5279.0,green,1
J1091,I3454,6080.0,6086.0,green,2
J1091,I3486,6162.0,6168.0,green,2
J1091,I4030,7217.0,7218.0,green,1
J2746,I4234,7652.0,7655.0,green,2
J2746,I4266,7708.0,7714.0,green,1
J2746,I7626,14889.0,14899.0,green,3
J4825,I14135,27752.0,27754.0,brown,1
J4825,I14136,27754.0,27755.0,green,1
J4825,I14904,29010.0,29011.0,green,1
J3990,I11456,22879.0,22881.0,green,1
J3990,I11520,23018.0,23019.0,green,1
J3990,I12416,24741.0,24743.0,brown,1
J4374,I6105,11580.0,11582.0,brown,1
J4374,I6457,12344.0,12345.0,brown,1
J4374,I8185,16097.0,16100.0,brown,2
J3794,I3674,6544.0,6545.0,green,1
J3794,I6938,13317.0,13321.0,green,1
J3794,I7290,14135.0,14137.0,green,2
J3794,I7354,14304.0,14307.0,green,1
J3794,I8986,17841.0,17842.0,green,1
J474,I174,240.0,242.0,green,1
J474,I1102,1722.0,1724.0,green,1
J474,I2638,4477.0,4482.0,green,1
J865,I1945,3203.0,3206.0,green,1
J865,I2617,4438.0,4439.0,green,1
J865,I2713,4606.0,4608.0,green,1
J865,I2809,4808.0,4811.0,green,1
J2386,I3841,6875.0,6876.0,brown,1
J2386,I3873,6926.0,6928.0,brown,2
J2386,I3937,7049.0,7052.0,brown,2
J2386,I12226,24379.0,24381.0,green,1
J3225,I1024,1609.0,1611.0,brown,1
J3225,I9729,19325.0,19328.0,green,3
J3225,I10467,20849.0,20853.0,green,1
J4873,I1801,2953.0,2956.0,brown,3
J4873,I8873,17623.0,17625.0,brown,1
J4873,I11466,22896.0,22904.0,green,1
J4873,I15146,29399.0,29401.0,green,1
J2574,I4545,8269.0,8274.0,brown,1
J2574,I6306,11994.0,12000.0,green,1
J2574,I9473,18839.0,18841.0,brown,1
J2574,I12066,24093.0,24099.0,green,1
J2574,I12322,24551.0,24554.0,green,1
J2574,I12826,25496.0,25500.0,green,1
J2910,I5586,10510.0,10514.0,green,3
J1057,I1492,2373.0,2374.0,brown,1
J1057,I12117,24193.0,24195.0,green,1
J1057,I14133,27741.0,27750.0,green,1
J2829,I6576,12600.0,12602.0,brown,2
J2829,I9809,19491.0,19498.0,green,1
J2829,I13777,27120.0,27126.0,green,1
J4660,I9952,19808.0,19810.0,brown,1
J4660,I9984,19876.0,19877.0,brown,1
J4660,I10272,20443.0,20444.0,brown,1
J4660,I10496,20915.0,20919.0,brown,2
J4660,I14369,28125.0,28126.0,green,1
J1440,I5247,9765.0,9777.0,green,1
J1440,I8783,17419.0,17433.0,green,1
J1440,I9438,18775.0,18777.0,brown,1
J1440,I9439,18777.0,18779.0,green,1
J3187,I9412,18726.0,18728.0,green,2
J3187,I9444,18784.0,18785.0,green,1
J3187,I9604,19087.0,19089.0,green,2
J2605,I1757,2863.0,2866.0,green,3
J2605,I2045,3373.0,3377.0,green,1
J2605,I8115,15945.0,15949.0,green,1
J2167,I3340,5851.0,5853.0,green,1
J2167,I6572,12590.0,12595.0,green,2
J2167,I6988,13432.0,13436.0,green,1
J2167,I11212,22382.0,22385.0,green,2
J1115,I3455,6086.0,6087.0,green,1
J1115,I4447,8083.0,8084.0,green,1
J1115,I4864,8944.0,8947.0,brown,1
J1115,I4896,9010.0,9011.0,brown,1
J1115,I7040,13540.0,13542.0,brown,1
J1115,I7871,15444.0,15451.0,green,1
J3566,I10776,21476.0,21479.0,green,1
J3566,I13920,27398.0,27402.0,green,1
J3071,I2358,3967.0,3970.0,green,1
J3071,I9206,18267.0,18269.0,green,1
J643,I1914,3138.0,3144.0,green,2
J643,I2458,4137.0,4141.0,green,1
J643,I3258,5718.0,5723.0,green,1
J4173,I6909,13259.0,13261.0,brown,1
J4173,I12350,24606.0,24611.0,green,1
J4173,I12446,24793.0,24795.0,green,1
J4173,I14958,29090.0,29091.0,green,1
J1887,I5673,10697.0,10698.0,brown,1
J1887,I7466,14555.0,14564.0,green,2
J1887,I11802,23556.0,23560.0,green,2
J3683,I5510,10359.0,10360.0,green,1
J3683,I5670,10694.0,10695.0,brown,1
J3683,I5830,11061.0,11062.0,brown,1
J3683,I7974,15657.0,15658.0,green,1
J3683,I11542,23056.0,23067.0,green,2
J329,I2550,4318.0,4320.0,brown,1
J329,I9015,17894.0,17895.0,green,1
J329,I12663,25195.0,25196.0,green,1
J4980,I9060,17995.0,17997.0,green,1
J4980,I10948,21810.0,21814.0,green,1
J4980,I15470,29896.0,29897.0,green,1
J2442,I2839,4873.0,4874.0,green,1
J2442,I2935,5058.0,5059.0,green,1
J2442,I3351,5866.0,5868.0,green,1
J2442,I7798,15301.0,15305.0,green,1
J809,I2584,4378.0,4380.0,green,1
J809,I6936,13309.0,13313.0,green,1
J809,I7192,13871.0,13879.0,green,1
J809,I11208,22361.0,22366.0,green,1
J809,I11336,22628.0,22631.0,green,1
J809,I12408,24722.0,24730.0,green,1
J4219,I5897,11180.0,11184.0,brown,4
J4219,I5961,11299.0,11300.0,brown,1
J4219,I12298,24508.0,24512.0,green,1
J4271,I11807,23570.0,23573.0,brown,1
J4271,I12608,25106.0,25110.0,green,1
J4271,I14826,28890.0,28891.0,green,1
J4994,I7119,13697.0,13699.0,brown,2
J4994,I12271,24467.0,24468.0,brown,1
J4994,I15200,29488.0,29490.0,green,2
J4994,I15360,29728.0,29730.0,green,1
J2690,I8586,16982.0,16985.0,brown,1
J2690,I10827,21575.0,21578.0,green,1
J2690,I12235,24397.0,24404.0,green,1
J2690,I13147,26084.0,26090.0,green,1
J4306,I7451,14525.0,14528.0,green,2
J4306,I7803,15316.0,15321.0,green,3
J4306,I12731,25321.0,25323.0,green,1
J2718,I9874,19634.0,19635.0,green,1
J2718,I10002,19908.0,19915.0,green,1
J2718,I11062,22044.0,22048.0,green,3
J2718,I11222,22407.0,22414.0,green,1
J1197,I2726,4628.0,4633.0,green,2
J1197,I5157,9557.0,9558.0,brown,1
J1746,I3464,6103.0,6105.0,green,2
J1746,I4232,7647.0,7651.0,green,1
J1746,I6806,13045.0,13064.0,green,2
J4058,I5684,10723.0,10724.0,brown,1
J4058,I6165,11707.0,11715.0,green,1
J4058,I14085,27673.0,27675.0,green,1
J4036,I1192,1877.0,1879.0,brown,1
J4036,I1256,1981.0,1983.0,brown,1
J4036,I6920,13278.0,13279.0,brown,1
J4036,I6952,13358.0,13360.0,brown,1
J4036,I10313,20518.0,20519.0,green,1
J1428,I1260,1987.0,1988.0,green,1
J4404,I12072,24106.0,24110.0,green,2
J4404,I12112,24182.0,24183.0,green,1
J4404,I12176,24296.0,24297.0,green,1
J4404,I13000,25830.0,25832.0,green,1
J3337,I6515,12466.0,12474.0,green,2
J3337,I7219,13932.0,13942.0,green,2
J3337,I8995,17852.0,17858.0,green,1
J3337,I9043,17953.0,17955.0,green,1
J4754,I11074,22070.0,22072.0,brown,2
J4754,I14691,28671.0,28674.0,green,3
J3502,I5453,10248.0,10249.0,green,1
J3502,I5517,10386.0,10387.0,brown,1
J3502,I5581,10501.0,10503.0,green,1
J3502,I5645,10632.0,10638.0,green,1
J3502,I11222,22407.0,22414.0,green,2
J4114,I1963,3234.0,3235.0,brown,1
J4114,I3212,5637.0,5638.0,green,1
J4114,I8268,16289.0,16297.0,green,2
J4114,I12492,24882.0,24885.0,green,1
J4114,I12748,25349.0,25352.0,green,1
J3520,I7161,13797.0,13803.0,green,3
J3113,I6000,11368.0,11370.0,brown,2
J3113,I8369,16500.0,16505.0,green,1
J3113,I9361,18624.0,18625.0,green,1
J3113,I11577,23140.0,23141.0,green,1
J615,I268,387.0,388.0,brown,1
J615,I876,1353.0,1356.0,brown,1
J615,I13837,27241.0,27246.0,green,1
J615,I13869,27301.0,27308.0,green,3
J1811,I4842,8897.0,8904.0,green,1
J1811,I4874,8966.0,8972.0,green,3
J1811,I5642,10627.0,10628.0,green,1
J1811,I7286,14117.0,14125.0,green,1
J3853,I7711,15090.0,15098.0,green,2
J2636,I8927,17717.0,17727.0,green,1
J635,I1964,3235.0,3236.0,brown,1
J635,I8109,15926.0,15930.0,green,1
J635,I9165,18187.0,18190.0,green,1
J635,I9548,18974.0,18977.0,brown,1
J635,I13873,27312.0,27313.0,green,1
J1245,I4651,8485.0,8493.0,green,1
J1245,I6443,12314.0,12321.0,green,1
J1245,I8856,17592.0,17595.0,green,1
J1245,I8947,17770.0,17771.0,green,1
J2975,I2900,4985.0,4986.0,brown,1
J2975,I3573,6336.0,6339.0,green,1
J1172,I2277,3838.0,3840.0,brown,1
J1172,I2309,3892.0,3893.0,brown,1
J1172,I6021,11409.0,11412.0,brown,1
J1172,I8550,16896.0,16901.0,green,1
J1172,I14406,28187.0,28194.0,green,2
J1842,I5738,10854.0,10856.0,green,2
J559,I1594,2558.0,2559.0,green,1
J559,I2234,3754.0,3756.0,green,1
J559,I2426,4084.0,4086.0,green,2
J559,I3077,5357.0,5365.0,green,1
J2185,I5115,9475.0,9476.0,green,1
J2185,I8443,16649.0,16651.0,green,1
J2185,I9563,19003.0,19006.0,green,1
J2185,I10875,21667.0,21669.0,green,1
J2185,I12667,25199.0,25202.0,green,1
J2185,I12987,25814.0,25815.0,brown,1
J4849,I2602,4417.0,4421.0,brown,1
J4849,I12491,24880.0,24882.0,green,1
J4849,I12811,25472.0,25473.0,green,1
J4849,I12939,25700.0,25702.0,green,2
J4849,I15147,29401.0,29410.0,green,1
J3619,I8717,17275.0,17281.0,green,2
J3619,I9005,17874.0,17877.0,green,1
J3619,I9069,18015.0,18020.0,green,1
J3619,I11433,22822.0,22824.0,green,2
J4391,I8459,16697.0,16701.0,brown,1
J4391,I12940,25702.0,25708.0,green,2
J4391,I13068,25955.0,25956.0,green,1
J4391,I14202,27856.0,27860.0,green,2
J536,I1177,1853.0,1855.0,green,1
J536,I4057,7285.0,7286.0,green,1
J536,I4153,7501.0,7507.0,green,1
J536,I5017,9282.0,9287.0,green,1
J1569,I3563,6321.0,6323.0,green,1
J1569,I3786,6773.0,6775.0,brown,1
J1569,I4458,8101.0,8105.0,brown,1
J1569,I6443,12314.0,12321.0,green,1
J1569,I7126,13711.0,13715.0,green,2
J697,I1328,2092.0,2096.0,green,3
J697,I3472,6117.0,6119.0,green,1
J697,I8364,16492.0,16493.0,green,1
J697,I8566,16936.0,16942.0,green,1
J1658,I5409,10154.0,10157.0,green,1
J1658,I10913,21743.0,21747.0,green,2
J1658,I13377,26477.0,26478.0,green,1
J3952,I7714,15103.0,15108.0,green,4
J3952,I7810,15330.0,15335.0,green,1
J3952,I12042,24049.0,24050.0,green,1
J640,I1374,2172.0,2173.0,green,1
J640,I6142,11652.0,11654.0,green,2
J640,I11222,22407.0,22414.0,green,1
J1100,I3470,6114.0,6115.0,green,1
J1100,I7598,14825.0,14831.0,green,3
J1100,I7726,15131.0,15133.0,green,2
J4520,I3440,6056.0,6058.0,brown,1
J4520,I3568,6330.0,6331.0,brown,1
J4520,I3728,6660.0,6661.0,brown,1
J4520,I7984,15671.0,15672.0,brown,1
J4520,I12593,25068.0,25069.0,green,1
J4520,I14129,27736.0,27737.0,green,1
J3590,I3875,6931.0,6933.0,brown,1
J3590,I4323,7819.0,7820.0,brown,1
J3590,I4708,8613.0,8617.0,green,1
J3590,I12644,25164.0,25165.0,green,1
J3590,I12772,25393.0,25397.0,green,1
J600,I426,627.0,628.0,green,1
J600,I458,670.0,673.0,green,2
J600,I3114,5421.0,5424.0,green,3
J4876,I8603,17022.0,17024.0,green,1
J4876,I9595,19067.0,19068.0,green,1
J4876,I11707,23384.0,23388.0,green,1
J4876,I14972,29116.0,29117.0,green,1
J3976,I10944,21801.0,21802.0,green,1
J3976,I11040,21999.0,22002.0,green,2
J3976,I11104,22124.0,22128.0,green,1
J4813,I5323,9951.0,9953.0,brown,2
J4813,I5963,11301.0,11303.0,brown,1
J4813,I13996,27514.0,27516.0,green,1
J4813,I14382,28143.0,28144.0,green,1
J934,I1506,2399.0,2401.0,brown,2
J934,I3682,6568.0,6571.0,brown,1
J934,I13231,26224.0,26230.0,green,1
J467,I1090,1705.0,1708.0,green,3
J467,I1122,1757.0,1760.0,green,1
J467,I1282,2019.0,2021.0,green,1
J467,I1474,2336.0,2342.0,green,1
J4086,I12739,25333.0,25334.0,green,1
J524,I349,502.0,504.0,brown,1
J524,I9981,19872.0,19874.0,brown,2
J524,I11934,23823.0,23826.0,green,1
J524,I12350,24606.0,24611.0,green,1
J524,I14828,28892.0,28894.0,green,1
J3209,I5402,10129.0,10132.0,green,3
J3209,I8394,16569.0,16571.0,green,1
J822,I8622,17069.0,17082.0,green,1
J822,I11182,22302.0,22303.0,green,1
J3922,I2349,3952.0,3953.0,brown,1
J3922,I6158,11689.0,11691.0,green,2
J3922,I9614,19114.0,19118.0,green,1
J3922,I12504,24899.0,24901.0,green,1
J3922,I12922,25660.0,25663.0,green,1
J3505,I3237,5678.0,5682.0,green,2
J3505,I3365,5895.0,5896.0,green,1
J3505,I5445,10225.0,10226.0,green,1
J3505,I10469,20856.0,20858.0,green,2
J3692,I5866,11132.0,11134.0,brown,2
J3692,I6666,12757.0,12758.0,brown,1
J3692,I14091,27683.0,27684.0,green,1
J3692,I15475,29901.0,29903.0,green,1
J3692,I15539,29983.0,29984.0,green,1
J1796,I4991,9223.0,9224.0,brown,1
J1796,I11136,22192.0,22194.0,green,1
J1796,I11840,23646.0,23649.0,green,1
J1796,I12984,25800.0,25807.0,green,2
J4241,I9457,18802.0,18804.0,brown,1
J4241,I11570,23120.0,23127.0,green,1
J4241,I12786,25419.0,25426.0,green,2
J4241,I13105,26018.0,26019.0,brown,1
J4241,I13210,26194.0,26195.0,green,1
J127,I190,265.0,270.0,green,2
J127,I4126,7428.0,7429.0,green,1
J127,I4414,7997.0,8001.0,green,1
J1231,I2048,3382.0,3383.0,brown,1
J1231,I2977,5154.0,5157.0,green,2
J1231,I6369,12129.0,12132.0,green,1
J3066,I1543,2446.0,2447.0,green,1
J3066,I2983,5168.0,5173.0,green,2
J3066,I4135,7454.0,7459.0,green,1
J3066,I10215,20345.0,20347.0,green,1
J1682,I4160,7515.0,7518.0,green,1
J1682,I7776,15249.0,15253.0,green,1
J1682,I9284,18436.0,18439.0,green,1
J1682,I10328,20551.0,20558.0,green,1
J1682,I10752,21426.0,21430.0,green,2
J3971,I1743,2837.0,2839.0,brown,2
J3971,I2639,4482.0,4483.0,brown,1
J3971,I10320,20538.0,20540.0,green,2
J2354,I2221,3727.0,3730.0,green,2
J2354,I5901,11189.0,11192.0,green,2
J3947,I6667,12758.0,12759.0,brown,1
J3947,I6668,12759.0,12767.0,green,1
J3947,I7884,15469.0,15471.0,green,2
J3947,I7948,15599.0,15606.0,green,2
J198,I791,1222.0,1224.0,green,1
J198,I1175,1847.0,1852.0,green,2
J198,I1271,1999.0,2002.0,green,1
J198,I1495,2379.0,2381.0,green,1
J198,I2391,4025.0,4026.0,green,1
J716,I2288,3860.0,3862.0,brown,1
J716,I2672,4531.0,4533.0,brown,1
J716,I7824,15351.0,15353.0,brown,1
J716,I10065,20055.0,20063.0,green,1
J716,I11729,23421.0,23422.0,green,1
J4709,I12680,25228.0,25229.0,green,1
J4709,I13320,26373.0,26376.0,green,1
J4709,I13544,26751.0,26753.0,green,1
J4709,I13704,27001.0,27013.0,green,1
J4709,I14056,27609.0,27611.0,green,2
J3634,I2911,5000.0,5002.0,brown,1
J3634,I5343,9986.0,9987.0,brown,1
J3634,I14592,28509.0,28513.0,green,1
J3634,I14656,28613.0,28615.0,green,1
J3634,I14720,28716.0,28717.0,green,1
J2537,I8393,16566.0,16569.0,green,3
J2537,I10921,21763.0,21765.0,green,1
J2537,I13265,26285.0,26286.0,green,1
J1766,I4755,8696.0,8698.0,green,1
J1766,I6419,12259.0,12263.0,green,1
J1766,I10371,20661.0,20664.0,green,2
J1766,I10467,20849.0,20853.0,green,2
J1189,I2270,3828.0,3829.0,brown,1
J1189,I2271,3829.0,3831.0,green,1
J1189,I2367,3980.0,3986.0,brown,1
J1436,I3678,6549.0,6550.0,green,1
J1436,I3807,6811.0,6814.0,green,2
J1436,I4398,7961.0,7963.0,brown,1
J1436,I6132,11624.0,11629.0,green,2
J2572,I5422,10185.0,10187.0,brown,2
J2572,I5647,10640.0,10643.0,green,2
J2572,I9871,19617.0,19630.0,green,2
J2146,I4569,8308.0,8310.0,brown,1
J2146,I10170,20265.0,20268.0,green,1
J2146,I10394,20712.0,20716.0,green,1
J2146,I10618,21179.0,21183.0,green,2
J4996,I15469,29891.0,29896.0,green,2
J4996,I15509,29944.0,29945.0,green,1
J4996,I15525,29965.0,29967.0,green,2
J4996,I15541,29985.0,29986.0,green,1
J4472,I11930,23816.0,23818.0,brown,2
J4472,I12058,24075.0,24077.0,brown,2
J4472,I12154,24262.0,24264.0,brown,1
J4472,I14395,28171.0,28172.0,green,1
J3860,I10653,21257.0,21260.0,green,2
J3860,I10876,21669.0,21671.0,brown,1
J3860,I11197,22334.0,22336.0,green,1
J3860,I11421,22800.0,22803.0,green,2
J4964,I11247,22466.0,22467.0,brown,1
J4964,I11375,22709.0,22711.0,brown,2
J4964,I13807,27192.0,27193.0,brown,1
J3496,I8761,17371.0,17376.0,green,1
J3496,I13561,26779.0,26781.0,green,1
J3496,I14204,27861.0,27867.0,green,4
J4171,I6018,11405.0,11407.0,green,1
J4171,I7585,14802.0,14804.0,brown,1
J4171,I10530,21008.0,21012.0,green,1
J4171,I12322,24551.0,24554.0,green,1
J4171,I12586,25054.0,25056.0,green,1
J415,I3408,5981.0,5992.0,green,2
J415,I11216,22396.0,22399.0,green,1
J415,I11408,22770.0,22773.0,green,2
J415,I12400,24707.0,24710.0,green,1
J3163,I9200,18256.0,18258.0,brown,2
J3163,I10672,21291.0,21293.0,brown,1
J902,I6993,13441.0,13443.0,brown,1
J902,I9297,18459.0,18460.0,brown,1
J902,I11570,23120.0,23127.0,green,2
J902,I11697,23361.0,23364.0,brown,1
J902,I13617,26871.0,26873.0,brown,1
J2844,I6030,11430.0,11432.0,green,1
J2844,I7310,14190.0,14202.0,green,5
J1601,I1547,2458.0,2460.0,green,1
J1601,I3211,5628.0,5637.0,green,1
J1601,I3467,6108.0,6111.0,green,1
J1601,I5163,9567.0,9573.0,green,1
J54,I226,324.0,325.0,brown,1
J54,I674,1011.0,1012.0,brown,1
J54,I898,1388.0,1390.0,brown,1
J54,I7874,15455.0,15457.0,brown,1
J54,I14059,27615.0,27617.0,green,1
J54,I14537,28418.0,28419.0,green,1
J1230,I3907,6986.0,6988.0,green,1
J1230,I4611,8394.0,8398.0,green,1
J1230,I8710,17264.0,17266.0,brown,1
J1230,I9318,18516.0,18520.0,brown,1
J1577,I3606,6413.0,6415.0,brown,1
J1577,I7063,13581.0,13582.0,green,1
J1577,I10551,21051.0,21056.0,green,2
J1577,I11031,21973.0,21979.0,green,2
J3245,I8084,15866.0,15868.0,brown,2
J3245,I12341,24586.0,24592.0,green,3
J789,I1459,2316.0,2317.0,green,1
J789,I1555,2476.0,2480.0,green,1
J789,I5299,9878.0,9882.0,green,1
J789,I6515,12466.0,12474.0,green,1
J789,I8726,17304.0,17305.0,green,1
J789,I8741,17322.0,17325.0,green,1
J110,I451,659.0,662.0,green,1
J110,I2787,4754.0,4755.0,green,1
J110,I4771,8721.0,8723.0,green,1
J110,I4867,8951.0,8955.0,green,2
J110,I8022,15733.0,15734.0,green,1
J2535,I3483,6156.0,6158.0,green,1
J2535,I6427,12274.0,12278.0,green,3
J3819,I3395,5951.0,5955.0,brown,1
J3819,I6148,11664.0,11670.0,green,1
J3819,I10284,20467.0,20469.0,green,1
J2464,I5451,10241.0,10247.0,green,6
J4121,I11539,23051.0,23052.0,brown,1
J4121,I11540,23052.0,23055.0,green,1
J4121,I11699,23365.0,23367.0,brown,1
J4121,I14964,29105.0,29106.0,green,1
J2556,I6865,13179.0,13187.0,green,4
J2556,I11345,22647.0,22649.0,green,2
J1296,I4579,8336.0,8338.0,green,1
J1296,I4643,8472.0,8474.0,green,1
J1296,I11491,22958.0,22960.0,green,1
J1296,I11651,23280.0,23283.0,green,2
J3832,I11037,21992.0,21997.0,green,1
J3832,I11325,22613.0,22614.0,green,1
J3832,I11709,23389.0,23390.0,brown,1
J3832,I13789,27154.0,27155.0,green,1
J3832,I14205,27867.0,27871.0,green,1
J3832,I14781,28822.0,28823.0,green,1
J1217,I5981,11331.0,11332.0,brown,1
J1217,I8838,17549.0,17550.0,green,1
J4526,I9957,19821.0,19824.0,brown,1
J4526,I10725,21374.0,21375.0,brown,1
J4526,I14566,28462.0,28465.0,green,2
J4526,I14598,28524.0,28526.0,green,2
J694,I2420,4072.0,4073.0,green,1
J694,I2452,4127.0,4131.0,green,4
J694,I2484,4193.0,4194.0,green,1
J4670,I3846,6880.0,6883.0,brown,2
J4670,I14215,27888.0,27895.0,green,1
J2149,I5489,10319.0,10322.0,green,3
J2149,I5745,10866.0,10871.0,green,3
J3561,I7097,13649.0,13654.0,green,3
J3561,I7224,13947.0,13948.0,brown,1
J3561,I7704,15069.0,15070.0,brown,1
J1798,I7359,14318.0,14320.0,green,1
J1798,I7902,15508.0,15510.0,brown,1
J1798,I9246,18356.0,18357.0,brown,1
J1798,I11967,23895.0,23899.0,green,2
J3352,I3294,5781.0,5782.0,brown,1
J3352,I7711,15090.0,15098.0,green,1
J3352,I7742,15169.0,15170.0,brown,1
J3352,I7743,15170.0,15173.0,green,1
J3352,I8318,16401.0,16402.0,brown,1
J693,I6584,12611.0,12615.0,brown,1
J693,I6840,13142.0,13143.0,brown,1
J693,I10873,21664.0,21666.0,green,1
J693,I11321,22602.0,22605.0,green,1
J693,I12377,24652.0,24653.0,green,1
J4909,I1795,2946.0,2947.0,brown,1
J4909,I9188,18239.0,18242.0,green,1
J4909,I14148,27771.0,27774.0,green,1
J4909,I14436,28238.0,28242.0,green,1
J4984,I13959,27449.0,27454.0,green,4
J4984,I14278,27996.0,27998.0,brown,1
J4984,I14310,28044.0,28045.0,brown,1
J2497,I3027,5260.0,5261.0,green,1
J2497,I3539,6282.0,6284.0,green,1
J2497,I5395,10112.0,10113.0,green,1
J2497,I10456,20830.0,20833.0,green,3
J4178,I1624,2609.0,2611.0,brown,2
J4178,I10232,20378.0,20380.0,brown,1
J4054,I11548,23076.0,23078.0,green,2
J4054,I11580,23146.0,23148.0,green,1
J4054,I11900,23749.0,23751.0,green,2
J4054,I12189,24319.0,24323.0,brown,1
J4084,I8722,17287.0,17292.0,green,1
J4084,I8881,17633.0,17635.0,brown,2
J4918,I9447,18789.0,18790.0,brown,1
J4918,I10504,20940.0,20943.0,green,1
J4918,I10760,21439.0,21440.0,green,1
J4918,I13960,27454.0,27458.0,green,1
J548,I69,87.0,89.0,brown,1
J548,I2950,5090.0,5092.0,green,1
J548,I4742,8669.0,8673.0,green,1
J548,I7078,13608.0,13613.0,green,2
J548,I8742,17325.0,17333.0,green,1
J1831,I2975,5148.0,5153.0,green,1
J1831,I3775,6756.0,6759.0,green,3
J1831,I5407,10146.0,10151.0,green,1
J1831,I8593,17001.0,17002.0,green,1
J1860,I3380,5927.0,5928.0,green,1
J1860,I5332,9968.0,9971.0,green,1
J1860,I9176,18203.0,18209.0,green,1
J3345,I7773,15234.0,15243.0,green,2
J3345,I7836,15378.0,15381.0,brown,3
J3345,I10589,21126.0,21130.0,green,1
J3623,I7925,15550.0,15557.0,green,4
J3623,I14197,27850.0,27851.0,green,1
J4720,I10830,21582.0,21584.0,brown,1
J4720,I11870,23699.0,23700.0,brown,1
J4720,I14062,27625.0,27628.0,brown,2
J4720,I14926,29042.0,29043.0,brown,1
J1687,I1932,3174.0,3176.0,green,1
J1687,I3436,6046.0,6051.0,green,1
J1687,I4044,7241.0,7247.0,green,2
J1687,I6806,13045.0,13064.0,green,2
J3854,I6931,13301.0,13303.0,brown,2
J3854,I11988,23938.0,23939.0,green,1
J3854,I12804,25454.0,25461.0,green,2
J3854,I13188,26163.0,26164.0,green,1
J3355,I8002,15695.0,15697.0,green,2
J3355,I8066,15831.0,15836.0,green,3
J3355,I8162,16044.0,16052.0,green,1
J4644,I13307,26350.0,26352.0,green,2
J4644,I13563,26782.0,26784.0,green,2
J4644,I13691,26982.0,26983.0,green,1
J4644,I13725,27040.0,27042.0,brown,1
J3856,I3012,5240.0,5241.0,brown,1
J3856,I7620,14871.0,14876.0,brown,1
J3856,I10020,19956.0,19959.0,brown,1
J3856,I10276,20447.0,20449.0,brown,1
J3856,I11109,22140.0,22144.0,green,1
J3856,I11653,23284.0,23286.0,green,1
J1982,I3826,6849.0,6853.0,green,2
J1982,I5841,11083.0,11085.0,brown,1
J1982,I7410,14428.0,14433.0,green,1
J1982,I7794,15283.0,15291.0,green,1
J1982,I8907,17670.0,17671.0,brown,1
J3510,I2264,3809.0,3813.0,brown,2
J3510,I12761,25374.0,25375.0,green,1
J3510,I15164,29431.0,29433.0,green,2
J1481,I5546,10438.0,10440.0,green,1
J1481,I5898,11184.0,11185.0,green,1
J1481,I7478,14582.0,14588.0,green,1
J1481,I7658,14976.0,14981.0,green,3
J4617,I7036,13530.0,13531.0,brown,1
J4617,I7548,14732.0,14735.0,brown,2
J4617,I8861,17600.0,17603.0,green,1
J4617,I11805,23564.0,23568.0,green,2
J2672,I4782,8754.0,8758.0,green,1
J2672,I11502,22978.0,22987.0,green,2
J2672,I11822,23594.0,23597.0,green,1
J1648,I1114,1745.0,1748.0,brown,1
J1648,I8539,16864.0,16866.0,green,1
J1648,I9243,18345.0,18350.0,green,1
J4560,I3324,5827.0,5829.0,brown,1
J4560,I8124,15964.0,15966.0,brown,2
J4560,I8156,16030.0,16034.0,brown,1
J4560,I15229,29531.0,29532.0,green,1
J4560,I15313,29649.0,29650.0,green,1
J506,I2390,4022.0,4025.0,green,1
J506,I8566,16936.0,16942.0,green,1
J1650,I4015,7175.0,7182.0,green,2
J1650,I5871,11140.0,11141.0,green,1
J1650,I9071,18021.0,18027.0,green,1
J1650,I10839,21598.0,21599.0,brown,1
J1650,I11215,22387.0,22396.0,green,1
J4397,I5246,9761.0,9765.0,green,1
J4397,I11934,23823.0,23826.0,green,2
J4397,I13390,26497.0,26503.0,green,2
J3372,I7471,14569.0,14572.0,brown,1
J3372,I11536,23044.0,23049.0,green,1
J3372,I13392,26504.0,26506.0,green,2
J3372,I13840,27249.0,27252.0,green,1
J246,I1145,1799.0,1800.0,brown,1
J246,I1881,3074.0,3076.0,brown,2
J3523,I7037,13531.0,13535.0,brown,2
J3523,I7485,14607.0,14612.0,brown,1
J3523,I8510,16799.0,16800.0,green,1
J3125,I2811,4813.0,4815.0,brown,1
J3125,I6043,11460.0,11464.0,brown,1
J3125,I9244,18350.0,18354.0,green,1
J3125,I9308,18495.0,18498.0,green,3
J2839,I5220,9697.0,9701.0,green,2
J2839,I11572,23129.0,23133.0,green,1
J2839,I11676,23314.0,23315.0,green,1
J2839,I11796,23545.0,23547.0,green,1
J4214,I9437,18772.0,18775.0,brown,1
J4214,I9693,19264.0,19266.0,brown,1
J4214,I12510,24908.0,24910.0,green,1
J4214,I15022,29197.0,29199.0,green,1
J199,I6109,11592.0,11594.0,brown,1
J199,I7485,14607.0,14612.0,brown,1
J199,I10334,20571.0,20574.0,green,1
J199,I11678,23316.0,23319.0,green,2
J199,I12190,24323.0,24324.0,green,1
J3998,I11596,23175.0,23176.0,green,1
J3998,I11820,23590.0,23592.0,green,1
J3998,I11916,23780.0,23788.0,green,3
J3998,I12526,24952.0,24953.0,green,1
J2981,I7406,14423.0,14425.0,brown,2
J2981,I7438,14496.0,14498.0,brown,1
J2981,I7566,14775.0,14777.0,brown,1
J2981,I12399,24705.0,24707.0,green,2
J4521,I6895,13238.0,13242.0,green,2
J4521,I6926,13289.0,13293.0,brown,3
J4521,I14831,28897.0,28898.0,green,1
J1345,I6071,11518.0,11522.0,brown,1
J1345,I6775,12989.0,12991.0,brown,1
J1345,I9367,18634.0,18637.0,brown,1
J1345,I9463,18813.0,18816.0,brown,1
J1345,I12376,24650.0,24652.0,green,1
J1345,I14568,28471.0,28473.0,green,1
J1151,I2263,3803.0,3809.0,brown,2
J1151,I7352,14300.0,14303.0,green,1
J3541,I4455,8096.0,8097.0,green,1
J3541,I5607,10551.0,10555.0,green,3
J3541,I7047,13551.0,13557.0,green,1
J835,I6568,12579.0,12582.0,green,2
J835,I8040,15765.0,15775.0,green,1
J687,I1945,3203.0,3206.0,green,2
J687,I2585,4380.0,4389.0,green,4
J3611,I3460,6091.0,6093.0,brown,1
J3611,I4292,7759.0,7762.0,brown,1
J3611,I4901,9023.0,9031.0,green,2
J3611,I7620,14871.0,14876.0,brown,1
J3611,I10180,20286.0,20288.0,brown,1
J3331,I8468,16712.0,16714.0,green,1
J3331,I8500,16772.0,16775.0,green,1
J3331,I8628,17090.0,17093.0,green,2
J255,I1123,1760.0,1761.0,green,1
J255,I1283,2021.0,2022.0,green,1
J255,I1763,2875.0,2882.0,green,1
J255,I2339,3937.0,3939.0,green,1
J255,I2659,4514.0,4516.0,green,1
J255,I2747,4674.0,4676.0,green,1
J1495,I11696,23356.0,23361.0,green,2
J1495,I14202,27856.0,27860.0,green,2
J1495,I14960,29093.0,29097.0,green,1
J1495,I14991,29138.0,29140.0,brown,1
J3609,I7077,13604.0,13608.0,green,2
J3609,I8805,17468.0,17477.0,green,2
J3609,I10742,21402.0,21408.0,green,1
J3609,I10838,21596.0,21598.0,green,1
J1871,I3946,7066.0,7068.0,brown,1
J1871,I4522,8221.0,8223.0,brown,1
J1871,I8234,16206.0,16210.0,brown,1
J1871,I12555,25001.0,25005.0,green,1
J44,I181,251.0,253.0,green,2
J44,I1813,2970.0,2974.0,green,2
J3370,I8854,17590.0,17591.0,green,1
J3370,I9014,17893.0,17894.0,green,1
J3370,I9142,18147.0,18153.0,green,3
J2755,I7411,14433.0,14441.0,green,2
J4135,I5868,11136.0,11138.0,brown,2
J4135,I9676,19236.0,19238.0,brown,1
J4135,I14157,27790.0,27791.0,green,1
J4135,I14733,28734.0,28738.0,green,1
J3386,I7557,14747.0,14757.0,green,4
J2237,I2846,4884.0,4885.0,brown,1
J2237,I5311,9918.0,9924.0,green,3
J2318,I2360,3971.0,3973.0,green,1
J2318,I4599,8368.0,8370.0,brown,1
J2318,I11432,22820.0,22822.0,green,1
J2318,I12352,24612.0,24615.0,green,1
J4538,I13596,26839.0,26842.0,green,3
J4538,I13788,27151.0,27154.0,green,1
J346,I2863,4922.0,4924.0,brown,1
J346,I12816,25479.0,25482.0,green,3
J4118,I4322,7817.0,7819.0,brown,2
J4118,I4739,8663.0,8665.0,green,1
J4118,I13027,25885.0,25886.0,green,1
J4118,I13223,26211.0,26216.0,green,1
J4118,I13275,26305.0,26306.0,green,1
J159,I4611,8394.0,8398.0,green,2
J1123,I3741,6685.0,6688.0,brown,1
J1123,I10406,20734.0,20738.0,green,1
J2176,I3947,7068.0,7071.0,brown,1
J2176,I7148,13764.0,13766.0,green,1
J2176,I9356,18617.0,18618.0,green,1
J2176,I14444,28255.0,28259.0,green,3
J758,I4651,8485.0,8493.0,green,4
J758,I10955,21824.0,21827.0,green,2
J2124,I1211,1904.0,1905.0,brown,1
J2124,I1339,2111.0,2112.0,brown,1
J2124,I5563,10474.0,10476.0,brown,1
J2124,I8300,16369.0,16371.0,green,1
J2124,I9064,18004.0,18007.0,green,1
J2124,I9192,18246.0,18247.0,green,1
J2787,I5255,9789.0,9791.0,brown,2
J2787,I5383,10082.0,10085.0,brown,1
J2787,I12360,24625.0,24626.0,green,1
J2787,I14384,28146.0,28147.0,green,1
J2787,I14984,29131.0,29132.0,green,1
J123,I334,481.0,483.0,green,1
J123,I494,721.0,723.0,green,1
J123,I602,888.0,894.0,green,1
J4820,I7803,15316.0,15321.0,green,2
J4820,I11771,23504.0,23507.0,green,1
J1303,I981,1531.0,1532.0,brown,1
J1303,I3158,5525.0,5527.0,green,2
J1303,I10806,21542.0,21544.0,brown,1
J1303,I10934,21779.0,21781.0,brown,1
J1303,I12822,25488.0,25491.0,green,1
J4593,I5650,10645.0,10649.0,brown,2
J4593,I12115,24189.0,24191.0,green,1
J4593,I13619,26874.0,26877.0,green,3
J478,I1321,2082.0,2084.0,green,2
J478,I1353,2136.0,2138.0,green,1
J14,I24,30.0,31.0,brown,1
J14,I40,51.0,52.0,brown,1
J14,I177,245.0,248.0,green,1
J14,I817,1259.0,1260.0,green,1
J4952,I9446,18786.0,18789.0,green,1
J4952,I15116,29364.0,29365.0,green,1
J4952,I15238,29543.0,29547.0,green,2
J150,I811,1249.0,1250.0,green,1
J150,I1515,2412.0,2413.0,green,1
J150,I4299,7775.0,7783.0,green,3
J160,I653,978.0,983.0,brown,3
J160,I7534,14711.0,14714.0,green,1
J160,I11502,22978.0,22987.0,green,1
J160,I13358,26443.0,26444.0,green,1
J2538,I4051,7269.0,7270.0,brown,1
J2538,I5907,11206.0,11210.0,brown,2
J2538,I6516,12474.0,12482.0,green,1
J2538,I9139,18144.0,18145.0,brown,1
J2538,I9332,18561.0,18564.0,green,1
J2625,I4530,8233.0,8237.0,green,1
J2625,I4849,8919.0,8920.0,brown,1
J2625,I5329,9962.0,9963.0,brown,1
J2625,I9313,18506.0,18507.0,brown,1
J2625,I9473,18839.0,18841.0,brown,1
J2625,I9793,19442.0,19444.0,brown,1
J3142,I446,652.0,653.0,brown,1
J3142,I6239,11872.0,11874.0,green,2
J3142,I7007,13472.0,13474.0,brown,1
J35,I2823,4834.0,4839.0,green,3
J35,I5351,10012.0,10015.0,green,2
J4311,I7585,14802.0,14804.0,brown,1
J4311,I7681,15023.0,15025.0,brown,1
J4311,I8161,16042.0,16044.0,brown,1
J4311,I11426,22810.0,22814.0,green,1
J4311,I11906,23758.0,23762.0,green,2
J740,I2263,3803.0,3809.0,brown,1
J740,I2463,4146.0,4152.0,brown,1
J701,I531,780.0,781.0,green,1
J701,I659,990.0,993.0,green,1
J701,I7436,14492.0,14495.0,brown,1
J3528,I10593,21138.0,21139.0,green,1
J3528,I10785,21493.0,21495.0,green,1
J3528,I11073,22068.0,22070.0,green,2
J3528,I12033,24021.0,24026.0,green,1
J946,I3791,6781.0,6784.0,green,1
J946,I4015,7175.0,7182.0,green,3
J946,I7903,15510.0,15512.0,green,1
J946,I8568,16946.0,16947.0,green,1
J4712,I5469,10272.0,10273.0,brown,1
J4712,I5533,10415.0,10416.0,brown,1
J4712,I6461,12353.0,12356.0,brown,1
J4712,I13630,26897.0,26899.0,green,2
J4712,I15182,29463.0,29464.0,green,1
J2144,I2101,3491.0,3492.0,brown,1
J2144,I2646,4490.0,4492.0,green,1
J2144,I3766,6738.0,6741.0,green,2
J2144,I8342,16452.0,16455.0,green,1
J2144,I9206,18267.0,18269.0,green,1
J495,I1027,1615.0,1616.0,green,1
J495,I1059,1661.0,1663.0,green,2
J495,I1091,1708.0,1711.0,green,1
J495,I1155,1817.0,1818.0,green,1
J495,I1349,2126.0,2128.0,brown,1
J3957,I9012,17889.0,17890.0,green,1
J3957,I10420,20761.0,20765.0,green,1
J3957,I10580,21113.0,21115.0,brown,1
J3957,I11380,22717.0,22721.0,green,2
J1473,I4179,7549.0,7552.0,brown,1
J1473,I10451,20816.0,20819.0,brown,1
J1473,I11228,22427.0,22432.0,green,3
J1473,I12948,25718.0,25725.0,green,1
J1704,I5318,9940.0,9941.0,green,1
J1704,I9990,19884.0,19887.0,green,1
J1704,I11110,22144.0,22146.0,green,2
J1704,I12262,24451.0,24454.0,green,1
J1704,I12390,24676.0,24680.0,green,1
J4253,I11178,22284.0,22287.0,green,3
J4253,I11594,23172.0,23174.0,brown,1
J4253,I11722,23410.0,23411.0,green,1
J2168,I6320,12026.0,12029.0,green,1
J2168,I6384,12158.0,12159.0,green,1
J2168,I8504,16780.0,16787.0,green,3
J4860,I1689,2729.0,2730.0,brown,1
J4860,I2297,3876.0,3877.0,brown,1
J4860,I10170,20265.0,20268.0,green,1
J4860,I14778,28813.0,28818.0,green,2
J4860,I14874,28966.0,28968.0,green,1
J2664,I5056,9375.0,9377.0,brown,2
J2664,I9504,18902.0,18904.0,brown,1
J2664,I9825,19530.0,19537.0,green,1
J2664,I12641,25160.0,25161.0,green,1
J2664,I12767,25384.0,25388.0,green,1
J4968,I7322,14229.0,14230.0,brown,1
J4968,I7450,14520.0,14525.0,brown,2
J4968,I15467,29889.0,29890.0,green,1
J4968,I15491,29922.0,29924.0,green,1
J4968,I15531,29974.0,29976.0,green,1
J1637,I449,656.0,658.0,green,2
J1637,I2241,3764.0,3769.0,green,1
J1637,I4801,8795.0,8796.0,green,1
J1383,I2058,3395.0,3397.0,green,1
J1383,I2122,3528.0,3531.0,green,1
J1383,I2154,3584.0,3588.0,green,2
J1383,I5742,10861.0,10862.0,green,1
J2422,I3262,5727.0,5729.0,brown,1
J2422,I3359,5876.0,5880.0,green,2
J40,I85,106.0,108.0,green,2
J40,I485,710.0,711.0,green,1
J40,I997,1561.0,1562.0,green,1
J4959,I4932,9104.0,9107.0,brown,1
J4959,I14825,28887.0,28890.0,green,1
J4959,I15175,29450.0,29454.0,green,1
J4959,I15397,29786.0,29787.0,green,1
J792,I5258,9796.0,9798.0,brown,1
J792,I7594,14817.0,14820.0,brown,1
J792,I8299,16368.0,16369.0,green,1
J792,I8875,17626.0,17628.0,brown,2
J792,I11179,22287.0,22291.0,green,1
J4362,I1216,1911.0,1915.0,brown,1
J4362,I3713,6628.0,6632.0,green,1
J4362,I4897,9011.0,9016.0,green,1
J4362,I11937,23829.0,23834.0,green,1
J2298,I3311,5805.0,5810.0,green,1
J2298,I5391,10097.0,10098.0,green,1
J2298,I5711,10789.0,10792.0,green,1
J2298,I8031,15743.0,15744.0,brown,1
J2298,I9935,19764.0,19767.0,green,1
J2298,I10959,21832.0,21834.0,green,1
J4668,I8992,17847.0,17848.0,brown,1
J4668,I9312,18504.0,18506.0,brown,1
J4668,I10817,21558.0,21560.0,green,2
J4668,I12033,24021.0,24026.0,green,2
J3873,I8535,16854.0,16857.0,green,1
J3873,I8758,17363.0,17365.0,brown,2
J3873,I8982,17828.0,17830.0,brown,1
J3873,I10103,20122.0,20124.0,green,1
J3873,I12007,23971.0,23974.0,green,1
J1368,I2889,4968.0,4969.0,brown,1
J1368,I2921,5023.0,5026.0,brown,1
J1368,I11690,23338.0,23342.0,green,1
J1368,I12874,25577.0,25586.0,green,1
J1368,I14218,27897.0,27899.0,green,1
J1368,I14762,28786.0,28787.0,green,1
J450,I306,441.0,442.0,green,1
J450,I2194,3677.0,3679.0,green,1
J450,I2866,4926.0,4928.0,green,1
J2097,I5156,9555.0,9557.0,brown,1
J2097,I5348,10002.0,10004.0,brown,2
J3529,I1952,3217.0,3220.0,brown,2
J3921,I2367,3980.0,3986.0,brown,2
J3921,I14560,28456.0,28457.0,green,1
J3921,I14922,29034.0,29036.0,green,1
J3921,I15008,29179.0,29182.0,green,2
J1792,I12182,24306.0,24308.0,green,2
J1792,I14070,27647.0,27650.0,green,2
J1792,I15318,29655.0,29660.0,green,1
J841,I2354,3957.0,3962.0,green,2
J841,I2418,4067.0,4071.0,green,2
J2866,I5760,10917.0,10922.0,green,1
J2866,I10368,20647.0,20653.0,green,1
J4592,I9901,19690.0,19691.0,green,1
J4592,I9933,19761.0,19763.0,green,2
J3861,I7280,14093.0,14099.0,green,1
J3861,I11791,23538.0,23539.0,brown,1
J3861,I12592,25066.0,25068.0,green,1
J3861,I12752,25359.0,25361.0,green,2
J3861,I13072,25961.0,25962.0,brown,1
J3674,I10020,19956.0,19959.0,brown,2
J3674,I10372,20664.0,20666.0,brown,1
J4376,I2281,3844.0,3846.0,brown,2
J4376,I8298,16363.0,16368.0,green,1
J4376,I11946,23848.0,23850.0,green,2
J4376,I13966,27466.0,27468.0,green,1
J4725,I4790,8771.0,8772.0,brown,1
J4725,I10358,20626.0,20629.0,brown,1
J4725,I14103,27699.0,27702.0,green,2
J1159,I663,996.0,998.0,brown,2
J1159,I7192,13871.0,13879.0,green,1
J1159,I7640,14926.0,14927.0,green,1
J1159,I12490,24879.0,24880.0,green,1
J1159,I12522,24939.0,24941.0,green,1
J696,I425,626.0,627.0,green,1
J696,I489,715.0,716.0,green,1
J696,I2090,3460.0,3466.0,brown,1
J696,I2473,4174.0,4176.0,green,2
J696,I5641,10625.0,10627.0,green,1
J2020,I7534,14711.0,14714.0,green,2
J2020,I11022,21945.0,21953.0,green,1
J2547,I7203,13912.0,13914.0,green,1
J2547,I7266,14068.0,14069.0,brown,1
J2547,I7362,14327.0,14329.0,brown,1
J2547,I13187,26159.0,26163.0,green,2
J2387,I4908,9041.0,9047.0,green,3
J2387,I6572,12590.0,12595.0,green,3
J4733,I9136,18141.0,18142.0,brown,1
J4733,I9713,19299.0,19302.0,green,3
J4733,I10225,20364.0,20368.0,green,1
J4733,I10321,20540.0,20542.0,green,1
J4865,I8525,16825.0,16826.0,green,1
J4865,I8685,17210.0,17212.0,brown,2
J4865,I8749,17346.0,17347.0,brown,1
J862,I12375,24648.0,24650.0,green,1
J2434,I5180,9605.0,9609.0,green,2
J2434,I5435,10203.0,10206.0,brown,3
J4468,I11298,22557.0,22558.0,green,1
J4468,I12610,25112.0,25116.0,green,1
J4468,I14082,27670.0,27671.0,green,1
J4468,I14210,27877.0,27879.0,green,1
J4468,I14594,28514.0,28515.0,green,1
J4468,I14818,28877.0,28879.0,green,1
J3733,I2540,4298.0,4300.0,brown,2
J3733,I2700,4590.0,4591.0,brown,1
J3733,I2829,4847.0,4850.0,green,1
J3733,I10508,20950.0,20952.0,brown,1
J3250,I8791,17443.0,17446.0,green,1
J3250,I10455,20827.0,20830.0,green,1
J3250,I11319,22594.0,22600.0,green,2
J3250,I11895,23735.0,23741.0,green,1
J3250,I12951,25728.0,25731.0,green,1
J1732,I4889,8999.0,9002.0,green,1
J1732,I5017,9282.0,9287.0,green,1
J1732,I8633,17100.0,17103.0,brown,1
J2964,I4019,7188.0,7190.0,green,1
J2964,I5331,9966.0,9968.0,green,1
J2964,I7283,14107.0,14113.0,green,1
J2964,I9971,19843.0,19845.0,green,1
J2964,I11603,23193.0,23195.0,green,1
J1948,I1914,3138.0,3144.0,green,2
J1948,I3642,6484.0,6488.0,green,1
J1948,I5530,10409.0,10412.0,green,1
J1948,I8957,17786.0,17789.0,green,1
J2164,I5836,11070.0,11076.0,green,2
J2164,I5900,11186.0,11189.0,green,3
J2164,I5996,11359.0,11361.0,green,1
J1342,I4206,7600.0,7602.0,brown,1
J1342,I4494,8163.0,8168.0,brown,1
J1342,I12110,24180.0,24181.0,brown,1
J1342,I13839,27247.0,27249.0,green,1
J1342,I13999,27518.0,27519.0,green,1
J1342,I14703,28688.0,28695.0,green,1
J1619,I1779,2915.0,2916.0,brown,1
J1619,I6355,12094.0,12096.0,brown,1
J1619,I8371,16507.0,16508.0,brown,1
J502,I1912,3128.0,3137.0,green,1
J502,I1975,3252.0,3253.0,brown,1
J502,I2584,4378.0,4380.0,green,1
J502,I3672,6541.0,6543.0,green,1
J502,I4727,8646.0,8649.0,brown,1
J2570,I7151,13769.0,13770.0,brown,1
J2570,I12015,23988.0,23989.0,brown,1
J2570,I14223,27904.0,27905.0,brown,1
J2570,I14640,28585.0,28587.0,green,2
J2570,I14672,28637.0,28639.0,brown,1
J3436,I5291,9857.0,9858.0,brown,1
J3436,I15392,29777.0,29779.0,green,1
J2705,I6267,11920.0,11921.0,brown,1
J2705,I12796,25439.0,25445.0,green,1
J2705,I14492,28346.0,28350.0,green,2
J749,I2830,4850.0,4857.0,green,2
J749,I3534,6274.0,6275.0,green,1
J749,I5582,10503.0,10507.0,green,2
J749,I9454,18796.0,18797.0,brown,1
J618,I8444,16651.0,16656.0,green,2
J618,I8668,17176.0,17183.0,green,1
J2401,I3050,5311.0,5312.0,green,1
J2401,I4394,7953.0,7957.0,green,2
J2401,I5610,10559.0,10562.0,green,1
J2401,I9974,19850.0,19854.0,green,2
J2728,I6155,11682.0,11685.0,brown,1
J2728,I7052,13561.0,13565.0,green,2
J2728,I8108,15922.0,15926.0,green,3
J2641,I4136,7459.0,7460.0,green,1
J2641,I4232,7647.0,7651.0,green,1
J2641,I4296,7770.0,7773.0,green,1
J2641,I4552,8284.0,8287.0,green,1
J4969,I8823,17515.0,17523.0,green,1
J4969,I9750,19365.0,19367.0,brown,2
J1644,I3019,5248.0,5250.0,brown,1
J1644,I10028,19971.0,19974.0,green,1
J1579,I2601,4415.0,4417.0,green,1
J1579,I5225,9718.0,9725.0,green,1
J1579,I10505,20943.0,20945.0,green,1
J1579,I11177,22282.0,22284.0,green,1
J1579,I11289,22541.0,22544.0,green,1
J1579,I11321,22602.0,22605.0,green,1
J4286,I12429,24761.0,24762.0,green,1
J4286,I12461,24823.0,24824.0,green,1
J4286,I12525,24948.0,24952.0,green,3
J4286,I12589,25059.0,25063.0,green,1
J3489,I12521,24935.0,24939.0,green,3
J2976,I8523,16823.0,16824.0,brown,1
J2697,I6662,12752.0,12754.0,green,2
J2697,I7110,13676.0,13677.0,green,1
J1609,I3677,6547.0,6549.0,green,2
J1609,I3709,6620.0,6622.0,green,2
J1609,I7265,14064.0,14068.0,green,1
J1304,I5081,9418.0,9419.0,brown,1
J1304,I6106,11582.0,11590.0,green,1
J1304,I8281,16331.0,16332.0,brown,1
J1304,I13610,26861.0,26862.0,green,1
J1304,I13778,27126.0,27127.0,green,1
J3680,I5801,11000.0,11004.0,green,1
J3680,I6441,12306.0,12309.0,green,2
J3680,I7177,13836.0,13839.0,green,1
J849,I2563,4339.0,4341.0,brown,2
J849,I2595,4402.0,4404.0,brown,2
J849,I2691,4580.0,4581.0,brown,1
J849,I10435,20785.0,20788.0,brown,1
J4060,I1067,1671.0,1672.0,brown,1
J4060,I7372,14344.0,14349.0,green,1
J4060,I11180,22291.0,22300.0,green,1
J3183,I5667,10687.0,10689.0,brown,1
J3183,I8356,16478.0,16481.0,green,3
J3183,I12420,24747.0,24751.0,green,1
J3183,I12575,25033.0,25037.0,green,1
J3727,I3492,6185.0,6186.0,brown,1
J3727,I4388,7933.0,7936.0,brown,1
J3727,I12805,25461.0,25463.0,green,1
J1690,I1165,1829.0,1830.0,brown,1
J1690,I5294,9865.0,9869.0,green,1
J1690,I5454,10249.0,10250.0,green,1
J1690,I8366,16494.0,16496.0,green,1
J1690,I10190,20308.0,20310.0,brown,1
J1690,I10510,20954.0,20957.0,green,1
J586,I1646,2649.0,2651.0,brown,2
J1736,I488,713.0,715.0,green,1
J1736,I872,1348.0,1349.0,green,1
J1736,I7368,14336.0,14338.0,green,2
J2284,I4161,7518.0,7519.0,green,1
J2284,I4865,8947.0,8950.0,green,3
J2284,I9825,19530.0,19537.0,green,1
J1852,I4827,8849.0,8853.0,green,1
J1852,I4858,8935.0,8936.0,brown,1
J1852,I4890,9002.0,9004.0,brown,1
J1852,I12603,25088.0,25089.0,green,1
J1852,I12767,25384.0,25388.0,green,1
J1852,I12795,25436.0,25439.0,green,1
J2706,I851,1316.0,1318.0,green,1
J2706,I9147,18158.0,18160.0,green,1
J2706,I9433,18765.0,18767.0,green,1
J4823,I2701,4591.0,4592.0,brown,1
J4823,I8493,16754.0,16756.0,brown,1
J4823,I10573,21101.0,21102.0,brown,1
J3091,I135,181.0,182.0,brown,1
J3091,I6376,12141.0,12143.0,green,2
J3091,I6472,12381.0,12389.0,green,1
J3091,I9592,19061.0,19063.0,green,1
J4020,I3071,5350.0,5352.0,brown,2
J3316,I9149,18162.0,18163.0,green,1
J3316,I9181,18221.0,18227.0,green,3
J3316,I10237,20384.0,20390.0,green,1
J3783,I6346,12072.0,12075.0,green,1
J3783,I7306,14177.0,14178.0,green,1
J3783,I10230,20375.0,20377.0,green,1
J3783,I10938,21788.0,21792.0,green,1
J3783,I11672,23308.0,23310.0,green,2
J1354,I9359,18620.0,18623.0,green,1
J1354,I12415,24738.0,24741.0,green,2
J1354,I14153,27780.0,27783.0,green,2
J1260,I5151,9543.0,9548.0,green,1
J1260,I6175,11735.0,11736.0,green,1
J1260,I8559,16922.0,16926.0,green,1
J1919,I4494,8163.0,8168.0,brown,2
J1919,I14415,28206.0,28210.0,green,2
J2743,I4614,8402.0,8405.0,green,1
J2743,I4709,8617.0,8618.0,brown,1
J2743,I6278,11941.0,11943.0,green,1
J2743,I11630,23243.0,23244.0,green,1
J201,I922,1426.0,1427.0,green,1
J201,I1018,1593.0,1596.0,green,3
J201,I2074,3423.0,3424.0,green,1
J201,I2394,4031.0,4034.0,green,1
J3695,I11097,22110.0,22112.0,green,2
J3695,I11129,22180.0,22181.0,green,1
J3695,I11161,22236.0,22238.0,green,2
J3695,I11193,22318.0,22323.0,green,1
J2507,I4412,7994.0,7995.0,brown,1
J2507,I4860,8938.0,8939.0,brown,1
J2507,I9309,18498.0,18501.0,green,1
J2507,I10364,20638.0,20642.0,brown,1
J2507,I13085,25985.0,25986.0,green,1
J2507,I13569,26791.0,26792.0,green,1
J4761,I8534,16848.0,16854.0,green,1
J4761,I12758,25370.0,25372.0,green,1
J4761,I14470,28303.0,28306.0,green,3
J3406,I860,1329.0,1330.0,brown,1
J3406,I7932,15573.0,15574.0,brown,1
J3406,I8636,17105.0,17107.0,brown,2
J3406,I9821,19521.0,19525.0,green,1
J3406,I13629,26895.0,26897.0,green,1
J257,I510,747.0,753.0,green,6
J1837,I5106,9454.0,9456.0,green,2
J1837,I5234,9738.0,9740.0,green,2
J1837,I13218,26205.0,26206.0,green,1
J4683,I13579,26808.0,26813.0,green,2
J4683,I13602,26849.0,26852.0,brown,1
J4683,I13763,27100.0,27102.0,green,1
J1695,I2371,3990.0,3992.0,green,2
J1695,I8115,15945.0,15949.0,green,2
J1695,I8168,16060.0,16062.0,brown,1
J556,I513,755.0,756.0,green,1
J556,I545,804.0,805.0,green,1
J556,I3073,5353.0,5354.0,green,1
J556,I3297,5787.0,5788.0,green,1
J556,I3521,6249.0,6251.0,green,1
J2925,I8274,16313.0,16314.0,green,1
J2925,I8338,16443.0,16444.0,green,1
J2925,I8386,16547.0,16550.0,green,3
J2925,I8402,16584.0,16586.0,green,1
J2135,I7411,14433.0,14441.0,green,1
J2135,I7417,14452.0,14457.0,green,3
J1628,I2823,4834.0,4839.0,green,2
J3874,I6788,13013.0,13016.0,green,1
J3874,I6851,13162.0,13165.0,brown,1
J3874,I8068,15837.0,15839.0,green,2
J3874,I8740,17321.0,17322.0,green,1
J3874,I14596,28518.0,28521.0,green,1
J3753,I1973,3250.0,3251.0,brown,1
J3753,I2037,3357.0,3358.0,brown,1
J3753,I14074,27656.0,27659.0,green,2
J3753,I14726,28724.0,28726.0,green,1
J1597,I1230,1943.0,1945.0,brown,2
J1597,I4526,8226.0,8228.0,brown,1
J1597,I7311,14202.0,14205.0,green,1
J1597,I10287,20472.0,20476.0,green,2
J1492,I4767,8716.0,8717.0,brown,1
J1492,I15008,29179.0,29182.0,green,1
J599,I1293,2039.0,2041.0,brown,1
J599,I4974,9191.0,9196.0,green,3
J599,I5486,10309.0,10315.0,green,1
J3411,I5518,10387.0,10391.0,brown,2
J3411,I7279,14089.0,14093.0,green,1
J3411,I7727,15133.0,15146.0,green,3
J2980,I1101,1720.0,1722.0,brown,1
J2980,I1325,2088.0,2089.0,brown,1
J2980,I1357,2142.0,2144.0,brown,1
J2980,I11566,23109.0,23113.0,green,1
J2980,I13262,26279.0,26281.0,green,1
J2980,I14894,28992.0,28999.0,green,1
J2520,I4964,9166.0,9167.0,brown,1
J2520,I10852,21621.0,21622.0,brown,1
J2520,I12741,25335.0,25337.0,green,1
J208,I805,1242.0,1243.0,brown,1
J208,I1477,2345.0,2349.0,brown,1
J208,I7589,14807.0,14808.0,brown,1
J208,I14214,27884.0,27888.0,green,2
J208,I14982,29127.0,29130.0,green,1
J1522,I4313,7799.0,7806.0,green,2
J594,I8777,17401.0,17407.0,green,1
J594,I9353,18613.0,18615.0,green,1
J987,I4774,8731.0,8738.0,green,1
J987,I6149,11670.0,11675.0,brown,2
J987,I6437,12296.0,12301.0,brown,1
J987,I8598,17010.0,17013.0,green,1
J4487,I11040,21999.0,22002.0,green,1
J4487,I11167,22261.0,22262.0,brown,1
J4487,I11231,22435.0,22437.0,brown,1
J4487,I11424,22805.0,22808.0,green,1
J4487,I11551,23084.0,23086.0,brown,1
J4487,I13704,27001.0,27013.0,green,1
J1565,I3205,5620.0,5622.0,brown,2
J1565,I10246,20402.0,20408.0,green,1
J1565,I10886,21696.0,21704.0,green,1
J4423,I3889,6952.0,6953.0,brown,1
J4423,I11857,23677.0,23678.0,brown,1
J4423,I14354,28102.0,28107.0,green,2
J4423,I14834,28902.0,28903.0,green,1
J2417,I682,1023.0,1024.0,brown,1
J2417,I4587,8350.0,8351.0,green,1
J2417,I5515,10369.0,10383.0,green,1
J2417,I6603,12640.0,12643.0,green,1
J2417,I7688,15032.0,15036.0,green,1
J2851,I7864,15431.0,15433.0,brown,2
J2851,I7865,15433.0,15437.0,green,1
J2851,I7897,15497.0,15499.0,green,1
J2851,I7960,15627.0,15632.0,brown,2
J2631,I1598,2563.0,2565.0,brown,2
J2631,I1854,3037.0,3039.0,brown,1
J2631,I8511,16800.0,16804.0,green,3
J3924,I7886,15473.0,15475.0,green,1
J3924,I8013,15722.0,15725.0,brown,1
J3924,I8078,15855.0,15857.0,green,2
J3924,I11502,22978.0,22987.0,green,1
J3924,I13294,26330.0,26332.0,green,1
J973,I4867,8951.0,8955.0,green,1
J973,I10147,20221.0,20227.0,green,2
J32,I133,178.0,180.0,green,2
J32,I389,562.0,565.0,green,1
J32,I4773,8726.0,8731.0,green,1
J370,I873,1349.0,1350.0,green,1
J370,I2697,4587.0,4588.0,green,1
J370,I2761,4704.0,4705.0,green,1
J370,I5547,10440.0,10444.0,green,2
J370,I5769,10932.0,10937.0,green,1
J2080,I2143,3569.0,3572.0,green,3
J2080,I2527,4274.0,4276.0,green,1
J2080,I2687,4569.0,4570.0,green,1
J2080,I5407,10146.0,10151.0,green,1
J2305,I5099,9440.0,9441.0,green,1
J2305,I7691,15039.0,15045.0,green,2
J2305,I9611,19103.0,19104.0,green,1
J2305,I10987,21890.0,21892.0,green,1
J2305,I11931,23818.0,23820.0,green,1
J2349,I6997,13451.0,13455.0,green,1
J2349,I7797,15298.0,15301.0,green,2
J3178,I4786,8763.0,8764.0,green,1
J3178,I4914,9057.0,9058.0,brown,1
J1139,I3503,6211.0,6212.0,brown,1
J1139,I3632,6465.0,6471.0,green,5
J3881,I8680,17199.0,17205.0,green,3
J3881,I11880,23711.0,23713.0,green,1
J3881,I12400,24707.0,24710.0,green,1
J3881,I13000,25830.0,25832.0,green,1
J4772,I9198,18253.0,18254.0,brown,1
J4772,I14703,28688.0,28695.0,green,1
J4772,I14863,28947.0,28949.0,green,1
J542,I309,444.0,445.0,green,1
J542,I341,491.0,493.0,green,1
J542,I5163,9567.0,9573.0,green,1
J1472,I3706,6615.0,6618.0,brown,3
J1472,I3931,7029.0,7037.0,green,1
J1472,I11611,23212.0,23213.0,green,1
J1472,I12959,25747.0,25751.0,green,1
J1934,I1144,1798.0,1799.0,brown,1
J1934,I1176,1852.0,1853.0,brown,1
J1934,I1208,1899.0,1902.0,brown,1
J1934,I11449,22856.0,22862.0,green,2
J1934,I11705,23374.0,23381.0,green,1
J1906,I4843,8904.0,8905.0,green,1
J1906,I4875,8972.0,8974.0,green,2
J1651,I2226,3738.0,3740.0,green,2
J1651,I2258,3795.0,3796.0,brown,1
J1651,I6002,11373.0,11375.0,green,1
J1651,I8962,17795.0,17799.0,green,1
J2295,I6483,12409.0,12414.0,green,2
J2295,I6515,12466.0,12474.0,green,1
J2295,I11579,23142.0,23146.0,green,1
J2295,I11803,23560.0,23562.0,green,2
J2933,I6492,12427.0,12429.0,green,1
J2933,I6556,12551.0,12552.0,green,1
J2933,I6620,12664.0,12666.0,brown,2
J2933,I9404,18707.0,18712.0,green,1
J2933,I12092,24151.0,24152.0,green,1
J1284,I4130,7442.0,7445.0,green,2
J1284,I4706,8608.0,8612.0,green,1
J1284,I7598,14825.0,14831.0,green,1
J1493,I2437,4099.0,4102.0,brown,2
J1493,I10342,20586.0,20597.0,green,3
J1493,I14054,27599.0,27605.0,green,1
J453,I7773,15234.0,15243.0,green,2
J453,I11356,22671.0,22676.0,brown,1
J771,I643,958.0,961.0,green,3
J771,I707,1062.0,1063.0,green,1
J1119,I1806,2962.0,2963.0,brown,1
J1119,I1839,3013.0,3017.0,green,1
J1119,I1998,3289.0,3291.0,brown,1
J1119,I4494,8163.0,8168.0,brown,1
J1119,I6127,11617.0,11619.0,green,2
J2963,I623,931.0,933.0,brown,2
J2963,I13744,27075.0,27077.0,green,2
J595,I180,250.0,251.0,green,1
J595,I372,535.0,537.0,green,1
J595,I468,685.0,687.0,green,2
J595,I1496,2381.0,2384.0,green,1
J595,I2618,4439.0,4440.0,green,1
J1976,I11154,22225.0,22227.0,green,2
J1976,I11410,22777.0,22778.0,brown,1
J1976,I12626,25138.0,25139.0,green,1
J1976,I13746,27078.0,27080.0,green,1
J2074,I6222,11835.0,11838.0,green,1
J2074,I7342,14277.0,14280.0,green,1
J2074,I9806,19477.0,19484.0,green,2
J2074,I9878,19639.0,19641.0,green,1
J2074,I11022,21945.0,21953.0,green,1
J1125,I2912,5002.0,5005.0,brown,3
J1125,I3168,5542.0,5543.0,brown,1
J1125,I3281,5765.0,5766.0,green,1
J1125,I3409,5992.0,5997.0,green,1
J4589,I12555,25001.0,25005.0,green,2
J4896,I13242,26250.0,26251.0,brown,1
J4896,I13434,26581.0,26583.0,brown,2
J4896,I13626,26891.0,26893.0,brown,1
J3194,I8910,17678.0,17681.0,green,1
J3194,I9006,17877.0,17879.0,green,2
J3194,I9678,19239.0,19241.0,green,1
J3194,I9742,19352.0,19353.0,green,1
J3194,I10510,20954.0,20957.0,green,1
J3065,I7200,13905.0,13906.0,green,1
J3065,I7328,14247.0,14254.0,green,1
J3065,I7456,14534.0,14539.0,green,3
J2987,I6938,13317.0,13321.0,green,1
J2987,I7674,15010.0,15012.0,green,2
J4464,I8085,15868.0,15873.0,brown,1
J4464,I8501,16775.0,16777.0,brown,1
J4464,I12918,25655.0,25657.0,green,1
J4464,I14534,28414.0,28415.0,green,1
J4464,I14588,28503.0,28504.0,green,1
J4464,I14878,28971.0,28972.0,green,1
J4144,I6400,12203.0,12209.0,green,1
J4144,I8448,16663.0,16669.0,green,1
J4353,I2627,4455.0,4456.0,brown,1
J4353,I3107,5410.0,5411.0,brown,1
J4353,I7683,15026.0,15027.0,brown,1
J4353,I12780,25410.0,25412.0,green,1
J1939,I4133,7451.0,7453.0,green,2
J1939,I4293,7762.0,7767.0,green,2
J1939,I4613,8400.0,8402.0,green,1
J1939,I6870,13195.0,13202.0,green,1
J359,I6938,13317.0,13321.0,green,1
J359,I7514,14668.0,14673.0,green,2
J359,I11958,23866.0,23875.0,green,1
J359,I12150,24255.0,24256.0,green,1
J359,I12666,25198.0,25199.0,green,1
J4770,I6471,12379.0,12381.0,brown,2
J4770,I7847,15406.0,15407.0,brown,1
J4770,I8584,16977.0,16981.0,green,1
J4770,I14760,28783.0,28785.0,green,2
J1886,I4619,8412.0,8413.0,brown,1
J1886,I5035,9335.0,9339.0,brown,1
J1886,I5236,9742.0,9746.0,green,2
J1886,I5292,9858.0,9859.0,green,1
J1886,I5916,11220.0,11221.0,brown,1
J3788,I6291,11966.0,11970.0,brown,1
J3788,I8052,15806.0,15809.0,green,2
J3788,I10931,21776.0,21777.0,brown,1
J3788,I13452,26612.0,26614.0,green,1
J2902,I7045,13548.0,13550.0,brown,2
J2902,I7141,13753.0,13754.0,brown,1
J2902,I8550,16896.0,16901.0,green,1
J2902,I13382,26484.0,26486.0,green,2
J3775,I10188,20306.0,20307.0,green,1
J3775,I10780,21483.0,21489.0,green,1
J3775,I11224,22415.0,22419.0,green,1
J3775,I11516,23011.0,23014.0,green,1
J1306,I4154,7507.0,7509.0,green,2
J1306,I4954,9145.0,9147.0,brown,1
J1306,I5434,10202.0,10203.0,green,1
J1306,I8886,17639.0,17641.0,green,1
J1306,I9594,19066.0,19067.0,green,1
J4635,I12431,24764.0,24766.0,brown,2
J4635,I12623,25133.0,25134.0,brown,1
J4635,I13487,26665.0,26668.0,brown,1
J4635,I14416,28210.0,28213.0,green,1
J4635,I14832,28898.0,28901.0,green,1
J570,I10113,20147.0,20148.0,green,1
J4355,I3429,6036.0,6037.0,brown,1
J4355,I5413,10161.0,10165.0,brown,1
J4355,I7558,14757.0,14758.0,green,1
J4355,I13190,26166.0,26168.0,green,1
J4355,I13350,26428.0,26431.0,green,1
J4355,I13912,27381.0,27384.0,green,1
J1717,I5300,9882.0,9884.0,green,2
J1717,I6548,12536.0,12539.0,brown,1
J4650,I13578,26806.0,26808.0,green,2
J4650,I15106,29343.0,29353.0,green,2
J4650,I15202,29491.0,29492.0,green,1
J443,I1131,1771.0,1778.0,green,2
J443,I1195,1882.0,1883.0,green,1
J443,I3275,5754.0,5756.0,green,2
J2499,I1477,2345.0,2349.0,brown,1
J2499,I10342,20586.0,20597.0,green,1
J2499,I12006,23965.0,23971.0,green,2
J2499,I12970,25772.0,25773.0,green,1
J2499,I13002,25836.0,25838.0,green,1
J1,I33,40.0,41.0,green,1
J1,I161,220.0,222.0,green,1
J1,I353,509.0,510.0,green,1
J1,I5217,9687.0,9692.0,green,2
J1,I5297,9872.0,9877.0,green,1
J1175,I1672,2699.0,2701.0,green,1
J1175,I1704,2765.0,2769.0,green,1
J1175,I1736,2828.0,2829.0,green,1
J2501,I4912,9051.0,9053.0,brown,2
J2501,I7216,13929.0,13930.0,brown,1
J2501,I10289,20478.0,20480.0,green,1
J2968,I7280,14093.0,14099.0,green,1
J2968,I10992,21897.0,21898.0,green,1
J2968,I11009,21926.0,21928.0,green,2
J3585,I4458,8101.0,8105.0,brown,1
J3585,I11339,22636.0,22641.0,green,4
J773,I410,601.0,602.0,brown,1
J773,I1114,1745.0,1748.0,brown,1
J773,I2747,4674.0,4676.0,green,1
J773,I3867,6913.0,6916.0,green,1
J773,I12195,24330.0,24331.0,green,1
J1587,I9558,18990.0,18996.0,brown,1
J1587,I11671,23305.0,23308.0,green,2
J1587,I13111,26027.0,26029.0,green,1
J1587,I13783,27135.0,27139.0,green,1
J1587,I14775,28805.0,28808.0,green,1
J4935,I7953,15612.0,15616.0,green,2
J4935,I15324,29672.0,29674.0,green,1
J2057,I5362,10037.0,10041.0,green,2
J2057,I5394,10105.0,10112.0,green,2
J2057,I6098,11564.0,11568.0,green,1
J2057,I6162,11699.0,11702.0,green,1
J4675,I14647,28595.0,28597.0,green,1
J4571,I3939,7054.0,7057.0,brown,2
J4571,I13700,26995.0,26997.0,green,1
J3625,I10571,21099.0,21100.0,brown,1
J3625,I10652,21247.0,21257.0,green,1
J3625,I10907,21732.0,21735.0,brown,1
J3625,I11980,23922.0,23924.0,green,1
J1462,I1474,2336.0,2342.0,green,1
J1462,I4706,8608.0,8612.0,green,1
J1462,I5154,9551.0,9554.0,green,1
J1462,I6050,11478.0,11480.0,green,1
J1462,I10134,20182.0,20185.0,green,1
J476,I430,632.0,633.0,green,1
J476,I846,1302.0,1305.0,green,2
J476,I1166,1830.0,1833.0,green,1
J476,I4334,7837.0,7839.0,green,1
J476,I5390,10095.0,10097.0,green,1
J1202,I4283,7744.0,7746.0,brown,2
J1202,I4411,7993.0,7994.0,brown,1
J1202,I5819,11041.0,11042.0,brown,1
J1202,I8171,16065.0,16067.0,brown,1
J1202,I8635,17104.0,17105.0,brown,1
J2191,I858,1327.0,1328.0,brown,1
J2191,I954,1487.0,1488.0,brown,1
J2191,I8251,16237.0,16238.0,green,1
J2191,I11099,22113.0,22118.0,green,1
J2191,I12027,24007.0,24014.0,green,1
J2191,I14217,27896.0,27897.0,green,1
J552,I1985,3267.0,3270.0,green,2
J552,I2033,3352.0,3354.0,green,1
J552,I2097,3486.0,3488.0,green,2
J4862,I7054,13567.0,13571.0,green,1
J4862,I7213,13926.0,13927.0,brown,1
J4862,I8301,16371.0,16374.0,brown,1
J4862,I11022,21945.0,21953.0,green,1
J3330,I887,1373.0,1375.0,brown,1
J3330,I11208,22361.0,22366.0,green,2
J3330,I11776,23512.0,23514.0,green,1
J2324,I11470,22910.0,22914.0,green,3
J2324,I11726,23417.0,23419.0,green,1
J2324,I13422,26556.0,26559.0,green,1
J958,I883,1368.0,1369.0,green,1
J958,I1043,1637.0,1638.0,green,1
J958,I1171,1842.0,1843.0,green,1
J958,I1203,1894.0,1895.0,green,1
J958,I1555,2476.0,2480.0,green,1
J4664,I10478,20874.0,20876.0,brown,2
J4664,I10606,21157.0,21158.0,brown,1
J4664,I10670,21288.0,21290.0,brown,1
J4664,I13647,26923.0,26928.0,green,1
J4664,I14062,27625.0,27628.0,brown,1
J3015,I8622,17069.0,17082.0,green,2
J4882,I10885,21691.0,21696.0,green,1
J4882,I14981,29126.0,29127.0,green,1
J4882,I15077,29290.0,29293.0,green,2
J2095,I5856,11113.0,11116.0,brown,2
J2095,I5952,11282.0,11285.0,brown,1
J2095,I6785,13001.0,13008.0,green,1
J960,I1390,2197.0,2199.0,green,1
J960,I1485,2358.0,2359.0,brown,1
J960,I1486,2359.0,2360.0,green,1
J960,I2254,3787.0,3788.0,green,1
J960,I2318,3904.0,3905.0,green,1
J960,I4222,7624.0,7630.0,green,1
J2504,I7289,14131.0,14135.0,green,1
J2504,I10585,21119.0,21122.0,green,1
J2504,I11289,22541.0,22544.0,green,1
J2504,I12185,24311.0,24315.0,green,1
J4262,I4093,7362.0,7368.0,green,1
J4262,I9277,18414.0,18421.0,green,1
J4262,I12349,24605.0,24606.0,green,1
J4262,I12445,24788.0,24793.0,green,1
J2731,I4081,7338.0,7340.0,brown,2
J2731,I5842,11085.0,11086.0,green,1
J2731,I5970,11310.0,11314.0,brown,1
J2731,I6962,13377.0,13380.0,green,1
J2731,I11503,22987.0,22988.0,green,1
J2112,I2922,5026.0,5028.0,green,1
J2112,I7466,14555.0,14564.0,green,1
J2112,I7850,15411.0,15413.0,green,2
J2112,I10779,21481.0,21483.0,green,1
J2112,I10938,21788.0,21792.0,green,1
J4662,I2088,3453.0,3456.0,brown,1
J4662,I10921,21763.0,21765.0,green,1
J4662,I11401,22758.0,22759.0,green,1
J4662,I12009,23976.0,23980.0,green,2
J4662,I12585,25049.0,25054.0,green,1
J200,I792,1224.0,1225.0,green,1
J200,I3128,5449.0,5458.0,green,2
J200,I11144,22208.0,22209.0,green,1
J200,I11968,23899.0,23902.0,green,2
J4718,I7817,15343.0,15344.0,brown,1
J4718,I8201,16124.0,16125.0,brown,1
J4718,I8489,16747.0,16749.0,brown,1
J4718,I9930,19745.0,19750.0,green,1
J4718,I14954,29082.0,29083.0,green,1
J621,I5117,9477.0,9480.0,green,1
J621,I5181,9609.0,9617.0,green,1
J621,I7357,14315.0,14317.0,green,1
J621,I9660,19203.0,19205.0,brown,1
J3108,I3540,6284.0,6286.0,green,2
J3108,I5140,9520.0,9528.0,green,1
J3108,I9688,19253.0,19256.0,green,1
J3571,I3866,6912.0,6913.0,green,1
J3571,I6394,12184.0,12194.0,green,2
J3571,I11098,22112.0,22113.0,green,1
J2673,I591,869.0,871.0,brown,1
J2673,I12448,24798.0,24804.0,green,2
J2673,I12575,25033.0,25037.0,green,2
J493,I333,476.0,481.0,green,1
J493,I2477,4180.0,4184.0,green,2
J493,I9053,17976.0,17982.0,green,1
J493,I9069,18015.0,18020.0,green,1
J4408,I6193,11772.0,11774.0,brown,1
J4408,I11794,23541.0,23542.0,green,1
J4408,I13394,26507.0,26513.0,green,2
J4408,I14066,27634.0,27641.0,green,2
J2983,I6717,12857.0,12858.0,brown,1
J2983,I15006,29171.0,29172.0,green,1
J2983,I15462,29878.0,29882.0,green,4
J1607,I4507,8188.0,8193.0,green,3
J1607,I5019,9293.0,9294.0,green,1
J1607,I10147,20221.0,20227.0,green,2
J2854,I7390,14384.0,14389.0,green,5
J2854,I7998,15690.0,15691.0,green,1
J2340,I5382,10077.0,10082.0,green,3
J320,I521,768.0,769.0,green,1
J320,I617,918.0,919.0,green,1
J320,I1033,1622.0,1624.0,green,2
J320,I1129,1768.0,1769.0,green,1
J320,I1257,1983.0,1985.0,green,1
J2815,I7552,14739.0,14741.0,green,1
J2815,I12408,24722.0,24730.0,green,2
J215,I1214,1907.0,1909.0,green,2
J215,I3510,6224.0,6230.0,green,1
J215,I3934,7039.0,7043.0,green,1
J863,I1773,2899.0,2902.0,green,1
J863,I1805,2960.0,2962.0,green,2
J863,I1837,3008.0,3011.0,green,2
J3731,I2100,3490.0,3491.0,brown,1
J3731,I12117,24193.0,24195.0,green,1
J3731,I13849,27275.0,27277.0,green,1
J3731,I13997,27516.0,27517.0,green,1
J767,I2767,4713.0,4715.0,green,1
J767,I2991,5191.0,5192.0,green,1
J767,I4751,8690.0,8692.0,green,2
J767,I7759,15206.0,15209.0,green,1
J767,I8239,16217.0,16221.0,green,1
J3252,I4045,7247.0,7250.0,green,1
J3252,I4332,7834.0,7836.0,brown,1
J3252,I4397,7960.0,7961.0,green,1
J3252,I7501,14645.0,14647.0,green,1
J3252,I8813,17494.0,17495.0,green,1
J3252,I9069,18015.0,18020.0,green,1
J2086,I3877,6934.0,6936.0,green,2
J2086,I4037,7231.0,7235.0,green,1
J65,I12309,24532.0,24534.0,green,1
J65,I12341,24586.0,24592.0,green,1
J65,I13005,25841.0,25844.0,green,3
J1447,I3494,6187.0,6191.0,green,2
J2306,I5495,10333.0,10335.0,brown,1
J2306,I5752,10883.0,10890.0,green,5
J2509,I3914,6999.0,7001.0,green,2
J2509,I4074,7313.0,7321.0,green,1
J2509,I4490,8154.0,8157.0,green,1
J2509,I9403,18702.0,18707.0,green,1
J3382,I10435,20785.0,20788.0,brown,1
J3382,I11172,22273.0,22275.0,green,1
J3382,I12548,24990.0,24991.0,green,1
J3382,I14148,27771.0,27774.0,green,1
J4175,I3569,6331.0,6332.0,brown,1
J4175,I9554,18982.0,18987.0,green,5
J3348,I5273,9820.0,9821.0,brown,1
J3348,I7482,14595.0,14599.0,green,1
J3348,I7610,14857.0,14859.0,green,1
J3348,I10618,21179.0,21183.0,green,1
J3348,I11898,23744.0,23748.0,green,2
J3476,I5549,10447.0,10448.0,green,1
J3419,I8820,17507.0,17512.0,green,5
J339,I1063,1666.0,1668.0,green,1
J339,I1351,2132.0,2135.0,green,1
J339,I2773,4728.0,4730.0,green,1
J339,I2801,4783.0,4787.0,green,1
J1021,I1301,2056.0,2057.0,green,1
J1021,I1333,2102.0,2103.0,brown,1
J1021,I1365,2156.0,2158.0,green,1
J1021,I3509,6221.0,6224.0,green,1
J1021,I9301,18467.0,18479.0,green,2
J2958,I10664,21277.0,21281.0,green,1
J1370,I11277,22515.0,22524.0,green,1
J3780,I4780,8744.0,8751.0,green,2
J3780,I5548,10444.0,10447.0,green,1
J3780,I9900,19686.0,19690.0,green,2
J1271,I3629,6460.0,6461.0,green,1
J1271,I3821,6838.0,6840.0,green,2
J1271,I4269,7716.0,7719.0,green,3
J4628,I8774,17395.0,17397.0,brown,2
J4628,I8775,17397.0,17399.0,green,1
J2064,I3249,5703.0,5705.0,brown,1
J2064,I5361,10036.0,10037.0,brown,1
J2064,I9842,19572.0,19573.0,green,1
J2064,I11442,22841.0,22844.0,brown,1
J2064,I12866,25564.0,25566.0,green,1
J2064,I12922,25660.0,25663.0,green,1
J778,I5853,11104.0,11106.0,brown,1
J778,I7166,13813.0,13818.0,green,2
J778,I11102,22121.0,22122.0,green,1
J3512,I4825,8843.0,8847.0,green,2
J3512,I5305,9902.0,9908.0,green,2
J3512,I7865,15433.0,15437.0,green,2
J1737,I4463,8113.0,8114.0,green,1
J1737,I4623,8416.0,8417.0,green,1
J1737,I4783,8758.0,8761.0,green,1
J1737,I5776,10947.0,10951.0,brown,2
J1737,I6196,11779.0,11780.0,green,1
J519,I1756,2862.0,2863.0,green,1
J519,I2044,3365.0,3373.0,green,1
J519,I6236,11865.0,11867.0,green,1
J4127,I8862,17603.0,17605.0,green,2
J4127,I9054,17982.0,17985.0,green,3
J4127,I10142,20200.0,20210.0,green,1
J3989,I4423,8015.0,8017.0,brown,1
J3989,I5127,9495.0,9496.0,brown,1
J3989,I7496,14627.0,14630.0,green,2
J3989,I9223,18292.0,18294.0,brown,1
J3989,I14024,27550.0,27552.0,green,1
J239,I773,1192.0,1193.0,brown,1
J239,I5893,11176.0,11177.0,brown,1
J239,I7333,14260.0,14263.0,brown,1
J239,I10502,20933.0,20939.0,green,2
J193,I436,639.0,642.0,brown,1
J193,I2581,4373.0,4375.0,green,1
J193,I8373,16510.0,16524.0,green,1
J193,I9237,18321.0,18334.0,green,1
J193,I10457,20833.0,20837.0,green,1
J3965,I5063,9386.0,9388.0,brown,1
J3965,I5287,9849.0,9852.0,brown,1
J3965,I10184,20301.0,20303.0,green,1
J3965,I13576,26798.0,26804.0,green,3
J3896,I7592,14814.0,14816.0,brown,2
J3896,I7816,15341.0,15343.0,brown,1
J3449,I9613,19105.0,19114.0,green,1
J3449,I12141,24238.0,24240.0,green,1
J489,I2758,4698.0,4701.0,green,2
J489,I7078,13608.0,13613.0,green,1
J489,I7694,15050.0,15053.0,green,1
J3128,I7355,14307.0,14308.0,green,1
J3128,I7451,14525.0,14528.0,green,1
J3128,I9923,19731.0,19736.0,green,1
J2101,I4651,8485.0,8493.0,green,2
J3478,I544,803.0,804.0,brown,1
J3478,I1408,2225.0,2226.0,brown,1
J3478,I13441,26590.0,26594.0,green,1
J3478,I14985,29132.0,29133.0,green,1
J3478,I15169,29440.0,29441.0,green,1
J4174,I980,1529.0,1531.0,brown,2
J4174,I11205,22349.0,22355.0,green,1
J4174,I11765,23486.0,23492.0,green,1
J4174,I12149,24253.0,24255.0,green,2
J1403,I4277,7737.0,7738.0,brown,1
J1403,I4309,7795.0,7796.0,brown,1
J1403,I4342,7851.0,7855.0,green,3
J1403,I4661,8510.0,8511.0,brown,1
J2385,I2283,3849.0,3852.0,brown,2
J2385,I2315,3901.0,3902.0,brown,1
J2385,I8588,16987.0,16996.0,green,2
J2385,I10220,20353.0,20356.0,green,1
J1553,I11730,23422.0,23427.0,green,2
J1553,I12977,25787.0,25789.0,brown,1
J88,I370,532.0,533.0,green,1
J88,I1170,1837.0,1842.0,green,2
J88,I2322,3911.0,3913.0,green,1
J88,I2386,4011.0,4016.0,green,2
J2184,I4719,8632.0,8636.0,green,1
J2184,I5678,10705.0,10708.0,brown,1
J2184,I7254,14041.0,14043.0,green,1
J2184,I7411,14433.0,14441.0,green,2
J3346,I8564,16933.0,16934.0,green,1
J3346,I8660,17157.0,17163.0,green,2
J3346,I9844,19574.0,19575.0,green,1
J772,I1148,1802.0,1807.0,green,3
J772,I1308,2066.0,2068.0,green,1
J772,I3868,6916.0,6919.0,green,1
J772,I6028,11428.0,11429.0,green,1
J4706,I6007,11385.0,11387.0,brown,1
J4706,I10519,20971.0,20975.0,brown,1
J4706,I12952,25731.0,25734.0,green,2
J4706,I13560,26778.0,26779.0,green,1
J1420,I4119,7415.0,7420.0,green,1
J1420,I9177,18209.0,18214.0,green,1
J1420,I9331,18557.0,18561.0,green,2
J1169,I11028,21964.0,21970.0,green,1
J1169,I12420,24747.0,24751.0,green,2
J1169,I12660,25187.0,25190.0,green,1
J1169,I13004,25839.0,25841.0,green,2
J4542,I9277,18414.0,18421.0,green,5
J4542,I9340,18576.0,18577.0,brown,1
J1745,I5018,9287.0,9293.0,green,5
J4692,I14335,28078.0,28079.0,green,1
J4692,I14351,28098.0,28100.0,green,1
J4692,I14511,28373.0,28376.0,green,1
J4692,I14559,28455.0,28456.0,green,1
J4692,I14623,28559.0,28562.0,green,2
J1781,I4470,8125.0,8127.0,brown,1
J1781,I4630,8440.0,8441.0,brown,1
J1781,I7607,14845.0,14850.0,green,1
J1781,I8535,16854.0,16857.0,green,1
J4893,I14046,27585.0,27588.0,brown,1
J4893,I14079,27667.0,27668.0,green,1
J4893,I14367,28122.0,28124.0,green,1
J4925,I1917,3149.0,3150.0,brown,1
J4925,I11742,23450.0,23451.0,green,1
J4925,I13246,26255.0,26256.0,green,1
J4925,I14590,28507.0,28508.0,green,1
J4925,I14766,28792.0,28794.0,green,1
J1707,I3883,6944.0,6945.0,green,1
J1707,I3947,7068.0,7071.0,brown,2
J1707,I6443,12314.0,12321.0,green,2
J1707,I13019,25869.0,25873.0,green,1
J1908,I3916,7002.0,7004.0,brown,1
J1908,I3981,7126.0,7128.0,green,2
J1818,I3871,6923.0,6924.0,green,1
J1818,I4031,7218.0,7225.0,green,4
J1818,I4159,7514.0,7515.0,brown,1
J2759,I1765,2885.0,2890.0,green,1
J2759,I4228,7641.0,7642.0,brown,1
J2759,I4677,8535.0,8547.0,green,1
J2759,I5061,9382.0,9384.0,green,1
J2759,I6661,12748.0,12752.0,green,1
J2759,I11181,22300.0,22302.0,green,1
J4738,I7953,15612.0,15616.0,green,1
J4738,I8081,15859.0,15863.0,green,3
J4738,I8753,17352.0,17357.0,green,2
J1330,I2727,4633.0,4634.0,brown,1
J1330,I8999,17862.0,17863.0,brown,1
J1330,I12072,24106.0,24110.0,green,1
J1330,I13096,26003.0,26004.0,green,1
J4759,I13600,26847.0,26848.0,brown,1
J4759,I13728,27045.0,27048.0,brown,2
J4759,I14471,28306.0,28307.0,green,1
J4759,I14817,28875.0,28877.0,green,1
J4172,I7128,13722.0,13727.0,brown,2
J4172,I8793,17447.0,17449.0,green,2
J4172,I14201,27855.0,27856.0,green,1
J4172,I14233,27922.0,27923.0,green,1
J390,I1834,3004.0,3006.0,brown,1
J43,I9052,17970.0,17976.0,green,2
J43,I9707,19290.0,19292.0,brown,1
J2652,I7272,14077.0,14078.0,green,1
J2652,I7304,14171.0,14176.0,green,2
J2652,I7336,14267.0,14269.0,green,2
J2652,I8616,17053.0,17062.0,green,1
J3600,I1442,2285.0,2286.0,brown,1
J3600,I3682,6568.0,6571.0,brown,1
J3600,I8323,16409.0,16414.0,green,1
J3600,I8482,16734.0,16738.0,brown,1
J3600,I14403,28183.0,28184.0,green,1
J3040,I6663,12754.0,12755.0,green,1
J3040,I6727,12877.0,12882.0,green,5
J3115,I7831,15360.0,15364.0,green,4
J3115,I7991,15681.0,15682.0,brown,1
J3115,I8759,17365.0,17370.0,brown,1
J58,I200,283.0,287.0,green,2
J58,I1064,1668.0,1669.0,green,1
J2346,I6693,12810.0,12811.0,green,1
J2346,I6725,12873.0,12875.0,green,2
J2346,I6789,13016.0,13018.0,green,2
J2346,I6885,13223.0,13226.0,green,1
J3892,I12342,24592.0,24596.0,green,1
J3892,I14054,27599.0,27605.0,green,1
J3892,I14204,27861.0,27867.0,green,1
J4908,I12192,24325.0,24327.0,brown,1
J4908,I12321,24550.0,24551.0,green,1
J4908,I12417,24743.0,24744.0,brown,1
J4908,I12449,24804.0,24805.0,green,1
J4908,I12482,24857.0,24858.0,brown,1
J4908,I15201,29490.0,29491.0,green,1
J1884,I2076,3426.0,3427.0,green,1
J1884,I4828,8853.0,8858.0,green,1
J1884,I5436,10206.0,10208.0,green,1
J1884,I6204,11800.0,11803.0,green,1
J1884,I7708,15080.0,15086.0,green,2
J2399,I5892,11175.0,11176.0,brown,1
J2399,I6116,11601.0,11603.0,brown,1
J2399,I8709,17260.0,17264.0,green,1
J2399,I13093,25999.0,26001.0,green,1
J2399,I13829,27227.0,27228.0,green,1
J2270,I7029,13509.0,13511.0,green,2
J2270,I7381,14370.0,14371.0,green,1
J2270,I9558,18990.0,18996.0,brown,1
J2270,I12685,25238.0,25240.0,green,1
J4133,I3337,5848.0,5849.0,brown,1
J4133,I3945,7063.0,7066.0,brown,1
J4133,I5450,10236.0,10241.0,green,1
J3580,I4609,8391.0,8392.0,green,1
J3580,I4833,8864.0,8866.0,brown,2
J3580,I10441,20798.0,20799.0,green,1
J3141,I6508,12452.0,12458.0,green,3
J3141,I6540,12525.0,12529.0,green,1
J3141,I6668,12759.0,12767.0,green,2
J1747,I2181,3638.0,3640.0,green,2
J1747,I2245,3775.0,3776.0,green,1
J1747,I2501,4225.0,4227.0,green,2
J1747,I4645,8475.0,8476.0,green,1
J2115,I8829,17532.0,17533.0,brown,1
J2115,I9629,19140.0,19141.0,brown,1
J2115,I10557,21071.0,21075.0,brown,1
J2115,I11806,23568.0,23570.0,green,2
J2115,I14686,28662.0,28665.0,green,1
J2252,I1546,2456.0,2458.0,green,1
J2252,I1770,2894.0,2895.0,green,1
J2252,I8010,15711.0,15719.0,green,1
J2252,I9526,18936.0,18937.0,green,1
J2252,I9746,19358.0,19360.0,green,2
J3926,I5286,9848.0,9849.0,brown,1
J3926,I5414,10165.0,10167.0,brown,1
J3926,I7559,14758.0,14763.0,green,2
J1593,I4053,7271.0,7275.0,green,4
J1593,I4117,7410.0,7414.0,green,1
J1593,I10181,20288.0,20289.0,green,1
J2621,I1962,3232.0,3234.0,brown,1
J2621,I13707,27015.0,27016.0,green,1
J2621,I13755,27092.0,27093.0,green,1
J3637,I6644,12710.0,12713.0,green,3
J3637,I6772,12982.0,12986.0,green,1
J3637,I10356,20622.0,20625.0,brown,1
J3637,I12772,25393.0,25397.0,green,1
J3607,I5980,11330.0,11331.0,green,1
J3607,I6012,11393.0,11397.0,brown,1
J3607,I6140,11646.0,11650.0,green,1
J3607,I7612,14861.0,14864.0,green,1
J3607,I12972,25774.0,25776.0,green,2
J2531,I8060,15818.0,15821.0,green,1
J2531,I12860,25552.0,25553.0,green,1
J2531,I13692,26983.0,26985.0,green,1
J2564,I1862,3046.0,3047.0,brown,1
J2564,I1895,3100.0,3104.0,green,1
J2564,I1990,3276.0,3277.0,brown,1
J2564,I2599,4408.0,4414.0,green,1
J2564,I2951,5092.0,5093.0,green,1
J2564,I3079,5366.0,5367.0,green,1
J1923,I13504,26691.0,26692.0,green,1
J1923,I13568,26789.0,26791.0,green,2
J1923,I14144,27764.0,27767.0,green,2
J504,I656,986.0,987.0,green,1
J504,I10328,20551.0,20558.0,green,2
J504,I10840,21599.0,21604.0,green,3
J1649,I1042,1636.0,1637.0,brown,1
J1649,I1074,1681.0,1682.0,brown,1
J1649,I5011,9261.0,9267.0,green,3
J1649,I5227,9728.0,9730.0,green,1
J4915,I11348,22659.0,22662.0,green,2
J4915,I11700,23367.0,23369.0,green,2
J4915,I14804,28855.0,28857.0,green,1
J4343,I12636,25152.0,25155.0,green,1
J4343,I13916,27390.0,27394.0,green,1
J590,I702,1053.0,1055.0,green,1
J590,I734,1118.0,1128.0,green,4
J590,I1549,2462.0,2467.0,brown,1
J3262,I5913,11217.0,11218.0,green,1
J3262,I6201,11794.0,11795.0,green,1
J3262,I7193,13879.0,13882.0,green,3
J4561,I4971,9183.0,9184.0,brown,1
J4561,I5035,9335.0,9339.0,brown,2
J4561,I10892,21712.0,21715.0,green,1
J2013,I3412,5999.0,6001.0,green,2
J2013,I3476,6132.0,6142.0,green,2
J4184,I8565,16934.0,16936.0,green,2
J4184,I8661,17163.0,17170.0,green,4
J919,I2267,3819.0,3820.0,green,1
J919,I2268,3820.0,3825.0,green,2
J919,I2492,4208.0,4210.0,green,1
J919,I4700,8594.0,8597.0,green,1
J1567,I1342,2114.0,2117.0,brown,1
J1567,I6271,11928.0,11930.0,green,2
J1567,I9279,18422.0,18426.0,green,3
J3308,I639,951.0,953.0,brown,1
J3308,I4160,7515.0,7518.0,green,1
J3308,I5248,9777.0,9780.0,green,1
J3308,I12448,24798.0,24804.0,green,1
J2030,I5414,10165.0,10167.0,brown,1
J2030,I8743,17333.0,17337.0,green,2
J2030,I12959,25747.0,25751.0,green,1
J2030,I13703,27000.0,27001.0,green,1
J209,I7401,14406.0,14411.0,green,1
J209,I7625,14883.0,14889.0,green,2
J209,I7657,14973.0,14976.0,green,1
J209,I10761,21440.0,21449.0,green,1
J209,I12185,24311.0,24315.0,green,1
J4094,I3310,5804.0,5805.0,green,1
J4094,I3406,5976.0,5977.0,green,1
J4094,I5998,11362.0,11367.0,green,1
J4094,I11958,23866.0,23875.0,green,1
J4094,I12398,24699.0,24705.0,green,2
J1942,I679,1018.0,1019.0,green,1
J1942,I743,1141.0,1142.0,green,1
J1942,I1223,1922.0,1927.0,green,1
J1942,I1384,2188.0,2189.0,brown,1
J1942,I5639,10621.0,10624.0,green,1
J3618,I10820,21563.0,21565.0,green,1
J3618,I10851,21619.0,21621.0,brown,1
J2867,I1579,2527.0,2531.0,green,1
J2867,I1674,2703.0,2704.0,brown,1
J2867,I1898,3106.0,3107.0,brown,1
J2867,I3211,5628.0,5637.0,green,1
J2867,I5483,10300.0,10306.0,green,1
J2867,I9691,19259.0,19263.0,green,1
J807,I610,905.0,906.0,green,1
J807,I1346,2121.0,2123.0,green,2
J807,I7318,14221.0,14222.0,green,1
J4742,I6577,12602.0,12605.0,brown,1
J4742,I13553,26765.0,26766.0,brown,1
J4975,I13878,27320.0,27323.0,green,3
J4975,I14454,28273.0,28277.0,green,1
J4975,I14654,28606.0,28607.0,green,1
J4975,I15318,29655.0,29660.0,green,1
J4347,I8958,17789.0,17791.0,brown,1
J4347,I10591,21133.0,21137.0,green,1
J4347,I13007,25846.0,25848.0,green,1
J4347,I14569,28473.0,28474.0,green,1
J4347,I14655,28607.0,28613.0,green,2
J983,I2289,3862.0,3863.0,brown,1
J983,I2449,4122.0,4124.0,brown,2
J983,I2865,4925.0,4926.0,brown,1
J983,I13266,26286.0,26288.0,green,1
J983,I14258,27963.0,27967.0,green,1
J3070,I5624,10584.0,10586.0,green,1
J3070,I5656,10656.0,10659.0,green,1
J3070,I5911,11215.0,11216.0,brown,1
J3070,I11744,23454.0,23458.0,green,3
J3055,I8665,17173.0,17174.0,brown,1
J3055,I8762,17376.0,17378.0,green,2
J3055,I8890,17648.0,17649.0,green,1
J1163,I8040,15765.0,15775.0,green,5
J264,I809,1246.0,1247.0,green,1
J264,I937,1454.0,1455.0,green,1
J264,I2090,3460.0,3466.0,brown,1
J264,I5993,11350.0,11354.0,green,1
J23,I100,130.0,131.0,brown,1
J23,I213,306.0,311.0,green,1
J23,I629,938.0,939.0,green,1
J23,I757,1168.0,1169.0,green,1
J23,I2454,4132.0,4133.0,brown,1
J779,I3298,5788.0,5790.0,green,1
J779,I6306,11994.0,12000.0,green,1
J779,I9058,17990.0,17992.0,green,2
J779,I11210,22367.0,22377.0,green,2
J108,I258,369.0,372.0,green,1
J108,I1474,2336.0,2342.0,green,1
J108,I2210,3712.0,3713.0,green,1
J108,I5186,9623.0,9626.0,green,1
J4948,I12314,24539.0,24541.0,green,2
J4948,I14938,29057.0,29060.0,green,1
J3743,I13592,26835.0,26836.0,green,1
J3743,I15136,29386.0,29388.0,green,1
J3743,I15488,29918.0,29920.0,green,2
J2571,I7054,13567.0,13571.0,green,2
J2571,I7278,14087.0,14089.0,green,2
J1962,I5449,10231.0,10236.0,green,2
J1962,I7208,13918.0,13919.0,brown,1
J1962,I8104,15914.0,15917.0,brown,1
J947,I2133,3550.0,3553.0,green,2
J947,I2197,3685.0,3687.0,green,2
J947,I2229,3743.0,3744.0,green,1
J947,I7609,14856.0,14857.0,green,1
J4787,I6682,12793.0,12794.0,brown,1
J4787,I14875,28968.0,28969.0,green,1
J4787,I14939,29060.0,29061.0,green,1
J2304,I1744,2839.0,2841.0,brown,1
J2304,I6865,13179.0,13187.0,green,2
J2304,I7313,14213.0,14215.0,green,2
J2304,I10649,21240.0,21242.0,green,1
J2490,I5516,10383.0,10386.0,brown,1
J2490,I5581,10501.0,10503.0,green,1
J2490,I10381,20683.0,20693.0,green,1
J2490,I11469,22906.0,22910.0,green,2
J2389,I1320,2080.0,2082.0,brown,1
J2389,I5352,10015.0,10019.0,brown,1
J2389,I9929,19744.0,19745.0,green,1
J3927,I8232,16199.0,16204.0,green,1
J3927,I10728,21379.0,21380.0,green,1
J2682,I3215,5641.0,5642.0,brown,1
J2682,I11480,22933.0,22936.0,green,3
J1902,I2882,4952.0,4954.0,green,1
J1902,I4642,8469.0,8472.0,green,1
J1902,I8066,15831.0,15836.0,green,2
J1902,I8514,16806.0,16809.0,green,1
J1902,I11222,22407.0,22414.0,green,1
J4095,I6934,13305.0,13307.0,brown,2
J4095,I7510,14658.0,14661.0,brown,2
J4095,I8567,16942.0,16946.0,green,1
J4095,I12391,24680.0,24686.0,green,1
J414,I176,244.0,245.0,green,1
J414,I208,295.0,296.0,green,1
J414,I368,528.0,530.0,green,2
J414,I2800,4775.0,4783.0,green,1
J139,I164,226.0,227.0,green,1
J139,I356,513.0,514.0,brown,1
J139,I1092,1711.0,1712.0,green,1
J139,I5444,10224.0,10225.0,green,1
J1218,I2729,4635.0,4637.0,green,1
J1218,I3465,6105.0,6106.0,green,1
J1218,I5838,11078.0,11080.0,green,2
J4008,I1851,3033.0,3034.0,brown,1
J4008,I5947,11271.0,11274.0,brown,1
J4008,I8507,16789.0,16791.0,brown,1
J4008,I9499,18895.0,18897.0,brown,1
J4008,I13756,27093.0,27094.0,green,1
J2500,I4781,8751.0,8754.0,green,3
J2500,I8141,16000.0,16004.0,green,2
J2500,I8845,17562.0,17564.0,green,1
J2617,I7100,13658.0,13661.0,green,2
J2617,I7164,13807.0,13808.0,green,1
J2617,I7580,14793.0,14794.0,brown,1
J2617,I7804,15321.0,15324.0,green,2
J1539,I675,1012.0,1014.0,brown,1
J1539,I6756,12944.0,12945.0,green,1
J1539,I8036,15757.0,15758.0,green,1
J1141,I3336,5847.0,5848.0,brown,1
J1141,I7433,14484.0,14487.0,green,1
J1141,I7721,15122.0,15125.0,green,1
J2062,I2968,5138.0,5141.0,green,2
J2062,I7832,15364.0,15367.0,green,1
J1756,I4530,8233.0,8237.0,green,3
J1756,I6550,12541.0,12544.0,green,1
J4682,I11767,23499.0,23500.0,brown,1
J4682,I11896,23741.0,23743.0,green,1
J4682,I13368,26463.0,26466.0,green,1
J4682,I14748,28756.0,28761.0,green,1
J2586,I5567,10480.0,10482.0,brown,1
J2586,I5632,10605.0,10607.0,green,1
J2586,I11584,23151.0,23154.0,green,1
J950,I256,365.0,367.0,green,1
J950,I4736,8659.0,8661.0,green,1
J950,I6368,12125.0,12129.0,green,1
J950,I9088,18052.0,18053.0,green,1
J950,I9592,19061.0,19063.0,green,1
J48,I42,53.0,56.0,green,1
J48,I11802,23556.0,23560.0,green,1
J2409,I1992,3279.0,3282.0,green,1
J2409,I8044,15784.0,15792.0,green,1
J2409,I8648,17128.0,17135.0,green,1
J4732,I4122,7422.0,7424.0,brown,2
J4732,I4602,8373.0,8374.0,brown,1
J4732,I8123,15961.0,15964.0,green,2
J4732,I10107,20130.0,20137.0,green,1
J408,I1703,2762.0,2765.0,green,3
J408,I1735,2825.0,2828.0,green,2
J408,I1799,2950.0,2952.0,green,1
J1289,I2690,4576.0,4580.0,brown,3
J1308,I2713,4606.0,4608.0,green,1
J1308,I4857,8933.0,8935.0,green,2
J1308,I8225,16177.0,16182.0,green,2
J2413,I5293,9859.0,9865.0,green,1
J2413,I9025,17915.0,17927.0,green,3
J2413,I9085,18049.0,18050.0,green,1
J2413,I9299,18461.0,18465.0,green,1
J861,I2470,4165.0,4167.0,brown,1
J861,I12775,25400.0,25403.0,green,1
J2326,I6004,11377.0,11382.0,green,1
J2326,I6195,11776.0,11779.0,brown,3
J2326,I6291,11966.0,11970.0,brown,2
J1588,I4251,7681.0,7684.0,green,3
J1588,I9947,19796.0,19800.0,green,2
J3134,I9250,18363.0,18365.0,green,2
J3134,I9282,18430.0,18435.0,green,1
J2770,I3952,7077.0,7078.0,brown,1
J2770,I7281,14099.0,14105.0,green,2
J2770,I13425,26562.0,26565.0,green,2
J25,I193,272.0,273.0,green,1
J25,I257,367.0,369.0,green,1
J25,I5657,10659.0,10668.0,green,1
J25,I5721,10807.0,10810.0,green,1
J2439,I3418,6011.0,6014.0,green,3
J2439,I3482,6153.0,6156.0,green,3
J2721,I1314,2073.0,2074.0,brown,1
J2721,I2819,4826.0,4831.0,green,3
J2721,I8995,17852.0,17858.0,green,1
J2721,I10392,20709.0,20710.0,green,1
J4316,I9281,18427.0,18430.0,brown,2
J4316,I10914,21747.0,21748.0,green,1
J4316,I12450,24805.0,24807.0,green,2
J4316,I13996,27514.0,27516.0,green,1
J60,I311,448.0,449.0,green,1
J60,I3191,5595.0,5599.0,green,1
J60,I5031,9329.0,9330.0,green,1
J622,I2111,3507.0,3510.0,brown,1
J622,I9696,19268.0,19270.0,green,2
J2671,I3888,6951.0,6952.0,green,1
J2671,I5200,9647.0,9657.0,green,1
J2671,I5680,10711.0,10716.0,brown,1
J2671,I9808,19486.0,19491.0,green,1
J2671,I9936,19767.0,19772.0,green,1
J2671,I12620,25129.0,25130.0,green,1
J4518,I12678,25226.0,25227.0,brown,1
J4518,I12870,25571.0,25572.0,brown,1
J4518,I13926,27408.0,27409.0,brown,1
J4518,I14278,27996.0,27998.0,brown,1
J4518,I14895,28999.0,29000.0,green,1
J455,I8214,16157.0,16161.0,brown,1
J455,I10614,21173.0,21174.0,brown,1
J455,I12311,24535.0,24536.0,green,1
J455,I13783,27135.0,27139.0,green,1
J455,I13975,27481.0,27484.0,green,1
J455,I14151,27777.0,27778.0,green,1
J1800,I1752,2853.0,2856.0,green,3
J1800,I2072,3419.0,3422.0,green,1
J738,I2271,3829.0,3831.0,green,1
J738,I2335,3929.0,3931.0,brown,2
J738,I3136,5473.0,5475.0,green,2
J738,I4128,7435.0,7440.0,green,1
J4949,I8227,16185.0,16188.0,brown,3
J4949,I8228,16188.0,16189.0,green,1
J4949,I14916,29026.0,29027.0,green,1
J4949,I15052,29247.0,29248.0,green,1
J4203,I5417,10170.0,10176.0,green,1
J4203,I7401,14406.0,14411.0,green,2
J4203,I10953,21821.0,21823.0,green,1
J3081,I2338,3934.0,3937.0,green,3
J3628,I10223,20361.0,20363.0,brown,2
J3628,I11536,23044.0,23049.0,green,1
J3628,I13008,25848.0,25849.0,green,1
J4729,I13362,26450.0,26451.0,brown,1
J4729,I13747,27080.0,27082.0,green,2
J4729,I14899,29003.0,29006.0,green,1
J4729,I15283,29611.0,29612.0,green,1
J4729,I15419,29816.0,29818.0,green,1
J2628,I3393,5948.0,5950.0,green,1
J2628,I6817,13079.0,13095.0,green,2
J2628,I8817,17502.0,17505.0,green,1
J2628,I8833,17539.0,17540.0,green,1
J2435,I2179,3634.0,3636.0,green,1
J2435,I2499,4222.0,4224.0,green,2
J2435,I3427,6031.0,6033.0,brown,1
J2435,I6083,11536.0,11537.0,green,1
J2435,I7075,13601.0,13603.0,green,1
J2627,I5396,10113.0,10121.0,green,1
J2627,I11444,22848.0,22852.0,green,4
J2627,I13396,26514.0,26520.0,green,1
J3809,I10160,20248.0,20250.0,green,1
J3809,I11935,23826.0,23827.0,brown,1
J1875,I628,937.0,938.0,green,1
J1875,I660,993.0,994.0,green,1
J1875,I4884,8986.0,8994.0,green,1
J1875,I5620,10577.0,10578.0,green,1
J2763,I3515,6236.0,6241.0,green,3
J1195,I2715,4612.0,4613.0,brown,1
J1195,I4443,8066.0,8067.0,brown,1
J1195,I9547,18971.0,18974.0,brown,1
J1369,I2070,3417.0,3418.0,green,1
J1369,I5526,10403.0,10404.0,green,1
J1369,I9990,19884.0,19887.0,green,2
J537,I687,1029.0,1032.0,green,1
J537,I2287,3857.0,3860.0,green,1
J537,I2479,4185.0,4186.0,green,1
J537,I5511,10360.0,10364.0,green,1
J3021,I6683,12794.0,12795.0,brown,1
J3021,I8540,16866.0,16878.0,green,1
J3021,I8939,17750.0,17751.0,brown,1
J1268,I455,666.0,667.0,brown,1
J1268,I903,1395.0,1396.0,brown,1
J1268,I3367,5898.0,5901.0,brown,1
J1268,I3655,6506.0,6507.0,brown,1
J1268,I10632,21210.0,21213.0,green,1
J1268,I12504,24899.0,24901.0,green,1
J2802,I6121,11609.0,11610.0,brown,1
J2802,I7209,13919.0,13921.0,brown,1
J2802,I8473,16720.0,16721.0,brown,1
J4250,I9987,19880.0,19882.0,green,1
J4250,I10051,20028.0,20033.0,green,2
J4250,I14250,27951.0,27952.0,green,1
J3770,I2949,5087.0,5090.0,green,1
J3770,I3300,5791.0,5792.0,brown,1
J3770,I3460,6091.0,6093.0,brown,1
J3770,I9061,17997.0,18001.0,green,1
J367,I563,828.0,829.0,green,1
J3354,I8794,17449.0,17452.0,green,2
J3354,I8857,17595.0,17596.0,brown,1
J3354,I9049,17962.0,17963.0,brown,1
J3354,I9625,19134.0,19137.0,brown,2
J4228,I3341,5853.0,5854.0,brown,1
J4228,I3661,6516.0,6520.0,brown,1
J4228,I3853,6892.0,6893.0,brown,1
J4228,I6126,11616.0,11617.0,green,1
J4228,I9934,19763.0,19764.0,green,1
J2369,I4195,7579.0,7582.0,brown,1
J2369,I6788,13013.0,13016.0,green,1
J2369,I10700,21335.0,21336.0,green,1
J2369,I10956,21827.0,21830.0,green,2
J1355,I1589,2545.0,2548.0,green,1
J1355,I1749,2846.0,2850.0,green,1
J1355,I2421,4073.0,4080.0,green,2
J1355,I5486,10309.0,10315.0,green,2
J3563,I6951,13357.0,13358.0,green,1
J3563,I7431,14477.0,14481.0,green,1
J3563,I11079,22078.0,22080.0,green,1
J3563,I11207,22357.0,22361.0,green,1
J72,I221,319.0,320.0,green,1
J72,I253,359.0,361.0,green,1
J72,I413,604.0,606.0,green,2
J72,I2205,3698.0,3702.0,green,1
J72,I3597,6388.0,6393.0,green,1
J645,I2265,3813.0,3817.0,brown,1
J645,I12186,24315.0,24316.0,green,1
J645,I12602,25085.0,25088.0,green,1
J645,I13294,26330.0,26332.0,green,1
J1901,I5743,10862.0,10865.0,green,3
J1901,I9839,19561.0,19562.0,green,1
J1901,I11215,22387.0,22396.0,green,1
J2019,I1892,3093.0,3096.0,green,1
J2019,I1924,3159.0,3164.0,green,1
J2019,I2148,3577.0,3578.0,green,1
J2019,I7656,14954.0,14973.0,green,1
J73,I1269,1997.0,1998.0,green,1
J73,I2421,4073.0,4080.0,green,1
J73,I2485,4194.0,4196.0,green,1
J73,I7413,14442.0,14444.0,brown,1
J73,I7893,15492.0,15494.0,green,2
J1767,I4519,8216.0,8218.0,green,1
J1767,I11975,23912.0,23916.0,green,2
J1767,I12391,24680.0,24686.0,green,1
J1767,I12967,25760.0,25765.0,green,1
J4315,I9232,18310.0,18311.0,green,1
J4315,I9328,18537.0,18542.0,green,1
J4315,I9392,18688.0,18689.0,green,1
J4315,I12986,25810.0,25814.0,green,1
J2800,I6844,13149.0,13153.0,green,4
J2800,I8028,15740.0,15741.0,green,1
J4476,I2765,4709.0,4711.0,brown,1
J4476,I6990,13437.0,13438.0,green,1
J4476,I9134,18134.0,18140.0,brown,1
J4476,I9614,19114.0,19118.0,green,2
J4476,I13870,27308.0,27309.0,brown,1
J3298,I6273,11931.0,11936.0,green,3
J3298,I6305,11991.0,11994.0,green,2
J3298,I6817,13079.0,13095.0,green,1
J629,I522,769.0,771.0,green,2
J629,I554,818.0,819.0,brown,1
J629,I3434,6044.0,6045.0,green,1
J629,I4426,8019.0,8021.0,green,2
J210,I1880,3072.0,3074.0,green,1
J210,I1912,3128.0,3137.0,green,1
J210,I3527,6260.0,6266.0,brown,2
J210,I3986,7135.0,7138.0,green,1
J2666,I5463,10263.0,10265.0,green,2
J2666,I5559,10464.0,10470.0,green,4
J2276,I4507,8188.0,8193.0,green,1
J2276,I4603,8374.0,8379.0,green,2
J2276,I9603,19085.0,19087.0,green,1
J3847,I7857,15422.0,15424.0,brown,2
J3847,I9169,18194.0,18195.0,brown,1
J3847,I9425,18746.0,18749.0,brown,1
J3847,I10801,21533.0,21536.0,brown,1
J3847,I11602,23192.0,23193.0,green,1
J3613,I14491,28343.0,28346.0,green,1
J3613,I14515,28379.0,28387.0,green,4
J3613,I15379,29757.0,29758.0,green,1
J1333,I2089,3456.0,3460.0,green,1
J1333,I2985,5174.0,5177.0,green,1
J1333,I9025,17915.0,17927.0,green,1
J1333,I9363,18626.0,18629.0,green,2
J563,I1712,2784.0,2792.0,green,5
J563,I2200,3692.0,3693.0,green,1
J1692,I5373,10062.0,10064.0,green,2
J1692,I5437,10208.0,10215.0,green,1
J1692,I7389,14382.0,14384.0,green,1
J1692,I8557,16916.0,16918.0,green,1
J2606,I4870,8960.0,8961.0,green,1
J2606,I5030,9328.0,9329.0,green,1
J2606,I5446,10226.0,10227.0,green,1
J2606,I5638,10620.0,10621.0,green,1
J2606,I5734,10834.0,10845.0,green,2
J4466,I2436,4098.0,4099.0,brown,1
J4466,I4292,7759.0,7762.0,brown,1
J4466,I4677,8535.0,8547.0,green,1
J4466,I13797,27167.0,27168.0,green,1
J4466,I13852,27281.0,27282.0,green,1
J4773,I14438,28243.0,28248.0,green,1
J4773,I14726,28724.0,28726.0,green,1
J4773,I15078,29293.0,29294.0,green,1
J383,I1371,2169.0,2170.0,brown,1
J383,I8859,17597.0,17599.0,brown,1
J383,I12124,24207.0,24209.0,green,1
J383,I14828,28892.0,28894.0,green,1
J4165,I4545,8269.0,8274.0,brown,1
J4165,I11682,23325.0,23326.0,green,1
J4165,I14338,28082.0,28084.0,green,1
J4165,I14450,28266.0,28267.0,green,1
J4165,I14754,28771.0,28777.0,green,2
J2751,I3183,5575.0,5578.0,green,1
J2751,I3311,5805.0,5810.0,green,1
J2751,I4206,7600.0,7602.0,brown,1
J2751,I9823,19526.0,19529.0,green,1
J2751,I10063,20053.0,20054.0,green,1
J2751,I10623,21193.0,21196.0,green,1
J3734,I5092,9430.0,9431.0,brown,1
J3734,I10309,20510.0,20512.0,green,1
J3734,I15145,29398.0,29399.0,green,1
J4944,I13960,27454.0,27458.0,green,1
J4944,I15080,29295.0,29296.0,green,1
J4944,I15232,29534.0,29536.0,green,1
J4944,I15464,29883.0,29885.0,green,2
J3333,I7088,13630.0,13632.0,brown,1
J3333,I7121,13701.0,13702.0,green,1
J3333,I7505,14651.0,14652.0,green,1
J3333,I8209,16147.0,16151.0,green,2
J3333,I11601,23189.0,23192.0,green,1
J2426,I6628,12679.0,12680.0,green,1
J2426,I6660,12744.0,12748.0,green,2
J2426,I8836,17543.0,17548.0,green,1
J3075,I8396,16572.0,16576.0,green,4
J3075,I8524,16824.0,16825.0,green,1
J3075,I8556,16907.0,16916.0,green,1
J538,I1723,2806.0,2808.0,brown,2
J538,I1787,2929.0,2931.0,brown,1
J538,I4763,8710.0,8712.0,brown,1
J538,I12012,23984.0,23986.0,green,2
J3677,I4831,8861.0,8863.0,brown,2
J3677,I4927,9094.0,9096.0,brown,2
J3677,I5087,9424.0,9425.0,brown,1
J3677,I5215,9684.0,9685.0,brown,1
J535,I1910,3123.0,3127.0,brown,1
J535,I6359,12102.0,12105.0,green,1
J535,I10007,19920.0,19923.0,green,2
J535,I10198,20321.0,20323.0,brown,1
J535,I11319,22594.0,22600.0,green,1
J1022,I644,961.0,965.0,green,2
J1022,I6916,13270.0,13274.0,green,4
J36,I263,379.0,382.0,brown,1
J36,I2504,4230.0,4235.0,green,1
J36,I10504,20940.0,20943.0,green,1
J2771,I7748,15181.0,15182.0,green,1
J2771,I7972,15650.0,15656.0,green,2
J4071,I5576,10493.0,10495.0,brown,1
J4071,I12777,25405.0,25407.0,green,1
J1509,I955,1488.0,1490.0,brown,1
J1509,I987,1542.0,1544.0,brown,1
J1896,I7241,14001.0,14003.0,brown,2
J1896,I10794,21516.0,21522.0,green,1
J3867,I9871,19617.0,19630.0,green,1
J3867,I11823,23597.0,23600.0,green,2
J3867,I12686,25240.0,25243.0,brown,1
J3867,I12783,25414.0,25417.0,green,1
J1770,I5664,10682.0,10685.0,green,3
J1770,I5728,10819.0,10820.0,green,1
J1770,I6464,12358.0,12367.0,green,2
J1359,I780,1200.0,1202.0,brown,1
J1359,I3597,6388.0,6393.0,green,1
J1359,I5163,9567.0,9573.0,green,1
J1359,I5503,10349.0,10352.0,green,1
J3813,I3176,5553.0,5555.0,brown,1
J3813,I12521,24935.0,24939.0,green,1
J3813,I12585,25049.0,25054.0,green,1
J3813,I14153,27780.0,27783.0,green,1
J3813,I14825,28887.0,28890.0,green,2
J333,I4651,8485.0,8493.0,green,1
J333,I11571,23127.0,23129.0,green,1
J2870,I4754,8694.0,8696.0,green,1
J2870,I4817,8828.0,8829.0,brown,1
J2870,I7474,14576.0,14577.0,green,1
J2870,I12338,24579.0,24580.0,green,1
J2870,I12770,25391.0,25392.0,green,1
J2870,I12778,25407.0,25408.0,green,1
J1018,I3125,5444.0,5446.0,green,2
J1018,I3157,5524.0,5525.0,brown,1
J1018,I3253,5711.0,5712.0,brown,1
J368,I1039,1632.0,1634.0,green,2
J368,I2031,3349.0,3350.0,green,1
J1292,I1257,1983.0,1985.0,green,1
J1292,I5385,10086.0,10089.0,green,1
J2680,I6623,12669.0,12672.0,green,1
J2680,I6687,12800.0,12802.0,green,1
J2680,I6815,13074.0,13078.0,green,3
J3235,I8130,15980.0,15981.0,green,1
J3235,I8162,16044.0,16052.0,green,3
J3235,I11919,23790.0,23793.0,green,1
J197,I3472,6117.0,6119.0,green,1
J197,I7536,14715.0,14718.0,green,1
J142,I168,232.0,233.0,green,1
J142,I200,283.0,287.0,green,1
J142,I520,765.0,768.0,green,1
J142,I1032,1621.0,1622.0,green,1
J142,I1224,1927.0,1929.0,green,1
J142,I1544,2447.0,2455.0,green,1
J4390,I7085,13621.0,13626.0,brown,1
J4390,I8301,16371.0,16374.0,brown,1
J4390,I9485,18862.0,18865.0,brown,2
J4390,I14298,28023.0,28024.0,green,1
J4390,I14938,29057.0,29060.0,green,1
J1580,I3954,7080.0,7082.0,brown,1
J1580,I7347,14291.0,14294.0,green,1
J1580,I8259,16264.0,16273.0,green,1
J1580,I9235,18316.0,18319.0,green,1
J2569,I1754,2857.0,2858.0,brown,1
J2569,I3579,6348.0,6353.0,green,1
J2569,I4091,7360.0,7361.0,green,1
J2569,I4635,8450.0,8457.0,green,1
J1339,I2512,4245.0,4250.0,green,4
J1339,I2832,4860.0,4861.0,green,1
J1339,I3088,5380.0,5381.0,green,1
J3325,I5614,10566.0,10568.0,green,1
J3325,I8238,16216.0,16217.0,green,1
J3325,I9134,18134.0,18140.0,brown,1
J3325,I9646,19171.0,19175.0,green,1
J3325,I9838,19559.0,19561.0,brown,1
J3325,I10494,20907.0,20914.0,brown,1
J3536,I6678,12785.0,12787.0,brown,2
J3536,I6998,13455.0,13459.0,brown,2
J3536,I12999,25828.0,25830.0,green,1
J3536,I13223,26211.0,26216.0,green,1
J4666,I5492,10325.0,10329.0,green,1
J4666,I5683,10721.0,10723.0,brown,1
J4666,I5715,10796.0,10800.0,brown,2
J4666,I14388,28154.0,28164.0,green,1
J4666,I14420,28218.0,28219.0,green,1
J1154,I1965,3236.0,3238.0,brown,2
J1154,I2029,3347.0,3348.0,brown,1
J1154,I11598,23182.0,23184.0,green,1
J1154,I11982,23926.0,23929.0,green,1
J1985,I3893,6956.0,6957.0,brown,1
J1985,I12982,25794.0,25797.0,green,1
J1985,I14326,28062.0,28063.0,green,1
J1985,I15054,29250.0,29251.0,green,1
J568,I598,882.0,885.0,brown,2
J568,I8439,16635.0,16641.0,green,1
J832,I3311,5805.0,5810.0,green,1
J832,I6223,11838.0,11843.0,green,2
J832,I10047,20014.0,20022.0,green,1
J566,I1354,2138.0,2140.0,green,1
J566,I1642,2639.0,2640.0,green,1
J566,I2250,3780.0,3782.0,green,1
J566,I3466,6106.0,6108.0,green,1
J566,I7466,14555.0,14564.0,green,1
J566,I8050,15800.0,15805.0,green,1
J2969,I7833,15367.0,15374.0,green,4
J2969,I7960,15627.0,15632.0,brown,1
J2969,I10873,21664.0,21666.0,green,1
J844,I3135,5471.0,5473.0,green,1
J844,I3487,6168.0,6169.0,green,1
J844,I3679,6550.0,6562.0,green,2
J844,I4703,8600.0,8601.0,green,1
J2853,I2079,3431.0,3437.0,green,2
J468,I590,867.0,869.0,green,1
J468,I621,928.0,930.0,green,1
J468,I814,1253.0,1254.0,green,1
J468,I4798,8786.0,8792.0,green,1
J3658,I10485,20886.0,20888.0,green,1
J3658,I10549,21046.0,21049.0,green,1
J3658,I10965,21846.0,21851.0,green,3
J3658,I10996,21903.0,21905.0,brown,1
J1821,I3144,5488.0,5490.0,green,1
J1821,I3271,5743.0,5744.0,brown,1
J1821,I3527,6260.0,6266.0,brown,2
J1821,I4296,7770.0,7773.0,green,1
J1821,I6472,12381.0,12389.0,green,1
J3288,I10377,20675.0,20678.0,green,1
J3288,I10761,21440.0,21449.0,green,1
J3288,I14257,27961.0,27963.0,green,1
J3433,I2899,4984.0,4985.0,brown,1
J3433,I3091,5385.0,5387.0,brown,2
J3433,I6387,12164.0,12165.0,brown,1
J3433,I12868,25567.0,25569.0,green,2
J2338,I3881,6940.0,6942.0,green,1
J2338,I3913,6998.0,6999.0,green,1
J2338,I4009,7167.0,7169.0,green,1
J2338,I4233,7651.0,7652.0,green,1
J2338,I4489,8153.0,8154.0,green,1
J2338,I7467,14564.0,14566.0,brown,1
J913,I699,1048.0,1050.0,green,1
J913,I2683,4563.0,4565.0,green,2
J2475,I7571,14784.0,14785.0,brown,1
J2475,I10163,20255.0,20257.0,brown,1
J2475,I13556,26771.0,26772.0,green,1
J2475,I13828,27226.0,27227.0,green,1
J2475,I14980,29125.0,29126.0,green,1
J1379,I2950,5090.0,5092.0,green,1
J1379,I2982,5165.0,5168.0,green,1
J1379,I5702,10772.0,10777.0,green,1
J1379,I6726,12875.0,12877.0,green,1
J1379,I9702,19281.0,19283.0,green,2
J102,I58,72.0,74.0,green,2
J102,I5850,11098.0,11102.0,green,1
J102,I10134,20182.0,20185.0,green,1
J102,I10778,21480.0,21481.0,green,1
J1986,I6173,11729.0,11734.0,green,4
J1367,I130,169.0,171.0,green,1
J1367,I194,273.0,274.0,green,1
J1367,I642,956.0,958.0,green,2
J1367,I2082,3444.0,3447.0,green,1
J1367,I4610,8392.0,8394.0,green,1
J2467,I2038,3358.0,3359.0,brown,1
J2467,I8374,16524.0,16525.0,brown,1
J2467,I12599,25081.0,25083.0,green,1
J2467,I13111,26027.0,26029.0,green,1
J774,I1777,2908.0,2910.0,brown,2
J774,I5617,10571.0,10574.0,brown,1
J774,I9330,18546.0,18557.0,green,2
J774,I10337,20577.0,20579.0,brown,1
J3278,I1796,2947.0,2948.0,brown,1
J3278,I2052,3388.0,3389.0,brown,1
J3278,I2596,4404.0,4406.0,brown,1
J3278,I14469,28302.0,28303.0,green,1
J3278,I14533,28413.0,28414.0,green,1
J3099,I2308,3891.0,3892.0,green,1
J3099,I2340,3939.0,3940.0,green,1
J3099,I2373,3993.0,3996.0,brown,1
J3099,I6692,12808.0,12810.0,green,1
J3099,I11429,22816.0,22817.0,brown,1
J4803,I15235,29538.0,29539.0,green,1
J4803,I15339,29698.0,29700.0,green,1
J4803,I15347,29708.0,29710.0,green,2
J2226,I6356,12096.0,12097.0,brown,1
J2226,I13509,26697.0,26698.0,green,1
J2226,I13961,27458.0,27462.0,green,1
J2226,I14041,27580.0,27581.0,green,1
J498,I747,1147.0,1149.0,green,1
J498,I2987,5178.0,5180.0,green,2
J498,I3211,5628.0,5637.0,green,2
J2583,I5476,10287.0,10288.0,green,1
J2583,I5636,10611.0,10619.0,green,2
J2583,I5700,10762.0,10768.0,green,1
J1838,I3330,5838.0,5839.0,brown,1
J1838,I6563,12562.0,12572.0,green,1
J1838,I9411,18722.0,18726.0,green,2
J3414,I5045,9352.0,9355.0,green,2
J3414,I5621,10578.0,10580.0,green,1
J3414,I9301,18467.0,18479.0,green,2
J3414,I10454,20824.0,20827.0,green,1
J3026,I7918,15538.0,15540.0,green,1
J3026,I8142,16004.0,16005.0,green,1
J3026,I8622,17069.0,17082.0,green,1
J743,I312,449.0,450.0,green,1
J743,I536,791.0,793.0,green,2
J743,I569,836.0,837.0,brown,1
J743,I1944,3196.0,3203.0,green,2
J2524,I7692,15045.0,15048.0,green,3
J2524,I7948,15599.0,15606.0,green,3
J4852,I14203,27860.0,27861.0,green,1
J4852,I14811,28865.0,28867.0,green,1
J4852,I15067,29275.0,29276.0,brown,1
J4852,I15475,29901.0,29903.0,green,1
J3416,I4797,8784.0,8786.0,brown,2
J3416,I5758,10913.0,10916.0,green,1
J3416,I9693,19264.0,19266.0,brown,1
J3975,I8313,16389.0,16393.0,green,1
J3975,I8376,16526.0,16527.0,brown,1
J3975,I8409,16595.0,16596.0,green,1
J3975,I8441,16643.0,16648.0,brown,2
J3975,I13249,26259.0,26260.0,green,1
J1699,I4451,8088.0,8089.0,green,1
J1699,I4611,8394.0,8398.0,green,1
J4255,I9936,19767.0,19772.0,green,2
J4255,I11056,22027.0,22034.0,green,1
J4255,I13360,26448.0,26449.0,green,1
J4255,I13552,26763.0,26765.0,brown,2
J4412,I2537,4293.0,4294.0,brown,1
J4412,I2665,4522.0,4523.0,brown,1
J4412,I3945,7063.0,7066.0,brown,1
J4412,I15114,29360.0,29361.0,green,1
J3127,I4507,8188.0,8193.0,green,1
J3127,I11099,22113.0,22118.0,green,2
J3127,I11299,22558.0,22561.0,green,2
J917,I1888,3087.0,3088.0,brown,1
J917,I9779,19415.0,19417.0,green,2
J917,I9841,19564.0,19572.0,green,2
J13,I369,530.0,532.0,green,2
J13,I721,1094.0,1099.0,green,3
J1002,I3038,5274.0,5279.0,green,4
J1002,I3454,6080.0,6086.0,green,1
J3292,I8294,16350.0,16357.0,green,3
J3292,I8518,16815.0,16819.0,green,3
J2022,I1300,2054.0,2056.0,green,1
J2022,I4788,8765.0,8769.0,green,2
J2022,I8500,16772.0,16775.0,green,1
J2022,I8700,17238.0,17242.0,green,1
J1274,I1586,2542.0,2543.0,green,1
J1274,I2130,3545.0,3547.0,green,1
J1274,I2738,4653.0,4660.0,green,3
J1274,I2962,5118.0,5119.0,green,1
J447,I8323,16409.0,16414.0,green,2
J727,I3485,6160.0,6162.0,brown,1
J727,I4414,7997.0,8001.0,green,1
J727,I4510,8196.0,8197.0,green,1
J727,I5726,10814.0,10818.0,green,1
J1065,I3292,5777.0,5779.0,brown,1
J1065,I3324,5827.0,5829.0,brown,1
J1065,I13629,26895.0,26897.0,green,1
J3107,I4436,8052.0,8056.0,green,3
J3107,I4500,8175.0,8178.0,green,2
J3107,I8843,17557.0,17560.0,brown,1
J4640,I10868,21655.0,21658.0,green,2
J4640,I11699,23365.0,23367.0,brown,1
J944,I389,562.0,565.0,green,1
J944,I710,1073.0,1078.0,green,1
J944,I2726,4628.0,4633.0,green,2
J944,I3494,6187.0,6191.0,green,1
J944,I7030,13511.0,13515.0,green,1
J1873,I5147,9539.0,9540.0,green,1
J1873,I5163,9567.0,9573.0,green,1
J1873,I5179,9600.0,9605.0,green,4
J3432,I8358,16482.0,16485.0,brown,1
J3432,I9318,18516.0,18520.0,brown,1
J3432,I10183,20297.0,20301.0,green,2
J3432,I11847,23661.0,23663.0,green,1
J3432,I12391,24680.0,24686.0,green,1
J1836,I4586,8349.0,8350.0,green,1
J1836,I6026,11424.0,11427.0,green,1
J1836,I7466,14555.0,14564.0,green,1
J1166,I2890,4969.0,4970.0,brown,1
J1166,I2955,5099.0,5102.0,green,3
J1166,I3211,5628.0,5637.0,green,1
J2665,I6270,11926.0,11928.0,brown,2
J2665,I6399,12202.0,12203.0,green,1
J2665,I6623,12669.0,12672.0,green,2
J2665,I7359,14318.0,14320.0,green,1
J2355,I6677,12782.0,12785.0,green,1
J2355,I7317,14218.0,14221.0,green,1
J4080,I4718,8630.0,8632.0,brown,2
J4080,I6959,13369.0,13374.0,green,1
J4080,I10191,20310.0,20311.0,green,1
J4080,I13551,26762.0,26763.0,brown,1
J480,I299,434.0,435.0,brown,1
J480,I3276,5756.0,5757.0,green,1
J480,I6220,11833.0,11834.0,green,1
J480,I7493,14621.0,14625.0,brown,1
J480,I7662,14984.0,14992.0,green,1
J2898,I3666,6526.0,6529.0,brown,2
J2898,I3858,6898.0,6901.0,brown,1
J2898,I7187,13856.0,13859.0,green,1
J2898,I12863,25559.0,25561.0,green,1
J4602,I13412,26541.0,26545.0,green,2
J3398,I6231,11856.0,11858.0,green,1
J3398,I6295,11975.0,11976.0,green,1
J3398,I8599,17013.0,17017.0,green,3
J3398,I11575,23138.0,23139.0,green,1
J4252,I4759,8702.0,8705.0,brown,2
J4252,I11304,22568.0,22570.0,green,2
J4252,I14472,28307.0,28313.0,green,1
J4252,I14568,28471.0,28473.0,green,1
J4479,I13076,25967.0,25968.0,green,1
J4479,I13124,26044.0,26046.0,green,1
J4479,I14388,28154.0,28164.0,green,1
J4479,I14452,28269.0,28272.0,green,3
J431,I1022,1606.0,1607.0,brown,1
J431,I1086,1700.0,1702.0,brown,2
J431,I3423,6022.0,6024.0,green,1
J431,I10527,20988.0,21002.0,green,2
J2104,I899,1390.0,1391.0,brown,1
J2104,I10348,20603.0,20607.0,green,3
J2104,I10468,20853.0,20856.0,green,1
J2104,I10820,21563.0,21565.0,green,1
J860,I1006,1573.0,1578.0,green,3
J860,I2894,4978.0,4980.0,green,1
J860,I3384,5931.0,5937.0,green,1
J3482,I5555,10458.0,10460.0,brown,2
J3482,I5876,11149.0,11152.0,green,3
J3482,I7284,14113.0,14116.0,green,1
J922,I3043,5286.0,5290.0,brown,1
J922,I7972,15650.0,15656.0,green,2
J922,I11652,23283.0,23284.0,green,1
J922,I12556,25005.0,25006.0,green,1
J564,I2825,4841.0,4843.0,green,2
J564,I2985,5174.0,5177.0,green,1
J564,I6185,11762.0,11763.0,green,1
J564,I6633,12693.0,12694.0,green,1
J564,I8777,17401.0,17407.0,green,1
J3039,I9259,18387.0,18388.0,green,1
J3039,I9291,18449.0,18452.0,green,2
J3039,I9355,18616.0,18617.0,green,1
J3039,I11051,22017.0,22021.0,green,1
J3119,I7532,14704.0,14708.0,green,3
J3119,I7723,15126.0,15128.0,brown,1
J3119,I8139,15997.0,15999.0,brown,1
J3119,I8395,16571.0,16572.0,brown,1
J662,I1134,1782.0,1785.0,green,1
J662,I1167,1833.0,1834.0,green,1
J662,I1295,2043.0,2044.0,green,1
J662,I1967,3239.0,3242.0,green,2
J662,I7535,14714.0,14715.0,green,1
J189,I780,1200.0,1202.0,brown,1
J189,I7373,14349.0,14351.0,green,1
J189,I13215,26201.0,26202.0,green,1
J189,I13869,27301.0,27308.0,green,1
J3381,I9519,18927.0,18929.0,brown,1
J3381,I15088,29313.0,29316.0,green,1
J3381,I15168,29439.0,29440.0,green,1
J2489,I2434,4093.0,4097.0,brown,1
J2489,I2850,4888.0,4889.0,brown,1
J2489,I6435,12290.0,12295.0,green,1
J2489,I7554,14743.0,14744.0,brown,1
J1116,I1564,2500.0,2501.0,brown,1
J1116,I4445,8071.0,8080.0,green,2
J1116,I5117,9477.0,9480.0,green,1
J1116,I8637,17107.0,17111.0,green,1
J1116,I10217,20349.0,20350.0,green,1
J3467,I8540,16866.0,16878.0,green,3
J19,I385,556.0,558.0,green,1
J19,I2177,3631.0,3633.0,green,1
J19,I5249,9780.0,9783.0,green,2
J2367,I4058,7286.0,7287.0,green,1
J2367,I5754,10892.0,10908.0,green,1
J2367,I6806,13045.0,13064.0,green,4
J866,I8511,16800.0,16804.0,green,1
J866,I9071,18021.0,18027.0,green,1
J866,I10270,20439.0,20442.0,brown,1
J866,I11487,22950.0,22952.0,green,1
J1326,I1836,3007.0,3008.0,brown,1
J1326,I12493,24885.0,24886.0,green,1
J1326,I12653,25176.0,25178.0,green,1
J1326,I14445,28259.0,28261.0,green,2
J1326,I14863,28947.0,28949.0,green,1
J1433,I1323,2085.0,2087.0,brown,1
J1433,I6540,12525.0,12529.0,green,2
J1433,I6828,13117.0,13118.0,green,1
J1433,I9932,19757.0,19761.0,green,1
J1433,I10380,20682.0,20683.0,green,1
J402,I1415,2233.0,2235.0,brown,1
J402,I3367,5898.0,5901.0,brown,1
J402,I3527,6260.0,6266.0,brown,1
J402,I14224,27905.0,27906.0,green,1
J402,I14248,27946.0,27948.0,green,1
J402,I15248,29559.0,29560.0,green,1
J1972,I84,104.0,106.0,green,1
J1972,I212,304.0,306.0,green,1
J1972,I1364,2151.0,2156.0,green,2
J1961,I4913,9053.0,9057.0,green,1
J1961,I5776,10947.0,10951.0,brown,2
J1961,I11185,22307.0,22308.0,green,1
J1961,I12881,25601.0,25603.0,green,1
J1961,I13097,26004.0,26005.0,green,1
J3882,I7348,14294.0,14297.0,brown,2
J3882,I9045,17956.0,17959.0,green,1
J3882,I10260,20424.0,20427.0,brown,1
J3882,I12917,25653.0,25655.0,green,1
J3507,I6242,11877.0,11878.0,green,1
J3507,I11490,22957.0,22958.0,green,1
J3507,I11746,23461.0,23462.0,green,1
J3507,I11994,23945.0,23950.0,green,1
J1257,I4084,7342.0,7346.0,green,1
J1257,I5172,9586.0,9588.0,green,1
J1257,I5843,11086.0,11088.0,brown,1
J1257,I8212,16155.0,16156.0,green,1
J1257,I8468,16712.0,16714.0,green,1
J1257,I8980,17826.0,17827.0,green,1
J2246,I5623,10582.0,10584.0,brown,1
J2246,I5944,11264.0,11267.0,green,2
J2246,I12392,24686.0,24688.0,green,1
J3958,I8590,16997.0,16998.0,green,1
J3958,I8718,17281.0,17283.0,brown,1
J3958,I9774,19401.0,19411.0,green,1
J3958,I14492,28346.0,28350.0,green,1
J941,I5990,11345.0,11346.0,brown,1
J4631,I13536,26738.0,26740.0,brown,1
J4631,I13728,27045.0,27048.0,brown,1
J4631,I13729,27048.0,27050.0,green,2
J4631,I13793,27159.0,27161.0,brown,2
J266,I940,1457.0,1467.0,green,1
J266,I3148,5496.0,5506.0,green,1
J266,I3980,7121.0,7126.0,green,2
J266,I5132,9500.0,9509.0,green,2
J1749,I4254,7690.0,7694.0,green,1
J1749,I4446,8080.0,8083.0,green,1
J1749,I4542,8257.0,8259.0,green,1
J1749,I10574,21102.0,21105.0,green,1
J3589,I3400,5962.0,5963.0,green,1
J3589,I6344,12065.0,12070.0,green,2
J3589,I7656,14954.0,14973.0,green,3
J1441,I2696,4586.0,4587.0,green,1
J1441,I2952,5093.0,5094.0,green,1
J1441,I4968,9172.0,9181.0,green,3
J1441,I8641,17115.0,17121.0,green,1
J514,I709,1069.0,1073.0,green,3
J514,I2957,5103.0,5107.0,green,1
J1188,I3908,6988.0,6990.0,green,2
J1188,I4004,7161.0,7163.0,brown,1
J1188,I7176,13835.0,13836.0,brown,1
J3713,I1152,1812.0,1814.0,brown,2
J3713,I10369,20653.0,20659.0,green,1
J3713,I12001,23959.0,23960.0,green,1
J3713,I13697,26992.0,26993.0,green,1
J1075,I5241,9753.0,9756.0,green,1
J1075,I5465,10266.0,10269.0,green,1
J1075,I6817,13079.0,13095.0,green,2
J1075,I7411,14433.0,14441.0,green,1
J3855,I3089,5381.0,5384.0,green,1
J3855,I7921,15543.0,15544.0,green,1
J3855,I8753,17352.0,17357.0,green,1
J3855,I9617,19120.0,19124.0,green,1
J3855,I11249,22469.0,22476.0,green,1
J1944,I5877,11152.0,11153.0,green,1
J1944,I6037,11448.0,11449.0,green,1
J1944,I6133,11629.0,11633.0,green,2
J2891,I7123,13703.0,13705.0,green,1
J2891,I7442,14501.0,14502.0,brown,1
J2891,I7538,14719.0,14721.0,brown,2
J2891,I7570,14782.0,14784.0,brown,1
J2891,I13235,26239.0,26240.0,green,1
J3388,I10014,19936.0,19940.0,green,1
J3388,I10142,20200.0,20210.0,green,1
J3599,I7484,14601.0,14607.0,brown,3
J3599,I7581,14794.0,14795.0,green,1
J3599,I8253,16239.0,16241.0,brown,1
J3599,I13009,25849.0,25859.0,green,1
J790,I777,1196.0,1198.0,brown,2
J790,I1225,1929.0,1931.0,brown,1
J790,I1385,2189.0,2191.0,brown,1
J790,I8521,16821.0,16822.0,brown,1
J790,I12298,24508.0,24512.0,green,1
J3901,I1011,1584.0,1586.0,brown,2
J3901,I1075,1682.0,1683.0,brown,1
J3901,I6036,11445.0,11448.0,green,1
J3901,I6772,12982.0,12986.0,green,1
J3901,I13524,26721.0,26722.0,green,1
J3477,I265,383.0,385.0,brown,1
J3477,I8361,16487.0,16488.0,brown,1
J3477,I13674,26962.0,26963.0,green,1
J3477,I13738,27064.0,27069.0,green,1
J2579,I7076,13603.0,13604.0,green,1
J2579,I7108,13672.0,13674.0,green,2
J2579,I7236,13984.0,13988.0,green,1
J219,I121,155.0,160.0,brown,2
J219,I570,837.0,840.0,green,1
J219,I8426,16622.0,16623.0,green,1
J219,I8622,17069.0,17082.0,green,2
J3843,I3734,6670.0,6673.0,brown,2
J3843,I14999,29155.0,29160.0,green,2
J3265,I5846,11090.0,11093.0,brown,1
J3265,I12735,25328.0,25329.0,green,1
J3265,I12975,25782.0,25784.0,green,2
J992,I4047,7253.0,7263.0,green,1
J992,I5359,10032.0,10035.0,green,2
J992,I5839,11080.0,11082.0,green,2
J2170,I2945,5079.0,5082.0,green,1
J2170,I5217,9687.0,9692.0,green,1
J2170,I8609,17033.0,17041.0,green,2
J2170,I12025,24004.0,24006.0,green,2
J4745,I5889,11169.0,11170.0,green,1
J4745,I5953,11285.0,11288.0,brown,3
J4745,I6081,11532.0,11533.0,brown,1
J4745,I14305,28033.0,28039.0,green,1
J2473,I3250,5705.0,5706.0,brown,1
J2473,I3314,5813.0,5816.0,brown,1
J2473,I7027,13501.0,13506.0,green,2
J2473,I7251,14034.0,14036.0,green,1
J2473,I10875,21667.0,21669.0,green,1
J2339,I1198,1885.0,1886.0,brown,1
J2339,I11215,22387.0,22396.0,green,1
J2339,I12494,24886.0,24887.0,brown,1
J2339,I12622,25132.0,25133.0,brown,1
J2822,I4985,9213.0,9216.0,green,2
J2822,I5017,9282.0,9287.0,green,1
J2822,I5625,10586.0,10598.0,green,1
J3067,I6354,12088.0,12094.0,green,1
J3067,I6482,12408.0,12409.0,green,1
J3067,I6642,12706.0,12708.0,brown,1
J3067,I6706,12834.0,12836.0,brown,1
J3067,I11958,23866.0,23875.0,green,1
J3067,I12434,24770.0,24771.0,green,1
J4210,I12062,24085.0,24086.0,green,1
J4210,I12166,24280.0,24281.0,brown,1
J4210,I12254,24441.0,24442.0,green,1
J4210,I12650,25170.0,25174.0,green,1
J2827,I7780,15259.0,15264.0,green,2
J2827,I9268,18400.0,18401.0,green,1
J1443,I3479,6146.0,6149.0,green,2
J1443,I4407,7975.0,7983.0,green,1
J1443,I5767,10929.0,10931.0,green,1
J1443,I8767,17385.0,17387.0,green,2
J2792,I7736,15162.0,15164.0,brown,2
J2792,I7960,15627.0,15632.0,brown,1
J2792,I8889,17645.0,17648.0,green,2
J2792,I13369,26466.0,26467.0,green,1
J315,I150,204.0,208.0,green,3
J315,I182,253.0,254.0,green,1
J315,I1558,2490.0,2492.0,green,1
J3450,I15112,29358.0,29359.0,green,1
J3450,I15440,29844.0,29845.0,green,1
J3093,I5366,10047.0,10051.0,brown,1
J3093,I5750,10877.0,10882.0,brown,1
J3093,I12039,24038.0,24043.0,green,2
J3093,I12519,24929.0,24934.0,green,1
J3093,I12951,25728.0,25731.0,green,1
J1324,I3567,6329.0,6330.0,brown,1
J1324,I8176,16073.0,16076.0,green,1
J1324,I10615,21174.0,21176.0,brown,1
J1324,I12986,25810.0,25814.0,green,1
J1035,I3599,6394.0,6402.0,green,1
J1035,I5807,11013.0,11016.0,green,1
J1035,I9871,19617.0,19630.0,green,1
J1035,I10415,20755.0,20757.0,green,2
J4475,I1859,3043.0,3044.0,brown,1
J4475,I10403,20730.0,20731.0,brown,1
J4475,I11075,22072.0,22075.0,brown,1
J4475,I11555,23090.0,23093.0,brown,1
J4475,I12036,24035.0,24036.0,green,1
J4037,I5750,10877.0,10882.0,brown,2
J4037,I5943,11262.0,11264.0,green,1
J4037,I8855,17591.0,17592.0,green,1
J2278,I4441,8062.0,8065.0,brown,1
J2278,I4569,8308.0,8310.0,brown,1
J2278,I7770,15229.0,15230.0,green,1
J3937,I10780,21483.0,21489.0,green,1
J3937,I11100,22118.0,22120.0,green,2
J3937,I11388,22741.0,22742.0,green,1
J3937,I13084,25982.0,25985.0,green,1
J3937,I13484,26661.0,26663.0,green,1
J881,I399,576.0,580.0,green,1
J881,I943,1470.0,1471.0,green,1
J881,I975,1522.0,1523.0,green,1
J1856,I5875,11146.0,11149.0,green,3
J1856,I6995,13444.0,13449.0,green,2
J3526,I4525,8225.0,8226.0,brown,1
J3526,I4653,8494.0,8500.0,brown,1
J3526,I7085,13621.0,13626.0,brown,1
J3526,I8270,16302.0,16303.0,green,1
J3526,I14058,27614.0,27615.0,green,1
J2505,I2330,3923.0,3924.0,brown,1
J2505,I3803,6803.0,6805.0,green,2
J2505,I3867,6913.0,6916.0,green,1
J2505,I5499,10339.0,10343.0,green,1
J2505,I5627,10599.0,10601.0,brown,1
J1605,I4570,8310.0,8313.0,brown,3
J1605,I7162,13803.0,13805.0,brown,1
J1605,I8282,16332.0,16334.0,brown,1
J11,I84,104.0,106.0,green,1
J11,I134,180.0,181.0,green,1
J11,I166,228.0,231.0,green,2
J11,I198,279.0,282.0,green,1
J4096,I9792,19439.0,19442.0,green,1
J4096,I9919,19726.0,19727.0,brown,1
J4096,I9951,19806.0,19808.0,brown,1
J4096,I12480,24854.0,24856.0,green,1
J833,I2788,4755.0,4758.0,green,1
J833,I10468,20853.0,20856.0,green,1
J833,I12046,24054.0,24056.0,green,1
J833,I12204,24345.0,24347.0,green,1
J833,I12268,24462.0,24464.0,green,2
J3422,I3172,5548.0,5550.0,brown,2
J3422,I9573,19023.0,19029.0,green,1
J3422,I11909,23768.0,23771.0,green,1
J3422,I13765,27103.0,27105.0,green,2
J1893,I1557,2485.0,2490.0,green,2
J1893,I2005,3306.0,3307.0,green,1
J1893,I2325,3915.0,3917.0,green,2
J1893,I2421,4073.0,4080.0,green,1
J2797,I5750,10877.0,10882.0,brown,1
J2797,I8470,16716.0,16717.0,brown,1
J2797,I8823,17515.0,17523.0,green,3
J2797,I14615,28546.0,28547.0,green,1
J1079,I3194,5601.0,5603.0,green,1
J1079,I3258,5718.0,5723.0,green,2
J1079,I6394,12184.0,12194.0,green,2
J547,I1096,1715.0,1716.0,brown,1
J547,I1416,2235.0,2236.0,brown,1
J547,I6888,13229.0,13230.0,brown,1
J547,I13417,26550.0,26551.0,green,1
J547,I14809,28863.0,28864.0,green,1
J1435,I158,215.0,217.0,brown,1
J1435,I2079,3431.0,3437.0,green,1
J1435,I5855,11111.0,11113.0,green,1
J1435,I9071,18021.0,18027.0,green,1
J3769,I3502,6205.0,6211.0,brown,3
J3769,I4494,8163.0,8168.0,brown,1
J3769,I4590,8353.0,8355.0,brown,1
J3769,I14094,27688.0,27690.0,brown,1
J3376,I6063,11504.0,11506.0,green,1
J3376,I9871,19617.0,19630.0,green,1
J3376,I10870,21660.0,21662.0,brown,1
J669,I598,882.0,885.0,brown,1
J669,I14839,28909.0,28912.0,green,1
J2609,I942,1468.0,1470.0,green,2
J2609,I2478,4184.0,4185.0,green,1
J2609,I8206,16137.0,16144.0,green,1
J1933,I3696,6599.0,6601.0,green,2
J1933,I5680,10711.0,10716.0,brown,1
J964,I994,1553.0,1555.0,green,2
J964,I3638,6479.0,6481.0,green,2
J1964,I6805,13043.0,13045.0,brown,1
J1964,I12534,24970.0,24971.0,green,1
J1964,I12982,25794.0,25797.0,green,2
J1964,I14006,27527.0,27528.0,green,1
J1964,I14454,28273.0,28277.0,green,1
J604,I1232,1947.0,1949.0,brown,2
J604,I3633,6471.0,6472.0,green,1
J604,I4433,8037.0,8038.0,green,1
J604,I8177,16076.0,16078.0,green,1
J1868,I3203,5616.0,5619.0,brown,1
J1868,I3235,5675.0,5676.0,brown,1
J1868,I5060,9380.0,9382.0,green,1
J2679,I2965,5122.0,5131.0,green,5
J3850,I10679,21304.0,21305.0,green,1
J3850,I10743,21408.0,21411.0,brown,3
J3850,I11895,23735.0,23741.0,green,1
J3850,I13591,26831.0,26835.0,green,1
J4981,I5521,10394.0,10398.0,brown,1
J4981,I13426,26565.0,26566.0,green,1
J4981,I14066,27634.0,27641.0,green,1
J4981,I15442,29846.0,29847.0,green,1
J3017,I6211,11815.0,11818.0,brown,1
J3017,I6371,12134.0,12137.0,brown,2
J3017,I6404,12218.0,12221.0,green,2
J3017,I13412,26541.0,26545.0,green,1
J4545,I12174,24292.0,24295.0,green,1
J4545,I14286,28008.0,28009.0,green,1
J1237,I2552,4321.0,4322.0,brown,1
J1237,I2553,4322.0,4324.0,green,2
J1237,I2649,4494.0,4495.0,green,1
J1237,I3369,5903.0,5905.0,green,1
J1237,I5082,9419.0,9420.0,brown,1
J4324,I11732,23429.0,23432.0,green,2
J4324,I12019,23993.0,23994.0,brown,1
J4324,I15060,29263.0,29265.0,green,2
J1464,I276,397.0,398.0,green,1
J1464,I308,443.0,444.0,green,1
J1464,I372,535.0,537.0,green,1
J1464,I404,588.0,589.0,green,1
J3564,I9825,19530.0,19537.0,green,1
J3564,I11489,22954.0,22957.0,green,2
J3353,I4933,9107.0,9108.0,brown,1
J3353,I4934,9108.0,9109.0,green,1
J3353,I5190,9633.0,9634.0,brown,1
J3353,I6214,11822.0,11826.0,green,1
J3353,I11766,23492.0,23499.0,green,1
J3353,I11814,23581.0,23583.0,green,1
J2776,I6141,11650.0,11652.0,green,2
J2776,I6237,11867.0,11871.0,green,2
J2776,I7133,13735.0,13740.0,green,1
J2776,I10617,21178.0,21179.0,green,1
J3112,I4072,7310.0,7312.0,green,2
J3112,I4104,7385.0,7388.0,green,1
J3112,I6024,11416.0,11419.0,green,1
J3112,I7144,13757.0,13759.0,green,1
J534,I11,14.0,15.0,green,1
J534,I7403,14418.0,14420.0,green,2
J534,I7515,14673.0,14674.0,green,1
J534,I8275,16314.0,16315.0,green,1
J4930,I13431,26575.0,26577.0,green,1
J4930,I14071,27650.0,27654.0,green,1
J4930,I14999,29155.0,29160.0,green,1
J358,I754,1163.0,1166.0,green,1
J358,I946,1478.0,1479.0,green,1
J358,I1234,1951.0,1952.0,green,1
J1849,I5224,9717.0,9718.0,green,1
J1849,I5256,9791.0,9794.0,brown,2
J1849,I5288,9852.0,9855.0,green,1
J1849,I5352,10015.0,10019.0,brown,1
J3202,I12934,25687.0,25688.0,green,1
J3202,I13046,25920.0,25927.0,green,1
J3202,I13846,27263.0,27270.0,green,2
J3202,I13912,27381.0,27384.0,green,2
J4470,I4670,8524.0,8527.0,brown,1
J4470,I4766,8715.0,8716.0,brown,1
J4470,I13647,26923.0,26928.0,green,1
J387,I1378,2179.0,2181.0,green,2
J387,I1474,2336.0,2342.0,green,3
J4549,I14597,28521.0,28524.0,green,1
J4549,I15148,29410.0,29412.0,green,2
J1572,I2981,5162.0,5165.0,green,1
J1572,I4677,8535.0,8547.0,green,1
J1572,I8741,17322.0,17325.0,green,2
J1572,I9349,18603.0,18605.0,green,1
J2855,I2791,4760.0,4765.0,green,1
J2855,I4391,7943.0,7947.0,green,1
J2855,I8039,15761.0,15765.0,green,1
J2855,I9823,19526.0,19529.0,green,1
J2855,I10015,19940.0,19947.0,green,1
J4922,I10098,20106.0,20107.0,green,1
J4922,I10322,20542.0,20543.0,brown,1
J4922,I13298,26336.0,26337.0,green,1
J4922,I14962,29098.0,29101.0,green,3
J3006,I3041,5283.0,5284.0,brown,1
J3006,I3169,5543.0,5545.0,brown,1
J3006,I3425,6026.0,6029.0,brown,1
J3006,I5186,9623.0,9626.0,green,1
J3006,I12066,24093.0,24099.0,green,1
J161,I2319,3905.0,3908.0,green,1
J161,I3311,5805.0,5810.0,green,2
J1044,I1432,2268.0,2271.0,green,1
J1044,I2328,3921.0,3922.0,green,1
J1044,I2904,4990.0,4992.0,green,1
J1044,I6392,12179.0,12180.0,brown,1
J1044,I8168,16060.0,16062.0,brown,1
J404,I539,796.0,799.0,green,1
J404,I7361,14323.0,14327.0,green,4
J1063,I815,1254.0,1258.0,green,1
J1063,I1455,2309.0,2311.0,green,1
J1063,I2799,4773.0,4775.0,green,1
J1063,I3599,6394.0,6402.0,green,2
J1063,I9087,18051.0,18052.0,green,1
J464,I2585,4380.0,4389.0,green,2
J464,I4889,8999.0,9002.0,green,1
J464,I5625,10586.0,10598.0,green,2
J1300,I1712,2784.0,2792.0,green,2
J1300,I2032,3350.0,3352.0,green,1
J1300,I3408,5981.0,5992.0,green,1
J3657,I8552,16902.0,16904.0,brown,2
J3657,I8776,17399.0,17401.0,brown,2
J3657,I8840,17551.0,17552.0,brown,1
J3657,I8936,17747.0,17748.0,brown,1
J2192,I5653,10651.0,10653.0,brown,2
J2192,I13302,26341.0,26345.0,green,1
J2192,I13822,27215.0,27219.0,green,2
J2003,I996,1559.0,1561.0,green,2
J2003,I1476,2343.0,2345.0,green,2
J425,I984,1535.0,1539.0,green,4
J1999,I5702,10772.0,10777.0,green,1
J1999,I6021,11409.0,11412.0,brown,1
J1999,I6470,12378.0,12379.0,green,1
J4655,I9610,19099.0,19103.0,green,4
J4655,I10378,20678.0,20679.0,green,1
J4655,I14314,28049.0,28050.0,green,1
J2991,I2352,3955.0,3956.0,brown,1
J2991,I6353,12086.0,12088.0,green,1
J2991,I6673,12774.0,12776.0,green,1
J2991,I9905,19697.0,19703.0,green,1
J2991,I11249,22469.0,22476.0,green,1
J2991,I12433,24767.0,24770.0,green,1
J4801,I12469,24838.0,24840.0,brown,1
J4801,I12501,24894.0,24896.0,brown,1
J4801,I12853,25540.0,25542.0,brown,1
J4801,I13206,26186.0,26188.0,green,1
J4801,I14678,28645.0,28649.0,green,1
J4801,I15190,29474.0,29476.0,green,1
J132,I1992,3279.0,3282.0,green,1
J132,I9512,18914.0,18915.0,green,1
J132,I10536,21020.0,21022.0,green,1
J132,I11184,22305.0,22307.0,green,1
J2121,I2232,3749.0,3752.0,brown,1
J2121,I4185,7563.0,7564.0,green,1
J2121,I7513,14664.0,14668.0,green,1
J2121,I9465,18817.0,18823.0,green,1
J3208,I3352,5868.0,5869.0,brown,1
J3208,I7897,15497.0,15499.0,green,1
J3208,I9945,19788.0,19795.0,green,1
J4137,I10850,21617.0,21619.0,brown,2
J4137,I12515,24921.0,24926.0,green,2
J4137,I13859,27289.0,27290.0,green,1
J4137,I14083,27671.0,27672.0,green,1
J2747,I3862,6907.0,6909.0,green,2
J2747,I3958,7088.0,7091.0,green,2
J2747,I3990,7141.0,7143.0,green,1
J2747,I4406,7974.0,7975.0,green,1
J812,I952,1484.0,1486.0,brown,1
J812,I1400,2212.0,2215.0,brown,1
J812,I8760,17370.0,17371.0,brown,1
J812,I10457,20833.0,20837.0,green,1
J812,I12251,24433.0,24437.0,green,2
J2382,I6348,12077.0,12081.0,brown,1
J2382,I6381,12153.0,12154.0,green,1
J2382,I11145,22209.0,22210.0,green,1
J2459,I6493,12429.0,12430.0,green,1
J2459,I6525,12497.0,12498.0,green,1
J2459,I6941,13329.0,13337.0,green,1
J2459,I10381,20683.0,20693.0,green,1
J4698,I462,678.0,680.0,brown,2
J4698,I1294,2041.0,2043.0,brown,2
J4698,I1326,2089.0,2091.0,brown,2
J4582,I9379,18661.0,18662.0,brown,1
J4582,I9475,18842.0,18847.0,brown,3
J1494,I3177,5555.0,5556.0,brown,1
J1494,I3817,6831.0,6835.0,brown,1
J3871,I8800,17461.0,17464.0,green,1
J3871,I11744,23454.0,23458.0,green,1
J3871,I11776,23512.0,23514.0,green,1
J3871,I11816,23584.0,23587.0,green,1
J3871,I11944,23842.0,23847.0,green,2
J4052,I8278,16323.0,16329.0,green,5
J9,I183,254.0,256.0,brown,2
J9,I375,540.0,542.0,brown,2
J9,I2263,3803.0,3809.0,brown,1
J9,I14072,27654.0,27655.0,green,1
J1239,I1745,2841.0,2842.0,brown,1
J1239,I2546,4312.0,4315.0,green,1
J1239,I6514,12463.0,12466.0,green,1
J1239,I7382,14371.0,14376.0,green,3
J1705,I3258,5718.0,5723.0,green,1
J1705,I6394,12184.0,12194.0,green,1
J1705,I7226,13957.0,13958.0,green,1
J1705,I9178,18214.0,18217.0,green,1
J1705,I9978,19869.0,19870.0,green,1
J1705,I11142,22202.0,22203.0,green,1
J1026,I8561,16928.0,16931.0,green,1
J1026,I11153,22223.0,22225.0,green,2
J1026,I11825,23603.0,23606.0,green,1
J4,I42,53.0,56.0,green,2
J4,I105,136.0,137.0,brown,1
J4,I170,235.0,237.0,green,2
J4,I810,1247.0,1249.0,green,1
J2745,I4061,7291.0,7292.0,brown,1
J2745,I4189,7568.0,7570.0,brown,2
J2745,I7230,13962.0,13969.0,green,2
J2745,I9885,19652.0,19655.0,brown,1
J4509,I5885,11163.0,11166.0,brown,1
J4509,I11454,22874.0,22878.0,green,1
J4009,I3115,5424.0,5429.0,green,2
J4009,I12379,24654.0,24656.0,green,1
J4009,I12907,25639.0,25641.0,green,1
J4009,I12971,25773.0,25774.0,green,1
J3328,I7514,14668.0,14673.0,green,2
J3328,I8538,16860.0,16864.0,green,2
J3328,I11674,23312.0,23313.0,green,1
J3811,I8089,15885.0,15887.0,green,2
J3811,I8153,16024.0,16025.0,green,1
J3811,I8825,17525.0,17528.0,green,1
J1236,I2750,4679.0,4682.0,brown,1
J1236,I7263,14059.0,14062.0,green,1
J1236,I8927,17717.0,17727.0,green,1
J1236,I12607,25102.0,25106.0,green,1
J109,I323,464.0,465.0,green,1
J109,I7751,15188.0,15194.0,green,2
J109,I7763,15214.0,15220.0,green,1
J3274,I2520,4260.0,4264.0,green,4
J3274,I3128,5449.0,5458.0,green,1
J3274,I10742,21402.0,21408.0,green,1
J4536,I13735,27059.0,27060.0,brown,1
J4536,I13927,27409.0,27410.0,brown,1
J4536,I14055,27605.0,27609.0,brown,4
J801,I2064,3408.0,3410.0,brown,2
J801,I2545,4310.0,4312.0,green,2
J801,I3089,5381.0,5384.0,green,1
J801,I4017,7185.0,7187.0,green,1
J3035,I8587,16985.0,16987.0,green,1
J3035,I8779,17409.0,17413.0,green,1
J3035,I9931,19750.0,19757.0,green,1
J242,I186,258.0,260.0,brown,1
J242,I474,692.0,693.0,brown,1
J242,I10074,20072.0,20073.0,brown,1
J242,I15323,29668.0,29672.0,green,2
J332,I9932,19757.0,19761.0,green,1
J332,I10668,21285.0,21287.0,green,1
J332,I11180,22291.0,22300.0,green,2
J332,I12076,24115.0,24121.0,green,1
J475,I774,1193.0,1194.0,brown,1
J475,I2342,3941.0,3944.0,brown,1
J475,I4775,8738.0,8740.0,green,1
J475,I11015,21934.0,21935.0,green,1
J475,I11431,22818.0,22820.0,green,2
J2521,I6767,12968.0,12970.0,brown,1
J2521,I11216,22396.0,22399.0,green,1
J2521,I11696,23356.0,23361.0,green,1
J2521,I13872,27310.0,27312.0,green,2
J2521,I14352,28100.0,28101.0,green,1
J707,I712,1079.0,1081.0,green,2
J707,I1576,2521.0,2525.0,green,2
J707,I2344,3945.0,3948.0,green,1
J707,I2504,4230.0,4235.0,green,1
J2517,I7312,14205.0,14213.0,green,1
J2517,I10544,21039.0,21040.0,green,1
J2517,I12240,24411.0,24417.0,green,4
J4419,I12479,24852.0,24854.0,green,1
J4419,I14847,28922.0,28925.0,green,1
J4419,I15468,29890.0,29891.0,green,1
J2038,I5970,11310.0,11314.0,brown,1
J2038,I11603,23193.0,23195.0,green,1
J2038,I12435,24771.0,24773.0,green,2
J2038,I12691,25251.0,25256.0,green,1
J2038,I14355,28107.0,28108.0,green,1
J672,I349,502.0,504.0,brown,1
J672,I926,1436.0,1438.0,green,1
J672,I1534,2434.0,2435.0,green,1
J672,I2142,3565.0,3569.0,green,1
J672,I2494,4211.0,4216.0,green,1
J4546,I11204,22347.0,22349.0,brown,1
J4546,I11909,23768.0,23771.0,green,1
J4546,I12969,25766.0,25772.0,green,2
J4546,I13229,26222.0,26223.0,green,1
J4546,I13545,26753.0,26755.0,green,1
J1703,I2658,4509.0,4514.0,green,2
J1703,I3266,5732.0,5735.0,green,1
J1703,I3362,5885.0,5886.0,green,1
J1703,I4578,8331.0,8336.0,green,1
J1703,I5858,11117.0,11122.0,green,1
J2525,I2921,5023.0,5026.0,brown,2
J2525,I12954,25735.0,25739.0,green,1
J2725,I6904,13252.0,13254.0,green,2
J2725,I6968,13389.0,13391.0,green,2
J2725,I7032,13519.0,13521.0,green,2
J3391,I453,663.0,665.0,green,1
J3391,I5317,9939.0,9940.0,green,1
J4194,I12489,24872.0,24879.0,green,3
J4194,I15049,29237.0,29243.0,green,3
J2350,I4704,8601.0,8606.0,green,5
J2350,I4736,8659.0,8661.0,green,1
J2883,I6219,11831.0,11833.0,green,2
J2883,I6315,12013.0,12015.0,green,2
J2883,I9995,19900.0,19902.0,green,2
J1334,I4102,7383.0,7384.0,brown,1
J1334,I4678,8547.0,8549.0,brown,1
J1334,I14215,27888.0,27895.0,green,1
J1334,I14535,28415.0,28417.0,green,1
J4703,I7462,14547.0,14551.0,green,1
J4703,I14502,28363.0,28364.0,green,1
J3219,I7908,15522.0,15523.0,brown,1
J3219,I8516,16811.0,16814.0,brown,1
J3219,I8772,17392.0,17393.0,brown,1
J3219,I9061,17997.0,18001.0,green,1
J3219,I12207,24350.0,24352.0,green,2
J2717,I5256,9791.0,9794.0,brown,1
J3737,I2290,3863.0,3864.0,brown,1
J3737,I3122,5439.0,5440.0,brown,1
J3737,I3314,5813.0,5816.0,brown,1
J3737,I6802,13037.0,13040.0,brown,1
J3737,I11859,23681.0,23683.0,green,2
J119,I770,1186.0,1190.0,brown,1
J119,I898,1388.0,1390.0,brown,1
J119,I4835,8873.0,8875.0,green,1
J119,I11235,22446.0,22448.0,green,2
J119,I11427,22814.0,22815.0,green,1
J3140,I5848,11096.0,11097.0,green,1
J3140,I5944,11264.0,11267.0,green,1
J3140,I6360,12105.0,12108.0,green,3
J3140,I6488,12419.0,12422.0,green,1
J2830,I8515,16809.0,16811.0,brown,1
J2830,I8580,16969.0,16971.0,green,1
J2830,I9507,18907.0,18908.0,brown,1
J2830,I9731,19330.0,19331.0,brown,1
J2830,I10019,19955.0,19956.0,brown,1
J2830,I10275,20446.0,20447.0,brown,1
J91,I3211,5628.0,5637.0,green,1
J91,I6507,12451.0,12452.0,green,1
J91,I9235,18316.0,18319.0,green,1
J4023,I11486,22947.0,22950.0,green,2
J868,I2227,3740.0,3741.0,green,1
J868,I2451,4125.0,4127.0,green,1
J868,I2803,4789.0,4790.0,green,1
J2042,I5344,9987.0,9994.0,green,2
J2042,I11432,22820.0,22822.0,green,1
J614,I2714,4608.0,4612.0,green,1
J614,I3098,5395.0,5398.0,green,1
J614,I3578,6347.0,6348.0,green,1
J614,I5850,11098.0,11102.0,green,1
J614,I7382,14371.0,14376.0,green,1
J1138,I3798,6792.0,6793.0,brown,1
J1138,I4950,9140.0,9141.0,brown,1
J1138,I7670,15001.0,15002.0,brown,1
J1138,I10806,21542.0,21544.0,brown,1
J1138,I12759,25372.0,25373.0,green,1
J2136,I2712,4605.0,4606.0,green,1
J2136,I2808,4806.0,4808.0,green,1
J2136,I3096,5391.0,5394.0,brown,1
J2136,I7448,14512.0,14518.0,green,1
J2136,I7608,14850.0,14856.0,green,1
J2136,I9432,18763.0,18765.0,green,1
J2364,I1136,1788.0,1789.0,brown,1
J2364,I1872,3062.0,3063.0,brown,1
J2364,I5073,9401.0,9405.0,green,2
J2364,I9553,18981.0,18982.0,green,1
J2364,I9617,19120.0,19124.0,green,1
J2053,I1780,2916.0,2921.0,green,1
J2053,I5492,10325.0,10329.0,green,2
J2053,I11534,23039.0,23041.0,green,2
J71,I187,260.0,262.0,brown,1
J71,I379,546.0,549.0,green,1
J71,I1979,3258.0,3259.0,green,1
J71,I2075,3424.0,3426.0,green,1
J4339,I10362,20632.0,20635.0,green,2
J4339,I10490,20899.0,20900.0,green,1
J4339,I12762,25375.0,25377.0,green,1
J2214,I3000,5207.0,5216.0,green,1
J2214,I3095,5390.0,5391.0,brown,1
J2214,I4599,8368.0,8370.0,brown,1
J2214,I4663,8512.0,8514.0,brown,1
J2214,I7192,13871.0,13879.0,green,1
J2214,I10440,20796.0,20798.0,green,1
J2058,I5226,9725.0,9728.0,green,1
J2058,I5386,10089.0,10092.0,green,1
J2058,I5418,10176.0,10180.0,green,1
J2058,I5450,10236.0,10241.0,green,1
J2058,I6442,12309.0,12314.0,green,1
J2058,I7049,13558.0,13559.0,brown,1
J2907,I2398,4037.0,4040.0,green,1
J2907,I2877,4947.0,4948.0,brown,1
J2907,I10662,21275.0,21276.0,green,1
J2907,I11128,22178.0,22180.0,green,1
J3664,I8718,17281.0,17283.0,brown,1
J3664,I9134,18134.0,18140.0,brown,1
J3664,I9359,18620.0,18623.0,green,1
J3664,I12079,24127.0,24131.0,green,1
J3664,I14703,28688.0,28695.0,green,1
J4378,I10527,20988.0,21002.0,green,4
J4378,I10750,21422.0,21424.0,brown,2
J2496,I3869,6919.0,6922.0,green,1
J2496,I5437,10208.0,10215.0,green,1
J2496,I10397,20720.0,20724.0,green,1
J2496,I10525,20986.0,20987.0,green,1
J2496,I11069,22061.0,22063.0,green,1
J2496,I11337,22631.0,22633.0,green,1
J763,I3817,6831.0,6835.0,brown,1
J763,I7402,14411.0,14418.0,green,1
J763,I7658,14976.0,14981.0,green,1
J763,I10034,19983.0,19985.0,green,1
J2588,I1976,3253.0,3254.0,brown,1
J2588,I13913,27384.0,27385.0,green,1
J2563,I4074,7313.0,7321.0,green,3
J2563,I4106,7389.0,7390.0,green,1
J2563,I4810,8809.0,8813.0,green,1
J1427,I3421,6017.0,6020.0,green,3
J1427,I3645,6491.0,6492.0,green,1
J1427,I3773,6751.0,6754.0,green,2
J1783,I4392,7947.0,7952.0,green,2
J1783,I4456,8097.0,8100.0,green,3
J1783,I5396,10113.0,10121.0,green,1
J2769,I5206,9669.0,9671.0,green,2
J2769,I5494,10330.0,10333.0,green,3
J2769,I5814,11028.0,11035.0,green,1
J2534,I1607,2580.0,2582.0,brown,2
J2534,I1767,2891.0,2892.0,brown,1
J2937,I6164,11705.0,11707.0,green,2
J2937,I8660,17157.0,17163.0,green,2
J2937,I10945,21802.0,21806.0,green,1
J1041,I1137,1789.0,1790.0,green,1
J1041,I1169,1835.0,1837.0,green,1
J1041,I1201,1890.0,1892.0,green,1
J1041,I1585,2541.0,2542.0,green,1
J1041,I2161,3602.0,3605.0,green,1
J1041,I3413,6001.0,6005.0,green,1
J1503,I2573,4357.0,4360.0,green,1
J1503,I3694,6592.0,6598.0,green,1
J1503,I4254,7690.0,7694.0,green,2
J2029,I3180,5563.0,5572.0,green,2
J2029,I4044,7241.0,7247.0,green,1
J3690,I281,405.0,407.0,brown,2
J3690,I345,496.0,497.0,brown,1
J3690,I4090,7354.0,7360.0,green,1
J3690,I6746,12922.0,12927.0,green,1
J1121,I4114,7402.0,7407.0,green,2
J1121,I4210,7606.0,7608.0,green,1
J1121,I4626,8421.0,8433.0,green,2
J2984,I2992,5192.0,5195.0,green,1
J2984,I9472,18832.0,18839.0,green,5
J3311,I664,998.0,1001.0,brown,3
J3311,I7417,14452.0,14457.0,green,1
J3311,I11257,22485.0,22488.0,green,1
J3311,I12569,25025.0,25027.0,green,1
J1971,I4992,9224.0,9225.0,brown,1
J1971,I5345,9994.0,9999.0,green,2
J1971,I5697,10755.0,10759.0,green,1
J4102,I10781,21489.0,21490.0,green,1
J4102,I10813,21553.0,21554.0,brown,1
J4102,I11229,22432.0,22433.0,green,1
J4102,I11389,22742.0,22744.0,green,2
J1740,I2419,4071.0,4072.0,green,1
J1740,I3059,5328.0,5331.0,green,1
J1740,I3475,6125.0,6132.0,green,2
J1740,I3731,6664.0,6667.0,green,1
J1740,I4899,9019.0,9022.0,green,1
J912,I5236,9742.0,9746.0,green,2
J912,I10515,20966.0,20967.0,brown,1
J912,I10547,21043.0,21045.0,brown,1
J912,I12148,24251.0,24253.0,green,2
J3236,I3983,7129.0,7133.0,green,4
J3236,I6031,11432.0,11434.0,green,1
J3236,I6991,13438.0,13440.0,brown,1
J4774,I3518,6245.0,6247.0,brown,1
J4774,I4158,7512.0,7514.0,brown,1
J4774,I4382,7923.0,7924.0,brown,1
J4774,I6878,13214.0,13215.0,brown,1
J4774,I8638,17111.0,17113.0,brown,1
J4774,I12255,24442.0,24443.0,green,1
J3356,I5587,10514.0,10516.0,green,2
J3356,I8531,16837.0,16845.0,green,2
J3356,I8723,17292.0,17302.0,green,2
J1832,I6538,12519.0,12521.0,brown,1
J1832,I9962,19830.0,19832.0,brown,1
J1832,I12235,24397.0,24404.0,green,1
J1832,I12267,24458.0,24462.0,green,1
J1832,I14475,28315.0,28318.0,green,2
J2411,I765,1177.0,1178.0,green,1
J2411,I1469,2329.0,2331.0,green,1
J2411,I3869,6919.0,6922.0,green,1
J2411,I8557,16916.0,16918.0,green,1
J2411,I8669,17183.0,17185.0,green,1
J2411,I9009,17881.0,17883.0,green,1
J4100,I5216,9685.0,9687.0,brown,1
J4100,I6048,11475.0,11476.0,brown,1
J4100,I6144,11655.0,11657.0,brown,2
J4100,I9665,19217.0,19219.0,green,2
J3470,I2855,4896.0,4897.0,brown,1
J3470,I2919,5019.0,5022.0,brown,1
J3470,I12496,24888.0,24890.0,green,2
J3122,I5999,11367.0,11368.0,brown,1
J3122,I6480,12402.0,12407.0,green,1
J3122,I7951,15609.0,15611.0,brown,1
J3122,I12056,24073.0,24074.0,green,1
J3122,I12188,24317.0,24319.0,green,2
J2137,I1899,3107.0,3109.0,brown,1
J2137,I10284,20467.0,20469.0,green,1
J2137,I10476,20868.0,20873.0,green,1
J2137,I12108,24175.0,24179.0,green,1
J3498,I8864,17606.0,17607.0,green,1
J3498,I8896,17656.0,17657.0,green,1
J3498,I8993,17848.0,17850.0,brown,1
J3498,I11584,23151.0,23154.0,green,1
J1710,I4389,7936.0,7942.0,green,1
J1710,I7492,14619.0,14621.0,brown,2
J1710,I9053,17976.0,17982.0,green,1
J1710,I9061,17997.0,18001.0,green,1
J3755,I13776,27116.0,27120.0,green,1
J3755,I14991,29138.0,29140.0,brown,1
J3755,I15024,29200.0,29202.0,green,1
J3755,I15104,29339.0,29341.0,green,1
J664,I2262,3800.0,3803.0,green,2
J664,I2294,3869.0,3873.0,green,1
J664,I2646,4490.0,4492.0,green,1
J664,I2966,5131.0,5136.0,green,1
J664,I3766,6738.0,6741.0,green,1
J2950,I8033,15745.0,15750.0,green,1
J100,I4545,8269.0,8274.0,brown,1
J100,I11554,23088.0,23090.0,green,2
J1343,I4083,7341.0,7342.0,green,1
J1343,I4115,7407.0,7408.0,green,1
J1343,I4243,7671.0,7672.0,green,1
J1343,I4371,7908.0,7909.0,green,1
J2465,I2934,5053.0,5058.0,green,1
J2465,I4182,7556.0,7561.0,green,4
J95,I14038,27574.0,27576.0,green,1
J95,I14438,28243.0,28248.0,green,2
J95,I14486,28335.0,28337.0,green,1
J95,I14998,29152.0,29155.0,green,1
J95,I15030,29207.0,29208.0,green,1
J2100,I5982,11332.0,11333.0,brown,1
J2100,I6078,11529.0,11530.0,brown,1
J2100,I6302,11987.0,11988.0,brown,1
J2100,I6334,12045.0,12046.0,brown,1
J2100,I7358,14317.0,14318.0,brown,1
J2100,I12351,24611.0,24612.0,green,1
J1907,I3461,6093.0,6101.0,green,2
J1907,I3589,6376.0,6379.0,green,2
J1907,I3717,6639.0,6644.0,green,1
J1907,I6405,12221.0,12227.0,green,1
J3157,I9252,18367.0,18372.0,green,1
J3157,I11172,22273.0,22275.0,green,1
J3157,I11396,22751.0,22754.0,green,2
J1515,I4653,8494.0,8500.0,brown,2
J1515,I10542,21031.0,21033.0,green,1
J1515,I12398,24699.0,24705.0,green,1
J1515,I13390,26497.0,26503.0,green,2
J419,I1514,2409.0,2412.0,green,3
J419,I1546,2456.0,2458.0,green,1
J419,I1706,2770.0,2775.0,green,2
J4273,I10946,21806.0,21808.0,green,1
J4273,I11873,23703.0,23704.0,brown,1
J4273,I12065,24090.0,24093.0,brown,1
J2128,I5585,10509.0,10510.0,brown,1
J2128,I6193,11772.0,11774.0,brown,1
J2128,I12178,24300.0,24301.0,green,1
J2128,I12306,24523.0,24528.0,brown,1
J458,I169,233.0,235.0,green,1
J458,I3049,5307.0,5311.0,green,1
J477,I1345,2120.0,2121.0,green,1
J477,I1761,2871.0,2874.0,green,1
J477,I5657,10659.0,10668.0,green,3
J2478,I6687,12800.0,12802.0,green,1
J2478,I7038,13535.0,13538.0,brown,1
J2478,I7103,13664.0,13665.0,green,1
J2478,I9177,18209.0,18214.0,green,1
J3681,I7727,15133.0,15146.0,green,4
J3681,I7791,15280.0,15281.0,green,1
J3681,I11711,23391.0,23392.0,green,1
J1995,I3741,6685.0,6688.0,brown,1
J1995,I11678,23316.0,23319.0,green,1
J1995,I12766,25381.0,25384.0,green,1
J1995,I12862,25555.0,25559.0,green,1
J1995,I14078,27664.0,27667.0,green,1
J1995,I14142,27762.0,27763.0,green,1
J1347,I1962,3232.0,3234.0,brown,1
J1347,I7627,14899.0,14902.0,green,1
J1347,I11115,22152.0,22154.0,green,2
J1917,I2319,3905.0,3908.0,green,1
J1917,I9375,18647.0,18648.0,green,1
J4132,I11409,22773.0,22777.0,green,1
J4132,I11473,22917.0,22922.0,green,2
J4132,I11568,23115.0,23118.0,brown,1
J4132,I11601,23189.0,23192.0,green,1
J4132,I13009,25849.0,25859.0,green,1
J1346,I2985,5174.0,5177.0,green,1
J1346,I3145,5490.0,5493.0,green,2
J1346,I3272,5744.0,5750.0,brown,1
J1346,I8777,17401.0,17407.0,green,1
J459,I1424,2247.0,2250.0,green,3
J459,I1680,2712.0,2717.0,brown,1
J459,I7376,14354.0,14357.0,green,1
J459,I9432,18763.0,18765.0,green,1
J1246,I3269,5739.0,5741.0,brown,1
J1246,I6149,11670.0,11675.0,brown,1
J1246,I12006,23965.0,23971.0,green,1
J2428,I4303,7788.0,7789.0,brown,1
J2428,I4847,8915.0,8916.0,brown,1
J2428,I11056,22027.0,22034.0,green,1
J2428,I11824,23600.0,23603.0,green,2
J2428,I12912,25648.0,25649.0,green,1
J2065,I1130,1769.0,1771.0,green,2
J2065,I1194,1880.0,1882.0,green,2
J2065,I3466,6106.0,6108.0,green,1
J2065,I3594,6384.0,6386.0,green,1
J4160,I6082,11533.0,11536.0,green,2
J4160,I7234,13975.0,13980.0,green,1
J4160,I9474,18841.0,18842.0,green,1
J4160,I11958,23866.0,23875.0,green,1
J4160,I12639,25158.0,25159.0,green,1
J1965,I5014,9270.0,9279.0,green,6
J1970,I3512,6232.0,6234.0,green,2
J1970,I3576,6344.0,6346.0,green,2
J1970,I3896,6959.0,6962.0,green,1
J1970,I4024,7205.0,7206.0,green,1
J1090,I8481,16731.0,16734.0,brown,1
J1090,I14754,28771.0,28777.0,green,2
J1090,I15226,29525.0,29528.0,green,1
J3756,I10449,20812.0,20814.0,green,1
J3756,I10512,20959.0,20963.0,brown,2
J3756,I11569,23118.0,23120.0,green,1
J3756,I12763,25377.0,25378.0,green,1
J3756,I12825,25495.0,25496.0,green,1
J1092,I1668,2687.0,2692.0,green,1
J1092,I1700,2748.0,2752.0,green,2
J1092,I1764,2882.0,2885.0,green,1
J2616,I4959,9160.0,9161.0,brown,1
J2616,I5279,9832.0,9834.0,brown,1
J2616,I5632,10605.0,10607.0,green,1
J2616,I7776,15249.0,15253.0,green,1
J2616,I9600,19078.0,19082.0,green,1
J2616,I10328,20551.0,20558.0,green,1
J1693,I9598,19071.0,19076.0,green,2
J1772,I2743,4666.0,4669.0,brown,2
J1772,I2775,4732.0,4734.0,brown,1
J1772,I5367,10051.0,10054.0,brown,1
J1772,I14232,27921.0,27922.0,green,1
J1772,I15032,29210.0,29211.0,green,1
J1969,I5849,11097.0,11098.0,green,1
J1969,I5881,11156.0,11158.0,green,2
J1969,I5945,11267.0,11270.0,green,2
J1969,I9465,18817.0,18823.0,green,1
J4517,I12813,25474.0,25475.0,green,1
J4517,I14713,28706.0,28707.0,green,1
J3909,I902,1394.0,1395.0,brown,1
J3909,I4135,7454.0,7459.0,green,2
J3909,I10887,21704.0,21705.0,green,1
J3909,I11359,22679.0,22686.0,green,2
J656,I6243,11878.0,11880.0,green,1
J656,I8034,15750.0,15755.0,brown,1
J656,I8610,17041.0,17042.0,brown,1
J656,I9443,18783.0,18784.0,green,1
J656,I13571,26793.0,26794.0,green,1
J656,I13891,27346.0,27349.0,green,1
J2826,I6337,12052.0,12053.0,brown,1
J2826,I6529,12503.0,12506.0,brown,3
J2826,I11586,23156.0,23158.0,green,1
J2826,I12426,24758.0,24759.0,green,1
J4142,I4326,7823.0,7826.0,green,1
J4142,I11918,23789.0,23790.0,green,1
J4142,I12390,24676.0,24680.0,green,2
J281,I534,787.0,790.0,green,2
J281,I630,939.0,941.0,green,1
J281,I662,995.0,996.0,green,1
J281,I2198,3687.0,3689.0,green,1
J877,I7626,14889.0,14899.0,green,1
J877,I8841,17552.0,17556.0,brown,1
J877,I14474,28314.0,28315.0,green,1
J877,I14570,28474.0,28476.0,green,1
J1356,I3695,6598.0,6599.0,brown,1
J1356,I3759,6724.0,6726.0,brown,2
J1356,I4207,7602.0,7603.0,brown,1
J4731,I14043,27582.0,27583.0,brown,1
J4731,I14060,27617.0,27622.0,green,2
J4731,I14188,27837.0,27839.0,green,1
J2229,I5548,10444.0,10447.0,green,2
J2941,I1725,2810.0,2811.0,green,1
J2941,I3133,5467.0,5469.0,green,1
J2393,I3279,5761.0,5764.0,green,2
J2393,I4526,8226.0,8228.0,brown,1
J1256,I5367,10051.0,10054.0,brown,2
J1256,I8759,17365.0,17370.0,brown,1
J1256,I12984,25800.0,25807.0,green,1
J2457,I3713,6628.0,6632.0,green,2
J2457,I9249,18360.0,18363.0,green,1
J2457,I10409,20742.0,20745.0,green,1
J2457,I10646,21233.0,21235.0,green,1
J403,I2354,3957.0,3962.0,green,1
J403,I2802,4787.0,4789.0,green,1
J403,I7890,15478.0,15487.0,green,3
J4741,I11659,23292.0,23293.0,brown,1
J4741,I11947,23850.0,23852.0,brown,2
J4741,I12875,25586.0,25588.0,brown,1
J4741,I13323,26379.0,26381.0,brown,1
J4741,I14380,28140.0,28141.0,green,1
J130,I1463,2321.0,2323.0,green,1
J130,I3063,5335.0,5337.0,green,2
J130,I7415,14446.0,14449.0,green,1
J130,I9879,19641.0,19643.0,green,1
J130,I9935,19764.0,19767.0,green,1
J3243,I8258,16248.0,16264.0,green,1
J3243,I8481,16731.0,16734.0,brown,1
J3243,I9953,19810.0,19814.0,brown,1
J3243,I13714,27027.0,27028.0,green,1
J3243,I13746,27078.0,27080.0,green,1
J2630,I7284,14113.0,14116.0,green,1
J2630,I7380,14368.0,14370.0,green,2
J2630,I8132,15982.0,15985.0,green,3
J4594,I13715,27028.0,27030.0,green,2
J4594,I14035,27569.0,27572.0,green,3
J4594,I14067,27641.0,27642.0,green,1
J2258,I5448,10228.0,10231.0,green,3
J2258,I5480,10294.0,10297.0,green,1
J2258,I6344,12065.0,12070.0,green,1
J1531,I3557,6304.0,6305.0,green,1
J1531,I3685,6573.0,6574.0,green,1
J1531,I3717,6639.0,6644.0,green,2
J1531,I3781,6766.0,6768.0,green,1
J1531,I7741,15168.0,15169.0,green,1
J1081,I1920,3153.0,3155.0,green,1
J1081,I2944,5076.0,5079.0,green,1
J1081,I3574,6339.0,6343.0,green,2
J1081,I4128,7435.0,7440.0,green,1
J1081,I4160,7515.0,7518.0,green,1
J2559,I6393,12180.0,12184.0,green,1
J2559,I6489,12422.0,12423.0,green,1
J2559,I6713,12842.0,12847.0,green,1
J2559,I10169,20264.0,20265.0,green,1
J1615,I2136,3557.0,3558.0,brown,1
J1615,I6456,12343.0,12344.0,brown,1
J1615,I13017,25867.0,25868.0,green,1
J1726,I2007,3312.0,3314.0,green,1
J1726,I6103,11577.0,11579.0,green,1
J1726,I6135,11634.0,11637.0,green,3
J1726,I6167,11716.0,11717.0,brown,1
J3704,I9739,19345.0,19348.0,green,3
J3704,I9899,19683.0,19686.0,green,1
J3704,I9931,19750.0,19757.0,green,1
J1408,I10657,21265.0,21270.0,brown,2
J1408,I13271,26293.0,26295.0,green,1
J610,I1114,1745.0,1748.0,brown,1
J610,I1243,1961.0,1963.0,green,2
J610,I1595,2559.0,2560.0,green,1
J610,I1691,2731.0,2734.0,green,1
J610,I2531,4282.0,4286.0,green,1
J1533,I2489,4200.0,4204.0,green,2
J1533,I6281,11949.0,11952.0,green,2
J1133,I3606,6413.0,6415.0,brown,1
J1133,I8887,17641.0,17643.0,green,2
J1133,I9975,19854.0,19861.0,green,2
J1133,I10007,19920.0,19923.0,green,1
J1280,I2652,4501.0,4503.0,green,1
J1280,I2780,4743.0,4744.0,green,1
J1280,I3404,5971.0,5975.0,green,1
J1280,I3573,6336.0,6339.0,green,1
J1280,I3608,6417.0,6424.0,green,1
J1280,I4044,7241.0,7247.0,green,1
J190,I927,1438.0,1440.0,green,1
J190,I1983,3264.0,3266.0,green,1
J190,I7647,14938.0,14944.0,green,1
J190,I7727,15133.0,15146.0,green,3
J12,I92,120.0,121.0,brown,1
J12,I604,895.0,896.0,brown,1
J12,I797,1231.0,1233.0,green,2
J12,I1501,2390.0,2391.0,brown,1
J12,I2493,4210.0,4211.0,green,1
J1281,I2096,3483.0,3486.0,green,1
J1281,I5456,10251.0,10255.0,green,2
J1281,I7327,14239.0,14247.0,brown,1
J2622,I10916,21752.0,21755.0,brown,1
J2622,I10949,21814.0,21816.0,green,2
J2622,I10981,21873.0,21878.0,green,1
J2622,I13801,27178.0,27181.0,green,1
J981,I1555,2476.0,2480.0,green,1
J981,I1587,2543.0,2544.0,green,1
J981,I3379,5925.0,5927.0,green,1
J981,I5203,9663.0,9664.0,green,1
J981,I6915,13266.0,13270.0,green,1
J78,I1340,2112.0,2113.0,brown,1
J78,I11069,22061.0,22063.0,green,1
J78,I11933,23822.0,23823.0,green,1
J78,I12221,24372.0,24373.0,green,1
J78,I13693,26985.0,26986.0,green,1
J3697,I8226,16182.0,16185.0,brown,1
J3697,I8322,16408.0,16409.0,brown,1
J3697,I9506,18905.0,18907.0,brown,1
J3697,I12867,25566.0,25567.0,green,1
J3697,I14571,28476.0,28478.0,green,1
J3697,I14595,28515.0,28518.0,green,1
J2175,I6286,11960.0,11962.0,green,2
J2175,I6670,12769.0,12772.0,brown,1
J2175,I7630,14905.0,14906.0,brown,1
J2175,I9102,18085.0,18086.0,brown,1
J2175,I9134,18134.0,18140.0,brown,1
J1484,I1473,2334.0,2336.0,brown,2
J1484,I1570,2510.0,2513.0,green,1
J1484,I1634,2625.0,2627.0,green,1
J2375,I8444,16651.0,16656.0,green,1
J2375,I9852,19583.0,19587.0,green,1
J2375,I12411,24732.0,24735.0,brown,1
J3666,I6997,13451.0,13455.0,green,1
J3666,I9909,19707.0,19708.0,green,1
J1438,I1291,2034.0,2038.0,brown,1
J1438,I10476,20868.0,20873.0,green,3
J1438,I10892,21712.0,21715.0,green,1
J1005,I2191,3664.0,3670.0,green,6
J4179,I10418,20759.0,20760.0,brown,1
J4179,I10898,21722.0,21723.0,brown,1
J4179,I12339,24580.0,24584.0,green,3
J4179,I14099,27695.0,27696.0,green,1
J4148,I12501,24894.0,24896.0,brown,1
J4148,I13886,27336.0,27337.0,green,1
J4148,I14414,28205.0,28206.0,green,1
J4148,I14518,28390.0,28392.0,green,2
J4148,I15334,29689.0,29690.0,green,1
J3492,I8249,16233.0,16234.0,green,1
J3492,I8313,16389.0,16393.0,green,1
J3492,I8569,16947.0,16948.0,green,1
J3492,I10585,21119.0,21122.0,green,2
J3492,I11727,23419.0,23420.0,green,1
J105,I335,483.0,484.0,green,1
J105,I399,576.0,580.0,green,1
J105,I3439,6054.0,6056.0,green,1
J105,I4583,8345.0,8347.0,green,1
J3503,I5172,9586.0,9588.0,green,1
J3503,I5907,11206.0,11210.0,brown,1
J3503,I11476,22925.0,22926.0,green,1
J3503,I11996,23951.0,23954.0,green,1
J3503,I12492,24882.0,24885.0,green,1
J3679,I11082,22083.0,22085.0,brown,2
J3679,I11114,22149.0,22152.0,brown,2
J3679,I11723,23411.0,23415.0,green,1
J3679,I13035,25898.0,25902.0,green,1
J3955,I8232,16199.0,16204.0,green,4
J3034,I2587,4390.0,4391.0,brown,1
J3034,I5595,10526.0,10527.0,brown,1
J3034,I8699,17237.0,17238.0,brown,1
J4248,I10239,20391.0,20392.0,green,1
J4248,I10495,20914.0,20915.0,brown,1
J4248,I11263,22494.0,22495.0,brown,1
J4248,I11551,23084.0,23086.0,brown,1
J3221,I7070,13590.0,13593.0,green,2
J3221,I7230,13962.0,13969.0,green,3
J2589,I4266,7708.0,7714.0,green,2
J2589,I8138,15994.0,15997.0,green,3
J2589,I10090,20092.0,20093.0,green,1
J2642,I6407,12230.0,12237.0,green,2
J1385,I782,1204.0,1205.0,green,1
J1385,I1134,1782.0,1785.0,green,1
J1385,I3694,6592.0,6598.0,green,2
J1385,I4046,7250.0,7253.0,green,1
J1385,I7022,13494.0,13495.0,green,1
J4955,I1869,3059.0,3060.0,brown,1
J4955,I2925,5037.0,5038.0,brown,1
J4955,I9741,19349.0,19352.0,brown,1
J4955,I10510,20954.0,20957.0,green,1
J2643,I4231,7645.0,7647.0,green,2
J2643,I7559,14758.0,14763.0,green,1
J2643,I8519,16819.0,16820.0,green,1
J2643,I8783,17419.0,17433.0,green,1
J2643,I8799,17460.0,17461.0,green,1
J3953,I11654,23286.0,23287.0,green,1
J3953,I11814,23581.0,23583.0,green,1
J3953,I12814,25475.0,25478.0,green,2
J3953,I12846,25530.0,25532.0,green,1
J3953,I12910,25645.0,25647.0,green,1
J4017,I10727,21376.0,21379.0,green,3
J225,I1677,2708.0,2709.0,brown,1
J225,I3510,6224.0,6230.0,green,2
J3124,I9279,18422.0,18426.0,green,1
J3124,I9391,18686.0,18688.0,green,2
J1173,I9669,19222.0,19224.0,brown,2
J1173,I10821,21565.0,21566.0,brown,1
J1173,I11174,22276.0,22278.0,green,1
J1173,I12390,24676.0,24680.0,green,1
J1173,I13782,27131.0,27135.0,green,1
J3984,I1058,1660.0,1661.0,brown,1
J3984,I2754,4687.0,4688.0,brown,1
J3984,I3874,6928.0,6931.0,brown,2
J3984,I5474,10283.0,10285.0,brown,1
J3984,I8994,17850.0,17852.0,brown,1
J2297,I6517,12482.0,12487.0,green,4
J2297,I6548,12536.0,12539.0,brown,1
J2824,I5882,11158.0,11161.0,green,1
J2824,I5977,11325.0,11326.0,brown,1
J2824,I6073,11524.0,11525.0,brown,1
J2824,I8538,16860.0,16864.0,green,1
J1500,I848,1313.0,1314.0,green,1
J1500,I944,1471.0,1477.0,green,4
J1500,I2800,4775.0,4783.0,green,1
J1363,I1494,2376.0,2379.0,green,1
J1363,I1942,3194.0,3195.0,green,1
J1363,I3222,5649.0,5654.0,green,1
J1363,I7158,13782.0,13787.0,green,1
J3886,I11685,23329.0,23330.0,green,1
J3886,I11717,23404.0,23405.0,brown,1
J3886,I11941,23838.0,23840.0,brown,1
J3886,I11973,23908.0,23911.0,green,1
J3886,I13167,26124.0,26126.0,green,1
J3886,I13189,26164.0,26166.0,green,1
J2961,I5069,9393.0,9394.0,green,1
J2961,I5133,9509.0,9511.0,green,2
J2961,I5357,10028.0,10030.0,green,2
J2961,I8621,17066.0,17069.0,green,1
J4857,I10749,21419.0,21422.0,green,3
J4857,I13021,25875.0,25876.0,green,1
J4043,I7235,13980.0,13984.0,green,1
J4043,I7362,14327.0,14329.0,brown,1
J4043,I8418,16608.0,16612.0,brown,1
J4043,I9666,19219.0,19220.0,brown,1
J993,I2947,5083.0,5085.0,brown,1
J993,I8680,17199.0,17205.0,green,1
J1290,I2983,5168.0,5173.0,green,1
J1290,I4103,7384.0,7385.0,green,1
J1290,I5319,9941.0,9944.0,brown,1
J1290,I5383,10082.0,10085.0,brown,1
J1290,I7239,13992.0,13998.0,green,1
J2017,I3761,6727.0,6728.0,brown,1
J2017,I4850,8920.0,8921.0,green,1
J2017,I10482,20880.0,20882.0,brown,1
J2017,I10834,21591.0,21593.0,green,2
J4471,I7711,15090.0,15098.0,green,2
J4471,I9359,18620.0,18623.0,green,1
J4471,I12703,25273.0,25279.0,green,1
J4471,I13311,26359.0,26361.0,green,2
J2090,I1111,1739.0,1741.0,green,1
J2090,I6647,12716.0,12720.0,green,1
J2090,I9975,19854.0,19861.0,green,1
J2090,I10111,20143.0,20146.0,green,1
J4575,I12438,24777.0,24779.0,brown,1
J4575,I14263,27976.0,27977.0,green,1
J2926,I6897,13243.0,13244.0,brown,1
J2926,I12002,23960.0,23962.0,green,2
J3097,I7120,13699.0,13701.0,green,2
J3097,I7248,14025.0,14032.0,green,2
J3097,I11200,22339.0,22340.0,green,1
J1529,I3808,6814.0,6816.0,green,1
J1529,I4192,7572.0,7575.0,green,1
J1529,I5888,11168.0,11169.0,green,1
J2683,I4671,8527.0,8529.0,green,2
J2683,I5247,9765.0,9777.0,green,2
J1482,I2077,3427.0,3429.0,green,2
J1482,I2141,3563.0,3565.0,green,1
J1482,I2173,3624.0,3625.0,green,1
J1482,I2237,3758.0,3760.0,green,1
J3920,I10100,20110.0,20115.0,green,1
J3920,I11028,21964.0,21970.0,green,1
J3920,I14388,28154.0,28164.0,green,3
J3920,I15460,29874.0,29877.0,green,1
J1149,I5345,9994.0,9999.0,green,1
J1149,I6976,13404.0,13410.0,brown,2
J1149,I9089,18053.0,18054.0,green,1
J1149,I10529,21004.0,21008.0,green,2
J3588,I7384,14377.0,14378.0,brown,1
J3588,I13273,26296.0,26304.0,green,1
J3588,I14681,28654.0,28657.0,green,1
J4454,I5036,9339.0,9342.0,brown,1
J4454,I6124,11613.0,11614.0,brown,1
J4454,I7853,15416.0,15417.0,green,1
J4454,I12749,25352.0,25357.0,green,1
J4454,I13393,26506.0,26507.0,green,1
J901,I2489,4200.0,4204.0,green,1
J901,I3833,6860.0,6861.0,green,1
J901,I5241,9753.0,9756.0,green,1
J901,I9657,19197.0,19200.0,green,3
J144,I317,454.0,455.0,green,1
J144,I766,1178.0,1179.0,green,1
J144,I798,1233.0,1234.0,green,1
J144,I2526,4273.0,4274.0,green,1
J144,I3966,7102.0,7104.0,green,1
J2768,I8515,16809.0,16811.0,brown,1
J2768,I9188,18239.0,18242.0,green,1
J2768,I10339,20581.0,20584.0,brown,1
J2768,I10499,20924.0,20926.0,brown,1
J2768,I14532,28409.0,28413.0,green,1
J3137,I1740,2834.0,2835.0,brown,1
J3137,I2028,3343.0,3347.0,brown,1
J3137,I13009,25849.0,25859.0,green,1
J3137,I13137,26063.0,26067.0,green,1
J2546,I7476,14579.0,14581.0,green,1
J2546,I7636,14912.0,14915.0,green,1
J2546,I7892,15490.0,15492.0,green,2
J2546,I9654,19191.0,19193.0,green,1
J4795,I2065,3410.0,3411.0,brown,1
J4795,I13969,27473.0,27474.0,brown,1
J4795,I14609,28539.0,28540.0,brown,1
J420,I41,52.0,53.0,green,1
J420,I71,90.0,91.0,green,1
J420,I86,108.0,109.0,green,1
J420,I131,171.0,177.0,green,1
J420,I167,231.0,232.0,green,1
J420,I199,282.0,283.0,green,1
J3177,I3933,7038.0,7039.0,green,1
J3177,I8093,15893.0,15896.0,green,1
J3177,I9639,19160.0,19162.0,brown,1
J1050,I2733,4642.0,4647.0,green,3
J4566,I3066,5341.0,5343.0,brown,2
J4566,I3226,5659.0,5663.0,brown,2
J4566,I6555,12549.0,12551.0,green,1
J4566,I13467,26633.0,26639.0,green,1
J4902,I14513,28377.0,28378.0,brown,1
J4902,I14641,28587.0,28590.0,brown,3
J1107,I486,711.0,712.0,green,1
J1107,I518,760.0,764.0,green,4
J1107,I614,911.0,913.0,green,1
J2805,I5608,10555.0,10558.0,green,1
J2805,I8392,16565.0,16566.0,green,1
J2805,I8904,17666.0,17668.0,brown,1
J2805,I9928,19743.0,19744.0,green,1
J2805,I10184,20301.0,20303.0,green,1
J2805,I12618,25125.0,25128.0,green,1
J2325,I4119,7415.0,7420.0,green,1
J2325,I5175,9594.0,9597.0,green,2
J2325,I9535,18949.0,18952.0,green,1
J704,I8269,16297.0,16302.0,green,1
J704,I9292,18452.0,18453.0,brown,1
J704,I10175,20274.0,20277.0,green,1
J704,I10489,20898.0,20899.0,green,1
J1904,I53,66.0,67.0,green,1
J1904,I149,203.0,204.0,green,1
J1904,I725,1104.0,1108.0,green,1
J1904,I1589,2545.0,2548.0,green,1
J1904,I1813,2970.0,2974.0,green,1
J1904,I2550,4318.0,4320.0,brown,1
J1762,I5174,9593.0,9594.0,green,1
J1762,I8742,17325.0,17333.0,green,1
J1762,I10022,19960.0,19962.0,green,1
J1762,I12638,25157.0,25158.0,green,1
J2904,I8738,17319.0,17320.0,green,1
J2904,I8898,17658.0,17659.0,green,1
J2904,I8930,17731.0,17742.0,green,3
J2904,I11270,22502.0,22504.0,green,1
J1066,I3500,6199.0,6204.0,green,4
J1066,I3628,6459.0,6460.0,green,1
J1066,I3724,6653.0,6656.0,green,1
J1305,I1354,2138.0,2140.0,green,1
J1305,I1418,2237.0,2240.0,green,2
J1305,I1706,2770.0,2775.0,green,1
J2055,I298,433.0,434.0,brown,1
J2055,I1866,3054.0,3055.0,brown,1
J2055,I4747,8677.0,8681.0,green,1
J2055,I10507,20946.0,20950.0,green,1
J2055,I10699,21333.0,21335.0,green,1
J2055,I10811,21550.0,21551.0,green,1
J3946,I11775,23511.0,23512.0,brown,1
J3946,I11807,23570.0,23573.0,brown,2
J3946,I12640,25159.0,25160.0,green,1
J3946,I14688,28667.0,28668.0,green,1
J3736,I8449,16669.0,16673.0,green,2
J3736,I8545,16882.0,16883.0,green,1
J3736,I8577,16964.0,16965.0,green,1
J3736,I9025,17915.0,17927.0,green,2
J1215,I5483,10300.0,10306.0,green,1
J1215,I6443,12314.0,12321.0,green,1
J1215,I6827,13112.0,13117.0,green,2
J1215,I11003,21917.0,21920.0,green,1
J1215,I12035,24031.0,24035.0,green,1
J1136,I3103,5404.0,5405.0,brown,1
J1136,I3231,5668.0,5670.0,brown,2
J1136,I4095,7369.0,7370.0,brown,1
J1136,I10144,20212.0,20215.0,green,1
J1136,I13632,26900.0,26901.0,green,1
J4257,I5583,10507.0,10508.0,brown,1
J4257,I5615,10568.0,10570.0,brown,2
J4257,I10128,20172.0,20177.0,green,1
J4257,I12880,25596.0,25601.0,green,1
J2973,I6261,11912.0,11913.0,green,1
J2973,I6325,12034.0,12035.0,green,1
J2973,I6357,12097.0,12101.0,green,1
J2973,I9686,19250.0,19251.0,green,1
J3655,I593,873.0,875.0,brown,1
J3655,I3506,6217.0,6218.0,green,1
J3655,I7730,15152.0,15154.0,green,1
J3655,I9922,19730.0,19731.0,brown,1
J3655,I11695,23353.0,23356.0,green,1
J4167,I11067,22057.0,22060.0,brown,1
J4167,I12462,24824.0,24827.0,green,2
J1720,I2530,4281.0,4282.0,brown,1
J1720,I6499,12439.0,12440.0,green,1
J1720,I7107,13670.0,13672.0,green,2
J4447,I10746,21414.0,21417.0,brown,1
J4447,I10842,21605.0,21607.0,brown,2
J4447,I10970,21855.0,21858.0,brown,1
J4484,I7012,13478.0,13479.0,brown,1
J4484,I8677,17194.0,17195.0,green,1
J4484,I9317,18514.0,18516.0,brown,1
J4484,I12549,24991.0,24993.0,green,2
J4484,I14225,27906.0,27912.0,green,1
J4789,I13818,27207.0,27209.0,brown,2
J4789,I13967,27468.0,27471.0,green,3
J4789,I14267,27980.0,27981.0,brown,1
J2545,I4955,9147.0,9153.0,green,6
J1027,I4782,8754.0,8758.0,green,2
J1027,I11406,22767.0,22768.0,green,1
J1027,I12028,24014.0,24015.0,green,1
J2066,I5114,9470.0,9475.0,green,1
J2066,I6746,12922.0,12927.0,green,1
J2066,I7706,15071.0,15078.0,green,2
J2066,I10106,20126.0,20130.0,green,1
J4889,I9947,19796.0,19800.0,green,2
J4889,I11099,22113.0,22118.0,green,1
J4889,I15035,29214.0,29215.0,green,1
J4889,I15387,29770.0,29771.0,green,1
J2888,I4809,8807.0,8809.0,green,2
J2888,I6089,11545.0,11548.0,brown,1
J4091,I7939,15581.0,15583.0,brown,1
J4091,I13612,26864.0,26866.0,green,1
J4091,I15076,29289.0,29290.0,green,1
J4091,I15268,29588.0,29589.0,green,1
J4091,I15300,29632.0,29634.0,green,1
J1153,I8085,15868.0,15873.0,brown,2
J1153,I13046,25920.0,25927.0,green,3
J1153,I14230,27918.0,27919.0,green,1
J2329,I6831,13122.0,13126.0,green,2
J2329,I8414,16602.0,16603.0,brown,1
J2329,I8710,17264.0,17266.0,brown,1
J2009,I2214,3717.0,3718.0,brown,1
J2009,I2247,3777.0,3778.0,green,1
J2009,I4007,7165.0,7166.0,green,1
J2009,I7987,15674.0,15677.0,green,1
J2009,I8039,15761.0,15765.0,green,1
J2656,I5622,10580.0,10582.0,brown,1
J2656,I5750,10877.0,10882.0,brown,1
J2656,I12023,24001.0,24003.0,green,1
J2656,I13975,27481.0,27484.0,green,1
J3154,I6889,13230.0,13231.0,green,1
J3154,I7081,13615.0,13618.0,green,1
J3154,I7177,13836.0,13839.0,green,1
J3154,I7273,14078.0,14079.0,green,1
J3154,I8745,17340.0,17342.0,green,1
J3154,I11585,23154.0,23156.0,green,1
J2581,I5976,11323.0,11325.0,brown,1
J2581,I7033,13521.0,13527.0,green,1
J2581,I7321,14225.0,14229.0,green,3
J2581,I12737,25331.0,25332.0,green,1
J4246,I5737,10851.0,10854.0,brown,2
J4246,I7305,14176.0,14177.0,brown,1
J4246,I8841,17552.0,17556.0,brown,1
J755,I423,623.0,625.0,green,1
J755,I5767,10929.0,10931.0,green,1
J755,I8295,16357.0,16359.0,green,2
J755,I9663,19207.0,19210.0,green,1
J755,I10111,20143.0,20146.0,green,1
J4197,I5962,11300.0,11301.0,brown,1
J4197,I6122,11610.0,11611.0,brown,1
J4197,I6378,12145.0,12147.0,brown,2
J4197,I8106,15918.0,15920.0,brown,2
J2804,I11592,23164.0,23171.0,green,5
J2804,I13424,26561.0,26562.0,green,1
J1956,I3171,5547.0,5548.0,brown,1
J1956,I7972,15650.0,15656.0,green,1
J1956,I11516,23011.0,23014.0,green,1
J3166,I9481,18856.0,18857.0,brown,1
J3166,I9673,19228.0,19232.0,brown,1
J3166,I10442,20799.0,20802.0,green,3
J3166,I11146,22210.0,22212.0,green,1
J1822,I2872,4936.0,4941.0,green,1
J1822,I3000,5207.0,5216.0,green,1
J1822,I4152,7498.0,7501.0,green,3
J1822,I4184,7562.0,7563.0,green,1
J2808,I4614,8402.0,8405.0,green,2
J2808,I6214,11822.0,11826.0,green,1
J2808,I6342,12061.0,12062.0,green,1
J2808,I6630,12683.0,12684.0,green,1
J2808,I10102,20121.0,20122.0,green,1
J3954,I6549,12539.0,12541.0,brown,1
J3954,I14054,27599.0,27605.0,green,1
J3954,I14294,28016.0,28020.0,green,3
J4403,I1616,2594.0,2595.0,brown,1
J4403,I1680,2712.0,2717.0,brown,2
J4403,I1744,2839.0,2841.0,brown,1
J4403,I11121,22165.0,22167.0,green,1
J4403,I15033,29211.0,29213.0,green,1
J4890,I8497,16760.0,16768.0,green,1
J4890,I11249,22469.0,22476.0,green,2
J4890,I13041,25908.0,25914.0,green,1
J4890,I15473,29899.0,29900.0,green,1
J4890,I15477,29904.0,29907.0,green,1
J3552,I3971,7109.0,7110.0,brown,1
J3552,I11860,23683.0,23686.0,green,2
J3552,I12132,24222.0,24223.0,green,1
J3552,I12588,25058.0,25059.0,green,1
J22,I929,1442.0,1443.0,brown,1
J22,I7873,15453.0,15455.0,brown,1
J22,I10786,21495.0,21500.0,green,2
J22,I11106,22133.0,22135.0,green,1
J22,I12642,25161.0,25162.0,green,1
J1848,I2149,3578.0,3579.0,green,1
J1848,I2533,4288.0,4289.0,green,1
J1848,I2565,4342.0,4343.0,green,1
J527,I3191,5595.0,5599.0,green,1
J527,I6822,13103.0,13105.0,brown,1
J527,I8262,16277.0,16278.0,brown,1
J527,I8927,17717.0,17727.0,green,1
J527,I9535,18949.0,18952.0,green,1
J527,I9695,19267.0,19268.0,green,1
J1591,I4211,7608.0,7610.0,green,2
J1591,I4403,7968.0,7970.0,green,2
J1591,I9688,19253.0,19256.0,green,2
J4216,I8466,16710.0,16711.0,brown,1
J4216,I8531,16837.0,16845.0,green,1
J4216,I11507,22992.0,22995.0,green,1
J4216,I12643,25162.0,25164.0,green,1
J3168,I7985,15672.0,15673.0,brown,1
J3168,I8241,16222.0,16224.0,brown,2
J3168,I8465,16709.0,16710.0,brown,1
J3168,I13442,26594.0,26596.0,green,2
J3643,I6851,13162.0,13165.0,brown,1
J3643,I11940,23836.0,23838.0,green,1
J3643,I15156,29419.0,29421.0,green,1
J322,I949,1481.0,1482.0,green,1
J322,I1013,1587.0,1588.0,green,1
J322,I1557,2485.0,2490.0,green,1
J322,I6165,11707.0,11715.0,green,2
J1273,I3207,5623.0,5624.0,green,1
J1273,I3399,5960.0,5962.0,green,1
J1273,I3559,6306.0,6309.0,green,1
J1273,I10983,21885.0,21886.0,green,1
J1049,I736,1130.0,1131.0,green,1
J1049,I6720,12860.0,12865.0,green,2
J1049,I9472,18832.0,18839.0,green,1
J1049,I11240,22454.0,22455.0,green,1
J47,I76,95.0,96.0,green,1
J47,I204,290.0,291.0,brown,1
J47,I4748,8681.0,8684.0,green,2
J47,I5164,9573.0,9577.0,green,1
J2972,I6650,12723.0,12727.0,green,4
J2972,I6746,12922.0,12927.0,green,1
J2972,I10618,21179.0,21183.0,green,1
J3501,I5970,11310.0,11314.0,brown,1
J3501,I11123,22168.0,22171.0,green,1
J3501,I12547,24988.0,24990.0,green,1
J3501,I12607,25102.0,25106.0,green,1
J3501,I12959,25747.0,25751.0,green,1
J3501,I13139,26069.0,26070.0,green,1
J4452,I9989,19883.0,19884.0,brown,1
J4452,I10022,19960.0,19962.0,green,1
J4452,I10661,21273.0,21275.0,brown,1
J4452,I15046,29228.0,29232.0,green,1
J4452,I15110,29356.0,29357.0,green,1
J267,I1099,1718.0,1719.0,brown,1
J267,I4171,7533.0,7535.0,brown,1
J267,I5995,11356.0,11359.0,brown,2
J267,I9004,17873.0,17874.0,green,1
J2614,I4772,8723.0,8726.0,green,1
J2614,I4836,8875.0,8884.0,green,1
J2614,I4868,8955.0,8959.0,green,3
J2614,I5284,9840.0,9847.0,green,1
J4921,I8666,17174.0,17175.0,brown,1
J4921,I8858,17596.0,17597.0,brown,1
J4921,I9083,18044.0,18048.0,green,2
J4921,I14491,28343.0,28346.0,green,2
J638,I2460,4142.0,4144.0,brown,1
J638,I2621,4447.0,4450.0,green,1
J638,I2829,4847.0,4850.0,green,1
J638,I2909,4996.0,4999.0,green,1
J638,I3452,6077.0,6078.0,brown,1
J4499,I10691,21320.0,21322.0,brown,1
J4499,I11139,22197.0,22199.0,brown,1
J4499,I12932,25679.0,25685.0,green,3
J4569,I13542,26749.0,26750.0,brown,1
J4569,I14086,27675.0,27678.0,brown,1
J4569,I14215,27888.0,27895.0,green,3
J4569,I15463,29882.0,29883.0,green,1
J1077,I436,639.0,642.0,brown,1
J2601,I5213,9681.0,9683.0,green,1
J2601,I7773,15234.0,15243.0,green,2
J2575,I1909,3121.0,3123.0,brown,2
J2575,I2262,3800.0,3803.0,green,1
J2575,I10310,20512.0,20514.0,green,1
J2575,I10982,21878.0,21885.0,green,1
J2575,I12070,24103.0,24105.0,green,1
J2021,I4483,8144.0,8147.0,green,3
J2021,I4547,8277.0,8278.0,green,1
J2021,I10467,20849.0,20853.0,green,1
J440,I1840,3017.0,3021.0,brown,1
J440,I10833,21586.0,21591.0,green,1
J440,I13799,27169.0,27176.0,green,2
J3750,I8480,16729.0,16731.0,brown,1
J3750,I8512,16804.0,16805.0,brown,1
J3750,I8609,17033.0,17041.0,green,3
J2934,I8450,16673.0,16680.0,green,3
J2934,I8514,16806.0,16809.0,green,1
J2934,I10678,21301.0,21304.0,green,1
J3572,I5089,9426.0,9428.0,brown,2
J3572,I6306,11994.0,12000.0,green,1
J3572,I11170,22270.0,22271.0,green,1
J3572,I11234,22444.0,22446.0,green,2
J3453,I444,650.0,651.0,brown,1
J3453,I1404,2220.0,2222.0,brown,2
J3453,I8220,16169.0,16171.0,brown,1
J3453,I8828,17531.0,17532.0,brown,1
J3453,I13244,26252.0,26254.0,brown,1
J3869,I2672,4531.0,4533.0,brown,1
J3869,I9841,19564.0,19572.0,green,1
J3869,I12337,24576.0,24579.0,green,2
J3869,I12367,24633.0,24634.0,green,1
J3869,I12585,25049.0,25054.0,green,1
J2461,I5966,11305.0,11306.0,green,1
J2461,I6382,12154.0,12156.0,green,2
J2461,I6543,12531.0,12532.0,brown,1
J2461,I6575,12597.0,12600.0,brown,1
J2343,I4067,7302.0,7304.0,brown,2
J2343,I4068,7304.0,7306.0,green,2
J2343,I4580,8338.0,8342.0,green,1
J2343,I4900,9022.0,9023.0,green,1
J354,I198,279.0,282.0,green,1
J354,I3142,5485.0,5487.0,green,1
J354,I7926,15557.0,15559.0,green,2
J2657,I8095,15900.0,15901.0,green,1
J583,I2568,4345.0,4347.0,green,2
J583,I8616,17053.0,17062.0,green,2
J120,I391,566.0,567.0,green,1
J120,I2704,4594.0,4596.0,brown,1
J120,I3335,5845.0,5847.0,brown,1
J120,I3751,6707.0,6715.0,green,1
J972,I3049,5307.0,5311.0,green,1
J972,I3113,5419.0,5421.0,green,1
J1171,I2833,4861.0,4865.0,green,1
J1171,I3409,5992.0,5997.0,green,2
J1171,I4049,7265.0,7268.0,green,1
J1171,I6353,12086.0,12088.0,green,1
J2203,I5654,10653.0,10655.0,green,1
J2203,I5814,11028.0,11035.0,green,1
J2203,I12142,24240.0,24244.0,green,1
J2203,I12238,24408.0,24410.0,green,1
J1399,I1390,2197.0,2199.0,green,1
J1399,I3694,6592.0,6598.0,green,2
J1399,I3982,7128.0,7129.0,green,1
J1399,I5582,10503.0,10507.0,green,1
J1399,I8566,16936.0,16942.0,green,1
J933,I1435,2274.0,2277.0,green,3
J933,I1499,2387.0,2388.0,green,1
J933,I3403,5969.0,5971.0,green,2
J3935,I8444,16651.0,16656.0,green,1
J3935,I10780,21483.0,21489.0,green,3
J3935,I12539,24976.0,24977.0,brown,1
J3935,I14076,27660.0,27663.0,green,1
J340,I734,1118.0,1128.0,green,1
J340,I990,1547.0,1548.0,green,1
J340,I1406,2223.0,2224.0,brown,1
J340,I1982,3263.0,3264.0,green,1
J426,I1434,2272.0,2274.0,green,1
J426,I1722,2804.0,2806.0,green,1
J426,I2778,4736.0,4741.0,green,1
J426,I5850,11098.0,11102.0,green,1
J887,I334,481.0,483.0,green,1
J887,I525,773.0,774.0,brown,1
J887,I590,867.0,869.0,green,1
J887,I654,983.0,985.0,green,1
J2510,I2765,4709.0,4711.0,brown,1
J2510,I5614,10566.0,10568.0,green,1
J2510,I9389,18682.0,18683.0,brown,1
J2510,I13082,25978.0,25981.0,green,3
J739,I2621,4447.0,4450.0,green,1
J739,I7773,15234.0,15243.0,green,2
J739,I11241,22455.0,22457.0,green,2
J739,I11497,22970.0,22971.0,green,1
J2915,I6361,12108.0,12112.0,green,4
J2915,I7225,13948.0,13957.0,green,1
J4021,I2111,3507.0,3510.0,brown,2
J4021,I2367,3980.0,3986.0,brown,1
J4021,I13344,26415.0,26419.0,green,1
J4260,I8709,17260.0,17264.0,green,1
J4260,I9348,18600.0,18603.0,brown,1
J4260,I11141,22201.0,22202.0,green,1
J4260,I14021,27547.0,27548.0,green,1
J4260,I14629,28569.0,28570.0,green,1
J4260,I15212,29504.0,29505.0,green,1
J1709,I10826,21573.0,21575.0,green,1
J1709,I11818,23588.0,23589.0,green,1
J1709,I11978,23919.0,23920.0,green,1
J1709,I12874,25577.0,25586.0,green,1
J136,I218,316.0,317.0,green,1
J136,I314,451.0,452.0,green,1
J136,I570,837.0,840.0,green,1
J136,I698,1047.0,1048.0,green,1
J136,I1050,1644.0,1648.0,green,1
J1200,I2816,4823.0,4824.0,brown,1
J1200,I2945,5079.0,5082.0,green,2
J1200,I4641,8465.0,8469.0,green,1
J1200,I5409,10154.0,10157.0,green,1
J1200,I7849,15408.0,15411.0,green,1
J3842,I11386,22737.0,22739.0,brown,1
J3842,I11419,22792.0,22799.0,green,1
J4623,I6411,12241.0,12242.0,brown,1
J4623,I8331,16429.0,16430.0,brown,1
J4623,I8811,17490.0,17493.0,brown,1
J4623,I13868,27300.0,27301.0,green,1
J4623,I14060,27617.0,27622.0,green,2
J1526,I2272,3831.0,3832.0,green,1
J1526,I2464,4152.0,4153.0,green,1
J1526,I2656,4507.0,4508.0,green,1
J1526,I2944,5076.0,5079.0,green,2
J4812,I6729,12889.0,12892.0,brown,2
J4812,I15194,29480.0,29482.0,green,2
J1688,I4444,8067.0,8071.0,green,1
J1688,I4700,8594.0,8597.0,green,2
J1688,I4924,9083.0,9088.0,green,1
J4960,I9063,18002.0,18004.0,green,1
J4960,I12519,24929.0,24934.0,green,1
J4960,I15527,29968.0,29971.0,green,2
J592,I3179,5562.0,5563.0,green,1
J592,I6443,12314.0,12321.0,green,1
J592,I9931,19750.0,19757.0,green,2
J592,I12035,24031.0,24035.0,green,1
J592,I12059,24077.0,24079.0,green,1
J1407,I4212,7610.0,7611.0,green,1
J1407,I4276,7735.0,7737.0,brown,1
J1407,I8372,16508.0,16510.0,green,1
J1407,I8796,17453.0,17458.0,green,2
J1407,I9076,18032.0,18033.0,green,1
J4163,I36,44.0,45.0,brown,1
J4163,I68,86.0,87.0,brown,1
J4163,I10789,21506.0,21512.0,green,1
J4163,I10885,21691.0,21696.0,green,1
J4163,I10981,21873.0,21878.0,green,1
J4163,I12069,24102.0,24103.0,green,1
J1827,I7310,14190.0,14202.0,green,3
J1827,I10605,21154.0,21157.0,brown,1
J1827,I10734,21389.0,21393.0,green,1
J1827,I11949,23853.0,23854.0,brown,1
J2576,I7557,14747.0,14757.0,green,4
J2576,I9636,19155.0,19158.0,brown,2
J1708,I1393,2201.0,2202.0,brown,1
J1708,I1521,2419.0,2420.0,brown,1
J1708,I1681,2717.0,2718.0,brown,1
J1708,I5521,10394.0,10398.0,brown,1
J3089,I3461,6093.0,6101.0,green,6
J3866,I8946,17766.0,17770.0,green,1
J3866,I9490,18872.0,18874.0,green,1
J3866,I11570,23120.0,23127.0,green,1
J3866,I12305,24522.0,24523.0,brown,1
J3866,I13617,26871.0,26873.0,brown,1
J3866,I14066,27634.0,27641.0,green,1
J4068,I4300,7783.0,7784.0,green,1
J4068,I8204,16130.0,16131.0,green,1
J1480,I2954,5095.0,5099.0,green,4
J1480,I5802,11004.0,11008.0,green,1
J1480,I8971,17811.0,17812.0,brown,1
J3429,I540,799.0,800.0,green,1
J3429,I2940,5065.0,5069.0,green,3
J3429,I4988,9218.0,9219.0,green,1
J3429,I10369,20653.0,20659.0,green,1
J3889,I9082,18042.0,18044.0,brown,1
J3889,I9435,18768.0,18770.0,green,1
J3889,I11579,23142.0,23146.0,green,2
J1233,I4065,7296.0,7301.0,green,1
J1233,I4288,7751.0,7753.0,brown,1
J1233,I4385,7927.0,7929.0,green,1
J1233,I6785,13001.0,13008.0,green,1
J1233,I7345,14286.0,14290.0,green,2
J421,I460,674.0,677.0,green,2
J421,I1780,2916.0,2921.0,green,1
J421,I2756,4694.0,4697.0,green,1
J421,I3148,5496.0,5506.0,green,1
J421,I3608,6417.0,6424.0,green,1
J2333,I4942,9124.0,9126.0,brown,1
J2333,I5327,9957.0,9958.0,green,1
J2333,I8319,16402.0,16405.0,brown,1
J3511,I4134,7453.0,7454.0,green,1
J3511,I11302,22565.0,22567.0,green,2
J3511,I12590,25063.0,25064.0,green,1
J3511,I12714,25295.0,25296.0,green,1
J1056,I87,109.0,115.0,green,5
J1056,I154,211.0,212.0,brown,1
J2148,I6208,11809.0,11810.0,green,1
J2148,I7904,15512.0,15514.0,brown,1
J2148,I9344,18586.0,18590.0,green,2
J2148,I9408,18717.0,18719.0,green,1
J2148,I11680,23320.0,23324.0,green,1
J1489,I4025,7206.0,7207.0,green,1
J1489,I4089,7352.0,7354.0,green,1
J1489,I4985,9213.0,9216.0,green,1
J1489,I5305,9902.0,9908.0,green,2
J3966,I5009,9255.0,9260.0,green,2
J3966,I5168,9581.0,9583.0,brown,2
J3966,I5296,9871.0,9872.0,brown,1
J3966,I8817,17502.0,17505.0,green,1
J2471,I5508,10357.0,10358.0,green,1
J2471,I5604,10544.0,10547.0,green,3
J2471,I5636,10611.0,10619.0,green,1
J2471,I5700,10762.0,10768.0,green,1
J2876,I5856,11113.0,11116.0,brown,1
J2876,I6785,13001.0,13008.0,green,1
J2876,I6817,13079.0,13095.0,green,1
J2876,I11361,22688.0,22694.0,green,1
J2876,I13121,26040.0,26041.0,green,1
J2876,I13153,26098.0,26101.0,green,1
J903,I833,1286.0,1288.0,green,1
J903,I2049,3383.0,3385.0,green,1
J903,I2081,3438.0,3444.0,green,1
J903,I2977,5154.0,5157.0,green,1
J903,I3521,6249.0,6251.0,green,1
J903,I3809,6816.0,6819.0,green,1
J4434,I4445,8071.0,8080.0,green,1
J4434,I11037,21992.0,21997.0,green,1
J4434,I13103,26012.0,26015.0,green,2
J4911,I12192,24325.0,24327.0,brown,1
J4911,I12193,24327.0,24328.0,green,1
J4911,I12257,24446.0,24447.0,brown,1
J4596,I3087,5378.0,5380.0,brown,2
J1559,I3780,6763.0,6766.0,brown,2
J1559,I9477,18849.0,18853.0,green,2
J1559,I12645,25165.0,25166.0,green,1
J1559,I13001,25832.0,25836.0,green,1
J188,I2180,3636.0,3638.0,green,1
J188,I5828,11052.0,11059.0,green,1
J188,I8708,17255.0,17260.0,green,1
J188,I11384,22731.0,22736.0,green,3
J1782,I2786,4753.0,4754.0,brown,1
J1782,I5378,10070.0,10073.0,brown,1
J1782,I15459,29871.0,29874.0,green,1
J1631,I3390,5944.0,5945.0,brown,1
J1631,I5407,10146.0,10151.0,green,2
J1631,I8030,15742.0,15743.0,brown,1
J4665,I13117,26036.0,26037.0,green,1
J4665,I13405,26529.0,26532.0,brown,2
J4665,I13711,27019.0,27023.0,green,2
J4405,I6926,13289.0,13293.0,brown,1
J4405,I7086,13626.0,13628.0,brown,1
J4405,I7247,14021.0,14025.0,green,1
J4405,I8782,17415.0,17419.0,brown,2
J4405,I9134,18134.0,18140.0,brown,1
J894,I6412,12242.0,12244.0,brown,1
J894,I10765,21452.0,21456.0,green,1
J894,I12973,25776.0,25780.0,green,4
J805,I788,1215.0,1219.0,green,3
J805,I916,1410.0,1413.0,green,2
J805,I2298,3877.0,3878.0,green,1
J3710,I2305,3887.0,3888.0,brown,1
J3710,I2561,4335.0,4337.0,brown,1
J3710,I9633,19151.0,19152.0,brown,1
J3710,I15074,29286.0,29287.0,green,1
J3710,I15170,29441.0,29444.0,green,1
J347,I6551,12544.0,12546.0,green,2
J347,I6615,12658.0,12659.0,brown,1
J347,I6743,12916.0,12918.0,brown,1
J347,I11031,21973.0,21979.0,green,1
J347,I11391,22746.0,22747.0,green,1
J1199,I3930,7027.0,7029.0,green,2
J1199,I4026,7207.0,7209.0,green,2
J3029,I2324,3914.0,3915.0,green,1
J3029,I5140,9520.0,9528.0,green,1
J3029,I5492,10325.0,10329.0,green,1
J196,I487,712.0,713.0,green,1
J196,I1671,2697.0,2699.0,green,1
J196,I2225,3736.0,3738.0,green,1
J314,I1544,2447.0,2455.0,green,6
J2366,I7101,13661.0,13663.0,green,2
J2366,I7165,13808.0,13813.0,green,4
J4581,I11386,22737.0,22739.0,brown,1
J4581,I11482,22938.0,22941.0,brown,1
J3593,I9764,19387.0,19391.0,green,1
J3593,I9860,19601.0,19602.0,green,1
J3593,I9956,19817.0,19821.0,green,3
J3593,I11108,22137.0,22140.0,green,1
J3286,I6714,12847.0,12854.0,green,3
J484,I1302,2057.0,2058.0,green,1
J484,I2006,3307.0,3312.0,green,1
J484,I6486,12416.0,12418.0,green,1
J484,I7494,14625.0,14626.0,brown,1
J484,I9433,18765.0,18767.0,green,1
J484,I9806,19477.0,19484.0,green,1
J1496,I7695,15053.0,15058.0,brown,1
J1496,I14127,27732.0,27733.0,brown,1
J1496,I14748,28756.0,28761.0,green,4
J1062,I6584,12611.0,12615.0,brown,1
J1062,I11705,23374.0,23381.0,green,3
J1062,I13593,26836.0,26837.0,green,1
J1954,I5474,10283.0,10285.0,brown,1
J1954,I5475,10285.0,10287.0,green,1
J1954,I5746,10871.0,10873.0,brown,2
J1954,I5778,10952.0,10953.0,brown,1
J1954,I5955,11289.0,11292.0,green,1
J3803,I6827,13112.0,13117.0,green,1
J3803,I7499,14635.0,14644.0,green,1
J3803,I7787,15274.0,15276.0,green,1
J3803,I9515,18920.0,18923.0,green,2
J3939,I8137,15993.0,15994.0,brown,1
J3939,I9002,17866.0,17870.0,green,1
J3939,I9258,18384.0,18387.0,green,2
J1406,I4237,7657.0,7662.0,green,5
J1530,I1455,2309.0,2311.0,green,1
J1530,I2095,3479.0,3483.0,green,2
J4367,I7424,14466.0,14468.0,brown,2
J4367,I8353,16472.0,16476.0,green,4
J4359,I11165,22249.0,22255.0,green,5
J4359,I11453,22867.0,22874.0,green,1
J3420,I3023,5255.0,5257.0,green,1
J3420,I5647,10640.0,10643.0,green,1
J3420,I10159,20247.0,20248.0,green,1
J1878,I4151,7489.0,7498.0,green,1
J1878,I9975,19854.0,19861.0,green,2
J1878,I10166,20259.0,20260.0,brown,1
J3546,I7444,14505.0,14506.0,green,1
J3546,I7476,14579.0,14581.0,green,1
J3546,I10100,20110.0,20115.0,green,2
J3546,I11772,23507.0,23509.0,green,1
J3546,I11822,23594.0,23597.0,green,1
J1789,I2443,4110.0,4114.0,brown,1
J1789,I2572,4353.0,4357.0,green,1
J1789,I2860,4911.0,4918.0,green,2
J1789,I2892,4972.0,4974.0,green,1
J1789,I4396,7959.0,7960.0,green,1
J2256,I2733,4642.0,4647.0,green,2
J2256,I5293,9859.0,9865.0,green,1
J814,I808,1245.0,1246.0,green,1
J814,I7464,14553.0,14554.0,green,1
J814,I7720,15113.0,15122.0,green,4
J4146,I8489,16747.0,16749.0,brown,1
J4146,I8841,17552.0,17556.0,brown,1
J4146,I10922,21765.0,21766.0,green,1
J4146,I11466,22896.0,22904.0,green,2
J4146,I13514,26703.0,26704.0,green,1
J3820,I11359,22679.0,22686.0,green,1
J3820,I11535,23041.0,23044.0,green,1
J2677,I7625,14883.0,14889.0,green,1
J2677,I12201,24340.0,24341.0,green,1
J2677,I12681,25229.0,25234.0,green,2
J2677,I13137,26063.0,26067.0,green,1
J2677,I13673,26961.0,26962.0,green,1
J3836,I8267,16283.0,16289.0,green,1
J3836,I8458,16694.0,16697.0,brown,1
J3836,I9067,18009.0,18013.0,green,3
J3836,I12847,25532.0,25533.0,green,1
J3315,I7728,15146.0,15151.0,green,1
J3315,I12592,25066.0,25068.0,green,1
J3315,I13487,26665.0,26668.0,brown,1
J3315,I13624,26884.0,26890.0,green,1
J4970,I13895,27354.0,27355.0,brown,1
J4970,I14216,27895.0,27896.0,green,1
J4970,I15312,29646.0,29649.0,green,3
J4970,I15424,29824.0,29827.0,green,1
J874,I1432,2268.0,2271.0,green,2
J874,I1623,2608.0,2609.0,brown,1
J4038,I10693,21323.0,21325.0,green,1
J4038,I10724,21373.0,21374.0,brown,1
J4038,I10789,21506.0,21512.0,green,1
J4496,I12240,24411.0,24417.0,green,1
J4496,I12976,25784.0,25787.0,green,2
J4496,I14064,27630.0,27633.0,green,2
J2005,I195,274.0,277.0,green,1
J2005,I8323,16409.0,16414.0,green,2
J2005,I8419,16612.0,16616.0,green,3
J433,I2043,3364.0,3365.0,green,1
J433,I2171,3618.0,3622.0,green,2
J1728,I4943,9126.0,9130.0,brown,3
J1728,I10960,21834.0,21835.0,green,1
J1728,I13104,26015.0,26018.0,green,1
J1728,I14336,28079.0,28081.0,green,1
J1042,I1981,3260.0,3263.0,green,3
J1042,I2141,3563.0,3565.0,green,1
J1042,I2653,4503.0,4505.0,green,1
J2685,I4037,7231.0,7235.0,green,3
J2685,I4293,7762.0,7767.0,green,2
J2685,I9567,19014.0,19015.0,green,1
J2299,I6943,13340.0,13341.0,green,1
J2299,I7231,13969.0,13970.0,green,1
J2299,I7647,14938.0,14944.0,green,2
J2299,I7711,15090.0,15098.0,green,1
J1064,I3447,6068.0,6070.0,green,1
J1064,I4375,7914.0,7915.0,green,1
J1064,I6647,12716.0,12720.0,green,1
J1064,I7639,14918.0,14926.0,green,1
J1064,I9471,18831.0,18832.0,green,1
J1064,I9623,19129.0,19133.0,green,1
J3344,I5681,10716.0,10717.0,brown,1
J3344,I11346,22649.0,22658.0,green,1
J3344,I12481,24856.0,24857.0,brown,1
J3344,I12786,25419.0,25426.0,green,1
J2248,I833,1286.0,1288.0,green,1
J2248,I2081,3438.0,3444.0,green,1
J2248,I5409,10154.0,10157.0,green,1
J2248,I6753,12940.0,12941.0,green,1
J2248,I7345,14286.0,14290.0,green,2
J3622,I866,1336.0,1338.0,brown,1
J3622,I12683,25235.0,25236.0,green,1
J3622,I13099,26007.0,26009.0,green,1
J3622,I13891,27346.0,27349.0,green,1
J2023,I6407,12230.0,12237.0,green,4
J2881,I9409,18719.0,18721.0,green,2
J2881,I10497,20919.0,20923.0,green,4
J3441,I3174,5551.0,5552.0,brown,1
J3441,I3206,5622.0,5623.0,brown,1
J3441,I3270,5741.0,5743.0,brown,1
J3441,I7559,14758.0,14763.0,green,1
J3441,I11399,22756.0,22757.0,green,1
J3441,I13575,26797.0,26798.0,green,1
J1124,I5901,11189.0,11192.0,green,1
J1124,I10061,20046.0,20052.0,green,1
J1124,I10733,21388.0,21389.0,green,1
J1124,I11405,22764.0,22767.0,green,1
J1504,I2676,4543.0,4546.0,green,2
J1504,I2772,4723.0,4728.0,green,1
J1504,I2804,4790.0,4793.0,green,3
J2903,I8960,17793.0,17794.0,brown,1
J2903,I10369,20653.0,20659.0,green,1
J2903,I10496,20915.0,20919.0,brown,1
J2903,I11969,23902.0,23903.0,green,1
J2903,I13153,26098.0,26101.0,green,1
J186,I1749,2846.0,2850.0,green,1
J186,I8373,16510.0,16524.0,green,1
J186,I10101,20115.0,20121.0,green,1
J186,I10678,21301.0,21304.0,green,1
J186,I10847,21614.0,21615.0,green,1
J186,I10879,21674.0,21676.0,green,1
J409,I1131,1771.0,1778.0,green,3
J409,I1227,1933.0,1937.0,green,1
J409,I2635,4470.0,4474.0,green,1
J409,I6223,11838.0,11843.0,green,1
J4140,I12370,24638.0,24640.0,green,1
J4140,I12577,25038.0,25039.0,brown,1
J4140,I13914,27385.0,27389.0,green,1
J4140,I14038,27574.0,27576.0,green,1
J3878,I13888,27338.0,27342.0,green,3
J3878,I14144,27764.0,27767.0,green,1
J671,I1581,2532.0,2534.0,green,1
J671,I1709,2778.0,2781.0,green,3
J671,I1773,2899.0,2902.0,green,2
J4147,I12108,24175.0,24179.0,green,1
J4147,I12139,24233.0,24235.0,brown,2
J4147,I12140,24235.0,24238.0,green,1
J4147,I14650,28600.0,28602.0,green,1
J4024,I4545,8269.0,8274.0,brown,1
J4024,I12546,24986.0,24988.0,green,2
J4024,I13538,26742.0,26744.0,green,2
J1676,I4636,8457.0,8460.0,green,1
J1676,I5563,10474.0,10476.0,brown,1
J1676,I7644,14933.0,14936.0,green,2
J1676,I9132,18130.0,18132.0,green,1
J1676,I9227,18298.0,18302.0,brown,1
J4379,I7221,13944.0,13945.0,brown,1
J4379,I7861,15427.0,15429.0,brown,1
J4379,I8629,17093.0,17094.0,brown,1
J4379,I8725,17303.0,17304.0,brown,1
J4379,I13958,27447.0,27449.0,green,2
J141,I717,1088.0,1090.0,brown,1
J141,I974,1520.0,1522.0,green,1
J141,I2830,4850.0,4857.0,green,3
J515,I1649,2653.0,2656.0,green,3
J515,I2193,3673.0,3677.0,green,1
J515,I2321,3909.0,3911.0,green,1
J3518,I6139,11642.0,11646.0,green,4
J3518,I7195,13889.0,13894.0,green,1
J4936,I13390,26497.0,26503.0,green,1
J4936,I14734,28738.0,28739.0,green,1
J4936,I15438,29841.0,29843.0,green,1
J4936,I15446,29852.0,29854.0,green,1
J3473,I2673,4533.0,4538.0,green,1
J3473,I12033,24021.0,24026.0,green,2
J4116,I10711,21351.0,21353.0,green,2
J4116,I10935,21781.0,21782.0,green,1
J4116,I12503,24897.0,24899.0,green,1
J486,I484,706.0,710.0,green,3
J3028,I2083,3447.0,3448.0,brown,1
J3028,I10499,20924.0,20926.0,brown,1
J3028,I11620,23226.0,23228.0,green,2
J3028,I11780,23518.0,23526.0,green,1
J3028,I14212,27881.0,27883.0,green,1
J3409,I5976,11323.0,11325.0,brown,1
J3409,I6008,11387.0,11389.0,brown,1
J3409,I11449,22856.0,22862.0,green,3
J1086,I2919,5019.0,5022.0,brown,1
J1086,I11080,22080.0,22082.0,green,1
J1086,I12040,24043.0,24046.0,green,3
J3185,I4683,8555.0,8557.0,green,2
J3185,I4747,8677.0,8681.0,green,1
J3830,I8668,17176.0,17183.0,green,1
J3830,I9052,17970.0,17976.0,green,1
J3830,I11484,22942.0,22946.0,green,1
J3830,I12700,25267.0,25271.0,green,1
J3830,I12955,25739.0,25741.0,brown,1
J3830,I13051,25931.0,25932.0,brown,1
J4483,I11341,22643.0,22644.0,brown,1
J4483,I11373,22706.0,22708.0,brown,2
J4483,I11533,23038.0,23039.0,brown,1
J4483,I14862,28946.0,28947.0,green,1
J3557,I9565,19007.0,19011.0,green,3
J3557,I10237,20384.0,20390.0,green,1
J3557,I12605,25091.0,25093.0,green,2
J4380,I6538,12519.0,12521.0,brown,1
J4380,I11211,22377.0,22382.0,green,2
J4380,I12907,25639.0,25641.0,green,1
J4380,I13963,27463.0,27464.0,green,1
J4380,I14571,28476.0,28478.0,green,1
J770,I2364,3977.0,3978.0,brown,1
J770,I2556,4328.0,4329.0,brown,1
J770,I2588,4391.0,4392.0,brown,1
J770,I8445,16656.0,16660.0,green,1
J770,I11517,23014.0,23015.0,green,1
J770,I11649,23278.0,23279.0,green,1
J4693,I8584,16977.0,16981.0,green,2
J4693,I11496,22965.0,22970.0,green,3
J4693,I13800,27176.0,27178.0,green,1
J1206,I3861,6905.0,6907.0,green,2
J1206,I4021,7191.0,7194.0,green,3
J1206,I4117,7410.0,7414.0,green,1
J4985,I7673,15007.0,15010.0,brown,1
J4985,I15354,29719.0,29720.0,green,1
J4985,I15418,29814.0,29816.0,green,2
J4985,I15466,29887.0,29889.0,green,2
J532,I1062,1665.0,1666.0,green,1
J532,I1126,1764.0,1765.0,green,1
J532,I2566,4343.0,4344.0,green,1
J532,I3398,5957.0,5960.0,green,1
J532,I6246,11882.0,11883.0,green,1
J628,I1287,2027.0,2028.0,green,1
J628,I1575,2520.0,2521.0,green,1
J628,I1639,2633.0,2636.0,green,2
J1880,I3905,6981.0,6983.0,brown,1
J1880,I3906,6983.0,6986.0,green,2
J1880,I4354,7877.0,7880.0,green,2
J1880,I4418,8004.0,8007.0,green,1
J4715,I6065,11507.0,11508.0,brown,1
J4715,I13906,27367.0,27372.0,green,1
J4715,I14002,27521.0,27522.0,green,1
J4715,I14642,28590.0,28591.0,green,1
J1104,I3634,6472.0,6474.0,brown,2
J1104,I5299,9878.0,9882.0,green,2
J1104,I6771,12980.0,12982.0,green,1
J1104,I10371,20661.0,20664.0,green,1
J2739,I2993,5195.0,5196.0,green,1
J2739,I10321,20540.0,20542.0,green,1
J2739,I10641,21223.0,21226.0,green,1
J2739,I11993,23943.0,23945.0,green,1
J2739,I12273,24469.0,24472.0,green,1
J2739,I12353,24615.0,24618.0,green,1
J4026,I5121,9486.0,9488.0,brown,2
J4026,I5377,10067.0,10070.0,brown,1
J4026,I8930,17731.0,17742.0,green,1
J4026,I12650,25170.0,25174.0,green,1
J3297,I6184,11759.0,11762.0,green,3
J3297,I6216,11827.0,11829.0,green,2
J2993,I8650,17136.0,17138.0,green,2
J2993,I8714,17272.0,17273.0,brown,1
J2993,I9418,18738.0,18739.0,brown,1
J2993,I10794,21516.0,21522.0,green,1
J4749,I5851,11102.0,11103.0,green,1
J4749,I5883,11161.0,11162.0,brown,1
J4749,I9115,18105.0,18106.0,brown,1
J4749,I9691,19259.0,19263.0,green,1
J4749,I15036,29215.0,29216.0,green,1
J4749,I15323,29668.0,29672.0,green,1
J259,I1300,2054.0,2056.0,green,1
J259,I8796,17453.0,17458.0,green,2
J259,I9276,18413.0,18414.0,green,1
J2928,I2220,3724.0,3727.0,green,2
J2928,I3180,5563.0,5572.0,green,1
J2928,I11384,22731.0,22736.0,green,2
J4591,I4442,8065.0,8066.0,brown,1
J4591,I7546,14730.0,14731.0,brown,1
J4591,I13211,26195.0,26197.0,green,1
J4591,I13851,27278.0,27281.0,green,1
J4591,I14218,27897.0,27899.0,green,1
J4591,I14579,28490.0,28492.0,green,1
J3126,I5622,10580.0,10582.0,brown,1
J3126,I5846,11090.0,11093.0,brown,1
J2342,I3186,5586.0,5590.0,green,1
J2342,I4626,8421.0,8433.0,green,3
J2342,I11574,23136.0,23138.0,green,2
J3179,I10752,21426.0,21430.0,green,1
J3179,I11296,22553.0,22555.0,green,1
J3179,I13535,26734.0,26738.0,brown,1
J3179,I13663,26948.0,26950.0,brown,1
J2347,I2269,3825.0,3828.0,brown,3
J2347,I5406,10136.0,10146.0,green,2
J2347,I9437,18772.0,18775.0,brown,1
J539,I710,1073.0,1078.0,green,1
J539,I3334,5844.0,5845.0,green,1
J539,I3366,5896.0,5898.0,green,2
J539,I3398,5957.0,5960.0,green,1
J539,I4742,8669.0,8673.0,green,1
J2045,I5952,11282.0,11285.0,brown,1
J2045,I14529,28404.0,28405.0,green,1
J260,I295,425.0,431.0,green,5
J260,I2599,4408.0,4414.0,green,1
J74,I325,466.0,467.0,brown,1
J74,I2053,3389.0,3391.0,brown,2
J74,I7302,14162.0,14170.0,green,1
J4212,I10740,21400.0,21401.0,green,1
J4212,I10772,21469.0,21471.0,green,2
J4212,I10868,21655.0,21658.0,green,1
J4212,I12580,25041.0,25043.0,green,1
J277,I530,779.0,780.0,green,1
J277,I1202,1892.0,1894.0,green,2
J277,I2482,4191.0,4192.0,green,1
J277,I3108,5411.0,5413.0,green,1
J277,I3194,5601.0,5603.0,green,1
J4218,I7875,15457.0,15458.0,brown,1
J4218,I11139,22197.0,22199.0,brown,1
J4218,I11555,23090.0,23093.0,brown,1
J4218,I12804,25454.0,25461.0,green,2
J3772,I3303,5795.0,5797.0,brown,1
J3772,I3335,5845.0,5847.0,brown,1
J3772,I8520,16820.0,16821.0,green,1
J3772,I12400,24707.0,24710.0,green,1
J3772,I12554,24999.0,25001.0,green,1
J3772,I12784,25417.0,25418.0,green,1
J4507,I5910,11214.0,11215.0,brown,1
J4507,I6006,11384.0,11385.0,brown,1
J4507,I6070,11515.0,11518.0,brown,1
J4507,I14647,28595.0,28597.0,green,1
J4507,I15553,29999.0,30000.0,green,1
J3397,I4273,7723.0,7729.0,green,1
J3397,I7537,14718.0,14719.0,green,1
J3397,I10513,20963.0,20965.0,green,2
J3397,I11409,22773.0,22777.0,green,1
J3397,I13319,26371.0,26373.0,green,1
J880,I428,630.0,631.0,green,1
J880,I3180,5563.0,5572.0,green,1
J4492,I3175,5552.0,5553.0,brown,1
J4492,I8327,16423.0,16424.0,brown,1
J4492,I10792,21514.0,21515.0,green,1
J4492,I11176,22280.0,22282.0,green,1
J1011,I734,1118.0,1128.0,green,2
J1011,I926,1436.0,1438.0,green,1
J1011,I7422,14462.0,14465.0,green,1
J1011,I7518,14677.0,14682.0,green,1
J1011,I8094,15896.0,15900.0,green,1
J1024,I1635,2627.0,2628.0,green,1
J1024,I4419,8007.0,8009.0,green,1
J1024,I6435,12290.0,12295.0,green,1
J644,I2071,3418.0,3419.0,green,1
J644,I2295,3873.0,3875.0,green,1
J644,I2455,4133.0,4134.0,green,1
J644,I7126,13711.0,13715.0,green,1
J1915,I9386,18672.0,18679.0,green,1
J1915,I10230,20375.0,20377.0,green,1
J1350,I1821,2987.0,2988.0,brown,1
J1350,I1853,3035.0,3037.0,brown,1
J1350,I8350,16463.0,16465.0,green,1
J1350,I11606,23198.0,23204.0,green,2
J2514,I1691,2731.0,2734.0,green,1
J2514,I2491,4205.0,4208.0,green,1
J2514,I7798,15301.0,15305.0,green,2
J3685,I8224,16174.0,16177.0,green,3
J3685,I11104,22124.0,22128.0,green,1
J1423,I3345,5857.0,5858.0,brown,1
J1423,I3538,6278.0,6282.0,green,1
J1423,I6738,12908.0,12909.0,brown,1
J1423,I7410,14428.0,14433.0,green,1
J1423,I7794,15283.0,15291.0,green,1
J1423,I8394,16569.0,16571.0,green,1
J3740,I7283,14107.0,14113.0,green,1
J3740,I9075,18030.0,18032.0,green,1
J3740,I10963,21837.0,21845.0,green,2
J3161,I1925,3164.0,3168.0,brown,1
J3161,I11078,22077.0,22078.0,green,1
J3161,I11558,23096.0,23097.0,green,1
J3161,I14214,27884.0,27888.0,green,1
J4597,I5815,11035.0,11036.0,brown,1
J4597,I7192,13871.0,13879.0,green,2
J4597,I14104,27702.0,27704.0,green,2
J18,I2835,4866.0,4867.0,green,1
J18,I4019,7188.0,7190.0,green,1
J18,I4851,8921.0,8923.0,green,1
J2799,I4164,7522.0,7524.0,green,2
J2799,I5284,9840.0,9847.0,green,1
J2799,I8616,17053.0,17062.0,green,2
J4599,I8113,15934.0,15940.0,green,1
J4599,I8305,16378.0,16379.0,green,1
J4599,I10641,21223.0,21226.0,green,2
J4599,I13841,27252.0,27258.0,green,1
J4599,I13905,27366.0,27367.0,brown,1
J4990,I10793,21515.0,21516.0,green,1
J4990,I15305,29638.0,29639.0,green,1
J4990,I15441,29845.0,29846.0,green,1
J4990,I15535,29979.0,29980.0,green,1
J4990,I15543,29987.0,29989.0,green,2
J4679,I11397,22754.0,22755.0,brown,1
J115,I3367,5898.0,5901.0,brown,1
J115,I4968,9172.0,9181.0,green,1
J115,I7304,14171.0,14176.0,green,1
J2462,I1683,2719.0,2720.0,brown,1
J834,I711,1078.0,1079.0,green,1
J834,I1351,2132.0,2135.0,green,1
J834,I7903,15510.0,15512.0,green,1
J2613,I7374,14351.0,14352.0,green,1
J2613,I7502,14647.0,14649.0,green,2
J2613,I8334,16434.0,16438.0,green,3
J2039,I6049,11476.0,11478.0,brown,2
J2039,I6105,11580.0,11582.0,brown,1
J2039,I6550,12541.0,12544.0,green,1
J2039,I6658,12737.0,12741.0,green,2
J1914,I13046,25920.0,25927.0,green,1
J1914,I13274,26304.0,26305.0,green,1
J1914,I13370,26467.0,26469.0,green,1
J1914,I14198,27851.0,27853.0,green,2
J4278,I12070,24103.0,24105.0,green,1
J4278,I14406,28187.0,28194.0,green,3
J203,I201,287.0,288.0,green,1
J203,I233,333.0,336.0,green,1
J203,I393,568.0,569.0,green,1
J810,I2099,3489.0,3490.0,brown,1
J810,I9940,19777.0,19783.0,green,3
J810,I11860,23683.0,23686.0,green,1
J810,I12324,24555.0,24557.0,green,1
J2082,I3165,5539.0,5540.0,brown,1
J2082,I3197,5606.0,5608.0,brown,2
J2082,I3261,5725.0,5727.0,brown,1
J2082,I12126,24212.0,24213.0,green,1
J569,I1948,3210.0,3211.0,green,1
J569,I1980,3259.0,3260.0,green,1
J569,I2044,3365.0,3373.0,green,4
J1558,I4481,8142.0,8143.0,brown,1
J1558,I11430,22817.0,22818.0,green,1
J1558,I11450,22862.0,22864.0,green,1
J460,I620,923.0,928.0,green,1
J460,I1228,1937.0,1941.0,green,1
J2938,I824,1273.0,1275.0,brown,1
J2938,I1400,2212.0,2215.0,brown,1
J2938,I2264,3809.0,3813.0,brown,1
J2938,I12985,25807.0,25810.0,green,1
J1642,I3490,6178.0,6181.0,green,1
J1642,I3522,6251.0,6253.0,green,2
J1642,I4546,8274.0,8277.0,green,2
J1642,I4610,8392.0,8394.0,green,1
J3329,I1606,2578.0,2580.0,brown,2
J3329,I4935,9109.0,9112.0,green,1
J3329,I7910,15524.0,15525.0,brown,1
J3329,I12967,25760.0,25765.0,green,1
J3329,I13991,27505.0,27508.0,green,1
J2967,I4487,8151.0,8152.0,brown,1
J2967,I5287,9849.0,9852.0,brown,2
J2967,I13320,26373.0,26376.0,green,2
J985,I212,304.0,306.0,green,1
J985,I4244,7672.0,7674.0,green,2
J985,I9752,19369.0,19371.0,green,2
J4106,I8923,17712.0,17714.0,green,2
J4106,I8955,17781.0,17783.0,green,2
J4106,I9212,18276.0,18278.0,brown,1
J4106,I10364,20638.0,20642.0,brown,1
J2423,I6661,12748.0,12752.0,green,2
J2423,I8453,16682.0,16687.0,green,4
J3404,I6408,12237.0,12239.0,green,2
J3404,I6536,12514.0,12515.0,brown,1
J3404,I6760,12950.0,12957.0,green,1
J3404,I8680,17199.0,17205.0,green,1
J2733,I6761,12957.0,12960.0,green,3
J2733,I6825,13109.0,13111.0,green,2
J2897,I7077,13604.0,13608.0,green,1
J2897,I8325,16418.0,16422.0,green,1
J2897,I8581,16971.0,16975.0,green,2
J3486,I7253,14037.0,14041.0,green,3
J4196,I12520,24934.0,24935.0,green,1
J4196,I12712,25292.0,25293.0,green,1
J4196,I12776,25403.0,25405.0,green,1
J3776,I4077,7325.0,7335.0,green,1
J3776,I4140,7467.0,7468.0,brown,1
J3776,I4205,7599.0,7600.0,green,1
J3776,I4589,8352.0,8353.0,brown,1
J3776,I7373,14349.0,14351.0,green,1
J3776,I11597,23176.0,23182.0,green,1
J4782,I7510,14658.0,14661.0,brown,1
J4782,I11735,23436.0,23440.0,green,1
J4782,I12503,24897.0,24899.0,green,1
J4782,I14327,28063.0,28068.0,green,3
J1715,I4670,8524.0,8527.0,brown,2
J1715,I4863,8942.0,8944.0,green,1
J1715,I7487,14613.0,14615.0,green,1
J1715,I10015,19940.0,19947.0,green,2
J241,I507,742.0,745.0,green,3
J241,I539,796.0,799.0,green,1
J241,I7411,14433.0,14441.0,green,2
J4563,I9217,18283.0,18285.0,brown,1
J4563,I9378,18659.0,18661.0,green,1
J4563,I10658,21270.0,21271.0,green,1
J4563,I12034,24026.0,24031.0,green,1
J3138,I11636,23255.0,23256.0,green,1
J3138,I12916,25652.0,25653.0,green,1
J3138,I14692,28674.0,28675.0,green,1
J3138,I14852,28930.0,28932.0,green,1
J3193,I3317,5819.0,5820.0,green,1
J3193,I9237,18321.0,18334.0,green,1
J3193,I10309,20510.0,20512.0,green,1
J3193,I10389,20705.0,20706.0,brown,1
J2448,I1045,1639.0,1640.0,green,1
J581,I1004,1569.0,1570.0,brown,1
J581,I3373,5913.0,5918.0,green,1
J581,I9101,18082.0,18085.0,green,1
J581,I10189,20307.0,20308.0,green,1
J581,I10765,21452.0,21456.0,green,1
J581,I11793,23540.0,23541.0,green,1
J1165,I2876,4946.0,4947.0,green,1
J1165,I6516,12474.0,12482.0,green,1
J1165,I7116,13687.0,13693.0,green,1
J1165,I7286,14117.0,14125.0,green,1
J24,I4920,9066.0,9073.0,green,1
J24,I9367,18634.0,18637.0,brown,1
J24,I11624,23233.0,23237.0,green,2
J4829,I9762,19384.0,19385.0,brown,1
J4829,I10947,21808.0,21810.0,green,1
J4829,I14211,27879.0,27881.0,green,1
J4829,I15171,29444.0,29446.0,green,1
J4829,I15363,29737.0,29739.0,green,1
J4829,I15419,29816.0,29818.0,green,1
J2761,I6527,12499.0,12500.0,brown,1
J2761,I6688,12802.0,12803.0,green,1
J2761,I6720,12860.0,12865.0,green,1
J2761,I6816,13078.0,13079.0,green,1
J2761,I12266,24457.0,24458.0,green,1
J2761,I12320,24548.0,24550.0,green,1
J1254,I3882,6942.0,6944.0,green,2
J1254,I4234,7652.0,7655.0,green,1
J1254,I4298,7774.0,7775.0,green,1
J4436,I11745,23458.0,23461.0,green,3
J4436,I12161,24271.0,24272.0,brown,1
J2610,I3846,6880.0,6883.0,brown,1
J2610,I4615,8405.0,8406.0,green,1
J2610,I6759,12948.0,12950.0,green,1
J2610,I11143,22203.0,22208.0,green,1
J2610,I11967,23895.0,23899.0,green,1
J2610,I12127,24213.0,24214.0,green,1
J3735,I7854,15417.0,15420.0,green,3
J3735,I7886,15473.0,15475.0,green,1
J1452,I4580,8338.0,8342.0,green,2
J1452,I5380,10074.0,10075.0,green,1
J1452,I6724,12869.0,12873.0,green,1
J1452,I10988,21892.0,21893.0,green,1
J1452,I11612,23213.0,23214.0,green,1
J2172,I5617,10571.0,10574.0,brown,2
J2172,I9777,19413.0,19414.0,brown,1
J2172,I9953,19810.0,19814.0,brown,1
J2172,I12394,24692.0,24694.0,green,2
J2188,I2409,4050.0,4054.0,green,4
J1351,I1589,2545.0,2548.0,green,1
J1351,I1621,2603.0,2607.0,green,1
J1351,I1781,2921.0,2923.0,green,2
J4564,I4437,8056.0,8057.0,brown,1
J4564,I4565,8302.0,8304.0,brown,1
J4564,I7477,14581.0,14582.0,brown,1
J4564,I13046,25920.0,25927.0,green,2
J4564,I13590,26826.0,26831.0,green,1
J4667,I8584,16977.0,16981.0,green,1
J4667,I13704,27001.0,27013.0,green,1
J465,I1332,2100.0,2102.0,brown,1
J465,I11205,22349.0,22355.0,green,1
J465,I11257,22485.0,22488.0,green,2
J465,I11641,23260.0,23263.0,green,2
J487,I4464,8114.0,8119.0,green,1
J487,I5200,9647.0,9657.0,green,1
J487,I12762,25375.0,25377.0,green,1
J487,I12880,25596.0,25601.0,green,2
J3024,I3580,6353.0,6356.0,green,3
J3024,I3676,6546.0,6547.0,brown,1
J4345,I9551,18979.0,18980.0,brown,1
J4345,I10575,21105.0,21107.0,brown,2
J4345,I11055,22024.0,22027.0,brown,2
J4345,I11279,22528.0,22529.0,brown,1
J3601,I12948,25718.0,25725.0,green,1
J3601,I13428,26571.0,26572.0,green,1
J3601,I14100,27696.0,27697.0,green,1
J3601,I15156,29419.0,29421.0,green,1
J3617,I10162,20251.0,20255.0,green,1
J3617,I12466,24831.0,24833.0,green,2
J3617,I12498,24891.0,24892.0,brown,1
J3617,I12530,24962.0,24964.0,brown,1
J3617,I12658,25185.0,25186.0,brown,1
J4871,I11026,21961.0,21963.0,green,2
J4871,I12594,25069.0,25076.0,green,1
J4871,I13234,26233.0,26239.0,green,1
J4871,I14258,27963.0,27967.0,green,1
J4871,I14994,29145.0,29147.0,green,1
J3279,I5656,10656.0,10659.0,green,2
J3279,I5752,10883.0,10890.0,green,2
J3279,I7192,13871.0,13879.0,green,1
J3279,I7896,15496.0,15497.0,green,1
J3258,I10043,20003.0,20006.0,green,1
J736,I146,197.0,199.0,brown,1
J736,I274,393.0,395.0,brown,1
J736,I11579,23142.0,23146.0,green,1
J736,I11923,23800.0,23803.0,green,1
J736,I11931,23818.0,23820.0,green,1
J736,I12003,23962.0,23963.0,green,1
J1474,I104,135.0,136.0,brown,1
J1474,I169,233.0,235.0,green,1
J1474,I5769,10932.0,10937.0,green,1
J1474,I8713,17270.0,17272.0,green,1
J1474,I9417,18734.0,18738.0,green,1
J1474,I11377,22712.0,22714.0,green,1
J3086,I8149,16013.0,16015.0,green,2
J3086,I8213,16156.0,16157.0,brown,1
J3086,I8245,16227.0,16228.0,green,1
J3086,I8373,16510.0,16524.0,green,1
J3086,I9301,18467.0,18479.0,green,1
J1416,I127,165.0,166.0,green,1
J1416,I223,321.0,322.0,green,1
J1416,I383,552.0,555.0,green,1
J1416,I415,608.0,612.0,green,1
J1416,I4607,8388.0,8390.0,green,2
J304,I347,498.0,500.0,brown,1
J304,I5500,10343.0,10345.0,green,1
J304,I7804,15321.0,15324.0,green,1
J304,I8508,16791.0,16792.0,green,1
J304,I8540,16866.0,16878.0,green,2
J2716,I5784,10961.0,10963.0,brown,2
J2716,I5816,11036.0,11038.0,brown,2
J1575,I6036,11445.0,11448.0,green,1
J1575,I8532,16845.0,16847.0,green,1
J1575,I8916,17687.0,17690.0,green,2
J3103,I5594,10525.0,10526.0,brown,1
J3103,I6042,11458.0,11460.0,brown,2
J3103,I14587,28502.0,28503.0,green,1
J3103,I15439,29843.0,29844.0,green,1
J2450,I4697,8585.0,8592.0,green,4
J2450,I7033,13521.0,13527.0,green,1
J4078,I2407,4048.0,4049.0,brown,1
J4078,I12984,25800.0,25807.0,green,2
J997,I125,163.0,164.0,green,1
J997,I157,214.0,215.0,brown,1
J997,I253,359.0,361.0,green,1
J997,I925,1431.0,1436.0,green,2
J997,I4029,7211.0,7217.0,green,1
J4855,I14703,28688.0,28695.0,green,1
J4855,I15193,29478.0,29480.0,green,2
J4855,I15225,29523.0,29525.0,green,1
J4108,I8786,17436.0,17438.0,green,1
J4108,I8977,17821.0,17823.0,brown,2
J4108,I9426,18749.0,18750.0,green,1
J4108,I12274,24472.0,24473.0,green,1
J4292,I11819,23589.0,23590.0,green,1
J4292,I11883,23716.0,23718.0,green,2
J4292,I12203,24342.0,24345.0,green,2
J234,I998,1562.0,1563.0,green,1
J234,I1350,2128.0,2132.0,green,1
J234,I3318,5820.0,5821.0,green,1
J234,I4022,7194.0,7197.0,green,1
J222,I277,398.0,401.0,green,1
J222,I373,537.0,539.0,green,1
J222,I469,687.0,688.0,green,1
J222,I533,783.0,787.0,green,3
J1373,I3711,6625.0,6626.0,green,1
J1373,I3807,6811.0,6814.0,green,1
J1373,I7199,13900.0,13905.0,green,3
J1373,I9823,19526.0,19529.0,green,1
J4941,I6909,13259.0,13261.0,brown,1
J4941,I7005,13470.0,13471.0,brown,1
J4941,I7037,13531.0,13535.0,brown,1
J4941,I12670,25209.0,25215.0,green,2
J4941,I15326,29676.0,29677.0,green,1
J240,I484,706.0,710.0,green,1
J240,I644,961.0,965.0,green,1
J240,I1220,1919.0,1920.0,green,1
J240,I1252,1976.0,1978.0,green,2
J240,I2116,3514.0,3516.0,green,1
J3497,I9256,18382.0,18383.0,green,1
J3497,I9768,19394.0,19395.0,green,1
J3497,I11834,23629.0,23635.0,green,3
J882,I3664,6522.0,6525.0,green,1
J882,I10192,20311.0,20314.0,green,1
J4827,I12500,24893.0,24894.0,brown,1
J4827,I12564,25018.0,25019.0,brown,1
J4827,I12628,25140.0,25141.0,brown,1
J4827,I12661,25190.0,25193.0,green,2
J4827,I13253,26269.0,26270.0,green,1
J4847,I9577,19037.0,19038.0,brown,1
J4847,I9673,19228.0,19232.0,brown,2
J4847,I10474,20866.0,20867.0,green,1
J4847,I10506,20945.0,20946.0,green,1
J4847,I10954,21823.0,21824.0,green,1
J1903,I3837,6865.0,6871.0,green,1
J1903,I3838,6871.0,6873.0,green,2
J4658,I13624,26884.0,26890.0,green,2
J4658,I13696,26988.0,26992.0,green,2
J4658,I14618,28550.0,28551.0,green,1
J4658,I14712,28705.0,28706.0,green,1
J3206,I11210,22367.0,22377.0,green,1
J3206,I11994,23945.0,23950.0,green,3
J3206,I12010,23980.0,23982.0,green,2
J2694,I5844,11088.0,11089.0,green,1
J1586,I7749,15182.0,15187.0,green,1
J2498,I8706,17248.0,17254.0,green,2
J2498,I8930,17731.0,17742.0,green,3
J2498,I12194,24328.0,24330.0,green,1
J1686,I4698,8592.0,8593.0,green,1
J1686,I4826,8847.0,8849.0,green,2
J1686,I4922,9077.0,9080.0,green,1
J1537,I3699,6605.0,6606.0,green,1
J1537,I5139,9516.0,9520.0,green,2
J1537,I6803,13040.0,13042.0,green,1
J1929,I7416,14449.0,14452.0,green,2
J1929,I12608,25106.0,25110.0,green,1
J2670,I7768,15226.0,15227.0,green,1
J2670,I7800,15306.0,15310.0,green,2
J2670,I7992,15682.0,15683.0,brown,1
J2670,I8088,15882.0,15885.0,green,1
J2670,I8280,16330.0,16331.0,brown,1
J4971,I9623,19129.0,19133.0,green,1
J4971,I9751,19367.0,19369.0,green,2
J4971,I15031,29208.0,29210.0,green,1
J1412,I2881,4951.0,4952.0,green,1
J1412,I4705,8606.0,8608.0,green,1
J1412,I11171,22271.0,22273.0,green,2
J1412,I11203,22345.0,22347.0,green,1
J2407,I4116,7408.0,7410.0,green,2
J2407,I5140,9520.0,9528.0,green,1
J89,I347,498.0,500.0,brown,1
J89,I411,602.0,603.0,brown,1
J89,I12460,24821.0,24823.0,green,1
J4609,I12119,24196.0,24197.0,brown,1
J4609,I12215,24363.0,24366.0,brown,1
J4609,I13088,25988.0,25990.0,green,1
J3687,I6508,12452.0,12458.0,green,1
J3687,I10892,21712.0,21715.0,green,1
J3700,I10144,20212.0,20215.0,green,1
J3700,I10271,20442.0,20443.0,brown,1
J3700,I10368,20647.0,20653.0,green,2
J3700,I12938,25696.0,25700.0,green,1
J3700,I13516,26705.0,26706.0,green,1
J680,I402,583.0,585.0,green,2
J680,I434,637.0,638.0,green,1
J680,I658,989.0,990.0,green,1
J680,I1298,2050.0,2053.0,green,1
J680,I2354,3957.0,3962.0,green,1
J3706,I4357,7882.0,7884.0,brown,2
J2253,I4789,8769.0,8771.0,green,2
J2253,I4949,9138.0,9140.0,green,1
J2307,I6333,12044.0,12045.0,brown,1
J2307,I6365,12118.0,12120.0,brown,1
J2307,I6429,12279.0,12280.0,brown,1
J2307,I7070,13590.0,13593.0,green,1
J2307,I11518,23015.0,23017.0,green,1
J2315,I3504,6212.0,6215.0,green,2
J2315,I5200,9647.0,9657.0,green,1
J3074,I7128,13722.0,13727.0,brown,3
J3074,I8056,15813.0,15814.0,brown,1
J3074,I12303,24518.0,24521.0,green,2
J2268,I1116,1749.0,1750.0,brown,1
J2268,I2205,3698.0,3702.0,green,2
J2268,I3133,5467.0,5469.0,green,1
J1689,I2730,4637.0,4639.0,brown,1
J1689,I2859,4905.0,4911.0,green,1
J1689,I4362,7893.0,7894.0,brown,1
J1689,I4363,7894.0,7899.0,green,2
J1689,I4594,8358.0,8362.0,brown,1
J4467,I9241,18341.0,18344.0,brown,1
J4467,I9498,18891.0,18895.0,green,2
J4467,I9625,19134.0,19137.0,brown,1
J4467,I14074,27656.0,27659.0,green,1
J96,I130,169.0,171.0,green,1
J96,I162,222.0,225.0,green,1
J96,I258,369.0,372.0,green,2
J96,I458,670.0,673.0,green,1
J3833,I8174,16069.0,16071.0,brown,1
J3833,I8175,16071.0,16073.0,green,1
J3833,I15135,29384.0,29386.0,green,1
J3159,I499,730.0,732.0,brown,2
J3159,I5396,10113.0,10121.0,green,1
J3159,I6132,11624.0,11629.0,green,1
J3159,I6675,12778.0,12780.0,brown,1
J3159,I11924,23803.0,23809.0,green,1
J1983,I11440,22836.0,22839.0,green,1
J1983,I11808,23573.0,23575.0,green,2
J3284,I6401,12209.0,12215.0,green,3
J3284,I6945,13343.0,13350.0,green,1
J999,I2122,3528.0,3531.0,green,2
J999,I2154,3584.0,3588.0,green,1
J999,I3626,6452.0,6457.0,green,1
J999,I3802,6802.0,6803.0,green,1
J999,I4178,7547.0,7549.0,green,1
J2971,I3738,6677.0,6678.0,brown,1
J2971,I3899,6964.0,6970.0,green,2
J2971,I8283,16334.0,16336.0,green,1
J2971,I9114,18101.0,18105.0,brown,1
J2971,I9403,18702.0,18707.0,green,1
J4085,I7555,14744.0,14746.0,brown,1
J4085,I13508,26696.0,26697.0,green,1
J4282,I6675,12778.0,12780.0,brown,1
J4282,I14228,27914.0,27916.0,green,1
J4282,I14316,28051.0,28053.0,green,1
J742,I1430,2261.0,2264.0,green,2
J742,I1558,2490.0,2492.0,green,1
J742,I1718,2797.0,2801.0,green,1
J742,I2230,3744.0,3745.0,green,1
J742,I3574,6339.0,6343.0,green,1
J1951,I1691,2731.0,2734.0,green,1
J1951,I3612,6428.0,6432.0,green,3
J1951,I5020,9294.0,9297.0,green,1
J1951,I7423,14465.0,14466.0,brown,1
J2692,I75,94.0,95.0,brown,1
J2692,I1291,2034.0,2038.0,brown,1
J2692,I11180,22291.0,22300.0,green,1
J2692,I12780,25410.0,25412.0,green,1
J2692,I14124,27727.0,27730.0,green,2
J1590,I2092,3469.0,3470.0,green,1
J1590,I2124,3532.0,3534.0,green,2
J1590,I2188,3653.0,3660.0,green,1
J1590,I5515,10369.0,10383.0,green,2
J1325,I1312,2071.0,2072.0,brown,1
J1325,I5025,9309.0,9321.0,green,1
J1325,I11361,22688.0,22694.0,green,2
J1325,I11937,23829.0,23834.0,green,1
J3670,I4252,7684.0,7688.0,green,1
J3670,I4828,8853.0,8858.0,green,1
J3670,I5276,9825.0,9826.0,green,1
J3670,I11096,22107.0,22110.0,green,1
J99,I1052,1649.0,1655.0,brown,1
J99,I9117,18107.0,18111.0,green,3
J99,I10429,20777.0,20778.0,green,1
J99,I10861,21642.0,21648.0,green,1
J397,I316,453.0,454.0,green,1
J397,I380,549.0,550.0,green,1
J397,I381,550.0,551.0,green,1
J397,I700,1050.0,1052.0,green,1
J397,I4844,8905.0,8911.0,green,1
J397,I5028,9325.0,9327.0,green,1
J4029,I5828,11052.0,11059.0,green,2
J4029,I6371,12134.0,12137.0,brown,1
J4029,I8324,16414.0,16418.0,green,2
J4919,I14125,27730.0,27731.0,green,1
J4919,I14477,28321.0,28324.0,green,1
J4919,I15445,29849.0,29852.0,green,1
J4919,I15469,29891.0,29896.0,green,2
J2860,I4886,8996.0,8997.0,green,1
J2860,I4918,9061.0,9065.0,green,3
J2860,I5078,9412.0,9414.0,green,1
J2860,I11022,21945.0,21953.0,green,1
J4424,I10883,21679.0,21690.0,green,1
J4424,I12611,25116.0,25118.0,green,2
J1377,I4601,8371.0,8373.0,brown,1
J1377,I4665,8516.0,8518.0,brown,1
J1377,I13850,27277.0,27278.0,green,1
J799,I4464,8114.0,8119.0,green,1
J799,I5200,9647.0,9657.0,green,1
J799,I8598,17010.0,17013.0,green,2
J799,I9016,17895.0,17899.0,green,1
J3807,I4158,7512.0,7514.0,brown,1
J3807,I11743,23451.0,23454.0,green,3
J4963,I8272,16306.0,16310.0,brown,1
J4963,I15175,29450.0,29454.0,green,1
J4963,I15377,29754.0,29756.0,green,1
J4963,I15417,29811.0,29814.0,green,3
J1301,I3850,6889.0,6890.0,brown,1
J1301,I4138,7462.0,7466.0,brown,1
J1301,I4522,8221.0,8223.0,brown,1
J1301,I7158,13782.0,13787.0,green,3
J1437,I4198,7585.0,7586.0,brown,1
J1437,I4806,8803.0,8804.0,brown,1
J1437,I7879,15461.0,15465.0,green,1
J1278,I768,1180.0,1184.0,green,2
J1278,I832,1285.0,1286.0,green,1
J1278,I1504,2394.0,2397.0,brown,1
J1278,I3712,6626.0,6628.0,green,1
J1278,I5024,9304.0,9309.0,green,1
J3849,I8514,16806.0,16809.0,green,1
J3849,I8930,17731.0,17742.0,green,3
J2795,I2373,3993.0,3996.0,brown,2
J2795,I14204,27861.0,27867.0,green,1
J4983,I14271,27985.0,27988.0,green,3
J4983,I14367,28122.0,28124.0,green,1
J4983,I15423,29821.0,29824.0,green,2
J3741,I3484,6158.0,6160.0,brown,1
J3741,I7901,15503.0,15508.0,green,1
J3741,I10397,20720.0,20724.0,green,1
J3741,I12941,25708.0,25709.0,green,1
J3741,I13777,27120.0,27126.0,green,2
J2791,I7560,14763.0,14768.0,green,5
J2261,I2515,4254.0,4255.0,brown,1
J2261,I2548,4316.0,4317.0,green,1
J2261,I3028,5261.0,5262.0,green,1
J2261,I8628,17090.0,17093.0,green,1
J2261,I10100,20110.0,20115.0,green,1
J2316,I4585,8348.0,8349.0,brown,1
J2316,I4842,8897.0,8904.0,green,1
J2316,I5450,10236.0,10241.0,green,2
J2316,I8633,17100.0,17103.0,brown,1
J2316,I8686,17212.0,17213.0,green,1
J34,I1005,1570.0,1573.0,brown,1
J34,I4110,7397.0,7399.0,green,1
J34,I7310,14190.0,14202.0,green,1
J34,I12954,25735.0,25739.0,green,1
J4824,I11348,22659.0,22662.0,green,1
J4824,I12436,24773.0,24776.0,green,2
J4824,I14260,27968.0,27970.0,green,2
J1981,I3572,6334.0,6336.0,green,2
J1981,I3668,6532.0,6534.0,green,2
J1981,I3700,6606.0,6608.0,green,2
J180,I655,985.0,986.0,green,1
J180,I951,1483.0,1484.0,green,1
J180,I2193,3673.0,3677.0,green,1
J180,I2319,3905.0,3908.0,green,1
J180,I2357,3965.0,3967.0,green,1
J497,I1711,2782.0,2784.0,green,2
J497,I3279,5761.0,5764.0,green,1
J497,I7232,13970.0,13973.0,brown,1
J497,I7286,14117.0,14125.0,green,2
J1396,I3823,6844.0,6846.0,brown,1
J1396,I5264,9806.0,9807.0,green,1
J1396,I7536,14715.0,14718.0,green,2
J667,I1229,1941.0,1943.0,brown,1
J667,I10557,21071.0,21075.0,brown,2
J667,I11278,22524.0,22528.0,green,1
J667,I11566,23109.0,23113.0,green,1
J667,I12750,25357.0,25358.0,green,1
J2079,I1400,2212.0,2215.0,brown,1
J2079,I1592,2550.0,2554.0,brown,1
J2079,I10521,20976.0,20982.0,green,1
J2079,I10937,21785.0,21788.0,green,1
J1454,I4534,8246.0,8248.0,green,2
J1454,I5014,9270.0,9279.0,green,2
J1454,I8438,16634.0,16635.0,green,1
J1454,I10438,20793.0,20794.0,green,1
J3042,I7707,15078.0,15080.0,green,2
J2327,I1812,2969.0,2970.0,green,1
J2327,I1844,3024.0,3025.0,green,1
J2327,I1876,3067.0,3068.0,green,1
J2327,I2836,4867.0,4868.0,green,1
J2327,I8796,17453.0,17458.0,green,1
J2327,I8856,17592.0,17595.0,green,1
J3837,I6331,12041.0,12042.0,brown,1
J3837,I6396,12197.0,12198.0,green,1
J3837,I6460,12352.0,12353.0,green,1
J3837,I7708,15080.0,15086.0,green,1
J3837,I11916,23780.0,23788.0,green,2
J1700,I2755,4688.0,4694.0,green,4
J1700,I6659,12741.0,12744.0,green,1
J1700,I9096,18061.0,18065.0,green,1
J470,I3183,5575.0,5578.0,green,1
J470,I4047,7253.0,7263.0,green,1
J470,I6031,11432.0,11434.0,green,1
J1322,I1913,3137.0,3138.0,green,1
J1322,I5465,10266.0,10269.0,green,2
J1322,I6401,12209.0,12215.0,green,1
J612,I618,919.0,922.0,green,1
J612,I5514,10366.0,10369.0,green,2
J612,I7626,14889.0,14899.0,green,1
J2916,I6422,12265.0,12269.0,brown,1
J2916,I6998,13455.0,13459.0,brown,1
J2916,I10551,21051.0,21056.0,green,2
J2916,I11959,23875.0,23879.0,green,2
J4605,I8968,17807.0,17808.0,brown,1
J4605,I10281,20463.0,20465.0,green,1
J4605,I10857,21627.0,21632.0,green,1
J92,I1895,3100.0,3104.0,green,3
J92,I7047,13551.0,13557.0,green,3
J4868,I12229,24384.0,24387.0,green,1
J4868,I15205,29496.0,29498.0,green,2
J4868,I15269,29589.0,29593.0,green,1
J4868,I15445,29849.0,29852.0,green,2
J1144,I1553,2473.0,2474.0,green,1
J1144,I1841,3021.0,3022.0,green,1
J1144,I1969,3243.0,3244.0,green,1
J1144,I2929,5044.0,5046.0,green,1
J1144,I3921,7009.0,7012.0,green,2
J2820,I2461,4144.0,4145.0,brown,1
J2820,I2557,4329.0,4330.0,brown,1
J2820,I9598,19071.0,19076.0,green,1
J2820,I12734,25326.0,25328.0,green,1
J2820,I14334,28076.0,28078.0,green,2
J1448,I2513,4250.0,4252.0,green,1
J1448,I11889,23725.0,23727.0,green,2
J1448,I12291,24494.0,24497.0,green,3
J1082,I572,841.0,845.0,green,2
J1082,I700,1050.0,1052.0,green,1
J1082,I5212,9680.0,9681.0,green,1
J1082,I5244,9758.0,9760.0,green,1
J1374,I2123,3531.0,3532.0,green,1
J1374,I10099,20107.0,20110.0,green,2
J1374,I10107,20130.0,20137.0,green,1
J1845,I3089,5381.0,5384.0,green,1
J1845,I3697,6601.0,6604.0,green,1
J2952,I4353,7876.0,7877.0,green,1
J2952,I4705,8606.0,8608.0,green,1
J2952,I4769,8718.0,8720.0,green,1
J1863,I3353,5869.0,5871.0,brown,1
J1863,I3385,5937.0,5939.0,brown,1
J1863,I3449,6072.0,6073.0,brown,1
J1863,I5209,9676.0,9677.0,brown,1
J1863,I10394,20712.0,20716.0,green,1
J1863,I13018,25868.0,25869.0,green,1
J353,I5337,9976.0,9977.0,green,1
J353,I9017,17899.0,17901.0,green,2
J353,I9977,19863.0,19869.0,green,1
J353,I10047,20014.0,20022.0,green,2
J2220,I3246,5697.0,5700.0,brown,1
J2220,I4047,7253.0,7263.0,green,1
J2220,I10494,20907.0,20914.0,brown,1
J1109,I2730,4637.0,4639.0,brown,1
J1109,I7531,14700.0,14704.0,green,1
J1109,I9176,18203.0,18209.0,green,2
J4776,I9487,18867.0,18869.0,brown,1
J4776,I9808,19486.0,19491.0,green,1
J4776,I15088,29313.0,29316.0,green,2
J3413,I3375,5919.0,5921.0,brown,1
J3413,I7312,14205.0,14213.0,green,1
J3413,I13712,27023.0,27025.0,green,1
J3413,I14416,28210.0,28213.0,green,2
J4933,I10577,21108.0,21109.0,brown,1
J4933,I10673,21293.0,21295.0,brown,1
J4933,I11826,23606.0,23609.0,green,2
J4933,I15122,29370.0,29371.0,green,1
J3378,I2476,4179.0,4180.0,green,1
J3378,I2860,4911.0,4918.0,green,2
J3378,I4780,8744.0,8751.0,green,1
J3378,I10796,21526.0,21528.0,green,1
J4386,I12884,25605.0,25608.0,brown,1
J4386,I14133,27741.0,27750.0,green,4
J4386,I14357,28109.0,28110.0,green,1
J2370,I7097,13649.0,13654.0,green,1
J2370,I7161,13797.0,13803.0,green,1
J2370,I9795,19447.0,19454.0,green,3
J3792,I1893,3096.0,3097.0,green,1
J3792,I2917,5011.0,5016.0,green,1
J3792,I9573,19023.0,19029.0,green,1
J3792,I11749,23464.0,23465.0,green,1
J3792,I12047,24056.0,24061.0,green,1
J3792,I12131,24220.0,24222.0,green,1
J250,I1140,1793.0,1795.0,brown,2
J250,I11413,22780.0,22785.0,green,1
J250,I11797,23547.0,23548.0,green,1
J250,I15125,29373.0,29374.0,green,1
J3233,I5200,9647.0,9657.0,green,2
J4395,I5427,10192.0,10193.0,brown,1
J4395,I5491,10323.0,10325.0,brown,1
J659,I460,674.0,677.0,green,1
J659,I748,1149.0,1151.0,green,2
J659,I940,1457.0,1467.0,green,1
J659,I3148,5496.0,5506.0,green,1
J2088,I4440,8060.0,8062.0,brown,1
J2088,I9305,18484.0,18486.0,green,1
J2397,I3497,6195.0,6197.0,brown,1
J2397,I4874,8966.0,8972.0,green,1
J2397,I9066,18008.0,18009.0,green,1
J2397,I10602,21150.0,21151.0,green,1
J2397,I10826,21573.0,21575.0,green,1
J2397,I13646,26921.0,26923.0,green,1
J1828,I592,871.0,873.0,brown,1
J1828,I1776,2906.0,2908.0,brown,1
J1828,I2353,3956.0,3957.0,green,1
J1828,I4017,7185.0,7187.0,green,1
J1828,I6833,13127.0,13134.0,green,1
J1828,I7075,13601.0,13603.0,green,1
J1684,I4808,8805.0,8807.0,green,1
J1684,I4840,8889.0,8896.0,green,1
J1684,I8263,16278.0,16279.0,brown,1
J1684,I9448,18790.0,18791.0,green,1
J1684,I9728,19324.0,19325.0,green,1
J194,I659,990.0,993.0,green,1
J194,I723,1100.0,1103.0,green,2
J194,I3475,6125.0,6132.0,green,1
J194,I5227,9728.0,9730.0,green,1
J194,I5582,10503.0,10507.0,green,1
J2332,I1034,1624.0,1625.0,green,1
J2332,I3242,5692.0,5694.0,green,1
J2332,I9430,18757.0,18760.0,green,3
J641,I3771,6748.0,6749.0,green,1
J641,I3931,7029.0,7037.0,green,2
J641,I4603,8374.0,8379.0,green,1
J641,I4635,8450.0,8457.0,green,2
J4336,I7577,14790.0,14791.0,brown,1
J4336,I7737,15164.0,15165.0,brown,1
J4336,I7769,15227.0,15229.0,brown,1
J38,I185,257.0,258.0,brown,1
J38,I602,888.0,894.0,green,4
J38,I1498,2385.0,2387.0,green,1
J4867,I11374,22708.0,22709.0,brown,1
J4867,I11950,23854.0,23857.0,brown,1
J4867,I13647,26923.0,26928.0,green,1
J1053,I3004,5225.0,5226.0,brown,1
J1053,I3068,5344.0,5348.0,brown,2
J1053,I3965,7101.0,7102.0,green,1
J1053,I5709,10785.0,10788.0,green,1
J3852,I13639,26909.0,26911.0,green,1
J2919,I8618,17063.0,17064.0,green,1
J2919,I8810,17488.0,17490.0,brown,1
J2919,I9002,17866.0,17870.0,green,1
J2919,I10794,21516.0,21522.0,green,3
J3719,I10277,20449.0,20450.0,brown,1
J3719,I10373,20666.0,20667.0,brown,1
J3719,I14566,28462.0,28465.0,green,1
J3719,I15046,29228.0,29232.0,green,3
J1309,I1134,1782.0,1785.0,green,1
J1309,I1166,1830.0,1833.0,green,1
J1309,I1549,2462.0,2467.0,brown,1
J1309,I2638,4477.0,4482.0,green,2
J1309,I8398,16577.0,16578.0,green,1
J3426,I3622,6445.0,6449.0,green,4
J3426,I4454,8094.0,8096.0,green,1
J928,I6034,11438.0,11443.0,green,1
J928,I9953,19810.0,19814.0,brown,1
J928,I11521,23019.0,23020.0,brown,1
J928,I11542,23056.0,23067.0,green,2
J928,I12047,24056.0,24061.0,green,1
J517,I1692,2734.0,2735.0,brown,1
J517,I2653,4503.0,4505.0,green,1
J517,I4445,8071.0,8080.0,green,3
J517,I7837,15381.0,15387.0,green,1
J4185,I10430,20778.0,20780.0,brown,1
J4185,I10527,20988.0,21002.0,green,1
J4185,I12542,24981.0,24983.0,brown,1
J4185,I12894,25625.0,25626.0,brown,1
J4185,I13278,26309.0,26311.0,brown,1
J301,I1687,2724.0,2728.0,green,1
J301,I2342,3941.0,3944.0,brown,1
J2957,I10865,21652.0,21653.0,brown,1
J2957,I12017,23990.0,23992.0,brown,1
J2957,I13554,26766.0,26770.0,green,1
J2957,I13906,27367.0,27372.0,green,1
J2259,I6849,13160.0,13161.0,brown,1
J2259,I6881,13218.0,13219.0,brown,1
J2259,I7137,13745.0,13747.0,brown,1
J2259,I12610,25112.0,25116.0,green,3
J2440,I7048,13557.0,13558.0,green,1
J2440,I7112,13680.0,13682.0,green,2
J2440,I7144,13757.0,13759.0,green,1
J2440,I7256,14045.0,14047.0,green,2
J3188,I7269,14073.0,14074.0,green,1
J3188,I7525,14690.0,14693.0,green,2
J3188,I7685,15028.0,15030.0,green,2
J3188,I9301,18467.0,18479.0,green,1
J955,I1612,2588.0,2590.0,brown,1
J955,I1789,2932.0,2933.0,green,1
J955,I2301,3881.0,3883.0,green,2
J955,I2621,4447.0,4450.0,green,1
J955,I3901,6972.0,6976.0,green,1
J3268,I8177,16076.0,16078.0,green,1
J3268,I8209,16147.0,16151.0,green,2
J3268,I8273,16310.0,16313.0,green,1
J3268,I8464,16705.0,16709.0,brown,1
J3268,I12817,25482.0,25483.0,green,1
J4370,I14444,28255.0,28259.0,green,1
J4370,I14796,28842.0,28845.0,green,2
J4370,I15100,29331.0,29334.0,green,2
J3532,I6777,12992.0,12993.0,brown,1
J3532,I14486,28335.0,28337.0,green,1
J3532,I14578,28488.0,28490.0,green,2
J2626,I2851,4889.0,4891.0,brown,1
J2626,I12004,23963.0,23964.0,green,1
J2626,I12388,24674.0,24675.0,green,1
J344,I1187,1868.0,1869.0,green,1
J344,I1219,1917.0,1919.0,green,2
J344,I1251,1975.0,1976.0,green,1
J344,I1603,2573.0,2575.0,green,2
J1532,I2579,4371.0,4372.0,brown,1
J1532,I3251,5706.0,5709.0,brown,1
J1532,I9300,18465.0,18467.0,green,1
J1532,I10419,20760.0,20761.0,brown,1
J223,I935,1452.0,1453.0,brown,1
J223,I999,1563.0,1565.0,brown,1
J1802,I3397,5956.0,5957.0,green,1
J2004,I5870,11139.0,11140.0,brown,1
J2004,I5967,11306.0,11307.0,green,1
J2004,I6095,11561.0,11562.0,brown,1
J2004,I10447,20808.0,20810.0,green,1
J2004,I13487,26665.0,26668.0,brown,1
J2004,I14319,28055.0,28056.0,green,1
J2864,I6412,12242.0,12244.0,brown,1
J2864,I7949,15606.0,15607.0,green,1
J2864,I11661,23294.0,23295.0,brown,1
J2864,I12141,24238.0,24240.0,green,1
J1719,I2344,3945.0,3948.0,green,2
J1719,I6568,12579.0,12582.0,green,1
J2094,I2242,3769.0,3770.0,green,1
J2094,I5186,9623.0,9626.0,green,1
J2094,I5410,10157.0,10158.0,brown,1
J2094,I5506,10354.0,10355.0,brown,1
J2094,I9930,19745.0,19750.0,green,2
J2008,I5441,10219.0,10222.0,green,3
J2008,I6437,12296.0,12301.0,brown,1
J4735,I12350,24606.0,24611.0,green,2
J4735,I13566,26787.0,26788.0,green,1
J4735,I14446,28261.0,28262.0,green,1
J4735,I14550,28436.0,28439.0,green,1
J4735,I14846,28920.0,28922.0,green,1
J175,I1597,2561.0,2563.0,green,1
J175,I4413,7995.0,7997.0,green,1
J175,I8732,17312.0,17313.0,brown,1
J175,I10409,20742.0,20745.0,green,1
J1755,I896,1385.0,1387.0,green,2
J1755,I928,1440.0,1442.0,green,2
J1755,I1184,1863.0,1866.0,green,1
J3635,I7965,15639.0,15642.0,brown,2
J4256,I11979,23920.0,23922.0,green,1
J4256,I12011,23982.0,23984.0,green,2
J4256,I12075,24113.0,24115.0,brown,1
J4256,I12651,25174.0,25175.0,green,1
J4256,I13067,25954.0,25955.0,green,1
J1510,I367,527.0,528.0,green,1
J1510,I400,580.0,582.0,green,1
J1510,I816,1258.0,1259.0,green,1
J1510,I5392,10098.0,10101.0,green,2
J1604,I4613,8400.0,8402.0,green,1
J1604,I9253,18372.0,18379.0,green,3
J1604,I9477,18849.0,18853.0,green,1
J1604,I10101,20115.0,20121.0,green,1
J1595,I2448,4121.0,4122.0,brown,1
J1595,I6224,11843.0,11845.0,brown,2
J1595,I7344,14285.0,14286.0,brown,1
J1595,I10545,21040.0,21041.0,green,1
J1595,I13609,26860.0,26861.0,green,1
J2194,I4330,7830.0,7833.0,brown,3
J2194,I13579,26808.0,26813.0,green,1
J2194,I14635,28579.0,28580.0,green,1
J2194,I15003,29165.0,29166.0,green,1
J4318,I14944,29069.0,29070.0,green,1
J4318,I15064,29271.0,29272.0,green,1
J164,I533,783.0,787.0,green,1
J164,I821,1265.0,1267.0,green,1
J164,I2357,3965.0,3967.0,green,1
J164,I9299,18461.0,18465.0,green,1
J4705,I12105,24170.0,24173.0,green,1
J4705,I15177,29455.0,29457.0,green,1
J4705,I15401,29790.0,29792.0,green,2
J4705,I15465,29885.0,29887.0,green,1
J4705,I15479,29908.0,29909.0,green,1
J3575,I890,1377.0,1378.0,brown,1
J3575,I3739,6678.0,6684.0,green,1
J3575,I4859,8936.0,8938.0,green,2
J3575,I6203,11799.0,11800.0,green,1
J3575,I10971,21858.0,21859.0,green,1
J3598,I7062,13580.0,13581.0,brown,1
J3598,I7127,13715.0,13722.0,green,1
J3598,I7542,14725.0,14726.0,brown,1
J3598,I9975,19854.0,19861.0,green,2
J3598,I12951,25728.0,25731.0,green,1
J27,I8214,16157.0,16161.0,brown,1
J27,I14519,28392.0,28393.0,green,1
J27,I14839,28909.0,28912.0,green,1
J2173,I6763,12962.0,12964.0,brown,1
J2173,I9080,18037.0,18041.0,green,3
J2173,I9516,18923.0,18925.0,green,2
J1608,I4127,7429.0,7435.0,green,2
J1608,I6945,13343.0,13350.0,green,2
J528,I1106,1729.0,1732.0,green,1
J528,I1170,1837.0,1842.0,green,2
J528,I2266,3817.0,3819.0,green,1
J528,I3384,5931.0,5937.0,green,1
J540,I432,634.0,635.0,green,1
J540,I528,776.0,778.0,green,2
J540,I3184,5578.0,5585.0,green,3
J1946,I6040,11454.0,11457.0,green,3
J1946,I6104,11579.0,11580.0,green,1
J1946,I6488,12419.0,12422.0,green,1
J1946,I9856,19591.0,19594.0,green,1
J2859,I6715,12854.0,12855.0,green,1
J2859,I6747,12927.0,12932.0,green,4
J2011,I4284,7746.0,7748.0,brown,1
J2011,I5181,9609.0,9617.0,green,3
J4145,I5608,10555.0,10558.0,green,1
J4145,I6632,12690.0,12693.0,green,3
J4145,I8424,16620.0,16621.0,green,1
J4145,I10504,20940.0,20943.0,green,1
J1975,I1640,2636.0,2637.0,green,1
J1975,I1672,2699.0,2701.0,green,1
J1975,I4296,7770.0,7773.0,green,1
J1975,I7688,15032.0,15036.0,green,1
J2845,I4746,8676.0,8677.0,brown,1
J2845,I9706,19288.0,19290.0,brown,2
J2845,I9738,19344.0,19345.0,brown,1
J2845,I13467,26633.0,26639.0,green,2
J4643,I5150,9542.0,9543.0,brown,1
J4643,I15231,29533.0,29534.0,green,1
J4643,I15327,29677.0,29678.0,green,1
J3038,I7194,13882.0,13889.0,green,3
J3038,I9306,18486.0,18492.0,green,1
J4627,I12688,25246.0,25249.0,green,3
J4265,I4873,8965.0,8966.0,green,1
J4265,I12745,25342.0,25346.0,green,1
J1890,I4622,8415.0,8416.0,green,1
J1890,I4686,8565.0,8567.0,green,1
J1773,I1291,2034.0,2038.0,brown,1
J1773,I6123,11611.0,11613.0,brown,1
J1773,I12204,24345.0,24347.0,green,1
J3102,I6804,13042.0,13043.0,brown,1
J4652,I8253,16239.0,16241.0,brown,1
J4652,I14830,28896.0,28897.0,green,1
J4652,I14846,28920.0,28922.0,green,1
J4652,I15038,29217.0,29219.0,green,2
J4914,I6297,11977.0,11978.0,brown,1
J4914,I6521,12490.0,12491.0,brown,1
J4914,I6809,13066.0,13067.0,brown,1
J4914,I6873,13205.0,13208.0,brown,1
J4914,I14714,28707.0,28708.0,green,1
J4456,I13259,26276.0,26277.0,brown,1
J4456,I13452,26612.0,26614.0,green,1
J4928,I14761,28785.0,28786.0,green,1
J4928,I14793,28835.0,28840.0,green,5
J4236,I5909,11213.0,11214.0,brown,1
J4236,I6774,12987.0,12989.0,green,1
J4236,I12918,25655.0,25657.0,green,1
J4236,I12950,25727.0,25728.0,green,1
J4236,I14054,27599.0,27605.0,green,2
J3060,I5165,9577.0,9579.0,green,2
J3060,I5261,9801.0,9802.0,green,1
J3060,I5293,9859.0,9865.0,green,1
J584,I2003,3304.0,3305.0,green,1
J584,I2131,3547.0,3549.0,green,2
J584,I2771,4720.0,4723.0,green,1
J584,I5139,9516.0,9520.0,green,1
J4305,I1451,2300.0,2302.0,brown,1
J4305,I6155,11682.0,11685.0,brown,1
J4305,I7148,13764.0,13766.0,green,1
J4305,I10764,21451.0,21452.0,green,1
J4573,I11542,23056.0,23067.0,green,1
J4573,I11606,23198.0,23204.0,green,1
J4573,I11958,23866.0,23875.0,green,1
J4573,I12862,25555.0,25559.0,green,1
J3929,I6927,13293.0,13295.0,brown,1
J3929,I7280,14093.0,14099.0,green,2
J3929,I8111,15931.0,15933.0,brown,2
J3929,I10128,20172.0,20177.0,green,1
J3669,I8402,16584.0,16586.0,green,1
J3669,I12690,25250.0,25251.0,green,1
J4611,I12499,24892.0,24893.0,brown,1
J4611,I14036,27572.0,27573.0,green,1
J4611,I14852,28930.0,28932.0,green,1
J4611,I15284,29612.0,29613.0,green,1
J4611,I15396,29782.0,29786.0,green,2
J1238,I5271,9818.0,9819.0,green,1
J1238,I7639,14918.0,14926.0,green,2
J1238,I11143,22203.0,22208.0,green,2
J1391,I2084,3448.0,3449.0,brown,1
J1391,I8805,17468.0,17477.0,green,1
J1391,I11597,23176.0,23182.0,green,2
J676,I1267,1995.0,1996.0,brown,1
J676,I1588,2544.0,2545.0,green,1
J676,I9364,18629.0,18631.0,brown,2
J676,I11772,23507.0,23509.0,green,1
J676,I12650,25170.0,25174.0,green,1
J1669,I1839,3013.0,3017.0,green,2
J1669,I8927,17717.0,17727.0,green,2
J4330,I12562,25013.0,25015.0,green,1
J4330,I12625,25137.0,25138.0,brown,1
J4330,I13138,26067.0,26069.0,green,2
J4330,I13170,26129.0,26133.0,green,1
J4330,I13490,26673.0,26674.0,brown,1
J2206,I504,737.0,738.0,brown,1
J2206,I568,834.0,836.0,brown,1
J2206,I793,1225.0,1227.0,green,1
J2206,I1017,1591.0,1593.0,green,1
J2206,I2264,3809.0,3813.0,brown,1
J2939,I3200,5610.0,5612.0,brown,2
J2939,I5088,9425.0,9426.0,brown,1
J2939,I7232,13970.0,13973.0,brown,1
J147,I87,109.0,115.0,green,1
J147,I215,312.0,313.0,green,1
J147,I343,494.0,495.0,brown,1
J147,I2967,5136.0,5138.0,green,1
J147,I3767,6741.0,6742.0,green,1
J655,I1947,3208.0,3210.0,green,1
J655,I3195,5603.0,5605.0,green,2
J655,I6870,13195.0,13202.0,green,1
J1010,I1622,2607.0,2608.0,green,1
J1010,I1750,2850.0,2851.0,green,1
J1010,I1782,2923.0,2924.0,green,1
J1010,I1814,2974.0,2977.0,green,3
J3684,I5314,9927.0,9930.0,brown,1
J3684,I6563,12562.0,12572.0,green,2
J3684,I12523,24941.0,24947.0,green,2
J4346,I11426,22810.0,22814.0,green,1
J4346,I12801,25449.0,25450.0,brown,1
J965,I3353,5869.0,5871.0,brown,1
J965,I12090,24147.0,24149.0,green,2
J965,I12746,25346.0,25348.0,green,1
J965,I12826,25496.0,25500.0,green,2
J1835,I10339,20581.0,20584.0,brown,1
J1835,I11940,23836.0,23838.0,green,1
J3621,I9872,19630.0,19631.0,green,1
J3621,I9952,19808.0,19810.0,brown,1
J3621,I10448,20810.0,20812.0,green,2
J3621,I10705,21343.0,21344.0,brown,1
J3621,I10776,21476.0,21479.0,green,1
J2007,I4635,8450.0,8457.0,green,1
J2007,I5979,11327.0,11330.0,green,2
J2007,I9859,19599.0,19601.0,green,2
J2007,I9976,19861.0,19863.0,green,1
J1449,I3518,6245.0,6247.0,brown,1
J1449,I3679,6550.0,6562.0,green,1
J1449,I4127,7429.0,7435.0,green,1
J855,I2972,5144.0,5145.0,brown,1
J855,I11981,23924.0,23926.0,green,1
J855,I12561,25011.0,25013.0,green,1
J639,I2205,3698.0,3702.0,green,1
J639,I5053,9367.0,9371.0,green,2
J639,I7901,15503.0,15508.0,green,1
J3982,I9213,18278.0,18279.0,brown,1
J3982,I9566,19011.0,19014.0,green,2
J3982,I10846,21610.0,21614.0,green,2
J616,I1189,1871.0,1874.0,green,1
J616,I1285,2024.0,2026.0,green,2
J616,I1445,2290.0,2294.0,green,3
J3827,I5515,10369.0,10383.0,green,1
J3827,I8779,17409.0,17413.0,green,1
J3827,I11163,22240.0,22242.0,green,2
J3283,I9873,19631.0,19634.0,green,2
J3283,I10161,20250.0,20251.0,green,1
J3283,I10673,21293.0,21295.0,brown,1
J3283,I10689,21318.0,21319.0,brown,1
J3283,I11569,23118.0,23120.0,green,1
J261,I822,1267.0,1272.0,green,1
J261,I2006,3307.0,3312.0,green,2
J2868,I4617,8409.0,8411.0,green,2
J2868,I4745,8675.0,8676.0,brown,1
J2868,I5737,10851.0,10854.0,brown,1
J2868,I12913,25649.0,25650.0,green,1
J2868,I13231,26224.0,26230.0,green,1
J2120,I6578,12605.0,12606.0,brown,1
J2120,I6898,13244.0,13246.0,brown,1
J2120,I7027,13501.0,13506.0,green,1
J2120,I7347,14291.0,14294.0,green,1
J2120,I7751,15188.0,15194.0,green,2
J1419,I234,336.0,338.0,green,2
J1419,I490,716.0,717.0,green,1
J1419,I874,1350.0,1352.0,green,1
J1419,I2490,4204.0,4205.0,green,1
J2358,I2918,5016.0,5019.0,green,1
J3610,I3730,6662.0,6664.0,brown,1
J3610,I13499,26684.0,26685.0,green,1
J3610,I14107,27707.0,27708.0,green,1
J4069,I7099,13656.0,13658.0,brown,1
J4069,I7323,14230.0,14231.0,brown,1
J4069,I7387,14380.0,14381.0,brown,1
J4069,I7643,14930.0,14933.0,brown,1
J4069,I7739,15166.0,15167.0,brown,1
J4069,I10187,20305.0,20306.0,brown,1
J2181,I7234,13975.0,13980.0,green,1
J2181,I7841,15391.0,15396.0,brown,2
J2181,I13250,26260.0,26266.0,green,3
J3729,I7378,14361.0,14364.0,green,2
J3729,I7410,14428.0,14433.0,green,1
J3729,I11697,23361.0,23364.0,brown,1
J3985,I9021,17910.0,17911.0,brown,1
J3985,I9022,17911.0,17912.0,green,1
J3985,I9118,18111.0,18113.0,brown,2
J3985,I9502,18900.0,18901.0,green,1
J2884,I8258,16248.0,16264.0,green,5
J2884,I9793,19442.0,19444.0,brown,1
J2529,I5308,9912.0,9915.0,brown,1
J2529,I5852,11103.0,11104.0,brown,1
J2529,I6044,11464.0,11470.0,brown,2
J2529,I6332,12042.0,12044.0,brown,1
J4883,I12604,25089.0,25091.0,green,2
J4883,I12636,25152.0,25155.0,green,2
J4883,I12668,25202.0,25207.0,green,2
J1134,I2237,3758.0,3760.0,green,1
J1134,I2398,4037.0,4040.0,green,1
J1134,I2494,4211.0,4216.0,green,1
J1134,I3582,6357.0,6359.0,green,2
J1134,I4222,7624.0,7630.0,green,1
J388,I1310,2069.0,2070.0,green,1
J388,I7454,14530.0,14533.0,green,3
J388,I11206,22355.0,22357.0,green,2
J1557,I7187,13856.0,13859.0,green,2
J1557,I13363,26451.0,26458.0,green,2
J1557,I13875,27315.0,27318.0,green,1
J2790,I7979,15664.0,15666.0,green,2
J2790,I8043,15780.0,15784.0,green,2
J2084,I5691,10744.0,10745.0,green,1
J2084,I5755,10908.0,10911.0,green,1
J2084,I5787,10968.0,10969.0,green,1
J2084,I6299,11983.0,11985.0,green,2
J730,I1132,1778.0,1780.0,green,1
J730,I3980,7121.0,7126.0,green,1
J730,I4684,8557.0,8563.0,green,3
J730,I8940,17751.0,17759.0,green,1
J3457,I10164,20257.0,20258.0,brown,1
J3457,I11156,22228.0,22230.0,brown,1
J2186,I6165,11707.0,11715.0,green,1
J2186,I6357,12097.0,12101.0,green,1
J2186,I12325,24557.0,24558.0,green,1
J2186,I12373,24643.0,24647.0,green,2
J1678,I2772,4723.0,4728.0,green,2
J1678,I2868,4930.0,4932.0,green,2
J1678,I3476,6132.0,6142.0,green,1
J1678,I4340,7847.0,7850.0,green,1
J3240,I3991,7143.0,7145.0,brown,1
J3240,I4088,7350.0,7352.0,green,2
J3240,I8440,16641.0,16643.0,green,1
J3240,I9784,19427.0,19430.0,green,1
J3240,I9786,19432.0,19434.0,green,1
J4312,I3656,6507.0,6509.0,brown,1
J4312,I3688,6576.0,6578.0,brown,2
J4312,I3816,6829.0,6831.0,brown,1
J4312,I12361,24626.0,24628.0,green,1
J4312,I14065,27633.0,27634.0,green,1
J4425,I10061,20046.0,20052.0,green,5
J4425,I11789,23535.0,23537.0,green,1
J3076,I6059,11497.0,11501.0,green,4
J3076,I6635,12696.0,12698.0,green,2
J1040,I2959,5108.0,5112.0,brown,1
J1040,I7983,15670.0,15671.0,brown,1
J1040,I11408,22770.0,22773.0,green,1
J1040,I11951,23857.0,23859.0,brown,1
J1040,I13871,27309.0,27310.0,brown,1
J3087,I5732,10828.0,10831.0,green,3
J3087,I5828,11052.0,11059.0,green,1
J3087,I7236,13984.0,13988.0,green,2
J3037,I6051,11480.0,11482.0,green,2
J3037,I6819,13096.0,13100.0,green,1
J3037,I10051,20028.0,20033.0,green,1
J4415,I8043,15780.0,15784.0,green,1
J4415,I8107,15920.0,15922.0,green,1
J1814,I3162,5534.0,5535.0,brown,1
J1814,I6810,13067.0,13069.0,brown,1
J1814,I7098,13654.0,13656.0,brown,1
J1814,I10619,21183.0,21187.0,green,2
J2431,I2185,3645.0,3647.0,brown,1
J2431,I6346,12072.0,12075.0,green,2
J2431,I8362,16488.0,16489.0,green,1
J1899,I5024,9304.0,9309.0,green,1
J4874,I10889,21707.0,21710.0,green,1
J4874,I13961,27458.0,27462.0,green,1
J4874,I15065,29272.0,29273.0,green,1
J2607,I6060,11501.0,11502.0,green,1
J2607,I6348,12077.0,12081.0,brown,1
J2607,I6476,12397.0,12398.0,green,1
J2607,I13964,27464.0,27465.0,green,1
J4341,I12621,25130.0,25132.0,brown,1
J1759,I4749,8684.0,8688.0,green,1
J1759,I4813,8816.0,8823.0,green,1
J1759,I5005,9244.0,9247.0,green,1
J1759,I5773,10942.0,10945.0,green,1
J1759,I6285,11956.0,11960.0,green,1
J1759,I9773,19400.0,19401.0,green,1
J4480,I12660,25187.0,25190.0,green,2
J4480,I14580,28492.0,28495.0,green,2
J4480,I14836,28904.0,28905.0,green,1
J4480,I15004,29166.0,29170.0,green,1
J4702,I10298,20493.0,20496.0,brown,2
J4702,I10683,21309.0,21311.0,green,1
J4702,I13147,26084.0,26090.0,green,1
J2420,I2208,3704.0,3711.0,green,4
J2420,I8100,15906.0,15909.0,green,2
J4510,I9163,18181.0,18186.0,green,4
J4510,I9291,18449.0,18452.0,green,1
J1721,I2466,4154.0,4155.0,green,1
J1721,I2658,4509.0,4514.0,green,2
J1721,I5602,10541.0,10542.0,brown,1
J4426,I15410,29803.0,29805.0,green,2
J4426,I15530,29973.0,29974.0,green,1
J1387,I2138,3560.0,3561.0,brown,1
J1387,I7227,13958.0,13960.0,green,2
J1387,I7995,15685.0,15687.0,green,1
J1387,I8123,15961.0,15964.0,green,1
J1387,I8315,16397.0,16398.0,green,1
J1388,I5020,9294.0,9297.0,green,1
J1388,I11692,23345.0,23347.0,green,2
J311,I505,738.0,741.0,brown,1
J311,I2394,4031.0,4034.0,green,1
J311,I3610,6425.0,6427.0,green,1
J311,I5946,11270.0,11271.0,green,1
J311,I8298,16363.0,16368.0,green,1
J311,I9178,18214.0,18217.0,green,1
J4912,I12228,24382.0,24384.0,brown,2
J4912,I13701,26997.0,26998.0,green,1
J4912,I15237,29542.0,29543.0,green,1
J3487,I6061,11502.0,11503.0,brown,1
J3487,I9902,19691.0,19694.0,green,1
J3487,I14860,28944.0,28945.0,green,1
J4001,I8378,16528.0,16529.0,green,1
J4001,I8602,17020.0,17022.0,brown,1
J4001,I9082,18042.0,18044.0,brown,1
J4001,I9562,19001.0,19003.0,green,1
J4001,I11322,22605.0,22610.0,green,2
J977,I2010,3319.0,3322.0,brown,1
J977,I3131,5460.0,5465.0,green,1
J977,I11195,22327.0,22332.0,green,2
J1776,I1930,3172.0,3173.0,green,1
J1776,I2186,3647.0,3652.0,green,2
J1776,I3178,5556.0,5562.0,green,1
J1776,I6026,11424.0,11427.0,green,2
J297,I1279,2014.0,2016.0,green,2
J297,I1919,3152.0,3153.0,green,1
J297,I5311,9918.0,9924.0,green,1
J1966,I5717,10802.0,10804.0,green,1
J1966,I11829,23612.0,23620.0,green,2
J1966,I11973,23908.0,23911.0,green,1
J1966,I11989,23939.0,23940.0,green,1
J4798,I8134,15988.0,15991.0,brown,3
J4798,I8391,16561.0,16565.0,green,1
J4798,I12967,25760.0,25765.0,green,1
J2208,I5991,11346.0,11347.0,brown,1
J2208,I6055,11488.0,11489.0,brown,1
J2208,I6567,12578.0,12579.0,brown,1
J2208,I12415,24738.0,24741.0,green,1
J284,I1430,2261.0,2264.0,green,1
J284,I1718,2797.0,2801.0,green,1
J284,I2294,3869.0,3873.0,green,3
J284,I2326,3917.0,3918.0,green,1
J719,I2209,3711.0,3712.0,green,1
J719,I2241,3764.0,3769.0,green,3
J719,I3585,6369.0,6371.0,green,1
J719,I4193,7575.0,7578.0,green,1
J4677,I1846,3027.0,3028.0,brown,1
J4677,I1910,3123.0,3127.0,brown,2
J4677,I10487,20889.0,20894.0,green,2
J4677,I13143,26073.0,26080.0,green,1
J4713,I9778,19414.0,19415.0,brown,1
J4713,I9810,19498.0,19503.0,brown,1
J1911,I3999,7153.0,7155.0,green,1
J1911,I6367,12123.0,12125.0,green,2
J4818,I12111,24181.0,24182.0,brown,1
J4818,I12208,24352.0,24353.0,green,1
J4818,I12656,25183.0,25184.0,brown,1
J4818,I13840,27249.0,27252.0,green,1
J889,I4898,9016.0,9019.0,green,1
J889,I10882,21678.0,21679.0,green,1
J889,I11906,23758.0,23762.0,green,1
J3787,I11650,23279.0,23280.0,green,1
J3787,I12194,24328.0,24330.0,green,1
J3787,I13250,26260.0,26266.0,green,2
J3787,I13346,26420.0,26421.0,green,1
J3787,I15170,29441.0,29444.0,green,1
J4188,I11838,23642.0,23644.0,green,2
J4188,I11902,23752.0,23754.0,green,2
J4188,I11966,23894.0,23895.0,green,1
J4881,I9497,18889.0,18891.0,brown,2
J4881,I9562,19001.0,19003.0,green,1
J4881,I10106,20126.0,20130.0,green,1
J4881,I10329,20558.0,20563.0,brown,2
J3964,I4722,8638.0,8641.0,brown,3
J3964,I4818,8829.0,8834.0,brown,2
J3964,I13171,26133.0,26134.0,green,1
J4482,I10394,20712.0,20716.0,green,2
J4482,I11834,23629.0,23635.0,green,1
J4482,I12378,24653.0,24654.0,green,1
J365,I10300,20498.0,20500.0,green,1
J365,I10524,20984.0,20986.0,green,1
J365,I11067,22057.0,22060.0,brown,1
J365,I11500,22974.0,22977.0,green,1
J3825,I9680,19242.0,19244.0,brown,1
J3825,I9776,19412.0,19413.0,brown,1
J3825,I10193,20314.0,20315.0,green,1
J3825,I11633,23249.0,23250.0,green,1
J3825,I12385,24663.0,24665.0,green,2
J1226,I3221,5647.0,5649.0,green,1
J1226,I6517,12482.0,12487.0,green,1
J59,I161,220.0,222.0,green,1
J59,I289,416.0,417.0,green,1
J59,I737,1131.0,1132.0,green,1
J59,I2273,3832.0,3833.0,green,1
J59,I4769,8718.0,8720.0,green,1
J59,I8051,15805.0,15806.0,green,1
J4182,I11237,22449.0,22450.0,green,1
J4182,I11365,22697.0,22699.0,brown,2
J4182,I15049,29237.0,29243.0,green,3
J4584,I9941,19783.0,19785.0,green,2
J4584,I9973,19846.0,19850.0,green,4
J2523,I6799,13032.0,13033.0,brown,1
J2523,I7152,13770.0,13773.0,green,1
J2523,I7248,14025.0,14032.0,green,1
J2523,I11128,22178.0,22180.0,green,1
J2523,I11696,23356.0,23361.0,green,1
J2085,I4420,8009.0,8013.0,green,1
J2085,I11244,22460.0,22463.0,green,1
J2085,I12140,24235.0,24238.0,green,2
J1463,I3642,6484.0,6488.0,green,1
J1463,I5754,10892.0,10908.0,green,1
J1463,I6714,12847.0,12854.0,green,2
J1463,I9946,19795.0,19796.0,green,1
J4066,I6249,11889.0,11890.0,green,1
J4066,I6473,12389.0,12391.0,green,1
J4066,I6569,12582.0,12588.0,green,3
J4066,I7753,15196.0,15201.0,green,1
J445,I542,801.0,802.0,brown,1
J445,I3359,5876.0,5880.0,green,2
J445,I6654,12732.0,12733.0,brown,1
J2493,I6256,11901.0,11902.0,green,1
J2493,I6288,11963.0,11964.0,green,1
J2493,I6320,12026.0,12029.0,green,1
J2493,I6416,12250.0,12253.0,green,1
J2493,I10554,21058.0,21062.0,green,1
J3702,I5480,10294.0,10297.0,green,1
J3702,I6728,12882.0,12889.0,green,3
J4031,I4432,8035.0,8037.0,brown,2
J4031,I4496,8169.0,8171.0,brown,1
J4031,I6769,12971.0,12975.0,green,1
J4031,I12433,24767.0,24770.0,green,1
J3960,I5040,9345.0,9346.0,brown,1
J3960,I5520,10392.0,10394.0,brown,2
J3960,I5552,10452.0,10454.0,brown,2
J3116,I8401,16583.0,16584.0,green,1
J3116,I8497,16760.0,16768.0,green,3
J3116,I9617,19120.0,19124.0,green,1
J2130,I5108,9458.0,9462.0,green,2
J2130,I11380,22717.0,22721.0,green,1
J2130,I13580,26813.0,26814.0,green,1
J3565,I5497,10336.0,10338.0,brown,1
J3565,I5529,10407.0,10409.0,brown,2
J3565,I11706,23381.0,23384.0,green,2
J3845,I9201,18258.0,18261.0,green,1
J3845,I9233,18311.0,18312.0,green,1
J3845,I9265,18397.0,18398.0,brown,1
J3845,I9585,19048.0,19049.0,green,1
J3845,I10225,20364.0,20368.0,green,1
J3868,I7294,14145.0,14151.0,green,4
J3868,I14140,27759.0,27760.0,green,1
J21,I61,77.0,79.0,green,2
J21,I541,800.0,801.0,green,1
J21,I1021,1603.0,1606.0,green,1
J21,I2909,4996.0,4999.0,green,1
J21,I4939,9118.0,9121.0,green,1
J3394,I10237,20384.0,20390.0,green,2
J3840,I3042,5284.0,5286.0,brown,2
J3840,I3074,5354.0,5355.0,brown,1
J3840,I3106,5409.0,5410.0,brown,1
J3840,I3234,5674.0,5675.0,brown,1
J3840,I11043,22006.0,22007.0,green,1
J1622,I4165,7524.0,7527.0,brown,2
J1622,I4197,7583.0,7585.0,brown,2
J1622,I4485,8148.0,8149.0,brown,1
J1622,I7237,13988.0,13991.0,brown,1
J4011,I6448,12327.0,12332.0,green,2
J4011,I8063,15825.0,15828.0,brown,2
J4011,I8831,17534.0,17538.0,brown,1
J4011,I11632,23247.0,23249.0,green,1
J1013,I1560,2493.0,2494.0,green,1
J1013,I2360,3971.0,3973.0,green,1
J1013,I3608,6417.0,6424.0,green,3
J1013,I6936,13309.0,13313.0,green,1
J4967,I8220,16169.0,16171.0,brown,1
J4967,I9660,19203.0,19205.0,brown,1
J1145,I2510,4242.0,4244.0,green,2
J1145,I2574,4360.0,4366.0,green,3
J1145,I3694,6592.0,6598.0,green,1
J1012,I8158,16035.0,16038.0,brown,1
J1012,I8863,17605.0,17606.0,green,1
J1012,I9305,18484.0,18486.0,green,1
J1012,I9427,18750.0,18754.0,green,1
J3493,I8822,17514.0,17515.0,brown,1
J3493,I8823,17515.0,17523.0,green,2
J3493,I8918,17691.0,17693.0,brown,2
J3493,I10391,20707.0,20709.0,green,1
J67,I89,116.0,118.0,brown,2
J67,I1849,3030.0,3032.0,brown,1
J67,I11194,22323.0,22327.0,green,2
J67,I13562,26781.0,26782.0,green,1
J3451,I7001,13463.0,13466.0,brown,2
J3451,I7194,13882.0,13889.0,green,1
J3451,I7673,15007.0,15010.0,brown,1
J3767,I5947,11271.0,11274.0,brown,1
J3767,I8092,15890.0,15893.0,green,3
J3767,I8572,16953.0,16955.0,brown,1
J3767,I10300,20498.0,20500.0,green,1
J3096,I9387,18679.0,18680.0,green,1
J3096,I9435,18768.0,18770.0,green,1
J3096,I9643,19167.0,19168.0,green,1
J373,I831,1283.0,1285.0,green,2
J373,I2975,5148.0,5153.0,green,3
J714,I675,1012.0,1014.0,brown,1
J714,I13316,26368.0,26369.0,green,1
J714,I13860,27290.0,27291.0,green,1
J2901,I4802,8796.0,8797.0,brown,1
J2901,I10827,21575.0,21578.0,green,2
J2995,I2781,4744.0,4746.0,green,1
J2995,I4605,8381.0,8386.0,green,2
J2995,I7325,14232.0,14237.0,green,1
J890,I3160,5532.0,5533.0,green,1
J890,I4856,8931.0,8933.0,brown,1
J890,I13914,27385.0,27389.0,green,2
J4816,I6637,12699.0,12700.0,brown,1
J4816,I6669,12767.0,12769.0,brown,1
J4816,I12877,25589.0,25593.0,brown,1
J2696,I7334,14263.0,14266.0,green,1
J2696,I9637,19158.0,19159.0,brown,1
J2696,I11174,22276.0,22278.0,green,1
J2696,I11766,23492.0,23499.0,green,2
J2828,I3600,6402.0,6404.0,brown,2
J2828,I3601,6404.0,6405.0,green,1
J2828,I5553,10454.0,10456.0,brown,1
J2828,I9073,18028.0,18029.0,green,1
J2828,I10097,20105.0,20106.0,green,1
J3887,I5016,9280.0,9282.0,brown,2
J3887,I5017,9282.0,9287.0,green,1
J3887,I5240,9751.0,9753.0,brown,1
J3887,I11297,22555.0,22557.0,green,2
J4371,I1524,2423.0,2424.0,brown,1
J4371,I4213,7611.0,7612.0,green,1
J4371,I9301,18467.0,18479.0,green,1
J4371,I13093,25999.0,26001.0,green,1
J4371,I13261,26278.0,26279.0,green,1
J4859,I10731,21384.0,21387.0,green,2
J4859,I10955,21824.0,21827.0,green,1
J4859,I11050,22016.0,22017.0,brown,1
J4859,I11114,22149.0,22152.0,brown,1
J4859,I11627,23239.0,23240.0,green,1
J4809,I14085,27673.0,27675.0,green,1
J4809,I14149,27774.0,27776.0,green,2
J4809,I14249,27948.0,27951.0,green,1
J4809,I14601,28528.0,28530.0,green,1
J4809,I14865,28953.0,28956.0,green,1
J601,I399,576.0,580.0,green,1
J601,I4015,7175.0,7182.0,green,1
J601,I4511,8197.0,8200.0,green,2
J4719,I9153,18167.0,18168.0,brown,1
J4719,I10786,21495.0,21500.0,green,1
J4719,I14338,28082.0,28084.0,green,1
J4320,I320,458.0,462.0,brown,1
J4320,I1216,1911.0,1915.0,brown,1
J4320,I13151,26095.0,26097.0,green,2
J2376,I7340,14273.0,14275.0,brown,1
J2376,I8141,16000.0,16004.0,green,2
J2376,I9420,18740.0,18741.0,brown,1
J2376,I10381,20683.0,20693.0,green,2
J2059,I7133,13735.0,13740.0,green,3
J2059,I8412,16598.0,16600.0,brown,1
J2059,I9009,17881.0,17883.0,green,1
J3579,I3119,5436.0,5437.0,brown,1
J3579,I4464,8114.0,8119.0,green,2
J3579,I8176,16073.0,16076.0,green,1
J3579,I10736,21394.0,21395.0,green,1
J3579,I11136,22192.0,22194.0,green,1
J3641,I7927,15559.0,15566.0,green,5
J3641,I12175,24295.0,24296.0,green,1
J978,I3479,6146.0,6149.0,green,1
J978,I5223,9704.0,9717.0,green,2
J978,I6583,12610.0,12611.0,green,1
J1670,I641,954.0,956.0,green,2
J1670,I673,1010.0,1011.0,brown,1
J1670,I705,1057.0,1061.0,green,2
J1670,I1921,3155.0,3156.0,green,1
J1402,I881,1361.0,1364.0,green,3
J1402,I945,1477.0,1478.0,green,1
J1402,I5515,10369.0,10383.0,green,1
J2935,I8601,17018.0,17020.0,green,2
J2935,I8921,17698.0,17710.0,green,4
J1722,I2232,3749.0,3752.0,brown,2
J1722,I10168,20262.0,20264.0,brown,1
J1722,I11705,23374.0,23381.0,green,1
J1722,I13785,27141.0,27144.0,green,1
J3991,I6798,13031.0,13032.0,brown,1
J3991,I7150,13767.0,13769.0,brown,1
J3991,I11823,23597.0,23600.0,green,1
J3991,I13271,26293.0,26295.0,green,1
J3991,I15119,29367.0,29368.0,green,1
J3991,I15311,29645.0,29646.0,green,1
J371,I1428,2256.0,2259.0,green,1
J371,I1556,2480.0,2485.0,green,2
J371,I4788,8765.0,8769.0,green,2
J826,I815,1254.0,1258.0,green,1
J826,I847,1305.0,1313.0,green,1
J826,I1775,2903.0,2906.0,green,1
J826,I2767,4713.0,4715.0,green,1
J826,I3951,7076.0,7077.0,green,1
J826,I5807,11013.0,11016.0,green,1
J3341,I8873,17623.0,17625.0,brown,1
J3341,I13706,27014.0,27015.0,green,1
J3341,I14346,28093.0,28094.0,green,1
J3341,I15050,29243.0,29244.0,green,1
J3341,I15082,29298.0,29301.0,green,1
J3341,I15226,29525.0,29528.0,green,1
J729,I2243,3770.0,3774.0,green,2
J729,I3843,6877.0,6878.0,green,1
J729,I4131,7445.0,7449.0,green,2
J726,I959,1494.0,1498.0,brown,1
J726,I992,1551.0,1552.0,green,1
J726,I1024,1609.0,1611.0,brown,1
J726,I1792,2941.0,2942.0,green,1
J726,I5024,9304.0,9309.0,green,1
J1478,I2801,4783.0,4787.0,green,1
J1478,I3025,5258.0,5259.0,green,1
J1478,I8529,16834.0,16836.0,green,2
J1478,I9841,19564.0,19572.0,green,1
J869,I3825,6848.0,6849.0,green,1
J869,I5777,10951.0,10952.0,green,1
J869,I8657,17150.0,17154.0,green,2
J869,I9745,19356.0,19358.0,green,1
J4064,I12348,24604.0,24605.0,brown,1
J4064,I12957,25743.0,25744.0,green,1
J4064,I13981,27490.0,27493.0,green,1
J4064,I14253,27955.0,27957.0,green,1
J4064,I14909,29016.0,29017.0,green,1
J4064,I14973,29117.0,29118.0,green,1
J263,I329,471.0,472.0,green,1
J263,I362,520.0,522.0,green,2
J263,I2458,4137.0,4141.0,green,1
J1187,I2648,4493.0,4494.0,brown,1
J1187,I3417,6010.0,6011.0,green,1
J1187,I5049,9360.0,9363.0,green,3
J4335,I8574,16957.0,16960.0,brown,1
J4335,I9886,19655.0,19658.0,brown,1
J4335,I10015,19940.0,19947.0,green,3
J4335,I12607,25102.0,25106.0,green,1
J1297,I3451,6074.0,6077.0,brown,3
J1297,I10027,19969.0,19971.0,brown,1
J1297,I10203,20327.0,20328.0,brown,1
J97,I337,485.0,486.0,brown,1
J97,I6354,12088.0,12094.0,green,2
J97,I6962,13377.0,13380.0,green,1
J97,I9010,17883.0,17887.0,green,1
J97,I10034,19983.0,19985.0,green,1
J2846,I12183,24308.0,24309.0,green,1
J2846,I12575,25033.0,25037.0,green,1
J2846,I12823,25491.0,25494.0,green,1
J2846,I13015,25865.0,25866.0,green,1
J2846,I13207,26188.0,26189.0,green,1
J806,I1535,2435.0,2436.0,green,1
J806,I1567,2504.0,2507.0,green,1
J806,I1951,3215.0,3217.0,green,1
J806,I2015,3327.0,3328.0,green,1
J806,I6592,12623.0,12624.0,brown,1
J806,I7840,15389.0,15391.0,brown,1
J4647,I3756,6720.0,6722.0,brown,1
J4647,I6380,12149.0,12153.0,brown,1
J4647,I7436,14492.0,14495.0,brown,1
J4647,I8333,16432.0,16434.0,green,1
J4647,I8621,17066.0,17069.0,green,1
J4647,I14001,27520.0,27521.0,green,1
J4977,I13750,27087.0,27088.0,brown,1
J4977,I14166,27802.0,27803.0,brown,1
J4977,I14775,28805.0,28808.0,green,2
J4977,I14839,28909.0,28912.0,green,1
J4977,I15351,29715.0,29716.0,green,1
J839,I2047,3381.0,3382.0,brown,1
J839,I14752,28766.0,28770.0,green,1
J839,I15328,29678.0,29681.0,green,1
J427,I976,1523.0,1525.0,brown,1
J427,I1840,3017.0,3021.0,brown,1
J427,I3409,5992.0,5997.0,green,1
J427,I3921,7009.0,7012.0,green,1
J427,I5393,10101.0,10105.0,green,2
J3239,I7907,15517.0,15522.0,green,1
J4384,I1823,2989.0,2990.0,brown,1
J4384,I1855,3039.0,3040.0,brown,1
J4384,I1887,3086.0,3087.0,brown,1
J4384,I11616,23217.0,23220.0,green,1
J4384,I14592,28509.0,28513.0,green,1
J2720,I2778,4736.0,4741.0,green,1
J4473,I8744,17337.0,17340.0,green,1
J4473,I8903,17665.0,17666.0,brown,1
J4473,I8967,17804.0,17807.0,brown,3
J4473,I13456,26618.0,26619.0,green,1
J3380,I3013,5241.0,5242.0,brown,1
J3380,I5989,11342.0,11345.0,brown,1
J3380,I7462,14547.0,14551.0,green,1
J3380,I14158,27791.0,27793.0,green,2
J3841,I5284,9840.0,9847.0,green,1
J3841,I7236,13984.0,13988.0,green,1
J3841,I11828,23610.0,23612.0,green,2
J3841,I12516,24926.0,24927.0,green,1
J3841,I12586,25054.0,25056.0,green,1
J3631,I5249,9780.0,9783.0,green,1
J3631,I6976,13404.0,13410.0,brown,2
J3631,I8032,15744.0,15745.0,brown,1
J4202,I3347,5859.0,5860.0,brown,1
J4202,I5396,10113.0,10121.0,green,1
J4202,I10324,20544.0,20545.0,green,1
J4202,I13684,26974.0,26975.0,green,1
J4202,I13844,27260.0,27262.0,green,2
J2954,I7219,13932.0,13942.0,green,1
J2954,I14835,28903.0,28904.0,green,1
J1523,I315,452.0,453.0,green,1
J1523,I379,546.0,549.0,green,1
J1523,I3259,5723.0,5724.0,green,1
J1523,I6619,12662.0,12664.0,green,2
J1523,I7656,14954.0,14973.0,green,1
J1069,I2677,4546.0,4552.0,green,2
J1069,I3573,6336.0,6339.0,green,1
J1069,I7637,14915.0,14916.0,green,1
J4779,I5036,9339.0,9342.0,brown,2
J4779,I11917,23788.0,23789.0,green,1
J4779,I14989,29136.0,29137.0,green,1
J4779,I15121,29369.0,29370.0,green,1
J4779,I15281,29607.0,29609.0,green,1
J3443,I1578,2526.0,2527.0,brown,1
J3443,I9163,18181.0,18186.0,green,1
J3443,I12491,24880.0,24882.0,green,1
J3443,I14619,28551.0,28552.0,green,1
J2655,I3734,6670.0,6673.0,brown,1
J2655,I8311,16386.0,16387.0,green,1
J4232,I5091,9429.0,9430.0,brown,1
J4232,I5123,9489.0,9491.0,brown,1
J4232,I5283,9838.0,9840.0,brown,2
J4232,I7715,15108.0,15109.0,brown,1
J4232,I12836,25513.0,25516.0,green,1
J1763,I1880,3072.0,3074.0,green,1
J1763,I2456,4134.0,4136.0,green,1
J1763,I2488,4198.0,4200.0,green,1
J1763,I9784,19427.0,19430.0,green,2
J3824,I4166,7527.0,7529.0,brown,1
J3824,I4230,7643.0,7645.0,brown,1
J3824,I13543,26750.0,26751.0,green,1
J3073,I8317,16399.0,16401.0,brown,1
J3073,I10070,20067.0,20068.0,green,1
J3073,I10238,20390.0,20391.0,green,1
J3073,I10334,20571.0,20574.0,green,1
J331,I383,552.0,555.0,green,1
J331,I416,612.0,613.0,green,1
J331,I3488,6169.0,6172.0,green,2
J331,I7304,14171.0,14176.0,green,2
J605,I3523,6253.0,6256.0,green,1
J605,I6466,12371.0,12373.0,brown,1
J605,I7907,15517.0,15522.0,green,1
J605,I8707,17254.0,17255.0,green,1
J4831,I11383,22730.0,22731.0,green,1
J4831,I15031,29208.0,29210.0,green,1
J4831,I15223,29520.0,29522.0,green,1
J4777,I13519,26713.0,26715.0,green,1
J4777,I13534,26733.0,26734.0,brown,1
J4777,I13598,26844.0,26846.0,brown,1
J4777,I13887,27337.0,27338.0,green,1
J4777,I13943,27430.0,27433.0,green,1
J4777,I14655,28607.0,28613.0,green,1
J4394,I7245,14010.0,14015.0,green,1
J4394,I11821,23592.0,23594.0,green,1
J4394,I14393,28168.0,28169.0,green,1
J853,I2492,4208.0,4210.0,green,1
J853,I4956,9153.0,9155.0,green,2
J853,I5404,10133.0,10134.0,green,1
J853,I7948,15599.0,15606.0,green,1
J2880,I6015,11400.0,11402.0,brown,1
J2880,I6719,12859.0,12860.0,brown,1
J2880,I10176,20277.0,20278.0,green,1
J2880,I13016,25866.0,25867.0,green,1
J1516,I1548,2460.0,2462.0,brown,1
J1516,I10861,21642.0,21648.0,green,2
J1516,I11277,22515.0,22524.0,green,2
J179,I7964,15637.0,15639.0,brown,1
J179,I11837,23639.0,23642.0,green,1
J179,I13137,26063.0,26067.0,green,1
J179,I13357,26442.0,26443.0,green,1
J4814,I3829,6856.0,6857.0,brown,1
J4814,I3925,7019.0,7021.0,brown,1
J3244,I6170,11722.0,11724.0,green,2
J3244,I6298,11978.0,11983.0,green,3
J3244,I6394,12184.0,12194.0,green,1
J4081,I8900,17662.0,17663.0,brown,1
J4081,I8964,17801.0,17802.0,brown,1
J4081,I9509,18909.0,18910.0,green,1
J4081,I10405,20733.0,20734.0,green,1
J1988,I4153,7501.0,7507.0,green,2
J1988,I4313,7799.0,7806.0,green,3
J1988,I7225,13948.0,13957.0,green,1
J2051,I4783,8758.0,8761.0,green,1
J2051,I4846,8913.0,8915.0,brown,1
J2051,I4975,9196.0,9199.0,green,3
J2051,I5135,9512.0,9513.0,green,1
J2735,I3793,6785.0,6786.0,brown,1
J2735,I11634,23250.0,23252.0,green,1
J2735,I12594,25069.0,25076.0,green,1
J2735,I13330,26388.0,26390.0,green,1
J2735,I13682,26972.0,26973.0,green,1
J2735,I14354,28102.0,28107.0,green,1
J786,I2981,5162.0,5165.0,green,1
J786,I4901,9023.0,9031.0,green,2
J2962,I7421,14461.0,14462.0,brown,1
J2962,I10269,20437.0,20439.0,brown,1
J2962,I14622,28557.0,28559.0,green,1
J2962,I15230,29532.0,29533.0,green,1
J2962,I15238,29543.0,29547.0,green,2
J4435,I12234,24394.0,24397.0,green,1
J4435,I13738,27064.0,27069.0,green,2
J4443,I8234,16206.0,16210.0,brown,1
J4443,I10219,20351.0,20353.0,green,1
J4443,I12555,25001.0,25005.0,green,1
J4392,I12875,25586.0,25588.0,brown,1
J4392,I12908,25641.0,25644.0,green,2
J4392,I13291,26326.0,26328.0,brown,1
J4392,I13546,26755.0,26757.0,green,1
J500,I1451,2300.0,2302.0,brown,1
J500,I5644,10629.0,10632.0,green,1
J500,I8120,15953.0,15958.0,green,3
J4401,I2924,5034.0,5037.0,brown,3
J4401,I9805,19476.0,19477.0,green,1
J4401,I12751,25358.0,25359.0,green,1
J230,I479,698.0,699.0,green,1
J230,I927,1438.0,1440.0,green,1
J230,I2417,4066.0,4067.0,green,1
J230,I3407,5977.0,5981.0,green,1
J230,I3471,6115.0,6117.0,green,1
J4375,I8727,17305.0,17306.0,brown,1
J4375,I10135,20185.0,20188.0,brown,1
J3012,I2743,4666.0,4669.0,brown,1
J3012,I2872,4936.0,4941.0,green,3
J3012,I6071,11518.0,11522.0,brown,1
J3012,I7448,14512.0,14518.0,green,1
J1001,I1052,1649.0,1655.0,brown,1
J1001,I3901,6972.0,6976.0,green,2
J1001,I4093,7362.0,7368.0,green,3
J1795,I8505,16787.0,16788.0,brown,1
J1795,I10010,19926.0,19927.0,green,1
J1795,I10106,20126.0,20130.0,green,1
J1795,I10554,21058.0,21062.0,green,3
J2781,I7802,15312.0,15316.0,green,3
J2781,I8570,16948.0,16951.0,green,3
J4413,I4229,7642.0,7643.0,brown,1
J4413,I8550,16896.0,16901.0,green,1
J4413,I14894,28992.0,28999.0,green,1
J4413,I14966,29107.0,29108.0,green,1
J4904,I13491,26674.0,26675.0,brown,1
J4904,I13540,26745.0,26747.0,green,1
J4904,I14404,28184.0,28186.0,green,1
J4904,I15396,29782.0,29786.0,green,2
J4904,I15460,29874.0,29877.0,green,1
J1790,I4818,8829.0,8834.0,brown,1
J1790,I11698,23364.0,23365.0,brown,1
J1790,I13555,26770.0,26771.0,green,1
J1790,I13875,27315.0,27318.0,green,1
J1790,I14387,28150.0,28154.0,green,2
J2362,I6023,11414.0,11416.0,green,2
J2362,I6279,11943.0,11946.0,green,2
J3602,I2788,4755.0,4758.0,green,2
J2161,I5703,10777.0,10778.0,brown,1
J2161,I5735,10845.0,10847.0,brown,1
J2161,I5768,10931.0,10932.0,green,1
J2161,I6440,12304.0,12306.0,brown,2
J2161,I6696,12813.0,12817.0,brown,1
J3742,I3305,5798.0,5800.0,green,2
J3742,I5449,10231.0,10236.0,green,1
J3742,I6025,11419.0,11424.0,green,2
J3742,I8841,17552.0,17556.0,brown,1
J1392,I4606,8386.0,8388.0,green,1
J1392,I5790,10976.0,10981.0,green,1
J1392,I7478,14582.0,14588.0,green,4
J668,I1445,2290.0,2294.0,green,1
J668,I1540,2442.0,2443.0,brown,1
J668,I3045,5294.0,5299.0,green,1
J668,I11761,23480.0,23483.0,green,2
J668,I12287,24490.0,24491.0,green,1
J4704,I11852,23669.0,23671.0,brown,2
J4704,I14061,27622.0,27625.0,green,3
J4704,I14353,28101.0,28102.0,green,1
J2835,I2467,4155.0,4161.0,green,1
J2835,I4867,8951.0,8955.0,green,1
J2835,I5187,9626.0,9628.0,green,2
J2835,I8872,17621.0,17623.0,green,2
J3763,I442,648.0,649.0,brown,1
J3763,I506,741.0,742.0,brown,1
J3763,I3131,5460.0,5465.0,green,1
J3763,I7163,13805.0,13807.0,green,1
J3763,I11547,23075.0,23076.0,green,1
J3461,I9631,19142.0,19150.0,green,6
J678,I947,1479.0,1480.0,green,1
J678,I1363,2149.0,2151.0,green,1
J678,I3413,6001.0,6005.0,green,2
J678,I3827,6853.0,6855.0,green,1
J1146,I2693,4582.0,4583.0,green,1
J1146,I6213,11819.0,11822.0,green,2
J1146,I7077,13604.0,13608.0,green,1
J1146,I7814,15339.0,15340.0,brown,1
J1146,I10981,21873.0,21878.0,green,1
J124,I3785,6772.0,6773.0,green,1
J124,I6025,11419.0,11424.0,green,1
J124,I7433,14484.0,14487.0,green,2
J124,I10697,21331.0,21332.0,green,1
J124,I10857,21627.0,21632.0,green,1
J2205,I8448,16663.0,16669.0,green,1
J2205,I8608,17031.0,17033.0,green,2
J2205,I12000,23958.0,23959.0,green,1
J2765,I5814,11028.0,11035.0,green,1
J2765,I6518,12487.0,12488.0,green,1
J2765,I12954,25735.0,25739.0,green,1
J472,I1356,2141.0,2142.0,green,1
J472,I1388,2194.0,2196.0,green,2
J472,I1516,2413.0,2414.0,green,1
J472,I1580,2531.0,2532.0,green,1
J472,I1708,2776.0,2778.0,green,1
J4361,I12843,25524.0,25528.0,green,3
J2821,I2623,4451.0,4452.0,green,1
J2821,I3679,6550.0,6562.0,green,2
J2821,I4223,7630.0,7634.0,green,1
J2821,I10047,20014.0,20022.0,green,1
J2821,I10383,20696.0,20699.0,green,1
J1014,I4853,8927.0,8929.0,brown,1
J1014,I6901,13248.0,13249.0,brown,1
J1014,I8597,17007.0,17010.0,brown,1
J1014,I9333,18564.0,18568.0,brown,1
J1014,I12222,24373.0,24374.0,green,1
J1266,I2749,4677.0,4679.0,brown,1
J1266,I5277,9826.0,9830.0,brown,1
J1266,I7166,13813.0,13818.0,green,3
J1266,I9182,18227.0,18228.0,green,1
J2861,I8501,16775.0,16777.0,brown,1
J2861,I9333,18564.0,18568.0,brown,1
J2861,I10677,21299.0,21301.0,brown,1
J2861,I13302,26341.0,26345.0,green,1
J2861,I13510,26698.0,26699.0,green,1
J1426,I11834,23629.0,23635.0,green,2
J1426,I11962,23886.0,23890.0,green,1
J2833,I454,665.0,666.0,brown,1
J2833,I2471,4167.0,4169.0,green,1
J2833,I11967,23895.0,23899.0,green,1
J1581,I5468,10271.0,10272.0,green,1
J1581,I8156,16030.0,16034.0,brown,1
J1581,I11500,22974.0,22977.0,green,1
J1581,I11836,23638.0,23639.0,green,1
J1581,I11996,23951.0,23954.0,green,2
J2390,I5954,11288.0,11289.0,brown,1
J2390,I6563,12562.0,12572.0,green,1
J2390,I9251,18365.0,18367.0,green,1
J2390,I14988,29135.0,29136.0,green,1
J2390,I15075,29287.0,29289.0,green,2
J2201,I1684,2720.0,2722.0,brown,2
J2201,I12725,25311.0,25315.0,green,1
J2201,I13981,27490.0,27493.0,green,1
J4651,I1599,2565.0,2567.0,brown,1
J2353,I2739,4660.0,4661.0,green,1
J2353,I3059,5328.0,5331.0,green,2
J1030,I2505,4235.0,4236.0,brown,1
J1030,I3178,5556.0,5562.0,green,3
J1030,I3817,6831.0,6835.0,brown,1
J1030,I5770,10937.0,10938.0,green,1
J1314,I7333,14260.0,14263.0,brown,1
J1314,I7493,14621.0,14625.0,brown,1
J1314,I10661,21273.0,21275.0,brown,1
J1314,I13350,26428.0,26431.0,green,1
J1314,I13734,27057.0,27059.0,green,2
J4943,I13173,26135.0,26136.0,green,1
J4943,I13429,26572.0,26573.0,green,1
J4943,I13557,26772.0,26775.0,green,2
J4943,I15157,29421.0,29423.0,green,1
J4943,I15309,29643.0,29644.0,green,1
J1861,I3739,6678.0,6684.0,green,3
J1564,I1840,3017.0,3021.0,brown,1
J1564,I2801,4783.0,4787.0,green,2
J3802,I11012,21930.0,21932.0,brown,2
J3802,I12005,23964.0,23965.0,green,1
J3802,I13381,26482.0,26484.0,green,1
J886,I6705,12832.0,12834.0,brown,1
J886,I12114,24187.0,24189.0,green,1
J886,I14550,28436.0,28439.0,green,1
J3551,I7466,14555.0,14564.0,green,2
J3551,I8329,16425.0,16428.0,brown,2
J1641,I4232,7647.0,7651.0,green,2
J1641,I6760,12950.0,12957.0,green,3
J1641,I11400,22757.0,22758.0,green,1
J2767,I4305,7791.0,7792.0,green,1
J2767,I5297,9872.0,9877.0,green,1
J2767,I5553,10454.0,10456.0,brown,1
J2767,I9841,19564.0,19572.0,green,3
J2940,I155,212.0,213.0,brown,1
J2940,I187,260.0,262.0,brown,1
J2940,I12908,25641.0,25644.0,green,1
J2940,I13980,27489.0,27490.0,green,1
J3374,I4627,8433.0,8437.0,green,3
J3374,I6898,13244.0,13246.0,brown,1
J3374,I6995,13444.0,13449.0,green,1
J3374,I11439,22833.0,22836.0,green,1
J2515,I612,909.0,910.0,brown,1
J2515,I9348,18600.0,18603.0,brown,1
J2515,I13413,26545.0,26546.0,green,1
J2515,I13711,27019.0,27023.0,green,1
J4281,I7837,15381.0,15387.0,green,1
J4281,I11837,23639.0,23642.0,green,1
J4281,I12669,25207.0,25209.0,green,2
J4281,I12749,25352.0,25357.0,green,2
J2924,I7901,15503.0,15508.0,green,1
J2924,I13437,26585.0,26586.0,green,1
J2924,I13469,26640.0,26642.0,green,2
J2924,I13577,26804.0,26806.0,green,1
J1930,I3984,7133.0,7134.0,green,1
J1930,I4048,7263.0,7265.0,green,1
J1930,I4144,7474.0,7476.0,green,1
J1930,I4176,7544.0,7546.0,green,1
J1930,I4208,7603.0,7604.0,green,1
J1930,I4240,7668.0,7669.0,green,1
J4598,I8096,15901.0,15903.0,brown,2
J4598,I9377,18655.0,18659.0,green,2
J4598,I13505,26692.0,26694.0,green,2
J1194,I3679,6550.0,6562.0,green,2
J1194,I4127,7429.0,7435.0,green,1
J1194,I5695,10750.0,10754.0,green,2
J1194,I7199,13900.0,13905.0,green,1
J3987,I6642,12706.0,12708.0,brown,1
J3987,I7763,15214.0,15220.0,green,1
J3987,I12179,24301.0,24302.0,green,1
J3987,I14179,27819.0,27823.0,green,3
J93,I117,149.0,150.0,green,1
J93,I3349,5861.0,5863.0,green,2
J93,I6773,12986.0,12987.0,green,1
J93,I7765,15221.0,15222.0,green,1
J280,I9624,19133.0,19134.0,brown,1
J280,I11321,22602.0,22605.0,green,1
J2640,I4200,7587.0,7589.0,brown,1
J2640,I4329,7828.0,7830.0,green,1
J2640,I5352,10015.0,10019.0,brown,1
J2640,I6792,13020.0,13022.0,brown,1
J2640,I7849,15408.0,15411.0,green,2
J3009,I5140,9520.0,9528.0,green,1
J3009,I6516,12474.0,12482.0,green,1
J3009,I7507,14653.0,14656.0,brown,2
J3009,I11924,23803.0,23809.0,green,1
J3009,I12436,24773.0,24776.0,green,1
J1960,I5500,10343.0,10345.0,green,1
J1960,I5596,10527.0,10528.0,green,1
J1960,I7740,15167.0,15168.0,green,1
J1960,I7965,15639.0,15642.0,brown,1
J1960,I10780,21483.0,21489.0,green,1
J2301,I4734,8656.0,8657.0,green,1
J2301,I4926,9090.0,9094.0,green,3
J2301,I5726,10814.0,10818.0,green,1
J2301,I5854,11106.0,11111.0,green,1
J3522,I7539,14721.0,14723.0,green,2
J3522,I7635,14911.0,14912.0,green,1
J3522,I7731,15154.0,15157.0,green,3
J3277,I5929,11243.0,11244.0,green,1
J3277,I6025,11419.0,11424.0,green,1
J3277,I6569,12582.0,12588.0,green,1
J3277,I11409,22773.0,22777.0,green,2
J2437,I5760,10917.0,10922.0,green,3
J2437,I6464,12358.0,12367.0,green,1
J2314,I5222,9702.0,9704.0,green,2
J2314,I7590,14808.0,14812.0,green,2
J3633,I9890,19662.0,19665.0,green,3
J3633,I9986,19878.0,19880.0,green,2
J3633,I11618,23221.0,23224.0,green,1
J3271,I2640,4483.0,4484.0,brown,1
J3271,I5009,9255.0,9260.0,green,1
J3271,I8273,16310.0,16313.0,green,1
J4572,I1626,2613.0,2616.0,brown,1
J4572,I7899,15500.0,15501.0,green,1
J4572,I11771,23504.0,23507.0,green,1
J4572,I13083,25981.0,25982.0,green,1
J4134,I3805,6808.0,6809.0,green,1
J4134,I11693,23347.0,23351.0,green,1
J4134,I12757,25366.0,25370.0,green,2
J4134,I12781,25412.0,25413.0,green,1
J4030,I7328,14247.0,14254.0,green,1
J4030,I7679,15018.0,15021.0,brown,1
J4030,I7839,15388.0,15389.0,brown,1
J4030,I13727,27043.0,27045.0,brown,2
J4030,I13888,27338.0,27342.0,green,1
J4992,I3935,7043.0,7047.0,brown,2
J4992,I14752,28766.0,28770.0,green,1
J2215,I1936,3187.0,3188.0,brown,1
J2215,I9873,19631.0,19634.0,green,1
J2215,I12687,25243.0,25246.0,green,3
J4244,I7430,14475.0,14477.0,green,1
J4244,I8230,16193.0,16197.0,green,2
J1957,I3566,6325.0,6329.0,brown,1
J1957,I8367,16496.0,16497.0,green,1
J1957,I11800,23551.0,23555.0,green,1
J2838,I3999,7153.0,7155.0,green,1
J2838,I4031,7218.0,7225.0,green,2
J2838,I4127,7429.0,7435.0,green,1
J2838,I8638,17111.0,17113.0,brown,1
J3766,I4643,8472.0,8474.0,green,1
J3766,I5731,10826.0,10828.0,green,1
J3766,I12527,24953.0,24956.0,green,2
J2060,I6217,11829.0,11830.0,green,1
J2060,I6281,11949.0,11952.0,green,1
J2060,I6313,12007.0,12010.0,green,1
J2060,I6345,12070.0,12072.0,green,2
J2060,I7497,14630.0,14631.0,green,1
J473,I1242,1960.0,1961.0,green,1
J473,I1418,2237.0,2240.0,green,1
J473,I1434,2272.0,2274.0,green,1
J473,I1652,2663.0,2666.0,green,1
J473,I1946,3206.0,3208.0,green,1
J473,I2362,3975.0,3976.0,green,1
J4122,I6305,11991.0,11994.0,green,1
J4122,I6369,12129.0,12132.0,green,1
J1636,I2651,4499.0,4501.0,green,1
J1636,I3739,6678.0,6684.0,green,1
J1636,I6171,11724.0,11727.0,green,2
J1636,I6651,12727.0,12729.0,green,1
J1636,I7795,15291.0,15292.0,green,1
J682,I2421,4073.0,4080.0,green,1
J682,I2485,4194.0,4196.0,green,1
J682,I3381,5928.0,5929.0,green,1
J682,I7125,13706.0,13711.0,green,2
J4722,I5857,11116.0,11117.0,brown,1
J4722,I6177,11738.0,11740.0,brown,1
J4722,I15378,29756.0,29757.0,green,1
J4722,I15490,29921.0,29922.0,green,1
J3080,I3049,5307.0,5311.0,green,1
J3080,I7689,15036.0,15037.0,green,1
J3080,I11177,22282.0,22284.0,green,1
J3080,I12815,25478.0,25479.0,green,1
J2231,I2949,5087.0,5090.0,green,2
J2231,I9605,19089.0,19090.0,green,1
J2231,I10501,20927.0,20933.0,green,2
J2231,I12389,24675.0,24676.0,green,1
J4462,I8179,16079.0,16080.0,brown,1
J4462,I8276,16315.0,16321.0,green,3
J4462,I14212,27881.0,27883.0,green,1
J4462,I14324,28060.0,28061.0,green,1
J3309,I7973,15656.0,15657.0,green,1
J3309,I8101,15909.0,15911.0,green,1
J3309,I8453,16682.0,16687.0,green,1
J3309,I10245,20400.0,20402.0,green,1
J4535,I5378,10070.0,10073.0,brown,1
J4535,I10947,21808.0,21810.0,green,1
J4535,I13867,27298.0,27300.0,green,1
J4535,I14595,28515.0,28518.0,green,1
J4535,I14892,28990.0,28991.0,green,1
J4535,I15084,29303.0,29304.0,green,1
J2174,I1304,2059.0,2063.0,green,1
J2174,I4204,7594.0,7599.0,green,1
J2174,I5431,10196.0,10200.0,brown,2
J2174,I6263,11915.0,11917.0,brown,1
J1477,I1552,2470.0,2473.0,green,2
J1477,I5396,10113.0,10121.0,green,1
J3052,I9343,18582.0,18586.0,green,2
J3052,I9631,19142.0,19150.0,green,2
J3052,I15260,29574.0,29575.0,green,1
J3083,I1742,2836.0,2837.0,brown,1
J3083,I3599,6394.0,6402.0,green,1
J3083,I4047,7253.0,7263.0,green,2
J3083,I11487,22950.0,22952.0,green,1
J2147,I3839,6873.0,6874.0,green,1
J2147,I4351,7870.0,7874.0,green,2
J2147,I4863,8942.0,8944.0,green,1
J2147,I9535,18949.0,18952.0,green,1
J2147,I10015,19940.0,19947.0,green,1
J796,I2412,4056.0,4057.0,green,1
J796,I2508,4238.0,4240.0,green,2
J796,I2860,4911.0,4918.0,green,1
J2232,I464,681.0,682.0,brown,1
J2232,I2481,4190.0,4191.0,green,1
J2232,I2513,4250.0,4252.0,green,1
J2232,I2673,4533.0,4538.0,green,1
J2232,I7446,14508.0,14509.0,green,1
J2232,I7478,14582.0,14588.0,green,1
J3508,I10546,21041.0,21043.0,green,2
J3508,I10642,21226.0,21228.0,brown,1
J3508,I10674,21295.0,21296.0,brown,1
J3508,I11442,22841.0,22844.0,brown,1
J3508,I11666,23300.0,23301.0,brown,1
J2623,I6221,11834.0,11835.0,green,1
J2623,I10253,20416.0,20418.0,green,2
J2623,I11501,22977.0,22978.0,green,1
J1812,I3364,5888.0,5895.0,green,6
J1261,I4626,8421.0,8433.0,green,1
J1261,I6834,13134.0,13135.0,green,1
J1261,I12700,25267.0,25271.0,green,3
J1261,I12786,25419.0,25426.0,green,1
J3531,I3748,6698.0,6701.0,brown,1
J3531,I4004,7161.0,7163.0,brown,1
J3531,I5349,10004.0,10010.0,green,3
J3531,I10501,20927.0,20933.0,green,1
J1810,I4272,7722.0,7723.0,green,1
J1810,I11056,22027.0,22034.0,green,3
J1810,I11600,23186.0,23189.0,green,2
J2361,I8447,16661.0,16663.0,green,1
J2158,I5073,9401.0,9405.0,green,1
J2158,I7281,14099.0,14105.0,green,1
J2158,I8049,15798.0,15800.0,green,2
J2158,I9393,18689.0,18690.0,green,1
J932,I2279,3841.0,3843.0,brown,2
J932,I12200,24336.0,24340.0,green,1
J932,I13104,26015.0,26018.0,green,1
J932,I13800,27176.0,27178.0,green,1
J932,I13840,27249.0,27252.0,green,1
J499,I118,150.0,153.0,green,3
J499,I150,204.0,208.0,green,1
J2207,I2337,3932.0,3934.0,brown,1
J2207,I2593,4399.0,4400.0,brown,1
J2207,I11042,22003.0,22006.0,green,1
J2207,I13410,26537.0,26539.0,green,2
J2207,I13906,27367.0,27372.0,green,1
J3967,I6996,13449.0,13451.0,green,1
J3967,I7028,13506.0,13509.0,green,3
J3967,I12289,24492.0,24493.0,green,1
J1583,I5119,9483.0,9485.0,brown,2
J1583,I6368,12125.0,12129.0,green,2
