Job,Interval,Start,End,Energy,Flow
J2925,I4748,8653.0,8658.0,red,1
J2925,I7789,14989.0,14992.0,green,1
J2925,I8301,16112.0,16118.0,green,1
J2925,I11981,23695.0,23697.0,brown,1
J4660,I12489,24637.0,24640.0,green,2
J4660,I12520,24699.0,24700.0,brown,1
J4660,I12553,24753.0,24757.0,green,1
J4660,I12649,24965.0,24972.0,green,1
J3857,I5159,9488.0,9489.0,brown,1
J3857,I5255,9698.0,9699.0,green,1
J3857,I5287,9759.0,9760.0,green,1
J3857,I5799,10843.0,10845.0,brown,1
J3857,I6215,11677.0,11680.0,brown,1
J3857,I6343,11945.0,11947.0,brown,1
J342,I1006,1562.0,1564.0,red,1
J342,I6063,11386.0,11388.0,brown,1
J342,I10383,20528.0,20534.0,green,1
J342,I10991,21758.0,21761.0,green,1
J2744,I1293,2054.0,2056.0,red,1
J2744,I5806,10854.0,10857.0,brown,1
J2744,I11630,23012.0,23014.0,brown,1
J4654,I12517,24692.0,24694.0,brown,1
J4654,I13510,26568.0,26571.0,green,1
J4654,I13541,26622.0,26625.0,brown,1
J3301,I562,833.0,835.0,brown,1
J3301,I1042,1626.0,1628.0,green,1
J3301,I12374,24418.0,24420.0,brown,1
J2526,I1517,2451.0,2453.0,green,2
J2526,I1581,2573.0,2575.0,green,1
J2526,I3917,6949.0,6951.0,green,1
J2526,I7869,15172.0,15187.0,green,1
J896,I1580,2571.0,2573.0,brown,1
J896,I1708,2775.0,2777.0,green,2
J4561,I13925,27363.0,27365.0,brown,1
J4561,I13956,27429.0,27430.0,brown,1
J4561,I14020,27533.0,27536.0,brown,1
J1193,I821,1262.0,1266.0,green,2
J1193,I2582,4332.0,4337.0,green,1
J1193,I5239,9664.0,9666.0,brown,2
J3218,I9002,17703.0,17707.0,green,4
J3218,I9818,19354.0,19356.0,green,1
J3839,I7055,13457.0,13458.0,brown,1
J3839,I8367,16260.0,16261.0,brown,1
J3839,I9039,17778.0,17780.0,green,1
J3839,I9583,18893.0,18894.0,brown,1
J3598,I10827,21453.0,21457.0,green,3
J3144,I6549,12368.0,12371.0,green,1
J3144,I6581,12442.0,12444.0,green,2
J3144,I6677,12625.0,12627.0,green,1
J2049,I5546,10294.0,10296.0,brown,2
J2049,I5643,10491.0,10493.0,red,1
J2049,I12106,23959.0,23961.0,brown,1
J2731,I12685,25052.0,25056.0,green,1
J2731,I12989,25625.0,25630.0,green,4
J2731,I13053,25746.0,25749.0,green,1
J2147,I6383,12033.0,12034.0,green,1
J2147,I6575,12428.0,12431.0,green,1
J2147,I6735,12741.0,12749.0,green,2
J2147,I7967,15382.0,15387.0,green,1
J2207,I3831,6778.0,6779.0,red,1
J2207,I4312,7744.0,7747.0,brown,2
J2207,I5208,9591.0,9593.0,brown,1
J2207,I6232,11718.0,11719.0,brown,1
J2207,I11320,22435.0,22436.0,green,1
J3692,I951,1474.0,1475.0,green,1
J3692,I983,1528.0,1529.0,green,1
J3692,I6520,12313.0,12315.0,green,1
J2093,I4657,8445.0,8451.0,green,1
J2093,I6064,11388.0,11389.0,brown,1
J2093,I6225,11704.0,11711.0,green,2
J2093,I6953,13216.0,13229.0,green,1
J2093,I7051,13448.0,13452.0,green,1
J2534,I9003,17707.0,17715.0,green,5
J1192,I2643,4433.0,4434.0,green,1
J1192,I2740,4604.0,4610.0,green,3
J1140,I3468,6065.0,6072.0,green,1
J1140,I5196,9565.0,9571.0,green,4
J1140,I5228,9639.0,9640.0,green,1
J3258,I6547,12365.0,12366.0,red,1
J3258,I6611,12487.0,12488.0,red,1
J3258,I6643,12548.0,12549.0,red,1
J3258,I7475,14337.0,14338.0,brown,1
J3258,I9139,17993.0,17995.0,green,2
J3501,I7283,13934.0,13935.0,brown,1
J3501,I7347,14079.0,14082.0,brown,1
J3501,I10387,20542.0,20544.0,green,1
J3501,I10452,20692.0,20695.0,green,1
J3501,I12443,24552.0,24554.0,brown,2
J1683,I4106,7294.0,7295.0,brown,1
J1683,I10602,21016.0,21017.0,brown,1
J1683,I10666,21131.0,21132.0,green,1
J1683,I13622,26761.0,26764.0,brown,1
J1683,I13653,26820.0,26825.0,green,1
J1683,I13655,26827.0,26830.0,green,1
J4855,I8205,15907.0,15910.0,green,1
J4855,I14222,27880.0,27881.0,green,1
J4855,I14830,28954.0,28957.0,green,2
J4855,I14926,29089.0,29091.0,brown,1
J4855,I15538,29982.0,29983.0,brown,1
J1999,I11860,23474.0,23478.0,green,1
J1999,I12052,23855.0,23859.0,green,1
J1999,I13332,26225.0,26228.0,green,1
J3650,I9252,18228.0,18229.0,red,1
J3650,I9284,18284.0,18287.0,red,1
J3650,I11141,22071.0,22073.0,brown,1
J3650,I11205,22199.0,22201.0,brown,2
J3650,I11365,22528.0,22529.0,brown,1
J2141,I3693,6494.0,6496.0,green,2
J2141,I3853,6819.0,6821.0,green,1
J3859,I6821,12933.0,12934.0,brown,1
J3859,I6885,13060.0,13062.0,brown,2
J3859,I6949,13208.0,13209.0,brown,1
J3859,I7686,14778.0,14784.0,green,2
J3878,I8137,15775.0,15776.0,brown,1
J3878,I8586,16738.0,16739.0,green,1
J3878,I12666,25011.0,25014.0,green,3
J4186,I14786,28872.0,28874.0,brown,1
J4186,I14978,29177.0,29179.0,brown,1
J3264,I5109,9358.0,9359.0,brown,1
J3264,I6005,11263.0,11266.0,brown,1
J3264,I12661,25003.0,25005.0,brown,1
J3264,I14454,28290.0,28292.0,green,2
J1162,I3506,6138.0,6139.0,green,1
J1162,I3523,6167.0,6168.0,green,1
J1162,I3539,6192.0,6195.0,green,1
J1162,I3859,6841.0,6845.0,green,3
J55,I1224,1937.0,1943.0,green,4
J55,I2504,4188.0,4190.0,green,1
J2540,I5107,9355.0,9357.0,brown,1
J2540,I6803,12894.0,12896.0,brown,1
J2540,I9843,19403.0,19411.0,green,1
J2540,I13587,26707.0,26709.0,brown,2
J2540,I14788,28875.0,28876.0,green,1
J855,I8429,16392.0,16393.0,green,1
J855,I11221,22239.0,22242.0,green,1
J855,I11309,22408.0,22409.0,green,1
J855,I11310,22409.0,22410.0,brown,1
J855,I11358,22515.0,22516.0,green,1
J855,I11375,22543.0,22545.0,brown,1
J4319,I8964,17591.0,17592.0,brown,1
J4319,I9668,19058.0,19059.0,brown,1
J4319,I9700,19125.0,19129.0,brown,3
J4319,I10244,20232.0,20238.0,brown,1
J2382,I5335,9861.0,9862.0,green,1
J2382,I5848,10931.0,10937.0,green,2
J2382,I7192,13733.0,13739.0,green,1
J2382,I12343,24363.0,24364.0,brown,1
J2382,I12432,24534.0,24538.0,green,1
J4420,I9028,17761.0,17763.0,red,2
J4420,I9060,17816.0,17817.0,red,1
J4420,I9156,18032.0,18033.0,red,1
J4420,I9925,19579.0,19582.0,green,1
J1381,I5551,10301.0,10310.0,green,5
J1381,I7855,15137.0,15142.0,green,1
J3278,I3799,6718.0,6719.0,green,1
J3278,I6847,12986.0,12989.0,brown,1
J3278,I9321,18373.0,18381.0,green,3
J3266,I3750,6614.0,6618.0,brown,1
J3266,I9414,18573.0,18575.0,brown,1
J3266,I9606,18942.0,18943.0,brown,1
J3266,I9958,19649.0,19650.0,brown,1
J3266,I11527,22826.0,22834.0,green,2
J3445,I10384,20534.0,20538.0,green,2
J3651,I5586,10375.0,10378.0,brown,3
J3651,I7155,13659.0,13663.0,green,1
J2644,I7741,14891.0,14892.0,green,1
J2644,I7837,15098.0,15099.0,green,1
J2644,I7869,15172.0,15187.0,green,1
J2644,I8702,16987.0,16988.0,green,1
J2644,I10717,21246.0,21248.0,green,1
J1181,I3407,5952.0,5954.0,green,1
J1181,I3438,6011.0,6012.0,green,1
J1181,I3503,6132.0,6135.0,green,1
J1181,I3663,6438.0,6441.0,green,2
J1308,I4187,7478.0,7479.0,green,1
J1308,I4189,7480.0,7483.0,brown,1
J1308,I4715,8573.0,8579.0,green,1
J1967,I4769,8706.0,8707.0,brown,1
J1967,I4833,8826.0,8827.0,brown,1
J1967,I4929,8999.0,9000.0,brown,1
J1967,I5026,9203.0,9206.0,green,1
J2605,I6176,11611.0,11612.0,green,1
J2605,I6208,11664.0,11666.0,green,2
J2303,I4252,7606.0,7610.0,brown,3
J2303,I12221,24168.0,24171.0,green,1
J2303,I15068,29296.0,29297.0,brown,1
J1816,I4710,8561.0,8563.0,brown,1
J1816,I11655,23058.0,23059.0,green,1
J1816,I12455,24570.0,24577.0,green,1
J1816,I15154,29424.0,29426.0,green,2
J1816,I15225,29536.0,29538.0,brown,1
J2198,I6728,12724.0,12728.0,green,1
J2198,I7208,13775.0,13777.0,green,2
J2198,I8152,15805.0,15806.0,green,1
J4965,I15086,29321.0,29322.0,green,1
J4965,I15150,29417.0,29418.0,green,1
J4965,I15182,29472.0,29474.0,green,2
J4965,I15246,29572.0,29573.0,green,1
J4965,I15342,29711.0,29712.0,green,1
J2063,I4975,9095.0,9097.0,green,1
J2063,I5008,9166.0,9168.0,green,1
J2063,I5968,11171.0,11172.0,green,1
J2063,I6576,12431.0,12436.0,green,1
J2063,I8784,17182.0,17188.0,green,1
J332,I815,1248.0,1252.0,green,1
J332,I1872,3074.0,3076.0,green,1
J332,I3568,6250.0,6253.0,green,2
J4577,I8262,16038.0,16039.0,red,1
J4577,I8326,16170.0,16178.0,green,2
J4577,I9190,18100.0,18101.0,brown,1
J4577,I9766,19257.0,19259.0,green,1
J4577,I9798,19319.0,19320.0,brown,1
J4049,I11990,23710.0,23712.0,green,1
J4049,I13846,27218.0,27223.0,green,2
J4049,I13942,27393.0,27395.0,green,1
J4049,I13974,27452.0,27455.0,green,1
J3180,I8805,17234.0,17238.0,green,4
J3180,I8933,17531.0,17535.0,green,1
J3180,I9253,18229.0,18230.0,green,1
J4006,I12308,24307.0,24308.0,brown,1
J4006,I12373,24415.0,24418.0,green,1
J1607,I939,1445.0,1448.0,green,1
J1607,I1035,1613.0,1615.0,brown,1
J1607,I5676,10557.0,10561.0,green,1
J1607,I9131,17974.0,17976.0,brown,2
J2614,I6413,12086.0,12088.0,green,2
J4892,I13378,26319.0,26321.0,green,2
J4892,I14818,28932.0,28934.0,green,1
J4892,I15202,29500.0,29502.0,green,1
J4892,I15458,29877.0,29879.0,green,1
J3381,I7867,15166.0,15170.0,green,4
J3707,I8077,15637.0,15640.0,green,2
J3707,I9197,18112.0,18113.0,green,1
J3707,I9549,18827.0,18830.0,brown,1
J299,I75,88.0,90.0,green,1
J299,I491,721.0,723.0,green,1
J299,I812,1244.0,1246.0,green,1
J299,I3212,5561.0,5564.0,green,1
J299,I5212,9597.0,9601.0,green,1
J299,I5237,9660.0,9662.0,green,1
J1635,I1118,1756.0,1757.0,green,1
J1635,I1855,3033.0,3037.0,green,2
J1635,I2078,3428.0,3429.0,brown,1
J1635,I2942,5022.0,5023.0,brown,1
J1635,I3007,5140.0,5142.0,green,1
J3688,I10241,20220.0,20224.0,green,2
J3688,I14370,28158.0,28159.0,green,1
J3688,I14882,29031.0,29032.0,brown,1
J3852,I9693,19110.0,19112.0,green,1
J3852,I13213,26010.0,26012.0,brown,1
J1437,I2670,4493.0,4494.0,green,1
J1437,I2799,4736.0,4739.0,green,1
J1437,I3471,6075.0,6076.0,green,1
J1437,I3503,6132.0,6135.0,green,1
J1735,I4653,8435.0,8436.0,green,1
J1735,I4685,8514.0,8515.0,brown,1
J1735,I4813,8783.0,8784.0,green,1
J4595,I5933,11090.0,11091.0,brown,1
J4595,I5997,11239.0,11241.0,brown,1
J4595,I13358,26280.0,26284.0,green,1
J4595,I14606,28569.0,28571.0,green,1
J4595,I14702,28724.0,28730.0,green,2
J3680,I4193,7492.0,7497.0,brown,4
J3680,I5378,9952.0,9956.0,green,1
J3680,I9058,17814.0,17815.0,green,1
J1400,I3504,6135.0,6136.0,green,1
J1400,I3665,6444.0,6450.0,green,1
J1667,I3786,6688.0,6689.0,green,1
J1667,I3787,6689.0,6694.0,green,2
J1667,I3818,6754.0,6755.0,brown,1
J1667,I4645,8420.0,8423.0,brown,1
J647,I694,1039.0,1040.0,brown,1
J647,I2039,3358.0,3363.0,green,1
J647,I4645,8420.0,8423.0,brown,1
J647,I4823,8808.0,8813.0,brown,1
J647,I8035,15517.0,15524.0,green,2
J307,I624,925.0,927.0,brown,1
J307,I690,1033.0,1035.0,green,1
J307,I818,1254.0,1260.0,green,2
J307,I1139,1788.0,1789.0,brown,1
J105,I105,133.0,134.0,brown,1
J105,I361,514.0,516.0,brown,1
J105,I8602,16765.0,16767.0,green,2
J3020,I2443,4069.0,4071.0,green,1
J3020,I4492,8145.0,8146.0,green,1
J3020,I4972,9083.0,9087.0,green,1
J3020,I6924,13152.0,13155.0,green,2
J3020,I8940,17543.0,17546.0,green,1
J478,I1202,1899.0,1900.0,brown,1
J478,I3666,6450.0,6452.0,brown,1
J478,I9834,19384.0,19386.0,brown,1
J2308,I5353,9900.0,9901.0,brown,1
J2308,I5545,10290.0,10294.0,brown,1
J2308,I12714,25107.0,25109.0,green,1
J2308,I12882,25431.0,25433.0,green,2
J2308,I12986,25622.0,25623.0,green,1
J3224,I9067,17827.0,17828.0,red,1
J3224,I10667,21132.0,21138.0,green,2
J3224,I13259,26098.0,26100.0,brown,2
J3340,I7183,13716.0,13720.0,green,3
J2062,I5438,10081.0,10082.0,brown,1
J2062,I11566,22905.0,22908.0,brown,1
J2062,I13518,26583.0,26587.0,brown,2
J1510,I4800,8759.0,8760.0,green,1
J1510,I4832,8825.0,8826.0,green,1
J3862,I11732,23200.0,23201.0,green,1
J3862,I13332,26225.0,26228.0,green,1
J1177,I3307,5767.0,5768.0,green,1
J1177,I3788,6694.0,6698.0,green,2
J1177,I7352,14092.0,14099.0,green,1
J1177,I7380,14149.0,14156.0,green,1
J1177,I7579,14567.0,14569.0,brown,1
J3577,I8389,16305.0,16307.0,brown,1
J3577,I8421,16374.0,16375.0,brown,1
J3577,I8773,17153.0,17160.0,brown,1
J3577,I13798,27125.0,27127.0,green,1
J833,I3750,6614.0,6618.0,brown,2
J833,I12646,24959.0,24962.0,brown,1
J833,I14167,27794.0,27797.0,green,1
J833,I14439,28267.0,28269.0,green,2
J2658,I3378,5907.0,5908.0,green,1
J2658,I7922,15309.0,15310.0,green,1
J3969,I11812,23370.0,23372.0,green,1
J3969,I12003,23734.0,23735.0,red,1
J3969,I12035,23813.0,23815.0,red,1
J3969,I14564,28488.0,28490.0,brown,1
J3969,I14636,28614.0,28618.0,brown,1
J1545,I3509,6142.0,6143.0,green,1
J1545,I3573,6266.0,6271.0,green,1
J1545,I3797,6715.0,6717.0,brown,1
J1545,I5590,10385.0,10388.0,green,1
J1545,I10709,21229.0,21235.0,green,1
J2022,I6619,12499.0,12501.0,brown,2
J2022,I9275,18261.0,18265.0,green,1
J2022,I14076,27642.0,27645.0,green,2
J559,I301,414.0,415.0,red,1
J559,I461,673.0,676.0,green,1
J559,I653,970.0,972.0,green,1
J559,I2958,5055.0,5056.0,green,1
J57,I8448,16432.0,16439.0,green,2
J57,I9088,17862.0,17863.0,green,1
J57,I9120,17941.0,17942.0,green,1
J57,I9216,18147.0,18152.0,green,2
J2455,I1380,2222.0,2224.0,green,2
J2455,I1412,2271.0,2272.0,brown,1
J2455,I1444,2324.0,2326.0,brown,1
J2455,I12344,24364.0,24368.0,brown,1
J2455,I12380,24428.0,24429.0,brown,1
J3788,I7210,13778.0,13781.0,green,1
J3788,I7403,14193.0,14199.0,green,1
J3788,I9963,19661.0,19662.0,green,1
J3788,I10091,19905.0,19906.0,green,1
J3788,I11979,23692.0,23693.0,green,1
J3467,I12209,24151.0,24153.0,green,2
J3467,I12337,24354.0,24356.0,brown,1
J3467,I12401,24464.0,24469.0,green,1
J2726,I7347,14079.0,14082.0,brown,2
J1971,I981,1526.0,1527.0,red,1
J1971,I2517,4211.0,4212.0,brown,1
J1971,I14934,29100.0,29104.0,green,2
J847,I262,358.0,361.0,green,1
J847,I358,507.0,512.0,green,2
J847,I422,610.0,614.0,green,1
J753,I1440,2320.0,2321.0,green,1
J753,I1472,2369.0,2371.0,green,2
J753,I1696,2755.0,2757.0,brown,2
J3982,I11501,22777.0,22778.0,brown,1
J3982,I11662,23068.0,23069.0,red,1
J3982,I11885,23515.0,23517.0,brown,1
J3982,I13261,26102.0,26103.0,brown,1
J3982,I14093,27667.0,27669.0,brown,1
J3982,I14414,28227.0,28228.0,green,1
J1519,I2629,4405.0,4406.0,brown,1
J1519,I3557,6224.0,6227.0,brown,3
J1519,I5765,10776.0,10777.0,brown,1
J1519,I7913,15286.0,15294.0,green,1
J1529,I3157,5453.0,5454.0,green,1
J1529,I3190,5521.0,5522.0,green,1
J1529,I3222,5582.0,5584.0,green,2
J4150,I3099,5331.0,5333.0,red,1
J4150,I10555,20925.0,20927.0,brown,1
J424,I9750,19215.0,19220.0,green,1
J424,I12022,23769.0,23770.0,brown,1
J424,I12310,24309.0,24310.0,brown,1
J424,I13783,27096.0,27098.0,green,1
J424,I13975,27455.0,27457.0,green,1
J424,I14455,28292.0,28293.0,green,1
J1107,I2604,4368.0,4369.0,green,1
J1107,I2668,4489.0,4491.0,green,1
J1107,I3468,6065.0,6072.0,green,1
J1107,I3885,6896.0,6897.0,brown,1
J1107,I3948,7009.0,7013.0,green,1
J3861,I9548,18822.0,18827.0,green,3
J3861,I9579,18881.0,18886.0,brown,1
J3861,I10251,20244.0,20247.0,green,1
J4021,I10990,21757.0,21758.0,green,1
J4021,I11022,21824.0,21826.0,green,2
J4021,I12079,23909.0,23911.0,brown,1
J730,I1544,2506.0,2508.0,brown,2
J730,I1640,2669.0,2671.0,green,1
J730,I2809,4755.0,4758.0,green,1
J730,I2873,4885.0,4890.0,green,1
J730,I3625,6364.0,6367.0,green,1
J603,I180,241.0,242.0,brown,1
J603,I5045,9241.0,9243.0,green,1
J603,I12197,24124.0,24125.0,green,1
J603,I12341,24361.0,24362.0,brown,1
J603,I12693,25070.0,25072.0,green,1
J3644,I1285,2037.0,2039.0,brown,1
J3644,I8230,15960.0,15964.0,green,1
J3644,I9990,19704.0,19708.0,green,1
J3644,I10022,19767.0,19769.0,green,1
J3644,I12710,25097.0,25098.0,green,1
J3644,I12734,25152.0,25155.0,green,1
J1356,I1924,3159.0,3161.0,red,1
J1356,I10725,21259.0,21263.0,green,1
J1356,I11269,22338.0,22341.0,green,1
J1356,I12740,25164.0,25165.0,brown,1
J1356,I12862,25385.0,25388.0,green,1
J4412,I5921,11070.0,11072.0,brown,1
J4412,I13154,25908.0,25913.0,green,1
J3941,I5144,9422.0,9427.0,green,2
J3941,I5337,9864.0,9865.0,green,1
J3941,I11065,21902.0,21905.0,brown,2
J3941,I11385,22563.0,22564.0,green,1
J2768,I6501,12270.0,12272.0,brown,2
J2768,I6598,12468.0,12469.0,red,1
J2768,I12677,25034.0,25036.0,brown,1
J1397,I6505,12282.0,12286.0,green,1
J1397,I6633,12530.0,12533.0,green,1
J1397,I10665,21129.0,21131.0,green,1
J1397,I11806,23357.0,23358.0,green,1
J4219,I5567,10334.0,10338.0,brown,1
J4219,I9056,17807.0,17810.0,green,3
J4219,I12032,23808.0,23811.0,green,2
J2448,I3694,6496.0,6499.0,green,1
J2448,I3726,6560.0,6563.0,brown,2
J2448,I9519,18772.0,18774.0,green,1
J2448,I12159,24056.0,24058.0,green,1
J4413,I13332,26225.0,26228.0,green,1
J4413,I13396,26357.0,26358.0,green,1
J4413,I13436,26440.0,26442.0,green,1
J2735,I90,110.0,111.0,brown,1
J2735,I91,111.0,114.0,green,2
J2735,I123,157.0,159.0,green,1
J4711,I5382,9959.0,9960.0,brown,1
J4711,I6694,12658.0,12661.0,brown,1
J4711,I7942,15340.0,15341.0,brown,1
J4711,I8134,15761.0,15769.0,green,1
J4711,I8326,16170.0,16178.0,green,1
J4711,I12455,24570.0,24577.0,green,1
J1156,I2712,4555.0,4556.0,green,1
J1156,I2809,4755.0,4758.0,green,1
J1156,I2905,4956.0,4958.0,green,2
J646,I91,111.0,114.0,green,1
J646,I828,1276.0,1280.0,green,1
J646,I4860,8867.0,8868.0,brown,1
J646,I5812,10864.0,10867.0,green,1
J1271,I2855,4844.0,4846.0,green,2
J1271,I2887,4925.0,4928.0,green,1
J1271,I5376,9947.0,9949.0,green,1
J4147,I5099,9341.0,9342.0,brown,1
J4147,I5131,9394.0,9396.0,green,1
J4147,I5259,9703.0,9705.0,brown,2
J4147,I6251,11760.0,11763.0,brown,1
J4147,I12332,24343.0,24348.0,green,1
J165,I345,487.0,490.0,brown,2
J165,I506,743.0,745.0,green,1
J165,I698,1046.0,1048.0,green,1
J147,I100,128.0,129.0,green,1
J147,I2501,4182.0,4183.0,green,1
J147,I6565,12408.0,12411.0,green,2
J147,I8069,15603.0,15614.0,green,1
J147,I9734,19187.0,19189.0,brown,1
J1980,I104,132.0,133.0,brown,1
J1980,I3592,6307.0,6310.0,brown,1
J1980,I4680,8506.0,8507.0,brown,1
J1980,I10344,20469.0,20470.0,brown,1
J3808,I10406,20574.0,20579.0,green,2
J3808,I11430,22640.0,22641.0,green,1
J3808,I11462,22696.0,22700.0,green,2
J1662,I1809,2953.0,2958.0,green,1
J1662,I6192,11638.0,11639.0,brown,1
J4740,I8542,16652.0,16653.0,red,1
J4740,I8638,16842.0,16844.0,red,1
J4740,I14174,27809.0,27810.0,brown,1
J4740,I14430,28255.0,28256.0,brown,1
J4740,I15039,29259.0,29260.0,green,1
J2588,I4391,7923.0,7924.0,green,1
J2588,I4455,8061.0,8064.0,green,1
J2588,I6311,11870.0,11872.0,green,1
J4484,I11454,22680.0,22683.0,brown,1
J4484,I13247,26078.0,26081.0,green,1
J4484,I13791,27111.0,27115.0,green,1
J264,I691,1035.0,1037.0,green,2
J264,I723,1092.0,1094.0,green,1
J264,I1940,3187.0,3193.0,green,1
J264,I2996,5120.0,5123.0,green,1
J264,I3060,5240.0,5246.0,green,1
J874,I1562,2537.0,2538.0,green,1
J874,I2267,3762.0,3763.0,green,1
J874,I2395,3975.0,3979.0,green,3
J874,I2939,5014.0,5020.0,green,1
J1008,I1367,2197.0,2198.0,brown,1
J1008,I1399,2249.0,2250.0,brown,1
J1008,I1431,2304.0,2305.0,green,1
J1008,I2039,3358.0,3363.0,green,1
J2898,I3785,6683.0,6688.0,green,3
J2898,I5160,9489.0,9491.0,brown,1
J2898,I6633,12530.0,12533.0,green,1
J2898,I9724,19168.0,19169.0,brown,1
J139,I6748,12770.0,12785.0,green,1
J139,I7451,14300.0,14302.0,brown,1
J139,I10651,21111.0,21112.0,brown,1
J139,I13147,25898.0,25900.0,brown,2
J4364,I8236,15982.0,15984.0,green,1
J4364,I13068,25771.0,25774.0,brown,1
J4364,I14477,28331.0,28334.0,green,1
J4364,I15308,29666.0,29667.0,brown,1
J2990,I7076,13500.0,13503.0,green,3
J2990,I7172,13694.0,13695.0,green,1
J2990,I7204,13766.0,13768.0,green,1
J4233,I3184,5509.0,5512.0,brown,2
J4233,I13409,26379.0,26386.0,green,2
J4233,I14353,28114.0,28116.0,green,1
J4115,I2505,4190.0,4191.0,brown,1
J4115,I2697,4535.0,4536.0,brown,1
J4115,I9001,17701.0,17703.0,brown,1
J4115,I9097,17882.0,17887.0,green,1
J4115,I12186,24105.0,24107.0,green,2
J4187,I13042,25730.0,25731.0,green,1
J4187,I15042,29265.0,29267.0,brown,1
J4532,I8930,17517.0,17521.0,green,1
J4532,I9187,18097.0,18098.0,brown,1
J4532,I11139,22067.0,22070.0,brown,3
J4532,I11555,22890.0,22893.0,brown,1
J4678,I10195,20128.0,20134.0,green,1
J4678,I10227,20191.0,20192.0,red,1
J4678,I10515,20849.0,20852.0,brown,2
J3928,I8170,15843.0,15844.0,red,1
J3928,I8234,15975.0,15977.0,red,1
J3928,I9258,18235.0,18240.0,brown,2
J3928,I12974,25602.0,25604.0,brown,1
J290,I8249,16021.0,16022.0,green,1
J290,I9401,18548.0,18550.0,green,2
J1495,I228,304.0,306.0,green,1
J1495,I740,1120.0,1125.0,green,1
J1495,I2853,4839.0,4843.0,green,3
J3570,I9244,18213.0,18214.0,brown,1
J3570,I9309,18348.0,18350.0,green,1
J3570,I9949,19626.0,19628.0,green,1
J3570,I10173,20068.0,20071.0,green,1
J3570,I11037,21856.0,21857.0,green,1
J1549,I1724,2798.0,2800.0,brown,1
J1549,I2460,4098.0,4099.0,brown,1
J1549,I8924,17503.0,17504.0,green,1
J1549,I13404,26373.0,26374.0,brown,1
J1549,I13669,26859.0,26863.0,green,1
J1159,I1926,3162.0,3165.0,green,1
J1159,I1957,3220.0,3221.0,brown,1
J1159,I2021,3323.0,3325.0,brown,1
J1159,I3205,5546.0,5548.0,brown,1
J268,I661,982.0,983.0,green,1
J268,I726,1101.0,1102.0,green,1
J268,I2006,3298.0,3301.0,brown,1
J4472,I4267,7631.0,7634.0,brown,2
J2485,I8426,16386.0,16389.0,green,2
J2485,I10745,21300.0,21304.0,brown,1
J2485,I10762,21330.0,21331.0,green,1
J4708,I8910,17479.0,17480.0,green,1
J4708,I8974,17612.0,17621.0,green,1
J4708,I9230,18180.0,18182.0,brown,1
J4708,I9518,18769.0,18772.0,green,1
J4708,I14671,28665.0,28669.0,green,2
J3654,I7662,14739.0,14740.0,green,1
J3654,I9614,18955.0,18958.0,green,1
J3654,I9934,19592.0,19594.0,green,1
J3654,I10030,19784.0,19787.0,green,1
J3654,I11118,22021.0,22023.0,green,1
J3654,I11390,22572.0,22574.0,green,1
J4747,I8704,16990.0,16992.0,brown,1
J4747,I8736,17060.0,17062.0,green,1
J4747,I9696,19115.0,19119.0,green,2
J4747,I13665,26847.0,26853.0,green,1
J3629,I5447,10093.0,10097.0,red,1
J3629,I6504,12278.0,12282.0,green,1
J3629,I10824,21445.0,21446.0,green,1
J3629,I11208,22208.0,22210.0,green,2
J2775,I5951,11125.0,11126.0,brown,1
J2775,I6175,11607.0,11611.0,brown,1
J2775,I9343,18434.0,18435.0,brown,1
J2775,I12384,24433.0,24438.0,green,2
J2775,I13152,25904.0,25905.0,green,1
J1948,I13054,25749.0,25751.0,brown,1
J1948,I14015,27527.0,27528.0,green,1
J1948,I14367,28149.0,28152.0,green,1
J1948,I14591,28540.0,28543.0,green,3
J2165,I3369,5885.0,5887.0,brown,2
J2165,I3689,6489.0,6490.0,brown,1
J2165,I5962,11153.0,11158.0,green,2
J2165,I9001,17701.0,17703.0,brown,1
J244,I749,1137.0,1138.0,green,1
J244,I781,1186.0,1188.0,brown,1
J244,I782,1188.0,1192.0,green,1
J244,I1102,1728.0,1733.0,green,2
J244,I5774,10791.0,10795.0,green,1
J2261,I5373,9931.0,9934.0,brown,2
J2261,I7486,14356.0,14357.0,green,1
J2095,I14231,27892.0,27897.0,green,1
J2095,I15236,29554.0,29561.0,green,1
J1631,I3740,6591.0,6592.0,green,1
J1631,I4060,7215.0,7217.0,brown,1
J1631,I6748,12770.0,12785.0,green,2
J1631,I9508,18749.0,18750.0,green,1
J1631,I9528,18787.0,18789.0,green,1
J4893,I9672,19063.0,19064.0,green,1
J4893,I11273,22345.0,22346.0,green,1
J4893,I12009,23744.0,23747.0,green,2
J4893,I14665,28655.0,28657.0,green,1
J4707,I13227,26038.0,26039.0,brown,1
J4707,I13292,26150.0,26151.0,green,1
J4707,I13324,26212.0,26213.0,green,1
J4707,I13804,27139.0,27146.0,green,2
J4715,I4421,7995.0,7997.0,brown,1
J4715,I12614,24891.0,24892.0,green,1
J4715,I14702,28724.0,28730.0,green,1
J4715,I14950,29129.0,29130.0,green,1
J4715,I15067,29295.0,29296.0,brown,1
J4715,I15129,29392.0,29393.0,brown,1
J1762,I3827,6771.0,6772.0,green,1
J1762,I3860,6845.0,6846.0,green,1
J1762,I3988,7084.0,7086.0,green,1
J1762,I6804,12896.0,12897.0,green,1
J2109,I6768,12825.0,12826.0,green,1
J2109,I6800,12890.0,12891.0,green,1
J2109,I6960,13246.0,13248.0,green,1
J2109,I7057,13459.0,13460.0,brown,1
J2109,I7633,14676.0,14678.0,brown,1
J2109,I8833,17301.0,17309.0,green,1
J4942,I12638,24941.0,24943.0,brown,1
J4942,I12830,25329.0,25332.0,brown,1
J4942,I13375,26312.0,26314.0,green,1
J4942,I13791,27111.0,27115.0,green,2
J4942,I14655,28643.0,28644.0,green,1
J1592,I3189,5519.0,5521.0,green,1
J3781,I9923,19576.0,19578.0,brown,1
J3781,I10084,19889.0,19893.0,green,3
J3781,I11428,22637.0,22638.0,green,1
J2251,I6672,12616.0,12619.0,brown,2
J2251,I6704,12680.0,12681.0,brown,1
J2251,I6736,12749.0,12750.0,brown,1
J2251,I13409,26379.0,26386.0,green,2
J4968,I10945,21671.0,21673.0,green,1
J4968,I14818,28932.0,28934.0,green,1
J4968,I15106,29351.0,29354.0,green,2
J4968,I15362,29740.0,29744.0,green,1
J4703,I10030,19784.0,19787.0,green,1
J4703,I10222,20184.0,20185.0,green,1
J4703,I14799,28894.0,28895.0,green,1
J4703,I15241,29565.0,29566.0,green,1
J3085,I7321,14032.0,14033.0,green,1
J3085,I7545,14498.0,14501.0,green,3
J3085,I7609,14629.0,14635.0,green,1
J1728,I1167,1829.0,1830.0,brown,1
J1728,I5424,10059.0,10061.0,green,1
J1728,I5712,10634.0,10639.0,green,1
J1728,I7279,13925.0,13928.0,brown,1
J1586,I339,477.0,480.0,green,2
J1586,I4179,7464.0,7469.0,green,2
J1456,I7760,14926.0,14927.0,brown,1
J1456,I8784,17182.0,17188.0,green,1
J1456,I12825,25314.0,25323.0,green,2
J1456,I12848,25361.0,25362.0,brown,1
J3353,I6617,12495.0,12496.0,brown,1
J3353,I6681,12631.0,12633.0,brown,2
J3353,I6682,12633.0,12641.0,green,2
J3353,I6841,12975.0,12976.0,brown,1
J2553,I419,607.0,608.0,green,1
J2553,I2404,4000.0,4002.0,green,1
J2553,I4836,8830.0,8831.0,brown,1
J2553,I5316,9812.0,9814.0,brown,1
J2553,I6020,11303.0,11307.0,green,1
J2553,I8932,17526.0,17531.0,green,1
J4710,I9959,19650.0,19653.0,brown,1
J4710,I10183,20090.0,20094.0,brown,1
J4710,I10791,21378.0,21381.0,brown,1
J4710,I14504,28378.0,28381.0,green,1
J4710,I15223,29534.0,29535.0,brown,1
J4710,I15336,29703.0,29706.0,green,1
J752,I839,1299.0,1302.0,green,2
J4110,I2979,5088.0,5091.0,red,1
J4110,I12612,24889.0,24890.0,brown,1
J4110,I13892,27300.0,27302.0,brown,1
J4110,I14212,27863.0,27865.0,brown,2
J1145,I1417,2278.0,2279.0,brown,1
J1145,I1514,2445.0,2449.0,green,1
J1145,I1706,2769.0,2773.0,green,1
J1145,I3626,6367.0,6374.0,green,1
J3240,I2493,4162.0,4163.0,green,1
J3240,I2557,4274.0,4276.0,green,1
J3240,I2654,4452.0,4457.0,green,1
J3240,I7774,14957.0,14960.0,green,2
J3485,I4613,8373.0,8375.0,green,1
J3485,I8645,16860.0,16861.0,green,1
J3485,I11589,22939.0,22940.0,green,1
J3485,I12166,24066.0,24067.0,brown,1
J2023,I4022,7147.0,7148.0,green,1
J2023,I4054,7202.0,7204.0,green,1
J3137,I8704,16990.0,16992.0,brown,1
J3137,I8897,17447.0,17453.0,green,3
J3137,I13249,26082.0,26086.0,green,1
J1265,I4577,8302.0,8303.0,green,1
J1265,I8457,16449.0,16453.0,green,1
J1265,I10241,20220.0,20224.0,green,2
J1265,I10273,20277.0,20281.0,brown,1
J1265,I11105,21987.0,21988.0,green,1
J955,I1607,2620.0,2622.0,green,1
J955,I1638,2667.0,2668.0,brown,1
J955,I7559,14525.0,14531.0,green,2
J3752,I8247,16018.0,16019.0,green,1
J3752,I9111,17914.0,17916.0,green,2
J3752,I10311,20383.0,20392.0,green,1
J3752,I12336,24352.0,24354.0,green,2
J2185,I6931,13168.0,13170.0,brown,2
J2185,I14420,28234.0,28240.0,green,1
J3671,I4170,7449.0,7452.0,brown,3
J3671,I5514,10225.0,10227.0,brown,1
J3659,I11279,22352.0,22354.0,brown,1
J3659,I11343,22484.0,22486.0,green,1
J3659,I13519,26587.0,26589.0,brown,1
J3659,I14352,28112.0,28114.0,green,1
J3659,I14467,28316.0,28318.0,brown,1
J3659,I14701,28722.0,28724.0,brown,1
J2930,I12471,24608.0,24613.0,green,1
J2930,I12567,24782.0,24786.0,green,2
J3452,I8646,16861.0,16865.0,green,4
J3452,I8998,17692.0,17696.0,green,1
J3452,I10566,20942.0,20949.0,green,1
J4784,I7513,14434.0,14435.0,brown,1
J4784,I7577,14564.0,14566.0,brown,1
J4784,I14394,28192.0,28194.0,green,2
J1943,I3968,7043.0,7047.0,green,2
J1943,I4417,7988.0,7989.0,green,1
J1943,I4545,8234.0,8240.0,green,1
J4459,I12526,24707.0,24710.0,green,2
J4459,I12909,25487.0,25488.0,brown,1
J2123,I1041,1624.0,1626.0,brown,1
J2123,I1169,1831.0,1832.0,green,1
J2123,I1297,2062.0,2063.0,brown,1
J2123,I1681,2728.0,2730.0,brown,1
J2123,I5506,10213.0,10215.0,green,1
J2123,I7194,13740.0,13748.0,green,1
J2367,I15047,29273.0,29274.0,green,1
J2367,I15111,29359.0,29365.0,green,1
J2367,I15143,29409.0,29410.0,green,1
J2367,I15495,29929.0,29930.0,green,1
J4781,I1227,1947.0,1948.0,red,1
J4781,I14348,28104.0,28105.0,brown,1
J4781,I14428,28251.0,28254.0,brown,1
J4781,I14636,28614.0,28618.0,brown,1
J2209,I5823,10883.0,10886.0,green,1
J2209,I7015,13356.0,13364.0,green,1
J545,I5001,9144.0,9155.0,green,3
J545,I11229,22259.0,22261.0,brown,1
J2478,I1207,1914.0,1915.0,brown,1
J2478,I1271,2016.0,2021.0,green,1
J2478,I1335,2131.0,2132.0,green,1
J3925,I9300,18322.0,18331.0,green,1
J3925,I9364,18474.0,18484.0,green,1
J3925,I9491,18719.0,18720.0,brown,1
J3925,I9587,18904.0,18905.0,brown,1
J3925,I13764,27050.0,27052.0,green,2
J4140,I11194,22178.0,22180.0,brown,1
J4140,I11226,22254.0,22256.0,brown,1
J4140,I12155,24046.0,24048.0,green,1
J3132,I6444,12145.0,12146.0,brown,1
J3132,I6636,12536.0,12539.0,brown,3
J3151,I7565,14541.0,14543.0,green,2
J3151,I7597,14608.0,14611.0,green,3
J3151,I7694,14794.0,14797.0,brown,1
J4094,I11745,23224.0,23226.0,brown,1
J4094,I11905,23552.0,23554.0,brown,1
J4094,I12738,25161.0,25163.0,green,2
J4094,I13730,26987.0,26990.0,green,1
J4094,I13794,27118.0,27121.0,green,1
J1034,I11722,23182.0,23183.0,green,1
J1034,I12030,23790.0,23804.0,green,3
J4084,I10853,21512.0,21513.0,brown,1
J4084,I13830,27188.0,27194.0,green,3
J3195,I9011,17722.0,17723.0,green,1
J3195,I9044,17789.0,17790.0,green,1
J3195,I9108,17904.0,17907.0,green,3
J3195,I9332,18409.0,18410.0,green,1
J4879,I8094,15671.0,15672.0,brown,1
J4879,I14463,28306.0,28310.0,green,1
J3305,I13197,25981.0,25984.0,green,2
J3339,I2333,3886.0,3888.0,green,1
J3339,I2429,4046.0,4048.0,brown,2
J3339,I10077,19878.0,19879.0,brown,1
J3339,I10302,20362.0,20366.0,green,1
J3339,I12541,24737.0,24738.0,brown,1
J2984,I5391,9980.0,9981.0,brown,1
J2984,I10479,20747.0,20752.0,green,1
J2984,I11407,22602.0,22603.0,brown,1
J2984,I14243,27916.0,27918.0,brown,1
J1459,I3185,5512.0,5515.0,brown,2
J1459,I11857,23469.0,23471.0,brown,1
J1459,I13682,26895.0,26903.0,green,2
J3647,I1905,3130.0,3132.0,red,1
J3647,I11474,22725.0,22728.0,green,1
J3647,I11634,23019.0,23021.0,brown,1
J3647,I11922,23583.0,23585.0,brown,1
J3647,I13458,26490.0,26492.0,brown,1
J3647,I15170,29448.0,29450.0,brown,1
J2508,I5741,10711.0,10714.0,green,3
J2508,I5965,11160.0,11166.0,green,2
J2508,I8845,17337.0,17338.0,green,1
J2285,I1032,1604.0,1610.0,green,1
J2285,I1256,1990.0,1991.0,brown,1
J2285,I3656,6430.0,6431.0,brown,1
J2285,I6249,11756.0,11759.0,green,2
J1946,I1031,1603.0,1604.0,green,1
J1946,I1095,1720.0,1722.0,green,1
J1946,I5319,9818.0,9821.0,green,2
J1946,I7687,14784.0,14786.0,green,1
J1946,I7847,15114.0,15119.0,green,1
J214,I684,1020.0,1023.0,green,2
J214,I3564,6238.0,6239.0,green,1
J214,I4556,8256.0,8257.0,green,1
J214,I4684,8511.0,8514.0,green,1
J214,I4780,8723.0,8726.0,green,1
J2542,I4793,8744.0,8747.0,green,1
J3035,I15500,29934.0,29937.0,green,3
J3035,I15516,29957.0,29959.0,green,1
J3035,I15528,29972.0,29973.0,brown,1
J3563,I8198,15895.0,15897.0,brown,1
J3563,I8231,15964.0,15967.0,green,2
J3563,I8743,17075.0,17076.0,green,1
J2026,I5175,9520.0,9521.0,green,1
J2026,I5303,9787.0,9790.0,green,3
J1277,I4311,7741.0,7744.0,brown,2
J1277,I13752,27034.0,27035.0,green,1
J1277,I14096,27673.0,27674.0,green,1
J4192,I8863,17374.0,17378.0,brown,4
J4192,I9887,19499.0,19501.0,brown,1
J995,I479,697.0,699.0,brown,1
J995,I640,951.0,953.0,green,1
J995,I737,1116.0,1117.0,brown,1
J995,I3776,6669.0,6670.0,green,1
J995,I6275,11802.0,11803.0,brown,1
J826,I3021,5168.0,5171.0,green,3
J826,I10052,19827.0,19829.0,green,1
J2937,I5752,10747.0,10748.0,brown,1
J2937,I8441,16423.0,16424.0,green,1
J4985,I15323,29686.0,29687.0,green,1
J4985,I15531,29975.0,29976.0,green,1
J4985,I15549,29994.0,29997.0,green,3
J1011,I4489,8140.0,8142.0,brown,1
J1011,I5769,10780.0,10781.0,brown,1
J1011,I10506,20830.0,20835.0,green,1
J4592,I8892,17439.0,17441.0,brown,1
J4592,I11484,22743.0,22745.0,green,1
J4592,I15390,29781.0,29782.0,green,1
J4592,I15429,29836.0,29838.0,green,2
J4592,I15459,29879.0,29880.0,green,1
J27,I5316,9812.0,9814.0,brown,1
J27,I11109,21994.0,22003.0,green,2
J27,I12164,24063.0,24065.0,brown,1
J27,I15077,29307.0,29308.0,green,1
J27,I15205,29505.0,29506.0,brown,1
J507,I5792,10829.0,10832.0,brown,1
J507,I5952,11126.0,11127.0,brown,1
J507,I11008,21793.0,21794.0,brown,1
J507,I12033,23811.0,23812.0,green,1
J507,I13385,26334.0,26336.0,green,1
J393,I575,852.0,853.0,green,1
J393,I863,1331.0,1333.0,green,1
J393,I3072,5264.0,5273.0,green,2
J393,I4704,8547.0,8550.0,green,2
J1864,I1262,2000.0,2001.0,green,1
J1864,I1486,2396.0,2397.0,brown,1
J1864,I2350,3913.0,3915.0,brown,1
J1864,I10191,20110.0,20114.0,green,2
J1864,I11630,23012.0,23014.0,brown,1
J459,I498,730.0,731.0,red,1
J459,I2066,3405.0,3407.0,brown,1
J459,I8819,17260.0,17265.0,green,1
J459,I10291,20338.0,20339.0,green,1
J459,I12083,23916.0,23919.0,green,1
J459,I12899,25474.0,25475.0,brown,1
J233,I854,1319.0,1320.0,green,1
J233,I2871,4881.0,4884.0,green,1
J233,I4151,7405.0,7406.0,green,1
J233,I5720,10656.0,10657.0,brown,1
J533,I1645,2675.0,2676.0,brown,1
J533,I1677,2721.0,2723.0,brown,1
J533,I1982,3262.0,3269.0,green,1
J533,I2286,3793.0,3799.0,green,2
J533,I3022,5171.0,5173.0,green,1
J2136,I1414,2273.0,2274.0,brown,1
J2136,I1799,2939.0,2940.0,green,1
J2136,I1831,2994.0,2996.0,green,1
J2136,I7907,15263.0,15271.0,green,1
J1618,I3356,5857.0,5858.0,green,1
J1618,I3676,6464.0,6465.0,brown,1
J1618,I8028,15503.0,15505.0,brown,1
J1618,I9085,17855.0,17857.0,green,1
J1618,I12534,24723.0,24727.0,brown,1
J1618,I12581,24817.0,24822.0,green,1
J688,I2085,3441.0,3443.0,green,1
J688,I2181,3617.0,3620.0,brown,1
J688,I3141,5414.0,5417.0,green,2
J688,I3973,7056.0,7060.0,green,1
J688,I6213,11673.0,11676.0,green,1
J2337,I1444,2324.0,2326.0,brown,1
J2337,I1476,2381.0,2382.0,green,1
J2337,I3653,6423.0,6428.0,green,1
J2337,I10349,20475.0,20477.0,green,2
J2360,I3120,5371.0,5372.0,green,1
J2360,I3184,5509.0,5512.0,brown,1
J2360,I11728,23191.0,23192.0,brown,1
J2360,I12049,23840.0,23847.0,green,1
J2360,I12225,24177.0,24179.0,green,1
J2360,I12960,25576.0,25578.0,brown,1
J4639,I14228,27887.0,27888.0,green,1
J4639,I15284,29629.0,29631.0,green,2
J4639,I15348,29717.0,29719.0,green,1
J2629,I1425,2292.0,2295.0,brown,3
J2629,I3313,5773.0,5777.0,brown,1
J2629,I3985,7080.0,7082.0,brown,1
J2629,I12626,24915.0,24920.0,green,1
J81,I7803,15016.0,15019.0,brown,1
J81,I11227,22256.0,22258.0,green,1
J81,I13435,26439.0,26440.0,brown,1
J81,I14411,28221.0,28224.0,brown,1
J81,I14555,28466.0,28467.0,brown,1
J3955,I7830,15085.0,15087.0,green,2
J3955,I10838,21480.0,21483.0,green,1
J3955,I11734,23202.0,23204.0,green,1
J3526,I3428,5994.0,5996.0,green,1
J3526,I3492,6112.0,6113.0,green,1
J3526,I3716,6541.0,6543.0,brown,2
J2870,I6695,12661.0,12665.0,brown,1
J2870,I7144,13633.0,13637.0,green,4
J2870,I8424,16380.0,16382.0,brown,1
J3160,I8974,17612.0,17621.0,green,2
J3160,I9038,17777.0,17778.0,brown,1
J3160,I9134,17982.0,17984.0,brown,1
J3160,I10318,20411.0,20413.0,brown,1
J3160,I13455,26479.0,26480.0,green,1
J4627,I7767,14941.0,14942.0,brown,1
J4627,I8119,15736.0,15738.0,brown,1
J4627,I12568,24786.0,24789.0,green,1
J4627,I13239,26058.0,26059.0,brown,1
J4627,I14431,28256.0,28259.0,brown,2
J309,I1022,1587.0,1589.0,green,1
J309,I1503,2421.0,2423.0,green,1
J309,I2270,3767.0,3768.0,brown,1
J309,I2302,3825.0,3827.0,brown,1
J2838,I8362,16247.0,16250.0,brown,1
J2838,I9387,18525.0,18528.0,green,1
J2838,I12247,24213.0,24218.0,green,3
J1525,I14337,28083.0,28087.0,green,3
J1525,I14737,28787.0,28788.0,green,1
J1525,I14745,28806.0,28810.0,green,1
J1525,I15033,29252.0,29253.0,brown,1
J1003,I2829,4793.0,4794.0,brown,1
J1003,I7342,14066.0,14069.0,green,1
J1003,I11437,22649.0,22650.0,brown,1
J1003,I11629,23010.0,23012.0,brown,1
J1003,I11725,23186.0,23189.0,brown,1
J1003,I12078,23908.0,23909.0,green,1
J4922,I11552,22884.0,22886.0,green,2
J4922,I11584,22932.0,22934.0,brown,1
J4922,I11840,23437.0,23441.0,green,1
J4922,I11968,23667.0,23671.0,green,1
J4922,I12608,24875.0,24884.0,green,1
J395,I1630,2652.0,2654.0,brown,1
J395,I7007,13344.0,13345.0,green,1
J395,I7647,14701.0,14703.0,green,1
J395,I9151,18014.0,18022.0,green,2
J3687,I5092,9331.0,9332.0,brown,1
J3687,I12292,24279.0,24280.0,brown,1
J3687,I12996,25643.0,25644.0,brown,1
J1906,I4232,7563.0,7566.0,green,1
J1906,I8776,17162.0,17164.0,green,1
J2566,I4223,7549.0,7550.0,brown,1
J2566,I5471,10143.0,10144.0,brown,1
J2566,I12832,25333.0,25334.0,green,1
J1327,I3260,5652.0,5653.0,brown,1
J1327,I12317,24318.0,24320.0,green,2
J1327,I12445,24555.0,24556.0,brown,1
J1327,I13753,27035.0,27036.0,brown,1
J3462,I1377,2216.0,2219.0,brown,1
J3462,I1409,2268.0,2269.0,green,1
J2619,I5733,10680.0,10688.0,green,1
J2619,I5830,10899.0,10903.0,green,3
J2619,I5894,11020.0,11022.0,green,1
J2888,I3043,5207.0,5209.0,brown,2
J2888,I8804,17228.0,17234.0,green,2
J3909,I10889,21582.0,21583.0,red,1
J3909,I10986,21749.0,21751.0,green,2
J3909,I11562,22900.0,22901.0,brown,1
J4778,I9752,19222.0,19225.0,green,1
J703,I276,379.0,381.0,red,1
J703,I724,1094.0,1095.0,green,1
J703,I3124,5377.0,5378.0,brown,1
J703,I8276,16061.0,16062.0,brown,1
J703,I11956,23651.0,23652.0,brown,1
J703,I12604,24867.0,24868.0,brown,1
J4963,I12619,24902.0,24904.0,brown,1
J4963,I13644,26801.0,26803.0,green,1
J4963,I15180,29469.0,29471.0,green,1
J222,I1422,2286.0,2289.0,brown,1
J222,I1519,2455.0,2457.0,green,2
J222,I4111,7300.0,7314.0,green,1
J222,I4559,8261.0,8264.0,green,1
J3513,I8151,15801.0,15805.0,green,1
J3513,I11478,22733.0,22734.0,brown,1
J4020,I5021,9195.0,9196.0,brown,1
J4020,I5053,9259.0,9260.0,brown,1
J4020,I5533,10260.0,10262.0,brown,1
J4020,I9646,19018.0,19021.0,green,2
J4020,I12910,25488.0,25489.0,green,1
J1073,I3605,6332.0,6337.0,green,4
J1073,I3765,6639.0,6646.0,green,1
J560,I9706,19137.0,19138.0,brown,1
J560,I10090,19901.0,19905.0,green,1
J560,I12683,25043.0,25050.0,green,1
J560,I14314,28051.0,28053.0,brown,1
J560,I14955,29140.0,29142.0,green,1
J560,I15018,29233.0,29235.0,brown,1
J2331,I1965,3232.0,3234.0,green,2
J155,I340,480.0,482.0,green,1
J155,I437,639.0,640.0,brown,1
J155,I469,684.0,686.0,brown,1
J155,I741,1125.0,1127.0,green,1
J155,I797,1218.0,1219.0,green,1
J134,I532,787.0,788.0,brown,1
J134,I596,884.0,885.0,brown,1
J134,I887,1372.0,1373.0,green,1
J134,I919,1416.0,1418.0,green,1
J134,I2759,4656.0,4657.0,brown,1
J600,I2122,3501.0,3503.0,green,1
J600,I6958,13236.0,13242.0,green,1
J600,I7562,14534.0,14539.0,green,3
J394,I1039,1620.0,1622.0,brown,2
J394,I6799,12887.0,12890.0,brown,2
J394,I7920,15302.0,15307.0,green,1
J227,I426,621.0,622.0,green,1
J227,I1579,2566.0,2571.0,green,1
J227,I6859,13010.0,13015.0,green,3
J418,I1470,2367.0,2368.0,green,1
J418,I1567,2547.0,2550.0,green,3
J418,I1947,3205.0,3206.0,brown,1
J304,I1049,1636.0,1637.0,brown,1
J304,I1146,1799.0,1800.0,green,1
J304,I1434,2308.0,2311.0,green,1
J304,I3262,5656.0,5661.0,green,1
J924,I1437,2316.0,2318.0,brown,1
J924,I1725,2800.0,2803.0,brown,3
J924,I10302,20362.0,20366.0,green,1
J924,I10430,20627.0,20629.0,green,1
J3527,I9944,19609.0,19612.0,red,1
J74,I341,482.0,483.0,green,1
J74,I374,535.0,536.0,green,1
J74,I406,585.0,589.0,green,1
J4108,I9728,19175.0,19180.0,green,3
J4193,I6172,11601.0,11602.0,brown,1
J4193,I6492,12254.0,12255.0,brown,1
J4193,I11933,23601.0,23603.0,green,1
J4628,I5429,10067.0,10069.0,brown,2
J4628,I5557,10315.0,10317.0,brown,1
J4628,I13686,26907.0,26908.0,green,1
J3196,I9126,17952.0,17954.0,green,1
J3196,I9413,18572.0,18573.0,brown,1
J3196,I9990,19704.0,19708.0,green,1
J3196,I10021,19764.0,19767.0,brown,1
J3196,I10150,20024.0,20029.0,green,2
J2905,I6724,12714.0,12715.0,green,1
J2905,I6756,12798.0,12802.0,green,4
J2442,I3828,6772.0,6773.0,green,1
J2442,I3892,6907.0,6908.0,brown,1
J2442,I3956,7024.0,7025.0,brown,1
J2442,I4884,8913.0,8916.0,brown,1
J2442,I12373,24415.0,24418.0,green,1
J4332,I11847,23449.0,23450.0,brown,1
J4332,I11911,23563.0,23564.0,brown,1
J4332,I12039,23820.0,23821.0,brown,1
J2179,I4554,8253.0,8255.0,brown,2
J2179,I6122,11496.0,11497.0,brown,1
J2179,I10219,20181.0,20182.0,green,1
J4998,I9182,18086.0,18088.0,brown,1
J4998,I9726,19170.0,19173.0,brown,2
J2139,I6301,11852.0,11853.0,green,1
J2139,I6653,12568.0,12570.0,brown,1
J2139,I6749,12785.0,12788.0,brown,3
J2139,I12222,24171.0,24172.0,green,1
J3515,I6159,11575.0,11576.0,brown,1
J3515,I12079,23909.0,23911.0,brown,1
J3515,I15344,29713.0,29714.0,green,1
J3515,I15376,29762.0,29763.0,green,1
J3515,I15464,29884.0,29888.0,green,1
J4828,I14230,27890.0,27892.0,green,2
J4828,I14326,28069.0,28070.0,green,1
J4828,I14358,28125.0,28126.0,green,1
J4828,I14390,28184.0,28185.0,green,1
J4828,I14422,28243.0,28245.0,green,1
J3536,I4153,7407.0,7411.0,green,2
J3536,I4217,7539.0,7542.0,green,3
J3536,I10905,21603.0,21606.0,brown,1
J942,I802,1224.0,1225.0,brown,1
J942,I834,1292.0,1293.0,green,1
J942,I867,1339.0,1341.0,green,1
J942,I3427,5990.0,5994.0,green,1
J942,I6291,11827.0,11829.0,brown,1
J942,I7331,14048.0,14050.0,brown,1
J4783,I8362,16247.0,16250.0,brown,2
J4783,I13739,27010.0,27012.0,green,2
J4783,I15262,29596.0,29597.0,green,1
J3587,I1166,1828.0,1829.0,brown,1
J3587,I10735,21285.0,21287.0,green,1
J1920,I3255,5645.0,5646.0,green,1
J1920,I3416,5970.0,5972.0,green,1
J1920,I3512,6149.0,6150.0,green,1
J1920,I3608,6340.0,6341.0,green,1
J1920,I5689,10585.0,10587.0,brown,1
J1920,I7352,14092.0,14099.0,green,1
J3213,I7216,13793.0,13794.0,brown,1
J3213,I10896,21592.0,21593.0,brown,1
J3213,I12576,24806.0,24809.0,brown,2
J935,I2743,4616.0,4625.0,green,4
J935,I3959,7028.0,7031.0,green,1
J1194,I4091,7270.0,7272.0,brown,1
J1194,I9604,18938.0,18939.0,green,1
J1194,I9636,19003.0,19004.0,green,1
J809,I2309,3835.0,3839.0,green,1
J809,I2404,4000.0,4002.0,green,1
J809,I5157,9476.0,9487.0,green,1
J809,I6101,11453.0,11458.0,green,2
J715,I3198,5535.0,5536.0,green,1
J715,I3518,6156.0,6160.0,green,1
J715,I9534,18799.0,18801.0,green,2
J715,I10814,21428.0,21430.0,green,2
J194,I39,44.0,45.0,green,1
J194,I263,361.0,363.0,brown,1
J194,I295,407.0,408.0,green,1
J194,I4135,7379.0,7381.0,green,1
J1571,I2479,4137.0,4138.0,brown,1
J1571,I2480,4138.0,4140.0,green,1
J1571,I2511,4199.0,4200.0,brown,1
J1571,I2543,4252.0,4255.0,green,1
J1571,I3152,5440.0,5444.0,green,2
J1420,I648,963.0,965.0,green,1
J1420,I1289,2043.0,2044.0,green,1
J1420,I3881,6887.0,6892.0,green,2
J1420,I5033,9215.0,9221.0,green,2
J4549,I13401,26367.0,26370.0,brown,1
J4549,I13553,26643.0,26644.0,brown,1
J4549,I13649,26810.0,26813.0,brown,1
J4549,I13729,26985.0,26987.0,brown,1
J1125,I2487,4152.0,4155.0,green,3
J1125,I2583,4337.0,4340.0,green,3
J1386,I5876,10981.0,10983.0,green,1
J1386,I9979,19685.0,19687.0,brown,2
J1386,I10052,19827.0,19829.0,green,1
J2001,I3097,5329.0,5330.0,green,1
J2001,I3802,6724.0,6726.0,green,1
J2001,I3834,6781.0,6785.0,green,2
J2001,I5593,10395.0,10396.0,brown,1
J650,I2002,3292.0,3293.0,brown,1
J650,I11250,22302.0,22306.0,brown,1
J650,I12850,25363.0,25366.0,brown,1
J650,I13522,26592.0,26594.0,brown,1
J1148,I3926,6967.0,6970.0,green,1
J1148,I4183,7473.0,7475.0,green,1
J1148,I5591,10388.0,10392.0,green,4
J2267,I4384,7909.0,7910.0,green,1
J2267,I4416,7981.0,7988.0,green,1
J2267,I4480,8121.0,8122.0,green,1
J2267,I4544,8229.0,8234.0,green,1
J3750,I3101,5335.0,5336.0,brown,1
J3750,I12654,24980.0,24990.0,green,2
J3750,I13213,26010.0,26012.0,brown,1
J3750,I13861,27249.0,27252.0,brown,1
J231,I572,847.0,850.0,green,1
J231,I7228,13816.0,13818.0,brown,1
J231,I13014,25679.0,25681.0,brown,1
J3237,I5458,10113.0,10115.0,green,1
J3237,I5489,10178.0,10179.0,green,1
J3237,I8402,16333.0,16336.0,green,3
J797,I1763,2860.0,2862.0,green,2
J797,I3587,6294.0,6298.0,brown,1
J797,I4036,7170.0,7176.0,green,2
J797,I5699,10604.0,10606.0,brown,1
J382,I914,1411.0,1412.0,brown,1
J382,I3346,5839.0,5842.0,brown,1
J382,I4818,8790.0,8793.0,green,3
J382,I6426,12112.0,12113.0,green,1
J2089,I1930,3169.0,3172.0,brown,1
J2089,I1962,3226.0,3227.0,green,1
J2089,I1963,3227.0,3230.0,green,1
J2089,I2475,4127.0,4134.0,green,1
J2089,I3051,5222.0,5224.0,green,1
J3620,I3718,6545.0,6547.0,red,1
J3620,I3814,6745.0,6747.0,brown,1
J3620,I12519,24695.0,24699.0,green,2
J3620,I12871,25408.0,25411.0,green,1
J4920,I13102,25823.0,25827.0,green,2
J4920,I13117,25848.0,25851.0,brown,1
J4920,I14397,28196.0,28197.0,brown,1
J4785,I2358,3929.0,3930.0,red,1
J4785,I2486,4151.0,4152.0,red,1
J4785,I14203,27849.0,27851.0,brown,1
J4785,I14763,28834.0,28835.0,brown,1
J3233,I3199,5536.0,5539.0,green,1
J3233,I5887,11004.0,11007.0,green,1
J3233,I8703,16988.0,16990.0,green,2
J3233,I8735,17057.0,17060.0,green,2
J699,I1967,3236.0,3238.0,brown,2
J699,I1999,3288.0,3289.0,green,1
J699,I6863,13019.0,13021.0,brown,1
J2712,I2317,3851.0,3854.0,green,1
J2712,I4814,8784.0,8787.0,green,2
J2712,I11438,22650.0,22652.0,green,1
J4145,I8445,16427.0,16429.0,brown,1
J4145,I9757,19235.0,19240.0,green,1
J4145,I14366,28148.0,28149.0,green,1
J4904,I15147,29414.0,29415.0,green,1
J4904,I15159,29433.0,29435.0,green,2
J4904,I15179,29463.0,29469.0,green,3
J597,I1336,2132.0,2138.0,green,2
J597,I1687,2739.0,2740.0,brown,1
J2715,I2801,4740.0,4741.0,brown,1
J2715,I3921,6955.0,6958.0,brown,1
J2715,I8050,15561.0,15566.0,green,1
J2715,I9846,19420.0,19427.0,green,1
J2715,I9937,19596.0,19598.0,green,1
J2490,I4111,7300.0,7314.0,green,1
J2490,I6831,12948.0,12952.0,green,1
J2490,I9070,17833.0,17834.0,brown,1
J2490,I9294,18311.0,18313.0,brown,1
J2490,I9422,18594.0,18596.0,brown,1
J2490,I10463,20712.0,20713.0,green,1
J2230,I11019,21817.0,21819.0,green,1
J2230,I12011,23748.0,23750.0,green,1
J2230,I12023,23770.0,23772.0,green,2
J2230,I12059,23871.0,23872.0,brown,1
J3760,I6464,12189.0,12191.0,brown,1
J24,I103,131.0,132.0,brown,1
J24,I119,152.0,153.0,green,1
J24,I183,245.0,246.0,green,1
J24,I279,383.0,384.0,brown,1
J24,I7032,13398.0,13407.0,green,1
J24,I11288,22368.0,22369.0,green,1
J3203,I3491,6109.0,6112.0,green,1
J3203,I5987,11205.0,11216.0,green,1
J3203,I10579,20970.0,20974.0,green,1
J3203,I10595,20998.0,21001.0,green,2
J3203,I11795,23327.0,23329.0,green,1
J4184,I7466,14325.0,14327.0,brown,2
J4184,I12362,24396.0,24400.0,brown,2
J4184,I12683,25043.0,25050.0,green,1
J4184,I13754,27036.0,27038.0,brown,1
J619,I490,719.0,721.0,green,1
J619,I618,915.0,920.0,green,1
J619,I810,1237.0,1243.0,green,1
J4657,I13316,26186.0,26187.0,green,1
J4657,I13380,26326.0,26328.0,brown,1
J4657,I13605,26730.0,26735.0,green,1
J4657,I13829,27186.0,27188.0,green,1
J3175,I6731,12730.0,12732.0,brown,1
J3175,I9227,18175.0,18177.0,brown,1
J3175,I11211,22216.0,22220.0,brown,1
J3175,I13860,27247.0,27249.0,green,2
J4362,I11424,22630.0,22631.0,green,1
J4362,I11456,22686.0,22688.0,brown,1
J4362,I13456,26480.0,26485.0,green,1
J4362,I14728,28772.0,28773.0,brown,1
J4362,I14848,28981.0,28982.0,brown,1
J4362,I14898,29051.0,29052.0,green,1
J4564,I14343,28094.0,28096.0,brown,1
J4564,I14551,28460.0,28461.0,brown,1
J4564,I14663,28653.0,28654.0,brown,1
J4564,I14823,28941.0,28943.0,brown,2
J1226,I708,1065.0,1069.0,green,1
J1226,I5893,11015.0,11020.0,green,1
J2660,I2099,3462.0,3466.0,brown,3
J2660,I3572,6261.0,6266.0,green,1
J2660,I4756,8678.0,8682.0,green,1
J2660,I6996,13322.0,13325.0,green,1
J2059,I7492,14371.0,14380.0,green,1
J2059,I7716,14843.0,14844.0,green,1
J2716,I5327,9847.0,9851.0,green,3
J2716,I6735,12741.0,12749.0,green,3
J4857,I15299,29653.0,29656.0,green,1
J4857,I15395,29786.0,29788.0,green,1
J4857,I15411,29811.0,29812.0,green,1
J4857,I15443,29857.0,29861.0,green,3
J1788,I589,874.0,875.0,green,1
J1788,I654,972.0,974.0,brown,2
J1788,I685,1023.0,1026.0,green,1
J1788,I1839,3004.0,3008.0,brown,2
J775,I2447,4079.0,4080.0,green,1
J775,I3216,5569.0,5573.0,green,1
J775,I5216,9611.0,9614.0,green,3
J3413,I14463,28306.0,28310.0,green,3
J3679,I8210,15915.0,15920.0,green,2
J3679,I11650,23043.0,23049.0,green,2
J3679,I11985,23703.0,23704.0,brown,1
J1700,I1795,2927.0,2928.0,green,1
J1700,I8308,16136.0,16137.0,green,1
J1700,I8516,16591.0,16593.0,green,2
J1700,I8804,17228.0,17234.0,green,2
J2409,I4943,9020.0,9022.0,brown,1
J2409,I10255,20252.0,20253.0,brown,1
J2409,I14596,28552.0,28555.0,green,1
J2805,I5071,9289.0,9291.0,green,1
J2805,I7439,14268.0,14271.0,green,1
J2805,I7503,14399.0,14406.0,green,2
J1108,I2001,3290.0,3292.0,green,2
J1108,I2033,3343.0,3346.0,green,2
J1108,I4821,8795.0,8805.0,green,1
J3549,I3668,6453.0,6455.0,brown,2
J3549,I3700,6510.0,6511.0,brown,1
J3549,I7188,13726.0,13729.0,green,1
J3549,I11124,22029.0,22033.0,green,1
J3549,I12813,25294.0,25299.0,green,1
J2364,I6456,12164.0,12166.0,green,1
J2364,I6480,12230.0,12236.0,green,3
J2289,I13163,25932.0,25933.0,green,1
J2289,I13179,25953.0,25954.0,brown,1
J2289,I13219,26021.0,26025.0,green,3
J2289,I13243,26063.0,26068.0,green,1
J127,I1453,2340.0,2342.0,green,1
J127,I1549,2513.0,2514.0,green,1
J127,I1773,2878.0,2883.0,green,1
J127,I6605,12476.0,12478.0,green,1
J2962,I3105,5342.0,5347.0,green,2
J2962,I4865,8876.0,8879.0,green,1
J2962,I7297,13965.0,13969.0,green,1
J2962,I8198,15895.0,15897.0,brown,1
J595,I2028,3336.0,3337.0,green,1
J595,I2220,3681.0,3683.0,brown,1
J595,I5308,9795.0,9798.0,green,1
J595,I6100,11452.0,11453.0,green,1
J595,I6316,11878.0,11885.0,green,2
J994,I3510,6143.0,6148.0,green,2
J994,I5942,11106.0,11114.0,green,2
J1775,I3686,6477.0,6483.0,green,3
J1775,I4934,9004.0,9007.0,green,1
J1775,I8230,15960.0,15964.0,green,1
J1129,I833,1291.0,1292.0,green,1
J1129,I994,1548.0,1550.0,green,1
J1129,I4898,8942.0,8943.0,green,1
J1129,I5186,9546.0,9548.0,green,1
J1129,I5579,10355.0,10356.0,green,1
J1652,I1291,2046.0,2052.0,green,1
J1652,I1387,2232.0,2233.0,green,1
J1652,I2923,4984.0,4987.0,green,1
J1652,I3275,5684.0,5688.0,green,2
J1652,I8423,16376.0,16380.0,brown,1
J1280,I8383,16289.0,16291.0,green,1
J1280,I8575,16708.0,16712.0,green,2
J1280,I8735,17057.0,17060.0,green,1
J1280,I8991,17663.0,17668.0,green,1
J1280,I11503,22780.0,22782.0,green,1
J3019,I5927,11082.0,11083.0,brown,1
J3019,I14704,28733.0,28735.0,green,1
J3019,I14960,29149.0,29152.0,green,3
J2398,I7075,13498.0,13500.0,green,1
J2398,I7106,13561.0,13563.0,brown,1
J2398,I7522,14449.0,14452.0,brown,1
J2398,I10242,20224.0,20229.0,green,1
J3291,I9950,19628.0,19631.0,green,3
J3291,I10014,19750.0,19755.0,green,2
J3291,I10878,21557.0,21558.0,brown,1
J3554,I8641,16847.0,16851.0,green,1
J3554,I8929,17515.0,17517.0,brown,1
J3554,I13186,25967.0,25968.0,brown,1
J1243,I4180,7469.0,7470.0,green,1
J1243,I4404,7947.0,7950.0,green,1
J1243,I4948,9030.0,9033.0,green,1
J181,I2477,4135.0,4136.0,brown,1
J181,I8430,16393.0,16400.0,green,1
J181,I10574,20961.0,20962.0,green,1
J181,I10606,21020.0,21021.0,green,1
J181,I11342,22483.0,22484.0,green,1
J181,I11742,23212.0,23221.0,green,1
J1103,I1461,2357.0,2358.0,green,1
J1103,I3765,6639.0,6646.0,green,1
J1103,I4197,7501.0,7503.0,brown,1
J440,I8223,15949.0,15950.0,green,1
J440,I10047,19816.0,19819.0,brown,1
J440,I10207,20163.0,20165.0,brown,2
J440,I10755,21322.0,21324.0,green,1
J440,I11056,21888.0,21889.0,green,1
J3385,I8181,15863.0,15864.0,red,1
J3385,I10645,21095.0,21097.0,brown,1
J3385,I12918,25503.0,25504.0,green,1
J3385,I13046,25736.0,25737.0,green,1
J2738,I5556,10314.0,10315.0,brown,1
J2738,I11828,23406.0,23409.0,brown,1
J2738,I12596,24853.0,24854.0,brown,1
J2738,I12772,25219.0,25220.0,brown,1
J2738,I12886,25447.0,25450.0,brown,1
J2738,I13012,25676.0,25677.0,brown,1
J4493,I695,1040.0,1043.0,red,1
J4493,I8760,17127.0,17131.0,brown,1
J4493,I10904,21602.0,21603.0,green,1
J4493,I11896,23536.0,23537.0,brown,1
J4493,I13304,26167.0,26168.0,brown,1
J3772,I3499,6123.0,6125.0,red,1
J3772,I3531,6177.0,6181.0,brown,2
J3772,I10924,21635.0,21637.0,green,2
J3772,I12156,24048.0,24050.0,brown,1
J4799,I7652,14710.0,14712.0,red,1
J4799,I9892,19510.0,19512.0,brown,1
J4799,I11109,21994.0,22003.0,green,1
J4799,I11716,23171.0,23172.0,brown,1
J2504,I9522,18779.0,18780.0,brown,1
J2504,I12211,24154.0,24156.0,green,1
J1492,I422,610.0,614.0,green,1
J1492,I517,765.0,766.0,green,1
J1492,I581,860.0,862.0,brown,1
J2153,I6568,12413.0,12415.0,green,2
J2153,I6632,12529.0,12530.0,green,1
J2153,I6664,12595.0,12597.0,green,2
J2153,I6698,12667.0,12671.0,brown,1
J2678,I5153,9467.0,9469.0,green,1
J2678,I5538,10273.0,10276.0,green,2
J2678,I5953,11127.0,11129.0,brown,1
J2678,I8418,16367.0,16370.0,green,1
J3458,I3473,6077.0,6079.0,brown,1
J3458,I5137,9406.0,9408.0,brown,1
J3458,I9602,18930.0,18937.0,green,1
J3458,I10193,20116.0,20126.0,green,1
J1110,I1543,2504.0,2506.0,brown,1
J1110,I8072,15618.0,15625.0,green,2
J1110,I9608,18944.0,18945.0,green,1
J1110,I9640,19010.0,19011.0,green,1
J1110,I11401,22591.0,22593.0,brown,1
J4615,I2588,4348.0,4349.0,red,1
J4615,I8156,15810.0,15812.0,brown,1
J4615,I8476,16493.0,16497.0,green,1
J4615,I14918,29076.0,29077.0,brown,1
J1630,I2671,4494.0,4497.0,green,1
J1630,I3695,6499.0,6500.0,green,1
J1630,I6831,12948.0,12952.0,green,1
J1630,I7015,13356.0,13364.0,green,1
J2611,I4469,8091.0,8094.0,green,3
J2611,I4693,8525.0,8527.0,green,1
J2611,I8405,16342.0,16345.0,green,1
J2611,I9845,19415.0,19420.0,green,1
J59,I432,633.0,634.0,brown,1
J59,I1201,1898.0,1899.0,brown,1
J59,I1744,2832.0,2833.0,green,1
J59,I3280,5701.0,5712.0,green,1
J59,I4376,7887.0,7893.0,green,1
J4142,I8837,17317.0,17318.0,red,1
J4142,I9157,18033.0,18035.0,red,1
J4142,I10470,20723.0,20725.0,brown,1
J4142,I13766,27054.0,27055.0,green,1
J3411,I9226,18171.0,18175.0,brown,1
J3411,I13931,27375.0,27379.0,green,1
J3411,I14005,27510.0,27513.0,green,1
J4596,I10416,20598.0,20603.0,brown,3
J4596,I10545,20909.0,20912.0,green,1
J4596,I11152,22092.0,22094.0,brown,1
J4596,I13905,27327.0,27333.0,green,1
J1178,I2398,3981.0,3989.0,green,6
J113,I314,436.0,440.0,green,1
J113,I330,463.0,465.0,green,1
J113,I331,465.0,467.0,green,1
J113,I396,567.0,571.0,green,1
J113,I445,651.0,652.0,brown,1
J113,I486,713.0,716.0,green,1
J1663,I2625,4401.0,4402.0,green,1
J1663,I8641,16847.0,16851.0,green,1
J1663,I8834,17309.0,17312.0,green,2
J2330,I6597,12467.0,12468.0,brown,1
J2330,I10310,20381.0,20383.0,green,1
J2330,I14470,28322.0,28323.0,green,1
J3668,I8853,17353.0,17355.0,brown,2
J3668,I8917,17488.0,17489.0,brown,1
J3668,I10645,21095.0,21097.0,brown,1
J3668,I13694,26921.0,26924.0,green,1
J3668,I13798,27125.0,27127.0,green,1
J30,I132,172.0,174.0,green,2
J30,I4387,7913.0,7915.0,green,2
J30,I6083,11418.0,11420.0,green,1
J30,I7747,14903.0,14904.0,green,1
J293,I1236,1959.0,1961.0,brown,1
J293,I2165,3586.0,3589.0,green,1
J293,I2421,4030.0,4037.0,green,1
J293,I10361,20500.0,20501.0,green,1
J4036,I11887,23519.0,23520.0,brown,1
J4036,I14832,28960.0,28964.0,green,1
J4036,I15152,29419.0,29423.0,green,3
J3748,I7962,15375.0,15376.0,red,1
J3748,I8378,16277.0,16279.0,brown,1
J3748,I10682,21168.0,21172.0,brown,1
J3748,I12923,25509.0,25510.0,green,1
J3748,I13723,26976.0,26979.0,green,2
J4341,I12792,25247.0,25251.0,green,1
J4341,I12871,25408.0,25411.0,green,1
J278,I804,1226.0,1229.0,brown,2
J278,I933,1438.0,1439.0,brown,1
J278,I1221,1933.0,1935.0,green,2
J278,I1765,2863.0,2866.0,green,1
J4396,I1357,2182.0,2184.0,red,1
J4396,I4973,9087.0,9089.0,brown,1
J4396,I11373,22541.0,22542.0,brown,1
J4396,I11725,23186.0,23189.0,brown,2
J4559,I10829,21458.0,21461.0,brown,3
J4559,I10861,21525.0,21527.0,brown,1
J3408,I8803,17225.0,17228.0,green,1
J3408,I9219,18155.0,18156.0,green,1
J3408,I9923,19576.0,19578.0,brown,1
J3408,I10691,21186.0,21188.0,brown,1
J3408,I11523,22816.0,22821.0,green,1
J4418,I3446,6028.0,6030.0,brown,1
J4418,I4982,9107.0,9110.0,brown,2
J4418,I10887,21572.0,21581.0,green,2
J4418,I13623,26764.0,26765.0,green,1
J2652,I7961,15372.0,15375.0,brown,2
J2652,I9113,17917.0,17919.0,green,1
J2652,I9753,19225.0,19226.0,green,1
J1898,I2602,4365.0,4367.0,red,1
J1898,I12683,25043.0,25050.0,green,1
J1898,I13839,27208.0,27210.0,green,1
J1898,I13850,27228.0,27230.0,brown,1
J3028,I2000,3289.0,3290.0,green,1
J3028,I3857,6835.0,6840.0,green,2
J3028,I7600,14614.0,14616.0,brown,1
J3028,I10201,20152.0,20154.0,green,1
J2795,I2453,4086.0,4089.0,brown,1
J2795,I5590,10385.0,10388.0,green,1
J2795,I6453,12157.0,12158.0,brown,1
J2795,I7157,13664.0,13669.0,brown,1
J4989,I13865,27257.0,27258.0,brown,1
J4989,I14826,28945.0,28946.0,green,1
J4989,I14954,29136.0,29140.0,green,2
J4989,I15210,29511.0,29513.0,brown,1
J4989,I15434,29843.0,29847.0,green,1
J503,I2524,4224.0,4227.0,green,2
J503,I2556,4273.0,4274.0,green,1
J1249,I2858,4851.0,4855.0,brown,2
J1249,I5163,9494.0,9498.0,green,1
J1249,I5387,9968.0,9972.0,green,1
J1249,I11883,23511.0,23513.0,green,2
J4734,I11182,22150.0,22154.0,brown,1
J4734,I11566,22905.0,22908.0,brown,2
J4734,I15391,29782.0,29783.0,green,1
J4734,I15479,29908.0,29911.0,green,1
J3711,I1069,1665.0,1669.0,green,1
J3711,I2445,4075.0,4077.0,brown,1
J3711,I9165,18049.0,18054.0,brown,1
J3711,I11661,23067.0,23068.0,brown,1
J1714,I3575,6273.0,6274.0,green,1
J1714,I3607,6339.0,6340.0,brown,1
J1714,I6743,12760.0,12764.0,brown,1
J1714,I12432,24534.0,24538.0,green,2
J1714,I12695,25073.0,25075.0,brown,1
J2215,I5242,9669.0,9670.0,brown,1
J2215,I13397,26358.0,26364.0,green,1
J3674,I5588,10381.0,10384.0,brown,1
J3674,I6964,13254.0,13258.0,brown,1
J3674,I10164,20051.0,20054.0,brown,2
J3674,I13364,26292.0,26296.0,brown,1
J1423,I2558,4276.0,4277.0,brown,1
J1423,I7167,13685.0,13686.0,green,1
J1423,I10051,19823.0,19827.0,green,1
J1423,I10055,19831.0,19833.0,brown,1
J4953,I15324,29687.0,29688.0,green,1
J4953,I15356,29729.0,29730.0,green,1
J4953,I15372,29757.0,29759.0,green,2
J4953,I15436,29848.0,29849.0,green,1
J4953,I15484,29917.0,29918.0,green,1
J3005,I2470,4116.0,4117.0,brown,1
J3005,I2982,5097.0,5098.0,brown,1
J3005,I11079,21931.0,21935.0,green,1
J3005,I12811,25285.0,25288.0,green,2
J4436,I6018,11296.0,11298.0,brown,1
J4436,I13506,26562.0,26564.0,brown,1
J4436,I13731,26990.0,26998.0,green,1
J3083,I4430,8017.0,8018.0,brown,1
J3083,I4846,8844.0,8846.0,brown,2
J3083,I8654,16880.0,16882.0,brown,1
J3083,I11903,23550.0,23551.0,green,1
J3083,I12271,24253.0,24254.0,green,1
J3062,I2961,5060.0,5062.0,red,1
J3062,I5137,9406.0,9408.0,brown,1
J933,I8034,15514.0,15517.0,green,2
J933,I9441,18625.0,18626.0,brown,1
J933,I10625,21056.0,21059.0,brown,1
J933,I11522,22815.0,22816.0,green,1
J4411,I13882,27282.0,27283.0,brown,1
J4411,I14491,28358.0,28361.0,green,2
J4411,I15179,29463.0,29469.0,green,1
J4411,I15227,29540.0,29541.0,green,1
J2708,I9626,18983.0,18986.0,brown,2
J2708,I9627,18986.0,18991.0,green,2
J2392,I3182,5505.0,5507.0,green,2
J2392,I3246,5624.0,5628.0,green,2
J2392,I3278,5694.0,5697.0,green,2
J2751,I4105,7293.0,7294.0,brown,1
J2751,I4137,7383.0,7386.0,green,1
J2751,I4393,7925.0,7927.0,green,1
J2751,I4425,8001.0,8009.0,green,1
J2751,I5033,9215.0,9221.0,green,1
J2751,I7881,15211.0,15216.0,green,1
J4631,I8026,15498.0,15500.0,brown,2
J4631,I11194,22178.0,22180.0,brown,1
J1677,I4526,8198.0,8203.0,green,4
J1677,I6734,12735.0,12741.0,green,1
J1002,I1426,2295.0,2297.0,green,1
J1002,I1683,2731.0,2734.0,green,1
J3414,I8046,15552.0,15553.0,green,1
J3414,I8270,16055.0,16056.0,brown,1
J3414,I8654,16880.0,16882.0,brown,1
J3414,I8782,17174.0,17181.0,green,1
J1872,I2346,3905.0,3907.0,brown,1
J1872,I3787,6689.0,6694.0,green,1
J1872,I8490,16529.0,16531.0,brown,1
J1872,I9323,18383.0,18392.0,green,1
J2450,I1846,3018.0,3020.0,brown,1
J2450,I1942,3195.0,3196.0,brown,1
J2450,I2006,3298.0,3301.0,brown,1
J3993,I6982,13297.0,13299.0,red,1
J3993,I10534,20892.0,20894.0,brown,1
J3993,I15079,29309.0,29312.0,green,2
J3993,I15282,29624.0,29628.0,green,2
J2707,I12591,24841.0,24842.0,brown,1
J2707,I14287,27997.0,27999.0,brown,1
J2707,I15472,29895.0,29896.0,green,1
J2707,I15488,29921.0,29922.0,green,1
J2707,I15536,29980.0,29981.0,green,1
J2707,I15540,29984.0,29985.0,green,1
J3799,I5321,9824.0,9826.0,green,1
J3799,I6505,12282.0,12286.0,green,1
J3799,I6665,12597.0,12601.0,green,2
J3799,I11145,22078.0,22081.0,green,1
J4957,I12312,24311.0,24314.0,green,3
J4957,I12344,24364.0,24368.0,brown,1
J4957,I12408,24491.0,24493.0,green,2
J4518,I14427,28250.0,28251.0,brown,1
J4518,I14684,28691.0,28698.0,green,2
J4518,I14940,29113.0,29114.0,green,1
J2571,I5227,9637.0,9639.0,green,2
J2571,I5323,9832.0,9836.0,green,1
J2571,I5387,9968.0,9972.0,green,1
J1876,I3589,6301.0,6304.0,green,1
J1876,I3973,7056.0,7060.0,green,2
J1876,I6372,12017.0,12018.0,brown,1
J1876,I10949,21679.0,21681.0,green,1
J827,I6329,11906.0,11911.0,green,2
J3660,I10758,21326.0,21327.0,brown,1
J3660,I11175,22135.0,22137.0,green,1
J4925,I12045,23829.0,23834.0,green,2
J4925,I12556,24760.0,24761.0,brown,1
J4925,I12653,24976.0,24980.0,green,1
J4925,I14060,27611.0,27614.0,brown,1
J4925,I15245,29571.0,29572.0,green,1
J3265,I3969,7047.0,7049.0,green,2
J3265,I4386,7911.0,7913.0,green,2
J3265,I10402,20570.0,20571.0,green,1
J3265,I10942,21665.0,21667.0,green,1
J4846,I11909,23560.0,23561.0,brown,1
J4846,I12517,24692.0,24694.0,brown,1
J4846,I13030,25714.0,25716.0,green,1
J4846,I14566,28495.0,28496.0,green,1
J4553,I8710,17001.0,17002.0,brown,1
J4553,I9094,17871.0,17880.0,green,1
J4553,I9286,18290.0,18294.0,green,1
J4553,I10823,21442.0,21445.0,green,1
J1370,I1475,2378.0,2381.0,green,1
J1370,I3812,6740.0,6744.0,green,2
J1370,I10539,20900.0,20901.0,brown,1
J1040,I572,847.0,850.0,green,1
J1040,I1661,2694.0,2696.0,green,1
J1040,I4285,7680.0,7695.0,green,1
J1040,I7869,15172.0,15187.0,green,3
J140,I285,390.0,394.0,green,1
J140,I381,546.0,547.0,green,1
J140,I477,694.0,696.0,green,1
J136,I133,174.0,176.0,green,2
J136,I3174,5492.0,5493.0,green,1
J136,I8070,15614.0,15617.0,green,2
J136,I8233,15972.0,15975.0,green,1
J363,I1071,1670.0,1672.0,brown,2
J363,I6319,11887.0,11889.0,brown,1
J363,I7759,14924.0,14926.0,brown,1
J363,I8944,17550.0,17551.0,green,1
J3033,I8589,16741.0,16743.0,green,1
J3033,I8829,17287.0,17290.0,green,1
J3033,I9566,18861.0,18863.0,brown,1
J3643,I9840,19399.0,19401.0,brown,2
J3643,I10289,20329.0,20331.0,green,2
J3643,I10353,20481.0,20484.0,brown,1
J3643,I10385,20538.0,20541.0,green,1
J2410,I6063,11386.0,11388.0,brown,1
J2410,I9904,19534.0,19540.0,green,1
J2410,I12416,24508.0,24511.0,green,2
J4308,I14062,27617.0,27618.0,green,1
J4308,I15126,29389.0,29390.0,brown,1
J4308,I15278,29619.0,29620.0,brown,1
J1653,I5897,11027.0,11028.0,green,1
J1653,I5993,11225.0,11234.0,green,1
J1653,I8617,16798.0,16799.0,green,1
J1653,I8745,17082.0,17085.0,green,1
J1653,I11977,23688.0,23690.0,green,1
J1653,I12793,25251.0,25253.0,green,1
J3263,I14129,27728.0,27731.0,green,1
J3263,I14369,28153.0,28158.0,green,1
J3263,I14897,29049.0,29051.0,green,1
J3263,I15073,29302.0,29303.0,green,1
J3263,I15121,29379.0,29381.0,brown,1
J428,I1442,2322.0,2323.0,green,1
J428,I1474,2372.0,2378.0,green,2
J428,I1475,2378.0,2381.0,green,1
J428,I1506,2430.0,2434.0,green,1
J1750,I2647,4441.0,4443.0,green,1
J1750,I8576,16712.0,16716.0,green,4
J1750,I9280,18274.0,18276.0,green,1
J3446,I4058,7210.0,7214.0,green,2
J3446,I11230,22261.0,22265.0,green,3
J2299,I4873,8895.0,8897.0,brown,1
J2299,I6793,12874.0,12877.0,brown,1
J2299,I10186,20096.0,20099.0,green,1
J2270,I759,1149.0,1151.0,brown,2
J2270,I5624,10458.0,10459.0,green,1
J2270,I6360,11980.0,11981.0,green,1
J2270,I9472,18679.0,18680.0,green,1
J3184,I8373,16269.0,16270.0,brown,1
J3184,I8725,17037.0,17039.0,green,2
J3184,I9109,17907.0,17909.0,green,1
J3184,I10581,20976.0,20977.0,brown,1
J3184,I13318,26189.0,26191.0,green,1
J399,I230,309.0,310.0,green,1
J399,I551,814.0,819.0,green,1
J399,I4359,7847.0,7852.0,green,1
J399,I5607,10423.0,10426.0,green,1
J399,I6055,11370.0,11374.0,green,1
J399,I6503,12275.0,12278.0,green,1
J1215,I3386,5918.0,5923.0,green,1
J1215,I3642,6395.0,6397.0,green,1
J1215,I6394,12050.0,12056.0,green,1
J3811,I2020,3322.0,3323.0,brown,1
J3811,I3973,7056.0,7060.0,green,1
J3114,I7284,13935.0,13937.0,green,1
J3114,I7316,14012.0,14015.0,green,2
J3114,I7317,14015.0,14016.0,green,1
J3114,I7348,14082.0,14083.0,green,1
J3114,I7382,14158.0,14159.0,brown,1
J318,I642,954.0,955.0,green,1
J318,I674,1006.0,1009.0,brown,1
J318,I2243,3721.0,3723.0,green,1
J318,I3555,6217.0,6223.0,green,1
J318,I6734,12735.0,12741.0,green,2
J2602,I5538,10273.0,10276.0,green,1
J2602,I5730,10676.0,10678.0,green,2
J2602,I5794,10835.0,10837.0,green,1
J4674,I10456,20699.0,20701.0,red,2
J4674,I11097,21964.0,21967.0,green,1
J4674,I14118,27713.0,27714.0,brown,1
J380,I144,188.0,190.0,green,1
J380,I3150,5429.0,5438.0,green,1
J380,I3280,5701.0,5712.0,green,1
J380,I3528,6173.0,6174.0,brown,1
J380,I4112,7314.0,7320.0,green,2
J1710,I818,1254.0,1260.0,green,1
J1710,I5747,10729.0,10738.0,green,1
J2190,I4053,7201.0,7202.0,green,1
J2190,I4917,8971.0,8972.0,brown,1
J2190,I8469,16478.0,16482.0,green,1
J2190,I10133,19996.0,19998.0,green,2
J2190,I10393,20554.0,20556.0,green,1
J334,I411,595.0,597.0,brown,1
J334,I5627,10464.0,10467.0,green,1
J2399,I4230,7561.0,7562.0,brown,1
J2399,I5414,10036.0,10037.0,brown,1
J2399,I13831,27194.0,27197.0,green,1
J2399,I15427,29834.0,29835.0,brown,1
J4918,I8461,16457.0,16463.0,green,1
J4918,I10734,21278.0,21285.0,green,1
J4918,I14478,28334.0,28343.0,green,1
J3736,I2956,5052.0,5054.0,brown,1
J3736,I3404,5945.0,5948.0,brown,3
J1068,I2789,4721.0,4722.0,brown,1
J1068,I2821,4776.0,4777.0,brown,1
J1068,I2853,4839.0,4843.0,green,1
J1068,I2917,4976.0,4978.0,brown,1
J1068,I2950,5037.0,5039.0,green,1
J4630,I4253,7610.0,7613.0,red,1
J4630,I4509,8169.0,8171.0,brown,1
J4630,I4765,8696.0,8699.0,brown,1
J1220,I11349,22494.0,22498.0,brown,2
J1220,I13974,27452.0,27455.0,green,2
J2145,I3048,5217.0,5218.0,brown,1
J2145,I3080,5296.0,5298.0,brown,2
J2145,I6184,11627.0,11628.0,brown,1
J2145,I10120,19975.0,19976.0,brown,1
J751,I275,377.0,379.0,red,1
J751,I327,458.0,461.0,brown,1
J751,I3572,6261.0,6266.0,green,2
J751,I8484,16511.0,16517.0,green,1
J751,I8632,16825.0,16827.0,green,1
J4964,I8782,17174.0,17181.0,green,1
J4964,I14638,28622.0,28623.0,brown,1
J4964,I15022,29239.0,29240.0,brown,1
J968,I7379,14148.0,14149.0,green,1
J968,I8179,15859.0,15860.0,green,1
J968,I9908,19546.0,19547.0,green,1
J968,I10068,19857.0,19859.0,green,1
J3146,I7930,15322.0,15323.0,green,1
J3146,I8346,16214.0,16225.0,green,2
J3146,I10330,20436.0,20441.0,brown,1
J1314,I7686,14778.0,14784.0,green,2
J1314,I11462,22696.0,22700.0,green,2
J4363,I10114,19958.0,19964.0,red,3
J4363,I10658,21119.0,21120.0,brown,1
J4363,I12162,24060.0,24061.0,brown,1
J4363,I12370,24410.0,24412.0,brown,1
J1209,I2307,3833.0,3834.0,brown,1
J1209,I6595,12463.0,12465.0,brown,1
J1209,I10548,20915.0,20916.0,green,1
J1209,I12228,24183.0,24184.0,brown,1
J1209,I12388,24443.0,24444.0,brown,1
J1209,I12516,24691.0,24692.0,brown,1
J3617,I5882,10995.0,10997.0,brown,2
J3617,I11802,23347.0,23351.0,green,1
J3617,I11962,23657.0,23659.0,brown,1
J718,I1615,2629.0,2630.0,brown,1
J718,I1647,2677.0,2679.0,brown,2
J718,I9871,19464.0,19471.0,green,1
J718,I10607,21021.0,21022.0,brown,1
J718,I11343,22484.0,22486.0,green,1
J4155,I4804,8764.0,8766.0,brown,1
J4155,I11237,22278.0,22283.0,green,1
J4155,I12037,23816.0,23818.0,green,1
J4155,I14229,27888.0,27890.0,green,2
J3268,I8464,16468.0,16469.0,brown,1
J3268,I8592,16746.0,16751.0,green,1
J3268,I8688,16958.0,16959.0,brown,1
J3268,I8976,17626.0,17636.0,green,1
J3268,I12913,25492.0,25494.0,green,1
J4293,I5165,9500.0,9501.0,green,1
J4293,I5262,9707.0,9708.0,red,1
J4293,I5293,9765.0,9767.0,brown,2
J4293,I5805,10850.0,10854.0,brown,1
J4293,I8430,16393.0,16400.0,green,1
J3561,I5324,9836.0,9844.0,green,6
J3922,I7973,15402.0,15404.0,brown,1
J3922,I8549,16670.0,16672.0,brown,2
J3922,I8965,17592.0,17593.0,brown,1
J3922,I12357,24387.0,24390.0,brown,1
J1295,I5093,9332.0,9334.0,green,2
J1295,I5157,9476.0,9487.0,green,1
J1295,I7589,14582.0,14583.0,green,1
J4852,I11124,22029.0,22033.0,green,1
J4852,I11316,22418.0,22420.0,green,1
J4852,I11668,23083.0,23085.0,brown,1
J4852,I13364,26292.0,26296.0,brown,1
J4852,I15188,29481.0,29482.0,brown,1
J2861,I3591,6305.0,6307.0,red,2
J2861,I4071,7236.0,7238.0,brown,2
J2861,I13800,27131.0,27136.0,green,1
J2422,I3538,6189.0,6192.0,green,2
J2422,I7633,14676.0,14678.0,brown,1
J2422,I8722,17027.0,17031.0,green,1
J2422,I8818,17258.0,17260.0,green,1
J2422,I10354,20484.0,20485.0,green,1
J964,I555,823.0,825.0,green,2
J964,I1196,1879.0,1893.0,green,1
J964,I3812,6740.0,6744.0,green,1
J1755,I811,1243.0,1244.0,green,1
J1755,I1196,1879.0,1893.0,green,1
J1755,I3212,5561.0,5564.0,green,1
J2336,I7366,14123.0,14125.0,brown,1
J2336,I9123,17946.0,17947.0,green,1
J2336,I9127,17954.0,17971.0,green,4
J1619,I2693,4525.0,4527.0,brown,1
J1619,I2981,5095.0,5097.0,brown,1
J1619,I13894,27303.0,27304.0,green,1
J1619,I14710,28742.0,28743.0,brown,1
J3257,I5036,9224.0,9226.0,brown,1
J3257,I6733,12734.0,12735.0,green,1
J3257,I11405,22598.0,22599.0,brown,1
J3257,I11989,23708.0,23710.0,green,2
J3257,I11991,23712.0,23714.0,green,1
J4609,I6706,12682.0,12685.0,red,1
J4609,I7410,14205.0,14209.0,brown,2
J4609,I11122,22027.0,22028.0,brown,1
J4609,I13963,27438.0,27440.0,green,1
J2264,I4583,8313.0,8317.0,green,1
J2264,I4616,8378.0,8381.0,green,1
J2264,I4904,8950.0,8954.0,green,3
J2264,I5672,10542.0,10546.0,green,1
J1837,I718,1086.0,1088.0,green,1
J1837,I1006,1562.0,1564.0,red,1
J1837,I2190,3631.0,3633.0,brown,1
J1837,I7343,14069.0,14071.0,green,2
J1837,I10223,20185.0,20186.0,green,1
J2124,I4200,7509.0,7512.0,green,1
J2124,I4233,7566.0,7573.0,green,3
J2124,I5257,9701.0,9702.0,green,1
J267,I6244,11740.0,11743.0,green,2
J267,I7620,14657.0,14658.0,brown,1
J1139,I2146,3555.0,3557.0,green,1
J1139,I2882,4914.0,4916.0,brown,1
J1139,I4131,7355.0,7370.0,green,1
J1139,I5987,11205.0,11216.0,green,3
J351,I1239,1963.0,1967.0,red,1
J351,I5848,10931.0,10937.0,green,1
J351,I12367,24405.0,24408.0,brown,1
J351,I12703,25085.0,25086.0,brown,1
J351,I12734,25152.0,25155.0,green,1
J1503,I9741,19199.0,19200.0,brown,1
J1503,I14669,28662.0,28664.0,green,1
J2065,I707,1061.0,1065.0,green,1
J2065,I835,1293.0,1295.0,green,1
J2065,I6883,13058.0,13059.0,brown,1
J2065,I10691,21186.0,21188.0,brown,1
J2065,I12379,24427.0,24428.0,brown,1
J477,I1012,1569.0,1571.0,brown,1
J477,I3765,6639.0,6646.0,green,1
J477,I11413,22612.0,22613.0,green,1
J477,I11429,22638.0,22640.0,green,1
J477,I11541,22865.0,22866.0,green,1
J1931,I4176,7458.0,7460.0,brown,2
J1931,I7472,14334.0,14335.0,brown,1
J1931,I9584,18894.0,18895.0,green,1
J1931,I14652,28639.0,28640.0,brown,1
J4235,I11110,22003.0,22007.0,green,3
J4235,I11141,22071.0,22073.0,brown,1
J2064,I3429,5996.0,5998.0,brown,2
J2064,I5062,9272.0,9273.0,green,1
J1198,I1312,2089.0,2092.0,green,1
J1198,I2081,3432.0,3434.0,green,2
J848,I2872,4884.0,4885.0,green,1
J848,I2936,5007.0,5010.0,green,1
J848,I2968,5072.0,5074.0,green,1
J848,I3128,5382.0,5390.0,green,1
J848,I3161,5457.0,5462.0,green,1
J848,I3176,5494.0,5495.0,green,1
J217,I617,910.0,915.0,green,1
J217,I745,1133.0,1134.0,brown,1
J217,I6793,12874.0,12877.0,brown,1
J217,I12010,23747.0,23748.0,green,1
J217,I12074,23901.0,23904.0,brown,2
J4425,I9814,19349.0,19350.0,brown,1
J4425,I10102,19926.0,19928.0,brown,1
J4425,I10230,20195.0,20196.0,green,1
J4425,I10326,20429.0,20430.0,brown,1
J4425,I10710,21235.0,21237.0,brown,1
J4425,I12054,23860.0,23863.0,brown,1
J983,I2764,4661.0,4663.0,brown,1
J983,I10285,20311.0,20319.0,green,4
J983,I12268,24247.0,24250.0,brown,1
J2592,I6916,13138.0,13140.0,green,2
J2592,I7204,13766.0,13768.0,green,1
J2592,I7236,13836.0,13839.0,green,1
J2592,I8388,16299.0,16305.0,green,2
J308,I85,105.0,106.0,green,1
J308,I106,134.0,135.0,brown,1
J308,I138,180.0,181.0,brown,1
J308,I713,1080.0,1081.0,green,1
J308,I841,1303.0,1304.0,green,1
J308,I1769,2871.0,2874.0,green,1
J2626,I7958,15369.0,15370.0,brown,1
J2626,I8150,15800.0,15801.0,brown,1
J2626,I8982,17648.0,17649.0,brown,1
J2626,I13463,26497.0,26499.0,green,2
J4154,I8302,16118.0,16120.0,brown,2
J4154,I8974,17612.0,17621.0,green,3
J4154,I13998,27498.0,27500.0,brown,1
J2339,I6514,12304.0,12306.0,green,1
J2339,I6578,12437.0,12438.0,green,1
J2339,I6994,13320.0,13321.0,green,1
J2339,I7027,13387.0,13390.0,brown,1
J2339,I9174,18064.0,18068.0,green,2
J2760,I4540,8219.0,8224.0,green,2
J2760,I7451,14300.0,14302.0,brown,1
J2778,I5297,9771.0,9772.0,brown,1
J2778,I10578,20965.0,20970.0,green,1
J2778,I11650,23043.0,23049.0,green,3
J4764,I12751,25183.0,25185.0,brown,1
J4764,I12975,25604.0,25606.0,brown,1
J4764,I13167,25937.0,25938.0,brown,1
J4764,I13615,26747.0,26749.0,brown,1
J4764,I14927,29091.0,29094.0,brown,1
J4764,I15023,29240.0,29241.0,brown,1
J723,I2394,3974.0,3975.0,green,1
J723,I3354,5854.0,5856.0,green,1
J723,I4282,7663.0,7674.0,green,2
J723,I6394,12050.0,12056.0,green,1
J723,I8196,15889.0,15891.0,green,1
J2415,I5962,11153.0,11158.0,green,3
J2415,I9321,18373.0,18381.0,green,1
J2415,I9322,18381.0,18383.0,green,1
J371,I528,782.0,783.0,green,1
J371,I560,831.0,832.0,brown,1
J371,I5265,9710.0,9711.0,green,1
J371,I6725,12715.0,12720.0,green,2
J3866,I6268,11792.0,11793.0,brown,1
J3866,I8700,16981.0,16983.0,brown,1
J4222,I10701,21208.0,21212.0,brown,1
J4222,I11341,22481.0,22483.0,brown,1
J1061,I8176,15853.0,15855.0,brown,1
J1061,I8592,16746.0,16751.0,green,1
J1061,I12816,25301.0,25303.0,brown,2
J1061,I14104,27686.0,27687.0,brown,1
J1061,I14512,28396.0,28398.0,brown,1
J4276,I9609,18945.0,18946.0,green,1
J4276,I9673,19064.0,19065.0,red,1
J4276,I10025,19775.0,19776.0,brown,1
J4276,I10921,21624.0,21628.0,brown,2
J4276,I12009,23744.0,23747.0,green,1
J3758,I10303,20366.0,20367.0,red,1
J3758,I10431,20629.0,20633.0,brown,2
J3758,I10527,20873.0,20878.0,green,1
J3758,I14112,27701.0,27706.0,green,1
J2199,I4626,8392.0,8393.0,green,1
J2199,I5523,10240.0,10246.0,green,1
J2199,I5587,10378.0,10381.0,green,1
J2199,I9203,18118.0,18120.0,green,1
J2199,I9538,18807.0,18808.0,brown,1
J2976,I790,1205.0,1206.0,red,1
J2976,I2614,4383.0,4385.0,brown,1
J2976,I3318,5784.0,5786.0,brown,1
J2976,I11894,23534.0,23535.0,brown,1
J2976,I13975,27455.0,27457.0,green,1
J2976,I13988,27478.0,27481.0,green,1
J889,I5828,10893.0,10894.0,green,1
J889,I10660,21121.0,21124.0,brown,1
J3078,I4764,8695.0,8696.0,green,1
J3078,I4828,8819.0,8820.0,green,1
J3078,I5148,9437.0,9450.0,green,3
J3078,I10596,21001.0,21005.0,green,1
J1992,I8184,15869.0,15870.0,brown,1
J1992,I10104,19929.0,19931.0,brown,2
J1992,I10328,20432.0,20433.0,brown,1
J4495,I809,1236.0,1237.0,red,1
J4495,I14154,27776.0,27779.0,green,2
J4495,I14282,27984.0,27986.0,green,1
J4495,I14313,28049.0,28051.0,brown,1
J4495,I14506,28383.0,28385.0,green,1
J528,I1119,1757.0,1760.0,green,1
J528,I1150,1803.0,1804.0,brown,1
J528,I1214,1923.0,1924.0,green,1
J528,I1599,2601.0,2607.0,green,1
J528,I1630,2652.0,2654.0,brown,1
J528,I4143,7394.0,7395.0,green,1
J1042,I2354,3920.0,3926.0,green,1
J1042,I3555,6217.0,6223.0,green,4
J1042,I4101,7286.0,7288.0,brown,1
J1986,I2233,3703.0,3705.0,brown,1
J1986,I3770,6651.0,6656.0,green,1
J1986,I3962,7033.0,7035.0,green,2
J1986,I8778,17166.0,17168.0,brown,1
J218,I709,1069.0,1075.0,green,2
J218,I1190,1868.0,1870.0,green,1
J218,I2119,3497.0,3498.0,brown,1
J218,I4039,7179.0,7181.0,brown,1
J218,I5600,10410.0,10412.0,green,1
J4070,I10793,21384.0,21386.0,red,2
J4070,I10825,21446.0,21449.0,green,1
J4070,I11049,21877.0,21878.0,brown,1
J4070,I11081,21936.0,21938.0,brown,1
J4070,I14954,29136.0,29140.0,green,1
J49,I154,202.0,203.0,brown,1
J49,I1082,1685.0,1693.0,green,2
J180,I8167,15835.0,15840.0,brown,1
J180,I8359,16238.0,16239.0,green,1
J180,I12456,24577.0,24580.0,green,1
J180,I13607,26737.0,26739.0,brown,1
J4263,I8000,15453.0,15454.0,red,1
J4263,I9024,17746.0,17753.0,green,1
J4263,I9312,18352.0,18355.0,brown,2
J4263,I13761,27046.0,27047.0,green,1
J4263,I15458,29877.0,29879.0,green,1
J3476,I9986,19698.0,19700.0,green,2
J3476,I10466,20715.0,20717.0,brown,2
J523,I1265,2006.0,2009.0,green,1
J523,I1465,2361.0,2362.0,brown,1
J523,I1809,2953.0,2958.0,green,1
J523,I2465,4105.0,4108.0,green,1
J3057,I7596,14602.0,14608.0,green,1
J3057,I12204,24140.0,24143.0,green,1
J3057,I12331,24341.0,24343.0,brown,1
J763,I5315,9810.0,9812.0,brown,1
J763,I5507,10215.0,10218.0,brown,3
J763,I6115,11485.0,11487.0,brown,1
J763,I11963,23659.0,23660.0,brown,1
J4190,I9579,18881.0,18886.0,brown,1
J4190,I12620,24904.0,24909.0,green,3
J4190,I13804,27139.0,27146.0,green,1
J4686,I14061,27614.0,27617.0,green,1
J4686,I14157,27781.0,27783.0,green,1
J4686,I14221,27879.0,27880.0,green,1
J4686,I14477,28331.0,28334.0,green,1
J4686,I14605,28567.0,28569.0,green,2
J4512,I6554,12380.0,12384.0,brown,1
J4512,I13819,27171.0,27172.0,green,1
J4512,I14075,27639.0,27642.0,green,2
J4512,I14283,27986.0,27988.0,green,2
J1056,I3598,6317.0,6323.0,green,1
J1056,I8430,16393.0,16400.0,green,1
J2702,I7604,14621.0,14623.0,green,2
J2702,I7636,14680.0,14682.0,brown,1
J1449,I11902,23548.0,23550.0,green,1
J1449,I11910,23561.0,23563.0,green,1
J3434,I9484,18707.0,18713.0,green,1
J3434,I12141,24014.0,24020.0,green,4
J3434,I12157,24050.0,24055.0,green,1
J2948,I9886,19498.0,19499.0,brown,1
J2948,I10687,21181.0,21182.0,green,1
J2948,I10943,21667.0,21670.0,brown,2
J2404,I8515,16587.0,16591.0,green,1
J2404,I9474,18682.0,18689.0,green,1
J2404,I13443,26456.0,26460.0,green,1
J2404,I14852,28990.0,28991.0,green,1
J4056,I10420,20607.0,20609.0,brown,1
J4056,I10804,21405.0,21406.0,green,1
J4056,I14452,28284.0,28289.0,brown,2
J4056,I14740,28794.0,28796.0,brown,1
J1620,I4903,8949.0,8950.0,brown,1
J1620,I4967,9074.0,9077.0,brown,2
J1620,I6471,12210.0,12212.0,brown,1
J1620,I6983,13299.0,13300.0,brown,1
J1620,I7655,14716.0,14719.0,brown,1
J4080,I12254,24226.0,24227.0,brown,1
J4080,I13054,25749.0,25751.0,brown,1
J3864,I13986,27471.0,27475.0,green,1
J433,I5969,11172.0,11175.0,green,1
J433,I6224,11701.0,11704.0,brown,2
J433,I7792,14996.0,14997.0,brown,1
J433,I7793,14997.0,14998.0,green,1
J433,I8433,16403.0,16406.0,green,1
J3165,I7566,14543.0,14544.0,green,1
J3165,I8494,16539.0,16540.0,green,1
J3165,I8878,17411.0,17413.0,green,2
J4269,I13066,25769.0,25770.0,brown,1
J4269,I13443,26456.0,26460.0,green,2
J2467,I10401,20568.0,20570.0,green,1
J2467,I10945,21671.0,21673.0,green,1
J2467,I14465,28312.0,28315.0,brown,1
J2467,I14850,28984.0,28988.0,green,3
J4823,I3774,6666.0,6668.0,brown,1
J4823,I4062,7218.0,7220.0,brown,1
J4823,I8958,17584.0,17585.0,brown,1
J4823,I13070,25775.0,25776.0,brown,1
J4243,I2652,4448.0,4451.0,green,1
J4243,I8733,17051.0,17056.0,green,1
J4243,I12837,25342.0,25344.0,green,2
J3298,I5179,9530.0,9532.0,brown,1
J3298,I6332,11920.0,11926.0,green,1
J3298,I10076,19877.0,19878.0,green,1
J3298,I11420,22624.0,22627.0,green,1
J1214,I1160,1819.0,1820.0,brown,1
J1214,I3625,6364.0,6367.0,green,1
J1214,I5001,9144.0,9155.0,green,2
J1049,I2284,3787.0,3792.0,green,5
J1940,I5111,9360.0,9361.0,brown,1
J1940,I5143,9421.0,9422.0,brown,1
J1940,I5144,9422.0,9427.0,green,3
J1940,I5304,9790.0,9792.0,green,1
J1641,I4905,8954.0,8956.0,green,2
J1641,I5673,10546.0,10553.0,green,1
J1641,I6953,13216.0,13229.0,green,3
J3118,I5136,9405.0,9406.0,green,1
J3118,I5169,9504.0,9508.0,green,1
J3118,I6513,12303.0,12304.0,green,1
J3118,I8785,17188.0,17193.0,brown,1
J3967,I10130,19990.0,19991.0,green,1
J3967,I10578,20965.0,20970.0,green,1
J4246,I11593,22943.0,22944.0,green,1
J4246,I11721,23181.0,23182.0,green,1
J4246,I11817,23381.0,23383.0,green,2
J2944,I5809,10859.0,10860.0,brown,1
J2944,I5905,11039.0,11040.0,green,1
J2944,I7281,13930.0,13931.0,brown,1
J2944,I10161,20046.0,20047.0,green,1
J2944,I10193,20116.0,20126.0,green,1
J2638,I3753,6620.0,6621.0,green,1
J2638,I3881,6887.0,6892.0,green,2
J2638,I4585,8319.0,8323.0,green,3
J2657,I6717,12702.0,12706.0,green,2
J2657,I6845,12979.0,12982.0,green,3
J1136,I3301,5757.0,5758.0,green,1
J1136,I3525,6169.0,6171.0,green,2
J1136,I3589,6301.0,6304.0,green,1
J1136,I5157,9476.0,9487.0,green,1
J1136,I6469,12203.0,12207.0,green,1
J4019,I744,1130.0,1133.0,brown,1
J4019,I10536,20895.0,20897.0,brown,1
J4019,I11912,23564.0,23567.0,brown,2
J4019,I12425,24524.0,24525.0,green,1
J3363,I6121,11494.0,11496.0,brown,1
J3363,I6217,11681.0,11684.0,brown,1
J3363,I7849,15121.0,15126.0,green,1
J1832,I5670,10540.0,10541.0,brown,1
J1141,I980,1525.0,1526.0,red,1
J1141,I7221,13801.0,13804.0,brown,2
J4050,I13703,26939.0,26940.0,brown,1
J4050,I14152,27774.0,27775.0,green,1
J4050,I14280,27981.0,27983.0,green,1
J4050,I15240,29564.0,29565.0,green,1
J4050,I15400,29796.0,29799.0,green,1
J2627,I4365,7861.0,7867.0,green,2
J2627,I5229,9640.0,9644.0,green,1
J2814,I4134,7376.0,7379.0,green,3
J2814,I4294,7706.0,7719.0,green,1
J2814,I4934,9004.0,9007.0,green,1
J3493,I5799,10843.0,10845.0,brown,1
J3493,I6791,12872.0,12873.0,brown,1
J3493,I13447,26465.0,26466.0,brown,1
J3493,I14999,29205.0,29207.0,brown,1
J4337,I9824,19363.0,19365.0,red,2
J4337,I9856,19442.0,19443.0,red,1
J4337,I10624,21052.0,21056.0,brown,2
J4337,I12993,25640.0,25641.0,green,1
J3350,I7170,13690.0,13692.0,green,2
J3350,I7394,14175.0,14178.0,green,1
J3350,I7938,15332.0,15335.0,green,1
J3723,I9912,19550.0,19552.0,green,1
J3723,I11000,21773.0,21776.0,green,1
J3723,I13208,26002.0,26004.0,brown,1
J3723,I13785,27099.0,27101.0,green,1
J3723,I14744,28804.0,28806.0,brown,1
J3723,I14792,28880.0,28881.0,brown,1
J3427,I8243,15994.0,16002.0,green,1
J3427,I8306,16134.0,16135.0,brown,1
J3613,I12351,24377.0,24379.0,brown,1
J3613,I12544,24741.0,24744.0,green,2
J3613,I13536,26615.0,26617.0,green,1
J3613,I14016,27528.0,27529.0,green,1
J3613,I15040,29260.0,29264.0,green,1
J1378,I4186,7477.0,7478.0,green,1
J1378,I6522,12316.0,12319.0,green,2
J1378,I7354,14101.0,14104.0,green,1
J1378,I8634,16831.0,16834.0,green,1
J3806,I11291,22372.0,22373.0,green,1
J3806,I11675,23095.0,23096.0,green,1
J3806,I11931,23599.0,23600.0,green,1
J3806,I11965,23661.0,23663.0,green,2
J589,I1840,3008.0,3010.0,brown,1
J589,I1904,3129.0,3130.0,brown,1
J589,I12000,23730.0,23731.0,brown,1
J589,I12313,24314.0,24315.0,green,1
J2032,I4635,8406.0,8408.0,green,1
J2032,I5115,9365.0,9366.0,green,1
J2032,I5275,9725.0,9726.0,brown,1
J2032,I6923,13151.0,13152.0,green,1
J2032,I7260,13888.0,13890.0,brown,1
J2032,I7323,14039.0,14040.0,green,1
J2520,I3577,6276.0,6277.0,brown,1
J2520,I3673,6459.0,6460.0,brown,1
J2520,I8889,17429.0,17433.0,brown,2
J2520,I12570,24790.0,24793.0,green,1
J2520,I13150,25902.0,25903.0,green,1
J1596,I5022,9196.0,9199.0,green,1
J1596,I5150,9452.0,9454.0,green,1
J1596,I5342,9870.0,9878.0,green,1
J1596,I5822,10881.0,10883.0,green,1
J1596,I6909,13121.0,13122.0,brown,1
J1596,I6973,13279.0,13280.0,brown,1
J1805,I49,56.0,57.0,green,1
J1805,I81,100.0,101.0,green,1
J1805,I6514,12304.0,12306.0,green,1
J1805,I7288,13942.0,13946.0,green,2
J4037,I9746,19209.0,19211.0,brown,1
J4037,I10322,20420.0,20423.0,brown,1
J4037,I11570,22914.0,22916.0,brown,1
J4037,I12362,24396.0,24400.0,brown,1
J1721,I2694,4527.0,4530.0,brown,2
J985,I3296,5744.0,5745.0,green,1
J985,I3393,5931.0,5932.0,green,1
J985,I3473,6077.0,6079.0,brown,1
J985,I4949,9033.0,9040.0,green,2
J985,I5249,9686.0,9690.0,green,1
J2046,I6287,11821.0,11822.0,green,1
J2046,I6351,11963.0,11964.0,green,1
J2120,I9282,18279.0,18282.0,brown,1
J2120,I9474,18682.0,18689.0,green,1
J2120,I13655,26827.0,26830.0,green,1
J3018,I3034,5193.0,5198.0,brown,1
J3018,I11226,22254.0,22256.0,brown,1
J365,I1114,1748.0,1751.0,green,1
J365,I3930,6976.0,6980.0,green,1
J365,I4282,7663.0,7674.0,green,1
J365,I7006,13342.0,13344.0,green,2
J4517,I7550,14508.0,14510.0,brown,2
J4517,I12575,24804.0,24806.0,green,2
J4517,I13822,27175.0,27176.0,green,1
J1540,I3797,6715.0,6717.0,brown,1
J1540,I3798,6717.0,6718.0,green,1
J1540,I3926,6967.0,6970.0,green,1
J1540,I3990,7087.0,7089.0,green,2
J4294,I1056,1643.0,1646.0,brown,3
J4294,I1504,2423.0,2428.0,green,1
J4294,I4448,8047.0,8049.0,brown,2
J2740,I6140,11536.0,11537.0,brown,1
J2740,I6428,12116.0,12117.0,brown,1
J2740,I6588,12450.0,12452.0,brown,2
J2740,I12734,25152.0,25155.0,green,1
J2740,I13532,26610.0,26611.0,brown,1
J2776,I6917,13140.0,13141.0,green,1
J2776,I7014,13355.0,13356.0,green,1
J2776,I8326,16170.0,16178.0,green,1
J4129,I9414,18573.0,18575.0,brown,1
J4129,I10726,21263.0,21264.0,brown,1
J4129,I11527,22826.0,22834.0,green,1
J4129,I12678,25036.0,25037.0,brown,1
J4129,I13543,26628.0,26630.0,green,1
J3986,I9466,18668.0,18669.0,brown,1
J3986,I9626,18983.0,18986.0,brown,1
J3986,I11802,23347.0,23351.0,green,1
J3986,I14043,27580.0,27585.0,green,2
J3986,I14266,27960.0,27961.0,brown,1
J4099,I7918,15299.0,15301.0,brown,2
J4099,I9871,19464.0,19471.0,green,1
J4099,I10639,21082.0,21085.0,green,1
J4099,I12463,24594.0,24596.0,green,1
J3685,I10917,21620.0,21621.0,brown,1
J3685,I10981,21740.0,21742.0,red,2
J3685,I11173,22133.0,22134.0,brown,1
J1142,I925,1427.0,1430.0,brown,3
J1142,I10013,19748.0,19750.0,green,1
J1142,I12654,24980.0,24990.0,green,1
J1572,I736,1115.0,1116.0,green,1
J1572,I5985,11196.0,11204.0,green,3
J3382,I8037,15531.0,15532.0,green,1
J3382,I8101,15688.0,15689.0,brown,1
J3382,I8261,16037.0,16038.0,brown,1
J3382,I8773,17153.0,17160.0,brown,1
J3764,I6699,12671.0,12672.0,brown,1
J3764,I10444,20661.0,20672.0,green,2
J3764,I12331,24341.0,24343.0,brown,1
J3764,I12396,24455.0,24459.0,green,1
J3764,I13156,25915.0,25919.0,green,1
J4194,I6889,13069.0,13071.0,brown,1
J4194,I12969,25596.0,25597.0,brown,1
J4194,I13162,25927.0,25932.0,green,2
J4194,I13650,26813.0,26818.0,green,1
J4194,I13674,26874.0,26876.0,green,1
J4329,I10802,21400.0,21402.0,red,1
J4329,I11250,22302.0,22306.0,brown,3
J4329,I12947,25555.0,25556.0,green,1
J4329,I14355,28120.0,28122.0,brown,1
J3954,I5530,10256.0,10257.0,brown,1
J3954,I6554,12380.0,12384.0,brown,1
J3954,I9851,19435.0,19436.0,green,1
J3954,I9915,19555.0,19558.0,green,1
J3954,I11003,21782.0,21784.0,brown,1
J3000,I8116,15727.0,15732.0,red,1
J3000,I9589,18906.0,18908.0,brown,2
J3000,I11157,22101.0,22104.0,brown,1
J1414,I3220,5576.0,5580.0,green,3
J1414,I3315,5778.0,5779.0,brown,1
J1414,I5780,10809.0,10811.0,green,2
J1850,I5325,9844.0,9845.0,brown,1
J1850,I5582,10359.0,10361.0,green,1
J1850,I5646,10495.0,10497.0,green,2
J1850,I5678,10562.0,10566.0,green,1
J2451,I4131,7355.0,7370.0,green,4
J2941,I7967,15382.0,15387.0,green,2
J2941,I11551,22882.0,22884.0,green,1
J945,I684,1020.0,1023.0,green,1
J945,I8397,16317.0,16320.0,green,1
J945,I12062,23878.0,23882.0,green,1
J945,I12350,24376.0,24377.0,green,1
J945,I12365,24403.0,24404.0,brown,1
J945,I12377,24424.0,24425.0,brown,1
J3522,I7417,14222.0,14224.0,brown,1
J3522,I7801,15011.0,15015.0,brown,1
J3522,I10330,20436.0,20441.0,brown,1
J3522,I11386,22564.0,22566.0,green,1
J3522,I12378,24425.0,24427.0,brown,1
J3522,I12410,24494.0,24496.0,green,1
J2975,I4855,8862.0,8863.0,red,1
J2975,I6743,12760.0,12764.0,brown,1
J2975,I9847,19427.0,19432.0,green,2
J2975,I14935,29104.0,29105.0,brown,1
J1235,I3836,6787.0,6789.0,green,2
J1235,I6748,12770.0,12785.0,green,1
J1235,I8004,15459.0,15462.0,green,2
J1235,I8668,16913.0,16917.0,green,1
J2240,I2178,3611.0,3614.0,brown,1
J2240,I8419,16370.0,16373.0,green,2
J2240,I9090,17864.0,17866.0,green,1
J2240,I12850,25363.0,25366.0,brown,1
J3404,I2842,4816.0,4818.0,brown,1
J3404,I10363,20502.0,20504.0,green,2
J3404,I10907,21607.0,21608.0,brown,1
J3404,I12315,24316.0,24317.0,brown,1
J3404,I12907,25484.0,25486.0,green,1
J1705,I5430,10069.0,10071.0,brown,1
J1705,I8855,17359.0,17360.0,green,1
J1705,I8871,17391.0,17394.0,green,2
J1705,I10551,20919.0,20920.0,green,1
J4906,I14625,28596.0,28597.0,green,1
J4906,I15089,29324.0,29327.0,green,2
J4906,I15153,29423.0,29424.0,green,1
J4906,I15185,29477.0,29479.0,green,2
J190,I10154,20035.0,20036.0,green,1
J190,I11482,22739.0,22741.0,green,1
J190,I12030,23790.0,23804.0,green,1
J2355,I4244,7593.0,7594.0,green,1
J2355,I4308,7738.0,7739.0,green,1
J2355,I4340,7805.0,7806.0,green,1
J2355,I5876,10981.0,10983.0,green,1
J2355,I7077,13503.0,13509.0,green,1
J594,I1282,2032.0,2035.0,green,1
J594,I1346,2156.0,2161.0,green,1
J594,I1891,3107.0,3111.0,green,1
J594,I2562,4286.0,4287.0,green,1
J594,I4130,7351.0,7355.0,green,2
J4961,I14713,28746.0,28750.0,green,1
J4961,I15401,29799.0,29801.0,green,1
J4961,I15433,29841.0,29843.0,green,1
J4961,I15449,29868.0,29869.0,green,1
J4961,I15474,29901.0,29902.0,green,1
J4961,I15477,29905.0,29907.0,green,1
J4753,I11645,23035.0,23036.0,green,1
J4753,I11869,23490.0,23491.0,brown,1
J4753,I12189,24111.0,24113.0,brown,2
J4753,I14013,27524.0,27526.0,green,2
J745,I338,475.0,477.0,green,1
J745,I787,1196.0,1199.0,green,1
J745,I1683,2731.0,2734.0,green,1
J3200,I7674,14760.0,14763.0,green,2
J3200,I12862,25385.0,25388.0,green,1
J88,I6889,13069.0,13071.0,brown,1
J88,I9225,18169.0,18171.0,brown,1
J88,I13401,26367.0,26370.0,brown,1
J3621,I13290,26147.0,26148.0,green,1
J3621,I13322,26206.0,26210.0,green,1
J3621,I13386,26336.0,26340.0,green,1
J4999,I15302,29658.0,29661.0,green,1
J4999,I15494,29928.0,29929.0,green,1
J4999,I15542,29986.0,29987.0,green,1
J2219,I4399,7938.0,7941.0,green,1
J2219,I4592,8334.0,8338.0,green,1
J2219,I10480,20752.0,20753.0,green,1
J2219,I11024,21827.0,21832.0,green,2
J4635,I6037,11342.0,11344.0,brown,1
J4635,I6261,11782.0,11784.0,brown,2
J4635,I6293,11830.0,11831.0,brown,1
J4948,I6778,12850.0,12851.0,brown,1
J4948,I12155,24046.0,24048.0,green,1
J4948,I13243,26063.0,26068.0,green,1
J1709,I3179,5501.0,5502.0,green,1
J1709,I3211,5559.0,5561.0,green,1
J1709,I3579,6279.0,6282.0,brown,1
J3601,I10708,21226.0,21229.0,green,2
J3601,I10900,21597.0,21598.0,brown,1
J3601,I11668,23083.0,23085.0,brown,1
J3601,I11797,23333.0,23341.0,green,1
J3601,I14558,28469.0,28477.0,green,1
J1451,I3690,6490.0,6492.0,green,1
J1451,I5322,9826.0,9832.0,green,1
J1451,I5418,10044.0,10046.0,green,1
J1451,I7946,15345.0,15346.0,green,1
J1451,I8746,17085.0,17088.0,green,1
J1451,I9378,18507.0,18508.0,green,1
J2458,I9434,18613.0,18614.0,brown,1
J2458,I12954,25564.0,25565.0,brown,1
J2458,I13131,25870.0,25871.0,green,1
J2458,I13947,27413.0,27414.0,green,1
J979,I8087,15658.0,15661.0,green,2
J979,I8951,17565.0,17572.0,green,3
J4273,I9200,18115.0,18116.0,red,1
J4273,I10544,20908.0,20909.0,brown,1
J4273,I10576,20963.0,20964.0,brown,1
J4273,I10608,21022.0,21025.0,brown,1
J4273,I10800,21395.0,21398.0,green,1
J4273,I13265,26111.0,26112.0,green,1
J4801,I9015,17729.0,17731.0,red,1
J4801,I14232,27897.0,27900.0,green,2
J4801,I14520,28409.0,28412.0,green,1
J2917,I390,555.0,556.0,red,1
J2917,I2694,4527.0,4530.0,brown,1
J2917,I5318,9816.0,9818.0,brown,1
J2917,I6822,12934.0,12938.0,brown,1
J2917,I9286,18290.0,18294.0,green,1
J2917,I11975,23682.0,23683.0,green,1
J1963,I5966,11166.0,11167.0,green,1
J1963,I6094,11440.0,11441.0,green,1
J1963,I6254,11768.0,11771.0,green,3
J1963,I6350,11962.0,11963.0,green,1
J4605,I8721,17025.0,17027.0,green,2
J4605,I8785,17188.0,17193.0,brown,1
J4605,I10193,20116.0,20126.0,green,1
J4605,I13778,27082.0,27085.0,green,1
J4605,I14418,28232.0,28233.0,green,1
J506,I1787,2915.0,2916.0,brown,1
J506,I4251,7604.0,7606.0,brown,1
J506,I9692,19108.0,19110.0,green,1
J506,I10683,21172.0,21174.0,green,1
J89,I8515,16587.0,16591.0,green,1
J89,I11459,22690.0,22693.0,brown,2
J89,I14596,28552.0,28555.0,green,1
J162,I761,1152.0,1154.0,brown,1
J162,I6362,11983.0,11991.0,green,5
J1029,I3077,5283.0,5285.0,green,1
J1029,I3109,5350.0,5352.0,green,1
J1029,I3140,5413.0,5414.0,green,1
J1029,I3269,5670.0,5671.0,green,1
J1029,I5285,9754.0,9758.0,green,1
J4527,I7581,14571.0,14573.0,brown,1
J4673,I15114,29367.0,29370.0,green,2
J4673,I15209,29509.0,29511.0,brown,1
J1697,I5714,10641.0,10642.0,green,1
J1697,I6962,13251.0,13253.0,green,1
J1697,I7538,14479.0,14483.0,green,1
J1697,I8178,15858.0,15859.0,green,1
J269,I357,505.0,507.0,brown,2
J269,I3078,5285.0,5295.0,green,1
J269,I3374,5897.0,5904.0,green,1
J4663,I12727,25138.0,25139.0,red,1
J4663,I12984,25617.0,25620.0,green,1
J4663,I13912,27342.0,27343.0,green,1
J4663,I14024,27543.0,27549.0,green,2
J577,I1537,2491.0,2493.0,green,1
J577,I1568,2550.0,2553.0,green,2
J577,I2842,4816.0,4818.0,brown,1
J577,I4261,7622.0,7623.0,brown,1
J643,I1913,3143.0,3147.0,green,2
J643,I6880,13051.0,13054.0,brown,1
J643,I9020,17738.0,17740.0,brown,1
J4814,I9956,19645.0,19646.0,red,1
J4814,I10597,21005.0,21009.0,green,2
J4814,I11301,22393.0,22398.0,green,2
J4814,I12004,23735.0,23739.0,brown,1
J4662,I7927,15317.0,15318.0,red,1
J4662,I13864,27254.0,27257.0,green,1
J1695,I1773,2878.0,2883.0,green,1
J1695,I7117,13578.0,13579.0,brown,1
J1695,I7869,15172.0,15187.0,green,1
J4134,I11814,23377.0,23378.0,green,1
J4134,I11846,23447.0,23449.0,brown,2
J4134,I11910,23561.0,23563.0,green,1
J4134,I11942,23620.0,23621.0,brown,1
J4134,I12006,23740.0,23741.0,brown,1
J922,I3386,5918.0,5923.0,green,2
J922,I5146,9429.0,9434.0,green,2
J922,I6458,12170.0,12175.0,green,2
J4905,I14637,28618.0,28622.0,green,1
J4905,I14829,28950.0,28954.0,green,2
J4905,I15069,29297.0,29298.0,green,1
J3483,I7404,14199.0,14200.0,green,1
J3483,I7564,14540.0,14541.0,green,1
J3483,I7885,15219.0,15222.0,brown,1
J3483,I7917,15297.0,15299.0,brown,2
J4709,I9057,17810.0,17814.0,green,1
J4709,I14850,28984.0,28988.0,green,1
J4709,I15362,29740.0,29744.0,green,2
J4709,I15394,29785.0,29786.0,green,1
J2951,I7656,14719.0,14725.0,green,2
J2951,I8328,16182.0,16183.0,green,1
J2672,I8126,15747.0,15749.0,green,2
J3405,I5373,9931.0,9934.0,brown,1
J3405,I5565,10330.0,10332.0,brown,1
J3405,I10254,20250.0,20252.0,green,1
J3006,I4499,8153.0,8155.0,brown,2
J3006,I9555,18839.0,18841.0,green,1
J3006,I11507,22787.0,22789.0,brown,1
J3006,I14132,27736.0,27739.0,green,1
J3519,I7041,13419.0,13423.0,green,4
J1033,I10048,19819.0,19821.0,brown,1
J1033,I11136,22063.0,22065.0,brown,1
J1033,I12417,24511.0,24513.0,green,1
J1033,I13653,26820.0,26825.0,green,2
J1033,I13665,26847.0,26853.0,green,1
J1699,I6004,11253.0,11263.0,green,3
J273,I513,755.0,756.0,green,1
J273,I931,1436.0,1437.0,green,1
J273,I4733,8616.0,8618.0,brown,1
J273,I4967,9074.0,9077.0,brown,1
J3297,I9118,17932.0,17940.0,green,4
J3297,I10430,20627.0,20629.0,green,1
J2617,I10395,20557.0,20558.0,green,1
J2617,I11483,22741.0,22743.0,green,1
J3818,I9571,18870.0,18872.0,brown,1
J3818,I10435,20640.0,20643.0,brown,3
J3111,I7152,13653.0,13656.0,green,2
J3111,I8784,17182.0,17188.0,green,1
J3111,I12416,24508.0,24511.0,green,1
J1006,I10072,19867.0,19869.0,green,1
J1006,I11063,21899.0,21900.0,brown,1
J1006,I11583,22930.0,22932.0,brown,1
J1500,I2077,3427.0,3428.0,brown,1
J1500,I3517,6155.0,6156.0,brown,1
J1500,I3549,6208.0,6209.0,brown,1
J1500,I7677,14765.0,14766.0,brown,1
J1500,I7838,15099.0,15104.0,green,1
J1216,I2896,4940.0,4942.0,green,1
J1216,I3281,5712.0,5715.0,green,2
J1216,I3313,5773.0,5777.0,brown,1
J1216,I4625,8391.0,8392.0,green,1
J1216,I7857,15145.0,15147.0,green,1
J755,I7444,14283.0,14285.0,green,2
J3683,I10086,19894.0,19896.0,green,2
J3683,I10118,19971.0,19974.0,green,3
J3683,I10150,20024.0,20029.0,green,1
J633,I14138,27753.0,27754.0,brown,1
J633,I14523,28414.0,28419.0,green,1
J4773,I8436,16412.0,16413.0,brown,1
J4773,I11189,22164.0,22167.0,green,2
J4773,I14356,28122.0,28124.0,brown,2
J4773,I14428,28251.0,28254.0,brown,1
J4406,I8556,16678.0,16680.0,brown,1
J4406,I8812,17248.0,17250.0,brown,1
J4406,I9452,18639.0,18641.0,brown,1
J4406,I10573,20960.0,20961.0,green,1
J4406,I12877,25423.0,25424.0,brown,1
J4406,I13517,26580.0,26583.0,brown,1
J2225,I5177,9523.0,9527.0,green,1
J2225,I5208,9591.0,9593.0,brown,1
J2225,I6105,11463.0,11469.0,green,1
J2225,I7673,14757.0,14760.0,green,1
J16,I41,46.0,47.0,green,1
J16,I109,137.0,138.0,brown,1
J16,I169,223.0,225.0,brown,1
J16,I649,965.0,967.0,green,1
J16,I681,1016.0,1018.0,brown,1
J16,I1001,1556.0,1558.0,green,1
J2720,I4888,8921.0,8923.0,green,1
J2720,I10264,20266.0,20268.0,green,1
J2720,I11255,22313.0,22315.0,brown,1
J2720,I13115,25846.0,25847.0,brown,1
J2213,I5032,9214.0,9215.0,green,1
J2213,I7976,15407.0,15412.0,green,2
J2213,I8520,16601.0,16606.0,green,1
J336,I527,779.0,782.0,green,1
J336,I623,924.0,925.0,green,1
J336,I719,1088.0,1089.0,brown,1
J336,I8368,16261.0,16264.0,green,1
J2151,I2899,4944.0,4945.0,brown,1
J2151,I2963,5065.0,5066.0,brown,1
J2151,I2995,5119.0,5120.0,green,1
J2151,I3027,5180.0,5181.0,brown,1
J2151,I10596,21001.0,21005.0,green,2
J2038,I4892,8933.0,8934.0,green,1
J2038,I5020,9193.0,9195.0,brown,1
J2555,I2926,4989.0,4992.0,brown,2
J2555,I5487,10176.0,10177.0,green,1
J2555,I11055,21885.0,21888.0,green,3
J3009,I6027,11318.0,11319.0,brown,1
J3009,I6283,11815.0,11816.0,brown,1
J3009,I8363,16250.0,16252.0,brown,1
J3009,I12139,24012.0,24013.0,brown,1
J3009,I13419,26404.0,26407.0,brown,1
J3945,I2911,4969.0,4970.0,brown,1
J3945,I6175,11607.0,11611.0,brown,1
J3945,I11295,22382.0,22383.0,brown,1
J3945,I12064,23883.0,23884.0,green,1
J3945,I12896,25470.0,25472.0,green,1
J448,I398,573.0,575.0,green,2
J448,I5583,10361.0,10369.0,green,1
J448,I5647,10497.0,10500.0,green,1
J448,I9087,17861.0,17862.0,green,1
J448,I9775,19276.0,19278.0,brown,1
J4975,I14773,28850.0,28851.0,brown,1
J4975,I14806,28903.0,28911.0,green,1
J4975,I15254,29584.0,29586.0,green,1
J4975,I15414,29814.0,29815.0,green,1
J4975,I15446,29863.0,29865.0,green,1
J4718,I14181,27818.0,27819.0,green,1
J4718,I14213,27865.0,27866.0,green,1
J4718,I14245,27920.0,27923.0,green,2
J4667,I5770,10781.0,10783.0,red,2
J4667,I6411,12083.0,12084.0,brown,1
J4667,I8363,16250.0,16252.0,brown,1
J4667,I12107,23961.0,23962.0,brown,1
J4693,I9134,17982.0,17984.0,brown,1
J4693,I9902,19528.0,19533.0,brown,2
J4693,I13247,26078.0,26081.0,green,1
J3072,I11419,22622.0,22624.0,green,2
J3072,I12091,23927.0,23932.0,green,2
J3072,I14620,28588.0,28590.0,green,1
J3171,I5823,10883.0,10886.0,green,2
J3171,I7199,13756.0,13759.0,green,1
J3171,I9247,18217.0,18220.0,green,2
J2518,I3456,6049.0,6050.0,brown,1
J2518,I3520,6163.0,6164.0,green,1
J2518,I3585,6292.0,6293.0,green,1
J2518,I3649,6416.0,6418.0,green,2
J2518,I7338,14056.0,14057.0,brown,1
J2395,I5781,10811.0,10812.0,brown,1
J2395,I11830,23411.0,23414.0,green,2
J2395,I13582,26700.0,26703.0,green,1
J4475,I8031,15510.0,15511.0,brown,1
J4475,I13615,26747.0,26749.0,brown,1
J4475,I14112,27701.0,27706.0,green,2
J773,I7533,14468.0,14472.0,green,1
J773,I8125,15746.0,15747.0,green,1
J773,I9165,18049.0,18054.0,brown,1
J773,I9453,18641.0,18646.0,green,1
J773,I9863,19453.0,19454.0,green,1
J2665,I8122,15741.0,15742.0,brown,1
J2665,I9275,18261.0,18265.0,green,1
J813,I845,1308.0,1309.0,green,1
J813,I877,1352.0,1353.0,green,1
J813,I973,1507.0,1509.0,green,1
J813,I2661,4474.0,4478.0,green,1
J813,I3037,5200.0,5201.0,brown,1
J3962,I11084,21941.0,21944.0,brown,3
J3962,I11692,23123.0,23124.0,brown,1
J3962,I11948,23637.0,23638.0,brown,1
J4139,I11539,22854.0,22864.0,green,4
J3376,I7940,15336.0,15339.0,brown,3
J3376,I13605,26730.0,26735.0,green,2
J3376,I14693,28710.0,28712.0,green,1
J3695,I2281,3784.0,3785.0,brown,1
J3695,I2345,3904.0,3905.0,brown,1
J3695,I8905,17467.0,17471.0,brown,1
J3695,I9961,19656.0,19660.0,green,2
J3695,I12137,24009.0,24011.0,brown,1
J1679,I9167,18055.0,18056.0,green,1
J1679,I12047,23836.0,23839.0,green,2
J1679,I12463,24594.0,24596.0,green,1
J1701,I2846,4826.0,4828.0,brown,2
J1701,I3134,5403.0,5404.0,brown,1
J1701,I3326,5796.0,5798.0,brown,1
J3327,I2915,4974.0,4975.0,brown,1
J3327,I6435,12131.0,12132.0,brown,1
J3327,I13636,26785.0,26789.0,green,1
J3327,I13659,26836.0,26838.0,brown,2
J851,I1313,2092.0,2093.0,green,1
J851,I1345,2152.0,2156.0,green,1
J851,I3681,6471.0,6472.0,green,1
J3066,I6682,12633.0,12641.0,green,1
J3066,I6714,12695.0,12697.0,brown,2
J3066,I6842,12976.0,12977.0,brown,1
J3066,I8059,15586.0,15590.0,green,2
J1380,I2994,5117.0,5119.0,green,1
J1380,I3026,5179.0,5180.0,brown,1
J1380,I3443,6018.0,6025.0,green,1
J1380,I6651,12565.0,12567.0,green,1
J2463,I4716,8579.0,8581.0,green,1
J2463,I7084,13523.0,13524.0,brown,1
J2463,I12108,23962.0,23965.0,brown,1
J2463,I12286,24272.0,24273.0,green,1
J2463,I12589,24838.0,24840.0,brown,1
J1976,I4520,8188.0,8191.0,brown,3
J1976,I5801,10846.0,10847.0,green,1
J1976,I6665,12597.0,12601.0,green,1
J1976,I8905,17467.0,17471.0,brown,1
J470,I1569,2553.0,2554.0,green,1
J470,I3298,5748.0,5751.0,green,1
J470,I3650,6418.0,6419.0,green,1
J470,I4674,8488.0,8491.0,green,1
J2663,I6244,11740.0,11743.0,green,1
J2663,I7619,14656.0,14657.0,brown,1
J2663,I8644,16855.0,16860.0,green,1
J3075,I3146,5422.0,5423.0,brown,1
J3075,I9323,18383.0,18392.0,green,1
J3075,I13195,25979.0,25980.0,green,1
J3075,I13339,26242.0,26244.0,brown,2
J2947,I5226,9635.0,9637.0,green,2
J2947,I5386,9966.0,9968.0,green,2
J2947,I5418,10044.0,10046.0,green,1
J2947,I10014,19750.0,19755.0,green,1
J3260,I7670,14748.0,14752.0,green,4
J3260,I7734,14878.0,14880.0,green,2
J4676,I11867,23487.0,23489.0,brown,2
J4676,I11995,23720.0,23724.0,green,1
J4676,I12955,25565.0,25567.0,brown,1
J3912,I8242,15992.0,15994.0,green,2
J3912,I8818,17258.0,17260.0,green,1
J534,I337,473.0,475.0,green,1
J534,I3570,6256.0,6260.0,green,1
J1464,I3209,5555.0,5558.0,green,1
J1464,I8426,16386.0,16389.0,green,1
J6,I9,9.0,11.0,green,2
J6,I65,74.0,75.0,green,1
J2018,I1341,2145.0,2148.0,green,1
J2018,I1373,2207.0,2209.0,green,1
J2018,I1565,2544.0,2546.0,green,1
J2018,I7164,13679.0,13680.0,brown,1
J2018,I7165,13680.0,13683.0,green,1
J2018,I9024,17746.0,17753.0,green,1
J185,I675,1009.0,1010.0,brown,1
J185,I2084,3436.0,3441.0,green,1
J185,I3332,5809.0,5814.0,green,1
J185,I6757,12802.0,12807.0,green,2
J4872,I12753,25186.0,25188.0,brown,1
J456,I2989,5108.0,5110.0,brown,1
J456,I6958,13236.0,13242.0,green,2
J456,I10478,20742.0,20747.0,green,3
J505,I1652,2683.0,2684.0,green,1
J505,I1716,2789.0,2790.0,green,1
J505,I1780,2904.0,2908.0,green,2
J505,I1781,2908.0,2909.0,green,1
J505,I2900,4945.0,4948.0,green,1
J1690,I4657,8445.0,8451.0,green,1
J1690,I5009,9168.0,9174.0,green,3
J1690,I5025,9202.0,9203.0,green,1
J82,I373,534.0,535.0,brown,1
J82,I470,686.0,687.0,green,1
J82,I6646,12553.0,12559.0,green,1
J3364,I7503,14399.0,14406.0,green,1
J3364,I10191,20110.0,20114.0,green,2
J3364,I12927,25515.0,25519.0,green,1
J2302,I3262,5656.0,5661.0,green,1
J2302,I3358,5859.0,5861.0,red,1
J2302,I3550,6209.0,6210.0,brown,1
J2302,I4478,8112.0,8114.0,brown,1
J2302,I10527,20873.0,20878.0,green,1
J240,I8784,17182.0,17188.0,green,1
J240,I14712,28744.0,28746.0,brown,1
J240,I14928,29094.0,29095.0,brown,1
J1227,I2341,3900.0,3901.0,green,1
J1227,I2405,4002.0,4006.0,green,1
J1227,I10598,21009.0,21013.0,green,1
J1227,I11766,23273.0,23275.0,green,1
J1747,I3759,6630.0,6631.0,green,1
J1747,I3856,6830.0,6835.0,green,1
J1747,I3888,6900.0,6901.0,green,1
J1747,I4336,7797.0,7800.0,green,2
J1747,I5600,10410.0,10412.0,green,1
J2781,I7511,14423.0,14432.0,green,6
J117,I5105,9349.0,9354.0,brown,3
J117,I13113,25842.0,25845.0,brown,1
J4376,I8168,15840.0,15842.0,brown,1
J4376,I8744,17076.0,17082.0,green,1
J4376,I8841,17322.0,17329.0,green,1
J4376,I9320,18369.0,18373.0,green,1
J4376,I12713,25103.0,25107.0,green,1
J4376,I13417,26397.0,26401.0,green,1
J1646,I14299,28022.0,28026.0,green,2
J1831,I4900,8946.0,8947.0,green,1
J1831,I4996,9132.0,9133.0,green,1
J485,I1184,1853.0,1854.0,brown,1
J485,I1216,1926.0,1927.0,brown,1
J287,I372,533.0,534.0,brown,1
J287,I2229,3699.0,3700.0,green,1
J287,I3861,6846.0,6850.0,green,2
J287,I4213,7532.0,7534.0,brown,1
J287,I8597,16757.0,16760.0,green,1
J2067,I5854,10944.0,10947.0,brown,1
J2067,I5950,11124.0,11125.0,brown,1
J2067,I6047,11357.0,11359.0,green,2
J2067,I11619,22992.0,22996.0,green,1
J2067,I11999,23729.0,23730.0,brown,1
J4381,I12957,25568.0,25572.0,green,3
J176,I169,223.0,225.0,brown,1
J176,I266,365.0,366.0,brown,1
J176,I522,774.0,775.0,brown,1
J176,I1226,1945.0,1947.0,brown,1
J176,I1290,2044.0,2046.0,green,1
J176,I3834,6781.0,6785.0,green,1
J2097,I2820,4775.0,4776.0,brown,1
J2097,I2980,5091.0,5095.0,brown,2
J2097,I8228,15955.0,15957.0,brown,2
J2097,I8772,17152.0,17153.0,brown,1
J1899,I8139,15778.0,15779.0,brown,1
J1899,I12460,24588.0,24592.0,green,3
J2639,I10028,19778.0,19782.0,green,2
J2639,I12813,25294.0,25299.0,green,1
J2639,I13037,25724.0,25725.0,green,1
J2639,I14637,28618.0,28622.0,green,1
J2430,I6549,12368.0,12371.0,green,2
J2430,I7029,13391.0,13395.0,green,1
J2430,I8405,16342.0,16345.0,green,2
J2789,I1631,2654.0,2655.0,brown,1
J2789,I1695,2752.0,2755.0,green,1
J2789,I3200,5539.0,5542.0,green,1
J2789,I8900,17455.0,17457.0,green,2
J2789,I8932,17526.0,17531.0,green,1
J1085,I142,184.0,187.0,green,2
J1085,I302,415.0,417.0,green,1
J1085,I687,1027.0,1030.0,green,1
J1085,I3854,6821.0,6827.0,green,1
J4934,I2103,3471.0,3473.0,red,1
J4934,I10136,20001.0,20007.0,green,1
J4934,I14520,28409.0,28412.0,green,2
J4934,I14968,29160.0,29161.0,green,1
J2568,I12108,23962.0,23965.0,brown,2
J2568,I13933,27380.0,27382.0,green,1
J4572,I10122,19978.0,19980.0,red,1
J4572,I10250,20243.0,20244.0,red,1
J4572,I10826,21449.0,21453.0,brown,1
J4572,I11178,22140.0,22142.0,brown,2
J2695,I1749,2837.0,2839.0,green,1
J2695,I2645,4437.0,4440.0,brown,1
J2695,I8214,15930.0,15934.0,green,1
J2695,I11349,22494.0,22498.0,brown,1
J1444,I3392,5929.0,5931.0,green,1
J1444,I5249,9686.0,9690.0,green,1
J1444,I7265,13898.0,13899.0,green,1
J1444,I7657,14725.0,14734.0,green,3
J4264,I12072,23899.0,23900.0,green,1
J4264,I12104,23952.0,23958.0,brown,1
J4264,I12168,24069.0,24071.0,brown,2
J4264,I14088,27659.0,27660.0,brown,1
J4671,I11124,22029.0,22033.0,green,1
J4671,I15312,29673.0,29674.0,brown,1
J4671,I15421,29826.0,29827.0,brown,1
J4671,I15425,29831.0,29833.0,brown,2
J4671,I15463,29883.0,29884.0,green,1
J407,I7503,14399.0,14406.0,green,3
J3313,I9107,17903.0,17904.0,green,1
J3313,I9235,18191.0,18194.0,green,3
J3313,I9267,18252.0,18253.0,green,1
J3313,I9461,18662.0,18663.0,brown,1
J500,I1094,1718.0,1720.0,brown,1
J500,I10023,19769.0,19774.0,green,1
J500,I10567,20949.0,20953.0,green,2
J500,I11491,22757.0,22763.0,green,2
J110,I5117,9367.0,9371.0,green,1
J110,I10837,21475.0,21480.0,green,2
J110,I11493,22764.0,22766.0,green,2
J4299,I7074,13490.0,13498.0,green,4
J4299,I7457,14311.0,14312.0,brown,1
J4299,I8994,17679.0,17680.0,green,1
J519,I810,1237.0,1243.0,green,1
J519,I842,1304.0,1306.0,brown,1
J519,I1291,2046.0,2052.0,green,2
J519,I9304,18337.0,18342.0,green,2
J4491,I13087,25800.0,25801.0,brown,1
J4491,I13119,25854.0,25856.0,brown,2
J4641,I12581,24817.0,24822.0,green,1
J4641,I15316,29678.0,29679.0,brown,1
J558,I1223,1936.0,1937.0,green,1
J558,I1287,2041.0,2042.0,green,1
J558,I1639,2668.0,2669.0,green,1
J558,I1671,2709.0,2712.0,green,1
J558,I1863,3052.0,3057.0,green,1
J4063,I10623,21049.0,21052.0,green,1
J4063,I12912,25490.0,25492.0,green,1
J1320,I3552,6211.0,6213.0,green,2
J1320,I5472,10144.0,10148.0,brown,1
J1320,I9216,18147.0,18152.0,green,3
J4007,I12601,24861.0,24863.0,green,1
J4007,I14969,29161.0,29165.0,green,3
J4007,I15000,29207.0,29208.0,brown,1
J3981,I9647,19021.0,19022.0,green,1
J3981,I9679,19074.0,19081.0,green,4
J4848,I8533,16627.0,16629.0,brown,2
J4848,I13718,26968.0,26969.0,green,1
J1416,I2099,3462.0,3466.0,brown,1
J1416,I5492,10182.0,10185.0,green,1
J1416,I8084,15652.0,15655.0,green,3
J1416,I12054,23860.0,23863.0,brown,1
J2622,I5774,10791.0,10795.0,green,1
J969,I6614,12491.0,12493.0,green,1
J969,I6806,12898.0,12902.0,green,4
J969,I12694,25072.0,25073.0,green,1
J416,I453,661.0,663.0,brown,1
J416,I485,710.0,713.0,green,1
J416,I518,766.0,768.0,green,1
J416,I3654,6428.0,6429.0,brown,1
J416,I5710,10631.0,10633.0,green,2
J2386,I1550,2514.0,2517.0,brown,3
J2386,I9870,19463.0,19464.0,brown,1
J2386,I10735,21285.0,21287.0,green,1
J2386,I11151,22091.0,22092.0,green,1
J2231,I11025,21832.0,21834.0,green,1
J2231,I11633,23017.0,23019.0,brown,1
J2231,I12146,24025.0,24027.0,brown,1
J2231,I13874,27269.0,27272.0,brown,1
J1038,I1782,2909.0,2910.0,green,1
J1038,I1846,3018.0,3020.0,brown,1
J4971,I15464,29884.0,29888.0,green,1
J4971,I15480,29911.0,29913.0,green,2
J3317,I8428,16390.0,16392.0,brown,1
J3317,I8460,16456.0,16457.0,brown,1
J3317,I12268,24247.0,24250.0,brown,1
J3317,I12860,25381.0,25384.0,brown,1
J3317,I13278,26124.0,26128.0,green,1
J3317,I13885,27285.0,27286.0,green,1
J1418,I10648,21100.0,21105.0,brown,1
J1418,I13272,26118.0,26119.0,brown,1
J124,I168,222.0,223.0,green,1
J124,I393,559.0,565.0,green,2
J124,I521,773.0,774.0,brown,1
J3970,I6216,11680.0,11681.0,brown,1
J3970,I6376,12022.0,12023.0,brown,1
J3970,I9000,17698.0,17701.0,green,2
J3970,I12913,25492.0,25494.0,green,1
J3970,I13704,26940.0,26942.0,brown,1
J2223,I1738,2825.0,2826.0,red,1
J2223,I6346,11952.0,11954.0,brown,1
J2223,I10922,21628.0,21632.0,green,1
J2223,I13722,26974.0,26976.0,brown,1
J2223,I13771,27063.0,27068.0,green,2
J632,I1430,2302.0,2304.0,green,1
J632,I2038,3354.0,3358.0,green,1
J632,I5302,9784.0,9787.0,green,1
J3316,I1495,2409.0,2410.0,brown,1
J4721,I9696,19115.0,19119.0,green,1
J4721,I9760,19249.0,19250.0,red,1
J4721,I9888,19501.0,19503.0,red,1
J4721,I10624,21052.0,21056.0,brown,2
J4721,I15473,29896.0,29901.0,green,1
J4582,I12284,24270.0,24271.0,green,1
J4582,I12349,24375.0,24376.0,red,1
J4582,I12413,24502.0,24506.0,green,1
J4582,I12573,24796.0,24801.0,green,1
J4582,I12797,25260.0,25261.0,green,1
J4582,I14309,28041.0,28042.0,green,1
J4696,I5810,10860.0,10862.0,brown,2
J4696,I14323,28064.0,28066.0,green,1
J4696,I14914,29071.0,29072.0,brown,1
J3510,I3583,6288.0,6290.0,brown,2
J3510,I7744,14895.0,14900.0,green,1
J3510,I8191,15881.0,15883.0,brown,1
J4240,I3750,6614.0,6618.0,brown,1
J4240,I3878,6882.0,6883.0,brown,1
J4240,I11527,22826.0,22834.0,green,2
J4240,I12519,24695.0,24699.0,green,1
J4240,I13767,27055.0,27056.0,green,1
J866,I1528,2474.0,2476.0,green,1
J866,I1559,2528.0,2530.0,green,2
J866,I1849,3022.0,3025.0,brown,3
J3089,I3817,6752.0,6754.0,brown,1
J3089,I8874,17402.0,17407.0,green,4
J3089,I10734,21278.0,21285.0,green,1
J2719,I8348,16226.0,16227.0,green,1
J2719,I8604,16770.0,16771.0,brown,1
J1904,I5675,10554.0,10557.0,brown,3
J1904,I5899,11029.0,11030.0,brown,1
J1904,I9996,19718.0,19720.0,green,1
J1904,I13675,26876.0,26879.0,brown,1
J2761,I3713,6532.0,6538.0,green,2
J2761,I4290,7701.0,7702.0,green,1
J2761,I6658,12579.0,12584.0,green,2
J51,I249,340.0,342.0,green,1
J51,I665,989.0,991.0,green,2
J51,I3170,5481.0,5486.0,green,1
J4454,I6634,12533.0,12535.0,brown,2
J4454,I6730,12729.0,12730.0,brown,1
J4454,I12459,24586.0,24588.0,green,2
J4454,I12715,25109.0,25118.0,green,1
J820,I7242,13853.0,13857.0,brown,1
J820,I8971,17604.0,17608.0,green,2
J820,I9226,18171.0,18175.0,brown,1
J820,I10635,21073.0,21076.0,green,1
J4714,I12334,24349.0,24351.0,brown,1
J4714,I12462,24593.0,24594.0,brown,1
J4714,I13743,27017.0,27019.0,green,1
J4714,I14319,28058.0,28060.0,green,1
J4714,I14411,28221.0,28224.0,brown,1
J4225,I5436,10078.0,10079.0,brown,1
J4225,I5532,10259.0,10260.0,brown,1
J4225,I13053,25746.0,25749.0,green,1
J1835,I13386,26336.0,26340.0,green,3
J1835,I13434,26437.0,26439.0,green,2
J1835,I13994,27491.0,27493.0,brown,1
J2557,I7957,15367.0,15369.0,brown,2
J2557,I11861,23478.0,23480.0,brown,1
J2557,I12405,24479.0,24481.0,brown,1
J4727,I3712,6530.0,6532.0,brown,2
J4727,I5568,10338.0,10340.0,brown,1
J4727,I5888,11007.0,11009.0,brown,1
J4727,I6304,11856.0,11857.0,brown,1
J4727,I14248,27926.0,27928.0,brown,1
J392,I4307,7736.0,7738.0,green,1
J2283,I425,619.0,621.0,green,1
J2283,I4714,8571.0,8573.0,green,2
J2283,I4810,8778.0,8779.0,green,1
J2283,I7850,15126.0,15131.0,green,1
J2283,I8618,16799.0,16800.0,green,1
J4765,I9245,18214.0,18216.0,brown,1
J4765,I9341,18429.0,18431.0,brown,1
J4765,I13501,26555.0,26557.0,brown,1
J4765,I15101,29345.0,29346.0,brown,1
J4765,I15198,29494.0,29496.0,green,2
J579,I1727,2805.0,2807.0,green,2
J579,I1982,3262.0,3269.0,green,2
J579,I2168,3591.0,3592.0,green,1
J4661,I8931,17521.0,17526.0,green,1
J4661,I13428,26420.0,26422.0,green,2
J4661,I14180,27816.0,27818.0,green,1
J4661,I14244,27918.0,27920.0,green,2
J1105,I5194,9561.0,9564.0,brown,1
J1105,I8299,16108.0,16111.0,green,1
J1105,I9707,19138.0,19141.0,green,1
J1105,I11595,22947.0,22952.0,green,1
J1105,I12811,25285.0,25288.0,green,1
J1643,I5976,11184.0,11187.0,brown,1
J1643,I13558,26653.0,26654.0,brown,1
J421,I779,1183.0,1185.0,green,1
J421,I813,1246.0,1247.0,green,1
J421,I846,1309.0,1310.0,green,1
J421,I1340,2144.0,2145.0,green,1
J421,I1871,3072.0,3074.0,brown,1
J421,I3800,6719.0,6722.0,green,1
J345,I6243,11739.0,11740.0,brown,1
J345,I13251,26088.0,26090.0,brown,2
J197,I6001,11249.0,11251.0,green,1
J197,I6225,11704.0,11711.0,green,3
J197,I8305,16129.0,16134.0,green,1
J197,I11287,22366.0,22368.0,green,1
J2388,I6057,11376.0,11377.0,brown,1
J2388,I6058,11377.0,11379.0,green,1
J774,I2716,4564.0,4566.0,green,2
J774,I4540,8219.0,8224.0,green,2
J774,I4949,9033.0,9040.0,green,1
J4433,I1728,2807.0,2808.0,red,1
J4433,I12097,23940.0,23942.0,green,1
J4433,I13449,26468.0,26471.0,green,3
J2794,I2965,5068.0,5069.0,brown,1
J2794,I3285,5720.0,5722.0,brown,1
J2794,I14837,28968.0,28969.0,brown,1
J885,I1149,1802.0,1803.0,brown,1
J885,I1310,2084.0,2088.0,green,2
J885,I1406,2264.0,2266.0,green,1
J3087,I5000,9139.0,9144.0,green,3
J3087,I6215,11677.0,11680.0,brown,2
J3087,I8679,16932.0,16941.0,green,1
J1359,I4479,8114.0,8121.0,green,4
J1359,I5311,9801.0,9805.0,green,1
J2134,I6583,12445.0,12446.0,green,1
J2134,I6711,12691.0,12693.0,green,2
J2134,I6775,12839.0,12845.0,green,3
J1183,I3476,6082.0,6084.0,brown,1
J1183,I3573,6266.0,6271.0,green,1
J1183,I3861,6846.0,6850.0,green,1
J1183,I6987,13303.0,13307.0,green,2
J1183,I7051,13448.0,13452.0,green,1
J884,I2962,5062.0,5065.0,brown,2
J453,I1212,1920.0,1921.0,green,1
J453,I1404,2258.0,2260.0,green,2
J453,I1564,2539.0,2544.0,green,1
J453,I3164,5470.0,5472.0,green,1
J453,I4412,7969.0,7973.0,green,1
J1809,I7904,15255.0,15257.0,green,1
J1809,I8920,17493.0,17498.0,green,1
J1809,I10704,21217.0,21221.0,green,1
J843,I9024,17746.0,17753.0,green,1
J843,I12512,24686.0,24687.0,brown,1
J843,I13345,26252.0,26254.0,green,1
J843,I13569,26672.0,26673.0,green,1
J101,I331,465.0,467.0,green,1
J101,I395,566.0,567.0,green,1
J101,I1035,1613.0,1615.0,brown,1
J101,I2635,4416.0,4419.0,brown,1
J101,I9323,18383.0,18392.0,green,1
J3704,I4919,8975.0,8978.0,green,1
J3704,I10071,19863.0,19867.0,green,1
J3704,I10199,20139.0,20149.0,green,2
J4051,I8927,17508.0,17513.0,brown,3
J4051,I8960,17586.0,17587.0,green,1
J4051,I8992,17668.0,17670.0,green,2
J163,I10232,20199.0,20204.0,green,1
J163,I13399,26365.0,26366.0,brown,1
J163,I13784,27098.0,27099.0,green,1
J163,I14392,28186.0,28187.0,green,1
J1732,I2482,4142.0,4143.0,brown,1
J1732,I2579,4322.0,4325.0,green,2
J1732,I8243,15994.0,16002.0,green,1
J1732,I9203,18118.0,18120.0,green,1
J1167,I1702,2764.0,2765.0,red,1
J1167,I7526,14456.0,14458.0,brown,1
J1167,I11366,22529.0,22531.0,brown,1
J1167,I12551,24751.0,24752.0,green,1
J1167,I13319,26191.0,26199.0,green,1
J1167,I13719,26969.0,26970.0,green,1
J3843,I9904,19534.0,19540.0,green,1
J3843,I13376,26314.0,26317.0,brown,1
J3843,I13552,26642.0,26643.0,brown,1
J3843,I13648,26807.0,26810.0,brown,1
J3843,I14129,27728.0,27731.0,green,1
J2896,I5728,10673.0,10674.0,green,1
J2896,I7744,14895.0,14900.0,green,1
J3867,I7480,14343.0,14346.0,red,1
J388,I8877,17410.0,17411.0,brown,1
J388,I9261,18242.0,18244.0,brown,2
J388,I10637,21077.0,21079.0,green,1
J388,I11629,23010.0,23012.0,brown,1
J388,I12589,24838.0,24840.0,brown,1
J3159,I5310,9799.0,9801.0,green,2
J3159,I5502,10200.0,10202.0,green,1
J3159,I5534,10262.0,10263.0,green,1
J3159,I6558,12387.0,12393.0,green,1
J2505,I4372,7881.0,7883.0,brown,1
J2505,I8053,15569.0,15573.0,green,1
J2505,I9557,18843.0,18848.0,green,1
J2505,I11797,23333.0,23341.0,green,2
J2505,I12245,24207.0,24212.0,green,1
J3619,I6007,11267.0,11268.0,green,1
J3619,I7511,14423.0,14432.0,green,3
J3619,I7671,14752.0,14756.0,green,1
J3619,I7711,14829.0,14831.0,brown,1
J3987,I11267,22335.0,22337.0,brown,2
J3987,I14083,27654.0,27655.0,brown,1
J3987,I15204,29504.0,29505.0,green,1
J3987,I15396,29788.0,29789.0,green,1
J1860,I15175,29455.0,29459.0,green,2
J1860,I15303,29661.0,29662.0,green,1
J2969,I7450,14299.0,14300.0,brown,1
J2969,I9115,17922.0,17929.0,green,1
J3842,I6299,11849.0,11851.0,green,2
J3842,I6331,11912.0,11920.0,green,1
J3842,I8955,17576.0,17580.0,green,2
J3842,I11191,22170.0,22172.0,green,1
J4847,I10439,20650.0,20654.0,brown,4
J4847,I13768,27056.0,27059.0,green,1
J3840,I4331,7782.0,7784.0,brown,1
J3840,I7244,13861.0,13867.0,green,1
J3840,I11339,22474.0,22478.0,green,1
J3840,I12603,24864.0,24867.0,brown,2
J3828,I10143,20014.0,20016.0,green,1
J3828,I10239,20215.0,20219.0,green,1
J3828,I10431,20629.0,20633.0,brown,1
J1756,I844,1307.0,1308.0,green,1
J1756,I2317,3851.0,3854.0,green,1
J1756,I2828,4789.0,4793.0,brown,2
J1756,I6989,13308.0,13310.0,green,1
J1057,I3001,5128.0,5135.0,green,1
J1057,I8312,16145.0,16148.0,brown,1
J1057,I10232,20199.0,20204.0,green,1
J1057,I11886,23517.0,23519.0,brown,1
J4858,I10590,20988.0,20989.0,red,1
J4858,I10847,21500.0,21502.0,brown,2
J4320,I4968,9077.0,9079.0,brown,1
J4320,I7048,13436.0,13439.0,brown,1
J4320,I9320,18369.0,18373.0,green,1
J4856,I8627,16814.0,16817.0,brown,3
J4856,I9555,18839.0,18841.0,green,1
J4856,I10835,21473.0,21474.0,brown,1
J4856,I13556,26648.0,26651.0,green,1
J1348,I4331,7782.0,7784.0,brown,1
J1348,I4364,7858.0,7861.0,green,2
J1348,I5164,9498.0,9500.0,green,1
J2150,I5268,9713.0,9716.0,green,3
J2150,I5300,9777.0,9780.0,green,1
J2150,I9124,17947.0,17948.0,green,1
J2150,I10331,20441.0,20444.0,brown,1
J1594,I8097,15680.0,15681.0,brown,1
J1594,I11890,23525.0,23530.0,green,2
J1594,I12633,24931.0,24933.0,brown,1
J1594,I12930,25522.0,25523.0,green,1
J3486,I7381,14156.0,14158.0,brown,1
J3486,I10453,20695.0,20697.0,green,1
J3486,I15254,29584.0,29586.0,green,1
J3486,I15334,29701.0,29702.0,green,1
J58,I64,73.0,74.0,green,1
J58,I612,903.0,905.0,brown,1
J58,I644,956.0,957.0,brown,1
J58,I676,1010.0,1011.0,green,1
J58,I708,1065.0,1069.0,green,1
J58,I1120,1760.0,1762.0,green,1
J3947,I4410,7964.0,7965.0,brown,1
J3947,I4474,8106.0,8108.0,brown,2
J3947,I4602,8353.0,8356.0,brown,3
J2440,I5199,9573.0,9574.0,brown,1
J2440,I11344,22486.0,22488.0,green,2
J2440,I12432,24534.0,24538.0,green,1
J2440,I12608,24875.0,24884.0,green,1
J1745,I5322,9826.0,9832.0,green,3
J1745,I5442,10087.0,10088.0,green,1
J1745,I5482,10163.0,10164.0,green,1
J3698,I6321,11892.0,11893.0,brown,1
J3698,I8050,15561.0,15566.0,green,1
J3698,I9586,18897.0,18904.0,green,1
J3698,I10961,21705.0,21708.0,brown,2
J1001,I458,667.0,668.0,green,1
J1001,I778,1180.0,1183.0,brown,3
J1001,I9323,18383.0,18392.0,green,1
J1204,I2306,3832.0,3833.0,brown,1
J1204,I11378,22551.0,22552.0,brown,1
J4817,I11371,22535.0,22537.0,red,1
J4817,I11820,23386.0,23387.0,green,1
J4817,I14060,27611.0,27614.0,brown,1
J4817,I15084,29318.0,29320.0,green,1
J2893,I8532,16626.0,16627.0,green,1
J2893,I8692,16964.0,16966.0,brown,2
J2893,I11476,22729.0,22731.0,green,2
J3562,I1488,2398.0,2399.0,brown,1
J3562,I1648,2679.0,2680.0,brown,1
J3562,I2512,4200.0,4202.0,brown,1
J3562,I9233,18186.0,18188.0,green,2
J3562,I9297,18317.0,18318.0,green,1
J1738,I4858,8865.0,8866.0,brown,1
J1738,I5915,11064.0,11065.0,green,1
J1738,I6747,12769.0,12770.0,brown,1
J1738,I11319,22427.0,22435.0,green,2
J2250,I787,1196.0,1199.0,green,1
J2250,I7380,14149.0,14156.0,green,1
J2250,I11163,22117.0,22119.0,brown,2
J2250,I11259,22319.0,22320.0,brown,1
J2250,I11699,23141.0,23143.0,brown,1
J978,I3135,5404.0,5406.0,red,1
J978,I4959,9054.0,9057.0,brown,1
J978,I5152,9459.0,9467.0,green,1
J978,I7712,14831.0,14835.0,green,1
J978,I11327,22448.0,22450.0,green,1
J1479,I5332,9857.0,9859.0,brown,1
J1479,I7188,13726.0,13729.0,green,1
J1479,I9588,18905.0,18906.0,brown,1
J1479,I11701,23144.0,23146.0,green,1
J1479,I12565,24779.0,24780.0,brown,1
J3269,I840,1302.0,1303.0,green,1
J3269,I3721,6551.0,6553.0,green,1
J3269,I5321,9824.0,9826.0,green,1
J4798,I10005,19735.0,19736.0,green,1
J4798,I12277,24260.0,24261.0,brown,1
J4057,I11849,23453.0,23455.0,brown,1
J4057,I13097,25814.0,25816.0,brown,1
J4057,I13721,26971.0,26974.0,brown,1
J4057,I14234,27904.0,27905.0,green,1
J3835,I8914,17485.0,17486.0,brown,1
J3835,I8978,17639.0,17644.0,green,1
J3835,I9619,18966.0,18967.0,green,1
J3835,I9779,19284.0,19287.0,green,1
J3835,I9971,19670.0,19671.0,green,1
J3632,I2896,4940.0,4942.0,green,1
J3632,I3056,5232.0,5235.0,brown,2
J3632,I6705,12681.0,12682.0,green,1
J3632,I8177,15855.0,15858.0,green,1
J3632,I11161,22113.0,22115.0,green,1
J3709,I9182,18086.0,18088.0,brown,1
J3709,I13726,26981.0,26983.0,brown,2
J3709,I14190,27832.0,27833.0,brown,1
J4121,I10822,21441.0,21442.0,green,1
J4121,I10950,21681.0,21688.0,green,1
J4121,I11366,22529.0,22531.0,brown,1
J2721,I7074,13490.0,13498.0,green,4
J2732,I4668,8473.0,8474.0,brown,1
J2732,I4796,8750.0,8753.0,brown,2
J2732,I11709,23160.0,23162.0,green,1
J1881,I4585,8319.0,8323.0,green,1
J1881,I4648,8426.0,8429.0,brown,1
J2737,I1792,2923.0,2925.0,red,1
J2737,I6592,12458.0,12459.0,brown,1
J2737,I7905,15257.0,15259.0,green,1
J2737,I11713,23166.0,23168.0,green,1
J3814,I5638,10484.0,10485.0,brown,1
J3814,I6790,12870.0,12872.0,brown,2
J3814,I6822,12934.0,12938.0,brown,2
J3814,I14167,27794.0,27797.0,green,1
J3946,I7858,15147.0,15149.0,brown,2
J3946,I11763,23267.0,23270.0,green,1
J3946,I13395,26356.0,26357.0,green,1
J1954,I2361,3933.0,3934.0,brown,1
J1954,I2393,3972.0,3974.0,brown,1
J1954,I3706,6520.0,6522.0,green,1
J1954,I5146,9429.0,9434.0,green,1
J1954,I10136,20001.0,20007.0,green,1
J1954,I10494,20786.0,20790.0,green,1
J3907,I9565,18859.0,18861.0,brown,1
J3907,I10045,19810.0,19811.0,brown,1
J3907,I10109,19947.0,19950.0,green,1
J3907,I13341,26245.0,26246.0,brown,1
J4167,I5124,9381.0,9384.0,brown,1
J4167,I11973,23677.0,23678.0,green,1
J4167,I14558,28469.0,28477.0,green,1
J4167,I14565,28490.0,28495.0,green,2
J1205,I4708,8556.0,8559.0,brown,2
J1205,I5540,10279.0,10280.0,brown,1
J1205,I6884,13059.0,13060.0,brown,1
J862,I2175,3602.0,3605.0,green,1
J862,I2880,4906.0,4907.0,green,1
J862,I3072,5264.0,5273.0,green,1
J862,I3168,5475.0,5476.0,green,1
J862,I7968,15387.0,15392.0,green,2
J3439,I5374,9934.0,9944.0,green,4
J4986,I13887,27287.0,27289.0,green,2
J4986,I14623,28593.0,28595.0,green,1
J4986,I15007,29216.0,29218.0,green,1
J4986,I15199,29496.0,29497.0,green,1
J4986,I15487,29920.0,29921.0,green,1
J1445,I2637,4420.0,4422.0,brown,1
J1445,I7341,14064.0,14066.0,brown,1
J1445,I12654,24980.0,24990.0,green,2
J1445,I13005,25663.0,25665.0,brown,1
J1445,I13773,27070.0,27072.0,brown,1
J4304,I13086,25799.0,25800.0,brown,1
J4304,I13918,27350.0,27352.0,brown,1
J4304,I14110,27698.0,27699.0,brown,1
J2556,I2693,4525.0,4527.0,brown,1
J2556,I3045,5211.0,5213.0,brown,2
J2556,I12645,24957.0,24959.0,brown,1
J2556,I12965,25589.0,25591.0,brown,1
J1403,I3192,5523.0,5528.0,green,3
J1201,I2141,3545.0,3548.0,green,2
J1201,I2300,3821.0,3824.0,green,2
J1201,I2332,3884.0,3886.0,green,1
J1201,I2652,4448.0,4451.0,green,1
J157,I7877,15202.0,15204.0,brown,1
J157,I12741,25165.0,25167.0,brown,1
J157,I15209,29509.0,29511.0,brown,1
J193,I6018,11296.0,11298.0,brown,1
J193,I12867,25398.0,25401.0,green,1
J1191,I474,690.0,692.0,brown,2
J1191,I506,743.0,745.0,green,1
J1191,I571,846.0,847.0,green,1
J1191,I2363,3936.0,3939.0,green,1
J1191,I3773,6664.0,6666.0,brown,1
J1692,I959,1485.0,1486.0,red,1
J1692,I10011,19743.0,19744.0,brown,1
J1692,I10267,20270.0,20271.0,brown,1
J1692,I10384,20534.0,20538.0,green,1
J1797,I4334,7793.0,7795.0,brown,2
J1797,I9294,18311.0,18313.0,brown,1
J1797,I10479,20747.0,20752.0,green,1
J1292,I4959,9054.0,9057.0,brown,2
J1292,I12608,24875.0,24884.0,green,1
J1292,I13792,27115.0,27117.0,green,2
J2406,I96,123.0,124.0,green,1
J2406,I160,209.0,210.0,green,1
J2406,I1505,2428.0,2430.0,green,1
J2406,I5377,9949.0,9952.0,green,2
J2406,I8545,16661.0,16667.0,green,1
J4088,I8957,17582.0,17584.0,brown,1
J4088,I9021,17740.0,17743.0,brown,2
J4088,I13085,25797.0,25799.0,brown,1
J281,I199,264.0,268.0,brown,4
J3983,I8724,17033.0,17037.0,brown,3
J2675,I1998,3287.0,3288.0,brown,1
J2675,I2062,3400.0,3401.0,green,1
J2675,I2094,3456.0,3457.0,brown,1
J2675,I2286,3793.0,3799.0,green,1
J2675,I7086,13526.0,13527.0,green,1
J292,I4884,8913.0,8916.0,brown,1
J292,I9268,18253.0,18254.0,brown,1
J292,I9748,19213.0,19214.0,brown,1
J292,I13748,27025.0,27029.0,brown,1
J173,I121,154.0,156.0,green,2
J173,I283,387.0,389.0,green,2
J173,I315,440.0,441.0,green,1
J173,I347,491.0,494.0,brown,1
J1851,I949,1468.0,1472.0,brown,1
J1851,I4854,8859.0,8862.0,green,2
J1851,I6614,12491.0,12493.0,green,1
J1851,I8246,16015.0,16018.0,green,1
J3091,I7500,14391.0,14393.0,green,2
J2659,I9838,19394.0,19397.0,brown,1
J135,I1286,2039.0,2041.0,brown,1
J135,I1318,2104.0,2105.0,brown,1
J135,I10279,20294.0,20296.0,green,1
J135,I12646,24959.0,24962.0,brown,1
J3244,I7552,14511.0,14513.0,brown,2
J3244,I10080,19881.0,19882.0,brown,1
J3244,I10944,21670.0,21671.0,brown,1
J3244,I13953,27421.0,27423.0,green,2
J2052,I581,860.0,862.0,brown,1
J2052,I1862,3048.0,3052.0,green,2
J2052,I7630,14671.0,14673.0,green,1
J2052,I7902,15250.0,15252.0,green,2
J2998,I3516,6154.0,6155.0,brown,1
J2998,I3772,6659.0,6664.0,brown,3
J2998,I9564,18858.0,18859.0,brown,1
J2998,I12125,23991.0,23992.0,green,1
J4367,I11000,21773.0,21776.0,green,1
J4367,I11064,21900.0,21902.0,brown,1
J4367,I11640,23027.0,23029.0,brown,1
J4367,I11672,23089.0,23091.0,green,1
J4900,I12624,24912.0,24914.0,brown,2
J4900,I12656,24993.0,24996.0,brown,1
J4900,I13617,26750.0,26755.0,green,1
J4900,I13648,26807.0,26810.0,brown,1
J4900,I14512,28396.0,28398.0,brown,1
J810,I3319,5786.0,5788.0,brown,1
J810,I10711,21237.0,21239.0,brown,1
J810,I11671,23087.0,23089.0,brown,1
J810,I12632,24930.0,24931.0,green,1
J810,I12696,25075.0,25076.0,brown,1
J810,I13384,26331.0,26334.0,green,1
J1772,I5193,9558.0,9561.0,brown,2
J1772,I7194,13740.0,13748.0,green,2
J1772,I7448,14290.0,14298.0,green,1
J3441,I5702,10610.0,10611.0,green,1
J3441,I5830,10899.0,10903.0,green,1
J3441,I6022,11309.0,11310.0,green,1
J3441,I11134,22049.0,22061.0,green,1
J2749,I1015,1574.0,1575.0,green,1
J2749,I1175,1841.0,1842.0,brown,1
J2749,I6967,13265.0,13266.0,brown,1
J2749,I8167,15835.0,15840.0,brown,1
J2749,I8521,16606.0,16607.0,green,1
J2749,I9224,18165.0,18169.0,green,1
J4636,I9043,17785.0,17789.0,brown,4
J4636,I9427,18601.0,18606.0,green,1
J4636,I9843,19403.0,19411.0,green,1
J2236,I1643,2673.0,2674.0,brown,1
J2236,I5708,10629.0,10630.0,green,1
J2236,I5740,10704.0,10711.0,green,2
J2236,I7788,14986.0,14989.0,green,2
J3430,I10281,20297.0,20300.0,red,3
J3430,I10729,21266.0,21270.0,brown,2
J3430,I13898,27311.0,27318.0,green,1
J121,I473,689.0,690.0,brown,1
J121,I922,1420.0,1424.0,green,1
J121,I1369,2199.0,2201.0,brown,1
J121,I1882,3093.0,3095.0,green,2
J121,I1982,3262.0,3269.0,green,1
J1947,I5743,10716.0,10717.0,green,1
J1947,I5967,11167.0,11171.0,green,4
J1947,I6255,11771.0,11772.0,green,1
J1534,I7617,14654.0,14655.0,brown,1
J1534,I10625,21056.0,21059.0,brown,1
J1534,I13026,25697.0,25703.0,green,3
J1534,I14498,28367.0,28369.0,green,1
J4774,I12511,24685.0,24686.0,brown,1
J4774,I12896,25470.0,25472.0,green,1
J4774,I14624,28595.0,28596.0,green,1
J4774,I14816,28926.0,28931.0,green,3
J3666,I4172,7453.0,7454.0,brown,1
J3666,I4332,7784.0,7788.0,brown,1
J3666,I4493,8146.0,8147.0,green,1
J3666,I4749,8658.0,8663.0,green,3
J526,I285,390.0,394.0,green,2
J526,I478,696.0,697.0,green,1
J526,I638,944.0,947.0,green,2
J1776,I2545,4256.0,4257.0,brown,1
J1776,I2577,4320.0,4321.0,brown,1
J1776,I10578,20965.0,20970.0,green,1
J4563,I8538,16637.0,16646.0,green,1
J4563,I9178,18075.0,18079.0,brown,2
J4563,I10843,21496.0,21497.0,green,1
J3325,I10032,19789.0,19790.0,brown,1
J3325,I10064,19850.0,19851.0,brown,1
J3325,I10256,20253.0,20254.0,brown,1
J1917,I2210,3663.0,3666.0,green,1
J1917,I2466,4108.0,4110.0,brown,1
J1917,I2818,4772.0,4773.0,brown,1
J1917,I2882,4914.0,4916.0,brown,1
J1917,I6019,11298.0,11303.0,green,1
J1917,I10051,19823.0,19827.0,green,1
J3073,I709,1069.0,1075.0,green,1
J3073,I1029,1600.0,1602.0,brown,1
J3073,I10662,21125.0,21127.0,green,1
J3073,I11334,22461.0,22469.0,green,3
J3730,I6906,13114.0,13117.0,green,3
J3730,I6970,13270.0,13277.0,green,2
J4442,I12337,24354.0,24356.0,brown,1
J4442,I12418,24513.0,24516.0,green,1
J4442,I12578,24810.0,24814.0,green,1
J4442,I12801,25266.0,25268.0,brown,1
J3,I30,33.0,36.0,brown,1
J3,I5577,10353.0,10354.0,brown,1
J4544,I9579,18881.0,18886.0,brown,1
J4544,I13900,27319.0,27321.0,green,2
J4544,I14428,28251.0,28254.0,brown,1
J4544,I15052,29278.0,29279.0,green,1
J4544,I15180,29469.0,29471.0,green,1
J21,I3,3.0,4.0,green,1
J21,I2243,3721.0,3723.0,green,1
J3063,I7701,14809.0,14813.0,green,4
J567,I9613,18952.0,18955.0,green,1
J567,I14093,27667.0,27669.0,brown,1
J1155,I1542,2502.0,2504.0,brown,1
J1155,I4359,7847.0,7852.0,green,3
J886,I1384,2228.0,2229.0,green,1
J886,I1416,2275.0,2278.0,green,3
J886,I1864,3057.0,3059.0,green,1
J886,I4344,7815.0,7818.0,green,1
J4634,I13820,27172.0,27174.0,green,1
J4634,I14076,27642.0,27645.0,green,1
J4634,I14684,28691.0,28698.0,green,1
J2366,I6446,12147.0,12148.0,brown,1
J2366,I10190,20106.0,20110.0,green,1
J2366,I12767,25212.0,25214.0,green,1
J3775,I4103,7289.0,7290.0,brown,1
J3775,I4199,7505.0,7509.0,brown,4
J3775,I12967,25593.0,25595.0,brown,1
J199,I1095,1720.0,1722.0,green,1
J199,I4102,7288.0,7289.0,brown,1
J4886,I11028,21836.0,21839.0,red,2
J4886,I11508,22789.0,22791.0,brown,2
J4886,I11540,22864.0,22865.0,brown,1
J4886,I15028,29246.0,29247.0,brown,1
J4005,I9338,18424.0,18425.0,red,1
J4005,I9370,18496.0,18497.0,red,1
J4005,I12506,24669.0,24671.0,brown,1
J4005,I13850,27228.0,27230.0,brown,1
J4557,I4460,8075.0,8078.0,brown,1
J4557,I8461,16457.0,16463.0,green,2
J4557,I14061,27614.0,27617.0,green,2
J2558,I6602,12472.0,12474.0,green,1
J2558,I6635,12535.0,12536.0,brown,1
J2558,I6763,12816.0,12820.0,green,4
J3778,I8393,16313.0,16314.0,brown,1
J3778,I13418,26401.0,26404.0,green,2
J3778,I14546,28453.0,28455.0,green,1
J3778,I14698,28717.0,28720.0,green,2
J3228,I11944,23623.0,23629.0,green,1
J3228,I12552,24752.0,24753.0,green,1
J3228,I13736,27005.0,27007.0,brown,1
J4876,I6460,12182.0,12185.0,brown,1
J4876,I14365,28146.0,28148.0,green,1
J4876,I14525,28420.0,28422.0,green,1
J4876,I15008,29218.0,29219.0,brown,1
J1169,I3839,6792.0,6793.0,green,1
J1169,I6815,12916.0,12925.0,green,1
J1169,I7199,13756.0,13759.0,green,1
J1169,I10423,20614.0,20615.0,green,1
J3918,I6183,11625.0,11627.0,brown,2
J3918,I8520,16601.0,16606.0,green,1
J3887,I5119,9374.0,9375.0,brown,1
J3887,I12223,24172.0,24176.0,brown,1
J3887,I14112,27701.0,27706.0,green,1
J3887,I14335,28079.0,28080.0,brown,1
J3887,I14467,28316.0,28318.0,brown,1
J3887,I14511,28395.0,28396.0,brown,1
J875,I13665,26847.0,26853.0,green,1
J875,I13897,27306.0,27311.0,green,1
J875,I14049,27590.0,27593.0,green,1
J875,I14248,27926.0,27928.0,brown,1
J3602,I5993,11225.0,11234.0,green,1
J3602,I12136,24005.0,24009.0,brown,1
J152,I7703,14815.0,14816.0,brown,1
J152,I13864,27254.0,27257.0,green,2
J152,I14215,27867.0,27868.0,brown,1
J152,I14343,28094.0,28096.0,brown,1
J68,I824,1269.0,1273.0,green,1
J68,I2681,4508.0,4512.0,green,1
J68,I5461,10117.0,10126.0,green,1
J3466,I3449,6036.0,6037.0,red,1
J3466,I3545,6204.0,6205.0,brown,1
J3466,I6297,11844.0,11847.0,brown,1
J3466,I8281,16070.0,16072.0,brown,2
J3466,I8538,16637.0,16646.0,green,1
J1870,I4405,7950.0,7954.0,green,3
J1870,I6629,12522.0,12524.0,green,2
J2269,I4909,8960.0,8962.0,brown,1
J2269,I5805,10850.0,10854.0,brown,1
J2269,I9454,18646.0,18649.0,green,3
J2269,I12926,25514.0,25515.0,green,1
J1375,I3368,5884.0,5885.0,brown,1
J1375,I3400,5940.0,5942.0,brown,2
J1375,I3465,6061.0,6063.0,green,1
J1375,I7081,13513.0,13518.0,green,1
J1375,I8792,17205.0,17206.0,green,1
J2809,I4601,8352.0,8353.0,brown,1
J2809,I5625,10459.0,10461.0,brown,1
J2809,I6297,11844.0,11847.0,brown,1
J2809,I13618,26755.0,26758.0,green,2
J2564,I4488,8139.0,8140.0,brown,1
J2564,I4552,8251.0,8252.0,brown,1
J2564,I4648,8426.0,8429.0,brown,1
J2564,I4681,8507.0,8508.0,green,1
J2564,I11113,22009.0,22012.0,green,2
J3037,I7655,14716.0,14719.0,brown,1
J3037,I9320,18369.0,18373.0,green,1
J3037,I9415,18575.0,18582.0,green,1
J3037,I13287,26144.0,26145.0,brown,1
J1902,I5416,10038.0,10042.0,brown,1
J1902,I5673,10546.0,10553.0,green,1
J1902,I6024,11311.0,11313.0,brown,1
J1902,I12145,24023.0,24025.0,green,1
J151,I485,710.0,713.0,green,1
J151,I550,813.0,814.0,green,1
J151,I678,1012.0,1013.0,green,1
J151,I742,1127.0,1129.0,green,1
J151,I1365,2193.0,2196.0,brown,2
J3506,I6652,12567.0,12568.0,brown,1
J3506,I7133,13615.0,13618.0,green,2
J3506,I7645,14695.0,14698.0,green,1
J3506,I8636,16836.0,16837.0,green,1
J3506,I12029,23784.0,23790.0,green,1
J615,I8880,17415.0,17417.0,brown,1
J615,I9904,19534.0,19540.0,green,1
J615,I12247,24213.0,24218.0,green,1
J4545,I13941,27392.0,27393.0,green,1
J4545,I14021,27536.0,27541.0,green,5
J3971,I7502,14394.0,14399.0,green,1
J3971,I7629,14670.0,14671.0,brown,1
J3971,I7630,14671.0,14673.0,green,1
J3971,I7885,15219.0,15222.0,brown,2
J3971,I9934,19592.0,19594.0,green,1
J1582,I3645,6403.0,6408.0,green,3
J1300,I491,721.0,723.0,green,1
J1300,I972,1505.0,1507.0,green,1
J1300,I1099,1725.0,1726.0,green,1
J1300,I1291,2046.0,2052.0,green,1
J1300,I3951,7017.0,7018.0,green,1
J1138,I3352,5851.0,5853.0,green,2
J1138,I3417,5972.0,5976.0,green,1
J1138,I3481,6090.0,6091.0,green,1
J3908,I11487,22748.0,22754.0,green,6
J472,I1104,1735.0,1736.0,brown,1
J472,I1136,1784.0,1786.0,brown,2
J472,I11057,21889.0,21892.0,green,1
J472,I12025,23773.0,23780.0,green,1
J472,I12273,24255.0,24256.0,green,1
J2381,I875,1349.0,1350.0,green,1
J2381,I2859,4855.0,4862.0,brown,1
J2381,I6891,13074.0,13075.0,brown,1
J2885,I10232,20199.0,20204.0,green,2
J2885,I13913,27343.0,27344.0,green,1
J4383,I7601,14616.0,14618.0,brown,1
J4383,I12441,24548.0,24550.0,brown,1
J4383,I13721,26971.0,26974.0,brown,1
J2391,I4669,8474.0,8479.0,green,4
J4742,I2104,3473.0,3474.0,red,1
J4742,I2136,3535.0,3538.0,red,1
J4742,I11640,23027.0,23029.0,brown,1
J4742,I14101,27678.0,27681.0,green,1
J4742,I14502,28376.0,28377.0,brown,1
J4742,I14568,28497.0,28498.0,brown,1
J3358,I7798,15004.0,15007.0,brown,2
J3358,I8951,17565.0,17572.0,green,1
J3358,I9127,17954.0,17971.0,green,1
J1219,I5007,9163.0,9166.0,brown,2
J1219,I6576,12431.0,12436.0,green,1
J1219,I7407,14202.0,14203.0,brown,1
J3378,I12419,24516.0,24517.0,green,1
J3378,I13379,26321.0,26326.0,green,1
J3378,I14851,28988.0,28990.0,brown,2
J3378,I15043,29267.0,29269.0,green,2
J1527,I639,947.0,951.0,green,1
J1527,I1248,1976.0,1977.0,green,1
J1527,I5280,9741.0,9744.0,green,2
J1527,I5312,9805.0,9808.0,green,2
J2750,I5312,9805.0,9808.0,green,1
J2750,I5504,10204.0,10211.0,green,1
J1554,I660,981.0,982.0,green,1
J1554,I725,1095.0,1101.0,green,1
J1554,I3541,6198.0,6200.0,brown,1
J1554,I6101,11453.0,11458.0,green,1
J1554,I8149,15797.0,15800.0,green,1
J831,I1196,1879.0,1893.0,green,2
J831,I3052,5224.0,5225.0,brown,1
J831,I3276,5688.0,5690.0,brown,1
J3543,I2164,3583.0,3586.0,green,1
J3543,I2196,3640.0,3642.0,red,1
J3543,I3028,5181.0,5187.0,brown,1
J3543,I11925,23588.0,23590.0,green,1
J4130,I7322,14033.0,14039.0,green,4
J4130,I7993,15442.0,15443.0,brown,1
J4130,I9689,19100.0,19103.0,brown,1
J4358,I9144,18003.0,18004.0,green,1
J4358,I10136,20001.0,20007.0,green,1
J4358,I10680,21163.0,21167.0,brown,1
J4358,I13689,26910.0,26913.0,green,1
J4358,I15097,29339.0,29341.0,green,1
J4358,I15098,29341.0,29343.0,brown,1
J3863,I5928,11083.0,11085.0,brown,1
J3863,I13390,26346.0,26348.0,green,1
J3131,I1232,1952.0,1954.0,brown,1
J3131,I1424,2290.0,2292.0,brown,1
J3131,I7600,14614.0,14616.0,brown,1
J3131,I12705,25087.0,25090.0,green,1
J1894,I10753,21316.0,21319.0,green,3
J1894,I10841,21490.0,21492.0,green,1
J1894,I11949,23638.0,23642.0,green,2
J877,I2831,4796.0,4798.0,brown,2
J877,I4943,9020.0,9022.0,brown,1
J877,I9775,19276.0,19278.0,brown,1
J877,I9808,19339.0,19340.0,green,1
J877,I12912,25490.0,25492.0,green,1
J4001,I8922,17499.0,17501.0,brown,2
J4001,I9595,18916.0,18920.0,green,1
J4001,I10971,21724.0,21725.0,brown,1
J4001,I11451,22670.0,22673.0,brown,1
J4001,I13655,26827.0,26830.0,green,1
J3318,I10930,21645.0,21647.0,green,2
J3318,I11218,22235.0,22236.0,brown,1
J3318,I14423,28245.0,28246.0,green,1
J3318,I15139,29403.0,29404.0,green,1
J2362,I1079,1681.0,1682.0,brown,1
J2362,I1111,1744.0,1746.0,brown,1
J2362,I7032,13398.0,13407.0,green,3
J2362,I9336,18417.0,18423.0,green,1
J398,I10659,21120.0,21121.0,brown,1
J398,I11907,23555.0,23557.0,brown,2
J398,I13315,26185.0,26186.0,brown,1
J398,I14243,27916.0,27918.0,brown,1
J398,I14915,29072.0,29073.0,brown,1
J3351,I9086,17857.0,17861.0,green,1
J3351,I9470,18676.0,18677.0,brown,1
J3351,I13151,25903.0,25904.0,green,1
J2439,I6008,11268.0,11269.0,green,1
J2439,I7672,14756.0,14757.0,brown,1
J2439,I9656,19038.0,19041.0,green,2
J2439,I12440,24547.0,24548.0,brown,1
J487,I637,942.0,944.0,green,2
J1196,I2938,5012.0,5014.0,brown,2
J1196,I2970,5076.0,5078.0,green,1
J1196,I6011,11279.0,11282.0,green,1
J1196,I7963,15376.0,15379.0,green,1
J3136,I677,1011.0,1012.0,green,1
J3136,I3078,5285.0,5295.0,green,2
J1233,I852,1317.0,1318.0,brown,1
J1233,I9481,18701.0,18704.0,green,1
J1233,I10285,20311.0,20319.0,green,1
J1233,I10421,20609.0,20611.0,green,1
J3858,I3049,5218.0,5220.0,brown,1
J3858,I8489,16526.0,16529.0,brown,3
J3858,I12810,25283.0,25285.0,green,2
J871,I2834,4803.0,4804.0,green,1
J871,I5587,10378.0,10381.0,green,1
J871,I5747,10729.0,10738.0,green,1
J871,I7155,13659.0,13663.0,green,1
J871,I8147,15789.0,15795.0,green,1
J871,I9843,19403.0,19411.0,green,1
J316,I1032,1604.0,1610.0,green,1
J316,I3401,5942.0,5943.0,green,1
J316,I8437,16413.0,16414.0,green,1
J316,I9258,18235.0,18240.0,brown,1
J821,I4484,8131.0,8132.0,brown,1
J821,I4516,8182.0,8183.0,brown,1
J821,I11461,22694.0,22696.0,green,1
J4910,I10898,21595.0,21596.0,brown,1
J4910,I11731,23196.0,23200.0,green,4
J4910,I14707,28738.0,28739.0,green,1
J4247,I4966,9070.0,9074.0,brown,1
J4247,I9127,17954.0,17971.0,green,3
J4247,I12806,25276.0,25279.0,brown,1
J432,I767,1161.0,1164.0,green,2
J432,I1025,1593.0,1595.0,brown,1
J432,I1920,3153.0,3156.0,green,3
J3208,I1699,2759.0,2761.0,brown,2
J966,I1538,2493.0,2495.0,green,1
J966,I2147,3557.0,3558.0,green,1
J966,I4131,7355.0,7370.0,green,2
J966,I9883,19493.0,19495.0,brown,2
J4589,I7585,14576.0,14577.0,brown,1
J4589,I8833,17301.0,17309.0,green,3
J4589,I14633,28609.0,28611.0,brown,1
J4589,I14857,28997.0,28998.0,brown,1
J300,I8381,16282.0,16287.0,green,1
J300,I10284,20306.0,20311.0,green,1
J300,I10988,21752.0,21755.0,brown,1
J1729,I818,1254.0,1260.0,green,1
J2271,I3225,5587.0,5590.0,green,2
J2271,I3290,5728.0,5731.0,green,1
J2271,I5081,9310.0,9311.0,brown,1
J2041,I5703,10611.0,10617.0,green,1
J2041,I7015,13356.0,13364.0,green,1
J1340,I1510,2439.0,2441.0,brown,1
J1340,I7559,14525.0,14531.0,green,1
J1340,I7847,15114.0,15119.0,green,2
J1340,I8583,16725.0,16728.0,green,1
J1340,I12103,23947.0,23952.0,green,1
J1914,I3350,5848.0,5850.0,green,1
J1914,I5046,9243.0,9248.0,green,3
J1914,I8950,17562.0,17565.0,green,1
J1914,I10141,20011.0,20013.0,brown,1
J442,I1053,1640.0,1641.0,brown,1
J442,I1374,2209.0,2214.0,green,2
J1170,I1980,3257.0,3261.0,green,2
J1170,I4477,8110.0,8112.0,brown,1
J1170,I5269,9716.0,9718.0,green,1
J563,I11417,22619.0,22621.0,brown,1
J563,I11545,22869.0,22872.0,brown,1
J563,I11674,23094.0,23095.0,green,1
J563,I12562,24774.0,24776.0,green,1
J2569,I536,793.0,795.0,red,1
J2569,I7193,13739.0,13740.0,green,1
J2569,I9657,19041.0,19042.0,brown,1
J2569,I10201,20152.0,20154.0,green,1
J2569,I11193,22177.0,22178.0,brown,1
J2569,I12569,24789.0,24790.0,green,1
J61,I237,320.0,321.0,green,1
J61,I718,1086.0,1088.0,green,1
J61,I3854,6821.0,6827.0,green,1
J4978,I12844,25355.0,25356.0,green,1
J4978,I13580,26696.0,26699.0,green,1
J4978,I13964,27440.0,27441.0,green,1
J4978,I14380,28169.0,28170.0,green,1
J4978,I15244,29570.0,29571.0,green,1
J2999,I4774,8715.0,8718.0,green,1
J2999,I10942,21665.0,21667.0,green,1
J4768,I7514,14435.0,14436.0,brown,1
J4768,I7770,14948.0,14950.0,brown,2
J4768,I7802,15015.0,15016.0,brown,1
J4768,I13146,25896.0,25898.0,brown,1
J4768,I13754,27036.0,27038.0,brown,1
J3207,I7264,13896.0,13898.0,green,2
J3207,I7296,13961.0,13965.0,green,1
J3207,I8448,16432.0,16439.0,green,3
J4432,I4839,8834.0,8836.0,brown,1
J4432,I6695,12661.0,12665.0,brown,1
J4432,I11528,22834.0,22836.0,green,2
J4432,I11560,22898.0,22899.0,brown,1
J4432,I13160,25922.0,25925.0,green,1
J782,I1237,1961.0,1962.0,brown,1
J782,I4950,9040.0,9042.0,green,2
J782,I7913,15286.0,15294.0,green,2
J782,I8388,16299.0,16305.0,green,1
J4451,I13266,26112.0,26113.0,brown,1
J4451,I13555,26646.0,26648.0,green,2
J4451,I14067,27626.0,27628.0,green,2
J4451,I14747,28812.0,28814.0,green,1
J2342,I1043,1628.0,1630.0,green,2
J2342,I6004,11253.0,11263.0,green,1
J2342,I6580,12439.0,12442.0,green,1
J2342,I10668,21138.0,21139.0,green,1
J2342,I10877,21556.0,21557.0,brown,1
J4637,I6867,13025.0,13026.0,brown,1
J4637,I7091,13533.0,13534.0,brown,1
J4637,I12531,24719.0,24720.0,brown,1
J4637,I15060,29287.0,29289.0,green,2
J211,I5278,9737.0,9739.0,green,1
J211,I10686,21179.0,21181.0,green,2
J2371,I10578,20965.0,20970.0,green,2
J2371,I11417,22619.0,22621.0,brown,1
J3832,I10125,19984.0,19985.0,red,1
J3832,I10253,20249.0,20250.0,red,1
J3832,I10381,20525.0,20526.0,red,1
J3832,I10893,21588.0,21589.0,brown,1
J3832,I13102,25823.0,25827.0,green,1
J3832,I14126,27724.0,27726.0,green,1
J2434,I4113,7320.0,7321.0,brown,1
J2434,I4177,7460.0,7461.0,green,1
J2434,I4401,7942.0,7943.0,brown,1
J2434,I8050,15561.0,15566.0,green,1
J2434,I10994,21763.0,21764.0,green,1
J4875,I14111,27699.0,27701.0,green,1
J4875,I14815,28925.0,28926.0,green,1
J4875,I14847,28980.0,28981.0,brown,1
J4875,I14911,29067.0,29068.0,brown,1
J4875,I15007,29216.0,29218.0,green,1
J4875,I15103,29347.0,29348.0,brown,1
J289,I530,784.0,786.0,green,1
J289,I5683,10576.0,10577.0,green,1
J1119,I229,306.0,309.0,green,2
J1119,I293,405.0,406.0,green,1
J1119,I5542,10282.0,10287.0,green,1
J1119,I6219,11687.0,11689.0,green,1
J1119,I6318,11886.0,11887.0,green,1
J2156,I827,1275.0,1276.0,green,1
J2156,I891,1377.0,1378.0,brown,1
J2156,I923,1424.0,1425.0,green,1
J2156,I1083,1693.0,1701.0,green,1
J2156,I9484,18707.0,18713.0,green,1
J2272,I3443,6018.0,6025.0,green,1
J2272,I5491,10180.0,10182.0,brown,1
J2272,I6356,11973.0,11976.0,green,1
J2272,I6580,12439.0,12442.0,green,1
J4373,I12868,25401.0,25404.0,green,3
J4373,I13156,25915.0,25919.0,green,3
J1822,I5531,10257.0,10259.0,brown,2
J1822,I8476,16493.0,16497.0,green,1
J1822,I11236,22274.0,22278.0,green,1
J1822,I12052,23855.0,23859.0,green,1
J1822,I12092,23932.0,23933.0,green,1
J2275,I9650,19026.0,19029.0,green,1
J2275,I10929,21643.0,21645.0,brown,1
J2275,I11153,22094.0,22095.0,brown,1
J1617,I3748,6610.0,6611.0,green,1
J1617,I7540,14488.0,14489.0,green,1
J1030,I312,433.0,435.0,green,1
J1030,I1944,3197.0,3199.0,brown,2
J1030,I6521,12315.0,12316.0,green,1
J1030,I11289,22369.0,22371.0,green,1
J1030,I11821,23387.0,23389.0,green,1
J1237,I1422,2286.0,2289.0,brown,1
J1237,I2318,3854.0,3856.0,brown,1
J1237,I4111,7300.0,7314.0,green,2
J1237,I8495,16540.0,16544.0,green,2
J350,I1322,2109.0,2111.0,brown,1
J350,I5258,9702.0,9703.0,brown,1
J350,I9258,18235.0,18240.0,brown,1
J350,I13226,26037.0,26038.0,brown,1
J475,I370,528.0,531.0,red,1
J475,I11188,22162.0,22164.0,green,1
J475,I12083,23916.0,23919.0,green,1
J475,I12403,24474.0,24478.0,green,1
J475,I15091,29330.0,29331.0,green,1
J475,I15189,29482.0,29483.0,brown,1
J641,I1689,2742.0,2744.0,red,1
J641,I14681,28683.0,28686.0,brown,2
J641,I14937,29107.0,29109.0,brown,1
J767,I167,218.0,222.0,green,1
J767,I5959,11140.0,11144.0,green,4
J2238,I5867,10967.0,10968.0,red,1
J2238,I5931,11088.0,11089.0,red,1
J2238,I11147,22082.0,22084.0,brown,1
J2238,I13803,27138.0,27139.0,brown,1
J2238,I14220,27874.0,27879.0,green,2
J3624,I8840,17320.0,17322.0,green,1
J3624,I8920,17493.0,17498.0,green,2
J3624,I10312,20392.0,20401.0,green,1
J4401,I8466,16471.0,16473.0,green,2
J4401,I8498,16547.0,16550.0,green,1
J4401,I9554,18837.0,18839.0,green,1
J4401,I9778,19283.0,19284.0,brown,1
J2380,I4543,8226.0,8229.0,brown,2
J2380,I7712,14831.0,14835.0,green,1
J2380,I12464,24596.0,24598.0,green,1
J2380,I12642,24948.0,24953.0,green,2
J389,I1351,2174.0,2175.0,green,1
J389,I2216,3676.0,3678.0,green,1
J389,I2408,4008.0,4010.0,green,2
J389,I4133,7372.0,7376.0,green,1
J389,I4376,7887.0,7893.0,green,1
J4003,I6997,13325.0,13326.0,brown,1
J4003,I7413,14212.0,14216.0,brown,2
J4012,I13000,25651.0,25657.0,green,3
J4012,I14416,28230.0,28231.0,green,1
J4012,I14832,28960.0,28964.0,green,1
J2803,I7735,14880.0,14883.0,red,1
J2803,I9912,19550.0,19552.0,green,1
J2803,I14664,28654.0,28655.0,brown,1
J2129,I8120,15738.0,15740.0,brown,1
J2129,I10105,19931.0,19941.0,green,2
J2129,I11064,21900.0,21902.0,brown,1
J3997,I7004,13339.0,13340.0,brown,1
J3997,I7036,13410.0,13411.0,brown,1
J3997,I7037,13411.0,13415.0,green,2
J3518,I4857,8864.0,8865.0,green,1
J3518,I5657,10515.0,10519.0,green,1
J3518,I10105,19931.0,19941.0,green,1
J3518,I10561,20935.0,20937.0,green,1
J2259,I5256,9699.0,9701.0,green,2
J2259,I5320,9821.0,9824.0,green,3
J2259,I5896,11023.0,11027.0,green,1
J1790,I1758,2852.0,2854.0,green,1
J1790,I3262,5656.0,5661.0,green,3
J2993,I8347,16225.0,16226.0,green,1
J2993,I8379,16279.0,16280.0,green,1
J2993,I8539,16646.0,16647.0,green,1
J2993,I8957,17582.0,17584.0,brown,1
J2993,I9115,17922.0,17929.0,green,1
J907,I796,1217.0,1218.0,green,1
J907,I4188,7479.0,7480.0,brown,1
J907,I10429,20625.0,20627.0,green,2
J3403,I2914,4973.0,4974.0,brown,1
J3403,I9282,18279.0,18282.0,brown,1
J3403,I9474,18682.0,18689.0,green,1
J929,I3457,6050.0,6052.0,brown,1
J929,I5154,9469.0,9471.0,green,1
J1411,I2788,4718.0,4721.0,green,2
J1411,I2949,5035.0,5037.0,green,2
J1411,I3077,5283.0,5285.0,green,1
J4970,I13721,26971.0,26974.0,brown,1
J4970,I14714,28750.0,28753.0,green,2
J4970,I15258,29590.0,29591.0,green,1
J4970,I15386,29775.0,29777.0,green,1
J1550,I262,358.0,361.0,green,1
J1550,I582,862.0,864.0,brown,1
J1550,I3046,5213.0,5214.0,brown,1
J1550,I7111,13568.0,13570.0,green,1
J1550,I9321,18373.0,18381.0,green,2
J2232,I3011,5146.0,5148.0,green,1
J2232,I3139,5411.0,5413.0,brown,1
J2232,I3364,5876.0,5879.0,green,1
J2232,I10072,19867.0,19869.0,green,1
J2232,I10084,19889.0,19893.0,green,1
J2232,I11075,21920.0,21922.0,brown,1
J1808,I5467,10135.0,10136.0,brown,1
J1808,I5500,10198.0,10199.0,green,1
J1808,I5596,10402.0,10405.0,green,2
J1808,I5916,11065.0,11066.0,green,1
J2119,I3195,5530.0,5532.0,brown,1
J2119,I3259,5651.0,5652.0,brown,1
J2119,I10012,19744.0,19748.0,green,1
J2119,I10396,20558.0,20559.0,green,1
J2119,I11100,21972.0,21980.0,green,1
J2119,I11524,22821.0,22822.0,green,1
J186,I68,77.0,78.0,red,1
J186,I12709,25095.0,25097.0,green,1
J186,I14677,28676.0,28679.0,green,1
J2891,I3202,5543.0,5544.0,green,1
J2891,I3234,5602.0,5603.0,brown,1
J2891,I3458,6052.0,6053.0,brown,1
J2891,I4962,9064.0,9065.0,brown,1
J2891,I7522,14449.0,14452.0,brown,1
J4275,I7728,14865.0,14866.0,brown,1
J4275,I9393,18535.0,18536.0,green,1
J4275,I12737,25160.0,25161.0,green,1
J4275,I12825,25314.0,25323.0,green,1
J4275,I13537,26617.0,26619.0,green,1
J1574,I2960,5057.0,5060.0,green,1
J1574,I5969,11172.0,11175.0,green,1
J1574,I6161,11577.0,11579.0,green,1
J1574,I8305,16129.0,16134.0,green,2
J1574,I8465,16469.0,16471.0,green,1
J1991,I5428,10064.0,10067.0,green,1
J1991,I8404,16337.0,16342.0,green,1
J1991,I8628,16817.0,16820.0,green,2
J1991,I12243,24204.0,24206.0,brown,1
J22,I45,51.0,52.0,green,1
J22,I77,91.0,92.0,green,1
J22,I142,184.0,187.0,green,1
J22,I238,321.0,323.0,green,1
J22,I2990,5110.0,5111.0,green,1
J3616,I9270,18255.0,18256.0,brown,1
J3616,I10887,21572.0,21581.0,green,2
J3616,I12342,24362.0,24363.0,brown,1
J602,I11959,23654.0,23655.0,green,1
J602,I11991,23712.0,23714.0,green,1
J4600,I11000,21773.0,21776.0,green,1
J4600,I11031,21843.0,21846.0,red,1
J4600,I11096,21962.0,21964.0,green,1
J4600,I13988,27478.0,27481.0,green,2
J4122,I4637,8409.0,8411.0,brown,2
J4122,I5853,10942.0,10944.0,brown,2
J4122,I12270,24251.0,24253.0,green,1
J4122,I13789,27107.0,27109.0,brown,1
J4221,I10776,21358.0,21360.0,green,1
J4221,I10839,21483.0,21485.0,red,1
J4221,I11128,22037.0,22041.0,green,1
J4221,I13531,26608.0,26610.0,brown,1
J1389,I1016,1575.0,1576.0,green,1
J1389,I6105,11463.0,11469.0,green,2
J1389,I10393,20554.0,20556.0,green,1
J1389,I10969,21722.0,21723.0,green,1
J1389,I11261,22323.0,22327.0,brown,1
J726,I711,1076.0,1078.0,green,1
J726,I743,1129.0,1130.0,brown,1
J726,I935,1440.0,1441.0,brown,1
J726,I4135,7379.0,7381.0,green,1
J726,I6471,12210.0,12212.0,brown,1
J726,I6811,12911.0,12913.0,green,1
J427,I10479,20747.0,20752.0,green,1
J427,I12215,24162.0,24163.0,green,1
J427,I12335,24351.0,24352.0,green,1
J3762,I10261,20261.0,20262.0,red,1
J3762,I10294,20344.0,20347.0,green,3
J3762,I13303,26166.0,26167.0,brown,1
J209,I418,606.0,607.0,green,1
J209,I868,1341.0,1342.0,brown,1
J209,I2453,4086.0,4089.0,brown,2
J209,I2708,4549.0,4550.0,brown,1
J209,I2844,4820.0,4825.0,brown,1
J3845,I9531,18794.0,18795.0,green,1
J3845,I9627,18986.0,18991.0,green,1
J3845,I9659,19043.0,19044.0,brown,1
J4010,I5107,9355.0,9357.0,brown,1
J4010,I8275,16060.0,16061.0,brown,1
J4010,I12020,23767.0,23768.0,green,1
J4010,I12148,24029.0,24030.0,brown,1
J3833,I10271,20274.0,20275.0,green,1
J3833,I10431,20629.0,20633.0,brown,1
J3833,I11103,21984.0,21986.0,brown,2
J3833,I11743,23221.0,23223.0,brown,1
J3833,I12847,25359.0,25361.0,green,1
J1388,I3276,5688.0,5690.0,brown,1
J1388,I10925,21637.0,21638.0,green,1
J1388,I13613,26745.0,26746.0,brown,1
J1388,I13741,27013.0,27015.0,green,1
J1388,I13789,27107.0,27109.0,brown,1
J1660,I7860,15150.0,15151.0,brown,1
J1660,I9876,19477.0,19479.0,brown,1
J1660,I13093,25808.0,25810.0,green,2
J1660,I15393,29784.0,29785.0,brown,1
J1660,I15413,29813.0,29814.0,green,1
J2961,I740,1120.0,1125.0,green,1
J2961,I10660,21121.0,21124.0,brown,1
J2961,I11109,21994.0,22003.0,green,2
J1132,I663,984.0,986.0,green,1
J1132,I664,986.0,989.0,green,1
J1132,I727,1102.0,1103.0,green,1
J1132,I4360,7852.0,7854.0,brown,1
J1132,I5201,9576.0,9579.0,green,1
J4751,I1368,2198.0,2199.0,red,1
J4751,I12056,23864.0,23866.0,brown,1
J4751,I13977,27462.0,27463.0,green,1
J4751,I14233,27900.0,27904.0,green,1
J4751,I14453,28289.0,28290.0,green,1
J3204,I4977,9098.0,9099.0,brown,1
J3204,I9714,19153.0,19154.0,green,1
J3204,I9938,19598.0,19601.0,green,2
J2931,I7634,14678.0,14679.0,brown,1
J2931,I8082,15648.0,15651.0,brown,1
J2931,I11474,22725.0,22728.0,green,1
J1875,I1155,1810.0,1811.0,green,1
J1875,I1411,2270.0,2271.0,brown,1
J1875,I1764,2862.0,2863.0,green,1
J1875,I1796,2928.0,2930.0,green,1
J1875,I7020,13369.0,13374.0,green,1
J1875,I7160,13673.0,13675.0,green,1
J3246,I10929,21643.0,21645.0,brown,1
J3246,I11934,23603.0,23606.0,green,3
J4152,I11708,23157.0,23160.0,brown,3
J4152,I13765,27052.0,27054.0,green,2
J4152,I13781,27091.0,27095.0,green,1
J1638,I6129,11511.0,11515.0,green,3
J242,I9800,19321.0,19322.0,green,1
J242,I10696,21192.0,21193.0,green,1
J4318,I8591,16745.0,16746.0,green,1
J4318,I8815,17252.0,17255.0,green,1
J4318,I11471,22716.0,22721.0,green,1
J1476,I2806,4750.0,4752.0,green,2
J1777,I5304,9790.0,9792.0,green,1
J1777,I5336,9862.0,9864.0,green,2
J1777,I5464,10131.0,10132.0,green,1
J1791,I3171,5486.0,5489.0,green,3
J1791,I3427,5990.0,5994.0,green,1
J1434,I2937,5010.0,5012.0,brown,2
J1434,I3194,5529.0,5530.0,red,1
J1434,I5753,10748.0,10750.0,brown,1
J2834,I5488,10177.0,10178.0,green,1
J2834,I5520,10236.0,10237.0,green,1
J2834,I5585,10374.0,10375.0,brown,1
J2834,I5648,10500.0,10502.0,green,1
J2834,I5680,10568.0,10570.0,green,2
J3738,I10988,21752.0,21755.0,brown,1
J3738,I10989,21755.0,21757.0,green,2
J1387,I3200,5539.0,5542.0,green,1
J4748,I10033,19790.0,19792.0,green,1
J4748,I15090,29327.0,29330.0,green,2
J4748,I15511,29952.0,29953.0,brown,1
J562,I1714,2783.0,2787.0,brown,1
J562,I3346,5839.0,5842.0,brown,1
J562,I11570,22914.0,22916.0,brown,1
J562,I13072,25778.0,25780.0,green,1
J4973,I9758,19240.0,19248.0,green,1
J4973,I13439,26446.0,26448.0,green,1
J4973,I15460,29880.0,29881.0,green,1
J4973,I15486,29919.0,29920.0,green,1
J4973,I15490,29923.0,29924.0,green,1
J2429,I3192,5523.0,5528.0,green,2
J2429,I7032,13398.0,13407.0,green,1
J4926,I10131,19991.0,19993.0,green,1
J4926,I13620,26759.0,26760.0,green,1
J4926,I15348,29717.0,29719.0,green,1
J2997,I11539,22854.0,22864.0,green,1
J2997,I11634,23019.0,23021.0,brown,1
J2997,I13458,26490.0,26492.0,brown,1
J2997,I13843,27214.0,27216.0,green,1
J495,I1427,2297.0,2299.0,green,1
J495,I3220,5576.0,5580.0,green,1
J495,I4756,8678.0,8682.0,green,2
J495,I11091,21953.0,21956.0,brown,1
J182,I505,742.0,743.0,green,1
J182,I2202,3650.0,3651.0,green,1
J182,I4890,8928.0,8932.0,green,4
J2390,I5476,10153.0,10154.0,green,1
J2390,I5733,10680.0,10688.0,green,1
J2390,I11149,22087.0,22088.0,green,1
J3652,I10526,20871.0,20873.0,red,2
J3652,I10527,20873.0,20878.0,green,1
J3652,I11102,21982.0,21984.0,brown,1
J3652,I11454,22680.0,22683.0,brown,1
J548,I427,622.0,624.0,green,1
J548,I8747,17088.0,17093.0,brown,1
J548,I11563,22901.0,22902.0,brown,1
J548,I11899,23541.0,23542.0,brown,1
J548,I12332,24343.0,24348.0,green,2
J3817,I3909,6933.0,6935.0,brown,1
J3817,I7814,15040.0,15041.0,green,1
J3817,I9094,17871.0,17880.0,green,3
J3817,I10598,21009.0,21013.0,green,1
J3495,I2843,4818.0,4820.0,brown,2
J3495,I3003,5136.0,5137.0,brown,1
J3495,I3035,5198.0,5199.0,brown,1
J3495,I12507,24671.0,24680.0,green,1
J2813,I5051,9257.0,9258.0,green,1
J2813,I6683,12641.0,12642.0,green,1
J2813,I7899,15245.0,15248.0,green,1
J2813,I7963,15376.0,15379.0,green,1
J2813,I9707,19138.0,19141.0,green,1
J2824,I2748,4631.0,4632.0,brown,1
J2824,I5213,9601.0,9603.0,green,1
J2824,I5341,9869.0,9870.0,green,1
J2824,I7005,13340.0,13342.0,brown,2
J2824,I8669,16917.0,16918.0,green,1
J3209,I7232,13826.0,13828.0,red,1
J3209,I7776,14966.0,14968.0,brown,1
J3209,I7808,15027.0,15028.0,brown,1
J3209,I9568,18864.0,18866.0,brown,1
J3209,I10112,19954.0,19956.0,brown,1
J3594,I7569,14546.0,14552.0,green,5
J2247,I7008,13345.0,13346.0,red,1
J2247,I7136,13621.0,13624.0,brown,1
J2247,I7233,13828.0,13830.0,green,1
J2247,I8256,16031.0,16033.0,brown,1
J2247,I9632,18999.0,19000.0,brown,1
J3205,I7291,13952.0,13954.0,red,1
J3205,I12539,24732.0,24733.0,green,1
J3205,I13596,26719.0,26720.0,green,1
J3205,I15140,29404.0,29406.0,green,2
J3205,I15201,29499.0,29500.0,brown,1
J3498,I2841,4814.0,4816.0,brown,1
J3498,I9849,19433.0,19434.0,brown,1
J3498,I11865,23485.0,23486.0,brown,1
J3498,I14445,28276.0,28277.0,brown,1
J4426,I12579,24814.0,24816.0,green,1
J4426,I12707,25091.0,25093.0,green,2
J4426,I12835,25336.0,25341.0,brown,2
J973,I832,1288.0,1291.0,green,1
J973,I928,1432.0,1433.0,brown,1
J973,I1376,2215.0,2216.0,brown,1
J4788,I8592,16746.0,16751.0,green,1
J4788,I14544,28450.0,28451.0,brown,1
J4788,I14672,28669.0,28671.0,brown,1
J4788,I14736,28784.0,28787.0,brown,2
J4471,I12355,24384.0,24386.0,green,1
J4471,I14842,28975.0,28976.0,brown,1
J1246,I4381,7903.0,7906.0,green,3
J1246,I5405,10008.0,10017.0,green,2
J912,I1108,1741.0,1742.0,green,1
J912,I3765,6639.0,6646.0,green,1
J4574,I11912,23564.0,23567.0,brown,1
J4574,I12265,24243.0,24244.0,green,1
J4574,I12297,24287.0,24289.0,brown,1
J4574,I14729,28773.0,28775.0,brown,1
J3179,I2893,4935.0,4937.0,brown,2
J3179,I13358,26280.0,26284.0,green,1
J26,I6880,13051.0,13054.0,brown,1
J26,I11713,23166.0,23168.0,green,1
J26,I14165,27792.0,27793.0,green,1
J1725,I2875,4893.0,4894.0,green,1
J1725,I2907,4960.0,4963.0,green,3
J1725,I6331,11912.0,11920.0,green,1
J1725,I7320,14018.0,14032.0,green,1
J1868,I2773,4682.0,4685.0,green,1
J1868,I2997,5123.0,5125.0,green,1
J1868,I3061,5246.0,5248.0,green,1
J1868,I3189,5519.0,5521.0,green,1
J1868,I6038,11344.0,11345.0,brown,1
J1868,I6085,11422.0,11430.0,green,1
J1217,I1187,1856.0,1866.0,green,3
J1217,I1251,1983.0,1985.0,green,1
J1217,I1379,2220.0,2222.0,green,1
J1217,I2179,3614.0,3615.0,brown,1
J4365,I12332,24343.0,24348.0,green,1
J4365,I12620,24904.0,24909.0,green,2
J4365,I13804,27139.0,27146.0,green,2
J1944,I6204,11656.0,11658.0,green,2
J1944,I6236,11727.0,11729.0,green,2
J1312,I1128,1772.0,1773.0,green,1
J1312,I1513,2444.0,2445.0,green,1
J1312,I4713,8565.0,8571.0,green,2
J1312,I5453,10103.0,10104.0,green,1
J1588,I3236,5604.0,5606.0,brown,1
J1588,I8069,15603.0,15614.0,green,2
J4317,I12845,25356.0,25357.0,green,1
J4317,I12941,25539.0,25547.0,green,2
J4317,I13005,25663.0,25665.0,brown,1
J4317,I14509,28391.0,28393.0,green,1
J91,I215,287.0,288.0,green,1
J91,I2711,4553.0,4555.0,green,1
J91,I3767,6648.0,6649.0,green,1
J91,I5400,9998.0,9999.0,brown,1
J91,I5735,10691.0,10692.0,green,1
J343,I61,70.0,71.0,green,1
J343,I93,118.0,119.0,green,1
J343,I1469,2366.0,2367.0,green,1
J343,I4767,8700.0,8702.0,brown,1
J4701,I10350,20477.0,20478.0,red,1
J4701,I10414,20595.0,20597.0,brown,1
J4701,I14351,28109.0,28112.0,green,1
J4701,I15231,29545.0,29550.0,green,1
J4701,I15247,29573.0,29574.0,green,1
J4346,I10187,20099.0,20101.0,green,1
J4346,I10347,20473.0,20474.0,brown,1
J4346,I11243,22291.0,22293.0,brown,1
J4346,I12491,24641.0,24644.0,brown,1
J4346,I12555,24759.0,24760.0,brown,1
J4346,I12812,25288.0,25294.0,green,1
J2188,I14629,28600.0,28603.0,green,1
J2188,I14853,28991.0,28993.0,green,2
J2188,I14917,29075.0,29076.0,brown,1
J3502,I6267,11790.0,11792.0,green,1
J3502,I7067,13477.0,13480.0,green,1
J3502,I9307,18346.0,18347.0,green,1
J3502,I9467,18669.0,18671.0,brown,1
J4800,I10525,20869.0,20871.0,red,2
J4800,I11198,22185.0,22187.0,brown,1
J4800,I14622,28591.0,28593.0,brown,2
J3145,I8431,16400.0,16402.0,green,2
J3145,I9103,17896.0,17898.0,brown,1
J3145,I9231,18182.0,18184.0,brown,1
J1054,I1189,1867.0,1868.0,green,1
J1054,I4486,8133.0,8138.0,green,2
J3906,I10122,19978.0,19980.0,red,1
J3906,I11786,23309.0,23310.0,brown,1
J3906,I13035,25722.0,25723.0,green,1
J4127,I5240,9666.0,9668.0,brown,1
J4127,I12825,25314.0,25323.0,green,2
J1958,I6550,12371.0,12373.0,brown,2
J1958,I10311,20383.0,20392.0,green,4
J2615,I2641,4429.0,4431.0,brown,1
J2615,I6098,11444.0,11451.0,green,1
J2615,I7538,14479.0,14483.0,green,2
J3950,I10017,19759.0,19760.0,green,1
J3950,I10177,20075.0,20077.0,brown,2
J3950,I12361,24394.0,24396.0,green,2
J3875,I5455,10108.0,10110.0,brown,2
J3875,I5775,10795.0,10797.0,brown,2
J3875,I11808,23359.0,23360.0,green,1
J521,I228,304.0,306.0,green,1
J521,I229,306.0,309.0,green,1
J521,I261,356.0,358.0,green,2
J521,I422,610.0,614.0,green,1
J521,I709,1069.0,1075.0,green,1
J1334,I13769,27059.0,27061.0,brown,1
J1334,I13946,27399.0,27413.0,green,3
J1334,I14066,27624.0,27626.0,green,1
J1334,I14282,27984.0,27986.0,green,1
J1173,I1637,2666.0,2667.0,green,1
J1173,I1733,2818.0,2819.0,green,1
J1173,I2469,4115.0,4116.0,green,1
J1173,I6757,12802.0,12807.0,green,1
J1173,I7352,14092.0,14099.0,green,1
J1173,I7448,14290.0,14298.0,green,1
J1121,I1750,2839.0,2840.0,green,1
J1121,I3735,6579.0,6585.0,green,1
J669,I2254,3738.0,3741.0,green,1
J669,I2255,3741.0,3744.0,green,2
J669,I2383,3959.0,3960.0,green,1
J669,I2799,4736.0,4739.0,green,1
J669,I2863,4871.0,4872.0,green,1
J1439,I5484,10166.0,10170.0,green,1
J1439,I7244,13861.0,13867.0,green,3
J1439,I10636,21076.0,21077.0,green,1
J1439,I11148,22084.0,22087.0,green,1
J3192,I8135,15769.0,15771.0,green,1
J3192,I8166,15834.0,15835.0,brown,1
J517,I9025,17753.0,17756.0,brown,2
J517,I9298,18318.0,18319.0,green,1
J2873,I8585,16735.0,16738.0,green,3
J823,I2292,3812.0,3813.0,green,1
J823,I2293,3813.0,3814.0,green,1
J823,I8053,15569.0,15573.0,green,2
J823,I8597,16757.0,16760.0,green,2
J178,I618,915.0,920.0,green,1
J178,I3115,5361.0,5362.0,green,1
J3161,I8324,16168.0,16169.0,brown,1
J3161,I8548,16669.0,16670.0,brown,1
J4202,I11815,23378.0,23380.0,green,2
J4202,I12103,23947.0,23952.0,green,1
J3235,I2980,5091.0,5095.0,brown,1
J3235,I3941,6997.0,6998.0,green,1
J3235,I5893,11015.0,11020.0,green,2
J3235,I11241,22288.0,22289.0,green,1
J3931,I3998,7100.0,7101.0,green,1
J3931,I4158,7419.0,7425.0,green,1
J3931,I10110,19950.0,19952.0,brown,1
J3931,I11870,23491.0,23492.0,brown,1
J4981,I12780,25228.0,25230.0,brown,1
J4981,I13101,25819.0,25823.0,green,2
J4981,I14541,28447.0,28448.0,green,1
J3460,I439,641.0,643.0,red,1
J3460,I14024,27543.0,27549.0,green,1
J3460,I14039,27572.0,27574.0,brown,1
J3497,I4997,9133.0,9135.0,green,2
J3497,I8197,15891.0,15895.0,green,1
J3497,I10533,20891.0,20892.0,green,1
J3497,I10534,20892.0,20894.0,brown,1
J3497,I10949,21679.0,21681.0,green,1
J4387,I12368,24408.0,24409.0,red,1
J4387,I12656,24993.0,24996.0,brown,1
J4387,I12688,25061.0,25063.0,red,1
J4387,I13617,26750.0,26755.0,green,1
J4197,I10963,21711.0,21714.0,green,3
J4197,I11283,22360.0,22361.0,green,1
J732,I911,1406.0,1408.0,green,2
J732,I943,1453.0,1455.0,brown,1
J732,I4111,7300.0,7314.0,green,2
J4158,I10831,21463.0,21468.0,red,1
J4158,I10991,21758.0,21761.0,green,1
J4158,I13487,26538.0,26539.0,brown,1
J4158,I13531,26608.0,26610.0,brown,1
J1399,I1270,2015.0,2016.0,green,1
J1399,I1366,2196.0,2197.0,brown,1
J1399,I1526,2472.0,2473.0,brown,1
J1399,I8135,15769.0,15771.0,green,1
J1399,I8583,16725.0,16728.0,green,1
J1399,I9321,18373.0,18381.0,green,1
J3890,I4733,8616.0,8618.0,brown,1
J3890,I9758,19240.0,19248.0,green,2
J3890,I14653,28640.0,28641.0,brown,1
J3890,I14701,28722.0,28724.0,brown,1
J200,I267,366.0,367.0,brown,1
J200,I10444,20661.0,20672.0,green,2
J200,I11660,23064.0,23067.0,green,2
J200,I12428,24528.0,24529.0,green,1
J1916,I14033,27563.0,27565.0,green,1
J1916,I14897,29049.0,29051.0,green,1
J1916,I15345,29714.0,29715.0,green,1
J1916,I15377,29763.0,29764.0,green,1
J1916,I15409,29808.0,29810.0,green,1
J1916,I15473,29896.0,29901.0,green,1
J3270,I6222,11693.0,11700.0,green,3
J3270,I11822,23389.0,23395.0,green,1
J3270,I12301,24292.0,24294.0,brown,1
J3099,I2575,4315.0,4317.0,brown,2
J3099,I13872,27267.0,27268.0,green,1
J3348,I4548,8243.0,8245.0,green,1
J3348,I4579,8305.0,8309.0,brown,1
J3348,I6020,11303.0,11307.0,green,1
J3348,I10820,21438.0,21439.0,green,1
J255,I795,1216.0,1217.0,green,1
J255,I2523,4218.0,4224.0,green,1
J255,I2939,5014.0,5020.0,green,1
J255,I6331,11912.0,11920.0,green,2
J1504,I4108,7296.0,7297.0,green,1
J1504,I4269,7635.0,7639.0,green,3
J1504,I4525,8197.0,8198.0,green,1
J1504,I4957,9051.0,9053.0,brown,1
J1384,I3284,5719.0,5720.0,green,1
J1384,I3444,6025.0,6027.0,green,2
J1384,I3508,6141.0,6142.0,green,1
J1384,I4630,8401.0,8402.0,brown,1
J1384,I6004,11253.0,11263.0,green,1
J2693,I5806,10854.0,10857.0,brown,1
J2693,I8975,17621.0,17626.0,green,2
J2693,I10479,20747.0,20752.0,green,1
J4462,I1635,2661.0,2664.0,red,1
J4462,I12387,24442.0,24443.0,brown,1
J4462,I12483,24628.0,24629.0,brown,1
J4462,I13027,25703.0,25705.0,brown,1
J4462,I13636,26785.0,26789.0,green,1
J4462,I14819,28934.0,28937.0,brown,1
J2816,I3167,5474.0,5475.0,green,1
J2816,I8903,17460.0,17463.0,green,2
J3496,I1848,3021.0,3022.0,green,1
J3496,I1912,3142.0,3143.0,green,1
J3496,I5721,10657.0,10660.0,green,1
J3496,I8089,15662.0,15665.0,green,1
J3496,I10105,19931.0,19941.0,green,1
J3496,I10777,21360.0,21362.0,green,1
J1281,I4315,7750.0,7754.0,green,1
J1281,I6011,11279.0,11282.0,green,1
J2378,I3390,5927.0,5928.0,green,1
J2378,I3518,6156.0,6160.0,green,3
J2378,I6206,11660.0,11662.0,green,1
J2378,I11134,22049.0,22061.0,green,1
J3294,I9368,18492.0,18495.0,brown,2
J3294,I9464,18665.0,18666.0,brown,1
J3294,I14393,28187.0,28192.0,green,1
J3294,I15001,29208.0,29210.0,green,2
J536,I1624,2645.0,2646.0,red,1
J536,I9913,19552.0,19553.0,green,1
J536,I12889,25452.0,25453.0,brown,1
J536,I14253,27936.0,27938.0,brown,1
J93,I11300,22392.0,22393.0,brown,1
J93,I11876,23500.0,23502.0,brown,1
J93,I12485,24631.0,24632.0,green,1
J93,I12805,25275.0,25276.0,brown,1
J93,I12965,25589.0,25591.0,brown,1
J93,I14661,28651.0,28652.0,green,1
J3819,I11987,23706.0,23707.0,green,1
J3819,I12019,23766.0,23767.0,green,1
J3819,I15283,29628.0,29629.0,green,1
J3747,I7449,14298.0,14299.0,red,1
J3747,I10554,20924.0,20925.0,green,1
J3747,I12890,25453.0,25458.0,brown,2
J1614,I4837,8831.0,8832.0,brown,1
J1614,I6406,12070.0,12074.0,green,2
J1614,I10566,20942.0,20949.0,green,1
J1614,I12070,23894.0,23898.0,green,1
J4232,I11547,22874.0,22875.0,brown,1
J4232,I11676,23096.0,23098.0,green,1
J4232,I12188,24109.0,24111.0,green,1
J1402,I8294,16092.0,16099.0,green,1
J1402,I13799,27127.0,27131.0,green,1
J1795,I4454,8060.0,8061.0,green,1
J1795,I4486,8133.0,8138.0,green,1
J1795,I4742,8639.0,8645.0,green,1
J1795,I4806,8770.0,8773.0,green,2
J1795,I7494,14381.0,14383.0,green,1
J1484,I876,1350.0,1352.0,green,1
J1484,I2540,4247.0,4249.0,brown,2
J1484,I7181,13709.0,13713.0,green,2
J1484,I11797,23333.0,23341.0,green,1
J2016,I3128,5382.0,5390.0,green,1
J2016,I6488,12248.0,12249.0,green,1
J4613,I10593,20992.0,20994.0,green,1
J4613,I13730,26987.0,26990.0,green,2
J2587,I8129,15751.0,15755.0,brown,1
J2587,I9057,17810.0,17814.0,green,2
J2587,I9569,18866.0,18868.0,green,1
J2587,I11041,21862.0,21865.0,brown,1
J2587,I13954,27423.0,27427.0,green,1
J4675,I12458,24583.0,24586.0,brown,1
J4675,I14986,29187.0,29188.0,brown,1
J4675,I15115,29370.0,29372.0,green,1
J4675,I15183,29474.0,29476.0,green,2
J1615,I826,1274.0,1275.0,brown,1
J1615,I1946,3202.0,3205.0,brown,1
J310,I5132,9396.0,9401.0,green,1
J1164,I2969,5074.0,5076.0,green,2
J1164,I3001,5128.0,5135.0,green,1
J1164,I4399,7938.0,7941.0,green,1
J3059,I3530,6175.0,6177.0,brown,2
J3059,I7722,14853.0,14855.0,brown,1
J3059,I12587,24832.0,24837.0,green,1
J3059,I13302,26163.0,26166.0,brown,1
J3059,I13355,26267.0,26275.0,green,1
J4522,I10475,20736.0,20739.0,brown,3
J4522,I10507,20835.0,20838.0,brown,2
J4522,I11147,22082.0,22084.0,brown,1
J2677,I3901,6918.0,6922.0,green,2
J2677,I7261,13890.0,13893.0,green,2
J2677,I9533,18797.0,18799.0,green,2
J3564,I5408,10021.0,10023.0,green,1
J3564,I5439,10082.0,10084.0,green,1
J3564,I5536,10267.0,10271.0,green,1
J3564,I6687,12647.0,12649.0,brown,2
J3564,I10800,21395.0,21398.0,green,1
J4452,I8755,17110.0,17121.0,green,1
J4452,I9459,18658.0,18660.0,green,2
J4452,I13220,26025.0,26029.0,green,1
J436,I754,1144.0,1145.0,green,1
J436,I1075,1676.0,1677.0,brown,1
J436,I1171,1833.0,1835.0,green,1
J436,I1236,1959.0,1961.0,brown,1
J1333,I12783,25234.0,25236.0,green,1
J1333,I13039,25726.0,25728.0,green,1
J1578,I2353,3919.0,3920.0,green,1
J1578,I4273,7644.0,7650.0,green,2
J1578,I5169,9504.0,9508.0,green,1
J1578,I7073,13489.0,13490.0,green,1
J3611,I3139,5411.0,5413.0,brown,1
J3611,I3459,6053.0,6054.0,brown,1
J3611,I7908,15271.0,15277.0,green,3
J3611,I12163,24061.0,24063.0,brown,1
J1021,I2166,3589.0,3590.0,green,1
J1021,I2199,3647.0,3648.0,green,1
J1021,I2200,3648.0,3649.0,green,1
J1021,I2327,3867.0,3873.0,green,1
J1021,I3150,5429.0,5438.0,green,1
J1021,I3423,5983.0,5985.0,green,1
J2025,I8767,17142.0,17148.0,green,4
J2025,I11127,22036.0,22037.0,green,1
J4744,I4224,7550.0,7554.0,brown,1
J4744,I4960,9057.0,9060.0,brown,1
J4744,I5472,10144.0,10148.0,brown,1
J4744,I11584,22932.0,22934.0,brown,1
J4744,I12449,24559.0,24560.0,green,1
J4744,I14121,27718.0,27719.0,green,1
J4489,I9843,19403.0,19411.0,green,2
J4489,I10546,20912.0,20913.0,brown,1
J4489,I11954,23648.0,23650.0,green,1
J4489,I14322,28063.0,28064.0,brown,1
J4489,I14786,28872.0,28874.0,brown,1
J667,I1642,2672.0,2673.0,brown,1
J667,I1835,3000.0,3001.0,green,1
J667,I2923,4984.0,4987.0,green,1
J667,I8835,17312.0,17315.0,green,1
J2774,I2187,3626.0,3627.0,brown,1
J2774,I5580,10356.0,10357.0,green,1
J2774,I8044,15549.0,15551.0,green,1
J2774,I9900,19524.0,19526.0,brown,1
J2774,I10444,20661.0,20672.0,green,1
J4178,I13895,27304.0,27305.0,green,1
J4178,I15271,29609.0,29612.0,green,1
J3338,I7447,14289.0,14290.0,green,1
J3338,I8311,16142.0,16145.0,green,3
J2493,I2877,4896.0,4897.0,green,1
J2493,I3069,5258.0,5260.0,green,1
J2493,I3133,5401.0,5403.0,green,2
J2493,I3293,5733.0,5736.0,green,1
J2493,I5213,9601.0,9603.0,green,1
J1474,I3671,6457.0,6458.0,green,1
J1474,I3736,6585.0,6587.0,green,1
J1474,I4248,7597.0,7600.0,brown,2
J1474,I4888,8921.0,8923.0,green,1
J1474,I11993,23716.0,23719.0,brown,1
J4611,I13041,25729.0,25730.0,green,1
J4611,I13457,26485.0,26490.0,green,1
J4611,I13617,26750.0,26755.0,green,1
J4611,I14257,27942.0,27944.0,brown,1
J4611,I14673,28671.0,28673.0,brown,1
J4611,I15217,29524.0,29528.0,brown,1
J3779,I12090,23925.0,23927.0,green,1
J3779,I14043,27580.0,27585.0,green,3
J3779,I14747,28812.0,28814.0,green,1
J1176,I1249,1977.0,1981.0,green,4
J4537,I538,796.0,797.0,red,1
J4537,I13146,25896.0,25898.0,brown,1
J4537,I14086,27657.0,27658.0,brown,1
J2497,I6630,12524.0,12527.0,green,1
J2497,I6662,12590.0,12593.0,green,3
J2497,I8782,17174.0,17181.0,green,1
J2497,I8920,17493.0,17498.0,green,1
J1936,I4547,8242.0,8243.0,red,1
J1936,I14051,27594.0,27595.0,brown,1
J1936,I15358,29735.0,29737.0,green,1
J1936,I15364,29747.0,29748.0,green,1
J1936,I15428,29835.0,29836.0,green,1
J482,I764,1157.0,1159.0,green,1
J482,I1373,2207.0,2209.0,green,1
J482,I5405,10008.0,10017.0,green,1
J916,I4566,8276.0,8289.0,green,4
J916,I4854,8859.0,8862.0,green,1
J916,I5014,9185.0,9187.0,green,1
J1135,I1812,2960.0,2962.0,green,2
J1153,I3092,5319.0,5321.0,green,1
J1153,I12141,24014.0,24020.0,green,1
J1153,I12505,24668.0,24669.0,brown,1
J1566,I9557,18843.0,18848.0,green,1
J1566,I10836,21474.0,21475.0,brown,1
J1566,I14740,28794.0,28796.0,brown,1
J1566,I15256,29588.0,29589.0,brown,1
J1892,I5906,11040.0,11042.0,green,1
J1892,I6034,11332.0,11337.0,green,1
J1892,I7122,13585.0,13590.0,green,1
J1892,I7762,14930.0,14932.0,green,1
J1892,I11426,22633.0,22636.0,green,1
J1693,I3062,5248.0,5249.0,green,1
J1693,I4918,8972.0,8975.0,green,1
J1693,I5278,9737.0,9739.0,green,1
J1693,I5302,9784.0,9787.0,green,1
J4829,I11751,23241.0,23243.0,green,2
J4829,I11943,23621.0,23623.0,green,1
J4829,I12679,25037.0,25039.0,brown,1
J4829,I14631,28605.0,28608.0,green,1
J4829,I14695,28714.0,28715.0,green,1
J1552,I3751,6618.0,6619.0,brown,1
J1552,I8744,17076.0,17082.0,green,2
J792,I2571,4307.0,4308.0,green,1
J792,I3340,5824.0,5828.0,green,3
J792,I5068,9280.0,9282.0,brown,1
J792,I5132,9396.0,9401.0,green,1
J4655,I6698,12667.0,12671.0,brown,3
J4655,I9226,18171.0,18175.0,brown,1
J4655,I13579,26687.0,26696.0,green,1
J4655,I13707,26945.0,26947.0,green,1
J1316,I3195,5530.0,5532.0,brown,1
J1316,I7196,13750.0,13751.0,green,1
J1316,I11356,22512.0,22513.0,green,1
J1316,I11676,23096.0,23098.0,green,1
J1316,I11932,23600.0,23601.0,green,1
J1316,I13564,26664.0,26665.0,green,1
J3112,I6420,12099.0,12101.0,brown,1
J3112,I6676,12622.0,12625.0,brown,2
J3112,I8340,16202.0,16206.0,brown,2
J3112,I12629,24927.0,24928.0,green,1
J2284,I2115,3490.0,3493.0,green,3
J2284,I3428,5994.0,5996.0,green,1
J2284,I7182,13713.0,13716.0,green,2
J655,I2043,3369.0,3370.0,green,1
J655,I2652,4448.0,4451.0,green,1
J655,I2940,5020.0,5021.0,green,1
J655,I3132,5395.0,5401.0,green,1
J655,I7340,14061.0,14064.0,green,1
J3639,I4528,8204.0,8205.0,brown,1
J3639,I12976,25606.0,25607.0,brown,1
J3988,I4920,8978.0,8984.0,brown,1
J3988,I10488,20769.0,20775.0,green,2
J3988,I11992,23714.0,23716.0,brown,1
J1149,I3625,6364.0,6367.0,green,1
J1149,I3785,6683.0,6688.0,green,1
J1339,I3266,5666.0,5668.0,green,2
J1339,I3298,5748.0,5751.0,green,1
J1339,I6002,11251.0,11252.0,brown,1
J1339,I6658,12579.0,12584.0,green,1
J2220,I5712,10634.0,10639.0,green,1
J2220,I5744,10717.0,10725.0,green,2
J2220,I11375,22543.0,22545.0,brown,1
J3998,I11939,23613.0,23617.0,green,3
J3998,I12227,24181.0,24183.0,green,1
J3998,I12987,25623.0,25624.0,green,1
J1551,I5673,10546.0,10553.0,green,1
J1551,I8329,16183.0,16187.0,green,2
J1551,I11529,22836.0,22837.0,green,1
J3056,I2740,4604.0,4610.0,green,1
J3056,I8756,17121.0,17123.0,brown,1
J3056,I9756,19231.0,19235.0,brown,1
J936,I3151,5438.0,5440.0,green,1
J936,I3215,5567.0,5569.0,green,2
J936,I3247,5628.0,5630.0,green,2
J936,I3791,6701.0,6708.0,green,1
J1997,I3152,5440.0,5444.0,green,1
J1997,I5648,10500.0,10502.0,green,1
J578,I2631,4410.0,4411.0,brown,1
J578,I5896,11023.0,11027.0,green,2
J578,I6439,12137.0,12138.0,brown,1
J179,I11889,23522.0,23525.0,brown,1
J179,I12338,24356.0,24358.0,green,2
J179,I12402,24469.0,24474.0,green,1
J557,I241,328.0,331.0,green,3
J557,I273,373.0,376.0,green,1
J557,I4582,8312.0,8313.0,green,1
J1471,I257,350.0,351.0,green,1
J1471,I321,446.0,450.0,green,1
J1471,I9025,17753.0,17756.0,brown,1
J1471,I9057,17810.0,17814.0,green,1
J3431,I6669,12610.0,12611.0,brown,1
J3431,I7213,13787.0,13789.0,brown,2
J3431,I7373,14138.0,14140.0,brown,1
J3431,I8622,16805.0,16807.0,green,2
J4830,I10183,20090.0,20094.0,brown,2
J4830,I10502,20808.0,20811.0,red,1
J4830,I10791,21378.0,21381.0,brown,1
J4830,I10982,21742.0,21744.0,red,2
J706,I8433,16403.0,16406.0,green,1
J706,I8689,16959.0,16961.0,green,2
J706,I10385,20538.0,20541.0,green,1
J706,I12025,23773.0,23780.0,green,2
J3287,I7128,13606.0,13609.0,brown,3
J3124,I7205,13768.0,13770.0,green,2
J3124,I7237,13839.0,13841.0,green,1
J4347,I13103,25827.0,25829.0,green,2
J4347,I13679,26882.0,26892.0,green,2
J4347,I14703,28730.0,28733.0,green,1
J3128,I8056,15578.0,15579.0,green,1
J3128,I8248,16019.0,16021.0,green,1
J3128,I8856,17360.0,17362.0,green,1
J161,I353,500.0,501.0,green,1
J161,I9153,18023.0,18024.0,brown,1
J161,I11794,23322.0,23327.0,green,3
J3484,I8461,16457.0,16463.0,green,1
J3484,I11118,22021.0,22023.0,green,1
J3484,I12301,24292.0,24294.0,brown,1
J2043,I4241,7586.0,7590.0,brown,2
J2043,I6882,13055.0,13058.0,green,1
J2043,I7377,14145.0,14147.0,brown,1
J2043,I7397,14180.0,14183.0,green,2
J1379,I2513,4202.0,4206.0,green,1
J1379,I2833,4799.0,4803.0,green,1
J1379,I3841,6794.0,6799.0,green,1
J1379,I4705,8550.0,8551.0,green,1
J1612,I3039,5202.0,5203.0,green,1
J1612,I3071,5261.0,5264.0,green,3
J1612,I7907,15263.0,15271.0,green,1
J1612,I8035,15517.0,15524.0,green,1
J3733,I7344,14071.0,14077.0,green,1
J3733,I10159,20043.0,20045.0,brown,2
J3733,I10640,21085.0,21086.0,green,1
J3733,I12048,23839.0,23840.0,green,1
J3733,I12161,24059.0,24060.0,brown,1
J2633,I5917,11066.0,11067.0,red,1
J2633,I6077,11408.0,11410.0,brown,1
J2633,I6493,12255.0,12257.0,brown,1
J2633,I9118,17932.0,17940.0,green,1
J2633,I11758,23258.0,23261.0,brown,1
J2633,I13694,26921.0,26924.0,green,1
J1046,I8395,16315.0,16316.0,brown,1
J1046,I10732,21274.0,21277.0,green,1
J1046,I11211,22216.0,22220.0,brown,2
J1046,I11499,22774.0,22776.0,brown,1
J3552,I9726,19170.0,19173.0,brown,1
J3552,I9919,19567.0,19571.0,green,4
J3552,I10047,19816.0,19819.0,brown,1
J605,I1979,3256.0,3257.0,green,1
J605,I2075,3421.0,3426.0,green,1
J605,I2939,5014.0,5020.0,green,1
J605,I3143,5418.0,5420.0,brown,1
J2477,I6527,12324.0,12327.0,brown,1
J2477,I13776,27076.0,27081.0,green,2
J2477,I13888,27289.0,27293.0,green,1
J2477,I13957,27430.0,27431.0,brown,1
J2551,I3589,6301.0,6304.0,green,1
J2551,I5285,9754.0,9758.0,green,1
J4244,I9539,18808.0,18809.0,brown,1
J4244,I9667,19057.0,19058.0,brown,1
J4244,I9827,19371.0,19373.0,green,1
J4244,I9891,19507.0,19510.0,green,1
J4244,I10531,20883.0,20884.0,green,1
J4244,I11555,22890.0,22893.0,brown,1
J3088,I5220,9625.0,9628.0,brown,1
J3088,I10597,21005.0,21009.0,green,1
J3088,I15296,29649.0,29651.0,brown,1
J3088,I15313,29674.0,29675.0,brown,1
J3088,I15314,29675.0,29676.0,brown,1
J250,I888,1373.0,1374.0,brown,1
J250,I10617,21037.0,21038.0,green,1
J250,I10937,21659.0,21660.0,brown,1
J250,I12185,24102.0,24105.0,green,2
J225,I369,527.0,528.0,brown,1
J225,I4562,8269.0,8272.0,brown,1
J225,I5154,9469.0,9471.0,green,1
J1520,I5077,9300.0,9303.0,red,1
J1520,I8413,16362.0,16363.0,brown,1
J1520,I8510,16569.0,16581.0,green,2
J1310,I2964,5066.0,5068.0,brown,1
J1310,I5588,10381.0,10384.0,brown,1
J1310,I7028,13390.0,13391.0,brown,1
J1310,I7892,15234.0,15236.0,brown,1
J1310,I9396,18538.0,18540.0,green,1
J1310,I13468,26507.0,26509.0,brown,1
J3694,I5235,9654.0,9657.0,brown,1
J3694,I13299,26160.0,26161.0,brown,1
J3694,I13747,27024.0,27025.0,brown,1
J3694,I14676,28675.0,28676.0,green,1
J3694,I14708,28739.0,28741.0,green,1
J3694,I14984,29185.0,29186.0,brown,1
J2035,I4875,8900.0,8901.0,brown,1
J2035,I5067,9279.0,9280.0,brown,1
J2035,I6731,12730.0,12732.0,brown,1
J2035,I6988,13307.0,13308.0,green,1
J314,I4429,8016.0,8017.0,brown,1
J314,I10478,20742.0,20747.0,green,1
J314,I11278,22350.0,22352.0,brown,1
J314,I12782,25232.0,25234.0,green,1
J314,I13102,25823.0,25827.0,green,1
J314,I14158,27783.0,27784.0,green,1
J4853,I13055,25751.0,25753.0,brown,2
J4853,I13311,26179.0,26181.0,brown,2
J4853,I13568,26671.0,26672.0,green,1
J4853,I13728,26984.0,26985.0,brown,1
J2565,I5964,11159.0,11160.0,green,1
J2565,I5996,11238.0,11239.0,green,1
J2565,I6316,11878.0,11885.0,green,1
J4767,I12809,25281.0,25283.0,green,1
J4767,I13129,25866.0,25868.0,green,1
J4767,I14249,27928.0,27929.0,green,1
J4767,I15061,29289.0,29290.0,green,1
J2327,I5206,9588.0,9590.0,green,2
J2327,I8484,16511.0,16517.0,green,1
J3677,I13165,25935.0,25936.0,brown,1
J3677,I13773,27070.0,27072.0,brown,1
J4301,I4766,8699.0,8700.0,brown,1
J4301,I6814,12915.0,12916.0,brown,1
J4301,I11518,22807.0,22809.0,brown,2
J4301,I11790,23315.0,23318.0,brown,1
J649,I3859,6841.0,6845.0,green,1
J649,I8307,16135.0,16136.0,green,1
J649,I8755,17110.0,17121.0,green,1
J649,I8819,17260.0,17265.0,green,1
J3481,I367,522.0,524.0,brown,1
J3481,I5712,10634.0,10639.0,green,1
J4311,I10472,20726.0,20728.0,green,1
J4311,I13617,26750.0,26755.0,green,2
J223,I903,1394.0,1396.0,green,2
J779,I1721,2795.0,2796.0,brown,1
J779,I1817,2970.0,2974.0,green,2
J779,I1945,3199.0,3202.0,brown,2
J779,I1977,3253.0,3254.0,green,1
J1733,I5306,9793.0,9794.0,brown,1
J1733,I9850,19434.0,19435.0,brown,1
J1424,I3947,7008.0,7009.0,green,1
J1424,I4043,7187.0,7188.0,brown,1
J1424,I4588,8328.0,8330.0,green,1
J4146,I2070,3413.0,3414.0,brown,1
J4146,I3286,5722.0,5723.0,brown,1
J4146,I5686,10579.0,10581.0,brown,2
J4146,I11574,22920.0,22921.0,brown,1
J4146,I13270,26116.0,26117.0,brown,1
J2559,I3326,5796.0,5798.0,brown,1
J2559,I14367,28149.0,28152.0,green,1
J4976,I15363,29744.0,29747.0,green,3
J790,I1187,1856.0,1866.0,green,2
J1863,I6115,11485.0,11487.0,brown,1
J1863,I13028,25705.0,25706.0,green,1
J1863,I13476,26519.0,26522.0,green,1
J3230,I5527,10252.0,10254.0,green,2
J3230,I8567,16696.0,16699.0,green,1
J3230,I8679,16932.0,16941.0,green,1
J3230,I10327,20430.0,20432.0,brown,1
J3230,I10679,21160.0,21163.0,brown,1
J3047,I8606,16772.0,16775.0,green,1
J3047,I13278,26124.0,26128.0,green,1
J3047,I13501,26555.0,26557.0,brown,1
J87,I88,108.0,109.0,brown,1
J87,I2617,4387.0,4389.0,green,2
J87,I4821,8795.0,8805.0,green,1
J2227,I769,1165.0,1166.0,red,1
J2227,I11426,22633.0,22636.0,green,1
J2227,I12441,24548.0,24550.0,brown,1
J2263,I1375,2214.0,2215.0,brown,1
J2263,I7263,13894.0,13896.0,brown,1
J2263,I10623,21049.0,21052.0,green,1
J4803,I5194,9561.0,9564.0,brown,1
J4803,I13323,26210.0,26212.0,green,1
J4803,I14378,28167.0,28168.0,brown,1
J4803,I14379,28168.0,28169.0,green,1
J1109,I873,1347.0,1348.0,brown,1
J1109,I8746,17085.0,17088.0,green,2
J1109,I8841,17322.0,17329.0,green,1
J1109,I12634,24933.0,24935.0,green,2
J903,I3732,6571.0,6576.0,green,5
J3239,I9435,18614.0,18616.0,brown,2
J3239,I9532,18795.0,18797.0,green,1
J3239,I9596,18920.0,18922.0,green,1
J3239,I9948,19624.0,19626.0,green,2
J1302,I4366,7867.0,7873.0,green,2
J1302,I4974,9089.0,9095.0,green,2
J1302,I6958,13236.0,13242.0,green,2
J3803,I3430,5998.0,6000.0,brown,1
J3803,I4422,7997.0,7999.0,brown,1
J3803,I12871,25408.0,25411.0,green,1
J676,I2704,4544.0,4545.0,brown,1
J676,I6225,11704.0,11711.0,green,2
J676,I7280,13928.0,13930.0,brown,1
J676,I7569,14546.0,14552.0,green,1
J676,I9417,18585.0,18587.0,green,1
J202,I393,559.0,565.0,green,1
J202,I810,1237.0,1243.0,green,1
J202,I2058,3395.0,3396.0,green,1
J202,I2122,3501.0,3503.0,green,1
J3551,I6539,12346.0,12349.0,green,3
J3551,I6603,12474.0,12475.0,green,1
J3551,I11595,22947.0,22952.0,green,1
J1962,I8629,16820.0,16822.0,green,1
J1962,I9460,18660.0,18662.0,brown,1
J1962,I11797,23333.0,23341.0,green,1
J713,I1772,2877.0,2878.0,green,1
J1711,I2550,4263.0,4265.0,green,1
J1711,I3031,5189.0,5191.0,green,1
J1711,I4055,7204.0,7205.0,green,1
J1711,I5323,9832.0,9836.0,green,1
J3790,I4403,7944.0,7947.0,red,1
J3790,I6388,12039.0,12040.0,brown,1
J3790,I8468,16474.0,16478.0,green,1
J3790,I10420,20607.0,20609.0,brown,1
J1857,I5829,10894.0,10899.0,green,3
J3377,I9758,19240.0,19248.0,green,1
J2673,I6805,12897.0,12898.0,green,1
J2673,I6837,12962.0,12966.0,green,4
J2673,I6838,12966.0,12967.0,brown,1
J1421,I5651,10504.0,10507.0,brown,1
J1421,I14558,28469.0,28477.0,green,1
J1421,I14660,28648.0,28651.0,green,1
J1421,I14739,28792.0,28794.0,brown,1
J3181,I5834,10906.0,10909.0,brown,1
J3181,I6090,11435.0,11436.0,brown,1
J3181,I7242,13853.0,13857.0,brown,1
J3181,I9323,18383.0,18392.0,green,1
J4921,I10218,20179.0,20181.0,green,1
J4921,I13355,26267.0,26275.0,green,3
J4921,I15051,29277.0,29278.0,green,1
J1968,I5405,10008.0,10017.0,green,1
J1968,I8829,17287.0,17290.0,green,2
J4046,I5855,10947.0,10949.0,brown,2
J4046,I5919,11068.0,11069.0,brown,1
J4046,I6079,11411.0,11412.0,brown,1
J4046,I6271,11795.0,11796.0,brown,1
J4046,I12928,25519.0,25520.0,green,1
J3759,I3851,6817.0,6818.0,brown,1
J3759,I4267,7631.0,7634.0,brown,1
J3759,I9579,18881.0,18886.0,brown,1
J3759,I10444,20661.0,20672.0,green,1
J221,I75,88.0,90.0,green,1
J221,I107,135.0,136.0,brown,1
J221,I3211,5559.0,5561.0,green,1
J914,I1473,2371.0,2372.0,green,1
J914,I1474,2372.0,2378.0,green,3
J914,I1601,2609.0,2610.0,green,1
J914,I1665,2700.0,2701.0,brown,1
J4071,I11367,22531.0,22532.0,brown,1
J4071,I11399,22589.0,22590.0,brown,1
J4071,I12175,24078.0,24082.0,brown,1
J4071,I12839,25345.0,25347.0,brown,2
J4441,I6770,12828.0,12830.0,red,2
J4441,I8755,17110.0,17121.0,green,1
J4441,I10610,21026.0,21028.0,brown,2
J4441,I13075,25783.0,25785.0,green,1
J2279,I3629,6376.0,6377.0,brown,1
J2279,I5901,11033.0,11036.0,brown,1
J2279,I12942,25547.0,25551.0,green,2
J1236,I1163,1823.0,1824.0,brown,1
J1236,I2859,4855.0,4862.0,brown,2
J1236,I9484,18707.0,18713.0,green,1
J1236,I11468,22710.0,22714.0,green,1
J1236,I13675,26876.0,26879.0,brown,1
J1461,I3765,6639.0,6646.0,green,2
J1461,I4085,7257.0,7258.0,green,1
J1461,I11742,23212.0,23221.0,green,3
J4645,I10876,21553.0,21556.0,brown,1
J4645,I11004,21784.0,21785.0,brown,1
J4645,I11293,22376.0,22380.0,green,1
J4645,I12764,25204.0,25209.0,green,1
J4645,I15196,29491.0,29493.0,brown,1
J4645,I15200,29497.0,29499.0,brown,1
J1311,I13852,27231.0,27232.0,green,1
J1311,I15228,29541.0,29543.0,green,2
J1311,I15253,29581.0,29584.0,brown,2
J1311,I15265,29602.0,29604.0,brown,1
J2351,I3906,6928.0,6930.0,brown,1
J2351,I4002,7107.0,7108.0,brown,1
J1855,I1446,2329.0,2330.0,brown,1
J1855,I1510,2439.0,2441.0,brown,1
J1855,I6950,13209.0,13211.0,brown,1
J1855,I8679,16932.0,16941.0,green,1
J1855,I11015,21807.0,21809.0,green,2
J4590,I6448,12149.0,12150.0,brown,1
J4590,I6672,12616.0,12619.0,brown,1
J4590,I13425,26416.0,26418.0,green,1
J4590,I14401,28202.0,28204.0,green,1
J1523,I2881,4907.0,4914.0,green,5
J2149,I8167,15835.0,15840.0,brown,1
J2149,I10504,20814.0,20825.0,green,2
J2149,I13191,25974.0,25976.0,brown,2
J2149,I13607,26737.0,26739.0,brown,1
J3448,I777,1179.0,1180.0,brown,1
J3448,I1257,1991.0,1994.0,brown,1
J3448,I12026,23780.0,23781.0,green,1
J627,I11237,22278.0,22283.0,green,3
J627,I12773,25220.0,25222.0,green,1
J627,I14686,28699.0,28702.0,green,1
J627,I14693,28710.0,28712.0,green,1
J1118,I3371,5890.0,5894.0,brown,3
J1118,I9996,19718.0,19720.0,green,1
J479,I559,830.0,831.0,brown,1
J479,I1839,3004.0,3008.0,brown,1
J479,I3224,5585.0,5587.0,green,2
J479,I4144,7395.0,7397.0,green,1
J3729,I7749,14905.0,14906.0,red,1
J3729,I8134,15761.0,15769.0,green,2
J3729,I9925,19579.0,19582.0,green,2
J3729,I10597,21005.0,21009.0,green,1
J678,I680,1014.0,1016.0,brown,1
J678,I744,1130.0,1133.0,brown,1
J678,I7593,14593.0,14595.0,green,1
J678,I12145,24023.0,24025.0,green,1
J678,I12184,24100.0,24102.0,brown,1
J601,I2234,3705.0,3707.0,brown,1
J601,I9691,19104.0,19108.0,green,2
J601,I11706,23154.0,23155.0,brown,1
J601,I11866,23486.0,23487.0,brown,1
J1715,I4831,8824.0,8825.0,green,1
J1715,I7903,15252.0,15255.0,green,3
J1715,I7913,15286.0,15294.0,green,1
J4931,I6445,12146.0,12147.0,brown,1
J4931,I13870,27264.0,27265.0,green,1
J4931,I14350,28108.0,28109.0,green,1
J4494,I12423,24521.0,24523.0,green,1
J4494,I15161,29436.0,29437.0,brown,1
J2892,I7576,14563.0,14564.0,brown,1
J2892,I7768,14942.0,14944.0,brown,1
J2892,I7960,15371.0,15372.0,brown,1
J1609,I3271,5674.0,5677.0,green,1
J1609,I3272,5677.0,5680.0,green,1
J1609,I4376,7887.0,7893.0,green,1
J2315,I5679,10566.0,10568.0,green,2
J1270,I3254,5644.0,5645.0,green,1
J1270,I5942,11106.0,11114.0,green,2
J1270,I8182,15864.0,15868.0,green,1
J1270,I9430,18609.0,18610.0,green,1
J1270,I10310,20381.0,20383.0,green,1
J3940,I1726,2803.0,2805.0,brown,2
J3940,I12687,25058.0,25061.0,green,1
J3940,I12894,25466.0,25468.0,brown,1
J3940,I13247,26078.0,26081.0,green,1
J3940,I13382,26329.0,26330.0,brown,1
J327,I1181,1850.0,1851.0,green,1
J327,I1213,1921.0,1923.0,green,1
J327,I1598,2599.0,2601.0,green,1
J327,I3086,5310.0,5311.0,green,1
J327,I3646,6408.0,6412.0,green,1
J3108,I7384,14160.0,14161.0,green,1
J3108,I7416,14220.0,14222.0,brown,2
J3108,I11216,22229.0,22233.0,green,3
J2512,I5975,11182.0,11184.0,brown,2
J2512,I12503,24664.0,24665.0,brown,1
J2512,I12536,24728.0,24729.0,green,1
J2512,I12728,25139.0,25140.0,brown,1
J2512,I12888,25451.0,25452.0,brown,1
J4322,I4467,8088.0,8090.0,red,1
J4322,I5108,9357.0,9358.0,brown,1
J4322,I7188,13726.0,13729.0,green,1
J4322,I13588,26709.0,26710.0,brown,1
J4322,I13692,26916.0,26920.0,brown,1
J4988,I7870,15187.0,15189.0,brown,1
J4988,I9566,18861.0,18863.0,brown,1
J4988,I13982,27467.0,27468.0,brown,1
J4988,I14910,29066.0,29067.0,brown,1
J4988,I15489,29922.0,29923.0,brown,1
J4679,I9954,19638.0,19641.0,brown,1
J4679,I12322,24327.0,24329.0,brown,2
J4679,I14371,28159.0,28160.0,green,1
J4679,I14627,28598.0,28599.0,green,1
J4679,I14787,28874.0,28875.0,green,1
J1293,I2340,3898.0,3900.0,green,2
J4599,I4763,8693.0,8695.0,brown,2
J4599,I11035,21849.0,21853.0,green,1
J4599,I12188,24109.0,24111.0,green,1
J4599,I13244,26068.0,26070.0,green,1
J2314,I5913,11056.0,11060.0,green,4
J2314,I6009,11269.0,11277.0,green,1
J174,I282,386.0,387.0,green,1
J174,I314,436.0,440.0,green,1
J174,I346,490.0,491.0,brown,1
J174,I1434,2308.0,2311.0,green,1
J4583,I13585,26705.0,26706.0,brown,1
J4583,I13618,26755.0,26758.0,green,1
J4583,I13649,26810.0,26813.0,brown,2
J4583,I13841,27211.0,27212.0,brown,1
J2393,I3742,6593.0,6597.0,green,3
J246,I10412,20587.0,20594.0,green,2
J4310,I3675,6462.0,6464.0,brown,2
J4310,I9595,18916.0,18920.0,green,1
J4310,I11227,22256.0,22258.0,green,1
J404,I9352,18450.0,18455.0,green,2
J404,I10312,20392.0,20401.0,green,2
J361,I4878,8904.0,8906.0,brown,1
J361,I11086,21945.0,21947.0,brown,1
J361,I13679,26882.0,26892.0,green,1
J4282,I10226,20190.0,20191.0,brown,1
J4282,I10514,20847.0,20849.0,brown,1
J4282,I10547,20913.0,20915.0,green,1
J4991,I13010,25672.0,25675.0,green,2
J4991,I13297,26158.0,26159.0,brown,1
J4991,I14066,27624.0,27626.0,green,1
J4991,I14834,28965.0,28966.0,green,1
J2045,I3273,5680.0,5682.0,green,2
J2045,I5994,11234.0,11237.0,green,1
J2045,I8106,15697.0,15709.0,green,1
J2045,I8388,16299.0,16305.0,green,1
J2651,I5127,9387.0,9390.0,brown,1
J2651,I6343,11945.0,11947.0,brown,1
J2651,I11512,22796.0,22797.0,green,1
J2651,I13520,26589.0,26591.0,green,1
J1610,I3980,7070.0,7072.0,green,1
J1610,I9364,18474.0,18484.0,green,2
J3974,I5698,10603.0,10604.0,brown,1
J3974,I6947,13201.0,13205.0,green,1
J3974,I12482,24627.0,24628.0,brown,1
J3974,I13187,25968.0,25970.0,green,2
J1199,I3297,5745.0,5748.0,green,1
J1199,I8545,16661.0,16667.0,green,2
J1199,I9825,19365.0,19369.0,green,3
J1713,I12283,24266.0,24270.0,green,1
J1713,I14908,29063.0,29065.0,green,1
J1713,I14939,29111.0,29113.0,brown,1
J201,I1172,1835.0,1837.0,brown,1
J201,I1300,2065.0,2066.0,green,1
J201,I1301,2066.0,2068.0,brown,1
J201,I2804,4745.0,4749.0,green,1
J4434,I2136,3535.0,3538.0,red,1
J4434,I8376,16274.0,16276.0,brown,1
J4434,I14233,27900.0,27904.0,green,1
J4434,I14376,28165.0,28166.0,brown,1
J4087,I10782,21366.0,21367.0,brown,1
J4087,I10846,21499.0,21500.0,brown,1
J4087,I11102,21982.0,21984.0,brown,1
J4087,I11454,22680.0,22683.0,brown,1
J4087,I12927,25515.0,25519.0,green,1
J1820,I664,986.0,989.0,green,2
J1820,I792,1210.0,1214.0,green,1
J1820,I6840,12973.0,12975.0,brown,1
J1820,I10680,21163.0,21167.0,brown,1
J3398,I5301,9780.0,9784.0,green,4
J3138,I8874,17402.0,17407.0,green,1
J3138,I9322,18381.0,18383.0,green,1
J3138,I9418,18587.0,18589.0,green,1
J3138,I11306,22403.0,22404.0,green,1
J3138,I11818,23383.0,23384.0,brown,1
J4743,I13644,26801.0,26803.0,green,1
J4743,I14187,27826.0,27828.0,brown,1
J4743,I14315,28053.0,28054.0,brown,1
J4743,I14508,28389.0,28391.0,green,1
J2653,I4998,9135.0,9138.0,brown,1
J2653,I7526,14456.0,14458.0,brown,1
J2653,I8711,17002.0,17007.0,green,1
J2653,I9734,19187.0,19189.0,brown,1
J2802,I5786,10818.0,10821.0,green,3
J2802,I6298,11847.0,11849.0,green,1
J83,I190,254.0,256.0,green,2
J83,I640,951.0,953.0,green,1
J83,I768,1164.0,1165.0,green,1
J83,I832,1288.0,1291.0,green,1
J83,I2175,3602.0,3605.0,green,1
J502,I8801,17220.0,17224.0,brown,1
J502,I12866,25395.0,25398.0,green,1
J219,I12311,24310.0,24311.0,brown,1
J219,I12375,24420.0,24422.0,brown,1
J4819,I6089,11434.0,11435.0,red,1
J4819,I14458,28296.0,28297.0,green,1
J4819,I14490,28356.0,28358.0,green,1
J4819,I14554,28464.0,28466.0,green,1
J4819,I14762,28833.0,28834.0,brown,1
J4819,I14874,29022.0,29023.0,green,1
J2287,I10090,19901.0,19905.0,green,1
J2287,I11755,23250.0,23255.0,green,1
J2287,I13579,26687.0,26696.0,green,1
J2287,I13878,27275.0,27276.0,brown,1
J3648,I5090,9329.0,9330.0,brown,1
J3648,I5987,11205.0,11216.0,green,1
J3648,I11460,22693.0,22694.0,green,1
J226,I803,1225.0,1226.0,brown,1
J226,I899,1389.0,1391.0,green,1
J226,I2500,4174.0,4182.0,green,3
J226,I6510,12297.0,12299.0,green,1
J3166,I6425,12109.0,12112.0,red,1
J3166,I6682,12633.0,12641.0,green,3
J3166,I6713,12694.0,12695.0,brown,1
J3166,I7001,13334.0,13335.0,brown,1
J999,I4884,8913.0,8916.0,brown,1
J999,I9716,19155.0,19156.0,brown,1
J999,I11221,22239.0,22242.0,green,1
J999,I12276,24259.0,24260.0,brown,1
J999,I13140,25885.0,25887.0,brown,1
J906,I946,1465.0,1466.0,green,1
J906,I1779,2902.0,2904.0,green,1
J906,I2291,3811.0,3812.0,green,1
J906,I2355,3926.0,3927.0,brown,1
J2352,I9083,17851.0,17852.0,green,1
J2352,I9755,19227.0,19231.0,green,1
J1428,I4578,8303.0,8305.0,green,1
J1428,I4802,8761.0,8763.0,green,1
J1428,I9394,18536.0,18537.0,green,1
J1428,I11150,22088.0,22091.0,green,2
J1371,I2668,4489.0,4491.0,green,1
J1371,I12573,24796.0,24801.0,green,2
J4385,I6493,12255.0,12257.0,brown,1
J4385,I8445,16427.0,16429.0,brown,1
J4385,I9629,18994.0,18997.0,brown,1
J4385,I9917,19559.0,19565.0,green,1
J3182,I8835,17312.0,17315.0,green,1
J3182,I9443,18627.0,18629.0,brown,2
J3182,I9475,18689.0,18691.0,green,1
J2168,I1884,3098.0,3100.0,brown,1
J2168,I1980,3257.0,3261.0,green,1
J2168,I4445,8039.0,8045.0,green,2
J2168,I5277,9727.0,9737.0,green,1
J4878,I7445,14285.0,14286.0,brown,1
J4878,I14806,28903.0,28911.0,green,1
J4878,I15398,29791.0,29793.0,green,1
J4878,I15430,29838.0,29839.0,green,1
J658,I140,182.0,183.0,brown,1
J658,I172,227.0,229.0,brown,1
J658,I1389,2234.0,2237.0,green,1
J658,I1773,2878.0,2883.0,green,2
J658,I3981,7072.0,7075.0,green,1
J2598,I3237,5606.0,5610.0,green,1
J2598,I5317,9814.0,9816.0,green,2
J2598,I5733,10680.0,10688.0,green,2
J1501,I4982,9107.0,9110.0,brown,1
J1501,I7831,15087.0,15089.0,green,2
J4159,I1361,2187.0,2188.0,green,1
J4159,I2193,3636.0,3637.0,brown,1
J4159,I8625,16809.0,16812.0,brown,1
J4159,I11794,23322.0,23327.0,green,1
J4159,I12402,24469.0,24474.0,green,1
J4159,I13089,25803.0,25805.0,brown,1
J2927,I6478,12222.0,12227.0,green,3
J2927,I8782,17174.0,17181.0,green,3
J317,I3038,5201.0,5202.0,green,1
J317,I3582,6286.0,6288.0,brown,1
J317,I7230,13820.0,13823.0,green,2
J317,I9528,18787.0,18789.0,green,1
J724,I3538,6189.0,6192.0,green,1
J724,I8658,16887.0,16889.0,green,2
J724,I8810,17245.0,17246.0,brown,1
J724,I10370,20511.0,20514.0,green,1
J724,I10750,21309.0,21314.0,green,1
J3930,I7894,15238.0,15240.0,green,2
J3930,I9014,17727.0,17729.0,brown,2
J3930,I9462,18663.0,18664.0,brown,1
J2472,I6260,11781.0,11782.0,brown,1
J2472,I7605,14623.0,14624.0,green,1
J2472,I7669,14747.0,14748.0,green,1
J2472,I7702,14813.0,14815.0,brown,1
J2472,I11094,21959.0,21961.0,brown,1
J2472,I11573,22919.0,22920.0,green,1
J92,I10529,20880.0,20882.0,green,1
J92,I10848,21502.0,21504.0,brown,1
J92,I12030,23790.0,23804.0,green,1
J675,I4285,7680.0,7695.0,green,1
J675,I4445,8039.0,8045.0,green,3
J675,I5469,10138.0,10141.0,green,1
J3220,I5241,9668.0,9669.0,brown,1
J3220,I5498,10195.0,10196.0,red,1
J3220,I5529,10255.0,10256.0,brown,1
J3220,I9945,19612.0,19617.0,green,1
J3220,I10745,21300.0,21304.0,brown,2
J1350,I2248,3729.0,3731.0,brown,2
J1350,I2472,4118.0,4122.0,brown,1
J1350,I9577,18879.0,18880.0,green,1
J2539,I7523,14452.0,14453.0,brown,1
J2539,I12611,24886.0,24889.0,brown,1
J2730,I2997,5123.0,5125.0,green,1
J2730,I3028,5181.0,5187.0,brown,1
J2730,I3061,5246.0,5248.0,green,1
J2730,I3989,7086.0,7087.0,green,1
J2730,I4693,8525.0,8527.0,green,1
J2730,I4757,8682.0,8683.0,green,1
J4355,I7709,14827.0,14828.0,red,1
J4355,I8286,16079.0,16081.0,green,1
J4355,I8446,16429.0,16430.0,brown,1
J4355,I8510,16569.0,16581.0,green,1
J4305,I8684,16947.0,16951.0,red,1
J4305,I9036,17773.0,17774.0,brown,1
J4305,I10060,19837.0,19841.0,green,1
J4305,I12780,25228.0,25230.0,brown,1
J4305,I14060,27611.0,27614.0,brown,1
J4305,I14845,28978.0,28979.0,green,1
J3830,I3804,6728.0,6729.0,brown,1
J3830,I10780,21364.0,21365.0,brown,1
J3830,I11100,21972.0,21980.0,green,2
J3830,I13797,27123.0,27125.0,green,1
J2826,I4224,7550.0,7554.0,brown,2
J2826,I14369,28153.0,28158.0,green,1
J2826,I14473,28326.0,28327.0,green,1
J2826,I14601,28561.0,28563.0,green,2
J208,I5,5.0,6.0,green,1
J208,I37,42.0,43.0,green,1
J208,I2309,3835.0,3839.0,green,1
J208,I3141,5414.0,5417.0,green,1
J208,I5733,10680.0,10688.0,green,2
J3360,I3370,5887.0,5890.0,brown,1
J3360,I11755,23250.0,23255.0,green,1
J3360,I11915,23569.0,23573.0,green,2
J3360,I12843,25353.0,25355.0,green,2
J3168,I15435,29847.0,29848.0,green,1
J3168,I15475,29902.0,29903.0,green,1
J3168,I15507,29945.0,29946.0,green,1
J3168,I15515,29956.0,29957.0,green,1
J4946,I10008,19739.0,19741.0,brown,1
J4946,I13817,27165.0,27168.0,green,1
J4946,I14393,28187.0,28192.0,green,3
J1342,I2263,3754.0,3757.0,green,2
J1342,I2743,4616.0,4625.0,green,2
J2182,I5205,9587.0,9588.0,green,1
J2182,I6357,11976.0,11978.0,brown,2
J2182,I6741,12758.0,12759.0,brown,1
J2182,I7221,13801.0,13804.0,brown,1
J2182,I10805,21406.0,21413.0,green,1
J1172,I7555,14516.0,14517.0,brown,1
J1172,I10132,19993.0,19996.0,green,1
J1172,I12747,25176.0,25178.0,brown,1
J4188,I12206,24145.0,24147.0,brown,1
J4188,I12366,24404.0,24405.0,brown,1
J4188,I12542,24738.0,24739.0,brown,1
J4188,I12543,24739.0,24741.0,green,1
J4188,I12638,24941.0,24943.0,brown,1
J4188,I13534,26613.0,26614.0,brown,1
J466,I1362,2188.0,2191.0,green,1
J466,I1427,2297.0,2299.0,green,1
J466,I1428,2299.0,2300.0,green,1
J466,I1491,2402.0,2403.0,green,1
J466,I1525,2471.0,2472.0,brown,1
J466,I1683,2731.0,2734.0,green,1
J3804,I11355,22506.0,22512.0,red,2
J3804,I11835,23425.0,23429.0,green,1
J3804,I12251,24221.0,24224.0,green,3
J1106,I3720,6549.0,6551.0,green,2
J1106,I3784,6682.0,6683.0,green,1
J1106,I4296,7720.0,7721.0,green,1
J1106,I4314,7748.0,7750.0,green,1
J1106,I4821,8795.0,8805.0,green,1
J4914,I10306,20373.0,20376.0,brown,3
J4914,I10434,20638.0,20640.0,brown,2
J4914,I15075,29305.0,29306.0,green,1
J965,I3105,5342.0,5347.0,green,1
J965,I7305,13990.0,13993.0,green,2
J965,I7913,15286.0,15294.0,green,1
J2899,I2443,4069.0,4071.0,green,1
J2899,I2507,4192.0,4193.0,brown,1
J2899,I10247,20240.0,20241.0,green,1
J2899,I10589,20987.0,20988.0,brown,1
J36,I10,11.0,12.0,green,1
J36,I42,47.0,49.0,green,2
J36,I43,49.0,50.0,green,1
J3783,I11280,22354.0,22357.0,green,1
J3783,I11312,22411.0,22413.0,brown,2
J3783,I12049,23840.0,23847.0,green,1
J4334,I9342,18431.0,18434.0,brown,2
J4334,I9406,18556.0,18558.0,brown,1
J4334,I10655,21115.0,21117.0,brown,1
J4334,I11327,22448.0,22450.0,green,1
J4334,I12991,25632.0,25639.0,green,1
J3410,I2616,4386.0,4387.0,green,1
J3410,I7800,15009.0,15011.0,brown,1
J3410,I7833,15090.0,15092.0,green,2
J3410,I7961,15372.0,15375.0,brown,1
J3410,I11613,22979.0,22982.0,brown,1
J3115,I4110,7298.0,7300.0,green,1
J3115,I4974,9089.0,9095.0,green,2
J4890,I13645,26803.0,26805.0,green,1
J4890,I13901,27321.0,27323.0,green,2
J4890,I14733,28778.0,28779.0,green,1
J4890,I15277,29618.0,29619.0,green,1
J3511,I8450,16441.0,16443.0,brown,2
J3511,I8482,16509.0,16510.0,brown,1
J3511,I8483,16510.0,16511.0,green,1
J4497,I13794,27118.0,27121.0,green,2
J4497,I14465,28312.0,28315.0,brown,1
J4497,I14785,28871.0,28872.0,brown,1
J2545,I5071,9289.0,9291.0,green,1
J2545,I5358,9908.0,9909.0,brown,1
J2545,I8815,17252.0,17255.0,green,1
J1528,I4239,7581.0,7582.0,green,1
J1528,I4240,7582.0,7586.0,green,2
J1528,I4368,7876.0,7877.0,green,1
J1528,I4441,8031.0,8036.0,brown,1
J1528,I4464,8083.0,8085.0,green,1
J4960,I5629,10468.0,10473.0,red,1
J4960,I14846,28979.0,28980.0,brown,1
J4960,I15326,29690.0,29692.0,brown,1
J4960,I15426,29833.0,29834.0,brown,1
J146,I36,41.0,42.0,green,1
J146,I3109,5350.0,5352.0,green,1
J146,I5461,10117.0,10126.0,green,3
J737,I784,1193.0,1194.0,green,1
J737,I1649,2680.0,2681.0,green,1
J737,I2195,3638.0,3640.0,brown,2
J737,I5073,9292.0,9296.0,green,1
J286,I469,684.0,686.0,brown,1
J286,I725,1095.0,1101.0,green,1
J286,I885,1370.0,1371.0,green,1
J286,I5046,9243.0,9248.0,green,2
J286,I10557,20928.0,20930.0,brown,1
J4171,I13342,26246.0,26247.0,brown,1
J4171,I13518,26583.0,26587.0,brown,1
J4171,I13638,26791.0,26793.0,brown,2
J4171,I13854,27236.0,27237.0,green,1
J4171,I13855,27237.0,27238.0,brown,1
J3475,I12518,24694.0,24695.0,green,1
J125,I11726,23189.0,23190.0,brown,1
J125,I12431,24532.0,24534.0,green,1
J125,I12719,25121.0,25124.0,green,3
J2118,I3169,5476.0,5481.0,green,2
J2118,I3201,5542.0,5543.0,green,1
J2118,I3297,5745.0,5748.0,green,1
J2118,I8233,15972.0,15975.0,green,1
J2118,I8309,16137.0,16139.0,green,1
J879,I2549,4261.0,4263.0,green,1
J879,I3253,5641.0,5644.0,green,1
J879,I4069,7231.0,7234.0,green,2
J2276,I2372,3947.0,3948.0,brown,1
J2276,I2596,4357.0,4358.0,brown,1
J2276,I11109,21994.0,22003.0,green,2
J2276,I11940,23617.0,23619.0,brown,1
J2276,I12549,24748.0,24749.0,green,1
J2869,I3408,5954.0,5956.0,brown,1
J2869,I3440,6013.0,6014.0,brown,1
J2869,I9713,19150.0,19153.0,green,2
J2869,I12504,24665.0,24668.0,brown,2
J636,I2978,5087.0,5088.0,brown,1
J636,I7298,13969.0,13972.0,brown,1
J636,I8386,16295.0,16297.0,brown,1
J636,I9507,18746.0,18749.0,green,2
J4705,I12037,23816.0,23818.0,green,1
J4705,I12100,23944.0,23945.0,red,1
J4705,I12196,24121.0,24124.0,red,1
J4705,I14020,27533.0,27536.0,brown,1
J998,I4380,7897.0,7903.0,green,1
J998,I6332,11920.0,11926.0,green,3
J1828,I1126,1769.0,1771.0,brown,2
J1828,I6886,13062.0,13064.0,brown,2
J1828,I7303,13980.0,13986.0,green,1
J1828,I7815,15041.0,15044.0,green,1
J1462,I2563,4287.0,4288.0,brown,1
J1462,I2659,4467.0,4472.0,green,1
J1462,I2819,4773.0,4775.0,brown,2
J1462,I10132,19993.0,19996.0,green,2
J4002,I11256,22315.0,22316.0,brown,1
J4002,I12601,24861.0,24863.0,green,1
J4002,I13177,25947.0,25952.0,green,2
J4002,I14745,28806.0,28810.0,green,1
J4002,I15288,29636.0,29638.0,brown,1
J743,I1405,2260.0,2264.0,green,3
J743,I1565,2544.0,2546.0,green,1
J743,I4989,9120.0,9121.0,green,1
J1457,I392,557.0,559.0,green,1
J1457,I3209,5555.0,5558.0,green,1
J1457,I5001,9144.0,9155.0,green,2
J76,I263,361.0,363.0,brown,1
J76,I307,426.0,428.0,green,2
J76,I339,477.0,480.0,green,1
J76,I740,1120.0,1125.0,green,2
J2353,I3020,5166.0,5168.0,green,1
J2353,I3245,5623.0,5624.0,green,1
J2353,I3405,5948.0,5950.0,brown,1
J2353,I10765,21334.0,21338.0,green,1
J3634,I3235,5603.0,5604.0,brown,1
J3634,I8804,17228.0,17234.0,green,1
J3634,I10083,19886.0,19889.0,green,1
J3634,I11192,22172.0,22177.0,green,2
J3634,I12473,24614.0,24615.0,brown,1
J4943,I15505,29942.0,29944.0,green,2
J4943,I15529,29973.0,29974.0,green,1
J4943,I15537,29981.0,29982.0,green,1
J4943,I15541,29985.0,29986.0,green,1
J591,I2261,3750.0,3753.0,brown,1
J591,I6646,12553.0,12559.0,green,1
J591,I11126,22035.0,22036.0,green,1
J591,I11382,22555.0,22561.0,green,3
J2823,I6775,12839.0,12845.0,green,1
J2823,I6839,12967.0,12973.0,green,2
J2823,I7351,14086.0,14092.0,green,1
J2823,I8439,16420.0,16422.0,green,2
J1731,I1508,2435.0,2436.0,green,1
J1731,I1540,2496.0,2500.0,brown,1
J1731,I10501,20807.0,20808.0,green,1
J1731,I11525,22822.0,22824.0,green,1
J4996,I13048,25738.0,25740.0,green,2
J4996,I13432,26435.0,26436.0,green,1
J4996,I13464,26499.0,26503.0,green,1
J4996,I13624,26765.0,26766.0,green,1
J4065,I8777,17164.0,17166.0,brown,2
J4065,I8841,17322.0,17329.0,green,1
J4546,I7266,13899.0,13903.0,brown,1
J4546,I10627,21060.0,21062.0,brown,1
J4546,I11011,21796.0,21798.0,brown,1
J4546,I12131,23997.0,23998.0,brown,1
J4546,I13886,27286.0,27287.0,green,1
J4546,I14468,28318.0,28321.0,green,1
J915,I1851,3027.0,3029.0,brown,2
J915,I1980,3257.0,3261.0,green,1
J915,I3644,6398.0,6403.0,green,1
J634,I830,1284.0,1287.0,green,1
J634,I2175,3602.0,3605.0,green,1
J634,I2335,3889.0,3890.0,green,1
J634,I2431,4050.0,4051.0,green,1
J3464,I2481,4140.0,4142.0,brown,1
J3464,I7122,13585.0,13590.0,green,1
J3464,I7282,13931.0,13934.0,green,2
J982,I2538,4245.0,4246.0,green,1
J982,I2731,4586.0,4590.0,green,2
J982,I2923,4984.0,4987.0,green,1
J3980,I5406,10017.0,10019.0,brown,2
J3980,I5566,10332.0,10334.0,brown,2
J3980,I6174,11604.0,11607.0,brown,1
J2125,I4562,8269.0,8272.0,brown,1
J2125,I6738,12753.0,12754.0,brown,1
J2125,I13931,27375.0,27379.0,green,1
J2125,I13938,27388.0,27389.0,brown,1
J1184,I3890,6903.0,6905.0,green,2
J1184,I9092,17867.0,17869.0,green,1
J1184,I9226,18171.0,18175.0,brown,1
J1184,I9336,18417.0,18423.0,green,2
J3957,I12680,25039.0,25040.0,brown,1
J3957,I14120,27715.0,27718.0,brown,1
J3957,I14569,28498.0,28499.0,green,1
J3957,I14825,28944.0,28945.0,green,1
J3957,I15210,29511.0,29513.0,brown,1
J3957,I15273,29613.0,29614.0,green,1
J1595,I2758,4654.0,4656.0,green,1
J1595,I3205,5546.0,5548.0,brown,1
J1595,I3493,6113.0,6115.0,brown,2
J1595,I7494,14381.0,14383.0,green,1
J1595,I10654,21114.0,21115.0,green,1
J1522,I1018,1579.0,1581.0,brown,2
J1522,I9738,19194.0,19195.0,brown,1
J4457,I11382,22555.0,22561.0,green,3
J4457,I13246,26072.0,26078.0,green,2
J4457,I13734,27001.0,27003.0,green,1
J1254,I3128,5382.0,5390.0,green,1
J1254,I3256,5646.0,5648.0,brown,1
J1254,I7000,13330.0,13334.0,brown,1
J1601,I4725,8597.0,8603.0,green,6
J94,I149,195.0,197.0,green,1
J94,I5590,10385.0,10388.0,green,1
J94,I8662,16895.0,16897.0,green,1
J94,I9565,18859.0,18861.0,brown,1
J1091,I10905,21603.0,21606.0,brown,1
J1091,I12697,25076.0,25077.0,brown,1
J1091,I12826,25323.0,25325.0,green,2
J1091,I13202,25990.0,25991.0,green,1
J1091,I13467,26506.0,26507.0,brown,1
J3628,I9705,19136.0,19137.0,brown,1
J3628,I9737,19193.0,19194.0,green,1
J3628,I10410,20584.0,20585.0,green,1
J3628,I11530,22837.0,22839.0,green,1
J3628,I12442,24550.0,24552.0,green,1
J2503,I1697,2757.0,2758.0,brown,1
J2503,I1793,2925.0,2926.0,green,1
J2503,I1921,3156.0,3157.0,green,1
J2503,I2561,4280.0,4286.0,green,3
J3701,I10498,20799.0,20802.0,brown,1
J3701,I11874,23498.0,23499.0,brown,1
J3701,I11906,23554.0,23555.0,brown,1
J3701,I12098,23942.0,23943.0,brown,1
J3701,I12370,24410.0,24412.0,brown,1
J941,I1074,1674.0,1676.0,green,2
J941,I1811,2959.0,2960.0,green,1
J941,I8243,15994.0,16002.0,green,3
J1427,I2475,4127.0,4134.0,green,5
J3253,I6233,11719.0,11722.0,brown,1
J3253,I8634,16831.0,16834.0,green,1
J3253,I10970,21723.0,21724.0,green,1
J3253,I11034,21848.0,21849.0,green,1
J3253,I12730,25144.0,25146.0,brown,1
J1961,I1669,2706.0,2707.0,brown,1
J1961,I9510,18751.0,18754.0,green,3
J1961,I11334,22461.0,22469.0,green,1
J384,I1096,1722.0,1723.0,brown,1
J384,I1865,3059.0,3062.0,green,1
J384,I2953,5044.0,5046.0,green,2
J384,I7045,13427.0,13432.0,green,1
J384,I7077,13503.0,13509.0,green,1
J1561,I3065,5252.0,5254.0,brown,2
J1561,I3386,5918.0,5923.0,green,1
J2494,I1736,2822.0,2823.0,green,1
J2494,I10648,21100.0,21105.0,brown,1
J2494,I11261,22323.0,22327.0,brown,2
J2494,I11565,22903.0,22905.0,green,2
J2056,I6093,11439.0,11440.0,green,1
J2056,I6125,11503.0,11504.0,green,1
J2056,I6253,11767.0,11768.0,green,1
J2056,I6477,12221.0,12222.0,green,1
J2056,I6509,12290.0,12297.0,green,2
J4838,I7870,15187.0,15189.0,brown,1
J4838,I11807,23358.0,23359.0,green,1
J4838,I11871,23492.0,23496.0,brown,1
J957,I3558,6227.0,6229.0,brown,1
J957,I12263,24240.0,24241.0,green,1
J957,I12999,25650.0,25651.0,green,1
J957,I14359,28126.0,28130.0,green,1
J3060,I3186,5515.0,5516.0,brown,1
J3060,I5138,9408.0,9409.0,brown,1
J3060,I5362,9916.0,9917.0,brown,1
J3060,I8403,16336.0,16337.0,green,1
J3060,I10451,20687.0,20692.0,green,1
J3060,I10707,21225.0,21226.0,green,1
J2772,I5481,10160.0,10163.0,green,3
J2782,I5292,9764.0,9765.0,brown,1
J2782,I6060,11380.0,11382.0,brown,2
J2782,I8748,17093.0,17097.0,brown,1
J2782,I11693,23124.0,23129.0,green,1
J2782,I13653,26820.0,26825.0,green,1
J2699,I1487,2397.0,2398.0,brown,1
J2699,I1551,2517.0,2518.0,brown,1
J2699,I7759,14924.0,14926.0,brown,1
J2699,I11087,21947.0,21948.0,brown,1
J2699,I11791,23318.0,23319.0,brown,1
J3223,I7797,15003.0,15004.0,brown,1
J3223,I9557,18843.0,18848.0,green,1
J3223,I12470,24605.0,24608.0,green,3
J3223,I13750,27030.0,27031.0,green,1
J3267,I9758,19240.0,19248.0,green,1
J3267,I9791,19303.0,19305.0,green,2
J3267,I9823,19361.0,19363.0,brown,1
J3267,I9855,19441.0,19442.0,brown,1
J3267,I10783,21367.0,21369.0,green,1
J4025,I10414,20595.0,20597.0,brown,1
J4025,I12783,25234.0,25236.0,green,1
J4025,I14670,28664.0,28665.0,brown,1
J4025,I14703,28730.0,28733.0,green,2
J2928,I6707,12685.0,12686.0,green,1
J2928,I6771,12830.0,12832.0,green,2
J2928,I8467,16473.0,16474.0,green,1
J2928,I8819,17260.0,17265.0,green,1
J2928,I8995,17680.0,17685.0,green,1
J4391,I9921,19572.0,19575.0,brown,1
J4391,I10049,19821.0,19822.0,brown,1
J4391,I10145,20018.0,20020.0,brown,2
J4391,I10497,20797.0,20799.0,green,2
J553,I6274,11800.0,11802.0,green,2
J553,I7618,14655.0,14656.0,brown,1
J553,I8130,15755.0,15757.0,green,1
J864,I6263,11785.0,11787.0,brown,1
J864,I8996,17685.0,17690.0,green,2
J864,I9184,18089.0,18093.0,green,1
J2480,I7110,13567.0,13568.0,green,1
J2480,I7238,13841.0,13844.0,green,3
J2480,I7302,13977.0,13980.0,green,2
J611,I101,129.0,130.0,brown,1
J611,I1926,3162.0,3165.0,green,1
J611,I3270,5671.0,5674.0,green,1
J611,I8366,16257.0,16260.0,green,1
J611,I8462,16463.0,16467.0,green,2
J11,I22,23.0,24.0,green,1
J11,I150,197.0,199.0,green,1
J11,I216,288.0,291.0,green,2
J11,I4662,8459.0,8466.0,green,1
J3943,I9293,18308.0,18311.0,red,1
J3943,I9645,19017.0,19018.0,green,1
J3943,I9805,19331.0,19336.0,green,1
J3943,I12557,24761.0,24765.0,brown,1
J3943,I14606,28569.0,28571.0,green,1
J963,I2824,4781.0,4783.0,brown,2
J963,I2984,5099.0,5101.0,brown,2
J963,I8745,17082.0,17085.0,green,2
J856,I2584,4340.0,4344.0,green,4
J856,I2744,4625.0,4626.0,brown,1
J856,I10360,20495.0,20500.0,green,1
J4507,I9876,19477.0,19479.0,brown,1
J4507,I10996,21765.0,21766.0,green,1
J4507,I12564,24777.0,24779.0,brown,1
J4507,I13748,27025.0,27029.0,brown,1
J4507,I14140,27756.0,27757.0,brown,1
J4507,I14437,28265.0,28266.0,brown,1
J881,I3790,6699.0,6701.0,green,2
J4717,I5007,9163.0,9166.0,brown,1
J4717,I7215,13792.0,13793.0,brown,1
J4717,I13808,27150.0,27152.0,green,1
J1337,I4407,7956.0,7960.0,green,2
J1337,I4715,8573.0,8579.0,green,1
J3888,I7284,13935.0,13937.0,green,1
J3888,I7285,13937.0,13939.0,green,2
J3888,I11093,21958.0,21959.0,brown,1
J3008,I10020,19763.0,19764.0,brown,1
J3008,I10148,20022.0,20023.0,brown,1
J3008,I10436,20643.0,20644.0,brown,1
J3591,I10153,20033.0,20035.0,green,2
J2054,I639,947.0,951.0,green,1
J2054,I927,1431.0,1432.0,brown,1
J2054,I8095,15672.0,15673.0,brown,1
J1593,I3609,6341.0,6343.0,green,1
J1593,I3705,6517.0,6520.0,green,3
J1593,I4281,7662.0,7663.0,green,1
J1593,I4313,7747.0,7748.0,green,1
J1250,I1810,2958.0,2959.0,green,1
J1250,I3443,6018.0,6025.0,green,2
J1250,I3666,6450.0,6452.0,brown,1
J3016,I6926,13157.0,13158.0,brown,1
J3016,I9871,19464.0,19471.0,green,1
J3016,I13871,27265.0,27267.0,green,1
J2625,I5557,10315.0,10317.0,brown,1
J2625,I9750,19215.0,19220.0,green,1
J2625,I11926,23590.0,23591.0,green,1
J2625,I12214,24159.0,24162.0,green,1
J4804,I11539,22854.0,22864.0,green,1
J4804,I12403,24474.0,24478.0,green,1
J4804,I14387,28178.0,28180.0,green,1
J2469,I2555,4271.0,4273.0,brown,2
J2469,I5308,9795.0,9798.0,green,2
J2469,I7484,14350.0,14352.0,green,1
J2469,I8092,15668.0,15670.0,green,1
J525,I613,905.0,907.0,brown,1
J525,I3270,5671.0,5674.0,green,2
J525,I4038,7177.0,7179.0,brown,1
J525,I7398,14183.0,14184.0,green,1
J1880,I7608,14628.0,14629.0,brown,1
J1880,I8728,17043.0,17045.0,brown,1
J1880,I13177,25947.0,25952.0,green,1
J4374,I7849,15121.0,15126.0,green,1
J4374,I9961,19656.0,19660.0,green,1
J4374,I10505,20825.0,20830.0,green,1
J4374,I12714,25107.0,25109.0,green,1
J4979,I13949,27417.0,27418.0,green,1
J4979,I14109,27697.0,27698.0,brown,1
J4979,I15325,29688.0,29690.0,green,1
J4979,I15333,29699.0,29701.0,green,2
J4979,I15485,29918.0,29919.0,green,1
J710,I2203,3651.0,3652.0,green,1
J710,I2332,3884.0,3886.0,green,1
J710,I2908,4963.0,4965.0,green,2
J710,I4476,8109.0,8110.0,green,1
J710,I7484,14350.0,14352.0,green,1
J1908,I6896,13090.0,13099.0,green,2
J1908,I9327,18396.0,18398.0,brown,1
J1908,I9616,18961.0,18964.0,green,1
J1908,I10496,20794.0,20797.0,green,1
J1900,I5017,9189.0,9190.0,green,1
J1900,I5049,9253.0,9256.0,green,3
J78,I210,279.0,281.0,green,1
J78,I242,331.0,333.0,green,1
J78,I244,334.0,335.0,green,1
J78,I340,480.0,482.0,green,1
J4821,I13384,26331.0,26334.0,green,2
J2959,I5515,10227.0,10228.0,brown,1
J2959,I6828,12944.0,12946.0,green,2
J2959,I6956,13232.0,13234.0,green,2
J1716,I4961,9060.0,9064.0,green,3
J2973,I5987,11205.0,11216.0,green,1
J2973,I7266,13899.0,13903.0,brown,1
J1060,I2954,5046.0,5051.0,green,4
J1060,I7342,14066.0,14069.0,green,1
J1060,I7448,14290.0,14298.0,green,1
J838,I862,1330.0,1331.0,brown,1
J838,I926,1430.0,1431.0,brown,1
J838,I1054,1641.0,1642.0,brown,1
J838,I3487,6100.0,6104.0,green,1
J838,I10023,19769.0,19774.0,green,1
J402,I915,1412.0,1413.0,brown,1
J402,I947,1466.0,1467.0,green,1
J402,I2035,3349.0,3351.0,brown,1
J1290,I3737,6587.0,6589.0,green,2
J1290,I3930,6976.0,6980.0,green,1
J1394,I286,394.0,395.0,green,1
J1394,I574,851.0,852.0,green,1
J1394,I798,1219.0,1220.0,brown,1
J1394,I1566,2546.0,2547.0,green,1
J2178,I4413,7973.0,7978.0,green,1
J2178,I8733,17051.0,17056.0,green,1
J2178,I10229,20193.0,20195.0,green,2
J1080,I1451,2338.0,2339.0,brown,1
J1080,I3148,5426.0,5428.0,green,1
J1080,I7192,13733.0,13739.0,green,1
J266,I949,1468.0,1472.0,brown,1
J266,I5334,9860.0,9861.0,green,1
J3838,I5771,10783.0,10788.0,red,2
J3838,I5803,10848.0,10849.0,brown,1
J3838,I6251,11760.0,11763.0,brown,1
J3838,I12820,25307.0,25308.0,green,1
J48,I254,347.0,348.0,green,1
J48,I830,1284.0,1287.0,green,1
J48,I1119,1757.0,1760.0,green,1
J48,I1695,2752.0,2755.0,green,1
J48,I2047,3376.0,3380.0,green,1
J48,I2783,4707.0,4711.0,green,1
J4077,I8835,17312.0,17315.0,green,1
J4077,I12628,24922.0,24927.0,green,1
J4077,I14532,28430.0,28434.0,green,2
J599,I218,292.0,294.0,brown,1
J599,I7067,13477.0,13480.0,green,2
J599,I9828,19373.0,19377.0,green,2
J599,I9867,19459.0,19461.0,green,1
J2107,I1217,1927.0,1929.0,red,1
J2107,I9377,18506.0,18507.0,brown,1
J2107,I9921,19572.0,19575.0,brown,1
J2107,I14849,28982.0,28984.0,brown,2
J2107,I15074,29303.0,29305.0,green,1
J4191,I11150,22088.0,22091.0,green,1
J4191,I13517,26580.0,26583.0,brown,1
J4191,I14030,27560.0,27561.0,green,1
J1965,I11653,23053.0,23057.0,green,4
J1419,I10105,19931.0,19941.0,green,2
J1419,I11961,23656.0,23657.0,green,1
J1419,I12409,24493.0,24494.0,green,1
J4620,I12152,24036.0,24041.0,green,4
J4620,I12248,24218.0,24219.0,green,1
J4620,I14936,29105.0,29107.0,green,1
J4526,I9894,19515.0,19517.0,red,2
J4526,I9991,19708.0,19711.0,green,2
J4526,I11048,21874.0,21877.0,green,2
J4588,I5035,9222.0,9224.0,brown,1
J4588,I13036,25723.0,25724.0,green,1
J4588,I13580,26696.0,26699.0,green,2
J4588,I13804,27139.0,27146.0,green,1
J4588,I14908,29063.0,29065.0,green,1
J1065,I3068,5257.0,5258.0,green,1
J1065,I3997,7098.0,7100.0,green,2
J1065,I4893,8934.0,8937.0,green,3
J2844,I7203,13762.0,13766.0,green,4
J2844,I7235,13832.0,13836.0,green,2
J3271,I856,1322.0,1325.0,red,1
J3271,I9368,18492.0,18495.0,brown,1
J3271,I11448,22665.0,22666.0,green,1
J4702,I11013,21799.0,21804.0,green,1
J4702,I11237,22278.0,22283.0,green,1
J4702,I13605,26730.0,26735.0,green,2
J4702,I14629,28600.0,28603.0,green,1
J4702,I15172,29451.0,29452.0,brown,1
J2881,I7388,14167.0,14168.0,brown,1
J2881,I8701,16983.0,16987.0,green,1
J2881,I11125,22033.0,22035.0,green,2
J2881,I11301,22393.0,22398.0,green,1
J707,I2315,3849.0,3850.0,brown,1
J707,I2476,4134.0,4135.0,green,1
J707,I2924,4987.0,4988.0,green,1
J707,I4376,7887.0,7893.0,green,2
J4827,I13737,27007.0,27009.0,brown,2
J4827,I13898,27311.0,27318.0,green,1
J3295,I1941,3193.0,3195.0,brown,1
J3295,I2101,3467.0,3468.0,brown,1
J3295,I10550,20917.0,20919.0,green,1
J3295,I11157,22101.0,22104.0,brown,1
J3295,I11957,23652.0,23653.0,brown,1
J4086,I7997,15448.0,15450.0,brown,2
J4086,I8093,15670.0,15671.0,brown,1
J4086,I8222,15948.0,15949.0,green,1
J2541,I2096,3458.0,3459.0,green,1
J2541,I7288,13942.0,13946.0,green,1
J2541,I7320,14018.0,14032.0,green,1
J1521,I433,634.0,635.0,brown,1
J1521,I562,833.0,835.0,brown,1
J1521,I5026,9203.0,9206.0,green,2
J1521,I5186,9546.0,9548.0,green,1
J1521,I6651,12565.0,12567.0,green,1
J2354,I3439,6012.0,6013.0,brown,1
J2354,I3568,6250.0,6253.0,green,1
J2354,I3760,6631.0,6633.0,green,2
J2354,I3856,6830.0,6835.0,green,1
J4625,I10375,20518.0,20519.0,brown,1
J4625,I10535,20894.0,20895.0,red,1
J4692,I11974,23678.0,23682.0,green,1
J4692,I14854,28993.0,28995.0,green,1
J4692,I15381,29768.0,29769.0,brown,1
J4945,I14367,28149.0,28152.0,green,1
J4945,I14719,28760.0,28762.0,green,1
J4945,I15167,29445.0,29446.0,green,1
J4945,I15231,29545.0,29550.0,green,3
J940,I1966,3234.0,3236.0,green,2
J940,I2927,4992.0,4993.0,green,1
J940,I3487,6100.0,6104.0,green,1
J940,I3791,6701.0,6708.0,green,1
J940,I3887,6899.0,6900.0,green,1
J1134,I9080,17846.0,17849.0,brown,2
J1134,I9752,19222.0,19225.0,green,1
J1134,I10073,19869.0,19875.0,green,2
J1134,I14744,28804.0,28806.0,brown,1
J3094,I5509,10219.0,10220.0,brown,1
J3094,I5573,10346.0,10347.0,brown,1
J3094,I5669,10538.0,10540.0,brown,2
J4395,I4786,8733.0,8737.0,brown,2
J4395,I6354,11969.0,11972.0,brown,2
J4395,I6930,13166.0,13168.0,brown,1
J2312,I5480,10158.0,10160.0,green,1
J2312,I5608,10426.0,10432.0,green,4
J3686,I620,921.0,922.0,green,1
J3686,I1036,1615.0,1616.0,brown,1
J3686,I2413,4014.0,4016.0,green,2
J3686,I6509,12290.0,12297.0,green,1
J3686,I11646,23036.0,23037.0,green,1
J3415,I3346,5839.0,5842.0,brown,1
J3415,I4914,8966.0,8967.0,brown,1
J3415,I5778,10802.0,10803.0,brown,1
J3415,I11539,22854.0,22864.0,green,1
J3415,I12371,24412.0,24413.0,green,1
J970,I2526,4228.0,4229.0,brown,1
J970,I12471,24608.0,24613.0,green,2
J4842,I7531,14463.0,14466.0,brown,1
J4842,I12396,24455.0,24459.0,green,2
J4842,I14987,29188.0,29189.0,brown,1
J4477,I14059,27607.0,27611.0,brown,2
J4477,I14220,27874.0,27879.0,green,1
J3984,I11835,23425.0,23429.0,green,2
J3984,I11995,23720.0,23724.0,green,1
J3984,I12346,24370.0,24371.0,brown,1
J3984,I12602,24863.0,24864.0,green,1
J3984,I13722,26974.0,26976.0,brown,1
J1276,I3596,6315.0,6316.0,brown,1
J1276,I3853,6819.0,6821.0,green,1
J1276,I6541,12351.0,12356.0,green,1
J1276,I9356,18461.0,18463.0,brown,1
J1276,I11189,22164.0,22167.0,green,1
J648,I1925,3161.0,3162.0,green,1
J648,I2309,3835.0,3839.0,green,1
J648,I3237,5606.0,5610.0,green,1
J648,I5461,10117.0,10126.0,green,1
J648,I6181,11619.0,11620.0,green,1
J4541,I7766,14937.0,14941.0,brown,1
J4541,I12054,23860.0,23863.0,brown,1
J4541,I12103,23947.0,23952.0,green,3
J4541,I14421,28240.0,28243.0,green,1
J116,I481,701.0,704.0,green,1
J116,I4354,7839.0,7840.0,green,1
J116,I5827,10892.0,10893.0,brown,1
J116,I7683,14773.0,14774.0,brown,1
J116,I8790,17201.0,17204.0,green,1
J14,I50,57.0,58.0,green,1
J14,I82,101.0,103.0,brown,2
J4812,I8843,17332.0,17335.0,green,1
J4812,I14476,28330.0,28331.0,green,1
J2835,I5829,10894.0,10899.0,green,2
J2835,I6116,11487.0,11489.0,brown,1
J2835,I6148,11557.0,11558.0,brown,1
J2835,I11269,22338.0,22341.0,green,2
J1973,I5284,9752.0,9754.0,green,2
J1973,I5764,10774.0,10776.0,green,2
J3304,I3542,6200.0,6201.0,brown,1
J3304,I4279,7657.0,7659.0,green,1
J3304,I9399,18544.0,18546.0,green,1
J3304,I10023,19769.0,19774.0,green,1
J3304,I10071,19863.0,19867.0,green,1
J3304,I11223,22247.0,22251.0,green,1
J2173,I2691,4522.0,4524.0,green,1
J2173,I2754,4645.0,4647.0,brown,1
J2173,I2947,5028.0,5032.0,green,1
J2173,I10451,20687.0,20692.0,green,2
J3346,I8803,17225.0,17228.0,green,2
J3346,I11795,23327.0,23329.0,green,1
J4409,I4477,8110.0,8112.0,brown,1
J4409,I4925,8991.0,8993.0,brown,1
J3798,I8544,16657.0,16661.0,green,1
J3798,I8959,17585.0,17586.0,brown,1
J3798,I13903,27324.0,27325.0,brown,1
J3798,I13983,27468.0,27469.0,brown,1
J3798,I14255,27940.0,27941.0,brown,1
J3798,I14307,28036.0,28037.0,brown,1
J492,I688,1030.0,1032.0,green,1
J492,I720,1089.0,1090.0,green,1
J492,I752,1140.0,1143.0,brown,1
J492,I1008,1565.0,1566.0,green,1
J492,I1681,2728.0,2730.0,brown,1
J492,I2932,4999.0,5003.0,green,1
J3487,I5825,10887.0,10889.0,brown,1
J3487,I6017,11294.0,11296.0,brown,1
J3487,I13954,27423.0,27427.0,green,1
J3487,I14162,27787.0,27788.0,green,1
J3487,I14194,27837.0,27838.0,green,1
J3487,I14411,28221.0,28224.0,brown,1
J4241,I7049,13439.0,13441.0,brown,1
J4241,I11498,22773.0,22774.0,green,1
J4241,I11914,23568.0,23569.0,brown,1
J4241,I13322,26206.0,26210.0,green,1
J4241,I13438,26444.0,26446.0,green,1
J493,I1875,3080.0,3081.0,brown,1
J493,I9499,18732.0,18734.0,brown,1
J493,I9828,19373.0,19377.0,green,1
J4414,I1719,2793.0,2794.0,red,1
J4414,I14456,28293.0,28294.0,green,1
J4414,I14616,28583.0,28584.0,brown,1
J4414,I14888,29039.0,29040.0,green,1
J4414,I15176,29459.0,29461.0,green,1
J2528,I6932,13170.0,13172.0,green,2
J2528,I8836,17315.0,17317.0,green,1
J1862,I14871,29017.0,29020.0,brown,1
J1862,I15127,29390.0,29391.0,brown,1
J3576,I8634,16831.0,16834.0,green,1
J3576,I13242,26062.0,26063.0,brown,1
J3576,I13658,26834.0,26836.0,brown,1
J609,I1460,2355.0,2357.0,green,1
J609,I1621,2638.0,2643.0,green,2
J609,I3925,6965.0,6967.0,green,2
J609,I8149,15797.0,15800.0,green,1
J4492,I7410,14205.0,14209.0,brown,1
J4492,I8755,17110.0,17121.0,green,1
J4492,I11602,22961.0,22962.0,brown,1
J4492,I11763,23267.0,23270.0,green,1
J4492,I12146,24025.0,24027.0,brown,1
J4492,I14005,27510.0,27513.0,green,1
J2705,I1715,2787.0,2789.0,green,1
J2705,I3891,6905.0,6907.0,green,1
J2705,I6259,11777.0,11781.0,green,3
J142,I696,1043.0,1045.0,green,1
J142,I760,1151.0,1152.0,brown,1
J1512,I4153,7407.0,7411.0,green,2
J1512,I5009,9168.0,9174.0,green,1
J1512,I5073,9292.0,9296.0,green,3
J2237,I1110,1743.0,1744.0,brown,1
J2237,I2006,3298.0,3301.0,brown,1
J2237,I2966,5069.0,5070.0,brown,1
J2237,I5622,10454.0,10456.0,brown,1
J2237,I9302,18332.0,18334.0,brown,1
J4895,I13221,26029.0,26031.0,brown,1
J4895,I13670,26863.0,26866.0,green,2
J4895,I14630,28603.0,28605.0,green,1
J4895,I15078,29308.0,29309.0,green,1
J1934,I5465,10132.0,10134.0,green,2
J1934,I6105,11463.0,11469.0,green,1
J1934,I7161,13675.0,13677.0,green,2
J1934,I10786,21372.0,21374.0,green,1
J547,I2033,3343.0,3346.0,green,1
J547,I2097,3459.0,3461.0,green,2
J547,I3665,6444.0,6450.0,green,2
J547,I5185,9544.0,9546.0,green,1
J2818,I1705,2768.0,2769.0,green,1
J2818,I7561,14532.0,14534.0,brown,1
J2818,I8664,16899.0,16903.0,green,2
J2818,I8854,17355.0,17359.0,green,2
J4205,I12526,24707.0,24710.0,green,1
J4205,I12749,25179.0,25181.0,brown,2
J1305,I5462,10126.0,10129.0,brown,2
J340,I1253,1986.0,1987.0,brown,1
J340,I6758,12807.0,12809.0,green,1
J340,I8134,15761.0,15769.0,green,1
J340,I11830,23411.0,23414.0,green,1
J4354,I6185,11628.0,11630.0,brown,2
J4354,I6217,11681.0,11684.0,brown,1
J4354,I12394,24452.0,24454.0,green,2
J4822,I11592,22942.0,22943.0,green,1
J4822,I11784,23306.0,23308.0,brown,1
J4822,I11880,23505.0,23508.0,brown,3
J1524,I2266,3759.0,3762.0,green,1
J1524,I3130,5391.0,5394.0,green,1
J1524,I4282,7663.0,7674.0,green,4
J1842,I1338,2141.0,2142.0,green,1
J1842,I3034,5193.0,5198.0,brown,2
J1842,I10203,20155.0,20158.0,green,2
J1454,I2865,4873.0,4875.0,green,2
J1454,I2929,4994.0,4995.0,brown,1
J1454,I3057,5235.0,5237.0,green,1
J1454,I4849,8848.0,8849.0,green,1
J1454,I6105,11463.0,11469.0,green,1
J4612,I12915,25497.0,25500.0,brown,2
J3854,I12540,24733.0,24737.0,green,2
J3854,I13749,27029.0,27030.0,green,1
J654,I2561,4280.0,4286.0,green,1
J654,I3297,5745.0,5748.0,green,1
J654,I3745,6603.0,6607.0,green,1
J654,I5120,9375.0,9376.0,brown,1
J654,I8321,16164.0,16165.0,green,1
J654,I9411,18567.0,18571.0,green,1
J835,I2757,4653.0,4654.0,green,1
J835,I3909,6933.0,6935.0,brown,1
J835,I10021,19764.0,19767.0,brown,1
J835,I10630,21066.0,21067.0,green,1
J835,I10998,21767.0,21771.0,green,1
J835,I11326,22447.0,22448.0,green,1
J4539,I10490,20776.0,20780.0,green,1
J1160,I3566,6246.0,6248.0,brown,2
J1160,I3630,6377.0,6378.0,brown,1
J1160,I8783,17181.0,17182.0,green,1
J1160,I9935,19594.0,19595.0,green,1
J1576,I3494,6115.0,6117.0,green,1
J1576,I3526,6171.0,6172.0,green,1
J1576,I3686,6477.0,6483.0,green,1
J1576,I4038,7177.0,7179.0,brown,1
J1576,I4486,8133.0,8138.0,green,2
J96,I306,422.0,426.0,green,1
J96,I8339,16200.0,16202.0,green,1
J96,I10338,20458.0,20461.0,green,1
J96,I10547,20913.0,20915.0,green,1
J96,I10884,21565.0,21570.0,green,2
J1602,I4631,8402.0,8403.0,green,1
J1602,I4663,8466.0,8467.0,green,1
J1602,I4695,8529.0,8530.0,green,1
J1602,I4759,8684.0,8689.0,green,1
J1602,I8567,16696.0,16699.0,green,2
J4959,I10374,20517.0,20518.0,green,1
J4959,I10438,20648.0,20650.0,brown,1
J4959,I12422,24520.0,24521.0,green,1
J4959,I14503,28377.0,28378.0,brown,1
J846,I414,601.0,602.0,brown,1
J846,I415,602.0,604.0,green,1
J846,I511,751.0,752.0,green,1
J846,I1599,2601.0,2607.0,green,3
J3172,I9696,19115.0,19119.0,green,1
J872,I3355,5856.0,5857.0,brown,1
J3345,I5992,11222.0,11225.0,brown,1
J3345,I11511,22793.0,22796.0,green,3
J2224,I3093,5321.0,5323.0,brown,1
J2224,I10646,21097.0,21099.0,green,1
J2224,I10750,21309.0,21314.0,green,4
J1079,I2042,3368.0,3369.0,green,1
J1079,I2235,3707.0,3709.0,green,1
J1079,I6139,11532.0,11536.0,green,4
J537,I1070,1669.0,1670.0,green,1
J537,I1102,1728.0,1733.0,green,3
J4648,I11400,22590.0,22591.0,brown,1
J4648,I11784,23306.0,23308.0,brown,1
J4648,I13192,25976.0,25977.0,brown,1
J4257,I4346,7822.0,7825.0,brown,1
J4257,I4378,7894.0,7896.0,red,1
J4257,I6234,11722.0,11725.0,brown,1
J4257,I7482,14347.0,14348.0,brown,1
J4257,I10074,19875.0,19876.0,brown,1
J4257,I14459,28297.0,28298.0,green,1
J4859,I14426,28248.0,28250.0,brown,1
J4859,I14971,29166.0,29169.0,green,1
J4859,I15066,29294.0,29295.0,brown,1
J4859,I15087,29322.0,29323.0,green,1
J344,I7015,13356.0,13364.0,green,1
J344,I11527,22826.0,22834.0,green,1
J4984,I15255,29586.0,29588.0,green,2
J4984,I15271,29609.0,29612.0,green,1
J4984,I15447,29865.0,29866.0,green,1
J2383,I4873,8895.0,8897.0,brown,1
J2383,I5322,9826.0,9832.0,green,2
J2383,I5610,10435.0,10438.0,green,1
J2383,I6682,12633.0,12641.0,green,1
J2383,I7402,14192.0,14193.0,green,1
J1706,I1929,3168.0,3169.0,brown,1
J1706,I7370,14130.0,14136.0,green,2
J1706,I7850,15126.0,15131.0,green,1
J1440,I5985,11196.0,11204.0,green,1
J1440,I11360,22518.0,22520.0,brown,1
J1440,I12407,24483.0,24491.0,green,3
J1440,I12489,24637.0,24640.0,green,1
J257,I872,1346.0,1347.0,brown,1
J257,I905,1397.0,1399.0,red,1
J257,I936,1441.0,1443.0,brown,1
J257,I9385,18521.0,18523.0,green,2
J2396,I6476,12218.0,12221.0,green,1
J2971,I5466,10134.0,10135.0,red,1
J2971,I5818,10877.0,10878.0,brown,1
J2971,I8827,17278.0,17280.0,green,2
J2971,I8987,17655.0,17656.0,brown,1
J2971,I9403,18553.0,18554.0,brown,1
J425,I1618,2634.0,2635.0,green,1
J425,I1650,2681.0,2682.0,green,1
J425,I2098,3461.0,3462.0,green,1
J425,I4178,7461.0,7464.0,green,1
J425,I7610,14635.0,14641.0,green,1
J4712,I10057,19834.0,19835.0,red,1
J4712,I10249,20242.0,20243.0,brown,1
J4712,I11305,22402.0,22403.0,brown,1
J4712,I12266,24244.0,24246.0,green,2
J1452,I4025,7151.0,7155.0,green,4
J1452,I4057,7208.0,7210.0,green,2
J2877,I1676,2719.0,2721.0,brown,1
J2877,I10189,20104.0,20106.0,green,1
J2877,I11683,23109.0,23112.0,green,3
J759,I897,1384.0,1388.0,green,2
J759,I960,1486.0,1487.0,green,1
J759,I2433,4052.0,4053.0,brown,1
J759,I3841,6794.0,6799.0,green,2
J419,I6136,11529.0,11530.0,brown,1
J419,I7000,13330.0,13334.0,brown,1
J419,I12921,25507.0,25508.0,green,1
J419,I12953,25563.0,25564.0,brown,1
J888,I2080,3430.0,3432.0,green,2
J888,I2176,3605.0,3610.0,green,2
J888,I2336,3890.0,3893.0,green,1
J1718,I5125,9384.0,9385.0,brown,1
J1718,I6373,12018.0,12019.0,brown,1
J1718,I6405,12068.0,12070.0,brown,2
J4498,I4816,8788.0,8789.0,brown,1
J4498,I8400,16327.0,16328.0,brown,1
J4498,I10864,21534.0,21536.0,brown,2
J4498,I13856,27238.0,27239.0,brown,1
J4498,I14480,28344.0,28346.0,brown,1
J4538,I13475,26518.0,26519.0,green,1
J4538,I13667,26854.0,26855.0,green,1
J4538,I13731,26990.0,26998.0,green,2
J4538,I13859,27244.0,27247.0,green,1
J4538,I15107,29354.0,29355.0,green,1
J798,I1260,1998.0,1999.0,green,1
J798,I1292,2052.0,2054.0,green,2
J798,I3212,5561.0,5564.0,green,1
J798,I3372,5894.0,5895.0,green,1
J4691,I13710,26950.0,26954.0,green,4
J4691,I13742,27015.0,27017.0,green,2
J670,I2290,3803.0,3811.0,green,5
J670,I2354,3920.0,3926.0,green,1
J2960,I7448,14290.0,14298.0,green,1
J2960,I9127,17954.0,17971.0,green,1
J2960,I9499,18732.0,18734.0,brown,1
J2960,I9607,18943.0,18944.0,brown,1
J3774,I5576,10351.0,10353.0,brown,2
J3774,I5641,10487.0,10490.0,green,1
J3774,I5768,10779.0,10780.0,brown,1
J3774,I5961,11147.0,11153.0,green,2
J2815,I4578,8303.0,8305.0,green,1
J2815,I4641,8414.0,8415.0,brown,1
J2815,I4674,8488.0,8491.0,green,2
J2815,I6914,13131.0,13134.0,green,1
J2815,I9496,18729.0,18730.0,green,1
J3609,I3376,5905.0,5906.0,green,1
J3609,I3408,5954.0,5956.0,brown,1
J3609,I9585,18895.0,18897.0,green,1
J3609,I11813,23372.0,23377.0,green,1
J3609,I12030,23790.0,23804.0,green,2
J1573,I14494,28363.0,28364.0,green,1
J1573,I15406,29805.0,29806.0,brown,1
J1283,I4466,8087.0,8088.0,brown,1
J1283,I4498,8151.0,8153.0,brown,1
J1283,I13298,26159.0,26160.0,brown,1
J1283,I13843,27214.0,27216.0,green,1
J1283,I14475,28328.0,28330.0,green,1
J1283,I14643,28629.0,28630.0,green,1
J980,I2368,3943.0,3944.0,brown,1
J980,I4853,8856.0,8859.0,green,2
J4656,I12870,25406.0,25408.0,brown,2
J4656,I13158,25920.0,25921.0,brown,1
J4656,I13222,26031.0,26032.0,brown,1
J4656,I13799,27127.0,27131.0,green,2
J373,I1311,2088.0,2089.0,green,1
J373,I1407,2266.0,2267.0,green,1
J373,I1471,2368.0,2369.0,green,1
J373,I1503,2421.0,2423.0,green,1
J373,I2463,4102.0,4104.0,green,1
J373,I3161,5457.0,5462.0,green,1
J857,I2569,4303.0,4305.0,green,1
J857,I2570,4305.0,4307.0,green,1
J857,I2634,4414.0,4416.0,green,1
J857,I2730,4584.0,4586.0,green,1
J1326,I2783,4707.0,4711.0,green,2
J1326,I4949,9033.0,9040.0,green,1
J2552,I5872,10974.0,10975.0,brown,1
J2552,I12945,25553.0,25554.0,green,1
J3787,I8896,17445.0,17447.0,brown,2
J3787,I14593,28545.0,28549.0,green,2
J3420,I8748,17093.0,17097.0,brown,2
J3420,I10028,19778.0,19782.0,green,1
J3420,I10188,20101.0,20104.0,green,3
J4104,I14112,27701.0,27706.0,green,1
J4104,I15040,29260.0,29264.0,green,1
J892,I1391,2240.0,2241.0,green,1
J892,I1456,2349.0,2352.0,green,1
J892,I1520,2457.0,2462.0,green,1
J892,I1712,2781.0,2782.0,green,1
J892,I1776,2897.0,2899.0,green,1
J892,I3664,6441.0,6444.0,green,1
J3713,I3979,7069.0,7070.0,green,1
J3713,I4075,7242.0,7244.0,brown,1
J3713,I4107,7295.0,7296.0,green,1
J3713,I8588,16740.0,16741.0,green,1
J3713,I12662,25005.0,25007.0,brown,1
J4378,I13847,27223.0,27225.0,brown,1
J4378,I14103,27685.0,27686.0,brown,1
J4378,I14871,29017.0,29020.0,brown,1
J4378,I15031,29249.0,29250.0,brown,1
J4378,I15297,29651.0,29652.0,brown,1
J4378,I15311,29672.0,29673.0,brown,1
J3365,I8055,15574.0,15578.0,green,4
J520,I673,1005.0,1006.0,brown,1
J520,I706,1060.0,1061.0,green,1
J520,I930,1434.0,1436.0,green,1
J520,I962,1488.0,1489.0,green,1
J520,I2598,4360.0,4361.0,green,1
J1951,I1678,2723.0,2725.0,green,1
J1951,I1711,2779.0,2781.0,green,2
J1951,I1775,2889.0,2897.0,green,3
J1041,I8556,16678.0,16680.0,brown,1
J1041,I10285,20311.0,20319.0,green,1
J1041,I10541,20904.0,20906.0,green,1
J1041,I11933,23601.0,23603.0,green,1
J460,I1403,2256.0,2258.0,brown,1
J460,I7611,14641.0,14644.0,brown,1
J460,I12252,24224.0,24225.0,green,1
J551,I2423,4038.0,4039.0,brown,1
J551,I5623,10456.0,10458.0,brown,1
J551,I13800,27131.0,27136.0,green,1
J551,I13991,27483.0,27486.0,brown,1
J686,I1296,2058.0,2062.0,brown,1
J686,I1424,2290.0,2292.0,brown,1
J686,I3153,5444.0,5445.0,green,1
J686,I4721,8588.0,8589.0,green,1
J686,I8369,16264.0,16265.0,green,1
J686,I9411,18567.0,18571.0,green,1
J4316,I14561,28483.0,28484.0,green,1
J4316,I14593,28545.0,28549.0,green,2
J1468,I1390,2237.0,2240.0,green,1
J1468,I1421,2285.0,2286.0,brown,1
J1468,I1454,2342.0,2343.0,green,1
J1468,I1774,2883.0,2889.0,green,1
J1468,I2862,4867.0,4871.0,green,2
J3332,I6579,12438.0,12439.0,green,1
J3332,I6739,12754.0,12757.0,brown,1
J3332,I8211,15920.0,15924.0,green,1
J3332,I11091,21953.0,21956.0,brown,1
J840,I2438,4059.0,4062.0,green,3
J840,I2471,4117.0,4118.0,brown,1
J840,I2502,4183.0,4184.0,green,1
J840,I2886,4924.0,4925.0,green,1
J4515,I7665,14743.0,14744.0,brown,1
J4515,I7697,14802.0,14805.0,brown,1
J2105,I2421,4030.0,4037.0,green,2
J2105,I2452,4084.0,4086.0,green,1
J2105,I7541,14489.0,14492.0,green,1
J1245,I3476,6082.0,6084.0,brown,1
J1245,I3573,6266.0,6271.0,green,3
J1245,I8789,17198.0,17201.0,green,1
J2684,I6019,11298.0,11303.0,green,3
J2684,I7458,14312.0,14313.0,brown,1
J2684,I12106,23959.0,23961.0,brown,1
J2684,I12579,24814.0,24816.0,green,1
J263,I3686,6477.0,6483.0,green,1
J263,I9990,19704.0,19708.0,green,1
J4315,I2664,4484.0,4485.0,brown,1
J4315,I6953,13216.0,13229.0,green,1
J4315,I7048,13436.0,13439.0,brown,1
J4315,I12904,25480.0,25482.0,brown,1
J4315,I13281,26131.0,26136.0,green,1
J3368,I9675,19066.0,19070.0,green,4
J3368,I9707,19138.0,19141.0,green,1
J3368,I9835,19386.0,19387.0,brown,1
J3816,I5012,9177.0,9183.0,green,2
J3816,I5171,9512.0,9514.0,brown,1
J3816,I5491,10180.0,10182.0,brown,1
J3816,I7380,14149.0,14156.0,green,1
J4045,I6676,12622.0,12625.0,brown,1
J4045,I12404,24478.0,24479.0,brown,1
J4045,I13108,25835.0,25836.0,brown,1
J4045,I13660,26838.0,26839.0,brown,1
J4045,I14452,28284.0,28289.0,brown,1
J4045,I14856,28996.0,28997.0,brown,1
J4509,I14527,28423.0,28424.0,green,1
J4509,I14559,28477.0,28479.0,green,1
J4509,I14623,28593.0,28595.0,green,1
J4509,I14783,28868.0,28870.0,green,1
J1675,I843,1306.0,1307.0,brown,1
J1675,I3468,6065.0,6072.0,green,3
J2817,I5891,11011.0,11013.0,green,2
J2817,I5923,11073.0,11075.0,green,1
J1580,I2305,3830.0,3832.0,brown,2
J1580,I3298,5748.0,5751.0,green,1
J1580,I3554,6215.0,6217.0,green,1
J3101,I7168,13686.0,13688.0,green,2
J3101,I7200,13759.0,13760.0,green,1
J3101,I7296,13961.0,13965.0,green,1
J3101,I7520,14441.0,14444.0,green,2
J2868,I3957,7025.0,7027.0,brown,1
J2868,I6421,12101.0,12102.0,brown,1
J2868,I9621,18969.0,18973.0,green,1
J2868,I11190,22167.0,22170.0,green,1
J2868,I13782,27095.0,27096.0,green,1
J3262,I2399,3989.0,3993.0,green,1
J3262,I11519,22809.0,22811.0,brown,2
J3262,I11523,22816.0,22821.0,green,1
J1509,I1198,1895.0,1896.0,green,1
J1509,I1230,1950.0,1951.0,green,1
J1509,I1326,2116.0,2118.0,green,2
J1509,I5707,10622.0,10629.0,green,1
J1647,I2275,3774.0,3775.0,brown,1
J1647,I8644,16855.0,16860.0,green,1
J1647,I9251,18226.0,18228.0,brown,1
J2084,I5347,9884.0,9889.0,green,5
J2324,I1770,2874.0,2876.0,green,2
J2324,I6186,11630.0,11631.0,brown,1
J2324,I6314,11874.0,11877.0,brown,1
J2324,I10763,21331.0,21332.0,green,1
J2324,I11131,22044.0,22045.0,brown,1
J3996,I9836,19387.0,19393.0,green,6
J515,I1805,2948.0,2949.0,green,1
J515,I5581,10357.0,10359.0,green,1
J515,I7509,14419.0,14421.0,green,2
J954,I269,369.0,370.0,brown,1
J954,I397,571.0,573.0,green,1
J954,I590,875.0,879.0,green,1
J954,I4974,9089.0,9095.0,green,2
J954,I8510,16569.0,16581.0,green,1
J4415,I12578,24810.0,24814.0,green,2
J4624,I11002,21777.0,21782.0,green,1
J4624,I13402,26370.0,26371.0,brown,1
J4624,I13658,26834.0,26836.0,brown,1
J4624,I14299,28022.0,28026.0,green,1
J4624,I14906,29060.0,29062.0,brown,2
J4556,I13736,27005.0,27007.0,brown,1
J4556,I15113,29366.0,29367.0,green,1
J4556,I15145,29412.0,29413.0,green,1
J4556,I15501,29937.0,29938.0,green,1
J2549,I9964,19662.0,19663.0,green,1
J2549,I12109,23965.0,23967.0,green,2
J2549,I12781,25230.0,25232.0,green,1
J2549,I14509,28391.0,28393.0,green,1
J3335,I4218,7542.0,7543.0,brown,1
J3025,I3335,5816.0,5817.0,brown,1
J3025,I8520,16601.0,16606.0,green,1
J3025,I8584,16728.0,16735.0,green,3
J3025,I9480,18699.0,18701.0,green,1
J2788,I12649,24965.0,24972.0,green,2
J4327,I8740,17070.0,17073.0,brown,2
J4327,I9412,18571.0,18572.0,brown,1
J4327,I9572,18872.0,18873.0,brown,1
J4327,I9700,19125.0,19129.0,brown,1
J4327,I12004,23735.0,23739.0,brown,1
J2949,I8375,16271.0,16274.0,brown,2
J2949,I8983,17649.0,17652.0,brown,2
J2949,I14168,27797.0,27798.0,green,1
J2949,I14552,28461.0,28462.0,brown,1
J3280,I9973,19675.0,19677.0,red,1
J3280,I10037,19795.0,19797.0,brown,1
J3280,I10422,20611.0,20614.0,green,2
J3280,I13430,26428.0,26433.0,green,1
J642,I1690,2744.0,2747.0,green,1
J642,I2075,3421.0,3426.0,green,1
J642,I2939,5014.0,5020.0,green,1
J642,I4827,8818.0,8819.0,green,1
J1812,I2084,3436.0,3441.0,green,1
J1812,I2405,4002.0,4006.0,green,1
J1812,I3013,5153.0,5155.0,green,1
J1812,I4708,8556.0,8559.0,brown,1
J1812,I6469,12203.0,12207.0,green,1
J1564,I4302,7728.0,7729.0,brown,1
J1564,I4335,7795.0,7797.0,green,2
J4486,I8296,16101.0,16102.0,brown,1
J4486,I9032,17767.0,17769.0,green,1
J4486,I15369,29754.0,29755.0,green,1
J4486,I15442,29855.0,29857.0,green,1
J4486,I15491,29924.0,29925.0,green,1
J3614,I8368,16261.0,16264.0,green,1
J3614,I9680,19081.0,19085.0,green,1
J3614,I9744,19205.0,19208.0,green,1
J3942,I4508,8168.0,8169.0,brown,1
J3942,I4604,8358.0,8360.0,brown,2
J153,I767,1161.0,1164.0,green,1
J153,I2623,4397.0,4400.0,brown,1
J153,I4645,8420.0,8423.0,brown,1
J153,I5280,9741.0,9744.0,green,1
J153,I7352,14092.0,14099.0,green,2
J3387,I595,883.0,884.0,red,1
J3387,I627,929.0,930.0,green,1
J3387,I883,1360.0,1362.0,green,1
J3387,I10331,20441.0,20444.0,brown,1
J3387,I10532,20884.0,20891.0,green,2
J3369,I3443,6018.0,6025.0,green,1
J3369,I8819,17260.0,17265.0,green,1
J3109,I12687,25058.0,25061.0,green,2
J3109,I12847,25359.0,25361.0,green,1
J3109,I13391,26348.0,26353.0,green,1
J213,I247,338.0,339.0,brown,1
J213,I407,589.0,591.0,green,1
J213,I663,984.0,986.0,green,1
J213,I5719,10654.0,10656.0,green,1
J2836,I2044,3370.0,3372.0,green,1
J2836,I2172,3597.0,3599.0,brown,2
J2836,I7260,13888.0,13890.0,brown,1
J1477,I4823,8808.0,8813.0,brown,2
J1477,I6424,12104.0,12109.0,green,1
J1477,I9880,19486.0,19490.0,green,3
J102,I306,422.0,426.0,green,1
J102,I434,635.0,636.0,brown,1
J102,I1715,2787.0,2789.0,green,1
J102,I4051,7198.0,7200.0,green,1
J102,I5747,10729.0,10738.0,green,1
J41,I167,218.0,222.0,green,3
J4128,I9695,19113.0,19115.0,green,2
J4128,I10559,20931.0,20934.0,green,1
J1018,I3421,5981.0,5982.0,green,1
J1018,I3645,6403.0,6408.0,green,2
J1018,I3741,6592.0,6593.0,green,1
J1018,I4861,8868.0,8869.0,green,1
J1018,I5405,10008.0,10017.0,green,1
J2155,I4109,7297.0,7298.0,green,1
J2155,I4269,7635.0,7639.0,green,1
J2155,I4365,7861.0,7867.0,green,1
J2155,I6541,12351.0,12356.0,green,1
J2155,I7181,13709.0,13713.0,green,2
J1665,I9486,18714.0,18715.0,green,1
J1665,I13871,27265.0,27267.0,green,1
J1665,I13999,27500.0,27502.0,green,1
J956,I3056,5232.0,5235.0,brown,1
J956,I6961,13248.0,13251.0,green,1
J956,I8817,17257.0,17258.0,green,1
J956,I9321,18373.0,18381.0,green,1
J1879,I4864,8873.0,8876.0,green,2
J1879,I4895,8939.0,8940.0,brown,1
J1879,I5184,9538.0,9544.0,green,1
J1879,I7968,15387.0,15392.0,green,1
J1879,I9386,18523.0,18525.0,brown,1
J2635,I4718,8582.0,8584.0,brown,2
J2635,I10542,20906.0,20907.0,brown,1
J2635,I11790,23315.0,23318.0,brown,1
J445,I1307,2076.0,2079.0,green,3
J445,I1339,2142.0,2144.0,green,1
J445,I8035,15517.0,15524.0,green,1
J476,I1377,2216.0,2219.0,brown,2
J476,I4162,7434.0,7436.0,green,1
J476,I6146,11550.0,11553.0,green,1
J2457,I7184,13720.0,13721.0,brown,1
J2457,I7441,14272.0,14276.0,green,4
J2457,I7857,15145.0,15147.0,green,1
J4883,I13709,26948.0,26950.0,green,1
J4883,I14636,28614.0,28618.0,brown,1
J4403,I2445,4075.0,4077.0,brown,1
J4403,I8430,16393.0,16400.0,green,1
J4403,I9165,18049.0,18054.0,brown,1
J4403,I9998,19721.0,19723.0,green,1
J4403,I10029,19782.0,19784.0,green,1
J576,I268,367.0,369.0,brown,1
J576,I652,969.0,970.0,green,1
J576,I940,1448.0,1449.0,green,1
J576,I1596,2597.0,2598.0,green,1
J576,I2637,4420.0,4422.0,brown,1
J1830,I1784,2911.0,2913.0,brown,1
J1830,I11993,23716.0,23719.0,brown,1
J2071,I3789,6698.0,6699.0,green,1
J2071,I6541,12351.0,12356.0,green,1
J2071,I9581,18889.0,18891.0,brown,1
J2071,I10809,21421.0,21423.0,green,2
J2071,I11289,22369.0,22371.0,green,1
J28,I48,54.0,56.0,green,1
J28,I80,96.0,100.0,green,2
J28,I5744,10717.0,10725.0,green,1
J28,I6128,11508.0,11511.0,green,1
J1901,I1339,2142.0,2144.0,green,1
J1901,I2139,3542.0,3544.0,green,1
J1901,I2939,5014.0,5020.0,green,1
J1901,I4283,7674.0,7679.0,green,1
J1901,I4475,8108.0,8109.0,green,1
J532,I9843,19403.0,19411.0,green,1
J532,I13364,26292.0,26296.0,brown,1
J532,I13780,27090.0,27091.0,green,1
J532,I14260,27947.0,27949.0,green,1
J532,I14549,28457.0,28459.0,brown,1
J97,I10732,21274.0,21277.0,green,2
J2375,I3543,6201.0,6202.0,brown,1
J2375,I13928,27368.0,27371.0,green,1
J2375,I14424,28246.0,28247.0,green,1
J2375,I14504,28378.0,28381.0,green,2
J2642,I312,433.0,435.0,green,1
J2642,I2329,3878.0,3881.0,green,1
J2642,I7721,14849.0,14853.0,green,4
J1499,I722,1091.0,1092.0,green,1
J1499,I5779,10803.0,10809.0,green,2
J1499,I5971,11176.0,11178.0,green,2
J1499,I7187,13725.0,13726.0,green,1
J1764,I6029,11320.0,11323.0,brown,1
J1764,I9229,18179.0,18180.0,brown,1
J1764,I13934,27382.0,27383.0,green,1
J171,I328,461.0,462.0,green,1
J171,I5961,11147.0,11153.0,green,1
J171,I11831,23414.0,23422.0,green,1
J1639,I1505,2428.0,2430.0,green,1
J1639,I1506,2430.0,2434.0,green,2
J1639,I2210,3663.0,3666.0,green,1
J1639,I4130,7351.0,7355.0,green,1
J1639,I6542,12356.0,12357.0,green,1
J1486,I4543,8226.0,8229.0,brown,1
J1486,I4736,8623.0,8626.0,green,2
J1486,I7657,14725.0,14734.0,green,1
J2986,I6684,12642.0,12643.0,green,1
J2986,I6748,12770.0,12785.0,green,4
J2986,I12332,24343.0,24348.0,green,1
J3049,I4523,8193.0,8196.0,green,3
J3049,I4587,8324.0,8328.0,green,2
J3049,I9073,17836.0,17837.0,green,1
J2160,I1325,2114.0,2116.0,green,1
J2160,I1518,2453.0,2455.0,green,1
J2160,I6427,12113.0,12116.0,green,3
J2160,I6459,12175.0,12182.0,green,1
J819,I2516,4210.0,4211.0,brown,1
J819,I2548,4260.0,4261.0,green,1
J819,I2644,4434.0,4437.0,green,2
J819,I2740,4604.0,4610.0,green,1
J4126,I11220,22237.0,22239.0,green,1
J4126,I11860,23474.0,23478.0,green,1
J4126,I12115,23976.0,23977.0,brown,1
J4126,I13763,27048.0,27050.0,brown,1
J1210,I5421,10050.0,10055.0,green,1
J1210,I7757,14919.0,14922.0,green,2
J1210,I12030,23790.0,23804.0,green,2
J69,I74,85.0,88.0,green,2
J69,I235,317.0,319.0,green,1
J103,I12227,24181.0,24183.0,green,1
J103,I12355,24384.0,24386.0,green,1
J103,I12867,25398.0,25401.0,green,1
J103,I14306,28034.0,28036.0,brown,2
J1244,I5285,9754.0,9758.0,green,1
J1244,I7044,13426.0,13427.0,brown,1
J1244,I8197,15891.0,15895.0,green,3
J1244,I9084,17852.0,17855.0,brown,1
J50,I172,227.0,229.0,brown,1
J50,I524,776.0,777.0,green,1
J50,I1069,1665.0,1669.0,green,2
J414,I688,1030.0,1032.0,green,1
J414,I1777,2899.0,2900.0,green,1
J414,I3857,6835.0,6840.0,green,1
J414,I4341,7806.0,7812.0,green,2
J971,I3567,6248.0,6250.0,brown,1
J971,I5744,10717.0,10725.0,green,1
J971,I9616,18961.0,18964.0,green,1
J3157,I11860,23474.0,23478.0,green,2
J3157,I13476,26519.0,26522.0,green,2
J423,I1435,2311.0,2313.0,green,1
J423,I1498,2413.0,2414.0,brown,1
J423,I1563,2538.0,2539.0,green,1
J423,I2764,4661.0,4663.0,brown,1
J1897,I5299,9773.0,9777.0,green,1
J1897,I5523,10240.0,10246.0,green,3
J1897,I7155,13659.0,13663.0,green,1
J610,I411,595.0,597.0,brown,1
J610,I507,745.0,746.0,green,1
J610,I539,797.0,799.0,green,1
J610,I4036,7170.0,7176.0,green,1
J3143,I5914,11060.0,11064.0,green,4
J1684,I5399,9997.0,9998.0,brown,1
J1684,I5431,10071.0,10072.0,brown,1
J1684,I5463,10129.0,10131.0,brown,2
J1684,I5495,10189.0,10191.0,green,1
J1684,I6904,13109.0,13110.0,green,1
J869,I1255,1988.0,1990.0,brown,1
J869,I9416,18582.0,18585.0,green,2
J869,I10504,20814.0,20825.0,green,2
J869,I10704,21217.0,21221.0,green,1
J2903,I8550,16672.0,16673.0,brown,1
J2903,I9062,17818.0,17819.0,brown,1
J2903,I9350,18447.0,18448.0,brown,1
J2079,I4896,8940.0,8941.0,brown,1
J2079,I5056,9263.0,9265.0,brown,1
J2079,I8609,16782.0,16784.0,green,2
J2079,I9217,18152.0,18154.0,green,1
J2079,I11073,21915.0,21919.0,green,1
J4737,I7655,14716.0,14719.0,brown,1
J4737,I8519,16595.0,16601.0,green,1
J4737,I13255,26094.0,26095.0,brown,1
J4737,I13896,27305.0,27306.0,green,1
J4737,I14224,27882.0,27883.0,green,1
J3081,I5884,10999.0,11001.0,green,1
J3081,I6748,12770.0,12785.0,green,2
J783,I2648,4443.0,4444.0,green,1
J783,I2681,4508.0,4512.0,green,2
J783,I2808,4753.0,4755.0,green,2
J783,I3964,7037.0,7039.0,brown,1
J584,I1456,2349.0,2352.0,green,2
J1020,I823,1267.0,1269.0,brown,1
J1020,I824,1269.0,1273.0,green,1
J1020,I3127,5380.0,5382.0,brown,2
J1020,I4408,7960.0,7961.0,green,1
J2509,I4422,7997.0,7999.0,brown,1
J2509,I13831,27194.0,27197.0,green,1
J2509,I14231,27892.0,27897.0,green,1
J3924,I9205,18122.0,18123.0,green,1
J3924,I9557,18843.0,18848.0,green,1
J3924,I13078,25787.0,25788.0,green,1
J4836,I14232,27897.0,27900.0,green,1
J4836,I15448,29866.0,29868.0,green,2
J35,I80,96.0,100.0,green,2
J35,I112,141.0,144.0,brown,1
J35,I144,188.0,190.0,green,1
J35,I4048,7193.0,7195.0,green,1
J35,I7864,15158.0,15160.0,green,1
J2425,I5977,11187.0,11188.0,brown,1
J2425,I6265,11788.0,11789.0,brown,1
J2425,I8313,16148.0,16149.0,brown,1
J2425,I13426,26418.0,26419.0,green,1
J324,I1337,2138.0,2141.0,green,3
J324,I1913,3143.0,3147.0,green,2
J2328,I9334,18413.0,18416.0,green,1
J2328,I10269,20272.0,20273.0,brown,1
J2328,I10998,21767.0,21771.0,green,1
J4535,I9446,18632.0,18633.0,red,1
J4535,I9574,18875.0,18876.0,red,1
J4535,I10951,21688.0,21691.0,green,1
J4535,I12519,24695.0,24699.0,green,1
J4535,I14311,28044.0,28046.0,green,1
J4535,I14951,29130.0,29131.0,green,1
J4168,I8376,16274.0,16276.0,brown,1
J4168,I10520,20858.0,20860.0,brown,2
J4168,I11160,22110.0,22113.0,green,1
J4168,I12025,23773.0,23780.0,green,1
J4168,I13817,27165.0,27168.0,green,1
J1383,I3896,6912.0,6913.0,red,1
J1383,I3992,7090.0,7091.0,brown,1
J1383,I4185,7476.0,7477.0,green,1
J1383,I4345,7818.0,7822.0,green,1
J1383,I4409,7961.0,7964.0,green,1
J3800,I9333,18410.0,18413.0,green,1
J3800,I9365,18484.0,18488.0,green,4
J296,I702,1052.0,1054.0,green,1
J296,I734,1112.0,1114.0,brown,1
J296,I1695,2752.0,2755.0,green,1
J296,I2495,4167.0,4168.0,green,1
J296,I3487,6100.0,6104.0,green,1
J4618,I12618,24896.0,24902.0,green,1
J4618,I13193,25977.0,25978.0,brown,1
J4618,I15114,29367.0,29370.0,green,1
J4618,I15178,29462.0,29463.0,green,1
J4618,I15402,29801.0,29802.0,green,1
J4618,I15530,29974.0,29975.0,green,1
J1385,I2623,4397.0,4400.0,brown,1
J1385,I2752,4642.0,4644.0,green,2
J1385,I3072,5264.0,5273.0,green,2
J4224,I12401,24464.0,24469.0,green,1
J4224,I12465,24598.0,24599.0,brown,1
J4224,I12529,24712.0,24714.0,red,1
J4224,I12625,24914.0,24915.0,brown,1
J4224,I12657,24996.0,24997.0,brown,1
J1517,I1323,2111.0,2112.0,brown,1
J1517,I5132,9396.0,9401.0,green,1
J1517,I6476,12218.0,12221.0,green,1
J1517,I8555,16677.0,16678.0,brown,1
J298,I2093,3455.0,3456.0,green,1
J298,I7533,14468.0,14472.0,green,2
J3406,I7991,15439.0,15440.0,brown,1
J3406,I10840,21485.0,21490.0,green,2
J3406,I13559,26654.0,26655.0,brown,1
J1598,I2838,4811.0,4812.0,green,1
J1598,I2839,4812.0,4813.0,green,1
J1598,I2967,5070.0,5072.0,green,2
J1598,I4471,8097.0,8099.0,green,1
J1598,I7907,15263.0,15271.0,green,1
J3841,I11530,22837.0,22839.0,green,1
J1278,I1174,1839.0,1841.0,brown,1
J1278,I1558,2526.0,2528.0,brown,1
J1278,I4919,8975.0,8978.0,green,2
J3763,I3588,6298.0,6301.0,green,1
J3763,I4324,7771.0,7772.0,brown,1
J3763,I5380,9957.0,9958.0,brown,1
J3763,I12886,25447.0,25450.0,brown,2
J2584,I1111,1744.0,1746.0,brown,1
J2584,I10200,20149.0,20152.0,green,2
J2584,I10840,21485.0,21490.0,green,1
J2584,I12639,24943.0,24945.0,brown,1
J2987,I4388,7915.0,7920.0,green,1
J2987,I8069,15603.0,15614.0,green,4
J2908,I6252,11763.0,11767.0,brown,4
J2908,I8077,15637.0,15640.0,green,1
J1113,I4278,7656.0,7657.0,green,1
J1113,I4470,8094.0,8097.0,green,1
J1113,I6326,11901.0,11904.0,green,1
J1113,I9846,19420.0,19427.0,green,1
J1425,I14671,28665.0,28669.0,green,2
J4120,I11202,22193.0,22196.0,brown,3
J4120,I11427,22636.0,22637.0,green,1
J4120,I11831,23414.0,23422.0,green,1
J1885,I3562,6236.0,6237.0,brown,1
J1885,I3595,6312.0,6315.0,green,1
J1885,I3755,6624.0,6625.0,green,1
J1885,I6043,11350.0,11352.0,green,2
J2321,I5295,9768.0,9770.0,brown,1
J2321,I11855,23466.0,23468.0,brown,1
J2321,I13248,26081.0,26082.0,green,1
J2387,I12405,24479.0,24481.0,brown,1
J2387,I15350,29720.0,29722.0,green,2
J2387,I15398,29791.0,29793.0,green,1
J4488,I6175,11607.0,11611.0,brown,1
J4488,I6655,12573.0,12576.0,brown,1
J4488,I15135,29399.0,29400.0,brown,1
J4488,I15263,29597.0,29599.0,brown,1
J4488,I15360,29738.0,29739.0,green,1
J4488,I15392,29783.0,29784.0,brown,1
J2266,I4557,8257.0,8260.0,green,1
J2266,I4876,8901.0,8902.0,brown,1
J2266,I4877,8902.0,8904.0,green,2
J3468,I5411,10030.0,10032.0,brown,2
J3468,I5444,10090.0,10091.0,green,1
J2500,I7096,13540.0,13541.0,green,1
J2500,I7512,14432.0,14434.0,brown,1
J2500,I7640,14687.0,14688.0,brown,1
J2500,I7768,14942.0,14944.0,brown,1
J2500,I10552,20920.0,20921.0,brown,1
J2500,I12504,24665.0,24668.0,brown,1
J2649,I6288,11822.0,11824.0,green,2
J2649,I6512,12300.0,12303.0,green,3
J2649,I10961,21705.0,21708.0,brown,1
J4027,I7969,15392.0,15395.0,green,1
J4027,I8512,16582.0,16584.0,brown,2
J4027,I8544,16657.0,16661.0,green,3
J3584,I10316,20405.0,20410.0,green,1
J3584,I14572,28502.0,28503.0,green,1
J867,I3727,6563.0,6565.0,green,2
J867,I6735,12741.0,12749.0,green,1
J867,I8575,16708.0,16712.0,green,1
J1070,I3555,6217.0,6223.0,green,1
J1070,I3588,6298.0,6301.0,green,2
J1070,I4132,7370.0,7372.0,brown,1
J4598,I5619,10449.0,10451.0,brown,1
J4598,I8787,17195.0,17196.0,brown,1
J4598,I11699,23141.0,23143.0,brown,1
J241,I320,445.0,446.0,green,1
J241,I321,446.0,450.0,green,1
J241,I417,605.0,606.0,green,1
J241,I481,701.0,704.0,green,1
J241,I609,899.0,901.0,brown,1
J241,I6665,12597.0,12601.0,green,1
J2196,I6752,12793.0,12794.0,green,1
J2196,I6848,12989.0,12990.0,green,1
J2196,I7296,13961.0,13965.0,green,1
J2196,I7392,14172.0,14173.0,green,1
J3011,I4145,7397.0,7399.0,brown,2
J3011,I4241,7586.0,7590.0,brown,1
J3011,I8050,15561.0,15566.0,green,1
J3011,I8562,16689.0,16690.0,green,1
J3011,I9650,19026.0,19029.0,green,1
J1640,I6895,13081.0,13090.0,green,4
J1640,I9367,18489.0,18492.0,green,1
J1640,I10615,21033.0,21036.0,green,1
J1658,I831,1287.0,1288.0,green,1
J1658,I8191,15881.0,15883.0,brown,1
J4863,I12787,25239.0,25240.0,brown,1
J4863,I13204,25992.0,25995.0,green,1
J4863,I14164,27789.0,27792.0,green,1
J4863,I15380,29767.0,29768.0,green,1
J2341,I6220,11689.0,11691.0,green,2
J2341,I6380,12027.0,12028.0,green,1
J2073,I5408,10021.0,10023.0,green,1
J1883,I4557,8257.0,8260.0,green,2
J1883,I4589,8330.0,8331.0,green,1
J1883,I4717,8581.0,8582.0,green,1
J1883,I4749,8658.0,8663.0,green,2
J3215,I6118,11491.0,11492.0,green,1
J3215,I6182,11620.0,11625.0,green,4
J3215,I11654,23057.0,23058.0,green,1
J183,I12660,24999.0,25003.0,green,1
J183,I12883,25433.0,25434.0,brown,1
J183,I13844,27216.0,27217.0,green,1
J183,I14036,27567.0,27569.0,green,1
J183,I14260,27947.0,27949.0,green,1
J183,I14452,28284.0,28289.0,brown,1
J4407,I11346,22490.0,22491.0,brown,1
J4407,I11667,23081.0,23083.0,green,2
J4407,I13043,25731.0,25732.0,green,1
J4407,I14899,29052.0,29053.0,green,1
J4407,I14963,29154.0,29155.0,green,1
J4352,I12113,23973.0,23974.0,brown,1
J4352,I13362,26288.0,26290.0,green,1
J4352,I14705,28735.0,28737.0,brown,1
J4352,I15090,29327.0,29330.0,green,1
J902,I2164,3583.0,3586.0,green,1
J902,I2421,4030.0,4037.0,green,3
J1071,I984,1529.0,1530.0,green,1
J1071,I1112,1746.0,1747.0,green,1
J1071,I1176,1842.0,1843.0,green,1
J1071,I1208,1915.0,1916.0,brown,1
J1071,I6905,13110.0,13114.0,green,1
J1071,I10588,20985.0,20987.0,brown,1
J3454,I8245,16006.0,16015.0,green,1
J3454,I10164,20051.0,20054.0,brown,1
J3454,I10644,21092.0,21095.0,brown,2
J3454,I12581,24817.0,24822.0,green,1
J727,I333,469.0,470.0,green,1
J727,I557,826.0,827.0,green,1
J727,I558,827.0,830.0,green,1
J727,I687,1027.0,1030.0,green,1
J2875,I2140,3544.0,3545.0,green,1
J2875,I5277,9727.0,9737.0,green,3
J2875,I8381,16282.0,16287.0,green,1
J2875,I10749,21308.0,21309.0,green,1
J3380,I7694,14794.0,14797.0,brown,1
J3380,I10479,20747.0,20752.0,green,1
J1960,I3391,5928.0,5929.0,green,1
J1960,I5791,10828.0,10829.0,brown,1
J1960,I7231,13823.0,13826.0,green,1
J3455,I1827,2988.0,2989.0,red,1
J3455,I11971,23674.0,23675.0,brown,1
J3455,I12163,24061.0,24063.0,brown,1
J3455,I12478,24620.0,24624.0,green,1
J3455,I12643,24953.0,24954.0,brown,1
J3455,I12644,24954.0,24957.0,green,1
J2662,I7974,15404.0,15405.0,brown,1
J2662,I7975,15405.0,15407.0,green,2
J2662,I8007,15465.0,15467.0,green,2
J2662,I8231,15964.0,15967.0,green,1
J1780,I5690,10587.0,10589.0,green,1
J1780,I5722,10660.0,10663.0,green,3
J1780,I7610,14635.0,14641.0,green,1
J3517,I9498,18731.0,18732.0,green,1
J3517,I9530,18791.0,18794.0,green,1
J3517,I9594,18914.0,18916.0,green,1
J3517,I9690,19103.0,19104.0,green,1
J3517,I9754,19226.0,19227.0,green,1
J3517,I9818,19354.0,19356.0,green,1
J3610,I4375,7885.0,7887.0,green,2
J3610,I4407,7956.0,7960.0,green,2
J4182,I12134,24003.0,24004.0,brown,1
J4182,I12423,24521.0,24523.0,green,1
J4182,I12646,24959.0,24962.0,brown,1
J4182,I13863,27253.0,27254.0,green,1
J1815,I4051,7198.0,7200.0,green,1
J1815,I4179,7464.0,7469.0,green,3
J1815,I5747,10729.0,10738.0,green,1
J1815,I6259,11777.0,11781.0,green,1
J692,I611,902.0,903.0,brown,1
J692,I4835,8829.0,8830.0,brown,1
J192,I471,687.0,688.0,green,1
J192,I535,791.0,793.0,brown,1
J192,I823,1267.0,1269.0,brown,1
J192,I1144,1794.0,1797.0,green,1
J192,I6456,12164.0,12166.0,green,1
J192,I11108,21993.0,21994.0,green,1
J3578,I9236,18194.0,18195.0,green,1
J3578,I9333,18410.0,18413.0,green,2
J3578,I9845,19415.0,19420.0,green,1
J3578,I11124,22029.0,22033.0,green,1
J3578,I12438,24544.0,24545.0,brown,1
J2989,I1119,1757.0,1760.0,green,1
J2989,I10704,21217.0,21221.0,green,2
J2989,I10800,21395.0,21398.0,green,1
J2211,I5793,10832.0,10835.0,green,1
J2211,I5857,10951.0,10953.0,green,2
J2211,I6433,12126.0,12130.0,green,2
J2211,I8289,16084.0,16085.0,green,1
J2849,I1209,1916.0,1917.0,brown,1
J2849,I1273,2022.0,2023.0,brown,1
J2849,I2425,4040.0,4042.0,brown,2
J2849,I11930,23596.0,23599.0,green,1
J2849,I12562,24774.0,24776.0,green,1
J1341,I2338,3894.0,3897.0,green,2
J1341,I3010,5145.0,5146.0,green,1
J1341,I4115,7323.0,7326.0,brown,2
J714,I1190,1868.0,1870.0,green,1
J714,I1191,1870.0,1871.0,green,1
J714,I5319,9818.0,9821.0,green,1
J714,I7111,13568.0,13570.0,green,1
J172,I820,1261.0,1262.0,brown,1
J172,I821,1262.0,1266.0,green,1
J172,I884,1362.0,1370.0,green,1
J172,I1013,1571.0,1573.0,green,1
J172,I4341,7806.0,7812.0,green,2
J2606,I6702,12676.0,12679.0,brown,1
J2606,I6767,12824.0,12825.0,green,1
J2606,I6831,12948.0,12952.0,green,1
J2606,I7023,13378.0,13380.0,green,2
J2606,I9360,18467.0,18468.0,brown,1
J4777,I11463,22700.0,22705.0,green,2
J4777,I11783,23304.0,23306.0,green,2
J4777,I11943,23621.0,23623.0,green,1
J4777,I15271,29609.0,29612.0,green,1
J2405,I6070,11398.0,11399.0,brown,1
J2405,I7062,13467.0,13468.0,brown,1
J2405,I14167,27794.0,27797.0,green,1
J2405,I15098,29341.0,29343.0,brown,1
J312,I764,1157.0,1159.0,green,1
J312,I1117,1753.0,1756.0,green,1
J312,I2109,3480.0,3483.0,green,1
J312,I4349,7828.0,7830.0,green,2
J353,I1422,2286.0,2289.0,brown,1
J353,I4111,7300.0,7314.0,green,3
J353,I4463,8080.0,8083.0,green,1
J353,I5327,9847.0,9851.0,green,1
J3323,I6294,11831.0,11834.0,green,3
J3323,I6326,11901.0,11904.0,green,2
J3702,I7174,13696.0,13698.0,green,2
J4445,I12208,24148.0,24151.0,green,1
J4445,I14256,27941.0,27942.0,brown,1
J4445,I14480,28344.0,28346.0,brown,1
J4445,I14672,28669.0,28671.0,brown,1
J4445,I14736,28784.0,28787.0,brown,1
J4445,I15089,29324.0,29327.0,green,1
J3883,I9830,19379.0,19380.0,red,1
J3883,I10054,19830.0,19831.0,brown,1
J3883,I10182,20087.0,20090.0,brown,2
J3883,I10567,20949.0,20953.0,green,1
J3311,I5602,10414.0,10416.0,brown,1
J3311,I10755,21322.0,21324.0,green,1
J3311,I11299,22391.0,22392.0,green,1
J3556,I8738,17064.0,17066.0,brown,1
J3556,I9827,19371.0,19373.0,green,1
J3556,I14340,28089.0,28091.0,green,2
J4216,I11561,22899.0,22900.0,brown,1
J4216,I11753,23245.0,23247.0,brown,1
J4216,I11754,23247.0,23250.0,green,1
J2486,I9439,18622.0,18624.0,green,2
J2486,I9983,19693.0,19695.0,brown,1
J2486,I10047,19816.0,19819.0,brown,1
J2486,I12031,23804.0,23808.0,green,2
J4113,I9436,18616.0,18618.0,red,1
J4113,I10397,20559.0,20560.0,green,1
J4113,I13469,26509.0,26510.0,brown,1
J569,I7866,15162.0,15166.0,green,1
J569,I9627,18986.0,18991.0,green,2
J3678,I6888,13065.0,13069.0,brown,3
J3678,I10473,20728.0,20735.0,green,1
J3678,I10504,20814.0,20825.0,green,1
J2819,I8571,16703.0,16705.0,green,2
J2819,I8667,16908.0,16913.0,green,1
J2819,I9691,19104.0,19108.0,green,1
J4324,I3993,7091.0,7092.0,brown,1
J4324,I5625,10459.0,10461.0,brown,1
J4324,I9273,18259.0,18260.0,green,1
J4324,I10041,19804.0,19805.0,brown,1
J4324,I10073,19869.0,19875.0,green,1
J4324,I11065,21902.0,21905.0,brown,1
J4076,I2135,3532.0,3535.0,red,1
J4076,I6071,11399.0,11400.0,brown,1
J4076,I13727,26983.0,26984.0,brown,1
J4076,I14264,27953.0,27959.0,green,2
J1234,I4862,8869.0,8871.0,brown,1
J1234,I8991,17663.0,17668.0,green,1
J1234,I13470,26510.0,26512.0,brown,2
J1234,I13999,27500.0,27502.0,green,1
J3708,I10087,19896.0,19898.0,green,2
J3708,I10215,20176.0,20177.0,brown,1
J3708,I10343,20468.0,20469.0,brown,1
J3708,I10377,20520.0,20522.0,red,1
J3708,I10407,20579.0,20580.0,green,1
J15,I66,75.0,76.0,green,1
J15,I98,126.0,127.0,green,1
J3626,I8104,15693.0,15694.0,green,1
J3626,I8232,15967.0,15972.0,green,4
J4837,I12007,23741.0,23743.0,brown,1
J4837,I12231,24186.0,24188.0,brown,2
J4837,I12487,24633.0,24634.0,brown,1
J4837,I12583,24824.0,24825.0,brown,1
J4837,I12679,25037.0,25039.0,brown,1
J3994,I8967,17594.0,17599.0,brown,2
J3994,I11496,22769.0,22772.0,green,1
J3994,I13063,25763.0,25765.0,brown,2
J2599,I5673,10546.0,10553.0,green,3
J2599,I6921,13146.0,13149.0,green,2
J4555,I3640,6391.0,6393.0,red,1
J4555,I4920,8978.0,8984.0,brown,2
J4555,I6840,12973.0,12975.0,brown,1
J4555,I9945,19612.0,19617.0,green,1
J4555,I10233,20204.0,20205.0,brown,1
J4815,I11809,23360.0,23367.0,green,5
J4815,I14336,28080.0,28083.0,brown,1
J1224,I9465,18666.0,18668.0,green,2
J1224,I13650,26813.0,26818.0,green,1
J1224,I13818,27168.0,27171.0,green,1
J1224,I14578,28510.0,28513.0,green,1
J1415,I11755,23250.0,23255.0,green,1
J1415,I12204,24140.0,24143.0,green,1
J1415,I13356,26275.0,26279.0,green,1
J1415,I14668,28660.0,28662.0,green,1
J2433,I5942,11106.0,11114.0,green,3
J2433,I8214,15930.0,15934.0,green,1
J2433,I8246,16015.0,16018.0,green,1
J2433,I8534,16629.0,16631.0,green,1
J4440,I9106,17901.0,17903.0,red,2
J4440,I10194,20126.0,20128.0,brown,2
J4440,I10195,20128.0,20134.0,green,1
J4440,I13363,26290.0,26292.0,brown,1
J4982,I13846,27218.0,27223.0,green,1
J4982,I14102,27681.0,27685.0,green,1
J4982,I15062,29290.0,29291.0,green,1
J4982,I15158,29431.0,29433.0,green,1
J86,I156,204.0,206.0,brown,1
J86,I1017,1576.0,1579.0,green,2
J86,I1817,2970.0,2974.0,green,1
J2936,I9260,18241.0,18242.0,brown,1
J2936,I9420,18591.0,18593.0,brown,2
J2936,I10092,19906.0,19908.0,green,1
J2936,I12492,24644.0,24646.0,brown,1
J430,I4555,8255.0,8256.0,brown,1
J3156,I1982,3262.0,3269.0,green,1
J3156,I5374,9934.0,9944.0,green,2
J3156,I7966,15381.0,15382.0,green,1
J3156,I9214,18145.0,18146.0,green,1
J67,I2468,4113.0,4115.0,green,2
J67,I2500,4174.0,4182.0,green,1
J67,I6340,11939.0,11941.0,green,1
J2297,I4669,8474.0,8479.0,green,1
J2297,I4701,8542.0,8544.0,green,2
J2297,I5117,9367.0,9371.0,green,2
J2297,I9341,18429.0,18431.0,brown,1
J104,I371,531.0,533.0,brown,1
J104,I693,1038.0,1039.0,brown,1
J104,I758,1148.0,1149.0,brown,1
J104,I884,1362.0,1370.0,green,1
J2437,I1595,2596.0,2597.0,green,1
J2437,I3580,6282.0,6284.0,green,2
J2437,I4380,7897.0,7903.0,green,1
J2437,I5884,10999.0,11001.0,green,1
J1826,I4751,8664.0,8668.0,green,2
J1826,I5583,10361.0,10369.0,green,1
J1826,I7811,15033.0,15037.0,green,1
J4239,I6709,12688.0,12690.0,brown,2
J4239,I9750,19215.0,19220.0,green,2
J4239,I14806,28903.0,28911.0,green,2
J447,I321,446.0,450.0,green,1
J447,I3618,6352.0,6355.0,green,1
J447,I5954,11129.0,11133.0,green,2
J447,I8769,17149.0,17150.0,brown,1
J447,I9769,19262.0,19263.0,brown,1
J3952,I5547,10296.0,10297.0,brown,1
J3952,I6187,11631.0,11632.0,brown,1
J3952,I6251,11760.0,11763.0,brown,1
J3952,I13628,26773.0,26774.0,green,1
J3952,I13708,26947.0,26948.0,green,1
J3952,I13740,27012.0,27013.0,green,1
J461,I2338,3894.0,3897.0,green,1
J461,I3138,5408.0,5411.0,green,1
J1269,I1527,2473.0,2474.0,green,1
J1269,I1560,2530.0,2535.0,green,3
J1269,I9184,18089.0,18093.0,green,1
J711,I3331,5806.0,5809.0,green,2
J711,I3586,6293.0,6294.0,brown,1
J711,I5923,11073.0,11075.0,green,1
J711,I6083,11418.0,11420.0,green,1
J711,I6331,11912.0,11920.0,green,1
J2907,I10444,20661.0,20672.0,green,2
J1634,I4805,8766.0,8770.0,green,3
J1634,I4869,8885.0,8890.0,green,1
J799,I14114,27709.0,27710.0,brown,1
J799,I14499,28369.0,28372.0,green,1
J799,I14867,29012.0,29013.0,green,1
J3321,I13637,26789.0,26791.0,green,2
J3321,I14501,28375.0,28376.0,green,1
J3321,I14565,28490.0,28495.0,green,2
J3321,I15382,29769.0,29770.0,brown,1
J3400,I6902,13106.0,13108.0,green,2
J3400,I6966,13259.0,13265.0,green,2
J3400,I7030,13395.0,13396.0,green,1
J159,I11030,21842.0,21843.0,brown,1
J159,I12150,24032.0,24033.0,brown,1
J159,I12950,25558.0,25560.0,brown,1
J159,I13302,26163.0,26166.0,brown,1
J2359,I1890,3106.0,3107.0,green,1
J2359,I7491,14368.0,14371.0,green,1
J2359,I7715,14838.0,14843.0,green,1
J3697,I9708,19141.0,19146.0,green,1
J3697,I10093,19908.0,19913.0,green,1
J3697,I12876,25420.0,25423.0,brown,1
J498,I4932,9002.0,9003.0,brown,1
J498,I10725,21259.0,21263.0,green,1
J498,I12101,23945.0,23946.0,green,1
J828,I2992,5114.0,5116.0,brown,2
J828,I5856,10949.0,10951.0,brown,2
J4887,I12140,24013.0,24014.0,brown,1
J4887,I13676,26879.0,26880.0,brown,1
J4887,I15149,29416.0,29417.0,green,1
J4887,I15181,29471.0,29472.0,green,1
J2083,I1779,2902.0,2904.0,green,1
J2083,I2772,4677.0,4682.0,green,1
J2083,I3092,5319.0,5321.0,green,1
J2083,I7156,13663.0,13664.0,green,1
J2083,I8088,15661.0,15662.0,green,1
J2083,I8632,16825.0,16827.0,green,1
J2135,I3320,5788.0,5789.0,brown,1
J2135,I3417,5972.0,5976.0,green,1
J1174,I1850,3025.0,3027.0,brown,1
J1174,I4155,7413.0,7415.0,green,1
J1174,I7355,14104.0,14106.0,green,2
J1174,I7365,14122.0,14123.0,green,1
J4309,I7280,13928.0,13930.0,brown,1
J4309,I7664,14742.0,14743.0,brown,1
J4309,I11504,22782.0,22783.0,brown,1
J4309,I11888,23520.0,23522.0,brown,2
J1538,I4129,7349.0,7351.0,brown,2
J1538,I4161,7428.0,7434.0,green,1
J1538,I4385,7910.0,7911.0,brown,1
J1538,I7937,15331.0,15332.0,brown,1
J1538,I8898,17453.0,17454.0,green,1
J1600,I1575,2562.0,2563.0,green,1
J1600,I1607,2620.0,2622.0,green,1
J1600,I1831,2994.0,2996.0,green,1
J1600,I1863,3052.0,3057.0,green,1
J2595,I2582,4332.0,4337.0,green,2
J2595,I2774,4685.0,4689.0,green,1
J2595,I8574,16707.0,16708.0,green,1
J1078,I3160,5456.0,5457.0,brown,1
J1078,I8728,17043.0,17045.0,brown,1
J1078,I10680,21163.0,21167.0,brown,1
J1078,I13208,26002.0,26004.0,brown,1
J1078,I14472,28324.0,28326.0,brown,2
J4460,I7425,14241.0,14243.0,brown,1
J4460,I8161,15820.0,15822.0,brown,1
J4460,I8705,16992.0,16993.0,brown,1
J4460,I10273,20277.0,20281.0,brown,1
J397,I1196,1879.0,1893.0,green,4
J397,I3132,5395.0,5401.0,green,1
J397,I3468,6065.0,6072.0,green,1
J4044,I10734,21278.0,21285.0,green,1
J4044,I13007,25667.0,25670.0,green,2
J4044,I13679,26882.0,26892.0,green,3
J2690,I6340,11939.0,11941.0,green,1
J2690,I6468,12199.0,12203.0,green,3
J1768,I2731,4586.0,4590.0,green,1
J1768,I9708,19141.0,19146.0,green,1
J1768,I10316,20405.0,20410.0,green,2
J1768,I11404,22596.0,22598.0,green,2
J3936,I8836,17315.0,17317.0,green,1
J3936,I11940,23617.0,23619.0,brown,1
J3936,I12708,25093.0,25095.0,brown,1
J3076,I7085,13524.0,13526.0,brown,1
J3076,I7949,15348.0,15352.0,brown,1
J3076,I8269,16054.0,16055.0,brown,1
J3076,I12717,25119.0,25120.0,brown,1
J3076,I14478,28334.0,28343.0,green,1
J54,I242,331.0,333.0,green,1
J54,I466,681.0,682.0,green,1
J54,I2605,4369.0,4370.0,green,1
J4476,I12595,24851.0,24853.0,brown,2
J4476,I12724,25134.0,25136.0,green,1
J4476,I14291,28011.0,28012.0,brown,1
J4476,I14355,28120.0,28122.0,brown,1
J4476,I14686,28699.0,28702.0,green,1
J126,I200,268.0,269.0,brown,1
J126,I1833,2998.0,2999.0,green,1
J126,I4821,8795.0,8805.0,green,1
J126,I5033,9215.0,9221.0,green,1
J4283,I2884,4917.0,4921.0,red,1
J4283,I4420,7993.0,7995.0,brown,2
J4283,I5188,9550.0,9552.0,brown,1
J4283,I11429,22638.0,22640.0,green,1
J4283,I13829,27186.0,27188.0,green,1
J2771,I3491,6109.0,6112.0,green,2
J2771,I3843,6801.0,6803.0,green,1
J2771,I7298,13969.0,13972.0,brown,1
J274,I7675,14763.0,14764.0,brown,1
J274,I10108,19945.0,19947.0,green,1
J274,I10620,21040.0,21045.0,green,1
J4109,I13465,26503.0,26505.0,green,1
J4109,I14553,28462.0,28464.0,green,2
J4109,I14713,28746.0,28750.0,green,1
J4109,I15353,29725.0,29727.0,green,2
J2482,I3130,5391.0,5394.0,green,1
J2482,I3770,6651.0,6656.0,green,1
J2482,I4250,7601.0,7604.0,green,2
J2482,I4570,8292.0,8296.0,green,1
J3274,I7027,13387.0,13390.0,brown,2
J3274,I7124,13591.0,13597.0,green,1
J3274,I10995,21764.0,21765.0,brown,1
J3959,I5734,10688.0,10691.0,red,1
J3959,I5766,10777.0,10778.0,brown,1
J3959,I8358,16237.0,16238.0,brown,1
J3959,I12743,25170.0,25171.0,green,1
J3959,I13319,26191.0,26199.0,green,2
J1938,I1928,3166.0,3168.0,red,1
J1938,I12104,23952.0,23958.0,brown,2
J1938,I12649,24965.0,24972.0,green,1
J1938,I14120,27715.0,27718.0,brown,1
J1938,I14938,29109.0,29111.0,brown,1
J483,I1514,2445.0,2449.0,green,2
J483,I2878,4897.0,4901.0,green,1
J4713,I10000,19725.0,19727.0,green,1
J4713,I10672,21143.0,21144.0,brown,1
J4713,I11825,23400.0,23402.0,green,1
J4713,I12306,24301.0,24305.0,brown,3
J4165,I5619,10449.0,10451.0,brown,1
J4165,I8915,17486.0,17487.0,brown,1
J4165,I9427,18601.0,18606.0,green,1
J4165,I12500,24659.0,24662.0,green,2
J4165,I14132,27736.0,27739.0,green,1
J2994,I2763,4660.0,4661.0,brown,1
J2994,I2827,4788.0,4789.0,brown,1
J2994,I8076,15633.0,15637.0,green,1
J2994,I11396,22583.0,22585.0,green,2
J2414,I613,905.0,907.0,brown,1
J2414,I10278,20288.0,20294.0,green,1
J2741,I3209,5555.0,5558.0,green,1
J2741,I4713,8565.0,8571.0,green,2
J2741,I7913,15286.0,15294.0,green,1
J2655,I6962,13251.0,13253.0,green,1
J2655,I7026,13383.0,13387.0,green,2
J2655,I8210,15915.0,15920.0,green,2
J2655,I9138,17992.0,17993.0,green,1
J411,I2642,4431.0,4433.0,green,1
J411,I3058,5237.0,5239.0,green,1
J411,I3826,6769.0,6771.0,green,1
J411,I4242,7590.0,7592.0,green,1
J411,I5949,11123.0,11124.0,brown,1
J411,I6226,11711.0,11712.0,green,1
J1382,I4131,7355.0,7370.0,green,1
J4,I7,7.0,8.0,green,1
J4,I231,310.0,312.0,green,2
J4901,I12185,24102.0,24105.0,green,1
J4901,I13337,26238.0,26239.0,green,1
J4901,I14521,28412.0,28413.0,green,1
J4901,I15481,29913.0,29914.0,green,1
J4901,I15493,29927.0,29928.0,green,1
J2634,I7503,14399.0,14406.0,green,1
J2634,I11319,22427.0,22435.0,green,2
J2634,I11679,23101.0,23103.0,green,1
J2634,I11823,23395.0,23398.0,green,2
J216,I527,779.0,782.0,green,1
J216,I558,827.0,830.0,green,1
J216,I5583,10361.0,10369.0,green,4
J3882,I6266,11789.0,11790.0,brown,1
J3882,I7835,15094.0,15095.0,green,1
J3882,I8091,15666.0,15668.0,brown,1
J3882,I8507,16562.0,16564.0,brown,1
J114,I3743,6597.0,6599.0,green,1
J114,I7359,14110.0,14113.0,green,1
J114,I8991,17663.0,17668.0,green,1
J114,I9495,18728.0,18729.0,green,1
J114,I9983,19693.0,19695.0,brown,1
J114,I10231,20196.0,20199.0,green,1
J4435,I1905,3130.0,3132.0,red,1
J4435,I2065,3403.0,3405.0,brown,2
J4435,I3953,7019.0,7021.0,brown,1
J4435,I4817,8789.0,8790.0,brown,1
J4435,I13489,26540.0,26542.0,brown,1
J4626,I13056,25753.0,25755.0,brown,2
J4626,I13312,26181.0,26182.0,brown,1
J4626,I13409,26379.0,26386.0,green,1
J4626,I14216,27868.0,27870.0,brown,1
J4626,I14688,28703.0,28704.0,brown,1
J1869,I10951,21688.0,21691.0,green,1
J1869,I15399,29793.0,29796.0,green,1
J4468,I7813,15039.0,15040.0,brown,1
J4468,I7845,15110.0,15113.0,brown,1
J4468,I8773,17153.0,17160.0,brown,1
J4468,I13734,27001.0,27003.0,green,1
J4468,I14046,27587.0,27588.0,green,1
J4468,I14478,28334.0,28343.0,green,1
J2727,I6680,12630.0,12631.0,green,1
J2727,I6808,12906.0,12908.0,brown,1
J2727,I6872,13033.0,13035.0,green,2
J1989,I3415,5969.0,5970.0,green,1
J1989,I3479,6086.0,6089.0,brown,2
J1989,I10840,21485.0,21490.0,green,1
J1989,I13440,26448.0,26450.0,green,1
J2317,I6046,11355.0,11357.0,brown,1
J2317,I6879,13047.0,13051.0,green,2
J2317,I12255,24227.0,24230.0,green,1
J3040,I8461,16457.0,16463.0,green,2
J3040,I10268,20271.0,20272.0,brown,1
J4174,I5755,10752.0,10755.0,brown,3
J4174,I5787,10821.0,10822.0,brown,1
J4174,I10620,21040.0,21045.0,green,1
J4174,I12988,25624.0,25625.0,green,1
J2158,I7910,15279.0,15281.0,brown,2
J2158,I9286,18290.0,18294.0,green,1
J1473,I9903,19533.0,19534.0,brown,1
J1473,I11664,23071.0,23072.0,brown,1
J1473,I12208,24148.0,24151.0,green,1
J1473,I12304,24297.0,24299.0,green,1
J1473,I12528,24711.0,24712.0,brown,1
J1473,I13376,26314.0,26317.0,brown,1
J2163,I216,288.0,291.0,green,1
J2163,I217,291.0,292.0,brown,1
J2163,I249,340.0,342.0,green,1
J2163,I313,435.0,436.0,green,1
J2163,I409,592.0,593.0,green,1
J2163,I7109,13566.0,13567.0,green,1
J757,I2026,3330.0,3335.0,green,2
J757,I2667,4488.0,4489.0,green,1
J4384,I5225,9633.0,9635.0,red,1
J4384,I8905,17467.0,17471.0,brown,1
J4384,I10218,20179.0,20181.0,green,1
J4384,I13898,27311.0,27318.0,green,2
J2402,I4028,7159.0,7160.0,brown,1
J2402,I4092,7272.0,7273.0,brown,1
J2402,I8989,17659.0,17661.0,green,1
J2718,I7456,14308.0,14311.0,green,3
J2718,I7520,14441.0,14444.0,green,1
J2718,I8388,16299.0,16305.0,green,1
J4824,I9029,17763.0,17765.0,brown,2
J4824,I10181,20082.0,20087.0,green,2
J4531,I3432,6002.0,6004.0,brown,2
J4531,I4744,8646.0,8647.0,brown,1
J4531,I10409,20581.0,20584.0,green,1
J4531,I13777,27081.0,27082.0,green,1
J4531,I13866,27258.0,27259.0,brown,1
J2623,I8180,15860.0,15863.0,green,3
J2623,I8212,15924.0,15929.0,green,2
J2623,I8244,16002.0,16006.0,green,1
J4022,I7395,14178.0,14179.0,green,1
J4022,I7459,14313.0,14315.0,green,2
J4022,I7875,15196.0,15199.0,green,3
J3739,I12090,23925.0,23927.0,green,1
J3739,I15131,29394.0,29396.0,green,1
J3739,I15275,29615.0,29617.0,green,1
J3739,I15355,29728.0,29729.0,green,1
J2698,I5158,9487.0,9488.0,brown,1
J2698,I5479,10157.0,10158.0,green,1
J2698,I5831,10903.0,10904.0,green,1
J2698,I7815,15041.0,15044.0,green,1
J4706,I8027,15500.0,15503.0,brown,1
J4706,I8091,15666.0,15668.0,brown,1
J4706,I10684,21174.0,21178.0,green,2
J4706,I13436,26440.0,26442.0,green,1
J4706,I14188,27828.0,27829.0,green,1
J2087,I11013,21799.0,21804.0,green,1
J2087,I13380,26326.0,26328.0,brown,1
J2087,I14756,28826.0,28827.0,brown,1
J2256,I4532,8208.0,8209.0,brown,1
J2256,I10964,21714.0,21716.0,brown,1
J2256,I11797,23333.0,23341.0,green,1
J2650,I6036,11341.0,11342.0,brown,1
J2650,I8469,16478.0,16482.0,green,1
J1672,I5153,9467.0,9469.0,green,1
J1672,I5249,9686.0,9690.0,green,1
J1672,I5345,9881.0,9883.0,green,1
J1672,I6273,11798.0,11800.0,green,1
J1672,I6305,11857.0,11858.0,green,1
J1672,I6433,12126.0,12130.0,green,1
J2069,I7761,14927.0,14930.0,brown,2
J2069,I8530,16621.0,16624.0,green,1
J2069,I9873,19472.0,19474.0,brown,1
J2069,I10993,21762.0,21763.0,brown,1
J4280,I7866,15162.0,15166.0,green,1
J4280,I14805,28901.0,28903.0,green,1
J3555,I5925,11077.0,11079.0,red,1
J3555,I6341,11941.0,11943.0,brown,1
J3555,I8773,17153.0,17160.0,brown,1
J3555,I9733,19184.0,19187.0,brown,1
J3555,I12005,23739.0,23740.0,brown,1
J1752,I2529,4232.0,4235.0,green,1
J1752,I3618,6352.0,6355.0,green,1
J1752,I4130,7351.0,7355.0,green,1
J1752,I9346,18438.0,18439.0,green,1
J1752,I9474,18682.0,18689.0,green,1
J4069,I3527,6172.0,6173.0,green,1
J4069,I4327,7777.0,7778.0,brown,1
J4069,I6375,12021.0,12022.0,brown,1
J4069,I7336,14054.0,14055.0,green,1
J4069,I8392,16312.0,16313.0,brown,1
J4069,I8424,16380.0,16382.0,brown,1
J3848,I11010,21795.0,21796.0,brown,1
J3848,I13859,27244.0,27247.0,green,1
J3848,I14435,28263.0,28264.0,green,1
J3058,I7275,13917.0,13919.0,brown,2
J3058,I8620,16801.0,16803.0,green,2
J2601,I6903,13108.0,13109.0,green,1
J2601,I7031,13396.0,13398.0,green,2
J2601,I7063,13468.0,13471.0,green,1
J2601,I7383,14159.0,14160.0,green,1
J2601,I9079,17844.0,17846.0,green,1
J3442,I7258,13886.0,13887.0,brown,1
J3442,I7547,14503.0,14504.0,green,1
J3442,I7579,14567.0,14569.0,brown,1
J3442,I7931,15323.0,15324.0,green,1
J3442,I9243,18212.0,18213.0,green,1
J4882,I10795,21387.0,21391.0,green,3
J4882,I14252,27934.0,27936.0,green,1
J839,I13,14.0,15.0,green,1
J839,I143,187.0,188.0,green,1
J839,I239,323.0,327.0,green,1
J839,I941,1449.0,1452.0,green,1
J2897,I5004,9158.0,9160.0,red,1
J2897,I8268,16051.0,16054.0,brown,1
J2897,I13101,25819.0,25823.0,green,1
J2897,I14941,29114.0,29116.0,green,2
J987,I1843,3014.0,3016.0,red,1
J987,I12724,25134.0,25136.0,green,1
J987,I14388,28180.0,28182.0,green,2
J987,I15092,29331.0,29333.0,green,2
J1442,I4285,7680.0,7695.0,green,4
J1804,I2151,3565.0,3566.0,brown,1
J1804,I2343,3902.0,3903.0,brown,1
J1804,I7976,15407.0,15412.0,green,3
J1804,I8603,16767.0,16770.0,brown,1
J1821,I5219,9619.0,9625.0,green,1
J1821,I5283,9747.0,9752.0,green,2
J1587,I4237,7577.0,7580.0,green,2
J2389,I1314,2093.0,2095.0,green,1
J2389,I2018,3320.0,3321.0,brown,1
J2389,I3363,5875.0,5876.0,green,1
J3545,I5504,10204.0,10211.0,green,1
J3545,I7968,15387.0,15392.0,green,2
J2632,I7765,14935.0,14937.0,brown,1
J2632,I10709,21229.0,21235.0,green,1
J2632,I11349,22494.0,22498.0,brown,1
J2632,I11414,22613.0,22615.0,green,2
J2066,I1438,2318.0,2319.0,green,1
J2066,I7103,13552.0,13555.0,green,1
J2066,I8255,16029.0,16031.0,green,1
J2066,I9582,18891.0,18893.0,brown,1
J2066,I10527,20873.0,20878.0,green,1
J2066,I11470,22715.0,22716.0,brown,1
J2988,I8118,15733.0,15736.0,green,2
J2988,I8182,15864.0,15868.0,green,3
J2786,I2823,4778.0,4781.0,brown,1
J2786,I3560,6234.0,6235.0,green,1
J2786,I9352,18450.0,18455.0,green,1
J1932,I5958,11138.0,11140.0,green,2
J1932,I6086,11430.0,11431.0,green,1
J791,I1776,2897.0,2899.0,green,1
J791,I2352,3918.0,3919.0,green,1
J791,I4720,8585.0,8588.0,green,2
J791,I6424,12104.0,12109.0,green,1
J3429,I5184,9538.0,9544.0,green,3
J3429,I12160,24058.0,24059.0,green,1
J3710,I9119,17940.0,17941.0,green,1
J3710,I9631,18998.0,18999.0,brown,1
J3710,I9663,19049.0,19050.0,brown,1
J3710,I9727,19173.0,19175.0,brown,2
J3710,I9823,19361.0,19363.0,brown,1
J836,I2781,4699.0,4701.0,brown,2
J836,I6750,12788.0,12791.0,green,2
J4227,I11936,23607.0,23610.0,green,1
J4227,I12367,24405.0,24408.0,brown,2
J4227,I14285,27994.0,27995.0,brown,1
J45,I147,193.0,194.0,red,1
J45,I2035,3349.0,3351.0,brown,1
J45,I6483,12238.0,12240.0,brown,1
J45,I9427,18601.0,18606.0,green,1
J45,I11507,22787.0,22789.0,brown,1
J45,I13924,27361.0,27363.0,green,1
J2561,I7660,14737.0,14738.0,green,1
J2561,I7692,14792.0,14793.0,green,1
J2561,I7693,14793.0,14794.0,brown,1
J2561,I8248,16019.0,16021.0,green,1
J4357,I6866,13023.0,13025.0,brown,2
J4357,I8082,15648.0,15651.0,brown,1
J4357,I11762,23265.0,23267.0,green,1
J4357,I11922,23583.0,23585.0,brown,1
J4357,I12211,24154.0,24156.0,green,1
J2647,I11473,22724.0,22725.0,green,1
J2647,I12530,24714.0,24719.0,green,1
J2647,I14354,28116.0,28120.0,green,1
J2647,I15506,29944.0,29945.0,green,1
J4075,I1509,2436.0,2439.0,red,1
J4075,I10566,20942.0,20949.0,green,1
J4075,I11686,23115.0,23117.0,green,2
J4075,I12806,25276.0,25279.0,brown,1
J4997,I9005,17716.0,17717.0,brown,1
J4997,I9165,18049.0,18054.0,brown,1
J4997,I9357,18463.0,18465.0,green,2
J4997,I9613,18952.0,18955.0,green,2
J1570,I4125,7338.0,7340.0,green,1
J1570,I4156,7415.0,7418.0,brown,1
J1570,I7125,13597.0,13604.0,green,4
J1081,I3570,6256.0,6260.0,green,1
J1081,I3762,6634.0,6636.0,green,2
J1081,I3794,6712.0,6713.0,brown,1
J1081,I3858,6840.0,6841.0,green,1
J1081,I4643,8417.0,8419.0,brown,1
J1542,I1576,2563.0,2564.0,brown,1
J1542,I5993,11225.0,11234.0,green,3
J1542,I12616,24893.0,24895.0,brown,1
J1542,I12665,25009.0,25011.0,green,1
J4212,I10987,21751.0,21752.0,red,1
J2473,I6576,12431.0,12436.0,green,1
J4897,I13651,26818.0,26819.0,green,1
J4897,I13779,27085.0,27090.0,green,5
J84,I6129,11511.0,11515.0,green,1
J84,I6545,12362.0,12363.0,green,1
J84,I7921,15307.0,15309.0,green,1
J84,I10273,20277.0,20281.0,brown,1
J84,I10275,20283.0,20286.0,green,1
J4516,I14817,28931.0,28932.0,green,1
J4516,I15265,29602.0,29604.0,brown,1
J4516,I15473,29896.0,29901.0,green,1
J2980,I8264,16040.0,16043.0,green,3
J2980,I8360,16239.0,16242.0,green,2
J2980,I9224,18165.0,18169.0,green,1
J2681,I5614,10443.0,10444.0,brown,1
J2681,I6286,11819.0,11821.0,brown,1
J2681,I9422,18594.0,18596.0,brown,1
J2681,I11182,22150.0,22154.0,brown,1
J2681,I13397,26358.0,26364.0,green,2
J4060,I12191,24115.0,24116.0,brown,1
J4060,I12223,24172.0,24176.0,brown,1
J4060,I13200,25986.0,25988.0,green,1
J4585,I14009,27519.0,27520.0,brown,1
J4585,I14137,27750.0,27753.0,brown,3
J4585,I14425,28247.0,28248.0,brown,1
J4585,I14489,28355.0,28356.0,brown,1
J4746,I14065,27623.0,27624.0,green,1
J4746,I14129,27728.0,27731.0,green,1
J4746,I14161,27786.0,27787.0,green,1
J4746,I14641,28626.0,28627.0,green,1
J4746,I14929,29095.0,29096.0,green,1
J4746,I15177,29461.0,29462.0,green,1
J2604,I7812,15037.0,15039.0,brown,2
J2604,I8133,15759.0,15761.0,green,2
J2604,I12389,24444.0,24446.0,green,2
J4907,I14930,29096.0,29097.0,brown,1
J4907,I15179,29463.0,29469.0,green,1
J4907,I15211,29513.0,29516.0,green,1
J1084,I218,292.0,294.0,brown,1
J1084,I226,302.0,303.0,green,1
J1084,I1315,2095.0,2098.0,green,1
J1084,I4611,8370.0,8371.0,green,1
J1084,I6339,11937.0,11939.0,green,1
J2516,I2976,5085.0,5086.0,green,1
J2516,I7297,13965.0,13969.0,green,1
J2516,I8993,17670.0,17679.0,green,2
J2932,I3123,5374.0,5377.0,brown,2
J2932,I5555,10313.0,10314.0,brown,1
J2932,I12084,23919.0,23920.0,green,1
J2932,I12116,23977.0,23978.0,brown,1
J2932,I12244,24206.0,24207.0,brown,1
J31,I8417,16366.0,16367.0,green,1
J31,I8977,17636.0,17639.0,green,2
J31,I9286,18290.0,18294.0,green,1
J3856,I4966,9070.0,9074.0,brown,1
J3856,I15175,29455.0,29459.0,green,2
J3856,I15239,29563.0,29564.0,green,1
J3333,I10908,21608.0,21611.0,green,1
J3333,I14365,28146.0,28148.0,green,1
J3333,I15005,29214.0,29215.0,green,1
J3333,I15197,29493.0,29494.0,green,1
J3333,I15357,29730.0,29735.0,green,1
J3333,I15361,29739.0,29740.0,brown,1
J3150,I4544,8229.0,8234.0,green,4
J3150,I6847,12986.0,12989.0,brown,2
J4260,I909,1404.0,1405.0,red,1
J4260,I5901,11033.0,11036.0,brown,1
J4260,I10670,21140.0,21141.0,green,1
J4260,I11406,22599.0,22602.0,brown,1
J4260,I12942,25547.0,25551.0,green,1
J4260,I13646,26805.0,26806.0,brown,1
J4250,I9409,18565.0,18566.0,brown,1
J4250,I10018,19760.0,19761.0,green,1
J4250,I12658,24997.0,24998.0,brown,1
J1438,I4363,7857.0,7858.0,green,1
J1438,I4427,8011.0,8014.0,green,3
J1438,I4651,8432.0,8433.0,green,1
J77,I11,12.0,13.0,green,1
J145,I3963,7035.0,7037.0,brown,1
J145,I5339,9866.0,9867.0,brown,1
J145,I6715,12697.0,12701.0,brown,2
J145,I7611,14641.0,14644.0,brown,1
J145,I9180,18080.0,18083.0,green,1
J908,I1154,1809.0,1810.0,green,1
J908,I1187,1856.0,1866.0,green,1
J908,I1347,2161.0,2165.0,green,1
J908,I6019,11298.0,11303.0,green,1
J4328,I7911,15281.0,15284.0,brown,1
J4328,I8423,16376.0,16380.0,brown,2
J4328,I8487,16522.0,16524.0,brown,1
J4328,I8967,17594.0,17599.0,brown,1
J701,I1564,2539.0,2544.0,green,1
J701,I3132,5395.0,5401.0,green,1
J701,I7803,15016.0,15019.0,brown,1
J701,I8732,17049.0,17051.0,green,1
J701,I9240,18202.0,18204.0,green,2
J210,I327,458.0,461.0,brown,2
J210,I520,769.0,773.0,green,2
J210,I1680,2726.0,2728.0,brown,1
J3646,I2745,4626.0,4627.0,brown,1
J3646,I7194,13740.0,13748.0,green,2
J3646,I8121,15740.0,15741.0,brown,1
J3646,I9689,19100.0,19103.0,brown,1
J3646,I11897,23537.0,23539.0,brown,1
J1565,I1206,1913.0,1914.0,brown,1
J1565,I8151,15801.0,15805.0,green,1
J1565,I9399,18544.0,18546.0,green,1
J1565,I10455,20698.0,20699.0,green,1
J2117,I1369,2199.0,2201.0,brown,1
J2117,I2009,3304.0,3306.0,brown,1
J2117,I9210,18134.0,18136.0,green,1
J3425,I4795,8748.0,8750.0,brown,2
J3425,I4923,8988.0,8990.0,brown,2
J3425,I5307,9794.0,9795.0,brown,1
J3425,I7068,13480.0,13482.0,green,1
J1865,I1203,1900.0,1904.0,green,3
J1865,I4562,8269.0,8272.0,brown,1
J4218,I6519,12312.0,12313.0,red,1
J4218,I8760,17127.0,17131.0,brown,1
J4218,I10776,21358.0,21360.0,green,1
J4218,I13240,26059.0,26060.0,brown,1
J1757,I4086,7258.0,7259.0,green,1
J1757,I4246,7595.0,7596.0,green,1
J1757,I4694,8527.0,8529.0,green,2
J1757,I4822,8805.0,8808.0,green,2
J3897,I3916,6948.0,6949.0,brown,1
J3897,I4332,7784.0,7788.0,brown,3
J3897,I12444,24554.0,24555.0,brown,1
J3897,I12621,24909.0,24910.0,green,1
J3669,I4330,7781.0,7782.0,brown,1
J3669,I4394,7927.0,7930.0,brown,2
J1743,I2772,4677.0,4682.0,green,2
J1743,I5235,9654.0,9657.0,brown,1
J1988,I3919,6953.0,6954.0,brown,1
J1988,I6480,12230.0,12236.0,green,3
J1584,I1579,2566.0,2571.0,green,4
J3755,I10296,20348.0,20350.0,red,1
J3755,I10425,20616.0,20618.0,green,2
J3755,I14649,28636.0,28637.0,brown,1
J2029,I5170,9508.0,9512.0,green,4
J2029,I5234,9649.0,9654.0,green,1
J2029,I5266,9711.0,9712.0,green,1
J1759,I3374,5897.0,5904.0,green,1
J1759,I3405,5948.0,5950.0,brown,1
J1759,I3694,6496.0,6499.0,green,2
J1759,I8430,16393.0,16400.0,green,2
J230,I17,18.0,19.0,green,1
J230,I33,38.0,39.0,brown,1
J230,I8017,15483.0,15486.0,green,3
J230,I9202,18117.0,18118.0,brown,1
J4090,I8006,15464.0,15465.0,brown,1
J4090,I8679,16932.0,16941.0,green,2
J4090,I9030,17765.0,17766.0,brown,1
J4090,I11398,22587.0,22589.0,brown,1
J357,I1186,1855.0,1856.0,green,1
J357,I1250,1981.0,1983.0,green,1
J357,I1378,2219.0,2220.0,green,1
J357,I1410,2269.0,2270.0,green,1
J357,I1538,2493.0,2495.0,green,1
J357,I3470,6073.0,6075.0,green,1
J4479,I6314,11874.0,11877.0,brown,1
J4479,I6346,11952.0,11954.0,brown,1
J4479,I14186,27824.0,27826.0,brown,1
J1158,I1984,3270.0,3271.0,brown,1
J1158,I8545,16661.0,16667.0,green,1
J1158,I9825,19365.0,19369.0,green,1
J3187,I12813,25294.0,25299.0,green,2
J3187,I13133,25873.0,25878.0,green,1
J3187,I14413,28226.0,28227.0,green,1
J3187,I14973,29171.0,29172.0,green,1
J2574,I13970,27447.0,27448.0,brown,1
J2574,I15026,29244.0,29245.0,brown,1
J2574,I15203,29502.0,29504.0,green,2
J2574,I15235,29553.0,29554.0,green,1
J3521,I1592,2590.0,2591.0,green,1
J3521,I9241,18204.0,18208.0,green,1
J3521,I12030,23790.0,23804.0,green,2
J1104,I3129,5390.0,5391.0,green,1
J1104,I3161,5457.0,5462.0,green,3
J2586,I4985,9113.0,9115.0,brown,1
J2586,I5401,9999.0,10001.0,brown,2
J2586,I5497,10193.0,10195.0,brown,1
J2586,I7641,14688.0,14690.0,brown,1
J2586,I10745,21300.0,21304.0,brown,1
J4156,I12802,25268.0,25270.0,brown,1
J4156,I13346,26254.0,26255.0,brown,1
J4156,I13911,27339.0,27342.0,green,2
J4156,I14218,27871.0,27872.0,brown,1
J4156,I14231,27892.0,27897.0,green,1
J1829,I7192,13733.0,13739.0,green,4
J4303,I5866,10965.0,10967.0,red,1
J4303,I10538,20899.0,20900.0,brown,1
J4303,I11274,22346.0,22347.0,green,1
J4303,I14468,28318.0,28321.0,green,1
J4303,I14519,28406.0,28409.0,green,2
J841,I1005,1561.0,1562.0,brown,1
J841,I1037,1616.0,1618.0,brown,2
J841,I4782,8728.0,8730.0,green,1
J575,I1963,3227.0,3230.0,green,1
J575,I1995,3284.0,3285.0,green,1
J575,I1996,3285.0,3286.0,green,1
J4923,I10956,21698.0,21699.0,red,1
J4923,I11116,22015.0,22018.0,red,1
J4923,I12748,25178.0,25179.0,brown,1
J4923,I13933,27380.0,27382.0,green,1
J329,I12130,23996.0,23997.0,brown,1
J329,I13506,26562.0,26564.0,brown,1
J329,I13731,26990.0,26998.0,green,1
J329,I14133,27739.0,27740.0,green,1
J2524,I2351,3915.0,3918.0,brown,1
J1294,I3967,7042.0,7043.0,green,1
J1294,I3968,7043.0,7047.0,green,1
J1294,I3999,7101.0,7102.0,green,1
J1294,I4096,7279.0,7281.0,green,1
J1294,I4128,7343.0,7349.0,green,1
J1294,I4351,7832.0,7833.0,brown,1
J1478,I4774,8715.0,8718.0,green,2
J1063,I3494,6115.0,6117.0,green,1
J1063,I3791,6701.0,6708.0,green,3
J1063,I3847,6809.0,6811.0,green,1
J1063,I4455,8061.0,8064.0,green,1
J4469,I6604,12475.0,12476.0,brown,1
J4469,I12045,23829.0,23834.0,green,3
J4469,I13133,25873.0,25878.0,green,2
J3559,I10143,20014.0,20016.0,green,1
J3559,I11263,22328.0,22329.0,brown,1
J280,I5760,10766.0,10768.0,green,2
J280,I7712,14831.0,14835.0,green,1
J280,I8480,16502.0,16505.0,green,2
J758,I2701,4540.0,4542.0,green,2
J758,I3181,5504.0,5505.0,green,1
J758,I8397,16317.0,16320.0,green,2
J758,I9485,18713.0,18714.0,green,1
J2857,I7854,15136.0,15137.0,green,1
J2857,I8110,15717.0,15719.0,green,2
J2857,I8174,15848.0,15849.0,green,1
J2857,I8206,15910.0,15911.0,green,1
J3596,I1497,2411.0,2413.0,brown,2
J3596,I8666,16904.0,16908.0,green,3
J4736,I7839,15104.0,15105.0,red,1
J4736,I7872,15191.0,15193.0,brown,1
J4736,I9504,18741.0,18742.0,brown,1
J23,I35,40.0,41.0,brown,1
J23,I10388,20544.0,20545.0,green,1
J1955,I9593,18912.0,18914.0,green,1
J1955,I11322,22437.0,22440.0,green,3
J2397,I4465,8085.0,8087.0,green,1
J2397,I4658,8451.0,8452.0,green,1
J2397,I5522,10238.0,10240.0,green,1
J2397,I6875,13040.0,13042.0,green,2
J2397,I7322,14033.0,14039.0,green,1
J4947,I14353,28114.0,28116.0,green,1
J4947,I14833,28964.0,28965.0,green,1
J3337,I4160,7426.0,7428.0,brown,1
J3337,I4352,7833.0,7835.0,brown,1
J3337,I5824,10886.0,10887.0,brown,1
J3337,I12705,25087.0,25090.0,green,1
J3337,I14305,28033.0,28034.0,green,1
J3337,I14497,28366.0,28367.0,green,1
J1202,I1873,3076.0,3078.0,green,2
J1202,I3377,5906.0,5907.0,green,1
J1202,I3569,6253.0,6256.0,green,3
J2637,I7442,14276.0,14282.0,green,6
J2674,I5452,10102.0,10103.0,green,1
J2674,I5836,10912.0,10913.0,green,1
J2674,I7244,13861.0,13867.0,green,1
J1806,I1383,2227.0,2228.0,green,1
J1806,I1543,2504.0,2506.0,brown,1
J1806,I1991,3280.0,3281.0,green,1
J1806,I2087,3445.0,3448.0,green,1
J5000,I14443,28273.0,28274.0,green,1
J5000,I14731,28776.0,28777.0,green,1
J5000,I15211,29513.0,29516.0,green,1
J5000,I15275,29615.0,29617.0,green,1
J5000,I15550,29997.0,29998.0,green,1
J3170,I7686,14778.0,14784.0,green,1
J3170,I9592,18910.0,18912.0,green,1
J3588,I5248,9682.0,9686.0,brown,3
J3588,I12545,24744.0,24745.0,green,1
J3588,I13129,25866.0,25868.0,green,1
J3638,I9847,19427.0,19432.0,green,1
J3638,I11192,22172.0,22177.0,green,1
J3638,I13768,27056.0,27059.0,green,1
J4024,I5483,10164.0,10166.0,green,1
J4024,I6668,12604.0,12610.0,green,5
J2470,I4214,7534.0,7536.0,brown,1
J2470,I4598,8347.0,8348.0,brown,1
J2470,I5430,10069.0,10071.0,brown,1
J2470,I7254,13881.0,13882.0,brown,1
J2470,I10471,20725.0,20726.0,green,1
J32,I67,76.0,77.0,green,1
J32,I5283,9747.0,9752.0,green,1
J32,I6363,11991.0,11998.0,green,3
J32,I7147,13642.0,13645.0,green,1
J3633,I6099,11451.0,11452.0,green,1
J3633,I11763,23267.0,23270.0,green,1
J3633,I11891,23530.0,23531.0,green,1
J3633,I12403,24474.0,24478.0,green,1
J3633,I12471,24608.0,24613.0,green,1
J4059,I8201,15900.0,15903.0,brown,2
J4059,I13674,26874.0,26876.0,green,1
J4059,I14810,28914.0,28916.0,green,2
J1691,I7532,14466.0,14468.0,green,1
J1691,I8652,16877.0,16879.0,green,1
J1691,I10412,20587.0,20594.0,green,2
J1691,I13264,26108.0,26111.0,green,2
J900,I2898,4943.0,4944.0,green,1
J900,I2962,5062.0,5065.0,brown,1
J900,I8554,16676.0,16677.0,brown,1
J3014,I6593,12459.0,12460.0,brown,1
J3014,I8129,15751.0,15755.0,brown,1
J3014,I10290,20331.0,20338.0,green,3
J3014,I10562,20937.0,20938.0,green,1
J1911,I4249,7600.0,7601.0,brown,1
J1911,I5817,10874.0,10877.0,brown,2
J1911,I11002,21777.0,21782.0,green,2
J4983,I13857,27239.0,27242.0,green,2
J4983,I13889,27293.0,27295.0,green,2
J4983,I14337,28083.0,28087.0,green,1
J4983,I15473,29896.0,29901.0,green,1
J2915,I2046,3373.0,3376.0,brown,3
J2915,I3006,5139.0,5140.0,brown,1
J2915,I3774,6666.0,6668.0,brown,1
J2607,I5545,10290.0,10294.0,brown,1
J2607,I6394,12050.0,12056.0,green,1
J2607,I8538,16637.0,16646.0,green,3
J3505,I6138,11531.0,11532.0,red,1
J3505,I12507,24671.0,24680.0,green,3
J3505,I13178,25952.0,25953.0,brown,1
J3505,I14106,27694.0,27695.0,brown,1
J1817,I2378,3953.0,3954.0,brown,1
J1817,I13579,26687.0,26696.0,green,4
J1817,I14682,28686.0,28689.0,brown,1
J368,I1585,2580.0,2582.0,brown,1
J368,I3025,5176.0,5179.0,brown,1
J368,I3953,7019.0,7021.0,brown,1
J368,I3985,7080.0,7082.0,brown,1
J368,I11665,23072.0,23074.0,brown,1
J368,I12345,24368.0,24370.0,brown,1
J2692,I6028,11319.0,11320.0,brown,1
J2692,I7372,14137.0,14138.0,brown,1
J2692,I9708,19141.0,19146.0,green,1
J2400,I1264,2004.0,2006.0,green,1
J2400,I5969,11172.0,11175.0,green,1
J2400,I7913,15286.0,15294.0,green,1
J2400,I8305,16129.0,16134.0,green,1
J2400,I8465,16469.0,16471.0,green,1
J4938,I10277,20287.0,20288.0,green,1
J4938,I14630,28603.0,28605.0,green,1
J4938,I15238,29562.0,29563.0,green,1
J4938,I15366,29750.0,29752.0,green,2
J4938,I15462,29882.0,29883.0,green,1
J4967,I13465,26503.0,26505.0,green,1
J4967,I14329,28073.0,28074.0,green,1
J4967,I14745,28806.0,28810.0,green,1
J4967,I15433,29841.0,29843.0,green,1
J1069,I1700,2761.0,2762.0,brown,1
J1069,I1861,3047.0,3048.0,green,1
J1069,I2053,3385.0,3386.0,green,1
J1069,I2309,3835.0,3839.0,green,1
J1069,I2405,4002.0,4006.0,green,1
J1871,I6154,11565.0,11567.0,brown,1
J1871,I7306,13993.0,13994.0,brown,1
J1871,I8778,17166.0,17168.0,brown,1
J1871,I12683,25043.0,25050.0,green,1
J1871,I14346,28101.0,28103.0,brown,1
J1871,I14475,28328.0,28330.0,green,1
J2243,I6082,11414.0,11418.0,green,4
J2243,I6146,11550.0,11553.0,green,1
J2243,I6594,12460.0,12463.0,brown,1
J4606,I10583,20978.0,20979.0,brown,1
J4606,I10679,21160.0,21163.0,brown,2
J2481,I10841,21490.0,21492.0,green,1
J2481,I13946,27399.0,27413.0,green,3
J2481,I14937,29107.0,29109.0,brown,1
J3152,I4272,7643.0,7644.0,green,1
J3152,I4976,9097.0,9098.0,brown,1
J3152,I7696,14799.0,14802.0,brown,3
J3152,I11217,22233.0,22235.0,green,1
J2137,I1065,1660.0,1661.0,green,1
J2137,I1161,1820.0,1822.0,brown,1
J2137,I7370,14130.0,14136.0,green,1
J2137,I8106,15697.0,15709.0,green,3
J962,I974,1509.0,1513.0,green,1
J962,I2541,4249.0,4250.0,brown,1
J962,I9998,19721.0,19723.0,green,1
J2846,I6873,13035.0,13037.0,green,2
J2846,I7929,15320.0,15322.0,green,2
J2846,I8089,15662.0,15665.0,green,2
J996,I5212,9597.0,9601.0,green,2
J996,I5461,10117.0,10126.0,green,1
J1785,I7715,14838.0,14843.0,green,1
J1785,I11715,23170.0,23171.0,brown,1
J1785,I12340,24360.0,24361.0,green,1
J1785,I13668,26855.0,26859.0,green,3
J1833,I4798,8755.0,8758.0,green,3
J1833,I5118,9371.0,9374.0,green,2
J1833,I5374,9934.0,9944.0,green,1
J3999,I14954,29136.0,29140.0,green,1
J2031,I4654,8436.0,8437.0,green,1
J2031,I4686,8515.0,8516.0,brown,1
J2031,I5551,10301.0,10310.0,green,1
J2031,I7855,15137.0,15142.0,green,1
J4758,I11239,22286.0,22287.0,brown,1
J4758,I11719,23176.0,23178.0,brown,2
J3916,I7859,15149.0,15150.0,red,1
J3916,I8148,15795.0,15797.0,brown,2
J3916,I10068,19857.0,19859.0,green,1
J3916,I10069,19859.0,19860.0,brown,1
J4271,I4852,8854.0,8856.0,brown,1
J4271,I11797,23333.0,23341.0,green,2
J4271,I14198,27843.0,27844.0,brown,1
J4271,I14436,28264.0,28265.0,brown,1
J3691,I8826,17274.0,17278.0,green,4
J3691,I8858,17363.0,17365.0,green,1
J2573,I5056,9263.0,9265.0,brown,1
J2573,I7809,15028.0,15030.0,green,1
J2573,I8385,16294.0,16295.0,green,1
J2573,I10561,20935.0,20937.0,green,1
J4619,I7434,14260.0,14262.0,brown,2
J4619,I8075,15629.0,15633.0,green,1
J4619,I9579,18881.0,18886.0,brown,1
J4619,I10283,20301.0,20306.0,green,1
J4619,I10859,21523.0,21524.0,brown,1
J2102,I5629,10468.0,10473.0,red,1
J2102,I5694,10596.0,10598.0,brown,2
J2102,I13614,26746.0,26747.0,brown,1
J2102,I13918,27350.0,27352.0,brown,1
J2248,I4323,7769.0,7771.0,brown,2
J2248,I4515,8181.0,8182.0,brown,1
J2248,I4740,8632.0,8637.0,green,1
J2248,I4772,8711.0,8712.0,green,1
J2248,I10692,21188.0,21189.0,brown,1
J3777,I6970,13270.0,13277.0,green,2
J3777,I9210,18134.0,18136.0,green,1
J1287,I359,512.0,513.0,green,1
J1287,I391,556.0,557.0,brown,1
J1287,I2503,4184.0,4188.0,brown,1
J1287,I2856,4846.0,4850.0,green,2
J1287,I9792,19305.0,19307.0,green,1
J3681,I9664,19050.0,19051.0,brown,1
J3681,I9985,19696.0,19698.0,green,2
J3681,I12225,24177.0,24179.0,green,1
J3681,I12609,24884.0,24885.0,green,1
J705,I3375,5904.0,5905.0,green,1
J705,I6459,12175.0,12182.0,green,1
J705,I6987,13303.0,13307.0,green,2
J3003,I5942,11106.0,11114.0,green,1
J3003,I8214,15930.0,15934.0,green,2
J3003,I8246,16015.0,16018.0,green,1
J3003,I11477,22731.0,22733.0,brown,1
J4185,I7941,15339.0,15340.0,brown,1
J4185,I9093,17869.0,17871.0,brown,1
J4185,I11046,21871.0,21873.0,green,1
J4185,I11334,22461.0,22469.0,green,1
J4185,I13606,26735.0,26737.0,green,1
J1760,I5616,10445.0,10446.0,green,1
J1760,I5681,10570.0,10574.0,green,2
J1760,I5713,10639.0,10641.0,green,1
J1760,I5717,10647.0,10653.0,green,1
J1760,I5749,10740.0,10745.0,green,1
J735,I919,1416.0,1418.0,green,1
J735,I920,1418.0,1419.0,green,1
J735,I952,1475.0,1477.0,green,1
J735,I2039,3358.0,3363.0,green,1
J4652,I11644,23034.0,23035.0,green,1
J4652,I11901,23546.0,23548.0,green,2
J4652,I15357,29730.0,29735.0,green,3
J3232,I7070,13484.0,13487.0,green,3
J2072,I2261,3750.0,3753.0,brown,2
J2955,I6878,13045.0,13047.0,brown,2
J3902,I9803,19328.0,19330.0,brown,2
J3902,I11804,23352.0,23355.0,green,2
J3001,I11100,21972.0,21980.0,green,2
J3001,I13245,26070.0,26072.0,green,1
J3001,I15173,29452.0,29453.0,green,1
J3001,I15229,29543.0,29544.0,green,1
J3001,I15301,29657.0,29658.0,green,1
J3608,I7592,14592.0,14593.0,green,1
J3608,I7624,14661.0,14662.0,green,1
J3608,I7848,15119.0,15121.0,green,2
J3608,I8232,15967.0,15972.0,green,1
J3608,I11048,21874.0,21877.0,green,1
J3732,I8298,16104.0,16108.0,green,4
J3732,I10026,19776.0,19777.0,green,1
J3732,I11770,23281.0,23282.0,green,1
J3742,I9474,18682.0,18689.0,green,2
J3742,I9666,19053.0,19057.0,brown,2
J3742,I9954,19638.0,19641.0,brown,1
J3742,I13795,27121.0,27122.0,green,1
J260,I1222,1935.0,1936.0,green,1
J260,I1574,2559.0,2562.0,green,1
J260,I1606,2616.0,2620.0,green,1
J260,I2566,4297.0,4298.0,green,1
J260,I4326,7773.0,7777.0,green,1
J260,I6758,12807.0,12809.0,green,1
J3190,I8235,15977.0,15982.0,green,5
J3190,I8299,16108.0,16111.0,green,1
J5,I18,19.0,20.0,green,1
J5,I21,22.0,23.0,green,1
J5,I27,30.0,31.0,green,1
J5,I84,104.0,105.0,green,1
J438,I1341,2145.0,2148.0,green,2
J438,I1372,2206.0,2207.0,green,1
J220,I520,769.0,773.0,green,1
J220,I2057,3392.0,3395.0,green,1
J220,I2473,4122.0,4126.0,green,2
J3653,I9780,19287.0,19289.0,green,2
J3653,I9972,19671.0,19675.0,green,1
J3653,I10516,20852.0,20854.0,brown,1
J4787,I7936,15330.0,15331.0,brown,1
J4787,I9024,17746.0,17753.0,green,2
J4787,I14997,29202.0,29203.0,green,1
J4467,I10300,20358.0,20359.0,green,1
J4467,I10332,20444.0,20448.0,brown,2
J4467,I11325,22443.0,22447.0,green,3
J1036,I3103,5337.0,5341.0,green,1
J1036,I3295,5739.0,5744.0,green,1
J1036,I4062,7218.0,7220.0,brown,1
J1299,I8106,15697.0,15709.0,green,1
J1299,I9225,18169.0,18171.0,brown,1
J1299,I9514,18759.0,18762.0,green,2
J1299,I11290,22371.0,22372.0,green,1
J1299,I11890,23525.0,23530.0,green,1
J1696,I5460,10116.0,10117.0,green,1
J1696,I5492,10182.0,10185.0,green,1
J1696,I5524,10246.0,10247.0,green,1
J2441,I1243,1971.0,1972.0,brown,1
J2441,I7869,15172.0,15187.0,green,2
J749,I725,1095.0,1101.0,green,2
J749,I1172,1835.0,1837.0,brown,1
J4792,I15330,29696.0,29697.0,green,1
J4792,I15362,29740.0,29744.0,green,1
J2798,I8300,16111.0,16112.0,green,1
J2798,I8396,16316.0,16317.0,green,1
J2798,I10156,20038.0,20040.0,green,1
J282,I1254,1987.0,1988.0,brown,1
J282,I1478,2383.0,2384.0,green,1
J282,I1574,2559.0,2562.0,green,1
J282,I2630,4406.0,4410.0,green,2
J1151,I2288,3801.0,3802.0,green,1
J1151,I4144,7395.0,7397.0,green,1
J1151,I7352,14092.0,14099.0,green,2
J4755,I11868,23489.0,23490.0,brown,1
J4755,I12732,25147.0,25151.0,green,1
J4755,I13820,27172.0,27174.0,green,1
J4755,I14684,28691.0,28698.0,green,1
J4755,I15264,29599.0,29602.0,brown,1
J1912,I3863,6851.0,6855.0,green,4
J1912,I10043,19806.0,19807.0,brown,1
J2538,I5523,10240.0,10246.0,green,2
J2538,I8211,15920.0,15924.0,green,1
J2538,I11319,22427.0,22435.0,green,1
J2538,I11698,23140.0,23141.0,brown,1
J4031,I5630,10473.0,10474.0,brown,1
J4031,I6046,11355.0,11357.0,brown,1
J4031,I6270,11794.0,11795.0,brown,1
J4031,I12919,25504.0,25506.0,green,2
J325,I12096,23937.0,23940.0,green,1
J325,I12384,24433.0,24438.0,green,1
J325,I13760,27045.0,27046.0,green,1
J325,I14560,28479.0,28483.0,green,1
J325,I14976,29174.0,29176.0,brown,1
J2277,I4592,8334.0,8338.0,green,2
J4148,I7087,13527.0,13528.0,brown,1
J4148,I7119,13581.0,13582.0,brown,1
J4148,I7663,14740.0,14742.0,brown,1
J4148,I7695,14797.0,14799.0,brown,1
J4148,I11215,22228.0,22229.0,green,1
J2222,I6074,11403.0,11404.0,green,1
J2222,I6170,11594.0,11598.0,green,4
J195,I482,704.0,706.0,green,1
J195,I674,1006.0,1009.0,brown,1
J195,I707,1061.0,1065.0,green,1
J195,I6947,13201.0,13205.0,green,3
J3222,I9242,18208.0,18212.0,green,2
J3222,I9306,18345.0,18346.0,green,1
J3222,I9530,18791.0,18794.0,green,2
J3222,I9594,18914.0,18916.0,green,1
J1022,I3559,6229.0,6234.0,green,1
J2306,I6824,12939.0,12940.0,green,1
J2306,I6920,13144.0,13146.0,green,1
J354,I916,1413.0,1414.0,brown,1
J354,I948,1467.0,1468.0,green,1
J354,I1044,1630.0,1631.0,green,1
J354,I3028,5181.0,5187.0,brown,2
J354,I8884,17423.0,17425.0,brown,1
J1090,I7322,14033.0,14039.0,green,1
J1090,I8330,16187.0,16188.0,green,1
J150,I551,814.0,819.0,green,2
J150,I616,909.0,910.0,green,1
J150,I1481,2387.0,2389.0,brown,2
J150,I2313,3846.0,3847.0,brown,1
J3123,I7505,14407.0,14408.0,green,1
J3123,I7729,14866.0,14868.0,brown,2
J3123,I9521,18775.0,18779.0,green,1
J3123,I12849,25362.0,25363.0,brown,1
J2701,I4094,7276.0,7278.0,green,2
J2701,I4158,7419.0,7425.0,green,1
J4096,I9313,18355.0,18358.0,brown,3
J4096,I9314,18358.0,18359.0,red,1
J4096,I9602,18930.0,18937.0,green,1
J4096,I11042,21865.0,21867.0,green,1
J3199,I2800,4739.0,4740.0,brown,1
J3199,I2928,4993.0,4994.0,brown,1
J3199,I11217,22233.0,22235.0,green,1
J3199,I12089,23924.0,23925.0,green,1
J3199,I12097,23940.0,23942.0,green,1
J3965,I2190,3631.0,3633.0,brown,1
J3965,I5838,10914.0,10916.0,brown,1
J3965,I13391,26348.0,26353.0,green,1
J3965,I14550,28459.0,28460.0,brown,1
J3860,I3964,7037.0,7039.0,brown,1
J3860,I12637,24938.0,24941.0,green,2
J3860,I14621,28590.0,28591.0,green,1
J3860,I14629,28600.0,28603.0,green,1
J2408,I4173,7454.0,7456.0,green,2
J2408,I4237,7577.0,7580.0,green,1
J2408,I4333,7788.0,7793.0,green,2
J131,I232,312.0,313.0,green,1
J131,I1224,1937.0,1943.0,green,1
J131,I2216,3676.0,3678.0,green,1
J131,I6222,11693.0,11700.0,green,1
J188,I1492,2403.0,2407.0,green,1
J188,I3156,5451.0,5453.0,green,1
J188,I6356,11973.0,11976.0,green,1
J188,I7320,14018.0,14032.0,green,2
J188,I7508,14417.0,14419.0,green,1
J2309,I5146,9429.0,9434.0,green,1
J2309,I5209,9593.0,9594.0,brown,1
J2309,I5210,9594.0,9596.0,green,2
J2309,I9890,19504.0,19507.0,green,1
J630,I992,1546.0,1547.0,green,1
J630,I1024,1592.0,1593.0,green,1
J4400,I7783,14977.0,14978.0,brown,1
J4400,I10919,21622.0,21623.0,brown,1
J4400,I11848,23450.0,23453.0,green,1
J4400,I12967,25593.0,25595.0,brown,1
J3068,I8929,17515.0,17517.0,brown,1
J3068,I9186,18095.0,18097.0,green,2
J2777,I8623,16807.0,16808.0,brown,1
J2777,I8655,16882.0,16884.0,brown,2
J2777,I9039,17778.0,17780.0,green,1
J2777,I9071,17834.0,17835.0,brown,1
J2777,I9103,17896.0,17898.0,brown,1
J2570,I5160,9489.0,9491.0,brown,1
J2570,I10473,20728.0,20735.0,green,1
J2020,I10464,20713.0,20714.0,green,1
J2020,I12352,24379.0,24380.0,brown,1
J2020,I13408,26377.0,26379.0,brown,2
J2020,I13590,26711.0,26712.0,brown,1
J2544,I3805,6729.0,6730.0,brown,1
J2544,I8606,16772.0,16775.0,green,2
J2544,I10302,20362.0,20366.0,green,1
J408,I1774,2883.0,2889.0,green,4
J408,I1933,3174.0,3175.0,brown,1
J1886,I5986,11204.0,11205.0,green,1
J1886,I6050,11362.0,11364.0,green,2
J1886,I6434,12130.0,12131.0,green,1
J1886,I9846,19420.0,19427.0,green,1
J1886,I10494,20786.0,20790.0,green,1
J3979,I4247,7596.0,7597.0,red,1
J3979,I13495,26549.0,26550.0,brown,1
J3979,I13535,26614.0,26615.0,brown,1
J3979,I13928,27368.0,27371.0,green,2
J1026,I1940,3187.0,3193.0,green,1
J1026,I2900,4945.0,4948.0,green,1
J3509,I9679,19074.0,19081.0,green,3
J3509,I9807,19338.0,19339.0,green,1
J3509,I11471,22716.0,22721.0,green,1
J4306,I8639,16844.0,16846.0,green,2
J4306,I10015,19755.0,19757.0,brown,1
J4306,I10495,20790.0,20794.0,green,3
J4482,I5089,9326.0,9329.0,brown,1
J4482,I5473,10148.0,10150.0,brown,1
J4482,I8001,15454.0,15456.0,brown,1
J4482,I14409,28217.0,28220.0,brown,2
J4482,I14594,28549.0,28550.0,green,1
J887,I3208,5553.0,5555.0,green,1
J887,I4808,8776.0,8777.0,green,1
J887,I6024,11311.0,11313.0,brown,1
J887,I6152,11563.0,11564.0,brown,1
J887,I8840,17320.0,17322.0,green,1
J2268,I2266,3759.0,3762.0,green,2
J2268,I4090,7266.0,7270.0,green,1
J313,I898,1388.0,1389.0,green,1
J313,I930,1434.0,1436.0,green,1
J313,I1187,1856.0,1866.0,green,2
J4647,I7157,13664.0,13669.0,brown,2
J4647,I12854,25370.0,25373.0,green,1
J4647,I15030,29248.0,29249.0,green,1
J4047,I6460,12182.0,12185.0,brown,1
J4047,I6780,12854.0,12855.0,brown,1
J4047,I6972,13278.0,13279.0,brown,1
J4047,I8892,17439.0,17441.0,brown,1
J4047,I10908,21608.0,21611.0,green,1
J4047,I11100,21972.0,21980.0,green,1
J3286,I5146,9429.0,9434.0,green,1
J3286,I8921,17498.0,17499.0,brown,1
J3356,I5385,9964.0,9966.0,brown,2
J3356,I5417,10042.0,10044.0,brown,2
J3356,I11946,23630.0,23634.0,green,2
J3529,I7531,14463.0,14466.0,brown,1
J3529,I11660,23064.0,23067.0,green,1
J3529,I13067,25770.0,25771.0,brown,1
J2428,I7502,14394.0,14399.0,green,4
J3104,I8839,17319.0,17320.0,green,1
J3104,I9639,19007.0,19010.0,green,2
J1031,I1841,3010.0,3013.0,green,1
J1031,I5105,9349.0,9354.0,brown,2
J1031,I8530,16621.0,16624.0,green,1
J499,I2862,4867.0,4871.0,green,1
J499,I8317,16156.0,16158.0,brown,1
J499,I9037,17774.0,17777.0,brown,1
J1010,I2263,3754.0,3757.0,green,1
J1010,I2743,4616.0,4625.0,green,1
J1010,I4367,7873.0,7876.0,green,2
J1010,I5559,10318.0,10323.0,green,1
J2991,I4161,7428.0,7434.0,green,1
J2991,I7273,13911.0,13913.0,brown,1
J2991,I8162,15822.0,15830.0,green,1
J2991,I8258,16034.0,16035.0,green,1
J2991,I9826,19369.0,19371.0,green,1
J3825,I8365,16255.0,16257.0,brown,2
J3825,I9069,17829.0,17833.0,brown,4
J3566,I6221,11691.0,11693.0,green,2
J3566,I6317,11885.0,11886.0,green,1
J3566,I6381,12028.0,12031.0,green,3
J471,I7228,13816.0,13818.0,brown,1
J471,I7612,14644.0,14645.0,brown,1
J471,I10653,21113.0,21114.0,green,1
J471,I14301,28027.0,28030.0,green,3
J1603,I4285,7680.0,7695.0,green,3
J1603,I5405,10008.0,10017.0,green,2
J1603,I8733,17051.0,17056.0,green,1
J2193,I1046,1632.0,1633.0,green,1
J2193,I1047,1633.0,1634.0,green,1
J2193,I1143,1792.0,1794.0,green,1
J2979,I2085,3441.0,3443.0,green,1
J2979,I10566,20942.0,20949.0,green,3
J1472,I3707,6522.0,6525.0,green,1
J1472,I4779,8722.0,8723.0,green,1
J1472,I5147,9434.0,9437.0,green,1
J739,I5089,9326.0,9329.0,brown,1
J739,I6882,13055.0,13058.0,green,1
J739,I9586,18897.0,18904.0,green,2
J739,I9597,18922.0,18923.0,brown,1
J4832,I12507,24671.0,24680.0,green,1
J4832,I14939,29111.0,29113.0,brown,1
J4832,I14972,29169.0,29171.0,green,2
J4832,I15264,29599.0,29602.0,brown,1
J2904,I3155,5450.0,5451.0,green,1
J2904,I5844,10923.0,10926.0,green,3
J1273,I3074,5276.0,5279.0,green,1
J1273,I3170,5481.0,5486.0,green,2
J1273,I3874,6871.0,6873.0,green,1
J868,I1869,3069.0,3070.0,brown,1
J868,I1901,3125.0,3127.0,green,1
J868,I2478,4136.0,4137.0,brown,1
J868,I8316,16155.0,16156.0,brown,1
J868,I8670,16918.0,16920.0,green,1
J4268,I11471,22716.0,22721.0,green,1
J4268,I11535,22846.0,22849.0,green,1
J4268,I12239,24196.0,24198.0,green,1
J4268,I13200,25986.0,25988.0,green,1
J4268,I13924,27361.0,27363.0,green,1
J4268,I13955,27427.0,27429.0,brown,1
J3320,I9704,19134.0,19136.0,brown,2
J3320,I14697,28716.0,28717.0,green,1
J3973,I8551,16673.0,16674.0,brown,1
J3973,I8552,16674.0,16675.0,red,1
J3973,I8679,16932.0,16941.0,green,1
J3973,I9543,18812.0,18813.0,brown,1
J3973,I13280,26130.0,26131.0,green,1
J3097,I4131,7355.0,7370.0,green,2
J3097,I4995,9130.0,9132.0,green,1
J3097,I5219,9619.0,9625.0,green,1
J3097,I8643,16853.0,16855.0,green,2
J4735,I14586,28527.0,28532.0,green,1
J4735,I15050,29276.0,29277.0,green,1
J4735,I15354,29727.0,29728.0,green,1
J4735,I15386,29775.0,29777.0,green,1
J4735,I15434,29843.0,29847.0,green,1
J2525,I6021,11307.0,11309.0,green,2
J2525,I6661,12587.0,12590.0,brown,1
J2464,I2939,5014.0,5020.0,green,1
J2464,I3420,5980.0,5981.0,green,1
J2464,I7580,14569.0,14571.0,green,2
J2464,I9116,17929.0,17930.0,green,1
J2464,I11036,21853.0,21856.0,green,1
J303,I3078,5285.0,5295.0,green,5
J3802,I12458,24583.0,24586.0,brown,1
J3802,I13219,26021.0,26025.0,green,1
J3802,I13699,26931.0,26934.0,green,1
J3342,I1234,1956.0,1957.0,green,1
J3342,I4786,8733.0,8737.0,brown,1
J3342,I10195,20128.0,20134.0,green,1
J1794,I504,740.0,742.0,brown,2
J1794,I792,1210.0,1214.0,green,1
J1794,I6329,11906.0,11911.0,green,3
J1654,I5028,9207.0,9209.0,green,2
J1654,I5156,9473.0,9476.0,green,2
J1654,I5732,10679.0,10680.0,green,1
J1654,I6725,12715.0,12720.0,green,1
J1514,I6702,12676.0,12679.0,brown,1
J1514,I7982,15421.0,15425.0,brown,3
J1514,I10830,21461.0,21463.0,brown,1
J4881,I14163,27788.0,27789.0,green,1
J4881,I14675,28674.0,28675.0,green,1
J148,I1401,2253.0,2254.0,brown,1
J148,I3881,6887.0,6892.0,green,1
J3700,I2298,3818.0,3819.0,red,1
J3700,I14779,28861.0,28865.0,green,1
J3700,I14971,29166.0,29169.0,green,1
J3700,I15099,29343.0,29344.0,green,1
J4289,I999,1554.0,1555.0,brown,1
J4289,I2599,4361.0,4363.0,brown,1
J4289,I6695,12661.0,12665.0,brown,2
J4289,I12183,24099.0,24100.0,brown,1
J3546,I5502,10200.0,10202.0,green,1
J3546,I5565,10330.0,10332.0,brown,1
J3546,I7134,13618.0,13619.0,green,1
J3546,I7742,14892.0,14894.0,green,1
J3546,I8510,16569.0,16581.0,green,2
J4461,I11873,23497.0,23498.0,brown,1
J4461,I12034,23812.0,23813.0,green,1
J4461,I12514,24689.0,24690.0,green,1
J4461,I12674,25027.0,25029.0,green,1
J1150,I3105,5342.0,5347.0,green,1
J1150,I3265,5664.0,5666.0,green,2
J1150,I5361,9913.0,9916.0,green,1
J1150,I6725,12715.0,12720.0,green,2
J2235,I2996,5120.0,5123.0,green,1
J2235,I3572,6261.0,6266.0,green,1
J2522,I3108,5349.0,5350.0,red,1
J2522,I11781,23298.0,23301.0,green,1
J2522,I12036,23815.0,23816.0,brown,1
J2522,I13029,25706.0,25714.0,green,1
J2522,I14565,28490.0,28495.0,green,1
J2280,I8406,16345.0,16350.0,green,1
J4558,I1217,1927.0,1929.0,red,1
J4558,I11937,23610.0,23611.0,brown,1
J4558,I13954,27423.0,27427.0,green,1
J4558,I14729,28773.0,28775.0,brown,1
J4558,I15009,29219.0,29220.0,brown,1
J66,I175,233.0,235.0,brown,1
J66,I239,323.0,327.0,green,1
J66,I303,417.0,419.0,green,1
J66,I304,419.0,420.0,green,1
J66,I1127,1771.0,1772.0,green,1
J66,I1226,1945.0,1947.0,brown,1
J4665,I13785,27099.0,27101.0,green,1
J4665,I14585,28525.0,28527.0,green,2
J4665,I14745,28806.0,28810.0,green,1
J1994,I12373,24415.0,24418.0,green,1
J1994,I15539,29983.0,29984.0,green,1
J1994,I15543,29987.0,29988.0,green,1
J1913,I4435,8022.0,8025.0,green,3
J1913,I4627,8393.0,8396.0,green,2
J2184,I5034,9221.0,9222.0,green,1
J2184,I5131,9394.0,9396.0,green,1
J2184,I5739,10699.0,10704.0,green,4
J2822,I7054,13456.0,13457.0,brown,1
J2822,I7183,13716.0,13720.0,green,1
J2822,I7727,14864.0,14865.0,green,1
J2822,I8047,15553.0,15554.0,brown,1
J2822,I8303,16120.0,16124.0,brown,1
J319,I632,934.0,936.0,green,2
J319,I2456,4092.0,4093.0,brown,1
J319,I5240,9666.0,9668.0,brown,1
J319,I12056,23864.0,23866.0,brown,1
J319,I12633,24931.0,24933.0,brown,1
J3636,I3049,5218.0,5220.0,brown,1
J3636,I7850,15126.0,15131.0,green,1
J3636,I8074,15627.0,15629.0,green,2
J3636,I9514,18759.0,18762.0,green,1
J2810,I8601,16764.0,16765.0,green,1
J2810,I8857,17362.0,17363.0,green,1
J2810,I9017,17732.0,17733.0,green,1
J2810,I9177,18072.0,18075.0,green,3
J2304,I6748,12770.0,12785.0,green,2
J2304,I8932,17526.0,17531.0,green,2
J2304,I9092,17867.0,17869.0,green,1
J4530,I442,647.0,648.0,red,1
J4530,I7866,15162.0,15166.0,green,1
J4530,I9275,18261.0,18265.0,green,1
J4530,I11802,23347.0,23351.0,green,1
J4530,I14507,28385.0,28389.0,green,1
J1985,I3007,5140.0,5142.0,green,1
J1985,I7071,13487.0,13488.0,green,1
J1919,I6952,13214.0,13216.0,brown,2
J1919,I6953,13216.0,13229.0,green,3
J1919,I12968,25595.0,25596.0,brown,1
J645,I7361,14115.0,14116.0,green,1
J645,I9089,17863.0,17864.0,green,1
J645,I9793,19307.0,19312.0,green,1
J645,I12534,24723.0,24727.0,brown,2
J4183,I10826,21449.0,21453.0,brown,2
J4183,I10922,21628.0,21632.0,green,1
J4183,I11210,22214.0,22216.0,brown,1
J1344,I1863,3052.0,3057.0,green,3
J1344,I6503,12275.0,12278.0,green,1
J3641,I7853,15135.0,15136.0,green,1
J3641,I15502,29938.0,29940.0,green,2
J3641,I15510,29951.0,29952.0,brown,1
J2116,I3060,5240.0,5246.0,green,3
J2116,I5428,10064.0,10067.0,green,2
J2116,I6996,13322.0,13325.0,green,1
J2679,I1893,3113.0,3115.0,green,2
J2679,I2054,3386.0,3388.0,green,1
J2679,I9094,17871.0,17880.0,green,1
J1455,I633,936.0,937.0,green,1
J1455,I1017,1576.0,1579.0,green,1
J1455,I1145,1797.0,1799.0,green,2
J1455,I5461,10117.0,10126.0,green,1
J1455,I6105,11463.0,11469.0,green,1
J1361,I2060,3397.0,3398.0,green,1
J1361,I2828,4789.0,4793.0,brown,1
J1361,I2892,4934.0,4935.0,green,1
J1361,I3148,5426.0,5428.0,green,1
J1361,I3788,6694.0,6698.0,green,2
J1950,I1824,2984.0,2985.0,brown,1
J1950,I1856,3037.0,3041.0,green,1
J1950,I2048,3380.0,3381.0,brown,1
J1950,I7777,14968.0,14969.0,green,1
J1950,I10529,20880.0,20882.0,green,1
J1052,I2049,3381.0,3382.0,brown,1
J1052,I5378,9952.0,9956.0,green,1
J1052,I5474,10150.0,10151.0,green,1
J1052,I9234,18188.0,18191.0,green,1
J1052,I9506,18744.0,18746.0,brown,1
J1052,I9764,19253.0,19255.0,green,1
J1165,I5374,9934.0,9944.0,green,3
J1165,I10094,19913.0,19914.0,green,1
J1165,I11758,23258.0,23261.0,brown,1
J3355,I7081,13513.0,13518.0,green,1
J3355,I7240,13846.0,13849.0,brown,3
J3355,I7944,15342.0,15344.0,brown,1
J3355,I12793,25251.0,25253.0,green,1
J2495,I11816,23380.0,23381.0,green,1
J2495,I12424,24523.0,24524.0,green,1
J2495,I13800,27131.0,27136.0,green,2
J2495,I15336,29703.0,29706.0,green,1
J2495,I15368,29753.0,29754.0,green,1
J3438,I6895,13081.0,13090.0,green,3
J4683,I7628,14669.0,14670.0,red,1
J4683,I8012,15476.0,15477.0,brown,1
J4683,I8236,15982.0,15984.0,green,1
J4683,I8364,16252.0,16255.0,brown,1
J4683,I8748,17093.0,17097.0,brown,1
J3990,I10484,20761.0,20765.0,green,1
J3990,I12885,25435.0,25447.0,green,1
J3990,I13077,25786.0,25787.0,green,1
J3990,I13333,26228.0,26234.0,green,2
J3990,I13429,26422.0,26428.0,green,1
J3276,I5929,11085.0,11087.0,brown,2
J3276,I13322,26206.0,26210.0,green,1
J4312,I11537,22851.0,22853.0,green,1
J4312,I13170,25940.0,25941.0,green,1
J4312,I14002,27506.0,27508.0,brown,1
J4312,I14354,28116.0,28120.0,green,1
J4312,I14610,28575.0,28576.0,brown,1
J769,I2751,4639.0,4642.0,green,1
J769,I2944,5025.0,5026.0,green,1
J769,I3200,5539.0,5542.0,green,1
J769,I5568,10338.0,10340.0,brown,1
J769,I5688,10584.0,10585.0,green,1
J769,I5745,10725.0,10726.0,brown,1
J3507,I5177,9523.0,9527.0,green,1
J3507,I5370,9927.0,9929.0,green,2
J3507,I6362,11983.0,11991.0,green,2
J3507,I12030,23790.0,23804.0,green,1
J3393,I3325,5794.0,5796.0,brown,1
J3393,I9469,18673.0,18676.0,brown,1
J3393,I12782,25232.0,25234.0,green,1
J3393,I14141,27757.0,27759.0,brown,2
J3757,I11703,23148.0,23152.0,brown,1
J3757,I12088,23923.0,23924.0,green,1
J3757,I12152,24036.0,24041.0,green,1
J3757,I12184,24100.0,24102.0,brown,1
J3757,I14054,27598.0,27599.0,brown,1
J530,I13026,25697.0,25703.0,green,1
J530,I13154,25908.0,25913.0,green,1
J530,I13570,26673.0,26675.0,green,1
J530,I14434,28262.0,28263.0,green,1
J530,I14562,28484.0,28486.0,brown,2
J3054,I7838,15099.0,15104.0,green,1
J3054,I10365,20505.0,20507.0,brown,1
J3054,I10622,21046.0,21049.0,green,1
J2358,I1448,2334.0,2335.0,red,1
J2358,I9801,19322.0,19326.0,green,1
J2358,I9929,19586.0,19587.0,green,1
J2358,I10409,20581.0,20584.0,green,1
J2358,I11849,23453.0,23455.0,brown,1
J422,I2726,4579.0,4580.0,green,1
J422,I5542,10282.0,10287.0,green,1
J323,I7949,15348.0,15352.0,brown,1
J323,I9389,18530.0,18532.0,brown,2
J323,I9453,18641.0,18646.0,green,1
J323,I9549,18827.0,18830.0,brown,1
J323,I14029,27557.0,27560.0,brown,1
J1859,I5057,9265.0,9267.0,brown,1
J1859,I8161,15820.0,15822.0,brown,1
J1859,I13682,26895.0,26903.0,green,1
J1859,I14145,27765.0,27766.0,brown,1
J3514,I1822,2980.0,2982.0,brown,2
J3514,I1854,3031.0,3033.0,green,1
J3514,I6943,13194.0,13197.0,green,1
J3514,I8831,17293.0,17298.0,green,1
J3514,I10046,19811.0,19816.0,brown,1
J3021,I4638,8411.0,8412.0,green,1
J3021,I4703,8546.0,8547.0,green,1
J3021,I5279,9739.0,9741.0,green,1
J3021,I5439,10082.0,10084.0,green,1
J3021,I5503,10202.0,10204.0,green,1
J689,I752,1140.0,1143.0,brown,2
J689,I10481,20753.0,20754.0,green,1
J689,I12025,23773.0,23780.0,green,1
J689,I12245,24207.0,24212.0,green,1
J689,I12247,24213.0,24218.0,green,1
J555,I527,779.0,782.0,green,1
J555,I591,879.0,880.0,green,1
J555,I1103,1733.0,1735.0,brown,1
J555,I4112,7314.0,7320.0,green,1
J555,I6896,13090.0,13099.0,green,1
J555,I7504,14406.0,14407.0,green,1
J565,I9685,19094.0,19096.0,brown,1
J565,I11861,23478.0,23480.0,brown,1
J565,I13589,26710.0,26711.0,brown,1
J565,I14581,28520.0,28521.0,brown,1
J565,I15253,29581.0,29584.0,brown,1
J3542,I5832,10904.0,10905.0,green,1
J3542,I5992,11222.0,11225.0,brown,1
J3542,I6056,11374.0,11376.0,green,1
J3542,I8072,15618.0,15625.0,green,1
J3542,I10312,20392.0,20401.0,green,2
J3900,I11535,22846.0,22849.0,green,1
J3900,I15152,29419.0,29423.0,green,1
J3900,I15504,29941.0,29942.0,green,1
J1095,I3644,6398.0,6403.0,green,4
J409,I1317,2099.0,2104.0,green,1
J409,I3685,6475.0,6477.0,green,2
J4972,I11810,23367.0,23368.0,green,1
J4972,I11842,23443.0,23444.0,green,1
J4972,I12418,24513.0,24516.0,green,2
J4972,I12578,24810.0,24814.0,green,1
J3899,I5843,10922.0,10923.0,green,1
J3899,I6515,12306.0,12307.0,green,1
J3899,I7123,13590.0,13591.0,green,1
J3899,I8147,15789.0,15795.0,green,3
J4607,I7385,14161.0,14163.0,brown,2
J2115,I1765,2863.0,2866.0,green,1
J2115,I1798,2931.0,2939.0,green,3
J2115,I1862,3048.0,3052.0,green,1
J2115,I7320,14018.0,14032.0,green,1
J2748,I5879,10987.0,10989.0,brown,1
J2748,I6263,11785.0,11787.0,brown,1
J2748,I10488,20769.0,20775.0,green,2
J2748,I14651,28638.0,28639.0,brown,1
J2748,I14904,29057.0,29059.0,green,1
J3024,I9118,17932.0,17940.0,green,1
J3024,I10141,20011.0,20013.0,brown,1
J3024,I10237,20210.0,20211.0,green,1
J3024,I10301,20359.0,20362.0,green,2
J3024,I10621,21045.0,21046.0,green,1
J249,I2370,3945.0,3946.0,green,1
J249,I3106,5347.0,5348.0,green,1
J249,I4162,7434.0,7436.0,green,1
J249,I7301,13975.0,13977.0,green,1
J249,I8670,16918.0,16920.0,green,1
J1903,I8755,17110.0,17121.0,green,6
J3210,I8238,15987.0,15988.0,green,1
J3210,I8334,16192.0,16193.0,brown,1
J3210,I8526,16617.0,16618.0,brown,1
J3210,I8558,16682.0,16684.0,brown,2
J3210,I8590,16743.0,16745.0,brown,1
J1577,I2581,4329.0,4332.0,green,1
J1577,I2837,4810.0,4811.0,green,1
J2106,I6213,11673.0,11676.0,green,2
J2106,I6325,11898.0,11901.0,green,3
J1724,I2970,5076.0,5078.0,green,1
J1724,I3002,5135.0,5136.0,brown,1
J1724,I3131,5394.0,5395.0,green,1
J1724,I3931,6980.0,6982.0,green,1
J1724,I4123,7335.0,7336.0,green,1
J1724,I5691,10589.0,10591.0,green,1
J588,I354,501.0,503.0,green,2
J588,I4771,8708.0,8711.0,green,1
J588,I6339,11937.0,11939.0,green,1
J588,I8355,16234.0,16235.0,green,1
J588,I9347,18439.0,18441.0,green,1
J3236,I4925,8991.0,8993.0,brown,1
J3236,I7581,14571.0,14573.0,brown,1
J3236,I13278,26124.0,26128.0,green,1
J4189,I11001,21776.0,21777.0,green,1
J4189,I11033,21847.0,21848.0,green,1
J4189,I11066,21905.0,21907.0,brown,1
J4189,I11097,21964.0,21967.0,green,1
J4189,I12730,25144.0,25146.0,brown,1
J4189,I13217,26017.0,26020.0,green,1
J4650,I12238,24195.0,24196.0,green,1
J1852,I3019,5165.0,5166.0,brown,1
J1852,I7596,14602.0,14608.0,green,1
J1852,I9100,17893.0,17894.0,green,1
J1852,I9548,18822.0,18827.0,green,1
J2323,I6324,11895.0,11898.0,green,3
J2323,I6356,11973.0,11976.0,green,1
J2484,I6572,12421.0,12423.0,brown,1
J2484,I6732,12732.0,12734.0,brown,2
J2484,I12220,24167.0,24168.0,brown,1
J2484,I13302,26163.0,26166.0,brown,1
J2828,I9616,18961.0,18964.0,green,1
J2828,I9723,19166.0,19168.0,brown,1
J2282,I6153,11564.0,11565.0,brown,1
J2282,I6282,11814.0,11815.0,green,1
J2282,I6506,12286.0,12288.0,green,1
J2282,I6522,12316.0,12319.0,green,1
J2282,I6538,12343.0,12346.0,green,2
J4682,I10440,20654.0,20655.0,red,1
J4682,I10473,20728.0,20735.0,green,1
J4682,I10505,20825.0,20830.0,green,1
J4682,I10537,20897.0,20899.0,brown,2
J4682,I10569,20954.0,20956.0,red,1
J2443,I8590,16743.0,16745.0,brown,1
J1547,I2055,3388.0,3390.0,green,2
J1547,I10951,21688.0,21691.0,green,1
J1547,I11003,21782.0,21784.0,brown,1
J1547,I11223,22247.0,22251.0,green,2
J651,I4786,8733.0,8737.0,brown,1
J651,I13690,26913.0,26915.0,brown,2
J3831,I3883,6894.0,6895.0,red,1
J3831,I12204,24140.0,24143.0,green,1
J3831,I15243,29569.0,29570.0,brown,1
J3831,I15307,29665.0,29666.0,brown,1
J3831,I15412,29812.0,29813.0,green,1
J1111,I2680,4507.0,4508.0,green,1
J1111,I8153,15806.0,15807.0,green,1
J1111,I8505,16558.0,16560.0,brown,2
J4506,I8686,16953.0,16955.0,green,1
J4506,I13038,25725.0,25726.0,green,1
J2310,I3407,5952.0,5954.0,green,1
J2310,I9520,18774.0,18775.0,green,1
J2310,I11712,23165.0,23166.0,green,1
J2310,I11745,23224.0,23226.0,brown,1
J2310,I12864,25391.0,25393.0,green,2
J3978,I5084,9316.0,9320.0,brown,1
J3978,I6460,12182.0,12185.0,brown,1
J3978,I6844,12978.0,12979.0,brown,1
J3978,I13565,26665.0,26669.0,green,2
J3978,I14557,28468.0,28469.0,green,1
J2502,I6127,11506.0,11508.0,brown,2
J2502,I6191,11637.0,11638.0,brown,1
J2502,I7279,13925.0,13928.0,brown,1
J2502,I8720,17021.0,17025.0,green,1
J2502,I10127,19986.0,19988.0,brown,1
J2954,I7191,13731.0,13733.0,green,2
J2954,I7223,13805.0,13806.0,green,1
J2954,I7351,14086.0,14092.0,green,1
J3769,I10193,20116.0,20126.0,green,2
J3849,I1085,1702.0,1703.0,green,1
J3849,I3934,6986.0,6989.0,green,1
J3849,I5342,9870.0,9878.0,green,1
J1366,I3669,6455.0,6456.0,green,1
J1366,I3766,6646.0,6648.0,green,1
J1366,I3926,6967.0,6970.0,green,1
J1366,I4534,8210.0,8211.0,green,1
J1366,I4662,8459.0,8466.0,green,2
J1811,I4869,8885.0,8890.0,green,3
J1811,I5061,9271.0,9272.0,green,1
J198,I739,1119.0,1120.0,green,1
J198,I5156,9473.0,9476.0,green,1
J198,I11229,22259.0,22261.0,brown,1
J1431,I1729,2808.0,2811.0,brown,2
J1431,I1761,2857.0,2859.0,green,1
J1431,I1825,2985.0,2987.0,green,1
J1431,I2210,3663.0,3666.0,green,1
J1431,I2242,3718.0,3721.0,green,1
J2668,I3587,6294.0,6298.0,brown,3
J2668,I11875,23499.0,23500.0,brown,1
J2668,I13059,25758.0,25759.0,brown,1
J2668,I13296,26156.0,26158.0,green,1
J2535,I6915,13134.0,13138.0,green,2
J3789,I2228,3696.0,3699.0,green,2
J3789,I2964,5066.0,5068.0,brown,1
J3789,I9980,19687.0,19689.0,brown,1
J2920,I7893,15236.0,15238.0,brown,2
J2920,I8757,17123.0,17125.0,brown,2
J2920,I11733,23201.0,23202.0,brown,1
J585,I1706,2769.0,2773.0,green,1
J585,I1737,2823.0,2825.0,green,1
J585,I1769,2871.0,2874.0,green,1
J585,I2026,3330.0,3335.0,green,1
J585,I3274,5682.0,5684.0,green,1
J585,I4250,7601.0,7604.0,green,1
J3929,I11137,22065.0,22066.0,red,1
J3929,I11618,22989.0,22992.0,brown,2
J800,I1691,2747.0,2748.0,green,1
J800,I1883,3095.0,3098.0,brown,1
J800,I7045,13427.0,13432.0,green,1
J800,I7124,13591.0,13597.0,green,1
J2790,I5650,10503.0,10504.0,green,1
J2790,I5682,10574.0,10576.0,green,2
J2790,I6034,11332.0,11337.0,green,1
J2790,I8546,16667.0,16668.0,green,1
J4287,I9345,18436.0,18438.0,brown,2
J4287,I9473,18680.0,18682.0,green,2
J4287,I9699,19122.0,19125.0,red,1
J928,I3203,5544.0,5545.0,red,1
J928,I6499,12267.0,12268.0,brown,1
J928,I14764,28835.0,28836.0,brown,1
J928,I14820,28937.0,28939.0,brown,2
J1240,I1560,2530.0,2535.0,green,1
J1240,I3513,6150.0,6152.0,green,1
J1240,I4537,8213.0,8214.0,green,1
J1240,I5318,9816.0,9818.0,brown,1
J3436,I6437,12134.0,12136.0,brown,2
J3436,I6438,12136.0,12137.0,green,1
J3436,I12998,25645.0,25650.0,green,1
J4410,I4928,8998.0,8999.0,brown,1
J4410,I6880,13051.0,13054.0,brown,1
J4410,I7872,15191.0,15193.0,brown,1
J4410,I13321,26200.0,26206.0,green,2
J1417,I1591,2588.0,2590.0,green,1
J1417,I11832,23422.0,23423.0,green,1
J3948,I7309,13999.0,14004.0,green,5
J3948,I8301,16112.0,16118.0,green,1
J3528,I8927,17508.0,17513.0,brown,1
J3528,I14304,28032.0,28033.0,green,1
J3528,I14400,28200.0,28202.0,green,1
J3528,I14560,28479.0,28483.0,green,3
J2028,I4776,8719.0,8720.0,brown,1
J2028,I6025,11313.0,11316.0,green,3
J2028,I11017,21813.0,21814.0,green,1
J2028,I11594,22944.0,22947.0,brown,1
J3893,I4318,7759.0,7761.0,brown,2
J3893,I6910,13122.0,13125.0,brown,3
J3893,I12894,25466.0,25468.0,brown,1
J3334,I5365,9921.0,9923.0,brown,2
J3334,I5397,9992.0,9993.0,brown,1
J3334,I9078,17843.0,17844.0,green,1
J3334,I9110,17909.0,17914.0,green,1
J3334,I11542,22866.0,22867.0,green,1
J3793,I9231,18182.0,18184.0,brown,1
J3793,I9871,19464.0,19471.0,green,1
J3793,I12175,24078.0,24082.0,brown,1
J3793,I13120,25856.0,25857.0,green,1
J1019,I2091,3453.0,3454.0,red,1
J1019,I10251,20244.0,20247.0,green,1
J1019,I13356,26275.0,26279.0,green,3
J1019,I14628,28599.0,28600.0,green,1
J347,I2228,3696.0,3699.0,green,1
J347,I5812,10864.0,10867.0,green,2
J347,I8212,15924.0,15929.0,green,3
J2445,I3867,6858.0,6860.0,brown,2
J2445,I7611,14641.0,14644.0,brown,1
J2445,I8411,16355.0,16356.0,brown,1
J2610,I7763,14932.0,14933.0,green,1
J2610,I7795,14999.0,15000.0,green,1
J2610,I7955,15362.0,15366.0,green,1
J2610,I8819,17260.0,17265.0,green,1
J2610,I10713,21240.0,21242.0,green,1
J2094,I5116,9366.0,9367.0,green,1
J2094,I5148,9437.0,9450.0,green,3
J2094,I10204,20158.0,20160.0,green,2
J544,I2235,3707.0,3709.0,green,1
J544,I5691,10589.0,10591.0,green,1
J544,I6203,11654.0,11656.0,green,2
J544,I6459,12175.0,12182.0,green,2
J3052,I6930,13166.0,13168.0,brown,1
J3052,I12051,23852.0,23855.0,green,1
J3052,I12403,24474.0,24478.0,green,1
J3052,I13771,27063.0,27068.0,green,3
J787,I963,1489.0,1491.0,green,1
J787,I5699,10604.0,10606.0,brown,1
J787,I7139,13626.0,13629.0,brown,1
J787,I13136,25880.0,25881.0,green,1
J787,I13142,25891.0,25892.0,brown,1
J787,I13206,25998.0,26000.0,brown,1
J2680,I10278,20288.0,20294.0,green,2
J2680,I12102,23946.0,23947.0,green,1
J2680,I12998,25645.0,25650.0,green,2
J2680,I14854,28993.0,28995.0,green,1
J1966,I9349,18446.0,18447.0,green,1
J1966,I11605,22965.0,22966.0,brown,1
J1966,I11742,23212.0,23221.0,green,4
J1748,I3093,5321.0,5323.0,brown,1
J1748,I3125,5378.0,5379.0,brown,1
J1748,I3381,5911.0,5912.0,brown,1
J1748,I3445,6027.0,6028.0,brown,1
J1748,I12214,24159.0,24162.0,green,2
J1260,I6970,13270.0,13277.0,green,3
J1260,I8538,16637.0,16646.0,green,1
J356,I3060,5240.0,5246.0,green,2
J356,I4948,9030.0,9033.0,green,1
J356,I5044,9239.0,9241.0,green,1
J356,I7124,13591.0,13597.0,green,1
J356,I7299,13972.0,13973.0,brown,1
J3127,I15104,29348.0,29349.0,green,1
J3127,I15424,29829.0,29831.0,green,2
J3127,I15456,29875.0,29876.0,green,1
J1746,I2494,4163.0,4167.0,green,4
J1746,I6558,12387.0,12393.0,green,1
J252,I5976,11184.0,11187.0,brown,1
J252,I13217,26017.0,26020.0,green,1
J252,I13692,26916.0,26920.0,brown,1
J3134,I2466,4108.0,4110.0,brown,1
J3134,I3075,5279.0,5281.0,green,2
J3134,I10813,21427.0,21428.0,brown,1
J3134,I10871,21547.0,21548.0,green,1
J3134,I10964,21714.0,21716.0,brown,1
J4170,I10884,21565.0,21570.0,green,1
J4170,I11012,21798.0,21799.0,brown,1
J4170,I11748,23234.0,23236.0,brown,2
J4170,I11781,23298.0,23301.0,green,1
J927,I11619,22992.0,22996.0,green,2
J927,I12018,23761.0,23766.0,green,2
J2085,I1658,2691.0,2692.0,red,1
J2085,I2138,3539.0,3542.0,brown,1
J2085,I9546,18817.0,18820.0,brown,1
J2085,I10579,20970.0,20974.0,green,1
J3722,I1529,2476.0,2477.0,green,1
J3722,I2009,3304.0,3306.0,brown,1
J3722,I4090,7266.0,7270.0,green,1
J4210,I10449,20682.0,20686.0,green,3
J4210,I12241,24200.0,24201.0,green,1
J756,I294,406.0,407.0,green,1
J756,I326,457.0,458.0,brown,1
J756,I358,507.0,512.0,green,1
J98,I424,615.0,619.0,green,1
J98,I1064,1659.0,1660.0,green,1
J98,I1224,1937.0,1943.0,green,1
J897,I573,850.0,851.0,green,1
J897,I702,1052.0,1054.0,green,1
J897,I735,1114.0,1115.0,green,1
J897,I863,1331.0,1333.0,green,1
J3879,I5804,10849.0,10850.0,brown,1
J3879,I9356,18461.0,18463.0,brown,1
J3879,I12685,25052.0,25056.0,green,1
J4338,I11617,22987.0,22989.0,brown,1
J4338,I13026,25697.0,25703.0,green,2
J2432,I7166,13683.0,13685.0,green,2
J2432,I7198,13753.0,13756.0,green,2
J236,I772,1168.0,1169.0,red,1
J236,I11749,23236.0,23239.0,green,1
J236,I12132,23998.0,23999.0,brown,1
J236,I12613,24890.0,24891.0,green,1
J236,I13701,26937.0,26938.0,brown,1
J2403,I4248,7597.0,7600.0,brown,1
J2403,I6137,11530.0,11531.0,green,1
J2403,I11929,23593.0,23596.0,green,3
J4499,I13629,26774.0,26775.0,green,1
J4499,I13709,26948.0,26950.0,green,1
J4499,I13725,26980.0,26981.0,brown,1
J4499,I13741,27013.0,27015.0,green,1
J4499,I14005,27510.0,27513.0,green,1
J4867,I11021,21821.0,21824.0,brown,1
J4867,I11117,22018.0,22021.0,brown,2
J4867,I11214,22224.0,22228.0,green,1
J4867,I14142,27759.0,27762.0,green,1
J2878,I4587,8324.0,8328.0,green,2
J2878,I11595,22947.0,22952.0,green,3
J331,I1839,3004.0,3008.0,brown,1
J331,I3216,5569.0,5573.0,green,2
J331,I7397,14180.0,14183.0,green,1
J331,I7448,14290.0,14298.0,green,1
J3202,I4425,8001.0,8009.0,green,6
J1239,I3574,6271.0,6273.0,green,1
J1239,I3606,6337.0,6339.0,brown,2
J1239,I8134,15761.0,15769.0,green,1
J1744,I1760,2856.0,2857.0,green,1
J1744,I1761,2857.0,2859.0,green,1
J1744,I1858,3042.0,3043.0,green,1
J1744,I2050,3382.0,3383.0,brown,1
J1744,I5249,9686.0,9690.0,green,1
J3017,I5274,9724.0,9725.0,brown,1
J3017,I6234,11722.0,11725.0,brown,2
J3017,I12378,24425.0,24427.0,brown,1
J3017,I13307,26172.0,26174.0,green,1
J3017,I13781,27091.0,27095.0,green,1
J2676,I1628,2649.0,2650.0,brown,1
J2676,I1724,2798.0,2800.0,brown,1
J2676,I2173,3599.0,3600.0,green,1
J2676,I4061,7217.0,7218.0,brown,1
J2676,I5149,9450.0,9452.0,green,1
J2676,I6877,13043.0,13045.0,green,1
J2865,I7085,13524.0,13526.0,brown,1
J2865,I8686,16953.0,16955.0,green,1
J2865,I9037,17774.0,17777.0,brown,1
J2865,I11534,22845.0,22846.0,green,1
J4371,I10890,21583.0,21584.0,red,1
J4371,I10954,21694.0,21697.0,red,1
J4371,I11339,22474.0,22478.0,green,1
J2461,I7125,13597.0,13604.0,green,1
J2461,I7190,13730.0,13731.0,green,1
J2461,I7286,13939.0,13940.0,green,1
J2461,I7318,14016.0,14017.0,green,1
J1502,I2422,4037.0,4038.0,green,1
J1502,I6134,11521.0,11525.0,green,3
J671,I1558,2526.0,2528.0,brown,1
J671,I5462,10126.0,10129.0,brown,1
J671,I5559,10318.0,10323.0,green,3
J671,I9127,17954.0,17971.0,green,1
J3791,I6527,12324.0,12327.0,brown,1
J3791,I6559,12393.0,12395.0,brown,2
J3791,I6655,12573.0,12576.0,brown,1
J3791,I7263,13894.0,13896.0,brown,1
J3791,I10015,19755.0,19757.0,brown,1
J4014,I8245,16006.0,16015.0,green,2
J4014,I11829,23409.0,23411.0,green,2
J4014,I12021,23768.0,23769.0,green,1
J1674,I1027,1597.0,1599.0,green,1
J1674,I3364,5876.0,5879.0,green,1
J1674,I7588,14581.0,14582.0,green,1
J1674,I10444,20661.0,20672.0,green,1
J1674,I10476,20739.0,20741.0,green,2
J4249,I3576,6274.0,6276.0,brown,1
J4249,I6744,12764.0,12766.0,brown,1
J4249,I12857,25375.0,25379.0,green,2
J4249,I14246,27923.0,27925.0,brown,1
J4470,I10723,21256.0,21257.0,green,1
J4470,I10787,21374.0,21375.0,green,1
J4470,I11172,22132.0,22133.0,brown,1
J4470,I11204,22197.0,22199.0,brown,1
J4826,I10490,20776.0,20780.0,green,1
J4826,I10522,20863.0,20865.0,brown,2
J4826,I10682,21168.0,21172.0,brown,1
J2420,I7375,14141.0,14144.0,green,3
J2420,I7455,14306.0,14308.0,green,1
J2420,I7559,14525.0,14531.0,green,1
J2420,I7567,14544.0,14545.0,green,1
J1120,I3119,5368.0,5371.0,green,2
J1120,I4367,7873.0,7876.0,green,1
J556,I2280,3783.0,3784.0,brown,1
J556,I2600,4363.0,4364.0,brown,1
J556,I3592,6307.0,6310.0,brown,1
J556,I11113,22009.0,22012.0,green,1
J556,I11161,22113.0,22115.0,green,1
J3391,I4100,7284.0,7286.0,brown,1
J3391,I4804,8764.0,8766.0,brown,1
J3391,I5508,10218.0,10219.0,brown,1
J3391,I13669,26859.0,26863.0,green,2
J3391,I13702,26938.0,26939.0,brown,1
J4118,I10221,20183.0,20184.0,green,1
J4118,I10252,20247.0,20249.0,red,2
J4118,I10445,20672.0,20677.0,green,2
J4118,I10861,21525.0,21527.0,brown,1
J2009,I6470,12207.0,12210.0,green,1
J2009,I10278,20288.0,20294.0,green,3
J1507,I9371,18497.0,18499.0,brown,1
J1507,I14684,28691.0,28698.0,green,2
J1507,I14748,28814.0,28815.0,green,1
J1539,I3996,7095.0,7098.0,green,2
J1539,I4316,7754.0,7757.0,green,1
J1539,I7832,15089.0,15090.0,green,1
J3197,I1274,2023.0,2024.0,brown,1
J3197,I7483,14348.0,14350.0,green,1
J3197,I9915,19555.0,19558.0,green,1
J3197,I10490,20776.0,20780.0,green,1
J3197,I10682,21168.0,21172.0,brown,1
J2322,I4198,7503.0,7505.0,brown,1
J2322,I10199,20139.0,20149.0,green,1
J2322,I10332,20444.0,20448.0,brown,1
J3084,I6626,12512.0,12513.0,brown,1
J3084,I7106,13561.0,13563.0,brown,1
J4865,I7366,14123.0,14125.0,brown,1
J4865,I13799,27127.0,27131.0,green,1
J4865,I15111,29359.0,29365.0,green,1
J2075,I5157,9476.0,9487.0,green,1
J4443,I7481,14346.0,14347.0,red,1
J4443,I7705,14817.0,14819.0,red,1
J4443,I7801,15011.0,15015.0,brown,2
J4443,I13946,27399.0,27413.0,green,1
J4443,I14586,28527.0,28532.0,green,1
J4724,I12745,25172.0,25174.0,brown,1
J4724,I13097,25814.0,25816.0,brown,1
J4724,I14586,28527.0,28532.0,green,1
J2077,I3261,5653.0,5656.0,red,1
J2077,I3325,5794.0,5796.0,brown,1
J2077,I3357,5858.0,5859.0,brown,1
J2077,I12477,24619.0,24620.0,brown,1
J2077,I14526,28422.0,28423.0,green,1
J3074,I3664,6441.0,6444.0,green,2
J3074,I8897,17447.0,17453.0,green,2
J3074,I9411,18567.0,18571.0,green,1
J1937,I2559,4277.0,4279.0,brown,2
J2239,I3519,6160.0,6163.0,green,1
J2239,I3647,6412.0,6413.0,green,1
J2239,I5311,9801.0,9805.0,green,3
J2239,I7847,15114.0,15119.0,green,1
J3331,I11098,21967.0,21968.0,brown,1
J3331,I13243,26063.0,26068.0,green,2
J3934,I7988,15436.0,15437.0,green,1
J3934,I8021,15490.0,15491.0,red,1
J3934,I9524,18782.0,18783.0,brown,1
J3934,I14452,28284.0,28289.0,brown,1
J3261,I2428,4045.0,4046.0,brown,1
J3261,I7037,13411.0,13415.0,green,2
J3261,I10205,20160.0,20161.0,green,1
J3261,I12030,23790.0,23804.0,green,1
J2597,I7349,14083.0,14085.0,green,2
J2597,I7414,14216.0,14217.0,brown,1
J1004,I10483,20760.0,20761.0,green,1
J1004,I10515,20849.0,20852.0,brown,1
J1004,I13139,25883.0,25885.0,green,1
J2157,I1894,3115.0,3117.0,green,1
J2157,I8438,16414.0,16420.0,green,1
J2157,I9622,18973.0,18976.0,green,2
J4633,I4304,7731.0,7732.0,brown,1
J4633,I13857,27239.0,27242.0,green,1
J4633,I13905,27327.0,27333.0,green,1
J4633,I14049,27590.0,27593.0,green,1
J4633,I14101,27678.0,27681.0,green,2
J1223,I9809,19340.0,19343.0,green,1
J1223,I11332,22458.0,22459.0,green,1
J1223,I11361,22520.0,22522.0,brown,2
J2906,I4441,8031.0,8036.0,brown,1
J2906,I5561,10324.0,10325.0,brown,1
J2906,I10681,21167.0,21168.0,brown,1
J1923,I4593,8338.0,8339.0,green,1
J1923,I4657,8445.0,8451.0,green,2
J1923,I5041,9233.0,9236.0,green,1
J4236,I10648,21100.0,21105.0,brown,1
J4236,I13689,26910.0,26913.0,green,1
J4236,I15349,29719.0,29720.0,green,1
J4236,I15385,29773.0,29775.0,green,1
J2002,I4671,8480.0,8483.0,brown,1
J2002,I5152,9459.0,9467.0,green,2
J2002,I6240,11736.0,11737.0,green,1
J1589,I4190,7483.0,7487.0,green,2
J2446,I5906,11040.0,11042.0,green,1
J2446,I6034,11332.0,11337.0,green,3
J2446,I9474,18682.0,18689.0,green,1
J3516,I1934,3175.0,3177.0,brown,2
J3516,I6286,11819.0,11821.0,brown,1
J3516,I7758,14922.0,14924.0,brown,1
J3361,I8145,15786.0,15787.0,brown,1
J3361,I12402,24469.0,24474.0,green,1
J3361,I14098,27675.0,27676.0,green,1
J3361,I15225,29536.0,29538.0,brown,1
J2580,I3565,6239.0,6246.0,green,6
J2167,I2798,4735.0,4736.0,green,1
J2167,I2830,4794.0,4796.0,brown,2
J2167,I8975,17621.0,17626.0,green,2
J2167,I11471,22716.0,22721.0,green,1
J2594,I13652,26819.0,26820.0,green,1
J2594,I13812,27157.0,27158.0,brown,1
J540,I9151,18014.0,18022.0,green,2
J540,I11823,23395.0,23398.0,green,1
J2244,I2972,5080.0,5081.0,green,1
J2244,I3004,5137.0,5138.0,brown,1
J2244,I3196,5532.0,5533.0,brown,1
J2244,I3772,6659.0,6664.0,brown,2
J825,I7000,13330.0,13334.0,brown,1
J825,I10424,20615.0,20616.0,green,1
J825,I12956,25567.0,25568.0,brown,1
J628,I1084,1701.0,1702.0,green,1
J628,I1405,2260.0,2264.0,green,1
J628,I2141,3545.0,3548.0,green,1
J628,I5405,10008.0,10017.0,green,1
J4455,I9568,18864.0,18866.0,brown,1
J4455,I9569,18866.0,18868.0,green,1
J4455,I13673,26869.0,26874.0,green,4
J3259,I7061,13465.0,13467.0,brown,2
J52,I123,157.0,159.0,green,1
J52,I540,799.0,801.0,brown,1
J52,I1468,2365.0,2366.0,green,1
J52,I5344,9879.0,9881.0,green,2
J52,I6332,11920.0,11926.0,green,1
J748,I1654,2685.0,2686.0,green,1
J748,I1751,2840.0,2841.0,green,1
J748,I2711,4553.0,4555.0,green,1
J748,I2807,4752.0,4753.0,green,1
J748,I4119,7330.0,7332.0,green,2
J20,I271,371.0,372.0,brown,1
J4770,I8510,16569.0,16581.0,green,1
J4770,I9086,17857.0,17861.0,green,1
J4770,I11679,23101.0,23103.0,green,1
J4770,I13439,26446.0,26448.0,green,1
J4339,I9021,17740.0,17743.0,brown,1
J4339,I9245,18214.0,18216.0,brown,1
J4339,I9757,19235.0,19240.0,green,2
J880,I2472,4118.0,4122.0,brown,1
J880,I2473,4122.0,4126.0,green,1
J880,I3177,5495.0,5498.0,green,1
J880,I3721,6551.0,6553.0,green,1
J2858,I5894,11020.0,11022.0,green,1
J2858,I6214,11676.0,11677.0,green,1
J2858,I8134,15761.0,15769.0,green,1
J771,I12611,24886.0,24889.0,brown,2
J771,I13123,25860.0,25861.0,brown,1
J771,I13571,26675.0,26677.0,brown,1
J771,I13955,27427.0,27429.0,brown,1
J771,I15332,29698.0,29699.0,green,1
J3282,I8956,17580.0,17582.0,brown,1
J3282,I8989,17659.0,17661.0,green,1
J3282,I9020,17738.0,17740.0,brown,1
J4133,I4770,8707.0,8708.0,brown,1
J4133,I7491,14368.0,14371.0,green,2
J4133,I13246,26072.0,26078.0,green,1
J4133,I13283,26138.0,26141.0,green,1
J2021,I3610,6343.0,6344.0,green,1
J2021,I4762,8692.0,8693.0,brown,1
J2021,I5147,9434.0,9437.0,green,1
J2021,I10330,20436.0,20441.0,brown,1
J2791,I7656,14719.0,14725.0,green,4
J4125,I5833,10905.0,10906.0,brown,1
J4125,I10729,21266.0,21270.0,brown,1
J4125,I12873,25412.0,25414.0,brown,1
J4125,I14522,28413.0,28414.0,green,1
J4125,I14618,28585.0,28586.0,brown,1
J3664,I6401,12062.0,12063.0,green,1
J3664,I6689,12650.0,12651.0,green,1
J3664,I11145,22078.0,22081.0,green,2
J4966,I14478,28334.0,28343.0,green,4
J4966,I14702,28724.0,28730.0,green,1
J4966,I15389,29779.0,29781.0,brown,1
J2939,I7295,13960.0,13961.0,green,1
J2939,I8831,17293.0,17298.0,green,3
J2939,I9215,18146.0,18147.0,green,1
J2208,I590,875.0,879.0,green,1
J2208,I653,970.0,972.0,green,1
J2208,I3374,5897.0,5904.0,green,1
J2208,I4558,8260.0,8261.0,green,1
J2208,I5166,9501.0,9502.0,green,1
J2532,I3232,5600.0,5601.0,green,1
J2532,I3264,5662.0,5664.0,green,1
J2532,I7297,13965.0,13969.0,green,1
J297,I145,190.0,192.0,green,1
J297,I338,475.0,477.0,green,1
J297,I626,928.0,929.0,green,1
J297,I8081,15644.0,15648.0,green,1
J297,I8326,16170.0,16178.0,green,1
J297,I8490,16529.0,16531.0,brown,1
J3976,I7454,14304.0,14306.0,brown,1
J3976,I9982,19691.0,19693.0,brown,1
J3976,I15134,29398.0,29399.0,brown,1
J3976,I15408,29807.0,29808.0,brown,1
J1259,I4077,7245.0,7247.0,brown,2
J1259,I6382,12031.0,12033.0,green,2
J1259,I9678,19072.0,19074.0,brown,1
J504,I415,602.0,604.0,green,1
J504,I10288,20322.0,20329.0,green,2
J1163,I3490,6106.0,6109.0,brown,1
J1163,I4546,8240.0,8242.0,brown,1
J1163,I7586,14577.0,14579.0,brown,1
J1163,I14014,27526.0,27527.0,green,1
J3229,I9649,19024.0,19026.0,green,2
J3229,I9969,19667.0,19668.0,brown,1
J3229,I10449,20682.0,20686.0,green,1
J3229,I10641,21086.0,21089.0,brown,1
J3229,I10673,21144.0,21146.0,brown,1
J693,I2646,4440.0,4441.0,brown,1
J693,I2678,4505.0,4506.0,brown,1
J693,I4374,7884.0,7885.0,brown,1
J693,I10263,20265.0,20266.0,green,1
J693,I12711,25098.0,25099.0,green,1
J1622,I707,1061.0,1065.0,green,2
J1622,I7139,13626.0,13629.0,brown,1
J1622,I7364,14120.0,14122.0,green,2
J1622,I10596,21001.0,21005.0,green,1
J1926,I9756,19231.0,19235.0,brown,1
J1926,I11421,22627.0,22628.0,green,1
J1926,I12029,23784.0,23790.0,green,2
J1926,I12893,25465.0,25466.0,brown,1
J1926,I13117,25848.0,25851.0,brown,1
J4917,I6015,11291.0,11293.0,red,1
J4917,I6655,12573.0,12576.0,brown,1
J4917,I8415,16364.0,16365.0,brown,1
J4917,I8799,17218.0,17219.0,brown,1
J4917,I10527,20873.0,20878.0,green,1
J4917,I15236,29554.0,29561.0,green,1
J2530,I6495,12260.0,12261.0,brown,1
J2530,I6527,12324.0,12327.0,brown,1
J2530,I7488,14359.0,14360.0,green,1
J2530,I8096,15673.0,15680.0,green,2
J1858,I5162,9493.0,9494.0,brown,1
J1858,I5514,10225.0,10227.0,brown,1
J1858,I5642,10490.0,10491.0,brown,1
J1858,I5674,10553.0,10554.0,brown,1
J1858,I8683,16945.0,16947.0,green,1
J1858,I10858,21522.0,21523.0,brown,1
J85,I554,822.0,823.0,brown,1
J85,I1707,2773.0,2775.0,green,1
J85,I3243,5618.0,5622.0,green,3
J85,I7051,13448.0,13452.0,green,1
J95,I650,967.0,968.0,green,1
J95,I1003,1559.0,1560.0,green,1
J95,I2859,4855.0,4862.0,brown,1
J4896,I13000,25651.0,25657.0,green,1
J4896,I13128,25865.0,25866.0,green,1
J4896,I13768,27056.0,27059.0,green,1
J4896,I14216,27868.0,27870.0,brown,1
J3153,I1493,2407.0,2408.0,red,1
J3153,I8054,15573.0,15574.0,green,1
J3153,I8438,16414.0,16420.0,green,1
J3153,I8662,16895.0,16897.0,green,1
J3153,I11222,22242.0,22247.0,green,2
J1559,I822,1266.0,1267.0,brown,1
J1559,I1430,2302.0,2304.0,green,1
J1559,I2038,3354.0,3358.0,green,1
J1559,I4566,8276.0,8289.0,green,2
J1559,I4614,8375.0,8376.0,green,1
J3479,I3514,6152.0,6153.0,brown,1
J3479,I3578,6277.0,6279.0,brown,2
J3479,I8667,16908.0,16913.0,green,1
J3479,I11258,22317.0,22319.0,brown,1
J3479,I12698,25077.0,25079.0,brown,1
J2003,I1103,1733.0,1735.0,brown,1
J2003,I3856,6830.0,6835.0,green,1
J2003,I10288,20322.0,20329.0,green,3
J1130,I233,313.0,315.0,green,1
J1130,I457,666.0,667.0,brown,1
J1130,I489,718.0,719.0,brown,1
J1130,I553,820.0,822.0,brown,2
J1130,I8905,17467.0,17471.0,brown,1
J1284,I7452,14302.0,14303.0,brown,1
J1284,I11484,22743.0,22745.0,green,1
J1284,I12860,25381.0,25384.0,brown,1
J1284,I13700,26934.0,26937.0,green,3
J681,I2446,4077.0,4079.0,green,2
J681,I2542,4250.0,4252.0,green,2
J681,I2606,4370.0,4371.0,green,1
J4668,I9641,19011.0,19013.0,green,1
J4668,I10121,19976.0,19978.0,brown,1
J4668,I10601,21015.0,21016.0,brown,1
J4668,I14026,27552.0,27553.0,green,1
J4668,I14130,27731.0,27735.0,green,2
J946,I2619,4390.0,4392.0,brown,1
J946,I4636,8408.0,8409.0,green,1
J946,I8028,15503.0,15505.0,brown,1
J946,I9828,19373.0,19377.0,green,1
J4093,I3906,6928.0,6930.0,brown,1
J4093,I4642,8415.0,8417.0,brown,1
J4093,I12138,24011.0,24012.0,brown,1
J3972,I3991,7089.0,7090.0,brown,1
J3972,I4599,8348.0,8350.0,brown,1
J3972,I6999,13328.0,13330.0,brown,2
J3972,I10616,21036.0,21037.0,green,1
J3972,I11993,23716.0,23719.0,brown,1
J1241,I547,808.0,810.0,green,1
J1241,I643,955.0,956.0,brown,1
J1682,I2207,3658.0,3660.0,brown,1
J1682,I5536,10267.0,10271.0,green,2
J1682,I7135,13619.0,13621.0,brown,2
J1682,I9984,19695.0,19696.0,green,1
J3013,I6715,12697.0,12701.0,brown,1
J3013,I8988,17656.0,17659.0,green,2
J3013,I10684,21174.0,21178.0,green,1
J3013,I10876,21553.0,21556.0,brown,1
J3013,I14268,27962.0,27963.0,green,1
J1848,I1299,2064.0,2065.0,green,1
J1848,I1363,2191.0,2192.0,green,1
J1848,I1523,2464.0,2468.0,green,2
J1848,I1619,2635.0,2636.0,green,1
J1848,I3443,6018.0,6025.0,green,1
J4700,I9145,18004.0,18007.0,green,1
J4700,I11160,22110.0,22113.0,green,1
J4700,I12825,25314.0,25323.0,green,2
J4700,I13496,26550.0,26551.0,brown,1
J4700,I14393,28187.0,28192.0,green,1
J4237,I9101,17894.0,17895.0,brown,1
J4237,I9198,18113.0,18114.0,green,1
J4237,I9262,18244.0,18246.0,green,1
J4237,I10030,19784.0,19787.0,green,1
J4237,I10638,21079.0,21082.0,green,1
J4237,I11502,22778.0,22780.0,green,1
J2332,I4124,7336.0,7338.0,green,2
J2332,I4284,7679.0,7680.0,green,1
J2332,I4957,9051.0,9053.0,brown,1
J2332,I7420,14228.0,14231.0,green,1
J2332,I9380,18509.0,18514.0,green,1
J1889,I1961,3224.0,3226.0,green,2
J1889,I2057,3392.0,3395.0,green,2
J1889,I2569,4303.0,4305.0,green,1
J1889,I3817,6752.0,6754.0,brown,1
J4366,I4256,7615.0,7617.0,red,1
J4366,I11456,22686.0,22688.0,brown,1
J4366,I14345,28097.0,28101.0,green,1
J4366,I14738,28788.0,28792.0,green,2
J1810,I4366,7867.0,7873.0,green,3
J2152,I1955,3216.0,3219.0,green,1
J2152,I1986,3274.0,3275.0,green,1
J2152,I2146,3555.0,3557.0,green,1
J2152,I9411,18567.0,18571.0,green,1
J932,I1752,2841.0,2843.0,brown,1
J932,I1784,2911.0,2913.0,brown,1
J932,I5113,9362.0,9363.0,brown,1
J932,I5689,10585.0,10587.0,brown,1
J932,I10697,21193.0,21199.0,green,1
J1480,I4245,7594.0,7595.0,green,1
J1480,I4341,7806.0,7812.0,green,2
J1480,I4405,7950.0,7954.0,green,1
J1480,I4821,8795.0,8805.0,green,2
J2554,I6487,12245.0,12248.0,green,2
J2554,I6839,12967.0,12973.0,green,2
J2554,I7367,14125.0,14127.0,green,2
J3665,I6656,12576.0,12577.0,red,1
J3665,I7136,13621.0,13624.0,brown,2
J3665,I8641,16847.0,16851.0,green,1
J3665,I10112,19954.0,19956.0,brown,1
J3836,I1151,1804.0,1806.0,brown,1
J3836,I7744,14895.0,14900.0,green,1
J3836,I8384,16291.0,16294.0,green,1
J441,I211,281.0,283.0,brown,2
J441,I243,333.0,334.0,green,1
J441,I1564,2539.0,2544.0,green,1
J3558,I2118,3495.0,3497.0,brown,2
J3558,I3142,5417.0,5418.0,brown,1
J3558,I4198,7503.0,7505.0,brown,1
J3558,I4455,8061.0,8064.0,green,1
J3558,I7622,14659.0,14660.0,brown,1
J4157,I11735,23204.0,23205.0,green,1
J4157,I11767,23275.0,23278.0,green,3
J4157,I11768,23278.0,23280.0,brown,2
J1779,I5622,10454.0,10456.0,brown,1
J1779,I5974,11180.0,11182.0,brown,1
J1779,I10199,20139.0,20149.0,green,3
J3273,I6322,11893.0,11894.0,green,1
J3273,I6386,12036.0,12038.0,red,1
J3273,I6418,12096.0,12097.0,brown,1
J3273,I6898,13100.0,13102.0,brown,2
J3273,I12890,25453.0,25458.0,brown,1
J949,I2782,4701.0,4707.0,green,5
J2841,I2977,5086.0,5087.0,brown,1
J2841,I7105,13559.0,13561.0,brown,1
J2841,I13602,26727.0,26728.0,green,1
J3746,I6475,12217.0,12218.0,green,1
J3746,I11499,22774.0,22776.0,brown,1
J3746,I12043,23826.0,23827.0,brown,1
J860,I2324,3864.0,3865.0,green,1
J860,I2325,3865.0,3866.0,green,1
J860,I2357,3928.0,3929.0,green,1
J1581,I4945,9023.0,9024.0,brown,1
J1581,I4978,9099.0,9100.0,green,1
J1581,I5106,9354.0,9355.0,green,1
J1581,I5234,9649.0,9654.0,green,1
J3539,I1504,2423.0,2428.0,green,1
J3539,I1664,2698.0,2700.0,brown,2
J3539,I8545,16661.0,16667.0,green,1
J3539,I8993,17670.0,17679.0,green,1
J3539,I11360,22518.0,22520.0,brown,1
J1166,I3221,5580.0,5582.0,brown,2
J1166,I7093,13536.0,13537.0,brown,1
J1166,I8086,15656.0,15658.0,green,1
J1166,I8950,17562.0,17565.0,green,1
J1166,I11477,22731.0,22733.0,brown,1
J4004,I8169,15842.0,15843.0,brown,1
J4004,I8425,16382.0,16386.0,brown,1
J4004,I11946,23630.0,23634.0,green,1
J4004,I12906,25483.0,25484.0,green,1
J4004,I14142,27759.0,27762.0,green,1
J3477,I14193,27835.0,27837.0,green,1
J3477,I14961,29152.0,29153.0,green,1
J3477,I15057,29283.0,29284.0,green,1
J3477,I15122,29381.0,29382.0,brown,1
J3477,I15169,29447.0,29448.0,green,1
J1567,I4754,8673.0,8675.0,green,2
J1567,I5234,9649.0,9654.0,green,3
J1567,I5458,10113.0,10115.0,green,1
J4058,I1308,2079.0,2082.0,brown,3
J4058,I1532,2480.0,2482.0,brown,1
J4058,I8381,16282.0,16287.0,green,1
J4058,I8476,16493.0,16497.0,green,1
J4200,I11839,23435.0,23437.0,green,2
J4200,I12255,24227.0,24230.0,green,1
J4200,I12831,25332.0,25333.0,green,1
J4200,I12927,25515.0,25519.0,green,1
J4200,I13071,25776.0,25778.0,green,1
J4861,I8873,17398.0,17402.0,green,1
J4861,I12586,24830.0,24832.0,green,2
J4861,I13738,27009.0,27010.0,brown,1
J4861,I14058,27606.0,27607.0,brown,1
J4861,I14122,27719.0,27720.0,green,1
J4048,I5179,9530.0,9532.0,brown,1
J4048,I5211,9596.0,9597.0,brown,1
J4048,I6748,12770.0,12785.0,green,1
J4048,I6843,12977.0,12978.0,brown,1
J4048,I6971,13277.0,13278.0,brown,1
J4048,I7515,14436.0,14437.0,brown,1
J716,I1197,1893.0,1895.0,green,2
J3794,I7862,15153.0,15156.0,red,1
J3794,I8375,16271.0,16274.0,brown,1
J3794,I8983,17649.0,17652.0,brown,1
J817,I375,536.0,537.0,green,1
J817,I407,589.0,591.0,green,1
J817,I1336,2132.0,2138.0,green,1
J817,I1530,2477.0,2478.0,brown,1
J817,I5816,10872.0,10874.0,green,1
J817,I8190,15880.0,15881.0,brown,1
J4919,I10577,20964.0,20965.0,red,1
J4919,I10769,21347.0,21348.0,red,1
J4919,I12050,23847.0,23852.0,green,2
J4919,I14257,27942.0,27944.0,brown,1
J4919,I14417,28231.0,28232.0,brown,1
J4238,I6560,12395.0,12400.0,brown,3
J1649,I221,296.0,297.0,green,1
J1649,I285,390.0,394.0,green,1
J1649,I1023,1589.0,1592.0,green,1
J1649,I1758,2852.0,2854.0,green,1
J1649,I1854,3031.0,3033.0,green,1
J1649,I7320,14018.0,14032.0,green,1
J512,I56,64.0,65.0,green,1
J512,I377,539.0,540.0,red,1
J512,I7673,14757.0,14760.0,green,1
J512,I10105,19931.0,19941.0,green,1
J512,I10246,20239.0,20240.0,green,1
J1645,I4655,8437.0,8438.0,green,1
J1645,I4719,8584.0,8585.0,brown,1
J1645,I4751,8664.0,8668.0,green,2
J1645,I9151,18014.0,18022.0,green,1
J1645,I9183,18088.0,18089.0,green,1
J3606,I4740,8632.0,8637.0,green,2
J3606,I10627,21060.0,21062.0,brown,1
J4300,I4432,8019.0,8020.0,brown,1
J4300,I13232,26048.0,26049.0,brown,1
J4300,I14080,27649.0,27650.0,brown,1
J4300,I14172,27807.0,27808.0,brown,1
J4810,I10124,19982.0,19984.0,red,1
J4810,I12044,23827.0,23829.0,brown,1
J4810,I14349,28105.0,28108.0,green,1
J4810,I14637,28618.0,28622.0,green,1
J725,I1034,1612.0,1613.0,brown,1
J725,I9515,18762.0,18767.0,green,5
J3473,I6953,13216.0,13229.0,green,5
J1834,I696,1043.0,1045.0,green,1
J1834,I2873,4885.0,4890.0,green,1
J1834,I8760,17127.0,17131.0,brown,1
J1834,I8793,17206.0,17207.0,green,1
J1834,I11230,22261.0,22265.0,green,1
J56,I255,348.0,349.0,green,1
J56,I384,549.0,550.0,green,1
J56,I1312,2089.0,2092.0,green,2
J56,I2336,3890.0,3893.0,green,1
J56,I3968,7043.0,7047.0,green,1
J2343,I6281,11812.0,11814.0,green,1
J2343,I6378,12024.0,12025.0,green,1
J2343,I6602,12472.0,12474.0,green,1
J2343,I7642,14690.0,14692.0,green,1
J2343,I7658,14734.0,14735.0,green,1
J2343,I8507,16562.0,16564.0,brown,1
J1197,I3855,6827.0,6830.0,green,1
J1197,I4016,7135.0,7138.0,green,3
J1197,I5200,9574.0,9576.0,brown,1
J4790,I9755,19227.0,19231.0,green,1
J4790,I11451,22670.0,22673.0,brown,2
J4790,I14684,28691.0,28698.0,green,1
J2334,I8432,16402.0,16403.0,green,1
J2334,I8976,17626.0,17636.0,green,1
J2334,I9328,18398.0,18401.0,green,1
J2334,I10432,20633.0,20635.0,green,2
J2334,I11744,23223.0,23224.0,green,1
J2729,I2329,3878.0,3881.0,green,1
J2729,I7225,13807.0,13811.0,green,2
J4487,I12875,25417.0,25420.0,brown,2
J4487,I13419,26404.0,26407.0,brown,2
J4487,I13772,27068.0,27070.0,green,2
J3630,I1161,1820.0,1822.0,brown,1
J3630,I8553,16675.0,16676.0,brown,1
J3630,I8906,17471.0,17473.0,green,2
J3630,I11882,23509.0,23511.0,green,2
J1591,I4101,7286.0,7288.0,brown,1
J1591,I13318,26189.0,26191.0,green,1
J1591,I13381,26328.0,26329.0,brown,1
J1591,I13430,26428.0,26433.0,green,2
J1993,I1891,3107.0,3111.0,green,1
J1993,I7492,14371.0,14380.0,green,3
J3042,I8360,16239.0,16242.0,green,1
J3042,I8616,16795.0,16798.0,green,1
J3042,I9416,18582.0,18585.0,green,1
J1114,I3470,6073.0,6075.0,green,1
J1114,I3854,6821.0,6827.0,green,1
J4295,I10851,21507.0,21510.0,brown,2
J284,I2500,4174.0,4182.0,green,1
J284,I2948,5032.0,5035.0,green,2
J284,I7572,14556.0,14557.0,green,1
J4173,I6976,13286.0,13287.0,red,1
J4173,I7104,13555.0,13559.0,brown,3
J481,I1714,2783.0,2787.0,brown,1
J481,I2227,3695.0,3696.0,green,1
J481,I3763,6636.0,6637.0,green,1
J481,I4771,8708.0,8711.0,green,1
J481,I4949,9033.0,9040.0,green,1
J4794,I8378,16277.0,16279.0,brown,1
J4794,I8538,16637.0,16646.0,green,1
J4794,I8730,17046.0,17048.0,brown,2
J4794,I15431,29839.0,29840.0,green,1
J4794,I15443,29857.0,29861.0,green,1
J3012,I5350,9892.0,9894.0,brown,2
J3012,I5446,10092.0,10093.0,brown,1
J3012,I7782,14976.0,14977.0,brown,1
J3012,I13351,26259.0,26264.0,green,1
J3012,I14471,28323.0,28324.0,green,1
J4175,I4346,7822.0,7825.0,brown,1
J4175,I13783,27096.0,27098.0,green,1
J4175,I13899,27318.0,27319.0,green,1
J1533,I10000,19725.0,19727.0,green,1
J1533,I11936,23607.0,23610.0,green,1
J1533,I12080,23911.0,23912.0,brown,1
J1533,I12560,24768.0,24771.0,brown,2
J3784,I2218,3679.0,3680.0,green,1
J3784,I2282,3785.0,3786.0,brown,1
J3784,I2346,3905.0,3907.0,brown,1
J3784,I3466,6063.0,6064.0,brown,1
J3784,I10635,21073.0,21076.0,green,1
J3784,I11613,22979.0,22982.0,brown,1
J2724,I4568,8290.0,8291.0,red,1
J2724,I4600,8350.0,8352.0,brown,2
J2724,I4697,8531.0,8533.0,red,2
J2724,I4728,8606.0,8607.0,brown,1
J4307,I9415,18575.0,18582.0,green,2
J4353,I13383,26330.0,26331.0,green,1
J4353,I13479,26525.0,26526.0,green,1
J4353,I13543,26628.0,26630.0,green,1
J4379,I10258,20256.0,20259.0,green,1
J4379,I11313,22413.0,22414.0,brown,1
J4379,I11729,23192.0,23193.0,brown,1
J808,I2691,4522.0,4524.0,green,1
J808,I2850,4835.0,4836.0,green,1
J808,I2851,4836.0,4837.0,green,1
J808,I2947,5028.0,5032.0,green,2
J808,I3747,6609.0,6610.0,green,1
J4689,I9995,19716.0,19718.0,brown,2
J776,I1706,2769.0,2773.0,green,2
J776,I1834,2999.0,3000.0,green,1
J2286,I7899,15245.0,15248.0,green,2
J2808,I6829,12946.0,12947.0,green,1
J2808,I6893,13077.0,13079.0,green,1
J1496,I3066,5254.0,5255.0,brown,1
J1496,I4615,8376.0,8378.0,green,2
J1496,I5707,10622.0,10629.0,green,2
J3133,I7887,15226.0,15228.0,green,2
J3133,I12431,24532.0,24534.0,green,1
J3133,I13039,25726.0,25728.0,green,1
J3147,I2576,4317.0,4320.0,brown,2
J3147,I8784,17182.0,17188.0,green,1
J3147,I12960,25576.0,25578.0,brown,1
J3110,I4760,8689.0,8691.0,green,1
J3110,I5656,10513.0,10515.0,green,2
J4052,I8294,16092.0,16099.0,green,2
J4052,I8326,16170.0,16178.0,green,1
J4052,I8389,16305.0,16307.0,brown,1
J4052,I8613,16789.0,16790.0,brown,1
J4052,I12645,24957.0,24959.0,brown,1
J2081,I6131,11517.0,11519.0,green,2
J2081,I6323,11894.0,11895.0,green,1
J2081,I8243,15994.0,16002.0,green,2
J2550,I6245,11743.0,11745.0,green,2
J2550,I6277,11804.0,11806.0,green,2
J2550,I6469,12203.0,12207.0,green,1
J2550,I8325,16169.0,16170.0,green,1
J3812,I10283,20301.0,20306.0,green,1
J3812,I10412,20587.0,20594.0,green,2
J3812,I14891,29042.0,29043.0,brown,1
J4868,I11461,22694.0,22696.0,green,1
J4868,I11588,22937.0,22939.0,red,1
J4868,I14718,28758.0,28760.0,green,1
J4868,I15141,29406.0,29408.0,green,1
J400,I825,1273.0,1274.0,brown,1
J400,I921,1419.0,1420.0,green,1
J400,I2169,3592.0,3595.0,brown,1
J400,I3706,6520.0,6522.0,green,1
J1322,I4054,7202.0,7204.0,green,1
J1322,I4182,7472.0,7473.0,green,1
J1322,I5302,9784.0,9787.0,green,1
J1322,I10494,20786.0,20790.0,green,1
J3991,I2444,4071.0,4075.0,brown,1
J3991,I13068,25771.0,25774.0,brown,1
J3991,I13293,26151.0,26152.0,green,1
J3991,I13581,26699.0,26700.0,green,1
J1769,I2913,4971.0,4973.0,brown,1
J1769,I11041,21862.0,21865.0,brown,1
J1769,I11457,22688.0,22689.0,brown,1
J1769,I12018,23761.0,23766.0,green,2
J3082,I13047,25737.0,25738.0,green,1
J3082,I13976,27457.0,27462.0,green,1
J3082,I14839,28970.0,28971.0,brown,1
J3082,I15080,29312.0,29313.0,green,1
J3470,I5194,9561.0,9564.0,brown,1
J3470,I7082,13518.0,13521.0,brown,1
J3470,I10506,20830.0,20835.0,green,1
J4699,I11007,21788.0,21793.0,green,1
J4699,I11198,22185.0,22187.0,brown,1
J4699,I11262,22327.0,22328.0,brown,1
J4503,I7003,13337.0,13339.0,brown,1
J4503,I7099,13545.0,13547.0,brown,1
J4503,I9115,17922.0,17929.0,green,1
J4503,I12540,24733.0,24737.0,green,2
J4503,I14300,28026.0,28027.0,green,1
J3699,I11191,22170.0,22172.0,green,1
J3699,I11339,22474.0,22478.0,green,2
J807,I1541,2500.0,2502.0,brown,1
J807,I12566,24780.0,24782.0,green,1
J807,I12741,25165.0,25167.0,brown,1
J4797,I6702,12676.0,12679.0,brown,1
J4797,I14735,28780.0,28784.0,green,1
J4797,I15151,29418.0,29419.0,green,1
J254,I3012,5148.0,5153.0,green,1
J254,I3812,6740.0,6744.0,green,1
J254,I6084,11420.0,11422.0,green,2
J254,I7492,14371.0,14380.0,green,1
J1959,I9259,18240.0,18241.0,brown,1
J1959,I14123,27720.0,27721.0,brown,1
J1959,I14284,27988.0,27994.0,green,2
J4100,I13223,26032.0,26033.0,brown,1
J4100,I14920,29078.0,29080.0,green,2
J4100,I15048,29274.0,29275.0,green,1
J4100,I15144,29410.0,29412.0,green,1
J4100,I15410,29810.0,29811.0,green,1
J4992,I11130,22042.0,22044.0,brown,1
J4992,I11162,22115.0,22117.0,green,1
J4992,I12507,24671.0,24680.0,green,1
J239,I579,856.0,859.0,green,1
J239,I901,1392.0,1393.0,green,1
J239,I1445,2326.0,2329.0,brown,2
J239,I1796,2928.0,2930.0,green,1
J239,I4004,7109.0,7112.0,green,1
J582,I1382,2226.0,2227.0,green,1
J582,I1798,2931.0,2939.0,green,2
J582,I1862,3048.0,3052.0,green,1
J582,I2630,4406.0,4410.0,green,1
J582,I2758,4654.0,4656.0,green,1
J3895,I6106,11469.0,11472.0,green,2
J3895,I6394,12050.0,12056.0,green,2
J3895,I7674,14760.0,14763.0,green,1
J895,I94,119.0,122.0,green,1
J895,I125,163.0,164.0,brown,1
J895,I189,252.0,254.0,green,2
J895,I1694,2751.0,2752.0,green,1
J895,I3646,6408.0,6412.0,green,1
J2475,I2945,5026.0,5027.0,green,1
J2475,I3073,5273.0,5276.0,green,1
J2475,I3105,5342.0,5347.0,green,1
J2475,I3841,6794.0,6799.0,green,1
J2475,I7733,14871.0,14878.0,green,2
J1530,I2219,3680.0,3681.0,green,1
J1530,I2283,3786.0,3787.0,green,1
J2723,I9280,18274.0,18276.0,green,1
J2723,I12096,23937.0,23940.0,green,2
J488,I512,752.0,755.0,green,1
J488,I5472,10144.0,10148.0,brown,1
J469,I1130,1774.0,1777.0,green,1
J469,I1131,1777.0,1778.0,green,1
J469,I1195,1874.0,1879.0,green,3
J469,I5483,10164.0,10166.0,green,1
J789,I12011,23748.0,23750.0,green,1
J789,I12699,25079.0,25080.0,green,1
J789,I12731,25146.0,25147.0,brown,1
J789,I12751,25183.0,25185.0,brown,1
J812,I3948,7009.0,7013.0,green,1
J812,I7052,13452.0,13454.0,green,2
J812,I8004,15459.0,15462.0,green,1
J3189,I6128,11508.0,11511.0,green,1
J3189,I6416,12090.0,12093.0,green,1
J3189,I8720,17021.0,17025.0,green,3
J3189,I10288,20322.0,20329.0,green,1
J1734,I5627,10464.0,10467.0,green,2
J1734,I10042,19805.0,19806.0,brown,1
J1734,I11258,22317.0,22319.0,brown,1
J1734,I11319,22427.0,22435.0,green,1
J1734,I11802,23347.0,23351.0,green,1
J4629,I9055,17805.0,17807.0,green,1
J4629,I9535,18801.0,18802.0,brown,1
J4629,I9951,19631.0,19633.0,brown,2
J4629,I14784,28870.0,28871.0,green,1
J4629,I15076,29306.0,29307.0,green,1
J4780,I8423,16376.0,16380.0,brown,1
J4780,I8519,16595.0,16601.0,green,4
J4780,I10504,20814.0,20825.0,green,1
J2187,I3480,6089.0,6090.0,green,1
J2187,I4920,8978.0,8984.0,brown,1
J2187,I5785,10815.0,10818.0,green,1
J2187,I12158,24055.0,24056.0,green,1
J2871,I7179,13707.0,13708.0,green,1
J2871,I7403,14193.0,14199.0,green,4
J2871,I7563,14539.0,14540.0,green,1
J1023,I213,284.0,285.0,green,1
J1023,I501,734.0,735.0,brown,1
J1023,I11029,21839.0,21842.0,brown,2
J2758,I1556,2524.0,2525.0,green,1
J2758,I1621,2638.0,2643.0,green,1
J2758,I1909,3137.0,3138.0,brown,1
J2758,I4213,7532.0,7534.0,brown,1
J2758,I4373,7883.0,7884.0,brown,1
J2758,I7541,14489.0,14492.0,green,1
J4136,I4852,8854.0,8856.0,brown,1
J4136,I5332,9857.0,9859.0,brown,1
J4136,I6740,12757.0,12758.0,brown,1
J4136,I12860,25381.0,25384.0,brown,1
J4136,I13333,26228.0,26234.0,green,2
J339,I878,1353.0,1354.0,green,1
J339,I910,1405.0,1406.0,brown,1
J339,I1231,1951.0,1952.0,green,1
J339,I1327,2118.0,2119.0,green,1
J339,I2063,3401.0,3402.0,green,1
J2513,I2920,4981.0,4982.0,green,1
J2513,I8584,16728.0,16735.0,green,2
J2513,I9224,18165.0,18169.0,green,2
J2513,I10448,20681.0,20682.0,green,1
J4106,I13442,26453.0,26456.0,green,2
J1055,I2741,4610.0,4613.0,brown,3
J1055,I3029,5187.0,5188.0,brown,1
J1055,I14006,27513.0,27516.0,green,1
J1055,I14966,29158.0,29159.0,green,1
J750,I1395,2245.0,2246.0,brown,1
J750,I1780,2904.0,2908.0,green,2
J2756,I6056,11374.0,11376.0,green,1
J2756,I6280,11809.0,11812.0,green,2
J2756,I8744,17076.0,17082.0,green,1
J990,I3337,5819.0,5821.0,green,1
J990,I3338,5821.0,5822.0,green,1
J990,I3402,5943.0,5944.0,green,1
J990,I4058,7210.0,7214.0,green,1
J990,I4442,8036.0,8037.0,green,1
J990,I5134,9402.0,9404.0,green,1
J1296,I4319,7761.0,7762.0,red,1
J1296,I7711,14829.0,14831.0,brown,1
J1296,I14687,28702.0,28703.0,brown,1
J1296,I14704,28733.0,28735.0,green,1
J1296,I14819,28934.0,28937.0,brown,1
J1296,I14838,28969.0,28970.0,brown,1
J1799,I2039,3358.0,3363.0,green,2
J1799,I2936,5007.0,5010.0,green,2
J1799,I8603,16767.0,16770.0,brown,1
J4392,I12017,23759.0,23761.0,red,1
J4392,I12242,24201.0,24204.0,green,3
J4392,I12306,24301.0,24305.0,brown,1
J4162,I7840,15105.0,15106.0,red,1
J4162,I11809,23360.0,23367.0,green,2
J444,I47,53.0,54.0,green,1
J444,I208,277.0,278.0,brown,1
J444,I240,327.0,328.0,green,1
J444,I272,372.0,373.0,brown,1
J444,I5423,10056.0,10059.0,green,1
J4141,I11625,23006.0,23007.0,green,1
J4141,I11689,23119.0,23121.0,brown,2
J4141,I11881,23508.0,23509.0,green,1
J4141,I11945,23629.0,23630.0,green,1
J4141,I13161,25925.0,25927.0,green,1
J909,I2142,3548.0,3550.0,brown,1
J909,I3295,5739.0,5744.0,green,1
J909,I6815,12916.0,12925.0,green,1
J909,I6879,13047.0,13051.0,green,2
J909,I7231,13823.0,13826.0,green,1
J568,I929,1433.0,1434.0,brown,1
J568,I961,1487.0,1488.0,green,1
J568,I1474,2372.0,2378.0,green,1
J568,I2314,3847.0,3849.0,brown,1
J568,I2750,4636.0,4639.0,green,1
J3243,I8134,15761.0,15769.0,green,1
J3243,I10470,20723.0,20725.0,brown,1
J3243,I12806,25276.0,25279.0,brown,1
J3243,I12838,25344.0,25345.0,brown,1
J3243,I13351,26259.0,26264.0,green,1
J3243,I14246,27923.0,27925.0,brown,1
J2421,I6860,13015.0,13017.0,brown,2
J2421,I9804,19330.0,19331.0,brown,1
J2421,I9900,19524.0,19526.0,brown,1
J2421,I10092,19906.0,19908.0,green,1
J387,I486,713.0,716.0,green,2
J387,I3558,6227.0,6229.0,brown,1
J387,I7320,14018.0,14032.0,green,2
J406,I11325,22443.0,22447.0,green,1
J406,I12637,24938.0,24941.0,green,1
J406,I13565,26665.0,26669.0,green,1
J406,I13733,27000.0,27001.0,green,1
J2709,I3263,5661.0,5662.0,green,1
J2709,I5567,10334.0,10338.0,brown,1
J2709,I5887,11004.0,11007.0,green,2
J2709,I9055,17805.0,17807.0,green,1
J2217,I4282,7663.0,7674.0,green,1
J2217,I4441,8031.0,8036.0,brown,2
J2217,I4473,8105.0,8106.0,brown,1
J2217,I5114,9363.0,9365.0,green,1
J1367,I2913,4971.0,4973.0,brown,1
J1367,I6402,12063.0,12065.0,green,2
J1367,I8802,17224.0,17225.0,brown,1
J1367,I12018,23761.0,23766.0,green,1
J4933,I7697,14802.0,14805.0,brown,1
J4933,I11569,22913.0,22914.0,brown,1
J4933,I11889,23522.0,23525.0,brown,1
J4933,I12977,25607.0,25609.0,brown,1
J4933,I14673,28671.0,28673.0,brown,1
J4933,I15378,29764.0,29766.0,green,1
J1707,I2184,3622.0,3623.0,brown,1
J1707,I6633,12530.0,12533.0,green,1
J1707,I8297,16102.0,16104.0,green,1
J1222,I2170,3595.0,3596.0,brown,1
J1222,I2426,4042.0,4044.0,brown,1
J1222,I2458,4095.0,4096.0,brown,1
J1222,I2746,4627.0,4628.0,brown,1
J1222,I4730,8611.0,8613.0,brown,1
J1222,I8891,17435.0,17439.0,green,1
J3661,I11159,22106.0,22110.0,green,3
J1463,I690,1033.0,1035.0,green,1
J1463,I723,1092.0,1094.0,green,1
J1463,I755,1145.0,1146.0,green,1
J1463,I787,1196.0,1199.0,green,1
J1463,I1523,2464.0,2468.0,green,1
J1463,I5747,10729.0,10738.0,green,1
J3247,I12977,25607.0,25609.0,brown,1
J3247,I14386,28176.0,28178.0,green,2
J3247,I14482,28347.0,28348.0,brown,1
J2338,I380,542.0,546.0,green,4
J2338,I4347,7825.0,7826.0,green,1
J2338,I7811,15033.0,15037.0,green,1
J3169,I4851,8850.0,8854.0,brown,2
J3169,I4980,9101.0,9104.0,green,2
J3169,I7124,13591.0,13597.0,green,1
J3169,I8244,16002.0,16006.0,green,1
J4547,I10196,20134.0,20136.0,brown,1
J4547,I14020,27533.0,27536.0,brown,1
J4929,I14860,29000.0,29001.0,green,1
J4929,I15476,29903.0,29905.0,green,2
J4929,I15508,29946.0,29950.0,green,1
J3482,I10411,20585.0,20587.0,green,2
J3482,I10443,20658.0,20661.0,green,3
J3482,I10572,20958.0,20960.0,brown,1
J2547,I6966,13259.0,13265.0,green,4
J3951,I10028,19778.0,19782.0,green,1
J3951,I10060,19837.0,19841.0,green,2
J3951,I13612,26744.0,26745.0,brown,1
J3951,I14124,27721.0,27722.0,brown,1
J1933,I988,1536.0,1540.0,green,1
J1933,I4285,7680.0,7695.0,green,2
J1933,I5277,9727.0,9737.0,green,1
J1933,I5981,11191.0,11193.0,green,2
J4870,I7845,15110.0,15113.0,brown,1
J4870,I8709,17000.0,17001.0,brown,1
J4870,I12070,23894.0,23898.0,green,2
J4870,I14214,27866.0,27867.0,green,1
J4870,I14558,28469.0,28477.0,green,1
J1490,I1709,2777.0,2778.0,green,1
J1490,I2189,3629.0,3631.0,brown,1
J1490,I12557,24761.0,24765.0,brown,2
J3693,I4487,8138.0,8139.0,brown,1
J3693,I4519,8187.0,8188.0,brown,1
J3693,I6728,12724.0,12728.0,green,1
J3693,I9128,17971.0,17972.0,green,1
J3693,I11736,23205.0,23206.0,green,1
J663,I1296,2058.0,2062.0,brown,1
J663,I8177,15855.0,15858.0,green,2
J663,I8945,17551.0,17554.0,green,1
J663,I11693,23124.0,23129.0,green,1
J663,I11904,23551.0,23552.0,brown,1
J2080,I8364,16252.0,16255.0,brown,2
J2080,I13212,26009.0,26010.0,brown,1
J3553,I7684,14774.0,14776.0,brown,2
J3553,I7685,14776.0,14778.0,green,2
J2345,I4548,8243.0,8245.0,green,1
J2345,I4612,8371.0,8373.0,green,2
J1616,I4811,8779.0,8781.0,green,2
J1616,I4843,8840.0,8841.0,green,1
J1616,I5739,10699.0,10704.0,green,1
J2466,I3252,5639.0,5641.0,green,2
J2300,I3430,5998.0,6000.0,brown,1
J2300,I5607,10423.0,10426.0,green,1
J2300,I7303,13980.0,13986.0,green,1
J2300,I8294,16092.0,16099.0,green,1
J2300,I9511,18754.0,18756.0,green,2
J3275,I10186,20096.0,20099.0,green,1
J3275,I10187,20099.0,20101.0,green,1
J3275,I10667,21132.0,21138.0,green,2
J543,I97,124.0,126.0,green,1
J543,I225,301.0,302.0,green,1
J543,I4509,8169.0,8171.0,brown,1
J2711,I2056,3390.0,3392.0,green,1
J2711,I7448,14290.0,14298.0,green,1
J2972,I13351,26259.0,26264.0,green,1
J2471,I3113,5357.0,5359.0,brown,2
J2471,I4042,7184.0,7187.0,green,3
J2471,I9586,18897.0,18904.0,green,1
J2950,I4007,7118.0,7121.0,green,2
J2950,I4039,7179.0,7181.0,brown,1
J70,I193,258.0,259.0,brown,1
J70,I546,806.0,808.0,brown,1
J4638,I5983,11194.0,11195.0,red,1
J4638,I6688,12649.0,12650.0,brown,1
J4638,I6816,12925.0,12926.0,brown,1
J4638,I13376,26314.0,26317.0,brown,1
J3093,I5330,9853.0,9856.0,green,3
J3093,I5522,10238.0,10240.0,green,1
J3093,I8498,16547.0,16550.0,green,1
J3093,I9234,18188.0,18191.0,green,1
J1849,I3942,6998.0,6999.0,brown,1
J1849,I3975,7063.0,7064.0,red,1
J1849,I4583,8313.0,8317.0,green,1
J1849,I8679,16932.0,16941.0,green,1
J1849,I10694,21190.0,21191.0,brown,1
J1849,I11079,21931.0,21935.0,green,1
J2039,I2385,3962.0,3963.0,green,1
J2039,I2705,4545.0,4547.0,brown,1
J2039,I4050,7197.0,7198.0,green,1
J2039,I9494,18722.0,18728.0,green,2
J2379,I4726,8603.0,8604.0,red,1
J2379,I4886,8918.0,8919.0,red,1
J2379,I7255,13882.0,13883.0,brown,1
J2379,I7959,15370.0,15371.0,brown,1
J2379,I14999,29205.0,29207.0,brown,1
J3770,I8885,17425.0,17426.0,brown,1
J2784,I7324,14040.0,14041.0,green,1
J2784,I7325,14041.0,14042.0,green,1
J2784,I7453,14303.0,14304.0,green,1
J2784,I7485,14352.0,14356.0,green,1
J2784,I8977,17636.0,17639.0,green,1
J981,I6345,11949.0,11952.0,green,1
J981,I8488,16524.0,16526.0,brown,1
J2233,I5328,9851.0,9852.0,green,1
J2233,I7344,14071.0,14077.0,green,1
J2233,I7376,14144.0,14145.0,green,1
J2233,I8657,16886.0,16887.0,brown,1
J2233,I8784,17182.0,17188.0,green,1
J2811,I11577,22923.0,22925.0,brown,1
J2811,I14546,28453.0,28455.0,green,1
J2811,I14746,28810.0,28812.0,green,1
J2811,I14778,28856.0,28861.0,green,1
J3050,I7351,14086.0,14092.0,green,4
J527,I585,869.0,870.0,green,1
J527,I617,910.0,915.0,green,3
J527,I4777,8720.0,8721.0,brown,1
J527,I4937,9011.0,9012.0,brown,1
J4465,I9901,19526.0,19528.0,red,1
J4465,I10734,21278.0,21285.0,green,1
J4465,I10957,21699.0,21700.0,brown,1
J4465,I13166,25936.0,25937.0,green,1
J4465,I14702,28724.0,28730.0,green,1
J1838,I6690,12651.0,12653.0,brown,2
J1838,I7266,13899.0,13903.0,brown,1
J1838,I13443,26456.0,26460.0,green,1
J1972,I4894,8937.0,8939.0,green,1
J1972,I5022,9196.0,9199.0,green,2
J1972,I5150,9452.0,9454.0,green,1
J1972,I5214,9603.0,9608.0,green,2
J2770,I2007,3301.0,3303.0,green,1
J2770,I2328,3873.0,3878.0,green,1
J2770,I3128,5382.0,5390.0,green,4
J275,I1322,2109.0,2111.0,brown,1
J275,I1354,2179.0,2180.0,brown,1
J275,I3339,5822.0,5824.0,green,1
J275,I6954,13229.0,13230.0,brown,1
J275,I7147,13642.0,13645.0,green,2
J761,I2148,3558.0,3561.0,green,1
J761,I3044,5209.0,5211.0,brown,2
J761,I4164,7437.0,7439.0,brown,2
J761,I12344,24364.0,24368.0,brown,1
J168,I615,908.0,909.0,green,1
J168,I679,1013.0,1014.0,green,1
J168,I711,1076.0,1078.0,green,1
J168,I1800,2940.0,2943.0,green,1
J168,I1864,3057.0,3059.0,green,1
J168,I2952,5040.0,5044.0,green,1
J3474,I10336,20454.0,20456.0,red,1
J3474,I12481,24626.0,24627.0,brown,1
J3474,I14465,28312.0,28315.0,brown,1
J3474,I15041,29264.0,29265.0,brown,1
J3004,I5448,10097.0,10099.0,green,1
J3004,I5480,10158.0,10160.0,green,1
J3004,I5608,10426.0,10432.0,green,2
J3004,I9352,18450.0,18455.0,green,2
J4137,I6939,13184.0,13186.0,brown,2
J4137,I7068,13480.0,13482.0,green,1
J4502,I8027,15500.0,15503.0,brown,1
J4502,I8283,16073.0,16075.0,red,2
J4502,I14524,28419.0,28420.0,green,1
J4502,I15296,29649.0,29651.0,brown,1
J3715,I4301,7727.0,7728.0,brown,1
J3715,I5069,9282.0,9284.0,brown,1
J3715,I11469,22714.0,22715.0,brown,1
J3715,I11981,23695.0,23697.0,brown,1
J573,I1304,2072.0,2073.0,brown,1
J573,I1336,2132.0,2138.0,green,1
J573,I7065,13472.0,13475.0,green,1
J573,I9241,18204.0,18208.0,green,2
J573,I12665,25009.0,25011.0,green,1
J1369,I11523,22816.0,22821.0,green,1
J1369,I12298,24289.0,24290.0,brown,1
J1369,I12507,24671.0,24680.0,green,2
J1369,I12534,24723.0,24727.0,brown,1
J1369,I12663,25007.0,25008.0,green,1
J829,I8995,17680.0,17685.0,green,2
J829,I14419,28233.0,28234.0,green,1
J829,I14507,28385.0,28389.0,green,3
J2793,I2551,4265.0,4266.0,green,1
J2793,I5816,10872.0,10874.0,green,1
J2793,I7575,14562.0,14563.0,brown,1
J4732,I13456,26480.0,26485.0,green,4
J4732,I14800,28895.0,28896.0,green,1
J4211,I2960,5057.0,5060.0,green,1
J4211,I3024,5175.0,5176.0,brown,1
J4211,I8880,17415.0,17417.0,brown,1
J4211,I12065,23884.0,23887.0,green,1
J4211,I12537,24729.0,24730.0,green,1
J4211,I12801,25266.0,25268.0,brown,1
J854,I682,1018.0,1019.0,green,1
J854,I941,1449.0,1452.0,green,1
J854,I1885,3100.0,3101.0,brown,1
J854,I2987,5104.0,5106.0,green,1
J2670,I1275,2024.0,2025.0,brown,1
J2670,I11388,22568.0,22570.0,green,1
J2670,I12068,23889.0,23893.0,green,4
J2369,I7175,13698.0,13701.0,green,3
J2369,I7527,14458.0,14460.0,brown,2
J4180,I1168,1830.0,1831.0,green,1
J4180,I12606,24869.0,24871.0,green,1
J4180,I12736,25158.0,25160.0,brown,1
J4180,I12833,25334.0,25335.0,green,1
J4180,I12929,25520.0,25522.0,green,1
J4180,I13137,25881.0,25882.0,green,1
J2274,I5709,10630.0,10631.0,green,1
J2274,I5965,11160.0,11166.0,green,2
J1398,I1457,2352.0,2353.0,red,1
J1398,I4881,8910.0,8911.0,brown,1
J1398,I6737,12750.0,12753.0,brown,1
J1398,I11793,23321.0,23322.0,green,1
J1398,I12513,24687.0,24689.0,brown,1
J1398,I13529,26605.0,26606.0,brown,1
J2132,I794,1215.0,1216.0,green,1
J2132,I1946,3202.0,3205.0,brown,1
J2132,I8059,15586.0,15590.0,green,1
J2132,I12571,24793.0,24794.0,green,1
J1765,I4353,7835.0,7839.0,green,4
J1765,I4545,8234.0,8240.0,green,2
J53,I130,170.0,171.0,green,1
J53,I546,806.0,808.0,brown,1
J53,I5539,10276.0,10279.0,green,2
J53,I8163,15830.0,15831.0,green,1
J53,I8867,17383.0,17384.0,green,1
J3418,I5854,10944.0,10947.0,brown,2
J4388,I8918,17489.0,17491.0,brown,1
J4388,I9302,18332.0,18334.0,brown,1
J3231,I3758,6627.0,6630.0,brown,1
J3231,I13807,27149.0,27150.0,green,1
J1321,I3030,5188.0,5189.0,brown,1
J1321,I4759,8684.0,8689.0,green,3
J1321,I8038,15532.0,15533.0,brown,1
J4587,I10021,19764.0,19767.0,brown,1
J4587,I10565,20941.0,20942.0,brown,1
J4587,I10725,21259.0,21263.0,green,2
J4993,I7943,15341.0,15342.0,brown,1
J4993,I13544,26630.0,26632.0,green,2
J4993,I15304,29662.0,29663.0,green,1
J4993,I15464,29884.0,29888.0,green,1
J3696,I4231,7562.0,7563.0,brown,1
J3696,I4264,7627.0,7629.0,green,2
J3696,I11304,22400.0,22402.0,green,1
J4208,I10242,20224.0,20229.0,green,4
J4208,I10370,20511.0,20514.0,green,1
J4208,I10498,20799.0,20802.0,brown,1
J3579,I3213,5564.0,5565.0,green,1
J3579,I3214,5565.0,5567.0,red,2
J3579,I3469,6072.0,6073.0,brown,1
J3579,I3597,6316.0,6317.0,brown,1
J3579,I6029,11320.0,11323.0,brown,1
J367,I1255,1988.0,1990.0,brown,1
J367,I2952,5040.0,5044.0,green,1
J367,I3544,6202.0,6204.0,green,1
J4242,I11571,22916.0,22917.0,brown,1
J4242,I11604,22963.0,22965.0,red,1
J4242,I11700,23143.0,23144.0,green,1
J4242,I11828,23406.0,23409.0,brown,2
J4217,I12375,24420.0,24422.0,brown,1
J4217,I12568,24786.0,24789.0,green,1
J4217,I13207,26000.0,26002.0,brown,1
J1255,I3663,6438.0,6441.0,green,1
J1255,I3728,6565.0,6566.0,green,1
J1255,I3800,6719.0,6722.0,green,2
J1255,I4009,7124.0,7125.0,green,1
J1179,I1778,2900.0,2902.0,green,1
J1179,I2034,3346.0,3349.0,green,1
J1179,I2290,3803.0,3811.0,green,2
J1179,I6098,11444.0,11451.0,green,1
J1179,I6658,12579.0,12584.0,green,1
J1939,I7186,13723.0,13725.0,green,2
J1939,I7538,14479.0,14483.0,green,1
J1939,I12030,23790.0,23804.0,green,1
J2921,I544,804.0,805.0,red,1
J2921,I608,898.0,899.0,red,1
J2921,I12897,25472.0,25473.0,brown,1
J2921,I13665,26847.0,26853.0,green,1
J2921,I14689,28704.0,28706.0,brown,2
J370,I601,890.0,891.0,brown,1
J370,I3386,5918.0,5923.0,green,1
J370,I8996,17685.0,17690.0,green,2
J370,I9174,18064.0,18068.0,green,1
J2583,I11775,23287.0,23289.0,brown,1
J2583,I12384,24433.0,24438.0,green,1
J2583,I15072,29301.0,29302.0,green,1
J2583,I15200,29497.0,29499.0,brown,1
J3379,I2169,3592.0,3595.0,brown,1
J3379,I6330,11911.0,11912.0,green,1
J3379,I11106,21988.0,21992.0,green,3
J2412,I12876,25420.0,25423.0,brown,2
J3512,I6134,11521.0,11525.0,green,1
J3512,I8086,15656.0,15658.0,green,1
J2754,I7344,14071.0,14077.0,green,4
J2754,I12016,23758.0,23759.0,green,1
J3289,I6309,11863.0,11865.0,brown,2
J3289,I8070,15614.0,15617.0,green,1
J3289,I8294,16092.0,16099.0,green,1
J107,I3012,5148.0,5153.0,green,2
J4593,I6408,12075.0,12076.0,brown,1
J4593,I6440,12138.0,12140.0,brown,2
J4593,I13681,26893.0,26895.0,green,2
J668,I2254,3738.0,3741.0,green,1
J668,I2543,4252.0,4255.0,green,2
J668,I2895,4939.0,4940.0,green,1
J668,I5519,10235.0,10236.0,green,1
J668,I5687,10581.0,10584.0,green,1
J4284,I9077,17842.0,17843.0,brown,1
J4284,I9141,17996.0,17999.0,brown,3
J4284,I14102,27681.0,27685.0,green,2
J3135,I5834,10906.0,10909.0,brown,1
J3135,I13530,26606.0,26608.0,brown,1
J258,I9547,18820.0,18822.0,green,2
J258,I10155,20036.0,20038.0,green,1
J258,I10635,21073.0,21076.0,green,1
J258,I11627,23008.0,23009.0,brown,1
J4806,I5601,10412.0,10414.0,brown,1
J4806,I10337,20456.0,20458.0,brown,1
J4806,I14017,27529.0,27530.0,brown,1
J4806,I14754,28822.0,28825.0,green,2
J4806,I14761,28832.0,28833.0,brown,1
J465,I2327,3867.0,3873.0,green,2
J465,I4759,8684.0,8689.0,green,1
J465,I8297,16102.0,16104.0,green,1
J4862,I7573,14557.0,14560.0,green,1
J4862,I10998,21767.0,21771.0,green,1
J4862,I11285,22362.0,22364.0,brown,1
J4862,I13942,27393.0,27395.0,green,1
J4862,I14806,28903.0,28911.0,green,1
J3409,I9364,18474.0,18484.0,green,1
J3409,I10948,21677.0,21679.0,green,1
J4360,I9656,19038.0,19041.0,green,1
J4360,I12825,25314.0,25323.0,green,2
J4360,I14457,28294.0,28296.0,green,1
J4360,I14645,28631.0,28632.0,green,1
J4360,I14677,28676.0,28679.0,green,1
J1800,I468,683.0,684.0,brown,1
J1800,I500,733.0,734.0,brown,1
J1800,I9479,18698.0,18699.0,green,1
J1800,I9482,18704.0,18705.0,brown,1
J3706,I1742,2830.0,2831.0,brown,1
J3706,I1774,2883.0,2889.0,green,1
J3706,I8782,17174.0,17181.0,green,1
J3706,I8975,17621.0,17626.0,green,1
J3706,I11182,22150.0,22154.0,brown,1
J4450,I9910,19548.0,19549.0,brown,1
J4450,I10102,19926.0,19928.0,brown,1
J4450,I14782,28867.0,28868.0,green,1
J4776,I6819,12930.0,12932.0,brown,2
J4776,I11811,23368.0,23370.0,brown,1
J4776,I13636,26785.0,26789.0,green,1
J4776,I14662,28652.0,28653.0,brown,1
J1605,I3911,6937.0,6940.0,green,2
J1548,I674,1006.0,1009.0,brown,1
J1548,I4131,7355.0,7370.0,green,2
J1548,I5283,9747.0,9752.0,green,2
J1548,I7586,14577.0,14579.0,brown,1
J1636,I4008,7121.0,7124.0,green,3
J1636,I4040,7181.0,7183.0,green,2
J1636,I4136,7381.0,7383.0,green,1
J3726,I9862,19452.0,19453.0,green,1
J3726,I10150,20024.0,20029.0,green,2
J3726,I10598,21009.0,21013.0,green,1
J3726,I10662,21125.0,21127.0,green,1
J2474,I3169,5476.0,5481.0,green,3
J2474,I8816,17255.0,17257.0,brown,1
J251,I1059,1649.0,1652.0,brown,3
J251,I12835,25336.0,25341.0,brown,1
J251,I12955,25565.0,25567.0,brown,1
J4723,I7425,14241.0,14243.0,brown,1
J4723,I12866,25395.0,25398.0,green,2
J4723,I13762,27047.0,27048.0,green,1
J4723,I14754,28822.0,28825.0,green,1
J4723,I14978,29177.0,29179.0,brown,1
J3107,I8956,17580.0,17582.0,brown,1
J3107,I10284,20306.0,20311.0,green,1
J4912,I1660,2693.0,2694.0,red,1
J4912,I15021,29238.0,29239.0,brown,1
J4912,I15133,29397.0,29398.0,green,1
J4912,I15141,29406.0,29408.0,green,1
J4912,I15237,29561.0,29562.0,green,1
J4912,I15263,29597.0,29599.0,brown,1
J3923,I10854,21513.0,21515.0,green,2
J3923,I10950,21681.0,21688.0,green,3
J4203,I8063,15595.0,15596.0,brown,1
J4203,I9728,19175.0,19180.0,green,1
J4203,I14660,28648.0,28651.0,green,2
J2008,I3749,6611.0,6614.0,brown,1
J2008,I3846,6806.0,6809.0,green,1
J2008,I4006,7116.0,7118.0,green,2
J2008,I4294,7706.0,7719.0,green,1
J2008,I8294,16092.0,16099.0,green,1
J4274,I9853,19437.0,19440.0,red,1
J4274,I9917,19559.0,19565.0,green,1
J4274,I9981,19689.0,19691.0,brown,1
J4274,I10014,19750.0,19755.0,green,2
J1188,I3893,6908.0,6910.0,brown,2
J1188,I4470,8094.0,8097.0,green,1
J2935,I487,716.0,717.0,brown,1
J2935,I10927,21641.0,21642.0,brown,1
J2935,I11727,23190.0,23191.0,brown,1
J4198,I6143,11542.0,11543.0,brown,1
J4198,I6175,11607.0,11611.0,brown,1
J4198,I8832,17298.0,17301.0,green,1
J1995,I7440,14271.0,14272.0,green,1
J1995,I8976,17626.0,17636.0,green,2
J1995,I9072,17835.0,17836.0,green,1
J1995,I12272,24254.0,24255.0,green,1
J861,I2809,4755.0,4758.0,green,1
J861,I2840,4813.0,4814.0,green,1
J861,I3001,5128.0,5135.0,green,2
J861,I5309,9798.0,9799.0,green,1
J861,I5597,10405.0,10408.0,green,1
J3557,I2578,4321.0,4322.0,brown,1
J3557,I9770,19263.0,19266.0,brown,2
J3557,I10579,20970.0,20974.0,green,1
J1050,I330,463.0,465.0,green,1
J1050,I361,514.0,516.0,brown,1
J1050,I2635,4416.0,4419.0,brown,1
J1050,I2986,5102.0,5104.0,green,1
J1050,I3802,6724.0,6726.0,green,1
J1050,I4314,7748.0,7750.0,green,1
J3550,I5517,10231.0,10233.0,brown,2
J3550,I11438,22650.0,22652.0,green,1
J3550,I12718,25120.0,25121.0,green,1
J3550,I13358,26280.0,26284.0,green,1
J410,I952,1475.0,1477.0,green,1
J410,I3576,6274.0,6276.0,brown,1
J410,I7000,13330.0,13334.0,brown,1
J2413,I1429,2300.0,2302.0,green,2
J2413,I1941,3193.0,3195.0,brown,1
J338,I1644,2674.0,2675.0,brown,1
J338,I1740,2828.0,2829.0,brown,1
J338,I4684,8511.0,8514.0,green,1
J338,I5469,10138.0,10141.0,green,1
J338,I5757,10756.0,10762.0,green,2
J770,I649,965.0,967.0,green,1
J770,I7497,14385.0,14386.0,brown,1
J770,I12618,24896.0,24902.0,green,4
J607,I3336,5817.0,5819.0,green,1
J607,I3880,6884.0,6887.0,green,1
J607,I10408,20580.0,20581.0,green,1
J1469,I4238,7580.0,7581.0,green,1
J1469,I4559,8261.0,8264.0,green,2
J3582,I14344,28096.0,28097.0,brown,1
J3582,I14408,28215.0,28217.0,brown,2
J42,I26,27.0,30.0,green,3
J42,I1114,1748.0,1751.0,green,1
J42,I5178,9527.0,9530.0,green,1
J925,I2881,4907.0,4914.0,green,2
J925,I3073,5273.0,5276.0,green,2
J925,I3241,5615.0,5616.0,green,1
J4958,I8722,17027.0,17031.0,green,1
J4958,I13138,25882.0,25883.0,brown,1
J4958,I14387,28178.0,28180.0,green,1
J4958,I15155,29426.0,29427.0,green,1
J1470,I1437,2316.0,2318.0,brown,1
J1470,I1982,3262.0,3269.0,green,1
J1470,I7646,14698.0,14701.0,green,2
J1470,I7838,15099.0,15104.0,green,2
J2578,I7154,13658.0,13659.0,brown,1
J2578,I7314,14010.0,14011.0,brown,1
J2578,I7667,14745.0,14746.0,green,1
J2578,I10035,19793.0,19794.0,brown,1
J2578,I10579,20970.0,20974.0,green,1
J2974,I1826,2987.0,2988.0,brown,1
J2974,I1955,3216.0,3219.0,green,1
J2974,I7554,14514.0,14516.0,brown,1
J207,I7024,13380.0,13381.0,green,1
J207,I12464,24596.0,24598.0,green,1
J2418,I11781,23298.0,23301.0,green,1
J62,I368,524.0,527.0,brown,1
J62,I3248,5630.0,5634.0,green,1
J62,I3280,5701.0,5712.0,green,2
J62,I3672,6458.0,6459.0,green,1
J62,I4069,7231.0,7234.0,green,1
J4793,I14369,28153.0,28158.0,green,2
J3807,I9671,19061.0,19063.0,green,2
J3807,I9719,19160.0,19161.0,green,1
J3807,I9799,19320.0,19321.0,green,1
J3807,I10103,19928.0,19929.0,green,1
J3807,I10135,20000.0,20001.0,green,1
J1761,I2295,3815.0,3816.0,green,1
J1761,I2328,3873.0,3878.0,green,1
J1796,I4584,8317.0,8319.0,green,2
J2867,I6278,11806.0,11808.0,green,1
J2867,I6406,12070.0,12074.0,green,1
J2867,I7686,14778.0,14784.0,green,1
J3649,I10872,21548.0,21549.0,red,1
J3649,I10936,21657.0,21659.0,red,1
J3649,I11096,21962.0,21964.0,green,1
J3649,I11097,21964.0,21967.0,green,1
J3649,I13153,25905.0,25908.0,green,1
J4013,I10528,20878.0,20880.0,green,2
J4013,I10592,20990.0,20992.0,green,2
J4013,I10688,21182.0,21183.0,green,1
J4013,I10752,21315.0,21316.0,green,1
J328,I423,614.0,615.0,green,1
J328,I519,768.0,769.0,green,1
J328,I551,814.0,819.0,green,2
J328,I1504,2423.0,2428.0,green,1
J328,I1578,2565.0,2566.0,brown,1
J3547,I8738,17064.0,17066.0,brown,1
J3547,I13483,26533.0,26534.0,green,1
J3547,I13499,26553.0,26554.0,brown,1
J3547,I13571,26675.0,26677.0,brown,1
J3547,I13579,26687.0,26696.0,green,2
J480,I1516,2450.0,2451.0,green,1
J480,I3277,5690.0,5694.0,green,2
J480,I9452,18639.0,18641.0,brown,1
J480,I9788,19298.0,19299.0,brown,1
J1664,I580,859.0,860.0,green,1
J1664,I612,903.0,905.0,brown,1
J1664,I5893,11015.0,11020.0,green,2
J1664,I9417,18585.0,18587.0,green,1
J1664,I10517,20854.0,20855.0,green,1
J4105,I8801,17220.0,17224.0,brown,1
J4105,I8833,17301.0,17309.0,green,1
J4105,I11201,22191.0,22193.0,brown,1
J4105,I14674,28673.0,28674.0,green,1
J2501,I4463,8080.0,8083.0,green,1
J2501,I7951,15353.0,15357.0,green,1
J2501,I10639,21082.0,21085.0,green,2
J2501,I11631,23014.0,23016.0,green,2
J1836,I5272,9720.0,9721.0,green,1
J1836,I5496,10191.0,10193.0,green,1
J1836,I5528,10254.0,10255.0,green,1
J1836,I10360,20495.0,20500.0,green,3
J2560,I5174,9519.0,9520.0,brown,1
J2560,I8663,16897.0,16899.0,green,1
J2560,I9079,17844.0,17846.0,green,1
J2560,I11491,22757.0,22763.0,green,1
J2560,I11638,23025.0,23026.0,brown,1
J1032,I647,961.0,963.0,green,2
J1032,I648,963.0,965.0,green,1
J1032,I712,1078.0,1080.0,green,1
J1032,I1032,1604.0,1610.0,green,1
J1032,I3280,5701.0,5712.0,green,1
J2348,I4137,7383.0,7386.0,green,1
J2348,I4201,7512.0,7513.0,green,1
J2348,I4233,7566.0,7573.0,green,1
J4935,I10669,21139.0,21140.0,green,1
J4935,I12494,24647.0,24649.0,green,1
J4935,I12654,24980.0,24990.0,green,1
J2983,I7955,15362.0,15366.0,green,3
J2983,I8082,15648.0,15651.0,brown,1
J1814,I1881,3088.0,3093.0,green,5
J1814,I5725,10667.0,10668.0,green,1
J3500,I5066,9278.0,9279.0,brown,1
J3500,I12715,25109.0,25118.0,green,3
J3500,I12758,25196.0,25197.0,brown,1
J3500,I13098,25816.0,25817.0,brown,1
J3252,I8173,15847.0,15848.0,green,1
J3252,I10093,19908.0,19913.0,green,1
J4405,I4222,7548.0,7549.0,brown,1
J4405,I4254,7613.0,7614.0,brown,1
J4405,I12830,25329.0,25332.0,brown,1
J4405,I12991,25632.0,25639.0,green,1
J4405,I13791,27111.0,27115.0,green,1
J4949,I9527,18786.0,18787.0,brown,1
J4949,I12887,25450.0,25451.0,brown,1
J4949,I15160,29435.0,29436.0,green,1
J3607,I10311,20383.0,20392.0,green,2
J3607,I11159,22106.0,22110.0,green,1
J2113,I2157,3573.0,3574.0,brown,1
J2113,I3406,5950.0,5952.0,green,1
J352,I1012,1569.0,1571.0,brown,1
J352,I1013,1571.0,1573.0,green,1
J352,I4821,8795.0,8805.0,green,1
J352,I8245,16006.0,16015.0,green,1
J352,I8341,16206.0,16207.0,green,1
J486,I1229,1949.0,1950.0,green,1
J486,I1677,2721.0,2723.0,brown,1
J486,I8317,16156.0,16158.0,brown,1
J4112,I10608,21022.0,21025.0,brown,2
J4112,I11825,23400.0,23402.0,green,1
J4112,I11921,23581.0,23583.0,brown,2
J4112,I15442,29855.0,29857.0,green,1
J1409,I4470,8094.0,8097.0,green,1
J1409,I4597,8346.0,8347.0,brown,1
J1409,I4789,8739.0,8740.0,brown,1
J1409,I11134,22049.0,22061.0,green,3
J3880,I4579,8305.0,8309.0,brown,3
J3880,I7908,15271.0,15277.0,green,3
J2879,I7083,13521.0,13523.0,brown,1
J2879,I7531,14463.0,14466.0,brown,1
J2879,I12908,25486.0,25487.0,green,1
J2879,I14220,27874.0,27879.0,green,1
J2968,I420,608.0,609.0,green,1
J2968,I804,1226.0,1229.0,brown,1
J2968,I1156,1811.0,1813.0,brown,1
J2968,I1220,1931.0,1933.0,brown,1
J2968,I10564,20939.0,20941.0,brown,1
J2968,I12216,24163.0,24164.0,brown,1
J2952,I52,59.0,60.0,brown,1
J2952,I212,283.0,284.0,green,1
J2952,I4021,7145.0,7147.0,green,2
J2952,I7733,14871.0,14878.0,green,2
J4602,I11711,23163.0,23165.0,brown,1
J4602,I12223,24172.0,24176.0,brown,1
J4602,I13888,27289.0,27293.0,green,3
J4602,I14943,29118.0,29119.0,brown,1
J302,I175,233.0,235.0,brown,1
J302,I207,276.0,277.0,green,1
J302,I303,417.0,419.0,green,1
J302,I335,471.0,472.0,green,1
J302,I3792,6708.0,6710.0,green,2
J1984,I2224,3688.0,3691.0,brown,1
J1984,I2608,4373.0,4374.0,brown,1
J1984,I7921,15307.0,15309.0,green,1
J3712,I3455,6048.0,6049.0,brown,1
J3712,I3488,6104.0,6105.0,red,1
J3712,I7807,15026.0,15027.0,brown,1
J3712,I10240,20219.0,20220.0,green,1
J4422,I13379,26321.0,26326.0,green,2
J4422,I14499,28369.0,28372.0,green,2
J2492,I3216,5569.0,5573.0,green,1
J2492,I4048,7193.0,7195.0,green,1
J2492,I4400,7941.0,7942.0,green,1
J2492,I6128,11508.0,11511.0,green,1
J2492,I9084,17852.0,17855.0,brown,1
J2492,I9872,19471.0,19472.0,green,1
J431,I576,853.0,854.0,green,1
J431,I609,899.0,901.0,brown,1
J431,I897,1384.0,1388.0,green,1
J1537,I5806,10854.0,10857.0,brown,1
J1537,I5838,10914.0,10916.0,brown,1
J620,I6258,11775.0,11777.0,green,1
J3655,I3204,5545.0,5546.0,red,1
J3655,I3236,5604.0,5606.0,brown,1
J3655,I4100,7284.0,7286.0,brown,1
J3655,I4132,7370.0,7372.0,brown,1
J3655,I5636,10480.0,10482.0,brown,1
J3655,I5668,10537.0,10538.0,brown,1
J2260,I6467,12197.0,12199.0,brown,1
J2260,I6723,12713.0,12714.0,brown,1
J2260,I8804,17228.0,17234.0,green,1
J2040,I2289,3802.0,3803.0,green,1
J2040,I3505,6136.0,6138.0,green,2
J2040,I5713,10639.0,10641.0,green,1
J2040,I7242,13853.0,13857.0,brown,1
J3714,I11757,23256.0,23258.0,brown,1
J3714,I12046,23834.0,23836.0,green,2
J3714,I12174,24077.0,24078.0,brown,1
J3714,I13518,26583.0,26587.0,brown,1
J3714,I14702,28724.0,28730.0,green,1
J2159,I2180,3615.0,3617.0,brown,2
J2159,I3013,5153.0,5155.0,green,1
J2159,I6085,11422.0,11430.0,green,1
J2159,I8997,17690.0,17692.0,green,1
J816,I942,1452.0,1453.0,brown,1
J816,I1806,2949.0,2951.0,brown,1
J816,I9742,19200.0,19201.0,brown,1
J816,I12543,24739.0,24741.0,green,1
J816,I13007,25667.0,25670.0,green,1
J2488,I4734,8618.0,8619.0,brown,1
J2488,I5151,9454.0,9459.0,green,2
J2488,I5375,9944.0,9947.0,green,1
J3776,I8064,15596.0,15598.0,brown,2
J3776,I8256,16031.0,16033.0,brown,1
J3776,I13281,26131.0,26136.0,green,2
J2449,I5541,10280.0,10282.0,green,1
J2449,I5637,10482.0,10484.0,green,2
J2449,I5701,10608.0,10610.0,green,2
J2449,I8069,15603.0,15614.0,green,1
J1343,I2308,3834.0,3835.0,brown,1
J1343,I5285,9754.0,9758.0,green,1
J1343,I6085,11422.0,11430.0,green,1
J1343,I8901,17457.0,17458.0,green,1
J1343,I12085,23920.0,23921.0,green,1
J4680,I6145,11549.0,11550.0,brown,1
J4680,I6241,11737.0,11738.0,brown,1
J4680,I7105,13559.0,13561.0,brown,1
J4680,I10785,21371.0,21372.0,green,1
J4680,I13122,25858.0,25860.0,green,1
J4680,I14377,28166.0,28167.0,brown,1
J3581,I8067,15601.0,15602.0,brown,1
J3581,I8899,17454.0,17455.0,brown,1
J3581,I8963,17590.0,17591.0,brown,1
J3581,I9763,19252.0,19253.0,brown,1
J33,I139,181.0,182.0,brown,1
J33,I171,226.0,227.0,brown,1
J33,I4844,8841.0,8843.0,green,2
J33,I5484,10166.0,10170.0,green,1
J33,I7244,13861.0,13867.0,green,1
J3370,I6295,11834.0,11842.0,green,2
J3370,I8087,15658.0,15661.0,green,1
J3370,I9591,18909.0,18910.0,green,1
J3370,I11287,22366.0,22368.0,green,1
J3370,I11632,23016.0,23017.0,green,1
J2090,I1775,2889.0,2897.0,green,1
J2090,I4463,8080.0,8083.0,green,1
J2090,I7439,14268.0,14271.0,green,2
J2090,I8255,16029.0,16031.0,green,1
J2090,I8767,17142.0,17148.0,green,1
J4664,I12874,25414.0,25417.0,brown,3
J2688,I4214,7534.0,7536.0,brown,1
J2688,I13319,26191.0,26199.0,green,1
J2688,I13943,27395.0,27397.0,green,2
J2613,I11582,22929.0,22930.0,brown,1
J2613,I14143,27762.0,27763.0,green,1
J2613,I14175,27810.0,27811.0,brown,1
J552,I1930,3169.0,3172.0,brown,2
J552,I4715,8573.0,8579.0,green,1
J552,I10251,20244.0,20247.0,green,1
J552,I10903,21601.0,21602.0,green,1
J552,I11005,21785.0,21786.0,brown,1
J2874,I9871,19464.0,19471.0,green,1
J2874,I12992,25639.0,25640.0,green,1
J2886,I7337,14055.0,14056.0,green,1
J2886,I7433,14257.0,14260.0,green,3
J2886,I7465,14323.0,14325.0,green,2
J2863,I4981,9104.0,9107.0,green,1
J2863,I5013,9183.0,9185.0,green,2
J2863,I12885,25435.0,25447.0,green,2
J2189,I4545,8234.0,8240.0,green,2
J2189,I4992,9126.0,9127.0,brown,1
J2372,I5677,10561.0,10562.0,green,1
J2372,I5773,10789.0,10791.0,brown,2
J2372,I5965,11160.0,11166.0,green,2
J4032,I8120,15738.0,15740.0,brown,1
J4032,I9784,19293.0,19294.0,brown,1
J4032,I10232,20199.0,20204.0,green,1
J4032,I13153,25905.0,25908.0,green,2
J4032,I13724,26979.0,26980.0,brown,1
J3214,I7410,14205.0,14209.0,brown,1
J3214,I10482,20754.0,20760.0,green,2
J3214,I13203,25991.0,25992.0,green,1
J3214,I14558,28469.0,28477.0,green,1
J1827,I7855,15137.0,15142.0,green,1
J1827,I11278,22350.0,22352.0,brown,1
J1827,I12047,23836.0,23839.0,green,1
J950,I2778,4693.0,4695.0,green,2
J950,I2874,4890.0,4893.0,green,1
J950,I3098,5330.0,5331.0,green,1
J2298,I3674,6460.0,6462.0,brown,1
J2298,I5595,10397.0,10402.0,green,2
J2298,I5659,10520.0,10521.0,green,1
J2298,I5851,10940.0,10941.0,brown,1
J2298,I6107,11472.0,11474.0,brown,1
J4015,I11491,22757.0,22763.0,green,3
J4015,I12031,23804.0,23808.0,green,2
J740,I10988,21752.0,21755.0,brown,1
J740,I12941,25539.0,25547.0,green,2
J740,I13197,25981.0,25984.0,green,1
J4018,I3233,5601.0,5602.0,brown,1
J4018,I6658,12579.0,12584.0,green,1
J4018,I9602,18930.0,18937.0,green,3
J4018,I10337,20456.0,20458.0,brown,1
J457,I2513,4202.0,4206.0,green,1
J457,I4273,7644.0,7650.0,green,3
J4520,I10490,20776.0,20780.0,green,1
J4520,I11707,23155.0,23157.0,brown,1
J4520,I14607,28571.0,28572.0,green,1
J2346,I5749,10740.0,10745.0,green,4
J3302,I9949,19626.0,19628.0,green,1
J3302,I9981,19689.0,19691.0,brown,1
J3302,I12285,24271.0,24272.0,brown,1
J3302,I13085,25797.0,25799.0,brown,1
J1059,I3561,6235.0,6236.0,green,1
J1059,I3593,6310.0,6311.0,brown,1
J1059,I7081,13513.0,13518.0,green,3
J2685,I9623,18976.0,18978.0,green,2
J2685,I10071,19863.0,19867.0,green,1
J1782,I710,1075.0,1076.0,green,1
J1782,I742,1127.0,1129.0,green,1
J1782,I1063,1658.0,1659.0,green,1
J1782,I2663,4483.0,4484.0,brown,1
J1782,I8807,17241.0,17242.0,brown,1
J1782,I10023,19769.0,19774.0,green,1
J1942,I1492,2403.0,2407.0,green,1
J1942,I6789,12868.0,12870.0,green,2
J3534,I6836,12956.0,12962.0,green,2
J3534,I7380,14149.0,14156.0,green,1
J3534,I10452,20692.0,20695.0,green,2
J3534,I12195,24120.0,24121.0,brown,1
J2687,I8229,15957.0,15960.0,green,3
J535,I2981,5095.0,5097.0,brown,1
J535,I3397,5936.0,5938.0,brown,1
J535,I11174,22134.0,22135.0,green,1
J535,I12486,24632.0,24633.0,green,1
J3079,I2804,4745.0,4749.0,green,1
J3079,I2805,4749.0,4750.0,green,1
J3079,I3253,5641.0,5644.0,green,1
J3079,I3861,6846.0,6850.0,green,1
J3079,I7637,14682.0,14683.0,green,1
J3079,I9347,18439.0,18441.0,green,1
J1228,I2496,4168.0,4169.0,green,1
J1228,I2912,4970.0,4971.0,brown,1
J1228,I5248,9682.0,9686.0,brown,1
J1228,I8993,17670.0,17679.0,green,1
J1228,I12065,23884.0,23887.0,green,2
J4542,I13851,27230.0,27231.0,green,1
J4542,I13883,27283.0,27284.0,brown,1
J4542,I14139,27754.0,27756.0,brown,2
J4542,I15035,29254.0,29255.0,brown,1
J4542,I15211,29513.0,29516.0,green,1
J4760,I8681,16942.0,16943.0,brown,1
J4760,I10409,20581.0,20584.0,green,1
J4760,I13930,27372.0,27375.0,green,1
J4760,I15226,29538.0,29540.0,green,2
J4760,I15322,29685.0,29686.0,green,1
J245,I73,84.0,85.0,green,1
J245,I153,201.0,202.0,brown,1
J245,I329,462.0,463.0,green,1
J245,I1577,2564.0,2565.0,brown,1
J245,I11134,22049.0,22061.0,green,1
J3392,I9771,19266.0,19270.0,green,4
J3392,I10027,19777.0,19778.0,green,1
J3792,I7356,14106.0,14107.0,green,1
J3792,I7548,14504.0,14506.0,green,1
J3792,I7804,15019.0,15022.0,brown,1
J3792,I8668,16913.0,16917.0,green,2
J1844,I3738,6589.0,6590.0,red,1
J1844,I9691,19104.0,19108.0,green,1
J1844,I9786,19295.0,19297.0,brown,1
J1844,I12859,25380.0,25381.0,green,1
J1844,I13403,26371.0,26373.0,brown,1
J1844,I13431,26433.0,26435.0,green,1
J4375,I9974,19677.0,19678.0,brown,1
J4375,I10006,19736.0,19737.0,brown,1
J4375,I13751,27031.0,27034.0,green,3
J3885,I1144,1794.0,1797.0,green,1
J3885,I1272,2021.0,2022.0,brown,1
J3885,I3064,5250.0,5252.0,brown,1
J3885,I7992,15440.0,15442.0,brown,2
J3885,I10648,21100.0,21105.0,brown,1
J123,I185,247.0,248.0,brown,1
J123,I314,436.0,440.0,green,1
J123,I698,1046.0,1048.0,green,1
J123,I1082,1685.0,1693.0,green,2
J3657,I10312,20392.0,20401.0,green,4
J2200,I5885,11001.0,11002.0,green,1
J2200,I6077,11408.0,11410.0,brown,1
J2200,I6173,11602.0,11604.0,brown,1
J2200,I7485,14352.0,14356.0,green,1
J2884,I6012,11282.0,11287.0,green,2
J2884,I8092,15668.0,15670.0,green,1
J2884,I8732,17049.0,17051.0,green,1
J4067,I6572,12421.0,12423.0,brown,1
J4067,I7212,13782.0,13787.0,brown,2
J4067,I8621,16803.0,16805.0,green,1
J4067,I13100,25818.0,25819.0,brown,1
J4067,I14157,27781.0,27783.0,green,1
J4000,I11953,23647.0,23648.0,green,1
J4000,I12049,23840.0,23847.0,green,5
J1102,I1344,2151.0,2152.0,green,1
J1102,I1345,2152.0,2156.0,green,1
J1102,I2209,3662.0,3663.0,green,1
J1102,I2657,4463.0,4465.0,green,1
J1102,I5985,11196.0,11204.0,green,1
J1102,I7881,15211.0,15216.0,green,1
J4816,I11657,23060.0,23061.0,red,1
J4816,I12074,23901.0,23904.0,brown,1
J4816,I12458,24583.0,24586.0,brown,1
J4816,I13258,26097.0,26098.0,brown,1
J4816,I14346,28101.0,28103.0,brown,1
J1014,I3318,5784.0,5786.0,brown,1
J1116,I158,207.0,208.0,green,1
J1116,I2302,3825.0,3827.0,brown,1
J1116,I3437,6010.0,6011.0,green,1
J4402,I10067,19853.0,19857.0,green,1
J4402,I10163,20049.0,20051.0,brown,2
J4402,I11315,22416.0,22418.0,brown,1
J566,I3874,6871.0,6873.0,green,1
J566,I4866,8879.0,8882.0,green,1
J566,I6146,11550.0,11553.0,green,1
J566,I8129,15751.0,15755.0,brown,1
J566,I9234,18188.0,18191.0,green,1
J566,I9380,18509.0,18514.0,green,1
J2030,I4316,7754.0,7757.0,green,1
J2030,I5148,9437.0,9450.0,green,4
J1393,I1591,2588.0,2590.0,green,1
J1393,I1623,2644.0,2645.0,brown,1
J1393,I1655,2686.0,2688.0,green,1
J1393,I1656,2688.0,2690.0,green,1
J1393,I2871,4881.0,4884.0,green,2
J794,I8747,17088.0,17093.0,brown,1
J3120,I8950,17562.0,17565.0,green,1
J3120,I13238,26055.0,26058.0,green,3
J4504,I9891,19507.0,19510.0,green,2
J4504,I10019,19761.0,19763.0,green,2
J4504,I10083,19886.0,19889.0,green,1
J4504,I10371,20514.0,20515.0,brown,1
J583,I782,1188.0,1192.0,green,2
J583,I783,1192.0,1193.0,green,1
J583,I879,1354.0,1356.0,green,1
J583,I2810,4758.0,4760.0,brown,1
J583,I3791,6701.0,6708.0,green,1
J3122,I4723,8590.0,8591.0,brown,1
J3122,I6195,11641.0,11643.0,brown,1
J3122,I14004,27509.0,27510.0,green,1
J1483,I4418,7989.0,7990.0,brown,1
J1483,I4514,8178.0,8181.0,green,1
J1483,I6978,13288.0,13292.0,brown,1
J1483,I8931,17521.0,17526.0,green,2
J1483,I12802,25268.0,25270.0,brown,1
J4033,I7222,13804.0,13805.0,brown,1
J4033,I7510,14421.0,14423.0,brown,1
J4033,I13319,26191.0,26199.0,green,2
J4033,I14743,28801.0,28804.0,green,2
J2656,I4652,8433.0,8435.0,green,1
J2656,I7644,14694.0,14695.0,brown,1
J2656,I7645,14695.0,14698.0,green,1
J2628,I7775,14960.0,14966.0,green,1
J2628,I10495,20790.0,20794.0,green,1
J2628,I13567,26670.0,26671.0,green,1
J2628,I13631,26776.0,26777.0,green,1
J4034,I7574,14560.0,14562.0,brown,1
J4034,I8918,17489.0,17491.0,brown,1
J4034,I14391,28185.0,28186.0,green,1
J4034,I15399,29793.0,29796.0,green,1
J2759,I8072,15618.0,15625.0,green,1
J2759,I8199,15897.0,15899.0,brown,2
J2759,I8616,16795.0,16798.0,green,2
J2759,I8712,17007.0,17008.0,green,1
J3850,I5539,10276.0,10279.0,green,1
J3850,I5572,10345.0,10346.0,green,1
J3850,I9756,19231.0,19235.0,brown,1
J3850,I9972,19671.0,19675.0,green,2
J355,I1872,3074.0,3076.0,green,1
J3889,I8726,17039.0,17040.0,green,1
J3889,I10742,21294.0,21298.0,green,2
J3889,I10934,21655.0,21656.0,brown,1
J3889,I11902,23548.0,23550.0,green,1
J3889,I12314,24315.0,24316.0,green,1
J4279,I10053,19829.0,19830.0,brown,1
J4279,I10149,20023.0,20024.0,brown,1
J4279,I12070,23894.0,23898.0,green,1
J3525,I9372,18499.0,18500.0,green,1
J3525,I9852,19436.0,19437.0,green,1
J3525,I10044,19807.0,19810.0,green,3
J3898,I7983,15425.0,15427.0,brown,2
J3898,I8144,15784.0,15786.0,green,2
J426,I879,1354.0,1356.0,green,1
J426,I943,1453.0,1455.0,brown,1
J426,I5848,10931.0,10937.0,green,1
J378,I344,486.0,487.0,brown,1
J378,I408,591.0,592.0,green,1
J378,I472,688.0,689.0,green,1
J2096,I10290,20331.0,20338.0,green,2
J2096,I10557,20928.0,20930.0,brown,1
J617,I750,1138.0,1139.0,green,1
J617,I751,1139.0,1140.0,green,1
J617,I815,1248.0,1252.0,green,2
J617,I975,1513.0,1514.0,green,1
J617,I2463,4102.0,4104.0,green,1
J376,I9009,17720.0,17721.0,green,1
J376,I9323,18383.0,18392.0,green,1
J4485,I10508,20838.0,20841.0,red,2
J4485,I10541,20904.0,20906.0,green,1
J4485,I10765,21334.0,21338.0,green,1
J4485,I12684,25050.0,25052.0,brown,1
J4485,I13260,26100.0,26102.0,brown,1
J391,I12584,24825.0,24826.0,brown,1
J391,I13289,26146.0,26147.0,green,1
J391,I13577,26685.0,26686.0,brown,1
J391,I14633,28609.0,28611.0,brown,1
J391,I14873,29021.0,29022.0,green,1
J4340,I4160,7426.0,7428.0,brown,1
J4340,I13182,25956.0,25962.0,green,3
J4340,I13417,26397.0,26401.0,green,1
J2589,I4441,8031.0,8036.0,brown,1
J2589,I6298,11847.0,11849.0,green,1
J3658,I9121,17942.0,17945.0,green,2
J3658,I10048,19819.0,19821.0,brown,1
J3658,I11265,22331.0,22333.0,green,1
J3658,I13897,27306.0,27311.0,green,2
J4894,I5870,10972.0,10973.0,brown,1
J4894,I13071,25776.0,25778.0,green,1
J4894,I13583,26703.0,26704.0,green,1
J4894,I14679,28680.0,28681.0,green,1
J4552,I8183,15868.0,15869.0,brown,1
J4552,I9463,18664.0,18665.0,brown,1
J4552,I10999,21771.0,21773.0,brown,1
J4552,I14264,27953.0,27959.0,green,1
J939,I2739,4603.0,4604.0,green,1
J939,I2771,4673.0,4677.0,green,4
J2011,I2406,4006.0,4007.0,green,1
J2011,I3271,5674.0,5677.0,green,1
J2011,I3559,6229.0,6234.0,green,1
J2710,I6530,12329.0,12330.0,green,1
J2710,I6562,12401.0,12402.0,green,1
J2710,I6914,13131.0,13134.0,green,1
J4272,I12766,25210.0,25212.0,green,2
J3876,I5456,10110.0,10112.0,brown,2
J3876,I5584,10369.0,10374.0,brown,4
J1895,I4171,7452.0,7453.0,brown,1
J1895,I4235,7574.0,7575.0,brown,1
J1895,I6748,12770.0,12785.0,green,1
J1666,I5063,9273.0,9274.0,green,1
J2996,I9777,19281.0,19283.0,brown,1
J2996,I9841,19401.0,19402.0,brown,1
J2996,I12050,23847.0,23852.0,green,1
J2996,I12914,25494.0,25497.0,green,3
J2511,I4421,7995.0,7997.0,brown,1
J2511,I4566,8276.0,8289.0,green,1
J3673,I7842,15107.0,15108.0,brown,1
J3673,I8098,15681.0,15683.0,brown,1
J3673,I8194,15887.0,15888.0,brown,1
J3673,I10850,21505.0,21507.0,brown,1
J3673,I10947,21674.0,21677.0,green,1
J785,I1734,2819.0,2820.0,green,1
J785,I2022,3325.0,3327.0,brown,2
J785,I2790,4722.0,4725.0,brown,1
J785,I7430,14251.0,14252.0,brown,1
J3396,I8425,16382.0,16386.0,brown,1
J3396,I8714,17009.0,17010.0,green,1
J3396,I11018,21814.0,21817.0,green,3
J3396,I12618,24896.0,24902.0,green,1
J1358,I4642,8415.0,8417.0,brown,1
J1358,I10819,21436.0,21438.0,green,2
J1358,I10883,21564.0,21565.0,brown,1
J1358,I10915,21617.0,21618.0,brown,1
J1358,I11011,21796.0,21798.0,brown,1
J1726,I547,808.0,810.0,green,1
J1726,I7492,14371.0,14380.0,green,3
J1726,I7864,15158.0,15160.0,green,1
J383,I4361,7854.0,7855.0,brown,1
J383,I11641,23029.0,23030.0,brown,1
J2419,I2620,4392.0,4394.0,brown,1
J2419,I3965,7039.0,7041.0,green,1
J1467,I3687,6483.0,6488.0,green,2
J1467,I3815,6747.0,6750.0,green,1
J1467,I9095,17880.0,17881.0,green,1
J1467,I9431,18610.0,18611.0,green,1
J1373,I2464,4104.0,4105.0,green,1
J1373,I4865,8876.0,8879.0,green,2
J1373,I8545,16661.0,16667.0,green,1
J587,I1238,1962.0,1963.0,brown,1
J587,I1271,2016.0,2021.0,green,2
J3995,I10511,20843.0,20844.0,green,1
J3995,I13199,25985.0,25986.0,green,1
J3995,I13295,26154.0,26156.0,green,2
J4937,I8916,17487.0,17488.0,brown,1
J4937,I9396,18538.0,18540.0,green,1
J4937,I13397,26358.0,26364.0,green,2
J844,I1204,1904.0,1911.0,green,2
J844,I9468,18671.0,18673.0,brown,2
J844,I9500,18734.0,18735.0,brown,1
J844,I11060,21895.0,21896.0,brown,1
J2864,I12974,25602.0,25604.0,brown,1
J2864,I14790,28877.0,28879.0,brown,2
J4160,I5939,11098.0,11100.0,brown,2
J4160,I6163,11580.0,11582.0,brown,2
J4160,I6195,11641.0,11643.0,brown,1
J4160,I12644,24954.0,24957.0,green,1
J1884,I2527,4229.0,4231.0,brown,2
J1884,I7680,14768.0,14771.0,green,3
J1884,I11044,21868.0,21870.0,green,1
J4932,I13678,26881.0,26882.0,green,1
J4932,I13806,27148.0,27149.0,green,1
J4389,I10922,21628.0,21632.0,green,2
J4389,I11370,22534.0,22535.0,brown,1
J4389,I12715,25109.0,25118.0,green,3
J2909,I6607,12480.0,12481.0,brown,1
J2909,I8976,17626.0,17636.0,green,2
J2909,I9199,18114.0,18115.0,green,1
J2821,I10308,20377.0,20380.0,brown,3
J2821,I11013,21799.0,21804.0,green,2
J2821,I12484,24629.0,24631.0,brown,1
J2902,I8515,16587.0,16591.0,green,1
J2902,I10147,20021.0,20022.0,brown,1
J2226,I2234,3705.0,3707.0,brown,1
J2226,I2362,3934.0,3936.0,red,1
J2226,I4122,7334.0,7335.0,brown,1
J2226,I13019,25685.0,25688.0,green,2
J1291,I3653,6423.0,6428.0,green,1
J1291,I3974,7060.0,7063.0,green,3
J1291,I4390,7922.0,7923.0,green,1
J1291,I4934,9004.0,9007.0,green,1
J3249,I6951,13211.0,13214.0,green,3
J3249,I8583,16725.0,16728.0,green,1
J3249,I8999,17696.0,17698.0,green,2
J1396,I3412,5962.0,5964.0,brown,1
J1396,I3604,6331.0,6332.0,brown,1
J1396,I10709,21229.0,21235.0,green,1
J4726,I11110,22003.0,22007.0,green,1
J4726,I11206,22201.0,22205.0,green,1
J4726,I13317,26187.0,26189.0,brown,1
J4726,I13541,26622.0,26625.0,brown,1
J4726,I15302,29658.0,29661.0,green,1
J3761,I8798,17216.0,17218.0,red,1
J3761,I9662,19048.0,19049.0,brown,1
J3761,I12095,23936.0,23937.0,green,1
J3761,I12159,24056.0,24058.0,green,1
J3761,I12223,24172.0,24176.0,brown,1
J2133,I6485,12242.0,12244.0,brown,2
J2133,I10805,21406.0,21413.0,green,2
J2133,I13246,26072.0,26078.0,green,2
J3390,I4345,7818.0,7822.0,green,1
J3390,I11854,23465.0,23466.0,brown,1
J1877,I4527,8203.0,8204.0,brown,1
J1877,I7663,14740.0,14742.0,brown,1
J1877,I8976,17626.0,17636.0,green,1
J1877,I13403,26371.0,26373.0,brown,1
J1877,I13776,27076.0,27081.0,green,1
J2717,I5069,9282.0,9284.0,brown,1
J2717,I5070,9284.0,9289.0,green,5
J2978,I7610,14635.0,14641.0,green,1
J2978,I10649,21105.0,21109.0,brown,2
J2978,I12154,24043.0,24046.0,green,3
J3198,I1504,2423.0,2428.0,green,1
J3198,I1632,2655.0,2657.0,brown,1
J3198,I5537,10271.0,10273.0,green,2
J3198,I5985,11196.0,11204.0,green,1
J3198,I9505,18742.0,18744.0,brown,1
J154,I590,875.0,879.0,green,1
J154,I622,923.0,924.0,green,1
J154,I1007,1564.0,1565.0,green,1
J154,I1455,2343.0,2349.0,green,1
J154,I4491,8144.0,8145.0,green,1
J3116,I3929,6975.0,6976.0,brown,1
J3116,I5178,9527.0,9530.0,green,2
J3116,I5817,10874.0,10877.0,brown,1
J3116,I8666,16904.0,16908.0,green,1
J4030,I6224,11701.0,11704.0,brown,1
J4030,I8433,16403.0,16406.0,green,1
J4030,I12736,25158.0,25160.0,brown,1
J2205,I4643,8417.0,8419.0,brown,1
J2205,I5603,10416.0,10417.0,brown,1
J2205,I9475,18689.0,18691.0,green,1
J2205,I11156,22099.0,22101.0,green,1
J2205,I12798,25261.0,25263.0,green,2
J4916,I14193,27835.0,27837.0,green,1
J4916,I14289,28005.0,28008.0,green,1
J1413,I2655,4457.0,4462.0,green,4
J2487,I3678,6467.0,6468.0,brown,1
J2487,I13679,26882.0,26892.0,green,2
J2487,I14239,27911.0,27912.0,green,1
J2697,I2181,3617.0,3620.0,brown,1
J2697,I13861,27249.0,27252.0,brown,1
J2640,I2197,3642.0,3643.0,brown,1
J2640,I2550,4263.0,4265.0,green,1
J2640,I2582,4332.0,4337.0,green,2
J2640,I8790,17201.0,17204.0,green,2
J2591,I1964,3230.0,3232.0,green,2
J2591,I2029,3337.0,3340.0,green,2
J2591,I2061,3398.0,3400.0,green,1
J1694,I6369,12011.0,12013.0,brown,1
J1694,I10593,20992.0,20994.0,green,1
J1694,I11426,22633.0,22636.0,green,1
J1694,I14498,28367.0,28369.0,green,1
J2454,I4632,8403.0,8404.0,green,1
J2454,I4792,8742.0,8744.0,green,2
J2454,I10488,20769.0,20775.0,green,1
J2454,I10649,21105.0,21109.0,brown,1
J2452,I6004,11253.0,11263.0,green,1
J2452,I6419,12097.0,12099.0,brown,2
J2452,I6739,12754.0,12757.0,brown,1
J2452,I11379,22552.0,22553.0,brown,1
J2452,I12500,24659.0,24662.0,green,1
J3523,I5644,10493.0,10494.0,brown,1
J3523,I11949,23638.0,23642.0,green,1
J3523,I12653,24976.0,24980.0,green,1
J2804,I817,1253.0,1254.0,green,1
J2804,I913,1409.0,1411.0,brown,2
J2804,I3570,6256.0,6260.0,green,1
J2804,I4370,7878.0,7880.0,green,1
J3935,I8187,15873.0,15877.0,green,4
J3935,I9755,19227.0,19231.0,green,2
J4296,I6642,12547.0,12548.0,brown,1
J4296,I9427,18601.0,18606.0,green,1
J4296,I11954,23648.0,23650.0,green,1
J4296,I13075,25783.0,25785.0,green,1
J4962,I7804,15019.0,15022.0,brown,1
J4962,I12509,24681.0,24684.0,green,2
J4962,I15325,29688.0,29690.0,green,1
J4962,I15357,29730.0,29735.0,green,1
J4962,I15477,29905.0,29907.0,green,1
J160,I497,729.0,730.0,brown,1
J160,I561,832.0,833.0,brown,1
J160,I786,1195.0,1196.0,green,1
J160,I818,1254.0,1260.0,green,1
J160,I1042,1626.0,1628.0,green,1
J160,I2706,4547.0,4548.0,green,1
J4608,I12920,25506.0,25507.0,green,1
J4608,I12984,25617.0,25620.0,green,2
J4608,I13176,25946.0,25947.0,green,1
J4608,I13688,26909.0,26910.0,green,1
J1152,I1911,3141.0,3142.0,green,1
J1152,I2007,3301.0,3303.0,green,1
J1152,I10360,20495.0,20500.0,green,1
J704,I11212,22220.0,22222.0,green,2
J704,I14582,28521.0,28522.0,brown,1
J3904,I9185,18093.0,18095.0,green,1
J3904,I9249,18222.0,18225.0,brown,3
J3904,I9442,18626.0,18627.0,green,1
J4586,I10506,20830.0,20835.0,green,2
J4586,I12427,24527.0,24528.0,green,1
J931,I1870,3070.0,3072.0,brown,2
J931,I2318,3854.0,3856.0,brown,1
J931,I12623,24911.0,24912.0,green,1
J931,I12991,25632.0,25639.0,green,1
J3603,I4848,8847.0,8848.0,green,1
J3603,I6896,13090.0,13099.0,green,2
J3603,I11844,23445.0,23446.0,green,1
J3603,I11905,23552.0,23554.0,brown,1
J3603,I11936,23607.0,23610.0,green,1
J1324,I5805,10850.0,10854.0,brown,2
J1324,I12430,24530.0,24532.0,green,2
J1324,I12590,24840.0,24841.0,brown,1
J1230,I3876,6877.0,6880.0,green,3
J1230,I3908,6932.0,6933.0,green,1
J1230,I3988,7084.0,7086.0,green,1
J1230,I4052,7200.0,7201.0,green,1
J564,I3427,5990.0,5994.0,green,1
J564,I6363,11991.0,11998.0,green,1
J4234,I10714,21242.0,21244.0,green,2
J4234,I13307,26172.0,26174.0,green,1
J4234,I14683,28689.0,28691.0,green,1
J4234,I14811,28916.0,28918.0,green,1
J4234,I14859,28999.0,29000.0,green,1
J4124,I9977,19680.0,19683.0,red,1
J4124,I10521,20860.0,20863.0,brown,2
J4124,I11129,22041.0,22042.0,green,1
J4124,I11545,22869.0,22872.0,brown,1
J4124,I14042,27579.0,27580.0,green,1
J2483,I1352,2175.0,2177.0,brown,1
J2483,I6536,12340.0,12342.0,brown,1
J2483,I7369,14128.0,14130.0,green,1
J2483,I12649,24965.0,24972.0,green,2
J2483,I12885,25435.0,25447.0,green,1
J2101,I5974,11180.0,11182.0,brown,1
J2101,I9846,19420.0,19427.0,green,1
J2101,I13815,27161.0,27163.0,green,2
J2101,I14519,28406.0,28409.0,green,1
J2101,I14835,28966.0,28967.0,brown,1
J3162,I6182,11620.0,11625.0,green,1
J3162,I6470,12207.0,12210.0,green,1
J3162,I6502,12272.0,12275.0,green,1
J3373,I6628,12516.0,12522.0,green,4
J3373,I7236,13836.0,13839.0,green,2
J2055,I6416,12090.0,12093.0,green,1
J2055,I6447,12148.0,12149.0,brown,1
J2055,I6992,13317.0,13318.0,green,1
J2055,I11104,21986.0,21987.0,green,1
J3773,I8098,15681.0,15683.0,brown,1
J3773,I8131,15757.0,15758.0,green,1
J3773,I8547,16668.0,16669.0,green,1
J3773,I8611,16787.0,16788.0,green,1
J2325,I892,1378.0,1380.0,brown,2
J2325,I924,1425.0,1427.0,green,1
J2325,I1884,3098.0,3100.0,brown,1
J4565,I9793,19307.0,19312.0,green,3
J637,I3170,5481.0,5486.0,green,1
J637,I8162,15822.0,15830.0,green,3
J637,I8510,16569.0,16581.0,green,1
J1703,I2703,4543.0,4544.0,brown,1
J1703,I2799,4736.0,4739.0,green,1
J1703,I5712,10634.0,10639.0,green,2
J1703,I9327,18396.0,18398.0,brown,1
J1703,I10671,21141.0,21143.0,brown,1
J2007,I5155,9471.0,9473.0,green,2
J2631,I4981,9104.0,9107.0,green,2
J2631,I6484,12240.0,12242.0,brown,2
J2631,I7189,13729.0,13730.0,green,1
J2631,I10421,20609.0,20611.0,green,1
J3612,I3981,7072.0,7075.0,green,1
J3612,I4014,7130.0,7134.0,green,3
J3612,I4526,8198.0,8203.0,green,1
J3612,I10530,20882.0,20883.0,green,1
J3771,I4215,7536.0,7537.0,red,1
J3771,I4312,7744.0,7747.0,brown,1
J3771,I7544,14497.0,14498.0,brown,1
J3771,I10008,19739.0,19741.0,brown,1
J3771,I11992,23714.0,23716.0,brown,1
J3771,I12024,23772.0,23773.0,brown,1
J1543,I2980,5091.0,5095.0,brown,1
J1543,I3172,5489.0,5491.0,red,1
J1543,I3781,6677.0,6680.0,green,3
J1543,I10493,20785.0,20786.0,brown,1
J666,I1821,2979.0,2980.0,brown,1
J666,I1853,3030.0,3031.0,green,1
J666,I1917,3150.0,3151.0,brown,1
J666,I3486,6099.0,6100.0,green,1
J666,I9902,19528.0,19533.0,brown,1
J666,I10046,19811.0,19816.0,brown,1
J1798,I5110,9359.0,9360.0,brown,1
J1798,I5142,9415.0,9421.0,green,1
J1798,I5271,9719.0,9720.0,green,1
J1798,I5559,10318.0,10323.0,green,1
J1921,I5998,11241.0,11245.0,green,4
J2479,I4870,8890.0,8891.0,green,1
J2479,I4902,8948.0,8949.0,green,1
J2479,I4966,9070.0,9074.0,brown,2
J2479,I5992,11222.0,11225.0,brown,1
J2479,I7559,14525.0,14531.0,green,1
J3312,I4294,7706.0,7719.0,green,5
J2246,I4570,8292.0,8296.0,green,3
J1404,I1856,3037.0,3041.0,green,1
J1404,I3264,5662.0,5664.0,green,1
J1404,I7657,14725.0,14734.0,green,2
J2914,I8659,16889.0,16892.0,green,1
J2914,I9193,18103.0,18106.0,green,3
J660,I2465,4105.0,4108.0,green,1
J660,I2529,4232.0,4235.0,green,1
J660,I5185,9544.0,9546.0,green,1
J660,I6849,12990.0,12991.0,green,1
J660,I6985,13301.0,13302.0,green,1
J660,I7925,15314.0,15315.0,green,1
J4719,I13847,27223.0,27225.0,brown,1
J4719,I14296,28017.0,28018.0,green,1
J4719,I14488,28353.0,28355.0,green,1
J3344,I8468,16474.0,16478.0,green,1
J3344,I9429,18607.0,18609.0,brown,1
J3344,I10805,21406.0,21413.0,green,1
J3344,I10837,21475.0,21480.0,green,2
J961,I102,130.0,131.0,brown,1
J961,I135,177.0,178.0,red,1
J961,I262,358.0,361.0,green,1
J961,I4262,7623.0,7625.0,brown,1
J961,I4263,7625.0,7627.0,green,1
J1585,I3132,5395.0,5401.0,green,1
J1585,I8155,15808.0,15810.0,brown,2
J1585,I10444,20661.0,20672.0,green,1
J234,I1317,2099.0,2104.0,green,3
J2212,I2791,4725.0,4726.0,red,1
J2212,I11856,23468.0,23469.0,green,1
J2212,I11864,23484.0,23485.0,brown,1
J167,I74,85.0,88.0,green,1
J167,I393,559.0,565.0,green,1
J167,I5664,10527.0,10529.0,green,1
J167,I6458,12170.0,12175.0,green,3
J2407,I3579,6279.0,6282.0,brown,2
J2407,I5723,10663.0,10665.0,green,2
J2752,I2856,4846.0,4850.0,green,2
J2752,I7432,14255.0,14257.0,green,1
J4524,I13335,26236.0,26237.0,red,1
J4524,I13464,26499.0,26503.0,green,3
J4524,I13816,27163.0,27165.0,green,1
J4524,I14142,27759.0,27762.0,green,1
J1563,I4980,9101.0,9104.0,green,1
J1563,I5012,9177.0,9183.0,green,4
J2926,I5727,10670.0,10673.0,green,1
J2926,I5759,10765.0,10766.0,green,1
J2926,I8127,15749.0,15750.0,green,1
J3164,I4683,8510.0,8511.0,brown,1
J3164,I8652,16877.0,16879.0,green,1
J3164,I12478,24620.0,24624.0,green,1
J3164,I12932,25525.0,25527.0,green,2
J3164,I13044,25732.0,25734.0,green,1
J1488,I3565,6239.0,6246.0,green,1
J1488,I3949,7013.0,7014.0,green,1
J1488,I3981,7072.0,7075.0,green,1
J1488,I4365,7861.0,7867.0,green,2
J1488,I4973,9087.0,9089.0,brown,1
J1531,I4944,9022.0,9023.0,brown,1
J1531,I6433,12126.0,12130.0,green,1
J4061,I9905,19540.0,19542.0,red,1
J4061,I10673,21144.0,21146.0,brown,1
J4061,I10865,21536.0,21537.0,brown,1
J4061,I13842,27212.0,27214.0,green,2
J953,I7627,14668.0,14669.0,brown,1
J953,I8267,16048.0,16051.0,brown,1
J953,I12460,24588.0,24592.0,green,1
J953,I14444,28274.0,28276.0,green,1
J953,I14508,28389.0,28391.0,green,1
J953,I15084,29318.0,29320.0,green,1
J1792,I5402,10001.0,10004.0,green,3
J1792,I5434,10074.0,10075.0,green,1
J73,I1492,2403.0,2407.0,green,1
J73,I7288,13942.0,13946.0,green,1
J73,I7380,14149.0,14156.0,green,2
J73,I7438,14266.0,14268.0,green,2
J806,I1477,2382.0,2383.0,green,1
J806,I6085,11422.0,11430.0,green,2
J1819,I3848,6811.0,6814.0,green,3
J1819,I3880,6884.0,6887.0,green,1
J1841,I8076,15633.0,15637.0,green,1
J1841,I11020,21819.0,21821.0,green,2
J1309,I3699,6508.0,6510.0,brown,2
J1309,I5651,10504.0,10507.0,brown,1
J1309,I6580,12439.0,12442.0,green,1
J1309,I13220,26025.0,26029.0,green,1
J538,I4285,7680.0,7695.0,green,2
J538,I9117,17930.0,17932.0,green,1
J1996,I5008,9166.0,9168.0,green,1
J1996,I5072,9291.0,9292.0,green,1
J1996,I5168,9503.0,9504.0,green,1
J913,I2021,3323.0,3325.0,brown,1
J913,I4326,7773.0,7777.0,green,1
J913,I5542,10282.0,10287.0,green,1
J913,I6341,11941.0,11943.0,brown,1
J913,I7206,13770.0,13773.0,green,1
J913,I9878,19481.0,19483.0,green,1
J4416,I13029,25706.0,25714.0,green,1
J4416,I13044,25732.0,25734.0,green,1
J4416,I13364,26292.0,26296.0,brown,1
J4416,I13429,26422.0,26428.0,green,3
J4431,I6269,11793.0,11794.0,brown,1
J4431,I6558,12387.0,12393.0,green,3
J4431,I6653,12568.0,12570.0,brown,1
J986,I1852,3029.0,3030.0,green,1
J986,I4093,7273.0,7276.0,green,1
J986,I5277,9727.0,9737.0,green,2
J2608,I8650,16870.0,16875.0,green,5
J2608,I8682,16943.0,16945.0,green,1
J4331,I10034,19792.0,19793.0,brown,1
J4331,I10066,19852.0,19853.0,brown,1
J4331,I13874,27269.0,27272.0,brown,2
J4314,I10968,21721.0,21722.0,brown,1
J4314,I12472,24613.0,24614.0,brown,1
J4314,I13689,26910.0,26913.0,green,1
J4314,I14073,27636.0,27637.0,green,1
J4314,I14233,27900.0,27904.0,green,2
J694,I379,541.0,542.0,green,1
J694,I1499,2414.0,2417.0,brown,1
J694,I1883,3095.0,3098.0,brown,2
J694,I2747,4628.0,4631.0,brown,1
J694,I7099,13545.0,13547.0,brown,1
J2423,I6467,12197.0,12199.0,brown,1
J2423,I6851,12993.0,12994.0,brown,1
J2423,I7971,15398.0,15400.0,brown,1
J2423,I14180,27816.0,27818.0,green,1
J2423,I14947,29123.0,29124.0,brown,1
J1498,I3334,5815.0,5816.0,green,1
J1498,I6342,11943.0,11945.0,brown,2
J1498,I9670,19060.0,19061.0,green,1
J2249,I4972,9083.0,9087.0,green,2
J2249,I5100,9342.0,9344.0,green,2
J2249,I6316,11878.0,11885.0,green,2
J337,I410,593.0,595.0,green,1
J337,I634,937.0,940.0,green,3
J811,I1403,2256.0,2258.0,brown,1
J811,I4956,9049.0,9051.0,green,2
J811,I9084,17852.0,17855.0,brown,1
J4195,I7269,13906.0,13907.0,brown,1
J4195,I7973,15402.0,15404.0,brown,1
J4195,I8005,15462.0,15464.0,brown,2
J4195,I8773,17153.0,17160.0,brown,1
J4195,I12958,25572.0,25573.0,green,1
J1626,I14299,28022.0,28026.0,green,1
J1626,I14523,28414.0,28419.0,green,2
J4017,I10070,19860.0,19863.0,green,3
J4017,I10134,19998.0,20000.0,green,2
J4017,I10422,20611.0,20614.0,green,1
J2456,I4089,7264.0,7266.0,brown,2
J2456,I4090,7266.0,7270.0,green,2
J2456,I6362,11983.0,11991.0,green,1
J2456,I9946,19617.0,19619.0,green,1
J3625,I6369,12011.0,12013.0,brown,1
J3625,I8833,17301.0,17309.0,green,1
J3625,I12530,24714.0,24719.0,green,1
J3625,I13218,26020.0,26021.0,green,1
J3625,I13282,26136.0,26138.0,green,1
J4481,I11298,22389.0,22391.0,brown,1
J4481,I11938,23611.0,23613.0,brown,2
J2229,I2685,4515.0,4516.0,brown,1
J2229,I2717,4566.0,4567.0,brown,1
J2229,I3646,6408.0,6412.0,green,2
J2229,I10270,20273.0,20274.0,green,1
J2229,I10302,20362.0,20366.0,green,1
J1195,I3132,5395.0,5401.0,green,2
J3176,I8510,16569.0,16581.0,green,1
J3176,I9086,17857.0,17861.0,green,2
J455,I886,1371.0,1372.0,green,1
J455,I1910,3138.0,3141.0,green,1
J455,I2038,3354.0,3358.0,green,1
J455,I2326,3866.0,3867.0,green,1
J2098,I6399,12060.0,12061.0,green,1
J2098,I6463,12188.0,12189.0,green,1
J2098,I6943,13194.0,13197.0,green,1
J1058,I2750,4636.0,4639.0,green,1
J1058,I2782,4701.0,4707.0,green,1
J1058,I2878,4897.0,4901.0,green,2
J1058,I3294,5736.0,5739.0,green,1
J1058,I3934,6986.0,6989.0,green,1
J79,I25,26.0,27.0,green,1
J79,I57,65.0,67.0,green,2
J79,I793,1214.0,1215.0,green,1
J79,I3034,5193.0,5198.0,brown,1
J79,I4181,7470.0,7472.0,green,1
J2956,I5583,10361.0,10369.0,green,1
J2956,I5615,10444.0,10445.0,green,1
J2956,I5647,10497.0,10500.0,green,1
J2956,I7855,15137.0,15142.0,green,1
J2956,I9759,19248.0,19249.0,green,1
J1329,I3291,5731.0,5732.0,green,1
J1329,I3643,6397.0,6398.0,green,1
J1329,I3739,6590.0,6591.0,green,1
J1329,I3771,6656.0,6659.0,green,3
J894,I3078,5285.0,5295.0,green,1
J894,I3487,6100.0,6104.0,green,1
J1097,I4033,7165.0,7167.0,brown,1
J1097,I4449,8049.0,8050.0,brown,1
J1097,I4513,8175.0,8178.0,brown,2
J1097,I11425,22631.0,22633.0,brown,1
J1097,I12345,24368.0,24370.0,brown,1
J518,I8701,16983.0,16987.0,green,2
J518,I10301,20359.0,20362.0,green,1
J518,I10860,21524.0,21525.0,brown,1
J1087,I3145,5421.0,5422.0,brown,1
J1087,I4553,8252.0,8253.0,brown,1
J1087,I7049,13439.0,13441.0,brown,1
J1087,I9161,18039.0,18043.0,green,1
J1087,I10825,21446.0,21449.0,green,1
J2154,I1655,2686.0,2688.0,green,1
J2154,I2968,5072.0,5074.0,green,1
J2154,I4344,7815.0,7818.0,green,2
J2154,I9576,18877.0,18879.0,green,2
J3036,I238,321.0,323.0,green,1
J3036,I7951,15353.0,15357.0,green,3
J3036,I10231,20196.0,20199.0,green,2
J3642,I6729,12728.0,12729.0,brown,1
J3642,I6986,13302.0,13303.0,green,1
J3642,I7146,13638.0,13642.0,green,2
J3642,I7210,13778.0,13781.0,green,1
J1123,I3339,5822.0,5824.0,green,1
J1123,I4715,8573.0,8579.0,green,2
J1123,I6267,11790.0,11792.0,green,1
J3684,I6832,12952.0,12953.0,brown,1
J3684,I7056,13458.0,13459.0,brown,1
J3684,I7632,14674.0,14676.0,brown,2
J1093,I2644,4434.0,4437.0,green,1
J1093,I3605,6332.0,6337.0,green,1
J1093,I7573,14557.0,14560.0,green,1
J1093,I9844,19411.0,19415.0,brown,2
J1093,I10868,21541.0,21542.0,brown,1
J1977,I4000,7102.0,7104.0,green,1
J1977,I4161,7428.0,7434.0,green,2
J1977,I4352,7833.0,7835.0,brown,1
J1977,I7811,15033.0,15037.0,green,1
J3717,I8742,17074.0,17075.0,green,1
J3717,I8934,17535.0,17537.0,green,2
J3717,I9031,17766.0,17767.0,brown,1
J1076,I3117,5363.0,5367.0,green,4
J1076,I3149,5428.0,5429.0,green,1
J3478,I8129,15751.0,15755.0,brown,1
J3478,I8801,17220.0,17224.0,brown,1
J3478,I12610,24885.0,24886.0,brown,1
J40,I108,136.0,137.0,brown,1
J40,I141,183.0,184.0,green,1
J40,I685,1023.0,1026.0,green,1
J40,I941,1449.0,1452.0,green,1
J40,I1101,1727.0,1728.0,green,1
J4730,I13474,26515.0,26518.0,brown,2
J4651,I9559,18850.0,18852.0,red,2
J4651,I9655,19036.0,19038.0,brown,2
J4651,I9751,19220.0,19222.0,green,1
J4651,I10167,20056.0,20057.0,brown,1
J4698,I10705,21221.0,21223.0,brown,2
J2882,I13417,26397.0,26401.0,green,1
J2882,I14153,27775.0,27776.0,green,1
J2882,I14345,28097.0,28101.0,green,2
J2882,I14505,28381.0,28383.0,green,2
J3034,I8859,17365.0,17369.0,green,4
J3034,I8891,17435.0,17439.0,green,1
J3034,I8923,17501.0,17503.0,brown,1
J2476,I7162,13677.0,13678.0,green,1
J2476,I7194,13740.0,13748.0,green,1
J2476,I7290,13950.0,13952.0,green,2
J2476,I8506,16560.0,16562.0,green,2
J3754,I8303,16120.0,16124.0,brown,1
J3754,I9263,18246.0,18249.0,brown,3
J3754,I13828,27183.0,27186.0,green,2
J1698,I3744,6599.0,6603.0,green,3
J1698,I3807,6732.0,6733.0,brown,1
J1698,I3840,6793.0,6794.0,green,1
J1956,I1004,1560.0,1561.0,brown,1
J1956,I8653,16879.0,16880.0,green,1
J1956,I8909,17478.0,17479.0,green,1
J1956,I9326,18395.0,18396.0,brown,1
J1956,I10189,20104.0,20106.0,green,1
J1956,I11406,22599.0,22602.0,brown,1
J4632,I13164,25933.0,25935.0,green,2
J4632,I13388,26342.0,26343.0,green,1
J721,I2444,4071.0,4075.0,brown,3
J721,I2508,4193.0,4194.0,brown,1
J721,I12941,25539.0,25547.0,green,1
J4393,I11974,23678.0,23682.0,green,1
J4393,I13958,27431.0,27433.0,green,2
J4393,I14934,29100.0,29104.0,green,1
J1275,I4380,7897.0,7903.0,green,3
J1275,I6012,11282.0,11287.0,green,2
J2053,I9766,19257.0,19259.0,green,1
J2053,I11398,22587.0,22589.0,brown,1
J2053,I12615,24892.0,24893.0,green,1
J2053,I13319,26191.0,26199.0,green,1
J2394,I4724,8591.0,8597.0,green,4
J2394,I4756,8678.0,8682.0,green,1
J2394,I4948,9030.0,9033.0,green,1
J2519,I7548,14504.0,14506.0,green,1
J2519,I8220,15944.0,15946.0,green,2
J2519,I8540,16647.0,16651.0,green,2
J2519,I10392,20553.0,20554.0,green,1
J196,I734,1112.0,1114.0,brown,1
J196,I2047,3376.0,3380.0,green,1
J439,I159,208.0,209.0,green,1
J439,I512,752.0,755.0,green,1
J439,I4224,7550.0,7554.0,brown,1
J439,I6389,12040.0,12041.0,green,1
J2880,I6561,12400.0,12401.0,green,1
J2880,I6625,12509.0,12512.0,green,3
J2181,I5104,9348.0,9349.0,brown,1
J2181,I10416,20598.0,20603.0,brown,1
J2181,I12304,24297.0,24299.0,green,1
J2181,I12567,24782.0,24786.0,green,2
J2181,I12631,24929.0,24930.0,green,1
J106,I467,682.0,683.0,green,1
J106,I884,1362.0,1370.0,green,4
J106,I1045,1631.0,1632.0,green,1
J2703,I5387,9968.0,9972.0,green,2
J1611,I4947,9025.0,9030.0,green,3
J1611,I5267,9712.0,9713.0,green,1
J1611,I5299,9773.0,9777.0,green,2
J143,I639,947.0,951.0,green,1
J143,I766,1160.0,1161.0,brown,1
J143,I2751,4639.0,4642.0,green,1
J1362,I2367,3942.0,3943.0,brown,1
J1362,I11711,23163.0,23165.0,brown,1
J1362,I11775,23287.0,23289.0,brown,1
J1362,I11871,23492.0,23496.0,brown,1
J1362,I12240,24198.0,24200.0,green,2
J2431,I4489,8140.0,8142.0,brown,1
J2431,I4650,8431.0,8432.0,green,1
J2431,I9570,18868.0,18870.0,green,1
J2431,I10082,19883.0,19886.0,green,1
J742,I2110,3483.0,3484.0,brown,1
J742,I2399,3989.0,3993.0,green,1
J911,I1390,2237.0,2240.0,green,1
J911,I2862,4867.0,4871.0,green,1
J911,I3310,5770.0,5771.0,green,1
J911,I3374,5897.0,5904.0,green,2
J3572,I7731,14869.0,14870.0,brown,1
J3572,I8404,16337.0,16342.0,green,1
J3572,I9907,19543.0,19546.0,green,1
J3572,I11411,22608.0,22610.0,brown,2
J259,I579,856.0,859.0,green,1
J259,I708,1065.0,1069.0,green,2
J4567,I9042,17784.0,17785.0,red,1
J4567,I9460,18660.0,18662.0,brown,1
J4567,I9813,19347.0,19349.0,green,2
J4567,I10197,20136.0,20138.0,brown,1
J2221,I865,1336.0,1337.0,brown,1
J2221,I897,1384.0,1388.0,green,1
J2221,I1057,1646.0,1647.0,brown,1
J2221,I8290,16085.0,16086.0,green,1
J2221,I9506,18744.0,18746.0,brown,1
J2221,I11134,22049.0,22061.0,green,1
J1221,I3283,5716.0,5719.0,green,2
J1221,I3443,6018.0,6025.0,green,1
J1221,I6565,12408.0,12411.0,green,1
J3744,I9453,18641.0,18646.0,green,1
J3744,I10478,20742.0,20747.0,green,1
J3744,I13694,26921.0,26924.0,green,1
J3989,I8868,17384.0,17387.0,green,2
J3989,I10212,20171.0,20173.0,brown,1
J3989,I13758,27042.0,27044.0,green,2
J3989,I13861,27249.0,27252.0,brown,1
J2138,I3178,5498.0,5501.0,green,1
J2138,I3210,5558.0,5559.0,green,1
J2138,I3370,5887.0,5890.0,brown,1
J2138,I3754,6621.0,6624.0,green,1
J2138,I6510,12297.0,12299.0,green,1
J1088,I904,1396.0,1397.0,green,1
J1088,I936,1441.0,1443.0,brown,1
J1088,I1032,1604.0,1610.0,green,2
J1088,I1288,2042.0,2043.0,green,1
J3412,I4794,8747.0,8748.0,red,1
J3412,I4954,9045.0,9048.0,red,1
J3412,I6554,12380.0,12384.0,brown,2
J3412,I12507,24671.0,24680.0,green,1
J3412,I14843,28976.0,28977.0,green,1
J1390,I4761,8691.0,8692.0,green,1
J1390,I4985,9113.0,9115.0,brown,1
J1390,I7225,13807.0,13811.0,green,1
J4739,I8115,15725.0,15727.0,brown,1
J4739,I8755,17110.0,17121.0,green,1
J4739,I12052,23855.0,23859.0,green,2
J4739,I14483,28348.0,28349.0,brown,1
J3589,I1365,2193.0,2196.0,brown,1
J3589,I8406,16345.0,16350.0,green,1
J3589,I10806,21413.0,21417.0,green,1
J3589,I11285,22362.0,22364.0,brown,1
J3589,I13013,25677.0,25679.0,brown,2
J2924,I5161,9491.0,9493.0,brown,2
J2924,I5193,9558.0,9561.0,brown,1
J2924,I8106,15697.0,15709.0,green,1
J2924,I12690,25064.0,25066.0,green,2
J4677,I9192,18102.0,18103.0,brown,1
J4677,I12104,23952.0,23958.0,brown,1
J4677,I12936,25531.0,25532.0,brown,1
J4677,I14985,29186.0,29187.0,brown,1
J4677,I15018,29233.0,29235.0,brown,1
J4677,I15034,29253.0,29254.0,brown,1
J38,I149,195.0,197.0,green,1
J38,I214,285.0,287.0,green,2
J38,I246,337.0,338.0,brown,1
J3167,I7714,14837.0,14838.0,green,1
J3167,I7938,15332.0,15335.0,green,2
J3167,I8066,15600.0,15601.0,brown,1
J4666,I8167,15835.0,15840.0,brown,1
J4666,I15367,29752.0,29753.0,brown,1
J4666,I15400,29796.0,29799.0,green,2
J4666,I15432,29840.0,29841.0,green,1
J2171,I8049,15559.0,15561.0,green,2
J277,I10284,20306.0,20311.0,green,1
J277,I10540,20901.0,20904.0,green,1
J277,I10572,20958.0,20960.0,brown,1
J277,I10892,21585.0,21588.0,brown,1
J277,I11148,22084.0,22087.0,green,1
J277,I14284,27988.0,27994.0,green,1
J3188,I10321,20418.0,20420.0,green,2
J3188,I12985,25620.0,25622.0,brown,2
J685,I4392,7924.0,7925.0,green,1
J685,I10952,21691.0,21693.0,green,1
J3194,I8462,16463.0,16467.0,green,1
J3194,I8493,16537.0,16539.0,brown,2
J3194,I8557,16680.0,16682.0,brown,2
J3194,I9710,19147.0,19148.0,green,1
J3472,I6537,12342.0,12343.0,brown,1
J3472,I14570,28499.0,28500.0,green,1
J3472,I14698,28717.0,28720.0,green,1
J4072,I8018,15486.0,15488.0,brown,2
J4072,I8051,15566.0,15567.0,green,1
J4072,I8115,15725.0,15727.0,brown,1
J4072,I10387,20542.0,20544.0,green,1
J4072,I12563,24776.0,24777.0,green,1
J1066,I11968,23667.0,23671.0,green,3
J1066,I12608,24875.0,24884.0,green,3
J1377,I371,531.0,533.0,brown,1
J1377,I4436,8025.0,8026.0,green,1
J1377,I6004,11253.0,11263.0,green,3
J1377,I6132,11519.0,11520.0,green,1
J4177,I12206,24145.0,24147.0,brown,1
J4177,I13679,26882.0,26892.0,green,2
J2700,I6087,11431.0,11432.0,green,1
J2700,I6280,11809.0,11812.0,green,1
J2700,I8520,16601.0,16606.0,green,1
J2853,I8175,15849.0,15853.0,green,4
J2853,I8719,17016.0,17021.0,green,1
J1628,I4073,7239.0,7240.0,brown,1
J1628,I4202,7513.0,7516.0,green,3
J1628,I4682,8508.0,8510.0,green,1
J4214,I12941,25539.0,25547.0,green,1
J1009,I3626,6367.0,6374.0,green,1
J1009,I3690,6490.0,6492.0,green,1
J1009,I7850,15126.0,15131.0,green,1
J1009,I8682,16943.0,16945.0,green,1
J4437,I2424,4039.0,4040.0,brown,1
J4437,I2520,4214.0,4215.0,brown,1
J4437,I8440,16422.0,16423.0,brown,1
J4437,I9945,19612.0,19617.0,green,1
J4437,I11897,23537.0,23539.0,brown,1
J1345,I2121,3499.0,3501.0,green,2
J1345,I3081,5298.0,5302.0,green,4
J4851,I9118,17932.0,17940.0,green,2
J4851,I9406,18556.0,18558.0,brown,1
J4851,I12654,24980.0,24990.0,green,1
J4851,I14334,28078.0,28079.0,brown,1
J4851,I15102,29346.0,29347.0,brown,1
J1453,I3787,6689.0,6694.0,green,2
J2468,I1825,2985.0,2987.0,green,1
J2468,I1857,3041.0,3042.0,green,1
J2468,I2017,3319.0,3320.0,brown,1
J2468,I10781,21365.0,21366.0,brown,1
J2468,I10977,21732.0,21734.0,brown,1
J1793,I182,243.0,245.0,green,1
J1793,I245,335.0,337.0,brown,1
J1793,I533,788.0,790.0,brown,1
J1793,I5238,9662.0,9664.0,brown,2
J1793,I8118,15733.0,15736.0,green,1
J2335,I7146,13638.0,13642.0,green,1
J2335,I7194,13740.0,13748.0,green,2
J2563,I3617,6350.0,6352.0,green,2
J2563,I3745,6603.0,6607.0,green,1
J2563,I7273,13911.0,13913.0,brown,1
J2563,I8113,15723.0,15724.0,green,1
J1708,I4906,8956.0,8958.0,green,2
J1708,I10754,21319.0,21322.0,green,1
J1708,I10850,21505.0,21507.0,brown,1
J1708,I11214,22224.0,22228.0,green,1
J3508,I5152,9459.0,9467.0,green,1
J3508,I5599,10409.0,10410.0,brown,1
J4397,I2576,4317.0,4320.0,brown,1
J4397,I11152,22092.0,22094.0,brown,1
J4397,I13905,27327.0,27333.0,green,2
J4397,I14049,27590.0,27593.0,green,1
J4974,I10899,21596.0,21597.0,brown,1
J4974,I10931,21647.0,21649.0,brown,1
J4974,I11027,21835.0,21836.0,green,1
J4974,I11187,22161.0,22162.0,green,1
J4974,I12660,24999.0,25003.0,green,1
J4974,I13459,26492.0,26493.0,brown,1
J2847,I8043,15548.0,15549.0,green,1
J2847,I9068,17828.0,17829.0,brown,1
J2847,I9164,18048.0,18049.0,brown,1
J2800,I1829,2990.0,2992.0,green,1
J2800,I2181,3617.0,3620.0,brown,1
J2800,I3173,5491.0,5492.0,brown,1
J2800,I9501,18735.0,18737.0,brown,2
J677,I2255,3741.0,3744.0,green,1
J677,I2480,4138.0,4140.0,green,1
J677,I7881,15211.0,15216.0,green,3
J288,I1580,2571.0,2573.0,brown,1
J288,I7789,14989.0,14992.0,green,1
J288,I12492,24644.0,24646.0,brown,1
J288,I13853,27232.0,27236.0,green,1
J288,I14012,27523.0,27524.0,brown,1
J288,I14044,27585.0,27586.0,brown,1
J2273,I4225,7554.0,7555.0,brown,1
J2273,I12193,24118.0,24119.0,brown,1
J2273,I13113,25842.0,25845.0,brown,1
J2273,I13698,26928.0,26931.0,green,3
J1017,I13665,26847.0,26853.0,green,1
J1017,I13809,27152.0,27154.0,green,1
J1017,I14289,28005.0,28008.0,green,2
J1017,I14401,28202.0,28204.0,green,1
J1017,I14449,28281.0,28282.0,green,1
J1313,I2679,4506.0,4507.0,brown,1
J1313,I6424,12104.0,12109.0,green,1
J4514,I13471,26512.0,26513.0,brown,1
J4514,I14048,27589.0,27590.0,green,1
J4514,I14592,28543.0,28545.0,green,2
J248,I6,6.0,7.0,green,1
J248,I31,36.0,37.0,brown,1
J248,I38,43.0,44.0,green,1
J248,I358,507.0,512.0,green,1
J248,I422,610.0,614.0,green,1
J1432,I4994,9129.0,9130.0,green,1
J1432,I5058,9267.0,9268.0,brown,1
J1432,I10082,19883.0,19886.0,green,1
J1432,I12178,24086.0,24090.0,brown,1
J4831,I8648,16867.0,16868.0,brown,1
J4831,I14281,27983.0,27984.0,green,1
J4831,I14770,28845.0,28847.0,green,2
J4116,I9997,19720.0,19721.0,green,1
J4116,I10029,19782.0,19784.0,green,1
J4116,I10093,19908.0,19913.0,green,3
J4116,I13677,26880.0,26881.0,green,1
J510,I2102,3468.0,3471.0,green,3
J510,I2294,3814.0,3815.0,green,1
J510,I5526,10250.0,10252.0,green,1
J510,I5707,10622.0,10629.0,green,1
J652,I2075,3421.0,3426.0,green,2
J652,I2138,3539.0,3542.0,brown,1
J652,I2523,4218.0,4224.0,green,1
J65,I233,313.0,315.0,green,1
J65,I234,315.0,317.0,green,1
J65,I587,871.0,873.0,brown,2
J65,I828,1276.0,1280.0,green,2
J301,I8,8.0,9.0,green,1
J301,I72,81.0,84.0,green,2
J301,I5896,11023.0,11027.0,green,1
J2103,I3144,5420.0,5421.0,brown,1
J2103,I7849,15121.0,15126.0,green,2
J2103,I12713,25103.0,25107.0,green,3
J294,I385,550.0,551.0,green,1
J294,I482,704.0,706.0,green,1
J294,I579,856.0,859.0,green,1
J294,I3138,5408.0,5411.0,green,2
J294,I3362,5874.0,5875.0,green,1
J4382,I6865,13022.0,13023.0,brown,1
J4382,I7153,13656.0,13658.0,brown,2
J4382,I7185,13721.0,13723.0,brown,2
J4382,I13185,25965.0,25967.0,brown,1
J4380,I8961,17587.0,17589.0,green,1
J4380,I11009,21794.0,21795.0,brown,1
J4380,I13089,25803.0,25805.0,brown,1
J4380,I14642,28627.0,28629.0,green,1
J4380,I14738,28788.0,28792.0,green,1
J4380,I14946,29122.0,29123.0,green,1
J4254,I3972,7054.0,7056.0,brown,2
J4254,I5124,9381.0,9384.0,brown,1
J2347,I4274,7650.0,7651.0,brown,1
J2347,I4434,8021.0,8022.0,brown,1
J2347,I8243,15994.0,16002.0,green,1
J2347,I8499,16550.0,16551.0,green,1
J2347,I9843,19403.0,19411.0,green,1
J2347,I13220,26025.0,26029.0,green,1
J2845,I7869,15172.0,15187.0,green,4
J2845,I8060,15590.0,15591.0,brown,1
J1441,I6161,11577.0,11579.0,green,1
J1441,I8305,16129.0,16134.0,green,1
J1441,I9809,19340.0,19343.0,green,2
J1441,I11136,22063.0,22065.0,brown,1
J1441,I11966,23663.0,23665.0,green,1
J904,I12846,25357.0,25359.0,green,2
J4107,I10818,21435.0,21436.0,green,1
J4107,I10946,21673.0,21674.0,green,1
J4107,I11410,22606.0,22608.0,green,2
J4107,I12402,24469.0,24474.0,green,2
J1016,I24,25.0,26.0,green,1
J1016,I89,109.0,110.0,brown,1
J1016,I5190,9553.0,9554.0,brown,1
J1098,I2054,3386.0,3388.0,green,1
J1098,I4326,7773.0,7777.0,green,1
J1098,I6646,12553.0,12559.0,green,4
J3451,I10236,20207.0,20210.0,green,3
J3451,I10492,20782.0,20785.0,green,1
J3451,I10532,20884.0,20891.0,green,2
J315,I424,615.0,619.0,green,2
J315,I488,717.0,718.0,brown,1
J315,I520,769.0,773.0,green,1
J315,I1001,1556.0,1558.0,green,1
J315,I1081,1684.0,1685.0,green,1
J3604,I8587,16739.0,16740.0,green,1
J3604,I8619,16800.0,16801.0,brown,1
J3604,I8683,16945.0,16947.0,green,1
J3604,I8907,17473.0,17476.0,green,3
J598,I2204,3652.0,3654.0,green,2
J598,I2268,3763.0,3765.0,brown,2
J598,I3069,5258.0,5260.0,green,1
J598,I3837,6789.0,6791.0,green,1
J2086,I5398,9993.0,9997.0,brown,1
J2086,I10199,20139.0,20149.0,green,2
J631,I1679,2725.0,2726.0,green,1
J631,I1743,2831.0,2832.0,green,1
J631,I3503,6132.0,6135.0,green,1
J1,I0,0.0,1.0,brown,1
J1,I1,1.0,2.0,brown,1
J1,I2,2.0,3.0,green,1
J1,I4,4.0,5.0,green,1
J1,I12,13.0,14.0,green,1
J1,I3285,5720.0,5722.0,brown,1
J3975,I10719,21250.0,21251.0,brown,1
J3975,I10815,21430.0,21432.0,brown,2
J3975,I10943,21667.0,21670.0,brown,1
J3975,I12640,24945.0,24947.0,green,1
J1941,I2883,4916.0,4917.0,brown,1
J1941,I3524,6168.0,6169.0,green,1
J1941,I10532,20884.0,20891.0,green,3
J1941,I10644,21092.0,21095.0,brown,1
J2546,I5484,10166.0,10170.0,green,1
J2546,I6827,12943.0,12944.0,brown,1
J2546,I8036,15524.0,15531.0,green,1
J381,I1315,2095.0,2098.0,green,2
J381,I1347,2161.0,2165.0,green,2
J381,I1379,2220.0,2222.0,green,1
J381,I1460,2355.0,2357.0,green,1
J622,I541,801.0,802.0,brown,1
J622,I989,1540.0,1542.0,brown,1
J622,I1245,1973.0,1974.0,brown,1
J622,I4317,7757.0,7759.0,brown,1
J622,I9310,18350.0,18351.0,green,1
J622,I11758,23258.0,23261.0,brown,1
J4245,I10591,20989.0,20990.0,red,1
J4245,I10656,21117.0,21118.0,brown,1
J997,I1117,1753.0,1756.0,green,1
J997,I5277,9727.0,9737.0,green,2
J997,I7869,15172.0,15187.0,green,3
J2175,I4920,8978.0,8984.0,brown,2
J2175,I5944,11116.0,11117.0,brown,1
J2175,I13281,26131.0,26136.0,green,2
J3456,I12608,24875.0,24884.0,green,2
J3456,I13536,26615.0,26617.0,green,1
J2204,I11539,22854.0,22864.0,green,3
J830,I281,385.0,386.0,brown,1
J830,I314,436.0,440.0,green,1
J830,I378,540.0,541.0,green,1
J830,I410,593.0,595.0,green,1
J830,I922,1420.0,1424.0,green,1
J1364,I2869,4879.0,4880.0,green,1
J1364,I2933,5003.0,5004.0,brown,1
J1364,I3765,6639.0,6646.0,green,1
J1364,I5461,10117.0,10126.0,green,1
J4298,I3749,6611.0,6614.0,brown,1
J4298,I4165,7439.0,7441.0,brown,1
J4298,I13030,25714.0,25716.0,green,1
J2995,I8009,15470.0,15474.0,green,4
J2995,I8073,15625.0,15627.0,green,2
J1874,I2441,4065.0,4066.0,green,1
J1874,I2570,4305.0,4307.0,green,1
J417,I6815,12916.0,12925.0,green,1
J417,I7967,15382.0,15387.0,green,1
J417,I8767,17142.0,17148.0,green,1
J3985,I9109,17907.0,17909.0,green,1
J3985,I9429,18607.0,18609.0,brown,1
J3985,I9781,19289.0,19291.0,brown,2
J149,I3822,6762.0,6764.0,brown,1
J149,I7822,15069.0,15071.0,brown,1
J149,I9678,19072.0,19074.0,brown,1
J149,I14351,28109.0,28112.0,green,2
J149,I14677,28676.0,28679.0,green,1
J3041,I8582,16724.0,16725.0,green,1
J3041,I8678,16931.0,16932.0,green,1
J4820,I11384,22562.0,22563.0,brown,1
J4820,I12857,25375.0,25379.0,green,1
J4820,I14713,28746.0,28750.0,green,1
J3823,I11016,21809.0,21813.0,brown,2
J3823,I11176,22137.0,22138.0,brown,1
J3823,I13321,26200.0,26206.0,green,1
J1807,I4240,7582.0,7586.0,green,2
J2963,I6920,13144.0,13146.0,green,1
J2963,I7080,13512.0,13513.0,green,1
J2963,I8168,15840.0,15842.0,brown,1
J2963,I8520,16601.0,16606.0,green,1
J2963,I8744,17076.0,17082.0,green,1
J501,I9046,17791.0,17792.0,green,1
J501,I12246,24212.0,24213.0,green,1
J501,I13334,26234.0,26236.0,green,2
J501,I13606,26735.0,26737.0,green,1
J4584,I10244,20232.0,20238.0,brown,3
J4759,I14225,27883.0,27884.0,green,1
J4759,I14801,28896.0,28897.0,brown,1
J4759,I15473,29896.0,29901.0,green,1
J4791,I14451,28283.0,28284.0,green,1
J4791,I15059,29286.0,29287.0,green,1
J4791,I15371,29756.0,29757.0,green,1
J4791,I15379,29766.0,29767.0,green,1
J2373,I1670,2707.0,2709.0,green,2
J2373,I3078,5285.0,5295.0,green,1
J2373,I7302,13977.0,13980.0,green,1
J2373,I7320,14018.0,14032.0,green,2
J1784,I4007,7118.0,7121.0,green,1
J1784,I4200,7509.0,7512.0,green,2
J1784,I9184,18089.0,18093.0,green,2
J910,I184,246.0,247.0,brown,1
J910,I248,339.0,340.0,green,1
J910,I2649,4444.0,4445.0,green,1
J910,I5753,10748.0,10750.0,brown,1
J3285,I6314,11874.0,11877.0,brown,1
J1739,I4382,7906.0,7907.0,green,1
J1739,I4446,8045.0,8046.0,green,1
J1739,I4447,8046.0,8047.0,brown,1
J1739,I4542,8225.0,8226.0,green,1
J1739,I4894,8937.0,8939.0,green,1
J1739,I5118,9371.0,9374.0,green,1
J2424,I1268,2012.0,2014.0,brown,2
J2424,I8629,16820.0,16822.0,green,1
J2424,I12885,25435.0,25447.0,green,1
J2424,I13429,26422.0,26428.0,green,1
J4505,I11016,21809.0,21813.0,brown,1
J3593,I8114,15724.0,15725.0,green,1
J3593,I8498,16547.0,16550.0,green,1
J3593,I8722,17027.0,17031.0,green,1
J3593,I10786,21372.0,21374.0,green,1
J2010,I1144,1794.0,1797.0,green,1
J2010,I6009,11269.0,11277.0,green,2
J2010,I6392,12048.0,12049.0,brown,1
J2010,I10665,21129.0,21131.0,green,1
J2010,I11831,23414.0,23422.0,green,1
J1655,I6996,13322.0,13325.0,green,1
J1655,I11156,22099.0,22101.0,green,1
J1015,I2457,4093.0,4095.0,brown,2
J1015,I9513,18757.0,18759.0,green,1
J1015,I9554,18837.0,18839.0,green,1
J3749,I7409,14204.0,14205.0,brown,1
J3749,I11665,23072.0,23074.0,brown,1
J3749,I12530,24714.0,24719.0,green,1
J12,I46,52.0,53.0,green,1
J12,I239,323.0,327.0,green,2
J12,I6735,12741.0,12749.0,green,2
J12,I9519,18772.0,18774.0,green,1
J2515,I4233,7566.0,7573.0,green,2
J2515,I5001,9144.0,9155.0,green,1
J4456,I14195,27838.0,27841.0,green,3
J4456,I14579,28513.0,28514.0,green,1
J4456,I14931,29097.0,29098.0,green,1
J4456,I15331,29697.0,29698.0,green,1
J3565,I10283,20301.0,20306.0,green,3
J3565,I10667,21132.0,21138.0,green,1
J3565,I13611,26743.0,26744.0,brown,1
J508,I851,1315.0,1317.0,brown,1
J508,I3163,5464.0,5470.0,green,2
J508,I3243,5618.0,5622.0,green,1
J3254,I8858,17363.0,17365.0,green,1
J3254,I9114,17919.0,17922.0,green,3
J3254,I9274,18260.0,18261.0,green,1
J3254,I11738,23207.0,23208.0,green,1
J3201,I14971,29166.0,29169.0,green,1
J3201,I15131,29394.0,29396.0,green,1
J4869,I13987,27475.0,27478.0,green,3
J4869,I15395,29786.0,29788.0,green,1
J3251,I6830,12947.0,12948.0,green,1
J3251,I6894,13079.0,13081.0,green,2
J3251,I6958,13236.0,13242.0,green,1
J1637,I1693,2750.0,2751.0,green,1
J1637,I3294,5736.0,5739.0,green,2
J4685,I7621,14658.0,14659.0,brown,1
J4685,I10181,20082.0,20087.0,green,1
J4685,I11046,21871.0,21873.0,green,1
J4685,I12357,24387.0,24390.0,brown,1
J4685,I13542,26625.0,26628.0,green,1
J4685,I14166,27793.0,27794.0,green,1
J2953,I6893,13077.0,13079.0,green,1
J2953,I6957,13234.0,13236.0,green,2
J2953,I6989,13308.0,13310.0,green,1
J2953,I10701,21208.0,21212.0,brown,1
J4344,I10088,19898.0,19900.0,brown,1
J4344,I10472,20726.0,20728.0,green,1
J4344,I12136,24005.0,24009.0,brown,1
J4344,I14953,29132.0,29136.0,green,1
J2686,I6058,11377.0,11379.0,green,1
J2686,I6123,11497.0,11500.0,green,2
J3053,I8828,17280.0,17287.0,green,4
J3600,I1798,2931.0,2939.0,green,1
J3600,I5703,10611.0,10617.0,green,1
J3600,I6918,13141.0,13143.0,brown,1
J3600,I11908,23557.0,23560.0,green,3
J4231,I9736,19191.0,19193.0,brown,2
J4231,I9801,19322.0,19326.0,green,1
J4231,I9961,19656.0,19660.0,green,1
J4231,I10921,21624.0,21628.0,brown,2
J3797,I11362,22522.0,22526.0,green,3
J3148,I8563,16690.0,16691.0,green,1
J3148,I8659,16889.0,16892.0,green,2
J3148,I10355,20485.0,20486.0,green,1
J596,I1919,3152.0,3153.0,green,1
J596,I2624,4400.0,4401.0,green,1
J1845,I4908,8959.0,8960.0,red,1
J1845,I6701,12674.0,12676.0,green,2
J1845,I12605,24868.0,24869.0,brown,1
J1845,I12885,25435.0,25447.0,green,2
J2654,I3188,5517.0,5519.0,brown,2
J2654,I8340,16202.0,16206.0,brown,1
J2654,I12407,24483.0,24491.0,green,2
J3178,I9308,18347.0,18348.0,green,1
J3178,I9532,18795.0,18797.0,green,1
J3178,I9596,18920.0,18922.0,green,1
J3178,I9628,18991.0,18994.0,green,2
J4659,I4710,8561.0,8563.0,brown,1
J4659,I13127,25864.0,25865.0,green,1
J4659,I14791,28879.0,28880.0,brown,1
J4659,I15079,29309.0,29312.0,green,1
J4659,I15111,29359.0,29365.0,green,2
J2958,I2123,3503.0,3506.0,brown,3
J2958,I4780,8723.0,8726.0,green,1
J2958,I5740,10704.0,10711.0,green,1
J2958,I8044,15549.0,15551.0,green,1
J3682,I10555,20925.0,20927.0,brown,1
J3682,I10620,21040.0,21045.0,green,1
J3682,I11835,23425.0,23429.0,green,1
J2281,I6595,12463.0,12465.0,brown,1
J2281,I7043,13424.0,13426.0,brown,2
J2281,I13732,26998.0,27000.0,green,2
J2281,I13796,27122.0,27123.0,green,1
J285,I5360,9910.0,9913.0,green,2
J285,I9744,19205.0,19208.0,green,1
J2290,I4472,8099.0,8105.0,green,3
J2290,I4536,8212.0,8213.0,green,1
J2290,I4696,8530.0,8531.0,green,1
J2290,I4760,8689.0,8691.0,green,1
J3080,I6365,12001.0,12005.0,green,1
J3080,I6685,12643.0,12646.0,green,1
J3080,I7485,14352.0,14356.0,green,2
J3080,I8733,17051.0,17056.0,green,1
J3080,I9085,17855.0,17857.0,green,1
J4540,I10454,20697.0,20698.0,brown,1
J4540,I10503,20811.0,20814.0,green,2
J4540,I10582,20977.0,20978.0,brown,1
J4540,I10870,21545.0,21547.0,brown,1
J4540,I13351,26259.0,26264.0,green,1
J4288,I11254,22312.0,22313.0,brown,1
J4288,I11431,22641.0,22643.0,green,2
J4288,I11463,22700.0,22705.0,green,3
J1013,I2165,3586.0,3589.0,green,2
J1013,I4821,8795.0,8805.0,green,1
J1013,I7733,14871.0,14878.0,green,1
J764,I3426,5988.0,5990.0,brown,1
J764,I5762,10770.0,10771.0,brown,1
J764,I7554,14514.0,14516.0,brown,1
J764,I10947,21674.0,21677.0,green,1
J764,I13474,26515.0,26518.0,brown,1
J764,I14050,27593.0,27594.0,brown,1
J1051,I5551,10301.0,10310.0,green,3
J1051,I5647,10497.0,10500.0,green,1
J1051,I8495,16540.0,16544.0,green,1
J306,I988,1536.0,1540.0,green,1
J306,I1019,1581.0,1585.0,brown,2
J306,I1564,2539.0,2544.0,green,1
J306,I1692,2748.0,2750.0,green,1
J306,I3388,5924.0,5925.0,green,1
J462,I332,467.0,469.0,green,2
J462,I2285,3792.0,3793.0,green,1
J2757,I9361,18468.0,18470.0,green,1
J2757,I9873,19472.0,19474.0,brown,1
J2757,I13409,26379.0,26386.0,green,1
J2757,I13781,27091.0,27095.0,green,2
J2757,I14097,27674.0,27675.0,green,1
J3911,I2506,4191.0,4192.0,brown,1
J3911,I3370,5887.0,5890.0,brown,1
J3911,I12490,24640.0,24641.0,brown,1
J3911,I13579,26687.0,26696.0,green,1
J3437,I9094,17871.0,17880.0,green,3
J3437,I10373,20516.0,20517.0,brown,1
J283,I157,206.0,207.0,green,1
J283,I639,947.0,951.0,green,1
J283,I799,1220.0,1221.0,brown,1
J141,I3822,6762.0,6764.0,brown,1
J141,I9390,18532.0,18533.0,brown,1
J141,I12863,25388.0,25391.0,green,3
J141,I12975,25604.0,25606.0,brown,1
J3796,I6703,12679.0,12680.0,brown,1
J3796,I11328,22450.0,22451.0,green,1
J3796,I13368,26300.0,26301.0,brown,1
J4915,I10741,21293.0,21294.0,red,1
J4915,I10869,21542.0,21545.0,brown,1
J4915,I11157,22101.0,22104.0,brown,1
J4915,I11766,23273.0,23275.0,green,1
J4915,I14134,27740.0,27743.0,green,2
J1553,I4815,8787.0,8788.0,green,1
J1553,I4847,8846.0,8847.0,brown,1
J1553,I4879,8906.0,8907.0,brown,1
J1553,I4975,9095.0,9097.0,green,1
J1553,I5039,9231.0,9232.0,green,1
J1553,I5167,9502.0,9503.0,green,1
J930,I2828,4789.0,4793.0,brown,1
J930,I2925,4988.0,4989.0,green,1
J1268,I2714,4559.0,4562.0,green,2
J1268,I3150,5429.0,5438.0,green,1
J3211,I5273,9721.0,9724.0,green,2
J3211,I6169,11592.0,11594.0,green,2
J2128,I5562,10325.0,10327.0,green,2
J2128,I5658,10519.0,10520.0,green,1
J2128,I5690,10587.0,10589.0,green,1
J2465,I7231,13823.0,13826.0,green,1
J2465,I7391,14171.0,14172.0,green,1
J2465,I7455,14306.0,14308.0,green,1
J2465,I8607,16775.0,16778.0,green,1
J3961,I4220,7544.0,7547.0,red,1
J3961,I10461,20707.0,20709.0,green,1
J3961,I11357,22513.0,22515.0,green,2
J3961,I14461,28300.0,28304.0,green,2
J2377,I1067,1662.0,1663.0,green,1
J2377,I1707,2773.0,2775.0,green,1
J2377,I5163,9494.0,9498.0,green,1
J2377,I8035,15517.0,15524.0,green,2
J2377,I8419,16370.0,16373.0,green,1
J1289,I2654,4452.0,4457.0,green,1
J1289,I3966,7041.0,7042.0,green,1
J1289,I5342,9870.0,9878.0,green,1
J1558,I3714,6538.0,6540.0,brown,2
J1558,I7235,13832.0,13836.0,green,2
J1558,I8931,17521.0,17526.0,green,1
J621,I14119,27714.0,27715.0,brown,1
J621,I14191,27833.0,27834.0,brown,1
J621,I14203,27849.0,27851.0,brown,1
J621,I14360,28130.0,28137.0,green,1
J621,I14431,28256.0,28259.0,brown,1
J621,I14711,28743.0,28744.0,brown,1
J3745,I4720,8585.0,8588.0,green,1
J3745,I7152,13653.0,13656.0,green,1
J3745,I11044,21868.0,21870.0,green,1
J3675,I7145,13637.0,13638.0,green,1
J3675,I7177,13702.0,13704.0,green,1
J1909,I7125,13597.0,13604.0,green,2
J1909,I7477,14339.0,14340.0,green,1
J1909,I11949,23638.0,23642.0,green,1
J4230,I11023,21826.0,21827.0,green,1
J4230,I15184,29476.0,29477.0,green,1
J4230,I15248,29574.0,29575.0,brown,1
J4230,I15516,29957.0,29959.0,green,1
J4230,I15520,29963.0,29964.0,green,1
J2027,I2841,4814.0,4816.0,brown,1
J2027,I14681,28683.0,28686.0,brown,1
J4292,I7800,15009.0,15011.0,brown,1
J4292,I12857,25375.0,25379.0,green,1
J4292,I13625,26766.0,26769.0,green,1
J4292,I14457,28294.0,28296.0,green,1
J4292,I14738,28788.0,28792.0,green,1
J3491,I4433,8020.0,8021.0,brown,1
J3491,I7601,14616.0,14618.0,brown,1
J3491,I8209,15913.0,15915.0,brown,1
J3491,I10193,20116.0,20126.0,green,1
J3491,I10641,21086.0,21089.0,brown,1
J3491,I14642,28627.0,28629.0,green,1
J4369,I11548,22875.0,22876.0,green,1
J4369,I14597,28555.0,28558.0,green,1
J3371,I11026,21834.0,21835.0,green,1
J3371,I11362,22522.0,22526.0,green,1
J3371,I11730,23193.0,23196.0,brown,2
J3450,I3692,6493.0,6494.0,green,1
J3450,I12885,25435.0,25447.0,green,1
J4103,I1188,1866.0,1867.0,red,1
J4103,I5124,9381.0,9384.0,brown,1
J4103,I8740,17070.0,17073.0,brown,1
J4103,I10757,21325.0,21326.0,brown,1
J4103,I10790,21377.0,21378.0,brown,1
J4103,I10918,21621.0,21622.0,brown,1
J2112,I4228,7557.0,7560.0,green,3
J2112,I5348,9889.0,9891.0,green,1
J2112,I5700,10606.0,10608.0,green,2
J321,I1215,1924.0,1926.0,green,2
J321,I1247,1975.0,1976.0,brown,1
J321,I1343,2150.0,2151.0,green,1
J321,I1599,2601.0,2607.0,green,1
J1212,I2564,4288.0,4289.0,green,1
J1212,I2565,4289.0,4297.0,green,2
J1212,I6469,12203.0,12207.0,green,1
J326,I801,1223.0,1224.0,brown,1
J326,I994,1548.0,1550.0,green,1
J326,I2750,4636.0,4639.0,green,1
J3765,I5187,9548.0,9550.0,brown,2
J3765,I12739,25163.0,25164.0,brown,1
J3765,I12835,25336.0,25341.0,brown,2
J3765,I13076,25785.0,25786.0,green,1
J4091,I11950,23642.0,23645.0,green,1
J1508,I5088,9324.0,9326.0,green,1
J1508,I5184,9538.0,9544.0,green,2
J1508,I5848,10931.0,10937.0,green,1
J1629,I3782,6680.0,6681.0,green,1
J1629,I3846,6806.0,6809.0,green,2
J1629,I9126,17952.0,17954.0,green,1
J4372,I4599,8348.0,8350.0,brown,1
J4372,I4823,8808.0,8813.0,brown,1
J4372,I11192,22172.0,22177.0,green,1
J4372,I12744,25171.0,25172.0,green,1
J4372,I12792,25247.0,25251.0,green,1
J3426,I7272,13910.0,13911.0,green,1
J3426,I7304,13986.0,13990.0,green,1
J516,I1804,2947.0,2948.0,green,1
J516,I1901,3125.0,3127.0,green,1
J2895,I6000,11248.0,11249.0,brown,1
J2895,I8976,17626.0,17636.0,green,1
J2895,I10416,20598.0,20603.0,brown,1
J2895,I11025,21832.0,21834.0,green,1
J2895,I12817,25303.0,25304.0,green,1
J2895,I14369,28153.0,28158.0,green,1
J4255,I4758,8683.0,8684.0,brown,1
J4255,I4790,8740.0,8741.0,brown,1
J4255,I10199,20139.0,20149.0,green,1
J4255,I13246,26072.0,26078.0,green,1
J4255,I13278,26124.0,26128.0,green,1
J3026,I427,622.0,624.0,green,1
J3026,I2859,4855.0,4862.0,brown,1
J3026,I5676,10557.0,10561.0,green,1
J3026,I5740,10704.0,10711.0,green,1
J3026,I10284,20306.0,20311.0,green,1
J3026,I11243,22291.0,22293.0,brown,1
J3027,I5497,10193.0,10195.0,brown,1
J3027,I6106,11469.0,11472.0,green,1
J3662,I10364,20504.0,20505.0,red,1
J3662,I14781,28866.0,28867.0,green,1
J3662,I14925,29086.0,29089.0,brown,3
J3662,I15389,29779.0,29781.0,brown,1
J2577,I5596,10402.0,10405.0,green,1
J2577,I5724,10665.0,10667.0,green,2
J2577,I5820,10879.0,10880.0,green,1
J2577,I5852,10941.0,10942.0,green,1
J2577,I7876,15199.0,15202.0,green,1
J2048,I5036,9224.0,9226.0,brown,1
J2048,I10765,21334.0,21338.0,green,1
J509,I8418,16367.0,16370.0,green,1
J509,I9505,18742.0,18744.0,brown,1
J509,I10977,21732.0,21734.0,brown,1
J509,I13113,25842.0,25845.0,brown,1
J2916,I4946,9024.0,9025.0,brown,1
J2916,I5746,10726.0,10729.0,brown,2
J2916,I7602,14618.0,14619.0,brown,1
J2916,I7730,14868.0,14869.0,brown,1
J2916,I12083,23916.0,23919.0,green,1
J2099,I5229,9640.0,9644.0,green,2
J2099,I9740,19198.0,19199.0,brown,1
J2099,I10677,21158.0,21159.0,green,1
J1957,I1713,2782.0,2783.0,green,1
J1957,I1745,2833.0,2834.0,green,1
J1957,I1809,2953.0,2958.0,green,3
J1957,I5233,9648.0,9649.0,green,1
J1854,I1502,2420.0,2421.0,green,1
J1854,I1534,2486.0,2488.0,green,1
J1854,I1950,3209.0,3211.0,brown,1
J1854,I9838,19394.0,19397.0,brown,2
J1854,I10399,20562.0,20567.0,green,1
J1625,I8773,17153.0,17160.0,brown,1
J1625,I9093,17869.0,17871.0,brown,1
J1625,I11109,21994.0,22003.0,green,2
J1625,I11941,23619.0,23620.0,green,1
J4463,I5473,10148.0,10150.0,brown,1
J4463,I11617,22987.0,22989.0,brown,1
J4463,I13922,27357.0,27358.0,green,1
J4463,I13954,27423.0,27427.0,green,1
J2830,I3433,6004.0,6005.0,brown,1
J2830,I3465,6061.0,6063.0,green,1
J2830,I3529,6174.0,6175.0,brown,1
J2830,I3754,6621.0,6624.0,green,1
J2830,I4234,7573.0,7574.0,green,1
J2830,I5802,10847.0,10848.0,green,1
J592,I97,124.0,126.0,green,1
J592,I1346,2156.0,2161.0,green,3
J920,I2549,4261.0,4263.0,green,1
J920,I2581,4329.0,4332.0,green,2
J920,I2773,4682.0,4685.0,green,2
J90,I6313,11873.0,11874.0,brown,1
J90,I11946,23630.0,23634.0,green,1
J90,I15370,29755.0,29756.0,green,1
J90,I15434,29843.0,29847.0,green,2
J2890,I5672,10542.0,10546.0,green,3
J1317,I2565,4289.0,4297.0,green,6
J3303,I5994,11234.0,11237.0,green,2
J3303,I7754,14913.0,14914.0,green,1
J3303,I10718,21248.0,21250.0,green,2
J4808,I13505,26561.0,26562.0,brown,1
J4808,I13633,26779.0,26780.0,brown,1
J644,I2948,5032.0,5035.0,green,1
J644,I3012,5148.0,5153.0,green,1
J644,I7045,13427.0,13432.0,green,3
J4944,I15236,29554.0,29561.0,green,1
J4885,I4189,7480.0,7483.0,brown,1
J4885,I14893,29045.0,29046.0,brown,1
J4885,I15233,29551.0,29552.0,brown,1
J890,I1022,1587.0,1589.0,green,1
J890,I2142,3548.0,3550.0,brown,1
J890,I7775,14960.0,14966.0,green,1
J890,I11951,23645.0,23646.0,green,1
J890,I12126,23992.0,23993.0,green,1
J890,I12607,24871.0,24875.0,green,1
J2616,I2201,3649.0,3650.0,green,1
J2616,I3001,5128.0,5135.0,green,2
J2616,I7673,14757.0,14760.0,green,1
J1264,I9151,18014.0,18022.0,green,1
J1264,I12303,24295.0,24297.0,green,2
J2713,I1285,2037.0,2039.0,brown,1
J2713,I10693,21189.0,21190.0,brown,1
J2713,I11206,22201.0,22205.0,green,3
J4576,I10664,21128.0,21129.0,brown,1
J4576,I10728,21265.0,21266.0,brown,1
J4576,I10985,21748.0,21749.0,green,1
J4576,I11753,23245.0,23247.0,brown,1
J4576,I11913,23567.0,23568.0,brown,1
J4576,I12297,24287.0,24289.0,brown,1
J1266,I1668,2704.0,2706.0,brown,1
J1266,I5604,10417.0,10419.0,brown,1
J1266,I11749,23236.0,23239.0,green,1
J1910,I4127,7341.0,7343.0,green,1
J1910,I4191,7487.0,7491.0,green,1
J1910,I4383,7907.0,7909.0,green,1
J1702,I2242,3718.0,3721.0,green,2
J1702,I4771,8708.0,8711.0,green,1
J1702,I7690,14789.0,14791.0,brown,1
J1702,I10332,20444.0,20448.0,brown,1
J3524,I10095,19914.0,19917.0,green,3
J3524,I11119,22023.0,22024.0,brown,1
J3524,I11551,22882.0,22884.0,green,1
J3524,I12063,23882.0,23883.0,green,1
J1979,I9819,19356.0,19357.0,green,1
J1979,I10620,21040.0,21045.0,green,1
J1979,I14620,28588.0,28590.0,green,1
J4952,I14186,27824.0,27826.0,brown,1
J4952,I14730,28775.0,28776.0,brown,1
J4786,I9392,18534.0,18535.0,brown,1
J4786,I9456,18650.0,18655.0,brown,4
J4786,I10096,19917.0,19919.0,green,1
J4840,I14779,28861.0,28865.0,green,2
J4840,I15003,29211.0,29213.0,green,2
J3533,I8011,15475.0,15476.0,brown,1
J3533,I8203,15904.0,15905.0,brown,1
J3533,I8204,15905.0,15907.0,green,2
J3533,I8428,16390.0,16392.0,brown,1
J3129,I9517,18768.0,18769.0,brown,1
J3129,I12557,24761.0,24765.0,brown,1
J2832,I7901,15249.0,15250.0,green,1
J2832,I7965,15380.0,15381.0,green,1
J2832,I8285,16076.0,16079.0,green,1
J2832,I8605,16771.0,16772.0,green,1
J2832,I8637,16837.0,16842.0,green,1
J2832,I10805,21406.0,21413.0,green,1
J4762,I12270,24251.0,24253.0,green,1
J4762,I13294,26152.0,26154.0,green,1
J3903,I10315,20403.0,20405.0,red,1
J3903,I10507,20835.0,20838.0,brown,1
J3903,I11308,22405.0,22408.0,green,1
J4102,I8614,16790.0,16792.0,brown,2
J4102,I8966,17593.0,17594.0,brown,1
J4102,I9542,18811.0,18812.0,brown,1
J4102,I10023,19769.0,19774.0,green,1
J822,I3313,5773.0,5777.0,brown,1
J822,I11794,23322.0,23327.0,green,1
J822,I11890,23525.0,23530.0,green,1
J1323,I2870,4880.0,4881.0,green,1
J1323,I3350,5848.0,5850.0,green,1
J1323,I7766,14937.0,14941.0,brown,1
J1323,I9758,19240.0,19248.0,green,1
J2725,I6892,13075.0,13077.0,green,2
J2725,I9484,18707.0,18713.0,green,3
J4688,I13323,26210.0,26212.0,green,1
J4688,I14890,29041.0,29042.0,brown,1
J4579,I10916,21618.0,21620.0,red,2
J4579,I12581,24817.0,24822.0,green,1
J514,I1815,2965.0,2967.0,green,1
J514,I2327,3867.0,3873.0,green,2
J2252,I6685,12643.0,12646.0,green,2
J2252,I6717,12702.0,12706.0,green,2
J3891,I8259,16035.0,16036.0,brown,1
J3891,I8291,16086.0,16088.0,brown,1
J3891,I8451,16443.0,16444.0,brown,1
J3891,I14308,28037.0,28041.0,green,3
J4181,I12587,24832.0,24837.0,green,2
J4181,I13994,27491.0,27493.0,brown,1
J3622,I2512,4200.0,4202.0,brown,1
J3622,I7984,15427.0,15428.0,brown,1
J3622,I9361,18468.0,18470.0,green,1
J3622,I9745,19208.0,19209.0,green,1
J3622,I10257,20254.0,20256.0,green,1
J3622,I13185,25965.0,25967.0,brown,1
J2743,I3915,6947.0,6948.0,brown,1
J2743,I5035,9222.0,9224.0,brown,1
J2743,I12012,23750.0,23753.0,green,3
J2743,I13692,26916.0,26920.0,brown,1
J429,I1310,2084.0,2088.0,green,1
J429,I3983,7076.0,7078.0,green,1
J46,I187,250.0,251.0,brown,1
J46,I188,251.0,252.0,green,1
J46,I284,389.0,390.0,green,1
J46,I572,847.0,850.0,green,1
J46,I988,1536.0,1540.0,green,2
J1685,I11054,21884.0,21885.0,brown,1
J1685,I12911,25489.0,25490.0,green,1
J2436,I4195,7499.0,7500.0,brown,1
J2436,I4227,7556.0,7557.0,brown,1
J2436,I5091,9330.0,9331.0,brown,1
J2436,I8404,16337.0,16342.0,green,1
J2436,I9972,19671.0,19675.0,green,1
J4325,I3028,5181.0,5187.0,brown,2
J4325,I8756,17121.0,17123.0,brown,1
J984,I3154,5445.0,5450.0,green,5
J984,I5746,10726.0,10729.0,brown,1
J4220,I9898,19521.0,19522.0,green,1
J4220,I10699,21200.0,21205.0,green,5
J1349,I12136,24005.0,24009.0,brown,1
J1349,I13833,27198.0,27199.0,green,1
J1349,I14953,29132.0,29136.0,green,2
J1349,I15282,29624.0,29628.0,green,1
J1349,I15337,29706.0,29707.0,green,1
J320,I842,1304.0,1306.0,brown,1
J320,I906,1399.0,1401.0,brown,2
J320,I7498,14386.0,14387.0,brown,1
J320,I9258,18235.0,18240.0,brown,1
J320,I10795,21387.0,21391.0,green,1
J3067,I8472,16484.0,16488.0,green,1
J3067,I8535,16631.0,16632.0,brown,1
J3067,I8600,16763.0,16764.0,green,1
J3067,I8856,17360.0,17362.0,green,1
J967,I2176,3605.0,3610.0,green,3
J2057,I4158,7419.0,7425.0,green,4
J2057,I8734,17056.0,17057.0,green,1
J4523,I5879,10987.0,10989.0,brown,1
J4523,I12568,24786.0,24789.0,green,1
J4523,I13976,27457.0,27462.0,green,1
J4523,I14247,27925.0,27926.0,brown,1
J4523,I14395,28194.0,28195.0,brown,1
J1303,I8069,15603.0,15614.0,green,1
J1303,I10821,21439.0,21441.0,green,2
J1303,I11045,21870.0,21871.0,green,1
J1303,I11302,22398.0,22399.0,brown,1
J3324,I672,1002.0,1005.0,red,1
J3324,I11073,21915.0,21919.0,green,3
J3324,I14113,27706.0,27709.0,green,2
J4163,I1286,2039.0,2041.0,brown,1
J4163,I1542,2502.0,2504.0,brown,1
J4163,I6311,11870.0,11872.0,green,1
J2333,I7032,13398.0,13407.0,green,3
J1218,I2513,4202.0,4206.0,green,1
J1218,I5169,9504.0,9508.0,green,1
J1218,I8149,15797.0,15800.0,green,1
J2427,I6149,11558.0,11560.0,brown,2
J2427,I12774,25222.0,25223.0,green,1
J348,I922,1420.0,1424.0,green,1
J348,I1083,1693.0,1701.0,green,2
J348,I1381,2224.0,2226.0,green,2
J348,I1435,2311.0,2313.0,green,1
J1975,I5785,10815.0,10818.0,green,2
J1975,I6009,11269.0,11277.0,green,1
J3440,I8820,17265.0,17266.0,green,1
J3440,I9140,17995.0,17996.0,green,1
J3440,I9300,18322.0,18331.0,green,1
J349,I625,927.0,928.0,green,1
J349,I753,1143.0,1144.0,brown,1
J349,I2208,3660.0,3662.0,green,2
J3372,I9090,17864.0,17866.0,green,1
J3372,I13090,25805.0,25806.0,brown,1
J3372,I13414,26391.0,26393.0,brown,1
J2911,I4464,8083.0,8085.0,green,1
J2911,I4495,8148.0,8149.0,brown,1
J2911,I4592,8334.0,8338.0,green,1
J2911,I11279,22352.0,22354.0,brown,1
J4179,I10701,21208.0,21212.0,brown,2
J4179,I10733,21277.0,21278.0,green,1
J4179,I10765,21334.0,21338.0,green,1
J4179,I10830,21461.0,21463.0,brown,1
J4179,I12941,25539.0,25547.0,green,1
J4510,I11266,22333.0,22335.0,brown,2
J4510,I11298,22389.0,22391.0,brown,1
J4510,I11458,22689.0,22690.0,brown,1
J531,I3156,5451.0,5453.0,green,1
J531,I5492,10182.0,10185.0,green,1
J2923,I9829,19377.0,19379.0,green,1
J2923,I10085,19893.0,19894.0,green,1
J2839,I2973,5081.0,5082.0,brown,1
J2839,I7742,14892.0,14894.0,green,1
J2839,I7774,14957.0,14960.0,green,1
J3824,I12455,24570.0,24577.0,green,2
J3824,I12966,25591.0,25593.0,brown,2
J3824,I13831,27194.0,27197.0,green,1
J1200,I7197,13751.0,13753.0,green,1
J1200,I10173,20068.0,20071.0,green,1
J3256,I7771,14950.0,14952.0,brown,2
J3256,I11100,21972.0,21980.0,green,2
J118,I1856,3037.0,3041.0,green,1
J118,I3744,6599.0,6603.0,green,1
J118,I8996,17685.0,17690.0,green,1
J1704,I7214,13789.0,13792.0,brown,2
J1704,I7982,15421.0,15425.0,brown,1
J1704,I8078,15640.0,15642.0,brown,1
J1704,I9262,18244.0,18246.0,green,1
J1704,I15236,29554.0,29561.0,green,1
J3384,I4126,7340.0,7341.0,brown,1
J3384,I5375,9944.0,9947.0,green,1
J3384,I6174,11604.0,11607.0,brown,1
J3384,I9247,18217.0,18220.0,green,1
J3663,I9230,18180.0,18182.0,brown,1
J3663,I14735,28780.0,28784.0,green,3
J3663,I14926,29089.0,29091.0,brown,1
J1569,I3684,6474.0,6475.0,green,1
J1569,I6436,12132.0,12134.0,brown,1
J3277,I8941,17546.0,17548.0,brown,2
J3277,I9037,17774.0,17777.0,brown,1
J3277,I9453,18641.0,18646.0,green,2
J3277,I9518,18769.0,18772.0,green,1
J2447,I3661,6435.0,6437.0,green,1
J2447,I6798,12883.0,12887.0,green,2
J2447,I10286,20319.0,20320.0,green,1
J4258,I10477,20741.0,20742.0,green,1
J4258,I12781,25230.0,25232.0,green,1
J4258,I13333,26228.0,26234.0,green,2
J4258,I13566,26669.0,26670.0,green,1
J2919,I3034,5193.0,5198.0,brown,1
J2919,I7483,14348.0,14350.0,green,1
J2919,I7643,14692.0,14694.0,green,1
J2919,I8667,16908.0,16913.0,green,1
J2919,I12395,24454.0,24455.0,green,1
J2919,I12420,24517.0,24518.0,green,1
J4169,I9242,18208.0,18212.0,green,2
J4169,I9914,19553.0,19555.0,green,2
J4169,I13050,25741.0,25743.0,green,2
J451,I195,260.0,261.0,brown,1
J451,I227,303.0,304.0,green,1
J451,I421,609.0,610.0,green,1
J451,I453,661.0,663.0,brown,1
J451,I740,1120.0,1125.0,green,1
J451,I1029,1600.0,1602.0,brown,1
J766,I2027,3335.0,3336.0,green,1
J766,I2059,3396.0,3397.0,green,1
J766,I7788,14986.0,14989.0,green,1
J766,I9035,17772.0,17773.0,brown,1
J766,I9548,18822.0,18827.0,green,1
J766,I11613,22979.0,22982.0,brown,1
J893,I1196,1879.0,1893.0,green,6
J4728,I10743,21298.0,21299.0,red,1
J4728,I10967,21720.0,21721.0,brown,1
J4728,I11128,22037.0,22041.0,green,2
J144,I1680,2726.0,2728.0,brown,1
J144,I8592,16746.0,16751.0,green,1
J144,I10545,20909.0,20912.0,green,1
J144,I12114,23974.0,23976.0,brown,1
J144,I13914,27344.0,27345.0,brown,1
J2507,I6098,11444.0,11451.0,green,4
J992,I2932,4999.0,5003.0,green,1
J992,I3253,5641.0,5644.0,green,1
J992,I6101,11453.0,11458.0,green,1
J2985,I8687,16955.0,16958.0,green,3
J2985,I8719,17016.0,17021.0,green,2
J1332,I880,1356.0,1357.0,brown,1
J1332,I5041,9233.0,9236.0,green,1
J1332,I5721,10657.0,10660.0,green,1
J574,I1767,2867.0,2870.0,red,1
J574,I1927,3165.0,3166.0,brown,1
J574,I11720,23178.0,23181.0,green,2
J574,I11752,23243.0,23245.0,green,1
J574,I13160,25922.0,25925.0,green,1
J2734,I4909,8960.0,8962.0,brown,1
J2734,I5134,9402.0,9404.0,green,1
J2734,I6798,12883.0,12887.0,green,1
J2734,I10190,20106.0,20110.0,green,1
J484,I1521,2462.0,2463.0,green,1
J484,I1842,3013.0,3014.0,green,1
J484,I2290,3803.0,3811.0,green,1
J484,I4882,8911.0,8912.0,green,1
J484,I7224,13806.0,13807.0,green,1
J100,I4193,7492.0,7497.0,brown,1
J100,I12513,24687.0,24689.0,brown,1
J100,I12626,24915.0,24920.0,green,2
J4594,I2747,4628.0,4631.0,brown,1
J4594,I8540,16647.0,16651.0,green,1
J4594,I12028,23782.0,23784.0,brown,2
J232,I196,261.0,262.0,brown,1
J232,I485,710.0,713.0,green,1
J232,I548,810.0,812.0,green,1
J4398,I12933,25527.0,25528.0,green,1
J4398,I13029,25706.0,25714.0,green,4
J4398,I13317,26187.0,26189.0,brown,1
J4672,I2844,4820.0,4825.0,brown,1
J4672,I10109,19947.0,19950.0,green,2
J4672,I11293,22376.0,22380.0,green,2
J4672,I14173,27808.0,27809.0,green,1
J2728,I3582,6286.0,6288.0,brown,1
J2728,I4478,8112.0,8114.0,brown,1
J2728,I10046,19811.0,19816.0,brown,1
J2728,I12943,25551.0,25552.0,green,1
J2728,I12991,25632.0,25639.0,green,1
J2728,I13391,26348.0,26353.0,green,1
J4597,I14342,28092.0,28094.0,green,2
J4597,I14438,28266.0,28267.0,green,1
J3043,I8848,17343.0,17344.0,green,1
J4694,I4044,7188.0,7189.0,brown,1
J4694,I4268,7634.0,7635.0,brown,1
J4694,I5900,11030.0,11033.0,brown,1
J4694,I12813,25294.0,25299.0,green,1
J1763,I3268,5669.0,5670.0,green,1
J1763,I3300,5755.0,5757.0,green,1
J1763,I3332,5809.0,5814.0,green,1
J3461,I8025,15496.0,15498.0,brown,2
J3461,I8186,15872.0,15873.0,red,1
J4074,I12456,24577.0,24580.0,green,2
J2245,I5040,9232.0,9233.0,brown,1
J2245,I10320,20415.0,20418.0,brown,1
J2245,I13433,26436.0,26437.0,green,1
J2245,I13729,26985.0,26987.0,brown,1
J2245,I14033,27563.0,27565.0,green,1
J824,I725,1095.0,1101.0,green,1
J824,I821,1262.0,1266.0,green,1
J824,I917,1414.0,1415.0,green,1
J824,I4949,9033.0,9040.0,green,1
J824,I5045,9241.0,9243.0,green,1
J824,I6795,12879.0,12881.0,green,1
J1878,I630,932.0,933.0,green,1
J1878,I662,983.0,984.0,green,1
J1878,I3031,5189.0,5191.0,green,1
J1878,I5687,10581.0,10584.0,green,2
J1878,I7015,13356.0,13364.0,green,1
J4016,I10309,20380.0,20381.0,brown,1
J4016,I10341,20466.0,20467.0,brown,1
J4016,I11334,22461.0,22469.0,green,2
J4016,I13134,25878.0,25879.0,green,1
J1493,I1832,2996.0,2998.0,green,1
J1493,I1960,3223.0,3224.0,green,1
J1493,I2888,4928.0,4930.0,green,1
J1493,I7320,14018.0,14032.0,green,2
J1680,I5094,9334.0,9336.0,green,1
J1680,I6246,11745.0,11746.0,green,1
J1680,I7206,13770.0,13773.0,green,2
J1680,I8230,15960.0,15964.0,green,2
J4213,I4115,7323.0,7326.0,brown,1
J4213,I6708,12686.0,12688.0,green,2
J4213,I13264,26108.0,26111.0,green,1
J3926,I10316,20405.0,20410.0,green,1
J3926,I11492,22763.0,22764.0,green,1
J3926,I11788,23311.0,23313.0,green,2
J2714,I3910,6935.0,6937.0,green,2
J2714,I6406,12070.0,12074.0,green,1
J272,I2645,4437.0,4440.0,brown,2
J272,I11222,22242.0,22247.0,green,3
J1077,I1729,2808.0,2811.0,brown,1
J1077,I1987,3275.0,3276.0,green,1
J1077,I3682,6472.0,6473.0,green,1
J1077,I5378,9952.0,9956.0,green,1
J1077,I6363,11991.0,11998.0,green,2
J156,I459,668.0,670.0,green,2
J156,I3083,5304.0,5305.0,green,1
J2291,I5609,10432.0,10435.0,green,3
J2291,I5641,10487.0,10490.0,green,2
J4646,I11752,23243.0,23245.0,green,1
J4646,I11879,23504.0,23505.0,brown,1
J4646,I12007,23741.0,23743.0,brown,1
J4646,I12040,23821.0,23823.0,red,1
J4646,I12392,24450.0,24451.0,green,1
J4646,I12745,25172.0,25174.0,brown,1
J2797,I5993,11225.0,11234.0,green,2
J2356,I1041,1624.0,1626.0,brown,1
J2356,I3986,7082.0,7083.0,green,1
J2356,I6258,11775.0,11777.0,green,1
J2356,I7506,14408.0,14409.0,green,1
J2356,I8210,15915.0,15920.0,green,1
J2356,I8626,16812.0,16814.0,green,1
J1856,I5333,9859.0,9860.0,green,1
J1856,I5845,10926.0,10929.0,green,3
J1856,I11606,22966.0,22969.0,brown,2
J2172,I4428,8014.0,8016.0,green,2
J2172,I5740,10704.0,10711.0,green,2
J2172,I9364,18474.0,18484.0,green,2
J4008,I8303,16120.0,16124.0,brown,2
J4008,I13936,27384.0,27387.0,green,2
J2319,I2523,4218.0,4224.0,green,2
J2319,I2587,4347.0,4348.0,red,1
J2319,I2747,4628.0,4631.0,brown,1
J2319,I3164,5470.0,5472.0,green,1
J2319,I4380,7897.0,7903.0,green,1
J1974,I8476,16493.0,16497.0,green,1
J1974,I8988,17656.0,17659.0,green,1
J1974,I9180,18080.0,18083.0,green,1
J4478,I7217,13794.0,13798.0,red,1
J4478,I14034,27565.0,27566.0,green,1
J4478,I14354,28116.0,28120.0,green,1
J4478,I14866,29011.0,29012.0,green,1
J3627,I5835,10909.0,10912.0,green,3
J3627,I5995,11237.0,11238.0,green,1
J3627,I7804,15019.0,15022.0,brown,1
J2100,I8301,16112.0,16118.0,green,1
J2100,I10709,21229.0,21235.0,green,1
J2100,I10828,21457.0,21458.0,brown,1
J2100,I11321,22436.0,22437.0,green,1
J2704,I3162,5462.0,5464.0,green,2
J2704,I3226,5590.0,5591.0,brown,1
J2704,I3354,5854.0,5856.0,green,1
J2704,I7642,14690.0,14692.0,green,1
J184,I273,373.0,376.0,green,1
J184,I368,524.0,527.0,brown,2
J184,I2657,4463.0,4465.0,green,1
J3719,I10625,21056.0,21059.0,brown,1
J3719,I11074,21919.0,21920.0,green,1
J3719,I13858,27242.0,27244.0,green,1
J3719,I14082,27653.0,27654.0,brown,1
J3719,I14146,27766.0,27767.0,brown,1
J341,I399,575.0,576.0,green,1
J341,I687,1027.0,1030.0,green,1
J341,I2960,5057.0,5060.0,green,1
J341,I8484,16511.0,16517.0,green,1
J1970,I10731,21272.0,21274.0,green,1
J1970,I11083,21939.0,21941.0,green,1
J653,I2481,4140.0,4142.0,brown,1
J653,I3025,5176.0,5179.0,brown,1
J2533,I6712,12693.0,12694.0,green,1
J2533,I6808,12906.0,12908.0,brown,1
J2368,I12484,24629.0,24631.0,brown,1
J2368,I13029,25706.0,25714.0,green,2
J1044,I2310,3839.0,3842.0,green,2
J1044,I2342,3901.0,3902.0,brown,1
J1044,I2375,3950.0,3951.0,green,1
J1044,I2951,5039.0,5040.0,green,1
J1044,I3815,6747.0,6750.0,green,1
J1208,I3735,6579.0,6585.0,green,3
J29,I32,37.0,38.0,brown,1
J29,I94,119.0,122.0,green,1
J29,I1759,2854.0,2856.0,green,2
J29,I2783,4707.0,4711.0,green,1
J1112,I1585,2580.0,2582.0,brown,1
J1112,I1778,2900.0,2902.0,green,1
J1112,I2354,3920.0,3926.0,green,3
J2992,I8680,16941.0,16942.0,brown,1
J2992,I8713,17008.0,17009.0,red,1
J2992,I8841,17322.0,17329.0,green,1
J2992,I10505,20825.0,20830.0,green,1
J3766,I8872,17394.0,17398.0,brown,4
J3766,I9033,17769.0,17770.0,green,1
J3766,I10825,21446.0,21449.0,green,1
J3884,I9928,19584.0,19586.0,green,1
J3884,I9959,19650.0,19653.0,brown,1
J3884,I9960,19653.0,19656.0,green,3
J3884,I10152,20030.0,20033.0,green,1
J1374,I2089,3450.0,3452.0,brown,1
J1374,I12137,24009.0,24011.0,brown,1
J1374,I13946,27399.0,27413.0,green,4
J1288,I3389,5925.0,5927.0,green,1
J1288,I4821,8795.0,8805.0,green,1
J2970,I4256,7615.0,7617.0,red,1
J2970,I5377,9949.0,9952.0,green,1
J2970,I7713,14835.0,14837.0,green,1
J2970,I9281,18276.0,18279.0,green,1
J2970,I10648,21100.0,21105.0,brown,1
J2970,I10808,21420.0,21421.0,brown,1
J1128,I592,880.0,881.0,green,1
J1128,I3889,6901.0,6903.0,green,1
J1128,I5009,9168.0,9174.0,green,2
J1128,I5237,9660.0,9662.0,green,1
J3064,I10863,21531.0,21534.0,brown,1
J3064,I12944,25552.0,25553.0,green,1
J3064,I14160,27785.0,27786.0,green,1
J3064,I14352,28112.0,28114.0,green,1
J993,I1153,1807.0,1809.0,green,2
J993,I1282,2032.0,2035.0,green,2
J993,I3811,6739.0,6740.0,green,1
J1304,I4056,7205.0,7208.0,green,1
J1304,I4088,7260.0,7264.0,green,3
J1304,I4280,7659.0,7662.0,green,1
J1304,I7320,14018.0,14032.0,green,1
J335,I13000,25651.0,25657.0,green,2
J335,I14064,27620.0,27623.0,green,1
J335,I14919,29077.0,29078.0,brown,1
J1982,I4131,7355.0,7370.0,green,2
J1982,I6459,12175.0,12182.0,green,1
J4500,I11292,22373.0,22376.0,green,3
J4500,I12157,24050.0,24055.0,green,1
J3102,I7822,15069.0,15071.0,brown,1
J3102,I8974,17612.0,17621.0,green,2
J3102,I10158,20041.0,20043.0,green,2
J3102,I10734,21278.0,21285.0,green,1
J571,I1783,2910.0,2911.0,green,1
J571,I1816,2967.0,2970.0,green,2
J571,I2008,3303.0,3304.0,green,1
J571,I2040,3363.0,3364.0,green,1
J247,I296,408.0,409.0,green,1
J247,I2344,3903.0,3904.0,brown,1
J247,I2857,4850.0,4851.0,green,1
J247,I2985,5101.0,5102.0,green,1
J247,I7413,14212.0,14216.0,brown,1
J1391,I2185,3623.0,3625.0,red,1
J1391,I3114,5359.0,5361.0,green,1
J1391,I3626,6367.0,6374.0,green,1
J1633,I4633,8404.0,8405.0,green,1
J1633,I9497,18730.0,18731.0,green,1
J1633,I10505,20825.0,20830.0,green,1
J1485,I1557,2525.0,2526.0,green,1
J1485,I1621,2638.0,2643.0,green,1
J1485,I2038,3354.0,3358.0,green,1
J1485,I2774,4685.0,4689.0,green,1
J1485,I4566,8276.0,8289.0,green,1
J1485,I6006,11266.0,11267.0,green,1
J4562,I2906,4958.0,4960.0,red,1
J4562,I12283,24266.0,24270.0,green,1
J4562,I14075,27639.0,27642.0,green,1
J4562,I14571,28500.0,28502.0,green,2
J4562,I14779,28861.0,28865.0,green,1
J4772,I9638,19006.0,19007.0,red,1
J4772,I10214,20174.0,20176.0,brown,1
J4772,I10502,20808.0,20811.0,red,2
J4772,I10503,20811.0,20814.0,green,1
J4772,I10886,21571.0,21572.0,red,1
J795,I1797,2930.0,2931.0,green,1
J795,I2405,4002.0,4006.0,green,1
J795,I6085,11422.0,11430.0,green,1
J795,I8457,16449.0,16453.0,green,2
J1207,I2887,4925.0,4928.0,green,1
J1207,I2918,4978.0,4979.0,green,1
J1207,I2919,4979.0,4981.0,green,2
J1207,I3303,5760.0,5762.0,green,1
J1207,I3815,6747.0,6750.0,green,1
J832,I126,164.0,166.0,brown,2
J832,I12318,24320.0,24322.0,brown,2
J832,I14270,27966.0,27967.0,brown,1
J1526,I6354,11969.0,11972.0,brown,1
J1526,I7666,14744.0,14745.0,brown,1
J1526,I14003,27508.0,27509.0,green,1
J3419,I7197,13751.0,13753.0,green,1
J3419,I10892,21585.0,21588.0,brown,1
J3061,I7048,13436.0,13439.0,brown,1
J3061,I10441,20655.0,20657.0,green,2
J3061,I11401,22591.0,22593.0,brown,1
J3061,I13065,25766.0,25769.0,brown,1
J3061,I13630,26775.0,26776.0,green,1
J1405,I1156,1811.0,1813.0,brown,1
J1405,I5636,10480.0,10482.0,brown,1
J1405,I9189,18099.0,18100.0,green,1
J1405,I11525,22822.0,22824.0,green,1
J1405,I11877,23502.0,23503.0,brown,1
J1405,I12773,25220.0,25222.0,green,1
J75,I305,420.0,422.0,green,2
J75,I366,521.0,522.0,brown,1
J75,I558,827.0,830.0,green,1
J1929,I4036,7170.0,7176.0,green,1
J1929,I6660,12586.0,12587.0,brown,1
J1929,I8265,16043.0,16047.0,green,2
J1929,I9635,19002.0,19003.0,green,1
J3030,I2518,4212.0,4213.0,green,1
J3030,I3094,5323.0,5326.0,brown,1
J3030,I8871,17391.0,17394.0,green,1
J3030,I8951,17565.0,17572.0,green,2
J1687,I44,50.0,51.0,green,1
J1687,I76,90.0,91.0,green,1
J1687,I9708,19141.0,19146.0,green,1
J1466,I721,1090.0,1091.0,green,1
J1466,I7122,13585.0,13590.0,green,2
J513,I7075,13498.0,13500.0,green,1
J513,I8930,17517.0,17521.0,green,1
J513,I12867,25398.0,25401.0,green,1
J513,I12931,25523.0,25525.0,green,2
J4995,I15409,29808.0,29810.0,green,1
J4335,I14708,28739.0,28741.0,green,1
J4335,I14932,29098.0,29099.0,green,1
J4335,I14964,29155.0,29157.0,green,1
J4335,I14996,29200.0,29202.0,green,1
J4335,I15508,29946.0,29950.0,green,1
J1720,I3150,5429.0,5438.0,green,3
J1720,I3246,5624.0,5628.0,green,2
J1720,I5707,10622.0,10629.0,green,1
J133,I655,974.0,975.0,brown,1
J133,I1520,2457.0,2462.0,green,1
J133,I5776,10797.0,10799.0,green,2
J133,I6576,12431.0,12436.0,green,2
J4336,I9161,18039.0,18043.0,green,2
J4336,I9320,18369.0,18373.0,green,1
J4336,I10088,19898.0,19900.0,brown,1
J4336,I14345,28097.0,28101.0,green,1
J4336,I14969,29161.0,29165.0,green,1
J4741,I14360,28130.0,28137.0,green,4
J952,I1840,3008.0,3010.0,brown,1
J952,I2129,3520.0,3522.0,green,1
J952,I4273,7644.0,7650.0,green,1
J2843,I4063,7220.0,7223.0,green,3
J2843,I5407,10019.0,10021.0,green,2
J2843,I7199,13756.0,13759.0,green,1
J4161,I9789,19299.0,19301.0,red,1
J4161,I13446,26464.0,26465.0,brown,1
J2965,I12384,24433.0,24438.0,green,1
J2965,I12448,24558.0,24559.0,green,1
J1882,I5445,10091.0,10092.0,green,1
J1882,I5477,10154.0,10155.0,green,1
J1882,I5541,10280.0,10282.0,green,1
J1661,I3665,6444.0,6450.0,green,2
J1661,I3793,6710.0,6712.0,green,2
J4138,I12587,24832.0,24837.0,green,2
J187,I717,1084.0,1086.0,red,1
J187,I11757,23256.0,23258.0,brown,1
J187,I12237,24194.0,24195.0,brown,1
J187,I12494,24647.0,24649.0,green,1
J187,I14029,27557.0,27560.0,brown,2
J489,I729,1105.0,1107.0,green,2
J489,I2127,3516.0,3517.0,brown,1
J489,I2171,3596.0,3597.0,brown,1
J489,I2317,3851.0,3854.0,green,1
J696,I2623,4397.0,4400.0,brown,1
J696,I5567,10334.0,10338.0,brown,1
J696,I6757,12802.0,12807.0,green,2
J4575,I15336,29703.0,29706.0,green,1
J4575,I15383,29770.0,29771.0,brown,1
J4575,I15407,29806.0,29807.0,brown,1
J4575,I15416,29817.0,29818.0,green,1
J2603,I7700,14807.0,14809.0,green,1
J2603,I7796,15000.0,15003.0,green,3
J2603,I7828,15083.0,15084.0,green,1
J2603,I7924,15313.0,15314.0,green,1
J2036,I2952,5040.0,5044.0,green,2
J2036,I3015,5158.0,5160.0,brown,2
J2036,I3111,5353.0,5354.0,brown,1
J2036,I7032,13398.0,13407.0,green,1
J934,I3468,6065.0,6072.0,green,1
J934,I4716,8579.0,8581.0,green,1
J934,I6924,13152.0,13155.0,green,1
J934,I7532,14466.0,14468.0,green,1
J934,I9283,18282.0,18284.0,brown,1
J1867,I4513,8175.0,8178.0,brown,1
J1867,I4801,8760.0,8761.0,brown,1
J1867,I6497,12263.0,12265.0,brown,2
J1867,I6529,12328.0,12329.0,brown,1
J1867,I12530,24714.0,24719.0,green,1
J1494,I4998,9135.0,9138.0,brown,2
J1494,I5767,10778.0,10779.0,green,1
J1494,I9127,17954.0,17971.0,green,1
J561,I7522,14449.0,14452.0,brown,1
J561,I13699,26931.0,26934.0,green,2
J561,I13707,26945.0,26947.0,green,1
J322,I1185,1854.0,1855.0,green,1
J322,I5346,9883.0,9884.0,green,1
J322,I10290,20331.0,20338.0,green,2
J2537,I6624,12507.0,12509.0,green,2
J2537,I6944,13197.0,13198.0,green,1
J2537,I7072,13488.0,13489.0,green,1
J2537,I7296,13961.0,13965.0,green,1
J2537,I8388,16299.0,16305.0,green,1
J4131,I3749,6611.0,6614.0,brown,1
J4131,I10598,21009.0,21013.0,green,1
J4131,I13294,26152.0,26154.0,green,1
J4351,I13245,26070.0,26072.0,green,1
J4351,I14461,28300.0,28304.0,green,2
J4351,I14813,28920.0,28924.0,green,3
J2293,I6468,12199.0,12203.0,green,1
J2293,I7428,14247.0,14249.0,green,1
J2293,I9283,18282.0,18284.0,brown,1
J4560,I9777,19281.0,19283.0,brown,1
J4560,I10641,21086.0,21089.0,brown,1
J4560,I11537,22851.0,22853.0,green,1
J4560,I14321,28061.0,28063.0,brown,1
J99,I393,559.0,565.0,green,2
J99,I683,1019.0,1020.0,green,1
J99,I810,1237.0,1243.0,green,1
J99,I1038,1618.0,1620.0,green,1
J99,I1346,2156.0,2161.0,green,1
J4209,I7948,15347.0,15348.0,brown,1
J4209,I9004,17715.0,17716.0,brown,1
J1905,I2321,3858.0,3860.0,brown,2
J1905,I2417,4023.0,4026.0,brown,1
J1905,I9650,19026.0,19029.0,green,1
J1905,I9938,19598.0,19601.0,green,1
J1905,I10082,19883.0,19886.0,green,1
J2964,I13582,26700.0,26703.0,green,2
J2964,I14429,28254.0,28255.0,brown,1
J2964,I14590,28537.0,28540.0,green,3
J4009,I8068,15602.0,15603.0,brown,1
J4009,I9125,17948.0,17952.0,green,1
J4009,I10660,21121.0,21124.0,brown,1
J4009,I11685,23114.0,23115.0,green,1
J4009,I12357,24387.0,24390.0,brown,1
J4009,I12677,25034.0,25036.0,brown,1
J464,I1264,2004.0,2006.0,green,1
J464,I1296,2058.0,2062.0,brown,1
J464,I1360,2186.0,2187.0,green,1
J464,I1552,2518.0,2520.0,green,2
J464,I2256,3744.0,3745.0,green,1
J4850,I8949,17561.0,17562.0,brown,1
J4850,I9685,19094.0,19096.0,brown,1
J4850,I13654,26825.0,26827.0,green,2
J3421,I3425,5986.0,5988.0,brown,1
J3421,I4033,7165.0,7167.0,brown,1
J3421,I5089,9326.0,9329.0,brown,1
J3421,I8130,15755.0,15757.0,green,1
J3421,I13374,26310.0,26312.0,green,1
J3421,I13570,26673.0,26675.0,green,1
J17,I347,491.0,494.0,brown,2
J17,I1019,1581.0,1585.0,brown,1
J17,I4283,7674.0,7679.0,green,1
J17,I7963,15376.0,15379.0,green,1
J2305,I10356,20486.0,20488.0,brown,1
J2305,I11813,23372.0,23377.0,green,4
J2305,I12094,23935.0,23936.0,green,1
J842,I9516,18767.0,18768.0,brown,1
J842,I12478,24620.0,24624.0,green,2
J842,I12725,25136.0,25137.0,green,1
J842,I12885,25435.0,25447.0,green,1
J4763,I8976,17626.0,17636.0,green,1
J4763,I14577,28508.0,28510.0,green,2
J4763,I14993,29196.0,29197.0,green,1
J4763,I15010,29220.0,29221.0,brown,1
J1671,I1170,1832.0,1833.0,green,1
J1671,I3730,6568.0,6570.0,brown,2
J1671,I9770,19263.0,19266.0,brown,1
J784,I2619,4390.0,4392.0,brown,1
J784,I5148,9437.0,9450.0,green,2
J784,I10264,20266.0,20268.0,green,1
J784,I10884,21565.0,21570.0,green,2
J2689,I1078,1679.0,1681.0,brown,1
J2689,I3126,5379.0,5380.0,brown,1
J2689,I9143,18001.0,18003.0,green,2
J2689,I9303,18334.0,18337.0,green,2
J3910,I10338,20458.0,20461.0,green,1
J3910,I11282,22358.0,22360.0,green,2
J3910,I11966,23663.0,23665.0,green,1
J3910,I11978,23690.0,23692.0,brown,1
J604,I406,585.0,589.0,green,1
J604,I4279,7657.0,7659.0,green,1
J604,I7448,14290.0,14298.0,green,1
J3737,I5988,11216.0,11218.0,brown,2
J3737,I6052,11365.0,11367.0,brown,2
J3737,I6116,11487.0,11489.0,brown,1
J3737,I13621,26760.0,26761.0,green,1
J4370,I7415,14217.0,14220.0,brown,3
J4370,I8920,17493.0,17498.0,green,1
J4370,I10136,20001.0,20007.0,green,2
J4394,I7533,14468.0,14472.0,green,1
J4394,I8525,16615.0,16617.0,green,1
J4394,I10317,20410.0,20411.0,green,1
J4394,I11341,22481.0,22483.0,brown,1
J4394,I12269,24250.0,24251.0,green,1
J4394,I12334,24349.0,24351.0,brown,1
J1890,I1528,2474.0,2476.0,green,1
J1890,I1560,2530.0,2535.0,green,1
J1890,I7493,14380.0,14381.0,green,1
J1890,I7577,14564.0,14566.0,brown,1
J2576,I10827,21453.0,21457.0,green,1
J2576,I11019,21817.0,21819.0,green,1
J2576,I11819,23384.0,23386.0,green,2
J3100,I12207,24147.0,24148.0,green,1
J3100,I13440,26448.0,26450.0,green,1
J3100,I13776,27076.0,27081.0,green,1
J3100,I14115,27710.0,27711.0,brown,1
J734,I10775,21356.0,21358.0,green,2
J734,I10803,21402.0,21405.0,brown,1
J734,I10807,21417.0,21420.0,green,1
J734,I11219,22236.0,22237.0,brown,1
J4987,I8967,17594.0,17599.0,brown,2
J4987,I10119,19974.0,19975.0,brown,1
J1075,I593,881.0,882.0,brown,1
J1075,I3058,5237.0,5239.0,green,1
J1075,I9010,17721.0,17722.0,green,1
J1075,I9336,18417.0,18423.0,green,1
J1075,I9366,18488.0,18489.0,green,1
J1075,I9546,18817.0,18820.0,brown,1
J203,I899,1389.0,1391.0,green,1
J203,I3076,5281.0,5283.0,green,2
J203,I5892,11013.0,11015.0,green,1
J203,I10140,20010.0,20011.0,brown,1
J203,I10292,20339.0,20340.0,brown,1
J2111,I4871,8891.0,8893.0,green,2
J2111,I5031,9211.0,9214.0,green,3
J1491,I4735,8619.0,8623.0,green,4
J1491,I5279,9739.0,9741.0,green,1
J4571,I13877,27274.0,27275.0,brown,1
J4571,I14357,28124.0,28125.0,brown,1
J4571,I14549,28457.0,28459.0,brown,1
J3631,I11388,22568.0,22570.0,green,1
J3631,I12580,24816.0,24817.0,green,1
J3241,I11885,23515.0,23517.0,brown,1
J1074,I2950,5037.0,5039.0,green,1
J1074,I3207,5550.0,5553.0,green,2
J1074,I3271,5674.0,5677.0,green,1
J1074,I3855,6827.0,6830.0,green,1
J2013,I5793,10832.0,10835.0,green,2
J2013,I7169,13688.0,13690.0,green,1
J2013,I7201,13760.0,13761.0,green,1
J2013,I7233,13828.0,13830.0,green,1
J3488,I10457,20701.0,20702.0,brown,1
J3488,I10586,20982.0,20984.0,green,1
J3488,I10905,21603.0,21606.0,brown,1
J3125,I14780,28865.0,28866.0,green,1
J3125,I14812,28918.0,28920.0,green,2
J3125,I14844,28977.0,28978.0,green,1
J876,I336,472.0,473.0,green,1
J876,I337,473.0,475.0,green,1
J876,I3537,6187.0,6189.0,green,2
J876,I5361,9913.0,9916.0,green,2
J4525,I8832,17298.0,17301.0,green,1
J4525,I9024,17746.0,17753.0,green,1
J4525,I12129,23995.0,23996.0,green,1
J2144,I5684,10577.0,10578.0,green,1
J2144,I5716,10644.0,10647.0,green,3
J2144,I5748,10738.0,10740.0,green,2
J1365,I5505,10211.0,10213.0,brown,1
J1365,I12674,25027.0,25029.0,green,1
J1365,I13682,26895.0,26903.0,green,1
J1365,I13986,27471.0,27475.0,green,3
J60,I156,204.0,206.0,brown,1
J60,I176,235.0,237.0,brown,2
J60,I6001,11249.0,11251.0,green,1
J60,I8085,15655.0,15656.0,green,1
J765,I991,1545.0,1546.0,red,1
J765,I1183,1852.0,1853.0,brown,1
J765,I5152,9459.0,9467.0,green,1
J765,I5536,10267.0,10271.0,green,1
J765,I9304,18337.0,18342.0,green,2
J793,I2690,4521.0,4522.0,green,1
J793,I2947,5028.0,5032.0,green,1
J793,I3011,5146.0,5148.0,green,1
J793,I4739,8630.0,8632.0,brown,2
J3640,I11007,21788.0,21793.0,green,4
J3640,I11135,22061.0,22063.0,green,2
J497,I1137,1786.0,1787.0,brown,1
J497,I9586,18897.0,18904.0,green,3
J497,I9878,19481.0,19483.0,green,1
J3432,I6154,11565.0,11567.0,brown,1
J3432,I10186,20096.0,20099.0,green,1
J3432,I12523,24703.0,24704.0,green,1
J3432,I13931,27375.0,27379.0,green,1
J4649,I12004,23735.0,23739.0,brown,1
J4649,I12356,24386.0,24387.0,brown,1
J4649,I15252,29580.0,29581.0,brown,1
J2365,I7798,15004.0,15007.0,brown,1
J2365,I8663,16897.0,16899.0,green,1
J2365,I10519,20856.0,20858.0,green,2
J2365,I10863,21531.0,21534.0,brown,1
J3465,I2260,3749.0,3750.0,red,1
J3465,I11412,22610.0,22612.0,brown,1
J3465,I14469,28321.0,28322.0,green,1
J3465,I14485,28350.0,28351.0,brown,1
J3465,I14558,28469.0,28477.0,green,1
J3465,I14757,28827.0,28828.0,brown,1
J405,I1252,1985.0,1986.0,green,1
J405,I6436,12132.0,12134.0,brown,1
J405,I7108,13565.0,13566.0,brown,1
J405,I12156,24048.0,24050.0,brown,1
J405,I12892,25462.0,25465.0,brown,1
J1511,I8058,15581.0,15586.0,green,4
J2460,I5065,9277.0,9278.0,brown,1
J2460,I5129,9391.0,9393.0,brown,2
J2460,I12105,23958.0,23959.0,brown,1
J2460,I12538,24730.0,24732.0,green,2
J4073,I6799,12887.0,12890.0,brown,1
J4073,I7279,13925.0,13928.0,brown,1
J4073,I14500,28372.0,28375.0,green,1
J4073,I14575,28506.0,28507.0,brown,1
J1689,I2797,4734.0,4735.0,brown,1
J1689,I3854,6821.0,6827.0,green,1
J1689,I5526,10250.0,10252.0,green,1
J1689,I6566,12411.0,12412.0,green,1
J3855,I10950,21681.0,21688.0,green,1
J2946,I5059,9268.0,9270.0,green,1
J2946,I11927,23591.0,23592.0,green,1
J3905,I8760,17127.0,17131.0,brown,1
J3905,I9272,18257.0,18259.0,brown,2
J3905,I13400,26366.0,26367.0,brown,1
J4267,I2844,4820.0,4825.0,brown,1
J4267,I3868,6860.0,6861.0,brown,1
J4267,I13685,26905.0,26907.0,green,2
J4267,I13693,26920.0,26921.0,brown,1
J3284,I6279,11808.0,11809.0,green,1
J3284,I6407,12074.0,12075.0,green,1
J3284,I6631,12527.0,12529.0,green,2
J3284,I7239,13844.0,13846.0,green,2
J2661,I6457,12166.0,12170.0,green,2
J2661,I6969,13267.0,13270.0,green,3
J2661,I9125,17948.0,17952.0,green,1
J2645,I7757,14919.0,14922.0,green,1
J2645,I8265,16043.0,16047.0,green,2
J2806,I564,837.0,838.0,green,1
J2806,I628,930.0,931.0,green,1
J2806,I1813,2962.0,2964.0,green,1
J2806,I7029,13391.0,13395.0,green,1
J802,I1117,1753.0,1756.0,green,1
J802,I1309,2082.0,2084.0,green,2
J802,I1597,2598.0,2599.0,green,1
J802,I4510,8171.0,8172.0,brown,1
J3250,I629,931.0,932.0,green,1
J3250,I8342,16207.0,16208.0,green,1
J3250,I10806,21413.0,21417.0,green,2
J3250,I10870,21545.0,21547.0,brown,1
J3401,I4326,7773.0,7777.0,green,1
J3401,I11134,22049.0,22061.0,green,2
J3401,I11622,23002.0,23003.0,green,1
J3401,I11774,23285.0,23287.0,green,2
J2438,I6198,11645.0,11647.0,brown,2
J2438,I6422,12102.0,12103.0,brown,1
J2438,I7126,13604.0,13605.0,brown,1
J2438,I12135,24004.0,24005.0,green,1
J2438,I13653,26820.0,26825.0,green,1
J2311,I1992,3281.0,3282.0,brown,1
J2311,I7016,13364.0,13365.0,brown,1
J2311,I10473,20728.0,20735.0,green,1
J2311,I12649,24965.0,24972.0,green,1
J2311,I13080,25789.0,25790.0,brown,1
J2311,I13096,25813.0,25814.0,brown,1
J4081,I2262,3753.0,3754.0,brown,1
J4081,I2454,4089.0,4090.0,brown,1
J4081,I7766,14937.0,14941.0,brown,1
J4081,I10966,21719.0,21720.0,brown,1
J4172,I6478,12222.0,12227.0,green,2
J4172,I6573,12423.0,12424.0,brown,1
J635,I1786,2914.0,2915.0,brown,1
J635,I2139,3542.0,3544.0,green,1
J635,I2331,3883.0,3884.0,green,1
J635,I2363,3936.0,3939.0,green,2
J635,I5371,9929.0,9930.0,green,1
J1285,I3726,6560.0,6563.0,brown,1
J1285,I3886,6897.0,6899.0,brown,2
J1285,I11182,22150.0,22154.0,brown,1
J4720,I8138,15776.0,15778.0,brown,2
J4720,I8171,15844.0,15846.0,red,1
J4720,I8202,15903.0,15904.0,brown,1
J4720,I12715,25109.0,25118.0,green,1
J4720,I12907,25484.0,25486.0,green,1
J4951,I12628,24922.0,24927.0,green,3
J4951,I15027,29245.0,29246.0,brown,1
J2234,I3225,5587.0,5590.0,green,1
J2234,I3256,5646.0,5648.0,brown,1
J2234,I3417,5972.0,5976.0,green,1
J2234,I7065,13472.0,13475.0,green,2
J2876,I5575,10350.0,10351.0,brown,1
J2876,I11496,22769.0,22772.0,green,2
J2876,I12712,25099.0,25103.0,green,2
J2876,I13671,26866.0,26867.0,brown,1
J4990,I12071,23898.0,23899.0,green,1
J4990,I15479,29908.0,29911.0,green,2
J4990,I15518,29961.0,29962.0,green,1
J4990,I15519,29962.0,29963.0,green,1
J4990,I15535,29979.0,29980.0,green,1
J4950,I14547,28455.0,28456.0,brown,1
J4950,I14739,28792.0,28794.0,brown,1
J4950,I15300,29656.0,29657.0,green,1
J4028,I2674,4500.0,4501.0,brown,1
J4028,I5010,9174.0,9175.0,brown,1
J4028,I9907,19543.0,19546.0,green,1
J4028,I12890,25453.0,25458.0,brown,2
J4028,I13530,26606.0,26608.0,brown,1
J2191,I483,706.0,709.0,green,2
J2191,I963,1489.0,1491.0,green,1
J2191,I3843,6801.0,6803.0,green,1
J2191,I6459,12175.0,12182.0,green,1
J4880,I6177,11612.0,11614.0,red,1
J4880,I9121,17942.0,17945.0,green,1
J4880,I13666,26853.0,26854.0,green,1
J4880,I13858,27242.0,27244.0,green,1
J4880,I14450,28282.0,28283.0,green,1
J4880,I15106,29351.0,29354.0,green,1
J1546,I4910,8962.0,8963.0,brown,1
J1546,I4942,9019.0,9020.0,brown,1
J1546,I5422,10055.0,10056.0,brown,1
J1546,I9518,18769.0,18772.0,green,1
J1546,I11086,21945.0,21947.0,brown,1
J1546,I13743,27017.0,27019.0,green,1
J2401,I3594,6311.0,6312.0,brown,1
J2401,I11754,23247.0,23250.0,green,1
J3499,I8081,15644.0,15648.0,green,3
J4864,I7949,15348.0,15352.0,brown,2
J4864,I8621,16803.0,16805.0,green,1
J4864,I14734,28779.0,28780.0,green,1
J3300,I2312,3844.0,3846.0,brown,2
J3300,I13321,26200.0,26206.0,green,1
J3300,I13550,26639.0,26640.0,green,1
J3106,I3025,5176.0,5179.0,brown,1
J3106,I5393,9982.0,9984.0,brown,1
J3106,I8722,17027.0,17031.0,green,1
J3106,I12530,24714.0,24719.0,green,1
J3667,I7373,14138.0,14140.0,brown,1
J3667,I8974,17612.0,17621.0,green,1
J3667,I9133,17979.0,17982.0,green,1
J3735,I9750,19215.0,19220.0,green,1
J3735,I10823,21442.0,21445.0,green,2
J3735,I15038,29258.0,29259.0,green,1
J3735,I15186,29479.0,29480.0,green,1
J3735,I15236,29554.0,29561.0,green,1
J4839,I14580,28514.0,28520.0,green,3
J3921,I9300,18322.0,18331.0,green,6
J1443,I8414,16363.0,16364.0,brown,1
J1443,I12830,25329.0,25332.0,brown,1
J1443,I14111,27699.0,27701.0,green,1
J1443,I14303,28031.0,28032.0,green,1
J2669,I3519,6160.0,6163.0,green,2
J2669,I3743,6597.0,6599.0,green,1
J2669,I3775,6668.0,6669.0,green,1
J2669,I8159,15816.0,15818.0,green,2
J262,I3292,5732.0,5733.0,green,1
J262,I4316,7754.0,7757.0,green,1
J262,I4348,7826.0,7828.0,green,2
J262,I6012,11282.0,11287.0,green,1
J1813,I1606,2616.0,2620.0,green,2
J1813,I1894,3115.0,3117.0,green,1
J1813,I2630,4406.0,4410.0,green,1
J1813,I6630,12524.0,12527.0,green,2
J467,I386,551.0,552.0,green,1
J467,I2659,4467.0,4472.0,green,2
J467,I2787,4715.0,4718.0,green,2
J467,I6211,11669.0,11671.0,green,1
J1253,I2579,4322.0,4325.0,green,1
J1253,I2580,4325.0,4329.0,green,4
J4554,I6107,11472.0,11474.0,brown,1
J4554,I11707,23155.0,23157.0,brown,1
J4554,I13948,27414.0,27417.0,green,1
J4554,I14284,27988.0,27994.0,green,3
J1258,I3824,6766.0,6767.0,brown,1
J1258,I3856,6830.0,6835.0,green,1
J1258,I3984,7078.0,7080.0,brown,2
J1258,I6417,12093.0,12096.0,green,1
J1258,I8213,15929.0,15930.0,green,1
J3463,I3288,5725.0,5726.0,green,1
J3463,I9336,18417.0,18423.0,green,2
J3463,I10840,21485.0,21490.0,green,1
J2050,I11857,23469.0,23471.0,brown,1
J2050,I12706,25090.0,25091.0,green,1
J2050,I14258,27944.0,27945.0,brown,1
J2050,I14426,28248.0,28250.0,brown,1
J4101,I9747,19211.0,19213.0,brown,2
J4101,I11796,23329.0,23333.0,green,3
J744,I2087,3445.0,3448.0,green,1
J744,I5757,10756.0,10762.0,green,3
J744,I5910,11048.0,11050.0,brown,2
J311,I14554,28464.0,28466.0,green,1
J311,I14617,28584.0,28585.0,brown,1
J311,I14746,28810.0,28812.0,green,1
J44,I191,256.0,257.0,brown,1
J44,I256,349.0,350.0,green,1
J44,I512,752.0,755.0,green,1
J546,I1408,2267.0,2268.0,green,1
J546,I2233,3703.0,3705.0,brown,1
J546,I2529,4232.0,4235.0,green,1
J546,I2661,4474.0,4478.0,green,3
J2376,I566,839.0,841.0,brown,1
J360,I5043,9238.0,9239.0,brown,1
J360,I11315,22416.0,22418.0,brown,1
J360,I12532,24720.0,24721.0,green,1
J360,I13684,26904.0,26905.0,green,1
J360,I14164,27789.0,27792.0,green,2
J2683,I7989,15437.0,15438.0,green,1
J2683,I8053,15569.0,15573.0,green,1
J2000,I6899,13102.0,13104.0,brown,1
J2000,I13172,25942.0,25943.0,green,1
J2000,I13204,25992.0,25995.0,green,1
J2000,I14036,27567.0,27569.0,green,1
J1676,I5001,9144.0,9155.0,green,1
J1676,I5993,11225.0,11234.0,green,2
J1676,I6600,12470.0,12471.0,brown,1
J1676,I8488,16524.0,16526.0,brown,1
J1363,I3170,5481.0,5486.0,green,1
J1363,I9176,18069.0,18072.0,green,1
J4939,I4563,8272.0,8274.0,red,1
J4939,I14420,28234.0,28240.0,green,4
J4939,I14996,29200.0,29202.0,green,1
J3537,I8869,17387.0,17390.0,green,3
J3537,I8933,17531.0,17535.0,green,3
J4866,I2067,3407.0,3411.0,red,1
J4866,I10003,19732.0,19733.0,brown,1
J4866,I12212,24156.0,24157.0,green,1
J4866,I14324,28066.0,28067.0,brown,1
J4866,I14902,29055.0,29056.0,brown,1
J4866,I14964,29155.0,29157.0,green,1
J2831,I3367,5881.0,5884.0,brown,3
J2831,I8487,16522.0,16524.0,brown,1
J2831,I9255,18232.0,18233.0,brown,1
J2831,I12648,24964.0,24965.0,green,1
J2643,I4560,8264.0,8267.0,green,3
J2643,I5744,10717.0,10725.0,green,2
J2643,I11088,21948.0,21949.0,brown,1
J1436,I3510,6143.0,6148.0,green,3
J1436,I3541,6198.0,6200.0,brown,1
J1436,I3574,6271.0,6273.0,green,1
J1436,I3670,6456.0,6457.0,green,1
J4940,I6037,11342.0,11344.0,brown,1
J4940,I15446,29863.0,29865.0,green,1
J4041,I8700,16981.0,16983.0,brown,1
J3592,I5814,10868.0,10871.0,green,3
J3592,I8406,16345.0,16350.0,green,1
J3592,I11107,21992.0,21993.0,green,1
J541,I11976,23683.0,23688.0,green,2
J2265,I5657,10515.0,10519.0,green,2
J2265,I7609,14629.0,14635.0,green,1
J2265,I8825,17272.0,17274.0,green,1
J2265,I10488,20769.0,20775.0,green,1
J1749,I5172,9514.0,9517.0,green,3
J1749,I5300,9777.0,9780.0,green,2
J1749,I6520,12313.0,12315.0,green,1
J736,I2074,3418.0,3421.0,green,3
J736,I2398,3981.0,3989.0,green,1
J736,I2986,5102.0,5104.0,green,1
J3615,I3070,5260.0,5261.0,brown,1
J3615,I3102,5336.0,5337.0,brown,1
J2047,I577,854.0,855.0,green,1
J2047,I1281,2031.0,2032.0,green,1
J2047,I1345,2152.0,2156.0,green,2
J4199,I10697,21193.0,21199.0,green,1
J4199,I10760,21328.0,21329.0,red,1
J4199,I10792,21381.0,21384.0,red,1
J4199,I11240,22287.0,22288.0,brown,1
J3901,I7753,14911.0,14913.0,brown,2
J3901,I8201,15900.0,15903.0,brown,1
J1422,I4765,8696.0,8699.0,brown,2
J3217,I2653,4451.0,4452.0,green,1
J3217,I4093,7273.0,7276.0,green,1
J3217,I9373,18500.0,18501.0,green,1
J3217,I9924,19578.0,19579.0,green,1
J3605,I3823,6764.0,6766.0,brown,2
J3605,I4303,7729.0,7731.0,brown,1
J3605,I6223,11700.0,11701.0,brown,1
J3605,I8048,15554.0,15559.0,green,1
J3605,I11695,23131.0,23132.0,brown,1
J3637,I1767,2867.0,2870.0,red,1
J3637,I2503,4184.0,4188.0,brown,1
J3637,I12264,24241.0,24243.0,green,2
J3637,I14532,28430.0,28434.0,green,1
J2197,I3704,6516.0,6517.0,brown,1
J2197,I3736,6585.0,6587.0,green,1
J2197,I3801,6722.0,6724.0,green,2
J2197,I3833,6780.0,6781.0,green,1
J2197,I9241,18204.0,18208.0,green,1
J1248,I3687,6483.0,6488.0,green,3
J1248,I6055,11370.0,11374.0,green,1
J1279,I3272,5677.0,5680.0,green,1
J1279,I3337,5819.0,5821.0,green,1
J1279,I3785,6683.0,6688.0,green,1
J719,I268,367.0,369.0,brown,1
J719,I3277,5690.0,5694.0,green,1
J719,I4365,7861.0,7867.0,green,1
J719,I9845,19415.0,19420.0,green,3
J1330,I4190,7483.0,7487.0,green,2
J768,I1617,2632.0,2634.0,green,2
J768,I2034,3346.0,3349.0,green,1
J905,I1263,2001.0,2004.0,green,3
J2827,I3934,6986.0,6989.0,green,1
J2827,I5342,9870.0,9878.0,green,1
J2827,I5758,10762.0,10765.0,green,2
J2827,I6558,12387.0,12393.0,green,1
J2827,I7838,15099.0,15104.0,green,1
J4771,I7651,14709.0,14710.0,green,1
J4771,I15315,29676.0,29678.0,brown,2
J4771,I15358,29735.0,29737.0,green,1
J4771,I15403,29802.0,29803.0,brown,1
J4771,I15405,29804.0,29805.0,brown,1
J291,I514,756.0,758.0,green,1
J291,I610,901.0,902.0,brown,1
J291,I1187,1856.0,1866.0,green,1
J2142,I3899,6916.0,6917.0,green,1
J2142,I3931,6980.0,6982.0,green,1
J2142,I4059,7214.0,7215.0,brown,1
J2142,I4315,7750.0,7754.0,green,2
J3444,I12554,24757.0,24759.0,green,2
J3444,I15002,29210.0,29211.0,green,1
J1824,I4371,7880.0,7881.0,green,1
J1824,I5459,10115.0,10116.0,green,1
J1824,I5587,10378.0,10381.0,green,1
J1824,I5747,10729.0,10738.0,green,3
J3868,I10083,19886.0,19889.0,green,1
J3868,I10594,20994.0,20998.0,green,1
J3868,I10754,21319.0,21322.0,green,1
J3567,I12224,24176.0,24177.0,brown,1
J3567,I15105,29349.0,29351.0,green,2
J3567,I15329,29695.0,29696.0,green,1
J80,I6085,11422.0,11430.0,green,1
J80,I7717,14844.0,14845.0,green,1
J80,I10709,21229.0,21235.0,green,1
J722,I117,150.0,151.0,green,1
J3141,I5617,10446.0,10447.0,brown,1
J3141,I5649,10502.0,10503.0,green,1
J3141,I6130,11515.0,11517.0,brown,1
J1133,I7381,14156.0,14158.0,brown,1
J1133,I11029,21839.0,21842.0,brown,1
J1133,I12854,25370.0,25373.0,green,1
J1133,I13909,27336.0,27337.0,brown,1
J1133,I14070,27632.0,27633.0,green,1
J1133,I14934,29100.0,29104.0,green,1
J2498,I8635,16834.0,16836.0,green,1
J2498,I8667,16908.0,16913.0,green,2
J2498,I8939,17541.0,17543.0,green,2
J1190,I3457,6050.0,6052.0,brown,1
J1190,I3554,6215.0,6217.0,green,1
J1190,I3618,6352.0,6355.0,green,1
J1190,I4514,8178.0,8181.0,green,2
J1190,I5269,9716.0,9718.0,green,1
J4166,I7834,15092.0,15094.0,green,1
J4166,I11930,23596.0,23599.0,green,2
J3966,I6964,13254.0,13258.0,brown,2
J3966,I14206,27855.0,27858.0,green,3
J3966,I14517,28404.0,28405.0,brown,1
J4449,I5651,10504.0,10507.0,brown,1
J4449,I13691,26915.0,26916.0,brown,1
J3158,I5918,11067.0,11068.0,red,1
J3158,I9822,19360.0,19361.0,brown,1
J3158,I9982,19691.0,19693.0,brown,1
J3158,I12190,24113.0,24115.0,brown,1
J3158,I12607,24871.0,24875.0,green,2
J529,I8747,17088.0,17093.0,brown,3
J3575,I8042,15547.0,15548.0,brown,1
J3575,I8075,15629.0,15633.0,green,3
J3575,I8394,16314.0,16315.0,brown,1
J3575,I10090,19901.0,19905.0,green,1
J2646,I8785,17188.0,17193.0,brown,3
J2646,I9169,18059.0,18060.0,green,1
J2646,I14354,28116.0,28120.0,green,1
J1544,I2451,4083.0,4084.0,green,1
J1544,I7124,13591.0,13597.0,green,1
J1544,I9364,18474.0,18484.0,green,3
J1544,I11251,22306.0,22307.0,brown,1
J2126,I6769,12826.0,12828.0,brown,2
J2126,I7377,14145.0,14147.0,brown,1
J2126,I11889,23522.0,23525.0,brown,1
J2126,I14081,27650.0,27653.0,brown,1
J3032,I6555,12384.0,12385.0,brown,1
J3032,I6715,12697.0,12701.0,brown,1
J3032,I14468,28318.0,28321.0,green,1
J3032,I15004,29213.0,29214.0,green,1
J3032,I15070,29298.0,29299.0,green,1
J3032,I15100,29344.0,29345.0,green,1
J2114,I9299,18319.0,18322.0,green,3
J2114,I13363,26290.0,26292.0,brown,1
J2114,I13374,26310.0,26312.0,green,1
J2114,I13811,27156.0,27157.0,brown,1
J119,I451,659.0,660.0,brown,1
J119,I483,706.0,709.0,green,1
J119,I1219,1930.0,1931.0,brown,1
J119,I7139,13626.0,13629.0,brown,1
J119,I9316,18360.0,18363.0,green,1
J119,I9834,19384.0,19386.0,brown,1
J1650,I1876,3081.0,3082.0,brown,1
J1650,I2100,3466.0,3467.0,brown,1
J1650,I8245,16006.0,16015.0,green,2
J330,I533,788.0,790.0,brown,1
J330,I597,885.0,886.0,brown,1
J330,I725,1095.0,1101.0,green,1
J330,I918,1415.0,1416.0,green,1
J330,I8699,16980.0,16981.0,brown,1
J330,I9174,18064.0,18068.0,green,1
J366,I792,1210.0,1214.0,green,1
J366,I824,1269.0,1273.0,green,2
J366,I5623,10456.0,10458.0,brown,1
J366,I6231,11717.0,11718.0,brown,1
J366,I6743,12760.0,12764.0,brown,1
J4117,I10484,20761.0,20765.0,green,1
J4117,I10563,20938.0,20939.0,brown,1
J369,I194,259.0,260.0,brown,1
J369,I258,351.0,352.0,green,1
J369,I578,855.0,856.0,green,1
J369,I9304,18337.0,18342.0,green,1
J3090,I4866,8879.0,8882.0,green,1
J3090,I8162,15822.0,15830.0,green,3
J3090,I10974,21728.0,21730.0,green,1
J4343,I3898,6914.0,6916.0,brown,2
J4343,I11610,22974.0,22975.0,brown,1
J4343,I14491,28358.0,28361.0,green,1
J4343,I14500,28372.0,28375.0,green,1
J4343,I14718,28758.0,28760.0,green,1
J3290,I3047,5214.0,5217.0,brown,3
J3290,I11848,23450.0,23453.0,green,2
J2216,I1266,2009.0,2011.0,brown,1
J2216,I1490,2401.0,2402.0,green,1
J2216,I1522,2463.0,2464.0,green,1
J2216,I1714,2783.0,2787.0,brown,1
J2216,I2354,3920.0,3926.0,green,1
J2216,I7282,13931.0,13934.0,green,1
J1186,I1507,2434.0,2435.0,green,1
J1186,I4931,9001.0,9002.0,brown,1
J1186,I6020,11303.0,11307.0,green,1
J1186,I11572,22917.0,22919.0,green,2
J1186,I13072,25778.0,25780.0,green,1
J2258,I1651,2682.0,2683.0,green,1
J2258,I3764,6637.0,6639.0,green,2
J2258,I4404,7947.0,7950.0,green,2
J2258,I4724,8591.0,8597.0,green,1
J2,I40,45.0,46.0,green,1
J2,I72,81.0,84.0,green,1
J2,I10288,20322.0,20329.0,green,1
J3354,I10110,19950.0,19952.0,brown,1
J3354,I12415,24507.0,24508.0,green,1
J3354,I12447,24557.0,24558.0,green,1
J3354,I12607,24871.0,24875.0,green,1
J778,I2474,4126.0,4127.0,green,1
J778,I2475,4127.0,4134.0,green,1
J778,I2698,4536.0,4537.0,brown,1
J778,I3147,5423.0,5426.0,green,1
J778,I5707,10622.0,10629.0,green,1
J2326,I7180,13708.0,13709.0,green,1
J2326,I7340,14061.0,14064.0,green,2
J2326,I8940,17543.0,17546.0,green,2
J2326,I8972,17608.0,17609.0,green,1
J4448,I1953,3213.0,3215.0,red,1
J4448,I5505,10211.0,10213.0,brown,1
J4448,I8801,17220.0,17224.0,brown,1
J4448,I10338,20458.0,20461.0,green,1
J4448,I10594,20994.0,20998.0,green,2
J672,I2400,3993.0,3994.0,brown,1
J672,I2432,4051.0,4052.0,brown,1
J672,I2873,4885.0,4890.0,green,1
J672,I3624,6363.0,6364.0,brown,1
J672,I3713,6532.0,6538.0,green,2
J164,I484,709.0,710.0,green,1
J164,I709,1069.0,1075.0,green,2
J164,I1092,1713.0,1715.0,brown,1
J2582,I8001,15454.0,15456.0,brown,1
J2582,I9633,19000.0,19001.0,brown,1
J2582,I14706,28737.0,28738.0,green,1
J845,I1000,1555.0,1556.0,green,1
J845,I1769,2871.0,2874.0,green,1
J845,I2681,4508.0,4512.0,green,1
J845,I3177,5495.0,5498.0,green,2
J975,I1608,2622.0,2623.0,brown,1
J975,I1865,3059.0,3062.0,green,2
J975,I2921,4982.0,4983.0,green,1
J975,I5033,9215.0,9221.0,green,1
J975,I6377,12023.0,12024.0,green,1
J2024,I4426,8009.0,8011.0,green,2
J2024,I4490,8142.0,8144.0,green,2
J2024,I4874,8897.0,8900.0,green,2
J1766,I602,891.0,892.0,brown,1
J1766,I2682,4512.0,4513.0,brown,1
J1766,I3163,5464.0,5470.0,green,2
J1766,I8635,16834.0,16836.0,green,1
J2005,I1028,1599.0,1600.0,brown,1
J2005,I1668,2704.0,2706.0,brown,1
J733,I235,317.0,319.0,green,1
J733,I780,1185.0,1186.0,green,1
J733,I2253,3737.0,3738.0,brown,1
J3394,I8252,16024.0,16026.0,green,2
J3394,I8412,16356.0,16362.0,green,3
J3069,I7659,14735.0,14737.0,green,2
J3069,I7691,14791.0,14792.0,green,1
J3069,I7851,15131.0,15132.0,green,1
J3069,I8299,16108.0,16111.0,green,1
J4877,I5251,9691.0,9693.0,red,1
J4877,I10244,20232.0,20238.0,brown,1
J4877,I10980,21738.0,21740.0,brown,1
J4697,I4498,8151.0,8153.0,brown,1
J2499,I1889,3105.0,3106.0,green,1
J2499,I2465,4105.0,4108.0,green,1
J2499,I3361,5868.0,5874.0,green,2
J2499,I3841,6794.0,6799.0,green,1
J2499,I7305,13990.0,13993.0,green,1
J709,I396,567.0,571.0,green,3
J709,I397,571.0,573.0,green,1
J709,I461,673.0,676.0,green,1
J709,I685,1023.0,1026.0,green,1
J1489,I8584,16728.0,16735.0,green,1
J1489,I8936,17538.0,17539.0,green,1
J1489,I9448,18634.0,18635.0,green,1
J1489,I11081,21936.0,21938.0,brown,1
J1489,I11472,22721.0,22724.0,green,1
J3449,I4644,8419.0,8420.0,brown,1
J3449,I4741,8637.0,8639.0,green,1
J3449,I8741,17073.0,17074.0,green,1
J3449,I9125,17948.0,17952.0,green,2
J3092,I7246,13868.0,13870.0,brown,2
J3092,I8078,15640.0,15642.0,brown,1
J3092,I10383,20528.0,20534.0,green,1
J3092,I12239,24196.0,24198.0,green,1
J3227,I8310,16139.0,16142.0,green,3
J1376,I14254,27938.0,27940.0,brown,2
J1376,I14574,28505.0,28506.0,brown,1
J3932,I6993,13318.0,13320.0,green,2
J3932,I9713,19150.0,19153.0,green,1
J3932,I10385,20538.0,20541.0,green,1
J3932,I11121,22026.0,22027.0,brown,1
J3362,I6594,12460.0,12463.0,brown,1
J3362,I6627,12513.0,12516.0,green,3
J2706,I2211,3666.0,3667.0,green,1
J2706,I8404,16337.0,16342.0,green,1
J2706,I11224,22251.0,22252.0,green,1
J1446,I4755,8675.0,8678.0,green,3
J1446,I4787,8737.0,8738.0,brown,1
J1446,I4851,8850.0,8854.0,brown,1
J1446,I4947,9025.0,9030.0,green,1
J1604,I1955,3216.0,3219.0,green,1
J1604,I4004,7109.0,7112.0,green,2
J1604,I5892,11013.0,11015.0,green,1
J4439,I5112,9361.0,9362.0,brown,1
J4439,I10137,20007.0,20008.0,green,1
J4439,I13217,26017.0,26020.0,green,1
J4439,I13622,26761.0,26764.0,brown,2
J572,I1798,2931.0,2939.0,green,2
J572,I1926,3162.0,3165.0,green,1
J572,I5510,10220.0,10222.0,green,2
J572,I5542,10282.0,10287.0,green,1
J1823,I5232,9646.0,9648.0,green,2
J1823,I5936,11093.0,11095.0,brown,1
J1823,I11472,22721.0,22724.0,green,1
J690,I5678,10562.0,10566.0,green,3
J690,I7758,14922.0,14924.0,brown,1
J690,I9054,17804.0,17805.0,brown,1
J690,I9890,19504.0,19507.0,green,1
J2506,I7202,13761.0,13762.0,green,1
J2506,I7394,14175.0,14178.0,green,2
J2506,I7650,14706.0,14709.0,green,3
J4956,I12812,25288.0,25294.0,green,1
J4956,I12875,25417.0,25420.0,brown,1
J4956,I13675,26876.0,26879.0,brown,1
J4956,I14219,27872.0,27874.0,brown,2
J2765,I6594,12460.0,12463.0,brown,1
J2765,I6978,13288.0,13292.0,brown,2
J2765,I13926,27365.0,27366.0,brown,1
J2765,I13973,27451.0,27452.0,green,1
J3886,I5329,9852.0,9853.0,brown,1
J3886,I10178,20077.0,20079.0,green,2
J3886,I11619,22992.0,22996.0,green,1
J3886,I11986,23704.0,23706.0,green,1
J3389,I6166,11585.0,11588.0,green,3
J3389,I6262,11784.0,11785.0,brown,1
J3389,I6582,12444.0,12445.0,green,1
J4480,I9702,19132.0,19133.0,red,1
J4480,I10342,20467.0,20468.0,brown,1
J4480,I10438,20648.0,20650.0,brown,1
J4480,I10599,21013.0,21014.0,green,1
J4480,I10600,21014.0,21015.0,red,1
J4480,I13095,25811.0,25813.0,green,1
J2203,I6959,13242.0,13246.0,green,4
J2203,I10767,21340.0,21342.0,brown,1
J2203,I10991,21758.0,21761.0,green,1
J2696,I8096,15673.0,15680.0,green,5
J2696,I8952,17572.0,17573.0,green,1
J3044,I8339,16200.0,16202.0,green,1
J3044,I8370,16265.0,16266.0,brown,1
J3044,I9746,19209.0,19211.0,brown,1
J3044,I9907,19543.0,19546.0,green,1
J3388,I8154,15807.0,15808.0,green,1
J3388,I8218,15941.0,15943.0,green,2
J3388,I8219,15943.0,15944.0,green,1
J3388,I8251,16023.0,16024.0,green,1
J3388,I8346,16214.0,16225.0,green,1
J581,I1203,1900.0,1904.0,green,1
J581,I6003,11252.0,11253.0,green,1
J581,I7571,14554.0,14556.0,green,2
J581,I9481,18701.0,18704.0,green,1
J581,I10203,20155.0,20158.0,green,1
J4447,I4165,7439.0,7441.0,brown,1
J4447,I7845,15110.0,15113.0,brown,1
J4447,I12294,24281.0,24283.0,green,2
J4447,I13670,26863.0,26866.0,green,1
J175,I383,548.0,549.0,green,1
J175,I479,697.0,699.0,brown,1
J175,I1055,1642.0,1643.0,brown,1
J175,I1151,1804.0,1806.0,brown,1
J175,I1568,2550.0,2553.0,green,1
J4640,I2224,3688.0,3691.0,brown,1
J4640,I2544,4255.0,4256.0,brown,1
J4640,I8560,16686.0,16687.0,brown,1
J4640,I9456,18650.0,18655.0,brown,1
J4640,I10770,21348.0,21349.0,brown,1
J4640,I12050,23847.0,23852.0,green,1
J2666,I4041,7183.0,7184.0,green,1
J2666,I8010,15474.0,15475.0,green,1
J2666,I11058,21892.0,21894.0,green,2
J1039,I2384,3960.0,3962.0,green,2
J1039,I2897,4942.0,4943.0,green,1
J1039,I3057,5235.0,5237.0,green,1
J1039,I3665,6444.0,6450.0,green,1
J1754,I2935,5006.0,5007.0,brown,1
J1754,I3128,5382.0,5390.0,green,1
J1754,I4280,7659.0,7662.0,green,1
J403,I2888,4928.0,4930.0,green,1
J403,I3272,5677.0,5680.0,green,1
J403,I4456,8064.0,8071.0,green,2
J237,I16,17.0,18.0,green,1
J237,I48,54.0,56.0,green,1
J237,I112,141.0,144.0,brown,2
J237,I11024,21827.0,21832.0,green,1
J362,I1504,2423.0,2428.0,green,1
J4513,I7803,15016.0,15019.0,brown,1
J4513,I8027,15500.0,15503.0,brown,1
J4513,I8123,15742.0,15744.0,brown,1
J4513,I9371,18497.0,18499.0,brown,1
J4513,I11452,22673.0,22675.0,green,1
J4513,I14252,27934.0,27936.0,green,1
J473,I1540,2496.0,2500.0,brown,2
J473,I1564,2539.0,2544.0,green,1
J473,I1656,2688.0,2690.0,green,1
J473,I1692,2748.0,2750.0,green,1
J473,I2500,4174.0,4182.0,green,1
J2033,I8948,17560.0,17561.0,brown,1
J2033,I10837,21475.0,21480.0,green,1
J2033,I12892,25462.0,25465.0,brown,2
J2033,I13692,26916.0,26920.0,brown,1
J1930,I712,1078.0,1080.0,green,1
J1930,I776,1178.0,1179.0,brown,1
J1930,I7077,13503.0,13509.0,green,2
J3548,I6835,12955.0,12956.0,green,1
J3548,I6963,13253.0,13254.0,green,1
J3548,I8211,15920.0,15924.0,green,1
J3417,I9521,18775.0,18779.0,green,3
J3417,I11134,22049.0,22061.0,green,2
J1969,I456,665.0,666.0,green,1
J1969,I680,1014.0,1016.0,brown,1
J1969,I4809,8777.0,8778.0,green,1
J1969,I8361,16242.0,16247.0,green,2
J1969,I10761,21329.0,21330.0,green,1
J731,I1082,1685.0,1693.0,green,1
J731,I1114,1748.0,1751.0,green,1
J731,I1210,1917.0,1919.0,green,2
J731,I1850,3025.0,3027.0,brown,1
J731,I1982,3262.0,3269.0,green,1
J458,I1305,2073.0,2074.0,brown,1
J458,I1306,2074.0,2076.0,green,2
J458,I1690,2744.0,2747.0,green,2
J4040,I2591,4351.0,4352.0,brown,1
J4040,I11583,22930.0,22932.0,brown,1
J4040,I11840,23437.0,23441.0,green,1
J4040,I13519,26587.0,26589.0,brown,1
J3585,I8943,17549.0,17550.0,green,1
J3585,I9135,17984.0,17986.0,green,2
J3585,I9871,19464.0,19471.0,green,2
J132,I4111,7300.0,7314.0,green,1
J132,I11471,22716.0,22721.0,green,1
J4733,I11545,22869.0,22872.0,brown,1
J4733,I13497,26551.0,26552.0,brown,1
J4733,I14586,28527.0,28532.0,green,1
J4669,I8090,15665.0,15666.0,brown,1
J4669,I12027,23781.0,23782.0,green,1
J4669,I13627,26772.0,26773.0,green,1
J4669,I15011,29221.0,29222.0,brown,1
J166,I406,585.0,589.0,green,2
J166,I4662,8459.0,8466.0,green,4
J1147,I3373,5895.0,5897.0,green,2
J1147,I3661,6435.0,6437.0,green,1
J1147,I3758,6627.0,6630.0,brown,1
J3395,I7207,13773.0,13775.0,green,2
J3395,I7847,15114.0,15119.0,green,1
J3395,I8679,16932.0,16941.0,green,1
J3395,I11303,22399.0,22400.0,green,1
J4453,I7556,14517.0,14520.0,brown,1
J4453,I12004,23735.0,23739.0,brown,1
J4453,I14245,27920.0,27923.0,green,1
J4404,I12732,25147.0,25151.0,green,1
J4404,I12989,25625.0,25630.0,green,1
J4404,I13500,26554.0,26555.0,brown,1
J4404,I13669,26859.0,26863.0,green,1
J2862,I2247,3728.0,3729.0,green,1
J2862,I2503,4184.0,4188.0,brown,2
J2862,I2599,4361.0,4363.0,brown,1
J2862,I7176,13701.0,13702.0,green,1
J2862,I8584,16728.0,16735.0,green,1
J3795,I3323,5791.0,5792.0,brown,1
J3795,I4540,8219.0,8224.0,green,1
J434,I1523,2464.0,2468.0,green,1
J434,I1620,2636.0,2638.0,green,2
J434,I2036,3351.0,3353.0,green,2
J434,I2164,3583.0,3586.0,green,1
J4684,I12704,25086.0,25087.0,brown,1
J4684,I13249,26082.0,26086.0,green,1
J4684,I14336,28080.0,28083.0,brown,1
J4684,I14913,29069.0,29071.0,green,2
J4684,I14977,29176.0,29177.0,brown,1
J834,I2178,3611.0,3614.0,brown,1
J834,I2339,3897.0,3898.0,green,1
J834,I2371,3946.0,3947.0,green,1
J834,I3267,5668.0,5669.0,green,1
J834,I3299,5751.0,5755.0,green,1
J834,I4707,8553.0,8556.0,green,1
J3015,I10908,21608.0,21611.0,green,1
J3015,I11164,22119.0,22122.0,green,2
J3015,I11709,23160.0,23162.0,green,1
J3015,I11837,23430.0,23434.0,green,1
J3288,I3857,6835.0,6840.0,green,2
J3288,I4657,8445.0,8451.0,green,1
J3288,I10275,20283.0,20286.0,green,1
J4573,I14530,28428.0,28429.0,brown,1
J4573,I14659,28647.0,28648.0,green,1
J4573,I14743,28801.0,28804.0,green,1
J2006,I5987,11205.0,11216.0,green,2
J2006,I12051,23852.0,23855.0,green,1
J2006,I12374,24418.0,24420.0,brown,1
J1497,I2095,3457.0,3458.0,green,1
J1497,I2351,3915.0,3918.0,brown,1
J1497,I3856,6830.0,6835.0,green,1
J1497,I6896,13090.0,13099.0,green,1
J1497,I9112,17916.0,17917.0,green,1
J9,I1561,2535.0,2537.0,green,2
J9,I1817,2970.0,2974.0,green,1
J9,I4730,8611.0,8613.0,brown,1
J702,I1393,2242.0,2243.0,green,1
J702,I4369,7877.0,7878.0,green,1
J815,I792,1210.0,1214.0,green,1
J815,I1496,2410.0,2411.0,brown,1
J815,I6744,12764.0,12766.0,brown,1
J815,I7177,13702.0,13704.0,green,1
J4114,I11997,23725.0,23727.0,green,2
J4114,I12622,24910.0,24911.0,green,1
J4114,I12662,25005.0,25007.0,brown,1
J4114,I12814,25299.0,25300.0,brown,1
J4114,I13230,26046.0,26047.0,brown,1
J401,I1080,1682.0,1684.0,brown,2
J401,I10553,20921.0,20924.0,green,2
J3163,I4370,7878.0,7880.0,green,1
J3163,I7794,14998.0,14999.0,green,1
J3163,I10482,20754.0,20760.0,green,2
J3163,I11236,22274.0,22278.0,green,1
J4936,I11502,22778.0,22780.0,green,1
J4936,I11535,22846.0,22849.0,green,1
J4936,I11599,22957.0,22958.0,brown,1
J4936,I11855,23466.0,23468.0,brown,1
J4936,I12015,23755.0,23758.0,green,1
J4936,I15439,29852.0,29853.0,green,1
J639,I2971,5078.0,5080.0,green,2
J639,I3163,5464.0,5470.0,green,1
J639,I7643,14692.0,14694.0,green,1
J639,I8891,17435.0,17439.0,green,2
J1331,I1242,1969.0,1971.0,red,1
J1331,I4346,7822.0,7825.0,brown,1
J1331,I10682,21168.0,21172.0,brown,1
J1331,I14598,28558.0,28559.0,brown,1
J1331,I14650,28637.0,28638.0,brown,1
J4342,I13241,26060.0,26062.0,brown,2
J4342,I13313,26182.0,26183.0,brown,1
J4342,I13473,26514.0,26515.0,brown,1
J4253,I14047,27588.0,27589.0,green,1
J4253,I14271,27967.0,27968.0,brown,1
J3283,I5703,10611.0,10617.0,green,1
J3283,I7815,15041.0,15044.0,green,1
J3283,I9127,17954.0,17971.0,green,1
J3283,I10983,21744.0,21747.0,green,2
J3283,I11527,22826.0,22834.0,green,1
J1430,I496,728.0,729.0,brown,1
J1430,I1553,2520.0,2522.0,green,2
J1430,I1841,3010.0,3013.0,green,1
J1430,I2129,3520.0,3522.0,green,1
J1430,I3889,6901.0,6903.0,green,1
J1154,I6295,11834.0,11842.0,green,2
J1154,I9367,18489.0,18492.0,green,1
J1154,I10311,20383.0,20392.0,green,1
J1175,I4000,7102.0,7104.0,green,1
J1175,I4001,7104.0,7107.0,green,2
J1175,I4161,7428.0,7434.0,green,2
J1175,I4545,8234.0,8240.0,green,1
J2164,I182,243.0,245.0,green,1
J2164,I5718,10653.0,10654.0,green,1
J2164,I5846,10929.0,10930.0,brown,1
J2164,I8022,15491.0,15494.0,green,2
J1555,I3626,6367.0,6374.0,green,2
J1555,I4841,8837.0,8839.0,brown,1
J1555,I7370,14130.0,14136.0,green,1
J3010,I5348,9889.0,9891.0,green,1
J3010,I6020,11303.0,11307.0,green,1
J3872,I5633,10477.0,10478.0,green,1
J3872,I5665,10529.0,10531.0,brown,2
J3872,I5729,10674.0,10676.0,brown,2
J3872,I5953,11127.0,11129.0,brown,1
J3113,I10254,20250.0,20252.0,green,1
J279,I5011,9175.0,9177.0,brown,1
J279,I12179,24090.0,24093.0,brown,1
J279,I12628,24922.0,24927.0,green,1
J279,I14580,28514.0,28520.0,green,1
J279,I14644,28630.0,28631.0,green,1
J3023,I4840,8836.0,8837.0,brown,1
J3023,I6536,12340.0,12342.0,brown,1
J3023,I10216,20177.0,20178.0,brown,1
J3023,I12136,24005.0,24009.0,brown,1
J3023,I13417,26397.0,26401.0,green,1
J4424,I10131,19991.0,19993.0,green,1
J4424,I12114,23974.0,23976.0,brown,1
J4424,I14035,27566.0,27567.0,green,1
J870,I2407,4007.0,4008.0,green,1
J870,I2504,4188.0,4190.0,green,1
J870,I3691,6492.0,6493.0,green,1
J870,I3768,6649.0,6650.0,green,1
J4603,I6201,11651.0,11653.0,brown,1
J4603,I6297,11844.0,11847.0,brown,1
J4603,I10105,19931.0,19941.0,green,1
J4603,I10265,20268.0,20269.0,green,1
J4603,I14714,28750.0,28753.0,green,1
J4603,I15130,29393.0,29394.0,green,1
J4911,I5220,9625.0,9628.0,brown,1
J4911,I10212,20171.0,20173.0,brown,1
J4911,I11204,22197.0,22199.0,brown,1
J4911,I12164,24063.0,24065.0,brown,1
J4911,I15196,29491.0,29493.0,brown,1
J4911,I15232,29550.0,29551.0,brown,1
J1336,I2823,4778.0,4781.0,brown,1
J1336,I13415,26393.0,26394.0,brown,1
J1336,I13976,27457.0,27462.0,green,2
J1336,I14087,27658.0,27659.0,brown,1
J1336,I14927,29091.0,29094.0,brown,1
J2585,I5711,10633.0,10634.0,green,1
J2585,I6575,12428.0,12431.0,green,2
J2585,I8383,16289.0,16291.0,green,1
J2585,I8815,17252.0,17255.0,green,1
J673,I1600,2607.0,2609.0,green,2
J673,I2656,4462.0,4463.0,green,1
J673,I6638,12541.0,12543.0,green,2
J1686,I4111,7300.0,7314.0,green,2
J1686,I5423,10056.0,10059.0,green,1
J1686,I6895,13081.0,13090.0,green,1
J1686,I10799,21394.0,21395.0,green,1
J3768,I8902,17458.0,17460.0,green,2
J3768,I8998,17692.0,17696.0,green,3
J3768,I12606,24869.0,24871.0,green,1
J1737,I4154,7411.0,7413.0,brown,2
J1737,I11130,22042.0,22044.0,brown,1
J1737,I11803,23351.0,23352.0,green,1
J1737,I12123,23987.0,23989.0,green,2
J3740,I7849,15121.0,15126.0,green,1
J3740,I13194,25978.0,25979.0,green,1
J3740,I13322,26206.0,26210.0,green,1
J3740,I13898,27311.0,27318.0,green,1
J1306,I4960,9057.0,9060.0,brown,1
J1306,I5985,11196.0,11204.0,green,1
J4604,I8003,15458.0,15459.0,red,1
J4604,I8292,16088.0,16089.0,brown,1
J4604,I10788,21375.0,21376.0,green,1
J4604,I11556,22893.0,22894.0,brown,1
J3580,I10678,21159.0,21160.0,green,1
J3580,I10710,21235.0,21237.0,brown,1
J3580,I10774,21352.0,21356.0,brown,3
J3580,I10838,21480.0,21483.0,green,1
J684,I291,403.0,404.0,green,1
J684,I4068,7229.0,7231.0,green,2
J684,I4933,9003.0,9004.0,brown,1
J684,I6564,12406.0,12408.0,green,1
J684,I8036,15524.0,15531.0,green,1
J2769,I4851,8850.0,8854.0,brown,1
J2769,I4915,8967.0,8968.0,brown,1
J2769,I5331,9856.0,9857.0,brown,1
J2769,I12660,24999.0,25003.0,green,2
J2769,I13331,26223.0,26225.0,brown,1
J2667,I1993,3282.0,3283.0,brown,1
J2667,I6697,12666.0,12667.0,brown,1
J2667,I8106,15697.0,15709.0,green,1
J2667,I10494,20786.0,20790.0,green,1
J1818,I3287,5723.0,5725.0,green,2
J1818,I8519,16595.0,16601.0,green,1
J1818,I8951,17565.0,17572.0,green,1
J3535,I1958,3221.0,3222.0,brown,1
J3535,I2150,3564.0,3565.0,brown,1
J3535,I7271,13909.0,13910.0,green,1
J680,I1269,2014.0,2015.0,green,1
J3366,I8301,16112.0,16118.0,green,2
J3366,I10764,21332.0,21334.0,brown,1
J947,I3398,5938.0,5939.0,brown,1
J947,I3814,6745.0,6747.0,brown,1
J947,I8679,16932.0,16941.0,green,1
J947,I9127,17954.0,17971.0,green,2
J947,I13319,26191.0,26199.0,green,1
J3920,I9387,18525.0,18528.0,green,1
J3920,I12940,25538.0,25539.0,green,1
J3920,I13804,27139.0,27146.0,green,1
J3193,I438,640.0,641.0,green,1
J3193,I566,839.0,841.0,brown,1
J3193,I4471,8097.0,8099.0,green,1
J3193,I8151,15801.0,15805.0,green,2
J3193,I11286,22364.0,22366.0,brown,1
J494,I1539,2495.0,2496.0,green,1
J494,I1603,2613.0,2614.0,brown,1
J494,I2148,3558.0,3561.0,green,1
J494,I7524,14453.0,14455.0,green,1
J494,I8036,15524.0,15531.0,green,1
J4458,I2676,4503.0,4504.0,red,1
J4458,I2836,4808.0,4810.0,red,1
J4458,I12564,24777.0,24779.0,brown,1
J4458,I13205,25995.0,25998.0,green,2
J4458,I15288,29636.0,29638.0,brown,1
J2572,I6863,13019.0,13021.0,brown,1
J2572,I8592,16746.0,16751.0,green,1
J2572,I9936,19595.0,19596.0,green,1
J2572,I11472,22721.0,22724.0,green,1
J1925,I2672,4497.0,4499.0,green,2
J1925,I5424,10059.0,10061.0,green,1
J1372,I1455,2343.0,2349.0,green,1
J1372,I4015,7134.0,7135.0,green,1
J1372,I5423,10056.0,10059.0,green,1
J1372,I7623,14660.0,14661.0,green,1
J1372,I7907,15263.0,15271.0,green,2
J109,I131,171.0,172.0,green,1
J109,I292,404.0,405.0,green,1
J109,I548,810.0,812.0,green,1
J109,I2488,4155.0,4156.0,green,1
J3834,I11618,22989.0,22992.0,brown,1
J3834,I13859,27244.0,27247.0,green,1
J3894,I9922,19575.0,19576.0,brown,1
J3894,I10051,19823.0,19827.0,green,1
J1891,I3208,5553.0,5555.0,green,1
J1891,I6728,12724.0,12728.0,green,1
J1891,I9512,18756.0,18757.0,green,1
J3397,I9115,17922.0,17929.0,green,1
J3397,I11900,23542.0,23546.0,green,2
J3397,I13244,26068.0,26070.0,green,1
J3397,I14204,27851.0,27852.0,green,1
J2691,I7543,14495.0,14497.0,brown,2
J2691,I12815,25300.0,25301.0,brown,1
J2691,I13111,25840.0,25841.0,brown,1
J2691,I13182,25956.0,25962.0,green,1
J4473,I5792,10829.0,10832.0,brown,1
J4473,I10401,20568.0,20570.0,green,1
J4473,I12480,24625.0,24626.0,brown,1
J991,I1938,3184.0,3185.0,green,1
J991,I2034,3346.0,3349.0,green,1
J991,I4210,7529.0,7530.0,brown,1
J991,I6734,12735.0,12741.0,green,3
J474,I2500,4174.0,4182.0,green,1
J474,I2852,4837.0,4839.0,green,2
J2411,I2161,3580.0,3581.0,red,1
J2411,I2673,4499.0,4500.0,brown,1
J2411,I5393,9982.0,9984.0,brown,1
J2411,I12818,25304.0,25306.0,green,2
J2411,I13522,26592.0,26594.0,brown,1
J1978,I3559,6229.0,6234.0,green,2
J1978,I10180,20080.0,20082.0,green,1
J3296,I5493,10185.0,10186.0,green,1
J3296,I5717,10647.0,10653.0,green,5
J3326,I7694,14794.0,14797.0,brown,1
J3326,I7950,15352.0,15353.0,brown,1
J3326,I8143,15783.0,15784.0,green,1
J3326,I10383,20528.0,20534.0,green,2
J3326,I12175,24078.0,24082.0,brown,1
J4550,I4032,7164.0,7165.0,brown,1
J4550,I5024,9200.0,9202.0,brown,2
J4550,I5472,10144.0,10148.0,brown,1
J4550,I5792,10829.0,10832.0,brown,1
J1161,I1204,1904.0,1911.0,green,3
J1161,I1940,3187.0,3193.0,green,3
J1298,I1871,3072.0,3074.0,brown,1
J1298,I1903,3128.0,3129.0,red,1
J1298,I12175,24078.0,24082.0,brown,1
J1298,I14347,28103.0,28104.0,brown,1
J1298,I14373,28161.0,28163.0,brown,2
J2609,I5163,9494.0,9498.0,green,2
J2609,I5451,10101.0,10102.0,green,1
J2609,I9099,17890.0,17893.0,green,1
J3457,I9148,18009.0,18010.0,green,1
J3457,I11228,22258.0,22259.0,green,1
J3457,I13220,26025.0,26029.0,green,1
J3457,I13604,26729.0,26730.0,green,1
J2562,I2720,4571.0,4572.0,green,1
J2562,I3008,5142.0,5143.0,green,1
J2562,I3072,5264.0,5273.0,green,2
J2562,I4192,7491.0,7492.0,green,1
J2562,I5664,10527.0,10529.0,green,1
J1742,I12179,24090.0,24093.0,brown,2
J1742,I14772,28849.0,28850.0,green,1
J4581,I10295,20347.0,20348.0,red,1
J4581,I14264,27953.0,27959.0,green,1
J4581,I14936,29105.0,29107.0,green,1
J4423,I8825,17272.0,17274.0,green,1
J4423,I11160,22110.0,22113.0,green,1
J4423,I13625,26766.0,26769.0,green,1
J1758,I5503,10202.0,10204.0,green,1
J1758,I5727,10670.0,10673.0,green,2
J1758,I5895,11022.0,11023.0,green,1
J1758,I6055,11370.0,11374.0,green,2
J3599,I8346,16214.0,16225.0,green,6
J4053,I10016,19757.0,19759.0,red,2
J4053,I10144,20016.0,20018.0,red,1
J4053,I11201,22191.0,22193.0,brown,1
J4053,I14313,28049.0,28051.0,brown,1
J1623,I2932,4999.0,5003.0,green,2
J1623,I2996,5120.0,5123.0,green,1
J1623,I3059,5239.0,5240.0,green,1
J1623,I3091,5318.0,5319.0,green,1
J1623,I3123,5374.0,5377.0,brown,1
J3618,I5016,9188.0,9189.0,brown,1
J3618,I5145,9427.0,9429.0,green,1
J3618,I10637,21077.0,21079.0,green,1
J3618,I10713,21240.0,21242.0,green,1
J71,I148,194.0,195.0,green,1
J71,I5604,10417.0,10419.0,brown,1
J71,I7907,15263.0,15271.0,green,3
J4290,I14113,27706.0,27709.0,green,1
J4290,I14865,29008.0,29011.0,green,2
J1352,I7308,13995.0,13999.0,green,1
J1352,I11211,22216.0,22220.0,brown,1
J1352,I11308,22405.0,22408.0,green,2
J1318,I2946,5027.0,5028.0,green,1
J1318,I3395,5934.0,5935.0,brown,1
J3801,I5295,9768.0,9770.0,brown,1
J3801,I9744,19205.0,19208.0,green,1
J3801,I10127,19986.0,19988.0,brown,1
J3801,I10736,21287.0,21288.0,green,1
J3801,I13632,26777.0,26779.0,brown,2
J3917,I8447,16430.0,16432.0,brown,2
J3917,I8736,17060.0,17062.0,green,1
J3917,I8768,17148.0,17149.0,brown,1
J3917,I8800,17219.0,17220.0,brown,1
J1012,I2224,3688.0,3691.0,brown,1
J1012,I2449,4081.0,4082.0,green,1
J1012,I3185,5512.0,5515.0,brown,1
J1012,I3761,6633.0,6634.0,green,1
J3173,I6464,12189.0,12191.0,brown,1
J3173,I7297,13965.0,13969.0,green,1
J3173,I9536,18802.0,18806.0,brown,1
J3173,I9793,19307.0,19312.0,green,1
J3173,I11168,22128.0,22129.0,brown,1
J3173,I11872,23496.0,23497.0,brown,1
J4438,I13273,26119.0,26120.0,green,1
J4438,I13338,26239.0,26242.0,green,2
J4438,I13946,27399.0,27413.0,green,1
J3071,I13260,26100.0,26102.0,brown,1
J3071,I14477,28331.0,28334.0,green,1
J3071,I14829,28950.0,28954.0,green,1
J1632,I4922,8987.0,8988.0,green,1
J1632,I5018,9190.0,9191.0,green,1
J1632,I5050,9256.0,9257.0,green,1
J1632,I5114,9363.0,9365.0,green,1
J3292,I2917,4976.0,4978.0,brown,1
J3292,I10406,20574.0,20579.0,green,3
J1182,I1815,2965.0,2967.0,green,1
J1182,I1847,3020.0,3021.0,brown,1
J1182,I2072,3415.0,3417.0,green,1
J496,I5987,11205.0,11216.0,green,2
J2210,I7157,13664.0,13669.0,brown,2
J2210,I7765,14935.0,14937.0,brown,1
J2210,I13846,27218.0,27223.0,green,2
J129,I5533,10260.0,10262.0,brown,1
J129,I13117,25848.0,25851.0,brown,1
J129,I14238,27910.0,27911.0,green,1
J129,I14462,28304.0,28306.0,green,1
J4754,I11900,23542.0,23546.0,green,1
J4754,I11964,23660.0,23661.0,brown,1
J4754,I12061,23874.0,23878.0,green,1
J4754,I13437,26442.0,26444.0,green,2
J4754,I13821,27174.0,27175.0,green,1
J4761,I10817,21434.0,21435.0,red,1
J4761,I10882,21563.0,21564.0,brown,1
J4761,I10914,21616.0,21617.0,brown,1
J4761,I11042,21865.0,21867.0,green,1
J1789,I4883,8912.0,8913.0,brown,1
J1789,I14580,28514.0,28520.0,green,2
J1789,I14979,29179.0,29181.0,brown,2
J613,I1433,2306.0,2308.0,green,2
J613,I2073,3417.0,3418.0,green,1
J2736,I8456,16448.0,16449.0,brown,1
J2736,I10473,20728.0,20735.0,green,1
J2736,I12990,25630.0,25632.0,green,2
J4757,I12821,25308.0,25310.0,green,2
J4757,I13301,26162.0,26163.0,brown,1
J4757,I14069,27630.0,27632.0,brown,2
J4695,I9340,18426.0,18429.0,brown,2
J4695,I11453,22675.0,22680.0,green,2
J4695,I12764,25204.0,25209.0,green,1
J256,I9847,19427.0,19432.0,green,1
J256,I10327,20430.0,20432.0,brown,1
J256,I10487,20767.0,20769.0,brown,1
J256,I11255,22313.0,22315.0,brown,1
J256,I13079,25788.0,25789.0,brown,1
J256,I14487,28352.0,28353.0,green,1
J1225,I2083,3435.0,3436.0,green,1
J1225,I4036,7170.0,7176.0,green,2
J1225,I10136,20001.0,20007.0,green,1
J4841,I9815,19350.0,19351.0,brown,1
J4841,I11895,23535.0,23536.0,brown,1
J4841,I12695,25073.0,25075.0,brown,1
J4841,I14024,27543.0,27549.0,green,2
J2918,I5177,9523.0,9527.0,green,2
J2918,I5657,10515.0,10519.0,green,1
J2918,I8312,16145.0,16148.0,brown,1
J2918,I10553,20921.0,20924.0,green,1
J2918,I11742,23212.0,23221.0,green,1
J364,I938,1444.0,1445.0,green,1
J364,I939,1445.0,1448.0,green,2
J364,I971,1504.0,1505.0,green,1
J3310,I6174,11604.0,11607.0,brown,1
J3310,I6207,11662.0,11664.0,green,2
J3310,I6623,12506.0,12507.0,green,1
J3310,I6751,12791.0,12793.0,green,2
J2318,I1148,1801.0,1802.0,brown,1
J2318,I12061,23874.0,23878.0,green,2
J2318,I12213,24157.0,24159.0,green,1
J682,I955,1480.0,1481.0,brown,1
J682,I1083,1693.0,1701.0,green,5
J4508,I9251,18226.0,18228.0,brown,1
J4508,I9379,18508.0,18509.0,green,1
J3248,I8517,16593.0,16594.0,green,1
J3248,I9094,17871.0,17880.0,green,1
J3248,I13830,27188.0,27194.0,green,2
J1935,I5542,10282.0,10287.0,green,1
J1935,I6278,11806.0,11808.0,green,1
J1935,I8664,16899.0,16903.0,green,1
J2316,I6677,12625.0,12627.0,green,1
J2316,I7029,13391.0,13395.0,green,2
J3352,I10046,19811.0,19816.0,brown,1
J3352,I10239,20215.0,20219.0,green,3
J3352,I10335,20453.0,20454.0,green,1
J3352,I10783,21367.0,21369.0,green,1
J4833,I6661,12587.0,12590.0,brown,2
J4833,I7781,14975.0,14976.0,brown,1
J4833,I10566,20942.0,20949.0,green,1
J4833,I14758,28828.0,28829.0,green,1
J4833,I14830,28954.0,28957.0,green,1
J943,I7289,13946.0,13950.0,green,1
J943,I13121,25857.0,25858.0,green,1
J943,I13145,25895.0,25896.0,brown,1
J943,I13429,26422.0,26428.0,green,1
J3919,I11002,21777.0,21782.0,green,2
J1987,I973,1507.0,1509.0,green,1
J1987,I1325,2114.0,2116.0,green,1
J1987,I6509,12290.0,12297.0,green,2
J2764,I6504,12278.0,12282.0,green,2
J2764,I11671,23087.0,23089.0,brown,1
J988,I5747,10729.0,10738.0,green,1
J988,I8435,16409.0,16412.0,green,2
J988,I11319,22427.0,22435.0,green,1
J988,I11831,23414.0,23422.0,green,2
J4215,I9970,19668.0,19670.0,brown,2
J4215,I10482,20754.0,20760.0,green,1
J4215,I13175,25945.0,25946.0,green,1
J2426,I5000,9139.0,9144.0,green,2
J2426,I5127,9387.0,9390.0,brown,2
J2426,I8776,17162.0,17164.0,green,1
J2636,I6589,12452.0,12455.0,green,3
J2636,I7133,13615.0,13618.0,green,1
J4207,I7424,14238.0,14241.0,brown,3
J4207,I7776,14966.0,14968.0,brown,1
J951,I8172,15846.0,15847.0,green,1
J951,I11468,22710.0,22714.0,green,2
J951,I11972,23675.0,23677.0,green,1
J491,I1317,2099.0,2104.0,green,1
J491,I1445,2326.0,2329.0,brown,1
J491,I1765,2863.0,2866.0,green,1
J491,I1829,2990.0,2992.0,green,1
J3367,I10002,19730.0,19732.0,green,2
J3367,I10162,20047.0,20049.0,green,2
J3367,I10611,21028.0,21029.0,brown,1
J3367,I10931,21647.0,21649.0,brown,1
J4038,I9328,18398.0,18401.0,green,2
J4038,I9391,18533.0,18534.0,brown,1
J4038,I10384,20534.0,20538.0,green,1
J4229,I12641,24947.0,24948.0,green,1
J4229,I13321,26200.0,26206.0,green,1
J4642,I14513,28398.0,28399.0,brown,1
J4642,I14545,28451.0,28453.0,brown,2
J3272,I7476,14338.0,14339.0,green,1
J3272,I9348,18441.0,18446.0,green,2
J3272,I10540,20901.0,20904.0,green,1
J3183,I5230,9644.0,9645.0,green,1
J3183,I5231,9645.0,9646.0,green,1
J3183,I5582,10359.0,10361.0,green,1
J3183,I7695,14797.0,14799.0,brown,1
J3183,I10948,21677.0,21679.0,green,1
J1924,I4317,7757.0,7759.0,brown,1
J1924,I12302,24294.0,24295.0,green,1
J1924,I14286,27995.0,27997.0,brown,2
J2014,I7697,14802.0,14805.0,brown,1
J2014,I11409,22605.0,22606.0,brown,1
J2014,I14321,28061.0,28063.0,brown,1
J2014,I15121,29379.0,29381.0,brown,1
J2014,I15346,29715.0,29716.0,green,1
J2014,I15378,29764.0,29766.0,green,1
J3219,I3001,5128.0,5135.0,green,1
J3219,I7289,13946.0,13950.0,green,1
J3219,I9688,19099.0,19100.0,brown,1
J691,I10619,21039.0,21040.0,green,1
J691,I10683,21172.0,21174.0,green,1
J691,I11035,21849.0,21853.0,green,1
J691,I12412,24500.0,24502.0,green,1
J3689,I11693,23124.0,23129.0,green,3
J4429,I5416,10038.0,10042.0,brown,3
J1412,I9323,18383.0,18392.0,green,2
J4408,I12691,25066.0,25068.0,brown,2
J4408,I13971,27448.0,27449.0,brown,1
J2807,I8158,15814.0,15816.0,brown,2
J2807,I8286,16079.0,16081.0,green,1
J2807,I9630,18997.0,18998.0,brown,1
J2807,I13375,26312.0,26314.0,green,1
J2807,I14319,28058.0,28060.0,green,1
J4621,I8970,17601.0,17604.0,brown,1
J4621,I11754,23247.0,23250.0,green,1
J4621,I11915,23569.0,23573.0,green,1
J4621,I15179,29463.0,29469.0,green,1
J47,I7508,14417.0,14419.0,green,1
J47,I10139,20009.0,20010.0,brown,1
J47,I10183,20090.0,20094.0,brown,1
J47,I10331,20441.0,20444.0,brown,1
J4750,I9218,18154.0,18155.0,green,1
J4750,I15492,29925.0,29927.0,green,1
J4750,I15503,29940.0,29941.0,green,1
J4750,I15508,29946.0,29950.0,green,2
J4750,I15509,29950.0,29951.0,brown,1
J656,I957,1482.0,1483.0,brown,1
J656,I989,1540.0,1542.0,brown,1
J656,I1374,2209.0,2214.0,green,1
J1274,I9693,19110.0,19112.0,green,1
J1274,I9757,19235.0,19240.0,green,1
J1274,I10238,20211.0,20215.0,green,1
J2664,I10523,20865.0,20867.0,brown,1
J2664,I11035,21849.0,21853.0,green,2
J2664,I14159,27784.0,27785.0,green,1
J2531,I3766,6646.0,6648.0,green,1
J2531,I4310,7740.0,7741.0,brown,1
J2531,I4438,8028.0,8029.0,brown,1
J2531,I6295,11834.0,11842.0,green,2
J2531,I11790,23315.0,23318.0,brown,1
J3767,I8649,16868.0,16870.0,green,1
J3767,I8842,17329.0,17332.0,green,2
J3767,I9289,18297.0,18298.0,brown,1
J3767,I12202,24137.0,24139.0,green,2
J1896,I2329,3878.0,3881.0,green,1
J1896,I3866,6857.0,6858.0,green,1
J1896,I8346,16214.0,16225.0,green,2
J4610,I12190,24113.0,24115.0,brown,1
J4610,I12927,25515.0,25519.0,green,1
J4610,I13343,26247.0,26250.0,green,3
J1590,I4096,7279.0,7281.0,green,1
J1590,I4511,8172.0,8174.0,brown,1
J2746,I8304,16124.0,16129.0,green,5
J2746,I8816,17255.0,17257.0,brown,1
J3586,I7856,15142.0,15145.0,green,3
J3586,I8016,15481.0,15483.0,green,2
J3586,I8496,16544.0,16545.0,green,1
J4578,I3540,6195.0,6198.0,red,1
J4578,I6292,11829.0,11830.0,brown,1
J4578,I10516,20852.0,20854.0,brown,1
J4578,I12885,25435.0,25447.0,green,1
J4578,I14900,29053.0,29054.0,brown,1
J4578,I15036,29255.0,29257.0,brown,1
J2349,I2675,4501.0,4503.0,brown,1
J2349,I4275,7651.0,7652.0,brown,1
J2349,I8628,16817.0,16820.0,green,1
J2349,I12915,25497.0,25500.0,brown,1
J3238,I7827,15082.0,15083.0,green,1
J3238,I7923,15310.0,15313.0,green,3
J3238,I8147,15789.0,15795.0,green,2
J4614,I9812,19345.0,19347.0,brown,1
J4614,I10228,20192.0,20193.0,brown,1
J4614,I14484,28349.0,28350.0,brown,1
J4614,I14686,28699.0,28702.0,green,1
J4614,I14836,28967.0,28968.0,brown,1
J3756,I7735,14880.0,14883.0,red,1
J3756,I9335,18416.0,18417.0,brown,1
J3756,I11383,22561.0,22562.0,brown,1
J3756,I14136,27747.0,27750.0,green,2
J2581,I6836,12956.0,12962.0,green,4
J2581,I12436,24541.0,24542.0,green,1
J1037,I3278,5694.0,5697.0,green,1
J539,I1116,1752.0,1753.0,green,1
J539,I1213,1921.0,1923.0,green,1
J539,I1661,2694.0,2696.0,green,1
J539,I5597,10405.0,10408.0,green,2
J539,I7320,14018.0,14032.0,green,1
J625,I1625,2646.0,2647.0,green,1
J625,I2330,3881.0,3883.0,green,2
J625,I2618,4389.0,4390.0,green,1
J625,I2642,4431.0,4433.0,green,1
J2889,I4242,7590.0,7592.0,green,1
J2889,I8338,16199.0,16200.0,green,1
J2889,I8978,17639.0,17644.0,green,4
J4536,I12978,25609.0,25611.0,brown,2
J4536,I14002,27506.0,27508.0,brown,1
J4536,I14523,28414.0,28419.0,green,2
J1448,I2858,4851.0,4855.0,brown,2
J1448,I9867,19459.0,19461.0,green,1
J1448,I11831,23414.0,23422.0,green,2
J1448,I12414,24506.0,24507.0,green,1
J2416,I10182,20087.0,20090.0,brown,1
J2416,I10887,21572.0,21581.0,green,1
J2416,I14231,27892.0,27897.0,green,1
J3676,I4074,7240.0,7242.0,brown,1
J3676,I9386,18523.0,18525.0,brown,1
J3676,I10731,21272.0,21274.0,green,1
J3676,I11915,23569.0,23573.0,green,1
J3407,I8927,17508.0,17513.0,brown,1
J3407,I8991,17663.0,17668.0,green,1
J3407,I9151,18014.0,18022.0,green,2
J3407,I9503,18740.0,18741.0,brown,1
J3407,I12032,23808.0,23811.0,green,1
J2840,I10649,21105.0,21109.0,brown,1
J2840,I10842,21492.0,21496.0,green,2
J3690,I5794,10835.0,10837.0,green,1
J3690,I5921,11070.0,11072.0,brown,1
J3690,I5954,11129.0,11133.0,green,1
J3690,I6017,11294.0,11296.0,brown,1
J1048,I4117,7327.0,7328.0,brown,1
J1048,I9621,18969.0,18973.0,green,1
J1048,I13893,27302.0,27303.0,brown,1
J4286,I8701,16983.0,16987.0,green,1
J4286,I10173,20068.0,20071.0,green,1
J4286,I10588,20985.0,20987.0,brown,1
J4286,I12653,24976.0,24980.0,green,2
J4286,I12997,25644.0,25645.0,green,1
J4368,I10353,20481.0,20484.0,brown,2
J4368,I10609,21025.0,21026.0,brown,1
J3873,I9040,17780.0,17783.0,green,1
J3873,I13648,26807.0,26810.0,brown,1
J3873,I13809,27152.0,27154.0,green,1
J3873,I13873,27268.0,27269.0,green,1
J3873,I13905,27327.0,27333.0,green,2
J238,I481,701.0,704.0,green,1
J238,I3842,6799.0,6801.0,green,1
J238,I7610,14635.0,14641.0,green,2
J3968,I6628,12516.0,12522.0,green,2
J3968,I7396,14179.0,14180.0,green,1
J3968,I10324,20426.0,20427.0,green,1
J3968,I11796,23329.0,23333.0,green,1
J3968,I12062,23878.0,23882.0,green,1
J1447,I3521,6164.0,6166.0,green,2
J1447,I4961,9060.0,9064.0,green,1
J1447,I5569,10340.0,10342.0,green,1
J1447,I8241,15990.0,15992.0,green,2
J1082,I1900,3123.0,3125.0,green,1
J1082,I1931,3172.0,3173.0,green,1
J1082,I1963,3227.0,3230.0,green,1
J1082,I4684,8511.0,8514.0,green,1
J1082,I5132,9396.0,9401.0,green,1
J1082,I5196,9565.0,9571.0,green,1
J4496,I11673,23091.0,23094.0,green,3
J4496,I11737,23206.0,23207.0,green,1
J4496,I11769,23280.0,23281.0,green,1
J4496,I11801,23344.0,23347.0,green,1
J2567,I197,262.0,263.0,brown,1
J2567,I1574,2559.0,2562.0,green,1
J2567,I2310,3839.0,3842.0,green,1
J2567,I8134,15761.0,15769.0,green,1
J2567,I8438,16414.0,16420.0,green,1
J2567,I8854,17355.0,17359.0,green,1
J4348,I4546,8240.0,8242.0,brown,1
J4348,I12850,25363.0,25366.0,brown,1
J4348,I13283,26138.0,26141.0,green,2
J4348,I13431,26433.0,26435.0,green,1
J2017,I1009,1566.0,1567.0,green,1
J2017,I2994,5117.0,5119.0,green,1
J2017,I4338,7801.0,7802.0,green,1
J2912,I4918,8972.0,8975.0,green,2
J2912,I9494,18722.0,18728.0,green,1
J4898,I3602,6328.0,6330.0,red,1
J4898,I14771,28847.0,28849.0,green,2
J4898,I15187,29480.0,29481.0,green,1
J4898,I15299,29653.0,29656.0,green,2
J3531,I13321,26200.0,26206.0,green,1
J3531,I13845,27217.0,27218.0,green,1
J3531,I14217,27870.0,27871.0,brown,1
J3531,I14253,27936.0,27938.0,brown,1
J849,I530,784.0,786.0,green,1
J849,I563,835.0,837.0,green,1
J849,I594,882.0,883.0,brown,1
J849,I883,1360.0,1362.0,green,1
J849,I3987,7083.0,7084.0,green,1
J849,I4715,8573.0,8579.0,green,1
J616,I6802,12893.0,12894.0,green,1
J616,I6834,12954.0,12955.0,green,1
J616,I7122,13585.0,13590.0,green,1
J616,I9074,17837.0,17839.0,green,1
J616,I11523,22816.0,22821.0,green,2
J4399,I9887,19499.0,19501.0,brown,1
J4399,I12640,24945.0,24947.0,green,1
J4399,I14400,28200.0,28202.0,green,1
J4399,I14532,28430.0,28434.0,green,1
J1053,I4512,8174.0,8175.0,brown,1
J1053,I7905,15257.0,15259.0,green,1
J1053,I8112,15722.0,15723.0,brown,1
J39,I7561,14532.0,14534.0,brown,1
J39,I13010,25672.0,25675.0,green,1
J39,I13065,25766.0,25769.0,brown,1
J39,I13450,26471.0,26473.0,green,2
J39,I13898,27311.0,27318.0,green,1
J3573,I10491,20780.0,20782.0,green,2
J3573,I11323,22440.0,22441.0,green,1
J898,I3012,5148.0,5153.0,green,1
J898,I6564,12406.0,12408.0,green,1
J898,I7876,15199.0,15202.0,green,1
J898,I8664,16899.0,16903.0,green,1
J898,I9316,18360.0,18363.0,green,2
J3007,I11749,23236.0,23239.0,green,1
J3007,I12437,24542.0,24544.0,green,2
J1067,I3364,5876.0,5879.0,green,1
J1067,I3396,5935.0,5936.0,brown,1
J1067,I3780,6675.0,6677.0,brown,2
J1067,I12548,24747.0,24748.0,brown,1
J1131,I3427,5990.0,5994.0,green,1
J1131,I4930,9000.0,9001.0,brown,1
J1131,I7298,13969.0,13972.0,brown,1
J1131,I7363,14118.0,14120.0,green,2
J1983,I352,499.0,500.0,green,1
J1983,I3745,6603.0,6607.0,green,1
J1983,I7077,13503.0,13509.0,green,2
J1983,I7209,13777.0,13778.0,green,1
J3386,I1981,3261.0,3262.0,green,1
J3386,I2461,4099.0,4101.0,brown,2
J3386,I2878,4897.0,4901.0,green,1
J3386,I11746,23226.0,23233.0,green,1
J4809,I8937,17539.0,17540.0,brown,1
J4809,I13769,27059.0,27061.0,brown,1
J4809,I14154,27776.0,27779.0,green,1
J4809,I14226,27884.0,27886.0,green,1
J4809,I14490,28356.0,28358.0,green,1
J4809,I14889,29040.0,29041.0,brown,1
J3299,I9051,17799.0,17801.0,green,2
J3299,I9723,19166.0,19168.0,brown,1
J3299,I10459,20704.0,20705.0,green,1
J3299,I10807,21417.0,21420.0,green,1
J4226,I3403,5944.0,5945.0,brown,1
J4226,I3627,6374.0,6375.0,brown,1
J4226,I8076,15633.0,15637.0,green,2
J189,I624,925.0,927.0,brown,1
J189,I641,953.0,954.0,green,1
J189,I705,1058.0,1060.0,brown,2
J189,I761,1152.0,1154.0,brown,1
J189,I815,1248.0,1252.0,green,1
J4722,I12869,25404.0,25406.0,green,2
J4722,I13205,25995.0,25998.0,green,1
J4722,I13557,26651.0,26653.0,green,2
J4722,I15222,29533.0,29534.0,brown,1
J697,I618,915.0,920.0,green,2
J697,I714,1081.0,1082.0,brown,1
J697,I746,1134.0,1135.0,brown,1
J1648,I5613,10441.0,10443.0,brown,2
J1648,I9550,18830.0,18832.0,green,2
J1648,I13358,26280.0,26284.0,green,1
J1086,I3921,6955.0,6958.0,brown,2
J1086,I11633,23017.0,23019.0,brown,1
J1086,I13362,26288.0,26290.0,green,1
J1086,I14654,28641.0,28643.0,green,2
J2121,I3290,5728.0,5731.0,green,2
J2121,I3770,6651.0,6656.0,green,3
J2121,I7354,14101.0,14104.0,green,1
J801,I681,1016.0,1018.0,brown,1
J801,I1514,2445.0,2449.0,green,1
J2783,I382,547.0,548.0,green,1
J2783,I2510,4197.0,4199.0,brown,1
J2783,I2655,4457.0,4462.0,green,1
J4066,I11314,22414.0,22416.0,brown,2
J2799,I3900,6917.0,6918.0,green,1
J2799,I3996,7095.0,7098.0,green,1
J2755,I12073,23900.0,23901.0,green,1
J2755,I13033,25720.0,25721.0,green,1
J3314,I5612,10440.0,10441.0,brown,1
J3314,I13101,25819.0,25823.0,green,1
J3314,I13325,26213.0,26215.0,green,2
J3314,I13357,26279.0,26280.0,brown,1
J3314,I13517,26580.0,26583.0,brown,1
J3105,I4968,9077.0,9079.0,brown,1
J3105,I6248,11755.0,11756.0,brown,1
J3105,I13881,27280.0,27282.0,green,2
J3105,I13929,27371.0,27372.0,green,1
J4135,I10486,20766.0,20767.0,green,1
J4135,I10774,21352.0,21356.0,brown,1
J4135,I11734,23202.0,23204.0,green,1
J4135,I12566,24780.0,24782.0,green,1
J4135,I12630,24928.0,24929.0,green,1
J295,I974,1509.0,1513.0,green,3
J295,I2573,4312.0,4313.0,brown,1
J295,I2957,5054.0,5055.0,brown,1
J295,I2989,5108.0,5110.0,brown,1
J1669,I2873,4885.0,4890.0,green,1
J374,I1415,2274.0,2275.0,brown,1
J374,I7432,14255.0,14257.0,green,1
J374,I11183,22154.0,22157.0,brown,2
J374,I12763,25202.0,25204.0,brown,2
J4930,I6201,11651.0,11653.0,brown,1
J4930,I9145,18004.0,18007.0,green,1
J4930,I14778,28856.0,28861.0,green,4
J3221,I6483,12238.0,12240.0,brown,1
J3221,I9620,18967.0,18969.0,green,1
J3221,I11091,21953.0,21956.0,brown,1
J3221,I14068,27628.0,27630.0,green,2
J1597,I4889,8923.0,8928.0,green,5
J1597,I4921,8984.0,8987.0,green,1
J415,I638,944.0,947.0,green,1
J415,I669,996.0,998.0,brown,2
J415,I1342,2148.0,2150.0,green,1
J415,I1534,2486.0,2488.0,green,1
J762,I5405,10008.0,10017.0,green,1
J762,I12574,24801.0,24804.0,green,3
J762,I12685,25052.0,25056.0,green,2
J781,I1492,2403.0,2407.0,green,1
J781,I1940,3187.0,3193.0,green,1
J781,I4005,7112.0,7116.0,green,4
J4291,I10105,19931.0,19941.0,green,1
J4291,I11162,22115.0,22117.0,green,1
J4291,I14330,28074.0,28075.0,green,1
J1712,I5421,10050.0,10055.0,green,3
J1712,I5581,10357.0,10359.0,green,1
J1712,I7469,14329.0,14332.0,green,2
J2194,I4056,7205.0,7208.0,green,1
J2194,I4120,7332.0,7333.0,green,1
J2194,I4152,7406.0,7407.0,green,1
J2194,I6424,12104.0,12109.0,green,1
J1408,I3707,6522.0,6525.0,green,2
J3177,I6846,12982.0,12986.0,green,3
J3177,I7262,13893.0,13894.0,green,1
J3177,I10206,20161.0,20163.0,green,2
J608,I2045,3372.0,3373.0,brown,1
J608,I2654,4452.0,4457.0,green,1
J608,I3773,6664.0,6666.0,brown,1
J754,I2894,4937.0,4939.0,green,2
J754,I3022,5171.0,5173.0,green,1
J4687,I11076,21922.0,21927.0,red,1
J4687,I11301,22393.0,22398.0,green,2
J1475,I1531,2478.0,2480.0,brown,2
J1475,I10108,19945.0,19947.0,green,1
J1475,I10460,20705.0,20707.0,green,2
J1475,I11836,23429.0,23430.0,green,1
J1952,I4285,7680.0,7695.0,green,1
J1952,I8381,16282.0,16287.0,green,2
J1952,I11319,22427.0,22435.0,green,1
J1952,I11390,22572.0,22574.0,green,1
J1688,I3513,6150.0,6152.0,green,1
J1688,I3930,6976.0,6980.0,green,2
J1688,I4538,8214.0,8215.0,green,1
J1688,I7678,14766.0,14767.0,green,1
J3568,I9801,19322.0,19326.0,green,1
J3568,I10729,21266.0,21270.0,brown,1
J3568,I10857,21521.0,21522.0,brown,1
J3568,I12873,25412.0,25414.0,brown,1
J626,I1143,1792.0,1794.0,green,1
J626,I2327,3867.0,3873.0,green,1
J626,I5398,9993.0,9997.0,brown,1
J626,I6907,13117.0,13120.0,green,2
J3913,I4403,7944.0,7947.0,red,2
J3913,I11412,22610.0,22612.0,brown,1
J3913,I11764,23270.0,23272.0,green,2
J3913,I12948,25556.0,25557.0,green,1
J2982,I9145,18004.0,18007.0,green,1
J2982,I13650,26813.0,26818.0,green,3
J4464,I4878,8904.0,8906.0,brown,1
J4464,I7214,13789.0,13792.0,brown,1
J4464,I8814,17251.0,17252.0,brown,1
J4464,I8942,17548.0,17549.0,brown,1
J4464,I12015,23755.0,23758.0,green,1
J454,I830,1284.0,1287.0,green,1
J454,I2510,4197.0,4199.0,brown,1
J454,I7647,14701.0,14703.0,green,1
J454,I8607,16775.0,16778.0,green,2
J2848,I8510,16569.0,16581.0,green,2
J4419,I10098,19920.0,19922.0,red,1
J4419,I10419,20606.0,20607.0,brown,1
J3471,I9275,18261.0,18265.0,green,1
J3471,I9882,19491.0,19493.0,brown,1
J3471,I10330,20436.0,20441.0,brown,1
J3471,I12091,23927.0,23932.0,green,1
J3471,I12442,24550.0,24552.0,green,1
J2548,I6332,11920.0,11926.0,green,1
J2548,I6748,12770.0,12785.0,green,1
J2548,I9796,19316.0,19318.0,green,1
J2548,I10444,20661.0,20672.0,green,1
J2548,I10684,21174.0,21178.0,green,1
J700,I937,1443.0,1444.0,green,1
J700,I4842,8839.0,8840.0,green,1
J700,I5738,10698.0,10699.0,green,1
J700,I6574,12424.0,12428.0,green,2
J4123,I11334,22461.0,22469.0,green,1
J4123,I14422,28243.0,28245.0,green,1
J4123,I14478,28334.0,28343.0,green,2
J204,I912,1408.0,1409.0,green,1
J204,I1296,2058.0,2062.0,brown,1
J204,I8401,16328.0,16333.0,green,3
J2671,I8239,15988.0,15989.0,green,1
J2671,I8335,16193.0,16195.0,green,2
J2671,I8463,16467.0,16468.0,green,1
J2671,I8719,17016.0,17021.0,green,2
J4568,I9000,17698.0,17701.0,green,1
J4568,I10504,20814.0,20825.0,green,1
J4568,I14025,27549.0,27552.0,green,2
J3597,I9061,17817.0,17818.0,green,1
J1229,I8938,17540.0,17541.0,brown,1
J1229,I11083,21939.0,21941.0,green,1
J3721,I8072,15618.0,15625.0,green,3
J3721,I8167,15835.0,15840.0,brown,1
J3721,I10200,20149.0,20152.0,green,1
J3142,I7212,13782.0,13787.0,brown,1
J3142,I7724,14859.0,14861.0,brown,1
J3142,I7916,15296.0,15297.0,brown,1
J3142,I8205,15907.0,15910.0,green,1
J3142,I10060,19837.0,19841.0,green,1
J3142,I10284,20306.0,20311.0,green,1
J3226,I1179,1846.0,1847.0,brown,1
J3226,I9692,19108.0,19110.0,green,1
J3226,I11036,21853.0,21856.0,green,2
J974,I4583,8313.0,8317.0,green,2
J974,I6950,13209.0,13211.0,brown,1
J4566,I10451,20687.0,20692.0,green,1
J4566,I10643,21091.0,21092.0,red,1
J4566,I10675,21154.0,21155.0,red,1
J4566,I10771,21349.0,21350.0,brown,1
J4566,I10803,21402.0,21405.0,brown,2
J2624,I6300,11851.0,11852.0,green,1
J2624,I7613,14645.0,14649.0,green,4
J3670,I14600,28560.0,28561.0,green,1
J3670,I15128,29391.0,29392.0,brown,1
J3670,I15236,29554.0,29561.0,green,2
J3670,I15272,29612.0,29613.0,green,1
J1778,I5758,10762.0,10765.0,green,1
J1778,I6750,12788.0,12791.0,green,1
J1778,I7422,14234.0,14236.0,green,1
J2575,I4742,8639.0,8645.0,green,4
J2575,I5094,9334.0,9336.0,green,1
J2575,I8534,16629.0,16631.0,green,1
J3424,I4830,8821.0,8824.0,brown,3
J3424,I4862,8869.0,8871.0,brown,1
J3424,I7582,14573.0,14574.0,brown,1
J3424,I7710,14828.0,14829.0,brown,1
J1458,I781,1186.0,1188.0,brown,1
J1458,I782,1188.0,1192.0,green,1
J1458,I814,1247.0,1248.0,green,1
J1458,I7342,14066.0,14069.0,green,1
J2855,I6727,12721.0,12724.0,green,3
J2855,I6823,12938.0,12939.0,green,1
J3635,I5837,10913.0,10914.0,brown,1
J3635,I6029,11320.0,11323.0,brown,1
J3635,I6061,11382.0,11383.0,brown,1
J977,I3382,5912.0,5913.0,brown,1
J977,I3446,6028.0,6030.0,brown,1
J977,I3478,6085.0,6086.0,brown,1
J977,I9303,18334.0,18337.0,green,1
J977,I9367,18489.0,18492.0,green,1
J4622,I7406,14201.0,14202.0,brown,1
J4622,I14831,28957.0,28960.0,green,3
J4622,I15343,29712.0,29713.0,green,1
J4622,I15359,29737.0,29738.0,green,1
J2361,I7609,14629.0,14635.0,green,3
J2361,I9080,17846.0,17849.0,brown,1
J2361,I13397,26358.0,26364.0,green,1
J4270,I11416,22617.0,22619.0,green,2
J4270,I11672,23089.0,23091.0,green,1
J4270,I11800,23343.0,23344.0,green,1
J4270,I12827,25325.0,25327.0,green,2
J814,I1328,2119.0,2120.0,brown,1
J814,I2513,4202.0,4206.0,green,1
J814,I4657,8445.0,8451.0,green,1
J814,I8117,15732.0,15733.0,green,1
J814,I8401,16328.0,16333.0,green,2
J1621,I4963,9065.0,9066.0,green,1
J1621,I4995,9130.0,9132.0,green,1
J1621,I5027,9206.0,9207.0,green,1
J1621,I5059,9268.0,9270.0,green,1
J128,I30,33.0,36.0,brown,1
J128,I1499,2414.0,2417.0,brown,1
J128,I8036,15524.0,15531.0,green,1
J1426,I3598,6317.0,6323.0,green,4
J4551,I12245,24207.0,24212.0,green,3
J1536,I5450,10100.0,10101.0,green,1
J1536,I5610,10435.0,10438.0,green,2
J1536,I7370,14130.0,14136.0,green,1
J1297,I3958,7027.0,7028.0,red,1
J1297,I4311,7741.0,7744.0,brown,1
J1297,I4823,8808.0,8813.0,brown,1
J1297,I5015,9187.0,9188.0,brown,1
J1297,I14039,27572.0,27574.0,brown,1
J4825,I15482,29914.0,29915.0,green,1
J4825,I15514,29955.0,29956.0,green,1
J4259,I11988,23707.0,23708.0,green,1
J4259,I13237,26053.0,26055.0,green,2
J4259,I13541,26622.0,26625.0,brown,1
J3734,I10190,20106.0,20110.0,green,2
J3734,I11021,21821.0,21824.0,brown,2
J3734,I11053,21883.0,21884.0,brown,1
J3734,I11117,22018.0,22021.0,brown,1
J2523,I4704,8547.0,8550.0,green,1
J2523,I4736,8623.0,8626.0,green,1
J2523,I4864,8873.0,8876.0,green,1
J926,I1704,2766.0,2768.0,green,1
J926,I1896,3118.0,3119.0,brown,1
J1189,I2790,4722.0,4725.0,brown,1
J1189,I10887,21572.0,21581.0,green,1
J1189,I11335,22469.0,22470.0,green,1
J1189,I11527,22826.0,22834.0,green,1
J1189,I14231,27892.0,27897.0,green,1
J1505,I9415,18575.0,18582.0,green,2
J1505,I10179,20079.0,20080.0,green,1
J1505,I10275,20283.0,20286.0,green,1
J1505,I10615,21033.0,21036.0,green,1
J1505,I10647,21099.0,21100.0,green,1
J4042,I10266,20269.0,20270.0,brown,1
J4042,I12122,23985.0,23987.0,brown,2
J1368,I10806,21413.0,21417.0,green,1
J1368,I10998,21767.0,21771.0,green,1
J1368,I13182,25956.0,25962.0,green,1
J1368,I13310,26178.0,26179.0,green,1
J1368,I13454,26477.0,26479.0,green,2
J63,I12267,24246.0,24247.0,green,1
J63,I13099,25817.0,25818.0,brown,1
J4326,I10935,21656.0,21657.0,brown,1
J4326,I10999,21771.0,21773.0,brown,1
J4326,I11415,22615.0,22617.0,brown,2
J4326,I13816,27163.0,27165.0,green,1
J4326,I13976,27457.0,27462.0,green,1
J3045,I8380,16280.0,16282.0,green,2
J3045,I8412,16356.0,16362.0,green,3
J3045,I8444,16426.0,16427.0,brown,1
J2088,I3677,6465.0,6467.0,brown,2
J2088,I3742,6593.0,6597.0,green,1
J2088,I11134,22049.0,22061.0,green,1
J2088,I11614,22982.0,22983.0,brown,1
J2694,I6801,12891.0,12893.0,green,2
J2694,I6961,13248.0,13251.0,green,1
J4769,I5313,9808.0,9809.0,red,1
J4769,I5601,10412.0,10414.0,brown,1
J4769,I6881,13054.0,13055.0,brown,1
J4769,I8833,17301.0,17309.0,green,1
J4769,I13154,25908.0,25913.0,green,1
J4769,I14130,27731.0,27735.0,green,1
J4252,I5628,10467.0,10468.0,brown,1
J4252,I6812,12913.0,12914.0,brown,1
J4252,I12573,24796.0,24801.0,green,1
J420,I540,799.0,801.0,brown,1
J420,I7100,13547.0,13548.0,brown,1
J976,I1520,2457.0,2462.0,green,1
J976,I3152,5440.0,5444.0,green,1
J976,I3248,5630.0,5634.0,green,3
J2630,I7994,15443.0,15444.0,brown,1
J2630,I8954,17574.0,17576.0,brown,2
J2630,I9882,19491.0,19493.0,brown,1
J2630,I14811,28916.0,28918.0,green,1
J2630,I14822,28940.0,28941.0,brown,1
J2745,I5620,10451.0,10453.0,brown,2
J2745,I6101,11453.0,11458.0,green,1
J2745,I6420,12099.0,12101.0,brown,1
J2745,I7733,14871.0,14878.0,green,1
J2745,I10036,19794.0,19795.0,brown,1
J2940,I2721,4572.0,4574.0,green,2
J2940,I2753,4644.0,4645.0,brown,1
J2940,I5569,10340.0,10342.0,green,1
J2940,I8849,17344.0,17348.0,green,1
J1981,I14636,28614.0,28618.0,brown,1
J1282,I4060,7215.0,7217.0,brown,1
J1282,I8124,15744.0,15746.0,brown,1
J1282,I13797,27123.0,27125.0,green,1
J3871,I6188,11632.0,11634.0,brown,2
J3871,I6605,12476.0,12478.0,green,1
J3871,I9133,17979.0,17982.0,green,2
J25,I95,122.0,123.0,green,1
J25,I3295,5739.0,5744.0,green,1
J923,I11013,21799.0,21804.0,green,1
J923,I12709,25095.0,25097.0,green,1
J923,I13892,27300.0,27302.0,brown,1
J3837,I8459,16454.0,16456.0,green,2
J3837,I9099,17890.0,17893.0,green,2
J2292,I7427,14245.0,14247.0,brown,2
J2131,I2844,4820.0,4825.0,brown,1
J2131,I11420,22624.0,22627.0,green,2
J2131,I11837,23430.0,23434.0,green,3
J3574,I7195,13748.0,13750.0,green,2
J3574,I7227,13813.0,13816.0,green,3
J2127,I6398,12059.0,12060.0,brown,1
J2127,I6782,12856.0,12857.0,brown,1
J2127,I12991,25632.0,25639.0,green,1
J4834,I12399,24461.0,24462.0,red,1
J4834,I12495,24649.0,24653.0,red,2
J4834,I12592,24842.0,24846.0,brown,3
J2722,I4136,7381.0,7383.0,green,1
J2722,I4232,7563.0,7566.0,green,2
J2722,I9032,17767.0,17769.0,green,1
J2722,I9248,18220.0,18222.0,green,2
J1673,I2047,3376.0,3380.0,green,2
J1673,I2207,3658.0,3660.0,brown,1
J859,I1475,2378.0,2381.0,green,1
J859,I1506,2430.0,2434.0,green,1
J859,I1540,2496.0,2500.0,brown,1
J859,I1891,3107.0,3111.0,green,2
J859,I4360,7852.0,7854.0,brown,1
J3541,I4750,8663.0,8664.0,green,1
J3541,I8430,16393.0,16400.0,green,1
J3541,I9582,18891.0,18893.0,brown,1
J3541,I9902,19528.0,19533.0,brown,2
J463,I535,791.0,793.0,brown,1
J463,I631,933.0,934.0,green,1
J463,I4791,8741.0,8742.0,green,1
J463,I6295,11834.0,11842.0,green,2
J463,I6503,12275.0,12278.0,green,1
J938,I2198,3643.0,3647.0,green,2
J938,I2647,4441.0,4443.0,green,1
J938,I3351,5850.0,5851.0,green,1
J2600,I6374,12019.0,12021.0,brown,1
J2600,I6726,12720.0,12721.0,brown,1
J2600,I7015,13356.0,13364.0,green,1
J2600,I7431,14252.0,14255.0,green,1
J2600,I10311,20383.0,20392.0,green,1
J3423,I5420,10048.0,10050.0,red,1
J3423,I5772,10788.0,10789.0,brown,1
J3423,I8268,16051.0,16054.0,brown,2
J3423,I10540,20901.0,20904.0,green,1
J1717,I3609,6341.0,6343.0,green,1
J1717,I3769,6650.0,6651.0,green,1
J1717,I4345,7818.0,7822.0,green,2
J1717,I5305,9792.0,9793.0,brown,1
J1717,I6009,11269.0,11277.0,green,1
J1005,I2071,3414.0,3415.0,brown,1
J1005,I2072,3415.0,3417.0,green,1
J1005,I2167,3590.0,3591.0,green,1
J1005,I2232,3702.0,3703.0,green,1
J1005,I2552,4266.0,4267.0,green,1
J1005,I4984,9111.0,9113.0,green,1
J4011,I8610,16784.0,16787.0,green,1
J4011,I11650,23043.0,23049.0,green,1
J115,I539,797.0,799.0,green,1
J115,I1180,1847.0,1850.0,green,2
J115,I5276,9726.0,9727.0,green,1
J115,I7182,13713.0,13716.0,green,1
J115,I7556,14517.0,14520.0,brown,1
J19,I122,156.0,157.0,green,1
J19,I5147,9434.0,9437.0,green,1
J19,I6811,12911.0,12913.0,green,1
J19,I9595,18916.0,18920.0,green,2
J1953,I5188,9550.0,9552.0,brown,1
J1953,I7556,14517.0,14520.0,brown,1
J1953,I12708,25093.0,25095.0,brown,1
J1953,I14564,28488.0,28490.0,brown,1
J1953,I15352,29723.0,29725.0,brown,2
J3623,I8731,17048.0,17049.0,green,1
J3623,I11995,23720.0,23724.0,green,2
J1866,I1225,1943.0,1945.0,green,1
J1866,I1257,1991.0,1994.0,brown,2
J1866,I4841,8837.0,8839.0,brown,1
J1866,I9176,18069.0,18072.0,green,1
J1866,I9410,18566.0,18567.0,green,1
J1557,I8754,17109.0,17110.0,green,1
J1557,I9890,19504.0,19507.0,green,1
J2169,I4713,8565.0,8571.0,green,2
J2169,I5001,9144.0,9155.0,green,2
J2169,I5449,10099.0,10100.0,green,1
J4874,I10536,20895.0,20897.0,brown,1
J4874,I10568,20953.0,20954.0,brown,1
J4874,I10569,20954.0,20956.0,red,1
J4874,I10632,21068.0,21069.0,brown,1
J4874,I10953,21693.0,21694.0,green,1
J4874,I13545,26632.0,26633.0,green,1
J4428,I10698,21199.0,21200.0,green,1
J4428,I10794,21386.0,21387.0,green,1
J4428,I11850,23455.0,23459.0,green,4
J2074,I13155,25913.0,25915.0,green,2
J2074,I13379,26321.0,26326.0,green,2
J2074,I13763,27048.0,27050.0,brown,1
J3728,I3112,5354.0,5357.0,green,2
J3728,I6281,11812.0,11814.0,green,1
J3728,I9768,19261.0,19262.0,brown,1
J2143,I4233,7566.0,7573.0,green,1
J2143,I4297,7721.0,7722.0,green,1
J2143,I4393,7925.0,7927.0,green,1
J2143,I4425,8001.0,8009.0,green,1
J8,I192,257.0,258.0,brown,1
J8,I6049,11360.0,11362.0,green,2
J2933,I4211,7530.0,7531.0,brown,1
J2933,I7124,13591.0,13597.0,green,1
J2214,I6384,12034.0,12035.0,green,1
J2214,I6416,12090.0,12093.0,green,1
J375,I1714,2783.0,2787.0,brown,1
J375,I9507,18746.0,18749.0,green,1
J375,I10180,20080.0,20082.0,green,1
J1560,I2314,3847.0,3849.0,brown,1
J1560,I5130,9393.0,9394.0,brown,1
J1560,I12362,24396.0,24400.0,brown,1
J1560,I12970,25597.0,25598.0,brown,1
J1560,I13110,25839.0,25840.0,brown,1
J786,I1710,2778.0,2779.0,green,1
J786,I1806,2949.0,2951.0,brown,1
J786,I5376,9947.0,9949.0,green,1
J786,I5774,10791.0,10795.0,green,2
J2459,I4243,7592.0,7593.0,green,1
J2459,I4307,7736.0,7738.0,green,1
J2459,I4339,7802.0,7805.0,green,3
J2459,I10196,20134.0,20136.0,brown,1
J3937,I6964,13254.0,13258.0,brown,1
J3937,I8340,16202.0,16206.0,brown,1
J3937,I9172,18062.0,18063.0,brown,1
J3937,I9621,18969.0,18973.0,green,1
J3937,I9812,19345.0,19347.0,brown,1
J3357,I7042,13423.0,13424.0,green,1
J3357,I7778,14969.0,14970.0,green,1
J3357,I7810,15030.0,15033.0,green,3
J1783,I2695,4530.0,4534.0,green,4
J3751,I9129,17972.0,17973.0,green,1
J3751,I9161,18039.0,18043.0,green,1
J3751,I10345,20470.0,20472.0,green,2
J3751,I11594,22944.0,22947.0,brown,2
J4349,I5200,9574.0,9576.0,brown,1
J4349,I10193,20116.0,20126.0,green,1
J4349,I12576,24806.0,24809.0,brown,1
J4349,I12865,25393.0,25395.0,green,2
J4349,I13249,26082.0,26086.0,green,1
J2763,I12104,23952.0,23958.0,brown,1
J2763,I12809,25281.0,25283.0,green,1
J2763,I12904,25480.0,25482.0,brown,1
J2763,I14120,27715.0,27718.0,brown,1
J1568,I6877,13043.0,13045.0,green,1
J1568,I10013,19748.0,19750.0,green,1
J1568,I12221,24168.0,24171.0,green,2
J3718,I9342,18431.0,18434.0,brown,1
J1608,I1165,1826.0,1828.0,brown,2
J243,I394,565.0,566.0,green,1
J243,I424,615.0,619.0,green,1
J243,I618,915.0,920.0,green,1
J243,I810,1237.0,1243.0,green,1
J243,I3595,6312.0,6315.0,green,1
J921,I1816,2967.0,2970.0,green,1
J921,I2328,3873.0,3878.0,green,1
J921,I2392,3971.0,3972.0,green,1
J921,I3280,5701.0,5712.0,green,3
J662,I1388,2233.0,2234.0,green,1
J662,I1452,2339.0,2340.0,brown,1
J662,I5676,10557.0,10561.0,green,2
J662,I6476,12218.0,12221.0,green,1
J662,I7020,13369.0,13374.0,green,1
J1727,I2334,3888.0,3889.0,green,1
J1727,I2399,3989.0,3993.0,green,2
J1727,I5611,10438.0,10440.0,green,1
J3103,I9848,19432.0,19433.0,brown,1
J3103,I10073,19869.0,19875.0,green,2
J3103,I12344,24364.0,24368.0,brown,1
J3117,I8510,16569.0,16581.0,green,1
J3117,I9469,18673.0,18676.0,brown,1
J4811,I6500,12268.0,12270.0,brown,2
J3724,I9694,19112.0,19113.0,red,1
J3724,I10655,21115.0,21117.0,brown,1
J3724,I10751,21314.0,21315.0,green,1
J3724,I11264,22329.0,22331.0,brown,2
J803,I3948,7009.0,7013.0,green,1
J803,I7020,13369.0,13374.0,green,3
J803,I8244,16002.0,16006.0,green,2
J4909,I8697,16977.0,16979.0,brown,2
J4909,I10521,20860.0,20863.0,brown,1
J3322,I8071,15617.0,15618.0,green,1
J3322,I8615,16792.0,16795.0,green,2
J3322,I8647,16865.0,16867.0,green,2
J2517,I7743,14894.0,14895.0,green,1
J2517,I7775,14960.0,14966.0,green,3
J2517,I10399,20562.0,20567.0,green,1
J659,I245,335.0,337.0,brown,1
J659,I4566,8276.0,8289.0,green,2
J659,I6870,13029.0,13031.0,green,2
J659,I9334,18413.0,18416.0,green,1
J3544,I4616,8378.0,8381.0,green,2
J3544,I11183,22154.0,22157.0,brown,1
J4089,I7257,13885.0,13886.0,brown,1
J4089,I7353,14099.0,14101.0,brown,2
J4089,I7386,14163.0,14166.0,red,1
J4089,I7801,15011.0,15015.0,brown,1
J3242,I5782,10812.0,10813.0,brown,1
J3242,I11158,22104.0,22106.0,brown,2
J3242,I11606,22966.0,22969.0,brown,1
J3242,I13159,25921.0,25922.0,green,1
J359,I1520,2457.0,2462.0,green,2
J359,I2064,3402.0,3403.0,green,1
J359,I2128,3517.0,3520.0,green,3
J2792,I8322,16165.0,16167.0,brown,2
J2792,I8739,17066.0,17070.0,green,3
J2792,I12194,24119.0,24120.0,brown,1
J2510,I9281,18276.0,18279.0,green,2
J2510,I9536,18802.0,18806.0,brown,1
J3504,I10453,20695.0,20697.0,green,1
J3504,I10709,21229.0,21235.0,green,1
J3504,I10805,21406.0,21413.0,green,1
J1678,I5345,9881.0,9883.0,green,1
J1678,I5441,10086.0,10087.0,green,1
J1678,I6273,11798.0,11800.0,green,1
J1678,I9185,18093.0,18095.0,green,1
J4055,I11590,22940.0,22941.0,green,1
J4055,I12998,25645.0,25650.0,green,1
J4055,I13510,26568.0,26571.0,green,2
J4055,I13542,26625.0,26628.0,green,1
J4055,I15270,29608.0,29609.0,green,1
J3281,I3897,6913.0,6914.0,brown,1
J3281,I4121,7333.0,7334.0,brown,1
J3281,I5849,10937.0,10938.0,brown,1
J3281,I10842,21492.0,21496.0,green,2
J640,I1629,2650.0,2652.0,brown,1
J640,I2174,3600.0,3602.0,green,1
J640,I5342,9870.0,9878.0,green,4
J4969,I14599,28559.0,28560.0,green,1
J4969,I14855,28995.0,28996.0,green,1
J4969,I14887,29037.0,29039.0,green,2
J4969,I15111,29359.0,29365.0,green,2
J2296,I12410,24494.0,24496.0,green,1
J2296,I14667,28658.0,28660.0,green,2
J891,I5157,9476.0,9487.0,green,1
J891,I8997,17690.0,17692.0,green,1
J891,I10974,21728.0,21730.0,green,1
J4035,I10950,21681.0,21688.0,green,2
J4035,I11014,21804.0,21807.0,green,3
J2068,I3293,5733.0,5736.0,green,1
J2068,I4445,8039.0,8045.0,green,1
J1028,I2044,3370.0,3372.0,green,1
J1028,I2075,3421.0,3426.0,green,1
J1028,I2524,4224.0,4227.0,green,1
J4417,I7635,14679.0,14680.0,brown,1
J4417,I9427,18601.0,18606.0,green,1
J4417,I13331,26223.0,26225.0,brown,1
J586,I3754,6621.0,6624.0,green,1
J586,I4138,7386.0,7387.0,green,1
J586,I7610,14635.0,14641.0,green,1
J586,I8106,15697.0,15709.0,green,1
J586,I8538,16637.0,16646.0,green,2
J3307,I7173,13695.0,13696.0,green,1
J3307,I7237,13839.0,13841.0,green,1
J3307,I7429,14249.0,14251.0,green,2
J3307,I7525,14455.0,14456.0,green,1
J2201,I6563,12402.0,12406.0,green,4
J2201,I7171,13692.0,13694.0,green,2
J4716,I7639,14686.0,14687.0,brown,1
J4716,I11575,22921.0,22922.0,brown,1
J4716,I14903,29056.0,29057.0,brown,1
J4716,I14904,29057.0,29059.0,green,1
J4716,I14952,29131.0,29132.0,green,1
J3002,I8332,16190.0,16191.0,red,1
J3002,I9708,19141.0,19146.0,green,1
J3002,I10445,20672.0,20677.0,green,2
J3002,I11085,21944.0,21945.0,green,1
J3992,I8337,16197.0,16199.0,brown,2
J3992,I8625,16809.0,16812.0,brown,2
J3992,I10193,20116.0,20126.0,green,1
J3992,I15218,29528.0,29529.0,green,1
J177,I1023,1589.0,1592.0,green,1
J177,I2079,3429.0,3430.0,green,1
J177,I3659,6433.0,6434.0,green,1
J177,I4139,7387.0,7388.0,green,1
J177,I4203,7516.0,7517.0,green,1
J177,I4376,7887.0,7893.0,green,1
J2820,I8176,15853.0,15855.0,brown,1
J2820,I14385,28175.0,28176.0,green,1
J2820,I14865,29008.0,29011.0,green,1
J2820,I14945,29121.0,29122.0,green,1
J2820,I15042,29265.0,29267.0,brown,1
J2820,I15170,29448.0,29450.0,brown,1
J4026,I2614,4383.0,4385.0,brown,1
J4026,I5398,9993.0,9997.0,brown,2
J4026,I11094,21959.0,21961.0,brown,1
J4026,I11286,22364.0,22366.0,brown,1
J3121,I9893,19512.0,19515.0,green,3
J3121,I10181,20082.0,20087.0,green,2
J2162,I4947,9025.0,9030.0,green,1
J2162,I4979,9100.0,9101.0,green,1
J2162,I5299,9773.0,9777.0,green,1
J2162,I8435,16409.0,16412.0,green,1
J2496,I1048,1634.0,1636.0,red,1
J2496,I15385,29773.0,29775.0,green,1
J2496,I15401,29799.0,29801.0,green,1
J120,I250,342.0,343.0,green,1
J120,I2138,3539.0,3542.0,brown,1
J120,I2586,4345.0,4347.0,brown,1
J120,I6331,11912.0,11920.0,green,1
J120,I7530,14462.0,14463.0,brown,1
J1092,I1950,3209.0,3211.0,brown,1
J1092,I11223,22247.0,22251.0,green,1
J1092,I11439,22652.0,22654.0,green,1
J1092,I11536,22849.0,22851.0,green,2
J4813,I12401,24464.0,24469.0,green,1
J4813,I12497,24654.0,24655.0,brown,1
J4813,I12593,24846.0,24848.0,brown,2
J4813,I12753,25186.0,25188.0,brown,1
J4313,I9877,19479.0,19481.0,brown,2
J4313,I10838,21480.0,21483.0,green,1
J4313,I10869,21542.0,21545.0,brown,1
J4313,I14197,27842.0,27843.0,brown,1
J3826,I11236,22274.0,22278.0,green,2
J1515,I1994,3283.0,3284.0,green,1
J1515,I3178,5498.0,5501.0,green,2
J1127,I3412,5962.0,5964.0,brown,1
J1127,I4372,7881.0,7883.0,brown,1
J1127,I4853,8856.0,8859.0,green,1
J1127,I9844,19411.0,19415.0,brown,2
J1127,I12581,24817.0,24822.0,green,1
J111,I265,364.0,365.0,brown,1
J111,I7370,14130.0,14136.0,green,1
J111,I7850,15126.0,15131.0,green,1
J111,I11154,22095.0,22097.0,green,2
J111,I11261,22323.0,22327.0,brown,1
J593,I1050,1637.0,1638.0,brown,1
J593,I11066,21905.0,21907.0,brown,1
J593,I11962,23657.0,23659.0,brown,1
J593,I12187,24107.0,24109.0,green,2
J593,I12475,24616.0,24618.0,brown,1
J490,I1678,2723.0,2725.0,green,1
J490,I1775,2889.0,2897.0,green,1
J490,I3791,6701.0,6708.0,green,1
J490,I7448,14290.0,14298.0,green,1
J490,I7687,14784.0,14786.0,green,1
J490,I7733,14871.0,14878.0,green,1
J253,I853,1318.0,1319.0,green,1
J253,I949,1468.0,1472.0,brown,1
J253,I950,1472.0,1474.0,green,2
J253,I1094,1718.0,1720.0,brown,1
J253,I1310,2084.0,2088.0,green,1
J1535,I4699,8534.0,8538.0,green,4
J1535,I5019,9191.0,9193.0,brown,2
J3820,I9537,18806.0,18807.0,red,1
J3820,I9921,19572.0,19575.0,brown,1
J3820,I10754,21319.0,21322.0,green,1
J3820,I15138,29402.0,29403.0,green,1
J4873,I6160,11576.0,11577.0,brown,1
J550,I2220,3681.0,3683.0,brown,1
J550,I2221,3683.0,3686.0,green,2
J550,I3277,5690.0,5694.0,green,1
J3206,I9319,18367.0,18369.0,red,2
J3206,I9639,19007.0,19010.0,green,1
J3206,I10504,20814.0,20825.0,green,1
J3206,I10791,21378.0,21381.0,brown,1
J899,I3094,5323.0,5326.0,brown,2
J899,I3191,5522.0,5523.0,green,1
J899,I3223,5584.0,5585.0,green,1
J899,I3511,6148.0,6149.0,green,1
J1146,I3957,7025.0,7027.0,brown,1
J1146,I9846,19420.0,19427.0,green,1
J1146,I12854,25370.0,25373.0,green,1
J1146,I13269,26115.0,26116.0,brown,1
J1146,I13401,26367.0,26370.0,brown,1
J878,I3477,6084.0,6085.0,brown,1
J796,I1593,2591.0,2592.0,green,1
J1025,I1762,2859.0,2860.0,green,1
J1025,I1794,2926.0,2927.0,green,1
J1025,I2019,3321.0,3322.0,brown,1
J1025,I2148,3558.0,3561.0,green,1
J1025,I3397,5936.0,5938.0,brown,1
J1767,I270,370.0,371.0,brown,1
J1767,I334,470.0,471.0,green,1
J1767,I367,522.0,524.0,brown,1
J1767,I5583,10361.0,10369.0,green,1
J1767,I9481,18701.0,18704.0,green,1
J1767,I9513,18757.0,18759.0,green,1
J3956,I10071,19863.0,19867.0,green,1
J3956,I10887,21572.0,21581.0,green,2
J4818,I4423,7999.0,8000.0,brown,1
J4818,I4679,8505.0,8506.0,brown,1
J4818,I13832,27197.0,27198.0,green,1
J4818,I14832,28960.0,28964.0,green,2
J4818,I15144,29410.0,29412.0,green,1
J4164,I10296,20348.0,20350.0,red,1
J4164,I11544,22868.0,22869.0,green,1
J4164,I14297,28018.0,28020.0,green,2
J2934,I9904,19534.0,19540.0,green,3
J2934,I10703,21213.0,21217.0,green,1
J2934,I12608,24875.0,24884.0,green,1
J2934,I14927,29091.0,29094.0,brown,1
J2170,I4524,8196.0,8197.0,green,1
J2170,I4588,8328.0,8330.0,green,1
J2170,I4972,9083.0,9087.0,green,1
J2170,I5740,10704.0,10711.0,green,1
J2340,I2749,4632.0,4636.0,green,3
J2340,I3293,5733.0,5736.0,green,1
J2340,I3965,7039.0,7041.0,green,1
J2340,I4541,8224.0,8225.0,green,1
J4980,I9494,18722.0,18728.0,green,3
J4980,I14647,28633.0,28634.0,green,1
J4980,I15415,29815.0,29817.0,green,2
J4796,I9292,18306.0,18308.0,red,2
J4796,I10220,20182.0,20183.0,green,1
J4796,I10892,21585.0,21588.0,brown,1
J4796,I12268,24247.0,24250.0,brown,1
J4796,I13068,25771.0,25774.0,brown,1
J729,I1251,1983.0,1985.0,green,1
J729,I1732,2816.0,2818.0,green,2
J729,I1892,3111.0,3113.0,green,1
J729,I3332,5809.0,5814.0,green,2
J1319,I4128,7343.0,7349.0,green,5
J1319,I8196,15889.0,15891.0,green,1
J4132,I5023,9199.0,9200.0,brown,1
J4132,I5567,10334.0,10338.0,brown,1
J4132,I11840,23437.0,23441.0,green,1
J4132,I11871,23492.0,23496.0,brown,1
J4132,I13695,26924.0,26925.0,brown,1
J4132,I13823,27176.0,27177.0,brown,1
J1353,I2472,4118.0,4122.0,brown,2
J1353,I12393,24451.0,24452.0,green,1
J1353,I13457,26485.0,26490.0,green,2
J2529,I6839,12967.0,12973.0,green,2
J2529,I7671,14752.0,14756.0,green,3
J3279,I12061,23874.0,23878.0,green,1
J3279,I12093,23933.0,23935.0,green,1
J3279,I14077,27645.0,27647.0,green,2
J3279,I14525,28420.0,28422.0,green,1
J3279,I14749,28815.0,28816.0,green,1
J1518,I4389,7920.0,7922.0,green,2
J1518,I4613,8373.0,8375.0,green,1
J1518,I4901,8947.0,8948.0,green,1
J1518,I5189,9552.0,9553.0,green,1
J717,I563,835.0,837.0,green,1
J717,I5011,9175.0,9177.0,brown,1
J717,I7331,14048.0,14050.0,brown,1
J717,I7380,14149.0,14156.0,green,1
J717,I9348,18441.0,18446.0,green,1
J1575,I10559,20931.0,20934.0,green,1
J2104,I1946,3202.0,3205.0,brown,1
J2104,I2523,4218.0,4224.0,green,1
J2104,I3067,5255.0,5257.0,green,2
J2104,I4283,7674.0,7679.0,green,1
J1990,I5235,9654.0,9657.0,brown,1
J1990,I7668,14746.0,14747.0,green,1
J169,I198,263.0,264.0,brown,1
J169,I583,864.0,868.0,green,1
J169,I7303,13980.0,13986.0,green,3
J3716,I8716,17011.0,17014.0,green,3
J3716,I8844,17335.0,17337.0,green,2
J3716,I9549,18827.0,18830.0,brown,1
J2350,I10235,20206.0,20207.0,green,1
J2641,I4530,8206.0,8207.0,brown,1
J2641,I6130,11515.0,11517.0,brown,1
J1335,I1814,2964.0,2965.0,green,1
J1335,I1910,3138.0,3141.0,green,2
J1335,I4566,8276.0,8289.0,green,1
J1392,I1895,3117.0,3118.0,brown,1
J1392,I4712,8564.0,8565.0,green,1
J1392,I9480,18699.0,18701.0,green,1
J1392,I10504,20814.0,20825.0,green,3
J958,I884,1362.0,1370.0,green,1
J958,I1301,2066.0,2068.0,brown,1
J958,I1653,2684.0,2685.0,green,1
J958,I2421,4030.0,4037.0,green,1
J958,I4262,7623.0,7625.0,brown,1
J2177,I2654,4452.0,4457.0,green,1
J2177,I3295,5739.0,5744.0,green,2
J728,I1671,2709.0,2712.0,green,2
J728,I1704,2766.0,2768.0,green,1
J728,I1800,2940.0,2943.0,green,1
J728,I1832,2996.0,2998.0,green,1
J4913,I9920,19571.0,19572.0,brown,1
J4913,I11265,22331.0,22333.0,green,1
J4913,I12705,25087.0,25090.0,green,1
J2385,I9817,19352.0,19354.0,green,2
J1263,I5706,10621.0,10622.0,green,1
J1263,I8106,15697.0,15709.0,green,1
J1263,I9334,18413.0,18416.0,green,1
J1263,I9380,18509.0,18514.0,green,3
J4928,I7715,14838.0,14843.0,green,1
J4928,I8707,16995.0,16997.0,brown,1
J4928,I9059,17815.0,17816.0,brown,1
J3459,I8285,16076.0,16079.0,green,2
J3459,I8477,16497.0,16500.0,green,3
J3459,I9117,17930.0,17932.0,green,1
J3844,I10209,20166.0,20167.0,brown,1
J3844,I10370,20511.0,20514.0,green,1
J3844,I10465,20714.0,20715.0,brown,1
J3844,I11746,23226.0,23233.0,green,3
J1786,I5595,10397.0,10402.0,green,3
J1786,I6011,11279.0,11282.0,green,1
J1786,I6363,11991.0,11998.0,green,1
J1786,I6795,12879.0,12881.0,green,1
J3039,I2215,3674.0,3676.0,green,2
J3039,I7303,13980.0,13986.0,green,1
J4643,I9801,19322.0,19326.0,green,1
J4643,I9833,19383.0,19384.0,brown,1
J4643,I9865,19456.0,19457.0,brown,1
J4643,I10121,19976.0,19978.0,brown,1
J4643,I10730,21270.0,21272.0,green,1
J4643,I11210,22214.0,22216.0,brown,1
J1407,I4329,7780.0,7781.0,brown,1
J1407,I4522,8192.0,8193.0,green,1
J1668,I1218,1929.0,1930.0,brown,1
J1668,I1250,1981.0,1983.0,green,1
J1668,I1314,2093.0,2095.0,green,1
J1668,I5378,9952.0,9956.0,green,1
J1668,I5611,10438.0,10440.0,green,1
J2183,I6921,13146.0,13149.0,green,1
J2183,I7146,13638.0,13642.0,green,1
J2183,I7178,13704.0,13707.0,green,3
J2183,I7210,13778.0,13781.0,green,1
J674,I3036,5199.0,5200.0,brown,1
J674,I10172,20066.0,20068.0,brown,1
J674,I12413,24502.0,24506.0,green,1
J674,I13373,26309.0,26310.0,green,1
J3328,I10316,20405.0,20410.0,green,1
J3328,I13645,26803.0,26805.0,green,1
J3328,I14558,28469.0,28477.0,green,1
J3328,I14573,28503.0,28505.0,green,2
J1541,I2776,4690.0,4692.0,red,1
J1541,I13177,25947.0,25952.0,green,2
J1541,I15032,29250.0,29252.0,brown,2
J1541,I15224,29535.0,29536.0,brown,1
J2945,I6831,12948.0,12952.0,green,1
J2945,I6960,13246.0,13248.0,green,1
J2945,I7920,15302.0,15307.0,green,4
J4043,I11331,22456.0,22458.0,brown,2
J4043,I11364,22527.0,22528.0,red,1
J4043,I11459,22690.0,22693.0,brown,1
J4043,I11811,23368.0,23370.0,brown,1
J1840,I5558,10317.0,10318.0,brown,1
J1840,I11175,22135.0,22137.0,green,1
J1840,I13206,25998.0,26000.0,brown,1
J1861,I1599,2601.0,2607.0,green,1
J1861,I1855,3033.0,3037.0,green,2
J1861,I2014,3314.0,3315.0,brown,1
J1861,I5343,9878.0,9879.0,green,1
J1861,I6798,12883.0,12887.0,green,1
J3347,I4951,9042.0,9043.0,green,1
J3347,I4983,9110.0,9111.0,green,1
J3347,I4984,9111.0,9113.0,green,1
J3347,I5495,10189.0,10191.0,green,1
J3347,I8903,17460.0,17463.0,green,1
J918,I10445,20672.0,20677.0,green,1
J918,I12429,24529.0,24530.0,green,1
J918,I14045,27586.0,27587.0,green,1
J918,I14189,27829.0,27832.0,green,3
J4533,I15176,29459.0,29461.0,green,1
J4533,I15464,29884.0,29888.0,green,1
J4533,I15532,29976.0,29977.0,green,1
J1211,I11386,22564.0,22566.0,green,1
J1211,I12474,24615.0,24616.0,brown,1
J1211,I12506,24669.0,24671.0,brown,1
J2620,I6124,11500.0,11503.0,green,3
J1562,I2041,3364.0,3368.0,green,4
J1562,I2169,3592.0,3595.0,brown,1
J3330,I6775,12839.0,12845.0,green,2
J3330,I7063,13468.0,13471.0,green,2
J3330,I7702,14813.0,14815.0,brown,1
J3330,I10615,21033.0,21036.0,green,1
J2148,I8119,15736.0,15738.0,brown,1
J2148,I9687,19098.0,19099.0,brown,1
J2148,I12792,25247.0,25251.0,green,2
J2148,I14024,27543.0,27549.0,green,1
J2148,I14055,27599.0,27600.0,brown,1
J1072,I3299,5751.0,5755.0,green,1
J1072,I3300,5755.0,5757.0,green,1
J1072,I3332,5809.0,5814.0,green,1
J1072,I8596,16755.0,16757.0,green,2
J3815,I5963,11158.0,11159.0,brown,1
J3815,I10123,19980.0,19982.0,brown,2
J3815,I11435,22647.0,22648.0,brown,1
J3815,I11947,23634.0,23637.0,brown,1
J3815,I12924,25510.0,25511.0,green,1
J1846,I5496,10191.0,10193.0,green,1
J1846,I5815,10871.0,10872.0,brown,1
J3960,I6491,12253.0,12254.0,brown,1
J3960,I9115,17922.0,17929.0,green,1
J3960,I12412,24500.0,24502.0,green,1
J3960,I12764,25204.0,25209.0,green,1
J1325,I446,652.0,653.0,red,1
J1325,I1086,1703.0,1704.0,green,1
J1325,I7775,14960.0,14966.0,green,1
J1325,I7967,15382.0,15387.0,green,1
J1325,I11779,23296.0,23297.0,green,1
J1325,I12991,25632.0,25639.0,green,1
J3140,I7855,15137.0,15142.0,green,1
J3140,I10318,20411.0,20413.0,brown,1
J3140,I11503,22780.0,22782.0,green,1
J3490,I3674,6460.0,6462.0,brown,1
J3490,I5338,9865.0,9866.0,brown,1
J3490,I9147,18008.0,18009.0,green,1
J3490,I9467,18669.0,18671.0,brown,1
J3490,I12475,24616.0,24618.0,brown,1
J3490,I13051,25743.0,25744.0,green,1
J4023,I7607,14627.0,14628.0,brown,1
J4023,I12351,24377.0,24379.0,brown,1
J4023,I12479,24624.0,24625.0,brown,1
J4023,I12862,25385.0,25388.0,green,1
J4023,I13271,26117.0,26118.0,brown,1
J2255,I9097,17882.0,17887.0,green,4
J2082,I5901,11033.0,11036.0,brown,1
J2082,I6126,11504.0,11506.0,green,2
J2082,I6222,11693.0,11700.0,green,1
J2082,I11822,23389.0,23395.0,green,1
J2082,I13198,25984.0,25985.0,green,1
J4111,I8391,16309.0,16312.0,brown,3
J4860,I15483,29915.0,29917.0,green,2
J4860,I15492,29925.0,29927.0,green,1
J4151,I10195,20128.0,20134.0,green,3
J2866,I4627,8393.0,8396.0,green,1
J2866,I4692,8522.0,8525.0,green,3
J2866,I4788,8738.0,8739.0,brown,1
J2866,I5044,9239.0,9241.0,green,1
J522,I1537,2491.0,2493.0,green,1
J522,I8833,17301.0,17309.0,green,1
J522,I9826,19369.0,19371.0,green,1
J4359,I7098,13544.0,13545.0,brown,1
J4359,I7866,15162.0,15166.0,green,1
J4359,I9178,18075.0,18079.0,brown,1
J4359,I10426,20618.0,20619.0,brown,1
J4359,I10906,21606.0,21607.0,brown,1
J4359,I13498,26552.0,26553.0,brown,1
J960,I2222,3686.0,3687.0,brown,1
J960,I2287,3799.0,3801.0,green,2
J960,I3119,5368.0,5371.0,green,1
J960,I3151,5438.0,5440.0,green,1
J960,I3199,5536.0,5539.0,green,1
J3031,I6696,12665.0,12666.0,brown,1
J3031,I9641,19011.0,19013.0,green,1
J3031,I12333,24348.0,24349.0,green,1
J2012,I3849,6814.0,6815.0,green,1
J2012,I5545,10290.0,10294.0,brown,1
J2012,I8841,17322.0,17329.0,green,2
J4681,I13619,26758.0,26759.0,green,1
J4681,I13683,26903.0,26904.0,green,1
J1627,I1115,1751.0,1752.0,green,1
J1627,I2395,3975.0,3979.0,green,1
J1627,I2459,4096.0,4098.0,green,2
J1627,I6331,11912.0,11920.0,green,1
J4845,I8468,16474.0,16478.0,green,1
J4845,I13300,26161.0,26162.0,brown,1
J4845,I14805,28901.0,28903.0,green,1
J2579,I1023,1589.0,1592.0,green,1
J2579,I1087,1704.0,1706.0,brown,2
J1257,I2226,3694.0,3695.0,green,1
J1257,I2590,4350.0,4351.0,brown,1
J1257,I3283,5716.0,5719.0,green,1
J1257,I3891,6905.0,6907.0,green,1
J2241,I6193,11639.0,11640.0,brown,1
J2241,I7761,14927.0,14930.0,brown,1
J4421,I11280,22354.0,22357.0,green,1
J4421,I11568,22912.0,22913.0,brown,1
J4421,I12176,24082.0,24083.0,brown,1
J4421,I12400,24462.0,24464.0,brown,1
J4421,I13425,26416.0,26418.0,green,1
J4421,I13840,27210.0,27211.0,brown,1
J4321,I12898,25473.0,25474.0,brown,1
J4321,I13586,26706.0,26707.0,brown,1
J4321,I14314,28051.0,28053.0,brown,1
J4766,I8425,16382.0,16386.0,brown,2
J4766,I15146,29413.0,29414.0,green,1
J4766,I15274,29614.0,29615.0,green,1
J4098,I9340,18426.0,18429.0,brown,1
J4098,I9917,19559.0,19565.0,green,1
J4098,I10620,21040.0,21045.0,green,1
J4098,I10717,21246.0,21248.0,green,1
J4098,I13053,25746.0,25749.0,green,1
J4098,I14974,29172.0,29173.0,green,1
J3336,I6233,11719.0,11722.0,brown,2
J3336,I8889,17429.0,17433.0,brown,2
J3949,I9602,18930.0,18937.0,green,1
J3949,I9634,19001.0,19002.0,brown,1
J3949,I9954,19638.0,19641.0,brown,1
J3949,I10146,20020.0,20021.0,brown,1
J3949,I10498,20799.0,20802.0,brown,1
J1624,I2417,4023.0,4026.0,brown,1
J1624,I8626,16812.0,16814.0,green,1
J1624,I10050,19822.0,19823.0,green,1
J1624,I11890,23525.0,23530.0,green,1
J1624,I12050,23847.0,23852.0,green,1
J3119,I5037,9226.0,9229.0,green,3
J3119,I5133,9401.0,9402.0,green,1
J3119,I5229,9640.0,9644.0,green,1
J3538,I6577,12436.0,12437.0,green,1
J3538,I7025,13381.0,13383.0,green,2
J3538,I7953,15359.0,15361.0,green,1
J2070,I10046,19811.0,19816.0,brown,1
J2796,I2241,3717.0,3718.0,brown,1
J2796,I4802,8761.0,8763.0,green,1
J2796,I8457,16449.0,16453.0,green,1
J3349,I5475,10151.0,10153.0,green,2
J3349,I5571,10343.0,10345.0,green,2
J3349,I5987,11205.0,11216.0,green,1
J2733,I3842,6799.0,6801.0,green,1
J2733,I4866,8879.0,8882.0,green,1
J2733,I6882,13055.0,13058.0,green,1
J1267,I7964,15379.0,15380.0,brown,1
J1267,I12029,23784.0,23790.0,green,2
J1657,I1106,1737.0,1739.0,green,1
J1657,I1138,1787.0,1788.0,brown,1
J1657,I2066,3405.0,3407.0,brown,1
J1657,I5874,10977.0,10979.0,brown,2
J1206,I10451,20687.0,20692.0,green,1
J1206,I11762,23265.0,23267.0,green,1
J1206,I14955,29140.0,29142.0,green,1
J4570,I5364,9919.0,9921.0,brown,2
J4570,I9621,18969.0,18973.0,green,1
J1907,I6206,11660.0,11662.0,green,1
J1907,I6846,12982.0,12986.0,green,1
J1907,I7101,13548.0,13549.0,brown,1
J1907,I10238,20211.0,20215.0,green,3
J1099,I9110,17909.0,17914.0,green,4
J1099,I10518,20855.0,20856.0,green,1
J2329,I603,892.0,893.0,brown,1
J2329,I635,940.0,941.0,green,1
J2329,I6876,13042.0,13043.0,green,1
J2329,I9348,18441.0,18446.0,green,1
J2042,I3551,6210.0,6211.0,brown,1
J2042,I4511,8172.0,8174.0,brown,1
J2042,I12735,25155.0,25158.0,brown,2
J2042,I13755,27038.0,27039.0,brown,1
J1100,I2076,3426.0,3427.0,brown,1
J1100,I2108,3479.0,3480.0,green,1
J1100,I4413,7973.0,7978.0,green,1
J1100,I7645,14695.0,14698.0,green,1
J1100,I11485,22745.0,22747.0,green,2
J3870,I9779,19284.0,19287.0,green,2
J3870,I12210,24153.0,24154.0,brown,1
J3870,I13427,26419.0,26420.0,green,1
J1773,I1657,2690.0,2691.0,red,1
J1773,I1945,3199.0,3202.0,brown,1
J1773,I9689,19100.0,19103.0,brown,1
J1773,I9785,19294.0,19295.0,brown,1
J3809,I728,1103.0,1105.0,green,2
J3809,I7225,13807.0,13811.0,green,1
J3809,I7609,14629.0,14635.0,green,1
J760,I8189,15879.0,15880.0,brown,1
J760,I9405,18555.0,18556.0,brown,1
J760,I9629,18994.0,18997.0,brown,2
J760,I10461,20707.0,20709.0,green,1
J760,I12829,25328.0,25329.0,brown,1
J2966,I14813,28920.0,28924.0,green,1
J2966,I15036,29255.0,29257.0,brown,1
J2966,I15264,29599.0,29602.0,brown,1
J2854,I13668,26855.0,26859.0,green,1
J3139,I5006,9162.0,9163.0,brown,1
J3139,I12527,24710.0,24711.0,green,1
J3139,I12655,24990.0,24993.0,green,3
J3139,I12767,25212.0,25214.0,green,1
J2254,I6222,11693.0,11700.0,green,2
J2313,I7026,13383.0,13387.0,green,2
J4690,I13682,26895.0,26903.0,green,1
J4690,I14481,28346.0,28347.0,brown,1
J4690,I14705,28735.0,28737.0,brown,1
J1144,I763,1156.0,1157.0,green,1
J1144,I828,1276.0,1280.0,green,1
J1144,I924,1425.0,1427.0,green,1
J1144,I5757,10756.0,10762.0,green,1
J549,I1735,2820.0,2822.0,green,1
J549,I2728,4582.0,4583.0,green,1
J549,I3880,6884.0,6887.0,green,1
J549,I6504,12278.0,12282.0,green,1
J549,I8744,17076.0,17082.0,green,1
J4899,I7843,15108.0,15109.0,brown,1
J4899,I7971,15398.0,15400.0,brown,1
J413,I970,1503.0,1504.0,green,1
J413,I1002,1558.0,1559.0,green,1
J413,I1038,1618.0,1620.0,green,1
J413,I1130,1774.0,1777.0,green,1
J413,I1290,2044.0,2046.0,green,1
J413,I1818,2974.0,2976.0,green,1
J1770,I9364,18474.0,18484.0,green,1
J1770,I9492,18720.0,18721.0,brown,1
J1770,I10356,20486.0,20488.0,brown,1
J1770,I13748,27025.0,27029.0,brown,2
J1315,I3920,6954.0,6955.0,brown,1
J1315,I4241,7586.0,7590.0,brown,1
J1315,I4337,7800.0,7801.0,green,1
J1315,I5681,10570.0,10574.0,green,2
J4749,I2521,4215.0,4216.0,brown,1
J4749,I12922,25508.0,25509.0,green,1
J4749,I13306,26170.0,26172.0,green,2
J4749,I14586,28527.0,28532.0,green,1
J2977,I1800,2940.0,2943.0,green,1
J2977,I6249,11756.0,11759.0,green,1
J2977,I7593,14593.0,14595.0,green,1
J2977,I11543,22867.0,22868.0,green,1
J3705,I7422,14234.0,14236.0,green,1
J818,I1587,2583.0,2584.0,brown,1
J818,I2131,3525.0,3526.0,brown,1
J818,I3572,6261.0,6266.0,green,1
J818,I8660,16892.0,16893.0,green,1
J2092,I4741,8637.0,8639.0,green,1
J2092,I4742,8639.0,8645.0,green,1
J2092,I4806,8770.0,8773.0,green,1
J2092,I6470,12207.0,12210.0,green,1
J2092,I10022,19767.0,19769.0,green,1
J1730,I779,1183.0,1185.0,green,1
J1730,I4364,7858.0,7861.0,green,1
J1730,I4780,8723.0,8726.0,green,1
J1730,I5164,9498.0,9500.0,green,1
J1730,I8484,16511.0,16517.0,green,1
J4262,I2650,4445.0,4446.0,brown,1
J4262,I13211,26006.0,26009.0,green,3
J4262,I13515,26578.0,26579.0,green,1
J2527,I1180,1847.0,1850.0,green,1
J2527,I1244,1972.0,1973.0,brown,1
J2527,I4125,7338.0,7340.0,green,1
J2527,I5117,9367.0,9371.0,green,1
J2527,I8540,16647.0,16651.0,green,1
J2527,I8812,17248.0,17250.0,brown,1
J2202,I6648,12561.0,12562.0,brown,1
J1168,I2089,3450.0,3452.0,brown,1
J1168,I4874,8897.0,8900.0,green,1
J1168,I7882,15216.0,15217.0,green,1
J1168,I8842,17329.0,17332.0,green,1
J1168,I8970,17601.0,17604.0,brown,2
J2166,I3425,5986.0,5988.0,brown,1
J2166,I10706,21223.0,21225.0,green,2
J720,I11057,21889.0,21892.0,green,2
J720,I11969,23671.0,23672.0,green,1
J720,I12177,24083.0,24086.0,green,1
J720,I12407,24483.0,24491.0,green,2
J3530,I6899,13102.0,13104.0,brown,1
J3530,I11059,21894.0,21895.0,brown,1
J3530,I13556,26648.0,26651.0,green,1
J3530,I14420,28234.0,28240.0,green,1
J1410,I1455,2343.0,2349.0,green,3
J1410,I4399,7938.0,7941.0,green,1
J3847,I5212,9597.0,9601.0,green,1
J3847,I10492,20782.0,20785.0,green,2
J3847,I10972,21725.0,21727.0,green,2
J3847,I12396,24455.0,24459.0,green,1
J4738,I5290,9762.0,9763.0,brown,1
J4738,I14091,27664.0,27666.0,green,2
J4738,I14699,28720.0,28721.0,green,1
J4738,I15115,29370.0,29372.0,green,1
J2363,I8733,17051.0,17056.0,green,1
J2363,I9757,19235.0,19240.0,green,1
J2363,I12732,25147.0,25151.0,green,1
J2787,I3417,5972.0,5976.0,green,1
J2787,I6393,12049.0,12050.0,brown,1
J2787,I9946,19617.0,19619.0,green,1
J2787,I11482,22739.0,22741.0,green,1
J4888,I14712,28744.0,28746.0,brown,1
J4888,I15517,29959.0,29961.0,green,1
J2110,I5821,10880.0,10881.0,green,1
J2110,I6173,11602.0,11604.0,brown,1
J2110,I6365,12001.0,12005.0,green,2
J2110,I7069,13482.0,13484.0,green,1
J2110,I7261,13890.0,13893.0,green,1
J4954,I14131,27735.0,27736.0,green,1
J4954,I14323,28064.0,28066.0,green,1
J4954,I15347,29716.0,29717.0,green,1
J452,I1598,2599.0,2601.0,green,1
J452,I1629,2650.0,2652.0,brown,1
J452,I1662,2696.0,2697.0,green,1
J452,I4286,7695.0,7697.0,green,1
J4835,I5220,9625.0,9628.0,brown,1
J4835,I7460,14315.0,14316.0,brown,1
J4835,I8868,17384.0,17387.0,green,1
J4095,I9637,19004.0,19006.0,brown,2
J4095,I9990,19704.0,19708.0,green,1
J4095,I11845,23446.0,23447.0,brown,1
J4095,I12998,25645.0,25650.0,green,1
J1465,I4294,7706.0,7719.0,green,6
J4994,I10365,20505.0,20507.0,brown,1
J4994,I13149,25901.0,25902.0,brown,1
J4994,I14909,29065.0,29066.0,brown,1
J4994,I15527,29971.0,29972.0,brown,1
J4994,I15544,29988.0,29990.0,green,2
J1185,I1640,2669.0,2671.0,green,1
J1185,I1737,2823.0,2825.0,green,1
J1185,I3945,7002.0,7005.0,green,1
J1185,I5421,10050.0,10055.0,green,1
J122,I392,557.0,559.0,green,1
J122,I617,910.0,915.0,green,1
J122,I1225,1943.0,1945.0,green,1
J122,I2729,4583.0,4584.0,green,1
J4082,I11531,22839.0,22840.0,green,1
J4082,I14059,27607.0,27611.0,brown,2
J4082,I14220,27874.0,27879.0,green,1
J4082,I14444,28274.0,28276.0,green,1
J4725,I9419,18589.0,18591.0,brown,2
J4725,I11947,23634.0,23637.0,brown,1
J4725,I14155,27779.0,27780.0,brown,1
J4725,I14500,28372.0,28375.0,green,1
J4725,I15148,29415.0,29416.0,green,1
J3329,I9191,18101.0,18102.0,brown,1
J3329,I9223,18163.0,18165.0,brown,2
J3329,I11944,23623.0,23629.0,green,3
J612,I1398,2248.0,2249.0,brown,1
J612,I3735,6579.0,6585.0,green,2
J612,I3959,7028.0,7031.0,green,2
J612,I4567,8289.0,8290.0,green,1
J3846,I968,1501.0,1502.0,red,1
J3846,I9544,18813.0,18815.0,brown,1
J3846,I12616,24893.0,24895.0,brown,1
J3846,I12937,25532.0,25533.0,green,1
J3846,I13673,26869.0,26874.0,green,1
J2825,I4665,8468.0,8470.0,brown,2
J2825,I9593,18912.0,18914.0,green,1
J1556,I851,1315.0,1317.0,brown,1
J1556,I884,1362.0,1370.0,green,1
J1556,I1204,1904.0,1911.0,green,2
J1556,I1748,2836.0,2837.0,green,1
J1556,I5461,10117.0,10126.0,green,1
J2108,I14528,28424.0,28426.0,green,2
J2108,I15040,29260.0,29264.0,green,2
J3154,I7911,15281.0,15284.0,brown,1
J3154,I11944,23623.0,23629.0,green,2
J3154,I13160,25922.0,25925.0,green,1
J3154,I15171,29450.0,29451.0,brown,1
J4908,I13355,26267.0,26275.0,green,2
J4908,I14410,28220.0,28221.0,brown,1
J4908,I14965,29157.0,29158.0,green,1
J850,I7169,13688.0,13690.0,green,1
J850,I11486,22747.0,22748.0,green,1
J850,I11831,23414.0,23422.0,green,1
J108,I1069,1665.0,1669.0,green,1
J108,I6509,12290.0,12297.0,green,2
J108,I8329,16183.0,16187.0,green,2
J108,I8589,16741.0,16743.0,green,1
J2253,I4822,8805.0,8808.0,green,1
J2253,I5142,9415.0,9421.0,green,5
J804,I4087,7259.0,7260.0,green,1
J804,I4183,7473.0,7475.0,green,1
J3731,I6560,12395.0,12400.0,brown,2
J3731,I10208,20165.0,20166.0,brown,1
J3731,I13345,26252.0,26254.0,green,1
J3731,I14953,29132.0,29136.0,green,1
J3731,I15029,29247.0,29248.0,green,1
J570,I518,766.0,768.0,green,1
J570,I582,862.0,864.0,brown,1
J570,I614,907.0,908.0,brown,1
J570,I2743,4616.0,4625.0,green,1
J4534,I5888,11007.0,11009.0,brown,1
J4534,I9312,18352.0,18355.0,brown,1
J1753,I4236,7575.0,7577.0,green,2
J1753,I6668,12604.0,12610.0,green,1
J1753,I7756,14917.0,14919.0,green,2
J1115,I2217,3678.0,3679.0,green,1
J1115,I3017,5162.0,5164.0,green,2
J3399,I11207,22205.0,22208.0,green,2
J3399,I12455,24570.0,24577.0,green,2
J3399,I14631,28605.0,28608.0,green,2
J2739,I3321,5789.0,5790.0,brown,1
J2739,I3353,5853.0,5854.0,green,1
J2739,I3642,6395.0,6397.0,green,1
J2739,I4282,7663.0,7674.0,green,2
J2739,I8377,16276.0,16277.0,brown,1
J4490,I10320,20415.0,20418.0,brown,2
J4490,I10545,20909.0,20912.0,green,1
J4490,I11184,22157.0,22158.0,brown,1
J4490,I12208,24148.0,24151.0,green,1
J4490,I12560,24768.0,24771.0,brown,1
J2856,I3783,6681.0,6682.0,brown,1
J2856,I3879,6883.0,6884.0,brown,1
J2856,I3943,6999.0,7001.0,brown,2
J2856,I11304,22400.0,22402.0,green,1
J2856,I13800,27131.0,27136.0,green,1
J2957,I7211,13781.0,13782.0,brown,1
J2957,I7371,14136.0,14137.0,brown,1
J2957,I9323,18383.0,18392.0,green,1
J2957,I14092,27666.0,27667.0,green,1
J2957,I14668,28660.0,28662.0,green,1
J2957,I15116,29372.0,29373.0,green,1
J2785,I3414,5966.0,5969.0,brown,3
J2785,I8791,17204.0,17205.0,green,1
J2785,I8919,17491.0,17493.0,green,1
J2785,I11043,21867.0,21868.0,green,1
J2060,I2221,3683.0,3686.0,green,1
J2060,I2254,3738.0,3741.0,green,1
J2060,I2286,3793.0,3799.0,green,1
J2060,I2638,4422.0,4424.0,green,1
J2060,I3118,5367.0,5368.0,green,1
J2060,I3406,5950.0,5952.0,green,1
J4519,I10348,20474.0,20475.0,brown,1
J4519,I10380,20524.0,20525.0,red,1
J4519,I10412,20587.0,20594.0,green,1
J4519,I10508,20838.0,20841.0,red,1
J4519,I10604,21018.0,21019.0,red,1
J4519,I10764,21332.0,21334.0,brown,1
J883,I1892,3111.0,3113.0,green,1
J883,I2084,3436.0,3441.0,green,3
J883,I2244,3723.0,3724.0,green,1
J883,I2500,4174.0,4182.0,green,1
J450,I850,1314.0,1315.0,green,1
J450,I2866,4875.0,4876.0,brown,1
J450,I9395,18537.0,18538.0,green,1
J450,I10323,20423.0,20426.0,green,1
J629,I2191,3633.0,3635.0,green,2
J629,I2223,3687.0,3688.0,brown,1
J629,I2671,4494.0,4497.0,green,1
J2682,I7307,13994.0,13995.0,green,1
J2682,I7403,14193.0,14199.0,green,1
J2682,I9003,17707.0,17715.0,green,3
J2384,I1420,2284.0,2285.0,brown,1
J2384,I12413,24502.0,24506.0,green,2
J2061,I6826,12942.0,12943.0,brown,1
J2061,I9387,18525.0,18528.0,green,1
J2061,I12715,25109.0,25118.0,green,1
J2061,I13963,27438.0,27440.0,green,1
J2061,I14870,29016.0,29017.0,brown,1
J3595,I4163,7436.0,7437.0,brown,1
J3595,I11555,22890.0,22893.0,brown,1
J3595,I11747,23233.0,23234.0,brown,1
J3595,I13027,25703.0,25705.0,brown,1
J3595,I13603,26728.0,26729.0,brown,1
J2913,I11052,21881.0,21883.0,green,2
J2913,I13932,27379.0,27380.0,green,1
J3938,I10734,21278.0,21285.0,green,2
J2192,I4796,8750.0,8753.0,brown,1
J2192,I5020,9193.0,9195.0,brown,1
J2192,I5084,9316.0,9320.0,brown,3
J2192,I7900,15248.0,15249.0,brown,1
J1642,I4479,8114.0,8121.0,green,3
J1642,I5215,9608.0,9611.0,green,1
J1642,I7559,14525.0,14531.0,green,1
J2773,I5754,10750.0,10752.0,brown,2
J2773,I8059,15586.0,15590.0,green,1
J2773,I9786,19295.0,19297.0,brown,1
J2773,I10938,21660.0,21661.0,brown,1
J64,I1983,3269.0,3270.0,brown,1
J64,I5152,9459.0,9467.0,green,1
J64,I8320,16161.0,16164.0,green,3
J4623,I9426,18599.0,18601.0,brown,2
J4623,I10322,20420.0,20423.0,brown,2
J3343,I15269,29607.0,29608.0,green,1
J3343,I15365,29748.0,29750.0,green,2
J3503,I8766,17139.0,17142.0,green,3
J3874,I6048,11359.0,11360.0,brown,1
J3874,I6272,11796.0,11798.0,brown,2
J3874,I10848,21502.0,21504.0,brown,1
J2521,I9168,18056.0,18059.0,green,1
J2521,I10383,20528.0,20534.0,green,1
J2521,I10671,21141.0,21143.0,brown,1
J2521,I12720,25124.0,25125.0,green,1
J1171,I1211,1919.0,1920.0,green,1
J1171,I4315,7750.0,7754.0,green,1
J1171,I4635,8406.0,8408.0,green,1
J1171,I6331,11912.0,11920.0,green,1
J4745,I6291,11827.0,11829.0,brown,1
J4745,I6739,12754.0,12757.0,brown,1
J4745,I7411,14209.0,14210.0,brown,1
J4745,I13204,25992.0,25995.0,green,1
J4745,I13875,27272.0,27273.0,brown,1
J4745,I14558,28469.0,28477.0,green,1
J618,I2300,3821.0,3824.0,green,1
J618,I7420,14228.0,14231.0,green,2
J4644,I9556,18841.0,18843.0,green,2
J4644,I9620,18967.0,18969.0,green,1
J4644,I11220,22237.0,22239.0,green,1
J4644,I13125,25862.0,25863.0,green,1
J4644,I14814,28924.0,28925.0,green,1
J747,I2790,4722.0,4725.0,brown,1
J747,I3110,5352.0,5353.0,brown,1
J747,I4263,7625.0,7627.0,green,1
J747,I6918,13141.0,13143.0,brown,1
J747,I7015,13356.0,13364.0,green,2
J3810,I9168,18056.0,18059.0,green,2
J3810,I9680,19081.0,19085.0,green,3
J3810,I11216,22229.0,22233.0,green,1
J1722,I3902,6922.0,6923.0,green,1
J1722,I3903,6923.0,6925.0,green,2
J1722,I4001,7104.0,7107.0,green,1
J1722,I4127,7341.0,7343.0,green,1
J412,I838,1297.0,1299.0,green,2
J412,I839,1299.0,1302.0,green,1
J412,I902,1393.0,1394.0,green,1
J412,I1030,1602.0,1603.0,brown,1
J3051,I7787,14985.0,14986.0,green,1
J3051,I7947,15346.0,15347.0,green,1
J3051,I8107,15709.0,15712.0,green,3
J3051,I10628,21062.0,21063.0,green,1
J2922,I12407,24483.0,24491.0,green,1
J2922,I12535,24727.0,24728.0,green,1
J2922,I12603,24864.0,24867.0,brown,1
J2922,I12819,25306.0,25307.0,green,1
J270,I738,1117.0,1119.0,brown,2
J270,I1347,2161.0,2165.0,green,1
J270,I5219,9619.0,9625.0,green,2
J270,I6211,11669.0,11671.0,green,1
J3881,I8048,15554.0,15559.0,green,4
J3822,I10646,21097.0,21099.0,green,1
J3822,I11990,23710.0,23712.0,green,1
J3822,I13830,27188.0,27194.0,green,1
J3822,I14006,27513.0,27516.0,green,2
J4068,I11684,23112.0,23114.0,green,2
J4068,I11780,23297.0,23298.0,green,1
J3927,I9553,18836.0,18837.0,red,1
J3927,I9681,19085.0,19086.0,brown,1
J3927,I10097,19919.0,19920.0,brown,1
J3927,I12626,24915.0,24920.0,green,1
J1328,I871,1345.0,1346.0,brown,1
J1328,I10984,21747.0,21748.0,green,1
J1328,I11016,21809.0,21813.0,brown,1
J1328,I11746,23226.0,23233.0,green,3
J1839,I4074,7240.0,7242.0,brown,1
J1839,I7722,14853.0,14855.0,brown,1
J2842,I7724,14859.0,14861.0,brown,1
J2842,I13133,25873.0,25878.0,green,2
J2883,I6487,12245.0,12248.0,green,1
J2883,I8615,16792.0,16795.0,green,1
J2883,I10279,20294.0,20296.0,green,1
J4196,I10851,21507.0,21510.0,brown,1
J4196,I10947,21674.0,21677.0,green,1
J4196,I10979,21736.0,21738.0,red,1
J4196,I11075,21920.0,21922.0,brown,1
J4196,I14308,28037.0,28041.0,green,1
J511,I1632,2655.0,2657.0,brown,1
J4427,I11500,22776.0,22777.0,brown,1
J4427,I11532,22840.0,22842.0,brown,2
J4427,I11564,22902.0,22903.0,brown,1
J4427,I11628,23009.0,23010.0,brown,1
J4427,I11821,23387.0,23389.0,green,1
J4569,I8986,17654.0,17655.0,brown,1
J4569,I14171,27806.0,27807.0,green,1
J4569,I15006,29215.0,29216.0,green,1
J1487,I4825,8814.0,8816.0,green,2
J1487,I4921,8984.0,8987.0,green,2
J1487,I5145,9427.0,9429.0,green,1
J1487,I5273,9721.0,9724.0,green,1
J1435,I1943,3196.0,3197.0,brown,1
J1435,I2328,3873.0,3878.0,green,2
J1435,I9792,19305.0,19307.0,green,1
J3656,I7083,13521.0,13523.0,brown,1
J3656,I12812,25288.0,25294.0,green,1
J3656,I13836,27201.0,27203.0,green,2
J3656,I14956,29142.0,29144.0,green,2
J683,I2087,3445.0,3448.0,green,1
J683,I3112,5354.0,5357.0,green,1
J683,I3240,5614.0,5615.0,green,1
J683,I4456,8064.0,8071.0,green,2
J683,I5848,10931.0,10937.0,green,1
J170,I10033,19790.0,19792.0,green,1
J170,I10928,21642.0,21643.0,brown,1
J1681,I4805,8766.0,8770.0,green,1
J1681,I5733,10680.0,10688.0,green,2
J1681,I5957,11137.0,11138.0,green,1
J1681,I8069,15603.0,15614.0,green,2
J4361,I7412,14210.0,14212.0,brown,2
J4361,I7764,14933.0,14935.0,brown,1
J4361,I10708,21226.0,21229.0,green,1
J4064,I8828,17280.0,17287.0,green,3
J4064,I8923,17501.0,17503.0,brown,1
J4064,I9019,17736.0,17738.0,brown,2
J1347,I3416,5970.0,5972.0,green,1
J1347,I3479,6086.0,6089.0,brown,1
J1347,I3544,6202.0,6204.0,green,1
J1347,I4280,7659.0,7662.0,green,1
J1347,I9764,19253.0,19255.0,green,1
J1157,I2304,3829.0,3830.0,brown,1
J1157,I3072,5264.0,5273.0,green,2
J1157,I3280,5701.0,5712.0,green,1
J1157,I4229,7560.0,7561.0,green,1
J1083,I1187,1856.0,1866.0,green,1
J1083,I1828,2989.0,2990.0,green,1
J3851,I9227,18175.0,18177.0,brown,1
J3851,I12491,24641.0,24644.0,brown,1
J3851,I12747,25176.0,25178.0,brown,1
J3851,I13196,25980.0,25981.0,green,1
J2543,I11703,23148.0,23152.0,brown,2
J2543,I13207,26000.0,26002.0,brown,1
J2543,I14871,29017.0,29020.0,brown,1
J1460,I2561,4280.0,4286.0,green,2
J1460,I3522,6166.0,6167.0,green,1
J1460,I4453,8058.0,8060.0,brown,2
J1460,I7051,13448.0,13452.0,green,1
J4302,I6743,12760.0,12764.0,brown,1
J4302,I14264,27953.0,27959.0,green,2
J4302,I14280,27981.0,27983.0,green,1
J4302,I14488,28353.0,28355.0,green,1
J4302,I14583,28522.0,28523.0,brown,1
J305,I1106,1737.0,1739.0,green,1
J305,I1265,2006.0,2009.0,green,2
J305,I2641,4429.0,4431.0,brown,1
J305,I2705,4545.0,4547.0,brown,1
J305,I6098,11444.0,11451.0,green,1
J3341,I1621,2638.0,2643.0,green,1
J3341,I8022,15491.0,15494.0,green,1
J3341,I9821,19359.0,19360.0,brown,1
J3341,I10462,20709.0,20712.0,green,3
J191,I588,873.0,874.0,green,1
J191,I1453,2340.0,2342.0,green,1
J191,I4333,7788.0,7793.0,green,2
J191,I5469,10138.0,10141.0,green,1
J2301,I7341,14064.0,14066.0,brown,1
J2301,I7405,14200.0,14201.0,brown,1
J2301,I7789,14989.0,14992.0,green,1
J2301,I9165,18049.0,18054.0,brown,1
J2076,I1856,3037.0,3041.0,green,1
J2076,I3104,5341.0,5342.0,green,1
J2076,I5504,10204.0,10211.0,green,1
J2076,I6896,13090.0,13099.0,green,2
J2076,I7064,13471.0,13472.0,green,1
J2037,I5392,9981.0,9982.0,brown,1
J2037,I5584,10369.0,10374.0,brown,1
J2037,I5936,11093.0,11095.0,brown,1
J2037,I7568,14545.0,14546.0,brown,1
J2037,I9040,17780.0,17783.0,green,1
J2037,I13600,26723.0,26724.0,brown,1
J4731,I10067,19853.0,19857.0,green,3
J4731,I11188,22162.0,22164.0,green,1
J4731,I11284,22361.0,22362.0,green,1
J4731,I11316,22418.0,22420.0,green,1
J3590,I10482,20754.0,20760.0,green,1
J858,I1749,2837.0,2839.0,green,1
J858,I1813,2962.0,2964.0,green,1
J858,I2934,5004.0,5006.0,brown,1
J3469,I6511,12299.0,12300.0,brown,1
J3469,I9040,17780.0,17783.0,green,1
J3469,I10383,20528.0,20534.0,green,1
J3469,I14608,28572.0,28573.0,green,1
J261,I306,422.0,426.0,green,2
J261,I1499,2414.0,2417.0,brown,1
J3055,I8165,15833.0,15834.0,green,1
J3055,I8357,16236.0,16237.0,brown,1
J3055,I8773,17153.0,17160.0,brown,1
J3055,I12069,23893.0,23894.0,green,1
J4248,I8323,16167.0,16168.0,brown,1
J4248,I9571,18870.0,18872.0,brown,1
J4248,I9795,19314.0,19316.0,brown,2
J4248,I12834,25335.0,25336.0,green,1
J2444,I6361,11981.0,11983.0,green,2
J2444,I6457,12166.0,12170.0,green,2
J1000,I2833,4799.0,4803.0,green,2
J1000,I6961,13248.0,13251.0,green,1
J1000,I8361,16242.0,16247.0,green,2
J4474,I13338,26239.0,26242.0,green,1
J4474,I13369,26301.0,26302.0,brown,1
J4474,I13946,27399.0,27413.0,green,2
J4474,I14074,27637.0,27639.0,green,2
J873,I7198,13753.0,13756.0,green,1
J873,I9469,18673.0,18676.0,brown,1
J873,I10142,20013.0,20014.0,green,1
J873,I10622,21046.0,21049.0,green,2
J873,I11886,23517.0,23519.0,brown,1
J542,I8245,16006.0,16015.0,green,2
J542,I8884,17423.0,17425.0,brown,1
J542,I9301,18331.0,18332.0,green,1
J542,I9557,18843.0,18848.0,green,1
J542,I12693,25070.0,25072.0,green,1
J4843,I10079,19880.0,19881.0,red,1
J4843,I10272,20275.0,20277.0,green,2
J4843,I12192,24116.0,24118.0,green,2
J4204,I12051,23852.0,23855.0,green,1
J4204,I12082,23914.0,23916.0,red,1
J4204,I12178,24086.0,24090.0,brown,3
J919,I2934,5004.0,5006.0,brown,1
J919,I8935,17537.0,17538.0,green,1
J919,I10567,20949.0,20953.0,green,1
J919,I11207,22205.0,22208.0,green,1
J1656,I2675,4501.0,4503.0,brown,1
J1656,I2740,4604.0,4610.0,green,1
J1656,I2772,4677.0,4682.0,green,2
J1656,I4724,8591.0,8597.0,green,1
J1656,I7700,14807.0,14809.0,green,1
J4153,I8612,16788.0,16789.0,brown,1
J4153,I9829,19377.0,19379.0,green,1
J4153,I10372,20515.0,20516.0,brown,1
J4153,I11812,23370.0,23372.0,green,1
J2176,I1752,2841.0,2843.0,brown,1
J2176,I1753,2843.0,2846.0,green,3
J358,I345,487.0,490.0,brown,1
J358,I490,719.0,721.0,green,1
J358,I1291,2046.0,2052.0,green,1
J358,I3275,5684.0,5688.0,green,2
J358,I7690,14789.0,14791.0,brown,1
J3155,I9204,18120.0,18122.0,green,2
J3155,I9300,18322.0,18331.0,green,1
J1887,I2954,5046.0,5051.0,green,1
J1887,I3050,5220.0,5222.0,green,1
J1887,I3114,5359.0,5361.0,green,1
J1887,I4617,8381.0,8382.0,brown,1
J1887,I8058,15581.0,15586.0,green,1
J1887,I8106,15697.0,15709.0,green,1
J4501,I6887,13064.0,13065.0,brown,1
J4501,I14064,27620.0,27623.0,green,2
J2929,I12283,24266.0,24270.0,green,2
J4345,I8195,15888.0,15889.0,brown,1
J4345,I8291,16086.0,16088.0,brown,1
J4345,I8707,16995.0,16997.0,brown,1
J4345,I9091,17866.0,17867.0,green,1
J2257,I4711,8563.0,8564.0,green,1
J2257,I4807,8773.0,8776.0,green,3
J2257,I4999,9138.0,9139.0,green,1
J3785,I9767,19259.0,19261.0,brown,2
J3785,I9927,19583.0,19584.0,green,1
J3785,I10055,19831.0,19833.0,brown,1
J3785,I14311,28044.0,28046.0,green,1
J2228,I5737,10697.0,10698.0,green,1
J2228,I8873,17398.0,17402.0,green,1
J4083,I6180,11617.0,11619.0,brown,2
J3489,I2111,3484.0,3485.0,brown,1
J3489,I2303,3827.0,3829.0,brown,2
J3489,I7551,14510.0,14511.0,brown,1
J3489,I8832,17298.0,17301.0,green,1
J741,I2462,4101.0,4102.0,brown,1
J741,I2751,4639.0,4642.0,green,1
J2491,I6212,11671.0,11673.0,green,2
J2491,I7524,14453.0,14455.0,green,1
J2491,I9348,18441.0,18446.0,green,1
J2491,I10172,20066.0,20068.0,brown,1
J1035,I145,190.0,192.0,green,1
J1035,I209,278.0,279.0,green,1
J1035,I273,373.0,376.0,green,1
J1035,I6574,12424.0,12428.0,green,1
J1035,I6686,12646.0,12647.0,green,1
J3319,I9250,18225.0,18226.0,brown,1
J3319,I9282,18279.0,18282.0,brown,1
J2140,I5157,9476.0,9487.0,green,3
J2278,I5323,9832.0,9836.0,green,2
J2278,I5578,10354.0,10355.0,brown,1
J2278,I11050,21878.0,21879.0,brown,1
J1506,I4276,7652.0,7654.0,brown,2
J1506,I4277,7654.0,7656.0,green,2
J1506,I4821,8795.0,8805.0,green,1
J2051,I4191,7487.0,7491.0,green,3
J2051,I4255,7614.0,7615.0,green,1
J2051,I4799,8758.0,8759.0,green,1
J2051,I5375,9944.0,9947.0,green,1
J333,I425,619.0,621.0,green,1
J333,I3242,5616.0,5618.0,green,1
J333,I8106,15697.0,15709.0,green,2
J333,I9570,18868.0,18870.0,green,1
J333,I9602,18930.0,18937.0,green,1
J882,I2437,4058.0,4059.0,brown,1
J882,I6502,12272.0,12275.0,green,2
J882,I7913,15286.0,15294.0,green,1
J3293,I13478,26524.0,26525.0,green,1
J3293,I13542,26625.0,26628.0,green,1
J2981,I8830,17290.0,17293.0,green,3
J2981,I9246,18216.0,18217.0,green,1
J2981,I9598,18923.0,18927.0,green,1
J2981,I10623,21049.0,21052.0,green,1
J3821,I9715,19154.0,19155.0,green,1
J3821,I9811,19344.0,19345.0,brown,1
J3821,I10580,20974.0,20976.0,green,2
J3821,I12476,24618.0,24619.0,brown,1
J1670,I4439,8029.0,8030.0,green,1
J1670,I4472,8099.0,8105.0,green,3
J1231,I4303,7729.0,7731.0,brown,1
J1231,I4336,7797.0,7800.0,green,1
J1231,I5152,9459.0,9467.0,green,2
J1231,I5201,9576.0,9579.0,green,2
J4891,I13950,27418.0,27419.0,brown,1
J4891,I14559,28477.0,28479.0,green,1
J4891,I14719,28760.0,28762.0,green,1
J4891,I14783,28868.0,28870.0,green,1
J3727,I13817,27165.0,27168.0,green,1
J3727,I13921,27356.0,27357.0,green,1
J3727,I13925,27363.0,27365.0,brown,1
J2536,I1581,2573.0,2575.0,green,1
J2536,I1773,2878.0,2883.0,green,1
J2536,I4845,8843.0,8844.0,green,1
J2536,I8205,15907.0,15910.0,green,1
J2536,I8309,16137.0,16139.0,green,1
J3741,I1441,2321.0,2322.0,green,1
J3741,I2369,3944.0,3945.0,brown,1
J3741,I7745,14900.0,14902.0,brown,1
J3741,I11490,22756.0,22757.0,green,1
J3741,I11826,23402.0,23404.0,green,2
J3359,I7053,13454.0,13456.0,brown,2
J3359,I12942,25547.0,25551.0,green,1
J2288,I3963,7035.0,7037.0,brown,1
J2288,I4027,7158.0,7159.0,brown,1
J2288,I4091,7270.0,7272.0,brown,1
J2288,I4251,7604.0,7606.0,brown,1
J2288,I7259,13887.0,13888.0,brown,1
J2288,I13884,27284.0,27285.0,green,1
J959,I2730,4584.0,4586.0,green,1
J959,I2922,4983.0,4984.0,green,1
J959,I3050,5220.0,5222.0,green,1
J959,I3082,5302.0,5304.0,green,1
J959,I3626,6367.0,6374.0,green,2
J2829,I6316,11878.0,11885.0,green,2
J2829,I6412,12084.0,12086.0,green,2
J1232,I3197,5533.0,5535.0,green,2
J1232,I3901,6918.0,6922.0,green,2
J1583,I2859,4855.0,4862.0,brown,1
J1583,I7308,13995.0,13999.0,green,3
J1583,I11468,22710.0,22714.0,green,1
J1583,I12812,25288.0,25294.0,green,1
J4871,I11128,22037.0,22041.0,green,1
J4871,I13625,26766.0,26769.0,green,1
J4871,I14713,28746.0,28750.0,green,1
J4871,I14994,29197.0,29198.0,green,1
J2344,I11950,23642.0,23645.0,green,1
J2344,I13069,25774.0,25775.0,brown,1
J3953,I11703,23148.0,23152.0,brown,1
J3953,I11928,23592.0,23593.0,green,1
J3953,I14136,27747.0,27750.0,green,1
J3953,I14360,28130.0,28137.0,green,2
J3953,I14872,29020.0,29021.0,brown,1
J708,I2390,3969.0,3970.0,brown,1
J708,I8711,17002.0,17007.0,green,2
J708,I9207,18125.0,18128.0,green,3
J4521,I9180,18080.0,18083.0,green,1
J4521,I9404,18554.0,18555.0,brown,1
J4521,I11069,21910.0,21911.0,green,1
J4521,I11293,22376.0,22380.0,green,1
J4521,I13309,26176.0,26178.0,green,2
J3939,I7354,14101.0,14104.0,green,1
J3939,I12570,24790.0,24793.0,green,2
J3939,I12642,24948.0,24953.0,green,2
J3046,I1271,2016.0,2021.0,green,2
J3046,I5784,10814.0,10815.0,green,1
J3046,I8312,16145.0,16148.0,brown,1
J2648,I10330,20436.0,20441.0,brown,1
J2648,I10618,21038.0,21039.0,green,1
J2648,I12091,23927.0,23932.0,green,2
J2648,I12698,25077.0,25079.0,brown,1
J2648,I13274,26120.0,26121.0,brown,1
J2779,I6189,11634.0,11635.0,brown,1
J2779,I9581,18889.0,18891.0,brown,1
J2779,I12654,24980.0,24990.0,green,3
J1262,I2198,3643.0,3647.0,green,1
J1262,I5750,10745.0,10746.0,green,1
J1262,I8484,16511.0,16517.0,green,2
J205,I697,1045.0,1046.0,green,1
J205,I1594,2592.0,2596.0,green,4
J205,I1818,2974.0,2976.0,green,1
J4670,I9837,19393.0,19394.0,brown,1
J4670,I9869,19462.0,19463.0,brown,1
J4670,I11214,22224.0,22228.0,green,2
J1579,I861,1329.0,1330.0,brown,1
J1579,I9614,18955.0,18958.0,green,1
J1579,I10126,19985.0,19986.0,green,1
J1579,I13014,25679.0,25681.0,brown,1
J1481,I2037,3353.0,3354.0,green,1
J1481,I7413,14212.0,14216.0,brown,1
J1481,I11061,21896.0,21897.0,brown,1
J1481,I12053,23859.0,23860.0,brown,1
J3494,I10037,19795.0,19797.0,brown,1
J3494,I10869,21542.0,21545.0,brown,1
J3494,I12917,25501.0,25503.0,green,2
J3494,I12949,25557.0,25558.0,green,1
J3494,I13717,26967.0,26968.0,green,1
J2590,I5148,9437.0,9450.0,green,1
J2590,I8123,15742.0,15744.0,brown,1
J2590,I10523,20865.0,20867.0,brown,1
J2590,I11324,22441.0,22443.0,green,2
J1787,I7002,13335.0,13337.0,green,2
J1787,I10586,20982.0,20984.0,green,1
J435,I1698,2758.0,2759.0,brown,1
J435,I2178,3611.0,3614.0,brown,1
J435,I6915,13134.0,13138.0,green,1
J3428,I8637,16837.0,16842.0,green,4
J3428,I8765,17138.0,17139.0,green,1
J3428,I8893,17441.0,17442.0,brown,1
J3402,I6728,12724.0,12728.0,green,1
J3402,I7112,13570.0,13572.0,green,2
J3402,I9544,18813.0,18815.0,brown,1
J3029,I9733,19184.0,19187.0,brown,2
J2242,I3303,5760.0,5762.0,green,1
J2242,I3847,6809.0,6811.0,green,1
J2242,I3911,6937.0,6940.0,green,1
J2242,I4359,7847.0,7852.0,green,1
J4902,I14028,27556.0,27557.0,brown,1
J4902,I14156,27780.0,27781.0,brown,1
J4902,I14829,28950.0,28954.0,green,1
J4390,I6217,11681.0,11684.0,brown,1
J4390,I10506,20830.0,20835.0,green,1
J4390,I13034,25721.0,25722.0,green,1
J4390,I13162,25927.0,25932.0,green,3
J2851,I2941,5021.0,5022.0,brown,1
J3827,I4793,8744.0,8747.0,green,2
J3827,I9209,18133.0,18134.0,green,1
J3827,I10777,21360.0,21362.0,green,1
J3827,I12561,24771.0,24774.0,green,2
J590,I13665,26847.0,26853.0,green,1
J590,I15457,29876.0,29877.0,green,1
J372,I7578,14566.0,14567.0,brown,1
J372,I12762,25200.0,25202.0,brown,2
J372,I13243,26063.0,26068.0,green,1
J372,I13723,26976.0,26979.0,green,1
J372,I14363,28142.0,28144.0,green,1
J624,I7003,13337.0,13339.0,brown,1
J624,I7740,14888.0,14891.0,green,3
J624,I8668,16913.0,16917.0,green,1
J624,I10876,21553.0,21556.0,brown,1
J2206,I5886,11002.0,11004.0,green,2
J2206,I10594,20994.0,20998.0,green,1
J4528,I2844,4820.0,4825.0,brown,1
J4528,I13565,26665.0,26669.0,green,1
J4528,I13853,27232.0,27236.0,green,3
J4528,I14493,28362.0,28363.0,green,1
J4977,I11858,23471.0,23472.0,green,1
J1599,I6168,11591.0,11592.0,brown,1
J1599,I6200,11649.0,11651.0,brown,2
J1599,I8984,17652.0,17653.0,brown,1
J1853,I280,384.0,385.0,brown,1
J1853,I2713,4556.0,4559.0,green,3
J1853,I2873,4885.0,4890.0,green,1
J1853,I10307,20376.0,20377.0,green,1
J1429,I3571,6260.0,6261.0,brown,1
J1429,I3667,6452.0,6453.0,brown,1
J1429,I4531,8207.0,8208.0,brown,1
J1429,I5171,9512.0,9514.0,brown,1
J1429,I6004,11253.0,11263.0,green,1
J3212,I8469,16478.0,16482.0,green,2
J3212,I8724,17033.0,17037.0,brown,1
J3212,I12213,24157.0,24159.0,green,1
J4386,I5372,9930.0,9931.0,brown,1
J4386,I8156,15810.0,15812.0,brown,1
J4386,I11164,22119.0,22122.0,green,1
J4386,I12493,24646.0,24647.0,green,1
J4386,I12509,24681.0,24684.0,green,1
J4386,I13277,26123.0,26124.0,green,1
J1719,I10767,21340.0,21342.0,brown,1
J1719,I10863,21531.0,21534.0,brown,1
J1719,I11024,21827.0,21832.0,green,2
J1719,I11759,23261.0,23263.0,brown,1
J1719,I13520,26589.0,26591.0,green,1
J3435,I9666,19053.0,19057.0,brown,1
J3435,I12274,24256.0,24257.0,brown,1
J3435,I13062,25762.0,25763.0,brown,1
J3186,I9945,19612.0,19617.0,green,2
J3186,I10105,19931.0,19941.0,green,1
J3186,I11192,22172.0,22177.0,green,1
J3186,I11576,22922.0,22923.0,brown,1
J3038,I9806,19336.0,19338.0,green,1
J3038,I13839,27208.0,27210.0,green,1
J3038,I14031,27561.0,27562.0,green,1
J3038,I15279,29620.0,29621.0,brown,1
J3038,I15375,29761.0,29762.0,green,1
J3038,I15399,29793.0,29796.0,green,1
J3963,I3359,5861.0,5864.0,brown,3
J3963,I4671,8480.0,8483.0,brown,2
J3963,I6400,12061.0,12062.0,green,1
J212,I949,1468.0,1472.0,brown,1
J212,I5494,10186.0,10189.0,green,3
J212,I5822,10881.0,10883.0,green,1
J212,I6459,12175.0,12182.0,green,1
J2900,I12013,23753.0,23754.0,green,1
J2900,I13805,27146.0,27148.0,green,2
J2900,I13998,27498.0,27500.0,brown,1
J4543,I12307,24305.0,24307.0,green,2
J4543,I12339,24358.0,24360.0,green,2
J4543,I12435,24540.0,24541.0,green,1
J4543,I13171,25941.0,25942.0,green,1
J3191,I4377,7893.0,7894.0,green,1
J3191,I4409,7961.0,7964.0,green,2
J3191,I6009,11269.0,11277.0,green,3
J437,I785,1194.0,1195.0,green,1
J437,I1489,2399.0,2401.0,green,2
J437,I1841,3010.0,3013.0,green,1
J437,I3361,5868.0,5874.0,green,1
J437,I3683,6473.0,6474.0,green,1
J3098,I2188,3627.0,3629.0,brown,2
J3098,I7245,13867.0,13868.0,green,1
J3098,I8525,16615.0,16617.0,green,1
J3096,I7528,14460.0,14461.0,brown,1
J3096,I7784,14978.0,14980.0,brown,2
J3096,I7944,15342.0,15344.0,brown,1
J3096,I13897,27306.0,27311.0,green,2
J4149,I11843,23444.0,23445.0,green,1
J4149,I11939,23613.0,23617.0,green,1
J3095,I3064,5250.0,5252.0,brown,1
J3095,I9113,17917.0,17919.0,green,1
J3095,I10168,20057.0,20059.0,brown,1
J3095,I11577,22923.0,22925.0,brown,1
J3126,I956,1481.0,1482.0,brown,1
J3126,I4156,7415.0,7418.0,brown,2
J386,I2350,3913.0,3915.0,brown,1
J386,I8495,16540.0,16544.0,green,1
J386,I10703,21213.0,21217.0,green,3
J386,I11439,22652.0,22654.0,green,1
J4483,I11822,23389.0,23395.0,green,4
J4085,I3143,5418.0,5420.0,brown,1
J4085,I4743,8645.0,8646.0,brown,1
J4085,I4775,8718.0,8719.0,brown,1
J4085,I4839,8834.0,8836.0,brown,1
J4085,I13320,26199.0,26200.0,green,1
J4085,I13608,26739.0,26740.0,brown,1
J4548,I10096,19917.0,19919.0,green,1
J4548,I11280,22354.0,22357.0,green,1
J4548,I11920,23580.0,23581.0,brown,1
J4548,I13936,27384.0,27387.0,green,1
J4548,I14320,28060.0,28061.0,brown,1
J4548,I15056,29282.0,29283.0,brown,1
J2618,I2659,4467.0,4472.0,green,1
J2618,I2754,4645.0,4647.0,brown,1
J2618,I4131,7355.0,7370.0,green,1
J2618,I6907,13117.0,13120.0,green,1
J3892,I1532,2480.0,2482.0,brown,1
J3892,I7516,14437.0,14438.0,brown,1
J3892,I8124,15744.0,15746.0,brown,1
J3892,I12093,23933.0,23935.0,green,1
J3892,I12573,24796.0,24801.0,green,1
J3892,I12885,25435.0,25447.0,green,1
J2801,I8352,16231.0,16232.0,green,1
J2801,I8384,16291.0,16294.0,green,2
J2801,I8448,16432.0,16439.0,green,2
J2801,I8640,16846.0,16847.0,green,1
J2812,I5151,9454.0,9459.0,green,3
J2812,I5215,9608.0,9611.0,green,2
J3877,I9864,19454.0,19456.0,brown,2
J3877,I10024,19774.0,19775.0,brown,1
J3877,I10089,19900.0,19901.0,green,1
J3877,I10217,20178.0,20179.0,green,1
J3877,I13161,25925.0,25927.0,green,1
J712,I2109,3480.0,3483.0,green,2
J712,I2206,3655.0,3658.0,green,2
J712,I2398,3981.0,3989.0,green,1
J4511,I7766,14937.0,14941.0,brown,1
J4511,I11079,21931.0,21935.0,green,1
J4511,I14774,28851.0,28852.0,brown,1
J4511,I15338,29707.0,29708.0,brown,1
J4511,I15351,29722.0,29723.0,green,1
J3234,I2316,3850.0,3851.0,brown,1
J3234,I2412,4013.0,4014.0,brown,1
J3234,I12716,25118.0,25119.0,brown,1
J2130,I2411,4012.0,4013.0,brown,1
J2130,I4652,8433.0,8435.0,green,1
J2130,I5132,9396.0,9401.0,green,1
J2130,I7596,14602.0,14608.0,green,2
J2130,I8932,17526.0,17531.0,green,1
J4884,I8698,16979.0,16980.0,green,1
J4884,I9146,18007.0,18008.0,brown,1
J4884,I9178,18075.0,18079.0,brown,1
J4884,I15295,29648.0,29649.0,green,1
J1723,I10826,21449.0,21453.0,brown,1
J1723,I11146,22081.0,22082.0,brown,1
J1723,I12939,25537.0,25538.0,green,1
J1723,I13931,27375.0,27379.0,green,1
J1723,I14187,27826.0,27828.0,brown,1
J1945,I3648,6413.0,6416.0,green,3
J1945,I7904,15255.0,15257.0,green,1
J2417,I3322,5790.0,5791.0,brown,1
J2417,I3387,5923.0,5924.0,green,1
J2417,I3515,6153.0,6154.0,brown,1
J2417,I4283,7674.0,7679.0,green,2
J2417,I8515,16587.0,16591.0,green,1
J3540,I1092,1713.0,1715.0,brown,1
J3540,I5157,9476.0,9487.0,green,2
J3540,I6085,11422.0,11430.0,green,1
J1893,I2714,4559.0,4562.0,green,1
J1893,I2874,4890.0,4893.0,green,2
J1893,I3130,5391.0,5394.0,green,1
J1893,I4282,7663.0,7674.0,green,1
J1893,I6394,12050.0,12056.0,green,1
J4062,I4670,8479.0,8480.0,brown,1
J4062,I7454,14304.0,14306.0,brown,1
J4062,I13414,26391.0,26393.0,brown,1
J4062,I13759,27044.0,27045.0,green,1
J3869,I810,1237.0,1243.0,green,1
J3869,I874,1348.0,1349.0,brown,1
J3869,I7082,13518.0,13521.0,brown,2
J3869,I11307,22404.0,22405.0,green,1
J3869,I12619,24902.0,24904.0,brown,1
J3933,I11980,23693.0,23695.0,brown,2
J3933,I12044,23827.0,23829.0,brown,1
J3933,I14349,28105.0,28108.0,green,1
J3933,I14669,28662.0,28664.0,green,1
J3933,I15517,29959.0,29961.0,green,1
J524,I1078,1679.0,1681.0,brown,1
J524,I4535,8211.0,8212.0,green,1
J524,I7127,13605.0,13606.0,brown,1
J524,I9127,17954.0,17971.0,green,1
J1803,I5808,10858.0,10859.0,brown,1
J1803,I10193,20116.0,20126.0,green,2
J1803,I13409,26379.0,26386.0,green,1
J1803,I13488,26539.0,26540.0,brown,1
J1803,I13537,26617.0,26619.0,green,1
J1918,I4740,8632.0,8637.0,green,1
J1918,I7428,14247.0,14249.0,green,1
J1918,I7748,14904.0,14905.0,green,1
J1918,I7876,15199.0,15202.0,green,1
J1918,I8468,16474.0,16478.0,green,1
J1242,I922,1420.0,1424.0,green,1
J1242,I1082,1685.0,1693.0,green,3
J1242,I3150,5429.0,5438.0,green,2
J4297,I6905,13110.0,13114.0,green,3
J4297,I7289,13946.0,13950.0,green,2
J1351,I3302,5758.0,5760.0,green,2
J1351,I6822,12934.0,12938.0,brown,1
J1351,I8438,16414.0,16420.0,green,3
J1801,I5291,9763.0,9764.0,green,1
J1801,I5324,9836.0,9844.0,green,2
J1801,I5484,10166.0,10170.0,green,1
J4144,I9415,18575.0,18582.0,green,1
J4144,I10727,21264.0,21265.0,brown,1
J4144,I12712,25099.0,25103.0,green,2
J3375,I3385,5916.0,5918.0,green,2
J3375,I10258,20256.0,20259.0,green,2
J2766,I10730,21270.0,21272.0,green,1
J2766,I12683,25043.0,25050.0,green,3
J2766,I13355,26267.0,26275.0,green,2
J229,I6943,13194.0,13197.0,green,1
J229,I7359,14110.0,14113.0,green,2
J2034,I1390,2237.0,2240.0,green,1
J2034,I1518,2453.0,2455.0,green,1
J2034,I2286,3793.0,3799.0,green,1
J2034,I3374,5897.0,5904.0,green,1
J2034,I3918,6951.0,6953.0,green,2
J3453,I6792,12873.0,12874.0,brown,1
J3453,I6856,13003.0,13004.0,brown,1
J3453,I13385,26334.0,26336.0,green,1
J3185,I2530,4235.0,4236.0,green,1
J3185,I2659,4467.0,4472.0,green,1
J3185,I8522,16607.0,16608.0,brown,1
J1027,I3634,6384.0,6385.0,brown,1
J1027,I11978,23690.0,23692.0,brown,1
J1024,I11974,23678.0,23682.0,green,2
J1024,I12550,24749.0,24751.0,green,2
J1024,I12934,25528.0,25530.0,green,2
J2218,I2956,5052.0,5054.0,brown,1
J2218,I3917,6949.0,6951.0,green,1
J2218,I8237,15984.0,15987.0,green,3
J2218,I8301,16112.0,16118.0,green,1
J3374,I8240,15989.0,15990.0,green,1
J3374,I8656,16884.0,16886.0,green,2
J4795,I7599,14613.0,14614.0,brown,1
J4795,I11663,23069.0,23071.0,brown,2
J4795,I14032,27562.0,27563.0,green,1
J3077,I9127,17954.0,17971.0,green,2
J3077,I9478,18695.0,18698.0,brown,3
J3077,I10151,20029.0,20030.0,green,1
J4261,I7316,14012.0,14015.0,green,1
J4261,I7541,14489.0,14492.0,green,1
J4261,I11221,22239.0,22242.0,green,1
J4261,I12950,25558.0,25560.0,brown,1
J1261,I1455,2343.0,2349.0,green,1
J1261,I2448,4080.0,4081.0,green,1
J1261,I4112,7314.0,7320.0,green,3
J2004,I2473,4122.0,4126.0,green,1
J2004,I3082,5302.0,5304.0,green,1
J2004,I3242,5616.0,5618.0,green,1
J4206,I835,1293.0,1295.0,green,1
J4206,I5379,9956.0,9957.0,brown,1
J4206,I5795,10837.0,10839.0,brown,1
J2357,I6237,11729.0,11732.0,green,3
J2357,I6365,12001.0,12005.0,green,1
J2357,I7069,13482.0,13484.0,green,1
J4266,I8386,16295.0,16297.0,brown,1
J4266,I8514,16586.0,16587.0,brown,1
J4266,I8610,16784.0,16787.0,green,2
J4266,I8930,17517.0,17521.0,green,1
J3048,I7744,14895.0,14900.0,green,2
J3048,I11871,23492.0,23496.0,brown,1
J1915,I2174,3600.0,3602.0,green,1
J1915,I2206,3655.0,3658.0,green,1
J1915,I2654,4452.0,4457.0,green,1
J1915,I3005,5138.0,5139.0,brown,1
J1915,I9758,19240.0,19248.0,green,1
J3703,I4904,8950.0,8954.0,green,1
J3703,I5128,9390.0,9391.0,brown,1
J3703,I8873,17398.0,17402.0,green,1
J3703,I12401,24464.0,24469.0,green,2
J3583,I5900,11030.0,11033.0,brown,2
J3583,I12684,25050.0,25052.0,brown,1
J3583,I13004,25662.0,25663.0,brown,1
J1395,I2351,3915.0,3918.0,brown,1
J1395,I8368,16261.0,16264.0,green,1
J1927,I5607,10423.0,10426.0,green,1
J1927,I5703,10611.0,10617.0,green,2
J1927,I6374,12019.0,12021.0,brown,1
J1927,I9592,18910.0,18912.0,green,1
J3308,I9928,19584.0,19586.0,green,1
J3308,I9959,19650.0,19653.0,brown,1
J3308,I10152,20030.0,20033.0,green,2
J3308,I10248,20241.0,20242.0,green,1
J3308,I10280,20296.0,20297.0,green,1
J3571,I8759,17126.0,17127.0,brown,1
J3571,I8824,17271.0,17272.0,green,1
J3571,I10168,20057.0,20059.0,brown,1
J3571,I12598,24856.0,24857.0,brown,1
J235,I876,1350.0,1352.0,green,1
J235,I1676,2719.0,2721.0,brown,1
J235,I12029,23784.0,23790.0,green,1
J235,I12157,24050.0,24055.0,green,2
J1047,I1976,3252.0,3253.0,brown,1
J1047,I5976,11184.0,11187.0,brown,1
J1047,I10680,21163.0,21167.0,brown,1
J852,I2787,4715.0,4718.0,green,1
J852,I5315,9810.0,9812.0,brown,1
J1256,I514,756.0,758.0,green,1
J1256,I1027,1597.0,1599.0,green,1
J1256,I3299,5751.0,5755.0,green,2
J1256,I4259,7620.0,7621.0,green,1
J276,I4058,7210.0,7214.0,green,1
J276,I6682,12633.0,12641.0,green,1
J276,I9758,19240.0,19248.0,green,1
J276,I9790,19301.0,19303.0,green,2
J276,I9846,19420.0,19427.0,green,1
J1847,I3103,5337.0,5341.0,green,3
J1847,I9796,19316.0,19318.0,green,1
J2514,I7953,15359.0,15361.0,green,1
J2514,I8945,17551.0,17554.0,green,2
J2514,I10257,20254.0,20256.0,green,1
J4079,I7143,13632.0,13633.0,brown,1
J4079,I7911,15281.0,15284.0,brown,1
J4079,I8711,17002.0,17007.0,green,2
J4079,I9415,18575.0,18582.0,green,1
J4079,I9991,19708.0,19711.0,green,1
J3569,I3752,6619.0,6620.0,brown,1
J3569,I4328,7778.0,7780.0,brown,2
J3569,I5928,11083.0,11085.0,brown,1
J3569,I10473,20728.0,20735.0,green,1
J3569,I12791,25246.0,25247.0,green,1
J623,I765,1159.0,1160.0,green,1
J623,I4029,7160.0,7161.0,green,1
J377,I867,1339.0,1341.0,green,1
J377,I900,1391.0,1392.0,green,1
J377,I1220,1931.0,1933.0,brown,1
J377,I1235,1957.0,1959.0,green,2
J377,I1541,2500.0,2502.0,brown,1
J1781,I3136,5406.0,5407.0,red,1
J1781,I13225,26034.0,26037.0,green,2
J1781,I13472,26513.0,26514.0,brown,1
J4775,I9846,19420.0,19427.0,green,1
J4775,I10887,21572.0,21581.0,green,1
J4775,I14359,28126.0,28130.0,green,3
J4775,I15063,29291.0,29292.0,green,1
J901,I14081,27650.0,27653.0,brown,2
J901,I14658,28646.0,28647.0,green,1
J901,I14690,28706.0,28707.0,green,1
J901,I14755,28825.0,28826.0,brown,1
J901,I15074,29303.0,29305.0,green,1
J3780,I5504,10204.0,10211.0,green,3
J3780,I8480,16502.0,16505.0,green,1
J3780,I11759,23261.0,23263.0,brown,1
J3780,I11952,23646.0,23647.0,green,1
J3492,I7446,14286.0,14289.0,brown,3
J3492,I7510,14421.0,14423.0,brown,1
J3492,I8406,16345.0,16350.0,green,1
J3492,I8566,16695.0,16696.0,brown,1
J2833,I3592,6307.0,6310.0,brown,1
J2833,I12553,24753.0,24757.0,green,3
J2833,I13704,26940.0,26942.0,brown,1
J3065,I5197,9571.0,9572.0,green,1
J3065,I5198,9572.0,9573.0,green,1
J3065,I9603,18937.0,18938.0,green,1
J4143,I8406,16345.0,16350.0,green,1
J4143,I11446,22662.0,22664.0,brown,1
J4143,I13351,26259.0,26264.0,green,1
J4849,I9122,17945.0,17946.0,green,1
J4849,I14980,29181.0,29182.0,green,1
J4849,I15217,29524.0,29528.0,brown,3
J4782,I8641,16847.0,16851.0,green,1
J4782,I10273,20277.0,20281.0,brown,1
J4782,I12642,24948.0,24953.0,green,1
J4782,I13122,25858.0,25860.0,green,1
J4782,I14529,28426.0,28428.0,brown,2
J1252,I4137,7383.0,7386.0,green,1
J1252,I8361,16242.0,16247.0,green,1
J3560,I10724,21257.0,21259.0,green,2
J3560,I10742,21294.0,21298.0,green,2
J3560,I10756,21324.0,21325.0,green,1
J3753,I4116,7326.0,7327.0,brown,1
J3753,I8245,16006.0,16015.0,green,1
J3753,I11925,23588.0,23590.0,green,1
J3753,I12885,25435.0,25447.0,green,1
J3753,I13140,25885.0,25887.0,brown,1
J3753,I13182,25956.0,25962.0,green,1
J346,I534,790.0,791.0,brown,1
J346,I1174,1839.0,1841.0,brown,1
J346,I2823,4778.0,4781.0,brown,1
J346,I3686,6477.0,6483.0,green,1
J346,I4566,8276.0,8289.0,green,2
J865,I4648,8426.0,8429.0,brown,1
J865,I14665,28655.0,28657.0,green,1
J865,I15049,29275.0,29276.0,green,1
J137,I7393,14173.0,14175.0,green,2
J137,I9217,18152.0,18154.0,green,1
J137,I10657,21118.0,21119.0,brown,1
J137,I11977,23688.0,23690.0,green,1
J698,I3074,5276.0,5279.0,green,2
J698,I7310,14004.0,14006.0,green,2
J1825,I1918,3151.0,3152.0,brown,1
J1825,I3423,5983.0,5985.0,green,1
J1825,I8575,16708.0,16712.0,green,1
J1825,I8831,17293.0,17298.0,green,1
J3130,I4178,7461.0,7464.0,green,2
J3130,I7762,14930.0,14932.0,green,1
J3130,I9665,19051.0,19053.0,brown,2
J3130,I11249,22301.0,22302.0,brown,1
J4658,I7058,13460.0,13461.0,brown,1
J4658,I7090,13532.0,13533.0,brown,1
J4658,I14967,29159.0,29160.0,green,1
J4658,I14995,29198.0,29200.0,green,2
J4658,I15093,29333.0,29334.0,green,1
J1949,I1775,2889.0,2897.0,green,3
J1949,I4111,7300.0,7314.0,green,2
J1949,I8849,17344.0,17348.0,green,1
J1213,I1232,1952.0,1954.0,brown,1
J1213,I3713,6532.0,6538.0,green,2
J1213,I3945,7002.0,7005.0,green,2
J1213,I4181,7470.0,7472.0,green,1
J4054,I11704,23152.0,23153.0,red,1
J4054,I11801,23344.0,23347.0,green,2
J4054,I11960,23655.0,23656.0,brown,1
J580,I2265,3758.0,3759.0,green,1
J580,I2489,4156.0,4158.0,green,2
J580,I2585,4344.0,4345.0,green,1
J580,I5945,11117.0,11119.0,green,2
J554,I1164,1824.0,1826.0,brown,2
J554,I1741,2829.0,2830.0,green,1
J554,I4333,7788.0,7793.0,green,1
J271,I744,1130.0,1133.0,brown,1
J271,I5673,10546.0,10553.0,green,1
J271,I6505,12282.0,12286.0,green,2
J271,I6888,13065.0,13069.0,brown,1
J271,I12008,23743.0,23744.0,brown,1
J3944,I9142,17999.0,18001.0,green,2
J3944,I11446,22662.0,22664.0,brown,1
J2078,I6147,11553.0,11557.0,green,4
J2078,I6307,11860.0,11861.0,brown,1
J2078,I8099,15683.0,15684.0,brown,1
J4756,I8511,16581.0,16582.0,brown,1
J4756,I12544,24741.0,24744.0,green,1
J4756,I12735,25155.0,25158.0,brown,1
J4756,I14464,28310.0,28312.0,green,1
J4756,I14639,28623.0,28624.0,brown,1
J4756,I14819,28934.0,28937.0,brown,1
J614,I1109,1742.0,1743.0,green,1
J614,I1462,2358.0,2359.0,green,1
J614,I5014,9185.0,9187.0,green,1
J746,I4767,8700.0,8702.0,brown,1
J746,I5360,9910.0,9913.0,green,1
J746,I5744,10717.0,10725.0,green,2
J1406,I11381,22554.0,22555.0,brown,1
J1406,I13045,25734.0,25736.0,brown,2
J1751,I3855,6827.0,6830.0,green,1
J1751,I4431,8018.0,8019.0,brown,1
J1751,I6319,11887.0,11889.0,brown,1
J1751,I9732,19183.0,19184.0,green,1
J1751,I9756,19231.0,19235.0,brown,1
J1873,I1032,1604.0,1610.0,green,1
J1873,I5736,10692.0,10697.0,green,5
J3447,I8789,17198.0,17201.0,green,2
J3447,I9045,17790.0,17791.0,green,1
J3447,I9237,18195.0,18197.0,green,2
J3447,I9526,18785.0,18786.0,brown,1
J2320,I3281,5712.0,5715.0,green,1
J2320,I3282,5715.0,5716.0,green,1
J2370,I4075,7242.0,7244.0,brown,1
J2370,I5068,9280.0,9282.0,brown,1
J2370,I6859,13010.0,13015.0,green,2
J1802,I4383,7907.0,7909.0,green,1
J1802,I4415,7980.0,7981.0,green,1
J1802,I6815,12916.0,12925.0,green,1
J1802,I7487,14357.0,14359.0,green,2
J1802,I10983,21744.0,21747.0,green,1
J1433,I358,507.0,512.0,green,1
J1433,I583,864.0,868.0,green,3
J1433,I584,868.0,869.0,green,1
J1433,I5703,10611.0,10617.0,green,1
J4617,I7232,13826.0,13828.0,red,1
J4617,I9024,17746.0,17753.0,green,1
J4617,I9536,18802.0,18806.0,brown,2
J4617,I13249,26082.0,26086.0,green,1
J3022,I343,484.0,486.0,brown,1
J3022,I7160,13673.0,13675.0,green,1
J3022,I9816,19351.0,19352.0,brown,1
J4277,I12104,23952.0,23958.0,brown,1
J4277,I13001,25657.0,25658.0,green,1
J4277,I13065,25766.0,25769.0,brown,1
J4277,I13225,26034.0,26037.0,green,1
J4277,I13257,26096.0,26097.0,brown,1
J1355,I9752,19222.0,19225.0,green,1
J1355,I10073,19869.0,19875.0,green,1
J1355,I14578,28510.0,28513.0,green,2
J1355,I14682,28686.0,28689.0,brown,2
J2967,I13597,26720.0,26721.0,green,1
J2967,I14685,28698.0,28699.0,green,1
J2967,I15326,29690.0,29692.0,brown,1
J2091,I8530,16621.0,16624.0,green,1
J2091,I10450,20686.0,20687.0,green,1
J1286,I10107,19943.0,19945.0,green,2
J1286,I12764,25204.0,25209.0,green,2
J1286,I14364,28144.0,28146.0,green,2
J72,I34,39.0,40.0,brown,1
J72,I5985,11196.0,11204.0,green,1
J72,I8753,17108.0,17109.0,green,1
J72,I8849,17344.0,17348.0,green,2
J3896,I9578,18880.0,18881.0,green,1
J3896,I9642,19013.0,19015.0,green,2
J3896,I9962,19660.0,19661.0,green,1
J3896,I10442,20657.0,20658.0,green,1
J3896,I11626,23007.0,23008.0,green,1
J1401,I3199,5536.0,5539.0,green,1
J1401,I7103,13552.0,13555.0,green,2
J4446,I7652,14710.0,14712.0,red,1
J4446,I7877,15202.0,15204.0,brown,1
J2887,I7649,14705.0,14706.0,brown,1
J2887,I15230,29544.0,29545.0,green,1
J664,I11406,22599.0,22602.0,brown,1
J664,I14063,27618.0,27620.0,green,2
J664,I14223,27881.0,27882.0,green,1
J664,I15088,29323.0,29324.0,brown,1
J664,I15231,29545.0,29550.0,green,1
J638,I1606,2616.0,2620.0,green,1
J638,I1735,2820.0,2822.0,green,1
J638,I4295,7719.0,7720.0,green,1
J638,I8233,15972.0,15975.0,green,1
J2860,I8319,16159.0,16161.0,brown,2
J2860,I10559,20931.0,20934.0,green,1
J1964,I3426,5988.0,5990.0,brown,1
J1964,I7715,14838.0,14843.0,green,2
J1964,I12258,24232.0,24234.0,brown,2
J1964,I13911,27339.0,27342.0,green,1
J1922,I4460,8075.0,8078.0,brown,2
J1922,I12141,24014.0,24020.0,green,1
J1922,I12941,25539.0,25547.0,green,1
J1922,I14349,28105.0,28108.0,green,1
J1922,I14637,28618.0,28622.0,green,1
J4223,I5545,10290.0,10294.0,brown,1
J4223,I13418,26401.0,26404.0,green,1
J4223,I13898,27311.0,27318.0,green,1
J4223,I14409,28217.0,28220.0,brown,1
J4223,I14474,28327.0,28328.0,green,1
J4223,I14666,28657.0,28658.0,green,1
J4323,I3371,5890.0,5894.0,brown,1
J4323,I6507,12288.0,12289.0,brown,1
J4323,I8491,16531.0,16534.0,brown,1
J4323,I11947,23634.0,23637.0,brown,1
J4323,I12075,23904.0,23905.0,brown,1
J4323,I12491,24641.0,24644.0,brown,1
J1532,I4707,8553.0,8556.0,green,2
J1532,I4899,8943.0,8946.0,green,1
J2122,I4397,7932.0,7933.0,brown,1
J2122,I5997,11239.0,11241.0,brown,1
J2122,I7981,15420.0,15421.0,brown,1
J2122,I10638,21079.0,21082.0,green,1
J2122,I12686,25056.0,25058.0,green,2
J4356,I5602,10414.0,10416.0,brown,1
J4356,I8995,17680.0,17685.0,green,2
J4356,I9666,19053.0,19057.0,brown,1
J2019,I3085,5309.0,5310.0,green,1
J2019,I5501,10199.0,10200.0,green,1
J2019,I6541,12351.0,12356.0,green,2
J2294,I6059,11379.0,11380.0,brown,1
J2294,I6123,11497.0,11500.0,green,1
J2294,I11691,23122.0,23123.0,brown,1
J2294,I12076,23905.0,23906.0,green,1
J2294,I12796,25258.0,25260.0,brown,2
J130,I3020,5166.0,5168.0,green,1
J130,I3340,5824.0,5828.0,green,1
J130,I5196,9565.0,9571.0,green,1
J2374,I8739,17066.0,17070.0,green,1
J2374,I8962,17589.0,17590.0,brown,1
J2374,I10051,19823.0,19827.0,green,1
J2374,I11730,23193.0,23196.0,brown,1
J1043,I11967,23665.0,23667.0,brown,2
J1043,I12288,24274.0,24275.0,green,1
J1007,I4226,7555.0,7556.0,brown,1
J1007,I8931,17521.0,17526.0,green,1
J1007,I13731,26990.0,26998.0,green,4
J2195,I2301,3824.0,3825.0,brown,1
J2195,I2845,4825.0,4826.0,brown,1
J2195,I6302,11853.0,11854.0,green,1
J2195,I7230,13820.0,13823.0,green,1
J2195,I9614,18955.0,18958.0,green,1
J2195,I11838,23434.0,23435.0,brown,1
J2435,I5825,10887.0,10889.0,brown,1
J2435,I5954,11129.0,11133.0,green,1
J3725,I5395,9988.0,9989.0,brown,1
J3725,I6355,11972.0,11973.0,brown,1
J3725,I6803,12894.0,12896.0,brown,1
J3725,I10484,20761.0,20765.0,green,2
J2161,I4586,8323.0,8324.0,brown,1
J2161,I5834,10906.0,10909.0,brown,1
J2161,I6219,11687.0,11689.0,green,1
J2161,I10807,21417.0,21420.0,green,1
J3805,I10697,21193.0,21199.0,green,4
J3805,I10856,21520.0,21521.0,brown,1
J4802,I12733,25151.0,25152.0,green,1
J4802,I12765,25209.0,25210.0,green,1
J4802,I12925,25511.0,25514.0,green,3
J4802,I12957,25568.0,25572.0,green,1
J2753,I13398,26364.0,26365.0,brown,1
J1613,I3313,5773.0,5777.0,brown,1
J1613,I3570,6256.0,6260.0,green,1
J1613,I7954,15361.0,15362.0,green,1
J1613,I8050,15561.0,15566.0,green,1
J4201,I13154,25908.0,25913.0,green,1
J4201,I13890,27295.0,27298.0,green,3
J1346,I4533,8209.0,8210.0,brown,1
J1346,I10550,20917.0,20919.0,green,1
J1272,I993,1547.0,1548.0,green,1
J1272,I1025,1593.0,1595.0,brown,1
J1272,I2337,3893.0,3894.0,brown,1
J1272,I8162,15822.0,15830.0,green,1
J1272,I8930,17517.0,17521.0,green,1
J1272,I13282,26136.0,26138.0,green,1
J390,I2859,4855.0,4862.0,brown,1
J390,I8491,16531.0,16534.0,brown,2
J390,I11972,23675.0,23677.0,green,1
J390,I12062,23878.0,23882.0,green,2
J4281,I8193,15885.0,15887.0,green,2
J4281,I8993,17670.0,17679.0,green,1
J4281,I12577,24809.0,24810.0,green,1
J2174,I2029,3337.0,3340.0,green,1
J2174,I3854,6821.0,6827.0,green,1
J2174,I8366,16257.0,16260.0,green,2
J2174,I10558,20930.0,20931.0,green,1
J2174,I10702,21212.0,21213.0,brown,1
J738,I2609,4374.0,4377.0,brown,3
J738,I2610,4377.0,4378.0,red,1
J738,I2738,4602.0,4603.0,red,1
J738,I9074,17837.0,17839.0,green,1
J4119,I12400,24462.0,24464.0,brown,1
J4119,I12496,24653.0,24654.0,brown,1
J4119,I12592,24842.0,24846.0,brown,1
J4119,I13233,26049.0,26050.0,green,1
J1251,I7573,14557.0,14560.0,green,1
J1251,I11190,22167.0,22170.0,green,2
J1251,I14806,28903.0,28911.0,green,1
J1251,I14821,28939.0,28940.0,brown,1
J1251,I14933,29099.0,29100.0,brown,1
J3786,I7256,13883.0,13885.0,brown,2
J3786,I7512,14432.0,14434.0,brown,1
J3786,I14421,28240.0,28243.0,green,2
J1771,I6429,12117.0,12118.0,brown,1
J1771,I9917,19559.0,19565.0,green,2
J1771,I13438,26444.0,26446.0,green,1
J1771,I14462,28304.0,28306.0,green,1
J1122,I8854,17355.0,17359.0,green,1
J944,I1547,2511.0,2512.0,brown,1
J944,I2635,4416.0,4419.0,brown,1
J944,I8267,16048.0,16051.0,brown,1
J944,I10667,21132.0,21138.0,green,1
J944,I12812,25288.0,25294.0,green,2
J687,I2333,3886.0,3888.0,green,1
J687,I4189,7480.0,7483.0,brown,1
J687,I7646,14698.0,14701.0,green,1
J687,I9598,18923.0,18927.0,green,3
J1203,I3875,6873.0,6877.0,green,4
J863,I1803,2945.0,2947.0,green,2
J863,I3051,5222.0,5224.0,green,1
J863,I3163,5464.0,5470.0,green,1
J3245,I6506,12286.0,12288.0,green,1
J3245,I6538,12343.0,12346.0,green,1
J3245,I6794,12877.0,12879.0,green,2
J3245,I7562,14534.0,14539.0,green,2
J3149,I2774,4685.0,4689.0,green,1
J3149,I7990,15438.0,15439.0,green,1
J1843,I4834,8827.0,8829.0,brown,2
J1843,I12627,24920.0,24922.0,green,2
J3070,I4634,8405.0,8406.0,green,1
J3070,I4666,8470.0,8471.0,green,1
J3070,I4698,8533.0,8534.0,green,1
J3070,I4826,8816.0,8818.0,green,2
J3520,I7969,15392.0,15395.0,green,2
J3520,I8353,16232.0,16233.0,green,1
J3520,I9729,19180.0,19181.0,green,1
J7,I23,24.0,25.0,green,1
J7,I30,33.0,36.0,brown,1
J7,I120,153.0,154.0,green,1
J7,I2743,4616.0,4625.0,green,1
J3915,I14597,28555.0,28558.0,green,2
J3915,I14824,28943.0,28944.0,brown,1
J1064,I8267,16048.0,16051.0,brown,1
J1064,I10156,20038.0,20040.0,green,1
J4805,I8961,17587.0,17589.0,green,1
J4805,I11106,21988.0,21992.0,green,1
J4805,I13793,27117.0,27118.0,brown,1
J4805,I15202,29500.0,29502.0,green,1
J4805,I15282,29624.0,29628.0,green,1
J1045,I1113,1747.0,1748.0,green,1
J1045,I1434,2308.0,2311.0,green,1
J1045,I3834,6781.0,6785.0,green,1
J1045,I4949,9033.0,9040.0,green,1
J788,I83,103.0,104.0,brown,1
J788,I99,127.0,128.0,green,1
J788,I2692,4524.0,4525.0,green,1
J788,I2788,4718.0,4721.0,green,1
J788,I8472,16484.0,16488.0,green,2
J3315,I8019,15488.0,15489.0,brown,1
J3315,I9075,17839.0,17840.0,green,1
J3315,I13267,26113.0,26114.0,brown,1
J3315,I14132,27736.0,27739.0,green,1
J4092,I1171,1833.0,1835.0,green,1
J4092,I8404,16337.0,16342.0,green,1
J4092,I12243,24204.0,24206.0,brown,1
J4092,I12644,24954.0,24957.0,green,1
J4092,I13188,25970.0,25971.0,green,1
J206,I234,315.0,317.0,green,1
J206,I586,870.0,871.0,brown,1
J206,I1291,2046.0,2052.0,green,1
J206,I8843,17332.0,17335.0,green,2
J4278,I7596,14602.0,14608.0,green,2
J4278,I13584,26704.0,26705.0,green,1
J4466,I3777,6670.0,6673.0,brown,3
J4466,I7745,14900.0,14902.0,brown,1
J4466,I11714,23168.0,23170.0,green,1
J4466,I13442,26453.0,26456.0,green,1
J2837,I2553,4267.0,4269.0,red,1
J2837,I13466,26505.0,26506.0,green,1
J2837,I13818,27168.0,27171.0,green,2
J2837,I14226,27884.0,27886.0,green,1
J1143,I5057,9265.0,9267.0,brown,1
J1143,I8034,15514.0,15517.0,green,1
J1143,I8418,16367.0,16370.0,green,1
J1143,I8834,17309.0,17312.0,green,1
J1928,I5779,10803.0,10809.0,green,4
J972,I1952,3212.0,3213.0,red,1
J972,I6528,12327.0,12328.0,brown,1
J972,I7616,14653.0,14654.0,brown,1
J1357,I3467,6064.0,6065.0,brown,1
J1357,I3531,6177.0,6181.0,brown,2
J1357,I11148,22084.0,22087.0,green,1
J1357,I13556,26648.0,26651.0,green,1
J1357,I13636,26785.0,26789.0,green,1
J4844,I9196,18109.0,18112.0,red,1
J4844,I9228,18177.0,18179.0,brown,2
J4844,I9805,19331.0,19336.0,green,3
J4430,I9170,18060.0,18061.0,red,1
J4430,I9843,19403.0,19411.0,green,1
J4430,I10514,20847.0,20849.0,brown,1
J4430,I11474,22725.0,22728.0,green,1
J3720,I6998,13326.0,13328.0,brown,2
J3720,I7094,13537.0,13538.0,brown,1
J3720,I7574,14560.0,14562.0,brown,1
J3720,I13296,26156.0,26158.0,green,1
J2453,I6815,12916.0,12925.0,green,5
J1126,I11359,22516.0,22518.0,brown,2
J1126,I13040,25728.0,25729.0,green,1
J1238,I1956,3219.0,3220.0,brown,1
J1238,I4196,7500.0,7501.0,brown,1
J1238,I7844,15109.0,15110.0,brown,1
J1238,I10980,21738.0,21740.0,brown,1
J1238,I13124,25861.0,25862.0,brown,1
J1238,I13540,26621.0,26622.0,brown,1
J4789,I8209,15913.0,15915.0,brown,1
J4789,I13682,26895.0,26903.0,green,1
J4789,I13778,27082.0,27085.0,green,1
J4789,I14130,27731.0,27735.0,green,1
J695,I4252,7606.0,7610.0,brown,1
J695,I12572,24794.0,24796.0,green,2
J4039,I3907,6930.0,6932.0,brown,2
J4039,I4099,7283.0,7284.0,brown,1
J4039,I4740,8632.0,8637.0,green,1
J4039,I5795,10837.0,10839.0,brown,1
J4039,I7492,14371.0,14380.0,green,1
J3383,I9211,18136.0,18140.0,green,4
J4029,I7868,15170.0,15172.0,green,2
J4029,I7996,15445.0,15448.0,green,3
J2462,I2926,4989.0,4992.0,brown,1
J2462,I3758,6627.0,6630.0,brown,1
J2462,I6895,13081.0,13090.0,green,1
J2462,I10211,20169.0,20171.0,green,2
J2462,I10489,20775.0,20776.0,green,1
J2596,I3982,7075.0,7076.0,green,1
J2596,I4014,7130.0,7134.0,green,1
J2596,I4110,7298.0,7300.0,green,1
J2596,I5038,9229.0,9231.0,green,2
J4854,I13088,25801.0,25803.0,brown,2
J4854,I13216,26014.0,26017.0,brown,3
J4854,I14336,28080.0,28083.0,brown,1
J1101,I2189,3629.0,3631.0,brown,1
J1101,I8462,16463.0,16467.0,green,1
J1101,I12110,23967.0,23968.0,green,1
J2180,I5033,9215.0,9221.0,green,1
J2180,I7657,14725.0,14734.0,green,3
J2180,I8649,16868.0,16870.0,green,1
J2180,I8873,17398.0,17402.0,green,1
J3422,I13991,27483.0,27486.0,brown,2
J3829,I10399,20562.0,20567.0,green,3
J3829,I11598,22956.0,22957.0,brown,1
J3480,I6044,11352.0,11353.0,brown,1
J3480,I9917,19559.0,19565.0,green,1
J3480,I9980,19687.0,19689.0,brown,1
J1187,I4056,7205.0,7208.0,green,1
J1187,I4088,7260.0,7264.0,green,1
J1187,I4184,7475.0,7476.0,green,1
J1187,I4216,7537.0,7539.0,green,2
J937,I2620,4392.0,4394.0,brown,1
J937,I2749,4632.0,4636.0,green,1
J937,I3837,6789.0,6791.0,green,1
J937,I4093,7273.0,7276.0,green,1
J937,I4197,7501.0,7503.0,brown,1
J4955,I666,991.0,993.0,red,1
J4955,I14363,28142.0,28144.0,green,1
J4955,I14683,28689.0,28691.0,green,1
J4955,I15450,29869.0,29870.0,brown,1
J4955,I15499,29933.0,29934.0,green,1
J2262,I3872,6868.0,6870.0,green,2
J2262,I5088,9324.0,9326.0,green,1
J2262,I7712,14831.0,14835.0,green,1
J3964,I6534,12335.0,12336.0,brown,1
J3964,I6694,12658.0,12661.0,brown,2
J3964,I9926,19582.0,19583.0,brown,1
J3964,I10214,20174.0,20176.0,brown,1
J3964,I13095,25811.0,25813.0,green,1
J1247,I4133,7372.0,7376.0,green,3
J1247,I4485,8132.0,8133.0,green,1
J772,I2651,4446.0,4448.0,brown,2
J772,I11483,22741.0,22743.0,green,1
J772,I11771,23282.0,23283.0,brown,1
J772,I11900,23542.0,23546.0,green,1
J772,I12732,25147.0,25151.0,green,1
J265,I302,415.0,417.0,green,1
J265,I461,673.0,676.0,green,1
J265,I590,875.0,879.0,green,1
J265,I686,1026.0,1027.0,green,1
J3672,I9585,18895.0,18897.0,green,1
J3672,I12025,23773.0,23780.0,green,2
J3672,I12471,24608.0,24613.0,green,1
J4941,I14777,28854.0,28856.0,green,2
J4941,I15097,29339.0,29341.0,green,1
J2872,I4141,7389.0,7391.0,green,2
J2872,I4494,8147.0,8148.0,green,1
J2872,I9646,19018.0,19021.0,green,1
J2872,I10638,21079.0,21082.0,green,1
J805,I2056,3390.0,3392.0,green,1
J805,I2440,4064.0,4065.0,green,1
J805,I3688,6488.0,6489.0,brown,1
J805,I7304,13986.0,13990.0,green,1
J805,I8472,16484.0,16488.0,green,1
J2852,I8500,16551.0,16552.0,green,1
J2852,I8564,16691.0,16694.0,green,3
J3309,I8599,16761.0,16763.0,brown,2
J3309,I9847,19427.0,19432.0,green,1
J3309,I13776,27076.0,27081.0,green,1
J443,I1100,1726.0,1727.0,green,1
J443,I1389,2234.0,2237.0,green,2
J443,I2061,3398.0,3400.0,green,1
J443,I8813,17250.0,17251.0,green,1
J443,I9269,18254.0,18255.0,green,1
J4265,I8841,17322.0,17329.0,green,1
J4265,I13112,25841.0,25842.0,brown,1
J4265,I13224,26033.0,26034.0,brown,1
J4265,I13390,26346.0,26348.0,green,1
J1124,I5214,9603.0,9608.0,green,3
J1124,I5693,10593.0,10596.0,green,3
J4616,I11077,21927.0,21929.0,green,2
J4616,I12165,24065.0,24066.0,brown,1
J4616,I13477,26522.0,26524.0,green,1
J385,I1261,1999.0,2000.0,green,1
J385,I2286,3793.0,3799.0,green,1
J385,I3374,5897.0,5904.0,green,1
J2621,I4169,7447.0,7449.0,brown,2
J2621,I4682,8508.0,8510.0,green,1
J2621,I9590,18908.0,18909.0,green,1
J2621,I9622,18973.0,18976.0,green,1
J4889,I13157,25919.0,25920.0,brown,1
J4889,I13221,26029.0,26031.0,brown,1
J4889,I14310,28042.0,28044.0,green,2
J837,I1836,3001.0,3002.0,green,1
J837,I1900,3123.0,3125.0,green,1
J837,I1932,3173.0,3174.0,brown,1
J837,I4412,7969.0,7973.0,green,3
J4752,I9892,19510.0,19512.0,brown,1
J4752,I11876,23500.0,23502.0,brown,1
J4752,I14789,28876.0,28877.0,green,1
J4752,I15397,29789.0,29791.0,green,2
J917,I1342,2148.0,2150.0,green,1
J917,I1374,2209.0,2214.0,green,2
J917,I1406,2264.0,2266.0,green,1
J917,I3422,5982.0,5983.0,green,1
J917,I4286,7695.0,7697.0,green,1
J379,I1439,2319.0,2320.0,green,1
J379,I3280,5701.0,5712.0,green,2
J379,I3392,5929.0,5931.0,green,1
J379,I3595,6312.0,6315.0,green,1
J3958,I8315,16153.0,16155.0,brown,1
J3958,I9115,17922.0,17929.0,green,1
J3958,I11804,23352.0,23355.0,green,1
J3958,I12124,23989.0,23991.0,green,2
J2593,I4899,8943.0,8946.0,green,2
J2593,I5219,9619.0,9625.0,green,2
J2593,I10323,20423.0,20426.0,green,2
J1651,I10849,21504.0,21505.0,brown,1
J1651,I13154,25908.0,25913.0,green,1
J1741,I5098,9340.0,9341.0,brown,1
J1741,I5707,10622.0,10629.0,green,1
J1741,I8971,17604.0,17608.0,green,2
J1741,I10595,20998.0,21001.0,green,1
J1301,I3087,5311.0,5312.0,brown,1
J1301,I6896,13090.0,13099.0,green,1
J1301,I8976,17626.0,17636.0,green,1
J1301,I9136,17986.0,17987.0,green,1
J1301,I10496,20794.0,20797.0,green,2
J2942,I2864,4872.0,4873.0,green,1
J2942,I4465,8085.0,8087.0,green,1
J2942,I4529,8205.0,8206.0,brown,1
J2942,I5169,9504.0,9508.0,green,1
J2942,I10737,21288.0,21289.0,green,1
J3433,I2993,5116.0,5117.0,brown,1
J3433,I6737,12750.0,12753.0,brown,2
J3433,I12626,24915.0,24920.0,green,1
J3433,I12946,25554.0,25555.0,green,1
J3433,I13234,26050.0,26051.0,green,1
J3743,I3567,6248.0,6250.0,brown,1
J3743,I5871,10973.0,10974.0,brown,1
J3743,I14287,27997.0,27999.0,brown,1
J3743,I14563,28486.0,28488.0,brown,1
J3743,I14596,28552.0,28555.0,green,1
J4903,I8991,17663.0,17668.0,green,1
J4903,I13504,26560.0,26561.0,green,1
J4903,I14464,28310.0,28312.0,green,1
J4903,I14944,29119.0,29121.0,brown,1
J4903,I15168,29446.0,29447.0,green,1
J2780,I5961,11147.0,11153.0,green,3
J2780,I10473,20728.0,20735.0,green,1
J777,I2634,4414.0,4416.0,green,1
J777,I2731,4586.0,4590.0,green,1
J777,I2987,5104.0,5106.0,green,1
J777,I3563,6237.0,6238.0,green,1
J777,I5813,10867.0,10868.0,green,1
J2489,I7399,14184.0,14188.0,green,4
J2489,I7431,14252.0,14255.0,green,2
J1180,I2426,4042.0,4044.0,brown,1
J1180,I2523,4218.0,4224.0,green,1
J1180,I4155,7413.0,7415.0,green,1
J2943,I9006,17717.0,17718.0,red,1
J2943,I9102,17895.0,17896.0,green,1
J2943,I13135,25879.0,25880.0,green,1
J2943,I13391,26348.0,26353.0,green,2
J2943,I13935,27383.0,27384.0,green,1
J1659,I4325,7772.0,7773.0,green,1
J1659,I4581,8310.0,8312.0,green,2
J1659,I4869,8885.0,8890.0,green,1
J4228,I7212,13782.0,13787.0,brown,2
J4228,I7469,14329.0,14332.0,green,1
J4228,I7501,14393.0,14394.0,green,1
J4228,I10285,20311.0,20319.0,green,2
J3225,I2393,3972.0,3974.0,brown,1
J3225,I12794,25253.0,25256.0,green,3
J2295,I6793,12874.0,12877.0,brown,1
J2295,I10505,20825.0,20830.0,green,1
J2295,I13962,27436.0,27438.0,green,2
J2295,I14858,28998.0,28999.0,green,1
J158,I1066,1661.0,1662.0,green,1
J158,I1130,1774.0,1777.0,green,1
J158,I2026,3330.0,3335.0,green,2
J158,I4938,9012.0,9013.0,brown,1
J158,I6574,12424.0,12428.0,green,1
J43,I4667,8471.0,8473.0,green,2
J449,I12015,23755.0,23758.0,green,1
J449,I13423,26413.0,26414.0,brown,1
J449,I13551,26640.0,26642.0,brown,1
J449,I13808,27150.0,27152.0,green,1
J449,I14479,28343.0,28344.0,brown,1
J468,I2120,3498.0,3499.0,green,1
J468,I2376,3951.0,3952.0,green,1
J468,I4456,8064.0,8071.0,green,3
J13,I86,106.0,107.0,brown,1
J13,I87,107.0,108.0,brown,1
J13,I94,119.0,122.0,green,1
J13,I118,151.0,152.0,green,1
J13,I150,197.0,199.0,green,1
J3255,I7369,14128.0,14130.0,green,1
J4285,I9628,18991.0,18994.0,green,1
J4285,I10012,19744.0,19748.0,green,3
J4256,I9674,19065.0,19066.0,green,1
J4256,I10346,20472.0,20473.0,green,1
J4729,I5588,10381.0,10384.0,brown,1
J4729,I7892,15234.0,15236.0,brown,1
J4729,I11701,23144.0,23146.0,green,1
J4729,I12469,24604.0,24605.0,green,1
J4729,I13477,26522.0,26524.0,green,1
J2901,I7636,14680.0,14682.0,brown,1
J2901,I7764,14933.0,14935.0,brown,1
J2901,I8565,16694.0,16695.0,green,1
J2901,I11765,23272.0,23273.0,green,1
J2901,I12757,25195.0,25196.0,green,1
J1888,I321,446.0,450.0,green,1
J1888,I545,805.0,806.0,brown,1
J1888,I6914,13131.0,13134.0,green,1
J1888,I7834,15092.0,15094.0,green,1
J1307,I2638,4422.0,4424.0,green,1
J1307,I3662,6437.0,6438.0,green,1
J1307,I4782,8728.0,8730.0,green,1
J1307,I9176,18069.0,18072.0,green,1
J446,I1162,1822.0,1823.0,brown,1
J446,I1195,1874.0,1879.0,green,2
J446,I1482,2389.0,2390.0,brown,1
J446,I3147,5423.0,5426.0,green,2
J1644,I4416,7981.0,7988.0,green,6
J3174,I3331,5806.0,5809.0,green,1
J3174,I8603,16767.0,16770.0,brown,1
J3174,I8644,16855.0,16860.0,green,3
J3914,I5632,10476.0,10477.0,red,1
J3914,I5696,10599.0,10601.0,red,1
J3914,I7104,13555.0,13559.0,brown,1
J3443,I4366,7867.0,7873.0,green,1
J3443,I4462,8079.0,8080.0,green,1
J3443,I9806,19336.0,19338.0,green,1
J4601,I14382,28172.0,28173.0,brown,1
J4601,I14942,29116.0,29118.0,brown,2
J3977,I7358,14108.0,14110.0,brown,2
J3977,I12255,24227.0,24230.0,green,1
J2612,I2452,4084.0,4086.0,green,1
J2612,I8693,16966.0,16968.0,green,2
J2762,I5922,11072.0,11073.0,brown,1
J2762,I6786,12863.0,12865.0,brown,2
J2762,I6978,13288.0,13292.0,brown,1
J2762,I7266,13899.0,13903.0,brown,1
J4444,I3159,5455.0,5456.0,brown,1
J4444,I9239,18201.0,18202.0,brown,1
J4444,I9271,18256.0,18257.0,brown,1
J4444,I13647,26806.0,26807.0,brown,1
J1117,I3598,6317.0,6323.0,green,1
J1117,I4814,8784.0,8787.0,green,1
J1117,I6779,12851.0,12854.0,green,3
J4350,I10244,20232.0,20238.0,brown,1
J4350,I10564,20939.0,20941.0,brown,1
J4251,I9937,19596.0,19598.0,green,1
J4251,I13489,26540.0,26542.0,brown,1
J4251,I13682,26895.0,26903.0,green,2
J4251,I13778,27082.0,27085.0,green,1
J2015,I455,664.0,665.0,red,1
J2015,I7304,13986.0,13990.0,green,2
J2015,I10852,21510.0,21512.0,green,2
J2044,I2417,4023.0,4026.0,brown,1
J2044,I11186,22160.0,22161.0,green,1
J4529,I8876,17408.0,17410.0,red,1
J1089,I2639,4424.0,4426.0,green,2
J1089,I2671,4494.0,4497.0,green,1
J1089,I3983,7076.0,7078.0,green,1
J2747,I5504,10204.0,10211.0,green,1
J2747,I8128,15750.0,15751.0,green,1
J2747,I9728,19175.0,19180.0,green,1
J1774,I2959,5056.0,5057.0,green,1
J1774,I2991,5111.0,5114.0,green,3
J606,I1266,2009.0,2011.0,brown,1
J606,I1362,2188.0,2191.0,green,2
J606,I1426,2295.0,2297.0,green,1
J606,I3826,6769.0,6771.0,green,1
J606,I5506,10213.0,10215.0,green,1
J4097,I8928,17513.0,17515.0,brown,2
J4097,I8993,17670.0,17679.0,green,4
J4807,I6005,11263.0,11266.0,brown,2
J4807,I6165,11584.0,11585.0,brown,1
J4807,I6965,13258.0,13259.0,brown,1
J4807,I13430,26428.0,26433.0,green,2
J1062,I3361,5868.0,5874.0,green,3
J1062,I3745,6603.0,6607.0,green,1
J1062,I7809,15028.0,15030.0,green,1
J215,I3389,5925.0,5927.0,green,1
J215,I4413,7973.0,7978.0,green,2
J215,I5149,9450.0,9452.0,green,1
J215,I10485,20765.0,20766.0,green,1
J1482,I1352,2175.0,2177.0,brown,1
J1482,I12561,24771.0,24774.0,green,1
J2938,I8294,16092.0,16099.0,green,1
J2938,I8326,16170.0,16178.0,green,2
J2938,I10789,21376.0,21377.0,green,1
J2850,I6121,11494.0,11496.0,brown,1
J2850,I7945,15344.0,15345.0,brown,1
J2850,I13930,27372.0,27375.0,green,1
J2850,I14506,28383.0,28385.0,green,1
J4591,I13019,25685.0,25688.0,green,1
J4591,I14460,28298.0,28300.0,green,2
J1094,I3274,5682.0,5684.0,green,1
J1094,I4394,7927.0,7930.0,brown,1
J1094,I10155,20036.0,20038.0,green,1
J1094,I11275,22347.0,22348.0,green,1
J2910,I12170,24072.0,24073.0,green,1
J2910,I13930,27372.0,27375.0,green,1
J1450,I2586,4345.0,4347.0,brown,1
J1450,I2810,4758.0,4760.0,brown,1
J1450,I4539,8215.0,8219.0,green,4
J853,I2727,4580.0,4582.0,green,2
J853,I2887,4925.0,4928.0,green,1
J853,I3175,5493.0,5494.0,green,1
J853,I3207,5550.0,5553.0,green,1
J853,I3559,6229.0,6234.0,green,1
J1338,I4322,7767.0,7769.0,green,2
J1338,I9546,18817.0,18820.0,brown,1
J1338,I11714,23168.0,23170.0,green,1
J4330,I9173,18063.0,18064.0,brown,1
J4330,I10197,20136.0,20138.0,brown,1
J4330,I10357,20488.0,20489.0,brown,1
J4330,I14102,27681.0,27685.0,green,1
J1513,I5054,9260.0,9261.0,brown,1
J1513,I6078,11410.0,11411.0,brown,1
J1513,I12287,24273.0,24274.0,green,1
J1513,I12991,25632.0,25639.0,green,1
J1606,I6587,12449.0,12450.0,brown,1
J1606,I13948,27414.0,27417.0,green,2
J1606,I14540,28446.0,28447.0,green,1
J1606,I14604,28566.0,28567.0,green,1
J4927,I7417,14222.0,14224.0,brown,1
J4927,I7641,14688.0,14690.0,brown,1
J4927,I14298,28020.0,28022.0,green,2
J4927,I14938,29109.0,29111.0,brown,1
J112,I549,812.0,813.0,green,1
J112,I741,1125.0,1127.0,green,1
J112,I3237,5606.0,5610.0,green,2
J780,I2833,4799.0,4803.0,green,1
J780,I3217,5573.0,5574.0,green,1
J780,I5041,9233.0,9236.0,green,1
J780,I6345,11949.0,11952.0,green,2
J2742,I6016,11293.0,11294.0,brown,1
J2742,I7681,14771.0,14772.0,green,1
J2742,I7713,14835.0,14837.0,green,1
J2742,I8897,17447.0,17453.0,green,1
J2742,I11041,21862.0,21865.0,brown,1
J2742,I11425,22631.0,22633.0,brown,1
J34,I3336,5817.0,5819.0,green,1
J34,I7368,14127.0,14128.0,green,1
J34,I7732,14870.0,14871.0,green,1
J1096,I477,694.0,696.0,green,1
J1096,I3229,5596.0,5597.0,brown,1
J1096,I4413,7973.0,7978.0,green,1
J10,I63,72.0,73.0,green,1
J10,I1088,1706.0,1708.0,green,2
J10,I1120,1760.0,1762.0,green,1
J10,I3854,6821.0,6827.0,green,1
J3216,I3932,6982.0,6985.0,red,1
J3216,I11452,22673.0,22675.0,green,1
J3216,I11453,22675.0,22680.0,green,3
J3216,I13148,25900.0,25901.0,brown,1
J3086,I8315,16153.0,16155.0,brown,1
J3086,I8955,17576.0,17580.0,green,2
J3086,I9115,17922.0,17929.0,green,1
J3086,I9915,19555.0,19558.0,green,1
J1998,I6417,12093.0,12096.0,green,2
J1998,I7121,13584.0,13585.0,green,1
J3416,I5721,10657.0,10660.0,green,1
J4653,I10631,21067.0,21068.0,brown,1
J4653,I11720,23178.0,23181.0,green,1
J4653,I15112,29365.0,29366.0,green,1
J3645,I10376,20519.0,20520.0,brown,1
J3645,I12177,24083.0,24086.0,green,2
J228,I343,484.0,486.0,brown,1
J228,I1336,2132.0,2138.0,green,2
J228,I3319,5786.0,5788.0,brown,1
J228,I9975,19678.0,19679.0,brown,1
J679,I2419,4027.0,4028.0,brown,1
J679,I2804,4745.0,4749.0,green,2
J679,I2900,4945.0,4948.0,green,1
J679,I6424,12104.0,12109.0,green,1
J1516,I7165,13680.0,13683.0,green,2
J1516,I9309,18348.0,18350.0,green,1
J1516,I12157,24050.0,24055.0,green,1
J396,I236,319.0,320.0,brown,1
J396,I621,922.0,923.0,green,1
J396,I2597,4358.0,4360.0,green,2
J396,I3150,5429.0,5438.0,green,1
J224,I800,1221.0,1223.0,brown,2
J224,I832,1288.0,1291.0,green,1
J224,I1152,1806.0,1807.0,green,1
J224,I2274,3773.0,3774.0,brown,1
J224,I2336,3890.0,3893.0,green,1
J4779,I15266,29604.0,29605.0,brown,1
J4779,I15298,29652.0,29653.0,brown,1
J4779,I15335,29702.0,29703.0,green,1
J1354,I619,920.0,921.0,green,1
J1354,I812,1244.0,1246.0,green,1
J1354,I972,1505.0,1507.0,green,1
J1354,I3948,7009.0,7013.0,green,1
J1354,I3980,7070.0,7072.0,green,1
J665,I9805,19331.0,19336.0,green,1
J665,I10157,20040.0,20041.0,brown,1
J665,I11950,23642.0,23645.0,green,1
J665,I14126,27724.0,27726.0,green,1
J138,I9866,19457.0,19459.0,green,2
J138,I10090,19901.0,19905.0,green,1
J138,I11986,23704.0,23706.0,green,1
J661,I2231,3701.0,3702.0,brown,1
J661,I2391,3970.0,3971.0,brown,1
J661,I9880,19486.0,19490.0,green,1
J661,I12639,24943.0,24945.0,brown,1
J661,I13551,26640.0,26642.0,brown,1
J4580,I11840,23437.0,23441.0,green,1
J4580,I14368,28152.0,28153.0,green,1
J4580,I14816,28926.0,28931.0,green,2
J4580,I14944,29119.0,29121.0,brown,1
J4580,I14976,29174.0,29176.0,brown,1
J948,I8020,15489.0,15490.0,brown,1
J948,I10805,21406.0,21413.0,green,1
J948,I13468,26507.0,26509.0,brown,1
J948,I14396,28195.0,28196.0,brown,1
J948,I14696,28715.0,28716.0,brown,1
J37,I531,786.0,787.0,green,1
J37,I819,1260.0,1261.0,brown,1
J37,I1267,2011.0,2012.0,brown,1
J37,I3539,6192.0,6195.0,green,2
J37,I8211,15920.0,15924.0,green,1
J2307,I4388,7915.0,7920.0,green,4
J3306,I7956,15366.0,15367.0,green,1
J3306,I8052,15567.0,15569.0,green,2
J4377,I2848,4832.0,4833.0,red,1
J4377,I4960,9057.0,9060.0,brown,1
J4377,I12417,24511.0,24513.0,green,1
J4377,I12929,25520.0,25522.0,green,1
J4377,I14025,27549.0,27552.0,green,1
J1137,I2005,3297.0,3298.0,green,1
J1137,I2198,3643.0,3647.0,green,1
J1137,I2230,3700.0,3701.0,green,1
J1137,I2774,4685.0,4689.0,green,1
J4924,I14531,28429.0,28430.0,green,1
J4924,I14563,28486.0,28488.0,brown,1
J4924,I14595,28550.0,28552.0,green,2
J2058,I5719,10654.0,10656.0,green,1
J2058,I5751,10746.0,10747.0,green,1
J2058,I5783,10813.0,10814.0,green,1
J2058,I5847,10930.0,10931.0,green,1
J989,I210,279.0,281.0,green,1
J989,I818,1254.0,1260.0,green,1
J989,I3475,6081.0,6082.0,green,1
J989,I6915,13134.0,13138.0,green,1
J989,I7155,13659.0,13663.0,green,1
J989,I7301,13975.0,13977.0,green,1
J2186,I8919,17491.0,17493.0,green,1
J2186,I9751,19220.0,19222.0,green,1
J3532,I10106,19941.0,19943.0,green,2
J3532,I10202,20154.0,20155.0,green,1
J3532,I10234,20205.0,20206.0,green,1
J3532,I10362,20501.0,20502.0,green,1
J1740,I11615,22983.0,22984.0,brown,1
J1740,I11743,23221.0,23223.0,brown,1
J1740,I13344,26250.0,26252.0,green,2
J1740,I13664,26846.0,26847.0,green,1
J1740,I13828,27183.0,27186.0,green,1
J4078,I6054,11369.0,11370.0,brown,1
J4078,I11079,21931.0,21935.0,green,1
J4078,I12455,24570.0,24577.0,green,1
J2767,I8105,15694.0,15697.0,green,3
J2146,I5943,11114.0,11116.0,green,2
J2146,I6039,11345.0,11346.0,green,1
J2146,I10199,20139.0,20149.0,green,1
J3813,I9418,18587.0,18589.0,green,1
J4333,I3490,6106.0,6109.0,brown,2
J4333,I7682,14772.0,14773.0,brown,1
J4333,I12546,24745.0,24746.0,brown,1
J4333,I13139,25883.0,25885.0,green,1
J4704,I12656,24993.0,24996.0,brown,1
J4704,I12784,25236.0,25237.0,brown,1
J4704,I13201,25988.0,25990.0,green,2
J4704,I13457,26485.0,26490.0,green,2
J1736,I5415,10037.0,10038.0,brown,1
J1736,I5448,10097.0,10099.0,green,1
J1736,I10952,21691.0,21693.0,green,1
J1736,I11976,23683.0,23688.0,green,3
J2894,I2557,4274.0,4276.0,green,1
J2894,I2621,4394.0,4396.0,brown,2
J2894,I4285,7680.0,7695.0,green,1
J2894,I5277,9727.0,9737.0,green,1
J2894,I8541,16651.0,16652.0,green,1
J4176,I12661,25003.0,25005.0,brown,1
J4176,I14134,27740.0,27743.0,green,1
J4176,I14806,28903.0,28911.0,green,2
J4176,I14901,29054.0,29055.0,brown,1
J4176,I15478,29907.0,29908.0,green,1
J3865,I15142,29408.0,29409.0,green,1
J3865,I15158,29431.0,29433.0,green,1
J3865,I15174,29453.0,29455.0,green,2
J3865,I15302,29658.0,29661.0,green,1
J1360,I1019,1581.0,1585.0,brown,1
J1360,I8036,15524.0,15531.0,green,3
J1360,I8132,15758.0,15759.0,green,1
J3782,I9783,19292.0,19293.0,red,1
J3782,I9911,19549.0,19550.0,brown,1
J3782,I10487,20767.0,20769.0,brown,1
J3782,I10711,21237.0,21239.0,brown,1
J3782,I12664,25008.0,25009.0,green,1
J657,I1604,2614.0,2615.0,brown,1
J657,I3333,5814.0,5815.0,green,1
J657,I3653,6423.0,6428.0,green,3
J657,I5157,9476.0,9487.0,green,1
J18,I51,58.0,59.0,brown,1
J18,I342,483.0,484.0,green,1
J18,I1686,2738.0,2739.0,brown,1
J3853,I6922,13149.0,13151.0,brown,2
J3853,I11755,23250.0,23255.0,green,2
J2859,I7242,13853.0,13857.0,brown,1
J2859,I7811,15033.0,15037.0,green,1
J2859,I8035,15517.0,15524.0,green,1
J2859,I10171,20065.0,20066.0,green,1
