instance_name,start_time,end_time,cpu_avg
ins_1345973033,269174.0,270700.0,34.0
ins_23449070,269174.0,271695.0,50.0
ins_441017574,269170.0,270089.0,90.0
ins_1174832345,269172.0,270863.0,39.0
ins_155064554,269177.0,270749.0,35.0
ins_124383115,269174.0,271069.0,36.0
ins_1202206730,269179.0,269988.0,98.0
ins_721087216,269174.0,270123.0,96.0
ins_850061172,269176.0,270668.0,35.0
ins_1030427271,269179.0,270124.0,94.0
ins_728699195,269203.0,271070.0,36.0
ins_134964684,269172.0,270008.0,91.0
ins_550730428,269176.0,270267.0,32.0
ins_1007242226,269179.0,270943.0,38.0
ins_1030426648,269173.0,270072.0,97.0
ins_617715753,269170.0,270990.0,34.0
ins_758700957,269186.0,270001.0,98.0
ins_739107196,269178.0,270668.0,36.0
ins_883584837,269174.0,269586.0,94.0
ins_1237202029,269173.0,270048.0,91.0
ins_703177117,269172.0,270060.0,94.0
ins_1046834916,269173.0,269577.0,95.0
ins_468219526,269170.0,270640.0,35.0
ins_674304887,269170.0,271023.0,35.0
ins_260195587,269177.0,270918.0,37.0
ins_1112419964,269175.0,270430.0,30.0
ins_585547586,269176.0,270721.0,36.0
ins_1272358008,269172.0,270850.0,38.0
ins_576409127,269179.0,270943.0,36.0
ins_505961806,269170.0,270007.0,94.0
ins_665406552,269175.0,270855.0,39.0
ins_180138444,269173.0,270993.0,35.0
ins_1262871429,269180.0,270924.0,38.0
ins_103854358,269178.0,270077.0,95.0
ins_931394691,269170.0,270624.0,36.0
ins_992781395,269177.0,269583.0,97.0
ins_119024968,269174.0,271035.0,35.0
ins_993162930,269169.0,270790.0,35.0
ins_947002421,269177.0,271458.0,50.0
ins_214589955,269175.0,270146.0,87.0
ins_525756629,269177.0,270990.0,35.0
ins_1157919606,269187.0,270668.0,37.0
ins_677220053,269203.0,270188.0,97.0
ins_1047505088,269176.0,270984.0,36.0
ins_132478029,269173.0,270100.0,86.0
ins_794454765,269177.0,270692.0,34.0
ins_935212834,269186.0,270986.0,38.0
ins_41683171,269175.0,270036.0,88.0
ins_675759728,269179.0,270099.0,91.0
ins_1130009183,269172.0,270662.0,36.0
ins_1173244363,269172.0,271014.0,35.0
ins_677360232,269174.0,269628.0,91.0
ins_24085458,269187.0,270054.0,91.0
ins_1301447256,269176.0,271053.0,34.0
ins_1272998937,269188.0,270209.0,90.0
ins_89102231,269203.0,269640.0,91.0
ins_1154044582,269179.0,270055.0,98.0
ins_1018604492,269203.0,271001.0,36.0
ins_967315967,269176.0,271041.0,36.0
ins_934693153,269174.0,270709.0,35.0
ins_449262401,269169.0,270031.0,91.0
ins_522337832,269177.0,270105.0,89.0
ins_759980453,269176.0,271081.0,38.0
ins_758563373,269172.0,270170.0,89.0
ins_748982195,269175.0,270234.0,86.0
ins_620606023,269169.0,270828.0,38.0
ins_728699099,269173.0,271132.0,38.0
ins_650471047,269170.0,270057.0,87.0
ins_669528485,269177.0,270250.0,32.0
ins_678638357,269176.0,270911.0,37.0
ins_677359954,269178.0,269611.0,97.0
ins_368426287,269176.0,270945.0,36.0
ins_575200701,269173.0,270137.0,91.0
ins_621288302,269179.0,270708.0,36.0
ins_297176292,269175.0,270143.0,91.0
ins_297176380,269176.0,270139.0,88.0
ins_441017391,269203.0,270058.0,89.0
ins_1239235569,269172.0,270698.0,33.0
ins_353026102,269177.0,270934.0,35.0
ins_152261063,269175.0,270692.0,37.0
ins_994887030,269175.0,270130.0,95.0
ins_297483132,269173.0,269617.0,84.0
ins_546998577,269175.0,270099.0,91.0
ins_1201760009,269174.0,270777.0,32.0
ins_495850839,269173.0,269645.0,84.0
ins_43033657,269170.0,270935.0,37.0
ins_621779039,269173.0,270973.0,37.0
ins_557003298,269177.0,270976.0,37.0
ins_1194500594,269173.0,270741.0,35.0
ins_180646652,269170.0,270086.0,92.0
ins_234135243,269173.0,270014.0,97.0
ins_1201156844,269179.0,270718.0,36.0
ins_289043943,269186.0,270037.0,94.0
ins_686791693,269176.0,270034.0,94.0
ins_135117276,269170.0,270029.0,88.0
ins_883584258,269173.0,270089.0,89.0
ins_921648779,269173.0,270290.0,30.0
ins_675758991,269173.0,269993.0,98.0
ins_674907541,269202.0,270247.0,92.0
ins_1255009315,269177.0,270132.0,92.0
ins_884059846,269173.0,270513.0,31.0
ins_297176584,269170.0,270063.0,98.0
ins_638376403,269170.0,270966.0,37.0
ins_617715449,269176.0,271055.0,37.0
ins_126491522,269203.0,271003.0,34.0
ins_643143327,269175.0,270985.0,38.0
ins_892188034,269177.0,270676.0,34.0
ins_1193779119,269176.0,270488.0,32.0
ins_1047216817,269203.0,271015.0,37.0
ins_496363697,269178.0,270078.0,90.0
ins_1031064029,269177.0,270384.0,33.0
ins_325062816,269186.0,270109.0,90.0
ins_59805960,269178.0,270081.0,91.0
ins_1156103603,269170.0,270013.0,94.0
ins_484897604,269173.0,270054.0,92.0
ins_678638268,269172.0,270989.0,37.0
ins_577689445,269176.0,269547.0,84.0
ins_1201761153,269176.0,270119.0,91.0
ins_1193779366,269176.0,270393.0,31.0
ins_575200142,269188.0,270185.0,90.0
ins_802418792,269178.0,270213.0,84.0
ins_1099879747,269174.0,270876.0,39.0
ins_476133133,269176.0,270019.0,98.0
ins_575200617,269176.0,270044.0,87.0
ins_271671772,269174.0,270977.0,37.0
ins_403908225,269170.0,270143.0,97.0
ins_1101085772,269178.0,270249.0,33.0
ins_797374465,269176.0,270416.0,30.0
ins_547858552,269186.0,270174.0,85.0
ins_403557620,269179.0,270108.0,89.0
ins_830499630,269170.0,270649.0,34.0
ins_628883402,269202.0,270405.0,87.0
ins_1298058565,269173.0,270748.0,36.0
ins_70529878,269173.0,270650.0,38.0
ins_810840670,269175.0,270654.0,37.0
ins_492793234,269173.0,270134.0,84.0
ins_965878924,269177.0,270892.0,40.0
ins_225911373,269176.0,270050.0,90.0
ins_1063903770,269186.0,269368.0,90.0
ins_7995209,269179.0,269514.0,97.0
ins_26426574,269177.0,270252.0,32.0
ins_496363535,269174.0,270120.0,92.0
ins_1264758685,269172.0,270689.0,37.0
ins_1002971992,269177.0,270276.0,30.0
ins_1155992950,269174.0,270177.0,89.0
ins_295178986,269174.0,269962.0,98.0
ins_478166440,269177.0,270624.0,36.0
ins_1348163346,269179.0,270901.0,36.0
ins_840694428,269170.0,270892.0,36.0
ins_937517438,269186.0,270967.0,36.0
ins_476817044,269176.0,270051.0,89.0
ins_603670141,269174.0,270062.0,92.0
ins_432338379,269173.0,270709.0,34.0
ins_232788056,269177.0,269954.0,97.0
ins_567317174,269187.0,270990.0,36.0
ins_1267804886,269186.0,270123.0,90.0
ins_678038955,269186.0,270865.0,38.0
ins_695397050,269170.0,270679.0,35.0
ins_577689179,269173.0,269599.0,98.0
ins_297482762,269203.0,269689.0,87.0
ins_1290737798,269186.0,270516.0,32.0
ins_32915899,269170.0,270898.0,37.0
ins_1058337861,269177.0,270096.0,90.0
ins_495095712,269175.0,270835.0,39.0
ins_686791548,269169.0,270646.0,37.0
ins_1028969540,269176.0,270189.0,90.0
ins_1002685536,269169.0,270254.0,93.0
ins_549538828,269177.0,270720.0,35.0
ins_876402459,269188.0,270760.0,34.0
ins_325063226,269169.0,270074.0,92.0
ins_1166674977,269179.0,270985.0,37.0
ins_267491195,269169.0,269594.0,91.0
ins_478166189,269176.0,270011.0,98.0
ins_180142452,269169.0,270946.0,41.0
ins_513657603,269170.0,270278.0,87.0
ins_496364106,269169.0,269597.0,92.0
ins_7816266,269173.0,270226.0,92.0
ins_1112419792,269204.0,270480.0,31.0
ins_531560196,269176.0,270113.0,86.0
ins_1221050034,269177.0,270016.0,95.0
ins_1175437336,269179.0,270018.0,89.0
ins_1226609170,269179.0,270246.0,34.0
ins_747050862,269173.0,270060.0,91.0
ins_486251531,269203.0,270096.0,92.0
ins_289043789,269170.0,270094.0,92.0
ins_1174832109,269188.0,270043.0,89.0
ins_1004346825,269176.0,271505.0,48.0
ins_994887214,269176.0,270102.0,94.0
ins_25376896,269173.0,270678.0,37.0
ins_295248307,269179.0,270955.0,38.0
ins_1111778926,269175.0,270035.0,97.0
ins_784503544,269170.0,270000.0,98.0
ins_337350026,269179.0,271053.0,34.0
ins_674412575,269203.0,270931.0,37.0
ins_222517039,269169.0,270075.0,93.0
ins_450591195,269186.0,271468.0,35.0
ins_1166076105,269174.0,270923.0,37.0
ins_1332641018,269173.0,270934.0,38.0
ins_1274443768,269174.0,270068.0,96.0
ins_749836114,269170.0,270897.0,39.0
ins_523769313,269176.0,270036.0,93.0
ins_551260280,269186.0,270826.0,37.0
ins_260195663,269176.0,270083.0,95.0
ins_232102122,269177.0,270051.0,92.0
ins_949731792,269176.0,270383.0,30.0
ins_800425737,269170.0,271003.0,36.0
ins_660176638,269169.0,270051.0,96.0
ins_115618131,269179.0,270037.0,91.0
ins_920075441,269185.0,270121.0,90.0
ins_576408966,269176.0,271013.0,36.0
ins_957112950,269170.0,270756.0,34.0
ins_742308775,269176.0,270019.0,98.0
ins_205737114,269177.0,270953.0,37.0
ins_551260679,269173.0,270294.0,96.0
ins_232787797,269180.0,270945.0,37.0
ins_557445331,269172.0,271301.0,53.0
ins_1293600166,269169.0,270019.0,97.0
ins_1002972222,269169.0,270270.0,29.0
ins_404918375,269174.0,269948.0,97.0
ins_59806124,269175.0,270033.0,98.0
ins_240948633,269172.0,270190.0,88.0
ins_240948540,269169.0,271012.0,39.0
ins_695397839,269170.0,270621.0,37.0
ins_495850155,269177.0,269588.0,95.0
ins_830302936,269177.0,270165.0,89.0
ins_480446338,269176.0,270948.0,38.0
ins_884179625,269176.0,269605.0,97.0
ins_677833394,269172.0,271190.0,38.0
ins_840022760,269186.0,270041.0,97.0
ins_551724351,269170.0,271016.0,37.0
ins_1155992862,269179.0,270137.0,92.0
ins_623550265,269177.0,271001.0,36.0
ins_337349864,269189.0,270969.0,36.0
ins_957716588,269169.0,269993.0,98.0
ins_195614448,269173.0,270939.0,38.0
ins_639504310,269176.0,270018.0,98.0
ins_561763652,269186.0,270980.0,37.0
ins_337349699,269177.0,271130.0,34.0
ins_144558960,269186.0,270112.0,86.0
ins_569078053,269174.0,270107.0,90.0
ins_1048648946,269174.0,270753.0,35.0
ins_1348674769,269170.0,270049.0,93.0
ins_1275078189,269170.0,269658.0,91.0
ins_1318184151,269173.0,270129.0,91.0
ins_341546343,269189.0,270083.0,95.0
ins_611916710,269170.0,270871.0,38.0
ins_495095555,269170.0,271019.0,34.0
ins_154851595,269179.0,271091.0,39.0
ins_1673603,269170.0,271009.0,35.0
ins_214590299,269169.0,270894.0,40.0
ins_83004396,269189.0,271060.0,38.0
ins_522338317,269176.0,270130.0,97.0
ins_749171098,269172.0,270731.0,38.0
ins_1191519042,269174.0,270092.0,91.0
ins_891375884,269174.0,271165.0,35.0
ins_270730025,269174.0,270814.0,34.0
ins_271528542,269170.0,271069.0,37.0
ins_449263316,269173.0,270137.0,90.0
ins_1278124515,269170.0,271036.0,34.0
ins_721898207,269176.0,270926.0,37.0
ins_1273182684,269169.0,270059.0,98.0
ins_677219429,269174.0,270186.0,95.0
ins_730944380,269185.0,270716.0,33.0
ins_1282460829,269186.0,270646.0,38.0
ins_352882082,269188.0,270769.0,35.0
ins_1293591262,269173.0,270087.0,97.0
ins_180272127,269185.0,270116.0,93.0
ins_394781064,269204.0,270120.0,90.0
ins_1166075942,269176.0,270894.0,38.0
ins_205769903,269172.0,270733.0,34.0
ins_1007242306,269170.0,270854.0,38.0
ins_388590155,269170.0,270897.0,36.0
ins_174669435,269173.0,271054.0,36.0
ins_824582386,269169.0,270631.0,40.0
ins_376529802,269170.0,269998.0,94.0
ins_740714437,269172.0,270634.0,36.0
ins_1135383518,269177.0,270785.0,36.0
ins_327331650,269172.0,271072.0,35.0
ins_252330465,269170.0,270077.0,92.0
ins_1306084691,269170.0,270678.0,36.0
ins_830302860,269172.0,270156.0,91.0
ins_1120866399,269186.0,270052.0,93.0
ins_677833990,269185.0,271049.0,35.0
ins_995204082,269169.0,270691.0,36.0
ins_178471930,269173.0,271139.0,38.0
ins_1282468376,269179.0,270698.0,37.0
ins_363086175,269179.0,270902.0,39.0
ins_1274443842,269178.0,270845.0,37.0
ins_730944145,269170.0,269998.0,96.0
ins_1217844440,269176.0,270093.0,91.0
ins_1208934950,269169.0,270081.0,91.0
ins_814347270,269177.0,269977.0,98.0
ins_7769976,269204.0,269616.0,90.0
ins_32916063,269174.0,270066.0,93.0
ins_195614519,269174.0,270915.0,38.0
ins_1164109070,269173.0,270091.0,92.0
ins_205216231,269174.0,270101.0,91.0
ins_937275134,269186.0,271086.0,36.0
ins_1109699591,269176.0,270825.0,38.0
ins_123862682,269179.0,270011.0,97.0
ins_452816136,269185.0,270031.0,98.0
ins_1157919972,269177.0,270744.0,36.0
ins_760496764,269178.0,270683.0,36.0
ins_648710055,269174.0,269683.0,95.0
ins_70905418,269175.0,270692.0,36.0
ins_742308209,269174.0,270093.0,93.0
ins_1155882921,269176.0,270685.0,35.0
ins_957716211,269177.0,270086.0,91.0
ins_531774757,269189.0,269631.0,92.0
ins_730944901,269174.0,270005.0,97.0
ins_677360514,269175.0,269620.0,92.0
ins_396815362,269186.0,270690.0,38.0
ins_983713879,269179.0,270690.0,36.0
ins_404918450,269185.0,270097.0,90.0
ins_476133383,269170.0,270006.0,91.0
ins_1183451586,269173.0,270667.0,36.0
ins_446486656,269173.0,269640.0,98.0
ins_818774426,269173.0,270751.0,35.0
ins_1003156279,269169.0,270961.0,37.0
ins_965368015,269170.0,270161.0,87.0
ins_1207135135,269172.0,270981.0,35.0
ins_758701457,269177.0,270034.0,93.0
ins_367908552,269176.0,270089.0,90.0
ins_1058339011,269169.0,270105.0,95.0
ins_307244347,269176.0,270822.0,38.0
ins_851901025,269179.0,269680.0,92.0
ins_744593550,269179.0,270078.0,93.0
ins_114392778,269176.0,270111.0,89.0
ins_561763440,269172.0,270924.0,38.0
ins_821037370,269177.0,270136.0,91.0
ins_922634916,269173.0,270968.0,39.0
ins_484897125,269170.0,270972.0,35.0
ins_1174306076,269170.0,269974.0,90.0
ins_256011415,269176.0,269703.0,88.0
ins_633085621,269173.0,270924.0,37.0
ins_884179878,269188.0,270061.0,91.0
ins_688227535,269173.0,270868.0,36.0
ins_673763536,269169.0,270039.0,91.0
ins_352882842,269173.0,271065.0,36.0
ins_939399089,269174.0,270678.0,36.0
ins_1047504820,269170.0,270950.0,39.0
ins_1298058859,269174.0,270804.0,35.0
ins_134964923,269175.0,270033.0,97.0
ins_768136474,269189.0,270041.0,94.0
ins_1345776509,269180.0,270156.0,96.0
ins_1119807085,269179.0,270638.0,38.0
ins_551723869,269176.0,270998.0,36.0
ins_629215787,269177.0,270040.0,91.0
ins_821037612,269185.0,270702.0,35.0
ins_674305342,269170.0,270974.0,37.0
ins_478165549,269177.0,270683.0,37.0
ins_495850606,269169.0,270248.0,92.0
ins_1257575789,269177.0,270997.0,36.0
ins_1028970142,269177.0,270195.0,93.0
ins_1247384014,269176.0,270065.0,91.0
ins_151433473,269173.0,270013.0,85.0
ins_849452255,269175.0,270142.0,90.0
ins_575270449,269170.0,270698.0,36.0
ins_1272820395,269178.0,270117.0,92.0
ins_1012717270,269170.0,270694.0,36.0
ins_276962721,269173.0,271044.0,36.0
ins_98916491,269172.0,269968.0,96.0
ins_1288754906,269174.0,270919.0,38.0
ins_1001395665,269176.0,270035.0,87.0
ins_630895522,269170.0,270691.0,34.0
ins_1063903459,269176.0,269733.0,94.0
ins_1220116977,269179.0,270964.0,40.0
ins_947830235,269188.0,270050.0,91.0
ins_1028969288,269203.0,270139.0,90.0
ins_236415336,269170.0,270713.0,35.0
ins_1320596599,269169.0,270723.0,35.0
ins_768741824,269173.0,270649.0,36.0
ins_1288755586,269177.0,270956.0,39.0
ins_558130449,269174.0,270087.0,86.0
ins_505479085,269179.0,270116.0,87.0
ins_496363452,269177.0,270052.0,90.0
ins_824589588,269186.0,270703.0,36.0
ins_640867499,269173.0,270112.0,89.0
ins_469413486,269172.0,270203.0,33.0
ins_317747666,269178.0,271022.0,35.0
ins_207702146,269177.0,270178.0,89.0
ins_291793157,269178.0,270065.0,92.0
ins_1028344371,269173.0,270830.0,37.0
ins_1094892725,269203.0,271043.0,35.0
ins_839890510,269172.0,270108.0,90.0
ins_106713622,269175.0,270698.0,35.0
ins_1182458725,269186.0,270293.0,30.0
ins_810028611,269179.0,271132.0,38.0
ins_911168007,269173.0,269506.0,97.0
ins_769572229,269172.0,270826.0,37.0
ins_1182457748,269173.0,270288.0,29.0
ins_1288755144,269177.0,271016.0,35.0
ins_966168169,269178.0,271134.0,37.0
ins_884179708,269175.0,269582.0,97.0
ins_1084452854,269172.0,270673.0,37.0
ins_830499186,269186.0,270706.0,36.0
ins_1300324684,269174.0,270024.0,97.0
ins_921361597,269173.0,270028.0,90.0
ins_1236819609,269179.0,270105.0,93.0
ins_1028969131,269172.0,270114.0,94.0
ins_721897870,269203.0,270940.0,38.0
ins_204385453,269170.0,270687.0,35.0
ins_1348675011,269177.0,270059.0,92.0
ins_558971356,269173.0,270702.0,33.0
ins_285792957,269169.0,269516.0,98.0
ins_123863333,269169.0,270072.0,93.0
ins_1345138797,269177.0,270014.0,91.0
ins_1176266694,269188.0,271021.0,36.0
ins_1267785170,269178.0,270007.0,97.0
ins_205737200,269174.0,270938.0,36.0
ins_459965325,269172.0,270047.0,94.0
ins_1018540881,269178.0,270901.0,38.0
ins_974953191,269176.0,270197.0,86.0
ins_1156103360,269170.0,270121.0,86.0
ins_515555046,269173.0,270998.0,36.0
ins_1119807254,269176.0,270907.0,36.0
ins_760495771,269174.0,270127.0,95.0
ins_41683248,269186.0,270948.0,39.0
ins_1193143271,269175.0,270920.0,36.0
ins_1275078113,269173.0,269620.0,97.0
ins_496364030,269186.0,270086.0,90.0
ins_270730790,269178.0,270770.0,34.0
ins_851904342,269170.0,269567.0,93.0
ins_297482946,269170.0,269574.0,91.0
ins_281728911,269173.0,270978.0,38.0
ins_620605936,269170.0,270962.0,37.0
ins_216469970,269203.0,269576.0,91.0
ins_1318778371,269187.0,270172.0,85.0
ins_1247986778,269187.0,271020.0,40.0
ins_1128568797,269189.0,270948.0,36.0
ins_451745753,269204.0,270051.0,89.0
ins_1255850338,269186.0,270977.0,38.0
ins_35410937,269173.0,270726.0,36.0
ins_1236820812,269169.0,270128.0,93.0
ins_450461446,269170.0,271488.0,47.0
ins_929657757,269180.0,270651.0,38.0
ins_287076981,269177.0,271032.0,35.0
ins_759174968,269172.0,271546.0,33.0
ins_352883165,269179.0,270735.0,35.0
ins_7473037,269176.0,269611.0,98.0
ins_206547256,269176.0,270485.0,33.0
ins_1018540255,269186.0,271048.0,35.0
ins_1018540066,269176.0,270962.0,39.0
ins_1251274015,269177.0,270984.0,36.0
ins_1201760783,269174.0,270037.0,95.0
ins_612906354,269174.0,270064.0,84.0
ins_965879401,269169.0,270890.0,37.0
ins_964896605,269172.0,269616.0,93.0
ins_513658117,269177.0,270653.0,35.0
ins_929363331,269170.0,270718.0,36.0
ins_1348674430,269175.0,270140.0,90.0
ins_1292153291,269177.0,270878.0,37.0
ins_957113182,269176.0,270630.0,39.0
ins_728699854,269174.0,270844.0,34.0
ins_1239385325,269176.0,270052.0,92.0
ins_913880070,269172.0,270696.0,35.0
ins_93307007,269186.0,270987.0,36.0
ins_477647075,269176.0,270609.0,36.0
ins_995204234,269170.0,270701.0,36.0
ins_1012717787,269179.0,270107.0,93.0
ins_1008221444,269179.0,270224.0,89.0
ins_550730247,269186.0,270252.0,34.0
ins_1272819487,269177.0,270111.0,95.0
ins_399097457,269170.0,271011.0,36.0
ins_1030426991,269176.0,270077.0,94.0
ins_1212269235,269177.0,271025.0,36.0
ins_1194499881,269169.0,270613.0,39.0
ins_760496599,269179.0,270694.0,37.0
ins_539253229,269170.0,270739.0,35.0
ins_648511058,269176.0,271013.0,35.0
ins_451746558,269186.0,270036.0,91.0
ins_89102612,269185.0,269612.0,85.0
ins_35411019,269177.0,270114.0,94.0
ins_638818379,269170.0,270114.0,91.0
ins_1002545561,269177.0,270246.0,88.0
ins_119025187,269175.0,271060.0,39.0
ins_1256138399,269174.0,270849.0,39.0
ins_205216091,269186.0,270013.0,97.0
ins_892188323,269172.0,270096.0,92.0
ins_35410520,269170.0,270700.0,35.0
ins_1346119351,269170.0,269495.0,94.0
ins_144558793,269175.0,270022.0,95.0
ins_1275077965,269172.0,269652.0,92.0
ins_848020085,269174.0,270007.0,98.0
ins_1109699510,269175.0,270866.0,39.0
ins_98432177,269176.0,270057.0,91.0
ins_322198379,269169.0,271556.0,50.0
ins_749825599,269172.0,269568.0,82.0
ins_921834904,269173.0,271036.0,34.0
ins_651878113,269180.0,270106.0,92.0
ins_484897212,269173.0,271413.0,52.0
ins_1237313174,269176.0,270083.0,88.0
ins_1255002101,269173.0,270626.0,38.0
ins_1180366808,269178.0,270657.0,36.0
ins_35410232,269174.0,270132.0,84.0
ins_43033296,269187.0,270954.0,39.0
ins_841296335,269173.0,271161.0,37.0
ins_829835424,269169.0,270049.0,94.0
ins_1130934740,269173.0,270989.0,35.0
ins_1328738036,269474.0,271186.0,38.0
ins_1326779622,269179.0,270093.0,97.0
ins_1094064510,269176.0,270655.0,38.0
ins_957112617,269179.0,270172.0,86.0
ins_297276793,269172.0,270062.0,88.0
ins_678031519,269176.0,270875.0,38.0
ins_422898166,269185.0,271001.0,37.0
ins_1046834707,269189.0,269574.0,90.0
ins_468219342,269174.0,270105.0,89.0
ins_542197322,269176.0,270896.0,36.0
ins_514795132,269175.0,270242.0,36.0
ins_206548069,269173.0,270481.0,32.0
ins_59806463,269176.0,270027.0,98.0
ins_475690167,269176.0,270083.0,91.0
ins_132548106,269174.0,271061.0,35.0
ins_559482796,269177.0,270646.0,37.0
ins_744601857,269172.0,270652.0,37.0
ins_957716000,269186.0,270172.0,91.0
ins_901800243,269170.0,270950.0,36.0
ins_7472893,269187.0,269577.0,97.0
ins_830303842,269175.0,270241.0,86.0
ins_865834503,269186.0,270073.0,91.0
ins_617715520,269179.0,270989.0,37.0
ins_814346954,269179.0,270017.0,94.0
ins_846712518,269176.0,270165.0,89.0
ins_89102530,269176.0,269561.0,97.0
ins_458616683,269179.0,270708.0,36.0
ins_516154150,269187.0,270842.0,36.0
ins_1112419880,269173.0,270384.0,32.0
ins_1002544751,269176.0,270159.0,91.0
ins_1318779267,269186.0,269611.0,94.0
ins_245998283,269173.0,270975.0,36.0
ins_865682744,269173.0,271358.0,51.0
ins_114264767,269168.0,270992.0,38.0
ins_639504394,269176.0,270890.0,37.0
ins_1280714083,269177.0,271015.0,34.0
ins_1111778503,269174.0,270069.0,85.0
ins_322199531,269176.0,270085.0,94.0
ins_333667253,269175.0,270141.0,92.0
ins_205736314,269174.0,270940.0,37.0
ins_721086854,269170.0,270197.0,88.0
ins_322199024,269176.0,270987.0,37.0
ins_626911038,269172.0,270067.0,94.0
ins_929657666,269186.0,270694.0,36.0
ins_386869768,269186.0,270957.0,38.0
ins_643143177,269173.0,271037.0,34.0
ins_1255002343,269177.0,270056.0,91.0
ins_620605659,269188.0,270014.0,98.0
ins_1144140027,269178.0,270960.0,40.0
ins_7816051,269172.0,270144.0,89.0
ins_190187765,269178.0,271100.0,38.0
ins_26426832,269179.0,270238.0,32.0
ins_1174831593,269177.0,270141.0,86.0
ins_43538868,269170.0,270179.0,89.0
ins_63203839,269172.0,270055.0,96.0
ins_486251788,269173.0,270090.0,93.0
ins_363086353,269185.0,270981.0,36.0
ins_651877350,269172.0,270132.0,82.0
ins_1082746311,269177.0,270035.0,91.0
ins_883584336,269187.0,269553.0,97.0
ins_865682835,269172.0,270905.0,37.0
ins_1191692616,269173.0,270008.0,98.0
ins_1002544897,269173.0,270154.0,91.0
ins_1272358477,269176.0,270290.0,95.0
ins_1008227321,269170.0,270151.0,95.0
ins_577593765,269188.0,270136.0,89.0
ins_991332464,269170.0,270010.0,94.0
ins_378832494,269203.0,269712.0,87.0
ins_630895344,269174.0,270950.0,38.0
ins_757105470,269174.0,270062.0,91.0
ins_575269481,269186.0,270137.0,97.0
ins_911841865,269176.0,270698.0,35.0
ins_531905915,269177.0,270497.0,34.0
ins_515554438,269176.0,270974.0,37.0
ins_910008089,269175.0,270072.0,88.0
ins_196755813,269176.0,270989.0,37.0
ins_1290745340,269174.0,270573.0,30.0
ins_399097536,269173.0,270686.0,34.0
ins_568116311,269172.0,271023.0,38.0
ins_686791471,269169.0,270060.0,92.0
ins_43015159,269176.0,271367.0,38.0
ins_1065043199,269177.0,270608.0,37.0
ins_42513563,269173.0,269946.0,96.0
ins_234135329,269189.0,270113.0,85.0
ins_213903860,269173.0,270729.0,34.0
ins_17580563,269173.0,270077.0,97.0
ins_1290737330,269170.0,270490.0,31.0
ins_884570182,269174.0,270939.0,35.0
ins_1263768543,269179.0,270285.0,31.0
ins_593470447,269179.0,270002.0,93.0
ins_1047217572,269180.0,270966.0,36.0
ins_379159167,269174.0,270808.0,40.0
ins_530571858,269179.0,270053.0,94.0
ins_666324149,269174.0,271693.0,50.0
ins_1212270231,269179.0,270988.0,39.0
ins_832546864,269178.0,270173.0,87.0
ins_270727596,269174.0,270993.0,36.0
ins_348851634,269176.0,271553.0,51.0
ins_751365550,269178.0,270101.0,87.0
ins_550730337,269169.0,270222.0,32.0
ins_840488754,269170.0,271065.0,35.0
ins_27487145,269178.0,270990.0,37.0
ins_475690675,269169.0,270924.0,38.0
ins_1083894379,269169.0,270244.0,95.0
ins_1039051603,269186.0,270974.0,37.0
ins_1282460627,269175.0,270863.0,38.0
ins_1227144667,269173.0,270957.0,36.0
ins_650470967,269178.0,269997.0,97.0
ins_261922883,269175.0,270033.0,84.0
ins_271528886,269174.0,271102.0,36.0
ins_794454093,269174.0,270713.0,35.0
ins_53011672,269176.0,270703.0,36.0
ins_477647172,269179.0,270680.0,35.0
ins_59806301,269187.0,270115.0,94.0
ins_1119807162,269173.0,270933.0,35.0
ins_352882160,269179.0,270709.0,37.0
ins_1264757991,269170.0,270619.0,36.0
ins_1085307665,269173.0,271063.0,40.0
ins_661002387,269175.0,270857.0,38.0
ins_291798101,269173.0,270016.0,98.0
ins_539935712,269175.0,270675.0,37.0
ins_669528267,269187.0,270236.0,32.0
ins_729516821,269173.0,270691.0,35.0
ins_353027019,269170.0,270904.0,36.0
ins_1164109342,269178.0,270007.0,98.0
ins_823641394,269173.0,270151.0,93.0
ins_1074508235,269174.0,270742.0,35.0
ins_1120411702,269177.0,270740.0,34.0
ins_106713022,269173.0,270675.0,35.0
ins_505478392,269177.0,270166.0,91.0
ins_93306925,269176.0,271410.0,37.0
ins_1003148791,269174.0,271367.0,35.0
ins_1176266365,269177.0,270998.0,37.0
ins_557445420,269203.0,269979.0,96.0
ins_232102267,269176.0,270077.0,91.0
ins_135117112,269177.0,270900.0,37.0
ins_333667338,269176.0,269634.0,87.0
ins_1191066189,269179.0,270873.0,37.0
ins_384581424,269176.0,270697.0,37.0
ins_607089752,269203.0,270937.0,37.0
ins_622724036,269169.0,270014.0,94.0
ins_674776891,269179.0,269613.0,93.0
ins_730944058,269180.0,270116.0,94.0
ins_921361827,269186.0,270069.0,89.0
ins_408697320,269170.0,270998.0,34.0
ins_170513865,269180.0,270160.0,92.0
ins_446496278,269176.0,269597.0,92.0
ins_1003957645,269203.0,271113.0,37.0
ins_822047384,269177.0,270773.0,33.0
ins_35410383,269176.0,270683.0,36.0
ins_1193779279,269176.0,270444.0,29.0
ins_607090424,269176.0,270867.0,39.0
ins_108975040,269172.0,270004.0,97.0
ins_705751680,269173.0,270456.0,90.0
ins_1247985711,269172.0,271143.0,37.0
ins_7769456,269169.0,269589.0,95.0
ins_448432947,269173.0,270963.0,40.0
ins_1307959347,269170.0,270203.0,91.0
ins_1673451,269204.0,270808.0,36.0
ins_1166674563,269173.0,270995.0,36.0
ins_1156103522,269186.0,269575.0,91.0
ins_713130667,269177.0,270704.0,33.0
ins_285793653,269173.0,269557.0,92.0
ins_839882930,269179.0,270214.0,92.0
ins_51120381,269170.0,270876.0,39.0
ins_895388460,269177.0,270889.0,37.0
ins_196755898,269170.0,270025.0,91.0
ins_1135383386,269179.0,270727.0,38.0
ins_1003156369,269170.0,271220.0,38.0
ins_270729314,269188.0,270696.0,36.0
ins_1334106059,269172.0,270892.0,38.0
ins_77879055,269186.0,270063.0,94.0
ins_1064444443,269186.0,271052.0,37.0
ins_542036202,269185.0,270084.0,89.0
ins_687397285,269174.0,270670.0,35.0
ins_797375965,269175.0,270412.0,28.0
ins_412541963,269179.0,270836.0,37.0
ins_484897374,269174.0,270001.0,96.0
ins_547858724,269169.0,270069.0,95.0
ins_567317613,269176.0,270959.0,36.0
ins_751373829,269170.0,269970.0,89.0
ins_613250799,269186.0,270522.0,31.0
ins_271672692,269176.0,270012.0,98.0
ins_1191704254,269170.0,269954.0,96.0
ins_921361753,269170.0,269997.0,97.0
ins_303845141,269175.0,270030.0,93.0
ins_1191066321,269175.0,270861.0,39.0
ins_224183073,269177.0,270618.0,39.0
ins_78242068,269176.0,271051.0,38.0
ins_200380499,269181.0,270990.0,36.0
ins_1130934394,269176.0,270874.0,40.0
ins_144559142,269176.0,269977.0,83.0
ins_522338077,269186.0,270046.0,94.0
ins_922033548,269177.0,270977.0,36.0
ins_11970720,269177.0,271059.0,34.0
ins_1012717038,269179.0,270706.0,35.0
ins_557003456,269176.0,271021.0,35.0
ins_376598727,269178.0,270031.0,98.0
ins_587275565,269204.0,270015.0,91.0
ins_216317165,269169.0,270040.0,95.0
ins_983714187,269179.0,270068.0,92.0
ins_1251273430,269187.0,270831.0,33.0
ins_669528373,269174.0,270262.0,32.0
ins_73490852,269204.0,270985.0,37.0
ins_1003356703,269177.0,270046.0,89.0
ins_1120411613,269203.0,270730.0,35.0
ins_430188973,269170.0,271675.0,50.0
ins_243730789,269173.0,270040.0,91.0
ins_1130009098,269172.0,270128.0,95.0
ins_449262221,269179.0,270978.0,35.0
ins_432338697,269169.0,270627.0,38.0
ins_44995725,269178.0,270085.0,92.0
ins_317748039,269177.0,271048.0,37.0
ins_551724882,269173.0,270928.0,38.0
ins_803224837,269176.0,271015.0,39.0
ins_911168171,269170.0,269500.0,97.0
ins_430188825,269176.0,271597.0,50.0
ins_1006475463,269176.0,270027.0,93.0
ins_529968768,269174.0,270720.0,37.0
ins_1139716869,269179.0,270109.0,87.0
ins_43032744,269176.0,271055.0,36.0
ins_422897934,269177.0,270203.0,92.0
ins_1176266779,269177.0,270997.0,39.0
ins_287077237,269174.0,270988.0,36.0
ins_1046234296,269179.0,270030.0,98.0
ins_830499998,269173.0,270132.0,90.0
ins_331701118,269175.0,271439.0,36.0
ins_271672456,269176.0,270981.0,35.0
ins_571354485,269174.0,270922.0,39.0
ins_1062760542,269181.0,270924.0,38.0
ins_824583204,269186.0,270699.0,36.0
ins_1083895216,269174.0,270288.0,90.0
ins_724287055,269179.0,270707.0,36.0
ins_547000291,269174.0,270609.0,39.0
ins_478166272,269174.0,270697.0,36.0
ins_841297110,269173.0,271020.0,41.0
ins_434373761,269174.0,270922.0,38.0
ins_930784051,269170.0,270083.0,92.0
ins_441017488,269172.0,270063.0,92.0
ins_1180380082,269174.0,270620.0,38.0
ins_232787539,269170.0,270028.0,90.0
ins_376530635,269173.0,270051.0,93.0
ins_596116118,269177.0,270267.0,33.0
ins_820448591,269180.0,270885.0,36.0
ins_1120410609,269203.0,270732.0,37.0
ins_51190139,269175.0,270111.0,91.0
ins_921222855,269175.0,270124.0,91.0
ins_1081816148,269170.0,270047.0,93.0
ins_271672844,269170.0,270971.0,38.0
ins_307244643,269176.0,270908.0,35.0
ins_620606106,269170.0,270115.0,93.0
ins_976703606,269174.0,270928.0,37.0
ins_134484151,269173.0,270147.0,94.0
ins_794454028,269178.0,270730.0,37.0
ins_5882501,269169.0,270669.0,38.0
ins_259816507,269177.0,270935.0,36.0
ins_7995456,269176.0,270338.0,92.0
ins_567316608,269175.0,271047.0,36.0
ins_1320596258,269176.0,270972.0,38.0
ins_957113101,269173.0,270002.0,98.0
ins_303845321,269203.0,270032.0,97.0
ins_603669645,269175.0,270901.0,40.0
ins_376599445,269179.0,270684.0,37.0
ins_675758897,269169.0,270033.0,94.0
ins_640867574,269179.0,270641.0,40.0
ins_1156103929,269204.0,269599.0,83.0
ins_1012108312,269173.0,270900.0,38.0
ins_666324780,269176.0,269650.0,94.0
ins_476816956,269177.0,270022.0,98.0
ins_1012717353,269185.0,270722.0,35.0
ins_840488306,269173.0,271021.0,35.0
ins_108831267,269173.0,270991.0,37.0
ins_673772981,269186.0,270090.0,90.0
ins_1085307450,269170.0,270945.0,39.0
ins_547859091,269173.0,270003.0,98.0
ins_549538909,269173.0,270086.0,93.0
ins_403557701,269179.0,270937.0,36.0
ins_403557887,269170.0,270099.0,87.0
ins_109865609,269186.0,270730.0,35.0
ins_742308628,269185.0,270045.0,97.0
ins_1175437670,269172.0,270681.0,36.0
ins_213903725,269170.0,270963.0,38.0
ins_451745925,269170.0,270035.0,92.0
ins_11970343,269179.0,270985.0,36.0
ins_51879888,269177.0,270079.0,90.0
ins_240868622,269176.0,271018.0,39.0
ins_1007242070,269172.0,270757.0,35.0
ins_529746575,269173.0,270183.0,88.0
ins_207701784,269179.0,270143.0,86.0
ins_691517732,269177.0,270962.0,38.0
ins_126496258,269186.0,270711.0,37.0
ins_577168192,269177.0,269608.0,91.0
ins_1016548374,269176.0,270992.0,35.0
ins_1016548133,269170.0,271028.0,35.0
ins_895686445,269177.0,270024.0,94.0
ins_286555974,269176.0,270013.0,92.0
ins_133237920,269175.0,270103.0,98.0
ins_369935402,269176.0,270049.0,92.0
ins_947002719,269174.0,270029.0,91.0
ins_1082746021,269172.0,270104.0,86.0
ins_256011702,269169.0,269700.0,94.0
ins_867777096,269179.0,270083.0,89.0
ins_947002650,269173.0,270080.0,89.0
ins_794454911,269170.0,270105.0,88.0
ins_622837890,269176.0,270103.0,97.0
ins_331698661,269169.0,270980.0,36.0
ins_287077321,269170.0,271001.0,38.0
ins_495850686,269204.0,269655.0,86.0
ins_424145657,269177.0,270077.0,92.0
ins_995203943,269179.0,270943.0,38.0
ins_77882243,269172.0,270027.0,97.0
ins_832547495,269176.0,270697.0,37.0
ins_1302377050,269170.0,270023.0,93.0
ins_1226610388,269174.0,270300.0,33.0
ins_174669368,269169.0,270979.0,37.0
ins_1273183665,269170.0,270047.0,88.0
ins_1275078958,269170.0,269602.0,97.0
ins_477646500,269174.0,270744.0,35.0
ins_278313944,269176.0,270014.0,97.0
ins_841296252,269175.0,270012.0,98.0
ins_5657425,269169.0,270689.0,36.0
ins_691518075,269173.0,271013.0,38.0
ins_800425492,269169.0,270951.0,39.0
ins_1016295303,269173.0,270935.0,39.0
ins_295930749,269178.0,270723.0,36.0
ins_337349784,269174.0,271407.0,38.0
ins_840022584,269176.0,270062.0,89.0
ins_358319890,269174.0,270170.0,83.0
ins_403557365,269186.0,270915.0,39.0
ins_1257576179,269176.0,271038.0,40.0
ins_1031063057,269178.0,270370.0,32.0
ins_123863411,269176.0,270024.0,89.0
ins_866315569,269174.0,270088.0,98.0
ins_108975217,269169.0,270923.0,40.0
ins_1088588963,269177.0,270699.0,37.0
ins_1092932193,269172.0,270601.0,39.0
ins_1145824648,269172.0,271025.0,36.0
ins_1345137516,269173.0,270906.0,38.0
ins_449262579,269176.0,270887.0,37.0
ins_327331188,269176.0,270679.0,38.0
ins_1076544216,269188.0,270742.0,35.0
ins_43538679,269170.0,270224.0,88.0
ins_1256746209,269173.0,270668.0,36.0
ins_132478181,269176.0,270102.0,97.0
ins_876401875,269174.0,270665.0,38.0
ins_1275078416,269176.0,271552.0,52.0
ins_759980096,269170.0,270080.0,87.0
ins_531906418,269203.0,270544.0,30.0
ins_995355186,269185.0,269963.0,97.0
ins_370395763,269185.0,270091.0,96.0
ins_549538012,269170.0,270699.0,35.0
ins_529968070,269172.0,270697.0,36.0
ins_1318778946,269173.0,269622.0,90.0
ins_395467679,269173.0,270032.0,90.0
ins_848020745,269174.0,270708.0,33.0
ins_937199875,269174.0,269683.0,98.0
ins_404918885,269176.0,270013.0,87.0
ins_337349629,269172.0,271042.0,35.0
ins_687396889,269173.0,270046.0,88.0
ins_1110063031,269175.0,271077.0,37.0
ins_911459500,269175.0,270106.0,87.0
ins_768136767,269176.0,270083.0,98.0
ins_886005826,269177.0,270681.0,36.0
ins_452816969,269175.0,270067.0,98.0
ins_53754861,269173.0,270906.0,35.0
ins_797361998,269176.0,270389.0,33.0
ins_626913478,269172.0,269998.0,94.0
ins_1264758335,269179.0,270658.0,34.0
ins_108831711,269175.0,271038.0,34.0
ins_920075653,269170.0,269950.0,97.0
ins_7769378,269173.0,269569.0,97.0
ins_910008327,269179.0,271301.0,53.0
ins_1226609498,269179.0,270234.0,35.0
ins_1336978003,269174.0,270654.0,36.0
ins_1063903383,269179.0,269784.0,92.0
ins_434374021,269204.0,270987.0,35.0
ins_769572513,269186.0,270947.0,40.0
ins_403819803,269188.0,270225.0,88.0
ins_307244497,269173.0,270095.0,87.0
ins_1278123514,269186.0,271126.0,34.0
ins_1092932837,269177.0,270060.0,89.0
ins_434831227,269188.0,270792.0,36.0
ins_713721584,269177.0,271064.0,36.0
ins_322585783,269176.0,271092.0,37.0
ins_1028335962,269178.0,270838.0,36.0
ins_1028969212,269176.0,270205.0,95.0
ins_850061103,269187.0,270017.0,98.0
ins_414501686,269174.0,270066.0,86.0
ins_404918669,269173.0,270042.0,88.0
ins_966167240,269186.0,270908.0,38.0
ins_1180372638,269203.0,270628.0,38.0
ins_1054025131,269174.0,270261.0,98.0
ins_396299087,269176.0,270703.0,37.0
ins_41682743,269177.0,270958.0,38.0
ins_384442083,269179.0,270726.0,35.0
ins_1251273511,269175.0,270952.0,37.0
ins_1012108152,269180.0,270924.0,35.0
ins_1099879832,269174.0,271003.0,34.0
ins_331701899,269169.0,271005.0,34.0
ins_1302377545,269174.0,270084.0,87.0
ins_797376745,269177.0,270402.0,29.0
ins_1345776600,269173.0,270154.0,88.0
ins_800425990,269170.0,270910.0,35.0
ins_70079887,269173.0,270014.0,98.0
ins_1345776137,269169.0,270161.0,91.0
ins_1094892807,269170.0,270932.0,37.0
ins_109436685,269177.0,270129.0,89.0
ins_204386125,269189.0,270853.0,38.0
ins_1201157215,269177.0,270703.0,36.0
ins_490032510,269176.0,270897.0,37.0
ins_353484542,269174.0,270656.0,39.0
ins_850061413,269204.0,270743.0,33.0
ins_947636860,269173.0,270128.0,86.0
ins_1274444538,269176.0,270928.0,39.0
ins_505478755,269172.0,270130.0,92.0
ins_1028970221,269176.0,270108.0,97.0
ins_1158078854,269174.0,270056.0,97.0
ins_377283223,269172.0,270693.0,34.0
ins_1098722140,269172.0,270104.0,92.0
ins_505962038,269173.0,270060.0,90.0
ins_935212685,269177.0,271013.0,35.0
ins_160872231,269174.0,270037.0,90.0
ins_314123687,269172.0,270173.0,84.0
ins_450590788,269176.0,271334.0,37.0
ins_571353902,269186.0,271057.0,39.0
ins_7472613,269204.0,271408.0,49.0
ins_322199286,269179.0,270977.0,39.0
ins_126345443,269170.0,270104.0,91.0
ins_1121314785,269176.0,270110.0,93.0
ins_17581075,269177.0,270033.0,97.0
ins_26426750,269179.0,270286.0,29.0
ins_289043628,269176.0,269962.0,96.0
ins_687397867,269169.0,270720.0,36.0
ins_884179303,269186.0,269558.0,93.0
ins_651877727,269177.0,270145.0,84.0
ins_1176266287,269174.0,270899.0,38.0
ins_810841059,269174.0,270703.0,35.0
ins_89150782,269172.0,270178.0,90.0
ins_803224592,269175.0,270929.0,36.0
ins_802843026,269174.0,269532.0,92.0
ins_378832948,269170.0,269564.0,87.0
ins_1008237112,269204.0,270253.0,89.0
ins_740714175,269178.0,270735.0,35.0
ins_430188754,269173.0,271793.0,48.0
ins_1255862037,269173.0,270874.0,39.0
ins_1320603732,269178.0,270769.0,34.0
ins_43538587,269173.0,270141.0,91.0
ins_363681573,269170.0,270660.0,37.0
ins_205781811,269174.0,270783.0,33.0
ins_810028973,269186.0,271067.0,39.0
ins_352131489,269177.0,270309.0,30.0
ins_297809900,269170.0,270829.0,37.0
ins_109871100,269170.0,270715.0,35.0
ins_369943571,269177.0,269545.0,87.0
ins_475690341,269177.0,270988.0,36.0
ins_721514141,269176.0,269551.0,90.0
ins_259816589,269177.0,270941.0,33.0
ins_476816469,269176.0,270836.0,39.0
ins_965880256,269179.0,270925.0,36.0
ins_278314698,269170.0,270004.0,90.0
ins_98437446,269176.0,270110.0,86.0
ins_243433365,269176.0,270700.0,36.0
ins_368426699,269180.0,270867.0,37.0
ins_1174305829,269170.0,270704.0,34.0
ins_720904755,269179.0,270035.0,93.0
ins_369233972,269169.0,271105.0,37.0
ins_352131307,269178.0,270192.0,35.0
ins_1028336207,269173.0,270834.0,36.0
ins_1247384726,269176.0,270907.0,37.0
ins_476133530,269173.0,270142.0,94.0
ins_875800295,269169.0,270099.0,92.0
ins_523769472,269176.0,270677.0,36.0
ins_160872553,269172.0,269513.0,96.0
ins_1010980026,269173.0,270665.0,37.0
ins_759167341,269187.0,270984.0,35.0
ins_839890579,269169.0,270180.0,98.0
ins_70905034,269170.0,270727.0,35.0
ins_1076543978,269177.0,270735.0,35.0
ins_1101085596,269179.0,270285.0,31.0
ins_547528999,269203.0,270524.0,81.0
ins_1109699180,269176.0,270938.0,36.0
ins_784353244,269176.0,270109.0,92.0
ins_567572902,269169.0,270034.0,94.0
ins_53603618,269174.0,269611.0,92.0
ins_1326778970,269174.0,270056.0,89.0
ins_150748857,269174.0,269976.0,97.0
ins_628883471,269176.0,270367.0,93.0
ins_1338944997,269174.0,270153.0,89.0
ins_1318184242,269170.0,270028.0,91.0
ins_395468083,269174.0,270042.0,98.0
ins_922033980,269174.0,270059.0,86.0
ins_830499450,269175.0,270703.0,35.0
ins_911841423,269186.0,270717.0,35.0
ins_687919642,269175.0,270922.0,40.0
ins_648511886,269169.0,270879.0,38.0
ins_617715371,269174.0,271126.0,34.0
ins_1316730002,269186.0,271506.0,48.0
ins_719097011,269177.0,271026.0,34.0
ins_759979922,269175.0,270000.0,97.0
ins_1201761007,269170.0,270629.0,36.0
ins_278315259,269179.0,270703.0,35.0
ins_1064445064,269179.0,270650.0,38.0
ins_1002971022,269174.0,270280.0,31.0
ins_904233765,269179.0,270186.0,92.0
ins_1084703827,269170.0,271002.0,36.0
ins_1038448965,269170.0,270768.0,33.0
ins_278101054,269173.0,271055.0,38.0
ins_1264758161,269174.0,270715.0,35.0
ins_495850308,269173.0,269571.0,97.0
ins_28090492,269170.0,270319.0,89.0
ins_1084028199,269170.0,270006.0,93.0
ins_1298067233,269175.0,270738.0,35.0
ins_1158079190,269175.0,270150.0,90.0
ins_1292681643,269177.0,270719.0,38.0
ins_568117761,269170.0,271002.0,38.0
ins_542197473,269174.0,270883.0,36.0
ins_937516791,269170.0,270956.0,37.0
ins_394780183,269173.0,270074.0,94.0
ins_612906848,269186.0,270102.0,89.0
ins_1191695595,269176.0,269554.0,97.0
ins_1310402908,269174.0,270755.0,33.0
ins_104789305,269186.0,269598.0,90.0
ins_242229537,269170.0,270298.0,31.0
ins_486251612,269176.0,270082.0,93.0
ins_929657312,269177.0,270657.0,37.0
ins_1212269997,269172.0,271594.0,49.0
ins_261440749,269172.0,270178.0,92.0
ins_1120410840,269178.0,270716.0,35.0
ins_1211349285,269179.0,270626.0,38.0
ins_467280357,269170.0,270184.0,88.0
ins_1283070357,269178.0,270060.0,94.0
ins_901800712,269176.0,270989.0,39.0
ins_186139260,269170.0,271690.0,49.0
ins_276962801,269175.0,270011.0,92.0
ins_1098726117,269179.0,270651.0,35.0
ins_433475871,269175.0,270232.0,32.0
ins_98438329,269178.0,270056.0,94.0
ins_70529325,269177.0,270670.0,38.0
ins_322199447,269177.0,270963.0,37.0
ins_1029164051,269174.0,269921.0,96.0
ins_317747967,269185.0,271026.0,38.0
ins_539935788,269179.0,270609.0,35.0
ins_286555902,269169.0,270939.0,36.0
ins_327331569,269179.0,271037.0,38.0
ins_557444773,269170.0,271335.0,49.0
ins_867777016,269178.0,270076.0,92.0
ins_396298909,269178.0,270669.0,37.0
ins_325062579,269186.0,270013.0,93.0
ins_1221050214,269170.0,270088.0,94.0
ins_446491335,269177.0,271658.0,52.0
ins_1221050307,269174.0,269941.0,95.0
ins_1094065128,269169.0,270638.0,38.0
ins_1038449824,269177.0,270724.0,35.0
ins_559482629,269172.0,270657.0,37.0
ins_195613968,269177.0,270151.0,87.0
ins_215936451,269170.0,270041.0,90.0
ins_1048649034,269187.0,270645.0,38.0
ins_557003380,269173.0,270892.0,38.0
ins_377282782,269170.0,270031.0,93.0
ins_377283140,269202.0,270772.0,34.0
ins_910008487,269175.0,271435.0,49.0
ins_341547304,269173.0,270765.0,34.0
ins_910594531,269173.0,270090.0,89.0
ins_803225263,269179.0,271023.0,37.0
ins_103852722,269176.0,270748.0,34.0
ins_1047505276,269173.0,271061.0,37.0
ins_913566313,269173.0,270949.0,38.0
ins_884059385,269173.0,270159.0,93.0
ins_114264351,269170.0,270930.0,37.0
ins_568114758,269173.0,270933.0,40.0
ins_686790589,269177.0,270895.0,38.0
ins_1318779184,269175.0,269586.0,93.0
ins_314124375,269179.0,270060.0,92.0
ins_883760991,269169.0,270195.0,89.0
ins_1274443914,269179.0,270919.0,36.0
ins_141165264,269173.0,270116.0,92.0
ins_1237202627,269173.0,270059.0,93.0
ins_1201157749,269186.0,270695.0,36.0
ins_261922587,269187.0,270055.0,92.0
ins_949092478,269094.0,270824.0,38.0
ins_567573202,269173.0,270072.0,89.0
ins_73490338,269177.0,271022.0,36.0
ins_995196990,269177.0,270058.0,91.0
ins_630894631,269179.0,270092.0,92.0
ins_720911653,269175.0,269624.0,89.0
ins_713130442,269169.0,270678.0,37.0
ins_674412887,269179.0,271019.0,35.0
ins_911458543,269180.0,270089.0,90.0
ins_363086520,269174.0,271018.0,36.0
ins_27629287,269169.0,270094.0,95.0
ins_30443663,269186.0,270084.0,89.0
ins_865683604,269177.0,270936.0,37.0
ins_1288452442,269186.0,270929.0,40.0
ins_841819698,269187.0,270126.0,92.0
ins_1081815872,269176.0,270836.0,38.0
ins_643143398,269169.0,271036.0,38.0
ins_30451897,269170.0,270151.0,90.0
ins_261922522,269173.0,269615.0,89.0
ins_720911571,269176.0,269631.0,90.0
ins_867776449,269176.0,270098.0,85.0
ins_291802365,269178.0,269598.0,98.0
ins_549538174,269176.0,270626.0,38.0
ins_1155883916,269177.0,270036.0,91.0
ins_256011629,269179.0,270972.0,38.0
ins_215836394,269179.0,270130.0,98.0
ins_30442852,269179.0,270022.0,90.0
ins_1031063148,269173.0,270442.0,29.0
ins_44995962,269176.0,270073.0,97.0
ins_43015240,269177.0,271467.0,36.0
ins_1347918047,269170.0,270118.0,92.0
ins_1047504071,269176.0,270928.0,36.0
ins_721087854,269175.0,270086.0,97.0
ins_758563285,269176.0,270202.0,86.0
ins_490032156,269169.0,270956.0,37.0
ins_749179085,269174.0,270706.0,37.0
ins_144559405,269174.0,271398.0,49.0
ins_810840513,269203.0,270707.0,37.0
ins_476133056,269176.0,270102.0,89.0
ins_1012108984,269178.0,270976.0,36.0
ins_740713918,269186.0,270636.0,38.0
ins_556640533,269204.0,270323.0,31.0
ins_622837951,269177.0,270147.0,92.0
ins_1013552115,269173.0,270925.0,38.0
ins_1001395571,269187.0,270022.0,97.0
ins_363086793,269173.0,271006.0,36.0
ins_80729535,269169.0,269995.0,91.0
ins_611916876,269175.0,270963.0,36.0
ins_1183443622,269173.0,270695.0,36.0
ins_1673296,269169.0,270928.0,38.0
ins_567573125,269169.0,270027.0,98.0
ins_539253140,269175.0,270132.0,91.0
ins_568117002,269170.0,271029.0,35.0
ins_434831903,269174.0,270176.0,89.0
ins_621288222,269174.0,270651.0,35.0
ins_841304256,269170.0,271004.0,36.0
ins_41682588,269170.0,270963.0,35.0
ins_352130869,269169.0,270252.0,33.0
ins_414501868,269174.0,269527.0,93.0
ins_323556975,269173.0,270271.0,30.0
ins_937198681,269186.0,271271.0,39.0
ins_348851809,269173.0,271696.0,51.0
ins_297277245,269175.0,270062.0,97.0
ins_449262138,269173.0,270103.0,89.0
ins_1332641814,269170.0,270920.0,39.0
ins_278100965,269176.0,270994.0,35.0
ins_850060664,269175.0,269974.0,97.0
ins_71209691,269174.0,270710.0,35.0
ins_370396109,269173.0,270083.0,88.0
ins_721086932,269169.0,270097.0,92.0
ins_450461541,269186.0,269553.0,92.0
ins_784511020,269170.0,269987.0,98.0
ins_240868714,269185.0,270027.0,98.0
ins_295248068,269175.0,270072.0,89.0
ins_295178808,269173.0,270103.0,92.0
ins_568118539,269175.0,271005.0,37.0
ins_603669725,269186.0,270975.0,39.0
ins_1013551954,269177.0,270885.0,40.0
ins_178850223,269177.0,270086.0,97.0
ins_766702918,269187.0,270720.0,35.0
ins_810029563,269179.0,271060.0,36.0
ins_756477494,269203.0,270148.0,91.0
ins_1155992765,269172.0,270175.0,94.0
ins_155063707,269177.0,270983.0,36.0
ins_1126115567,269189.0,269612.0,96.0
ins_921648503,269189.0,270246.0,31.0
ins_79523560,269175.0,269526.0,92.0
ins_433475389,269186.0,270277.0,31.0
ins_772853401,269170.0,271004.0,37.0
ins_30448557,269176.0,270042.0,93.0
ins_133238164,269174.0,270046.0,95.0
ins_937275214,269173.0,270682.0,36.0
ins_991332738,269179.0,270028.0,93.0
ins_937517066,269170.0,270943.0,38.0
ins_784511307,269186.0,270050.0,94.0
ins_939399379,269176.0,270763.0,36.0
ins_515940303,269178.0,270976.0,38.0
ins_794454696,269172.0,270881.0,38.0
ins_396815267,269187.0,270727.0,37.0
ins_821037828,269177.0,270816.0,32.0
ins_514795461,269177.0,270228.0,32.0
ins_386869850,269177.0,270780.0,32.0
ins_939400271,269186.0,270590.0,40.0
ins_766702757,269185.0,270718.0,34.0
ins_1673839,269185.0,270729.0,36.0
ins_677360057,269175.0,270120.0,92.0
ins_597261128,269177.0,270742.0,35.0
ins_415022977,269170.0,270094.0,97.0
ins_23449150,269174.0,269679.0,93.0
ins_858082297,269173.0,270679.0,38.0
ins_205737369,269176.0,270921.0,38.0
ins_190786967,269174.0,270253.0,86.0
ins_422898467,269185.0,270708.0,35.0
ins_705751511,269202.0,270400.0,32.0
ins_542197073,269177.0,270931.0,35.0
ins_1155992447,269173.0,270055.0,97.0
ins_964896678,269169.0,269570.0,97.0
ins_660175522,269177.0,270037.0,85.0
ins_126492382,269189.0,271020.0,37.0
ins_640867279,269176.0,270920.0,36.0
ins_708790852,269173.0,271391.0,40.0
ins_803224751,269170.0,270929.0,38.0
ins_865834886,269177.0,270003.0,94.0
ins_994886937,269177.0,271004.0,36.0
ins_424145277,269176.0,270077.0,97.0
ins_947002580,269177.0,270911.0,37.0
ins_995355105,269186.0,270063.0,91.0
ins_607090170,269178.0,270973.0,36.0
ins_490031969,269176.0,270715.0,34.0
ins_639504477,269176.0,270002.0,98.0
ins_1255611167,269173.0,270072.0,98.0
ins_43015561,269176.0,271002.0,35.0
ins_378833027,269172.0,269573.0,91.0
ins_215936363,269175.0,270134.0,85.0
ins_647438759,269169.0,269994.0,98.0
ins_679152359,269173.0,270711.0,34.0
ins_1347917586,269186.0,270144.0,90.0
ins_1338944923,269177.0,270026.0,90.0
ins_17580842,269172.0,270087.0,96.0
ins_568740382,269177.0,270975.0,39.0
ins_1278124265,269173.0,271066.0,33.0
ins_660290300,269173.0,270244.0,83.0
ins_115617229,269173.0,270096.0,88.0
ins_1175436433,269176.0,270657.0,34.0
ins_105117647,269177.0,270851.0,38.0
ins_648511966,269186.0,271054.0,35.0
ins_1216720522,269177.0,270843.0,34.0
ins_1092932760,269169.0,270730.0,35.0
ins_1076544376,269169.0,270699.0,37.0
ins_386870014,269174.0,270755.0,33.0
ins_593470226,269234.0,270102.0,86.0
ins_452822987,269173.0,270062.0,88.0
ins_1217843987,269173.0,270059.0,98.0
ins_1202214868,269174.0,270032.0,92.0
ins_98429742,269176.0,270033.0,90.0
ins_225911708,269173.0,270124.0,89.0
ins_648966656,269174.0,270093.0,90.0
ins_721897522,269170.0,270978.0,37.0
ins_721086708,269170.0,270193.0,90.0
ins_1262871339,269170.0,271073.0,37.0
ins_408697780,269177.0,270994.0,36.0
ins_551724431,269179.0,271049.0,38.0
ins_70529463,269174.0,270659.0,36.0
ins_1062760368,269169.0,270943.0,40.0
ins_585546847,269179.0,270922.0,38.0
ins_245998195,269176.0,270950.0,37.0
ins_1144140440,269173.0,271006.0,38.0
ins_159594475,269186.0,270096.0,97.0
ins_758562874,269170.0,270167.0,89.0
ins_1163659154,269176.0,270718.0,38.0
ins_1182458271,269177.0,270200.0,34.0
ins_995197077,269176.0,270679.0,38.0
ins_451745839,269172.0,270065.0,85.0
ins_673768021,269179.0,270051.0,91.0
ins_1245418929,269169.0,270633.0,38.0
ins_1072673265,269172.0,271481.0,50.0
ins_1272998328,269176.0,269662.0,86.0
ins_1029164377,269179.0,270129.0,92.0
ins_623550181,269179.0,270971.0,38.0
ins_531775403,269185.0,269633.0,90.0
ins_457935549,269179.0,270936.0,39.0
ins_569077389,269170.0,270069.0,92.0
ins_170985973,269176.0,269515.0,97.0
ins_396816198,269172.0,270691.0,36.0
ins_1094892888,269187.0,270989.0,33.0
ins_1194488641,269176.0,270755.0,35.0
ins_883584684,269177.0,270029.0,98.0
ins_17580915,269170.0,269593.0,92.0
ins_937199229,269180.0,271352.0,39.0
ins_937275043,269169.0,270981.0,35.0
ins_937516975,269175.0,270987.0,36.0
ins_713721666,269174.0,270697.0,38.0
ins_740714919,269170.0,270754.0,34.0
ins_1088588710,269177.0,271085.0,36.0
ins_1139717122,269176.0,270143.0,86.0
ins_818774359,269173.0,270810.0,35.0
ins_1135384466,269177.0,270839.0,34.0
ins_1016296123,269187.0,271015.0,37.0
ins_772853233,269177.0,271047.0,36.0
ins_921834981,269176.0,271290.0,34.0
ins_1099880944,269172.0,270916.0,38.0
ins_800425655,269170.0,270959.0,36.0
ins_1002677516,269174.0,270028.0,98.0
ins_884570642,269170.0,270887.0,39.0
ins_341547065,269176.0,270768.0,35.0
ins_1058338911,269169.0,270043.0,92.0
ins_469412329,269170.0,270270.0,30.0
ins_1208934670,269176.0,269656.0,88.0
ins_216469082,269179.0,270859.0,37.0
ins_623550423,269203.0,270896.0,37.0
ins_93307081,269173.0,271003.0,34.0
ins_1272820020,269186.0,270061.0,86.0
ins_225912101,269179.0,270001.0,97.0
ins_378832408,269176.0,269653.0,93.0
ins_1119807483,269170.0,270710.0,35.0
ins_215936271,269170.0,270004.0,97.0
ins_849452172,269170.0,270080.0,88.0
ins_204385518,269169.0,270681.0,36.0
ins_685359253,269177.0,270687.0,33.0
ins_1006464210,269172.0,270006.0,97.0
ins_1126067094,269176.0,269624.0,92.0
ins_150749087,269172.0,270125.0,80.0
ins_353026626,269177.0,270969.0,36.0
ins_1088589550,269174.0,270966.0,38.0
ins_1154043997,269177.0,270115.0,93.0
ins_901800803,269177.0,270998.0,38.0
ins_1002972077,269174.0,270283.0,31.0
ins_541281441,269186.0,270107.0,90.0
ins_875800014,269170.0,270676.0,35.0
ins_542036292,269177.0,269616.0,91.0
ins_496277415,269174.0,270188.0,84.0
ins_1038449283,269175.0,270707.0,35.0
ins_151433196,269178.0,270153.0,83.0
ins_317746997,269204.0,270811.0,35.0
ins_822048288,269173.0,270716.0,36.0
ins_650471381,269175.0,270070.0,90.0
ins_80729453,269226.0,270725.0,39.0
ins_53124687,269186.0,270249.0,93.0
ins_651878033,269185.0,270051.0,89.0
ins_213835347,269186.0,270082.0,92.0
ins_144558631,269172.0,270081.0,85.0
ins_949092994,269179.0,270843.0,39.0
ins_469057930,269173.0,270118.0,92.0
ins_1282468655,269203.0,270745.0,36.0
ins_593469429,269179.0,270010.0,97.0
ins_728699942,269177.0,270759.0,37.0
ins_215937036,269177.0,270035.0,92.0
ins_613251298,269179.0,270506.0,32.0
ins_5882417,269177.0,270761.0,36.0
ins_719096681,269186.0,271022.0,37.0
ins_1217844623,269203.0,270065.0,98.0
ins_27629730,269173.0,270306.0,97.0
ins_866315266,269174.0,270139.0,98.0
ins_27486904,269186.0,271065.0,36.0
ins_892197281,269173.0,270591.0,39.0
ins_26427179,269177.0,270282.0,29.0
ins_1326779540,269169.0,270313.0,93.0
ins_1227144743,269179.0,270665.0,38.0
ins_1039051301,269186.0,270718.0,37.0
ins_724286346,269189.0,270671.0,37.0
ins_1310402976,269174.0,270664.0,38.0
ins_568743680,269175.0,270092.0,93.0
ins_851899302,269179.0,269684.0,91.0
ins_1007241929,269357.0,271110.0,40.0
ins_739704140,269178.0,270734.0,36.0
ins_768136543,269169.0,270895.0,39.0
ins_884059615,269170.0,270513.0,30.0
ins_674908468,269174.0,270077.0,98.0
ins_547859264,269177.0,270040.0,91.0
ins_178471794,269179.0,270994.0,38.0
ins_278101190,269173.0,270321.0,91.0
ins_1207143273,269178.0,270966.0,36.0
ins_516154051,269186.0,270763.0,36.0
ins_1098716007,269174.0,270114.0,91.0
ins_1201156760,269175.0,270181.0,86.0
ins_695397469,269179.0,270696.0,35.0
ins_77881413,269203.0,270165.0,90.0
ins_1236819701,269173.0,270093.0,90.0
ins_629523263,269176.0,270928.0,35.0
ins_628883172,269175.0,269560.0,91.0
ins_1207143643,269177.0,270934.0,35.0
ins_1191695507,269170.0,269637.0,93.0
ins_1257575869,269169.0,270897.0,38.0
ins_972686658,269179.0,271022.0,39.0
ins_531560541,269173.0,270058.0,91.0
ins_214590546,269173.0,270785.0,34.0
ins_415023839,269178.0,269624.0,91.0
ins_840488219,269172.0,271110.0,34.0
ins_496363951,269176.0,269623.0,88.0
ins_695398033,269173.0,270094.0,90.0
ins_1345776327,269173.0,270110.0,96.0
ins_751374001,269186.0,270184.0,89.0
ins_174670357,269176.0,271023.0,35.0
ins_27487297,269170.0,271109.0,34.0
ins_486251287,269177.0,270039.0,92.0
ins_661002543,269179.0,270875.0,36.0
ins_388061399,269179.0,270259.0,32.0
ins_1047209165,269169.0,270899.0,37.0
ins_270736777,269178.0,270733.0,36.0
ins_337349938,269176.0,271169.0,33.0
ins_126493250,269176.0,270753.0,37.0
ins_34252859,269178.0,270339.0,92.0
ins_1275078261,269186.0,271520.0,53.0
ins_1278123978,269170.0,271017.0,33.0
ins_457866941,269174.0,270095.0,87.0
ins_800425913,269177.0,270883.0,39.0
ins_114264675,269177.0,270999.0,37.0
ins_575199546,269176.0,270095.0,85.0
ins_991331976,269176.0,270144.0,91.0
ins_703176753,269177.0,270026.0,89.0
ins_103847778,269175.0,270681.0,38.0
ins_881780206,269174.0,270742.0,33.0
ins_1288754836,269170.0,270877.0,38.0
ins_1290737408,269188.0,270505.0,32.0
ins_63204640,269176.0,270015.0,96.0
ins_1128569424,269172.0,271083.0,36.0
ins_1169963971,269175.0,271019.0,36.0
ins_504230514,269177.0,270699.0,37.0
ins_297276891,269188.0,270034.0,88.0
ins_1072673353,269173.0,270118.0,91.0
ins_1092932671,269170.0,270747.0,34.0
ins_459965160,269170.0,270033.0,92.0
ins_1074727931,269169.0,269596.0,94.0
ins_286556122,269176.0,270161.0,87.0
ins_965368767,269174.0,270147.0,98.0
ins_376598481,269176.0,271057.0,36.0
ins_1031063530,269172.0,270387.0,32.0
ins_1209406146,269174.0,270566.0,30.0
ins_937516707,269177.0,270997.0,35.0
ins_133237841,269169.0,270705.0,36.0
ins_1256746018,269175.0,270686.0,35.0
ins_531774848,269177.0,269637.0,92.0
ins_1239235199,269170.0,271000.0,34.0
ins_162080099,269174.0,270740.0,35.0
ins_858082391,269169.0,270666.0,37.0
ins_252329927,269173.0,270038.0,97.0
ins_1211349372,269169.0,270923.0,38.0
ins_1144140580,269173.0,270767.0,36.0
ins_557445091,269177.0,270085.0,88.0
ins_1239235282,269177.0,270943.0,37.0
ins_42513135,269185.0,270081.0,89.0
ins_623550579,269173.0,270836.0,38.0
ins_895389044,269170.0,269992.0,97.0
ins_216317079,269173.0,270166.0,85.0
ins_1003957818,269170.0,271072.0,37.0
ins_224182988,269173.0,270897.0,31.0
ins_403943844,269178.0,270957.0,41.0
ins_1348674524,269175.0,270049.0,91.0
ins_180271871,269177.0,270081.0,90.0
ins_981428435,269174.0,270791.0,33.0
ins_190786694,269228.0,269613.0,98.0
ins_325063309,269189.0,270145.0,87.0
ins_719096500,269176.0,270959.0,39.0
ins_593470137,269173.0,270054.0,89.0
ins_995204009,269174.0,271041.0,35.0
ins_567317269,269177.0,271069.0,33.0
ins_910592152,269186.0,270084.0,89.0
ins_132478108,269174.0,270071.0,90.0
ins_1018852511,269170.0,270999.0,38.0
ins_1348163730,269179.0,270112.0,92.0
ins_1345971926,269186.0,270786.0,35.0
ins_724281727,269179.0,270677.0,39.0
ins_322198947,269172.0,271006.0,36.0
ins_232787631,269175.0,269971.0,97.0
ins_577689090,269174.0,270122.0,95.0
ins_539252485,269174.0,270055.0,98.0
ins_666324707,269174.0,269667.0,86.0
ins_378832765,269177.0,269672.0,89.0
ins_505961133,269177.0,271487.0,49.0
ins_43015391,269175.0,271070.0,32.0
ins_1110053356,269175.0,269995.0,98.0
ins_802843481,269174.0,269568.0,85.0
ins_640867142,269186.0,270037.0,90.0
ins_772853485,269169.0,270858.0,39.0
ins_396299177,269174.0,270995.0,39.0
ins_1255862900,269172.0,270905.0,38.0
ins_620605483,269177.0,271025.0,36.0
ins_1336978195,269187.0,270688.0,37.0
ins_1300323388,269188.0,270107.0,91.0
ins_23779515,269203.0,270889.0,36.0
ins_1316729850,269173.0,270089.0,92.0
ins_739704219,269177.0,270718.0,37.0
ins_686791401,269203.0,270935.0,37.0
ins_881779765,269178.0,271068.0,37.0
ins_677360424,269176.0,269620.0,91.0
ins_204385656,269173.0,270065.0,98.0
ins_337349567,269178.0,271075.0,35.0
ins_673764334,269176.0,270230.0,90.0
ins_1127595635,269178.0,269630.0,88.0
ins_26426917,269174.0,270275.0,30.0
ins_1328737761,269173.0,271014.0,36.0
ins_459964124,269169.0,270103.0,90.0
ins_913565628,269177.0,270098.0,89.0
ins_1085307820,269170.0,270991.0,37.0
ins_480446050,269169.0,271011.0,36.0
ins_891375802,269172.0,271104.0,39.0
ins_892187902,269177.0,270670.0,36.0
ins_243433723,269170.0,270661.0,34.0
ins_1112419640,269177.0,270430.0,33.0
ins_542197399,269176.0,270245.0,98.0
ins_994887297,269176.0,270056.0,98.0
ins_539252563,269176.0,270166.0,89.0
ins_150748543,269170.0,270035.0,89.0
ins_675760117,269189.0,270053.0,98.0
ins_577594246,269176.0,270109.0,95.0
ins_1227152305,269203.0,270934.0,35.0
ins_174669980,269169.0,270989.0,36.0
ins_1002972154,269169.0,270238.0,33.0
ins_575270171,269176.0,270051.0,94.0
ins_1064444374,269177.0,270975.0,38.0
ins_34249495,269186.0,271045.0,37.0
ins_1345972123,269172.0,270663.0,34.0
ins_769572414,269189.0,271006.0,38.0
ins_650471206,269177.0,270050.0,89.0
ins_476816726,269182.0,270105.0,92.0
ins_433476254,269175.0,270271.0,31.0
ins_1202206656,269169.0,270086.0,91.0
ins_677220133,269170.0,270283.0,83.0
ins_490032334,269177.0,270941.0,40.0
ins_611916958,269172.0,270119.0,91.0
ins_190187851,269177.0,271130.0,37.0
ins_232787265,269174.0,270094.0,92.0
ins_1237424478,269187.0,270132.0,88.0
ins_7816577,269178.0,270159.0,97.0
ins_687396749,269174.0,270683.0,35.0
ins_647441922,269185.0,270730.0,35.0
ins_515940733,269177.0,270917.0,38.0
ins_965879115,269179.0,270910.0,36.0
ins_1288452123,269170.0,270939.0,35.0
ins_929363810,269173.0,270733.0,33.0
ins_70079505,269173.0,270078.0,93.0
ins_367908307,269176.0,270882.0,38.0
ins_665402364,269174.0,270756.0,34.0
ins_1174306239,269176.0,270706.0,34.0
ins_261440668,269176.0,270130.0,95.0
ins_557003206,269173.0,270919.0,39.0
ins_1247383522,269176.0,271034.0,36.0
ins_621288971,269177.0,270100.0,88.0
ins_267491288,269173.0,271886.0,48.0
ins_830303007,269170.0,270179.0,91.0
ins_216317001,269178.0,270128.0,91.0
ins_1273184055,269177.0,270081.0,95.0
ins_1076703410,269176.0,270083.0,96.0
ins_1010972249,269176.0,270823.0,38.0
ins_744606788,269176.0,270101.0,93.0
ins_434230828,269186.0,270981.0,36.0
ins_259816734,269174.0,270686.0,36.0
ins_1084027908,269172.0,270059.0,94.0
ins_457866717,269170.0,270057.0,86.0
ins_261441480,269172.0,270200.0,90.0
ins_841304433,269187.0,270933.0,39.0
ins_379159777,269170.0,270049.0,93.0
ins_884570374,269177.0,271006.0,35.0
ins_323556895,269173.0,270254.0,31.0
ins_434832141,269179.0,270806.0,37.0
ins_977002639,269173.0,270009.0,98.0
ins_576408597,269174.0,270937.0,39.0
ins_450460272,269173.0,269603.0,90.0
ins_1211349467,269170.0,270659.0,38.0
ins_424145805,269203.0,270289.0,89.0
ins_1280713256,269176.0,270652.0,39.0
ins_965880170,269176.0,270993.0,37.0
ins_670516335,269186.0,270910.0,41.0
ins_705751418,269176.0,270379.0,32.0
ins_759167729,269175.0,271079.0,36.0
ins_1166075779,269176.0,270948.0,38.0
ins_408697651,269172.0,270844.0,40.0
ins_276961975,269175.0,270954.0,40.0
ins_333667092,269178.0,270017.0,98.0
ins_295179073,269176.0,270033.0,86.0
ins_114491474,269177.0,270015.0,96.0
ins_378629485,269179.0,270084.0,89.0
ins_921221849,269176.0,270192.0,97.0
ins_921222780,269179.0,270048.0,97.0
ins_769572322,269169.0,270913.0,38.0
ins_123032780,269177.0,270617.0,38.0
ins_747050412,269173.0,270091.0,92.0
ins_1030426574,269170.0,269991.0,97.0
ins_78241978,269177.0,270974.0,39.0
ins_1300324193,269175.0,271048.0,35.0
ins_35410062,269174.0,270745.0,35.0
ins_43033076,269170.0,270963.0,38.0
ins_949093246,269179.0,270146.0,89.0
ins_1127595406,269175.0,269618.0,92.0
ins_44995258,269173.0,270136.0,86.0
ins_939399757,269169.0,270695.0,38.0
ins_403558140,269203.0,270972.0,37.0
ins_403828172,269169.0,270213.0,95.0
ins_232102479,269177.0,270039.0,89.0
ins_884059922,269170.0,270481.0,34.0
ins_593469872,269177.0,270944.0,38.0
ins_327331491,269170.0,270973.0,35.0
ins_1074728296,269178.0,270036.0,97.0
ins_585546940,269173.0,270725.0,36.0
ins_913566221,269173.0,270043.0,89.0
ins_1139717296,269173.0,270027.0,98.0
ins_408697239,269174.0,270728.0,37.0
ins_830303330,269176.0,270213.0,88.0
ins_216317764,269177.0,270086.0,90.0
ins_412541199,269170.0,270023.0,90.0
ins_687920438,269176.0,271002.0,35.0
ins_937199128,269170.0,269674.0,97.0
ins_876402635,269176.0,270752.0,33.0
ins_1061620392,269175.0,271039.0,39.0
ins_759373739,269176.0,270993.0,36.0
ins_260194526,269179.0,270679.0,37.0
ins_983113823,269172.0,271086.0,34.0
ins_359668776,269173.0,270157.0,85.0
ins_286555577,269177.0,270932.0,36.0
ins_851911767,269203.0,269609.0,93.0
ins_232787712,269174.0,270866.0,37.0
ins_1302377128,269179.0,270029.0,98.0
ins_352131882,269177.0,270263.0,31.0
ins_271529549,269175.0,271065.0,37.0
ins_162080002,269187.0,270755.0,36.0
ins_23780118,269177.0,270920.0,39.0
ins_576409207,269180.0,271017.0,35.0
ins_522337755,269186.0,270033.0,92.0
ins_317746926,269178.0,270958.0,37.0
ins_1054024615,269176.0,270732.0,35.0
ins_441017210,269176.0,270557.0,36.0
ins_929354662,269203.0,270682.0,37.0
ins_692677234,269173.0,270145.0,88.0
ins_295930562,269203.0,270726.0,35.0
ins_1119807620,269173.0,270701.0,37.0
ins_1110323063,269172.0,270109.0,97.0
ins_180271960,269174.0,270030.0,89.0
ins_1208935268,269177.0,269538.0,89.0
ins_27629375,269186.0,270089.0,93.0
ins_403940465,269169.0,270215.0,93.0
ins_5882744,269170.0,270085.0,88.0
ins_1120410767,269172.0,270093.0,87.0
ins_691518439,269173.0,270972.0,36.0
ins_7472472,269177.0,269525.0,97.0
ins_530572758,269172.0,270876.0,38.0
ins_1093458291,269173.0,270033.0,94.0
ins_965368575,269173.0,270206.0,88.0
ins_475690880,269169.0,270945.0,37.0
ins_1298067491,269170.0,270733.0,37.0
ins_542035937,269176.0,270064.0,91.0
ins_547529246,269173.0,270342.0,97.0
ins_1235362361,269169.0,271469.0,50.0
ins_920076102,269169.0,270029.0,93.0
ins_1288452526,269203.0,271034.0,36.0
ins_794454993,269173.0,270667.0,37.0
ins_810885193,269173.0,270324.0,90.0
ins_1135383777,269173.0,270761.0,36.0
ins_369234702,269170.0,271235.0,36.0
ins_1166075609,269169.0,270049.0,98.0
ins_911167927,269175.0,270058.0,89.0
ins_1338945070,269176.0,271012.0,34.0
ins_222517835,269179.0,270080.0,90.0
ins_243730690,269176.0,270008.0,97.0
ins_559483215,269175.0,270670.0,36.0
ins_515940907,269169.0,270747.0,37.0
ins_739704816,269170.0,270695.0,33.0
ins_495850765,269173.0,269591.0,95.0
ins_1064444519,269169.0,270852.0,37.0
ins_630895273,269177.0,270655.0,34.0
ins_469412422,269172.0,270245.0,34.0
ins_708790938,269174.0,269687.0,97.0
ins_648710133,269186.0,269693.0,95.0
ins_802418949,269176.0,270180.0,89.0
ins_287885713,269173.0,271187.0,35.0
ins_78241794,269176.0,270919.0,38.0
ins_1191705070,269186.0,270090.0,90.0
ins_352131397,269170.0,270269.0,30.0
ins_1262871701,269170.0,270952.0,35.0
ins_705751236,269170.0,270432.0,30.0
ins_757105729,269176.0,270686.0,35.0
ins_215836149,269170.0,270131.0,85.0
ins_546995996,269170.0,270702.0,36.0
ins_178472660,269178.0,270714.0,36.0
ins_1212269916,269176.0,270917.0,39.0
ins_884060008,269173.0,270549.0,30.0
ins_205737024,269177.0,271022.0,37.0
ins_741018640,269174.0,270731.0,35.0
ins_1207143575,269170.0,270895.0,37.0
ins_126489151,269175.0,270726.0,37.0
ins_1348163189,269177.0,270064.0,90.0
ins_379159575,269173.0,270976.0,39.0
ins_126344832,269186.0,270080.0,94.0
ins_353484622,269174.0,270841.0,34.0
ins_457867630,269175.0,270050.0,90.0
ins_891376326,269170.0,271191.0,37.0
ins_448432430,269181.0,271019.0,38.0
ins_724280940,269169.0,270727.0,35.0
ins_73490697,269169.0,270953.0,38.0
ins_1094893221,269186.0,270926.0,36.0
ins_677220295,269170.0,270260.0,91.0
ins_567317701,269174.0,271054.0,33.0
ins_547528760,269177.0,270399.0,90.0
ins_5883429,269175.0,271120.0,35.0
ins_628883929,269173.0,270414.0,31.0
ins_369235220,269173.0,271284.0,35.0
ins_1175437058,269204.0,270690.0,34.0
ins_840487975,269176.0,271019.0,35.0
ins_977001621,269173.0,270003.0,97.0
ins_1047217393,269170.0,270929.0,36.0
ins_937198607,269173.0,269727.0,86.0
ins_1100193229,269176.0,271084.0,38.0
ins_1346118669,269176.0,269610.0,97.0
ins_531775566,269170.0,269607.0,90.0
ins_323556813,269173.0,270234.0,32.0
ins_17580661,269177.0,270087.0,89.0
ins_1191705890,269174.0,270055.0,89.0
ins_259815592,269170.0,270747.0,34.0
ins_559482876,269170.0,270893.0,36.0
ins_369886391,269170.0,269542.0,94.0
ins_542036604,269176.0,269590.0,93.0
ins_159594287,269170.0,270005.0,89.0
ins_1127595172,269170.0,269598.0,96.0
ins_934694794,269186.0,270048.0,91.0
ins_119024318,269177.0,270882.0,38.0
ins_1202206967,269169.0,269970.0,94.0
ins_977002095,269187.0,270074.0,93.0
ins_242229466,269169.0,270232.0,33.0
ins_180094590,269179.0,270191.0,92.0
ins_1006468974,269187.0,269543.0,98.0
ins_278313846,269174.0,270060.0,88.0
ins_378629849,269173.0,270035.0,95.0
ins_911841645,269174.0,270689.0,35.0
ins_467279543,269179.0,270252.0,91.0
ins_450591509,269178.0,271293.0,36.0
ins_1109699255,269189.0,270919.0,37.0
ins_123033629,269176.0,270689.0,36.0
ins_1169964282,269170.0,271430.0,53.0
ins_1140331817,269176.0,269649.0,95.0
ins_1046835120,269170.0,269538.0,89.0
ins_1046835323,269174.0,269570.0,86.0
ins_434831990,269176.0,270763.0,36.0
ins_930783817,269170.0,270069.0,93.0
ins_558130927,269173.0,270077.0,91.0
ins_213903794,269169.0,270986.0,36.0
ins_1292153388,269176.0,270043.0,98.0
ins_1165264327,269170.0,270150.0,97.0
ins_433476171,269178.0,270290.0,31.0
ins_848020829,269170.0,270742.0,33.0
ins_287077153,269172.0,270867.0,38.0
ins_668338871,269174.0,271030.0,35.0
ins_106713487,269173.0,270657.0,33.0
ins_705751954,269174.0,271615.0,51.0
ins_1074508586,269169.0,270754.0,35.0
ins_747050493,269177.0,270064.0,93.0
ins_89149912,269174.0,270202.0,88.0
ins_43033147,269169.0,270902.0,37.0
ins_921221933,269173.0,270137.0,94.0
ins_116756557,269174.0,270754.0,34.0
ins_832547097,269177.0,270769.0,34.0
ins_133238244,269179.0,270693.0,36.0
ins_505961640,269173.0,271405.0,49.0
ins_174670273,269176.0,271052.0,35.0
ins_617715060,269186.0,270975.0,36.0
ins_514795315,269186.0,270227.0,34.0
ins_721513315,269173.0,271279.0,54.0
ins_1302377459,269169.0,269977.0,93.0
ins_728700376,269173.0,271020.0,39.0
ins_278315183,269187.0,270027.0,98.0
ins_1029164461,269175.0,270069.0,93.0
ins_261922736,269185.0,270100.0,84.0
ins_281729334,269173.0,270891.0,39.0
ins_281963871,269174.0,270977.0,38.0
ins_705751765,269176.0,271639.0,50.0
ins_1110322740,269203.0,270494.0,86.0
ins_170513949,269169.0,270143.0,98.0
ins_1120867033,269170.0,270100.0,83.0
ins_1237312335,269177.0,270143.0,91.0
ins_444439617,269204.0,270988.0,39.0
ins_412541656,269173.0,270060.0,92.0
ins_1217844357,269176.0,270130.0,93.0
ins_414502050,269170.0,269533.0,91.0
ins_841820348,269203.0,270687.0,34.0
ins_632092311,269170.0,270220.0,31.0
ins_376530100,269177.0,270164.0,86.0
ins_78241884,269189.0,270064.0,88.0
ins_611916262,269177.0,270895.0,38.0
ins_1174306610,269174.0,270681.0,39.0
ins_11970883,269176.0,271036.0,36.0
ins_884570740,269169.0,270964.0,38.0
ins_467203785,269173.0,270043.0,89.0
ins_977001700,269176.0,270020.0,90.0
ins_1211349817,269176.0,270668.0,36.0
ins_34259965,269185.0,271007.0,37.0
ins_414501179,269169.0,270024.0,88.0
ins_679153139,269169.0,269984.0,98.0
ins_900111504,269177.0,270706.0,37.0
ins_822047284,269177.0,270760.0,34.0
ins_569078231,269176.0,270101.0,85.0
ins_1290745495,269173.0,270575.0,29.0
ins_686791322,269173.0,270030.0,91.0
ins_1191519217,269177.0,270127.0,89.0
ins_1345776774,269203.0,270264.0,92.0
ins_196969227,269173.0,270043.0,92.0
ins_1299178300,269186.0,270006.0,98.0
ins_236414871,269175.0,270988.0,36.0
ins_434832310,269170.0,270100.0,91.0
ins_516154347,269186.0,270758.0,35.0
ins_1061611176,269173.0,270982.0,38.0
ins_331702718,269169.0,271027.0,36.0
ins_504230376,269170.0,271010.0,38.0
ins_457935628,269173.0,270682.0,35.0
ins_617715220,269174.0,271051.0,34.0
ins_69395048,269170.0,270005.0,94.0
ins_1272820113,269177.0,270050.0,88.0
ins_1047208994,269179.0,270093.0,91.0
ins_1227144516,269170.0,270968.0,34.0
ins_1306150129,269172.0,270720.0,34.0
ins_913879846,269174.0,270734.0,36.0
ins_539253053,269172.0,270886.0,40.0
ins_729525350,269173.0,270677.0,36.0
ins_104789619,269174.0,269547.0,93.0
ins_368426130,269172.0,270848.0,38.0
ins_957716070,269176.0,270705.0,35.0
ins_1006465696,269186.0,269603.0,94.0
ins_376598798,269176.0,270959.0,38.0
ins_630895423,269170.0,270659.0,37.0
ins_759373509,269176.0,270043.0,89.0
ins_368426620,269177.0,270941.0,40.0
ins_661002465,269175.0,270877.0,37.0
ins_1099880284,269177.0,270968.0,37.0
ins_297482854,269175.0,269633.0,97.0
ins_53603527,269187.0,269575.0,89.0
ins_240868816,269169.0,271438.0,51.0
ins_1288452363,269175.0,271091.0,34.0
ins_369894487,269175.0,269507.0,96.0
ins_886005749,269172.0,270723.0,34.0
ins_523768987,269174.0,270665.0,35.0
ins_963092580,269175.0,270958.0,35.0
ins_1245418679,269189.0,270109.0,94.0
ins_7769293,269170.0,269535.0,94.0
ins_515554678,269203.0,271049.0,37.0
ins_1265043538,269176.0,270185.0,90.0
ins_1265043764,269177.0,270657.0,37.0
ins_151433020,269185.0,270921.0,38.0
ins_124383208,269170.0,270977.0,36.0
ins_902381981,269173.0,270664.0,38.0
ins_902381640,269169.0,270660.0,38.0
ins_551260449,269173.0,270057.0,88.0
ins_1110331333,269170.0,270145.0,89.0
ins_1283069605,269187.0,270084.0,93.0
ins_966167315,269176.0,270961.0,37.0
ins_69395599,269186.0,270075.0,91.0
ins_849452097,269169.0,270920.0,38.0
ins_587275297,269170.0,270100.0,88.0
ins_829836416,269170.0,270128.0,88.0
ins_80729790,269169.0,270697.0,35.0
ins_995346475,269170.0,270043.0,95.0
ins_559482713,269173.0,270074.0,86.0
ins_558130834,269177.0,270066.0,87.0
ins_550730516,269170.0,270242.0,32.0
ins_730943976,269186.0,270076.0,92.0
ins_530572831,269170.0,271011.0,35.0
ins_369234789,269177.0,271221.0,37.0
ins_650471122,269204.0,270105.0,89.0
ins_123032852,269187.0,270774.0,34.0
ins_132547463,269203.0,270116.0,89.0
ins_1084703209,269173.0,270083.0,89.0
ins_1316729593,269175.0,271443.0,49.0
ins_83003914,269174.0,270730.0,36.0
ins_5657356,269169.0,270730.0,34.0
ins_386869398,269174.0,270777.0,34.0
ins_703360519,269173.0,270111.0,97.0
ins_875799694,269174.0,270693.0,37.0
ins_939399185,269177.0,270685.0,35.0
ins_97493407,269176.0,270651.0,37.0
ins_1320596350,269175.0,270736.0,35.0
ins_505479003,269177.0,270198.0,98.0
ins_885997053,269173.0,270729.0,34.0
ins_991332686,269170.0,270096.0,95.0
ins_353026927,269169.0,270079.0,95.0
ins_359669037,269176.0,270013.0,98.0
ins_1288754980,269185.0,270935.0,37.0
ins_1018539967,269179.0,270014.0,98.0
ins_232102765,269179.0,270118.0,91.0
ins_1018851585,269177.0,270962.0,36.0
ins_784352819,269179.0,271400.0,50.0
ins_895389426,269170.0,270110.0,87.0
ins_965496525,269177.0,269814.0,84.0
ins_286556045,269169.0,270084.0,94.0
ins_490031891,269169.0,270850.0,36.0
ins_866315662,269174.0,270156.0,95.0
ins_1174831950,269175.0,270114.0,86.0
ins_1318184401,269173.0,269609.0,90.0
ins_363676452,269173.0,270191.0,91.0
ins_531560276,269179.0,270065.0,93.0
ins_666325020,269179.0,269586.0,92.0
ins_1121241466,269176.0,270216.0,89.0
ins_109437008,269176.0,270040.0,94.0
ins_132547856,269169.0,270941.0,36.0
ins_1236820445,269176.0,269553.0,92.0
ins_1084028295,269177.0,270095.0,89.0
ins_271528724,269176.0,271017.0,34.0
ins_1062760284,269177.0,271021.0,36.0
ins_966167392,269169.0,270981.0,39.0
ins_824583989,269174.0,270745.0,35.0
ins_632092419,269173.0,270247.0,33.0
ins_477647469,269185.0,270039.0,94.0
ins_260195509,269169.0,270066.0,94.0
ins_322585518,269172.0,270074.0,94.0
ins_937516887,269173.0,271009.0,36.0
ins_234135735,269177.0,270015.0,95.0
ins_1201157458,269170.0,270681.0,34.0
ins_1046233565,269175.0,269590.0,94.0
ins_802835707,269172.0,269625.0,84.0
ins_1181560298,269177.0,271045.0,39.0
ins_685359659,269173.0,270684.0,35.0
ins_1348675543,269169.0,270078.0,93.0
ins_603670064,269175.0,270692.0,36.0
ins_399098122,269170.0,271039.0,39.0
ins_977001855,269170.0,269995.0,88.0
ins_947003424,269174.0,271438.0,51.0
ins_1338944629,269168.0,270926.0,39.0
ins_469944336,269173.0,271422.0,49.0
ins_691517991,269177.0,270999.0,37.0
ins_749824880,269170.0,271034.0,36.0
ins_561763284,269186.0,270728.0,36.0
ins_1255611547,269186.0,270694.0,36.0
ins_567573921,269177.0,270014.0,97.0
ins_1334106306,269177.0,270919.0,35.0
ins_611916793,269185.0,270979.0,36.0
ins_1328737939,269170.0,270972.0,36.0
ins_1180377523,269169.0,270675.0,36.0
ins_1278124046,269181.0,271087.0,34.0
ins_317747738,269173.0,270969.0,37.0
ins_433475710,269172.0,270221.0,33.0
ins_542197164,269179.0,270910.0,37.0
ins_1003957908,269176.0,270062.0,90.0
ins_1164109252,269181.0,269998.0,98.0
ins_713130208,269177.0,270722.0,35.0
ins_190329285,269186.0,270978.0,39.0
ins_724287848,269172.0,270696.0,34.0
ins_741019328,269203.0,270763.0,36.0
ins_1202206885,269177.0,270062.0,98.0
ins_384589536,269169.0,270685.0,35.0
ins_802234536,269170.0,269594.0,92.0
ins_994887944,269177.0,270749.0,35.0
ins_1202214164,269169.0,269917.0,96.0
ins_399098190,269179.0,270945.0,36.0
ins_628884016,269186.0,270443.0,30.0
ins_467288191,269177.0,270219.0,87.0
ins_190329801,269173.0,270879.0,38.0
ins_1267794976,269170.0,270013.0,88.0
ins_691517906,269179.0,270978.0,40.0
ins_913879759,269176.0,270975.0,38.0
ins_278314794,269186.0,270144.0,88.0
ins_379159362,269177.0,270856.0,37.0
ins_1000458674,269174.0,270033.0,88.0
ins_759373660,269172.0,270950.0,38.0
ins_1054024473,269172.0,270800.0,36.0
ins_647443252,269170.0,270674.0,35.0
ins_243433893,269173.0,270701.0,37.0
ins_721514221,269177.0,271430.0,49.0
ins_1140333006,269174.0,269654.0,94.0
ins_670516407,269169.0,270931.0,37.0
ins_824574780,269177.0,270723.0,35.0
ins_823641304,269173.0,270111.0,89.0
ins_747050939,269169.0,270052.0,93.0
ins_105118565,269170.0,270917.0,35.0
ins_1212270159,269203.0,271036.0,36.0
ins_1031063768,269176.0,270404.0,31.0
ins_93307413,269175.0,271053.0,34.0
ins_818773618,269179.0,270774.0,36.0
ins_858082673,269176.0,270786.0,35.0
ins_1288755229,269174.0,271010.0,37.0
ins_965496676,269170.0,269558.0,96.0
ins_297810068,269177.0,270835.0,39.0
ins_1098722999,269170.0,270092.0,88.0
ins_53603021,269170.0,270059.0,97.0
ins_687919562,269186.0,270938.0,40.0
ins_677833561,269174.0,271404.0,37.0
ins_668338419,269186.0,271037.0,36.0
ins_1193778744,269185.0,270412.0,33.0
ins_721087006,269179.0,270175.0,88.0
ins_442450347,269176.0,270697.0,36.0
ins_259816426,269175.0,270680.0,38.0
ins_626915257,269173.0,270038.0,97.0
ins_342795545,269169.0,270156.0,93.0
ins_622838017,269176.0,270231.0,91.0
ins_224182724,269174.0,270858.0,31.0
ins_744601079,269179.0,270040.0,94.0
ins_895686955,269182.0,270057.0,98.0
ins_1088589211,269169.0,270941.0,38.0
ins_561763513,269170.0,270966.0,37.0
ins_902381790,269175.0,270670.0,37.0
ins_289044020,269172.0,270062.0,89.0
ins_913880002,269173.0,270023.0,97.0
ins_531906279,269170.0,270550.0,31.0
ins_529967990,269186.0,270620.0,36.0
ins_1135383713,269186.0,270807.0,37.0
ins_1328738232,269170.0,270930.0,37.0
ins_1154044981,269170.0,270026.0,93.0
ins_159594099,269173.0,270956.0,42.0
ins_155063970,269170.0,271122.0,35.0
ins_1121347287,269185.0,270136.0,90.0
ins_71209784,269186.0,270698.0,35.0
ins_1030427182,269176.0,270105.0,94.0
ins_949093426,269176.0,270927.0,35.0
ins_759373825,269203.0,270966.0,36.0
ins_71208975,269186.0,270676.0,37.0
ins_449779917,269186.0,271022.0,37.0
ins_1173236105,269174.0,270978.0,38.0
ins_24085298,269170.0,270865.0,37.0
ins_1216720868,269173.0,270738.0,37.0
ins_674412966,269186.0,270883.0,39.0
ins_162079693,269173.0,270075.0,91.0
ins_674305193,269186.0,270958.0,36.0
ins_352131716,269170.0,270216.0,34.0
ins_1028344290,269179.0,270021.0,98.0
ins_504229897,269186.0,270167.0,88.0
ins_596115801,269173.0,270282.0,31.0
ins_459964803,269172.0,269955.0,97.0
ins_840023279,269173.0,270085.0,84.0
ins_633085456,269176.0,270986.0,36.0
ins_674908216,269170.0,270154.0,92.0
ins_531560350,269173.0,270231.0,89.0
ins_623388016,269177.0,269629.0,89.0
ins_363085943,269172.0,270951.0,38.0
ins_1099879915,269172.0,271080.0,34.0
ins_1140331909,269176.0,269671.0,88.0
ins_457866404,269170.0,270013.0,98.0
ins_1320757443,269172.0,270144.0,86.0
ins_571354110,269178.0,271035.0,39.0
ins_858083095,269170.0,270661.0,36.0
ins_116755927,269177.0,270724.0,36.0
ins_1092932522,269179.0,270696.0,36.0
ins_1018540343,269170.0,270953.0,37.0
ins_276961698,269174.0,270949.0,37.0
ins_98429024,269186.0,270090.0,92.0
ins_475690596,269173.0,270845.0,40.0
ins_79522733,269173.0,270005.0,98.0
ins_1288755064,269180.0,270955.0,36.0
ins_1272820481,269179.0,270076.0,89.0
ins_1163658311,269170.0,271105.0,35.0
ins_23449318,269172.0,269692.0,87.0
ins_650470544,269186.0,270318.0,93.0
ins_7769893,269174.0,269599.0,88.0
ins_1299177833,269174.0,270045.0,93.0
ins_154851671,269174.0,271006.0,35.0
ins_1182458425,269175.0,270286.0,31.0
ins_1293582599,269170.0,270032.0,94.0
ins_949093514,269170.0,270000.0,88.0
ins_1074727853,269179.0,270103.0,91.0
ins_1006476215,269173.0,269497.0,97.0
ins_11970634,269174.0,271085.0,35.0
ins_1237202340,269187.0,270027.0,95.0
ins_740714088,269170.0,270672.0,36.0
ins_430189127,269169.0,271616.0,52.0
ins_1328737270,269169.0,270899.0,36.0
ins_104788813,269176.0,271522.0,53.0
ins_162079900,269176.0,270045.0,90.0
ins_1145817198,269176.0,270767.0,39.0
ins_949731873,269173.0,270399.0,32.0
ins_287077395,269174.0,270860.0,39.0
ins_800426066,269172.0,270983.0,36.0
ins_883584615,269177.0,269612.0,89.0
ins_883584764,269186.0,269625.0,90.0
ins_1193142648,269174.0,270883.0,37.0
ins_457935464,269169.0,270682.0,37.0
ins_867776636,269176.0,270169.0,83.0
ins_394779945,269172.0,270001.0,97.0
ins_865683181,269187.0,270087.0,89.0
ins_531775312,269173.0,269610.0,92.0
ins_484897293,269170.0,270993.0,37.0
ins_1256138671,269203.0,270948.0,36.0
ins_1156103440,269176.0,269573.0,97.0
ins_849451936,269170.0,270839.0,37.0
ins_297276692,269170.0,270136.0,85.0
ins_547529330,269179.0,270349.0,91.0
ins_77878349,269175.0,270102.0,89.0
ins_252330007,269186.0,270147.0,91.0
ins_931394937,269188.0,270730.0,35.0
ins_27629197,269172.0,269520.0,93.0
ins_205736934,269178.0,270931.0,38.0
ins_1081815532,269178.0,270834.0,35.0
ins_205216161,269174.0,270220.0,86.0
ins_1290745749,269173.0,270478.0,32.0
ins_991332133,269173.0,271383.0,51.0
ins_17403396,269179.0,270183.0,94.0
ins_309858151,269189.0,270744.0,38.0
ins_934690597,269203.0,270067.0,95.0
ins_758700868,269177.0,270020.0,98.0
ins_556643068,269172.0,270242.0,33.0
ins_1193779455,269169.0,270401.0,32.0
ins_1180360057,269174.0,270667.0,37.0
ins_133238080,269177.0,271085.0,38.0
ins_190329551,269186.0,270296.0,96.0
ins_234135412,269176.0,270677.0,36.0
ins_459965244,269177.0,270037.0,98.0
ins_124383472,269189.0,271049.0,37.0
ins_232102607,269186.0,270038.0,93.0
ins_1194498282,269173.0,270665.0,37.0
ins_7473115,269176.0,269547.0,92.0
ins_152261140,269189.0,270659.0,36.0
ins_242230060,269180.0,270262.0,32.0
ins_901800426,269174.0,270950.0,38.0
ins_551723785,269177.0,270888.0,38.0
ins_1076544059,269174.0,270679.0,37.0
ins_784511100,269176.0,269576.0,97.0
ins_216469725,269173.0,270884.0,33.0
ins_1157920050,269173.0,270635.0,37.0
ins_476133217,269187.0,270086.0,87.0
ins_24085219,269172.0,270023.0,95.0
ins_1028969452,269176.0,270080.0,93.0
ins_204385585,269170.0,270711.0,36.0
ins_1003356964,269173.0,270967.0,35.0
ins_757104762,269179.0,270059.0,95.0
ins_665404901,269170.0,270907.0,38.0
ins_242229780,269178.0,270379.0,29.0
ins_353483736,269177.0,270796.0,35.0
ins_1076694941,269174.0,270151.0,89.0
ins_1208935025,269179.0,269591.0,91.0
ins_904245180,269476.0,270462.0,89.0
ins_245999043,269188.0,270943.0,38.0
ins_1130935577,269170.0,271029.0,36.0
ins_556641301,269174.0,270295.0,30.0
ins_901800331,269173.0,270993.0,37.0
ins_1013552193,269170.0,270950.0,37.0
ins_160872161,269175.0,270019.0,93.0
ins_195613803,269176.0,270995.0,37.0
ins_719096590,269178.0,270888.0,37.0
ins_205775642,269172.0,270598.0,38.0
ins_1201157672,269174.0,270715.0,34.0
ins_1140332560,269169.0,269656.0,92.0
ins_673767091,269173.0,270029.0,88.0
ins_281968178,269176.0,270959.0,38.0
ins_1061631112,269177.0,271092.0,35.0
ins_342795232,269172.0,270027.0,96.0
ins_141164987,269170.0,270053.0,94.0
ins_640867004,269177.0,270922.0,36.0
ins_1262871610,269170.0,270989.0,37.0
ins_661002215,269186.0,270886.0,37.0
ins_929657140,269170.0,270678.0,36.0
ins_593470306,269170.0,270913.0,39.0
ins_1081815615,269174.0,270076.0,89.0
ins_875799862,269179.0,270666.0,37.0
ins_1216721327,269177.0,270796.0,35.0
ins_1237312704,269186.0,270187.0,97.0
ins_109860665,269173.0,270042.0,89.0
ins_749171277,269174.0,270726.0,35.0
ins_1201157372,269172.0,270773.0,34.0
ins_97493000,269170.0,270688.0,36.0
ins_876402173,269175.0,270012.0,86.0
ins_394780337,269173.0,270087.0,89.0
ins_660176193,269173.0,270034.0,90.0
ins_190787332,269170.0,270350.0,88.0
ins_141164662,269169.0,270102.0,93.0
ins_846714311,269173.0,270443.0,30.0
ins_78242360,269175.0,270989.0,37.0
ins_116756060,269170.0,270641.0,35.0
ins_1193143331,269174.0,270947.0,33.0
ins_1094064600,269177.0,270651.0,37.0
ins_103846989,269179.0,270685.0,37.0
ins_768741892,269186.0,270650.0,37.0
ins_967315655,269173.0,270640.0,38.0
ins_768742485,269179.0,270733.0,37.0
ins_476816645,269179.0,270015.0,97.0
ins_119024900,269203.0,270870.0,40.0
ins_1334105251,269176.0,270989.0,36.0
ins_1226610470,269174.0,270255.0,33.0
ins_35410592,269170.0,270002.0,96.0
ins_638376700,269173.0,270994.0,40.0
ins_674305111,269176.0,271014.0,35.0
ins_243730399,269173.0,270087.0,98.0
ins_1081815963,269176.0,270923.0,35.0
ins_44995888,269175.0,270114.0,88.0
ins_708791253,269170.0,271429.0,36.0
ins_839890431,269173.0,270204.0,92.0
ins_452817769,269179.0,269998.0,97.0
ins_966168089,269179.0,270062.0,91.0
ins_449779825,269170.0,270956.0,37.0
ins_1208934745,269204.0,269649.0,89.0
ins_1072673092,269174.0,271304.0,52.0
ins_1316730219,269203.0,270072.0,97.0
ins_865842195,269170.0,270094.0,93.0
ins_920075929,269181.0,270099.0,90.0
ins_204385255,269176.0,269996.0,97.0
ins_322199111,269172.0,270005.0,95.0
ins_895686863,269173.0,270047.0,90.0
ins_414501414,269186.0,269625.0,87.0
ins_1194489468,269170.0,270729.0,35.0
ins_1127595102,269175.0,269622.0,92.0
ins_451746105,269176.0,270088.0,89.0
ins_531559768,269186.0,270090.0,86.0
ins_89150321,269178.0,270094.0,94.0
ins_186139521,269173.0,271602.0,53.0
ins_69395823,269187.0,270042.0,92.0
ins_353483819,269175.0,270908.0,33.0
ins_7995124,269176.0,269612.0,84.0
ins_617715141,269176.0,271036.0,35.0
ins_913880143,269173.0,270643.0,39.0
ins_73490777,269177.0,271040.0,36.0
ins_93308098,269169.0,271378.0,39.0
ins_358319577,269170.0,271091.0,35.0
ins_531091242,269175.0,271006.0,39.0
ins_1256138937,269178.0,270947.0,37.0
ins_378629397,269172.0,270089.0,92.0
ins_1121249669,269170.0,270177.0,93.0
ins_215937119,269173.0,270114.0,89.0
ins_1348674616,269476.0,270394.0,87.0
ins_1292153583,269179.0,270924.0,38.0
ins_1301447101,269175.0,270985.0,37.0
ins_674412729,269172.0,270874.0,39.0
ins_895687437,269177.0,270080.0,88.0
ins_396816384,269177.0,270701.0,34.0
ins_206547738,269173.0,270564.0,31.0
ins_1157919827,269179.0,270642.0,35.0
ins_105117740,269169.0,270836.0,38.0
ins_1030427088,269173.0,270079.0,89.0
ins_611313513,269175.0,270698.0,36.0
ins_205737286,269170.0,270934.0,38.0
ins_1110322113,269170.0,270229.0,97.0
ins_170514835,269174.0,270275.0,89.0
ins_884179786,269173.0,269604.0,92.0
ins_660289782,269175.0,270072.0,94.0
ins_1128568972,269175.0,270894.0,37.0
ins_442450576,269186.0,270685.0,35.0
ins_947829734,269203.0,270062.0,90.0
ins_964896451,269176.0,269555.0,91.0
ins_123863100,269175.0,270846.0,37.0
ins_737440908,269179.0,270796.0,35.0
ins_1237313094,269176.0,270133.0,94.0
ins_891376159,269170.0,270981.0,39.0
ins_1348163646,269172.0,270051.0,98.0
ins_756477097,269176.0,270763.0,40.0
ins_1345971145,269170.0,270673.0,37.0
ins_108975133,269179.0,271074.0,37.0
ins_929657580,269176.0,270746.0,34.0
ins_448432856,269176.0,270908.0,38.0
ins_1262870863,269173.0,271205.0,36.0
ins_810840355,269179.0,270695.0,35.0
ins_78242558,269169.0,270044.0,93.0
ins_660176023,269179.0,270085.0,87.0
ins_660289864,269177.0,270236.0,88.0
ins_802234780,269170.0,270108.0,94.0
ins_981428253,269176.0,270673.0,37.0
ins_621288806,269178.0,270757.0,33.0
ins_1166675386,269186.0,271014.0,36.0
ins_297483409,269170.0,271667.0,50.0
ins_214590213,269177.0,270018.0,97.0
ins_1120411004,269179.0,270130.0,90.0
ins_98916730,269170.0,269598.0,93.0
ins_180647271,269186.0,270149.0,90.0
ins_108974705,269179.0,270949.0,38.0
ins_937198940,269203.0,271365.0,38.0
ins_108831875,269176.0,271023.0,37.0
ins_708791170,269172.0,269696.0,92.0
ins_569077878,269169.0,270028.0,97.0
ins_739705191,269176.0,270698.0,36.0
ins_1301454733,269173.0,270942.0,39.0
ins_802418181,269172.0,270156.0,88.0
ins_459964990,269174.0,270045.0,88.0
ins_451746273,269189.0,270059.0,98.0
ins_840023366,269169.0,270229.0,94.0
ins_840694777,269177.0,270939.0,36.0
ins_384540453,269169.0,270705.0,36.0
ins_53125196,269170.0,270249.0,86.0
ins_53124947,269172.0,270190.0,91.0
ins_881779937,269173.0,270985.0,36.0
ins_1227144819,269175.0,270676.0,34.0
ins_297176871,269177.0,270263.0,90.0
ins_911459320,269170.0,270098.0,96.0
ins_965496739,269175.0,269605.0,97.0
ins_759979683,269170.0,270962.0,37.0
ins_323556413,269176.0,270215.0,33.0
ins_180054466,269173.0,270054.0,86.0
ins_1236820597,269176.0,270145.0,87.0
ins_866315171,269177.0,270213.0,94.0
ins_1030426904,269185.0,270023.0,93.0
ins_286555409,269170.0,270824.0,40.0
ins_79522972,269185.0,270093.0,91.0
ins_541281273,269175.0,270182.0,85.0
ins_1135383848,269174.0,270833.0,34.0
ins_1282468729,269179.0,270686.0,37.0
ins_469067080,269174.0,270096.0,92.0
ins_1211350307,269187.0,270992.0,37.0
ins_505478677,269170.0,270120.0,84.0
ins_7472830,269176.0,271462.0,51.0
ins_1302376902,269176.0,270026.0,95.0
ins_633085899,269174.0,271008.0,41.0
ins_640867350,269169.0,270657.0,36.0
ins_89150704,269170.0,270078.0,93.0
ins_415023660,269170.0,270050.0,93.0
ins_964896367,269177.0,269615.0,92.0
ins_587274644,269176.0,271342.0,53.0
ins_1092932278,269204.0,270695.0,36.0
ins_43032996,269179.0,270820.0,39.0
ins_1140332633,269175.0,269673.0,90.0
ins_1054024324,269179.0,270742.0,38.0
ins_675760040,269176.0,270080.0,85.0
ins_947636448,269203.0,270195.0,90.0
ins_674412654,269170.0,270950.0,38.0
ins_53011410,269186.0,270773.0,35.0
ins_1094892231,269175.0,270930.0,38.0
ins_576408892,269170.0,270956.0,36.0
ins_150749228,269170.0,270081.0,96.0
ins_43538774,269175.0,270184.0,92.0
ins_814347447,269176.0,270084.0,91.0
ins_1262871799,269172.0,271054.0,36.0
ins_1084027799,269175.0,270149.0,97.0
ins_278100796,269176.0,270158.0,91.0
ins_776740437,269170.0,270744.0,33.0
ins_1155993029,269170.0,270173.0,87.0
ins_913879673,269173.0,270911.0,37.0
ins_1121338943,269176.0,270266.0,88.0
ins_557445250,269173.0,270021.0,98.0
ins_450591682,269169.0,271279.0,37.0
ins_442450652,269177.0,270731.0,34.0
ins_603669892,269177.0,270941.0,37.0
ins_1257575944,269174.0,270892.0,40.0
ins_1255009391,269176.0,270626.0,38.0
ins_678038799,269176.0,270875.0,38.0
ins_291798879,269176.0,270103.0,90.0
ins_291800633,269177.0,269602.0,88.0
ins_359668070,269176.0,270139.0,89.0
ins_178472000,269185.0,270723.0,34.0
ins_769571879,269173.0,270833.0,39.0
ins_766702598,269173.0,270717.0,36.0
ins_529968684,269173.0,270683.0,35.0
ins_561763578,269173.0,270949.0,37.0
ins_1094893062,269177.0,270964.0,36.0
ins_1013551736,269176.0,270912.0,38.0
ins_369845944,269185.0,269531.0,96.0
ins_677833895,269185.0,271298.0,38.0
ins_1084441701,269175.0,270003.0,89.0
ins_772853878,269170.0,270939.0,35.0
ins_1345973131,269179.0,270096.0,97.0
ins_1058338564,269179.0,270838.0,38.0
ins_358320673,269174.0,270947.0,37.0
ins_513658028,269177.0,270100.0,89.0
ins_739106797,269173.0,270690.0,35.0
ins_820448518,269203.0,270892.0,38.0
ins_109868497,269170.0,270766.0,32.0
ins_1144140284,269175.0,270750.0,34.0
ins_309855077,269175.0,270696.0,38.0
ins_1173318579,269174.0,270978.0,32.0
ins_1088589124,269186.0,270904.0,38.0
ins_378629306,269176.0,270028.0,98.0
ins_728699763,269176.0,270742.0,36.0
ins_883760263,269173.0,270148.0,91.0
ins_1100193395,269175.0,269549.0,79.0
ins_32915577,269173.0,270894.0,39.0
ins_493885327,269174.0,270191.0,82.0
ins_1346119267,269169.0,270017.0,94.0
ins_992781306,269203.0,270146.0,89.0
ins_1130934831,269173.0,270936.0,40.0
ins_314124282,269174.0,270876.0,35.0
ins_640265259,269173.0,270684.0,37.0
ins_1081815786,269172.0,270949.0,34.0
ins_1239235123,269176.0,270731.0,34.0
ins_567316524,269169.0,271053.0,34.0
ins_28089981,269178.0,270141.0,93.0
ins_1002544520,269170.0,270144.0,90.0
ins_289043706,269186.0,270154.0,93.0
ins_98738361,269174.0,270234.0,97.0
ins_5658053,269176.0,270030.0,98.0
ins_713721938,269173.0,270056.0,87.0
ins_281729235,269172.0,270892.0,37.0
ins_467251905,269177.0,270871.0,35.0
ins_628883327,269169.0,270365.0,99.0
ins_34250288,269170.0,271001.0,37.0
ins_902381854,269177.0,270701.0,39.0
ins_388061899,269186.0,270309.0,30.0
ins_1076544138,269175.0,270028.0,95.0
ins_205215411,269176.0,270032.0,98.0
ins_759167555,269179.0,271376.0,35.0
ins_759979499,269173.0,270142.0,91.0
ins_1003356515,269177.0,270841.0,37.0
ins_1110064515,269173.0,270066.0,98.0
ins_1061619502,269170.0,270766.0,34.0
ins_849452399,269179.0,270084.0,93.0
ins_458617510,269179.0,270059.0,98.0
ins_846725888,269169.0,270398.0,31.0
ins_259815665,269179.0,270891.0,37.0
ins_412541567,269187.0,270053.0,94.0
ins_450461241,269176.0,269526.0,96.0
ins_1047505000,269173.0,271045.0,37.0
ins_89102701,269203.0,269597.0,97.0
ins_810874056,269186.0,270042.0,96.0
ins_1193778977,269169.0,270409.0,32.0
ins_322585610,269175.0,270929.0,41.0
ins_939399283,269187.0,270670.0,37.0
ins_867776929,269170.0,270135.0,94.0
ins_929363901,269169.0,270735.0,36.0
ins_1272998238,269174.0,269632.0,98.0
ins_225911501,269187.0,271321.0,53.0
ins_206547654,269203.0,270528.0,32.0
ins_597261364,269186.0,270912.0,40.0
ins_287077476,269176.0,270900.0,37.0
ins_403948819,269173.0,270172.0,88.0
ins_904234654,269174.0,270172.0,95.0
ins_1226609338,269173.0,270292.0,33.0
ins_213835747,269173.0,270029.0,98.0
ins_1208935435,269175.0,270059.0,98.0
ins_77879877,269179.0,270045.0,92.0
ins_17403498,269176.0,270198.0,89.0
ins_243433188,269170.0,270676.0,35.0
ins_957716144,269172.0,270985.0,38.0
ins_577689534,269172.0,270113.0,88.0
ins_1120866695,269175.0,270057.0,93.0
ins_458616600,269170.0,270644.0,39.0
ins_333667506,269177.0,269557.0,93.0
ins_1306068143,269173.0,270680.0,37.0
ins_43015470,269179.0,271017.0,36.0
ins_1074728378,269170.0,269530.0,87.0
ins_983713619,269169.0,270682.0,37.0
ins_144558876,269169.0,271343.0,53.0
ins_1320757210,269170.0,270074.0,90.0
ins_370395123,269186.0,269979.0,98.0
ins_921222404,269177.0,270196.0,89.0
ins_557445165,269176.0,270077.0,97.0
ins_1016304408,269172.0,270874.0,36.0
ins_558131023,269188.0,270078.0,88.0
ins_295178726,269186.0,270127.0,92.0
ins_1207143507,269174.0,271004.0,37.0
ins_744596564,269170.0,270040.0,94.0
ins_337349445,269170.0,270998.0,36.0
ins_679152220,269173.0,270111.0,93.0
ins_1130008741,269172.0,270725.0,34.0
ins_1328737195,269173.0,270809.0,38.0
ins_901800621,269186.0,270935.0,39.0
ins_947002505,269179.0,271447.0,51.0
ins_895388636,269169.0,271372.0,52.0
ins_766702377,269174.0,270666.0,38.0
ins_403557281,269175.0,271014.0,40.0
ins_1166075857,269172.0,270971.0,35.0
ins_396816566,269176.0,270731.0,36.0
ins_414501503,269179.0,270077.0,91.0
ins_651877648,269175.0,269997.0,98.0
ins_1084027703,269173.0,270094.0,92.0
ins_558971204,269174.0,270652.0,37.0
ins_432338540,269169.0,270642.0,38.0
ins_748508944,269179.0,270113.0,91.0
ins_32915985,269178.0,270962.0,37.0
ins_444439216,269176.0,270978.0,38.0
ins_495095466,269176.0,270948.0,36.0
ins_720904594,269177.0,269530.0,93.0
ins_630895621,269176.0,270677.0,37.0
ins_53124862,269186.0,270131.0,97.0
ins_98431335,269186.0,270688.0,36.0
ins_1208935113,269172.0,269614.0,93.0
ins_207701525,269174.0,270054.0,98.0
ins_178849364,269170.0,270095.0,98.0
ins_1144140978,269170.0,270741.0,37.0
ins_325062737,269175.0,270091.0,86.0
ins_103855174,269185.0,270734.0,35.0
ins_937199958,269172.0,271322.0,39.0
ins_818773534,269177.0,270789.0,35.0
ins_1018852612,269173.0,271153.0,34.0
ins_358320114,269179.0,270925.0,39.0
ins_829835333,269173.0,270088.0,92.0
ins_1046233415,269177.0,269606.0,98.0
ins_59806382,269175.0,270115.0,93.0
ins_1157919532,269177.0,270731.0,36.0
ins_629523420,269172.0,270891.0,36.0
ins_477646982,269175.0,270220.0,89.0
ins_1292682232,269169.0,270695.0,35.0
ins_1345973319,269169.0,270652.0,37.0
ins_883584547,269170.0,269608.0,90.0
ins_240948717,269179.0,270934.0,37.0
ins_432337803,269173.0,270729.0,35.0
ins_593470378,269186.0,270089.0,90.0
ins_369837840,269178.0,269543.0,92.0
ins_1334106489,269175.0,270943.0,36.0
ins_913879596,269170.0,270688.0,35.0
ins_1046233488,269176.0,269537.0,92.0
ins_1046234218,269204.0,269634.0,91.0
ins_323557147,269173.0,270314.0,29.0
ins_756477968,269169.0,270073.0,89.0
ins_1094892970,269179.0,271001.0,36.0
ins_286555494,269174.0,270905.0,37.0
ins_359667989,269202.0,270081.0,91.0
ins_1283070440,269173.0,270081.0,91.0
ins_1237423361,269173.0,269580.0,86.0
ins_1320757288,269176.0,270169.0,89.0
ins_1320603653,269176.0,270712.0,36.0
ins_327332273,269203.0,271056.0,35.0
ins_623387841,269177.0,270023.0,92.0
ins_851901790,269170.0,269557.0,94.0
ins_904226873,269179.0,270375.0,97.0
ins_1111778232,269176.0,269536.0,92.0
ins_1318779417,269177.0,270028.0,94.0
ins_670515957,269170.0,271018.0,37.0
ins_677360686,269204.0,269623.0,87.0
ins_34251925,269177.0,270975.0,38.0
ins_721514290,269203.0,271479.0,47.0
ins_865834284,269173.0,269968.0,98.0
ins_739704889,269176.0,270692.0,35.0
ins_104789540,269175.0,271812.0,49.0
ins_152260704,269173.0,270683.0,34.0
ins_1237423906,269172.0,270069.0,97.0
ins_281729515,269176.0,270960.0,37.0
ins_1076551586,269186.0,270682.0,38.0
ins_993162554,269178.0,270063.0,98.0
ins_412541474,269173.0,270033.0,97.0
ins_1065043296,269169.0,270682.0,37.0
ins_895388969,269177.0,270123.0,90.0
ins_1046835810,269176.0,269611.0,92.0
ins_1084444834,269187.0,270604.0,38.0
ins_214590044,269177.0,270721.0,36.0
ins_114264849,269186.0,270974.0,36.0
ins_396299459,269170.0,270720.0,35.0
ins_547528515,269177.0,270367.0,97.0
ins_190330377,269175.0,271009.0,39.0
ins_51878885,269179.0,270985.0,40.0
ins_1046233336,269179.0,269603.0,93.0
ins_611313596,269186.0,270630.0,38.0
ins_620606270,269174.0,270919.0,38.0
ins_195614370,269174.0,271048.0,38.0
ins_921649550,269175.0,270254.0,34.0
ins_630895708,269174.0,270724.0,36.0
ins_1292682845,269169.0,270649.0,37.0
ins_53124773,269179.0,270214.0,93.0
ins_53754944,269174.0,270826.0,38.0
ins_721513986,269176.0,269542.0,89.0
ins_495850236,269185.0,270251.0,97.0
ins_151433113,269174.0,270042.0,98.0
ins_1127595474,269186.0,269608.0,95.0
ins_170514918,269176.0,270212.0,90.0
ins_1256139016,269176.0,270905.0,37.0
ins_337349504,269177.0,271042.0,34.0
ins_412541116,269178.0,271021.0,35.0
ins_651877867,269170.0,270118.0,91.0
ins_403944466,269177.0,271012.0,36.0
ins_1112420128,269169.0,270420.0,33.0
ins_295248604,269173.0,270661.0,36.0
ins_749170814,269174.0,270648.0,38.0
ins_505961885,269172.0,270008.0,91.0
ins_115617811,269169.0,270053.0,94.0
ins_134965251,269188.0,270120.0,90.0
ins_243730883,269185.0,270036.0,97.0
ins_557445674,269177.0,270012.0,98.0
ins_53755025,269172.0,270900.0,36.0
ins_1256746395,269174.0,270698.0,37.0
ins_795055547,269170.0,269960.0,97.0
ins_669529035,269176.0,270301.0,30.0
ins_1058962272,269186.0,269655.0,92.0
ins_832547173,269176.0,270076.0,94.0
ins_687397956,269175.0,270745.0,33.0
ins_875800158,269177.0,270755.0,35.0
ins_307244420,269170.0,270848.0,37.0
ins_1100193473,269178.0,271009.0,41.0
ins_83004070,269176.0,270975.0,37.0
ins_115617896,269174.0,270100.0,93.0
ins_966167542,269189.0,271018.0,38.0
ins_215835892,269177.0,270200.0,86.0
ins_73490411,269169.0,271065.0,36.0
ins_1058963063,269170.0,269659.0,91.0
ins_30449435,269177.0,270137.0,91.0
ins_24085776,269170.0,270053.0,90.0
ins_1139716962,269179.0,270902.0,38.0
ins_408697709,269179.0,271084.0,37.0
ins_295930299,269186.0,270683.0,38.0
ins_7995607,269170.0,270082.0,94.0
ins_666324855,269173.0,269633.0,98.0
ins_867776541,269180.0,270038.0,93.0
ins_1046834617,269170.0,269555.0,90.0
ins_278314602,269177.0,270079.0,93.0
ins_370395472,269170.0,270075.0,90.0
ins_1182458574,269177.0,270276.0,32.0
ins_17403867,269176.0,270216.0,94.0
ins_795055944,269174.0,270055.0,98.0
ins_858082487,269173.0,270642.0,37.0
ins_287886152,269170.0,271193.0,36.0
ins_242228825,269169.0,270255.0,31.0
ins_1109691168,269170.0,270234.0,89.0
ins_232102547,269173.0,270090.0,86.0
ins_558130354,269189.0,270913.0,38.0
ins_114368829,269186.0,270068.0,93.0
ins_5882983,269177.0,270682.0,35.0
ins_213903645,269175.0,271015.0,34.0
ins_222517417,269203.0,270045.0,94.0
ins_1155883406,269170.0,269997.0,86.0
ins_450461150,269176.0,269531.0,87.0
ins_729525622,269176.0,270655.0,36.0
ins_1193779048,269203.0,270437.0,31.0
ins_992781553,269188.0,270145.0,90.0
ins_180272214,269172.0,270155.0,83.0
ins_1047504150,269170.0,270956.0,36.0
ins_623388678,269174.0,269613.0,93.0
ins_108831787,269176.0,270978.0,36.0
ins_467284753,269177.0,270189.0,91.0
ins_964896144,269174.0,269619.0,88.0
ins_32915082,269179.0,270107.0,91.0
ins_77883048,269176.0,270101.0,88.0
ins_1173260517,269169.0,270987.0,36.0
ins_966167091,269178.0,271013.0,35.0
ins_621288636,269170.0,270701.0,36.0
ins_768135949,269186.0,270986.0,37.0
ins_1288452278,269170.0,270986.0,35.0
ins_648709559,269170.0,269683.0,89.0
ins_104789391,269175.0,269564.0,95.0
ins_352131567,269174.0,270248.0,32.0
ins_757105397,269176.0,270117.0,93.0
ins_660289541,269189.0,270235.0,91.0
ins_314123594,269172.0,270058.0,93.0
ins_1000458839,269169.0,270028.0,97.0
ins_394781146,269178.0,270967.0,37.0
ins_1181560014,269189.0,270103.0,89.0
ins_1278124114,269170.0,269666.0,97.0
ins_1263768611,269180.0,270264.0,31.0
ins_305514140,269203.0,270718.0,35.0
ins_674907466,269173.0,270140.0,94.0
ins_23449391,269175.0,269678.0,93.0
ins_1155992561,269180.0,270147.0,92.0
ins_53125961,269175.0,270225.0,96.0
ins_1064444142,269174.0,270691.0,37.0
ins_881780685,269175.0,271022.0,37.0
ins_901800068,269174.0,270981.0,36.0
ins_1191695677,269170.0,269673.0,90.0
ins_504230234,269176.0,270115.0,89.0
ins_442450820,269173.0,270062.0,92.0
ins_1183451930,269175.0,270767.0,34.0
ins_1058338642,269174.0,270001.0,96.0
ins_1174305740,269174.0,269942.0,96.0
ins_449780438,269169.0,270198.0,91.0
ins_910603490,269173.0,269990.0,98.0
ins_1084444001,269186.0,270123.0,91.0
ins_515940472,269170.0,270777.0,35.0
ins_935212984,269170.0,270984.0,35.0
ins_935212761,269179.0,270895.0,38.0
ins_1002971756,269185.0,270290.0,30.0
ins_937198769,269187.0,271308.0,39.0
ins_174670049,269174.0,271422.0,36.0
ins_895687344,269170.0,270021.0,89.0
ins_895389504,269173.0,270050.0,93.0
ins_1074728464,269173.0,270107.0,86.0
ins_1288452792,269173.0,270967.0,38.0
ins_1016301023,269177.0,270955.0,40.0
ins_70078828,269186.0,270919.0,38.0
ins_929363230,269177.0,270687.0,35.0
ins_297176785,269172.0,270168.0,89.0
ins_551260371,269170.0,270893.0,35.0
ins_541281534,269170.0,270027.0,97.0
ins_1672948,269175.0,270832.0,34.0
ins_866315759,269173.0,270207.0,90.0
ins_677219339,269175.0,270164.0,91.0
ins_109867690,269170.0,270679.0,37.0
ins_23449544,269172.0,269669.0,89.0
ins_1265044064,269179.0,270628.0,38.0
ins_666962972,269179.0,271005.0,35.0
ins_399098331,269173.0,270765.0,35.0
ins_267490831,269169.0,269670.0,94.0
ins_921222325,269179.0,270241.0,87.0
ins_730944469,269176.0,269886.0,90.0
ins_98738188,269173.0,270123.0,90.0
ins_403557971,269186.0,270945.0,39.0
ins_841304177,269186.0,270003.0,95.0
ins_1158078557,269175.0,270123.0,90.0
ins_1076544558,269176.0,270737.0,35.0
ins_434230162,269179.0,271098.0,36.0
ins_895686603,269173.0,270104.0,86.0
ins_1065043694,269176.0,270687.0,36.0
ins_1155883570,269177.0,270142.0,87.0
ins_1119807334,269174.0,270827.0,33.0
ins_1257576339,269176.0,271145.0,36.0
ins_77873543,269173.0,270139.0,87.0
ins_1318176244,269174.0,270119.0,91.0
ins_911167852,269169.0,270109.0,95.0
ins_42513660,269172.0,270056.0,92.0
ins_69395675,269202.0,270110.0,84.0
ins_42513219,269170.0,270035.0,92.0
ins_1130934486,269186.0,271479.0,51.0
ins_379159464,269176.0,270909.0,36.0
ins_180139952,269174.0,270049.0,90.0
ins_480446268,269177.0,271008.0,35.0
ins_949093076,269173.0,270812.0,39.0
ins_1109699107,269177.0,270305.0,90.0
ins_1058338819,269174.0,270061.0,88.0
ins_132547938,269170.0,270981.0,38.0
ins_1088588646,269175.0,271033.0,37.0
ins_963092496,269176.0,271043.0,37.0
ins_884179228,269173.0,269548.0,96.0
ins_648709060,269173.0,271249.0,39.0
ins_865834134,269175.0,270091.0,98.0
ins_1166076022,269177.0,270960.0,37.0
ins_1157919755,269176.0,270726.0,35.0
ins_89102049,269170.0,269540.0,92.0
ins_315468408,269203.0,270078.0,98.0
ins_396298537,269174.0,270662.0,37.0
ins_547858902,269177.0,270070.0,90.0
ins_884571282,269173.0,270939.0,39.0
ins_547528834,269170.0,270343.0,94.0
ins_359668503,269170.0,270088.0,91.0
ins_922033474,269177.0,271471.0,51.0
ins_886005917,269188.0,270937.0,31.0
ins_495095394,269173.0,270938.0,35.0
ins_766703514,269203.0,270664.0,37.0
ins_278101125,269170.0,270107.0,90.0
ins_981428163,269169.0,270722.0,36.0
ins_1018851757,269187.0,271004.0,36.0
ins_949093161,269174.0,270049.0,98.0
ins_178850149,269175.0,270104.0,83.0
ins_1130934996,269174.0,271424.0,52.0
ins_26426662,269176.0,270279.0,32.0
ins_505478826,269175.0,270199.0,95.0
ins_820439773,269174.0,271010.0,36.0
ins_596115718,269176.0,270271.0,31.0
ins_30447752,269177.0,270063.0,86.0
ins_430188677,269174.0,271684.0,49.0
ins_531906565,269174.0,270525.0,32.0
ins_1256138072,269177.0,270840.0,36.0
ins_1076703698,269174.0,269987.0,88.0
ins_225911777,269176.0,270078.0,92.0
ins_1336978320,269179.0,270112.0,86.0
ins_1139717044,269173.0,270044.0,98.0
ins_1018540170,269170.0,271004.0,41.0
ins_758562643,269177.0,270167.0,87.0
ins_190187678,269176.0,271071.0,37.0
ins_1110323150,269175.0,270224.0,87.0
ins_1120410922,269173.0,270727.0,35.0
ins_1093459222,269173.0,270001.0,97.0
ins_794454547,269186.0,270707.0,33.0
ins_114264514,269176.0,270976.0,37.0
ins_376529879,269187.0,270032.0,95.0
ins_810883582,269173.0,271059.0,39.0
ins_739705044,269169.0,270663.0,37.0
ins_232787450,269175.0,270125.0,88.0
ins_469944646,269179.0,271366.0,50.0
ins_213835271,269174.0,270046.0,98.0
ins_895388802,269177.0,270065.0,89.0
ins_900111671,269204.0,271139.0,37.0
ins_484897536,269174.0,271002.0,35.0
ins_134965081,269177.0,270114.0,90.0
ins_1237202723,269177.0,270087.0,99.0
ins_297809827,269187.0,270206.0,98.0
ins_281729425,269188.0,270940.0,37.0
ins_1156103105,269172.0,269596.0,88.0
ins_476816798,269173.0,270999.0,34.0
ins_256011942,269179.0,271140.0,33.0
ins_947002245,269178.0,270949.0,37.0
ins_70529174,269173.0,270648.0,36.0
ins_317747587,269173.0,270983.0,37.0
ins_1028335306,269172.0,270935.0,38.0
ins_613250883,269176.0,270604.0,30.0
ins_1237312514,269177.0,270175.0,93.0
ins_105118482,269203.0,270067.0,91.0
ins_983713798,269169.0,270625.0,38.0
ins_287886061,269177.0,271371.0,36.0
ins_881780116,269178.0,271003.0,36.0
ins_442451239,269179.0,270660.0,37.0
ins_256011781,269173.0,270996.0,36.0
ins_215936541,269176.0,270125.0,95.0
ins_1299177666,269177.0,270092.0,90.0
ins_922034448,269185.0,270991.0,34.0
ins_729516678,269177.0,270619.0,37.0
ins_132477644,269170.0,270681.0,35.0
ins_1346118755,269169.0,269606.0,92.0
ins_1307958909,269186.0,270268.0,33.0
ins_468219435,269173.0,270671.0,36.0
ins_25376638,269175.0,270929.0,37.0
ins_32915813,269169.0,270896.0,39.0
ins_59806542,269176.0,270061.0,95.0
ins_851900156,269170.0,269584.0,93.0
ins_1191519673,269170.0,270068.0,93.0
ins_876402094,269169.0,270125.0,92.0
ins_363682407,269176.0,270056.0,91.0
ins_1348674337,269176.0,270056.0,89.0
ins_132477572,269170.0,270059.0,89.0
ins_134484998,269176.0,270247.0,86.0
ins_1031063613,269177.0,270410.0,31.0
ins_708791085,269203.0,271423.0,38.0
ins_162079805,269172.0,270647.0,38.0
ins_317747515,269170.0,270716.0,36.0
ins_1002685078,269173.0,269986.0,97.0
ins_190786774,269179.0,270832.0,33.0
ins_546988813,269179.0,270621.0,37.0
ins_213835595,269173.0,270064.0,95.0
ins_939400185,269172.0,270034.0,91.0
ins_737441073,269170.0,270785.0,33.0
ins_963092657,269175.0,270971.0,36.0
ins_1072674053,269189.0,270034.0,92.0
ins_30450247,269174.0,270046.0,98.0
ins_929363719,269176.0,270627.0,37.0
ins_1307958265,269177.0,269515.0,89.0
ins_1298067078,269174.0,270798.0,34.0
ins_28089602,269173.0,270101.0,98.0
ins_1028969058,269177.0,270193.0,92.0
ins_134485251,269170.0,270198.0,89.0
ins_333147544,269186.0,270039.0,98.0
ins_776731785,269172.0,270678.0,36.0
ins_444440389,269176.0,271000.0,36.0
ins_776731611,269174.0,270714.0,38.0
ins_575200218,269188.0,270154.0,94.0
ins_934699054,269186.0,270713.0,37.0
ins_98737785,269177.0,270534.0,89.0
ins_1336978130,269186.0,270646.0,36.0
ins_846726664,269173.0,270404.0,30.0
ins_315468483,269174.0,270694.0,34.0
ins_1145824719,269169.0,270967.0,38.0
ins_1265043616,269169.0,270027.0,95.0
ins_53755284,269174.0,270952.0,37.0
ins_469412619,269177.0,270231.0,32.0
ins_424145945,269173.0,270134.0,93.0
ins_921361504,269169.0,270025.0,95.0
ins_295248230,269188.0,270138.0,91.0
ins_623387924,269170.0,269589.0,98.0
ins_86995118,269173.0,270725.0,35.0
ins_333147644,269186.0,269545.0,93.0
ins_28090220,269186.0,270055.0,97.0
ins_154851433,269176.0,270922.0,38.0
ins_297483321,269175.0,271648.0,52.0
ins_830303241,269174.0,270237.0,87.0
ins_41682660,269175.0,270150.0,89.0
ins_190786868,269177.0,270355.0,89.0
ins_587274957,269173.0,270002.0,98.0
ins_53603264,269170.0,269511.0,90.0
ins_314124182,269170.0,270021.0,97.0
ins_422898241,269186.0,271060.0,36.0
ins_1282468441,269188.0,270810.0,33.0
ins_575270082,269176.0,270683.0,36.0
ins_1164116488,269176.0,270051.0,92.0
ins_51119948,269172.0,270046.0,88.0
ins_515940640,269187.0,270713.0,39.0
ins_505961061,269177.0,271430.0,50.0
ins_370395675,269170.0,270114.0,89.0
ins_638817912,269179.0,270079.0,92.0
ins_178849523,269179.0,270092.0,90.0
ins_141165434,269176.0,270083.0,87.0
ins_597261289,269175.0,271038.0,37.0
ins_832546789,269179.0,270732.0,36.0
ins_568110121,269176.0,271015.0,38.0
ins_876402548,269173.0,270091.0,98.0
ins_865834358,269175.0,270082.0,89.0
ins_504229985,269174.0,270138.0,96.0
ins_1062760847,269179.0,271071.0,37.0
ins_531559692,269170.0,270042.0,90.0
ins_674304813,269177.0,271011.0,36.0
ins_24085535,269170.0,270110.0,88.0
ins_839890652,269174.0,270246.0,87.0
ins_541281624,269176.0,270150.0,91.0
ins_205737448,269170.0,271012.0,37.0
ins_98916141,269170.0,270145.0,89.0
ins_1265043391,269176.0,270149.0,88.0
ins_70904945,269188.0,270689.0,36.0
ins_1180368644,269203.0,270707.0,35.0
ins_1216721253,269173.0,270747.0,36.0
ins_1130934648,269172.0,271571.0,48.0
ins_7994723,269169.0,269531.0,95.0
ins_1120866790,269174.0,270029.0,98.0
ins_1135384385,269174.0,270731.0,37.0
ins_687920110,269176.0,271026.0,37.0
ins_132548185,269176.0,270753.0,34.0
ins_216468993,269188.0,270893.0,37.0
ins_214590384,269177.0,270068.0,92.0
ins_713130367,269174.0,270662.0,36.0
ins_189649733,269177.0,270644.0,38.0
ins_1216721101,269170.0,270063.0,88.0
ins_1217844526,269177.0,270119.0,92.0
ins_983713352,269186.0,270691.0,37.0
ins_1226609413,269176.0,270280.0,32.0
ins_114264270,269170.0,270947.0,37.0
ins_353483561,269173.0,270775.0,38.0
ins_1010972167,269175.0,270679.0,37.0
ins_596116525,269174.0,270244.0,31.0
ins_995354967,269169.0,269980.0,98.0
ins_1046835901,269179.0,269559.0,87.0
ins_434373282,269179.0,270088.0,93.0
ins_802843249,269173.0,271272.0,53.0
ins_442450419,269176.0,270743.0,35.0
ins_1062760014,269178.0,271121.0,37.0
ins_467287369,269175.0,270181.0,90.0
ins_1002971906,269169.0,270243.0,32.0
ins_757105241,269179.0,270054.0,89.0
ins_758701371,269178.0,270039.0,91.0
ins_53011749,269176.0,270706.0,35.0
ins_677219825,269178.0,270334.0,87.0
ins_289043047,269176.0,270070.0,91.0
ins_116755648,269173.0,270022.0,98.0
ins_703176924,269175.0,270031.0,98.0
ins_546995229,269174.0,270624.0,39.0
ins_795055390,269170.0,270014.0,94.0
ins_342795628,269187.0,270098.0,97.0
ins_70905510,269174.0,270620.0,36.0
ins_1047505178,269173.0,270868.0,38.0
ins_931394538,269188.0,270721.0,35.0
ins_1211349640,269173.0,270678.0,38.0
ins_623387672,269177.0,269606.0,88.0
ins_846725130,269172.0,270390.0,31.0
ins_892188703,269178.0,270684.0,36.0
ins_272128310,269174.0,270230.0,88.0
ins_820448436,269178.0,271065.0,35.0
ins_1016548319,269179.0,270952.0,40.0
ins_1255851137,269176.0,271137.0,36.0
ins_51879665,269179.0,270755.0,34.0
ins_27486477,269170.0,270969.0,35.0
ins_240868907,269176.0,271110.0,36.0
ins_433475953,269189.0,270257.0,33.0
ins_384573258,269177.0,269984.0,98.0
ins_404918521,269173.0,270104.0,90.0
ins_530572686,269177.0,270922.0,36.0
ins_802234619,269189.0,269615.0,95.0
ins_205774745,269176.0,270746.0,34.0
ins_287885972,269180.0,271211.0,36.0
ins_739107038,269177.0,270945.0,37.0
ins_1318175801,269174.0,270050.0,90.0
ins_757105549,269176.0,270107.0,94.0
ins_1001396333,269187.0,270074.0,93.0
ins_315467986,269170.0,270661.0,36.0
ins_638818072,269174.0,270056.0,94.0
ins_1332641735,269169.0,270944.0,39.0
ins_1145817274,269175.0,270086.0,94.0
ins_195614147,269169.0,270063.0,94.0
ins_1094065551,269170.0,270651.0,37.0
ins_285792179,269170.0,271506.0,49.0
ins_547528601,269186.0,270440.0,96.0
ins_1121306545,269176.0,270199.0,88.0
ins_867776823,269186.0,270061.0,88.0
ins_720904976,269176.0,270060.0,93.0
ins_395467850,269173.0,270827.0,39.0
ins_603669574,269169.0,270965.0,37.0
ins_322199367,269173.0,271024.0,37.0
ins_51879816,269176.0,270110.0,83.0
ins_991332292,269174.0,270110.0,87.0
ins_651877795,269170.0,270005.0,92.0
ins_496363862,269177.0,270108.0,92.0
ins_493885162,269176.0,270007.0,91.0
ins_476816560,269172.0,270076.0,91.0
ins_195613886,269170.0,271022.0,34.0
ins_1334105983,269169.0,270958.0,39.0
ins_1338944855,269173.0,271053.0,36.0
ins_240869522,269170.0,271013.0,37.0
ins_748515937,269176.0,270077.0,90.0
ins_522338001,269170.0,270056.0,90.0
ins_1346118167,269173.0,270057.0,89.0
ins_216316918,269177.0,270070.0,92.0
ins_665401407,269178.0,270663.0,39.0
ins_802418650,269186.0,270254.0,93.0
ins_27486988,269174.0,270953.0,37.0
ins_430188600,269172.0,271779.0,47.0
ins_1155883821,269174.0,270057.0,97.0
ins_1018852206,269176.0,270929.0,36.0
ins_612906772,269170.0,270056.0,90.0
ins_1112419561,269179.0,270427.0,33.0
ins_1173227989,269179.0,271010.0,36.0
ins_729525485,269187.0,270605.0,37.0
ins_679153066,269178.0,269939.0,97.0
ins_638818141,269174.0,270035.0,93.0
ins_647441108,269191.0,270740.0,36.0
ins_531091419,269174.0,270967.0,38.0
ins_17579889,269179.0,270178.0,87.0
ins_617714980,269174.0,271053.0,33.0
ins_721897703,269176.0,270929.0,36.0
ins_947003338,269176.0,270866.0,37.0
ins_561763801,269179.0,271109.0,36.0
ins_243433533,269174.0,270680.0,36.0
ins_132547769,269179.0,270975.0,39.0
ins_126490705,269179.0,270736.0,36.0
ins_800426142,269170.0,271008.0,38.0
ins_949092409,269176.0,270909.0,36.0
ins_1047504910,269173.0,270982.0,38.0
ins_1119808239,269179.0,270663.0,36.0
ins_1263768199,269179.0,270263.0,31.0
ins_910592965,269174.0,270031.0,92.0
ins_1301454811,269172.0,270898.0,39.0
ins_281728988,269172.0,271073.0,35.0
ins_281962278,269170.0,270843.0,39.0
ins_196969519,269174.0,270684.0,37.0
ins_930784228,269173.0,269985.0,91.0
ins_496363778,269172.0,270127.0,93.0
ins_285787274,269173.0,269523.0,97.0
ins_180647126,269170.0,269991.0,98.0
ins_557003694,269170.0,271008.0,35.0
ins_295930476,269185.0,270729.0,34.0
ins_967316187,269189.0,270750.0,34.0
ins_1247383844,269176.0,270908.0,36.0
ins_1094064688,269169.0,270704.0,36.0
ins_1083895047,269177.0,270218.0,88.0
ins_1332640933,269177.0,271088.0,34.0
ins_1074728206,269174.0,270052.0,93.0
ins_207701877,269170.0,270062.0,92.0
ins_546997658,269173.0,270727.0,32.0
ins_216470121,269178.0,270062.0,94.0
ins_967316037,269176.0,270682.0,37.0
ins_180141636,269174.0,271168.0,37.0
ins_69395520,269174.0,270073.0,97.0
ins_1054024249,269174.0,270717.0,36.0
ins_415023374,269173.0,270117.0,90.0
ins_116755720,269174.0,270791.0,33.0
ins_523769161,269173.0,270705.0,36.0
ins_818774583,269179.0,270849.0,34.0
ins_206547489,269174.0,270645.0,29.0
ins_695397368,269176.0,270690.0,34.0
ins_965368289,269177.0,270299.0,84.0
ins_1247383763,269174.0,270956.0,36.0
ins_632091726,269176.0,270255.0,32.0
ins_668338649,269178.0,270691.0,36.0
ins_496277718,269179.0,270159.0,88.0
ins_322584561,269174.0,269988.0,97.0
ins_613250720,269173.0,270535.0,29.0
ins_457866484,269176.0,270069.0,87.0
ins_674908631,269175.0,270155.0,89.0
ins_678638747,269169.0,271142.0,39.0
ins_1211349904,269173.0,270667.0,35.0
ins_1221049706,269169.0,270029.0,95.0
ins_135117357,269177.0,270885.0,36.0
ins_829836095,269172.0,270089.0,94.0
ins_965368108,269174.0,270242.0,86.0
ins_921834645,269173.0,271280.0,36.0
ins_261922650,269175.0,270017.0,89.0
ins_558130646,269174.0,270894.0,38.0
ins_558970941,269176.0,270700.0,36.0
ins_178849196,269169.0,270032.0,91.0
ins_109866337,269170.0,270634.0,37.0
ins_180647055,269185.0,270022.0,92.0
ins_1326779144,269173.0,270075.0,92.0
ins_904235434,269173.0,270195.0,92.0
ins_797370012,269176.0,270384.0,31.0
ins_623551140,269179.0,270783.0,39.0
ins_297276979,269174.0,270097.0,87.0
ins_965879307,269177.0,270960.0,37.0
ins_621288891,269170.0,270745.0,34.0
ins_1048648866,269178.0,270042.0,92.0
ins_692677446,269179.0,270407.0,34.0
ins_965497049,269173.0,269602.0,97.0
ins_929656864,269179.0,269940.0,96.0
ins_271528807,269188.0,271065.0,35.0
ins_1101085520,269186.0,270239.0,33.0
ins_1018611372,269187.0,270997.0,37.0
ins_1264758083,269187.0,270759.0,35.0
ins_549537917,269173.0,270113.0,86.0
ins_721897433,269169.0,270939.0,38.0
ins_749828655,269177.0,271053.0,36.0
ins_720904517,269176.0,269625.0,88.0
ins_1283070515,269173.0,270076.0,89.0
ins_134965161,269170.0,269613.0,92.0
ins_17402917,269174.0,270274.0,86.0
ins_1239235478,269202.0,270670.0,37.0
ins_866314991,269178.0,270080.0,97.0
ins_1207135059,269172.0,270877.0,38.0
ins_207701608,269176.0,270010.0,93.0
ins_1227144590,269177.0,270717.0,35.0
ins_43015828,269177.0,271059.0,34.0
ins_243730595,269176.0,270052.0,93.0
ins_1267805777,269176.0,270051.0,85.0
ins_180143967,269176.0,270918.0,37.0
ins_222516964,269170.0,270011.0,94.0
ins_901800895,269204.0,270951.0,37.0
ins_674908387,269176.0,270224.0,90.0
ins_1288755310,269203.0,270986.0,36.0
ins_1001396048,269185.0,270047.0,91.0
ins_1157919898,269177.0,270100.0,92.0
ins_794454468,269174.0,270913.0,37.0
ins_1072672816,269173.0,270095.0,91.0
ins_207702755,269169.0,270024.0,97.0
ins_25376211,269175.0,270755.0,35.0
ins_25376721,269175.0,270676.0,36.0
ins_1256746640,269176.0,270693.0,34.0
ins_687920030,269187.0,270938.0,35.0
ins_756477322,269173.0,270948.0,34.0
ins_291803261,269170.0,270032.0,91.0
ins_174669916,269174.0,271027.0,35.0
ins_384524093,269203.0,270700.0,35.0
ins_1191066124,269173.0,271027.0,33.0
ins_1085307328,269170.0,270975.0,37.0
ins_639504572,269179.0,270968.0,38.0
ins_1193142876,269169.0,270849.0,39.0
ins_476816869,269204.0,270036.0,94.0
ins_1290745573,269179.0,270516.0,31.0
ins_557004123,269189.0,271567.0,51.0
ins_632091191,269187.0,270302.0,32.0
ins_205771535,269175.0,270692.0,35.0
ins_1267792490,269173.0,269952.0,96.0
ins_496276901,269179.0,270121.0,94.0
ins_1239234973,269179.0,270614.0,37.0
ins_841820699,269177.0,270754.0,35.0
ins_1064444302,269177.0,270078.0,91.0
ins_93307328,269179.0,271035.0,34.0
ins_63204330,269170.0,269956.0,97.0
ins_441017747,269177.0,270858.0,37.0
ins_1265043840,269172.0,270740.0,34.0
ins_132478439,269174.0,270056.0,89.0
ins_150749013,269175.0,270030.0,93.0
ins_196969802,269176.0,270043.0,88.0
ins_1012108236,269176.0,270958.0,35.0
ins_550729980,269176.0,270335.0,31.0
ins_895388720,269170.0,270125.0,90.0
ins_993162848,269173.0,270735.0,35.0
ins_695397657,269203.0,270806.0,33.0
ins_539935645,269172.0,270713.0,37.0
ins_216470203,269172.0,269521.0,92.0
ins_478166526,269170.0,270700.0,36.0
ins_721087763,269176.0,270155.0,86.0
ins_1255002512,269174.0,271014.0,38.0
ins_648511450,269177.0,269989.0,95.0
ins_1220116754,269185.0,271053.0,35.0
ins_123032926,269179.0,270760.0,36.0
ins_53755605,269174.0,270828.0,36.0
ins_469059574,269176.0,270020.0,97.0
ins_1082739219,269174.0,270028.0,98.0
ins_1081815700,269203.0,270916.0,37.0
ins_51878969,269170.0,270643.0,37.0
ins_1273183561,269172.0,270010.0,97.0
ins_737442015,269173.0,270832.0,32.0
ins_1293593721,269170.0,270017.0,96.0
ins_41683075,269179.0,270704.0,37.0
ins_686791253,269172.0,270049.0,90.0
ins_446489703,269176.0,269635.0,96.0
ins_108831960,269176.0,271085.0,36.0
ins_458617000,269176.0,270952.0,40.0
ins_730944226,269177.0,270924.0,37.0
ins_234135652,269174.0,270112.0,86.0
ins_1164109632,269170.0,270134.0,90.0
ins_516154633,269170.0,270816.0,31.0
ins_865834205,269178.0,269999.0,97.0
ins_626916071,269170.0,270090.0,98.0
ins_611916626,269179.0,270936.0,37.0
ins_1273183372,269178.0,270092.0,91.0
ins_703177224,269170.0,270095.0,87.0
ins_1083894965,269174.0,270173.0,96.0
ins_1280700010,269176.0,270717.0,35.0
ins_1082746691,269174.0,270085.0,83.0
ins_196969329,269175.0,269960.0,97.0
ins_278101252,269176.0,271004.0,36.0
ins_213835903,269204.0,270144.0,87.0
ins_468219850,269174.0,270778.0,32.0
ins_976704137,269174.0,270077.0,92.0
ins_829836174,269181.0,270069.0,94.0
ins_278100197,269175.0,269985.0,90.0
ins_77880618,269179.0,270030.0,95.0
ins_638376471,269177.0,270903.0,38.0
ins_434373672,269169.0,270844.0,39.0
ins_307244718,269172.0,270972.0,34.0
ins_388590237,269173.0,270225.0,98.0
ins_1348162598,269169.0,270014.0,93.0
ins_114265004,269182.0,270933.0,40.0
ins_124382341,269177.0,270923.0,37.0
ins_468219256,269176.0,270665.0,36.0
ins_747050570,269177.0,270040.0,91.0
ins_972686282,269188.0,270994.0,37.0
ins_900111839,269173.0,270801.0,36.0
ins_341547149,269179.0,270054.0,97.0
ins_1300324448,269173.0,270021.0,89.0
ins_1209405576,269177.0,270564.0,30.0
ins_1006466426,269178.0,269584.0,97.0
ins_1007242143,269204.0,270970.0,40.0
ins_665409082,269170.0,271022.0,35.0
ins_677360324,269173.0,269597.0,95.0
ins_981427991,269172.0,270795.0,36.0
ins_225912012,269170.0,271411.0,48.0
ins_629523103,269186.0,270949.0,35.0
ins_1239234830,269172.0,270204.0,90.0
ins_713130597,269179.0,270682.0,37.0
ins_448432253,269173.0,270970.0,38.0
ins_1263768458,269179.0,270247.0,31.0
ins_881780289,269177.0,271483.0,51.0
ins_5882901,269170.0,270662.0,34.0
ins_180646740,269174.0,270302.0,87.0
ins_459964905,269174.0,270126.0,91.0
ins_759167834,269174.0,270965.0,36.0
ins_607090088,269175.0,271062.0,36.0
ins_1012716867,269169.0,269969.0,98.0
ins_1029163719,269173.0,270002.0,93.0
ins_875800085,269173.0,270719.0,35.0
ins_993163020,269186.0,270746.0,34.0
ins_768742563,269176.0,270694.0,37.0
ins_1046233198,269170.0,269605.0,87.0
ins_367908475,269204.0,270950.0,37.0
ins_133237664,269177.0,270670.0,37.0
ins_660290022,269173.0,270211.0,86.0
ins_63204071,269172.0,270047.0,94.0
ins_981428521,269173.0,271054.0,39.0
ins_376529952,269186.0,270129.0,92.0
ins_134964762,269170.0,270090.0,90.0
ins_1211349730,269179.0,270052.0,98.0
ins_190329191,269170.0,270979.0,38.0
ins_1082746124,269176.0,270029.0,88.0
ins_272129196,269174.0,270736.0,36.0
ins_797370647,269170.0,270083.0,93.0
ins_1293600888,269172.0,270082.0,89.0
ins_1120410686,269176.0,270704.0,36.0
ins_432338949,269170.0,269973.0,97.0
ins_1013551888,269173.0,271003.0,35.0
ins_196969614,269203.0,269949.0,92.0
ins_1191695827,269185.0,269638.0,97.0
ins_639504220,269176.0,269997.0,98.0
ins_721087144,269170.0,270132.0,92.0
ins_43032836,269172.0,270901.0,38.0
ins_51189336,269173.0,270061.0,91.0
ins_549538091,269174.0,270064.0,94.0
ins_1318184060,269170.0,270037.0,95.0
ins_1336977308,269179.0,270695.0,37.0
ins_876402382,269177.0,270770.0,36.0
ins_947002331,269177.0,270869.0,38.0
ins_703176833,269186.0,269635.0,92.0
ins_748508400,269170.0,270083.0,85.0
ins_150749157,269172.0,270004.0,94.0
ins_290032380,269173.0,270194.0,91.0
ins_830499543,269186.0,270750.0,36.0
ins_516153690,269176.0,270750.0,35.0
ins_303845558,269175.0,270070.0,91.0
ins_620606190,269170.0,270056.0,92.0
ins_159593986,269170.0,271036.0,37.0
ins_352883082,269177.0,270782.0,35.0
ins_207701966,269175.0,270085.0,87.0
ins_1166675147,269180.0,270298.0,94.0
ins_758563205,269176.0,270127.0,92.0
ins_1072673181,269204.0,270037.0,98.0
ins_529746155,269172.0,270993.0,36.0
ins_881779855,269179.0,271018.0,37.0
ins_622837546,269174.0,270219.0,91.0
ins_957716506,269173.0,270702.0,33.0
ins_983113326,269179.0,270878.0,39.0
ins_395468228,269177.0,270088.0,93.0
ins_441017126,269177.0,270104.0,88.0
ins_1099880873,269174.0,270940.0,34.0
ins_947830707,269187.0,270096.0,91.0
ins_108832038,269186.0,271141.0,37.0
ins_150749298,269174.0,270085.0,93.0
ins_567317785,269176.0,271051.0,33.0
ins_285788017,269187.0,269616.0,98.0
ins_965368672,269172.0,270248.0,94.0
ins_629216118,269177.0,270049.0,91.0
ins_363680872,269177.0,270775.0,34.0
ins_685359411,269170.0,270104.0,98.0
ins_134964840,269174.0,270097.0,87.0
ins_108831355,269169.0,270935.0,37.0
ins_5657280,269178.0,270677.0,37.0
ins_929363528,269170.0,270692.0,35.0
ins_678638454,269175.0,271070.0,36.0
ins_1274443586,269169.0,270906.0,36.0
ins_643143253,269174.0,270884.0,38.0
ins_1272998425,269175.0,269660.0,87.0
ins_333148125,269176.0,270053.0,96.0
ins_86993968,269176.0,270012.0,97.0
ins_295178260,269177.0,270062.0,87.0
ins_1267794193,269175.0,270047.0,91.0
ins_1100186127,269176.0,271005.0,37.0
ins_213903310,269176.0,270732.0,36.0
ins_384565076,269177.0,270669.0,36.0
ins_1272357811,269179.0,270985.0,34.0
ins_134484753,269170.0,270193.0,88.0
ins_478166002,269169.0,270683.0,35.0
ins_759175342,269178.0,271074.0,36.0
ins_756477245,269169.0,270898.0,36.0
ins_677832736,269177.0,271029.0,35.0
ins_1130000476,269177.0,270668.0,36.0
ins_921648938,269172.0,270239.0,31.0
ins_141164815,269176.0,270026.0,91.0
ins_232102193,269186.0,270067.0,90.0
ins_205736835,269176.0,270946.0,37.0
ins_820448733,269180.0,270960.0,36.0
ins_333146994,269176.0,269583.0,93.0
ins_1038449046,269177.0,270650.0,37.0
ins_1345971835,269173.0,270785.0,35.0
ins_196969882,269186.0,270070.0,97.0
ins_515554973,269188.0,270948.0,37.0
ins_705751855,269176.0,271729.0,48.0
ins_724282371,269170.0,270646.0,38.0
ins_207702058,269170.0,269998.0,87.0
ins_243731144,269170.0,270071.0,90.0
ins_1191065928,269173.0,270307.0,98.0
ins_215835499,269177.0,270211.0,86.0
ins_1016548435,269177.0,271010.0,39.0
ins_1158079355,269186.0,270008.0,98.0
ins_1130009010,269187.0,271009.0,38.0
ins_7994796,269169.0,270068.0,93.0
ins_23779952,269185.0,270878.0,38.0
ins_205215788,269170.0,270005.0,90.0
ins_539935364,269173.0,270757.0,36.0
ins_525756699,269177.0,270718.0,36.0
ins_766702518,269170.0,270658.0,38.0
ins_180272393,269170.0,269608.0,91.0
ins_675759807,269170.0,270054.0,91.0
ins_1110322829,269174.0,270267.0,83.0
ins_921222242,269179.0,270186.0,91.0
ins_1166674723,269185.0,270131.0,90.0
ins_504230310,269179.0,270972.0,35.0
ins_376598643,269176.0,270079.0,92.0
ins_170514029,269174.0,270200.0,91.0
ins_367908964,269176.0,270097.0,90.0
ins_327332215,269176.0,270917.0,36.0
ins_243433806,269174.0,270759.0,34.0
ins_160872712,269169.0,269533.0,91.0
ins_802418084,269177.0,270114.0,97.0
ins_267491022,269179.0,269583.0,94.0
ins_1074508312,269177.0,270762.0,36.0
ins_1207143722,269176.0,271014.0,35.0
ins_109437161,269186.0,270391.0,90.0
ins_1292682768,269187.0,270037.0,92.0
ins_1273183756,269189.0,270091.0,92.0
ins_370396014,269169.0,270073.0,88.0
ins_449262661,269173.0,270932.0,38.0
ins_613251144,269180.0,270573.0,31.0
ins_1181560196,269174.0,271133.0,38.0
ins_965368862,269169.0,270213.0,94.0
ins_348852327,269186.0,269672.0,92.0
ins_895686768,269173.0,269992.0,92.0
ins_550730071,269173.0,270214.0,34.0
ins_196970427,269177.0,270087.0,84.0
ins_1298066996,269176.0,270810.0,35.0
ins_204385388,269188.0,270714.0,37.0
ins_947636365,269177.0,270132.0,97.0
ins_442450731,269174.0,270746.0,33.0
ins_108831444,269174.0,271115.0,35.0
ins_1098716888,269178.0,270069.0,97.0
ins_674413317,269176.0,270960.0,37.0
ins_1208935352,269175.0,269957.0,98.0
ins_369951789,269186.0,269566.0,89.0
ins_307244799,269174.0,270795.0,39.0
ins_369960029,269179.0,269552.0,91.0
ins_892188096,269177.0,270689.0,35.0
ins_1239385145,269169.0,270128.0,92.0
ins_991332215,269173.0,270040.0,93.0
ins_505961961,269178.0,271446.0,49.0
ins_73490627,269175.0,270956.0,41.0
ins_1154044909,269186.0,270040.0,89.0
ins_666324053,269174.0,269599.0,88.0
ins_849452468,269174.0,270951.0,35.0
ins_769572602,269172.0,270905.0,39.0
ins_802234111,269173.0,269527.0,94.0
ins_342795064,269172.0,270170.0,90.0
ins_884179385,269172.0,269528.0,98.0
ins_713722016,269169.0,270719.0,38.0
ins_123862584,269203.0,270112.0,90.0
ins_1093457989,269186.0,270889.0,39.0
ins_1221049865,269173.0,270068.0,93.0
ins_556643822,269176.0,270217.0,33.0
ins_558130742,269169.0,270092.0,93.0
ins_832546943,269189.0,270760.0,35.0
ins_558971078,269173.0,270134.0,94.0
ins_995346553,269170.0,270073.0,96.0
ins_638818003,269174.0,270039.0,89.0
ins_569077308,269174.0,270100.0,90.0
ins_839882767,269174.0,270273.0,85.0
ins_839882841,269172.0,270158.0,98.0
ins_840022672,269173.0,270029.0,97.0
ins_446488959,269176.0,269594.0,89.0
ins_27486818,269187.0,271071.0,36.0
ins_28090404,269178.0,270176.0,98.0
ins_272128732,269174.0,270686.0,37.0
ins_910007841,269170.0,270151.0,84.0
ins_577688780,269186.0,270076.0,89.0
ins_795055778,269185.0,270721.0,35.0
ins_1063903615,269177.0,269552.0,93.0
ins_515554600,269170.0,271058.0,36.0
ins_776740594,269175.0,270659.0,37.0
ins_759980359,269177.0,271080.0,37.0
ins_480446486,269177.0,270936.0,37.0
ins_1306043930,269169.0,270022.0,93.0
ins_830499726,269174.0,270675.0,37.0
ins_1175437592,269187.0,270702.0,36.0
ins_77874458,269173.0,270085.0,90.0
ins_674777308,269177.0,269619.0,91.0
ins_467317910,269173.0,270830.0,38.0
ins_69395901,269177.0,270076.0,93.0
ins_24085613,269170.0,270096.0,88.0
ins_59806038,269170.0,270093.0,86.0
ins_567573836,269172.0,270032.0,87.0
ins_901800528,269177.0,271018.0,37.0
ins_290115459,269176.0,270220.0,87.0
ins_190787165,269170.0,270148.0,88.0
ins_597261036,269186.0,271026.0,37.0
ins_740714262,269177.0,270641.0,40.0
ins_748515766,269177.0,270109.0,94.0
ins_287886784,269174.0,270542.0,31.0
ins_568745418,269170.0,271000.0,37.0
ins_35410451,269189.0,270642.0,37.0
ins_665407393,269170.0,270901.0,37.0
ins_558889923,269177.0,270738.0,35.0
ins_1347917500,269186.0,270173.0,91.0
ins_547528913,269176.0,270372.0,94.0
ins_1084028099,269178.0,270094.0,92.0
ins_539934976,269187.0,270694.0,36.0
ins_1255854677,269170.0,270079.0,88.0
ins_577594654,269177.0,270182.0,90.0
ins_930783975,269173.0,270919.0,36.0
ins_24086206,269172.0,270091.0,88.0
ins_622837143,269179.0,270191.0,96.0
ins_814347543,269178.0,270083.0,98.0
ins_448432167,269176.0,270906.0,37.0
ins_648966263,269179.0,270069.0,91.0
ins_342794540,269170.0,270106.0,89.0
ins_1348673841,269169.0,270653.0,37.0
ins_949732027,269176.0,270431.0,32.0
ins_1217844727,269176.0,270014.0,87.0
ins_607089673,269176.0,271033.0,34.0
ins_965879211,269173.0,270926.0,35.0
ins_322585271,269188.0,271087.0,39.0
ins_981428777,269169.0,270966.0,39.0
ins_515554754,269173.0,270906.0,38.0
ins_607090512,269177.0,270923.0,36.0
ins_1220117194,269178.0,270970.0,37.0
ins_531091077,269177.0,270952.0,38.0
ins_1247383675,269186.0,270942.0,35.0
ins_1012107992,269176.0,270879.0,37.0
ins_850061032,269204.0,270701.0,35.0
ins_1084447244,269169.0,270691.0,36.0
ins_260194613,269187.0,270125.0,94.0
ins_452823785,269177.0,270055.0,91.0
ins_687397114,269172.0,270002.0,92.0
ins_457866644,269176.0,270075.0,85.0
ins_295178890,269170.0,270077.0,91.0
ins_1334106143,269176.0,270737.0,35.0
ins_692677516,269186.0,270498.0,28.0
ins_516154538,269177.0,270855.0,35.0
ins_1094065040,269170.0,270093.0,92.0
ins_571353827,269176.0,270702.0,37.0
ins_1338944706,269170.0,270950.0,38.0
ins_542197932,269186.0,270253.0,91.0
ins_469944194,269170.0,269986.0,92.0
ins_749171190,269179.0,270663.0,38.0
ins_921361308,269173.0,270091.0,86.0
ins_291792244,269176.0,270139.0,92.0
ins_178472737,269178.0,270944.0,38.0
ins_531906079,269177.0,270543.0,32.0
ins_1216721024,269173.0,270818.0,33.0
ins_442450490,269178.0,270681.0,38.0
ins_204386191,269176.0,270092.0,92.0
ins_505478909,269173.0,270172.0,96.0
ins_648966819,269178.0,270049.0,89.0
ins_467285574,269173.0,270241.0,88.0
ins_640264679,269169.0,270718.0,36.0
ins_448432679,269178.0,270982.0,37.0
ins_1098717588,269179.0,270045.0,91.0
ins_272128488,269176.0,270788.0,34.0
ins_415023584,269187.0,270023.0,89.0
ins_261440515,269173.0,270213.0,91.0
ins_1207143796,269174.0,271053.0,37.0
ins_673766215,269176.0,270127.0,92.0
ins_1039051384,269177.0,270676.0,35.0
ins_370395848,269174.0,270055.0,89.0
ins_892188162,269172.0,270733.0,35.0
ins_1030426815,269176.0,270020.0,90.0
ins_966167469,269174.0,270890.0,37.0
ins_108975532,269179.0,270124.0,93.0
ins_1318779490,269170.0,269586.0,95.0
ins_567572838,269173.0,270101.0,89.0
ins_800425831,269170.0,270952.0,36.0
ins_587274723,269177.0,270046.0,87.0
ins_585546591,269186.0,270846.0,39.0
ins_1211350390,269169.0,270163.0,91.0
ins_1348674248,269176.0,270322.0,94.0
ins_7472541,269176.0,269538.0,93.0
ins_1003356797,269187.0,270922.0,39.0
ins_378832575,269178.0,269672.0,96.0
ins_287077066,269170.0,270912.0,39.0
ins_1302376703,269176.0,270059.0,88.0
ins_558970860,269176.0,270668.0,38.0
ins_115618209,269173.0,270652.0,37.0
ins_621774916,269173.0,271000.0,36.0
ins_79522659,269175.0,270099.0,97.0
ins_1251282390,269172.0,270719.0,35.0
ins_749837512,269177.0,270000.0,98.0
ins_1029164208,269179.0,270066.0,91.0
ins_1028335898,269176.0,270851.0,37.0
ins_719096166,269172.0,271022.0,34.0
ins_123863657,269174.0,270015.0,96.0
ins_53125878,269178.0,270153.0,97.0
ins_1016302744,269170.0,270876.0,38.0
ins_617715824,269173.0,271049.0,33.0
ins_1245419072,269203.0,270048.0,90.0
ins_1288452197,269203.0,271023.0,38.0
ins_467290567,269176.0,270227.0,88.0
ins_353026833,269170.0,270906.0,37.0
ins_1002544822,269177.0,270335.0,91.0
ins_278314991,269177.0,270031.0,98.0
ins_708791872,269177.0,269700.0,97.0
ins_51120300,269174.0,270055.0,92.0
ins_325062898,269179.0,270097.0,97.0
ins_17403015,269170.0,270202.0,95.0
ins_232787970,269187.0,269999.0,97.0
ins_224182111,269173.0,270930.0,40.0
ins_895687051,269175.0,270020.0,98.0
ins_739704971,269170.0,270694.0,36.0
ins_1347918932,269176.0,270742.0,34.0
ins_408697490,269186.0,270996.0,37.0
ins_315468324,269173.0,270720.0,35.0
ins_109436759,269186.0,270317.0,98.0
ins_1247986690,269172.0,270073.0,98.0
ins_1272998850,269173.0,270415.0,93.0
ins_353026519,269170.0,270957.0,39.0
ins_688234910,269176.0,270970.0,35.0
ins_458616848,269170.0,270666.0,36.0
ins_475690087,269174.0,270985.0,36.0
ins_53603709,269170.0,270085.0,90.0
ins_180272564,269170.0,270037.0,90.0
ins_295248685,269173.0,270967.0,38.0
ins_776731358,269176.0,270639.0,39.0
ins_1085307979,269180.0,271072.0,40.0
ins_976704705,269177.0,270006.0,86.0
ins_1154044666,269173.0,270033.0,93.0
ins_1180367711,269177.0,270682.0,37.0
ins_937274886,269178.0,270969.0,37.0
ins_1126123789,269173.0,269608.0,98.0
ins_622724361,269187.0,270105.0,91.0
ins_154851921,269175.0,271099.0,39.0
ins_1209406465,269187.0,270555.0,31.0
ins_660289465,269172.0,270196.0,92.0
ins_674413251,269186.0,270911.0,36.0
ins_1119808173,269173.0,270155.0,92.0
ins_430189703,269170.0,269599.0,88.0
ins_949732200,269173.0,270430.0,30.0
ins_322584467,269172.0,270945.0,35.0
ins_105118813,269177.0,270813.0,38.0
ins_206547331,269179.0,271291.0,38.0
ins_70079793,269179.0,270881.0,38.0
ins_135118254,269176.0,270039.0,97.0
ins_1028344200,269186.0,270416.0,84.0
ins_974961617,269170.0,270014.0,91.0
ins_670516622,269177.0,271021.0,36.0
ins_252411524,269176.0,270110.0,90.0
ins_378832299,269173.0,269675.0,89.0
ins_1208935190,269170.0,269596.0,92.0
ins_151432412,269173.0,270058.0,90.0
ins_1003957441,269170.0,271010.0,37.0
ins_159513419,269177.0,271184.0,39.0
ins_109436539,269173.0,270121.0,89.0
ins_841304346,269175.0,270141.0,87.0
ins_1120411085,269173.0,270694.0,35.0
ins_457934435,269186.0,270911.0,39.0
ins_1298067152,269170.0,270777.0,34.0
ins_922634815,269179.0,271064.0,38.0
ins_458616922,269174.0,270673.0,38.0
ins_567573289,269170.0,270140.0,85.0
ins_724285540,269185.0,270808.0,34.0
ins_674413044,269170.0,270972.0,36.0
ins_476817604,269176.0,270044.0,96.0
ins_297809306,269181.0,270913.0,37.0
ins_886006167,269174.0,270657.0,37.0
ins_290117130,269177.0,270179.0,97.0
ins_934693961,269174.0,270667.0,36.0
ins_5882663,269174.0,270657.0,36.0
ins_922634355,269170.0,270984.0,37.0
ins_1061618482,269176.0,270988.0,37.0
ins_7995368,269172.0,270031.0,91.0
ins_884570281,269174.0,270975.0,38.0
ins_162080276,269186.0,270742.0,34.0
ins_910008561,269176.0,271318.0,52.0
ins_994887124,269173.0,270896.0,38.0
ins_947636520,269173.0,270093.0,89.0
ins_820448267,269176.0,270643.0,38.0
ins_1100194283,269187.0,271007.0,39.0
ins_1166075536,269170.0,270986.0,34.0
ins_1154045053,269177.0,270046.0,95.0
ins_674305499,269173.0,271292.0,38.0
ins_747049903,269186.0,270072.0,90.0
ins_776731440,269169.0,270714.0,35.0
ins_1288755496,269178.0,270989.0,38.0
ins_430189055,269170.0,271755.0,49.0
ins_679152145,269173.0,270710.0,37.0
ins_911459411,269179.0,269610.0,91.0
ins_643142861,269173.0,271001.0,36.0
ins_587275471,269176.0,271468.0,49.0
ins_1336368483,269176.0,270042.0,92.0
ins_480446410,269170.0,271007.0,37.0
ins_577167723,269177.0,269589.0,98.0
ins_1264758600,269174.0,270714.0,34.0
ins_70079700,269177.0,270921.0,36.0
ins_922634726,269179.0,270059.0,91.0
ins_772853319,269170.0,270969.0,38.0
ins_93307242,269186.0,271293.0,40.0
ins_93308170,269179.0,271057.0,34.0
ins_611917139,269177.0,270941.0,35.0
ins_611916351,269170.0,270065.0,93.0
ins_947637235,269176.0,270068.0,90.0
ins_1083895407,269178.0,270239.0,90.0
ins_883760908,269172.0,270271.0,88.0
ins_1031064111,269174.0,270402.0,33.0
ins_457935271,269173.0,270049.0,93.0
ins_457935701,269203.0,270975.0,28.0
ins_80729960,269176.0,270686.0,36.0
ins_116755566,269177.0,270716.0,34.0
ins_530572613,269177.0,270117.0,94.0
ins_1245418762,269187.0,270078.0,93.0
ins_200380289,269179.0,271068.0,37.0
ins_981428075,269186.0,270993.0,37.0
ins_333147088,269176.0,269596.0,97.0
ins_648966417,269178.0,270031.0,99.0
ins_947637136,269177.0,270152.0,90.0
ins_823641489,269174.0,270085.0,87.0
ins_556639679,269176.0,270243.0,31.0
ins_89101961,269177.0,270301.0,93.0
ins_539253376,269169.0,270622.0,38.0
ins_1039042883,269176.0,270695.0,36.0
ins_150749369,269177.0,270102.0,93.0
ins_469412822,269203.0,270310.0,30.0
ins_1280712361,269204.0,270706.0,36.0
ins_1256746109,269180.0,270670.0,34.0
ins_451746187,269176.0,270048.0,87.0
ins_737440826,269173.0,270873.0,38.0
ins_737441930,269176.0,270953.0,36.0
ins_378832854,269189.0,269608.0,90.0
ins_1272819826,269177.0,269989.0,97.0
ins_1251282556,269176.0,271186.0,38.0
ins_267491383,269185.0,269563.0,97.0
ins_848029673,269177.0,270713.0,35.0
ins_1256138160,269169.0,270064.0,97.0
ins_467268210,269173.0,270084.0,90.0
ins_200380430,269176.0,270957.0,39.0
ins_930784479,269174.0,270073.0,89.0
ins_1164116394,269175.0,270143.0,98.0
ins_1301447179,269174.0,270078.0,93.0
ins_190329459,269170.0,270899.0,38.0
ins_352131637,269175.0,270229.0,33.0
ins_186139349,269169.0,271532.0,52.0
ins_492803591,269170.0,271597.0,50.0
ins_823641030,269179.0,270097.0,90.0
ins_159594674,269177.0,271000.0,36.0
ins_1173326807,269176.0,270928.0,38.0
ins_1128568530,269177.0,270935.0,38.0
ins_27629912,269177.0,270069.0,93.0
ins_297176036,269179.0,270150.0,92.0
ins_577593672,269186.0,270151.0,94.0
ins_303845478,269178.0,270056.0,91.0
ins_11970798,269188.0,271155.0,33.0
ins_531775755,269170.0,269575.0,97.0
ins_1328738336,269169.0,270950.0,34.0
ins_730944546,269176.0,270035.0,96.0
ins_901800156,269172.0,270956.0,38.0
ins_403944652,269188.0,271084.0,39.0
ins_480446202,269176.0,270943.0,37.0
ins_124383553,269176.0,270959.0,39.0
ins_629216268,269169.0,270062.0,93.0
ins_1272357534,269174.0,270892.0,36.0
ins_611313347,269173.0,270751.0,35.0
ins_1065043788,269180.0,270030.0,88.0
ins_196970337,269177.0,270069.0,91.0
ins_803225081,269203.0,270984.0,36.0
ins_325062979,269173.0,270024.0,92.0
ins_922634540,269172.0,271125.0,35.0
ins_1002677197,269174.0,270049.0,95.0
ins_1346118249,269178.0,270087.0,93.0
ins_394780260,269176.0,270049.0,89.0
ins_768742963,269170.0,270014.0,94.0
ins_983113488,269176.0,270973.0,37.0
ins_660175730,269174.0,270022.0,92.0
ins_1072673443,269169.0,271408.0,51.0
ins_388061192,269177.0,270204.0,31.0
ins_363086263,269174.0,270715.0,35.0
ins_705752058,269173.0,270455.0,33.0
ins_660175623,269177.0,270074.0,90.0
ins_651878201,269186.0,270088.0,89.0
ins_170514264,269176.0,270151.0,88.0
ins_1130934569,269172.0,270951.0,37.0
ins_297483224,269176.0,269608.0,87.0
ins_206547176,269173.0,270591.0,30.0
ins_404918736,269172.0,270046.0,98.0
ins_396816480,269173.0,270702.0,36.0
ins_396299270,269179.0,270686.0,36.0
ins_467195455,269170.0,270099.0,92.0
ins_180647193,269173.0,269961.0,92.0
ins_1201157293,269174.0,270688.0,37.0
ins_661002300,269178.0,270893.0,38.0
ins_1000459170,269175.0,270886.0,37.0
ins_190188183,269176.0,271008.0,36.0
ins_412541891,269173.0,269934.0,97.0
ins_415023449,269176.0,270128.0,93.0
ins_1247986101,269176.0,270056.0,88.0
ins_668338066,269169.0,270900.0,37.0
ins_1145824245,269176.0,271010.0,36.0
ins_493885583,269173.0,270045.0,98.0
ins_911842042,269175.0,270703.0,35.0
ins_974994237,269175.0,270111.0,91.0
ins_322585696,269176.0,270875.0,38.0
ins_597260580,269204.0,270762.0,34.0
ins_515940552,269176.0,270735.0,35.0
ins_1165265189,269177.0,270243.0,85.0
ins_325063143,269170.0,270066.0,87.0
ins_1174832503,269177.0,270963.0,35.0
ins_759980010,269174.0,270056.0,95.0
ins_480446560,269170.0,271023.0,34.0
ins_186139843,269188.0,271719.0,51.0
ins_1191519768,269169.0,270053.0,97.0
ins_748509020,269176.0,270134.0,89.0
ins_1272357904,269174.0,270812.0,38.0
ins_1320748540,269170.0,270015.0,87.0
ins_569078325,269177.0,270035.0,98.0
ins_539935432,269169.0,270699.0,36.0
ins_687920178,269173.0,270057.0,90.0
ins_724283918,269176.0,270785.0,33.0
ins_151433288,269176.0,270120.0,91.0
ins_295930189,269186.0,270732.0,35.0
ins_822047659,269174.0,270127.0,90.0
ins_1155882848,269173.0,270660.0,37.0
ins_124383023,269176.0,270963.0,36.0
ins_44995337,269177.0,270055.0,90.0
ins_577594746,269203.0,270227.0,88.0
ins_832547403,269170.0,270713.0,35.0
ins_728700214,269186.0,269572.0,89.0
ins_568742899,269174.0,270969.0,37.0
ins_124383294,269176.0,271039.0,36.0
ins_1345776863,269172.0,270096.0,96.0
ins_1216729808,269177.0,270746.0,36.0
ins_748974423,269173.0,270172.0,92.0
ins_829835916,269175.0,270040.0,98.0
ins_612907018,269174.0,270022.0,91.0
ins_891375980,269188.0,271100.0,37.0
ins_1673374,269189.0,270699.0,39.0
ins_810029052,269186.0,271056.0,36.0
ins_523769073,269175.0,269990.0,97.0
ins_1010972403,269177.0,270978.0,36.0
ins_368426447,269177.0,271009.0,35.0
ins_11970475,269169.0,269678.0,92.0
ins_261922391,269176.0,270033.0,88.0
ins_186139752,269186.0,271709.0,51.0
ins_965496441,269179.0,269557.0,87.0
ins_643143100,269186.0,270794.0,34.0
ins_1092932360,269173.0,270687.0,38.0
ins_840022485,269173.0,270344.0,88.0
ins_559482957,269172.0,270932.0,38.0
ins_114467316,269174.0,269985.0,98.0
ins_53125109,269181.0,270265.0,92.0
ins_1345138509,269174.0,270083.0,89.0
ins_358319736,269172.0,270936.0,39.0
ins_947636273,269176.0,270196.0,96.0
ins_155064208,269173.0,270775.0,33.0
ins_922034616,269173.0,270887.0,37.0
ins_1084703740,269173.0,271026.0,36.0
ins_1326779381,269176.0,270051.0,98.0
ins_1165264410,269177.0,270163.0,97.0
ins_369234070,269173.0,271388.0,37.0
ins_1002677362,269174.0,270117.0,93.0
ins_132548346,269169.0,270903.0,39.0
ins_297809572,269188.0,270888.0,37.0
ins_911167375,269173.0,270071.0,98.0
ins_174670124,269175.0,271036.0,34.0
ins_434832218,269174.0,270111.0,97.0
ins_884570548,269176.0,270932.0,37.0
ins_1008223801,269173.0,270183.0,94.0
ins_650470877,269175.0,270086.0,90.0
ins_216469806,269175.0,270944.0,35.0
ins_1272819567,269176.0,270101.0,97.0
ins_1292152876,269173.0,270914.0,37.0
ins_215835581,269173.0,270070.0,97.0
ins_1002677443,269180.0,270067.0,91.0
ins_369235134,269169.0,271301.0,39.0
ins_1255611615,269170.0,270699.0,37.0
ins_376530022,269175.0,270116.0,85.0
ins_151432925,269170.0,270802.0,38.0
ins_1111778998,269170.0,270033.0,89.0
ins_323557426,269170.0,270289.0,31.0
ins_525756770,269202.0,271009.0,38.0
ins_43538307,269173.0,270112.0,97.0
ins_297277778,269175.0,270105.0,93.0
ins_43539130,269175.0,270152.0,97.0
ins_468219164,269176.0,270859.0,37.0
ins_1288452708,269177.0,270894.0,38.0
ins_957112538,269170.0,270771.0,34.0
ins_748974516,269169.0,270194.0,91.0
ins_648709891,269169.0,271320.0,39.0
ins_1236820285,269173.0,269588.0,98.0
ins_1084442492,269169.0,270674.0,37.0
ins_28090577,269174.0,270059.0,89.0
ins_947830622,269174.0,270038.0,91.0
ins_1191066393,269177.0,270028.0,89.0
ins_98430573,269173.0,270694.0,35.0
ins_1018611138,269177.0,270783.0,37.0
ins_5658137,269186.0,270690.0,35.0
ins_515940822,269175.0,271191.0,37.0
ins_703177624,269173.0,270164.0,88.0
ins_679152070,269172.0,270694.0,36.0
ins_1029163810,269179.0,270099.0,92.0
ins_1065044376,269173.0,270642.0,38.0
ins_27629106,269179.0,270110.0,93.0
ins_1163656498,269170.0,271131.0,35.0
ins_69395750,269173.0,270077.0,88.0
ins_865683095,269170.0,270065.0,97.0
ins_883584405,269170.0,270067.0,90.0
ins_215835971,269187.0,270192.0,91.0
ins_638818216,269177.0,270882.0,40.0
ins_957716357,269170.0,270660.0,37.0
ins_678038713,269176.0,270899.0,37.0
ins_935212084,269189.0,271067.0,36.0
ins_1237423668,269174.0,269599.0,92.0
ins_557004190,269176.0,271017.0,38.0
ins_1083895494,269203.0,270290.0,85.0
ins_1345137329,269169.0,270803.0,39.0
ins_495850527,269173.0,270085.0,98.0
ins_685359489,269186.0,270679.0,37.0
ins_70080082,269170.0,270031.0,90.0
ins_559483368,269173.0,270047.0,98.0
ins_1273183957,269174.0,269983.0,97.0
ins_721898039,269172.0,271031.0,38.0
ins_449780346,269176.0,270146.0,91.0
ins_840488575,269176.0,271018.0,36.0
ins_695397565,269177.0,270717.0,35.0
ins_291797252,269173.0,270101.0,90.0
ins_369234955,269204.0,271252.0,36.0
ins_23780775,269174.0,270093.0,84.0
ins_1316729679,269169.0,271290.0,53.0
ins_1119807412,269180.0,270705.0,36.0
ins_703360922,269170.0,270152.0,92.0
ins_904244408,269175.0,270181.0,95.0
ins_931394851,269176.0,270669.0,34.0
ins_1202215023,269172.0,270068.0,83.0
ins_403944917,269170.0,270994.0,39.0
ins_114360625,269175.0,270099.0,88.0
ins_757104668,269177.0,270032.0,98.0
ins_848020568,269172.0,270731.0,34.0
ins_661001618,269188.0,270905.0,40.0
ins_493885414,269187.0,270020.0,92.0
ins_444439456,269173.0,270924.0,38.0
ins_742308137,269174.0,270020.0,98.0
ins_123032989,269176.0,270759.0,37.0
ins_802835536,269170.0,269529.0,93.0
ins_1318779346,269203.0,269622.0,94.0
ins_981428347,269186.0,270744.0,36.0
ins_902381713,269176.0,270688.0,39.0
ins_1007242547,269179.0,270867.0,38.0
ins_910008410,269176.0,270055.0,93.0
ins_542197544,269187.0,270897.0,38.0
ins_541281103,269173.0,270023.0,96.0
ins_1334106400,269177.0,270947.0,35.0
ins_86995046,269169.0,270749.0,36.0
ins_1332641486,269177.0,270721.0,38.0
ins_1000458761,269177.0,271530.0,49.0
ins_666962500,269185.0,270812.0,38.0
ins_232102346,269179.0,270076.0,97.0
ins_180094291,269173.0,270142.0,89.0
ins_86994905,269186.0,270747.0,35.0
ins_449262491,269169.0,270957.0,36.0
ins_388589903,269177.0,270963.0,35.0
ins_937517349,269170.0,271171.0,38.0
ins_886006253,269170.0,270679.0,37.0
ins_309857375,269179.0,269565.0,92.0
ins_23780677,269170.0,270821.0,37.0
ins_575270263,269176.0,270043.0,95.0
ins_505961557,269169.0,271428.0,50.0
ins_576408523,269185.0,270988.0,37.0
ins_1006474662,269186.0,270055.0,97.0
ins_236415023,269177.0,270925.0,36.0
ins_1003357129,269176.0,270898.0,37.0
ins_276962061,269169.0,270891.0,37.0
ins_967316114,269173.0,270638.0,36.0
ins_675759573,269173.0,270103.0,90.0
ins_703359996,269178.0,270148.0,94.0
ins_830499817,269178.0,270677.0,36.0
ins_957112456,269189.0,270099.0,92.0
ins_378832210,269177.0,269667.0,93.0
ins_551724274,269173.0,270965.0,37.0
ins_53603444,269186.0,269989.0,97.0
ins_639503667,269174.0,270909.0,34.0
ins_821037960,269180.0,270664.0,36.0
ins_1280701691,269170.0,270821.0,39.0
ins_551724799,269186.0,270998.0,37.0
ins_719096775,269173.0,270994.0,39.0
ins_1058963136,269180.0,269677.0,91.0
ins_721513834,269186.0,269555.0,91.0
ins_78242464,269172.0,271044.0,40.0
ins_678031426,269173.0,270925.0,36.0
ins_713129615,269169.0,270777.0,34.0
ins_290116314,269173.0,270179.0,88.0
ins_703360815,269170.0,270037.0,97.0
ins_1255612180,269174.0,269995.0,97.0
ins_648967363,269175.0,270007.0,86.0
ins_1299177923,269174.0,270079.0,93.0
ins_516154248,269176.0,270782.0,34.0
ins_633085154,269169.0,271066.0,36.0
ins_688227175,269176.0,270974.0,38.0
ins_1316729770,269179.0,271385.0,52.0
ins_378629764,269169.0,270104.0,93.0
ins_1346120074,269170.0,270123.0,87.0
ins_388589743,269179.0,270961.0,36.0
ins_7769811,269185.0,269624.0,94.0
ins_900111014,269177.0,270715.0,37.0
ins_670516545,269174.0,270915.0,39.0
ins_178471863,269177.0,270708.0,35.0
ins_109437086,269178.0,270139.0,95.0
ins_930784402,269173.0,270984.0,36.0
ins_703361216,269173.0,270186.0,93.0
ins_80729368,269176.0,270706.0,34.0
ins_703360617,269176.0,270185.0,87.0
ins_1306142024,269185.0,270679.0,36.0
ins_1255855536,269173.0,271070.0,37.0
ins_1332641325,269174.0,270748.0,37.0
ins_673768967,269176.0,269967.0,95.0
ins_547528684,269174.0,270436.0,85.0
ins_1345138253,269170.0,270947.0,34.0
ins_866315083,269173.0,270170.0,92.0
ins_155063787,269172.0,270685.0,38.0
ins_159594199,269173.0,270026.0,94.0
ins_170514178,269175.0,270219.0,91.0
ins_708791778,269177.0,269701.0,94.0
ins_648510963,269176.0,270943.0,36.0
ins_720904902,269177.0,269537.0,89.0
ins_648511545,269187.0,270925.0,36.0
ins_1046233643,269177.0,270058.0,90.0
ins_820439687,269179.0,270852.0,37.0
ins_666325193,269175.0,269583.0,89.0
ins_1272357631,269169.0,270854.0,39.0
ins_83004235,269186.0,271016.0,36.0
ins_756477175,269179.0,270138.0,88.0
ins_974977778,269174.0,270166.0,90.0
ins_315468241,269173.0,270750.0,34.0
ins_261922265,269170.0,269991.0,88.0
ins_1255612115,269186.0,270778.0,33.0
ins_577167878,269172.0,270056.0,92.0
ins_910008168,269176.0,271534.0,48.0
ins_1084703645,269179.0,270956.0,36.0
ins_851910922,269185.0,269590.0,97.0
ins_818774129,269177.0,271140.0,37.0
ins_1031063692,269177.0,270415.0,28.0
ins_551260755,269177.0,270858.0,37.0
ins_741019406,269177.0,270697.0,37.0
ins_1003156718,269176.0,271418.0,36.0
ins_685360315,269173.0,270796.0,33.0
ins_313438075,269172.0,270101.0,88.0
ins_810840432,269177.0,270644.0,37.0
ins_1008229815,269170.0,270166.0,90.0
ins_98915874,269203.0,269636.0,92.0
ins_1255002648,269175.0,270673.0,36.0
ins_295248151,269170.0,270044.0,96.0
ins_514795220,269175.0,270295.0,33.0
ins_126344579,269172.0,270021.0,93.0
ins_144559314,269175.0,271278.0,52.0
ins_433476099,269189.0,270299.0,32.0
ins_993162618,269176.0,270710.0,34.0
ins_705751322,269169.0,270328.0,34.0
ins_622837062,269172.0,270133.0,97.0
ins_70529702,269169.0,270724.0,35.0
ins_623550339,269176.0,270831.0,37.0
ins_751365722,269176.0,270022.0,98.0
ins_1084439999,269179.0,270769.0,35.0
ins_1155992345,269174.0,270272.0,93.0
ins_963092418,269175.0,270652.0,39.0
ins_1081815447,269172.0,270862.0,38.0
ins_1166675058,269179.0,270123.0,92.0
ins_1183451752,269176.0,270986.0,38.0
ins_675759954,269170.0,270704.0,35.0
ins_551724712,269169.0,270881.0,40.0
ins_638376774,269172.0,271066.0,36.0
ins_450461339,269174.0,269486.0,97.0
ins_724283112,269204.0,270674.0,38.0
ins_713721758,269170.0,270629.0,37.0
ins_43033220,269188.0,271013.0,36.0
ins_1282468796,269170.0,270731.0,36.0
ins_159513510,269174.0,271002.0,40.0
ins_358320039,269174.0,270071.0,98.0
ins_215936801,269169.0,270105.0,91.0
ins_353027108,269169.0,270030.0,95.0
ins_678638000,269174.0,271007.0,40.0
ins_225911633,269172.0,270043.0,91.0
ins_1245418318,269172.0,270118.0,84.0
ins_814347359,269169.0,270007.0,98.0
ins_622837620,269179.0,270189.0,90.0
ins_98915797,269170.0,269558.0,97.0
ins_367908135,269185.0,270909.0,37.0
ins_539934893,269177.0,271461.0,41.0
ins_377282680,269176.0,270050.0,98.0
ins_776731702,269175.0,270631.0,36.0
ins_469413403,269177.0,270322.0,30.0
ins_840694863,269176.0,270987.0,35.0
ins_795046871,269170.0,270705.0,37.0
ins_1155883326,269176.0,270084.0,98.0
ins_1209406295,269203.0,270573.0,29.0
ins_89149989,269175.0,270252.0,95.0
ins_977002714,269179.0,270117.0,92.0
ins_363086437,269177.0,271002.0,37.0
ins_1191697287,269187.0,270066.0,96.0
ins_314123989,269179.0,270047.0,96.0
ins_530572986,269189.0,270004.0,97.0
ins_1157919681,269186.0,270708.0,36.0
ins_1180369491,269179.0,270677.0,36.0
ins_1267793370,269177.0,270078.0,90.0
ins_629523726,269172.0,270925.0,35.0
ins_25377055,269174.0,270671.0,37.0
ins_1016548656,269170.0,270968.0,35.0
ins_648709640,269176.0,271256.0,38.0
ins_1101085923,269176.0,270267.0,31.0
ins_626912701,269177.0,270105.0,93.0
ins_1176266535,269170.0,270963.0,37.0
ins_449263227,269186.0,270882.0,37.0
ins_1100193311,269179.0,270957.0,39.0
ins_965496607,269186.0,269539.0,96.0
ins_53603089,269178.0,270087.0,91.0
ins_687396819,269177.0,270083.0,98.0
ins_687396961,269176.0,270738.0,34.0
ins_1191687597,269177.0,269612.0,91.0
ins_1220117267,269176.0,271067.0,36.0
ins_1307959514,269179.0,271198.0,51.0
ins_305513690,269170.0,270084.0,91.0
ins_647363934,269174.0,270712.0,34.0
ins_1336977933,269187.0,270677.0,37.0
ins_797375198,269175.0,270337.0,31.0
ins_1047209084,269173.0,271030.0,35.0
ins_1130009265,269170.0,270677.0,35.0
ins_272128401,269175.0,270817.0,34.0
ins_1292681988,269170.0,270135.0,92.0
ins_587275381,269174.0,269978.0,91.0
ins_802234375,269170.0,269533.0,90.0
ins_542036373,269204.0,269635.0,92.0
ins_323557057,269170.0,270253.0,33.0
ins_721897956,269186.0,270975.0,36.0
ins_1345973227,269170.0,270666.0,36.0
ins_216316760,269177.0,270074.0,98.0
ins_729525278,269178.0,270658.0,37.0
ins_171067274,269177.0,270033.0,98.0
ins_674777148,269170.0,269610.0,90.0
ins_542198021,269170.0,270094.0,89.0
ins_1345776425,269170.0,270089.0,95.0
ins_994886848,269173.0,270780.0,31.0
ins_457866563,269170.0,270076.0,92.0
ins_648966499,269177.0,270053.0,85.0
ins_531091157,269174.0,270983.0,34.0
ins_818774505,269174.0,271063.0,39.0
ins_884179457,269173.0,269603.0,88.0
ins_1318779027,269173.0,269601.0,98.0
ins_1347918126,269176.0,270108.0,89.0
ins_1058347270,269181.0,270093.0,90.0
ins_513658342,269173.0,270625.0,37.0
ins_486251366,269176.0,269978.0,97.0
ins_611314326,269177.0,269974.0,97.0
ins_490031625,269176.0,270985.0,38.0
ins_974985896,269174.0,270110.0,91.0
ins_596116045,269176.0,270247.0,32.0
ins_1029163893,269186.0,270068.0,89.0
ins_256011484,269177.0,270969.0,36.0
ins_408697405,269174.0,270926.0,37.0
ins_758563122,269174.0,270234.0,83.0
ins_224183217,269179.0,271031.0,36.0
ins_531775484,269170.0,269608.0,93.0
ins_557445596,269174.0,270866.0,36.0
ins_666325102,269172.0,269574.0,93.0
ins_995354825,269179.0,270050.0,92.0
ins_180094135,269173.0,270161.0,97.0
ins_669528706,269173.0,270276.0,31.0
ins_225911312,269169.0,271419.0,49.0
ins_25377129,269169.0,270702.0,37.0
ins_126345379,269173.0,270022.0,94.0
ins_342795464,269170.0,270148.0,93.0
ins_243730311,269175.0,270082.0,91.0
ins_267490926,269179.0,269575.0,91.0
ins_687919953,269170.0,271035.0,38.0
ins_977001533,269172.0,269983.0,98.0
ins_222517274,269170.0,270023.0,91.0
ins_1082746218,269176.0,270098.0,90.0
ins_949093329,269173.0,270013.0,90.0
ins_1191519867,269176.0,270035.0,90.0
ins_1251282321,269170.0,270939.0,39.0
ins_529968367,269173.0,271017.0,38.0
ins_913565242,269170.0,270741.0,35.0
ins_1166075699,269203.0,270952.0,36.0
ins_1155883740,269186.0,270737.0,34.0
ins_215836063,269172.0,270152.0,93.0
ins_270731608,269169.0,270070.0,92.0
ins_1047217483,269170.0,270964.0,37.0
ins_261440424,269186.0,270267.0,88.0
ins_1264757905,269189.0,270742.0,33.0
ins_1345776044,269169.0,270154.0,93.0
ins_1030426500,269173.0,270090.0,86.0
ins_196755651,269169.0,270820.0,37.0
ins_539935857,269174.0,270777.0,34.0
ins_303845402,269173.0,270069.0,89.0
ins_1278124344,269169.0,270980.0,36.0
ins_403943945,269178.0,270045.0,96.0
ins_116755993,269175.0,270707.0,35.0
ins_920076014,269173.0,270088.0,93.0
ins_802835621,269170.0,269559.0,88.0
ins_551260102,269172.0,270874.0,38.0
ins_802418867,269174.0,270138.0,92.0
ins_757105162,269177.0,270127.0,88.0
ins_323557239,269176.0,270226.0,32.0
ins_1165264714,269174.0,270128.0,97.0
ins_434230472,269172.0,270984.0,36.0
ins_551724619,269176.0,271001.0,38.0
ins_281967318,269189.0,271025.0,36.0
ins_44995646,269170.0,270101.0,90.0
ins_756477577,269176.0,270846.0,37.0
ins_1247986017,269170.0,270960.0,37.0
ins_797371290,269177.0,270379.0,33.0
ins_515940391,269187.0,270824.0,34.0
ins_768135870,269174.0,270968.0,36.0
ins_531775939,269174.0,269628.0,91.0
ins_934703867,269173.0,270023.0,90.0
ins_802419104,269177.0,270120.0,92.0
ins_741018865,269176.0,270601.0,37.0
ins_1283069529,269174.0,270692.0,37.0
ins_1111778674,269173.0,269993.0,98.0
ins_1255611396,269174.0,270917.0,30.0
ins_5883367,269172.0,270704.0,33.0
ins_98433021,269176.0,270961.0,37.0
ins_963092337,269179.0,271047.0,34.0
ins_1144140914,269203.0,271085.0,38.0
ins_105118647,269170.0,270773.0,38.0
ins_648511358,269170.0,270993.0,39.0
ins_348851890,269177.0,271617.0,52.0
ins_539935504,269170.0,271037.0,37.0
ins_1139717386,269179.0,270112.0,93.0
ins_243730499,269170.0,270117.0,96.0
ins_741018713,269174.0,270584.0,36.0
ins_1135383657,269179.0,270733.0,36.0
ins_1165264895,269173.0,270198.0,92.0
ins_155064055,269177.0,270737.0,34.0
ins_513658590,269186.0,270736.0,34.0
ins_468219074,269174.0,270657.0,35.0
ins_1209406222,269176.0,270659.0,28.0
ins_44995488,269176.0,270069.0,97.0
ins_17579806,269179.0,271390.0,50.0
ins_98737946,269175.0,270193.0,86.0
ins_23779779,269170.0,270831.0,39.0
ins_216316610,269186.0,270027.0,93.0
ins_617715296,269175.0,271001.0,36.0
ins_824584817,269179.0,270724.0,34.0
ins_444439294,269176.0,270937.0,37.0
ins_51120215,269176.0,270083.0,91.0
ins_758701192,269176.0,270279.0,88.0
ins_1299177434,269172.0,270112.0,90.0
ins_549537633,269179.0,270727.0,35.0
ins_995345925,269185.0,271000.0,38.0
ins_1216720447,269169.0,270718.0,37.0
ins_80729709,269174.0,270698.0,34.0
ins_1094064949,269170.0,270764.0,33.0
ins_27487227,269174.0,270940.0,41.0
ins_947636696,269179.0,270127.0,97.0
ins_1310404036,269174.0,270689.0,36.0
ins_1002970928,269176.0,270279.0,32.0
ins_1127595547,269186.0,269641.0,90.0
ins_1226609255,269170.0,270247.0,33.0
ins_821038029,269176.0,270763.0,33.0
ins_1272998760,269170.0,269586.0,91.0
ins_748974055,269170.0,270215.0,92.0
ins_200379676,269174.0,271081.0,35.0
ins_271529486,269174.0,271013.0,34.0
ins_737441297,269170.0,271133.0,36.0
ins_236415256,269174.0,271005.0,38.0
ins_1338945559,269204.0,270991.0,36.0
ins_1074508673,269173.0,270708.0,36.0
ins_1048649533,269174.0,270720.0,35.0
ins_1174305988,269186.0,270665.0,36.0
ins_1237312614,269173.0,270142.0,90.0
ins_271672922,269185.0,270957.0,38.0
ins_216316689,269177.0,270011.0,97.0
ins_178849439,269173.0,271018.0,36.0
ins_531091598,269175.0,271071.0,32.0
ins_457935177,269173.0,270930.0,37.0
ins_739106874,269169.0,270945.0,40.0
ins_724284657,269189.0,270713.0,35.0
ins_1063903693,269180.0,269355.0,96.0
ins_34253668,269170.0,271074.0,35.0
ins_577167650,269170.0,269575.0,92.0
ins_1110054208,269169.0,270060.0,91.0
ins_1128569061,269189.0,270904.0,41.0
ins_1283070180,269175.0,270736.0,36.0
ins_1076551507,269187.0,271050.0,38.0
ins_1220116906,269179.0,270953.0,38.0
ins_477647369,269178.0,270719.0,38.0
ins_630895198,269179.0,270038.0,97.0
ins_190329719,269185.0,270356.0,88.0
ins_913565434,269179.0,270645.0,39.0
ins_866315853,269175.0,270231.0,90.0
ins_867775730,269174.0,270100.0,94.0
ins_396816288,269173.0,270684.0,38.0
ins_352883242,269168.0,270931.0,39.0
ins_496277337,269172.0,270117.0,89.0
ins_358319656,269170.0,270992.0,36.0
ins_1175437432,269174.0,270683.0,37.0
ins_1109699044,269169.0,270909.0,36.0
ins_1193142566,269173.0,270854.0,36.0
ins_822047567,269169.0,270706.0,35.0
ins_152261217,269176.0,270064.0,89.0
ins_1209406640,269173.0,270494.0,32.0
ins_821037761,269174.0,270124.0,87.0
ins_1039051221,269175.0,270714.0,34.0
ins_285796243,269187.0,271425.0,50.0
ins_171067042,269201.0,270126.0,91.0
ins_1004336227,269173.0,271374.0,51.0
ins_1084028005,269176.0,270057.0,97.0
ins_222516886,269174.0,270053.0,93.0
ins_1002544677,269173.0,270069.0,97.0
ins_1220116832,269186.0,271103.0,37.0
ins_83003652,269174.0,270740.0,37.0
ins_196755731,269173.0,270064.0,98.0
ins_1084703291,269172.0,270897.0,38.0
ins_768136692,269174.0,270101.0,84.0
ins_236415753,269169.0,270979.0,38.0
ins_1336368712,269169.0,270131.0,95.0
ins_469057118,269170.0,271346.0,50.0
ins_278100884,269176.0,270259.0,98.0
ins_921361210,269177.0,270105.0,92.0
ins_1047216917,269188.0,270841.0,39.0
ins_823640714,269173.0,270054.0,98.0
ins_341546832,269172.0,270791.0,38.0
ins_666962735,269188.0,270900.0,37.0
ins_395468009,269179.0,270025.0,94.0
ins_972686818,269204.0,270906.0,39.0
ins_1063903220,269174.0,269516.0,90.0
ins_490032064,269173.0,270731.0,38.0
ins_797372083,269170.0,270391.0,31.0
ins_1100193068,269188.0,270934.0,37.0
ins_315468568,269179.0,270028.0,89.0
ins_759373356,269175.0,270953.0,36.0
ins_1256746305,269179.0,270694.0,35.0
ins_287076896,269170.0,270878.0,37.0
ins_784352896,269178.0,270094.0,93.0
ins_849452621,269179.0,271003.0,35.0
ins_911841495,269186.0,270631.0,38.0
ins_713730480,269179.0,270666.0,37.0
ins_97493636,269174.0,270152.0,86.0
ins_297277069,269172.0,270097.0,96.0
ins_947636603,269175.0,270121.0,96.0
ins_713130288,269173.0,270104.0,89.0
ins_576409048,269170.0,271011.0,34.0
ins_403944559,269169.0,270973.0,37.0
ins_1174832429,269173.0,271026.0,34.0
ins_368425976,269174.0,271008.0,36.0
ins_885996964,269180.0,270937.0,38.0
ins_215836312,269175.0,270145.0,90.0
ins_109436844,269174.0,270118.0,90.0
ins_432338864,269204.0,270053.0,97.0
ins_848029383,269173.0,270043.0,89.0
ins_839890281,269170.0,270048.0,97.0
ins_200379988,269177.0,270778.0,36.0
ins_478166095,269177.0,270690.0,36.0
ins_1101092823,269173.0,270273.0,31.0
ins_768742813,269176.0,270029.0,91.0
ins_133238001,269179.0,270643.0,36.0
ins_178849699,269172.0,270115.0,91.0
ins_721514369,269173.0,271440.0,51.0
ins_884059697,269174.0,270466.0,33.0
ins_1094065631,269185.0,270673.0,35.0
ins_295247827,269173.0,271046.0,34.0
ins_920075749,269175.0,270055.0,92.0
ins_289044104,269186.0,270072.0,91.0
ins_1292682071,269176.0,270650.0,39.0
ins_935212609,269175.0,270959.0,37.0
ins_531560019,269179.0,270024.0,98.0
ins_309855881,269177.0,270785.0,37.0
ins_434373570,269174.0,270121.0,88.0
ins_51190059,269170.0,271092.0,38.0
ins_531560108,269170.0,270093.0,92.0
ins_846713352,269176.0,270416.0,32.0
ins_648966735,269170.0,270018.0,93.0
ins_243433269,269175.0,270633.0,38.0
ins_1283070095,269172.0,270751.0,35.0
ins_104789696,269177.0,269575.0,94.0
ins_1046233716,269173.0,270060.0,98.0
ins_612907106,269203.0,270262.0,95.0
ins_824595246,269186.0,270668.0,37.0
ins_858082209,269187.0,270754.0,35.0
ins_291799704,269177.0,270042.0,98.0
ins_26427005,269177.0,270233.0,31.0
ins_975051775,269187.0,270043.0,98.0
ins_171067438,269173.0,269936.0,97.0
ins_759374345,269169.0,270943.0,38.0
ins_1245418531,269174.0,270049.0,97.0
ins_1338945477,269176.0,270968.0,37.0
ins_1181567460,269169.0,270925.0,41.0
ins_892187815,269170.0,270690.0,34.0
ins_895686522,269175.0,270096.0,93.0
ins_921648862,269177.0,270249.0,31.0
ins_1083894888,269176.0,270264.0,91.0
ins_1002677596,269173.0,270057.0,94.0
ins_434373855,269174.0,270902.0,37.0
ins_741018937,269180.0,270675.0,35.0
ins_245998521,269185.0,271016.0,35.0
ins_1282460905,269170.0,270760.0,33.0
ins_51189410,269169.0,270738.0,35.0
ins_922633672,269173.0,270062.0,88.0
ins_115617616,269203.0,270722.0,37.0
ins_531560629,269170.0,270034.0,91.0
ins_150748619,269172.0,270025.0,92.0
ins_1256138851,269176.0,270865.0,37.0
ins_444440468,269170.0,270983.0,34.0
ins_1183443988,269181.0,270781.0,35.0
ins_1274443314,269187.0,270890.0,37.0
ins_1211349553,269170.0,270073.0,93.0
ins_1002971829,269186.0,270239.0,32.0
ins_1292681728,269177.0,270724.0,36.0
ins_93307163,269173.0,271012.0,36.0
ins_744595046,269176.0,270616.0,38.0
ins_135117027,269178.0,270929.0,36.0
ins_434373471,269173.0,270954.0,37.0
ins_434230682,269172.0,271008.0,37.0
ins_648966576,269177.0,270042.0,93.0
ins_1251282720,269175.0,271007.0,36.0
ins_378628626,269173.0,270063.0,92.0
ins_378629674,269170.0,270069.0,91.0
ins_276961884,269177.0,270958.0,37.0
ins_1345138157,269175.0,270091.0,90.0
ins_178472065,269173.0,271014.0,34.0
ins_850060955,269170.0,270681.0,35.0
ins_1088588791,269370.0,271197.0,35.0
ins_1100193547,269178.0,270978.0,36.0
ins_633086080,269175.0,270933.0,34.0
ins_660289952,269176.0,270175.0,87.0
ins_367908898,269176.0,270953.0,36.0
ins_691518168,269174.0,271027.0,35.0
ins_1016548073,269177.0,271009.0,38.0
ins_376530730,269170.0,270024.0,89.0
ins_7472765,269170.0,269557.0,89.0
ins_1237423746,269174.0,269586.0,98.0
ins_394780102,269174.0,270106.0,84.0
ins_556644599,269170.0,270203.0,34.0
ins_1193142728,269176.0,270905.0,37.0
ins_550729302,269186.0,270294.0,32.0
ins_550729391,269176.0,270208.0,33.0
ins_190329638,269175.0,270964.0,38.0
ins_1158079277,269176.0,270103.0,88.0
ins_1003957725,269186.0,271110.0,37.0
ins_1263767943,269176.0,270212.0,32.0
ins_1028969372,269175.0,270153.0,88.0
ins_525757004,269169.0,271017.0,38.0
ins_1191519316,269177.0,270094.0,89.0
ins_1058337945,269177.0,269991.0,95.0
ins_1292153211,269186.0,270061.0,90.0
ins_1235371163,269176.0,271402.0,51.0
ins_875799941,269176.0,270698.0,37.0
ins_1081816054,269170.0,270932.0,34.0
ins_1237202533,269177.0,270066.0,96.0
ins_1028335395,269177.0,270947.0,37.0
ins_556642196,269175.0,270277.0,32.0
ins_546996847,269175.0,270701.0,36.0
ins_261922457,269176.0,270061.0,98.0
ins_1084703461,269170.0,270961.0,36.0
ins_794454622,269176.0,270977.0,37.0
ins_1316729921,269170.0,271578.0,48.0
ins_232102685,269170.0,270066.0,88.0
ins_784353077,269170.0,270065.0,94.0
ins_70905213,269174.0,270751.0,35.0
ins_1201761082,269170.0,269987.0,98.0
ins_525756846,269176.0,270796.0,34.0
ins_451746018,269169.0,269994.0,95.0
ins_1003357207,269203.0,270876.0,38.0
ins_505478530,269172.0,270181.0,85.0
ins_686790510,269174.0,270096.0,88.0
ins_53603795,269170.0,270020.0,89.0
ins_1174831510,269189.0,270886.0,37.0
ins_629523188,269170.0,270859.0,36.0
ins_252411675,269179.0,270068.0,92.0
ins_180094216,269176.0,270111.0,94.0
ins_640346764,269174.0,270664.0,38.0
ins_1255611087,269173.0,270660.0,38.0
ins_196755569,269169.0,270836.0,38.0
ins_929656770,269178.0,270756.0,34.0
ins_178472129,269177.0,270875.0,37.0
ins_1029164130,269203.0,270185.0,91.0
ins_1207143363,269169.0,270933.0,38.0
ins_673762779,269170.0,270066.0,88.0
ins_1237202996,269170.0,270097.0,93.0
ins_1031063948,269173.0,270342.0,34.0
ins_83003830,269175.0,270791.0,34.0
ins_205773132,269173.0,270721.0,36.0
ins_687920260,269175.0,270987.0,40.0
ins_1182458188,269175.0,270222.0,31.0
ins_1326778879,269179.0,270041.0,96.0
ins_152260990,269181.0,270091.0,93.0
ins_27629653,269179.0,270027.0,98.0
ins_830303163,269175.0,270074.0,96.0
ins_1144140113,269170.0,271173.0,35.0
ins_748982029,269170.0,270117.0,97.0
ins_297482679,269173.0,269660.0,90.0
ins_1263768123,269173.0,270225.0,33.0
ins_1074508488,269179.0,270713.0,36.0
ins_575200382,269185.0,270128.0,91.0
ins_290114563,269179.0,270137.0,95.0
ins_348851312,269186.0,271567.0,53.0
ins_784511162,269179.0,270054.0,88.0
ins_1085307587,269172.0,270938.0,37.0
ins_884179542,269179.0,269586.0,91.0
ins_1201157603,269170.0,270650.0,37.0
ins_309853581,269186.0,270874.0,32.0
ins_678638841,269176.0,271120.0,36.0
ins_434230969,269176.0,271032.0,37.0
ins_42514363,269180.0,270049.0,94.0
ins_53755203,269186.0,270091.0,91.0
ins_27629472,269176.0,270364.0,88.0
ins_379159265,269178.0,270009.0,89.0
ins_531905994,269176.0,270540.0,30.0
ins_180093963,269173.0,270197.0,91.0
ins_103851066,269170.0,270669.0,36.0
ins_1274444459,269170.0,270894.0,37.0
ins_1058962041,269186.0,269684.0,89.0
ins_53125276,269176.0,270209.0,88.0
ins_469060501,269179.0,270031.0,98.0
ins_154851512,269170.0,270997.0,35.0
ins_78242263,269173.0,270043.0,97.0
ins_674777066,269170.0,269612.0,88.0
ins_822047478,269172.0,270719.0,35.0
ins_493886027,269179.0,270061.0,89.0
ins_243433106,269176.0,270703.0,36.0
ins_1000459437,269169.0,270884.0,37.0
ins_965368195,269169.0,270186.0,93.0
ins_542036687,269176.0,269589.0,98.0
ins_516154433,269203.0,270762.0,36.0
ins_593469344,269172.0,271007.0,37.0
ins_261440591,269170.0,270193.0,90.0
ins_422898313,269172.0,270028.0,92.0
ins_1127595252,269176.0,269592.0,98.0
ins_673773720,269176.0,270025.0,89.0
ins_213904032,269173.0,270759.0,34.0
ins_1191519503,269172.0,270077.0,91.0
ins_963093037,269170.0,270980.0,38.0
ins_379159077,269173.0,269957.0,97.0
ins_1012716958,269176.0,270693.0,37.0
ins_539935575,269176.0,270679.0,37.0
ins_802419028,269176.0,270288.0,87.0
ins_668338566,269175.0,270890.0,38.0
ins_1264758245,269179.0,270684.0,36.0
ins_829836335,269177.0,270058.0,98.0
ins_27629565,269186.0,270386.0,88.0
ins_611313763,269170.0,270696.0,37.0
ins_7995037,269177.0,270138.0,84.0
ins_965496169,269175.0,269541.0,93.0
ins_315469083,269176.0,270032.0,95.0
ins_621778150,269175.0,270926.0,35.0
ins_1336977862,269173.0,270695.0,36.0
ins_884059773,269176.0,270636.0,29.0
ins_1061630377,269170.0,270803.0,34.0
ins_776740519,269170.0,270645.0,36.0
ins_1083894475,269188.0,270171.0,93.0
ins_1255002184,269177.0,270029.0,89.0
ins_766702444,269179.0,270723.0,36.0
ins_1076703633,269172.0,270034.0,92.0
ins_638817740,269174.0,270056.0,98.0
ins_256011558,269174.0,269710.0,88.0
ins_966167010,269176.0,270944.0,37.0
ins_820448349,269173.0,270981.0,37.0
ins_243433444,269174.0,270670.0,37.0
ins_921361679,269179.0,270070.0,92.0
ins_5656958,269176.0,270650.0,37.0
ins_803224674,269173.0,269995.0,91.0
ins_395468633,269173.0,270094.0,86.0
ins_674305266,269179.0,271002.0,37.0
ins_23449624,269176.0,269668.0,93.0
ins_446492163,269188.0,271740.0,49.0
ins_1003156096,269170.0,271296.0,37.0
ins_1058962350,269173.0,269650.0,87.0
ins_514795050,269170.0,270246.0,30.0
ins_597260764,269177.0,271112.0,37.0
ins_1328737847,269175.0,270983.0,39.0
ins_442450908,269173.0,270668.0,37.0
ins_1221049950,269173.0,270080.0,89.0
ins_1093457895,269203.0,270670.0,34.0
ins_611313841,269203.0,270115.0,91.0
ins_448432515,269173.0,270803.0,34.0
ins_70079599,269178.0,270082.0,90.0
ins_993162768,269175.0,270740.0,36.0
ins_42513470,269179.0,270035.0,92.0
ins_42514444,269203.0,270190.0,90.0
ins_721087076,269170.0,270110.0,98.0
ins_376598559,269168.0,270670.0,38.0
ins_108974623,269173.0,270936.0,36.0
ins_154851341,269176.0,271090.0,37.0
ins_577168265,269187.0,269616.0,88.0
ins_692677026,269173.0,270381.0,95.0
ins_1299177747,269177.0,270051.0,91.0
ins_1191066056,269179.0,270070.0,93.0
ins_1288755402,269172.0,271007.0,36.0
ins_180272653,269169.0,270051.0,93.0
ins_403956823,269174.0,270197.0,89.0
ins_1175436358,269173.0,270687.0,35.0
ins_1345971243,269176.0,270723.0,33.0
ins_739106952,269177.0,270984.0,38.0
ins_1169964974,269173.0,271098.0,35.0
ins_760496428,269173.0,270681.0,36.0
ins_1140332786,269169.0,269643.0,96.0
ins_678038879,269170.0,270838.0,37.0
ins_353483900,269176.0,270821.0,35.0
ins_964897041,269169.0,269597.0,94.0
ins_858082120,269176.0,270689.0,37.0
ins_216469888,269185.0,270892.0,37.0
ins_1191519412,269173.0,270061.0,98.0
ins_434831811,269172.0,270057.0,88.0
ins_32915491,269173.0,271038.0,34.0
ins_810029480,269172.0,271121.0,35.0
ins_551724520,269176.0,271002.0,36.0
ins_98738447,269176.0,270128.0,89.0
ins_1156103849,269170.0,269548.0,91.0
ins_1169964206,269176.0,271002.0,39.0
ins_388589991,269173.0,271343.0,54.0
ins_1163657383,269173.0,270782.0,35.0
ins_640264884,269176.0,270752.0,35.0
ins_1064445145,269177.0,270905.0,40.0
ins_17580990,269170.0,271281.0,52.0
ins_1016305178,269186.0,270077.0,97.0
ins_78242166,269179.0,270126.0,87.0
ins_556637415,269169.0,270238.0,34.0
ins_1064444220,269186.0,270977.0,36.0
ins_151432490,269169.0,270900.0,38.0
ins_469943842,269187.0,270043.0,98.0
ins_1110063771,269176.0,271047.0,37.0
ins_408696815,269187.0,271010.0,36.0
ins_1348163897,269174.0,270065.0,93.0
ins_97493714,269175.0,270028.0,97.0
ins_947830537,269170.0,270057.0,88.0
ins_89019719,269173.0,270285.0,93.0
ins_830499269,269176.0,270640.0,38.0
ins_1088589468,269173.0,271074.0,36.0
ins_1099880095,269172.0,270086.0,93.0
ins_377283311,269173.0,270912.0,39.0
ins_713129684,269177.0,270754.0,34.0
ins_1046835221,269176.0,269542.0,91.0
ins_840488393,269170.0,271274.0,37.0
ins_342795385,269174.0,270167.0,86.0
ins_841820254,269174.0,270084.0,93.0
ins_660176111,269174.0,270039.0,98.0
ins_1251282797,269176.0,270945.0,36.0
ins_850061249,269174.0,270657.0,37.0
ins_478166356,269174.0,270749.0,35.0
ins_1004347604,269179.0,271461.0,49.0
ins_388060998,269176.0,270233.0,32.0
ins_587275218,269175.0,271408.0,51.0
ins_370395931,269176.0,270035.0,92.0
ins_1235370895,269177.0,271485.0,49.0
ins_305513601,269174.0,271030.0,36.0
ins_119025260,269177.0,271073.0,36.0
ins_86994975,269177.0,270674.0,36.0
ins_267490556,269179.0,269671.0,88.0
ins_493885018,269173.0,270067.0,88.0
ins_621288545,269174.0,270707.0,36.0
ins_647437894,269178.0,270710.0,36.0
ins_70905703,269173.0,270759.0,36.0
ins_7815987,269174.0,270105.0,97.0
ins_576408669,269173.0,270936.0,36.0
ins_895388891,269176.0,270932.0,34.0
ins_297277154,269176.0,270047.0,91.0
ins_289044198,269176.0,270087.0,85.0
ins_207702673,269177.0,270073.0,90.0
ins_171067121,269173.0,270111.0,97.0
ins_245999110,269179.0,270954.0,36.0
ins_1300324528,269176.0,271032.0,38.0
ins_123863179,269176.0,270064.0,94.0
ins_1182458653,269179.0,270313.0,30.0
ins_931394768,269169.0,270676.0,37.0
ins_1155883662,269172.0,270651.0,36.0
ins_1306092714,269177.0,270722.0,37.0
ins_395468154,269203.0,270055.0,95.0
ins_1166674647,269173.0,271088.0,36.0
ins_638376626,269170.0,270945.0,36.0
ins_674776750,269174.0,269635.0,84.0
ins_83004319,269170.0,270758.0,35.0
ins_1029164291,269169.0,269996.0,93.0
ins_1076703495,269169.0,270064.0,92.0
ins_285791330,269177.0,269541.0,87.0
ins_892188237,269173.0,270618.0,37.0
ins_89150160,269186.0,270175.0,94.0
ins_886006003,269172.0,270732.0,37.0
ins_154852010,269170.0,271082.0,37.0
ins_522338232,269170.0,270039.0,93.0
ins_114264592,269186.0,270913.0,37.0
ins_458616523,269186.0,270678.0,37.0
ins_1181559930,269188.0,270944.0,42.0
ins_1000458915,269188.0,270914.0,38.0
ins_758701114,269186.0,270293.0,90.0
ins_823641215,269180.0,270009.0,98.0
ins_620605847,269170.0,271095.0,38.0
ins_1181559845,269180.0,271120.0,36.0
ins_123863257,269169.0,270096.0,91.0
ins_514794888,269175.0,270196.0,32.0
ins_810873291,269179.0,270949.0,38.0
ins_1013551815,269174.0,270997.0,38.0
ins_1016301852,269170.0,270115.0,95.0
ins_1016303617,269186.0,270971.0,39.0
ins_303845055,269170.0,269990.0,98.0
ins_267490742,269177.0,269627.0,96.0
ins_721897785,269177.0,269538.0,96.0
ins_469944489,269172.0,270747.0,39.0
ins_41682819,269179.0,270747.0,35.0
ins_1039051061,269170.0,270710.0,35.0
ins_929657224,269175.0,271056.0,35.0
ins_484896945,269176.0,271079.0,36.0
ins_939399662,269170.0,270658.0,35.0
ins_911459028,269186.0,269626.0,91.0
ins_1076694851,269186.0,270675.0,37.0
ins_1076703255,269176.0,270146.0,90.0
ins_851912637,269174.0,269603.0,89.0
ins_848029580,269182.0,270744.0,34.0
ins_1320757127,269203.0,270054.0,89.0
ins_597260674,269187.0,270672.0,37.0
ins_529746889,269173.0,270705.0,34.0
ins_1673522,269178.0,270963.0,39.0
ins_1144140360,269177.0,270705.0,36.0
ins_673765294,269176.0,270064.0,92.0
ins_957112700,269169.0,270755.0,36.0
ins_751374080,269179.0,270056.0,98.0
ins_160872385,269173.0,269945.0,98.0
ins_245998434,269176.0,270934.0,40.0
ins_151433378,269176.0,270047.0,89.0
ins_921834562,269179.0,271289.0,38.0
ins_1320757363,269186.0,270055.0,98.0
ins_434373373,269179.0,270121.0,94.0
ins_476132305,269178.0,270061.0,97.0
ins_1193778815,269178.0,270397.0,33.0
ins_632092113,269188.0,270283.0,31.0
ins_189633031,269204.0,270693.0,37.0
ins_567317522,269178.0,271004.0,34.0
ins_1239385054,269188.0,270073.0,93.0
ins_1016308652,269174.0,270134.0,93.0
ins_1010979946,269186.0,270965.0,37.0
ins_678031060,269202.0,270975.0,35.0
ins_840022203,269475.0,270375.0,86.0
ins_719096935,269176.0,271103.0,38.0
ins_628883251,269173.0,270439.0,89.0
ins_159594381,269186.0,270127.0,90.0
ins_80728715,269169.0,270695.0,36.0
ins_1237423509,269176.0,269604.0,89.0
ins_352882929,269174.0,271011.0,36.0
ins_504230442,269169.0,270956.0,38.0
ins_432338777,269170.0,270667.0,35.0
ins_983113564,269170.0,270659.0,35.0
ins_911167296,269179.0,269518.0,97.0
ins_1191695916,269176.0,269617.0,97.0
ins_911458636,269186.0,270306.0,92.0
ins_190187250,269180.0,271087.0,38.0
ins_929354574,269178.0,270655.0,38.0
ins_742309090,269202.0,270113.0,97.0
ins_1320748451,269186.0,270066.0,89.0
ins_270735968,269179.0,270797.0,34.0
ins_1074728019,269174.0,270089.0,87.0
ins_403558230,269176.0,270954.0,39.0
ins_721514060,269203.0,269569.0,98.0
ins_1245418242,269178.0,269980.0,97.0
ins_1348163815,269179.0,270004.0,96.0
ins_1272998515,269186.0,269554.0,98.0
ins_1193779201,269170.0,270401.0,33.0
ins_1166674807,269176.0,271074.0,36.0
ins_1272819927,269176.0,269599.0,97.0
ins_403932387,269185.0,270184.0,94.0
ins_1310403584,269186.0,270723.0,38.0
ins_25376554,269177.0,270745.0,34.0
ins_281728762,269176.0,270995.0,36.0
ins_448432767,269175.0,270947.0,34.0
ins_648709716,269177.0,271329.0,39.0
ins_123033053,269179.0,270107.0,89.0
ins_200380140,269174.0,270962.0,39.0
ins_7816666,269177.0,270147.0,90.0
ins_432338622,269176.0,270677.0,36.0
ins_994887860,269169.0,270996.0,39.0
ins_1144140199,269176.0,270764.0,35.0
ins_297277330,269179.0,270042.0,98.0
ins_135118164,269176.0,270872.0,37.0
ins_674777897,269203.0,269637.0,93.0
ins_559483047,269176.0,270106.0,89.0
ins_612906696,269170.0,270020.0,92.0
ins_1226609582,269186.0,270243.0,32.0
ins_1093458092,269189.0,270103.0,85.0
ins_575270537,269174.0,270757.0,36.0
ins_363684122,269177.0,271025.0,38.0
ins_281965612,269204.0,270890.0,40.0
ins_1292681813,269176.0,270704.0,35.0
ins_992781720,269174.0,269575.0,97.0
ins_490031535,269173.0,270758.0,37.0
ins_1183443725,269176.0,270725.0,35.0
ins_810840187,269177.0,270753.0,34.0
ins_190188106,269176.0,271139.0,37.0
ins_451746360,269170.0,270016.0,92.0
ins_7472963,269178.0,271419.0,50.0
ins_123033121,269177.0,270747.0,35.0
ins_1169964354,269176.0,270956.0,36.0
ins_70905119,269169.0,270643.0,37.0
ins_205215857,269174.0,270051.0,98.0
ins_975010904,269176.0,270060.0,92.0
ins_1307959001,269176.0,270277.0,33.0
ins_1274443677,269172.0,270883.0,35.0
ins_993163111,269177.0,270734.0,34.0
ins_886006086,269177.0,270691.0,36.0
ins_759373910,269173.0,270118.0,92.0
ins_5882823,269173.0,270657.0,37.0
ins_568115602,269177.0,271034.0,35.0
ins_708790764,269179.0,269674.0,92.0
ins_913565533,269170.0,269891.0,98.0
ins_396298457,269176.0,270731.0,34.0
ins_126344907,269177.0,269985.0,97.0
ins_492798763,269174.0,270384.0,32.0
ins_106713685,269176.0,270679.0,37.0
ins_740714350,269173.0,270707.0,35.0
ins_678638547,269177.0,271043.0,37.0
ins_1217843907,269177.0,270044.0,97.0
ins_272128219,269172.0,270728.0,35.0
ins_399098047,269173.0,269518.0,97.0
ins_802418580,269189.0,270139.0,93.0
ins_1673690,269170.0,271006.0,35.0
ins_1076544299,269169.0,270663.0,37.0
ins_190329379,269176.0,270939.0,40.0
ins_285794474,269169.0,269616.0,93.0
ins_1028336033,269170.0,270883.0,37.0
ins_162079388,269204.0,270753.0,34.0
ins_496363366,269174.0,270067.0,97.0
ins_240869613,269179.0,270992.0,38.0
ins_1054024681,269179.0,271041.0,38.0
ins_297809212,269185.0,270846.0,38.0
ins_171067526,269179.0,270069.0,91.0
ins_41682982,269172.0,270997.0,36.0
ins_747050788,269181.0,270067.0,91.0
ins_399098396,269173.0,270963.0,36.0
ins_821037692,269174.0,270656.0,37.0
ins_1191066254,269173.0,270887.0,37.0
ins_749170723,269174.0,270694.0,35.0
ins_424145191,269172.0,270171.0,93.0
ins_1239234902,269178.0,270730.0,36.0
ins_1326779458,269179.0,270057.0,93.0
ins_476133451,269188.0,269961.0,97.0
ins_623387755,269177.0,269617.0,92.0
ins_1164108986,269170.0,270183.0,88.0
ins_993163675,269187.0,270735.0,35.0
ins_1003958248,269169.0,270049.0,90.0
ins_42513380,269173.0,270023.0,94.0
ins_802234458,269186.0,269617.0,81.0
ins_623388104,269177.0,270138.0,95.0
ins_621774051,269169.0,270861.0,38.0
ins_496277166,269170.0,270173.0,91.0
ins_947830045,269173.0,270085.0,84.0
ins_613250971,269172.0,270543.0,30.0
ins_935212162,269177.0,271019.0,37.0
ins_1039042746,269172.0,270608.0,35.0
ins_290031563,269170.0,270204.0,89.0
ins_441017039,269170.0,270000.0,92.0
ins_910595342,269179.0,270118.0,97.0
ins_106713341,269178.0,270670.0,38.0
ins_1074509429,269177.0,270750.0,34.0
ins_180272043,269176.0,269614.0,91.0
ins_1310404203,269172.0,270983.0,37.0
ins_569078417,269170.0,270326.0,88.0
ins_558129926,269175.0,270056.0,94.0
ins_823641653,269175.0,270018.0,93.0
ins_314124089,269170.0,269964.0,92.0
ins_623551225,269170.0,270993.0,37.0
ins_1239385233,269173.0,270034.0,95.0
ins_1221050117,269186.0,270055.0,92.0
ins_303846238,269186.0,270069.0,90.0
ins_42513298,269174.0,270017.0,89.0
ins_1345138610,269172.0,270973.0,35.0
ins_1016548498,269186.0,270978.0,37.0
ins_930784136,269177.0,270978.0,37.0
ins_669528166,269186.0,270265.0,32.0
ins_27486534,269173.0,270872.0,39.0
ins_155064493,269172.0,270724.0,36.0
ins_1237423430,269172.0,269643.0,85.0
ins_913565334,269178.0,270115.0,91.0
ins_1262871169,269235.0,271055.0,37.0
ins_934692275,269176.0,270673.0,37.0
ins_585546512,269170.0,270955.0,37.0
ins_803225349,269170.0,270963.0,37.0
ins_638376547,269186.0,270122.0,98.0
ins_98916318,269179.0,269620.0,95.0
ins_119024827,269173.0,271071.0,36.0
ins_921648314,269179.0,270278.0,31.0
ins_1058962117,269177.0,269658.0,89.0
ins_348851555,269173.0,271566.0,51.0
ins_1299177509,269176.0,270141.0,95.0
ins_802234032,269176.0,270351.0,90.0
ins_822047104,269177.0,270700.0,36.0
ins_514794970,269177.0,270287.0,34.0
ins_1121330732,269187.0,270120.0,97.0
ins_1012717440,269170.0,270588.0,37.0
ins_23779699,269178.0,270925.0,37.0
ins_144559053,269202.0,270095.0,89.0
ins_1264758425,269169.0,270723.0,34.0
ins_1318184317,269173.0,269999.0,98.0
ins_575200461,269185.0,270138.0,89.0
ins_621766667,269186.0,270999.0,37.0
ins_561763726,269174.0,270973.0,36.0
ins_1013559349,269176.0,270921.0,36.0
ins_900111240,269179.0,270799.0,34.0
ins_434831722,269173.0,270807.0,36.0
ins_840022303,269170.0,270284.0,93.0
ins_840694341,269185.0,271010.0,35.0
ins_369910881,269175.0,270053.0,98.0
ins_529968288,269170.0,270690.0,34.0
ins_1038448798,269173.0,270637.0,36.0
ins_795055856,269187.0,270753.0,34.0
ins_744595798,269176.0,270045.0,86.0
ins_531090993,269176.0,270967.0,37.0
ins_758562790,269174.0,270215.0,86.0
ins_214589771,269174.0,270708.0,36.0
ins_525756925,269170.0,270903.0,38.0
ins_1001395478,269176.0,270025.0,94.0
ins_1174306159,269169.0,270731.0,35.0
ins_840694691,269172.0,270901.0,37.0
ins_1236820368,269173.0,270264.0,91.0
ins_105118898,269176.0,270950.0,34.0
ins_865834430,269187.0,269999.0,94.0
ins_477646805,269170.0,270745.0,36.0
ins_1074727779,269173.0,270058.0,98.0
ins_830499360,269186.0,270762.0,34.0
ins_910591304,269170.0,270034.0,98.0
ins_5657503,269186.0,270654.0,38.0
ins_922034531,269179.0,270952.0,36.0
ins_539252801,269187.0,270974.0,36.0
ins_123033260,269176.0,270136.0,87.0
ins_622724203,269170.0,270070.0,89.0
ins_495850451,269187.0,270163.0,83.0
ins_759373584,269178.0,270917.0,38.0
ins_674908121,269189.0,270241.0,90.0
ins_492792571,269188.0,270118.0,90.0
ins_341546984,269172.0,270922.0,37.0
ins_305514564,269170.0,270634.0,36.0
ins_207701691,269189.0,269999.0,97.0
ins_1128569256,269172.0,270885.0,38.0
ins_1255849508,269172.0,270118.0,90.0
ins_611313430,269169.0,270718.0,36.0
ins_196755309,269175.0,270108.0,89.0
ins_1072673003,269170.0,271418.0,47.0
ins_622724283,269170.0,270072.0,98.0
ins_703177423,269172.0,269616.0,88.0
ins_1099879653,269173.0,270947.0,35.0
ins_97492846,269173.0,270692.0,37.0
ins_449780962,269176.0,271067.0,36.0
ins_921648413,269175.0,270289.0,34.0
ins_1135383456,269179.0,270750.0,37.0
ins_830303083,269170.0,270134.0,91.0
ins_621289137,269177.0,270695.0,36.0
ins_935212911,269176.0,271143.0,36.0
ins_937517257,269179.0,270102.0,94.0
ins_313438419,269174.0,270040.0,91.0
ins_24085377,269174.0,270029.0,91.0
ins_1094064856,269174.0,270071.0,98.0
ins_947830337,269176.0,270020.0,98.0
ins_547528434,269173.0,270493.0,85.0
ins_109870292,269177.0,270678.0,36.0
ins_1256138763,269172.0,270102.0,90.0
ins_1348674697,269179.0,270062.0,90.0
ins_964896216,269169.0,270128.0,96.0
ins_760496678,269179.0,270721.0,36.0
ins_883760585,269176.0,270165.0,96.0
ins_63204573,269173.0,270016.0,97.0
ins_189747312,269173.0,270110.0,91.0
ins_1084703917,269177.0,270888.0,38.0
ins_115617325,269187.0,270139.0,90.0
ins_53010914,269176.0,270131.0,94.0
ins_972686581,269179.0,271084.0,40.0
ins_51190368,269203.0,270083.0,88.0
ins_331706252,269169.0,271086.0,36.0
ins_134484831,269176.0,270232.0,92.0
ins_557003767,269176.0,270958.0,36.0
ins_626911843,269173.0,270134.0,89.0
ins_1293586288,269174.0,270080.0,88.0
ins_666963450,269173.0,269986.0,92.0
ins_1301454343,269174.0,270975.0,37.0
ins_1239393785,269175.0,270086.0,86.0
ins_97493079,269173.0,270083.0,88.0
ins_1101085852,269177.0,270245.0,33.0
ins_404918592,269169.0,270054.0,98.0
ins_404918964,269170.0,270071.0,92.0
ins_457935369,269172.0,270031.0,94.0
ins_913880389,269177.0,270873.0,40.0
ins_739107116,269174.0,270744.0,30.0
ins_1109699421,269177.0,270829.0,38.0
ins_687397199,269174.0,270702.0,35.0
ins_976703996,269170.0,270086.0,84.0
ins_289042956,269179.0,270126.0,93.0
ins_937199030,269177.0,271356.0,39.0
ins_630894547,269170.0,270666.0,36.0
ins_313438000,269177.0,270050.0,88.0
ins_688227450,269189.0,270936.0,37.0
ins_297176480,269203.0,270204.0,92.0
ins_295930388,269179.0,270633.0,37.0
ins_931394374,269176.0,270723.0,35.0
ins_640264817,269177.0,270659.0,37.0
ins_287077552,269169.0,270851.0,38.0
ins_632091820,269186.0,270308.0,30.0
ins_1336368354,269176.0,270055.0,91.0
ins_1272998670,269180.0,269658.0,89.0
ins_327331343,269170.0,270959.0,38.0
ins_1201760858,269176.0,270636.0,37.0
ins_309854323,269173.0,270790.0,35.0
ins_215836231,269187.0,270224.0,91.0
ins_937267857,269177.0,270721.0,38.0
ins_378629580,269176.0,270074.0,97.0
ins_313437865,269188.0,270058.0,97.0
ins_17403688,269185.0,270224.0,90.0
ins_760496346,269170.0,270671.0,35.0
ins_1084435975,269170.0,270614.0,36.0
ins_848029482,269170.0,269540.0,88.0
ins_1111778404,269176.0,270070.0,92.0
ins_403558052,269176.0,271069.0,36.0
ins_396816109,269179.0,270769.0,36.0
ins_119025046,269178.0,270929.0,40.0
ins_530572462,269173.0,270044.0,97.0
ins_742308934,269173.0,270028.0,97.0
ins_1274443400,269174.0,270051.0,88.0
ins_216469645,269176.0,270901.0,38.0
ins_902381916,269180.0,270705.0,37.0
ins_106713411,269173.0,270675.0,35.0
ins_638376928,269187.0,271010.0,35.0
ins_449780259,269177.0,270938.0,37.0
ins_739107277,269176.0,270025.0,90.0
ins_542036111,269174.0,269622.0,88.0
ins_314124469,269169.0,270009.0,97.0
ins_315468982,269187.0,270096.0,93.0
ins_126344978,269170.0,270068.0,93.0
ins_476132978,269187.0,270044.0,91.0
ins_1006473762,269189.0,269573.0,87.0
ins_1257576025,269174.0,271014.0,35.0
ins_728700037,269170.0,270799.0,34.0
ins_144558711,269172.0,269959.0,97.0
ins_741019022,269187.0,270720.0,34.0
ins_7816122,269178.0,270226.0,97.0
ins_333666939,269177.0,270089.0,92.0
ins_178471720,269176.0,270741.0,35.0
ins_422898086,269475.0,271049.0,34.0
ins_784511453,269174.0,270262.0,95.0
ins_261440914,269175.0,270165.0,92.0
ins_386869577,269177.0,270846.0,37.0
ins_577593588,269177.0,270194.0,97.0
ins_911841565,269169.0,270665.0,37.0
ins_17403969,269174.0,270205.0,93.0
ins_911842135,269187.0,270714.0,35.0
ins_1673765,269186.0,271007.0,40.0
ins_1347917768,269173.0,271032.0,37.0
ins_103774721,269173.0,270787.0,34.0
ins_768742882,269186.0,270672.0,34.0
ins_966167168,269189.0,270883.0,37.0
ins_633085710,269172.0,270912.0,37.0
ins_850060884,269173.0,269993.0,98.0
ins_1307959425,269170.0,271237.0,51.0
ins_26426480,269170.0,270231.0,33.0
ins_243433629,269175.0,270740.0,34.0
ins_1074508769,269169.0,270688.0,35.0
ins_441017296,269186.0,270033.0,96.0
ins_1166675465,269186.0,270978.0,37.0
ins_1074728112,269173.0,270109.0,88.0
ins_160872463,269170.0,269533.0,89.0
ins_1126083012,269176.0,269587.0,97.0
ins_1002677672,269185.0,270003.0,97.0
ins_713721852,269176.0,270673.0,37.0
ins_841820438,269173.0,270668.0,36.0
ins_621775750,269173.0,270983.0,36.0
ins_370395212,269173.0,270060.0,91.0
ins_622837829,269176.0,270187.0,97.0
ins_567573049,269174.0,269970.0,98.0
ins_729525685,269173.0,270709.0,37.0
ins_314123794,269176.0,270046.0,87.0
ins_937275297,269169.0,270714.0,37.0
ins_119025116,269188.0,271011.0,37.0
ins_1018851846,269170.0,270899.0,37.0
ins_751365803,269177.0,270961.0,37.0
ins_1247986177,269176.0,271022.0,39.0
ins_1332641578,269175.0,270984.0,36.0
ins_1201157533,269172.0,270940.0,36.0
ins_379158987,269176.0,270906.0,38.0
ins_486251879,269172.0,270106.0,85.0
ins_1292153128,269175.0,271056.0,33.0
ins_71209231,269176.0,270035.0,92.0
ins_1007242627,269175.0,270921.0,36.0
ins_577167573,269186.0,270302.0,91.0
ins_379159864,269179.0,270949.0,39.0
ins_286555752,269185.0,270929.0,36.0
ins_891376068,269187.0,271085.0,37.0
ins_911459123,269177.0,270136.0,88.0
ins_154851084,269177.0,271069.0,33.0
ins_1094893145,269186.0,270996.0,36.0
ins_468219774,269170.0,270053.0,98.0
ins_674305581,269176.0,271358.0,39.0
ins_829836009,269172.0,270095.0,95.0
ins_622724437,269188.0,270049.0,96.0
ins_810840276,269173.0,270062.0,92.0
ins_23448561,269179.0,269668.0,92.0
ins_213903565,269173.0,270963.0,36.0
ins_134965004,269204.0,270047.0,90.0
ins_126489915,269170.0,271053.0,36.0
ins_1165264806,269172.0,270186.0,88.0
ins_884571371,269187.0,270951.0,35.0
ins_983113406,269177.0,270600.0,40.0
ins_964896532,269177.0,270020.0,89.0
ins_1181567387,269174.0,270039.0,93.0
ins_236415099,269185.0,270706.0,37.0
ins_30451120,269177.0,270052.0,90.0
ins_660175928,269175.0,270012.0,82.0
ins_621776562,269186.0,271021.0,38.0
ins_1247985860,269176.0,270028.0,96.0
ins_396299560,269177.0,270806.0,33.0
ins_748515849,269186.0,270053.0,97.0
ins_748974148,269179.0,270108.0,97.0
ins_469412914,269176.0,270260.0,32.0
ins_708791008,269175.0,271447.0,38.0
ins_531906219,269174.0,270495.0,33.0
ins_748981944,269177.0,270209.0,84.0
ins_368426536,269173.0,270068.0,88.0
ins_359668680,269172.0,270080.0,92.0
ins_677360765,269178.0,269602.0,95.0
ins_1012717116,269169.0,270640.0,38.0
ins_7472683,269173.0,269539.0,89.0
ins_515554830,269186.0,270990.0,38.0
ins_1007242387,269175.0,270982.0,35.0
ins_1247383929,269170.0,270931.0,35.0
ins_931394615,269176.0,270692.0,36.0
ins_1072672911,269181.0,271498.0,50.0
ins_297809981,269188.0,270124.0,89.0
ins_1154044836,269174.0,270040.0,97.0
ins_772853970,269176.0,271031.0,38.0
ins_490032243,269170.0,270675.0,38.0
ins_333148028,269172.0,269610.0,87.0
ins_27629820,269177.0,270398.0,90.0
ins_363086023,269177.0,270757.0,33.0
ins_884060181,269170.0,270537.0,30.0
ins_931394293,269174.0,270637.0,38.0
ins_200380214,269188.0,270991.0,37.0
ins_98738026,269178.0,269988.0,97.0
ins_692677303,269176.0,270413.0,29.0
ins_424145730,269169.0,270108.0,95.0
ins_295930838,269170.0,270139.0,94.0
ins_821037888,269179.0,270153.0,85.0
ins_1169964126,269186.0,270999.0,35.0
ins_458617588,269177.0,270732.0,34.0
ins_53011841,269176.0,270745.0,35.0
ins_1193142805,269176.0,270913.0,37.0
ins_69395456,269186.0,270146.0,91.0
ins_1004354165,269186.0,269563.0,94.0
ins_449780179,269172.0,270908.0,36.0
ins_285790463,269179.0,269538.0,97.0
ins_661002039,269170.0,270798.0,39.0
ins_756477409,269176.0,270951.0,35.0
ins_1166076537,269169.0,270905.0,36.0
ins_1275078883,269174.0,269657.0,88.0
ins_1001395955,269177.0,270035.0,88.0
ins_189714801,269178.0,270653.0,35.0
ins_571354257,269177.0,271019.0,36.0
ins_1173219822,269179.0,271021.0,35.0
ins_772853039,269179.0,271028.0,37.0
ins_911841948,269177.0,270040.0,87.0
ins_568113894,269172.0,271006.0,40.0
ins_531906156,269176.0,270468.0,34.0
ins_313437792,269173.0,270059.0,90.0
ins_1255863744,269174.0,271020.0,38.0
ins_51189911,269174.0,270931.0,39.0
ins_939399480,269169.0,270770.0,34.0
ins_376599528,269176.0,270041.0,98.0
ins_234136024,269177.0,270659.0,37.0
ins_106713100,269170.0,270641.0,38.0
ins_305514225,269179.0,270981.0,40.0
ins_27486739,269187.0,271063.0,36.0
ins_1018539873,269170.0,271021.0,40.0
ins_622724679,269175.0,269968.0,98.0
ins_947830438,269174.0,270164.0,88.0
ins_5657125,269179.0,270686.0,37.0
ins_260195736,269173.0,271021.0,37.0
ins_757105634,269173.0,270064.0,92.0
ins_5657043,269174.0,270694.0,39.0
ins_155064128,269176.0,271035.0,34.0
ins_134484223,269176.0,270164.0,92.0
ins_1082739120,269174.0,270068.0,93.0
ins_522337915,269176.0,269954.0,97.0
ins_803225170,269169.0,270890.0,37.0
ins_109867007,269173.0,270775.0,35.0
ins_749171365,269176.0,270769.0,34.0
ins_7769627,269175.0,269587.0,92.0
ins_639504136,269175.0,270071.0,95.0
ins_1000459262,269176.0,270900.0,39.0
ins_575200296,269186.0,270032.0,95.0
ins_1348162516,269177.0,270977.0,37.0
ins_1085307388,269170.0,270025.0,98.0
ins_1165265280,269170.0,270295.0,87.0
ins_794454834,269177.0,270740.0,36.0
ins_613251067,269189.0,270534.0,32.0
ins_132478603,269174.0,270021.0,95.0
ins_1257576496,269174.0,271040.0,35.0
ins_983714107,269176.0,270676.0,37.0
ins_884570461,269173.0,270866.0,35.0
ins_1001395389,269177.0,270043.0,93.0
ins_1003957992,269177.0,270924.0,37.0
ins_1280703268,269170.0,270699.0,36.0
ins_585547028,269173.0,270950.0,38.0
ins_1012108071,269186.0,270105.0,89.0
ins_70529251,269180.0,270696.0,35.0
ins_577689356,269173.0,270077.0,86.0
ins_814347031,269169.0,270062.0,95.0
ins_568744594,269173.0,271002.0,33.0
ins_515940219,269174.0,271084.0,39.0
ins_43033734,269173.0,270894.0,39.0
ins_937274802,269173.0,270716.0,37.0
ins_719096083,269176.0,271088.0,35.0
ins_530571765,269173.0,270914.0,37.0
ins_496277638,269173.0,270091.0,96.0
ins_1247985936,269170.0,270102.0,90.0
ins_386869933,269178.0,271000.0,37.0
ins_1201760705,269187.0,270698.0,36.0
ins_1164109535,269185.0,270055.0,89.0
ins_71209873,269176.0,270111.0,89.0
ins_1235362285,269170.0,271417.0,49.0
ins_561763361,269169.0,270893.0,37.0
ins_841297011,269177.0,270043.0,98.0
ins_180272477,269177.0,270093.0,90.0
ins_1307959089,269172.0,270307.0,34.0
ins_1209406550,269177.0,270557.0,31.0
ins_1018611061,269173.0,270861.0,38.0
ins_585546673,269172.0,271013.0,34.0
ins_748516086,269169.0,270033.0,98.0
ins_434230897,269174.0,271100.0,33.0
ins_432338459,269204.0,270738.0,37.0
ins_965496970,269170.0,269519.0,97.0
ins_802835454,269173.0,269600.0,86.0
ins_1064444013,269173.0,270983.0,38.0
ins_1139708276,269177.0,270028.0,92.0
ins_216470045,269185.0,270113.0,94.0
ins_213903945,269174.0,270707.0,36.0
ins_189755613,269174.0,270742.0,34.0
ins_51879973,269176.0,270653.0,37.0
ins_921834480,269204.0,271430.0,36.0
ins_1018611289,269169.0,270722.0,38.0
ins_1084703122,269170.0,270891.0,37.0
ins_776731276,269174.0,270596.0,38.0
ins_585547520,269176.0,270888.0,36.0
ins_557444841,269173.0,270075.0,92.0
ins_965496263,269168.0,269520.0,94.0
ins_1320596685,269174.0,270627.0,39.0
ins_677833806,269170.0,271300.0,37.0
ins_359668951,269182.0,270123.0,89.0
ins_333147932,269179.0,269598.0,92.0
ins_621288724,269173.0,270714.0,34.0
ins_70079417,269178.0,270132.0,92.0
ins_840022394,269201.0,270257.0,95.0
ins_1293581131,269173.0,270034.0,97.0
ins_7995286,269172.0,270001.0,98.0
ins_669528921,269170.0,270227.0,33.0
ins_1061631903,269186.0,270817.0,35.0
ins_505961719,269177.0,271342.0,52.0
ins_1072673975,269186.0,270102.0,86.0
ins_1302376973,269177.0,270050.0,93.0
ins_25376979,269176.0,270682.0,35.0
ins_1038449744,269174.0,270983.0,38.0
ins_337349387,269177.0,271019.0,37.0
ins_666962816,269176.0,270873.0,39.0
ins_358320744,269176.0,270989.0,37.0
ins_242229616,269170.0,270309.0,31.0
ins_495095962,269176.0,270925.0,40.0
ins_748516013,269180.0,270129.0,90.0
ins_341547230,269169.0,270675.0,36.0
ins_468218899,269204.0,270770.0,34.0
ins_451746463,269173.0,270081.0,90.0
ins_395467762,269175.0,269974.0,98.0
ins_1039051148,269173.0,270695.0,36.0
ins_114264929,269176.0,271009.0,37.0
ins_668338796,269179.0,271080.0,35.0
ins_596116607,269187.0,270283.0,30.0
ins_596115877,269174.0,270260.0,32.0
ins_784510944,269177.0,270030.0,92.0
ins_1191691830,269178.0,270045.0,94.0
ins_621767483,269170.0,270934.0,37.0
ins_1336368552,269176.0,270700.0,36.0
ins_480445895,269170.0,270928.0,36.0
ins_476817691,269188.0,270162.0,91.0
ins_475690419,269186.0,270186.0,89.0
ins_1010972554,269189.0,270915.0,37.0
ins_530572908,269177.0,270077.0,88.0
ins_947636779,269173.0,270116.0,97.0
ins_749836778,269186.0,270902.0,38.0
ins_1092932107,269173.0,270709.0,36.0
ins_846718485,269175.0,270364.0,32.0
ins_883760755,269187.0,270123.0,91.0
ins_272129274,269174.0,270062.0,97.0
ins_446488182,269173.0,269613.0,91.0
ins_1338944561,269177.0,271028.0,35.0
ins_290033122,269172.0,270125.0,97.0
ins_495095175,269170.0,270985.0,36.0
ins_1018611210,269169.0,271081.0,36.0
ins_695397938,269189.0,270673.0,38.0
ins_162080362,269187.0,270749.0,32.0
ins_934691427,269172.0,270110.0,87.0
ins_976703687,269170.0,270030.0,98.0
ins_1176266617,269176.0,271047.0,37.0
ins_270728522,269175.0,270952.0,39.0
ins_1237202109,269204.0,270167.0,88.0
ins_995355036,269175.0,270144.0,97.0
ins_28089516,269169.0,270354.0,92.0
ins_1236820520,269179.0,270109.0,87.0
ins_737440991,269169.0,271016.0,36.0
ins_1306052291,269177.0,270111.0,93.0
ins_434230541,269177.0,271053.0,38.0
ins_921222093,269174.0,270181.0,86.0
ins_677220215,269172.0,270205.0,90.0
ins_252329766,269170.0,270057.0,97.0
ins_1013552034,269169.0,270092.0,90.0
ins_7816349,269173.0,270115.0,90.0
ins_295178539,269179.0,270030.0,94.0
ins_666963044,269169.0,270890.0,37.0
ins_434230753,269170.0,271014.0,37.0
ins_1255002263,269177.0,270059.0,87.0
ins_620605569,269170.0,271043.0,35.0
ins_224182187,269170.0,270708.0,36.0
ins_27487064,269173.0,270856.0,38.0
ins_713130740,269176.0,270653.0,37.0
ins_469944107,269177.0,270877.0,38.0
ins_369235045,269172.0,271388.0,36.0
ins_305514390,269174.0,270959.0,36.0
ins_648709976,269170.0,271340.0,35.0
ins_1191065991,269187.0,270823.0,37.0
ins_1290745840,269170.0,270462.0,33.0
ins_621289051,269176.0,270136.0,89.0
ins_1119807546,269170.0,270928.0,37.0
ins_1237202431,269179.0,270046.0,94.0
ins_949731701,269170.0,270381.0,31.0
ins_469944266,269176.0,270914.0,36.0
ins_452815285,269170.0,270041.0,93.0
ins_109861433,269170.0,270656.0,36.0
ins_1272358106,269173.0,270851.0,36.0
ins_749170999,269173.0,270704.0,37.0
ins_1054024546,269169.0,270783.0,36.0
ins_41682901,269186.0,271057.0,36.0
ins_1272819734,269169.0,270177.0,91.0
ins_937517157,269176.0,270978.0,38.0
ins_742309012,269174.0,269974.0,97.0
ins_1001395763,269172.0,270020.0,93.0
ins_53755669,269173.0,270918.0,37.0
ins_737441153,269174.0,269544.0,93.0
ins_1166674889,269172.0,270156.0,86.0
ins_648709798,269169.0,271055.0,36.0
ins_205770787,269176.0,270753.0,34.0
ins_363679171,269186.0,270685.0,38.0
ins_1002544444,269170.0,270148.0,91.0
ins_759167448,269174.0,271326.0,37.0
ins_795046954,269174.0,270721.0,37.0
ins_766702833,269173.0,270616.0,38.0
ins_721086778,269173.0,270097.0,97.0
ins_677833479,269173.0,271333.0,39.0
ins_59805881,269176.0,270090.0,83.0
ins_1156103272,269187.0,270077.0,92.0
ins_513658419,269179.0,270646.0,37.0
ins_205216007,269176.0,270036.0,94.0
ins_814346862,269174.0,270111.0,87.0
ins_1018610981,269172.0,270912.0,38.0
ins_492799632,269172.0,271617.0,49.0
ins_678638086,269170.0,270960.0,40.0
ins_1155993116,269169.0,270129.0,93.0
ins_414501592,269177.0,269602.0,92.0
ins_1121355248,269176.0,270130.0,89.0
ins_379159679,269188.0,270165.0,87.0
ins_317747888,269170.0,270731.0,35.0
ins_840694600,269173.0,271011.0,35.0
ins_720904435,269203.0,269577.0,93.0
ins_628883088,269178.0,270422.0,88.0
ins_760496192,269173.0,270627.0,36.0
ins_840488481,269176.0,271038.0,34.0
ins_214590129,269170.0,270622.0,38.0
ins_913879924,269173.0,270667.0,38.0
ins_1112420221,269170.0,270432.0,31.0
ins_34254500,269186.0,270324.0,97.0
ins_1176266866,269174.0,270037.0,89.0
ins_531906487,269173.0,270463.0,30.0
ins_1267791655,269174.0,270006.0,96.0
ins_114483716,269476.0,270439.0,89.0
ins_840488665,269176.0,270962.0,38.0
ins_983114441,269176.0,270940.0,36.0
ins_575270356,269172.0,270050.0,87.0
ins_1062759926,269173.0,270695.0,38.0
ins_43539214,269170.0,270151.0,93.0
ins_1347917676,269173.0,270702.0,35.0
ins_1262871519,269170.0,271042.0,36.0
ins_1154043908,269178.0,270021.0,96.0
ins_272128649,269174.0,270173.0,89.0
ins_884060096,269176.0,270508.0,30.0
ins_388061293,269179.0,270226.0,31.0
ins_1016548732,269177.0,270967.0,37.0
ins_821038103,269172.0,270649.0,39.0
ins_378832670,269177.0,269662.0,98.0
ins_1193142488,269175.0,270931.0,35.0
ins_561763200,269176.0,270884.0,39.0
ins_760496269,269176.0,270690.0,37.0
ins_295930649,269187.0,271089.0,36.0
ins_703177019,269179.0,269616.0,92.0
ins_1326779222,269173.0,270063.0,98.0
ins_448432338,269176.0,270776.0,39.0
ins_281966504,269170.0,270938.0,37.0
ins_739106276,269180.0,270061.0,92.0
ins_934706407,269179.0,270722.0,37.0
ins_1016314747,269173.0,270969.0,39.0
ins_1194507336,269173.0,270677.0,38.0
ins_840022852,269170.0,269987.0,86.0
ins_963092105,269170.0,270959.0,36.0
ins_935213062,269177.0,270961.0,36.0
ins_1201760070,269174.0,270687.0,35.0
ins_1288452881,269176.0,271033.0,38.0
ins_542035848,269179.0,269579.0,98.0
ins_1346119991,269176.0,269523.0,92.0
ins_205782631,269173.0,270681.0,35.0
ins_639504664,269175.0,269998.0,98.0
ins_607090340,269170.0,270823.0,38.0
ins_768136617,269176.0,270095.0,93.0
ins_633085540,269173.0,270956.0,36.0
ins_1326779302,269174.0,270050.0,88.0
ins_1110052584,269169.0,271084.0,39.0
ins_1336978255,269173.0,270763.0,34.0
ins_597260852,269176.0,271046.0,36.0
ins_394780026,269173.0,270069.0,89.0
ins_313437715,269172.0,269950.0,92.0
ins_348852413,269173.0,269612.0,94.0
ins_1235370972,269172.0,271390.0,53.0
ins_692677096,269176.0,270475.0,28.0
ins_1191694924,269173.0,270104.0,92.0
ins_846717630,269179.0,270367.0,31.0
ins_677833717,269173.0,271338.0,38.0
ins_758700713,269187.0,270193.0,86.0
ins_542196985,269177.0,270810.0,36.0
ins_1267795870,269170.0,270076.0,92.0
ins_1262871249,269173.0,271091.0,36.0
ins_496276993,269173.0,270148.0,93.0
ins_546989622,269179.0,270773.0,35.0
ins_42513758,269186.0,270106.0,86.0
ins_388589819,269170.0,270868.0,39.0
ins_170513713,269170.0,270179.0,94.0
ins_384532130,269174.0,270712.0,34.0
ins_1282460757,269176.0,270675.0,36.0
ins_469944407,269174.0,270894.0,36.0
ins_549538255,269189.0,270123.0,92.0
ins_11970547,269174.0,269730.0,87.0
ins_259816183,269179.0,270956.0,39.0
ins_963092264,269174.0,271062.0,35.0
ins_195614218,269186.0,271022.0,36.0
ins_674305667,269174.0,270997.0,37.0
ins_414501781,269176.0,269551.0,92.0
ins_824586413,269175.0,270635.0,36.0
ins_679152508,269174.0,270733.0,35.0
ins_190187421,269173.0,271095.0,38.0
ins_612906932,269172.0,270065.0,89.0
ins_991332381,269179.0,269997.0,97.0
ins_1209414588,269173.0,270648.0,29.0
ins_376598875,269203.0,271056.0,34.0
ins_660176564,269189.0,270094.0,94.0
ins_1247384635,269177.0,270902.0,37.0
ins_523769385,269177.0,270701.0,37.0
ins_1182457653,269177.0,270264.0,32.0
ins_412541289,269178.0,270062.0,92.0
ins_688234546,269176.0,270914.0,36.0
ins_43015648,269169.0,271024.0,36.0
ins_1283070016,269178.0,270733.0,35.0
ins_1318176168,269173.0,270091.0,91.0
ins_86994611,269173.0,270624.0,38.0
ins_1010972328,269186.0,270648.0,37.0
ins_1307959259,269179.0,271127.0,51.0
ins_1300324269,269179.0,270026.0,98.0
ins_685359572,269178.0,270722.0,37.0
ins_1047209262,269172.0,270908.0,37.0
ins_556636568,269177.0,270212.0,34.0
ins_529968208,269203.0,270761.0,35.0
ins_450590700,269169.0,271339.0,37.0
ins_408697576,269172.0,271019.0,35.0
ins_376598301,269176.0,270654.0,35.0
ins_287886691,269186.0,271229.0,36.0
ins_353025991,269173.0,270962.0,39.0
ins_342795147,269176.0,270059.0,97.0
ins_325062656,269170.0,270044.0,90.0
ins_459965075,269170.0,270063.0,90.0
ins_486251697,269173.0,269988.0,97.0
ins_17580477,269174.0,270018.0,97.0
ins_7995535,269170.0,269570.0,97.0
ins_98916567,269170.0,270026.0,98.0
ins_622724748,269169.0,270070.0,92.0
ins_1083895125,269172.0,270203.0,92.0
ins_200380068,269177.0,271043.0,36.0
ins_568741941,269176.0,271086.0,39.0
ins_403836443,269170.0,270172.0,92.0
ins_178849283,269174.0,270692.0,36.0
ins_492801277,269176.0,270386.0,31.0
ins_1226609671,269178.0,270327.0,33.0
ins_730944296,269177.0,270066.0,91.0
ins_70529391,269180.0,270611.0,39.0
ins_141165172,269169.0,270117.0,91.0
ins_1130934915,269176.0,271506.0,49.0
ins_921834136,269179.0,271003.0,35.0
ins_80729622,269172.0,270668.0,34.0
ins_920076190,269176.0,270022.0,92.0
ins_674777224,269180.0,269614.0,92.0
ins_1299177590,269174.0,270086.0,86.0
ins_760496518,269179.0,270009.0,90.0
ins_739705253,269172.0,270599.0,37.0
ins_567317439,269173.0,270932.0,39.0
ins_810891879,269175.0,270337.0,91.0
ins_271528456,269173.0,271036.0,38.0
ins_403944830,269175.0,270135.0,84.0
ins_1135383587,269173.0,270706.0,37.0
ins_196755394,269173.0,270055.0,89.0
ins_995345826,269172.0,270104.0,88.0
ins_1065043597,269170.0,270657.0,36.0
ins_261440337,269170.0,270129.0,91.0
ins_63204410,269179.0,270065.0,92.0
ins_205215490,269169.0,270107.0,92.0
ins_529746498,269172.0,271089.0,36.0
ins_892187974,269177.0,270620.0,36.0
ins_1126099408,269175.0,269616.0,90.0
ins_242229699,269170.0,270327.0,30.0
ins_539252884,269186.0,271058.0,37.0
ins_957112784,269179.0,270745.0,36.0
ins_751373915,269179.0,270090.0,92.0
ins_531775660,269181.0,269616.0,91.0
ins_206547569,269187.0,270504.0,31.0
ins_1191696508,269203.0,270101.0,92.0
ins_1076703329,269172.0,270058.0,97.0
ins_1191695749,269170.0,269649.0,88.0
ins_1256745432,269176.0,270683.0,35.0
ins_59806214,269179.0,270066.0,98.0
ins_134485334,269176.0,270240.0,94.0
ins_965368386,269173.0,270199.0,92.0
ins_256011195,269188.0,269722.0,92.0
ins_1018604418,269169.0,270960.0,36.0
ins_992781144,269186.0,269623.0,90.0
ins_359668866,269173.0,270021.0,91.0
ins_1280700844,269175.0,270144.0,85.0
ins_629523341,269169.0,270912.0,36.0
ins_1332641659,269176.0,270946.0,39.0
ins_1176267043,269175.0,270904.0,38.0
ins_1169973383,269177.0,270973.0,37.0
ins_377283059,269176.0,270680.0,36.0
ins_450460347,269173.0,269622.0,86.0
ins_744605959,269185.0,270709.0,36.0
ins_71209596,269173.0,270058.0,92.0
ins_403844093,269172.0,270095.0,80.0
ins_83003996,269173.0,270705.0,37.0
ins_213903481,269186.0,270157.0,88.0
ins_271672614,269175.0,270847.0,39.0
ins_1076703772,269172.0,270095.0,92.0
ins_983113730,269176.0,269964.0,97.0
ins_459964234,269174.0,270005.0,89.0
ins_747050641,269176.0,270048.0,89.0
ins_1245418599,269169.0,270040.0,98.0
ins_214590466,269175.0,270688.0,36.0
ins_1008222372,269172.0,270067.0,97.0
ins_1298067407,269186.0,270730.0,37.0
ins_236414793,269172.0,271004.0,36.0
ins_1251282642,269177.0,271099.0,34.0
ins_621773130,269174.0,270971.0,37.0
ins_190787412,269177.0,270831.0,35.0
ins_245998594,269177.0,271026.0,36.0
ins_225911438,269186.0,270833.0,39.0
ins_603669978,269170.0,269986.0,94.0
ins_922034260,269173.0,270956.0,36.0
ins_1272357729,269187.0,270885.0,36.0
ins_751365369,269186.0,270049.0,88.0
ins_105118400,269177.0,270824.0,38.0
ins_883760669,269174.0,270125.0,94.0
ins_1176266451,269179.0,270871.0,38.0
ins_666325279,269177.0,269554.0,97.0
ins_965368483,269175.0,270184.0,89.0
ins_516153958,269172.0,270754.0,38.0
ins_1288452623,269175.0,271070.0,36.0
ins_170514102,269176.0,270226.0,88.0
ins_1003156632,269188.0,271257.0,36.0
ins_469058693,269170.0,270071.0,86.0
ins_1174832034,269176.0,270115.0,92.0
ins_108975453,269188.0,270144.0,94.0
ins_593469963,269170.0,269988.0,98.0
ins_1048649218,269176.0,270734.0,37.0
ins_739705125,269176.0,270096.0,88.0
ins_196969708,269175.0,270057.0,89.0
ins_1182458349,269176.0,270194.0,33.0
ins_70905606,269170.0,270696.0,37.0
ins_611313684,269173.0,270685.0,37.0
ins_784352982,269177.0,270073.0,89.0
ins_747050714,269174.0,270004.0,95.0
ins_495095791,269173.0,270940.0,38.0
ins_216317858,269177.0,270026.0,93.0
ins_1255611324,269177.0,270629.0,38.0
ins_1221050487,269179.0,270198.0,89.0
ins_1058338730,269179.0,270119.0,87.0
ins_1237312232,269177.0,270200.0,85.0
ins_1173252283,269176.0,271031.0,35.0
ins_849452018,269179.0,270154.0,86.0
ins_1306075989,269177.0,270740.0,36.0
ins_737441228,269177.0,270984.0,38.0
ins_116755792,269177.0,270701.0,35.0
ins_200380364,269176.0,270989.0,37.0
ins_1110060754,269174.0,271078.0,40.0
ins_1126107210,269176.0,269606.0,96.0
ins_713721428,269175.0,270709.0,36.0
ins_1130008921,269186.0,270735.0,34.0
ins_759979591,269170.0,270088.0,93.0
ins_921648595,269173.0,270266.0,32.0
ins_650471295,269174.0,270037.0,94.0
ins_921649474,269174.0,270275.0,31.0
ins_1272998157,269174.0,269582.0,97.0
ins_814347634,269172.0,270091.0,95.0
ins_749838371,269170.0,270985.0,36.0
ins_830303933,269186.0,270170.0,90.0
ins_1099880197,269173.0,270120.0,94.0
ins_730944815,269174.0,269978.0,97.0
ins_1100193635,269170.0,271022.0,40.0
ins_432337875,269177.0,270707.0,37.0
ins_650471463,269170.0,270066.0,88.0
ins_17580757,269185.0,270022.0,91.0
ins_105118315,269203.0,270848.0,38.0
ins_363086894,269170.0,270673.0,36.0
ins_141165352,269203.0,270049.0,91.0
ins_180094051,269187.0,270187.0,88.0
ins_51879529,269176.0,270865.0,39.0
ins_53011498,269173.0,270021.0,86.0
ins_1165264983,269173.0,270123.0,96.0
ins_514795387,269176.0,270304.0,32.0
ins_1163669904,269177.0,270984.0,39.0
ins_414501953,269170.0,270055.0,98.0
ins_840693600,269172.0,270982.0,35.0
ins_703177530,269174.0,270091.0,85.0
ins_1347919027,269177.0,270747.0,34.0
ins_577688862,269177.0,270060.0,94.0
ins_922634450,269172.0,270962.0,39.0
ins_496277251,269186.0,270161.0,93.0
ins_11971228,269186.0,271460.0,39.0
ins_910007926,269177.0,271525.0,48.0
ins_1065044293,269174.0,270063.0,98.0
ins_32915659,269185.0,271036.0,35.0
ins_109437241,269176.0,270062.0,95.0
ins_900111753,269174.0,270775.0,36.0
ins_884570834,269169.0,270915.0,39.0
ins_1220116362,269176.0,270984.0,39.0
ins_116756640,269173.0,270705.0,34.0
ins_1098728633,269173.0,270037.0,91.0
ins_396816643,269177.0,270077.0,87.0
ins_703360080,269177.0,270105.0,93.0
ins_1255611464,269173.0,270659.0,38.0
ins_685360243,269179.0,270715.0,37.0
ins_983114333,269173.0,270884.0,39.0
ins_937516623,269179.0,271015.0,37.0
ins_597261213,269170.0,270742.0,35.0
ins_881780371,269177.0,270908.0,38.0
ins_523769235,269173.0,270023.0,94.0
ins_1272358199,269174.0,270379.0,87.0
ins_648511257,269177.0,271579.0,48.0
ins_1193778896,269169.0,270335.0,33.0
ins_287885626,269176.0,271242.0,38.0
ins_688227621,269174.0,270943.0,39.0
ins_434831313,269179.0,270802.0,34.0
ins_377282974,269170.0,270039.0,93.0
ins_957715919,269179.0,270710.0,37.0
ins_1047505358,269176.0,270902.0,37.0
ins_848020661,269174.0,270691.0,34.0
ins_575269894,269177.0,270765.0,35.0
ins_252330387,269179.0,270096.0,97.0
ins_327331264,269173.0,271051.0,34.0
ins_297176682,269172.0,270158.0,94.0
ins_929363622,269176.0,270754.0,35.0
ins_607090003,269176.0,270942.0,40.0
ins_911167689,269172.0,270099.0,95.0
ins_522338151,269176.0,270828.0,37.0
ins_333667169,269173.0,270058.0,90.0
ins_317747813,269176.0,270891.0,38.0
ins_119024742,269172.0,270926.0,38.0
ins_496276810,269176.0,270242.0,94.0
ins_322585188,269174.0,270939.0,41.0
ins_24086291,269173.0,270070.0,94.0
ins_478165448,269178.0,270627.0,39.0
ins_492800485,269187.0,270416.0,30.0
ins_1256746473,269177.0,270719.0,36.0
ins_309856603,269179.0,270969.0,39.0
ins_1181559762,269186.0,271111.0,40.0
ins_678638181,269177.0,270009.0,97.0
ins_134484911,269179.0,270140.0,92.0
ins_367908628,269170.0,269979.0,97.0
ins_469061309,269175.0,271467.0,49.0
ins_569077794,269174.0,270067.0,85.0
ins_685359829,269172.0,270623.0,35.0
ins_1318778436,269176.0,269628.0,88.0
ins_415023517,269173.0,270062.0,92.0
ins_83004146,269172.0,270733.0,37.0
ins_568741138,269170.0,270985.0,34.0
ins_160873103,269179.0,270253.0,32.0
ins_1003958070,269174.0,270339.0,93.0
ins_1126026476,269170.0,269600.0,96.0
ins_260195420,269173.0,270674.0,34.0
ins_186139601,269176.0,269589.0,94.0
ins_1163664668,269169.0,270747.0,37.0
ins_858083024,269202.0,270701.0,35.0
ins_749170907,269204.0,270745.0,33.0
ins_108831625,269169.0,270957.0,37.0
ins_459964710,269186.0,270050.0,94.0
ins_331699517,269174.0,271031.0,34.0
ins_1111778313,269176.0,270070.0,94.0
ins_549537730,269170.0,270662.0,38.0
ins_525755969,269174.0,271026.0,35.0
ins_469944568,269170.0,270868.0,37.0
ins_1194499073,269176.0,270724.0,36.0
ins_1180378383,269187.0,270657.0,37.0
ins_261922813,269172.0,270029.0,93.0
ins_1054024757,269170.0,270047.0,98.0
ins_200379744,269175.0,270937.0,40.0
ins_1074728557,269178.0,270105.0,91.0
ins_422898389,269176.0,271011.0,37.0
ins_758563037,269177.0,270150.0,92.0
ins_150748939,269176.0,270128.0,87.0
ins_353026731,269173.0,270984.0,37.0
ins_972686902,269172.0,271093.0,36.0
ins_633085803,269177.0,270913.0,38.0
ins_1120866599,269176.0,269983.0,97.0
ins_126345059,269173.0,270071.0,92.0
ins_69395116,269177.0,270027.0,93.0
ins_1320603913,269169.0,270143.0,88.0
ins_772853136,269170.0,270706.0,35.0
ins_53755111,269176.0,270860.0,39.0
ins_648709137,269179.0,271366.0,38.0
ins_921222161,269175.0,270147.0,98.0
ins_1338944786,269176.0,270931.0,38.0
ins_1336368283,269179.0,270638.0,37.0
ins_547858632,269174.0,270031.0,78.0
ins_457934523,269176.0,270081.0,98.0
ins_742308702,269185.0,270069.0,89.0
ins_469412727,269177.0,270221.0,33.0
ins_559483137,269169.0,270632.0,37.0
ins_1191066530,269170.0,271040.0,36.0
ins_1018539780,269176.0,271004.0,37.0
ins_186139430,269177.0,269593.0,92.0
ins_1328738130,269172.0,270905.0,38.0
ins_626914341,269172.0,270764.0,34.0
ins_568736285,269174.0,270900.0,38.0
ins_245998360,269179.0,270981.0,36.0
ins_784352650,269180.0,271456.0,48.0
ins_1083895312,269176.0,270219.0,87.0
ins_1174306316,269177.0,270709.0,36.0
ins_678039040,269188.0,270943.0,35.0
ins_1028336120,269172.0,270032.0,96.0
ins_134965690,269176.0,269977.0,97.0
ins_1272366397,269170.0,270186.0,98.0
ins_480445970,269189.0,270696.0,37.0
ins_930784316,269175.0,270903.0,36.0
ins_622724604,269172.0,270067.0,93.0
ins_1012717194,269178.0,270642.0,38.0
ins_79522891,269174.0,269959.0,96.0
ins_1155883486,269179.0,270042.0,98.0
ins_1306060484,269175.0,270072.0,94.0
ins_514794806,269174.0,270259.0,33.0
ins_1165264630,269170.0,270152.0,97.0
ins_541281799,269172.0,270037.0,94.0
ins_295178445,269176.0,270092.0,89.0
ins_1084027350,269169.0,270214.0,95.0
ins_677219983,269176.0,270210.0,88.0
ins_424145502,269175.0,270093.0,98.0
ins_89102137,269186.0,269545.0,97.0
ins_622837762,269173.0,270218.0,91.0
ins_858082764,269169.0,270681.0,36.0
ins_674305422,269169.0,271394.0,37.0
ins_1208935515,269177.0,269614.0,91.0
ins_967315730,269170.0,270662.0,37.0
ins_124382938,269173.0,270890.0,39.0
ins_949731945,269170.0,270312.0,30.0
ins_623550504,269170.0,270268.0,90.0
ins_1039042809,269176.0,270700.0,36.0
ins_803224996,269170.0,270973.0,36.0
ins_1302377212,269170.0,270075.0,93.0
ins_1301454655,269170.0,270979.0,35.0
ins_290029965,269169.0,270200.0,90.0
ins_1084443261,269173.0,270757.0,33.0
ins_178471632,269173.0,270676.0,38.0
ins_1292153040,269169.0,270877.0,38.0
ins_1290745416,269186.0,270631.0,30.0
ins_846715948,269172.0,270388.0,30.0
ins_1062760456,269176.0,270994.0,37.0
ins_1093458380,269176.0,270911.0,39.0
ins_307244874,269174.0,270859.0,38.0
ins_638375924,269170.0,270897.0,39.0
ins_886005680,269186.0,270707.0,35.0
ins_568119344,269177.0,270987.0,38.0
ins_529746655,269177.0,270964.0,38.0
ins_1212269334,269170.0,270989.0,36.0
ins_1280702516,269173.0,271003.0,37.0
ins_575199618,269172.0,269982.0,98.0
ins_1084440846,269177.0,270666.0,38.0
ins_728700127,269170.0,270759.0,34.0
ins_1164109155,269177.0,269995.0,97.0
ins_623550015,269176.0,271503.0,48.0
ins_640867421,269169.0,270056.0,92.0
ins_640264952,269187.0,270707.0,35.0
ins_748982112,269176.0,270235.0,94.0
ins_875799618,269170.0,269982.0,96.0
ins_1038449201,269170.0,270680.0,35.0
ins_1673034,269173.0,270708.0,37.0
ins_134485166,269185.0,270241.0,92.0
ins_341546909,269173.0,270720.0,36.0
ins_341546752,269169.0,270852.0,38.0
ins_341546262,269173.0,270673.0,37.0
ins_1063903535,269174.0,269503.0,97.0
ins_937274961,269173.0,271055.0,36.0
ins_1000459078,269173.0,271428.0,49.0
ins_920075840,269173.0,270050.0,92.0
ins_665405715,269175.0,270685.0,36.0
ins_515554516,269169.0,271003.0,37.0
ins_1282460694,269174.0,270112.0,92.0
ins_1163669079,269174.0,271066.0,36.0
ins_639503761,269173.0,270067.0,96.0
ins_242228904,269169.0,270257.0,33.0
ins_1318176316,269173.0,269589.0,92.0
ins_688227273,269169.0,271023.0,37.0
ins_1226609767,269176.0,270256.0,33.0
ins_1239235044,269175.0,270749.0,34.0
ins_648966339,269169.0,270100.0,94.0
ins_949731125,269177.0,270386.0,32.0
ins_289043865,269170.0,270000.0,93.0
ins_89102438,269177.0,269605.0,93.0
ins_384434367,269177.0,270741.0,36.0
ins_679152577,269177.0,270726.0,36.0
ins_162080190,269173.0,270021.0,98.0
ins_818774204,269174.0,271067.0,39.0
ins_1209405658,269101.0,270471.0,32.0
ins_152260858,269179.0,270635.0,37.0
ins_215835816,269169.0,270197.0,92.0
ins_98738270,269178.0,270102.0,97.0
ins_691518375,269177.0,271001.0,38.0
ins_643143020,269170.0,270954.0,35.0
ins_802234196,269177.0,270083.0,87.0
ins_313438337,269173.0,270128.0,91.0
ins_98916652,269173.0,269632.0,90.0
ins_729525414,269176.0,270617.0,38.0
ins_643143796,269174.0,270969.0,35.0
ins_513658266,269170.0,270712.0,35.0
ins_983713444,269173.0,270693.0,35.0
ins_1300323470,269172.0,270665.0,35.0
ins_674908304,269170.0,270176.0,94.0
ins_515554372,269203.0,271019.0,35.0
ins_1221050393,269174.0,270083.0,86.0
ins_810882812,269170.0,270893.0,37.0
ins_281974909,269170.0,270956.0,36.0
ins_441016955,269204.0,270228.0,85.0
ins_575200541,269177.0,270068.0,96.0
ins_388589073,269179.0,270855.0,35.0
ins_430188898,269174.0,271557.0,53.0
ins_922633579,269177.0,270022.0,90.0
ins_629522867,269174.0,270841.0,38.0
ins_213903397,269177.0,270153.0,91.0
ins_1154044755,269179.0,269541.0,98.0
ins_79523479,269187.0,270095.0,92.0
ins_921834395,269176.0,271014.0,36.0
ins_759175448,269172.0,271137.0,33.0
ins_103853530,269174.0,270686.0,38.0
ins_921361409,269179.0,270051.0,95.0
ins_475690949,269177.0,270981.0,37.0
ins_133237751,269186.0,270724.0,35.0
ins_132478358,269179.0,270020.0,94.0
ins_529968443,269175.0,270681.0,37.0
ins_98427450,269177.0,270086.0,91.0
ins_679152434,269175.0,270809.0,33.0
ins_678030978,269174.0,270849.0,38.0
ins_155064283,269173.0,270611.0,38.0
ins_1061617554,269170.0,270969.0,40.0
ins_86994061,269172.0,270742.0,36.0
ins_205215931,269169.0,270076.0,93.0
ins_1128569157,269177.0,270933.0,36.0
ins_363680031,269175.0,270742.0,35.0
ins_883584476,269174.0,269609.0,93.0
ins_467289033,269174.0,270198.0,92.0
ins_141165081,269173.0,269976.0,98.0
ins_972686973,269186.0,271075.0,37.0
ins_638817829,269170.0,270037.0,88.0
ins_983713253,269170.0,270677.0,35.0
ins_881780603,269175.0,270943.0,38.0
ins_1048649459,269169.0,271038.0,36.0
ins_1280715040,269174.0,270034.0,88.0
ins_523769969,269179.0,270715.0,36.0
ins_913565155,269170.0,270720.0,34.0
ins_444439792,269185.0,270887.0,38.0
ins_992781634,269176.0,269589.0,94.0
ins_551260195,269186.0,270919.0,35.0
ins_1093458558,269175.0,270081.0,83.0
ins_647439567,269173.0,270761.0,34.0
ins_851905213,269169.0,269661.0,96.0
ins_23779865,269186.0,270935.0,38.0
ins_677219907,269172.0,270142.0,96.0
ins_1301454423,269186.0,270939.0,37.0
ins_384515899,269170.0,270732.0,34.0
ins_929657494,269172.0,270675.0,37.0
ins_476132387,269179.0,270087.0,86.0
ins_937198850,269177.0,271262.0,39.0
ins_51880053,269177.0,270772.0,34.0
ins_1094892312,269176.0,270965.0,37.0
ins_214589862,269174.0,270679.0,36.0
ins_1336978071,269174.0,270156.0,85.0
ins_180646827,269173.0,269974.0,97.0
ins_396816011,269179.0,270955.0,37.0
ins_531091500,269177.0,270852.0,38.0
ins_947829630,269177.0,270083.0,89.0
ins_322585354,269173.0,271117.0,39.0
ins_1169964427,269170.0,270931.0,38.0
ins_865683012,269173.0,270355.0,89.0
ins_1318779107,269174.0,269587.0,95.0
ins_840694515,269173.0,271536.0,49.0
ins_290030748,269177.0,270014.0,96.0
ins_1093458195,269186.0,270870.0,36.0
ins_403945001,269178.0,270068.0,98.0
ins_213835825,269188.0,270015.0,97.0
ins_1300324111,269204.0,270907.0,37.0
ins_415022902,269176.0,270144.0,89.0
ins_740714005,269179.0,270710.0,35.0
ins_43015733,269173.0,271052.0,36.0
ins_607090597,269170.0,270917.0,38.0
ins_190787253,269177.0,270096.0,93.0
ins_623388184,269177.0,271418.0,49.0
ins_1310403764,269176.0,270935.0,39.0
ins_205215712,269187.0,270155.0,88.0
ins_668338349,269176.0,270841.0,38.0
ins_234135815,269179.0,270715.0,35.0
ins_80729873,269170.0,270086.0,89.0
ins_1013551093,269177.0,270918.0,37.0
ins_180093778,269173.0,270218.0,87.0
ins_513657520,269173.0,270625.0,36.0
ins_883584901,269178.0,270113.0,90.0
ins_493885088,269169.0,270108.0,96.0
ins_204385324,269176.0,270742.0,36.0
ins_884059309,269175.0,270135.0,90.0
ins_252329846,269174.0,270126.0,90.0
ins_386870099,269173.0,270688.0,37.0
ins_577593862,269175.0,270203.0,92.0
ins_305514306,269176.0,270679.0,35.0
ins_632091274,269188.0,270279.0,33.0
ins_1046233267,269176.0,269621.0,91.0
ins_467260088,269203.0,270928.0,38.0
ins_1061629546,269186.0,270799.0,35.0
ins_740714996,269179.0,270668.0,36.0
ins_648511638,269170.0,270887.0,37.0
ins_215936168,269178.0,270046.0,95.0
ins_422898008,269169.0,270941.0,38.0
ins_469055506,269175.0,270068.0,98.0
ins_1328737678,269179.0,270944.0,36.0
ins_851913434,269179.0,269583.0,88.0
ins_685359744,269173.0,270748.0,34.0
ins_1004335510,269174.0,271390.0,51.0
ins_1092932593,269173.0,270677.0,36.0
ins_629523654,269173.0,270932.0,36.0
ins_1280707347,269174.0,270599.0,40.0
ins_759374434,269173.0,270943.0,37.0
ins_929657400,269175.0,270749.0,34.0
ins_43032910,269179.0,270898.0,39.0
ins_97493158,269176.0,270596.0,37.0
ins_895388549,269170.0,270034.0,93.0
ins_937275754,269174.0,270751.0,35.0
ins_1255852835,269177.0,270895.0,39.0
ins_236414946,269176.0,271475.0,50.0
ins_550730610,269179.0,270236.0,32.0
ins_63204239,269170.0,270120.0,88.0
ins_271672536,269177.0,270964.0,37.0
ins_259816347,269170.0,270702.0,36.0
ins_73490481,269187.0,270983.0,36.0
ins_70078746,269185.0,270086.0,89.0
ins_949732293,269187.0,270416.0,30.0
ins_222517916,269175.0,269999.0,96.0
ins_975002727,269174.0,270048.0,90.0
ins_260195255,269203.0,270121.0,90.0
ins_1099879999,269177.0,270922.0,36.0
ins_1194486744,269181.0,270944.0,37.0
ins_313438137,269176.0,270034.0,98.0
ins_63204154,269179.0,270062.0,93.0
ins_155063877,269185.0,270772.0,35.0
ins_768742398,269204.0,270683.0,36.0
ins_1088588876,269186.0,270913.0,38.0
ins_823641573,269185.0,270054.0,90.0
ins_1163667594,269177.0,270941.0,37.0
ins_995204320,269170.0,270662.0,34.0
ins_1064444078,269188.0,271011.0,39.0
ins_740714520,269177.0,270698.0,36.0
ins_327331719,269186.0,270965.0,38.0
ins_1202206807,269176.0,269999.0,98.0
ins_721513913,269176.0,271415.0,52.0
ins_180093873,269173.0,270162.0,96.0
ins_1209406383,269174.0,270540.0,31.0
ins_756478034,269176.0,270859.0,36.0
ins_53603360,269177.0,270086.0,90.0
ins_1247383598,269176.0,270142.0,94.0
ins_900111416,269176.0,270761.0,35.0
ins_32915003,269204.0,271041.0,34.0
ins_759167646,269170.0,271014.0,34.0
ins_1301454961,269169.0,270033.0,93.0
ins_189641257,269173.0,270703.0,37.0
ins_1048649303,269169.0,270748.0,37.0
ins_768742644,269176.0,270765.0,33.0
ins_70079988,269169.0,269936.0,97.0
ins_810884396,269169.0,270313.0,96.0
ins_568109424,269174.0,271075.0,38.0
ins_529746428,269170.0,270737.0,34.0
ins_1047208900,269186.0,270978.0,37.0
ins_913880477,269170.0,270685.0,36.0
ins_575269987,269169.0,270700.0,37.0
ins_394780419,269172.0,270125.0,89.0
ins_171067196,269176.0,270061.0,91.0
ins_492804407,269173.0,271604.0,50.0
ins_1154045123,269177.0,270165.0,93.0
ins_186139673,269170.0,271623.0,53.0
ins_802234697,269176.0,270039.0,97.0
ins_23779608,269170.0,270876.0,37.0
ins_30453462,269173.0,270002.0,97.0
ins_1292152960,269178.0,270914.0,39.0
ins_1237423823,269169.0,269542.0,94.0
ins_1237312853,269173.0,270152.0,94.0
ins_633085225,269169.0,270992.0,39.0
ins_484897030,269176.0,270072.0,88.0
ins_1074509537,269189.0,270758.0,35.0
ins_904232791,269173.0,270162.0,93.0
ins_51119865,269177.0,270046.0,91.0
ins_541281716,269177.0,270047.0,92.0
ins_467309661,269170.0,270123.0,97.0
ins_1320757882,269169.0,270004.0,98.0
ins_913565796,269172.0,270027.0,90.0
ins_674777976,269175.0,269659.0,81.0
ins_832547321,269203.0,270765.0,34.0
ins_848020165,269178.0,270045.0,95.0
ins_1255002429,269179.0,270669.0,37.0
ins_1130008830,269169.0,270671.0,37.0
ins_353483479,269187.0,270188.0,89.0
ins_703177326,269176.0,269622.0,90.0
ins_297482593,269175.0,269668.0,98.0
ins_530572531,269170.0,270942.0,38.0
ins_358319812,269173.0,271038.0,36.0
ins_513658193,269176.0,270012.0,98.0
ins_921362394,269176.0,270116.0,91.0
ins_1183443816,269176.0,270718.0,36.0
ins_1164109443,269173.0,270021.0,92.0
ins_53011019,269169.0,270768.0,34.0
ins_154851241,269170.0,270988.0,36.0
ins_1062760774,269176.0,270866.0,38.0
ins_1145824786,269176.0,270040.0,92.0
ins_386869319,269176.0,270727.0,35.0
ins_108974944,269176.0,270053.0,93.0
ins_79523238,269186.0,270111.0,88.0
ins_1058962196,269173.0,269663.0,89.0
ins_525757085,269176.0,271077.0,35.0
ins_224182914,269178.0,270108.0,88.0
ins_1081815368,269188.0,270876.0,38.0
ins_297483042,269186.0,269631.0,98.0
ins_629522941,269179.0,270927.0,36.0
ins_632092012,269170.0,270236.0,31.0
ins_303846148,269176.0,270118.0,88.0
ins_1065043495,269173.0,270683.0,34.0
ins_333667016,269173.0,270244.0,80.0
ins_1094064769,269174.0,270660.0,37.0
ins_922634634,269174.0,270069.0,86.0
ins_1002971675,269170.0,270260.0,28.0
ins_278315090,269179.0,270123.0,90.0
ins_760495838,269174.0,270097.0,88.0
ins_1299178013,269179.0,270101.0,97.0
ins_368426218,269173.0,270914.0,37.0
ins_531906348,269172.0,270492.0,33.0
ins_1130000630,269172.0,270998.0,36.0
ins_286555666,269179.0,270078.0,91.0
ins_766702679,269176.0,270700.0,35.0
ins_759979766,269177.0,271016.0,39.0
ins_28090307,269187.0,270430.0,87.0
ins_823640786,269177.0,270172.0,94.0
ins_1201760936,269178.0,270645.0,37.0
ins_1306101283,269176.0,270037.0,94.0
ins_577688942,269179.0,269957.0,96.0
ins_991332052,269180.0,270061.0,96.0
ins_629216190,269179.0,270143.0,92.0
ins_144559231,269186.0,270104.0,88.0
ins_931394454,269180.0,270621.0,36.0
ins_449780003,269172.0,271096.0,34.0
ins_1237202809,269175.0,270067.0,98.0
ins_1006464917,269170.0,270029.0,91.0
ins_758701034,269174.0,270281.0,84.0
ins_729516752,269186.0,270739.0,34.0
ins_721513238,269169.0,271424.0,50.0
ins_1273183853,269173.0,270080.0,84.0
ins_674412499,269177.0,270943.0,36.0
ins_170513789,269186.0,270241.0,88.0
ins_911167768,269176.0,270087.0,93.0
ins_611313271,269176.0,270705.0,34.0
ins_983113906,269186.0,270968.0,35.0
ins_531091337,269176.0,271047.0,35.0
ins_529746221,269175.0,270716.0,37.0
ins_53755417,269176.0,270059.0,95.0
ins_1300324610,269176.0,270891.0,40.0
ins_43015319,269173.0,271319.0,38.0
ins_1085307736,269170.0,271035.0,36.0
ins_26426393,269172.0,270310.0,29.0
ins_359668586,269174.0,270080.0,98.0
ins_271528636,269179.0,271026.0,40.0
ins_1007241996,269170.0,271032.0,35.0
ins_866315474,269169.0,270208.0,92.0
ins_353483400,269170.0,270041.0,87.0
ins_1062760195,269179.0,270984.0,37.0
ins_647440275,269169.0,270710.0,36.0
ins_523769891,269173.0,270785.0,33.0
ins_1003156191,269173.0,271331.0,35.0
ins_665403158,269174.0,270782.0,34.0
ins_1144140513,269176.0,270930.0,39.0
ins_126494660,269169.0,270750.0,35.0
ins_840488054,269178.0,271063.0,36.0
ins_83003742,269173.0,270933.0,37.0
ins_1348163417,269170.0,270638.0,37.0
ins_713130523,269174.0,270726.0,36.0
ins_363678208,269173.0,271043.0,36.0
ins_433475791,269173.0,270313.0,30.0
ins_1307959171,269186.0,270280.0,32.0
ins_1110323237,269174.0,270121.0,97.0
ins_323557331,269203.0,270240.0,33.0
ins_322198293,269173.0,270957.0,39.0
ins_1263768281,269178.0,270264.0,32.0
ins_367908219,269174.0,270004.0,90.0
ins_1263768676,269177.0,270233.0,33.0
ins_1346119185,269176.0,270094.0,98.0
ins_395468716,269176.0,270044.0,91.0
ins_98738107,269174.0,270121.0,91.0
ins_278314890,269204.0,270075.0,94.0
ins_1062760104,269174.0,270983.0,37.0
ins_720904828,269170.0,269617.0,90.0
ins_281963082,269185.0,271001.0,37.0
ins_377283793,269178.0,270779.0,34.0
ins_1239385660,269202.0,270050.0,93.0
ins_133237264,269170.0,270765.0,34.0
ins_858082579,269175.0,270749.0,34.0
ins_1054025214,269203.0,270782.0,36.0
ins_547859346,269174.0,270118.0,94.0
ins_628883543,269177.0,270413.0,95.0
ins_242229873,269177.0,270274.0,32.0
ins_1332641405,269178.0,270957.0,36.0
ins_467289810,269203.0,270186.0,89.0
ins_1347917863,269169.0,270696.0,36.0
ins_692677162,269173.0,270453.0,31.0
ins_126495432,269177.0,271085.0,36.0
ins_331704403,269173.0,270972.0,36.0
ins_561763114,269177.0,270985.0,34.0
ins_1265043464,269176.0,270693.0,36.0
ins_1191066466,269169.0,270861.0,38.0
ins_180272306,269186.0,270066.0,89.0
ins_180140826,269178.0,270956.0,39.0
ins_51119287,269177.0,270161.0,97.0
ins_190187589,269179.0,270948.0,39.0
ins_28090060,269187.0,270151.0,91.0
ins_515940141,269173.0,271078.0,37.0
ins_1127594662,269173.0,269612.0,90.0
ins_484897454,269179.0,270948.0,39.0
ins_433475476,269174.0,270222.0,34.0
ins_1191519587,269172.0,270030.0,90.0
ins_152260784,269178.0,270671.0,38.0
ins_53755352,269173.0,270836.0,37.0
ins_1169964049,269173.0,270715.0,35.0
ins_276962133,269170.0,271017.0,38.0
ins_1235371096,269177.0,270021.0,94.0
ins_529967905,269179.0,270722.0,36.0
ins_404918807,269174.0,270044.0,95.0
ins_802843333,269179.0,269576.0,97.0
ins_1310403852,269177.0,270734.0,36.0
ins_691517817,269175.0,271001.0,36.0
ins_97492925,269179.0,270148.0,91.0
ins_967315808,269173.0,270712.0,34.0
ins_496363616,269173.0,270002.0,97.0
ins_307245442,269186.0,271282.0,51.0
ins_784352572,269172.0,271493.0,50.0
ins_388590073,269169.0,271423.0,50.0
ins_686791174,269170.0,270896.0,40.0
ins_647364740,269203.0,270007.0,93.0
ins_104789775,269173.0,269600.0,86.0
ins_469412516,269176.0,270222.0,31.0
ins_865682655,269177.0,271577.0,48.0
ins_1239393703,269173.0,270115.0,92.0
ins_1292682158,269175.0,270745.0,37.0
ins_678638641,269179.0,270057.0,90.0
ins_114458803,269174.0,270063.0,86.0
ins_1320603822,269169.0,270700.0,35.0
ins_5882586,269176.0,270056.0,94.0
ins_1155992665,269177.0,270131.0,87.0
ins_720904672,269172.0,269621.0,89.0
ins_976703845,269179.0,270087.0,95.0
ins_313437634,269170.0,270022.0,93.0
ins_422897850,269169.0,270100.0,93.0
ins_587275046,269202.0,269988.0,98.0
ins_1293592897,269169.0,270892.0,37.0
ins_1316730304,269178.0,270122.0,94.0
ins_911167605,269176.0,270114.0,92.0
ins_547858996,269172.0,270054.0,90.0
ins_1191693387,269170.0,270836.0,36.0
ins_1126074911,269175.0,269599.0,97.0
ins_206547404,269177.0,270565.0,30.0
ins_639504048,269180.0,270958.0,37.0
ins_721898122,269169.0,270900.0,37.0
ins_475690505,269187.0,271036.0,39.0
ins_348851390,269185.0,271716.0,50.0
ins_1002677276,269186.0,270114.0,87.0
ins_412541040,269179.0,270115.0,93.0
ins_414501104,269173.0,269582.0,97.0
ins_358319961,269177.0,271061.0,36.0
ins_51120464,269176.0,270743.0,35.0
ins_867775814,269186.0,270092.0,91.0
ins_242229967,269176.0,270229.0,32.0
ins_1100193149,269177.0,270139.0,88.0
ins_1169963899,269170.0,269530.0,98.0
ins_1263768033,269179.0,270266.0,32.0
ins_1336368212,269179.0,270632.0,38.0
ins_1175437150,269186.0,270684.0,35.0
ins_1175437515,269172.0,270057.0,91.0
ins_910593722,269170.0,270101.0,87.0
ins_7769544,269174.0,269571.0,92.0
ins_386869674,269177.0,270946.0,35.0
ins_577167489,269172.0,270247.0,91.0
ins_841820053,269173.0,270611.0,38.0
ins_1293581852,269172.0,270042.0,90.0
ins_666962653,269170.0,270827.0,38.0
ins_367908394,269176.0,270065.0,91.0
ins_450461063,269175.0,269559.0,89.0
ins_1263768371,269177.0,270245.0,33.0
ins_1257576409,269176.0,270983.0,36.0
ins_376529728,269174.0,270097.0,91.0
ins_1318175715,269180.0,269607.0,93.0
ins_1245418994,269170.0,270093.0,84.0
ins_739704739,269177.0,270661.0,36.0
ins_224182631,269170.0,270705.0,32.0
ins_1018540436,269170.0,270330.0,90.0
ins_80728617,269170.0,270716.0,34.0
ins_810029139,269169.0,271014.0,37.0
ins_1173203218,269173.0,271003.0,35.0
ins_822047188,269177.0,270715.0,37.0
ins_1008224699,269174.0,270220.0,92.0
ins_830303410,269178.0,270237.0,94.0
ins_123033186,269173.0,270703.0,36.0
ins_1158079102,269187.0,270690.0,34.0
ins_1247986257,269173.0,270094.0,98.0
ins_287885883,269170.0,271215.0,37.0
ins_450591343,269175.0,271366.0,38.0
ins_529746966,269176.0,270725.0,35.0
ins_213835434,269175.0,270061.0,89.0
ins_678031136,269176.0,270928.0,37.0
ins_276962290,269169.0,270963.0,37.0
ins_1336367819,269176.0,270775.0,33.0
ins_469056356,269174.0,271286.0,52.0
ins_557003538,269176.0,271076.0,37.0
ins_271672769,269172.0,270061.0,91.0
ins_640265180,269173.0,270624.0,38.0
ins_270732490,269169.0,270970.0,38.0
ins_160872632,269174.0,270026.0,93.0
ins_1175437241,269200.0,271024.0,35.0
ins_363677356,269177.0,270106.0,98.0
ins_261441560,269170.0,270166.0,88.0
ins_769572143,269186.0,270929.0,40.0
ins_603670552,269169.0,270003.0,92.0
ins_378629930,269186.0,270133.0,98.0
ins_1008228137,269179.0,270294.0,86.0
ins_196969421,269176.0,270687.0,35.0
ins_71209418,269170.0,270654.0,37.0
ins_568739608,269179.0,270867.0,40.0
ins_612906437,269176.0,269985.0,97.0
ins_297176120,269173.0,270133.0,93.0
ins_190787070,269177.0,270161.0,93.0
ins_189657507,269170.0,270055.0,98.0
ins_643142944,269175.0,270999.0,35.0
ins_795055471,269173.0,270674.0,38.0
ins_70529540,269188.0,270741.0,34.0
ins_331700295,269170.0,270989.0,35.0
ins_1110050982,269176.0,271060.0,37.0
ins_993163578,269169.0,270668.0,37.0
ins_585546757,269475.0,271117.0,32.0
ins_911458923,269203.0,270082.0,97.0
ins_975060558,269173.0,270161.0,90.0
ins_802234288,269173.0,269595.0,95.0
ins_1112419482,269187.0,270444.0,32.0
ins_611917047,269176.0,270057.0,95.0
ins_395467932,269173.0,270937.0,36.0
ins_504229803,269174.0,270980.0,36.0
ins_7816192,269172.0,270087.0,97.0
ins_490032421,269174.0,270973.0,39.0
ins_295930079,269170.0,270711.0,36.0
ins_1112419714,269203.0,270429.0,33.0
ins_493885504,269186.0,270095.0,93.0
ins_495095641,269176.0,271064.0,37.0
ins_415023922,269169.0,270018.0,94.0
ins_240868541,269169.0,270033.0,93.0
ins_243730978,269170.0,270144.0,89.0
ins_457935097,269173.0,271007.0,40.0
ins_135117600,269170.0,270891.0,37.0
ins_995204406,269173.0,270693.0,38.0
ins_408696734,269172.0,270924.0,38.0
ins_547858808,269170.0,270096.0,89.0
ins_981428606,269176.0,270733.0,37.0
ins_911459216,269173.0,270022.0,98.0
ins_450591274,269169.0,271348.0,37.0
ins_638375855,269173.0,270915.0,39.0
ins_492802014,269173.0,270027.0,97.0
ins_550730162,269176.0,270235.0,33.0
ins_972686358,269173.0,271040.0,35.0
ins_577594156,269169.0,270185.0,95.0
ins_1183451671,269177.0,270633.0,34.0
ins_232102411,269200.0,270082.0,90.0
ins_504230148,269179.0,270595.0,40.0
ins_93307501,269186.0,271031.0,35.0
ins_558130546,269174.0,270144.0,84.0
ins_1174832264,269187.0,270016.0,91.0
ins_1227144902,269175.0,270945.0,33.0
ins_613251382,269174.0,270551.0,32.0
ins_1220117120,269173.0,271040.0,37.0
ins_63203761,269187.0,270036.0,91.0
ins_1174306538,269177.0,270732.0,36.0
ins_186140007,269175.0,271594.0,52.0
ins_98737697,269180.0,270175.0,94.0
ins_377282879,269174.0,271105.0,35.0
ins_126344661,269185.0,270051.0,95.0
ins_633085990,269177.0,271029.0,36.0
ins_434373941,269177.0,270053.0,90.0
ins_1111778845,269186.0,270040.0,98.0
ins_89150074,269173.0,270174.0,86.0
ins_434230237,269173.0,271132.0,36.0
ins_802418720,269178.0,270190.0,97.0
ins_1236820743,269174.0,270131.0,90.0
ins_577689262,269173.0,270064.0,95.0
ins_467286457,269178.0,270120.0,98.0
ins_981428697,269169.0,270754.0,33.0
ins_449262049,269179.0,270910.0,37.0
ins_51879598,269173.0,270014.0,92.0
ins_708791327,269204.0,271347.0,36.0
ins_1074508163,269169.0,270741.0,35.0
ins_449780093,269173.0,270992.0,34.0
ins_929363427,269176.0,270657.0,38.0
ins_1320596171,269177.0,270662.0,35.0
ins_703361019,269189.0,270249.0,91.0
ins_1127594736,269173.0,269608.0,91.0
ins_934698208,269175.0,270092.0,93.0
ins_469412228,269170.0,270263.0,31.0
ins_810029392,269173.0,271032.0,37.0
ins_810878837,269170.0,270988.0,35.0
ins_593470052,269173.0,270111.0,88.0
ins_32915740,269179.0,270985.0,37.0
ins_24085687,269176.0,270096.0,93.0
ins_674776978,269170.0,269592.0,93.0
ins_865683264,269176.0,270022.0,93.0
ins_829835824,269176.0,270061.0,89.0
ins_559483290,269176.0,270057.0,89.0
ins_353026417,269189.0,271021.0,35.0
ins_98737870,269186.0,270100.0,94.0
ins_1028969615,269177.0,270179.0,94.0
ins_784353161,269172.0,271453.0,49.0
ins_531092329,269186.0,270957.0,35.0
ins_822047021,269172.0,270704.0,38.0
ins_115617415,269170.0,270641.0,34.0
ins_505962125,269176.0,271381.0,49.0
ins_876401788,269185.0,270104.0,91.0
ins_1007242463,269174.0,271008.0,40.0
ins_1255611245,269173.0,270707.0,35.0
ins_5657199,269170.0,270688.0,37.0
ins_477647268,269177.0,270717.0,34.0
ins_71209326,269179.0,270031.0,97.0
ins_114499770,269176.0,270056.0,88.0
ins_850060589,269179.0,270135.0,93.0
ins_327331417,269186.0,270886.0,39.0
ins_669528597,269176.0,270283.0,31.0
ins_495850373,269186.0,270070.0,94.0
ins_331705328,269170.0,270977.0,35.0
ins_53011584,269172.0,270743.0,34.0
ins_571354045,269170.0,271105.0,34.0
ins_295178633,269176.0,270030.0,90.0
ins_895686680,269188.0,270052.0,91.0
ins_1003356878,269169.0,270980.0,37.0
ins_1336368415,269173.0,270972.0,37.0
ins_840488134,269169.0,271045.0,36.0
ins_276962217,269175.0,270930.0,37.0
ins_278100107,269170.0,270975.0,36.0
ins_216316836,269179.0,270075.0,91.0
ins_51120043,269189.0,270062.0,89.0
ins_772853571,269173.0,270960.0,37.0
ins_1251282471,269173.0,271074.0,36.0
ins_295247915,269173.0,271018.0,38.0
ins_442451156,269177.0,270624.0,36.0
ins_1029163978,269170.0,270081.0,97.0
ins_441017658,269189.0,270030.0,94.0
ins_291801542,269177.0,270088.0,98.0
ins_666962896,269176.0,270828.0,40.0
ins_1235362037,269173.0,270092.0,83.0
ins_705751597,269186.0,270415.0,32.0
ins_922034168,269186.0,270834.0,39.0
ins_884179966,269186.0,269622.0,90.0
ins_1139717206,269170.0,270027.0,89.0
ins_1207143435,269177.0,270964.0,35.0
ins_1227144363,269176.0,270888.0,39.0
ins_1012108544,269186.0,270951.0,38.0
ins_846715118,269178.0,270396.0,32.0
ins_190330309,269170.0,270913.0,38.0
ins_189624699,269177.0,270679.0,38.0
ins_748982275,269177.0,270209.0,93.0
ins_814347188,269186.0,270158.0,90.0
ins_287885797,269174.0,271178.0,38.0
ins_450461640,269176.0,269565.0,88.0
ins_1181560108,269173.0,271093.0,38.0
ins_259816659,269176.0,271031.0,38.0
ins_920075346,269169.0,270069.0,94.0
ins_921834059,269169.0,271260.0,38.0
ins_376598395,269173.0,270141.0,92.0
ins_1310403944,269174.0,270722.0,34.0
ins_307245518,269173.0,270908.0,36.0
ins_123863489,269179.0,270061.0,98.0
ins_651877427,269175.0,270201.0,85.0
ins_660290158,269179.0,270305.0,84.0
ins_388061505,269186.0,270217.0,32.0
ins_452820426,269177.0,269966.0,97.0
ins_648967436,269203.0,270053.0,88.0
ins_891376504,269172.0,271092.0,35.0
ins_458616439,269176.0,270741.0,36.0
ins_388061809,269170.0,270241.0,31.0
ins_348851723,269173.0,271788.0,48.0
ins_557003617,269170.0,270998.0,35.0
ins_695397745,269170.0,270656.0,38.0
ins_611917225,269170.0,270095.0,89.0
ins_1010972476,269173.0,271058.0,38.0
ins_1001396427,269188.0,270020.0,86.0
ins_757105323,269179.0,269991.0,92.0
ins_522337601,269169.0,270071.0,98.0
ins_850061333,269176.0,270016.0,94.0
ins_626909332,269175.0,270102.0,95.0
ins_1227144438,269175.0,270685.0,35.0
ins_180135817,269170.0,270091.0,93.0
ins_180139219,269173.0,270945.0,37.0
ins_795055699,269176.0,270763.0,36.0
ins_272128565,269176.0,270813.0,34.0
ins_1038449367,269177.0,270124.0,92.0
ins_234135494,269185.0,270645.0,36.0
ins_557445512,269175.0,270185.0,88.0
ins_1256138580,269172.0,270090.0,88.0
ins_276961791,269177.0,270955.0,35.0
ins_596115963,269174.0,270244.0,33.0
ins_603670644,269174.0,270108.0,92.0
ins_1220117049,269174.0,271016.0,37.0
ins_152261289,269189.0,270046.0,97.0
ins_450591784,269173.0,271300.0,37.0
ins_648511153,269169.0,271484.0,51.0
ins_98916231,269174.0,269614.0,86.0
ins_674776821,269177.0,269634.0,90.0
ins_629215702,269177.0,270031.0,96.0
ins_1273183467,269169.0,270067.0,93.0
ins_1110322181,269177.0,270174.0,90.0
ins_758701280,269174.0,270260.0,97.0
ins_126344752,269176.0,270046.0,94.0
ins_949731043,269177.0,270461.0,30.0
ins_737441372,269170.0,271048.0,35.0
ins_352882760,269174.0,271027.0,39.0
ins_295247996,269177.0,270770.0,36.0
ins_70529620,269172.0,270731.0,34.0
ins_670516195,269173.0,270968.0,36.0
ins_1320757810,269179.0,270078.0,91.0
ins_1012109075,269175.0,270947.0,38.0
ins_1158079022,269177.0,270103.0,90.0
ins_224183149,269175.0,270056.0,97.0
ins_748508315,269175.0,270082.0,98.0
ins_1002685160,269170.0,270008.0,95.0
ins_741018560,269177.0,270925.0,37.0
ins_1255851999,269174.0,271064.0,35.0
ins_841820523,269175.0,270626.0,37.0
ins_1018852113,269179.0,270905.0,38.0
ins_234136108,269177.0,269983.0,93.0
ins_832547017,269186.0,270654.0,38.0
ins_972686738,269203.0,271178.0,38.0
ins_1126018426,269174.0,269620.0,95.0
ins_444439537,269179.0,271111.0,37.0
ins_388061093,269177.0,270234.0,31.0
ins_867776730,269175.0,270157.0,90.0
ins_1212270299,269173.0,270943.0,38.0
ins_1063903306,269203.0,269522.0,95.0
ins_670516267,269170.0,270994.0,37.0
ins_1176266954,269177.0,270960.0,37.0
ins_1257576262,269170.0,270978.0,37.0
ins_921222016,269173.0,270196.0,93.0
ins_399098263,269173.0,270693.0,37.0
ins_446490550,269176.0,269675.0,93.0
ins_911841716,269169.0,270711.0,35.0
ins_1334105348,269173.0,271053.0,35.0
ins_79523055,269176.0,270024.0,92.0
ins_1278124186,269174.0,271109.0,33.0
ins_1275078486,269177.0,271525.0,49.0
ins_522337674,269173.0,269938.0,95.0
ins_25376308,269172.0,270686.0,37.0
ins_376529659,269174.0,270075.0,88.0
ins_433476024,269179.0,270281.0,32.0
ins_30452668,269187.0,270128.0,94.0
ins_513658504,269177.0,270984.0,35.0
ins_1098727779,269173.0,270143.0,86.0
ins_261440831,269179.0,270117.0,94.0
ins_377283715,269174.0,270682.0,36.0
ins_776731521,269179.0,270686.0,37.0
ins_551260829,269176.0,270917.0,36.0
ins_1217844073,269186.0,270093.0,89.0
ins_670516037,269178.0,270972.0,37.0
ins_839890360,269177.0,270199.0,97.0
ins_313437933,269176.0,270169.0,81.0
ins_640264609,269169.0,270693.0,38.0
ins_976704630,269170.0,270044.0,90.0
ins_1038449124,269170.0,270662.0,36.0
ins_688234635,269169.0,270995.0,36.0
ins_1145824863,269174.0,270955.0,36.0
ins_666962570,269170.0,270066.0,98.0
ins_151433560,269172.0,270089.0,94.0
ins_759373429,269172.0,270917.0,37.0
ins_810891050,269174.0,270109.0,86.0
ins_666963515,269174.0,270977.0,34.0
ins_386869480,269169.0,270038.0,93.0
ins_841820612,269176.0,270671.0,36.0
ins_587275133,269176.0,271440.0,51.0
ins_883760834,269177.0,270102.0,97.0
ins_196756408,269185.0,270003.0,98.0
ins_1220116275,269175.0,271002.0,37.0
ins_623388272,269179.0,269642.0,89.0
ins_476133310,269175.0,270063.0,97.0
ins_749827873,269177.0,271042.0,36.0
ins_687919872,269170.0,271014.0,34.0
ins_28090141,269177.0,270078.0,93.0
ins_34251068,269170.0,270878.0,33.0
ins_675759647,269172.0,270129.0,92.0
ins_983113648,269173.0,270069.0,88.0
ins_108974786,269178.0,270956.0,37.0
ins_1110322985,269178.0,270108.0,96.0
ins_751365458,269187.0,270136.0,92.0
ins_504230064,269177.0,270675.0,36.0
ins_245998677,269179.0,270719.0,37.0
ins_133237185,269185.0,270671.0,37.0
ins_1120866874,269177.0,270138.0,90.0
ins_569077972,269174.0,270065.0,89.0
ins_1256138490,269177.0,270908.0,37.0
ins_759175066,269179.0,271375.0,38.0
ins_1084703550,269175.0,270919.0,34.0
ins_1348163267,269172.0,270035.0,96.0
ins_1085308060,269169.0,270067.0,97.0
ins_640264749,269172.0,270719.0,36.0
ins_271671674,269174.0,270925.0,38.0
ins_810029222,269177.0,271034.0,38.0
ins_35410152,269173.0,270730.0,37.0
ins_477646577,269176.0,270662.0,36.0
ins_1101085439,269175.0,270265.0,33.0
ins_333148217,269187.0,269597.0,92.0
ins_342794460,269176.0,270136.0,95.0
ins_1111778588,269189.0,270023.0,91.0
ins_243731065,269176.0,270048.0,93.0
ins_910590477,269170.0,269587.0,97.0
ins_1265043692,269180.0,270070.0,98.0
ins_457866863,269177.0,270032.0,89.0
ins_949732110,269177.0,270438.0,32.0
ins_1082746511,269169.0,270037.0,96.0
ins_1257576107,269176.0,270939.0,36.0
ins_434832069,269177.0,270742.0,37.0
ins_650470630,269176.0,270043.0,97.0
ins_1012717698,269176.0,270742.0,35.0
ins_1302376837,269173.0,270022.0,91.0
ins_1194487669,269174.0,270824.0,32.0
ins_769572053,269176.0,271007.0,37.0
ins_992781806,269179.0,269609.0,96.0
ins_70905320,269175.0,270719.0,37.0
ins_53011925,269186.0,270657.0,37.0
ins_558971276,269176.0,271053.0,38.0
ins_412541383,269176.0,270109.0,97.0
ins_63204491,269178.0,271423.0,50.0
ins_547001005,269170.0,269977.0,97.0
ins_352883313,269169.0,271136.0,37.0
ins_824575654,269174.0,270726.0,34.0
ins_369235303,269173.0,271336.0,38.0
ins_89149746,269172.0,270165.0,98.0
ins_541281013,269174.0,270008.0,96.0
ins_620605751,269176.0,270047.0,94.0
ins_1030426729,269176.0,270102.0,90.0
ins_613250626,269170.0,270509.0,30.0
ins_749827106,269173.0,271012.0,36.0
ins_529746290,269179.0,270064.0,93.0
ins_688227363,269174.0,270929.0,37.0
ins_1058338490,269174.0,269983.0,96.0
ins_1145824943,269170.0,270074.0,88.0
ins_1290745658,269170.0,270481.0,31.0
ins_1128569342,269169.0,270981.0,38.0
ins_539253304,269173.0,270679.0,37.0
ins_1002545489,269173.0,270188.0,94.0
ins_422897758,269173.0,270665.0,36.0
ins_1191687345,269170.0,269594.0,88.0
ins_1094893311,269174.0,270903.0,40.0
ins_256011861,269176.0,269664.0,92.0
ins_531092245,269175.0,271055.0,36.0
ins_1173211355,269187.0,271025.0,34.0
ins_758700788,269176.0,270113.0,93.0
ins_957112869,269174.0,270075.0,91.0
ins_638818295,269170.0,270025.0,91.0
ins_1098721395,269173.0,270048.0,88.0
ins_744594292,269176.0,270078.0,92.0
ins_1003156545,269176.0,271238.0,38.0
ins_839883017,269170.0,270233.0,86.0
ins_977001936,269173.0,270095.0,93.0
ins_396298993,269174.0,270648.0,37.0
ins_450460976,269173.0,269537.0,90.0
ins_108974863,269186.0,271084.0,37.0
ins_1227152234,269176.0,270715.0,36.0
ins_190187507,269176.0,270974.0,39.0
ins_467243510,269180.0,269534.0,92.0
ins_687920350,269176.0,271010.0,36.0
ins_1003356602,269172.0,270893.0,37.0
ins_369902458,269170.0,270071.0,85.0
ins_189616441,269179.0,270723.0,37.0
ins_368426054,269176.0,271071.0,37.0
ins_190786600,269173.0,270153.0,91.0
ins_41682514,269174.0,270973.0,37.0
ins_1158078657,269169.0,270048.0,97.0
ins_558971017,269176.0,270687.0,37.0
ins_484896859,269169.0,271014.0,38.0
ins_1008228947,269187.0,270106.0,96.0
ins_1193142951,269187.0,270914.0,36.0
ins_287886238,269203.0,271151.0,38.0
ins_900110934,269179.0,270742.0,37.0
ins_1084703381,269169.0,270160.0,91.0
ins_1018852024,269176.0,270979.0,36.0
ins_315468157,269175.0,270682.0,36.0
ins_1076703566,269177.0,270095.0,93.0
ins_638376850,269179.0,270944.0,36.0
ins_323556325,269177.0,270217.0,32.0
ins_728700295,269187.0,271217.0,36.0
ins_333667425,269180.0,270105.0,92.0
ins_403944374,269173.0,270979.0,40.0
ins_1275078037,269170.0,269657.0,88.0
ins_348851473,269176.0,271670.0,50.0
ins_911459586,269174.0,269619.0,85.0
ins_1109699331,269185.0,270841.0,38.0
ins_994886752,269176.0,270762.0,34.0
ins_1158078941,269176.0,270045.0,93.0
ins_1065043397,269170.0,270063.0,87.0
ins_109869337,269170.0,270686.0,34.0
ins_902381575,269178.0,270625.0,39.0
ins_1326779064,269170.0,270042.0,95.0
ins_849452542,269177.0,270108.0,94.0
ins_630895793,269169.0,270937.0,38.0
ins_17403297,269187.0,270180.0,84.0
ins_967315275,269176.0,270700.0,36.0
ins_1174832188,269172.0,270944.0,38.0
ins_1310404121,269176.0,270926.0,40.0
ins_1098726971,269185.0,270770.0,34.0
ins_665404024,269174.0,270097.0,92.0
ins_1130000548,269188.0,270720.0,36.0
ins_891375733,269203.0,270977.0,40.0
ins_457866790,269169.0,270076.0,93.0
ins_876402312,269204.0,270733.0,35.0
ins_267490655,269176.0,269593.0,88.0
ins_135117190,269174.0,270855.0,38.0
ins_135117436,269179.0,270801.0,37.0
ins_1191695424,269169.0,269638.0,96.0
ins_577689019,269187.0,269598.0,91.0
ins_281729064,269170.0,271013.0,37.0
ins_388589669,269186.0,271289.0,55.0
ins_17403599,269170.0,270101.0,96.0
ins_976704067,269173.0,270036.0,98.0
ins_1163668289,269179.0,271011.0,37.0
ins_713721509,269175.0,270099.0,91.0
ins_104789463,269172.0,269545.0,96.0
ins_174670198,269170.0,270983.0,35.0
ins_1235362431,269169.0,271402.0,49.0
ins_994886668,269177.0,270667.0,36.0
ins_1235371039,269203.0,271469.0,49.0
ins_215936710,269169.0,270092.0,97.0
ins_821037294,269173.0,270823.0,34.0
ins_772853658,269177.0,271072.0,36.0
ins_315468069,269187.0,270316.0,94.0
ins_205773963,269186.0,270672.0,35.0
ins_1345137428,269170.0,270854.0,36.0
ins_97493244,269177.0,270741.0,35.0
ins_719096857,269177.0,271118.0,39.0
ins_865842271,269174.0,270011.0,90.0
ins_333147839,269179.0,269604.0,92.0
ins_403899903,269186.0,270153.0,97.0
ins_109436925,269175.0,270402.0,90.0
ins_603669809,269176.0,270343.0,90.0
ins_900111331,269173.0,270787.0,34.0
ins_674412815,269186.0,270975.0,37.0
ins_669528811,269189.0,270340.0,29.0
ins_1256746556,269176.0,270004.0,98.0
ins_1301454891,269177.0,270989.0,38.0
ins_1003148872,269173.0,271323.0,37.0
ins_126345135,269169.0,270061.0,96.0
ins_44995809,269176.0,270044.0,91.0
ins_43015084,269172.0,271297.0,37.0
ins_1299178393,269169.0,270059.0,95.0
ins_285795378,269177.0,269561.0,86.0
ins_1018540962,269170.0,270267.0,94.0
ins_70529794,269179.0,270669.0,35.0
ins_493885944,269170.0,270026.0,92.0
ins_626910177,269185.0,270173.0,84.0
ins_1267785941,269174.0,270050.0,91.0
ins_1183451836,269169.0,270633.0,39.0
ins_53125030,269175.0,270225.0,91.0
ins_23449465,269174.0,269632.0,97.0
ins_1139708203,269186.0,270029.0,91.0
ins_1038448874,269175.0,270877.0,38.0
ins_363683309,269175.0,271054.0,38.0
ins_549537823,269174.0,270616.0,37.0
ins_1345776227,269172.0,270094.0,90.0
ins_703360709,269169.0,270224.0,92.0
ins_529968138,269173.0,270665.0,35.0
ins_43539051,269173.0,270263.0,85.0
ins_939399571,269170.0,270663.0,36.0
ins_287077636,269176.0,270912.0,38.0
ins_388060807,269179.0,270244.0,33.0
ins_1058962496,269176.0,269664.0,89.0
ins_577593953,269172.0,270206.0,91.0
ins_670516113,269177.0,270953.0,37.0
ins_26427090,269172.0,270184.0,34.0
ins_281964707,269174.0,270085.0,98.0
ins_1016548804,269177.0,270997.0,36.0
ins_920075554,269177.0,270052.0,90.0
ins_1256745525,269178.0,270675.0,36.0
ins_1008223076,269176.0,270028.0,95.0
ins_1120411172,269176.0,270652.0,37.0
ins_800425576,269176.0,271014.0,39.0
ins_305513966,269173.0,270695.0,36.0
ins_719096413,269174.0,270932.0,38.0
ins_124383384,269170.0,270994.0,35.0
ins_922034356,269176.0,271082.0,33.0
ins_434374110,269177.0,270920.0,38.0
ins_525756056,269172.0,270700.0,34.0
ins_691518245,269179.0,271045.0,37.0
ins_370395580,269179.0,270024.0,93.0
ins_170986057,269174.0,270099.0,98.0
ins_611314249,269173.0,270696.0,37.0
ins_89102333,269173.0,270351.0,86.0
ins_450591592,269186.0,271320.0,36.0
ins_271528966,269185.0,271086.0,39.0
ins_577594061,269172.0,270138.0,90.0
ins_1237423587,269179.0,269613.0,93.0
ins_758562715,269179.0,270131.0,95.0
ins_11971135,269177.0,270993.0,37.0
ins_670516471,269174.0,271043.0,35.0
ins_576408817,269176.0,270979.0,36.0
ins_1334105914,269172.0,270991.0,38.0
ins_995204154,269170.0,270666.0,35.0
ins_1003357289,269186.0,271013.0,35.0
ins_1012108386,269203.0,271094.0,36.0
ins_910008010,269176.0,270072.0,98.0
ins_1039051686,269174.0,270685.0,34.0
ins_840694250,269174.0,270900.0,34.0
ins_352131797,269172.0,270285.0,30.0
ins_1112420048,269173.0,270420.0,31.0
ins_768136334,269172.0,270078.0,98.0
ins_1156103029,269175.0,269602.0,90.0
ins_189723059,269172.0,270701.0,34.0
ins_674908547,269170.0,270199.0,90.0
ins_1272819646,269187.0,270081.0,94.0
ins_571353973,269173.0,270968.0,36.0
ins_70905803,269173.0,269998.0,98.0
ins_295930916,269170.0,270701.0,33.0
ins_1139708493,269170.0,270850.0,37.0
ins_542197245,269177.0,270847.0,37.0
ins_542036026,269173.0,269621.0,96.0
ins_322199199,269189.0,271029.0,36.0
ins_215936625,269177.0,270061.0,90.0
ins_668338495,269169.0,270928.0,36.0
ins_89149830,269177.0,270164.0,87.0
ins_1004348351,269174.0,271485.0,49.0
ins_450591421,269179.0,271140.0,38.0
ins_206547985,269178.0,270561.0,32.0
ins_818774281,269173.0,270810.0,35.0
ins_849452327,269177.0,270055.0,87.0
ins_911841785,269177.0,270749.0,33.0
ins_647442554,269174.0,270744.0,34.0
ins_359669117,269176.0,270093.0,89.0
ins_677832816,269174.0,271344.0,36.0
ins_802843407,269186.0,269555.0,92.0
ins_1054024401,269170.0,270772.0,36.0
ins_1273182769,269174.0,270113.0,85.0
ins_103851885,269177.0,270000.0,98.0
ins_947002784,269173.0,270978.0,35.0
ins_784503362,269180.0,270048.0,94.0
ins_992781221,269177.0,269550.0,87.0
ins_325063058,269170.0,270046.0,92.0
ins_309847550,269187.0,270781.0,35.0
ins_993162692,269176.0,270714.0,35.0
ins_180094669,269176.0,270225.0,88.0
ins_823641125,269188.0,270098.0,89.0
ins_947830141,269176.0,270054.0,97.0
ins_132478270,269203.0,270133.0,89.0
ins_86994829,269173.0,270716.0,37.0
ins_1278124427,269187.0,271021.0,37.0
ins_556645238,269174.0,270269.0,32.0
ins_53011318,269170.0,270705.0,35.0
ins_597260942,269173.0,270985.0,35.0
ins_1202214946,269174.0,270052.0,92.0
ins_180646982,269176.0,270120.0,87.0
ins_913565717,269174.0,270689.0,37.0
ins_132547540,269177.0,270908.0,38.0
ins_1307958331,269169.0,269503.0,96.0
ins_607090257,269178.0,270956.0,36.0
ins_1247985784,269177.0,270192.0,92.0
ins_921648684,269177.0,270217.0,32.0
ins_1031063857,269176.0,270373.0,33.0
ins_205772306,269176.0,270700.0,34.0
ins_123033696,269176.0,270615.0,36.0
ins_1293592023,269173.0,270080.0,92.0
ins_1336977216,269185.0,270669.0,37.0
ins_539252971,269176.0,271049.0,38.0
ins_1004346061,269174.0,271377.0,52.0
ins_814347110,269177.0,270095.0,89.0
ins_1237312424,269173.0,270193.0,84.0
ins_25376808,269179.0,270661.0,34.0
ins_424145874,269177.0,270141.0,89.0
ins_629216506,269176.0,270000.0,94.0
ins_23449237,269174.0,269677.0,88.0
ins_567317354,269179.0,271009.0,36.0
ins_77883775,269176.0,270076.0,90.0
ins_922634264,269170.0,269967.0,97.0
ins_314123894,269169.0,270069.0,94.0
ins_957113024,269173.0,270739.0,33.0
ins_444439370,269176.0,270902.0,36.0
ins_234135577,269175.0,270732.0,36.0
ins_784352735,269176.0,271338.0,53.0
ins_1111778760,269189.0,270107.0,91.0
ins_1272998593,269172.0,269614.0,97.0
ins_1140332713,269177.0,269667.0,93.0
ins_363086097,269177.0,270739.0,36.0
ins_480446125,269173.0,270928.0,39.0
ins_204385189,269188.0,270817.0,33.0
ins_1316730139,269179.0,271356.0,54.0
ins_394780503,269177.0,270056.0,90.0
ins_7770060,269172.0,269591.0,87.0
ins_1121322815,269176.0,270148.0,94.0
ins_891376409,269174.0,271033.0,36.0
ins_353483981,269186.0,270924.0,33.0
ins_86994747,269173.0,269992.0,98.0
ins_1302376777,269204.0,270070.0,96.0
ins_486251210,269174.0,270099.0,86.0
ins_739106363,269174.0,270031.0,92.0
ins_612906519,269177.0,270106.0,92.0
ins_612906609,269173.0,270196.0,98.0
ins_97493322,269170.0,270082.0,90.0
ins_640867214,269179.0,270101.0,91.0
ins_1093458471,269173.0,270924.0,37.0
ins_768136404,269176.0,270912.0,37.0
ins_1016548576,269179.0,270908.0,37.0
ins_983713707,269169.0,270677.0,37.0
ins_468218986,269169.0,270659.0,36.0
ins_309846704,269203.0,270762.0,37.0
ins_286555830,269176.0,270106.0,89.0
ins_1012108464,269179.0,270852.0,40.0
ins_1264758510,269169.0,270689.0,35.0
ins_73491022,269170.0,271108.0,36.0
ins_551260524,269170.0,270117.0,92.0
ins_452819570,269203.0,269970.0,97.0
ins_571354396,269173.0,270857.0,37.0
ins_51190290,269170.0,270961.0,36.0
ins_1283070269,269186.0,270734.0,35.0
ins_964897107,269176.0,269599.0,97.0
ins_1237424554,269186.0,269614.0,92.0
ins_213835674,269177.0,270058.0,94.0
ins_1336367744,269176.0,270736.0,34.0
ins_629216034,269174.0,270085.0,97.0
ins_222517192,269179.0,270060.0,92.0
ins_1216720943,269172.0,270733.0,37.0
ins_784511378,269179.0,269619.0,95.0
ins_1217844272,269179.0,270076.0,95.0
ins_558971139,269187.0,270751.0,35.0
ins_749179007,269176.0,270754.0,32.0
ins_883761070,269185.0,270233.0,90.0
ins_668338723,269172.0,270908.0,38.0
ins_747049994,269185.0,269979.0,97.0
ins_904245905,269174.0,270103.0,97.0
ins_972686502,269170.0,271078.0,38.0
ins_71208888,269174.0,270645.0,37.0
ins_1345776687,269173.0,270218.0,87.0
ins_910602804,269179.0,270034.0,90.0
ins_98916404,269174.0,270092.0,97.0
ins_677360146,269174.0,269609.0,91.0
ins_7769712,269175.0,269616.0,83.0
ins_7816420,269176.0,270130.0,90.0
ins_376530176,269177.0,270107.0,92.0
ins_810840748,269173.0,270695.0,36.0
ins_303844970,269170.0,270029.0,93.0
ins_1000459350,269203.0,270888.0,37.0
ins_73490547,269179.0,271073.0,38.0
ins_171067602,269176.0,269619.0,90.0
ins_106713555,269176.0,270704.0,36.0
ins_1058961958,269189.0,269674.0,92.0
ins_1058962419,269203.0,271611.0,51.0
ins_403944741,269181.0,270105.0,91.0
ins_1239385490,269176.0,270076.0,96.0
ins_1336368630,269176.0,270915.0,35.0
ins_739115719,269174.0,270704.0,36.0
ins_632091909,269204.0,270211.0,33.0
ins_640867074,269172.0,270975.0,39.0
ins_1092932439,269179.0,270933.0,35.0
ins_196756476,269179.0,270123.0,91.0
ins_613251213,269170.0,270514.0,33.0
ins_1145817353,269169.0,270892.0,37.0
ins_769572685,269176.0,270917.0,39.0
ins_297809655,269173.0,270029.0,95.0
ins_297809745,269179.0,270030.0,93.0
ins_159594570,269170.0,271598.0,48.0
ins_651877948,269172.0,270078.0,87.0
ins_679152285,269189.0,270107.0,85.0
ins_309858924,269188.0,270798.0,35.0
ins_742308850,269176.0,270052.0,92.0
ins_213835522,269177.0,270071.0,86.0
ins_660290094,269172.0,270042.0,97.0
ins_108831538,269177.0,271204.0,34.0
ins_551260604,269174.0,270048.0,89.0
ins_232787361,269176.0,270934.0,36.0
ins_86994676,269179.0,270720.0,35.0
ins_1245418847,269173.0,270089.0,95.0
ins_935212533,269177.0,270942.0,37.0
ins_665408211,269174.0,270118.0,85.0
ins_695397131,269174.0,270580.0,39.0
ins_1140332855,269174.0,269636.0,98.0
ins_378628515,269186.0,270008.0,97.0
ins_1085307899,269169.0,271048.0,38.0
ins_692676779,269175.0,270024.0,97.0
ins_331703568,269175.0,271141.0,34.0
ins_841304519,269176.0,271169.0,39.0
ins_1191687255,269173.0,269648.0,92.0
ins_256011111,269203.0,271111.0,36.0
ins_186139922,269186.0,269627.0,85.0
ins_824585564,269177.0,270710.0,35.0
ins_106713184,269170.0,270700.0,35.0
ins_1262870939,269174.0,271055.0,37.0
ins_965878827,269179.0,270932.0,37.0
ins_692677373,269174.0,270385.0,31.0
ins_977001776,269172.0,270046.0,90.0
ins_1298067321,269174.0,270743.0,36.0
ins_388060906,269176.0,270249.0,31.0
ins_467292899,269176.0,270041.0,95.0
ins_303845235,269179.0,270092.0,96.0
ins_748982360,269177.0,270235.0,89.0
ins_259816262,269174.0,270924.0,36.0
ins_531775846,269176.0,269632.0,87.0
ins_467301202,269180.0,270119.0,95.0
ins_525757168,269178.0,271003.0,35.0
ins_937274709,269177.0,270918.0,37.0
ins_685359332,269178.0,270628.0,38.0
ins_516153598,269204.0,270382.0,90.0
ins_114264432,269174.0,270965.0,37.0
ins_977002019,269177.0,270045.0,88.0
ins_1292153486,269177.0,270084.0,90.0
ins_784353331,269176.0,271297.0,54.0
ins_333666347,269176.0,270063.0,94.0
ins_810840977,269173.0,270716.0,35.0
ins_1003156455,269175.0,271306.0,35.0
ins_109436612,269173.0,270380.0,95.0
ins_829836256,269173.0,270059.0,89.0
ins_677360597,269176.0,269598.0,97.0
ins_1084027271,269187.0,270250.0,94.0
ins_89150241,269176.0,270186.0,92.0
ins_1292681900,269177.0,270707.0,37.0
ins_1048649385,269172.0,270062.0,89.0
ins_571354323,269176.0,270752.0,36.0
ins_1110061428,269173.0,270985.0,37.0
ins_225911562,269177.0,271395.0,51.0
ins_800426219,269177.0,270969.0,35.0
ins_295248379,269179.0,270965.0,37.0
ins_79523151,269185.0,270058.0,95.0
ins_493885243,269176.0,270102.0,87.0
ins_629215876,269172.0,270057.0,98.0
ins_1345137602,269177.0,270853.0,37.0
ins_964896291,269170.0,269517.0,93.0
ins_1212270452,269170.0,270914.0,33.0
ins_69395975,269174.0,270124.0,89.0
ins_23780032,269186.0,270909.0,37.0
ins_910008246,269187.0,270079.0,92.0
ins_34259209,269177.0,271026.0,37.0
ins_1048649128,269169.0,270711.0,36.0
ins_992781476,269179.0,269606.0,90.0
ins_810029302,269169.0,271084.0,38.0
ins_1236820671,269179.0,270062.0,97.0
ins_1183443902,269185.0,270611.0,38.0
ins_224182824,269187.0,270718.0,35.0
ins_965879019,269173.0,270101.0,97.0
ins_577167958,269174.0,269614.0,88.0
ins_104788722,269174.0,271705.0,49.0
ins_1074508394,269170.0,270741.0,35.0
ins_957716285,269170.0,270697.0,35.0
ins_322585435,269175.0,271086.0,40.0
ins_271672999,269170.0,270931.0,36.0
ins_910589691,269173.0,269986.0,97.0
ins_1065043871,269172.0,270747.0,35.0
ins_1003357052,269186.0,270825.0,39.0
ins_660290227,269174.0,270228.0,97.0
ins_629523023,269175.0,270905.0,36.0
ins_469068035,269179.0,269603.0,98.0
ins_529746362,269177.0,271027.0,37.0
ins_661002123,269188.0,270844.0,37.0
ins_1001395860,269174.0,270089.0,92.0
ins_307244572,269188.0,271441.0,49.0
ins_152261372,269186.0,270622.0,36.0
ins_51119211,269175.0,270029.0,91.0
ins_1082746604,269186.0,270036.0,96.0
ins_1047504744,269170.0,270940.0,37.0
ins_232787884,269173.0,270108.0,86.0
ins_576408744,269179.0,270985.0,37.0
ins_1166076621,269177.0,271058.0,35.0
ins_1018851935,269172.0,270059.0,98.0
ins_802842954,269178.0,270006.0,93.0
ins_115617518,269170.0,270049.0,94.0
ins_875800229,269170.0,270634.0,35.0
ins_691518313,269176.0,270973.0,38.0
ins_585547123,269188.0,270973.0,36.0
ins_281728836,269178.0,270688.0,39.0
ins_865683519,269170.0,271350.0,54.0
ins_79522812,269179.0,270057.0,93.0
ins_342795309,269174.0,270096.0,96.0
ins_333147739,269177.0,269628.0,88.0
ins_267491113,269177.0,269603.0,91.0
ins_629216581,269169.0,270094.0,97.0
ins_820448658,269177.0,270883.0,38.0
ins_105118732,269176.0,270864.0,38.0
ins_1110051756,269174.0,270056.0,98.0
ins_1316730071,269177.0,271372.0,53.0
ins_1101085350,269170.0,270228.0,31.0
ins_260195174,269169.0,270079.0,94.0
ins_448432596,269176.0,270989.0,39.0
ins_1255002580,269173.0,270671.0,36.0
ins_449780879,269173.0,270876.0,37.0
ins_141164902,269176.0,270113.0,95.0
ins_992781892,269174.0,269653.0,83.0
ins_486251449,269175.0,270121.0,85.0
ins_756477021,269175.0,269940.0,94.0
ins_1165265083,269188.0,270185.0,87.0
ins_1191694130,269189.0,270168.0,86.0
ins_1221049787,269179.0,270025.0,98.0
ins_180143244,269175.0,271028.0,36.0
ins_1334106225,269170.0,270957.0,37.0
ins_1182458504,269170.0,270237.0,34.0
ins_621777387,269170.0,270945.0,36.0
ins_152260925,269176.0,270640.0,38.0
ins_51190215,269172.0,270927.0,40.0
ins_769571965,269173.0,270905.0,39.0
ins_1300324356,269170.0,270000.0,94.0
ins_1201760618,269170.0,270699.0,34.0
ins_546999442,269175.0,270741.0,34.0
ins_353483648,269173.0,270765.0,35.0
ins_404919043,269189.0,270086.0,91.0
ins_1283070587,269181.0,270054.0,97.0
ins_1163665403,269186.0,270932.0,40.0
ins_160872307,269179.0,269541.0,86.0
ins_965879495,269176.0,270958.0,38.0
ins_748515693,269172.0,270141.0,92.0
ins_541281188,269176.0,270165.0,89.0
ins_677220376,269203.0,270196.0,89.0
ins_1127595330,269170.0,270053.0,89.0
ins_623388766,269173.0,269623.0,88.0
ins_883761148,269176.0,270141.0,91.0
ins_196755478,269203.0,270932.0,39.0
ins_388589154,269205.0,270122.0,88.0
ins_1292153678,269170.0,270127.0,88.0
ins_1193142400,269170.0,270955.0,36.0
ins_744597349,269177.0,270047.0,95.0
ins_1046834809,269173.0,269637.0,85.0
ins_492802762,269177.0,270403.0,93.0
ins_352130780,269173.0,270313.0,30.0
ins_297176204,269170.0,270156.0,89.0
ins_1181567968,269189.0,270913.0,37.0
ins_661002629,269170.0,270869.0,38.0
ins_766703598,269170.0,270634.0,38.0
ins_1120866954,269169.0,270042.0,96.0
ins_236415175,269174.0,270729.0,37.0
ins_1101092737,269170.0,270240.0,32.0
ins_902381510,269173.0,270737.0,34.0
ins_891376246,269169.0,271008.0,38.0
ins_640867645,269174.0,270091.0,90.0
ins_505478466,269179.0,270121.0,97.0
ins_475690253,269176.0,270040.0,90.0
ins_59806623,269186.0,270040.0,93.0
ins_567573394,269186.0,270032.0,92.0
ins_963092191,269172.0,270982.0,37.0
ins_629215958,269170.0,269998.0,89.0
ins_922034074,269174.0,270979.0,35.0
ins_403557794,269170.0,270015.0,93.0
ins_1275078335,269174.0,271733.0,49.0
ins_1002544968,269178.0,270115.0,96.0
ins_352883007,269174.0,271130.0,36.0
ins_865834964,269170.0,270005.0,88.0
ins_1320757045,269178.0,269985.0,98.0
ins_749826267,269174.0,270878.0,40.0
ins_758562953,269174.0,270202.0,88.0
ins_965496355,269179.0,269522.0,89.0
ins_457867545,269172.0,270071.0,85.0
ins_1126091268,269187.0,269636.0,87.0
ins_180094369,269176.0,270098.0,98.0
ins_1002544598,269173.0,270141.0,92.0
ins_478166616,269174.0,270648.0,37.0
ins_832547251,269176.0,270651.0,38.0
ins_123863571,269170.0,270962.0,35.0
ins_972686434,269179.0,271060.0,38.0
ins_768136836,269174.0,270098.0,89.0
ins_53603172,269176.0,269548.0,94.0
ins_1278123599,269170.0,271035.0,35.0
ins_1239385576,269176.0,270008.0,93.0
ins_751365638,269173.0,270110.0,94.0
ins_1346119434,269174.0,269544.0,92.0
ins_1004337110,269186.0,271432.0,52.0
ins_577167799,269177.0,269597.0,90.0
ins_449262310,269176.0,270947.0,36.0
ins_1191519126,269173.0,270009.0,98.0
ins_1140332927,269177.0,269648.0,97.0
ins_692676836,269175.0,270365.0,31.0
ins_452814674,269179.0,270054.0,91.0
ins_911168087,269179.0,270148.0,91.0
ins_622837692,269173.0,270158.0,92.0
ins_810877930,269179.0,271040.0,34.0
ins_368426364,269170.0,270912.0,38.0
ins_841819785,269170.0,270076.0,91.0
ins_803224919,269175.0,270985.0,29.0
ins_1347917954,269172.0,270949.0,37.0
ins_1018611452,269178.0,270972.0,36.0
ins_23448471,269185.0,269670.0,91.0
ins_11970410,269173.0,271030.0,34.0
ins_205736396,269177.0,270939.0,37.0
ins_496277078,269172.0,270148.0,88.0
ins_78242645,269170.0,270041.0,88.0
ins_486251967,269170.0,270026.0,92.0
ins_132548268,269176.0,270019.0,98.0
ins_446497156,269186.0,269613.0,87.0
ins_1145824316,269174.0,271044.0,38.0
ins_106713268,269177.0,270085.0,95.0
ins_1003957369,269175.0,270923.0,41.0
ins_596116277,269173.0,270240.0,33.0
ins_261922332,269170.0,270011.0,94.0
ins_495095097,269203.0,270997.0,36.0
ins_399097897,269168.0,270747.0,38.0
ins_622724520,269174.0,270028.0,98.0
ins_1004354928,269188.0,269552.0,89.0
ins_104789217,269176.0,269603.0,91.0
ins_51879739,269170.0,270058.0,95.0
ins_1212270075,269174.0,270948.0,40.0
ins_477646899,269173.0,270646.0,37.0
ins_252411599,269173.0,270076.0,90.0
ins_687397038,269170.0,269998.0,89.0
ins_967315203,269186.0,270723.0,32.0
ins_1010979873,269174.0,270999.0,35.0
ins_830499913,269176.0,270148.0,92.0
ins_114376919,269176.0,269945.0,97.0
ins_430189793,269176.0,269584.0,90.0
ins_768742728,269179.0,270062.0,96.0
ins_1157919318,269179.0,270707.0,38.0
ins_98428237,269188.0,270046.0,91.0
ins_73490932,269175.0,271045.0,35.0
ins_1082746413,269176.0,270053.0,90.0
ins_195614292,269178.0,271045.0,36.0
ins_396299361,269174.0,270739.0,37.0
ins_195614061,269176.0,270036.0,98.0
ins_703361118,269175.0,270168.0,91.0
ins_51189984,269173.0,270954.0,37.0
ins_1180379241,269173.0,270115.0,89.0
ins_34255291,269176.0,270960.0,39.0
ins_974969428,269174.0,270069.0,92.0
ins_674908025,269179.0,270168.0,89.0
ins_178849776,269179.0,270104.0,90.0
ins_272128810,269174.0,270029.0,98.0
ins_638817659,269173.0,270085.0,91.0
ins_271528363,269176.0,271011.0,37.0
ins_1048649602,269177.0,270693.0,36.0
ins_245998106,269176.0,270932.0,38.0
ins_116755863,269173.0,270655.0,36.0
ins_126493935,269176.0,270816.0,36.0
ins_596116194,269169.0,270276.0,33.0
ins_1128568888,269174.0,270860.0,39.0
ins_469943765,269170.0,270888.0,38.0
ins_930783892,269177.0,270106.0,85.0
ins_1239385412,269179.0,270345.0,95.0
ins_17403778,269174.0,270138.0,97.0
ins_162079288,269203.0,270689.0,35.0
ins_1239235378,269179.0,270735.0,36.0
ins_154851160,269170.0,271108.0,38.0
ins_295178350,269177.0,270032.0,92.0
ins_1109691111,269173.0,270822.0,39.0
ins_281974192,269203.0,270958.0,37.0
ins_281729143,269179.0,270947.0,39.0
ins_171067352,269174.0,270014.0,98.0
ins_1202214263,269176.0,270062.0,89.0
ins_35410309,269179.0,270678.0,36.0
ins_822048371,269177.0,270944.0,35.0
ins_495095875,269173.0,271017.0,35.0
ins_180647344,269296.0,270148.0,89.0
ins_1000459000,269173.0,270133.0,85.0
ins_797362780,269179.0,270441.0,30.0
ins_1298058631,269173.0,270826.0,35.0
ins_1216721174,269176.0,270785.0,35.0
ins_174670438,269173.0,271063.0,34.0
ins_305514057,269174.0,270740.0,35.0
ins_840693679,269172.0,270961.0,36.0
ins_399097972,269174.0,271046.0,35.0
ins_1006469708,269176.0,269564.0,98.0
ins_904246854,269179.0,270174.0,97.0
ins_1174305907,269170.0,270613.0,35.0
ins_688227088,269176.0,271029.0,38.0
ins_949092909,269170.0,270840.0,36.0
ins_132478521,269186.0,270080.0,93.0
ins_995354902,269173.0,270089.0,88.0
ins_1120867588,269186.0,270018.0,97.0
ins_260195338,269177.0,270108.0,92.0
ins_883760344,269174.0,270183.0,91.0
ins_134965613,269177.0,270095.0,88.0
ins_236415675,269169.0,270898.0,38.0
ins_623550097,269176.0,270917.0,35.0
ins_967315890,269173.0,270019.0,93.0
ins_921353987,269189.0,270084.0,90.0
ins_930783745,269178.0,270105.0,91.0
ins_71209506,269175.0,270628.0,36.0
ins_132548019,269172.0,270921.0,37.0
ins_43538216,269178.0,270214.0,97.0
ins_991331898,269178.0,270059.0,97.0
ins_741018789,269170.0,270650.0,38.0
ins_759979842,269169.0,271091.0,38.0
ins_115617719,269179.0,270724.0,35.0
ins_810840599,269170.0,270659.0,35.0
ins_1010980109,269170.0,270868.0,36.0
ins_44995565,269173.0,270029.0,91.0
ins_976703924,269173.0,269988.0,97.0
ins_1128576927,269175.0,270049.0,97.0
ins_1046835023,269173.0,269597.0,88.0
ins_134485083,269176.0,270139.0,89.0
ins_1237202900,269186.0,270051.0,90.0
ins_444439710,269172.0,271005.0,38.0
ins_666324938,269176.0,269571.0,91.0
ins_721897615,269170.0,270868.0,41.0
ins_1101085690,269172.0,270288.0,29.0
ins_558129828,269179.0,270911.0,39.0
ins_178849616,269176.0,271051.0,33.0
ins_160873188,269173.0,270254.0,31.0
ins_643143884,269173.0,271003.0,36.0
ins_1237312780,269170.0,270090.0,94.0
ins_784511228,269169.0,269576.0,93.0
ins_135117522,269173.0,270951.0,36.0
ins_1120867659,269170.0,270040.0,86.0
ins_1084027611,269175.0,270087.0,85.0
ins_1265043914,269169.0,270066.0,94.0
ins_677833635,269178.0,271310.0,37.0
ins_547859188,269169.0,270041.0,98.0
ins_541281352,269186.0,270117.0,90.0
ins_841304599,269173.0,270059.0,94.0
ins_881780027,269187.0,270999.0,36.0
ins_571354184,269176.0,271030.0,35.0
ins_921834308,269173.0,271384.0,37.0
ins_921834226,269174.0,271477.0,35.0
ins_452818702,269174.0,269970.0,99.0
ins_542035761,269170.0,270021.0,98.0
ins_1093459330,269175.0,270958.0,38.0
ins_119024231,269185.0,271002.0,35.0
ins_222517350,269175.0,270076.0,96.0
ins_622724125,269173.0,270033.0,94.0
ins_1110322909,269186.0,270145.0,92.0
ins_213835982,269203.0,270051.0,91.0
ins_1130935660,269170.0,269965.0,96.0
ins_290113740,269187.0,270148.0,88.0
ins_1140332490,269175.0,269674.0,90.0
ins_1018603848,269176.0,270905.0,37.0
ins_124382253,269186.0,270995.0,37.0
ins_904225981,269176.0,270195.0,88.0
ins_569078142,269204.0,270080.0,92.0
ins_983713532,269186.0,270135.0,90.0
ins_865682927,269176.0,270046.0,91.0
ins_866315374,269173.0,270039.0,96.0
ins_1004334762,269170.0,269537.0,94.0
ins_333666270,269169.0,270030.0,97.0
ins_900111589,269188.0,270788.0,34.0
ins_729525553,269177.0,270658.0,35.0
ins_1076544464,269172.0,270076.0,91.0
ins_1310403674,269185.0,271064.0,37.0
ins_558889846,269186.0,270717.0,36.0
ins_190187336,269169.0,271079.0,38.0
ins_668338144,269175.0,270714.0,37.0
ins_963093122,269186.0,270943.0,36.0
ins_531560447,269175.0,270088.0,92.0
ins_567572975,269173.0,270100.0,92.0
ins_902382133,269177.0,270092.0,92.0
ins_222517110,269173.0,270070.0,91.0
ins_810028536,269169.0,270986.0,38.0
ins_626916840,269173.0,270064.0,88.0
ins_1003958158,269174.0,270989.0,36.0
ins_7816496,269174.0,270166.0,95.0
ins_640346700,269170.0,270162.0,88.0
ins_180646904,269173.0,271329.0,53.0
ins_1013551662,269179.0,270101.0,91.0
ins_1217844168,269186.0,270118.0,91.0
ins_628883006,269172.0,270321.0,98.0
ins_820439851,269169.0,270969.0,36.0
ins_415023746,269176.0,270049.0,95.0
ins_686791620,269177.0,270135.0,90.0
ins_660175831,269186.0,270037.0,95.0
ins_278101322,269179.0,270011.0,94.0
ins_1345138705,269173.0,270062.0,95.0
ins_305514481,269179.0,270658.0,37.0
ins_458616768,269173.0,270783.0,34.0
ins_575269408,269173.0,270683.0,34.0
ins_1157919235,269175.0,270818.0,33.0
ins_424145582,269203.0,270171.0,92.0
ins_505478599,269177.0,270139.0,98.0
ins_44995404,269170.0,270042.0,92.0
ins_742308555,269187.0,270082.0,91.0
ins_252329694,269170.0,270025.0,90.0
ins_876402239,269176.0,270692.0,35.0
ins_369234871,269173.0,271244.0,39.0
ins_1018851673,269179.0,271056.0,40.0
ins_1120866494,269170.0,270051.0,88.0
ins_1121363537,269174.0,270140.0,93.0
ins_297810156,269177.0,270028.0,98.0
ins_577167394,269175.0,269537.0,91.0
ins_1155993206,269178.0,270123.0,94.0
ins_1274443491,269170.0,270030.0,90.0
ins_1212270370,269170.0,270945.0,38.0
ins_141164737,269175.0,270042.0,89.0
ins_434230612,269169.0,271028.0,36.0
ins_43538966,269203.0,270207.0,92.0
ins_1088589047,269176.0,271017.0,38.0
ins_514794729,269176.0,270231.0,30.0
ins_1247383443,269170.0,270914.0,37.0
ins_795055622,269174.0,270730.0,37.0
ins_818774664,269187.0,271052.0,35.0
ins_995204483,269169.0,270655.0,36.0
ins_1235361946,269177.0,271354.0,51.0
ins_367908701,269174.0,270048.0,89.0
ins_957716427,269179.0,270736.0,35.0
ins_931395025,269188.0,270689.0,36.0
ins_675759884,269173.0,270110.0,89.0
ins_875799772,269179.0,270701.0,33.0
ins_568737169,269176.0,271170.0,34.0
ins_523768902,269169.0,270679.0,37.0
ins_1345972017,269169.0,270077.0,97.0
ins_1332641243,269179.0,270891.0,38.0
ins_51120131,269176.0,270143.0,86.0
ins_446487444,269173.0,271619.0,52.0
ins_741019099,269179.0,270695.0,36.0
ins_114384868,269173.0,270035.0,94.0
ins_841820149,269179.0,270625.0,37.0
ins_1320603573,269176.0,270696.0,36.0
ins_976703763,269185.0,270918.0,36.0
ins_51189830,269178.0,271021.0,37.0
ins_661001535,269172.0,270906.0,35.0
ins_713730385,269177.0,270702.0,35.0
ins_1194490292,269187.0,270688.0,35.0
ins_270733439,269180.0,270065.0,90.0
ins_424146019,269176.0,270103.0,92.0
ins_669528079,269176.0,270216.0,30.0
ins_1061611916,269173.0,271065.0,40.0
ins_1265043988,269174.0,270683.0,37.0
ins_1158078763,269176.0,270097.0,97.0
ins_103850233,269174.0,270726.0,35.0
ins_297277704,269169.0,270058.0,92.0
ins_902382060,269178.0,270698.0,35.0
ins_515554906,269170.0,270990.0,34.0
ins_1156103187,269175.0,270116.0,90.0
ins_632092206,269177.0,270209.0,32.0
