Job,Interval,Start,End,Energy,Flow
J1097,I1790,3221.0,3224.0,green,1
J1097,I2397,4475.0,4477.0,brown,1
J1097,I3133,6123.0,6127.0,brown,2
J1097,I3261,6405.0,6407.0,brown,1
J1097,I3709,7369.0,7370.0,brown,1
J1396,I4104,8185.0,8187.0,brown,1
J1396,I4329,8624.0,8626.0,green,1
J1396,I4472,8889.0,8893.0,brown,2
J1396,I4584,9104.0,9105.0,brown,1
J1169,I3983,7928.0,7929.0,brown,1
J1169,I4783,9511.0,9513.0,brown,2
J1169,I5135,10167.0,10168.0,brown,1
J1169,I5231,10343.0,10345.0,brown,2
J1100,I3220,6320.0,6322.0,brown,1
J800,I4326,8618.0,8620.0,green,1
J905,I616,983.0,989.0,green,1
J905,I2024,3754.0,3763.0,green,1
J905,I2919,5670.0,5671.0,brown,1
J905,I3815,7577.0,7579.0,brown,1
J905,I3816,7579.0,7580.0,green,1
J1831,I2679,5096.0,5097.0,green,1
J1831,I2807,5396.0,5398.0,brown,2
J1831,I2999,5816.0,5818.0,brown,1
J1831,I5751,11276.0,11278.0,green,2
J1532,I4036,8019.0,8020.0,green,1
J1532,I4132,8252.0,8255.0,green,2
J1532,I4740,9445.0,9452.0,green,1
J1532,I5476,10790.0,10791.0,green,1
J1724,I2455,4602.0,4606.0,brown,2
J1337,I1344,2337.0,2339.0,green,2
J1337,I2688,5108.0,5110.0,green,2
J1337,I3376,6669.0,6672.0,green,2
J1624,I1630,2880.0,2881.0,brown,1
J1624,I2655,5029.0,5034.0,green,1
J1624,I3711,7373.0,7375.0,green,1
J113,I475,712.0,714.0,brown,1
J113,I988,1643.0,1644.0,green,1
J113,I1084,1839.0,1848.0,green,2
J113,I1916,3489.0,3491.0,green,1
J113,I1980,3660.0,3663.0,green,1
J424,I3060,5957.0,5961.0,brown,1
J424,I4437,8816.0,8834.0,green,2
J424,I5143,10179.0,10183.0,green,1
J1594,I1616,2858.0,2860.0,brown,2
J1594,I4592,9115.0,9116.0,brown,1
J1594,I5313,10504.0,10511.0,green,1
J1514,I4230,8436.0,8443.0,green,2
J1514,I4234,8447.0,8448.0,green,1
J1514,I4582,9102.0,9103.0,brown,1
J134,I964,1589.0,1593.0,green,1
J134,I996,1654.0,1657.0,green,1
J134,I3140,6136.0,6141.0,green,2
J1784,I3823,7588.0,7591.0,green,3
J1784,I3855,7650.0,7651.0,green,1
J1784,I3887,7719.0,7724.0,green,2
J747,I1456,2543.0,2545.0,brown,1
J747,I1648,2921.0,2922.0,brown,1
J747,I1649,2922.0,2931.0,green,1
J962,I1873,3393.0,3395.0,brown,1
J962,I2801,5374.0,5376.0,brown,2
J962,I2802,5376.0,5377.0,green,1
J962,I3074,5983.0,5989.0,green,2
J335,I630,1014.0,1017.0,green,3
J335,I662,1076.0,1078.0,green,1
J335,I2646,4998.0,5005.0,green,1
J335,I4054,8068.0,8074.0,green,1
J1927,I5823,11394.0,11395.0,green,1
J1927,I5831,11402.0,11406.0,green,1
J1927,I5983,11648.0,11650.0,green,1
J1431,I3542,7024.0,7027.0,green,2
J1431,I3958,7877.0,7884.0,green,2
J1431,I4054,8068.0,8074.0,green,1
J1431,I4086,8151.0,8156.0,green,1
J259,I865,1409.0,1415.0,green,1
J259,I4161,8318.0,8319.0,green,1
J259,I4385,8734.0,8737.0,green,3
J259,I5509,10854.0,10859.0,green,1
J244,I1294,2241.0,2246.0,green,1
J244,I1774,3182.0,3187.0,green,4
J418,I1053,1765.0,1768.0,green,1
J418,I1340,2330.0,2331.0,brown,1
J418,I2689,5110.0,5113.0,green,1
J418,I3038,5912.0,5914.0,green,1
J915,I810,1323.0,1325.0,green,2
J915,I906,1478.0,1487.0,green,1
J915,I1162,1982.0,1983.0,green,1
J1017,I69,91.0,93.0,green,1
J1017,I133,182.0,183.0,green,1
J1017,I357,514.0,516.0,green,2
J1269,I1539,2716.0,2719.0,brown,1
J1269,I1571,2772.0,2774.0,brown,1
J1269,I4003,7957.0,7959.0,brown,1
J1269,I4803,9547.0,9550.0,brown,1
J1269,I4868,9668.0,9672.0,green,1
J1269,I5988,11660.0,11663.0,green,1
J1884,I2428,4544.0,4545.0,green,1
J379,I4230,8436.0,8443.0,green,1
J379,I4421,8792.0,8795.0,brown,1
J379,I4966,9867.0,9870.0,green,1
J1750,I617,989.0,992.0,green,1
J1750,I5097,10100.0,10103.0,green,1
J1750,I5389,10642.0,10653.0,green,1
J836,I1787,3214.0,3219.0,green,2
J836,I1850,3347.0,3349.0,brown,1
J836,I2075,3851.0,3855.0,green,2
J111,I557,882.0,887.0,green,1
J111,I3653,7251.0,7261.0,green,5
J1328,I3075,5989.0,5990.0,green,1
J1328,I3139,6134.0,6136.0,brown,2
J1809,I5132,10161.0,10162.0,brown,1
J1809,I5165,10218.0,10222.0,green,1
J1809,I5196,10279.0,10280.0,brown,1
J1809,I5197,10280.0,10283.0,green,1
J1760,I3928,7816.0,7821.0,green,1
J1760,I4088,8157.0,8159.0,green,1
J1760,I4248,8473.0,8474.0,green,1
J1760,I4312,8592.0,8593.0,green,1
J1760,I5208,10307.0,10309.0,green,2
J84,I3795,7529.0,7530.0,green,1
J84,I3859,7656.0,7658.0,brown,1
J84,I3955,7871.0,7873.0,green,2
J1794,I1696,3008.0,3010.0,brown,1
J1794,I1697,3010.0,3015.0,green,3
J1794,I5509,10854.0,10859.0,green,1
J1794,I5778,11322.0,11323.0,green,1
J1362,I4618,9169.0,9172.0,brown,1
J1362,I5843,11425.0,11427.0,green,1
J1362,I5859,11450.0,11452.0,green,1
J979,I2789,5350.0,5351.0,green,1
J979,I5477,10791.0,10794.0,green,1
J979,I5541,10910.0,10912.0,green,2
J979,I5573,10989.0,10990.0,green,1
J979,I5701,11205.0,11206.0,green,1
J1466,I4440,8838.0,8842.0,green,2
J1466,I4920,9773.0,9774.0,green,1
J1106,I2589,4899.0,4903.0,green,3
J1106,I3453,6837.0,6843.0,green,1
J387,I1185,2020.0,2022.0,brown,1
J387,I2786,5345.0,5346.0,green,1
J387,I5026,9983.0,9984.0,brown,1
J702,I1588,2801.0,2803.0,green,1
J702,I1684,2983.0,2985.0,green,1
J702,I1811,3269.0,3272.0,brown,1
J702,I1819,3290.0,3292.0,brown,2
J827,I1488,2610.0,2613.0,green,3
J356,I3268,6415.0,6417.0,brown,1
J356,I3653,7251.0,7261.0,green,1
J356,I3717,7388.0,7395.0,green,1
J1050,I2302,4284.0,4287.0,brown,1
J1050,I2398,4477.0,4480.0,brown,1
J1050,I2686,5103.0,5106.0,brown,1
J1050,I2974,5774.0,5775.0,brown,1
J1050,I3167,6214.0,6216.0,green,1
J1050,I3791,7520.0,7521.0,green,1
J372,I1059,1779.0,1781.0,green,1
J372,I2106,3925.0,3927.0,brown,1
J372,I2179,4060.0,4061.0,green,1
J372,I2331,4342.0,4344.0,brown,1
J372,I2360,4407.0,4408.0,green,1
J874,I1609,2847.0,2848.0,brown,1
J874,I2185,4071.0,4072.0,brown,1
J874,I2377,4433.0,4434.0,brown,1
J874,I2441,4581.0,4585.0,brown,2
J892,I1926,3514.0,3515.0,brown,1
J892,I2727,5200.0,5205.0,green,1
J892,I2887,5590.0,5593.0,green,1
J353,I594,946.0,948.0,brown,2
J353,I1843,3331.0,3337.0,green,2
J353,I4211,8400.0,8401.0,green,1
J353,I4835,9604.0,9608.0,green,1
J330,I1001,1672.0,1674.0,green,1
J330,I1032,1735.0,1736.0,brown,1
J330,I2440,4580.0,4581.0,brown,1
J330,I2473,4642.0,4648.0,green,1
J330,I4024,7997.0,7999.0,brown,1
J1,I5256,10388.0,10391.0,green,1
J1,I5440,10727.0,10729.0,green,2
J1836,I469,702.0,703.0,brown,1
J1836,I3157,6186.0,6187.0,brown,1
J1836,I4566,9058.0,9060.0,green,1
J1836,I5430,10710.0,10715.0,green,2
J1833,I5292,10464.0,10466.0,green,2
J1833,I5356,10581.0,10584.0,green,1
J1833,I5676,11161.0,11163.0,green,1
J1325,I2783,5339.0,5343.0,green,3
J1325,I2814,5408.0,5410.0,brown,1
J1325,I2879,5565.0,5571.0,green,1
J203,I742,1198.0,1201.0,green,1
J203,I1798,3232.0,3235.0,green,1
J203,I2614,4945.0,4947.0,green,2
J1370,I3009,5850.0,5855.0,green,1
J1370,I3233,6343.0,6346.0,green,1
J1370,I3328,6560.0,6561.0,brown,1
J1370,I3520,6987.0,6988.0,brown,1
J1370,I3648,7242.0,7243.0,brown,1
J1370,I3712,7375.0,7376.0,brown,1
J288,I1084,1839.0,1848.0,green,1
J288,I1980,3660.0,3663.0,green,1
J288,I2284,4253.0,4258.0,green,2
J851,I3326,6555.0,6559.0,green,2
J851,I4614,9159.0,9163.0,green,1
J165,I196,269.0,271.0,green,2
J165,I324,465.0,467.0,green,2
J165,I420,612.0,614.0,green,1
J165,I1156,1972.0,1974.0,green,1
J299,I821,1345.0,1349.0,green,4
J299,I997,1657.0,1663.0,green,2
J233,I652,1061.0,1062.0,brown,1
J233,I1900,3452.0,3459.0,brown,1
J233,I2501,4698.0,4701.0,green,1
J233,I2821,5423.0,5426.0,green,2
J233,I2913,5658.0,5665.0,green,1
J1007,I2699,5138.0,5143.0,green,2
J1007,I4715,9393.0,9401.0,green,1
J1007,I5835,11412.0,11415.0,green,1
J1007,I6091,11816.0,11817.0,green,1
J1007,I6094,11823.0,11828.0,green,1
J331,I3482,6895.0,6905.0,green,1
J331,I3545,7033.0,7036.0,brown,1
J331,I3645,7238.0,7239.0,brown,1
J331,I3769,7482.0,7485.0,brown,1
J331,I4250,8475.0,8483.0,green,2
J1184,I2409,4506.0,4507.0,green,1
J1184,I3245,6373.0,6374.0,brown,1
J1184,I3705,7360.0,7363.0,brown,1
J1184,I3917,7794.0,7797.0,brown,1
J344,I708,1150.0,1152.0,green,1
J344,I831,1361.0,1362.0,brown,1
J558,I721,1170.0,1171.0,brown,1
J558,I1490,2617.0,2622.0,green,3
J558,I1810,3265.0,3269.0,green,1
J1064,I421,614.0,615.0,brown,1
J1064,I3014,5860.0,5861.0,green,1
J1064,I3558,7059.0,7062.0,green,2
J1064,I3590,7118.0,7123.0,green,2
J1718,I4914,9759.0,9763.0,green,2
J428,I1815,3277.0,3283.0,green,2
J428,I4150,8299.0,8301.0,brown,1
J565,I1133,1935.0,1936.0,brown,1
J565,I2477,4653.0,4656.0,brown,1
J565,I2893,5609.0,5612.0,brown,1
J565,I5102,10111.0,10120.0,green,3
J1127,I549,862.0,863.0,brown,1
J1127,I5285,10455.0,10457.0,brown,1
J1127,I5542,10912.0,10918.0,green,2
J1127,I5546,10922.0,10925.0,green,1
J1043,I3967,7896.0,7902.0,green,1
J1043,I3999,7951.0,7953.0,green,2
J695,I1300,2255.0,2257.0,green,1
J695,I1332,2316.0,2320.0,green,2
J695,I2035,3781.0,3785.0,brown,1
J1761,I1495,2626.0,2627.0,brown,1
J1761,I1559,2749.0,2751.0,brown,2
J1761,I1848,3344.0,3346.0,green,1
J525,I406,588.0,590.0,brown,1
J525,I599,953.0,958.0,green,1
J525,I887,1448.0,1453.0,green,2
J525,I1879,3414.0,3418.0,green,1
J525,I3159,6188.0,6191.0,green,1
J647,I2173,4041.0,4049.0,green,1
J647,I3389,6696.0,6700.0,green,1
J653,I976,1614.0,1620.0,green,1
J653,I1055,1772.0,1775.0,brown,2
J653,I3663,7286.0,7288.0,brown,1
J653,I4096,8168.0,8169.0,green,1
J873,I1393,2435.0,2439.0,green,1
J873,I1713,3044.0,3050.0,green,1
J873,I2865,5530.0,5532.0,green,2
J873,I4263,8500.0,8503.0,green,1
J850,I2272,4223.0,4226.0,brown,1
J850,I4769,9488.0,9490.0,green,1
J850,I5905,11526.0,11527.0,green,1
J850,I5929,11569.0,11571.0,green,2
J850,I6157,11927.0,11928.0,green,1
J942,I1882,3422.0,3424.0,brown,2
J942,I2011,3714.0,3716.0,green,1
J942,I3291,6468.0,6470.0,green,1
J942,I3387,6692.0,6695.0,green,1
J942,I3483,6905.0,6920.0,green,1
J1570,I4268,8511.0,8513.0,brown,2
J1570,I4461,8872.0,8873.0,green,1
J1477,I3268,6415.0,6417.0,brown,1
J1477,I3460,6853.0,6855.0,brown,1
J1477,I3461,6855.0,6857.0,green,1
J1477,I3493,6938.0,6941.0,green,1
J1477,I5477,10791.0,10794.0,green,1
J1916,I3458,6850.0,6851.0,green,1
J1916,I3586,7109.0,7111.0,green,2
J1916,I3682,7312.0,7313.0,green,1
J1092,I836,1369.0,1370.0,brown,1
J1092,I1092,1861.0,1862.0,brown,1
J1092,I1189,2027.0,2029.0,green,1
J1092,I3044,5922.0,5925.0,brown,2
J1092,I3493,6938.0,6941.0,green,1
J98,I458,687.0,690.0,brown,1
J98,I4711,9385.0,9386.0,green,1
J98,I4715,9393.0,9401.0,green,1
J98,I4731,9428.0,9433.0,green,1
J98,I5219,10322.0,10327.0,green,1
J349,I1289,2224.0,2226.0,green,1
J349,I2089,3887.0,3894.0,green,2
J349,I2537,4779.0,4787.0,green,1
J349,I2585,4893.0,4896.0,green,1
J439,I517,802.0,803.0,brown,1
J439,I1894,3444.0,3446.0,green,1
J439,I3302,6496.0,6500.0,green,1
J1343,I1125,1919.0,1920.0,brown,1
J1343,I3701,7352.0,7355.0,brown,1
J1343,I4837,9610.0,9611.0,brown,1
J57,I229,315.0,317.0,green,2
J57,I247,343.0,345.0,green,1
J57,I248,345.0,347.0,green,2
J57,I251,349.0,350.0,green,1
J1648,I1740,3098.0,3100.0,brown,2
J1648,I1741,3100.0,3101.0,green,1
J1648,I2477,4653.0,4656.0,brown,1
J1627,I1703,3025.0,3030.0,green,1
J1627,I4871,9679.0,9683.0,green,1
J1627,I4967,9870.0,9883.0,green,2
J355,I3724,7407.0,7412.0,green,3
J355,I3756,7460.0,7461.0,green,1
J355,I3780,7501.0,7503.0,brown,2
J416,I269,376.0,377.0,brown,1
J416,I1070,1808.0,1809.0,green,1
J416,I1294,2241.0,2246.0,green,2
J416,I4718,9408.0,9410.0,green,2
J1531,I125,172.0,173.0,brown,1
J1531,I189,261.0,262.0,brown,1
J1531,I1374,2404.0,2405.0,green,1
J1531,I2014,3720.0,3726.0,green,1
J1531,I4574,9082.0,9090.0,green,1
J92,I273,381.0,382.0,brown,1
J92,I753,1225.0,1228.0,brown,2
J92,I5114,10135.0,10137.0,green,1
J598,I619,994.0,999.0,green,1
J598,I1867,3374.0,3382.0,green,1
J598,I1963,3611.0,3615.0,green,1
J598,I3083,5997.0,6004.0,green,2
J598,I3339,6585.0,6590.0,green,1
J1275,I3472,6879.0,6880.0,brown,1
J1275,I3473,6880.0,6883.0,green,1
J1275,I4016,7978.0,7980.0,brown,2
J1275,I4039,8026.0,8033.0,green,1
J1275,I4159,8310.0,8312.0,green,1
J1377,I2091,3895.0,3897.0,green,2
J1377,I3915,7787.0,7792.0,brown,1
J1377,I4875,9686.0,9690.0,green,2
J1618,I3541,7018.0,7024.0,green,1
J1618,I4661,9262.0,9269.0,green,4
J1618,I4693,9345.0,9347.0,green,1
J391,I749,1217.0,1221.0,green,2
J391,I3052,5934.0,5939.0,brown,1
J391,I4261,8498.0,8499.0,green,1
J766,I2181,4065.0,4068.0,green,3
J766,I2309,4295.0,4298.0,brown,1
J766,I2661,5051.0,5054.0,green,1
J1297,I2097,3905.0,3909.0,brown,3
J1297,I4018,7981.0,7984.0,green,1
J1119,I3342,6593.0,6595.0,green,1
J1119,I3373,6665.0,6666.0,brown,1
J1119,I3566,7074.0,7078.0,green,2
J1119,I3597,7140.0,7141.0,brown,1
J1611,I2850,5492.0,5502.0,green,1
J1611,I2946,5722.0,5724.0,green,1
J1611,I3906,7754.0,7759.0,green,1
J1611,I4297,8564.0,8568.0,brown,1
J1611,I4786,9516.0,9519.0,green,1
J1920,I5110,10128.0,10130.0,green,1
J1920,I5142,10175.0,10179.0,green,1
J1920,I5526,10886.0,10887.0,green,1
J1716,I3423,6776.0,6777.0,brown,1
J1716,I4224,8422.0,8424.0,green,2
J1716,I4416,8785.0,8787.0,green,2
J1716,I5040,10001.0,10007.0,green,1
J788,I1247,2157.0,2160.0,green,2
J788,I2751,5259.0,5261.0,green,1
J883,I1368,2386.0,2388.0,brown,1
J883,I1784,3209.0,3211.0,brown,1
J883,I4024,7997.0,7999.0,brown,1
J883,I5337,10547.0,10549.0,green,1
J883,I5677,11163.0,11165.0,green,1
J1704,I2987,5796.0,5797.0,brown,1
J1704,I3500,6952.0,6960.0,green,3
J618,I179,244.0,247.0,green,3
J618,I2087,3881.0,3882.0,green,1
J618,I2499,4695.0,4696.0,green,1
J664,I1942,3562.0,3563.0,green,1
J664,I2230,4156.0,4159.0,green,1
J664,I2422,4530.0,4538.0,green,2
J664,I4970,9889.0,9890.0,green,1
J1329,I2885,5585.0,5589.0,green,1
J1329,I3013,5859.0,5860.0,green,1
J1329,I3173,6229.0,6232.0,green,1
J1329,I3333,6573.0,6576.0,green,1
J1329,I3493,6938.0,6941.0,green,1
J577,I1692,2998.0,2999.0,brown,1
J577,I1900,3452.0,3459.0,brown,1
J577,I1901,3459.0,3469.0,green,1
J577,I2689,5110.0,5113.0,green,1
J707,I1713,3044.0,3050.0,green,1
J707,I2384,4442.0,4447.0,brown,2
J707,I3867,7674.0,7676.0,green,2
J1031,I1059,1779.0,1781.0,green,1
J1031,I1635,2895.0,2897.0,green,1
J1031,I4715,9393.0,9401.0,green,1
J1225,I1703,3025.0,3030.0,green,2
J1225,I1734,3086.0,3088.0,brown,2
J1225,I2406,4494.0,4502.0,brown,2
J1057,I1745,3104.0,3109.0,green,1
J1057,I1937,3538.0,3545.0,green,4
J1057,I3636,7222.0,7223.0,brown,1
J493,I481,726.0,728.0,green,2
J493,I4145,8286.0,8288.0,brown,1
J493,I4297,8564.0,8568.0,brown,1
J1243,I1223,2103.0,2107.0,green,1
J1243,I1350,2349.0,2352.0,brown,2
J1243,I2343,4369.0,4375.0,green,1
J1243,I3519,6985.0,6987.0,green,1
J8,I226,309.0,311.0,brown,2
J8,I2787,5346.0,5349.0,green,1
J8,I3203,6285.0,6289.0,green,1
J8,I4739,9443.0,9445.0,green,1
J96,I1214,2072.0,2073.0,green,1
J96,I1438,2511.0,2512.0,green,1
J96,I2654,5023.0,5029.0,green,4
J1636,I2388,4454.0,4456.0,green,1
J1636,I3540,7015.0,7018.0,green,2
J1636,I3796,7530.0,7535.0,green,2
J1636,I4340,8644.0,8655.0,green,1
J1237,I2084,3875.0,3879.0,green,1
J1237,I2180,4061.0,4065.0,green,1
J1237,I3299,6491.0,6492.0,brown,1
J746,I524,812.0,813.0,brown,1
J746,I1772,3179.0,3180.0,brown,1
J746,I2541,4791.0,4796.0,green,1
J746,I3912,7772.0,7784.0,green,1
J68,I313,446.0,448.0,green,1
J68,I409,597.0,598.0,green,1
J68,I441,659.0,663.0,green,1
J34,I762,1244.0,1246.0,green,2
J34,I794,1299.0,1302.0,green,1
J238,I431,630.0,636.0,green,2
J238,I4879,9695.0,9696.0,green,1
J238,I5199,10287.0,10290.0,green,1
J1796,I4671,9289.0,9294.0,green,2
J1796,I4767,9485.0,9487.0,green,1
J1796,I5567,10966.0,10969.0,green,1
J1796,I5599,11029.0,11033.0,green,2
J981,I2152,4004.0,4007.0,green,1
J981,I2248,4184.0,4188.0,green,1
J981,I2472,4641.0,4642.0,green,1
J981,I3368,6647.0,6651.0,green,2
J981,I4280,8534.0,8535.0,brown,1
J651,I2035,3781.0,3785.0,brown,1
J651,I2260,4204.0,4207.0,green,1
J651,I3988,7934.0,7937.0,green,1
J651,I5324,10526.0,10529.0,green,2
J651,I5836,11415.0,11416.0,green,1
J1932,I4676,9303.0,9307.0,green,2
J1932,I4803,9547.0,9550.0,brown,1
J1932,I5796,11353.0,11355.0,green,2
J1932,I6116,11859.0,11860.0,green,1
J1094,I1230,2120.0,2123.0,green,1
J1094,I3150,6158.0,6165.0,green,1
J1094,I4910,9752.0,9754.0,green,2
J1745,I1362,2372.0,2373.0,brown,1
J1745,I5459,10757.0,10760.0,green,1
J1745,I5763,11301.0,11302.0,green,1
J1438,I2494,4681.0,4689.0,green,4
J1438,I2621,4956.0,4958.0,brown,1
J1438,I2813,5407.0,5408.0,brown,1
J1694,I4055,8074.0,8076.0,green,2
J1694,I4471,8885.0,8889.0,green,1
J1694,I4535,9007.0,9010.0,green,1
J1694,I4599,9130.0,9134.0,green,1
J1335,I1387,2423.0,2425.0,green,1
J1335,I3115,6075.0,6080.0,green,2
J1335,I3338,6582.0,6585.0,brown,1
J1335,I4523,8979.0,8984.0,green,1
J727,I2050,3811.0,3813.0,green,1
J727,I2434,4561.0,4564.0,green,1
J727,I2529,4760.0,4762.0,brown,1
J727,I3361,6637.0,6638.0,brown,1
J727,I3393,6709.0,6712.0,brown,1
J727,I4830,9595.0,9597.0,green,1
J1677,I1579,2785.0,2786.0,green,1
J1677,I3083,5997.0,6004.0,green,1
J1677,I3723,7406.0,7407.0,brown,1
J1736,I4853,9639.0,9642.0,green,3
J1736,I4967,9870.0,9883.0,green,2
J1736,I4981,9906.0,9907.0,brown,1
J1167,I2892,5606.0,5609.0,brown,1
J1167,I2957,5744.0,5746.0,green,2
J1167,I4731,9428.0,9433.0,green,1
J1715,I3570,7087.0,7088.0,brown,1
J1715,I3634,7217.0,7219.0,brown,2
J1715,I3699,7348.0,7351.0,green,1
J1715,I3731,7422.0,7424.0,green,1
J1715,I5203,10297.0,10301.0,green,1
J117,I310,442.0,443.0,green,1
J117,I342,497.0,498.0,green,1
J117,I438,652.0,655.0,green,2
J117,I502,769.0,770.0,green,1
J117,I662,1076.0,1078.0,green,1
J1991,I1766,3151.0,3173.0,green,1
J1991,I2053,3816.0,3818.0,brown,1
J1991,I3462,6857.0,6859.0,green,1
J1991,I5542,10912.0,10918.0,green,1
J1991,I5798,11359.0,11361.0,green,1
J1991,I6118,11866.0,11867.0,green,1
J1812,I5282,10442.0,10447.0,green,5
J662,I1661,2950.0,2951.0,green,1
J662,I2013,3717.0,3720.0,green,1
J662,I2333,4345.0,4347.0,brown,1
J662,I2781,5335.0,5336.0,green,1
J662,I3678,7305.0,7307.0,brown,1
J1962,I4259,8494.0,8496.0,green,2
J1962,I4291,8551.0,8554.0,green,1
J1962,I4323,8613.0,8616.0,brown,1
J1129,I2570,4860.0,4863.0,green,1
J1129,I2698,5131.0,5138.0,green,1
J673,I898,1466.0,1468.0,green,2
J673,I1186,2022.0,2023.0,green,1
J673,I1315,2280.0,2282.0,brown,1
J673,I1352,2354.0,2356.0,green,1
J673,I2120,3947.0,3948.0,green,1
J1222,I3369,6651.0,6656.0,green,3
J1222,I3481,6894.0,6895.0,green,1
J1222,I3757,7461.0,7463.0,brown,1
J924,I3696,7337.0,7342.0,green,2
J924,I4943,9812.0,9815.0,brown,1
J196,I408,591.0,597.0,green,1
J196,I471,704.0,707.0,brown,1
J1460,I2943,5716.0,5719.0,brown,1
J1460,I4640,9214.0,9217.0,green,1
J1460,I5248,10376.0,10378.0,green,1
J334,I526,814.0,818.0,green,2
J334,I558,887.0,892.0,green,2
J334,I1486,2605.0,2609.0,green,2
J1349,I2219,4137.0,4138.0,brown,1
J1349,I2284,4253.0,4258.0,green,1
J1349,I3404,6740.0,6744.0,green,1
J1349,I4427,8800.0,8802.0,brown,1
J1349,I5484,10806.0,10808.0,green,1
J863,I2382,4440.0,4441.0,brown,1
J863,I3279,6431.0,6438.0,green,1
J863,I3567,7078.0,7080.0,green,1
J863,I3631,7211.0,7215.0,green,1
J1151,I2422,4530.0,4538.0,green,4
J670,I506,778.0,780.0,green,2
J670,I2190,4080.0,4082.0,green,1
J670,I2782,5336.0,5339.0,green,1
J284,I871,1422.0,1423.0,brown,1
J284,I2791,5352.0,5353.0,brown,1
J284,I3624,7191.0,7192.0,green,1
J89,I475,712.0,714.0,brown,1
J89,I492,743.0,750.0,green,1
J89,I508,782.0,783.0,green,1
J614,I2132,3966.0,3967.0,green,1
J614,I2668,5067.0,5072.0,green,1
J393,I1380,2412.0,2414.0,green,1
J393,I1699,3018.0,3020.0,brown,1
J393,I2020,3745.0,3746.0,green,1
J393,I2852,5503.0,5504.0,brown,1
J1596,I4570,9068.0,9072.0,green,1
J1596,I4601,9135.0,9137.0,brown,1
J451,I2343,4369.0,4375.0,green,1
J227,I339,492.0,493.0,brown,1
J227,I691,1121.0,1123.0,brown,2
J227,I883,1442.0,1443.0,brown,1
J227,I4244,8466.0,8469.0,green,1
J227,I4524,8984.0,8988.0,green,1
J878,I3009,5850.0,5855.0,green,1
J878,I5313,10504.0,10511.0,green,3
J878,I5521,10877.0,10878.0,green,1
J363,I2207,4104.0,4110.0,green,1
J363,I3090,6011.0,6018.0,green,1
J443,I198,272.0,273.0,brown,1
J443,I999,1664.0,1666.0,green,1
J443,I1063,1785.0,1791.0,green,1
J443,I2664,5060.0,5064.0,green,1
J382,I365,527.0,535.0,green,5
J1180,I984,1635.0,1637.0,brown,1
J1180,I5865,11461.0,11466.0,green,1
J397,I658,1069.0,1071.0,green,2
J397,I914,1498.0,1503.0,green,1
J397,I1010,1688.0,1691.0,brown,1
J1931,I3057,5952.0,5954.0,green,2
J1931,I3473,6880.0,6883.0,green,1
J1931,I3505,6966.0,6967.0,green,1
J1931,I6065,11772.0,11776.0,green,2
J910,I1800,3237.0,3243.0,green,3
J1399,I3161,6194.0,6203.0,green,6
J1515,I4225,8424.0,8426.0,green,2
J1515,I4257,8492.0,8493.0,green,1
J1515,I4258,8493.0,8494.0,brown,1
J1515,I4833,9600.0,9603.0,green,2
J793,I3651,7246.0,7249.0,brown,1
J793,I4676,9303.0,9307.0,green,2
J793,I4996,9929.0,9930.0,green,1
J1659,I713,1160.0,1161.0,brown,1
J153,I509,783.0,788.0,green,1
J153,I1053,1765.0,1768.0,green,1
J153,I2173,4041.0,4049.0,green,1
J153,I3495,6943.0,6945.0,green,1
J153,I3885,7712.0,7718.0,green,1
J420,I636,1025.0,1026.0,green,1
J420,I828,1357.0,1358.0,green,1
J420,I924,1516.0,1517.0,green,1
J420,I2824,5432.0,5441.0,green,1
J815,I149,202.0,203.0,brown,1
J815,I454,679.0,681.0,green,1
J815,I901,1471.0,1472.0,brown,1
J815,I1606,2839.0,2843.0,green,1
J815,I3846,7628.0,7630.0,green,1
J815,I4054,8068.0,8074.0,green,1
J104,I555,869.0,875.0,green,1
J104,I1099,1874.0,1875.0,green,1
J104,I3007,5842.0,5849.0,green,2
J648,I379,551.0,553.0,brown,1
J648,I4604,9141.0,9147.0,green,1
J648,I4956,9835.0,9847.0,green,3
J648,I6156,11924.0,11927.0,green,1
J918,I1066,1795.0,1798.0,brown,3
J1513,I1714,3050.0,3054.0,green,1
J1513,I4377,8717.0,8719.0,brown,1
J1513,I4722,9414.0,9417.0,green,1
J1226,I1532,2702.0,2703.0,brown,1
J1226,I3420,6773.0,6774.0,brown,1
J1226,I4797,9535.0,9537.0,green,2
J1289,I2745,5251.0,5253.0,brown,1
J1289,I2905,5640.0,5642.0,brown,1
J1289,I3450,6831.0,6834.0,green,1
J1289,I3581,7102.0,7103.0,brown,1
J147,I607,973.0,974.0,brown,1
J147,I618,992.0,994.0,green,1
J147,I642,1038.0,1043.0,green,4
J1907,I5276,10426.0,10428.0,green,2
J1907,I6188,11972.0,11973.0,green,1
J131,I1390,2428.0,2432.0,brown,1
J131,I1550,2734.0,2736.0,brown,1
J131,I3471,6874.0,6879.0,green,3
J1288,I3964,7892.0,7894.0,green,1
J1288,I4060,8085.0,8088.0,green,2
J1288,I4124,8230.0,8232.0,green,2
J688,I3338,6582.0,6585.0,brown,1
J688,I4203,8388.0,8390.0,green,1
J688,I4731,9428.0,9433.0,green,1
J688,I5167,10224.0,10227.0,green,1
J1559,I3055,5942.0,5949.0,green,6
J1829,I5108,10125.0,10127.0,brown,1
J1829,I5127,10153.0,10156.0,green,3
J1829,I5397,10662.0,10664.0,green,1
J1829,I5461,10763.0,10769.0,green,1
J71,I449,672.0,673.0,green,1
J71,I705,1142.0,1147.0,green,1
J71,I897,1465.0,1466.0,green,1
J71,I4097,8169.0,8174.0,green,1
J1673,I2978,5779.0,5781.0,brown,1
J1673,I3234,6346.0,6348.0,brown,1
J1673,I3650,7244.0,7246.0,brown,1
J1673,I5474,10786.0,10788.0,brown,1
J1673,I5859,11450.0,11452.0,green,1
J1673,I6115,11858.0,11859.0,green,1
J155,I1325,2300.0,2306.0,green,1
J155,I3244,6369.0,6373.0,brown,1
J155,I5421,10699.0,10700.0,green,1
J1066,I2062,3829.0,3830.0,green,1
J1066,I2126,3955.0,3956.0,green,1
J1066,I2383,4441.0,4442.0,brown,1
J1066,I2559,4835.0,4837.0,brown,1
J3,I968,1596.0,1601.0,green,2
J3,I1064,1791.0,1794.0,green,2
J757,I2264,4211.0,4212.0,green,1
J757,I2319,4319.0,4320.0,green,1
J757,I2431,4554.0,4558.0,brown,1
J1383,I3936,7834.0,7836.0,green,1
J1383,I3968,7902.0,7905.0,green,1
J1383,I4160,8312.0,8318.0,green,2
J1383,I5664,11141.0,11144.0,green,1
J100,I207,281.0,286.0,green,4
J1476,I2273,4226.0,4227.0,green,1
J1476,I2337,4353.0,4357.0,green,4
J1476,I4961,9854.0,9859.0,green,1
J30,I34,40.0,41.0,green,1
J30,I42,49.0,51.0,green,1
J30,I194,266.0,267.0,green,1
J30,I482,728.0,729.0,green,1
J30,I498,757.0,762.0,green,1
J1215,I2844,5482.0,5484.0,green,1
J959,I2441,4581.0,4585.0,brown,1
J959,I2570,4860.0,4863.0,green,2
J959,I4106,8189.0,8194.0,green,1
J959,I5162,10210.0,10212.0,green,1
J1266,I3811,7564.0,7573.0,green,2
J1632,I4380,8723.0,8724.0,green,1
J1632,I4604,9141.0,9147.0,green,1
J1632,I4892,9710.0,9715.0,green,2
J214,I420,612.0,614.0,green,1
J214,I644,1045.0,1050.0,green,1
J214,I1188,2026.0,2027.0,green,1
J214,I1208,2058.0,2063.0,green,2
J214,I1252,2165.0,2170.0,green,1
J1657,I2017,3734.0,3741.0,green,5
J1059,I2547,4807.0,4808.0,brown,1
J1059,I3092,6025.0,6029.0,green,1
J1059,I3500,6952.0,6960.0,green,1
J1059,I3507,6968.0,6969.0,brown,1
J115,I2261,4207.0,4208.0,green,1
J115,I5461,10763.0,10769.0,green,1
J115,I5877,11488.0,11489.0,green,1
J1875,I4551,9033.0,9037.0,brown,2
J1875,I4743,9454.0,9456.0,brown,1
J1875,I4807,9556.0,9557.0,brown,1
J1875,I4935,9796.0,9797.0,brown,1
J1875,I5063,10043.0,10045.0,brown,1
J1228,I2561,4840.0,4844.0,brown,1
J1228,I3042,5917.0,5919.0,green,2
J957,I1989,3674.0,3677.0,green,1
J957,I3653,7251.0,7261.0,green,1
J82,I266,373.0,374.0,green,1
J82,I298,419.0,423.0,green,1
J82,I314,448.0,449.0,brown,1
J82,I618,992.0,994.0,green,1
J82,I1322,2296.0,2297.0,green,1
J1947,I3879,7696.0,7699.0,green,1
J1947,I3910,7762.0,7763.0,brown,1
J1947,I4038,8022.0,8026.0,brown,2
J1947,I5831,11402.0,11406.0,green,1
J1857,I1198,2038.0,2040.0,brown,1
J1857,I4431,8809.0,8810.0,green,1
J1857,I4655,9249.0,9252.0,green,1
J1795,I2430,4548.0,4554.0,green,2
J1795,I2590,4903.0,4904.0,green,1
J1795,I2686,5103.0,5106.0,brown,1
J1795,I3326,6555.0,6559.0,green,1
J1795,I3934,7829.0,7830.0,green,1
J630,I1091,1858.0,1861.0,green,1
J630,I2572,4864.0,4866.0,green,1
J1986,I4213,8405.0,8407.0,green,1
J1986,I4437,8816.0,8834.0,green,3
J1986,I5765,11303.0,11305.0,green,1
J1986,I6117,11860.0,11866.0,green,1
J339,I174,235.0,236.0,green,1
J339,I206,280.0,281.0,green,1
J339,I238,330.0,332.0,green,1
J339,I430,628.0,630.0,green,2
J1540,I4581,9100.0,9102.0,brown,2
J1540,I5381,10633.0,10634.0,brown,1
J535,I1003,1676.0,1678.0,brown,1
J535,I2284,4253.0,4258.0,green,2
J535,I2507,4717.0,4718.0,brown,1
J535,I4939,9802.0,9805.0,brown,1
J109,I1940,3551.0,3560.0,green,2
J109,I5396,10661.0,10662.0,green,1
J109,I6068,11778.0,11780.0,green,1
J189,I177,240.0,241.0,green,1
J189,I305,433.0,435.0,green,2
J189,I337,488.0,491.0,green,1
J189,I461,694.0,695.0,green,1
J189,I657,1067.0,1069.0,green,1
J1910,I3627,7195.0,7204.0,green,3
J1910,I5619,11067.0,11072.0,green,2
J1910,I5867,11468.0,11472.0,green,1
J696,I2098,3909.0,3911.0,brown,1
J696,I2419,4522.0,4528.0,green,2
J696,I5459,10757.0,10760.0,green,1
J1026,I4908,9744.0,9746.0,green,2
J1026,I4956,9835.0,9847.0,green,2
J1026,I5052,10020.0,10021.0,green,1
J1687,I637,1026.0,1028.0,green,1
J1687,I3485,6923.0,6930.0,green,4
J1687,I4669,9281.0,9285.0,green,1
J1136,I1041,1747.0,1748.0,brown,1
J1136,I1521,2682.0,2684.0,brown,1
J1136,I2289,4264.0,4266.0,brown,1
J1136,I3026,5878.0,5887.0,green,1
J1136,I4802,9545.0,9547.0,green,1
J1136,I5378,10625.0,10627.0,green,1
J390,I1268,2192.0,2193.0,brown,1
J390,I1780,3198.0,3199.0,brown,1
J390,I3604,7152.0,7153.0,brown,1
J1557,I3437,6807.0,6812.0,green,1
J1557,I3564,7072.0,7073.0,brown,1
J1557,I3692,7325.0,7329.0,brown,2
J1557,I4364,8691.0,8692.0,brown,1
J1557,I4877,9692.0,9694.0,green,1
J1193,I2750,5258.0,5259.0,green,1
J1193,I2814,5408.0,5410.0,brown,1
J1193,I4414,8780.0,8781.0,green,1
J1193,I4830,9595.0,9597.0,green,1
J337,I429,625.0,628.0,green,1
J337,I557,882.0,887.0,green,1
J337,I3437,6807.0,6812.0,green,2
J337,I3948,7854.0,7857.0,brown,1
J337,I4045,8040.0,8041.0,green,1
J952,I2203,4098.0,4099.0,green,1
J952,I2395,4467.0,4474.0,green,2
J952,I4203,8388.0,8390.0,green,1
J952,I4219,8413.0,8415.0,brown,1
J952,I4411,8777.0,8778.0,green,1
J964,I1694,3002.0,3006.0,brown,3
J1398,I1856,3356.0,3358.0,brown,1
J1398,I1921,3497.0,3501.0,green,1
J1398,I3841,7620.0,7622.0,green,1
J1398,I4320,8607.0,8608.0,brown,1
J1423,I2243,4176.0,4177.0,brown,1
J1423,I2339,4360.0,4361.0,brown,1
J1423,I2723,5188.0,5190.0,brown,1
J1423,I4340,8644.0,8655.0,green,3
J1124,I2296,4275.0,4276.0,green,1
J1124,I2520,4737.0,4738.0,green,1
J1124,I2552,4815.0,4822.0,green,3
J1124,I3064,5964.0,5968.0,green,1
J1644,I3612,7164.0,7166.0,green,1
J1644,I4091,8161.0,8162.0,brown,1
J1644,I5788,11339.0,11344.0,green,2
J1817,I5321,10519.0,10522.0,green,1
J1817,I5389,10642.0,10653.0,green,2
J1817,I5415,10692.0,10694.0,green,2
J1817,I5417,10695.0,10696.0,green,1
J286,I2850,5492.0,5502.0,green,2
J286,I3705,7360.0,7363.0,brown,2
J908,I1995,3684.0,3685.0,green,1
J908,I3627,7195.0,7204.0,green,2
J908,I5867,11468.0,11472.0,green,2
J908,I5957,11612.0,11617.0,green,1
J808,I1104,1880.0,1888.0,green,4
J808,I3248,6376.0,6380.0,green,1
J808,I3440,6815.0,6816.0,green,1
J1606,I1302,2258.0,2261.0,brown,1
J1606,I1622,2868.0,2869.0,brown,1
J1606,I3382,6685.0,6686.0,brown,1
J1862,I3877,7690.0,7694.0,brown,1
J1862,I5158,10202.0,10205.0,green,1
J1646,I4700,9357.0,9358.0,green,1
J1646,I5244,10366.0,10369.0,green,1
J1646,I5308,10495.0,10496.0,green,1
J1646,I5820,11386.0,11390.0,green,1
J236,I832,1362.0,1365.0,brown,2
J236,I1664,2953.0,2954.0,brown,1
J236,I3809,7555.0,7562.0,green,1
J236,I3911,7763.0,7772.0,green,2
J935,I1997,3687.0,3689.0,green,1
J935,I2669,5072.0,5074.0,green,1
J935,I4012,7973.0,7974.0,brown,1
J935,I4701,9358.0,9370.0,green,2
J935,I5325,10529.0,10530.0,green,1
J341,I520,806.0,808.0,green,1
J341,I616,983.0,989.0,green,4
J341,I2024,3754.0,3763.0,green,1
J814,I5676,11161.0,11163.0,green,1
J867,I2030,3772.0,3774.0,green,1
J867,I2285,4258.0,4260.0,brown,2
J1510,I2278,4244.0,4247.0,green,2
J1510,I4517,8971.0,8973.0,brown,1
J893,I634,1020.0,1024.0,green,2
J893,I666,1083.0,1084.0,green,1
J893,I1594,2818.0,2819.0,brown,1
J1861,I5152,10193.0,10195.0,green,1
J1861,I5248,10376.0,10378.0,green,1
J1861,I5774,11318.0,11319.0,green,1
J1861,I5776,11320.0,11321.0,green,1
J1861,I5896,11514.0,11516.0,green,2
J1012,I886,1446.0,1448.0,brown,1
J1012,I982,1630.0,1633.0,brown,1
J1012,I4182,8355.0,8357.0,brown,1
J166,I345,500.0,501.0,green,1
J166,I601,960.0,962.0,green,1
J166,I729,1179.0,1182.0,green,1
J166,I4063,8095.0,8098.0,green,1
J251,I54,67.0,68.0,green,1
J251,I1878,3409.0,3414.0,green,3
J251,I4022,7989.0,7996.0,green,1
J251,I5754,11285.0,11286.0,green,1
J786,I1666,2955.0,2957.0,green,1
J786,I1985,3668.0,3669.0,brown,1
J786,I2706,5153.0,5162.0,green,1
J786,I2866,5532.0,5534.0,green,1
J623,I404,586.0,587.0,brown,1
J623,I1589,2803.0,2808.0,green,2
J623,I1943,3563.0,3567.0,green,1
J1848,I1088,1853.0,1856.0,green,1
J1848,I2527,4752.0,4757.0,brown,1
J1848,I5488,10814.0,10815.0,green,1
J1848,I5806,11368.0,11369.0,green,1
J126,I4437,8816.0,8834.0,green,1
J126,I4949,9823.0,9824.0,green,1
J126,I5621,11073.0,11074.0,green,1
J126,I5861,11453.0,11457.0,green,3
J1982,I5661,11136.0,11138.0,green,2
J1982,I6045,11746.0,11747.0,green,1
J185,I916,1504.0,1506.0,brown,1
J185,I3029,5891.0,5895.0,green,3
J185,I3565,7073.0,7074.0,green,1
J185,I3679,7307.0,7310.0,green,1
J637,I3386,6691.0,6692.0,green,1
J637,I3418,6770.0,6771.0,brown,1
J637,I3546,7036.0,7038.0,brown,2
J949,I2408,4505.0,4506.0,brown,1
J949,I2600,4920.0,4921.0,brown,1
J949,I2601,4921.0,4923.0,green,1
J949,I2760,5279.0,5281.0,brown,1
J949,I3113,6073.0,6074.0,green,1
J949,I4169,8329.0,8332.0,brown,1
J498,I1636,2897.0,2900.0,green,3
J498,I1642,2909.0,2912.0,green,1
J498,I1704,3030.0,3031.0,green,1
J260,I667,1084.0,1085.0,green,1
J260,I731,1184.0,1186.0,green,1
J260,I859,1399.0,1400.0,green,1
J1268,I3957,7875.0,7877.0,green,1
J1268,I5989,11663.0,11665.0,green,1
J1268,I6069,11780.0,11782.0,green,1
J1892,I5281,10440.0,10442.0,green,2
J1892,I6017,11702.0,11707.0,green,2
J309,I817,1334.0,1337.0,green,3
J27,I92,125.0,127.0,green,2
J1631,I2324,4331.0,4335.0,green,4
J1631,I4524,8984.0,8988.0,green,2
J354,I94,128.0,129.0,green,1
J354,I254,355.0,356.0,green,1
J354,I286,399.0,401.0,green,2
J507,I3060,5957.0,5961.0,brown,1
J507,I3220,6320.0,6322.0,brown,1
J507,I3861,7659.0,7663.0,green,1
J507,I3911,7763.0,7772.0,green,1
J507,I4149,8296.0,8299.0,green,1
J507,I4437,8816.0,8834.0,green,1
J1281,I3793,7524.0,7527.0,green,1
J1281,I3849,7635.0,7639.0,green,3
J1281,I3857,7653.0,7655.0,green,1
J1281,I3885,7712.0,7718.0,green,1
J1479,I1761,3138.0,3144.0,green,2
J1479,I4961,9854.0,9859.0,green,1
J1478,I3314,6530.0,6533.0,green,1
J1478,I3954,7869.0,7871.0,green,1
J1478,I3986,7932.0,7933.0,green,1
J1478,I5462,10769.0,10771.0,green,1
J1605,I878,1432.0,1434.0,green,1
J1605,I4654,9248.0,9249.0,green,1
J1006,I1003,1676.0,1678.0,brown,1
J1006,I1068,1800.0,1806.0,green,2
J1006,I2955,5738.0,5740.0,brown,2
J1006,I3966,7895.0,7896.0,green,1
J513,I822,1349.0,1350.0,green,1
J513,I982,1630.0,1633.0,brown,1
J513,I1046,1754.0,1755.0,green,1
J513,I1174,1999.0,2000.0,green,1
J1555,I3223,6324.0,6328.0,green,1
J1555,I3638,7225.0,7226.0,brown,1
J1555,I4310,8589.0,8591.0,brown,1
J1327,I3987,7933.0,7934.0,green,1
J1327,I4083,8148.0,8149.0,green,1
J1327,I4915,9763.0,9765.0,green,1
J1850,I3289,6462.0,6464.0,green,1
J1850,I3448,6828.0,6829.0,brown,1
J1850,I3768,7480.0,7482.0,brown,1
J1850,I5767,11306.0,11307.0,green,1
J222,I4463,8874.0,8875.0,brown,1
J222,I5430,10710.0,10715.0,green,1
J198,I532,828.0,830.0,green,1
J198,I2036,3785.0,3788.0,green,1
J198,I3400,6724.0,6735.0,green,1
J198,I3432,6791.0,6796.0,green,1
J345,I361,521.0,523.0,green,1
J345,I3369,6651.0,6656.0,green,2
J345,I3378,6674.0,6680.0,green,2
J516,I967,1595.0,1596.0,green,1
J516,I1991,3678.0,3679.0,green,1
J516,I2887,5590.0,5593.0,green,1
J516,I3007,5842.0,5849.0,green,2
J516,I3073,5980.0,5983.0,green,1
J425,I1345,2339.0,2343.0,green,2
J425,I1536,2712.0,2713.0,brown,1
J425,I1633,2887.0,2894.0,green,1
J699,I1202,2044.0,2047.0,green,2
J1317,I2698,5131.0,5138.0,green,1
J1317,I2761,5281.0,5282.0,brown,1
J1317,I3401,6735.0,6736.0,brown,1
J1317,I3594,7134.0,7137.0,green,1
J216,I552,865.0,866.0,brown,1
J216,I680,1104.0,1106.0,brown,1
J216,I2056,3822.0,3824.0,brown,1
J216,I3912,7772.0,7784.0,green,1
J283,I1239,2133.0,2144.0,green,1
J283,I1423,2479.0,2480.0,green,1
J283,I1688,2993.0,2994.0,green,1
J803,I2469,4630.0,4637.0,green,2
J703,I641,1033.0,1038.0,green,4
J703,I705,1142.0,1147.0,green,1
J1708,I3697,7342.0,7347.0,green,1
J1708,I3793,7524.0,7527.0,green,1
J1708,I3889,7725.0,7727.0,green,1
J1708,I5585,11012.0,11014.0,green,1
J1708,I5777,11321.0,11322.0,green,1
J1098,I336,484.0,488.0,green,2
J1098,I383,557.0,559.0,brown,1
J1098,I575,919.0,921.0,brown,1
J1098,I1072,1810.0,1814.0,green,2
J1061,I1603,2832.0,2836.0,green,1
J1061,I1827,3304.0,3306.0,green,1
J1061,I2051,3813.0,3815.0,green,2
J315,I677,1098.0,1100.0,brown,1
J315,I1766,3151.0,3173.0,green,1
J315,I2502,4701.0,4703.0,green,1
J315,I4870,9675.0,9679.0,green,1
J485,I1190,2029.0,2030.0,green,1
J485,I1318,2286.0,2287.0,green,1
J485,I2214,4126.0,4128.0,green,2
J485,I3190,6264.0,6268.0,green,2
J1080,I2701,5144.0,5145.0,brown,1
J1080,I2702,5145.0,5148.0,green,2
J1080,I2893,5609.0,5612.0,brown,1
J1200,I1646,2917.0,2919.0,brown,2
J1200,I1806,3254.0,3258.0,brown,1
J1200,I1934,3530.0,3533.0,brown,1
J663,I1923,3502.0,3505.0,green,3
J663,I1955,3586.0,3594.0,green,3
J124,I730,1182.0,1184.0,green,2
J124,I2810,5400.0,5401.0,brown,1
J124,I3450,6831.0,6834.0,green,1
J124,I3754,7456.0,7459.0,green,1
J124,I4570,9068.0,9072.0,green,1
J1593,I617,989.0,992.0,green,1
J1593,I3433,6796.0,6798.0,green,2
J1858,I4729,9426.0,9427.0,green,1
J1858,I4889,9707.0,9708.0,brown,1
J1858,I5721,11229.0,11231.0,green,1
J1858,I5785,11334.0,11337.0,green,1
J1668,I943,1547.0,1551.0,green,1
J1668,I974,1612.0,1613.0,brown,1
J1668,I1550,2734.0,2736.0,brown,1
J1939,I4426,8799.0,8800.0,brown,1
J1939,I4459,8869.0,8870.0,green,1
J1939,I5635,11093.0,11094.0,green,1
J1939,I5957,11612.0,11617.0,green,1
J619,I332,478.0,479.0,brown,1
J619,I365,527.0,535.0,green,2
J619,I1293,2236.0,2241.0,green,1
J402,I754,1228.0,1230.0,brown,1
J402,I4306,8581.0,8583.0,brown,1
J402,I4402,8761.0,8762.0,brown,1
J723,I2000,3693.0,3696.0,green,1
J723,I2063,3830.0,3832.0,brown,1
J723,I2128,3957.0,3961.0,green,2
J723,I2463,4618.0,4622.0,brown,2
J488,I1137,1940.0,1942.0,green,1
J488,I1169,1992.0,1993.0,green,1
J488,I1393,2435.0,2439.0,green,1
J488,I1489,2613.0,2617.0,green,1
J488,I1617,2860.0,2862.0,green,1
J632,I1631,2881.0,2885.0,green,4
J632,I2015,3726.0,3733.0,green,1
J632,I2143,3985.0,3987.0,green,1
J1029,I3362,6638.0,6639.0,brown,1
J1029,I4739,9443.0,9445.0,green,1
J1029,I4835,9604.0,9608.0,green,1
J1029,I5283,10447.0,10454.0,green,2
J1029,I5866,11466.0,11468.0,green,1
J835,I5040,10001.0,10007.0,green,3
J763,I1745,3104.0,3109.0,green,1
J763,I1809,3264.0,3265.0,green,1
J763,I1969,3635.0,3636.0,green,1
J763,I2673,5086.0,5089.0,green,1
J763,I3463,6859.0,6863.0,green,1
J763,I3601,7144.0,7145.0,green,1
J44,I253,353.0,355.0,green,2
J44,I317,451.0,453.0,green,1
J44,I509,783.0,788.0,green,2
J450,I486,734.0,735.0,brown,1
J450,I1607,2843.0,2844.0,green,1
J450,I3047,5927.0,5928.0,brown,1
J450,I3848,7632.0,7635.0,green,3
J433,I494,751.0,752.0,brown,1
J433,I590,941.0,942.0,brown,1
J433,I943,1547.0,1551.0,green,1
J13,I46,56.0,59.0,green,1
J13,I1454,2539.0,2542.0,green,1
J13,I3181,6245.0,6247.0,brown,1
J13,I4878,9694.0,9695.0,green,1
J13,I5102,10111.0,10120.0,green,1
J441,I3820,7585.0,7586.0,brown,1
J441,I4909,9746.0,9752.0,green,3
J671,I328,470.0,475.0,green,1
J671,I391,569.0,571.0,brown,2
J264,I379,551.0,553.0,brown,1
J264,I1755,3129.0,3131.0,brown,2
J264,I2940,5709.0,5714.0,green,2
J264,I5022,9974.0,9975.0,green,1
J1105,I1493,2624.0,2625.0,green,1
J1105,I2101,3913.0,3914.0,green,1
J1105,I3925,7810.0,7813.0,green,1
J961,I2805,5391.0,5393.0,brown,1
J961,I5366,10603.0,10606.0,green,1
J1254,I2323,4330.0,4331.0,green,1
J1254,I3411,6756.0,6758.0,brown,1
J1254,I3827,7596.0,7597.0,green,1
J1254,I4387,8738.0,8740.0,green,1
J1254,I4903,9734.0,9740.0,green,1
J679,I923,1515.0,1516.0,green,1
J679,I1019,1711.0,1716.0,green,4
J679,I2623,4959.0,4960.0,brown,1
J1774,I2575,4870.0,4875.0,green,1
J1774,I3278,6429.0,6431.0,brown,1
J1774,I5039,9998.0,10001.0,green,1
J1774,I6047,11748.0,11749.0,green,1
J53,I209,288.0,291.0,green,1
J53,I337,488.0,491.0,green,1
J53,I657,1067.0,1069.0,green,1
J1997,I2984,5790.0,5794.0,green,1
J1997,I6168,11943.0,11945.0,green,2
J95,I2114,3937.0,3940.0,green,1
J95,I5266,10407.0,10408.0,green,1
J95,I5346,10564.0,10566.0,green,2
J95,I5354,10578.0,10580.0,green,1
J95,I5356,10581.0,10584.0,green,1
J1825,I2726,5194.0,5200.0,green,3
J1825,I3909,7761.0,7762.0,brown,1
J1825,I4006,7961.0,7966.0,green,1
J1591,I4018,7981.0,7984.0,green,2
J1591,I5202,10294.0,10297.0,green,2
J35,I847,1384.0,1385.0,brown,1
J35,I3120,6090.0,6095.0,green,1
J35,I5744,11264.0,11265.0,green,1
J269,I3620,7186.0,7188.0,green,1
J953,I5449,10740.0,10741.0,green,1
J953,I5865,11461.0,11466.0,green,2
J953,I5945,11594.0,11597.0,green,1
J1938,I6048,11749.0,11753.0,green,2
J494,I1010,1688.0,1691.0,brown,1
J494,I1363,2373.0,2375.0,green,2
J494,I2899,5631.0,5633.0,green,1
J494,I3635,7219.0,7222.0,green,2
J1391,I2349,4386.0,4387.0,green,1
J1391,I3021,5870.0,5871.0,brown,1
J1391,I3693,7329.0,7335.0,green,3
J395,I2386,4450.0,4453.0,green,1
J395,I3912,7772.0,7784.0,green,4
J1547,I2346,4378.0,4381.0,green,2
J1547,I4265,8507.0,8508.0,brown,1
J470,I4616,9165.0,9168.0,green,3
J470,I4648,9231.0,9242.0,green,1
J1245,I1033,1736.0,1737.0,brown,1
J1245,I1642,2909.0,2912.0,green,1
J1245,I4062,8093.0,8095.0,green,1
J1502,I769,1256.0,1257.0,brown,1
J1502,I1025,1723.0,1725.0,brown,1
J1502,I2658,5043.0,5048.0,green,1
J1502,I4710,9384.0,9385.0,green,1
J1811,I3130,6119.0,6121.0,brown,1
J1811,I5987,11658.0,11660.0,green,2
J1811,I5989,11663.0,11665.0,green,1
J1780,I2268,4217.0,4218.0,brown,1
J1780,I2845,5484.0,5485.0,green,1
J1780,I2941,5714.0,5715.0,brown,1
J1780,I3005,5836.0,5840.0,green,1
J1780,I5261,10398.0,10401.0,green,2
J722,I2014,3720.0,3726.0,green,1
J722,I2734,5217.0,5223.0,green,3
J1548,I3297,6487.0,6490.0,green,2
J1548,I3937,7836.0,7838.0,green,2
J1548,I4897,9723.0,9724.0,green,1
J58,I887,1448.0,1453.0,green,1
J58,I1415,2468.0,2470.0,green,2
J58,I1416,2470.0,2471.0,green,1
J656,I89,121.0,122.0,green,1
J656,I121,167.0,169.0,green,1
J656,I153,207.0,208.0,green,1
J656,I186,258.0,259.0,brown,1
J853,I832,1362.0,1365.0,brown,1
J348,I939,1539.0,1542.0,green,3
J348,I1483,2599.0,2601.0,green,1
J348,I2572,4864.0,4866.0,green,1
J348,I2719,5181.0,5182.0,brown,1
J1853,I5250,10379.0,10380.0,brown,1
J1853,I5410,10684.0,10685.0,brown,1
J1853,I5411,10685.0,10686.0,green,1
J474,I1548,2730.0,2733.0,green,1
J474,I1868,3382.0,3385.0,green,3
J474,I1900,3452.0,3459.0,brown,2
J114,I60,76.0,78.0,green,2
J114,I124,171.0,172.0,brown,1
J114,I700,1135.0,1136.0,brown,1
J114,I1960,3599.0,3606.0,green,2
J616,I231,318.0,319.0,brown,1
J616,I328,470.0,475.0,green,1
J616,I3304,6501.0,6506.0,green,1
J616,I3368,6647.0,6651.0,green,1
J1696,I5161,10207.0,10210.0,green,1
J1696,I5512,10862.0,10865.0,brown,1
J1696,I5641,11103.0,11105.0,green,2
J1945,I5888,11503.0,11505.0,green,2
J572,I1192,2031.0,2032.0,green,1
J572,I3208,6299.0,6302.0,green,1
J572,I3272,6421.0,6422.0,brown,1
J1231,I1564,2755.0,2756.0,green,1
J1231,I1628,2877.0,2879.0,green,2
J1231,I1852,3350.0,3351.0,green,1
J1231,I3676,7302.0,7304.0,green,1
J1769,I4862,9656.0,9658.0,green,2
J1769,I4967,9870.0,9883.0,green,1
J1769,I5310,10497.0,10499.0,green,1
J1076,I3549,7041.0,7045.0,green,1
J1076,I3613,7166.0,7169.0,green,1
J1076,I4893,9715.0,9720.0,green,1
J1076,I5629,11084.0,11086.0,green,1
J1282,I2685,5102.0,5103.0,brown,1
J1282,I3614,7169.0,7174.0,green,4
J39,I104,144.0,145.0,green,1
J39,I1000,1666.0,1672.0,green,1
J39,I3400,6724.0,6735.0,green,2
J1473,I3005,5836.0,5840.0,green,1
J1056,I3018,5867.0,5868.0,brown,1
J1056,I3402,6736.0,6737.0,brown,1
J1056,I3659,7272.0,7276.0,green,1
J1056,I3818,7581.0,7584.0,brown,1
J1056,I3883,7707.0,7708.0,green,1
J119,I476,714.0,716.0,brown,1
J119,I4733,9435.0,9437.0,green,2
J29,I221,304.0,305.0,brown,1
J29,I605,968.0,970.0,brown,1
J29,I1246,2155.0,2157.0,green,1
J29,I4638,9210.0,9213.0,green,1
J29,I5150,10190.0,10191.0,green,1
J29,I5246,10370.0,10373.0,green,1
J1312,I2771,5301.0,5302.0,brown,1
J1312,I2995,5809.0,5811.0,brown,1
J1312,I3028,5890.0,5891.0,green,1
J657,I2143,3985.0,3987.0,green,1
J657,I2175,4052.0,4053.0,green,1
J657,I2239,4169.0,4172.0,green,1
J657,I2751,5259.0,5261.0,green,1
J1688,I4136,8261.0,8264.0,green,1
J1688,I4264,8503.0,8507.0,green,3
J1688,I4456,8864.0,8866.0,green,1
J1688,I5832,11406.0,11408.0,green,1
J994,I146,199.0,200.0,green,1
J994,I306,435.0,436.0,green,1
J994,I434,642.0,648.0,green,1
J463,I344,499.0,500.0,green,1
J463,I1144,1953.0,1957.0,green,3
J463,I3108,6066.0,6067.0,brown,1
J463,I3556,7055.0,7058.0,brown,1
J1587,I3148,6152.0,6154.0,brown,1
J1587,I3885,7712.0,7718.0,green,1
J1587,I4301,8571.0,8573.0,green,1
J1587,I4396,8755.0,8756.0,brown,1
J1587,I5805,11367.0,11368.0,green,1
J529,I534,832.0,834.0,brown,2
J529,I2775,5315.0,5326.0,green,1
J529,I2903,5637.0,5639.0,green,1
J529,I5143,10179.0,10183.0,green,2
J121,I480,723.0,726.0,green,1
J121,I1168,1989.0,1992.0,green,2
J121,I1216,2074.0,2076.0,green,2
J121,I1800,3237.0,3243.0,green,1
J408,I1788,3219.0,3220.0,green,1
J408,I3292,6470.0,6472.0,green,1
J408,I4332,8628.0,8631.0,green,2
J408,I4604,9141.0,9147.0,green,2
J1333,I1569,2769.0,2770.0,green,1
J1333,I1921,3497.0,3501.0,green,1
J1333,I3969,7905.0,7907.0,green,1
J1333,I4097,8169.0,8174.0,green,2
J1333,I4833,9600.0,9603.0,green,1
J597,I1106,1889.0,1893.0,green,1
J597,I1121,1914.0,1915.0,brown,1
J597,I1146,1959.0,1960.0,green,1
J597,I1386,2422.0,2423.0,green,1
J597,I1482,2596.0,2599.0,green,2
J1023,I2172,4037.0,4041.0,green,2
J1023,I3484,6920.0,6923.0,green,1
J1023,I3580,7099.0,7102.0,green,1
J1633,I4864,9661.0,9662.0,green,1
J1633,I5024,9978.0,9982.0,green,1
J1633,I5280,10434.0,10440.0,green,4
J934,I2769,5296.0,5299.0,green,1
J934,I4208,8394.0,8396.0,brown,2
J1274,I2822,5426.0,5429.0,green,1
J1274,I2981,5783.0,5784.0,brown,1
J1274,I5670,11150.0,11153.0,green,3
J1960,I5087,10081.0,10086.0,green,1
J1960,I5151,10191.0,10193.0,green,1
J1960,I5247,10373.0,10376.0,green,3
J1960,I6199,11983.0,11984.0,green,1
J933,I993,1650.0,1652.0,brown,1
J933,I1281,2212.0,2213.0,brown,1
J933,I4641,9217.0,9219.0,brown,1
J933,I5926,11566.0,11567.0,green,1
J933,I5986,11655.0,11658.0,green,1
J1597,I3567,7078.0,7080.0,green,1
J1597,I4047,8045.0,8048.0,green,1
J1597,I4111,8201.0,8204.0,green,1
J1597,I5967,11628.0,11629.0,green,1
J692,I1544,2725.0,2726.0,brown,1
J692,I2911,5652.0,5657.0,green,1
J692,I2913,5658.0,5665.0,green,1
J692,I3444,6820.0,6823.0,brown,1
J1330,I1615,2857.0,2858.0,brown,1
J1330,I2192,4083.0,4085.0,green,2
J1330,I3696,7337.0,7342.0,green,1
J1330,I6020,11710.0,11714.0,green,2
J70,I3230,6335.0,6340.0,green,1
J70,I4094,8165.0,8167.0,green,1
J70,I5342,10556.0,10558.0,green,1
J70,I5502,10837.0,10839.0,green,1
J70,I5726,11238.0,11239.0,green,1
J1601,I3244,6369.0,6373.0,brown,1
J1601,I4621,9175.0,9179.0,green,3
J1601,I5903,11524.0,11525.0,green,1
J1541,I4286,8544.0,8546.0,brown,2
J1541,I4318,8604.0,8606.0,brown,2
J46,I434,642.0,648.0,green,3
J46,I4465,8877.0,8878.0,brown,1
J46,I4561,9050.0,9051.0,brown,1
J46,I4657,9255.0,9257.0,brown,1
J1709,I119,165.0,166.0,brown,1
J1709,I215,297.0,298.0,brown,1
J1709,I4504,8943.0,8949.0,green,1
J59,I216,298.0,299.0,brown,1
J59,I472,707.0,709.0,brown,1
J59,I1752,3124.0,3125.0,brown,1
J59,I5081,10069.0,10071.0,green,2
J59,I5441,10729.0,10730.0,green,1
J484,I1382,2415.0,2417.0,green,1
J484,I1798,3232.0,3235.0,green,1
J484,I2997,5814.0,5815.0,brown,1
J484,I3253,6389.0,6390.0,brown,1
J710,I979,1623.0,1626.0,brown,1
J710,I2035,3781.0,3785.0,brown,1
J710,I3540,7015.0,7018.0,green,1
J710,I3891,7729.0,7731.0,brown,2
J1207,I3250,6382.0,6386.0,brown,1
J1207,I3315,6533.0,6540.0,green,5
J75,I192,264.0,265.0,green,1
J75,I336,484.0,488.0,green,1
J75,I640,1032.0,1033.0,green,1
J75,I672,1091.0,1094.0,green,3
J686,I2155,4010.0,4011.0,green,1
J686,I2187,4074.0,4077.0,green,3
J686,I2603,4926.0,4929.0,green,1
J231,I943,1547.0,1551.0,green,1
J231,I3207,6294.0,6299.0,green,1
J607,I1811,3269.0,3272.0,brown,1
J607,I3500,6952.0,6960.0,green,1
J607,I4084,8149.0,8150.0,green,1
J40,I43,51.0,52.0,green,1
J40,I683,1109.0,1110.0,green,1
J298,I1159,1977.0,1979.0,green,1
J298,I1383,2417.0,2418.0,green,1
J298,I1447,2527.0,2530.0,green,2
J298,I1575,2779.0,2781.0,green,1
J298,I1863,3366.0,3370.0,green,1
J72,I32,38.0,39.0,green,1
J72,I37,44.0,45.0,green,1
J72,I160,215.0,216.0,green,1
J72,I288,402.0,404.0,green,1
J72,I1248,2160.0,2161.0,green,1
J1201,I1572,2774.0,2775.0,green,1
J1201,I3076,5990.0,5991.0,brown,1
J1201,I3396,6716.0,6717.0,green,1
J1201,I3716,7384.0,7388.0,green,1
J1201,I5316,10513.0,10514.0,green,1
J1201,I5636,11094.0,11098.0,green,1
J55,I115,160.0,162.0,brown,1
J55,I180,247.0,248.0,green,1
J55,I2356,4401.0,4403.0,green,1
J55,I4244,8466.0,8469.0,green,2
J816,I1927,3515.0,3519.0,green,2
J816,I2054,3818.0,3819.0,brown,1
J816,I2406,4494.0,4502.0,brown,1
J816,I4175,8340.0,8343.0,green,1
J1953,I2162,4020.0,4024.0,brown,1
J1953,I5747,11268.0,11273.0,green,4
J796,I2293,4271.0,4273.0,brown,2
J796,I2422,4530.0,4538.0,green,1
J796,I3230,6335.0,6340.0,green,2
J796,I4086,8151.0,8156.0,green,1
J1543,I682,1108.0,1109.0,brown,1
J1543,I4010,7971.0,7972.0,brown,1
J1543,I4202,8386.0,8388.0,brown,1
J1543,I4595,9118.0,9121.0,green,3
J1206,I1907,3476.0,3478.0,green,1
J1206,I2067,3836.0,3837.0,green,1
J1206,I3731,7422.0,7424.0,green,1
J1206,I4851,9630.0,9635.0,green,1
J1206,I4915,9763.0,9765.0,green,1
J1426,I376,548.0,549.0,brown,1
J1426,I1880,3418.0,3420.0,brown,1
J1426,I4568,9065.0,9067.0,brown,1
J1426,I5817,11383.0,11384.0,green,1
J1426,I5849,11436.0,11437.0,green,1
J1426,I5873,11481.0,11484.0,green,1
J720,I5568,10969.0,10971.0,green,1
J720,I5632,11089.0,11091.0,green,1
J720,I5664,11141.0,11144.0,green,1
J1951,I5962,11621.0,11622.0,green,1
J1951,I5966,11625.0,11628.0,green,3
J830,I2438,4574.0,4578.0,green,3
J830,I2629,4967.0,4968.0,brown,1
J830,I2890,5602.0,5604.0,green,1
J830,I3045,5925.0,5926.0,brown,1
J1783,I5124,10150.0,10151.0,green,1
J1783,I5636,11094.0,11098.0,green,2
J983,I2105,3919.0,3925.0,green,5
J1172,I838,1372.0,1373.0,brown,1
J1172,I870,1420.0,1422.0,brown,2
J1172,I2727,5200.0,5205.0,green,1
J1172,I4831,9597.0,9599.0,green,2
J775,I697,1130.0,1132.0,green,1
J775,I729,1179.0,1182.0,green,1
J775,I2878,5564.0,5565.0,green,1
J47,I233,320.0,324.0,green,3
J47,I329,475.0,476.0,green,1
J47,I361,521.0,523.0,green,1
J47,I1001,1672.0,1674.0,green,1
J1738,I3171,6226.0,6228.0,green,2
J1738,I3203,6285.0,6289.0,green,3
J1738,I3843,7625.0,7626.0,green,1
J1139,I3020,5869.0,5870.0,brown,1
J1139,I3885,7712.0,7718.0,green,1
J1974,I4142,8282.0,8283.0,green,1
J1974,I4558,9044.0,9047.0,green,2
J1713,I2316,4313.0,4316.0,brown,3
J1713,I2732,5213.0,5215.0,brown,1
J1713,I4172,8336.0,8337.0,brown,1
J1713,I4909,9746.0,9752.0,green,1
J1081,I3301,6493.0,6496.0,green,2
J1081,I3333,6573.0,6576.0,green,2
J963,I1956,3594.0,3595.0,green,1
J963,I1972,3640.0,3641.0,brown,1
J963,I3012,5858.0,5859.0,green,1
J963,I3061,5961.0,5962.0,brown,1
J297,I275,383.0,384.0,brown,1
J297,I308,438.0,440.0,green,1
J297,I1588,2801.0,2803.0,green,1
J297,I2035,3781.0,3785.0,brown,1
J297,I3688,7320.0,7322.0,green,2
J1860,I495,752.0,754.0,brown,1
J1860,I5765,11303.0,11305.0,green,1
J1860,I5872,11480.0,11481.0,green,1
J1860,I5942,11591.0,11592.0,green,1
J589,I1222,2097.0,2103.0,green,2
J589,I1382,2415.0,2417.0,green,1
J589,I2278,4244.0,4247.0,green,1
J709,I2716,5177.0,5179.0,brown,1
J709,I2749,5256.0,5258.0,green,1
J709,I3293,6472.0,6481.0,green,3
J1198,I1283,2215.0,2217.0,brown,1
J1198,I5636,11094.0,11098.0,green,1
J1198,I5798,11359.0,11361.0,green,1
J1039,I3003,5830.0,5832.0,green,1
J1039,I3034,5908.0,5909.0,brown,1
J1039,I3064,5964.0,5968.0,green,1
J1039,I3163,6204.0,6210.0,green,1
J1039,I3451,6834.0,6835.0,green,1
J1537,I3877,7690.0,7694.0,brown,1
J1537,I4646,9228.0,9230.0,green,1
J1537,I5542,10912.0,10918.0,green,1
J208,I1485,2604.0,2605.0,green,1
J208,I1645,2915.0,2917.0,green,1
J643,I1424,2480.0,2482.0,brown,2
J643,I3697,7342.0,7347.0,green,1
J1981,I5442,10730.0,10731.0,brown,1
J1981,I5891,11509.0,11510.0,green,1
J1981,I6147,11911.0,11914.0,green,2
J129,I343,498.0,499.0,green,1
J129,I1527,2697.0,2698.0,green,1
J1277,I2478,4656.0,4658.0,brown,2
J1277,I2511,4726.0,4728.0,green,1
J1277,I2671,5077.0,5084.0,green,2
J1277,I3055,5942.0,5949.0,green,1
J56,I69,91.0,93.0,green,1
J56,I164,220.0,222.0,brown,1
J56,I2853,5504.0,5509.0,green,2
J1014,I1558,2748.0,2749.0,green,1
J1014,I1590,2808.0,2811.0,green,1
J1014,I2582,4888.0,4889.0,brown,1
J1014,I3286,6452.0,6457.0,brown,1
J1014,I3494,6941.0,6943.0,brown,1
J1014,I3686,7317.0,7318.0,brown,1
J1464,I1381,2414.0,2415.0,green,1
J1464,I1413,2463.0,2466.0,green,3
J1252,I3178,6240.0,6241.0,green,1
J1252,I3242,6365.0,6368.0,green,1
J1252,I3434,6798.0,6804.0,green,2
J1252,I3530,7001.0,7002.0,green,1
J1113,I2664,5060.0,5064.0,green,1
J1113,I2696,5121.0,5123.0,green,1
J1113,I3015,5861.0,5864.0,brown,1
J1113,I3112,6071.0,6073.0,green,1
J1113,I3208,6299.0,6302.0,green,1
J1113,I3432,6791.0,6796.0,green,1
J133,I245,340.0,341.0,brown,1
J133,I438,652.0,655.0,green,1
J133,I1358,2368.0,2369.0,green,1
J28,I17,21.0,22.0,green,1
J28,I39,46.0,47.0,green,1
J28,I49,62.0,63.0,green,1
J28,I81,112.0,114.0,green,1
J1638,I3260,6403.0,6405.0,brown,1
J1638,I3485,6923.0,6930.0,green,1
J1638,I4316,8601.0,8603.0,brown,1
J1638,I5053,10021.0,10024.0,green,3
J440,I333,479.0,480.0,brown,1
J440,I397,577.0,578.0,brown,1
J512,I1160,1979.0,1980.0,green,1
J512,I1224,2107.0,2111.0,green,1
J512,I1480,2590.0,2595.0,green,1
J512,I2024,3754.0,3763.0,green,3
J829,I1867,3374.0,3382.0,green,4
J829,I3911,7763.0,7772.0,green,1
J1806,I4532,9003.0,9004.0,brown,1
J1806,I4756,9471.0,9473.0,brown,1
J1806,I5461,10763.0,10769.0,green,1
J1806,I5845,11430.0,11432.0,green,1
J1806,I5893,11511.0,11512.0,green,1
J1806,I5917,11554.0,11555.0,green,1
J762,I661,1075.0,1076.0,green,1
J762,I949,1562.0,1564.0,green,1
J762,I1077,1824.0,1826.0,brown,1
J762,I3533,7005.0,7008.0,green,1
J762,I3541,7018.0,7024.0,green,1
J986,I530,823.0,827.0,green,1
J986,I1522,2684.0,2690.0,green,1
J986,I2706,5153.0,5162.0,green,3
J986,I5650,11119.0,11124.0,green,1
J459,I1345,2339.0,2343.0,green,2
J459,I2113,3936.0,3937.0,green,1
J1155,I608,974.0,975.0,brown,1
J1155,I4865,9662.0,9663.0,green,1
J1155,I5489,10815.0,10817.0,green,2
J1155,I5617,11057.0,11062.0,green,1
J1517,I2218,4134.0,4137.0,brown,1
J1517,I3403,6737.0,6740.0,green,2
J1234,I957,1577.0,1580.0,green,1
J1234,I1085,1848.0,1851.0,green,1
J1234,I2013,3717.0,3720.0,green,2
J1234,I3912,7772.0,7784.0,green,1
J1234,I3967,7896.0,7902.0,green,1
J595,I1430,2500.0,2502.0,brown,2
J595,I2871,5539.0,5541.0,green,1
J595,I3734,7428.0,7429.0,brown,1
J595,I4095,8167.0,8168.0,green,1
J595,I4343,8657.0,8658.0,green,1
J1238,I3866,7671.0,7674.0,green,2
J1915,I4131,8248.0,8252.0,green,4
J1915,I4291,8551.0,8554.0,green,1
J1915,I4323,8613.0,8616.0,brown,1
J882,I1525,2693.0,2696.0,brown,1
J882,I1621,2866.0,2868.0,brown,1
J882,I1686,2986.0,2992.0,green,4
J1443,I4415,8781.0,8785.0,green,2
J407,I1199,2040.0,2042.0,brown,2
J842,I2603,4926.0,4929.0,green,2
J842,I3370,6656.0,6659.0,brown,1
J842,I4715,9393.0,9401.0,green,1
J1871,I199,273.0,274.0,brown,1
J1871,I936,1532.0,1535.0,green,1
J1871,I1064,1791.0,1794.0,green,1
J1871,I5352,10574.0,10577.0,green,2
J1869,I3572,7089.0,7090.0,brown,1
J1869,I5237,10353.0,10357.0,green,1
J1869,I5525,10884.0,10886.0,green,2
J1364,I772,1260.0,1261.0,brown,1
J1364,I1060,1781.0,1782.0,brown,1
J1364,I2820,5420.0,5423.0,brown,1
J1364,I3813,7575.0,7576.0,green,1
J1364,I4869,9672.0,9675.0,green,2
J1803,I1209,2063.0,2066.0,green,1
J1803,I1496,2627.0,2628.0,brown,1
J1803,I2456,4606.0,4607.0,brown,1
J1803,I5819,11385.0,11386.0,green,1
J1803,I5851,11438.0,11443.0,green,2
J1768,I1998,3689.0,3691.0,brown,1
J1768,I2735,5223.0,5231.0,green,1
J955,I3588,7112.0,7114.0,green,1
J955,I4716,9401.0,9406.0,green,2
J955,I4972,9891.0,9893.0,green,1
J9,I40,47.0,48.0,green,1
J9,I72,95.0,96.0,green,1
J9,I1096,1865.0,1866.0,green,1
J927,I1737,3092.0,3094.0,brown,2
J927,I2633,4973.0,4974.0,brown,1
J927,I4074,8120.0,8132.0,green,1
J854,I1223,2103.0,2107.0,green,1
J854,I4039,8026.0,8033.0,green,3
J849,I3183,6248.0,6252.0,green,2
J1051,I2085,3879.0,3880.0,green,1
J1051,I2309,4295.0,4298.0,brown,1
J1051,I2469,4630.0,4637.0,green,2
J1051,I4863,9658.0,9661.0,green,1
J1051,I5285,10455.0,10457.0,brown,1
J645,I396,576.0,577.0,brown,1
J645,I429,625.0,628.0,green,2
J645,I5773,11317.0,11318.0,green,1
J490,I1791,3224.0,3225.0,green,1
J490,I1927,3515.0,3519.0,green,2
J65,I3311,6516.0,6521.0,green,2
J65,I4863,9658.0,9661.0,green,1
J1462,I5632,11089.0,11091.0,green,1
J1462,I5956,11611.0,11612.0,green,1
J1462,I5984,11650.0,11654.0,green,2
J1462,I6048,11749.0,11753.0,green,2
J1263,I3031,5900.0,5903.0,green,2
J1263,I4855,9643.0,9646.0,green,1
J1263,I5271,10415.0,10420.0,green,2
J1352,I4000,7953.0,7954.0,green,1
J1352,I4032,8013.0,8015.0,green,2
J1352,I4056,8076.0,8080.0,green,2
J1352,I4072,8114.0,8117.0,green,1
J804,I863,1407.0,1408.0,brown,1
J804,I1055,1772.0,1775.0,brown,1
J804,I2880,5571.0,5576.0,green,1
J804,I3696,7337.0,7342.0,green,1
J804,I4648,9231.0,9242.0,green,2
J1360,I1685,2985.0,2986.0,green,1
J1360,I4437,8816.0,8834.0,green,2
J1360,I4805,9551.0,9555.0,green,2
J1360,I4997,9930.0,9932.0,green,1
J772,I200,274.0,275.0,brown,1
J772,I1305,2264.0,2265.0,green,1
J772,I1713,3044.0,3050.0,green,2
J277,I81,112.0,114.0,green,1
J277,I145,198.0,199.0,green,1
J277,I433,637.0,642.0,green,1
J1271,I2567,4853.0,4855.0,green,1
J1271,I2790,5351.0,5352.0,brown,1
J1271,I2854,5509.0,5511.0,brown,2
J1271,I3366,6644.0,6646.0,brown,1
J1271,I4455,8863.0,8864.0,green,1
J1444,I3446,6824.0,6827.0,green,3
J1227,I994,1652.0,1653.0,green,1
J1227,I1890,3437.0,3438.0,green,1
J1227,I4914,9759.0,9763.0,green,2
J1227,I4966,9867.0,9870.0,green,2
J1521,I1676,2973.0,2974.0,green,1
J1521,I2188,4077.0,4079.0,green,1
J1521,I6092,11817.0,11818.0,green,1
J1521,I6156,11924.0,11927.0,green,2
J1457,I3881,7700.0,7705.0,green,3
J1457,I4137,8264.0,8274.0,green,1
J1457,I4615,9163.0,9165.0,green,1
J1726,I4048,8048.0,8049.0,green,1
J1726,I4112,8204.0,8213.0,green,2
J1726,I4656,9252.0,9255.0,brown,1
J1726,I4688,9326.0,9327.0,green,1
J1726,I4720,9411.0,9413.0,green,1
J312,I797,1304.0,1305.0,brown,1
J312,I893,1460.0,1462.0,brown,1
J312,I1566,2757.0,2762.0,green,2
J312,I4574,9082.0,9090.0,green,1
J312,I5854,11445.0,11446.0,green,1
J1837,I364,525.0,527.0,green,1
J1837,I5772,11316.0,11317.0,green,1
J273,I1053,1765.0,1768.0,green,1
J273,I1244,2150.0,2154.0,brown,2
J273,I1949,3576.0,3577.0,green,1
J125,I394,573.0,575.0,brown,1
J125,I779,1271.0,1273.0,green,2
J125,I875,1427.0,1428.0,green,1
J125,I1211,2068.0,2070.0,green,1
J125,I1369,2388.0,2399.0,green,1
J826,I834,1366.0,1368.0,green,1
J826,I2082,3867.0,3870.0,green,1
J826,I3093,6029.0,6032.0,brown,1
J826,I3462,6857.0,6859.0,green,1
J822,I1650,2931.0,2932.0,green,1
J822,I3250,6382.0,6386.0,brown,2
J469,I1624,2870.0,2872.0,brown,2
J469,I1689,2994.0,2995.0,green,1
J469,I1881,3420.0,3422.0,green,1
J1083,I3116,6080.0,6087.0,green,4
J752,I1929,3520.0,3524.0,green,4
J752,I2569,4857.0,4860.0,green,1
J752,I2601,4921.0,4923.0,green,1
J1567,I2841,5473.0,5475.0,green,1
J1567,I2873,5542.0,5553.0,green,5
J1386,I2999,5816.0,5818.0,brown,1
J1386,I3000,5818.0,5823.0,green,5
J1055,I2795,5365.0,5366.0,brown,1
J1055,I4300,8570.0,8571.0,green,1
J1055,I5100,10109.0,10110.0,green,1
J23,I349,504.0,506.0,green,1
J23,I476,714.0,716.0,brown,1
J23,I2429,4545.0,4548.0,green,1
J23,I2541,4791.0,4796.0,green,1
J23,I2565,4850.0,4852.0,green,1
J88,I425,620.0,621.0,brown,1
J88,I649,1056.0,1059.0,brown,1
J88,I1514,2665.0,2670.0,green,1
J88,I3754,7456.0,7459.0,green,1
J88,I4074,8120.0,8132.0,green,2
J1583,I4436,8814.0,8816.0,green,2
J1583,I4660,9261.0,9262.0,green,1
J1583,I5460,10760.0,10763.0,green,1
J1256,I2698,5131.0,5138.0,green,1
J1256,I2921,5672.0,5673.0,brown,1
J1944,I1184,2018.0,2020.0,brown,1
J1944,I5889,11505.0,11508.0,green,3
J1944,I6017,11702.0,11707.0,green,2
J608,I1484,2601.0,2604.0,green,3
J608,I3856,7651.0,7653.0,green,2
J608,I3888,7724.0,7725.0,green,1
J492,I522,810.0,811.0,green,1
J492,I5294,10467.0,10472.0,green,1
J448,I766,1250.0,1252.0,brown,1
J448,I1022,1718.0,1721.0,brown,1
J448,I2942,5715.0,5716.0,brown,1
J1427,I3538,7013.0,7014.0,green,1
J1427,I4082,8146.0,8148.0,brown,1
J1427,I5362,10596.0,10597.0,green,1
J734,I2141,3983.0,3984.0,brown,1
J734,I2269,4218.0,4221.0,brown,1
J734,I3806,7550.0,7551.0,green,1
J268,I1444,2522.0,2525.0,green,1
J268,I1924,3505.0,3512.0,green,2
J453,I877,1429.0,1432.0,green,1
J453,I4365,8692.0,8695.0,green,3
J453,I5147,10186.0,10187.0,green,1
J207,I1522,2684.0,2690.0,green,2
J207,I1684,2983.0,2985.0,green,1
J486,I2265,4212.0,4213.0,brown,1
J486,I5210,10310.0,10311.0,green,1
J411,I1068,1800.0,1806.0,green,1
J411,I3468,6870.0,6871.0,green,1
J559,I1523,2690.0,2692.0,green,1
J559,I3931,7825.0,7826.0,green,1
J559,I4019,7984.0,7985.0,brown,1
J559,I4147,8289.0,8292.0,brown,1
J1440,I699,1134.0,1135.0,brown,1
J1440,I732,1186.0,1187.0,green,1
J1440,I1116,1905.0,1908.0,green,2
J1458,I1570,2770.0,2772.0,green,1
J1458,I1698,3015.0,3018.0,green,1
J1458,I2050,3811.0,3813.0,green,1
J764,I1754,3127.0,3129.0,brown,2
J764,I1850,3347.0,3349.0,brown,1
J764,I2906,5642.0,5644.0,brown,1
J764,I4903,9734.0,9740.0,green,2
J112,I175,236.0,238.0,green,1
J112,I190,262.0,263.0,brown,1
J112,I207,281.0,286.0,green,1
J112,I1943,3563.0,3567.0,green,2
J112,I1944,3567.0,3569.0,green,1
J1602,I1960,3599.0,3606.0,green,2
J1602,I2568,4855.0,4857.0,green,1
J1602,I4648,9231.0,9242.0,green,1
J1602,I5908,11537.0,11546.0,green,1
J1602,I6056,11761.0,11762.0,green,1
J580,I1372,2401.0,2402.0,brown,1
J580,I1708,3034.0,3035.0,brown,1
J580,I3284,6446.0,6448.0,brown,1
J1900,I2533,4772.0,4773.0,brown,1
J1900,I3269,6417.0,6418.0,brown,1
J1900,I4006,7961.0,7966.0,green,2
J1376,I3568,7080.0,7086.0,green,3
J1376,I4015,7977.0,7978.0,brown,1
J1074,I3302,6496.0,6500.0,green,1
J1074,I4230,8436.0,8443.0,green,1
J1074,I4517,8971.0,8973.0,brown,1
J1359,I2116,3941.0,3944.0,brown,2
J1359,I2469,4630.0,4637.0,green,2
J1249,I2811,5401.0,5406.0,green,2
J1249,I3003,5830.0,5832.0,green,1
J1249,I6071,11784.0,11790.0,green,3
J188,I685,1113.0,1116.0,green,3
J188,I877,1429.0,1432.0,green,1
J188,I3085,6005.0,6007.0,brown,1
J396,I1296,2248.0,2250.0,brown,1
J396,I1425,2482.0,2485.0,green,1
J396,I1552,2737.0,2740.0,brown,1
J396,I1713,3044.0,3050.0,green,1
J396,I2897,5625.0,5627.0,green,1
J396,I5317,10514.0,10515.0,green,1
J1239,I2443,4586.0,4589.0,brown,1
J1239,I3099,6041.0,6042.0,brown,1
J1239,I3436,6806.0,6807.0,green,1
J1239,I3508,6969.0,6970.0,brown,1
J1239,I3518,6983.0,6985.0,green,1
J754,I1562,2753.0,2754.0,brown,1
J754,I3454,6843.0,6844.0,brown,1
J754,I3483,6905.0,6920.0,green,2
J980,I2463,4618.0,4622.0,brown,1
J980,I2479,4658.0,4659.0,brown,1
J980,I2480,4659.0,4660.0,green,1
J980,I2992,5803.0,5804.0,brown,1
J229,I368,539.0,541.0,brown,2
J229,I624,1005.0,1007.0,brown,1
J229,I881,1437.0,1441.0,green,1
J229,I3185,6255.0,6257.0,green,1
J229,I3473,6880.0,6883.0,green,1
J773,I1920,3496.0,3497.0,green,1
J773,I1984,3667.0,3668.0,brown,1
J773,I2176,4053.0,4057.0,green,1
J773,I3168,6216.0,6218.0,green,1
J773,I3832,7603.0,7606.0,brown,1
J773,I3912,7772.0,7784.0,green,1
J1544,I3783,7505.0,7508.0,brown,2
J1544,I3943,7847.0,7848.0,brown,1
J1544,I4199,8383.0,8384.0,brown,1
J1544,I4679,9312.0,9313.0,brown,1
J697,I641,1033.0,1038.0,green,1
J697,I1417,2471.0,2473.0,green,1
J358,I509,783.0,788.0,green,2
J358,I796,1303.0,1304.0,brown,1
J358,I2541,4791.0,4796.0,green,1
J358,I2821,5423.0,5426.0,green,1
J556,I1955,3586.0,3594.0,green,3
J1410,I3631,7211.0,7215.0,green,3
J1410,I3695,7336.0,7337.0,green,1
J1410,I4111,8201.0,8204.0,green,2
J1527,I4062,8093.0,8095.0,green,1
J1183,I2289,4264.0,4266.0,brown,1
J1183,I2610,4938.0,4940.0,green,2
J94,I77,104.0,105.0,green,1
J94,I205,279.0,280.0,green,1
J94,I222,305.0,306.0,brown,1
J94,I237,329.0,330.0,green,1
J1620,I1687,2992.0,2993.0,green,1
J1620,I1911,3483.0,3485.0,brown,2
J1620,I2775,5315.0,5326.0,green,2
J1620,I4471,8885.0,8889.0,green,1
J724,I1499,2633.0,2636.0,brown,2
J724,I3419,6771.0,6773.0,brown,1
J724,I3580,7099.0,7102.0,green,1
J724,I3724,7407.0,7412.0,green,1
J500,I5378,10625.0,10627.0,green,1
J1496,I3309,6512.0,6514.0,brown,2
J1496,I3374,6666.0,6668.0,green,1
J1496,I3917,7794.0,7797.0,brown,1
J1496,I4334,8632.0,8637.0,green,1
J1496,I5294,10467.0,10472.0,green,1
J950,I2380,4436.0,4438.0,brown,2
J950,I3244,6369.0,6373.0,brown,1
J247,I504,771.0,777.0,green,2
J247,I535,834.0,836.0,brown,1
J247,I3767,7479.0,7480.0,brown,1
J1447,I3400,6724.0,6735.0,green,1
J1447,I3592,7124.0,7132.0,green,3
J1447,I3751,7452.0,7454.0,brown,2
J1044,I1698,3015.0,3018.0,green,2
J1044,I1825,3299.0,3302.0,brown,1
J1044,I1953,3581.0,3584.0,brown,2
J1044,I4550,9032.0,9033.0,green,1
J293,I2697,5123.0,5131.0,green,2
J293,I3176,6235.0,6238.0,brown,1
J293,I4776,9500.0,9502.0,brown,1
J293,I5297,10475.0,10478.0,green,1
J293,I5369,10608.0,10610.0,green,1
J1296,I3434,6798.0,6804.0,green,1
J1296,I3562,7066.0,7070.0,green,3
J787,I1085,1848.0,1851.0,green,1
J787,I2885,5585.0,5589.0,green,3
J1171,I1829,3307.0,3308.0,brown,1
J1171,I1894,3444.0,3446.0,green,1
J1171,I4006,7961.0,7966.0,green,1
J1171,I4677,9307.0,9308.0,brown,1
J1742,I5653,11126.0,11127.0,green,1
J1742,I5845,11430.0,11432.0,green,1
J995,I3286,6452.0,6457.0,brown,1
J995,I3494,6941.0,6943.0,brown,1
J192,I956,1575.0,1577.0,green,2
J192,I1084,1839.0,1848.0,green,2
J192,I4604,9141.0,9147.0,green,1
J192,I5260,10396.0,10398.0,green,1
J818,I624,1005.0,1007.0,brown,1
J818,I5265,10404.0,10407.0,green,1
J818,I5873,11481.0,11484.0,green,1
J818,I5874,11484.0,11485.0,green,1
J828,I2089,3887.0,3894.0,green,1
J828,I2104,3916.0,3919.0,brown,1
J828,I2281,4249.0,4251.0,green,1
J828,I2473,4642.0,4648.0,green,3
J1079,I2683,5100.0,5101.0,brown,1
J1079,I2715,5176.0,5177.0,brown,1
J1079,I3579,7097.0,7099.0,brown,1
J1079,I4155,8306.0,8307.0,brown,1
J1079,I4204,8390.0,8391.0,green,1
J1079,I4636,9205.0,9208.0,brown,1
J1609,I2896,5619.0,5625.0,green,4
J1609,I2927,5682.0,5684.0,brown,1
J54,I66,87.0,89.0,green,2
J54,I514,799.0,800.0,green,1
J54,I2210,4115.0,4121.0,green,1
J54,I2850,5492.0,5502.0,green,1
J731,I789,1285.0,1288.0,green,3
J731,I1109,1896.0,1897.0,brown,1
J731,I4223,8421.0,8422.0,green,1
J1160,I3381,6682.0,6685.0,green,1
J1160,I4213,8405.0,8407.0,green,1
J1160,I4277,8529.0,8531.0,green,1
J1091,I2344,4375.0,4376.0,green,1
J1091,I2984,5790.0,5794.0,green,1
J375,I1538,2715.0,2716.0,brown,1
J375,I2722,5184.0,5188.0,brown,2
J375,I3811,7564.0,7573.0,green,1
J1536,I4597,9124.0,9128.0,green,3
J1536,I4661,9262.0,9269.0,green,1
J1536,I4756,9471.0,9473.0,brown,1
J1536,I5461,10763.0,10769.0,green,1
J1582,I1784,3209.0,3211.0,brown,1
J1582,I5261,10398.0,10401.0,green,1
J594,I686,1116.0,1117.0,green,1
J594,I766,1250.0,1252.0,brown,1
J594,I3090,6011.0,6018.0,green,4
J305,I957,1577.0,1580.0,green,1
J305,I2173,4041.0,4049.0,green,1
J305,I2909,5647.0,5648.0,green,1
J305,I3485,6923.0,6930.0,green,1
J305,I4229,8431.0,8436.0,green,2
J319,I957,1577.0,1580.0,green,1
J319,I1469,2569.0,2570.0,green,1
J718,I93,127.0,128.0,green,1
J718,I2757,5271.0,5276.0,green,2
J718,I2889,5600.0,5602.0,green,1
J1357,I4061,8088.0,8093.0,green,1
J1357,I4073,8117.0,8120.0,green,2
J1357,I4081,8141.0,8146.0,green,3
J534,I1667,2957.0,2960.0,brown,1
J534,I2084,3875.0,3879.0,green,1
J534,I3651,7246.0,7249.0,brown,2
J534,I5324,10526.0,10529.0,green,1
J569,I1660,2949.0,2950.0,green,1
J569,I3580,7099.0,7102.0,green,1
J569,I4316,8601.0,8603.0,brown,1
J569,I4572,9073.0,9077.0,green,1
J569,I4796,9533.0,9535.0,green,1
J1279,I1312,2276.0,2277.0,brown,1
J1279,I2209,4112.0,4115.0,green,1
J1279,I4961,9854.0,9859.0,green,3
J1279,I5569,10971.0,10973.0,green,1
J1779,I5278,10429.0,10431.0,brown,1
J1779,I5487,10811.0,10814.0,green,1
J1779,I5519,10873.0,10876.0,green,1
J1779,I5583,11008.0,11011.0,green,1
J1779,I5838,11417.0,11418.0,brown,1
J1264,I2482,4662.0,4664.0,brown,1
J1264,I2675,5090.0,5092.0,green,1
J1264,I2898,5627.0,5631.0,brown,1
J1264,I3155,6184.0,6185.0,green,1
J1950,I2432,4558.0,4560.0,brown,2
J1950,I3009,5850.0,5855.0,green,1
J1950,I3233,6343.0,6346.0,green,1
J1950,I5745,11265.0,11266.0,green,1
J230,I1465,2560.0,2562.0,brown,1
J230,I3802,7543.0,7545.0,green,1
J230,I4210,8398.0,8400.0,green,1
J230,I4345,8660.0,8662.0,brown,2
J1485,I1816,3283.0,3285.0,brown,2
J1485,I1881,3420.0,3422.0,green,1
J1485,I2073,3847.0,3850.0,green,1
J1485,I5455,10748.0,10751.0,green,1
J1993,I5093,10095.0,10096.0,green,1
J1993,I5477,10791.0,10794.0,green,1
J1993,I5797,11355.0,11359.0,green,2
J1993,I6117,11860.0,11866.0,green,2
J797,I1678,2975.0,2976.0,brown,1
J797,I1806,3254.0,3258.0,brown,2
J797,I2671,5077.0,5084.0,green,3
J278,I45,55.0,56.0,green,1
J278,I513,793.0,799.0,green,1
J278,I1089,1856.0,1857.0,green,1
J278,I1633,2887.0,2894.0,green,2
J326,I1830,3308.0,3311.0,brown,2
J326,I1831,3311.0,3313.0,green,2
J326,I2375,4428.0,4432.0,brown,1
J1038,I2484,4665.0,4666.0,brown,1
J1038,I2548,4808.0,4811.0,brown,1
J1038,I2836,5463.0,5465.0,brown,1
J1038,I5237,10353.0,10357.0,green,1
J1734,I2206,4101.0,4104.0,green,2
J1734,I2365,4416.0,4418.0,brown,1
J1734,I4574,9082.0,9090.0,green,1
J1734,I5790,11345.0,11347.0,green,1
J199,I503,770.0,771.0,green,1
J199,I599,953.0,958.0,green,3
J199,I759,1240.0,1242.0,green,2
J633,I2017,3734.0,3741.0,green,1
J633,I5665,11144.0,11145.0,green,1
J633,I6017,11702.0,11707.0,green,1
J633,I6113,11856.0,11857.0,green,1
J110,I649,1056.0,1059.0,brown,1
J110,I970,1603.0,1606.0,green,1
J110,I5706,11210.0,11211.0,green,1
J110,I5930,11571.0,11573.0,green,2
J110,I5994,11670.0,11672.0,green,1
J1251,I3708,7367.0,7369.0,brown,2
J1251,I5885,11498.0,11499.0,green,1
J895,I2469,4630.0,4637.0,green,1
J895,I2853,5504.0,5509.0,green,1
J895,I2900,5633.0,5635.0,brown,1
J895,I3029,5891.0,5895.0,green,1
J1213,I1677,2974.0,2975.0,brown,1
J1213,I2477,4653.0,4656.0,brown,1
J1213,I3470,6873.0,6874.0,green,1
J1213,I3630,7208.0,7211.0,green,1
J1213,I5102,10111.0,10120.0,green,1
J1213,I5650,11119.0,11124.0,green,1
J291,I861,1404.0,1406.0,green,2
J291,I1277,2203.0,2204.0,brown,1
J291,I1293,2236.0,2241.0,green,1
J291,I1341,2331.0,2333.0,brown,1
J291,I1437,2510.0,2511.0,green,1
J1870,I1052,1762.0,1765.0,brown,3
J1870,I5677,11163.0,11165.0,green,1
J1870,I5821,11390.0,11391.0,green,1
J1870,I5853,11444.0,11445.0,green,1
J1731,I3692,7325.0,7329.0,brown,2
J1731,I5357,10584.0,10589.0,green,1
J1731,I5389,10642.0,10653.0,green,2
J1731,I5659,11133.0,11134.0,green,1
J869,I2739,5239.0,5241.0,brown,2
J869,I2867,5534.0,5535.0,brown,1
J832,I1566,2757.0,2762.0,green,1
J832,I3742,7439.0,7440.0,green,1
J832,I5582,11004.0,11008.0,green,2
J1641,I4795,9532.0,9533.0,green,1
J1641,I4859,9650.0,9652.0,green,2
J1641,I5115,10137.0,10139.0,green,1
J1641,I5323,10525.0,10526.0,green,1
J1641,I5787,11338.0,11339.0,green,1
J733,I2016,3733.0,3734.0,green,1
J733,I2048,3808.0,3809.0,brown,1
J733,I2208,4110.0,4112.0,green,1
J733,I2720,5182.0,5183.0,brown,1
J885,I778,1269.0,1271.0,green,2
J885,I3658,7265.0,7272.0,green,1
J1190,I262,368.0,370.0,brown,1
J1190,I1703,3025.0,3030.0,green,2
J1190,I3279,6431.0,6438.0,green,2
J1087,I2390,4457.0,4458.0,brown,1
J1087,I3223,6324.0,6328.0,green,1
J1087,I3286,6452.0,6457.0,brown,2
J1087,I4599,9130.0,9134.0,green,2
J646,I771,1258.0,1260.0,green,1
J646,I3378,6674.0,6680.0,green,1
J1120,I2698,5131.0,5138.0,green,1
J1120,I2730,5209.0,5211.0,green,1
J1120,I2842,5475.0,5479.0,green,4
J876,I1156,1972.0,1974.0,green,1
J876,I1412,2462.0,2463.0,green,1
J876,I2244,4177.0,4180.0,brown,1
J876,I2568,4855.0,4857.0,green,1
J876,I2824,5432.0,5441.0,green,2
J1322,I2220,4138.0,4139.0,brown,1
J1322,I3341,6592.0,6593.0,green,1
J1322,I4109,8197.0,8199.0,green,1
J1322,I5005,9943.0,9944.0,green,1
J971,I1682,2979.0,2982.0,brown,1
J971,I4082,8146.0,8148.0,brown,1
J971,I5395,10660.0,10661.0,green,1
J971,I5491,10818.0,10819.0,green,1
J971,I5747,11268.0,11273.0,green,1
J971,I5907,11533.0,11537.0,green,1
J1073,I82,114.0,115.0,green,1
J1073,I498,757.0,762.0,green,3
J1073,I754,1228.0,1230.0,brown,1
J1073,I3266,6411.0,6413.0,brown,1
J1472,I3956,7873.0,7875.0,green,2
J681,I2007,3707.0,3708.0,brown,1
J681,I3127,6114.0,6116.0,brown,1
J945,I2665,5064.0,5065.0,brown,1
J945,I2866,5532.0,5534.0,green,1
J945,I3033,5906.0,5908.0,brown,1
J579,I3483,6905.0,6920.0,green,1
J579,I4731,9428.0,9433.0,green,1
J1683,I2834,5460.0,5462.0,green,2
J1683,I3890,7727.0,7729.0,brown,1
J1683,I5746,11266.0,11268.0,green,1
J176,I484,730.0,732.0,green,2
J176,I964,1589.0,1593.0,green,2
J1728,I3836,7613.0,7614.0,brown,1
J1728,I4349,8668.0,8671.0,green,3
J1728,I4509,8959.0,8960.0,green,1
J190,I648,1054.0,1056.0,green,1
J190,I744,1203.0,1208.0,green,3
J190,I936,1532.0,1535.0,green,1
J190,I1000,1666.0,1672.0,green,1
J626,I3353,6624.0,6627.0,brown,1
J626,I4474,8894.0,8896.0,green,2
J626,I5306,10493.0,10494.0,green,1
J626,I5370,10610.0,10613.0,green,1
J503,I851,1388.0,1389.0,green,1
J503,I1879,3414.0,3418.0,green,2
J503,I1944,3567.0,3569.0,green,1
J249,I295,411.0,413.0,green,1
J249,I311,443.0,445.0,green,2
J249,I423,617.0,619.0,green,1
J249,I729,1179.0,1182.0,green,1
J820,I626,1008.0,1009.0,green,1
J820,I914,1498.0,1503.0,green,1
J820,I1010,1688.0,1691.0,brown,1
J820,I3190,6264.0,6268.0,green,1
J998,I239,332.0,334.0,brown,2
J998,I1168,1989.0,1992.0,green,1
J998,I1520,2677.0,2682.0,green,3
J742,I2025,3763.0,3766.0,green,1
J742,I2473,4642.0,4648.0,green,1
J742,I5161,10207.0,10210.0,green,1
J105,I95,129.0,130.0,green,1
J105,I191,263.0,264.0,green,1
J105,I255,356.0,358.0,green,1
J105,I895,1463.0,1464.0,green,1
J105,I927,1519.0,1520.0,green,1
J253,I302,427.0,428.0,brown,1
J253,I1999,3691.0,3693.0,green,2
J253,I4871,9679.0,9683.0,green,1
J1219,I528,820.0,822.0,green,2
J1219,I560,897.0,898.0,green,1
J1219,I593,945.0,946.0,brown,1
J1219,I3184,6252.0,6255.0,green,1
J1219,I3701,7352.0,7355.0,brown,1
J1144,I2353,4392.0,4396.0,brown,1
J1144,I5522,10878.0,10882.0,green,3
J1350,I3441,6816.0,6817.0,green,1
J1350,I3665,7289.0,7290.0,brown,1
J1350,I3857,7653.0,7655.0,green,1
J1350,I4017,7980.0,7981.0,brown,1
J1350,I4977,9899.0,9902.0,brown,1
J1308,I3128,6116.0,6117.0,brown,1
J1308,I3449,6829.0,6831.0,green,2
J1308,I4121,8225.0,8228.0,green,1
J1538,I3818,7581.0,7584.0,brown,1
J1538,I3947,7852.0,7854.0,green,1
J837,I1830,3308.0,3311.0,brown,1
J837,I2118,3945.0,3946.0,brown,1
J837,I2567,4853.0,4855.0,green,1
J837,I3073,5980.0,5983.0,green,2
J1185,I1473,2575.0,2576.0,brown,1
J1185,I1666,2955.0,2957.0,green,1
J1185,I3394,6712.0,6714.0,green,1
J1185,I3426,6779.0,6783.0,green,2
J1185,I4818,9571.0,9572.0,green,1
J1341,I677,1098.0,1100.0,brown,1
J1341,I3718,7395.0,7398.0,green,1
J1341,I4106,8189.0,8194.0,green,1
J162,I500,764.0,767.0,green,3
J162,I564,902.0,905.0,green,2
J163,I448,670.0,672.0,green,2
J163,I480,723.0,726.0,green,2
J1753,I2247,4182.0,4184.0,green,2
J1753,I2535,4774.0,4776.0,brown,1
J855,I1697,3010.0,3015.0,green,2
J855,I4701,9358.0,9370.0,green,4
J991,I2122,3949.0,3950.0,green,1
J991,I2506,4714.0,4717.0,green,2
J1028,I2407,4502.0,4505.0,brown,1
J1028,I2823,5429.0,5432.0,brown,1
J1276,I1968,3634.0,3635.0,green,1
J1276,I2000,3693.0,3696.0,green,2
J1276,I2032,3777.0,3779.0,brown,1
J1276,I2384,4442.0,4447.0,brown,1
J668,I3006,5840.0,5842.0,brown,1
J668,I3103,6055.0,6057.0,green,1
J668,I3370,6656.0,6659.0,brown,1
J668,I3646,7239.0,7240.0,brown,1
J1830,I4150,8299.0,8301.0,brown,1
J1830,I5527,10887.0,10889.0,green,2
J974,I1480,2590.0,2595.0,green,4
J974,I2439,4578.0,4580.0,brown,1
J307,I816,1333.0,1334.0,brown,1
J307,I2697,5123.0,5131.0,green,5
J789,I2531,4768.0,4770.0,brown,2
J789,I4596,9121.0,9124.0,green,1
J243,I845,1382.0,1383.0,green,1
J243,I1293,2236.0,2241.0,green,2
J287,I491,740.0,743.0,green,2
J287,I555,869.0,875.0,green,1
J287,I1115,1904.0,1905.0,green,1
J1159,I4197,8380.0,8381.0,brown,1
J1159,I4262,8499.0,8500.0,green,1
J1159,I4902,9730.0,9734.0,green,1
J1159,I5126,10152.0,10153.0,green,1
J1159,I5414,10690.0,10692.0,green,2
J1711,I4770,9490.0,9493.0,green,1
J1711,I4834,9603.0,9604.0,green,1
J1711,I4898,9724.0,9725.0,green,1
J1711,I5122,10147.0,10149.0,green,1
J1711,I5218,10321.0,10322.0,green,1
J1546,I4545,9022.0,9027.0,green,4
J1546,I4769,9488.0,9490.0,green,1
J15,I338,491.0,492.0,brown,1
J15,I531,827.0,828.0,green,1
J15,I595,948.0,949.0,green,1
J15,I627,1009.0,1012.0,green,1
J15,I788,1284.0,1285.0,brown,1
J15,I1331,2315.0,2316.0,green,1
J1835,I5041,10007.0,10008.0,brown,1
J1835,I5042,10008.0,10009.0,green,1
J1835,I5366,10603.0,10606.0,green,1
J1835,I5413,10687.0,10690.0,green,1
J759,I2353,4392.0,4396.0,brown,2
J759,I4145,8286.0,8288.0,brown,1
J759,I4882,9698.0,9699.0,green,1
J759,I4946,9819.0,9820.0,brown,1
J1116,I1817,3285.0,3286.0,green,1
J1116,I4069,8106.0,8108.0,green,2
J1116,I4177,8346.0,8348.0,green,2
J1116,I4409,8774.0,8775.0,green,1
J1378,I3625,7192.0,7193.0,green,1
J1378,I3977,7917.0,7918.0,green,1
J1378,I4617,9168.0,9169.0,green,1
J1378,I4713,9387.0,9390.0,green,1
J1888,I5291,10463.0,10464.0,green,1
J1888,I5483,10804.0,10806.0,green,1
J1888,I5707,11211.0,11212.0,green,1
J1888,I5867,11468.0,11472.0,green,1
J1002,I1792,3225.0,3226.0,green,1
J1002,I2176,4053.0,4057.0,green,2
J1002,I3008,5849.0,5850.0,green,1
J181,I1649,2922.0,2931.0,green,4
J181,I3153,6179.0,6181.0,green,2
J1004,I1818,3286.0,3290.0,green,2
J1004,I2069,3839.0,3840.0,brown,1
J1004,I2554,4825.0,4830.0,green,1
J1004,I2634,4974.0,4976.0,green,1
J1004,I2905,5640.0,5642.0,brown,1
J510,I1375,2405.0,2406.0,green,1
J510,I2879,5565.0,5571.0,green,3
J978,I455,681.0,685.0,green,3
J978,I1223,2103.0,2107.0,green,1
J978,I3082,5996.0,5997.0,green,1
J666,I1068,1800.0,1806.0,green,2
J1571,I284,394.0,396.0,brown,1
J1571,I3005,5836.0,5840.0,green,2
J596,I3344,6597.0,6603.0,green,2
J1720,I4334,8632.0,8637.0,green,1
J1720,I4686,9321.0,9324.0,green,2
J1720,I5102,10111.0,10120.0,green,1
J1720,I5582,11004.0,11008.0,green,2
J1634,I4049,8049.0,8052.0,green,1
J1634,I4081,8141.0,8146.0,green,2
J1634,I4113,8213.0,8215.0,green,1
J1634,I5409,10682.0,10684.0,green,1
J1634,I5457,10753.0,10756.0,green,1
J151,I328,470.0,475.0,green,2
J1707,I3447,6827.0,6828.0,brown,1
J1707,I3671,7296.0,7297.0,brown,1
J1707,I5144,10183.0,10184.0,green,1
J1707,I6104,11842.0,11845.0,green,1
J454,I886,1446.0,1448.0,brown,1
J454,I918,1508.0,1510.0,brown,1
J454,I5831,11402.0,11406.0,green,2
J701,I1783,3206.0,3209.0,green,3
J701,I1815,3277.0,3283.0,green,1
J567,I1973,3641.0,3643.0,brown,1
J567,I2117,3944.0,3945.0,brown,1
J567,I2774,5304.0,5315.0,green,2
J567,I3238,6354.0,6360.0,green,2
J868,I1172,1997.0,1998.0,brown,1
J868,I1589,2803.0,2808.0,green,2
J868,I2165,4026.0,4027.0,green,1
J868,I3293,6472.0,6481.0,green,1
J1368,I2009,3710.0,3712.0,brown,1
J1368,I4186,8360.0,8362.0,green,1
J1368,I4410,8775.0,8777.0,green,2
J1404,I4195,8375.0,8378.0,green,2
J1404,I4738,9442.0,9443.0,brown,1
J1404,I4866,9663.0,9665.0,brown,1
J377,I1907,3476.0,3478.0,green,1
J377,I2419,4522.0,4528.0,green,1
J377,I2917,5668.0,5669.0,green,1
J377,I3007,5842.0,5849.0,green,3
J1743,I4627,9191.0,9192.0,brown,1
J1743,I4692,9338.0,9345.0,green,2
J1743,I4820,9573.0,9575.0,green,1
J785,I1604,2836.0,2838.0,brown,2
J785,I2757,5271.0,5276.0,green,2
J785,I4965,9864.0,9867.0,green,1
J785,I5115,10137.0,10139.0,green,1
J1994,I5576,10993.0,10995.0,green,2
J1994,I5908,11537.0,11546.0,green,1
J1994,I6088,11811.0,11813.0,green,1
J1771,I2922,5673.0,5676.0,brown,3
J1771,I3051,5931.0,5934.0,green,2
J2,I195,267.0,269.0,brown,2
J2,I5444,10732.0,10733.0,green,1
J2,I5732,11249.0,11250.0,green,1
J1390,I3483,6905.0,6920.0,green,1
J1390,I3627,7195.0,7204.0,green,1
J1508,I815,1332.0,1333.0,brown,1
J1508,I879,1434.0,1435.0,brown,1
J1508,I2672,5084.0,5086.0,green,2
J1508,I5352,10574.0,10577.0,green,1
J1797,I2194,4086.0,4087.0,green,1
J1797,I5142,10175.0,10179.0,green,3
J1797,I5202,10294.0,10297.0,green,1
J1797,I5682,11169.0,11171.0,green,1
J1475,I4348,8665.0,8668.0,green,3
J1475,I4476,8898.0,8903.0,green,1
J1475,I4508,8954.0,8959.0,green,1
J1475,I4574,9082.0,9090.0,green,1
J600,I1825,3299.0,3302.0,brown,2
J600,I2082,3867.0,3870.0,green,2
J600,I2146,3990.0,3994.0,green,1
J235,I1107,1893.0,1894.0,green,1
J235,I1427,2490.0,2492.0,green,1
J235,I1815,3277.0,3283.0,green,1
J1933,I5217,10318.0,10321.0,green,1
J1933,I5312,10503.0,10504.0,brown,1
J1933,I5313,10504.0,10511.0,green,2
J1933,I5376,10623.0,10624.0,brown,1
J1933,I5696,11197.0,11198.0,brown,1
J1868,I1873,3393.0,3395.0,brown,1
J1868,I5650,11119.0,11124.0,green,1
J1868,I6122,11872.0,11874.0,green,1
J1040,I2393,4460.0,4466.0,green,3
J1681,I1989,3674.0,3677.0,green,1
J1681,I4325,8617.0,8618.0,green,1
J154,I835,1368.0,1369.0,brown,1
J154,I3939,7839.0,7842.0,brown,1
J154,I4003,7957.0,7959.0,brown,1
J154,I5374,10619.0,10621.0,green,1
J691,I1282,2213.0,2215.0,brown,2
J691,I3266,6411.0,6413.0,brown,1
J691,I3618,7178.0,7183.0,brown,2
J1956,I4624,9186.0,9187.0,brown,1
J1956,I4817,9570.0,9571.0,green,1
J1956,I5457,10753.0,10756.0,green,2
J1956,I5809,11371.0,11372.0,green,1
J139,I2803,5377.0,5389.0,green,1
J139,I4851,9630.0,9635.0,green,3
J139,I5011,9950.0,9956.0,green,1
J1434,I3414,6762.0,6764.0,green,2
J1434,I3542,7024.0,7027.0,green,1
J1434,I4022,7989.0,7996.0,green,2
J1434,I4374,8712.0,8714.0,brown,1
J1827,I4118,8220.0,8222.0,brown,2
J1827,I4310,8589.0,8591.0,brown,1
J1827,I5623,11075.0,11077.0,green,2
J1102,I951,1565.0,1566.0,brown,1
J1102,I1112,1900.0,1902.0,green,2
J1102,I3928,7816.0,7821.0,green,1
J1102,I5944,11593.0,11594.0,green,1
J292,I574,918.0,919.0,brown,1
J292,I606,970.0,973.0,brown,1
J292,I1410,2459.0,2461.0,brown,2
J292,I2402,4484.0,4488.0,brown,2
J290,I71,94.0,95.0,green,1
J290,I103,142.0,144.0,green,2
J861,I2070,3840.0,3841.0,brown,1
J861,I2775,5315.0,5326.0,green,2
J861,I2967,5762.0,5765.0,green,1
J1261,I3732,7424.0,7425.0,green,1
J1261,I4212,8401.0,8405.0,green,2
J1261,I4340,8644.0,8655.0,green,2
J187,I837,1370.0,1372.0,brown,1
J187,I4870,9675.0,9679.0,green,1
J1191,I2675,5090.0,5092.0,green,1
J1191,I2770,5299.0,5301.0,brown,2
J1369,I3288,6459.0,6462.0,green,3
J145,I1360,2370.0,2371.0,green,1
J145,I1552,2737.0,2740.0,brown,1
J145,I3912,7772.0,7784.0,green,1
J145,I4464,8875.0,8877.0,brown,1
J1952,I4061,8088.0,8093.0,green,3
J1952,I4381,8724.0,8729.0,green,2
J675,I1158,1975.0,1977.0,green,2
J675,I1222,2097.0,2103.0,green,3
J675,I1766,3151.0,3173.0,green,1
J768,I1230,2120.0,2123.0,green,2
J768,I1261,2181.0,2183.0,brown,2
J1777,I1506,2654.0,2655.0,brown,1
J1777,I4603,9138.0,9141.0,green,1
J1777,I4867,9665.0,9668.0,green,2
J1013,I1867,3374.0,3382.0,green,2
J1964,I3116,6080.0,6087.0,green,1
J1964,I3212,6307.0,6310.0,green,3
J1964,I5356,10581.0,10584.0,green,1
J1964,I6094,11823.0,11828.0,green,1
J621,I1151,1965.0,1967.0,brown,2
J621,I2024,3754.0,3763.0,green,2
J621,I2504,4706.0,4707.0,green,1
J1516,I5650,11119.0,11124.0,green,1
J1501,I2638,4981.0,4983.0,brown,2
J1501,I2990,5799.0,5800.0,brown,1
J1733,I2470,4637.0,4639.0,green,1
J1733,I3430,6788.0,6789.0,green,1
J1733,I3718,7395.0,7398.0,green,2
J1733,I4326,8618.0,8620.0,green,1
J988,I2133,3967.0,3972.0,green,1
J988,I4405,8765.0,8767.0,green,1
J1278,I3411,6756.0,6758.0,brown,1
J1278,I3412,6758.0,6761.0,green,1
J1278,I3479,6889.0,6891.0,brown,2
J1278,I3831,7602.0,7603.0,brown,1
J1033,I2857,5513.0,5519.0,green,2
J1033,I3753,7455.0,7456.0,green,1
J1033,I3849,7635.0,7639.0,green,1
J1033,I4263,8500.0,8503.0,green,1
J1908,I2775,5315.0,5326.0,green,2
J1908,I3895,7735.0,7736.0,green,1
J1908,I5687,11181.0,11183.0,green,2
J1908,I5943,11592.0,11593.0,green,1
J212,I2083,3870.0,3875.0,green,1
J212,I2659,5048.0,5050.0,green,1
J212,I2754,5265.0,5267.0,brown,1
J212,I2755,5267.0,5269.0,green,2
J620,I1629,2879.0,2880.0,brown,1
J620,I2014,3720.0,3726.0,green,1
J620,I2654,5023.0,5029.0,green,1
J884,I948,1558.0,1562.0,green,1
J884,I979,1623.0,1626.0,brown,1
J884,I2644,4991.0,4996.0,green,1
J533,I614,980.0,981.0,brown,1
J533,I710,1154.0,1158.0,brown,1
J533,I1063,1785.0,1791.0,green,2
J1651,I1935,3533.0,3534.0,brown,1
J1651,I2704,5149.0,5151.0,green,1
J1651,I3184,6252.0,6255.0,green,1
J1651,I5296,10474.0,10475.0,green,1
J1651,I5840,11419.0,11421.0,green,1
J478,I96,130.0,131.0,green,1
J478,I2024,3754.0,3763.0,green,2
J1246,I2481,4660.0,4662.0,green,1
J1246,I2544,4800.0,4802.0,brown,2
J1246,I3121,6095.0,6102.0,green,2
J1246,I4667,9278.0,9280.0,green,1
J1027,I1805,3253.0,3254.0,green,1
J1027,I1901,3459.0,3469.0,green,2
J1027,I1965,3616.0,3624.0,green,1
J1027,I3533,7005.0,7008.0,green,2
J401,I1324,2299.0,2300.0,green,1
J401,I1420,2476.0,2477.0,brown,1
J401,I2092,3897.0,3900.0,green,1
J401,I3244,6369.0,6373.0,brown,1
J401,I4972,9891.0,9893.0,green,1
J1280,I2089,3887.0,3894.0,green,4
J1280,I3832,7603.0,7606.0,brown,1
J1280,I4805,9551.0,9555.0,green,1
J1035,I1659,2948.0,2949.0,brown,1
J1035,I1691,2996.0,2998.0,brown,1
J1035,I1756,3131.0,3132.0,green,1
J1035,I3484,6920.0,6923.0,green,1
J1035,I3568,7080.0,7086.0,green,1
J1035,I3676,7302.0,7304.0,green,1
J542,I906,1478.0,1487.0,green,3
J542,I4074,8120.0,8132.0,green,1
J1511,I3715,7380.0,7384.0,green,3
J1511,I3811,7564.0,7573.0,green,1
J48,I315,449.0,450.0,brown,1
J48,I1691,2996.0,2998.0,brown,1
J48,I1916,3489.0,3491.0,green,1
J48,I2491,4673.0,4675.0,brown,1
J48,I3324,6552.0,6553.0,green,1
J48,I4460,8870.0,8872.0,green,1
J714,I1081,1835.0,1836.0,brown,1
J714,I2041,3798.0,3799.0,brown,1
J1010,I3121,6095.0,6102.0,green,2
J1010,I4496,8930.0,8931.0,brown,1
J1010,I5313,10504.0,10511.0,green,1
J1010,I5361,10595.0,10596.0,green,1
J1202,I3024,5875.0,5876.0,green,1
J1202,I3824,7591.0,7592.0,brown,1
J1566,I1390,2428.0,2432.0,brown,2
J1566,I4239,8455.0,8456.0,green,1
J1566,I4559,9047.0,9048.0,green,1
J603,I1508,2656.0,2659.0,brown,1
J603,I2341,4363.0,4368.0,green,4
J603,I2541,4791.0,4796.0,green,1
J1437,I2294,4273.0,4274.0,green,1
J1437,I6134,11889.0,11890.0,green,1
J1437,I6182,11962.0,11963.0,green,1
J1437,I6198,11982.0,11983.0,green,1
J1441,I4098,8174.0,8177.0,green,1
J1441,I4194,8374.0,8375.0,green,1
J1441,I4290,8550.0,8551.0,green,1
J1441,I4323,8613.0,8616.0,brown,1
J1020,I2630,4968.0,4969.0,brown,1
J1020,I2695,5119.0,5121.0,green,1
J1020,I2983,5789.0,5790.0,green,1
J1020,I3015,5861.0,5864.0,brown,1
J1020,I3095,6034.0,6037.0,green,1
J1430,I2125,3953.0,3955.0,green,1
J1430,I3661,7283.0,7285.0,green,1
J1290,I2079,3860.0,3862.0,green,1
J1290,I2239,4169.0,4172.0,green,1
J1290,I2334,4347.0,4348.0,brown,1
J1290,I3391,6701.0,6708.0,green,1
J1290,I4799,9539.0,9540.0,green,1
J1290,I4863,9658.0,9661.0,green,1
J985,I323,462.0,465.0,green,1
J985,I2275,4230.0,4233.0,green,1
J985,I3618,7178.0,7183.0,brown,1
J1826,I4424,8797.0,8798.0,brown,1
J1826,I4680,9313.0,9315.0,brown,1
J1826,I4713,9387.0,9390.0,green,1
J1826,I5128,10156.0,10157.0,brown,1
J1826,I5255,10387.0,10388.0,green,1
J460,I351,507.0,508.0,brown,1
J460,I5216,10317.0,10318.0,green,1
J460,I5524,10883.0,10884.0,green,1
J460,I5600,11033.0,11035.0,green,2
J1259,I1686,2986.0,2992.0,green,1
J1259,I4086,8151.0,8156.0,green,3
J1534,I1804,3248.0,3253.0,green,1
J1534,I2092,3897.0,3900.0,green,1
J1534,I3884,7708.0,7712.0,green,1
J1534,I5342,10556.0,10558.0,green,1
J730,I1683,2982.0,2983.0,brown,1
J730,I2260,4204.0,4207.0,green,2
J730,I3796,7530.0,7535.0,green,1
J417,I926,1518.0,1519.0,green,1
J417,I1310,2274.0,2275.0,brown,1
J417,I2078,3858.0,3860.0,green,1
J417,I2398,4477.0,4480.0,brown,1
J417,I4358,8683.0,8684.0,green,1
J1103,I4070,8108.0,8110.0,green,2
J1103,I4134,8258.0,8260.0,brown,1
J1412,I3327,6559.0,6560.0,brown,1
J1412,I3455,6844.0,6847.0,brown,1
J1412,I4160,8312.0,8318.0,green,4
J1492,I2579,4881.0,4883.0,green,2
J1492,I4667,9278.0,9280.0,green,1
J847,I966,1594.0,1595.0,brown,1
J847,I4871,9679.0,9683.0,green,1
J847,I5191,10265.0,10268.0,green,2
J173,I252,350.0,353.0,green,3
J173,I348,503.0,504.0,green,1
J173,I1656,2940.0,2945.0,green,1
J1881,I2322,4323.0,4330.0,green,1
J1881,I5618,11062.0,11067.0,green,5
J336,I2124,3952.0,3953.0,green,1
J336,I3052,5934.0,5939.0,brown,1
J336,I6044,11744.0,11746.0,green,2
J336,I6064,11771.0,11772.0,green,1
J606,I1093,1862.0,1863.0,green,1
J606,I1173,1998.0,1999.0,brown,1
J606,I2437,4567.0,4574.0,green,2
J332,I256,358.0,359.0,green,1
J332,I288,402.0,404.0,green,1
J437,I1963,3611.0,3615.0,green,1
J437,I2938,5705.0,5706.0,brown,1
J254,I304,429.0,433.0,green,4
J254,I1088,1853.0,1856.0,green,1
J254,I1328,2312.0,2313.0,green,1
J1342,I3730,7419.0,7422.0,green,3
J1342,I4178,8348.0,8351.0,green,1
J1342,I5654,11127.0,11128.0,green,1
J1342,I5818,11384.0,11385.0,green,1
J592,I1417,2471.0,2473.0,green,1
J592,I2025,3763.0,3766.0,green,1
J592,I2505,4707.0,4714.0,green,1
J592,I3444,6820.0,6823.0,brown,1
J1303,I1787,3214.0,3219.0,green,1
J1303,I1851,3349.0,3350.0,green,1
J1303,I1979,3659.0,3660.0,green,1
J1016,I2607,4934.0,4935.0,green,1
J1016,I2735,5223.0,5231.0,green,2
J43,I1635,2895.0,2897.0,green,1
J43,I2659,5048.0,5050.0,green,1
J43,I3835,7609.0,7613.0,green,1
J43,I3967,7896.0,7902.0,green,2
J1351,I2127,3956.0,3957.0,green,1
J1351,I2831,5450.0,5455.0,green,1
J1351,I5871,11478.0,11480.0,green,1
J215,I227,311.0,313.0,brown,1
J215,I868,1418.0,1419.0,green,1
J215,I1476,2581.0,2585.0,green,1
J215,I1800,3237.0,3243.0,green,2
J215,I1988,3673.0,3674.0,green,1
J586,I2820,5420.0,5423.0,brown,1
J586,I4815,9566.0,9569.0,green,1
J1693,I3557,7058.0,7059.0,brown,1
J1693,I3590,7118.0,7123.0,green,2
J1693,I3845,7627.0,7628.0,brown,1
J1693,I4773,9496.0,9497.0,brown,1
J1693,I5752,11278.0,11284.0,green,1
J1741,I5159,10205.0,10206.0,brown,1
J1741,I5223,10332.0,10333.0,brown,1
J1741,I5319,10516.0,10517.0,brown,1
J86,I555,869.0,875.0,green,4
J86,I2023,3748.0,3754.0,green,2
J275,I787,1282.0,1284.0,green,2
J275,I819,1340.0,1342.0,green,2
J275,I2899,5631.0,5633.0,green,1
J275,I3091,6018.0,6025.0,green,1
J362,I1369,2388.0,2399.0,green,4
J362,I1426,2485.0,2490.0,green,2
J694,I2139,3979.0,3981.0,brown,1
J694,I4412,8778.0,8779.0,green,1
J694,I4956,9835.0,9847.0,green,3
J694,I5244,10366.0,10369.0,green,1
J1474,I1279,2205.0,2210.0,green,2
J1474,I1855,3354.0,3356.0,green,1
J1474,I3391,6701.0,6708.0,green,1
J1474,I5087,10081.0,10086.0,green,1
J1613,I536,836.0,837.0,brown,1
J1613,I6057,11762.0,11764.0,green,2
J1613,I6073,11791.0,11793.0,green,2
J1613,I6095,11828.0,11831.0,green,1
J967,I896,1464.0,1465.0,green,1
J967,I6020,11710.0,11714.0,green,2
J967,I6150,11917.0,11918.0,green,1
J967,I6180,11959.0,11960.0,green,1
J1488,I3187,6260.0,6261.0,brown,1
J1488,I4692,9338.0,9345.0,green,1
J751,I767,1252.0,1255.0,green,2
J751,I2047,3805.0,3808.0,green,1
J583,I1062,1784.0,1785.0,green,1
J583,I1094,1863.0,1864.0,green,1
J583,I1586,2796.0,2798.0,green,1
J583,I1638,2901.0,2903.0,green,2
J661,I4230,8436.0,8443.0,green,3
J1042,I3142,6143.0,6145.0,brown,2
J1042,I3334,6576.0,6578.0,brown,1
J1042,I3463,6859.0,6863.0,green,2
J376,I1106,1889.0,1893.0,green,3
J376,I1457,2545.0,2546.0,brown,1
J376,I1810,3265.0,3269.0,green,1
J376,I2114,3937.0,3940.0,green,1
J102,I1766,3151.0,3173.0,green,1
J102,I2470,4637.0,4639.0,green,1
J1695,I3978,7918.0,7920.0,green,1
J1695,I4074,8120.0,8132.0,green,1
J1695,I4842,9615.0,9620.0,green,1
J1695,I5258,10392.0,10394.0,green,2
J972,I2431,4554.0,4558.0,brown,1
J972,I2656,5034.0,5041.0,green,3
J972,I2784,5343.0,5344.0,green,1
J16,I57,70.0,73.0,green,3
J1379,I2320,4320.0,4322.0,green,1
J1379,I4272,8520.0,8523.0,green,1
J1379,I4367,8699.0,8700.0,brown,1
J1379,I4399,8758.0,8759.0,brown,1
J593,I1723,3065.0,3067.0,brown,1
J593,I1724,3067.0,3069.0,green,2
J593,I1996,3685.0,3687.0,green,1
J593,I2647,5005.0,5008.0,brown,1
J118,I312,445.0,446.0,green,1
J118,I3096,6037.0,6038.0,green,1
J118,I3224,6328.0,6329.0,green,1
J118,I3706,7363.0,7365.0,brown,1
J1131,I1790,3221.0,3224.0,green,2
J1131,I2494,4681.0,4689.0,green,1
J306,I2274,4227.0,4230.0,brown,1
J306,I3554,7052.0,7053.0,brown,1
J306,I3715,7380.0,7384.0,green,1
J306,I4579,9094.0,9097.0,green,1
J1085,I2116,3941.0,3944.0,brown,1
J1085,I2565,4850.0,4852.0,green,1
J719,I525,813.0,814.0,green,1
J719,I2669,5072.0,5074.0,green,1
J719,I4717,9406.0,9408.0,green,1
J1988,I5932,11574.0,11575.0,green,1
J1988,I6172,11951.0,11952.0,green,1
J1988,I6192,11976.0,11977.0,green,1
J1988,I6196,11980.0,11981.0,green,1
J1988,I6200,11984.0,11987.0,green,2
J745,I2100,3912.0,3913.0,green,1
J745,I2836,5463.0,5465.0,brown,1
J745,I2996,5811.0,5814.0,brown,2
J152,I159,214.0,215.0,green,1
J152,I255,356.0,358.0,green,1
J152,I479,719.0,723.0,green,1
J152,I543,851.0,853.0,green,1
J1162,I3381,6682.0,6685.0,green,1
J60,I105,145.0,146.0,green,1
J60,I137,188.0,189.0,brown,1
J60,I1161,1980.0,1982.0,green,2
J585,I790,1288.0,1292.0,green,1
J585,I2774,5304.0,5315.0,green,1
J585,I2870,5538.0,5539.0,green,1
J585,I4950,9824.0,9825.0,green,1
J913,I2459,4609.0,4611.0,brown,1
J913,I2943,5716.0,5719.0,brown,1
J913,I3419,6771.0,6773.0,brown,1
J1789,I3318,6543.0,6544.0,green,1
J1789,I3958,7877.0,7884.0,green,2
J1789,I4022,7989.0,7996.0,green,1
J1338,I2871,5539.0,5541.0,green,1
J1338,I3095,6034.0,6037.0,green,2
J1901,I5024,9978.0,9982.0,green,1
J1901,I5952,11604.0,11607.0,green,1
J1901,I5984,11650.0,11654.0,green,2
J1901,I5988,11660.0,11663.0,green,1
J1901,I6016,11701.0,11702.0,green,1
J447,I668,1085.0,1087.0,green,1
J447,I1084,1839.0,1848.0,green,3
J447,I2816,5413.0,5417.0,green,1
J1607,I2288,4263.0,4264.0,brown,1
J1607,I2641,4985.0,4989.0,green,2
J1607,I2673,5086.0,5089.0,green,2
J1607,I3984,7929.0,7930.0,brown,1
J501,I1530,2700.0,2701.0,brown,1
J501,I4523,8979.0,8984.0,green,1
J501,I4954,9830.0,9832.0,brown,1
J501,I5039,9998.0,10001.0,green,1
J501,I5083,10072.0,10074.0,green,1
J501,I5091,10090.0,10093.0,green,1
J1676,I4725,9421.0,9423.0,brown,1
J1676,I5398,10664.0,10666.0,green,2
J1676,I5542,10912.0,10918.0,green,1
J1676,I5718,11226.0,11227.0,green,1
J715,I2384,4442.0,4447.0,brown,1
J715,I2449,4595.0,4597.0,green,2
J715,I2769,5296.0,5299.0,green,2
J715,I3377,6672.0,6674.0,green,1
J281,I647,1053.0,1054.0,green,1
J281,I903,1473.0,1474.0,green,1
J281,I1095,1864.0,1865.0,green,1
J281,I1223,2103.0,2107.0,green,1
J281,I2105,3919.0,3925.0,green,1
J392,I906,1478.0,1487.0,green,1
J392,I1226,2113.0,2115.0,green,2
J392,I1522,2684.0,2690.0,green,1
J1197,I3091,6018.0,6025.0,green,1
J1197,I3315,6533.0,6540.0,green,1
J1197,I4339,8642.0,8644.0,green,1
J1197,I5283,10447.0,10454.0,green,1
J296,I1427,2490.0,2492.0,green,1
J296,I1843,3331.0,3337.0,green,1
J296,I3091,6018.0,6025.0,green,4
J889,I1573,2775.0,2776.0,green,1
J889,I1669,2962.0,2964.0,green,1
J889,I2213,4123.0,4126.0,green,1
J318,I1105,1888.0,1889.0,green,1
J318,I1137,1940.0,1942.0,green,1
J318,I1553,2740.0,2742.0,brown,2
J318,I1713,3044.0,3050.0,green,1
J318,I2081,3865.0,3867.0,green,1
J1062,I1252,2165.0,2170.0,green,3
J1062,I2084,3875.0,3879.0,green,2
J1990,I4998,9932.0,9933.0,green,1
J1990,I5094,10096.0,10098.0,green,1
J1990,I5254,10386.0,10387.0,green,1
J1990,I5350,10570.0,10573.0,green,1
J157,I249,347.0,348.0,green,1
J157,I505,777.0,778.0,green,1
J157,I542,850.0,851.0,brown,1
J960,I2492,4675.0,4677.0,brown,1
J960,I2605,4930.0,4933.0,green,2
J960,I2653,5020.0,5023.0,green,1
J960,I2820,5420.0,5423.0,brown,1
J960,I2853,5504.0,5509.0,green,1
J405,I717,1166.0,1167.0,brown,1
J405,I750,1221.0,1223.0,green,2
J405,I1486,2605.0,2609.0,green,1
J405,I2094,3902.0,3903.0,green,1
J405,I4094,8165.0,8167.0,green,1
J1689,I4969,9884.0,9889.0,green,4
J1689,I5193,10269.0,10274.0,green,2
J1381,I2967,5762.0,5765.0,green,2
J1381,I3159,6188.0,6191.0,green,2
J328,I1022,1718.0,1721.0,brown,1
J328,I3967,7896.0,7902.0,green,2
J1652,I4321,8608.0,8611.0,brown,1
J1652,I4513,8964.0,8965.0,brown,1
J1652,I4578,9093.0,9094.0,green,1
J1652,I4994,9927.0,9928.0,green,1
J1652,I5752,11278.0,11284.0,green,1
J1652,I5762,11299.0,11301.0,green,1
J1283,I1274,2200.0,2201.0,green,1
J1283,I2874,5553.0,5555.0,brown,1
J1283,I4186,8360.0,8362.0,green,1
J1283,I4826,9582.0,9586.0,green,1
J1283,I4922,9778.0,9780.0,brown,1
J1283,I5178,10245.0,10248.0,green,1
J591,I1461,2552.0,2553.0,brown,1
J591,I1525,2693.0,2696.0,brown,1
J591,I1909,3480.0,3482.0,brown,2
J591,I2521,4738.0,4742.0,green,2
J1503,I2435,4564.0,4565.0,brown,1
J1503,I2819,5419.0,5420.0,brown,1
J1503,I2883,5581.0,5583.0,brown,1
J1503,I3875,7686.0,7688.0,brown,1
J1503,I3971,7909.0,7911.0,brown,2
J506,I2078,3858.0,3860.0,green,1
J506,I2430,4548.0,4554.0,green,1
J506,I3090,6011.0,6018.0,green,1
J1666,I4044,8038.0,8040.0,green,1
J1666,I4076,8133.0,8136.0,green,2
J213,I366,535.0,536.0,green,1
J213,I526,814.0,818.0,green,1
J213,I1038,1743.0,1744.0,green,1
J1471,I185,256.0,258.0,green,2
J1471,I537,837.0,838.0,green,1
J1471,I4505,8949.0,8950.0,green,1
J1210,I1498,2630.0,2633.0,brown,1
J1210,I2011,3714.0,3716.0,green,1
J1210,I2426,4542.0,4543.0,brown,1
J1210,I4647,9230.0,9231.0,green,1
J628,I2707,5162.0,5165.0,green,2
J628,I2803,5377.0,5389.0,green,3
J628,I4434,8812.0,8813.0,brown,1
J546,I634,1020.0,1024.0,green,1
J546,I858,1397.0,1399.0,green,1
J546,I3229,6334.0,6335.0,brown,1
J546,I3357,6630.0,6631.0,brown,1
J546,I3482,6895.0,6905.0,green,1
J1746,I1672,2966.0,2968.0,brown,1
J1746,I4137,8264.0,8274.0,green,1
J1746,I5193,10269.0,10274.0,green,1
J1746,I5512,10862.0,10865.0,brown,1
J21,I83,115.0,116.0,green,1
J21,I307,436.0,438.0,green,1
J21,I1176,2001.0,2006.0,green,4
J1181,I2486,4667.0,4669.0,brown,1
J1181,I3255,6394.0,6397.0,green,1
J1181,I4471,8885.0,8889.0,green,1
J1181,I4951,9825.0,9828.0,green,2
J1181,I5567,10966.0,10969.0,green,1
J1820,I5198,10283.0,10287.0,green,3
J1820,I5550,10934.0,10940.0,green,1
J1600,I3896,7736.0,7740.0,green,3
J1154,I2561,4840.0,4844.0,brown,3
J1154,I3518,6983.0,6985.0,green,1
J1154,I4226,8426.0,8427.0,green,1
J1049,I6018,11707.0,11709.0,green,2
J1049,I6090,11814.0,11816.0,green,1
J1626,I1370,2399.0,2400.0,brown,1
J1626,I2075,3851.0,3855.0,green,1
J1626,I2747,5254.0,5255.0,green,1
J240,I120,166.0,167.0,green,1
J240,I184,254.0,256.0,green,2
J240,I408,591.0,597.0,green,1
J240,I600,958.0,960.0,green,1
J1585,I1714,3050.0,3054.0,green,2
J1585,I1746,3109.0,3111.0,green,1
J1585,I3378,6674.0,6680.0,green,3
J499,I913,1497.0,1498.0,green,1
J499,I977,1620.0,1621.0,green,1
J499,I1393,2435.0,2439.0,green,1
J499,I1745,3104.0,3109.0,green,1
J499,I3121,6095.0,6102.0,green,1
J1924,I1811,3269.0,3272.0,brown,1
J1924,I2036,3785.0,3788.0,green,1
J1924,I6164,11935.0,11936.0,green,1
J1003,I1908,3478.0,3480.0,brown,1
J1003,I1941,3560.0,3562.0,green,2
J1003,I3050,5930.0,5931.0,green,1
J1751,I3629,7207.0,7208.0,green,1
J1751,I4333,8631.0,8632.0,green,1
J1751,I5357,10584.0,10589.0,green,2
J1751,I6095,11828.0,11831.0,green,2
J634,I760,1242.0,1243.0,green,1
J634,I1080,1828.0,1835.0,green,4
J634,I3160,6191.0,6194.0,green,1
J279,I894,1462.0,1463.0,brown,1
J279,I990,1645.0,1646.0,brown,1
J279,I1022,1718.0,1721.0,brown,1
J279,I2207,4104.0,4110.0,green,1
J1416,I2483,4664.0,4665.0,brown,1
J1416,I2676,5092.0,5093.0,green,1
J1416,I3724,7407.0,7412.0,green,1
J1420,I1319,2287.0,2292.0,green,1
J1420,I3847,7630.0,7632.0,green,1
J1420,I3879,7696.0,7699.0,green,1
J1420,I4655,9249.0,9252.0,green,1
J239,I151,204.0,206.0,green,2
J239,I247,343.0,345.0,green,1
J239,I1015,1700.0,1702.0,green,1
J519,I1086,1851.0,1852.0,green,1
J519,I4574,9082.0,9090.0,green,1
J1453,I2226,4145.0,4152.0,green,2
J1453,I2418,4518.0,4522.0,green,2
J1453,I4854,9642.0,9643.0,green,1
J1453,I5522,10878.0,10882.0,green,1
J74,I857,1396.0,1397.0,green,1
J74,I2233,4161.0,4162.0,brown,1
J74,I3129,6117.0,6119.0,brown,1
J1913,I5192,10268.0,10269.0,green,1
J1913,I5256,10388.0,10391.0,green,1
J1913,I5416,10694.0,10695.0,green,1
J1913,I5994,11670.0,11672.0,green,1
J1913,I5996,11673.0,11675.0,green,2
J856,I1874,3395.0,3398.0,brown,3
J856,I1875,3398.0,3404.0,green,1
J856,I1939,3550.0,3551.0,green,1
J1604,I1665,2954.0,2955.0,brown,1
J1604,I4737,9440.0,9442.0,brown,1
J1604,I4993,9925.0,9927.0,brown,1
J840,I1013,1693.0,1697.0,green,1
J840,I1029,1729.0,1733.0,green,4
J840,I2357,4403.0,4404.0,green,1
J73,I293,409.0,410.0,green,1
J73,I313,446.0,448.0,green,1
J73,I323,462.0,465.0,green,1
J73,I335,481.0,484.0,green,3
J1619,I3763,7471.0,7473.0,brown,1
J1619,I3796,7530.0,7535.0,green,2
J1619,I4692,9338.0,9345.0,green,2
J1619,I4852,9635.0,9639.0,green,1
J1108,I1567,2762.0,2767.0,green,5
J1108,I2015,3726.0,3733.0,green,1
J798,I742,1198.0,1201.0,green,1
J798,I3030,5895.0,5900.0,green,3
J1755,I4792,9527.0,9529.0,green,1
J1755,I4856,9646.0,9647.0,green,1
J1755,I4984,9911.0,9912.0,brown,1
J806,I1434,2507.0,2508.0,green,1
J806,I1818,3286.0,3290.0,green,2
J806,I2138,3977.0,3979.0,green,2
J806,I2346,4378.0,4381.0,green,1
J386,I2574,4869.0,4870.0,green,1
J386,I2658,5043.0,5048.0,green,1
J386,I3058,5954.0,5955.0,green,1
J635,I367,536.0,539.0,green,2
J635,I399,579.0,580.0,green,1
J635,I2207,4104.0,4110.0,green,2
J1814,I5570,10973.0,10981.0,green,2
J1814,I5634,11092.0,11093.0,green,1
J1814,I6142,11903.0,11905.0,green,2
J1814,I6171,11949.0,11951.0,green,1
J1807,I2541,4791.0,4796.0,green,1
J1807,I3948,7854.0,7857.0,brown,2
J1807,I6189,11973.0,11974.0,green,1
J1807,I6191,11975.0,11976.0,green,1
J1740,I3349,6614.0,6616.0,green,2
J1740,I3541,7018.0,7024.0,green,1
J1740,I5141,10174.0,10175.0,green,1
J1740,I5861,11453.0,11457.0,green,1
J1690,I3293,6472.0,6481.0,green,4
J1690,I4188,8364.0,8366.0,brown,1
J859,I1051,1761.0,1762.0,brown,1
J859,I5148,10187.0,10189.0,green,2
J1739,I5102,10111.0,10120.0,green,2
J1739,I5390,10653.0,10655.0,green,1
J1739,I5550,10934.0,10940.0,green,3
J1692,I2826,5443.0,5445.0,green,1
J1692,I3658,7265.0,7272.0,green,2
J1692,I5230,10340.0,10343.0,green,1
J926,I998,1663.0,1664.0,green,1
J926,I1222,2097.0,2103.0,green,1
J926,I1350,2349.0,2352.0,brown,1
J926,I1766,3151.0,3173.0,green,3
J1955,I1050,1759.0,1761.0,green,1
J1955,I2457,4607.0,4608.0,brown,1
J1955,I4026,8000.0,8007.0,green,1
J1955,I5834,11410.0,11412.0,green,1
J1955,I5866,11466.0,11468.0,green,1
J1889,I2927,5682.0,5684.0,brown,1
J1889,I2959,5747.0,5751.0,brown,3
J1889,I5071,10056.0,10058.0,brown,1
J1846,I1959,3598.0,3599.0,green,1
J1846,I4967,9870.0,9883.0,green,4
J172,I709,1152.0,1154.0,green,1
J172,I2660,5050.0,5051.0,brown,1
J172,I3653,7251.0,7261.0,green,1
J1313,I5578,10996.0,11000.0,green,3
J1313,I5674,11158.0,11159.0,green,1
J1336,I3722,7405.0,7406.0,brown,1
J1336,I3746,7445.0,7446.0,brown,1
J1336,I3755,7459.0,7460.0,green,1
J1336,I3787,7514.0,7515.0,green,1
J1336,I3979,7920.0,7924.0,green,1
J1957,I5902,11523.0,11524.0,green,1
J1397,I757,1237.0,1238.0,brown,1
J1397,I4054,8068.0,8074.0,green,2
J1397,I4662,9269.0,9272.0,green,1
J1314,I1353,2356.0,2360.0,green,1
J1314,I5065,10047.0,10050.0,green,2
J144,I58,73.0,75.0,green,2
J144,I218,300.0,302.0,brown,1
J144,I346,501.0,502.0,green,1
J144,I538,838.0,839.0,green,1
J144,I634,1020.0,1024.0,green,1
J568,I1443,2519.0,2522.0,brown,3
J568,I3620,7186.0,7188.0,green,1
J1422,I2180,4061.0,4065.0,green,2
J1422,I2276,4233.0,4242.0,green,1
J1422,I3779,7499.0,7501.0,brown,1
J1422,I3939,7839.0,7842.0,brown,1
J1422,I4900,9726.0,9729.0,green,1
J1355,I2884,5583.0,5585.0,green,1
J1355,I2916,5667.0,5668.0,green,1
J1967,I5998,11676.0,11678.0,green,1
J1967,I6023,11718.0,11720.0,green,1
J1967,I6094,11823.0,11828.0,green,2
J1839,I5012,9956.0,9959.0,green,3
J1107,I824,1352.0,1353.0,green,1
J1107,I920,1511.0,1512.0,green,1
J1107,I1048,1756.0,1758.0,green,1
J1107,I1464,2557.0,2560.0,green,1
J1107,I3133,6123.0,6127.0,brown,1
J1177,I1924,3505.0,3512.0,green,1
J1177,I4228,8430.0,8431.0,green,1
J1177,I4716,9401.0,9406.0,green,2
J1946,I4760,9476.0,9478.0,green,2
J1946,I4888,9706.0,9707.0,green,1
J1946,I5560,10954.0,10955.0,green,1
J1946,I5656,11129.0,11130.0,green,1
J968,I1938,3545.0,3550.0,green,1
J968,I2226,4145.0,4152.0,green,2
J968,I3249,6380.0,6382.0,brown,1
J968,I4625,9187.0,9188.0,brown,1
J968,I4657,9255.0,9257.0,brown,1
J660,I2218,4134.0,4137.0,brown,1
J660,I3130,6119.0,6121.0,brown,1
J660,I3146,6150.0,6151.0,brown,1
J660,I4123,8229.0,8230.0,green,1
J1188,I893,1460.0,1462.0,brown,1
J1188,I1566,2757.0,2762.0,green,1
J1188,I2142,3984.0,3985.0,green,1
J1188,I4158,8309.0,8310.0,green,1
J1722,I3167,6214.0,6216.0,green,1
J1722,I3199,6279.0,6280.0,green,1
J1722,I5746,11266.0,11268.0,green,1
J1722,I5791,11347.0,11348.0,green,1
J1759,I4990,9921.0,9922.0,brown,1
J1759,I5023,9975.0,9978.0,green,3
J1759,I5087,10081.0,10086.0,green,1
J1759,I5599,11029.0,11033.0,green,1
J1823,I1516,2671.0,2673.0,green,2
J1823,I3500,6952.0,6960.0,green,1
J1823,I5164,10213.0,10218.0,green,1
J378,I233,320.0,324.0,green,1
J66,I257,359.0,362.0,green,2
J66,I1505,2650.0,2654.0,green,4
J1260,I2754,5265.0,5267.0,brown,1
J1260,I4866,9663.0,9665.0,brown,1
J1260,I5459,10757.0,10760.0,green,1
J1260,I5507,10846.0,10851.0,green,1
J1260,I5539,10908.0,10909.0,green,1
J294,I334,480.0,481.0,brown,1
J294,I2670,5074.0,5077.0,brown,2
J205,I97,131.0,135.0,green,3
J205,I161,216.0,217.0,green,1
J205,I257,359.0,362.0,green,1
J1265,I2993,5804.0,5805.0,brown,1
J1265,I3026,5878.0,5887.0,green,2
J1265,I3090,6011.0,6018.0,green,1
J1265,I4977,9899.0,9902.0,brown,1
J267,I1686,2986.0,2992.0,green,1
J267,I1782,3200.0,3206.0,green,4
J267,I4406,8767.0,8772.0,green,1
J897,I2859,5521.0,5522.0,green,1
J897,I3083,5997.0,6004.0,green,3
J604,I3673,7299.0,7300.0,brown,1
J604,I4537,9011.0,9013.0,brown,1
J604,I4634,9201.0,9203.0,green,2
J604,I5786,11337.0,11338.0,green,1
J604,I6074,11793.0,11794.0,green,1
J1363,I2706,5153.0,5162.0,green,3
J1363,I3122,6102.0,6108.0,green,1
J1363,I4593,9116.0,9117.0,brown,1
J1363,I4598,9128.0,9130.0,green,1
J1525,I1774,3182.0,3187.0,green,1
J1525,I1837,3323.0,3325.0,brown,2
J1525,I1870,3387.0,3390.0,green,1
J750,I2389,4456.0,4457.0,brown,1
J750,I2397,4475.0,4477.0,brown,1
J750,I2453,4600.0,4601.0,brown,1
J750,I2597,4914.0,4915.0,brown,1
J750,I2734,5217.0,5223.0,green,1
J1339,I3522,6990.0,6991.0,brown,1
J1339,I5123,10149.0,10150.0,green,1
J466,I431,630.0,636.0,green,1
J466,I2095,3903.0,3904.0,green,1
J1549,I1445,2525.0,2526.0,green,1
J1549,I2437,4567.0,4574.0,green,4
J1549,I3941,7844.0,7846.0,brown,1
J1465,I2156,4011.0,4012.0,green,1
J1465,I2412,4509.0,4510.0,brown,1
J1465,I2508,4718.0,4723.0,green,1
J1204,I2646,4998.0,5005.0,green,6
J1519,I4327,8620.0,8621.0,green,1
J1519,I4359,8684.0,8685.0,green,1
J1519,I5095,10098.0,10099.0,green,1
J1519,I5191,10265.0,10268.0,green,1
J1519,I5207,10306.0,10307.0,green,1
J1519,I5271,10415.0,10420.0,green,1
J1682,I4390,8742.0,8745.0,green,3
J1682,I4614,9159.0,9163.0,green,1
J1682,I5094,10096.0,10098.0,green,1
J1682,I5370,10610.0,10613.0,green,1
J477,I1260,2180.0,2181.0,green,1
J477,I1356,2363.0,2366.0,green,2
J477,I2072,3842.0,3847.0,green,1
J69,I388,564.0,565.0,brown,1
J69,I2661,5051.0,5054.0,green,2
J69,I2693,5117.0,5118.0,green,1
J69,I4583,9103.0,9104.0,green,1
J69,I4655,9249.0,9252.0,green,1
J467,I1425,2482.0,2485.0,green,1
J467,I1456,2543.0,2545.0,brown,1
J467,I4801,9542.0,9545.0,green,2
J900,I2207,4104.0,4110.0,green,2
J900,I3711,7373.0,7375.0,green,1
J1216,I539,839.0,845.0,green,2
J1216,I3163,6204.0,6210.0,green,1
J1937,I744,1203.0,1208.0,green,2
J1937,I1000,1666.0,1672.0,green,1
J1937,I6068,11778.0,11780.0,green,1
J1937,I6120,11868.0,11869.0,green,1
J1110,I4278,8531.0,8532.0,brown,1
J1110,I4503,8942.0,8943.0,green,1
J1110,I5111,10130.0,10133.0,green,3
J12,I80,109.0,112.0,brown,3
J280,I745,1208.0,1210.0,green,2
J280,I873,1424.0,1426.0,green,2
J280,I2121,3948.0,3949.0,green,1
J1187,I3395,6714.0,6716.0,green,2
J1187,I3427,6783.0,6784.0,green,1
J491,I706,1147.0,1149.0,brown,2
J491,I4514,8965.0,8967.0,brown,2
J491,I4547,9028.0,9029.0,green,1
J976,I2903,5637.0,5639.0,green,1
J976,I2998,5815.0,5816.0,brown,1
J976,I4214,8407.0,8408.0,brown,1
J1553,I3079,5993.0,5994.0,brown,1
J1553,I3112,6071.0,6073.0,green,1
J1553,I3304,6501.0,6506.0,green,2
J1553,I3400,6724.0,6735.0,green,1
J1553,I4743,9454.0,9456.0,brown,1
J1586,I4415,8781.0,8785.0,green,2
J1586,I5007,9945.0,9947.0,green,2
J650,I1934,3530.0,3533.0,brown,2
J650,I2575,4870.0,4875.0,green,1
J1662,I4149,8296.0,8299.0,green,1
J1662,I4564,9054.0,9056.0,brown,2
J1662,I4916,9765.0,9768.0,brown,2
J1662,I5797,11355.0,11359.0,green,1
J704,I2173,4041.0,4049.0,green,1
J704,I2204,4099.0,4100.0,brown,1
J704,I2232,4160.0,4161.0,brown,1
J704,I2686,5103.0,5106.0,brown,1
J1450,I1796,3230.0,3231.0,brown,1
J1450,I2021,3746.0,3747.0,green,1
J1450,I2053,3816.0,3818.0,brown,1
J1232,I1341,2331.0,2333.0,brown,1
J1232,I5054,10024.0,10028.0,green,1
J1232,I5886,11499.0,11501.0,green,1
J1406,I2245,4180.0,4181.0,brown,1
J1406,I2309,4295.0,4298.0,brown,1
J1406,I2502,4701.0,4703.0,green,1
J1406,I3141,6141.0,6143.0,brown,1
J1406,I4902,9730.0,9734.0,green,1
J1137,I1938,3545.0,3550.0,green,1
J1137,I2001,3696.0,3697.0,brown,1
J1137,I2065,3833.0,3834.0,brown,1
J1111,I2896,5619.0,5625.0,green,1
J1111,I2943,5716.0,5719.0,brown,1
J1111,I3535,7010.0,7011.0,brown,1
J1111,I3599,7142.0,7143.0,brown,1
J1111,I4495,8929.0,8930.0,brown,1
J272,I411,600.0,602.0,brown,1
J272,I748,1212.0,1217.0,green,1
J272,I811,1325.0,1327.0,brown,1
J272,I1723,3065.0,3067.0,brown,1
J1332,I3389,6696.0,6700.0,green,1
J1332,I3453,6837.0,6843.0,green,2
J1332,I3613,7166.0,7169.0,green,1
J1332,I3900,7744.0,7745.0,brown,1
J1319,I2299,4279.0,4282.0,green,1
J1319,I2395,4467.0,4474.0,green,2
J1319,I3098,6040.0,6041.0,brown,1
J1319,I3195,6273.0,6274.0,green,1
J1319,I4227,8427.0,8430.0,green,1
J204,I644,1045.0,1050.0,green,3
J1095,I1367,2384.0,2386.0,green,2
J1095,I1815,3277.0,3283.0,green,2
J1095,I2727,5200.0,5205.0,green,2
J690,I1091,1858.0,1861.0,green,1
J690,I1827,3304.0,3306.0,green,1
J690,I2274,4227.0,4230.0,brown,1
J690,I3814,7576.0,7577.0,brown,1
J690,I3835,7609.0,7613.0,green,2
J1941,I5204,10301.0,10303.0,green,2
J1941,I5492,10819.0,10823.0,green,3
J1941,I5607,11044.0,11046.0,green,1
J1112,I2756,5269.0,5271.0,green,2
J1112,I2884,5583.0,5585.0,green,1
J1112,I4068,8103.0,8106.0,green,1
J1112,I4492,8923.0,8926.0,green,1
J37,I88,120.0,121.0,green,1
J37,I152,206.0,207.0,green,1
J37,I1976,3646.0,3655.0,green,1
J37,I3640,7232.0,7233.0,green,1
J37,I3912,7772.0,7784.0,green,2
J612,I2038,3792.0,3793.0,green,1
J612,I2166,4027.0,4029.0,green,1
J612,I2406,4494.0,4502.0,brown,1
J612,I2826,5443.0,5445.0,green,1
J434,I1258,2178.0,2179.0,green,1
J434,I1354,2360.0,2362.0,green,1
J434,I1546,2728.0,2729.0,brown,1
J434,I1610,2848.0,2850.0,brown,1
J434,I4074,8120.0,8132.0,green,1
J1494,I3009,5850.0,5855.0,green,1
J1494,I3809,7555.0,7562.0,green,3
J1494,I4545,9022.0,9027.0,green,1
J1494,I4801,9542.0,9545.0,green,1
J931,I2414,4512.0,4514.0,green,1
J931,I2702,5145.0,5148.0,green,1
J1125,I1163,1983.0,1984.0,green,1
J1125,I1963,3611.0,3615.0,green,1
J1125,I2827,5445.0,5447.0,brown,1
J1125,I3499,6950.0,6952.0,green,1
J368,I950,1564.0,1565.0,green,1
J368,I1366,2379.0,2384.0,green,2
J368,I2774,5304.0,5315.0,green,3
J457,I1391,2432.0,2434.0,brown,2
J457,I2608,4935.0,4936.0,green,1
J457,I4272,8520.0,8523.0,green,1
J371,I188,260.0,261.0,brown,1
J371,I380,553.0,555.0,brown,2
J371,I669,1087.0,1088.0,green,1
J371,I1853,3351.0,3353.0,green,1
J1147,I1539,2716.0,2719.0,brown,1
J1147,I1764,3147.0,3149.0,green,2
J1147,I1860,3363.0,3364.0,green,1
J1147,I2648,5008.0,5010.0,green,2
J1451,I2706,5153.0,5162.0,green,2
J1451,I4722,9414.0,9417.0,green,1
J1451,I4977,9899.0,9902.0,brown,1
J329,I1220,2089.0,2094.0,green,3
J329,I2696,5121.0,5123.0,green,1
J329,I2824,5432.0,5441.0,green,2
J771,I527,818.0,820.0,green,1
J771,I687,1117.0,1118.0,green,1
J771,I943,1547.0,1551.0,green,1
J771,I2703,5148.0,5149.0,green,1
J771,I3279,6431.0,6438.0,green,2
J1347,I3662,7285.0,7286.0,green,1
J1347,I3694,7335.0,7336.0,green,1
J1347,I4526,8992.0,8993.0,green,1
J191,I653,1062.0,1064.0,brown,2
J191,I1422,2478.0,2479.0,green,1
J191,I3598,7141.0,7142.0,brown,1
J1818,I4508,8954.0,8959.0,green,3
J1818,I4892,9710.0,9715.0,green,1
J712,I1508,2656.0,2659.0,brown,2
J1630,I4144,8285.0,8286.0,green,1
J1630,I4176,8343.0,8346.0,green,1
J1630,I4701,9358.0,9370.0,green,1
J1630,I4784,9513.0,9515.0,green,1
J1630,I5024,9978.0,9982.0,green,1
J1854,I4008,7968.0,7970.0,brown,1
J1854,I4073,8117.0,8120.0,green,1
J1854,I5481,10799.0,10802.0,green,1
J67,I479,719.0,723.0,green,3
J67,I543,851.0,853.0,green,1
J67,I639,1030.0,1032.0,green,2
J303,I1293,2236.0,2241.0,green,1
J303,I1870,3387.0,3390.0,green,2
J97,I403,585.0,586.0,brown,1
J97,I659,1071.0,1073.0,brown,2
J97,I1460,2549.0,2552.0,green,3
J1413,I1435,2508.0,2509.0,green,1
J1413,I1787,3214.0,3219.0,green,1
J1413,I2939,5706.0,5709.0,green,3
J1413,I4283,8537.0,8538.0,green,1
J1578,I5237,10353.0,10357.0,green,1
J1578,I5389,10642.0,10653.0,green,1
J1578,I5461,10763.0,10769.0,green,2
J1409,I1861,3364.0,3365.0,green,1
J1409,I2501,4698.0,4701.0,green,1
J1409,I4701,9358.0,9370.0,green,2
J1409,I5189,10262.0,10263.0,brown,1
J1409,I5349,10569.0,10570.0,green,1
J1563,I3310,6514.0,6516.0,brown,1
J1117,I1954,3584.0,3586.0,brown,1
J1117,I4315,8598.0,8601.0,green,2
J1117,I4475,8896.0,8898.0,green,2
J1700,I4408,8773.0,8774.0,brown,1
J1700,I4761,9478.0,9479.0,green,1
J1700,I5001,9935.0,9938.0,green,1
J1182,I878,1432.0,1434.0,green,1
J1182,I1037,1742.0,1743.0,brown,1
J1182,I2734,5217.0,5223.0,green,1
J1182,I3085,6005.0,6007.0,brown,1
J1182,I3150,6158.0,6165.0,green,1
J528,I2978,5779.0,5781.0,brown,1
J528,I4615,9163.0,9165.0,green,1
J528,I5379,10627.0,10632.0,green,1
J1411,I3810,7562.0,7564.0,green,1
J1411,I3906,7754.0,7759.0,green,2
J1411,I4289,8549.0,8550.0,brown,1
J1411,I4321,8608.0,8611.0,brown,2
J464,I1231,2123.0,2124.0,green,1
J464,I1263,2185.0,2186.0,green,1
J464,I4127,8236.0,8241.0,green,2
J1767,I2073,3847.0,3850.0,green,2
J1767,I2137,3976.0,3977.0,green,1
J1767,I2425,4540.0,4542.0,green,2
J1874,I2356,4401.0,4403.0,green,1
J1874,I3700,7351.0,7352.0,green,1
J1874,I4340,8644.0,8655.0,green,1
J1425,I3442,6817.0,6818.0,brown,1
J1425,I5091,10090.0,10093.0,green,2
J49,I163,218.0,220.0,green,1
J49,I1027,1726.0,1728.0,green,1
J49,I2306,4290.0,4292.0,brown,1
J49,I2563,4848.0,4849.0,green,1
J49,I2695,5119.0,5121.0,green,1
J180,I4322,8611.0,8613.0,brown,2
J180,I4835,9604.0,9608.0,green,2
J180,I5731,11247.0,11249.0,green,2
J1664,I227,311.0,313.0,brown,1
J1664,I5284,10454.0,10455.0,green,1
J1664,I5860,11452.0,11453.0,green,1
J1664,I5892,11510.0,11511.0,green,1
J1664,I5924,11563.0,11565.0,green,1
J1664,I5988,11660.0,11663.0,green,1
J833,I2097,3905.0,3909.0,brown,1
J833,I2226,4145.0,4152.0,green,1
J833,I4670,9285.0,9289.0,green,1
J642,I888,1453.0,1454.0,green,1
J642,I1016,1702.0,1704.0,green,2
J514,I364,525.0,527.0,green,1
J514,I3500,6952.0,6960.0,green,1
J514,I4171,8335.0,8336.0,brown,1
J514,I4460,8870.0,8872.0,green,1
J514,I4587,9108.0,9109.0,brown,1
J514,I5938,11584.0,11585.0,green,1
J523,I1028,1728.0,1729.0,brown,1
J523,I1124,1918.0,1919.0,brown,1
J523,I3556,7055.0,7058.0,brown,1
J523,I3621,7188.0,7189.0,green,1
J523,I5509,10854.0,10859.0,green,2
J388,I1111,1899.0,1900.0,brown,1
J388,I4648,9231.0,9242.0,green,1
J1987,I3141,6141.0,6143.0,brown,1
J1987,I4421,8792.0,8795.0,brown,1
J1987,I4646,9228.0,9230.0,green,1
J1987,I5958,11617.0,11618.0,green,1
J384,I1026,1725.0,1726.0,green,1
J384,I2019,3743.0,3745.0,green,2
J384,I2275,4230.0,4233.0,green,1
J574,I493,750.0,751.0,brown,1
J574,I526,814.0,818.0,green,1
J574,I589,940.0,941.0,brown,1
J574,I1294,2241.0,2246.0,green,1
J574,I2030,3772.0,3774.0,green,1
J922,I2587,4897.0,4898.0,green,1
J922,I2651,5013.0,5019.0,green,1
J922,I2811,5401.0,5406.0,green,1
J922,I3483,6905.0,6920.0,green,1
J120,I370,542.0,543.0,brown,1
J120,I435,648.0,649.0,green,1
J120,I627,1009.0,1012.0,green,2
J120,I1299,2254.0,2255.0,green,1
J120,I1716,3055.0,3057.0,brown,1
J1849,I3914,7785.0,7787.0,brown,1
J1849,I3947,7852.0,7854.0,green,1
J1849,I4523,8979.0,8984.0,green,1
J1849,I6141,11901.0,11903.0,green,1
J1849,I6155,11923.0,11924.0,green,1
J1849,I6159,11929.0,11930.0,green,1
J1680,I5003,9939.0,9940.0,green,1
J1680,I5131,10159.0,10161.0,green,2
J1680,I5683,11171.0,11177.0,green,2
J848,I862,1406.0,1407.0,green,1
J848,I1246,2155.0,2157.0,green,1
J848,I1694,3002.0,3006.0,brown,1
J848,I2782,5336.0,5339.0,green,1
J901,I704,1141.0,1142.0,green,1
J901,I768,1255.0,1256.0,brown,1
J901,I1352,2354.0,2356.0,green,1
J901,I1696,3008.0,3010.0,brown,1
J1579,I3852,7642.0,7645.0,green,1
J1579,I3884,7708.0,7712.0,green,3
J783,I1475,2578.0,2581.0,green,3
J783,I1603,2832.0,2836.0,green,1
J783,I1955,3586.0,3594.0,green,2
J1284,I2242,4174.0,4176.0,brown,2
J1284,I2626,4964.0,4965.0,brown,1
J1284,I2722,5184.0,5188.0,brown,1
J1284,I4603,9138.0,9141.0,green,2
J359,I731,1184.0,1186.0,green,1
J359,I987,1640.0,1643.0,green,1
J359,I3163,6204.0,6210.0,green,1
J359,I3183,6248.0,6252.0,green,1
J509,I1283,2215.0,2217.0,brown,1
J509,I1316,2282.0,2284.0,green,2
J509,I4740,9445.0,9452.0,green,3
J864,I1712,3040.0,3044.0,green,1
J864,I1776,3192.0,3194.0,green,1
J864,I1872,3392.0,3393.0,green,1
J864,I2704,5149.0,5151.0,green,1
J932,I1243,2149.0,2150.0,green,1
J932,I2971,5770.0,5771.0,brown,1
J932,I3035,5909.0,5910.0,brown,1
J932,I4227,8427.0,8430.0,green,2
J1773,I1325,2300.0,2306.0,green,3
J1512,I3982,7926.0,7928.0,brown,1
J1512,I4047,8045.0,8048.0,green,1
J1512,I4143,8283.0,8285.0,green,2
J1512,I4175,8340.0,8343.0,green,1
J1512,I4623,9183.0,9186.0,green,1
J965,I1962,3608.0,3611.0,green,1
J965,I1994,3682.0,3684.0,green,1
J965,I2282,4251.0,4252.0,green,1
J965,I3818,7581.0,7584.0,brown,1
J615,I2458,4608.0,4609.0,brown,1
J615,I2843,5479.0,5482.0,green,2
J615,I3163,6204.0,6210.0,green,1
J615,I3227,6331.0,6333.0,green,1
J615,I3706,7363.0,7365.0,brown,1
J682,I1833,3316.0,3318.0,brown,2
J682,I2314,4309.0,4312.0,green,3
J682,I2634,4974.0,4976.0,green,1
J617,I501,767.0,769.0,green,2
J617,I693,1125.0,1126.0,green,1
J617,I982,1630.0,1633.0,brown,1
J617,I1013,1693.0,1697.0,green,1
J617,I2037,3788.0,3792.0,green,1
J1469,I2352,4391.0,4392.0,brown,1
J1469,I4656,9252.0,9255.0,brown,1
J880,I5064,10045.0,10047.0,brown,1
J880,I5097,10100.0,10103.0,green,1
J880,I5321,10519.0,10522.0,green,1
J880,I5577,10995.0,10996.0,green,1
J795,I2881,5576.0,5580.0,green,4
J795,I3009,5850.0,5855.0,green,1
J795,I3081,5995.0,5996.0,brown,1
J739,I2915,5666.0,5667.0,brown,1
J739,I3267,6413.0,6415.0,brown,1
J739,I4812,9562.0,9564.0,green,1
J739,I5060,10038.0,10041.0,green,1
J4,I776,1265.0,1267.0,brown,1
J4,I1097,1866.0,1873.0,green,1
J4,I3785,7511.0,7513.0,green,2
J4,I4113,8213.0,8215.0,green,1
J4,I4169,8329.0,8332.0,brown,1
J1491,I1319,2287.0,2292.0,green,4
J526,I1924,3505.0,3512.0,green,1
J526,I2276,4233.0,4242.0,green,1
J1235,I2093,3900.0,3902.0,green,2
J1235,I2125,3953.0,3955.0,green,1
J1235,I5519,10873.0,10876.0,green,1
J1389,I2058,3825.0,3826.0,brown,1
J1389,I4267,8509.0,8511.0,green,2
J1389,I4299,8569.0,8570.0,green,1
J866,I959,1582.0,1583.0,brown,1
J866,I2560,4837.0,4840.0,green,3
J866,I2880,5571.0,5576.0,green,1
J866,I4352,8674.0,8676.0,brown,1
J257,I1147,1960.0,1962.0,green,2
J257,I3519,6985.0,6987.0,green,1
J257,I3679,7307.0,7310.0,green,1
J1093,I2274,4227.0,4230.0,brown,1
J1093,I3782,7504.0,7505.0,brown,1
J1093,I4127,8236.0,8241.0,green,3
J14,I59,75.0,76.0,green,1
J14,I84,116.0,117.0,green,1
J14,I87,119.0,120.0,green,1
J14,I101,140.0,141.0,green,1
J14,I121,167.0,169.0,green,1
J14,I309,440.0,442.0,green,1
J351,I1127,1922.0,1926.0,green,1
J351,I1255,2173.0,2176.0,green,2
J77,I295,411.0,413.0,green,1
J77,I359,517.0,519.0,green,2
J77,I423,617.0,619.0,green,1
J77,I1000,1666.0,1672.0,green,1
J77,I1063,1785.0,1791.0,green,1
J805,I513,793.0,799.0,green,5
J805,I1793,3226.0,3227.0,green,1
J489,I925,1517.0,1518.0,green,1
J489,I2429,4545.0,4548.0,green,1
J489,I2493,4677.0,4681.0,green,1
J489,I3389,6696.0,6700.0,green,2
J1230,I1221,2094.0,2097.0,green,2
J224,I979,1623.0,1626.0,brown,1
J224,I2003,3698.0,3700.0,brown,1
J224,I2388,4454.0,4456.0,green,1
J50,I29,34.0,35.0,green,1
J50,I317,451.0,453.0,green,1
J50,I349,504.0,506.0,green,1
J50,I1757,3132.0,3133.0,green,1
J50,I1997,3687.0,3689.0,green,1
J1209,I3819,7584.0,7585.0,brown,1
J1209,I3915,7787.0,7792.0,brown,2
J130,I197,271.0,272.0,green,1
J130,I325,467.0,468.0,green,1
J130,I326,468.0,469.0,brown,1
J130,I805,1314.0,1317.0,green,3
J1921,I6071,11784.0,11790.0,green,1
J1921,I6135,11890.0,11895.0,green,3
J1205,I1669,2962.0,2964.0,green,1
J1205,I1732,3081.0,3084.0,brown,1
J1205,I4901,9729.0,9730.0,green,1
J1524,I4006,7961.0,7966.0,green,1
J1524,I4133,8255.0,8258.0,brown,1
J1524,I4387,8738.0,8740.0,green,1
J1748,I3308,6511.0,6512.0,brown,1
J1748,I3405,6744.0,6746.0,green,1
J1748,I5485,10808.0,10810.0,green,1
J946,I2700,5143.0,5144.0,brown,1
J946,I2749,5256.0,5258.0,green,1
J946,I2973,5772.0,5774.0,green,1
J946,I3185,6255.0,6257.0,green,1
J946,I3188,6261.0,6262.0,brown,1
J1470,I764,1248.0,1249.0,brown,1
J1470,I892,1457.0,1460.0,brown,1
J1470,I3453,6837.0,6843.0,green,1
J1470,I4701,9358.0,9370.0,green,2
J193,I411,600.0,602.0,brown,1
J193,I2300,4282.0,4283.0,green,1
J107,I243,338.0,339.0,brown,1
J107,I308,438.0,440.0,green,1
J107,I2228,4153.0,4155.0,green,1
J107,I3859,7656.0,7658.0,brown,1
J24,I78,105.0,108.0,brown,1
J24,I5615,11054.0,11055.0,green,1
J24,I5807,11369.0,11370.0,green,1
J24,I5871,11478.0,11480.0,green,1
J62,I451,674.0,675.0,brown,1
J1905,I5045,10011.0,10012.0,brown,1
J1905,I5109,10127.0,10128.0,brown,1
J1905,I5206,10304.0,10306.0,green,2
J1905,I5366,10603.0,10606.0,green,1
J1905,I5478,10794.0,10795.0,green,1
J1940,I2732,5213.0,5215.0,brown,1
J1940,I2892,5606.0,5609.0,brown,2
J1940,I4301,8571.0,8573.0,green,1
J276,I15,18.0,19.0,green,1
J276,I35,41.0,43.0,green,2
J276,I99,136.0,137.0,green,1
J276,I1239,2133.0,2144.0,green,1
J1877,I5364,10599.0,10602.0,green,1
J1877,I5427,10705.0,10708.0,brown,2
J888,I1454,2539.0,2542.0,green,2
J888,I2222,4141.0,4142.0,green,1
J888,I3094,6032.0,6034.0,green,1
J888,I3406,6746.0,6749.0,green,1
J1442,I3233,6343.0,6346.0,green,1
J1442,I3552,7047.0,7049.0,brown,2
J1442,I3616,7175.0,7177.0,brown,1
J1442,I4263,8500.0,8503.0,green,1
J920,I2348,4382.0,4386.0,green,1
J920,I2508,4718.0,4723.0,green,1
J920,I3660,7276.0,7283.0,green,3
J76,I2546,4804.0,4807.0,green,1
J1489,I3607,7155.0,7157.0,green,2
J1489,I3639,7226.0,7232.0,green,2
J807,I1549,2733.0,2734.0,green,1
J807,I3661,7283.0,7285.0,green,1
J807,I5197,10280.0,10283.0,green,2
J81,I916,1504.0,1506.0,brown,1
J81,I1204,2049.0,2051.0,brown,1
J81,I2133,3967.0,3972.0,green,2
J81,I2853,5504.0,5509.0,green,1
J81,I3861,7659.0,7663.0,green,1
J1361,I3657,7264.0,7265.0,green,1
J1361,I4009,7970.0,7971.0,brown,1
J1361,I4137,8264.0,8274.0,green,4
J717,I2831,5450.0,5455.0,green,2
J717,I2911,5652.0,5657.0,green,1
J717,I2913,5658.0,5665.0,green,3
J1573,I4530,8997.0,9002.0,brown,1
J1573,I4563,9053.0,9054.0,green,1
J1573,I4691,9331.0,9338.0,green,2
J1573,I5011,9950.0,9956.0,green,2
J1653,I3370,6656.0,6659.0,brown,1
J1653,I5283,10447.0,10454.0,green,1
J1929,I3466,6867.0,6868.0,brown,1
J1929,I3627,7195.0,7204.0,green,1
J1929,I4618,9169.0,9172.0,brown,1
J1929,I4875,9686.0,9690.0,green,2
J1929,I5875,11485.0,11486.0,green,1
J1752,I917,1506.0,1508.0,brown,1
J1752,I4406,8767.0,8772.0,green,1
J1068,I1940,3551.0,3560.0,green,1
J1068,I2196,4088.0,4090.0,green,1
J1068,I4212,8401.0,8405.0,green,1
J1068,I4276,8528.0,8529.0,green,1
J1674,I3363,6639.0,6640.0,brown,1
J1674,I3716,7384.0,7388.0,green,1
J1674,I4804,9550.0,9551.0,green,1
J1674,I4900,9726.0,9729.0,green,2
J1674,I5348,10567.0,10569.0,green,1
J588,I2052,3815.0,3816.0,brown,1
J588,I2244,4177.0,4180.0,brown,1
J1148,I3429,6786.0,6788.0,brown,2
J1148,I3846,7628.0,7630.0,green,1
J1658,I4546,9027.0,9028.0,green,1
J1658,I4674,9300.0,9302.0,green,2
J1658,I4770,9490.0,9493.0,green,2
J1658,I4802,9545.0,9547.0,green,1
J195,I91,123.0,125.0,green,2
J195,I3483,6905.0,6920.0,green,1
J195,I4523,8979.0,8984.0,green,2
J301,I874,1426.0,1427.0,green,1
J301,I906,1478.0,1487.0,green,2
J301,I1034,1737.0,1739.0,brown,1
J301,I3498,6948.0,6950.0,brown,1
J1152,I3290,6464.0,6468.0,green,1
J1152,I3610,7162.0,7163.0,green,1
J1152,I5957,11612.0,11617.0,green,1
J136,I483,729.0,730.0,green,1
J136,I963,1587.0,1589.0,green,2
J136,I1586,2796.0,2798.0,green,1
J1467,I2371,4423.0,4424.0,brown,1
J1467,I2883,5581.0,5583.0,brown,1
J1467,I3716,7384.0,7388.0,green,1
J1467,I3939,7839.0,7842.0,brown,1
J1467,I5060,10038.0,10041.0,green,2
J1675,I2617,4950.0,4952.0,brown,2
J1675,I4250,8475.0,8483.0,green,1
J1675,I4537,9011.0,9013.0,brown,1
J1675,I5594,11023.0,11024.0,green,1
J258,I455,681.0,685.0,green,1
J258,I559,892.0,897.0,green,1
J258,I1127,1922.0,1926.0,green,1
J958,I987,1640.0,1643.0,green,2
J958,I4071,8110.0,8114.0,green,2
J1220,I434,642.0,648.0,green,2
J1220,I2322,4323.0,4330.0,green,4
J473,I3467,6868.0,6870.0,brown,2
J473,I3691,7324.0,7325.0,brown,1
J399,I600,958.0,960.0,green,1
J399,I632,1018.0,1019.0,green,1
J399,I1848,3344.0,3346.0,green,1
J399,I2824,5432.0,5441.0,green,3
J1735,I3450,6831.0,6834.0,green,1
J1735,I4730,9427.0,9428.0,green,1
J1735,I5338,10549.0,10551.0,green,2
J539,I1525,2693.0,2696.0,brown,1
J539,I1590,2808.0,2811.0,green,1
J539,I1750,3116.0,3120.0,green,2
J539,I4734,9437.0,9438.0,green,1
J1507,I2173,4041.0,4049.0,green,4
J1507,I2301,4283.0,4284.0,green,1
J1507,I3613,7166.0,7169.0,green,1
J1345,I2811,5401.0,5406.0,green,1
J218,I904,1474.0,1475.0,green,1
J218,I968,1596.0,1601.0,green,1
J218,I1768,3175.0,3176.0,brown,1
J380,I2825,5441.0,5443.0,green,1
J380,I2873,5542.0,5553.0,green,4
J1141,I1468,2568.0,2569.0,green,1
J1141,I1500,2636.0,2639.0,brown,3
J412,I1327,2307.0,2312.0,green,5
J412,I5071,10056.0,10058.0,brown,1
J1429,I1618,2862.0,2863.0,green,1
J1429,I2418,4518.0,4522.0,green,1
J1429,I2578,4878.0,4881.0,green,2
J1429,I3026,5878.0,5887.0,green,1
J1429,I3282,6442.0,6443.0,brown,1
J1295,I3523,6991.0,6992.0,brown,1
J1295,I4388,8740.0,8741.0,green,1
J1295,I4516,8968.0,8971.0,green,3
J1295,I5348,10567.0,10569.0,green,1
J1894,I4471,8885.0,8889.0,green,1
J1894,I4567,9060.0,9065.0,green,1
J175,I1211,2068.0,2070.0,green,1
J175,I2875,5555.0,5558.0,green,1
J175,I3483,6905.0,6920.0,green,2
J1834,I2276,4233.0,4242.0,green,3
J1834,I3267,6413.0,6415.0,brown,1
J1834,I4132,8252.0,8255.0,green,1
J1834,I5572,10985.0,10989.0,green,1
J881,I625,1007.0,1008.0,brown,1
J881,I689,1119.0,1120.0,brown,1
J881,I753,1225.0,1228.0,brown,1
J881,I786,1281.0,1282.0,green,1
J881,I1042,1748.0,1749.0,green,1
J881,I2322,4323.0,4330.0,green,1
J744,I2793,5354.0,5364.0,green,2
J744,I3261,6405.0,6407.0,brown,1
J744,I3353,6624.0,6627.0,brown,2
J744,I3417,6769.0,6770.0,brown,1
J1001,I3036,5910.0,5911.0,brown,1
J1001,I3196,6274.0,6276.0,brown,1
J1001,I5373,10615.0,10619.0,green,1
J194,I954,1568.0,1571.0,brown,2
J194,I1946,3571.0,3572.0,brown,1
J194,I2395,4467.0,4474.0,green,1
J194,I5483,10804.0,10806.0,green,1
J843,I1479,2588.0,2590.0,brown,1
J843,I1895,3446.0,3448.0,brown,2
J843,I1960,3599.0,3606.0,green,1
J843,I2855,5511.0,5512.0,brown,1
J825,I1085,1848.0,1851.0,green,1
J825,I1917,3491.0,3493.0,green,2
J825,I3293,6472.0,6481.0,green,1
J825,I4141,8281.0,8282.0,green,1
J177,I327,469.0,470.0,brown,1
J1978,I3238,6354.0,6360.0,green,1
J1978,I3781,7503.0,7504.0,brown,1
J1978,I3877,7690.0,7694.0,brown,2
J1978,I3941,7844.0,7846.0,brown,1
J1978,I4870,9675.0,9679.0,green,1
J183,I3290,6464.0,6468.0,green,3
J183,I3769,7482.0,7485.0,brown,1
J183,I5178,10245.0,10248.0,green,2
J530,I320,459.0,460.0,brown,1
J530,I705,1142.0,1147.0,green,1
J530,I2049,3809.0,3811.0,green,1
J530,I2897,5625.0,5627.0,green,1
J530,I3207,6294.0,6299.0,green,1
J530,I3297,6487.0,6490.0,green,1
J1301,I2154,4009.0,4010.0,green,1
J1301,I2186,4072.0,4074.0,green,2
J1301,I2442,4585.0,4586.0,green,1
J1011,I1521,2682.0,2684.0,brown,1
J1011,I2386,4450.0,4453.0,green,1
J1011,I3409,6751.0,6754.0,brown,2
J1622,I3406,6746.0,6749.0,green,2
J1622,I3438,6812.0,6813.0,green,1
J1622,I5550,10934.0,10940.0,green,1
J1622,I6062,11769.0,11770.0,green,1
J1622,I6158,11928.0,11929.0,green,1
J323,I692,1123.0,1125.0,green,2
J323,I948,1558.0,1562.0,green,1
J323,I1108,1894.0,1896.0,green,1
J323,I1208,2058.0,2063.0,green,2
J308,I905,1475.0,1478.0,green,1
J308,I1097,1866.0,1873.0,green,3
J308,I2505,4707.0,4714.0,green,1
J308,I3122,6102.0,6108.0,green,1
J2000,I2972,5771.0,5772.0,brown,1
J2000,I3228,6333.0,6334.0,brown,1
J2000,I5629,11084.0,11086.0,green,1
J680,I1242,2148.0,2149.0,green,1
J680,I2410,4507.0,4508.0,green,1
J680,I2858,5519.0,5521.0,green,2
J680,I3038,5912.0,5914.0,green,1
J1911,I109,153.0,155.0,brown,2
J1911,I301,425.0,427.0,brown,1
J1911,I1294,2241.0,2246.0,green,1
J1911,I5646,11113.0,11114.0,green,1
J610,I1880,3418.0,3420.0,brown,1
J610,I1912,3485.0,3486.0,brown,1
J610,I4824,9580.0,9581.0,brown,1
J421,I609,975.0,976.0,brown,1
J421,I1922,3501.0,3502.0,green,1
J421,I3938,7838.0,7839.0,green,1
J421,I5730,11244.0,11247.0,green,2
J819,I3566,7074.0,7078.0,green,2
J1843,I1272,2196.0,2198.0,brown,1
J1843,I1368,2386.0,2388.0,brown,1
J1843,I4472,8889.0,8893.0,brown,1
J1843,I5549,10930.0,10934.0,green,2
J1843,I5585,11012.0,11014.0,green,1
J1598,I4512,8963.0,8964.0,brown,1
J1598,I4805,9551.0,9555.0,green,1
J1598,I4921,9774.0,9778.0,green,1
J1616,I4220,8415.0,8418.0,brown,2
J1616,I4221,8418.0,8420.0,green,2
J1616,I4381,8724.0,8729.0,green,1
J1616,I6119,11867.0,11868.0,green,1
J518,I2208,4110.0,4112.0,green,1
J518,I2335,4348.0,4351.0,brown,1
J518,I2528,4757.0,4760.0,green,2
J518,I5024,9978.0,9982.0,green,1
J518,I5152,10193.0,10195.0,green,1
J63,I382,556.0,557.0,green,1
J63,I446,667.0,668.0,green,1
J63,I638,1028.0,1030.0,green,2
J63,I958,1580.0,1582.0,green,1
J63,I1202,2044.0,2047.0,green,1
J1077,I3207,6294.0,6299.0,green,2
J1077,I3234,6346.0,6348.0,brown,1
J1077,I3750,7451.0,7452.0,brown,1
J1077,I4051,8055.0,8056.0,green,1
J1077,I4067,8102.0,8103.0,brown,1
J1847,I2875,5555.0,5558.0,green,1
J1847,I4699,9356.0,9357.0,green,1
J1847,I4843,9620.0,9621.0,green,1
J1542,I3432,6791.0,6796.0,green,3
J1542,I3464,6863.0,6866.0,green,1
J1542,I5484,10806.0,10808.0,green,1
J429,I777,1267.0,1269.0,brown,1
J429,I2434,4561.0,4564.0,green,1
J429,I3054,5940.0,5942.0,green,1
J429,I3094,6032.0,6034.0,green,1
J545,I1548,2730.0,2733.0,green,2
J545,I1612,2852.0,2854.0,green,2
J545,I1644,2913.0,2915.0,green,1
J545,I2824,5432.0,5441.0,green,1
J1561,I2825,5441.0,5443.0,green,1
J1561,I2920,5671.0,5672.0,brown,1
J1561,I3176,6235.0,6238.0,brown,2
J1561,I4200,8384.0,8385.0,brown,1
J1561,I5097,10100.0,10103.0,green,1
J1554,I3455,6844.0,6847.0,brown,2
J1554,I3615,7174.0,7175.0,brown,1
J1976,I4212,8401.0,8405.0,green,1
J1976,I4852,9635.0,9639.0,green,2
J1189,I3258,6399.0,6401.0,brown,2
J1189,I3422,6775.0,6776.0,brown,1
J1189,I3483,6905.0,6920.0,green,1
J1189,I3578,7096.0,7097.0,brown,1
J1189,I4063,8095.0,8098.0,green,1
J939,I2521,4738.0,4742.0,green,2
J939,I2585,4893.0,4896.0,green,1
J939,I2649,5010.0,5012.0,green,1
J939,I3356,6629.0,6630.0,brown,1
J106,I395,575.0,576.0,brown,1
J106,I556,875.0,882.0,green,2
J106,I3728,7417.0,7418.0,green,1
J143,I318,453.0,456.0,green,3
J143,I702,1138.0,1140.0,green,1
J143,I936,1532.0,1535.0,green,1
J1456,I1990,3677.0,3678.0,green,1
J1456,I2022,3747.0,3748.0,green,1
J1456,I2215,4128.0,4131.0,brown,1
J1456,I3590,7118.0,7123.0,green,1
J1456,I4294,8557.0,8560.0,green,2
J1498,I3543,7027.0,7029.0,green,2
J1498,I4439,8837.0,8838.0,green,1
J1498,I4599,9130.0,9134.0,green,1
J1808,I4968,9883.0,9884.0,green,1
J1808,I5256,10388.0,10391.0,green,1
J1808,I5448,10739.0,10740.0,green,1
J1808,I5752,11278.0,11284.0,green,1
J1808,I5928,11568.0,11569.0,green,1
J672,I4137,8264.0,8274.0,green,1
J672,I4997,9930.0,9932.0,green,1
J672,I5065,10047.0,10050.0,green,1
J140,I187,259.0,260.0,brown,1
J140,I219,302.0,303.0,brown,1
J140,I4060,8085.0,8088.0,green,1
J140,I4572,9073.0,9077.0,green,1
J140,I4956,9835.0,9847.0,green,1
J522,I1633,2887.0,2894.0,green,2
J522,I3809,7555.0,7562.0,green,1
J522,I3904,7750.0,7752.0,brown,2
J522,I5409,10682.0,10684.0,green,1
J812,I2063,3830.0,3832.0,brown,1
J812,I4847,9625.0,9626.0,brown,1
J812,I5420,10698.0,10699.0,green,1
J1373,I1330,2314.0,2315.0,green,1
J1373,I2546,4804.0,4807.0,green,2
J896,I474,710.0,712.0,brown,2
J896,I2779,5333.0,5334.0,green,1
J896,I3355,6628.0,6629.0,green,1
J1247,I3200,6280.0,6281.0,green,1
J1247,I3232,6342.0,6343.0,green,1
J1247,I3360,6634.0,6637.0,green,1
J1247,I5057,10034.0,10036.0,brown,1
J1580,I1034,1737.0,1739.0,brown,1
J1580,I1130,1931.0,1933.0,brown,2
J1580,I1547,2729.0,2730.0,green,1
J1580,I5283,10447.0,10454.0,green,2
J652,I1778,3195.0,3196.0,brown,1
J652,I2162,4020.0,4024.0,brown,3
J652,I2419,4522.0,4528.0,green,1
J652,I3907,7759.0,7760.0,green,1
J753,I1269,2193.0,2194.0,green,1
J753,I1301,2257.0,2258.0,brown,1
J753,I3861,7659.0,7663.0,green,1
J753,I4565,9056.0,9058.0,green,1
J753,I4661,9262.0,9269.0,green,2
J1506,I4237,8451.0,8452.0,brown,1
J1506,I4430,8804.0,8809.0,green,4
J1506,I4558,9044.0,9047.0,green,1
J1533,I2576,4875.0,4876.0,green,1
J1533,I2640,4984.0,4985.0,brown,1
J1533,I4400,8759.0,8760.0,brown,1
J654,I613,979.0,980.0,brown,1
J654,I678,1100.0,1103.0,green,3
J654,I710,1154.0,1158.0,brown,2
J809,I2229,4155.0,4156.0,green,1
J809,I2333,4345.0,4347.0,brown,1
J809,I2343,4369.0,4375.0,green,2
J809,I2405,4490.0,4494.0,green,1
J809,I2609,4936.0,4938.0,brown,1
J582,I1254,2172.0,2173.0,green,1
J582,I1414,2466.0,2468.0,green,1
J582,I1766,3151.0,3173.0,green,1
J1174,I3501,6960.0,6961.0,green,1
J1174,I3885,7712.0,7718.0,green,1
J1174,I4813,9564.0,9565.0,green,1
J1174,I5645,11110.0,11113.0,green,3
J1143,I1619,2863.0,2865.0,brown,1
J1143,I1779,3196.0,3198.0,brown,1
J1143,I2196,4088.0,4090.0,green,1
J1143,I2644,4991.0,4996.0,green,1
J1481,I3340,6590.0,6592.0,green,2
J1481,I3372,6660.0,6665.0,green,1
J1481,I3596,7139.0,7140.0,brown,1
J1481,I4236,8449.0,8451.0,brown,1
J1481,I4524,8984.0,8988.0,green,1
J1285,I3074,5983.0,5989.0,green,3
J1285,I3265,6410.0,6411.0,brown,1
J1285,I3393,6709.0,6712.0,brown,1
J1497,I2670,5074.0,5077.0,brown,1
J1497,I3534,7008.0,7010.0,brown,1
J749,I887,1448.0,1453.0,green,2
J749,I3191,6268.0,6269.0,green,1
J749,I4567,9060.0,9065.0,green,2
J1419,I3541,7018.0,7024.0,green,2
J1419,I4565,9056.0,9058.0,green,1
J1419,I5770,11309.0,11314.0,green,1
J142,I656,1066.0,1067.0,brown,1
J1744,I5375,10621.0,10623.0,green,2
J1744,I5407,10679.0,10681.0,green,2
J1744,I5631,11088.0,11089.0,green,1
J1291,I2822,5426.0,5429.0,green,2
J1291,I2982,5784.0,5789.0,green,4
J1482,I3964,7892.0,7894.0,green,1
J1482,I4284,8538.0,8539.0,green,1
J1482,I4476,8898.0,8903.0,green,2
J1482,I4796,9533.0,9535.0,green,1
J1482,I4892,9710.0,9715.0,green,1
J33,I85,117.0,118.0,green,1
J33,I309,440.0,442.0,green,1
J33,I981,1629.0,1630.0,green,1
J940,I2555,4830.0,4832.0,green,2
J940,I2879,5565.0,5571.0,green,1
J940,I2907,5644.0,5646.0,brown,2
J1684,I3733,7425.0,7428.0,green,3
J1684,I3829,7598.0,7601.0,green,2
J566,I5812,11374.0,11376.0,green,2
J566,I5908,11537.0,11546.0,green,2
J1217,I3217,6317.0,6318.0,green,1
J1217,I3249,6380.0,6382.0,brown,1
J1217,I4037,8020.0,8022.0,green,2
J1233,I2681,5098.0,5099.0,brown,1
J1233,I2745,5251.0,5253.0,brown,1
J1233,I3170,6221.0,6226.0,green,1
J737,I2530,4762.0,4768.0,green,4
J472,I1354,2360.0,2362.0,green,1
J472,I1418,2473.0,2474.0,green,1
J472,I1642,2909.0,2912.0,green,1
J472,I2378,4434.0,4435.0,brown,1
J472,I2730,5209.0,5211.0,green,1
J1067,I3223,6324.0,6328.0,green,2
J1067,I3367,6646.0,6647.0,green,1
J1067,I3399,6722.0,6724.0,green,2
J1067,I4295,8560.0,8562.0,green,1
J197,I285,396.0,399.0,green,3
J197,I877,1429.0,1432.0,green,1
J197,I1522,2684.0,2690.0,green,1
J11,I2793,5354.0,5364.0,green,1
J11,I2873,5542.0,5553.0,green,2
J11,I3254,6390.0,6394.0,green,3
J794,I2443,4586.0,4589.0,brown,1
J794,I2764,5285.0,5286.0,green,1
J794,I3052,5934.0,5939.0,brown,1
J1898,I3190,6264.0,6268.0,green,1
J1898,I3254,6390.0,6394.0,green,1
J1898,I3350,6616.0,6619.0,green,1
J1898,I5974,11636.0,11638.0,green,2
J1898,I6166,11938.0,11941.0,green,1
J886,I2647,5005.0,5008.0,brown,1
J886,I2748,5255.0,5256.0,green,1
J886,I3004,5832.0,5836.0,green,1
J1864,I4715,9393.0,9401.0,green,2
J1864,I5931,11573.0,11574.0,green,1
J1864,I6131,11885.0,11886.0,green,1
J1864,I6143,11905.0,11907.0,green,2
J1009,I5230,10340.0,10343.0,green,1
J1009,I5518,10872.0,10873.0,green,1
J164,I173,232.0,235.0,green,3
J164,I557,882.0,887.0,green,2
J164,I4429,8803.0,8804.0,green,1
J497,I1679,2976.0,2977.0,brown,1
J497,I3568,7080.0,7086.0,green,2
J497,I3663,7286.0,7288.0,brown,1
J810,I2511,4726.0,4728.0,green,1
J810,I2783,5339.0,5343.0,green,1
J810,I2879,5565.0,5571.0,green,1
J810,I2911,5652.0,5657.0,green,2
J1925,I75,98.0,102.0,brown,3
J1925,I5708,11212.0,11213.0,green,1
J1925,I5876,11486.0,11488.0,green,1
J167,I1063,1785.0,1791.0,green,1
J167,I2393,4460.0,4466.0,green,1
J234,I980,1626.0,1629.0,green,1
J234,I1108,1894.0,1896.0,green,1
J234,I2072,3842.0,3847.0,green,2
J1565,I3963,7891.0,7892.0,green,1
J1565,I4027,8007.0,8008.0,green,1
J1565,I4092,8162.0,8163.0,brown,1
J1565,I4955,9832.0,9835.0,green,3
J217,I724,1173.0,1175.0,green,2
J217,I748,1212.0,1217.0,green,1
J217,I790,1288.0,1292.0,green,3
J969,I478,717.0,719.0,brown,1
J969,I3391,6701.0,6708.0,green,1
J969,I4071,8110.0,8114.0,green,2
J573,I1290,2226.0,2231.0,green,1
J573,I1449,2531.0,2533.0,brown,1
J573,I1482,2596.0,2599.0,green,1
J573,I4842,9615.0,9620.0,green,1
J573,I5482,10802.0,10804.0,green,1
J573,I5578,10996.0,11000.0,green,1
J468,I696,1129.0,1130.0,green,1
J468,I1176,2001.0,2006.0,green,1
J468,I3400,6724.0,6735.0,green,1
J1445,I4330,8626.0,8627.0,green,1
J1445,I4490,8921.0,8922.0,green,1
J1445,I4714,9390.0,9393.0,green,1
J1445,I4842,9615.0,9620.0,green,1
J1445,I5290,10462.0,10463.0,green,1
J352,I1043,1749.0,1751.0,brown,2
J352,I5572,10985.0,10989.0,green,3
J322,I1129,1928.0,1931.0,green,1
J322,I4680,9313.0,9315.0,brown,1
J322,I4776,9500.0,9502.0,brown,1
J42,I97,131.0,135.0,green,1
J42,I193,265.0,266.0,green,1
J42,I289,404.0,406.0,green,2
J1984,I3052,5934.0,5939.0,brown,2
J1984,I3437,6807.0,6812.0,green,1
J1984,I5997,11675.0,11676.0,green,1
J1267,I1317,2284.0,2286.0,green,2
J1267,I1637,2900.0,2901.0,brown,1
J1267,I2405,4490.0,4494.0,green,1
J1267,I2837,5465.0,5466.0,brown,1
J1267,I2933,5697.0,5699.0,brown,1
J1480,I4329,8624.0,8626.0,green,1
J1480,I4697,9353.0,9355.0,green,1
J1480,I4713,9387.0,9390.0,green,1
J1048,I1018,1705.0,1711.0,green,4
J1552,I3697,7342.0,7347.0,green,1
J1552,I4464,8875.0,8877.0,brown,1
J1552,I5925,11565.0,11566.0,green,1
J811,I3498,6948.0,6950.0,brown,1
J811,I4811,9561.0,9562.0,green,1
J811,I4939,9802.0,9805.0,brown,1
J811,I5835,11412.0,11415.0,green,1
J716,I1992,3679.0,3681.0,brown,1
J716,I2505,4707.0,4714.0,green,1
J716,I4104,8185.0,8187.0,brown,1
J716,I4793,9529.0,9530.0,green,1
J237,I428,624.0,625.0,green,1
J237,I492,743.0,750.0,green,3
J1660,I4918,9769.0,9772.0,green,3
J1660,I5054,10024.0,10028.0,green,2
J1942,I5675,11159.0,11161.0,green,2
J1942,I5771,11314.0,11316.0,green,2
J1942,I5835,11412.0,11415.0,green,1
J1942,I6147,11911.0,11914.0,green,1
J813,I1315,2280.0,2282.0,brown,1
J813,I3175,6234.0,6235.0,brown,1
J813,I3579,7097.0,7099.0,brown,1
J813,I3783,7505.0,7508.0,brown,1
J1625,I3027,5887.0,5890.0,green,1
J1625,I4306,8581.0,8583.0,brown,1
J1625,I4379,8721.0,8723.0,green,1
J1625,I4691,9331.0,9338.0,green,1
J220,I765,1249.0,1250.0,brown,1
J220,I1854,3353.0,3354.0,green,1
J220,I4638,9210.0,9213.0,green,1
J1919,I1937,3538.0,3545.0,green,1
J1919,I5617,11057.0,11062.0,green,4
J1433,I2481,4660.0,4662.0,green,1
J1433,I2577,4876.0,4878.0,green,2
J1433,I2641,4985.0,4989.0,green,1
J1433,I3377,6672.0,6674.0,green,1
J1433,I3409,6751.0,6754.0,brown,1
J7,I56,69.0,70.0,green,1
J7,I2008,3708.0,3710.0,brown,2
J7,I3544,7029.0,7033.0,green,3
J1372,I141,193.0,194.0,brown,1
J1372,I301,425.0,427.0,brown,1
J1372,I4210,8398.0,8400.0,green,1
J1372,I4334,8632.0,8637.0,green,3
J1115,I3097,6038.0,6040.0,green,2
J1115,I3513,6977.0,6978.0,green,1
J1115,I4473,8893.0,8894.0,green,1
J1452,I3206,6291.0,6294.0,green,3
J1452,I3398,6720.0,6722.0,brown,1
J1156,I2201,4095.0,4097.0,brown,2
J1156,I2809,5399.0,5400.0,brown,1
J1156,I3129,6117.0,6119.0,brown,1
J1156,I4153,8304.0,8305.0,brown,1
J1963,I5570,10973.0,10981.0,green,5
J1142,I2157,4012.0,4016.0,green,4
J1142,I2189,4079.0,4080.0,green,1
J1142,I2605,4930.0,4933.0,green,1
J1610,I6090,11814.0,11816.0,green,1
J1610,I6146,11909.0,11911.0,green,2
J1610,I6154,11922.0,11923.0,green,1
J1610,I6170,11946.0,11949.0,green,2
J1382,I4026,8000.0,8007.0,green,2
J1382,I4314,8595.0,8598.0,green,2
J1318,I1513,2663.0,2665.0,green,2
J1318,I3889,7725.0,7727.0,green,1
J1417,I4106,8189.0,8194.0,green,2
J1417,I4842,9615.0,9620.0,green,1
J1140,I958,1580.0,1582.0,green,1
J1140,I1054,1768.0,1772.0,green,2
J1140,I3230,6335.0,6340.0,green,2
J770,I2345,4376.0,4378.0,green,1
J770,I2376,4432.0,4433.0,brown,1
J770,I2537,4779.0,4787.0,green,1
J248,I761,1243.0,1244.0,green,1
J248,I793,1296.0,1299.0,green,3
J248,I844,1381.0,1382.0,green,1
J834,I1702,3022.0,3025.0,green,1
J834,I3181,6245.0,6247.0,brown,1
J834,I3573,7090.0,7091.0,brown,1
J834,I3626,7193.0,7195.0,green,2
J834,I3658,7265.0,7272.0,green,1
J997,I1578,2784.0,2785.0,brown,1
J997,I3306,6508.0,6510.0,brown,2
J997,I3914,7785.0,7787.0,brown,1
J997,I4715,9393.0,9401.0,green,1
J1082,I2543,4799.0,4800.0,brown,1
J1082,I2864,5528.0,5530.0,green,2
J1082,I3120,6090.0,6095.0,green,2
J1082,I3664,7288.0,7289.0,brown,1
J1292,I3064,5964.0,5968.0,green,2
J1292,I3480,6891.0,6894.0,green,1
J1292,I4504,8943.0,8949.0,green,2
J1292,I5976,11641.0,11642.0,green,1
J748,I1000,1666.0,1672.0,green,1
J748,I1224,2107.0,2111.0,green,2
J1454,I2896,5619.0,5625.0,green,1
J1454,I3216,6314.0,6317.0,green,1
J1454,I3248,6376.0,6380.0,green,1
J838,I654,1064.0,1065.0,brown,1
J838,I2895,5617.0,5619.0,green,1
J838,I3471,6874.0,6879.0,green,1
J838,I4175,8340.0,8343.0,green,1
J311,I668,1085.0,1087.0,green,1
J311,I2780,5334.0,5335.0,green,1
J311,I2940,5709.0,5714.0,green,1
J311,I3484,6920.0,6923.0,green,1
J1272,I3152,6168.0,6179.0,green,5
J1272,I3344,6597.0,6603.0,green,1
J1530,I3868,7676.0,7679.0,brown,3
J1530,I4381,8724.0,8729.0,green,1
J1530,I4669,9281.0,9285.0,green,1
J1449,I2034,3780.0,3781.0,green,1
J1449,I2066,3834.0,3836.0,green,1
J1449,I2130,3962.0,3963.0,green,1
J1449,I2163,4024.0,4025.0,brown,1
J1449,I2195,4087.0,4088.0,brown,1
J103,I164,220.0,222.0,brown,1
J103,I224,307.0,308.0,brown,1
J103,I240,334.0,335.0,brown,1
J103,I352,508.0,509.0,brown,1
J103,I353,509.0,510.0,green,1
J103,I3641,7233.0,7234.0,brown,1
J101,I637,1026.0,1028.0,green,1
J101,I881,1437.0,1441.0,green,1
J101,I1189,2027.0,2029.0,green,1
J101,I1369,2388.0,2399.0,green,1
J1883,I3482,6895.0,6905.0,green,3
J1883,I4858,9648.0,9650.0,green,1
J1883,I5658,11131.0,11133.0,green,2
J758,I1224,2107.0,2111.0,green,1
J758,I1543,2724.0,2725.0,brown,1
J758,I2375,4428.0,4432.0,brown,1
J758,I2439,4578.0,4580.0,brown,1
J758,I5164,10213.0,10218.0,green,2
J1192,I2956,5740.0,5744.0,green,4
J1192,I3084,6004.0,6005.0,green,1
J1902,I5820,11386.0,11390.0,green,3
J1902,I5852,11443.0,11444.0,green,1
J1902,I6076,11795.0,11796.0,green,1
J1008,I3152,6168.0,6179.0,green,2
J1008,I5000,9934.0,9935.0,green,1
J784,I1129,1928.0,1931.0,green,1
J560,I1465,2560.0,2562.0,brown,1
J560,I3162,6203.0,6204.0,green,1
J560,I3226,6330.0,6331.0,green,1
J541,I1014,1697.0,1700.0,green,3
J541,I1078,1826.0,1827.0,brown,1
J541,I1366,2379.0,2384.0,green,1
J541,I4598,9128.0,9130.0,green,1
J1157,I914,1498.0,1503.0,green,3
J1157,I4498,8932.0,8936.0,green,2
J1287,I748,1212.0,1217.0,green,3
J1287,I812,1327.0,1330.0,green,2
J1287,I3372,6660.0,6665.0,green,1
J777,I5040,10001.0,10007.0,green,1
J777,I5520,10876.0,10877.0,green,1
J777,I5908,11537.0,11546.0,green,1
J777,I6040,11738.0,11740.0,green,1
J1719,I1591,2811.0,2813.0,brown,2
J1719,I2519,4735.0,4737.0,brown,2
J1719,I4440,8838.0,8842.0,green,1
J689,I650,1059.0,1060.0,brown,1
J689,I3531,7002.0,7004.0,green,2
J689,I4219,8413.0,8415.0,brown,1
J689,I4347,8664.0,8665.0,brown,1
J689,I4427,8800.0,8802.0,brown,1
J394,I1091,1858.0,1861.0,green,1
J394,I3287,6457.0,6459.0,green,2
J79,I562,900.0,901.0,green,1
J79,I3858,7655.0,7656.0,brown,1
J79,I6174,11953.0,11954.0,green,1
J79,I6178,11957.0,11958.0,green,1
J1273,I2529,4760.0,4762.0,brown,1
J1273,I4098,8174.0,8177.0,green,1
J1273,I4673,9297.0,9300.0,brown,2
J1273,I4705,9375.0,9376.0,brown,1
J1273,I4737,9440.0,9442.0,brown,1
J1965,I4044,8038.0,8040.0,green,1
J1965,I4076,8133.0,8136.0,green,1
J1965,I4108,8195.0,8197.0,green,2
J1965,I6110,11851.0,11853.0,green,2
J1556,I2043,3801.0,3802.0,brown,1
J1556,I2139,3979.0,3981.0,brown,1
J1556,I3852,7642.0,7645.0,green,2
J1556,I4492,8923.0,8926.0,green,1
J1556,I4668,9280.0,9281.0,green,1
J1584,I1966,3624.0,3628.0,green,1
J1584,I2446,4591.0,4592.0,green,1
J1584,I3278,6429.0,6431.0,brown,1
J1584,I3534,7008.0,7010.0,brown,1
J1584,I5102,10111.0,10120.0,green,1
J1584,I5358,10589.0,10590.0,green,1
J930,I2336,4351.0,4353.0,green,2
J930,I3376,6669.0,6672.0,green,1
J1448,I2760,5279.0,5281.0,brown,1
J1448,I2793,5354.0,5364.0,green,1
J1448,I2856,5512.0,5513.0,brown,1
J1448,I3080,5994.0,5995.0,brown,1
J1448,I3593,7132.0,7134.0,green,1
J1703,I5199,10287.0,10290.0,green,1
J1703,I5262,10401.0,10402.0,brown,1
J1703,I5454,10746.0,10748.0,brown,1
J1703,I5455,10748.0,10751.0,green,2
J1703,I5487,10811.0,10814.0,green,1
J1914,I4596,9121.0,9124.0,green,2
J1914,I4692,9338.0,9345.0,green,1
J1914,I5460,10760.0,10763.0,green,1
J1914,I5652,11125.0,11126.0,green,1
J1970,I6043,11743.0,11744.0,green,1
J1970,I6075,11794.0,11795.0,green,1
J1970,I6107,11848.0,11849.0,green,1
J1867,I3890,7727.0,7729.0,brown,1
J1867,I5011,9950.0,9956.0,green,1
J1867,I5779,11323.0,11327.0,green,2
J325,I807,1318.0,1319.0,green,1
J325,I1522,2684.0,2690.0,green,1
J325,I2023,3748.0,3754.0,green,1
J1669,I3965,7894.0,7895.0,green,1
J1669,I4061,8088.0,8093.0,green,1
J1669,I4381,8724.0,8729.0,green,1
J1669,I5085,10076.0,10079.0,green,2
J1802,I5464,10773.0,10774.0,brown,1
J1802,I5496,10829.0,10830.0,brown,1
J1802,I5721,11229.0,11231.0,green,1
J1802,I5753,11284.0,11285.0,green,1
J1802,I5775,11319.0,11320.0,green,1
J1971,I854,1393.0,1394.0,brown,1
J1971,I1239,2133.0,2144.0,green,1
J1971,I4855,9643.0,9646.0,green,1
J1971,I5975,11638.0,11641.0,green,3
J802,I953,1567.0,1568.0,brown,1
J802,I3769,7482.0,7485.0,brown,1
J802,I3802,7543.0,7545.0,green,1
J802,I5770,11309.0,11314.0,green,3
J1581,I3637,7223.0,7225.0,brown,2
J1581,I3669,7294.0,7295.0,brown,1
J1581,I4022,7989.0,7996.0,green,1
J1123,I2793,5354.0,5364.0,green,1
J1123,I2857,5513.0,5519.0,green,2
J80,I985,1637.0,1639.0,green,2
J80,I1241,2146.0,2148.0,green,1
J80,I3545,7033.0,7036.0,brown,2
J80,I4569,9067.0,9068.0,brown,1
J1903,I3654,7261.0,7262.0,brown,1
J1903,I4903,9734.0,9740.0,green,1
J852,I655,1065.0,1066.0,brown,1
J852,I1072,1810.0,1814.0,green,1
J852,I4207,8393.0,8394.0,brown,1
J852,I5096,10099.0,10100.0,green,1
J1969,I488,737.0,738.0,brown,1
J1969,I2537,4779.0,4787.0,green,1
J1969,I6093,11818.0,11823.0,green,4
J1778,I4902,9730.0,9734.0,green,1
J1778,I5445,10733.0,10735.0,brown,1
J471,I267,374.0,375.0,brown,1
J471,I2827,5445.0,5447.0,brown,1
J471,I3404,6740.0,6744.0,green,2
J365,I265,372.0,373.0,brown,1
J365,I1490,2617.0,2622.0,green,2
J1086,I1993,3681.0,3682.0,green,1
J1086,I2473,4642.0,4648.0,green,1
J357,I1015,1700.0,1702.0,green,1
J357,I1143,1952.0,1953.0,green,1
J357,I5175,10238.0,10241.0,green,3
J357,I5271,10415.0,10420.0,green,1
J1053,I1908,3478.0,3480.0,brown,1
J1053,I3861,7659.0,7663.0,green,1
J1053,I3957,7875.0,7877.0,green,1
J1053,I4149,8296.0,8299.0,green,1
J1053,I4405,8765.0,8767.0,green,1
J1053,I4437,8816.0,8834.0,green,1
J504,I230,317.0,318.0,brown,1
J504,I999,1664.0,1666.0,green,1
J504,I2393,4460.0,4466.0,green,1
J890,I1464,2557.0,2560.0,green,2
J890,I2455,4602.0,4606.0,brown,1
J1786,I1295,2246.0,2248.0,brown,1
J1786,I4176,8343.0,8346.0,green,2
J1786,I5040,10001.0,10007.0,green,1
J116,I521,808.0,810.0,green,1
J116,I2537,4779.0,4787.0,green,5
J721,I2318,4318.0,4319.0,green,1
J721,I2350,4387.0,4390.0,green,3
J721,I2414,4512.0,4514.0,green,1
J721,I3374,6666.0,6668.0,green,1
J1403,I3208,6299.0,6302.0,green,1
J1403,I3271,6420.0,6421.0,brown,1
J1403,I3304,6501.0,6506.0,green,2
J1403,I3815,7577.0,7579.0,brown,1
J1810,I3790,7518.0,7520.0,brown,1
J1810,I3887,7719.0,7724.0,green,2
J1810,I3982,7926.0,7928.0,brown,1
J590,I928,1520.0,1522.0,green,2
J590,I1376,2406.0,2407.0,green,1
J590,I1568,2767.0,2769.0,green,2
J590,I1928,3519.0,3520.0,green,1
J127,I147,200.0,201.0,green,1
J127,I1843,3331.0,3337.0,green,2
J599,I1570,2770.0,2772.0,green,1
J599,I1634,2894.0,2895.0,green,1
J599,I2114,3937.0,3940.0,green,1
J599,I3122,6102.0,6108.0,green,2
J599,I3314,6530.0,6533.0,green,1
J452,I1514,2665.0,2670.0,green,1
J1058,I527,818.0,820.0,green,1
J1058,I559,892.0,897.0,green,3
J1058,I3464,6863.0,6866.0,green,2
J987,I2348,4382.0,4386.0,green,2
J987,I2508,4718.0,4723.0,green,2
J987,I4648,9231.0,9242.0,green,1
J1747,I4891,9709.0,9710.0,green,1
J1747,I5051,10019.0,10020.0,green,1
J1747,I5163,10212.0,10213.0,green,1
J1747,I5419,10697.0,10698.0,green,1
J1747,I5563,10957.0,10959.0,green,1
J373,I601,960.0,962.0,green,1
J373,I2200,4094.0,4095.0,brown,1
J373,I4376,8716.0,8717.0,brown,1
J373,I4909,9746.0,9752.0,green,2
J373,I5113,10134.0,10135.0,green,1
J677,I993,1650.0,1652.0,brown,1
J677,I1185,2020.0,2022.0,brown,1
J677,I3810,7562.0,7564.0,green,1
J677,I4386,8737.0,8738.0,green,1
J677,I4466,8878.0,8879.0,brown,1
J677,I5458,10756.0,10757.0,green,1
J1214,I2635,4976.0,4978.0,green,1
J1214,I3339,6585.0,6590.0,green,4
J1214,I4075,8132.0,8133.0,green,1
J1034,I3010,5855.0,5856.0,green,1
J1034,I3030,5895.0,5900.0,green,2
J659,I1682,2979.0,2982.0,brown,1
J659,I1875,3398.0,3404.0,green,2
J659,I2803,5377.0,5389.0,green,1
J1832,I4527,8993.0,8994.0,brown,1
J1832,I4720,9411.0,9413.0,green,1
J1832,I4943,9812.0,9815.0,brown,2
J1832,I5608,11046.0,11047.0,green,1
J1819,I4721,9413.0,9414.0,green,1
J1819,I4785,9515.0,9516.0,green,1
J1819,I4850,9628.0,9630.0,brown,1
J18,I18,22.0,23.0,green,1
J18,I46,56.0,59.0,green,2
J18,I78,105.0,108.0,brown,1
J18,I1486,2605.0,2609.0,green,1
J1934,I3391,6701.0,6708.0,green,3
J1934,I6071,11784.0,11790.0,green,1
J456,I1297,2250.0,2251.0,green,1
J456,I1361,2371.0,2372.0,green,1
J456,I1617,2860.0,2862.0,green,1
J456,I1745,3104.0,3109.0,green,1
J1334,I1012,1692.0,1693.0,brown,1
J1334,I1013,1693.0,1697.0,green,1
J1334,I3668,7293.0,7294.0,brown,1
J1334,I3860,7658.0,7659.0,brown,1
J639,I1507,2655.0,2656.0,brown,1
J639,I3140,6136.0,6141.0,green,3
J1904,I2857,5513.0,5519.0,green,1
J1904,I5672,11154.0,11156.0,brown,1
J1904,I5957,11612.0,11617.0,green,2
J862,I2198,4092.0,4093.0,brown,1
J862,I2406,4494.0,4502.0,brown,1
J862,I2486,4667.0,4669.0,brown,1
J862,I3031,5900.0,5903.0,green,1
J862,I3286,6452.0,6457.0,brown,1
J862,I4023,7996.0,7997.0,green,1
J438,I1828,3306.0,3307.0,green,1
J438,I1924,3505.0,3512.0,green,3
J685,I2353,4392.0,4396.0,brown,1
J685,I2385,4447.0,4450.0,brown,2
J685,I2386,4450.0,4453.0,green,1
J685,I5490,10817.0,10818.0,green,1
J685,I5750,11275.0,11276.0,green,1
J1935,I3163,6204.0,6210.0,green,2
J1935,I6071,11784.0,11790.0,green,1
J385,I495,752.0,754.0,brown,1
J385,I591,942.0,944.0,brown,2
J385,I1392,2434.0,2435.0,green,1
J385,I1552,2737.0,2740.0,brown,1
J385,I3696,7337.0,7342.0,green,1
J51,I36,43.0,44.0,green,1
J51,I100,137.0,140.0,green,2
J51,I964,1589.0,1593.0,green,1
J51,I996,1654.0,1657.0,green,2
J1717,I518,803.0,804.0,brown,1
J1717,I550,863.0,864.0,brown,1
J1717,I2023,3748.0,3754.0,green,1
J1717,I4039,8026.0,8033.0,green,1
J1195,I2793,5354.0,5364.0,green,3
J1195,I4744,9456.0,9457.0,brown,1
J340,I4352,8674.0,8676.0,brown,1
J340,I5145,10184.0,10185.0,green,1
J400,I2429,4545.0,4548.0,green,1
J400,I4893,9715.0,9720.0,green,2
J400,I5165,10218.0,10222.0,green,3
J561,I1164,1984.0,1986.0,brown,2
J561,I1900,3452.0,3459.0,brown,2
J561,I3885,7712.0,7718.0,green,1
J561,I5682,11169.0,11171.0,green,1
J740,I498,757.0,762.0,green,1
J740,I530,823.0,827.0,green,2
J740,I1298,2251.0,2254.0,green,1
J740,I2609,4936.0,4938.0,brown,1
J740,I3093,6029.0,6032.0,brown,1
J1166,I1719,3060.0,3061.0,green,1
J1166,I1751,3120.0,3124.0,green,4
J1166,I4767,9485.0,9487.0,green,1
J584,I735,1190.0,1192.0,brown,1
J584,I1088,1853.0,1856.0,green,1
J584,I2656,5034.0,5041.0,green,1
J584,I2752,5261.0,5263.0,green,1
J584,I3360,6634.0,6637.0,green,2
J346,I274,382.0,383.0,brown,1
J346,I307,436.0,438.0,green,1
J346,I563,901.0,902.0,green,1
J346,I2887,5590.0,5593.0,green,1
J346,I3154,6181.0,6184.0,green,2
J1840,I5822,11391.0,11394.0,green,3
J1840,I6046,11747.0,11748.0,green,1
J342,I1145,1957.0,1959.0,green,2
J342,I1209,2063.0,2066.0,green,1
J342,I1433,2506.0,2507.0,green,1
J342,I1498,2630.0,2633.0,brown,1
J270,I688,1118.0,1119.0,brown,1
J270,I752,1224.0,1225.0,brown,1
J270,I1633,2887.0,2894.0,green,2
J270,I1921,3497.0,3501.0,green,1
J431,I747,1211.0,1212.0,green,1
J431,I843,1379.0,1381.0,green,1
J431,I1083,1838.0,1839.0,green,1
J1446,I3717,7388.0,7395.0,green,2
J1446,I4549,9030.0,9032.0,green,2
J1446,I5509,10854.0,10859.0,green,1
J1446,I5581,11003.0,11004.0,green,1
J1130,I3335,6578.0,6579.0,green,1
J1130,I3352,6622.0,6624.0,green,2
J1130,I3416,6765.0,6769.0,brown,2
J1130,I3431,6789.0,6791.0,green,1
J1218,I3344,6597.0,6603.0,green,2
J774,I1901,3459.0,3469.0,green,4
J774,I1965,3616.0,3624.0,green,1
J1248,I1644,2913.0,2915.0,green,1
J1248,I1996,3685.0,3687.0,green,1
J1248,I3500,6952.0,6960.0,green,1
J755,I319,456.0,459.0,brown,1
J755,I2880,5571.0,5576.0,green,2
J755,I3808,7554.0,7555.0,green,1
J755,I4640,9214.0,9217.0,green,1
J1879,I1574,2776.0,2779.0,brown,1
J1879,I2182,4068.0,4069.0,brown,1
J1879,I2343,4369.0,4375.0,green,1
J1879,I5959,11618.0,11619.0,green,1
J765,I1843,3331.0,3337.0,green,1
J765,I4819,9572.0,9573.0,green,1
J765,I5011,9950.0,9956.0,green,1
J765,I5619,11067.0,11072.0,green,2
J1528,I2946,5722.0,5724.0,green,1
J1528,I2977,5778.0,5779.0,brown,1
J1528,I4506,8950.0,8953.0,green,1
J571,I2014,3720.0,3726.0,green,3
J571,I2494,4681.0,4689.0,green,2
J1052,I1503,2644.0,2645.0,brown,1
J1052,I2527,4752.0,4757.0,brown,1
J1052,I3312,6521.0,6524.0,green,1
J1052,I3488,6932.0,6933.0,green,1
J430,I792,1294.0,1296.0,green,1
J430,I855,1394.0,1395.0,brown,1
J430,I919,1510.0,1511.0,brown,1
J430,I1048,1756.0,1758.0,green,1
J430,I4440,8838.0,8842.0,green,1
J1323,I1680,2977.0,2978.0,brown,1
J1323,I2833,5456.0,5460.0,green,2
J1323,I4903,9734.0,9740.0,green,1
J624,I1365,2376.0,2379.0,green,2
J624,I1429,2495.0,2500.0,green,3
J624,I3893,7733.0,7734.0,green,1
J1798,I4510,8960.0,8962.0,green,2
J1798,I4574,9082.0,9090.0,green,1
J6,I75,98.0,102.0,brown,1
J6,I4492,8923.0,8926.0,green,1
J6,I4939,9802.0,9805.0,brown,1
J6,I5595,11024.0,11026.0,green,2
J1973,I4607,9150.0,9151.0,green,1
J1973,I4671,9289.0,9294.0,green,3
J1407,I2291,4267.0,4269.0,brown,2
J1407,I4116,8218.0,8219.0,green,1
J1407,I4500,8939.0,8940.0,green,1
J1407,I5364,10599.0,10602.0,green,1
J1134,I2538,4787.0,4789.0,green,1
J1134,I2698,5131.0,5138.0,green,1
J1134,I5294,10467.0,10472.0,green,2
J1838,I1770,3177.0,3178.0,brown,1
J1838,I1803,3247.0,3248.0,green,1
J1838,I1867,3374.0,3382.0,green,1
J1838,I3403,6737.0,6740.0,green,1
J1179,I1940,3551.0,3560.0,green,5
J1179,I2003,3698.0,3700.0,brown,1
J898,I1608,2844.0,2847.0,green,1
J898,I2152,4004.0,4007.0,green,2
J898,I3400,6724.0,6735.0,green,1
J1821,I3704,7359.0,7360.0,brown,1
J1821,I4121,8225.0,8228.0,green,1
J1821,I5593,11022.0,11023.0,green,1
J1821,I5705,11209.0,11210.0,green,1
J1856,I5451,10742.0,10744.0,green,2
J1856,I5563,10957.0,10959.0,green,1
J1856,I5995,11672.0,11673.0,green,1
J1775,I4535,9007.0,9010.0,green,2
J1775,I4567,9060.0,9065.0,green,2
J1775,I4663,9272.0,9274.0,green,2
J769,I860,1400.0,1404.0,green,4
J769,I2782,5336.0,5339.0,green,1
J990,I3364,6640.0,6642.0,green,2
J990,I4260,8496.0,8498.0,green,1
J990,I4340,8644.0,8655.0,green,2
J857,I2331,4342.0,4344.0,brown,1
J857,I2584,4891.0,4893.0,green,1
J857,I2995,5809.0,5811.0,brown,1
J1968,I5167,10224.0,10227.0,green,1
J1968,I5295,10472.0,10474.0,green,1
J1968,I5454,10746.0,10748.0,brown,1
J1968,I5742,11261.0,11262.0,brown,1
J304,I277,386.0,387.0,brown,1
J304,I1750,3116.0,3120.0,green,2
J304,I2678,5094.0,5096.0,green,2
J304,I5110,10128.0,10130.0,green,1
J135,I176,238.0,240.0,green,2
J135,I208,286.0,288.0,green,2
J135,I464,697.0,698.0,green,1
J505,I1477,2585.0,2587.0,green,2
J505,I2405,4490.0,4494.0,green,1
J505,I3693,7329.0,7335.0,green,1
J505,I4133,8255.0,8258.0,brown,2
J449,I1647,2919.0,2921.0,brown,2
J449,I2128,3957.0,3961.0,green,1
J449,I4504,8943.0,8949.0,green,2
J1145,I1798,3232.0,3235.0,green,1
J1145,I2726,5194.0,5200.0,green,2
J458,I2530,4762.0,4768.0,green,1
J458,I2850,5492.0,5502.0,green,2
J458,I3134,6127.0,6128.0,green,1
J423,I323,462.0,465.0,green,1
J423,I867,1416.0,1418.0,green,1
J423,I1474,2576.0,2578.0,brown,1
J423,I1656,2940.0,2945.0,green,2
J1943,I4636,9205.0,9208.0,brown,1
J1943,I4669,9281.0,9285.0,green,1
J1670,I5193,10269.0,10274.0,green,2
J1670,I5906,11527.0,11533.0,green,1
J875,I616,983.0,989.0,green,1
J875,I3592,7124.0,7132.0,green,2
J381,I100,137.0,140.0,green,1
J381,I644,1045.0,1050.0,green,1
J381,I1476,2581.0,2585.0,green,3
J858,I2358,4404.0,4406.0,green,2
J858,I2422,4530.0,4538.0,green,1
J1878,I4202,8386.0,8388.0,brown,1
J1878,I4618,9169.0,9172.0,brown,1
J944,I144,197.0,198.0,green,1
J944,I400,580.0,583.0,green,1
J944,I976,1614.0,1620.0,green,3
J944,I2448,4593.0,4595.0,green,1
J256,I262,368.0,370.0,brown,1
J256,I4967,9870.0,9883.0,green,2
J338,I294,410.0,411.0,green,1
J338,I1766,3151.0,3173.0,green,4
J338,I2438,4574.0,4578.0,green,1
J1959,I5273,10422.0,10423.0,green,1
J1959,I5945,11594.0,11597.0,green,2
J17,I367,536.0,539.0,green,1
J17,I2735,5223.0,5231.0,green,3
J17,I2831,5450.0,5455.0,green,1
J137,I268,375.0,376.0,brown,1
J137,I1645,2915.0,2917.0,green,1
J137,I4621,9175.0,9179.0,green,1
J137,I4717,9406.0,9408.0,green,1
J137,I6093,11818.0,11823.0,green,1
J137,I6197,11981.0,11982.0,green,1
J894,I1221,2094.0,2097.0,green,1
J894,I3693,7329.0,7335.0,green,1
J1647,I2359,4406.0,4407.0,green,1
J1647,I2711,5170.0,5172.0,green,2
J1647,I2839,5468.0,5470.0,green,2
J1647,I4951,9825.0,9828.0,green,1
J25,I150,203.0,204.0,brown,1
J25,I407,590.0,591.0,green,1
J25,I1239,2133.0,2144.0,green,1
J1623,I4435,8813.0,8814.0,green,1
J1623,I4499,8936.0,8939.0,green,3
J1623,I4691,9331.0,9338.0,green,2
J879,I2506,4714.0,4717.0,green,1
J879,I2602,4923.0,4926.0,green,2
J879,I3658,7265.0,7272.0,green,1
J1358,I2516,4732.0,4733.0,green,1
J1358,I2548,4808.0,4811.0,brown,2
J1358,I2644,4991.0,4996.0,green,1
J1041,I3059,5955.0,5957.0,brown,2
J1041,I3219,6319.0,6320.0,brown,1
J1041,I3251,6386.0,6388.0,brown,2
J406,I1332,2316.0,2320.0,green,2
J406,I1426,2485.0,2490.0,green,2
J406,I1492,2623.0,2624.0,green,1
J406,I1524,2692.0,2693.0,brown,1
J1590,I3829,7598.0,7601.0,green,1
J1590,I3892,7731.0,7733.0,brown,1
J1590,I4437,8816.0,8834.0,green,1
J1590,I5151,10191.0,10193.0,green,1
J831,I1662,2951.0,2952.0,brown,1
J831,I3103,6055.0,6057.0,green,1
J831,I3359,6632.0,6634.0,green,1
J831,I5567,10966.0,10969.0,green,1
J1663,I3582,7103.0,7104.0,brown,1
J1663,I5055,10028.0,10031.0,green,3
J1663,I5087,10081.0,10086.0,green,2
J781,I2416,4515.0,4516.0,brown,1
J781,I2833,5456.0,5460.0,green,2
J781,I3793,7524.0,7527.0,green,1
J781,I4701,9358.0,9370.0,green,1
J149,I2505,4707.0,4714.0,green,2
J570,I1761,3138.0,3144.0,green,1
J570,I2976,5777.0,5778.0,brown,1
J265,I733,1187.0,1188.0,green,1
J265,I829,1358.0,1360.0,green,2
J265,I1325,2300.0,2306.0,green,2
J317,I436,649.0,650.0,green,1
J317,I980,1626.0,1629.0,green,2
J317,I1076,1822.0,1824.0,green,1
J877,I1856,3356.0,3358.0,brown,1
J877,I1921,3497.0,3501.0,green,1
J877,I2081,3865.0,3867.0,green,1
J877,I2793,5354.0,5364.0,green,2
J891,I2384,4442.0,4447.0,brown,1
J891,I5797,11355.0,11359.0,green,1
J891,I5863,11458.0,11459.0,green,1
J891,I5953,11607.0,11608.0,green,1
J141,I539,839.0,845.0,green,1
J141,I1722,3064.0,3065.0,brown,1
J141,I4043,8037.0,8038.0,green,1
J141,I4539,9014.0,9016.0,brown,1
J261,I439,655.0,657.0,green,2
J261,I599,953.0,958.0,green,1
J261,I1239,2133.0,2144.0,green,3
J1211,I2037,3788.0,3792.0,green,2
J1211,I3060,5957.0,5961.0,brown,2
J1060,I2888,5593.0,5600.0,green,4
J1060,I3592,7124.0,7132.0,green,2
J398,I1306,2265.0,2270.0,green,1
J398,I1333,2320.0,2321.0,brown,1
J398,I2491,4673.0,4675.0,brown,1
J398,I2542,4796.0,4799.0,green,2
J1758,I4138,8274.0,8276.0,green,2
J1758,I5198,10283.0,10287.0,green,1
J1758,I5322,10522.0,10525.0,green,1
J1758,I5752,11278.0,11284.0,green,1
J90,I321,460.0,461.0,brown,1
J90,I4209,8396.0,8398.0,brown,1
J1614,I6135,11890.0,11895.0,green,2
J1257,I4236,8449.0,8451.0,brown,1
J1257,I5389,10642.0,10653.0,green,2
J487,I1290,2226.0,2231.0,green,3
J487,I1449,2531.0,2533.0,brown,1
J487,I1545,2726.0,2728.0,brown,1
J487,I2441,4581.0,4585.0,brown,1
J1608,I2455,4602.0,4606.0,brown,1
J1608,I2552,4815.0,4822.0,green,1
J1608,I3384,6688.0,6690.0,green,1
J1749,I2923,5676.0,5678.0,brown,1
J1749,I5164,10213.0,10218.0,green,2
J1365,I3065,5968.0,5971.0,green,3
J1365,I4377,8717.0,8719.0,brown,1
J1665,I3970,7907.0,7909.0,brown,2
J1665,I4002,7956.0,7957.0,brown,1
J1665,I4099,8177.0,8181.0,green,2
J1665,I4291,8551.0,8554.0,green,1
J1679,I3714,7377.0,7380.0,green,3
J1679,I3842,7622.0,7625.0,green,3
J871,I2508,4718.0,4723.0,green,1
J871,I2840,5470.0,5473.0,green,2
J871,I3019,5868.0,5869.0,brown,1
J1212,I2908,5646.0,5647.0,green,1
J1212,I3004,5832.0,5836.0,green,2
J1212,I4604,9141.0,9147.0,green,1
J316,I1116,1905.0,1908.0,green,1
J316,I1208,2058.0,2063.0,green,1
J316,I2092,3897.0,3900.0,green,1
J316,I2276,4233.0,4242.0,green,3
J821,I2066,3834.0,3836.0,green,1
J821,I2418,4518.0,4522.0,green,1
J1799,I2515,4731.0,4732.0,green,1
J1799,I2611,4940.0,4943.0,brown,2
J1799,I2803,5377.0,5389.0,green,1
J1799,I5011,9950.0,9956.0,green,1
J1799,I5371,10613.0,10614.0,green,1
J527,I1744,3103.0,3104.0,green,1
J527,I1808,3263.0,3264.0,green,1
J527,I2096,3904.0,3905.0,green,1
J527,I2128,3957.0,3961.0,green,1
J527,I3120,6090.0,6095.0,green,2
J432,I1300,2255.0,2257.0,green,1
J432,I1364,2375.0,2376.0,green,1
J432,I1396,2441.0,2442.0,brown,1
J432,I1652,2934.0,2936.0,brown,1
J544,I2803,5377.0,5389.0,green,3
J966,I2088,3882.0,3887.0,green,3
J966,I2375,4428.0,4432.0,brown,1
J966,I2823,5429.0,5432.0,brown,1
J1194,I1198,2038.0,2040.0,brown,1
J1194,I3087,6008.0,6009.0,green,1
J1194,I4335,8637.0,8639.0,green,2
J1194,I5583,11008.0,11011.0,green,1
J1194,I5895,11513.0,11514.0,green,1
J1045,I443,664.0,665.0,green,1
J1045,I3227,6331.0,6333.0,green,1
J1045,I3295,6482.0,6483.0,green,1
J1045,I3387,6692.0,6695.0,green,2
J300,I820,1342.0,1345.0,green,3
J300,I852,1389.0,1392.0,green,1
J300,I2164,4025.0,4026.0,green,1
J300,I2276,4233.0,4242.0,green,1
J266,I684,1110.0,1113.0,green,3
J266,I1068,1800.0,1806.0,green,1
J266,I3148,6152.0,6154.0,brown,1
J266,I3404,6740.0,6744.0,green,1
J532,I2407,4502.0,4505.0,brown,2
J725,I1599,2827.0,2829.0,brown,2
J725,I1663,2952.0,2953.0,brown,1
J725,I3168,6216.0,6218.0,green,1
J725,I3936,7834.0,7836.0,green,1
J1672,I4922,9778.0,9780.0,brown,1
J1672,I4954,9830.0,9832.0,brown,1
J1672,I4986,9913.0,9917.0,brown,1
J1822,I4040,8033.0,8034.0,green,1
J1822,I4072,8114.0,8117.0,green,2
J1822,I4136,8261.0,8264.0,green,2
J1414,I1766,3151.0,3173.0,green,5
J1414,I4498,8932.0,8936.0,green,1
J241,I770,1257.0,1258.0,green,1
J241,I794,1299.0,1302.0,green,1
J241,I834,1366.0,1368.0,green,1
J241,I866,1415.0,1416.0,green,1
J241,I906,1478.0,1487.0,green,2
J1203,I842,1377.0,1379.0,brown,2
J1203,I3338,6582.0,6585.0,brown,1
J1203,I5002,9938.0,9939.0,brown,1
J1196,I223,306.0,307.0,brown,1
J1196,I319,456.0,459.0,brown,1
J442,I905,1475.0,1478.0,green,1
J442,I1353,2356.0,2360.0,green,1
J442,I2345,4376.0,4378.0,green,1
J442,I2505,4707.0,4714.0,green,2
J1572,I4913,9757.0,9759.0,green,2
J1572,I4945,9817.0,9819.0,green,1
J1572,I5297,10475.0,10478.0,green,2
J563,I1690,2995.0,2996.0,green,1
J563,I1786,3212.0,3214.0,green,2
J977,I892,1457.0,1460.0,brown,2
J977,I3101,6046.0,6052.0,green,2
J977,I4157,8308.0,8309.0,green,1
J61,I540,845.0,848.0,green,3
J61,I556,875.0,882.0,green,1
J1985,I4275,8527.0,8528.0,green,1
J1985,I4339,8642.0,8644.0,green,1
J1985,I5555,10948.0,10949.0,green,1
J1985,I6067,11777.0,11778.0,green,1
J1985,I6171,11949.0,11951.0,green,1
J1037,I2123,3950.0,3952.0,brown,1
J1037,I2188,4077.0,4079.0,green,1
J1037,I3275,6425.0,6426.0,brown,1
J1037,I4428,8802.0,8803.0,green,1
J1037,I4716,9401.0,9406.0,green,1
J1037,I4852,9635.0,9639.0,green,1
J640,I1820,3292.0,3294.0,brown,2
J640,I2812,5406.0,5407.0,brown,1
J640,I3549,7041.0,7045.0,green,2
J1165,I1339,2328.0,2330.0,brown,2
J1165,I1499,2633.0,2636.0,brown,1
J1165,I4956,9835.0,9847.0,green,2
J1165,I5748,11273.0,11274.0,green,1
J693,I1668,2960.0,2962.0,green,2
J693,I2072,3842.0,3847.0,green,1
J693,I2180,4061.0,4065.0,green,1
J549,I532,828.0,830.0,green,1
J549,I660,1073.0,1075.0,green,2
J549,I2954,5736.0,5738.0,green,2
J1356,I5372,10614.0,10615.0,green,1
J1356,I5660,11134.0,11136.0,green,2
J1356,I5788,11339.0,11344.0,green,2
J1344,I3317,6542.0,6543.0,green,1
J1344,I3413,6761.0,6762.0,green,1
J1344,I4085,8150.0,8151.0,green,1
J1344,I4437,8816.0,8834.0,green,1
J1855,I3416,6765.0,6769.0,brown,2
J1855,I4249,8474.0,8475.0,green,1
J1855,I5673,11156.0,11158.0,green,2
J782,I2298,4277.0,4279.0,green,1
J782,I2394,4466.0,4467.0,green,1
J782,I2554,4825.0,4830.0,green,4
J1852,I712,1159.0,1160.0,brown,1
J1852,I5609,11047.0,11048.0,green,1
J1348,I3985,7930.0,7932.0,green,1
J1348,I4049,8049.0,8052.0,green,2
J1348,I4881,9697.0,9698.0,green,1
J1348,I4945,9817.0,9819.0,green,1
J1348,I5143,10179.0,10183.0,green,1
J228,I771,1258.0,1260.0,green,1
J228,I2402,4484.0,4488.0,brown,1
J228,I2787,5346.0,5349.0,green,2
J228,I3459,6851.0,6853.0,green,2
J870,I852,1389.0,1392.0,green,2
J870,I2680,5097.0,5098.0,green,1
J211,I5064,10045.0,10047.0,brown,1
J211,I5485,10808.0,10810.0,green,1
J211,I5549,10930.0,10934.0,green,2
J1897,I2768,5292.0,5296.0,green,2
J1897,I5904,11525.0,11526.0,green,1
J1897,I5940,11588.0,11590.0,green,2
J1897,I5970,11631.0,11632.0,green,1
J845,I2734,5217.0,5223.0,green,1
J845,I4686,9321.0,9324.0,green,1
J845,I6078,11798.0,11800.0,green,1
J524,I424,619.0,620.0,green,1
J524,I808,1319.0,1322.0,green,3
J524,I968,1596.0,1601.0,green,1
J524,I1320,2292.0,2293.0,green,1
J543,I623,1004.0,1005.0,brown,1
J543,I3216,6314.0,6317.0,green,1
J543,I3312,6521.0,6524.0,green,1
J543,I5072,10058.0,10059.0,green,1
J543,I5392,10657.0,10658.0,green,1
J1298,I3850,7639.0,7641.0,green,1
J1298,I3978,7918.0,7920.0,green,1
J1298,I4074,8120.0,8132.0,green,3
J289,I722,1171.0,1172.0,brown,1
J289,I1715,3054.0,3055.0,green,1
J289,I3635,7219.0,7222.0,green,1
J1788,I489,738.0,739.0,brown,1
J1788,I1290,2226.0,2231.0,green,1
J1788,I3562,7066.0,7070.0,green,1
J1788,I5294,10467.0,10472.0,green,1
J1788,I5339,10551.0,10552.0,green,1
J1788,I5418,10696.0,10697.0,green,1
J274,I922,1514.0,1515.0,green,1
J274,I1082,1836.0,1838.0,green,1
J274,I2970,5768.0,5770.0,brown,2
J274,I4826,9582.0,9586.0,green,1
J274,I4871,9679.0,9683.0,green,1
J282,I889,1454.0,1455.0,green,1
J282,I921,1512.0,1514.0,green,2
J282,I1209,2063.0,2066.0,green,1
J31,I44,52.0,55.0,green,3
J31,I52,65.0,66.0,brown,1
J31,I108,152.0,153.0,brown,1
J31,I172,230.0,232.0,green,1
J1018,I2850,5492.0,5502.0,green,1
J1018,I2910,5648.0,5652.0,green,3
J1018,I2958,5746.0,5747.0,green,1
J1070,I1877,3406.0,3409.0,green,2
J1070,I2037,3788.0,3792.0,green,1
J1070,I2133,3967.0,3972.0,green,1
J1070,I3093,6029.0,6032.0,brown,1
J1070,I3477,6886.0,6887.0,brown,1
J1122,I2621,4956.0,4958.0,brown,1
J1122,I2654,5023.0,5029.0,green,1
J993,I2463,4618.0,4622.0,brown,1
J993,I2464,4622.0,4624.0,green,2
J993,I2496,4690.0,4693.0,green,3
J1030,I1478,2587.0,2588.0,brown,1
J1030,I1574,2776.0,2779.0,brown,2
J1030,I4999,9933.0,9934.0,green,1
J1671,I3101,6046.0,6052.0,green,1
J1671,I3196,6274.0,6276.0,brown,1
J1671,I5085,10076.0,10079.0,green,1
J1671,I5149,10189.0,10190.0,green,1
J350,I646,1052.0,1053.0,brown,1
J350,I710,1154.0,1158.0,brown,1
J350,I1863,3366.0,3370.0,green,2
J475,I1518,2675.0,2676.0,green,1
J475,I2190,4080.0,4082.0,green,1
J475,I2430,4548.0,4554.0,green,1
J1439,I3589,7114.0,7118.0,green,4
J1439,I4229,8431.0,8436.0,green,1
J641,I1712,3040.0,3044.0,green,3
J641,I1776,3192.0,3194.0,green,1
J641,I2792,5353.0,5354.0,green,1
J641,I2968,5765.0,5766.0,green,1
J767,I1187,2023.0,2026.0,green,1
J767,I2722,5184.0,5188.0,brown,1
J426,I1306,2265.0,2270.0,green,3
J426,I1326,2306.0,2307.0,green,1
J426,I1366,2379.0,2384.0,green,2
J865,I2645,4996.0,4998.0,green,2
J865,I2677,5093.0,5094.0,brown,1
J865,I2709,5168.0,5169.0,brown,1
J865,I2741,5242.0,5244.0,brown,2
J1763,I2057,3824.0,3825.0,brown,1
J1763,I2698,5131.0,5138.0,green,1
J1763,I2985,5794.0,5795.0,brown,1
J1763,I5322,10522.0,10525.0,green,1
J1763,I5354,10578.0,10580.0,green,1
J1763,I5752,11278.0,11284.0,green,1
J1712,I1605,2838.0,2839.0,brown,1
J1712,I3302,6496.0,6500.0,green,1
J1712,I4485,8913.0,8914.0,brown,1
J1712,I4614,9159.0,9163.0,green,2
J1712,I5158,10202.0,10205.0,green,1
J1036,I2913,5658.0,5665.0,green,2
J1036,I2944,5719.0,5721.0,brown,2
J389,I749,1217.0,1221.0,green,2
J389,I1517,2673.0,2675.0,green,2
J1224,I2876,5558.0,5563.0,green,2
J1224,I3292,6470.0,6472.0,green,1
J1224,I3612,7164.0,7166.0,green,1
J36,I122,169.0,170.0,brown,1
J36,I218,300.0,302.0,brown,1
J36,I282,392.0,393.0,brown,1
J36,I3611,7163.0,7164.0,green,1
J36,I3707,7365.0,7367.0,green,2
J364,I1159,1977.0,1979.0,green,1
J364,I1187,2023.0,2026.0,green,1
J364,I1255,2173.0,2176.0,green,1
J364,I1439,2512.0,2514.0,green,2
J364,I1539,2716.0,2719.0,brown,1
J1258,I2545,4802.0,4804.0,brown,2
J1258,I3026,5878.0,5887.0,green,4
J168,I383,557.0,559.0,brown,1
J168,I4648,9231.0,9242.0,green,1
J1138,I2808,5398.0,5399.0,brown,1
J1138,I2841,5473.0,5475.0,green,1
J1138,I3192,6269.0,6270.0,brown,1
J1459,I2474,4648.0,4650.0,green,1
J1459,I2538,4787.0,4789.0,green,1
J1459,I2602,4923.0,4926.0,green,1
J1170,I997,1657.0,1663.0,green,2
J1170,I4389,8741.0,8742.0,green,1
J1104,I437,650.0,652.0,green,1
J1104,I468,701.0,702.0,brown,1
J1104,I1812,3272.0,3273.0,brown,1
J1104,I3679,7307.0,7310.0,green,1
J1588,I3329,6561.0,6563.0,green,1
J1588,I3457,6848.0,6850.0,green,2
J1588,I3521,6988.0,6990.0,green,1
J1588,I3809,7555.0,7562.0,green,2
J801,I2166,4027.0,4029.0,green,1
J801,I2230,4156.0,4159.0,green,2
J801,I2805,5391.0,5393.0,brown,1
J801,I3154,6181.0,6184.0,green,1
J5,I529,822.0,823.0,green,1
J5,I3985,7930.0,7932.0,green,1
J5,I4241,8459.0,8461.0,green,2
J1705,I3023,5874.0,5875.0,brown,1
J1705,I3056,5949.0,5952.0,green,3
J1705,I3504,6965.0,6966.0,brown,1
J1705,I5168,10227.0,10228.0,green,1
J1562,I4129,8242.0,8246.0,green,1
J1562,I5217,10318.0,10321.0,green,1
J1168,I414,606.0,607.0,brown,1
J1168,I2655,5029.0,5034.0,green,2
J1168,I5663,11140.0,11141.0,green,1
J1168,I6055,11760.0,11761.0,green,1
J366,I1219,2088.0,2089.0,brown,1
J366,I1220,2089.0,2094.0,green,2
J366,I1251,2163.0,2165.0,brown,1
J366,I1540,2719.0,2721.0,green,1
J907,I1632,2885.0,2887.0,green,2
J907,I2080,3862.0,3865.0,green,3
J1316,I3397,6717.0,6720.0,green,3
J1096,I394,573.0,575.0,brown,1
J1096,I458,687.0,690.0,brown,2
J1096,I1963,3611.0,3615.0,green,1
J1096,I3083,5997.0,6004.0,green,1
J1096,I4063,8095.0,8098.0,green,1
J929,I2419,4522.0,4528.0,green,1
J929,I2898,5627.0,5631.0,brown,1
J929,I3379,6680.0,6681.0,green,1
J929,I3727,7415.0,7417.0,green,2
J1922,I4245,8469.0,8470.0,brown,1
J1922,I4341,8655.0,8656.0,brown,1
J1922,I4342,8656.0,8657.0,green,1
J1922,I4694,9347.0,9349.0,green,2
J1922,I5990,11665.0,11666.0,green,1
J138,I225,308.0,309.0,brown,1
J138,I2146,3990.0,3994.0,green,1
J138,I3346,6604.0,6607.0,green,3
J138,I3778,7497.0,7499.0,brown,1
J1388,I2413,4510.0,4512.0,brown,2
J1388,I3502,6961.0,6963.0,green,2
J1300,I3912,7772.0,7784.0,green,1
J1300,I4456,8864.0,8866.0,green,1
J1300,I5480,10797.0,10799.0,green,1
J1300,I5580,11001.0,11003.0,green,2
J1300,I5610,11048.0,11049.0,green,1
J938,I1079,1827.0,1828.0,brown,1
J938,I4056,8076.0,8080.0,green,2
J1698,I4340,8644.0,8655.0,green,1
J1529,I3840,7618.0,7620.0,brown,2
J1529,I3969,7905.0,7907.0,green,1
J1529,I4192,8370.0,8372.0,brown,2
J461,I419,611.0,612.0,green,1
J461,I643,1043.0,1045.0,green,1
J461,I707,1149.0,1150.0,green,1
J461,I1603,2832.0,2836.0,green,2
J937,I1736,3090.0,3092.0,brown,1
J937,I3881,7700.0,7705.0,green,1
J937,I3913,7784.0,7785.0,green,1
J937,I4967,9870.0,9883.0,green,2
J937,I5321,10519.0,10522.0,green,1
J1304,I1960,3599.0,3606.0,green,2
J1304,I2248,4184.0,4188.0,green,1
J1304,I2631,4969.0,4972.0,brown,2
J1304,I2984,5790.0,5794.0,green,1
J186,I1006,1680.0,1684.0,green,4
J186,I1384,2418.0,2420.0,green,1
J925,I714,1161.0,1163.0,brown,2
J925,I3006,5840.0,5842.0,brown,1
J925,I3358,6631.0,6632.0,brown,1
J674,I2167,4029.0,4030.0,green,1
J674,I2199,4093.0,4094.0,brown,1
J674,I2263,4209.0,4211.0,green,2
J674,I2295,4274.0,4275.0,green,1
J674,I3033,5906.0,5908.0,brown,1
J1845,I2487,4669.0,4670.0,brown,1
J1845,I2552,4815.0,4822.0,green,1
J1845,I2584,4891.0,4893.0,green,1
J1845,I6200,11984.0,11987.0,green,1
J1845,I6206,11993.0,11994.0,green,1
J1845,I6209,11996.0,11997.0,green,1
J575,I1748,3113.0,3114.0,green,1
J575,I1940,3551.0,3560.0,green,1
J575,I3828,7597.0,7598.0,green,1
J575,I4340,8644.0,8655.0,green,1
J22,I178,241.0,244.0,green,3
J22,I530,823.0,827.0,green,1
J928,I2914,5665.0,5666.0,brown,1
J928,I3506,6967.0,6968.0,green,1
J1405,I1390,2428.0,2432.0,brown,1
J1405,I5039,9998.0,10001.0,green,1
J1405,I5583,11008.0,11011.0,green,1
J602,I1657,2945.0,2947.0,brown,2
J602,I3257,6398.0,6399.0,brown,1
J602,I3993,7942.0,7943.0,brown,1
J602,I4250,8475.0,8483.0,green,1
J602,I4297,8564.0,8568.0,brown,1
J943,I2272,4223.0,4226.0,brown,2
J943,I3121,6095.0,6102.0,green,1
J943,I3569,7086.0,7087.0,green,1
J1394,I2778,5330.0,5333.0,green,1
J1394,I4570,9068.0,9072.0,green,1
J295,I784,1277.0,1279.0,green,2
J295,I848,1385.0,1386.0,green,1
J295,I976,1614.0,1620.0,green,2
J295,I1008,1686.0,1687.0,green,1
J743,I2398,4477.0,4480.0,brown,1
J743,I2552,4815.0,4822.0,green,2
J1891,I3804,7546.0,7548.0,brown,2
J1891,I4413,8779.0,8780.0,green,1
J1891,I4637,9208.0,9210.0,green,2
J1886,I1711,3038.0,3040.0,green,1
J1886,I6019,11709.0,11710.0,green,1
J1886,I6021,11714.0,11717.0,green,2
J726,I1058,1777.0,1779.0,green,2
J726,I3906,7754.0,7759.0,green,2
J1321,I1771,3178.0,3179.0,brown,1
J1321,I1899,3451.0,3452.0,brown,1
J1321,I2123,3950.0,3952.0,brown,1
J1989,I3104,6057.0,6059.0,green,2
J1989,I5952,11604.0,11607.0,green,2
J1989,I6112,11854.0,11856.0,green,1
J1989,I6144,11907.0,11908.0,green,1
J427,I1138,1942.0,1945.0,green,1
J427,I1234,2127.0,2129.0,green,1
J427,I1714,3050.0,3054.0,green,1
J427,I2385,4447.0,4450.0,brown,1
J1178,I2847,5487.0,5489.0,brown,2
J1178,I5320,10517.0,10519.0,green,2
J923,I1765,3149.0,3151.0,green,2
J923,I1797,3231.0,3232.0,brown,1
J923,I1989,3674.0,3677.0,green,1
J209,I355,512.0,513.0,green,1
J209,I557,882.0,887.0,green,1
J209,I631,1017.0,1018.0,green,1
J209,I643,1043.0,1045.0,green,1
J209,I843,1379.0,1381.0,green,1
J209,I867,1416.0,1418.0,green,1
J644,I1980,3660.0,3663.0,green,1
J644,I2171,4035.0,4037.0,brown,2
J644,I2652,5019.0,5020.0,green,1
J644,I3452,6835.0,6837.0,green,2
J780,I2774,5304.0,5315.0,green,2
J1150,I3383,6686.0,6688.0,brown,2
J1150,I3384,6688.0,6690.0,green,1
J1305,I2176,4053.0,4057.0,green,1
J1305,I2335,4348.0,4351.0,brown,2
J1305,I2752,5261.0,5263.0,green,1
J1305,I3632,7215.0,7216.0,green,1
J975,I1606,2839.0,2843.0,green,1
J975,I1973,3641.0,3643.0,brown,1
J975,I2726,5194.0,5200.0,green,1
J975,I3701,7352.0,7355.0,brown,1
J1223,I1184,2018.0,2020.0,brown,1
J1223,I2017,3734.0,3741.0,green,1
J1223,I5569,10971.0,10973.0,green,1
J1890,I5683,11171.0,11177.0,green,3
J1890,I5843,11425.0,11427.0,green,1
J970,I2923,5676.0,5678.0,brown,1
J970,I3372,6660.0,6665.0,green,1
J970,I3660,7276.0,7283.0,green,2
J970,I5260,10396.0,10398.0,green,1
J970,I6148,11914.0,11915.0,green,1
J1418,I3365,6642.0,6644.0,green,2
J1418,I3717,7388.0,7395.0,green,4
J984,I2888,5593.0,5600.0,green,3
J1132,I2404,4489.0,4490.0,green,1
J1132,I2468,4628.0,4630.0,green,1
J554,I1253,2170.0,2172.0,green,2
J554,I1509,2659.0,2660.0,brown,1
J554,I2501,4698.0,4701.0,green,1
J554,I4101,8182.0,8183.0,brown,1
J817,I1481,2595.0,2596.0,green,1
J817,I1545,2726.0,2728.0,brown,1
J817,I3465,6866.0,6867.0,brown,1
J1463,I4687,9324.0,9326.0,green,2
J1463,I5711,11217.0,11219.0,green,1
J1463,I6015,11700.0,11701.0,green,1
J1463,I6111,11853.0,11854.0,green,1
J1463,I6127,11880.0,11881.0,green,1
J1392,I3609,7159.0,7162.0,green,3
J1392,I4121,8225.0,8228.0,green,1
J1392,I4217,8411.0,8412.0,brown,1
J1392,I5901,11522.0,11523.0,green,1
J232,I633,1019.0,1020.0,green,1
J232,I665,1082.0,1083.0,green,1
J232,I697,1130.0,1132.0,green,1
J232,I1241,2146.0,2148.0,green,1
J232,I2329,4339.0,4340.0,brown,1
J1071,I917,1506.0,1508.0,brown,1
J1071,I1205,2051.0,2052.0,brown,1
J1071,I1878,3409.0,3414.0,green,2
J1071,I4406,8767.0,8772.0,green,1
J1071,I4534,9005.0,9007.0,green,1
J38,I16,19.0,21.0,green,2
J38,I24,29.0,30.0,brown,1
J38,I48,60.0,62.0,green,1
J38,I496,754.0,755.0,brown,1
J38,I3792,7521.0,7524.0,green,1
J700,I1353,2356.0,2360.0,green,1
J700,I5607,11044.0,11046.0,green,1
J700,I5741,11260.0,11261.0,green,1
J1208,I3115,6075.0,6080.0,green,3
J1208,I4266,8508.0,8509.0,brown,1
J1208,I4971,9890.0,9891.0,green,1
J1065,I3915,7787.0,7792.0,brown,2
J1065,I5906,11527.0,11533.0,green,2
J242,I363,524.0,525.0,green,1
J242,I619,994.0,999.0,green,4
J551,I2266,4213.0,4214.0,brown,1
J1539,I3123,6108.0,6110.0,green,1
J1539,I3922,7804.0,7807.0,brown,1
J1539,I4867,9665.0,9668.0,green,1
J1603,I4573,9077.0,9082.0,green,5
J1603,I5789,11344.0,11345.0,green,1
J1520,I1762,3144.0,3146.0,brown,1
J1520,I2691,5115.0,5116.0,green,1
J1520,I4195,8375.0,8378.0,green,1
J1520,I4907,9743.0,9744.0,green,1
J1520,I5307,10494.0,10495.0,green,1
J658,I1519,2676.0,2677.0,green,1
J658,I1711,3038.0,3040.0,green,1
J658,I1807,3258.0,3263.0,green,3
J658,I1967,3628.0,3634.0,green,1
J263,I912,1496.0,1497.0,green,1
J263,I2448,4593.0,4595.0,green,1
J263,I2846,5485.0,5487.0,green,1
J159,I1876,3404.0,3406.0,green,1
J159,I5364,10599.0,10602.0,green,1
J159,I5492,10819.0,10823.0,green,1
J1948,I4353,8676.0,8679.0,brown,1
J1948,I5954,11608.0,11610.0,green,2
J1592,I2109,3929.0,3930.0,brown,1
J1592,I2205,4100.0,4101.0,brown,1
J1592,I2269,4218.0,4221.0,brown,2
J1592,I4574,9082.0,9090.0,green,1
J1436,I4893,9715.0,9720.0,green,2
J1307,I1533,2703.0,2705.0,brown,2
J1307,I1565,2756.0,2757.0,brown,1
J1307,I1725,3069.0,3070.0,brown,1
J1307,I2365,4416.0,4418.0,brown,1
J1307,I3486,6930.0,6931.0,green,1
J1958,I2056,3822.0,3824.0,brown,1
J1958,I5481,10799.0,10802.0,green,1
J1958,I6021,11714.0,11717.0,green,1
J1885,I4712,9386.0,9387.0,green,1
J1885,I5480,10797.0,10799.0,green,1
J1885,I5864,11459.0,11461.0,green,2
J1885,I5868,11472.0,11474.0,green,2
J1639,I2846,5485.0,5487.0,green,1
J1639,I2910,5648.0,5652.0,green,1
J1639,I4670,9285.0,9289.0,green,2
J1639,I5374,10619.0,10621.0,green,1
J1384,I2452,4599.0,4600.0,brown,1
J1384,I4693,9345.0,9347.0,green,1
J1384,I4965,9864.0,9867.0,green,2
J1384,I5205,10303.0,10304.0,green,1
J1366,I2835,5462.0,5463.0,brown,1
J1366,I3156,6185.0,6186.0,green,1
J1366,I3412,6758.0,6761.0,green,2
J1366,I3988,7934.0,7937.0,green,2
J1242,I2828,5447.0,5448.0,brown,1
J1242,I2829,5448.0,5449.0,green,1
J1242,I2893,5609.0,5612.0,brown,1
J1242,I3117,6087.0,6088.0,green,1
J1242,I3213,6310.0,6311.0,green,1
J1242,I4685,9320.0,9321.0,green,1
J562,I719,1168.0,1169.0,brown,1
J562,I735,1190.0,1192.0,brown,1
J562,I751,1223.0,1224.0,brown,1
J562,I1072,1810.0,1814.0,green,1
J948,I2112,3934.0,3936.0,green,2
J948,I2304,4288.0,4289.0,brown,1
J948,I2528,4757.0,4760.0,green,1
J948,I3495,6943.0,6945.0,green,1
J948,I3524,6992.0,6993.0,brown,1
J1635,I4670,9285.0,9289.0,green,1
J1635,I5054,10024.0,10028.0,green,1
J1635,I5246,10370.0,10373.0,green,2
J85,I336,484.0,488.0,green,1
J1374,I2768,5292.0,5296.0,green,2
J1374,I2832,5455.0,5456.0,green,1
J1374,I2928,5684.0,5691.0,brown,3
J581,I606,970.0,973.0,brown,1
J581,I3647,7240.0,7242.0,green,1
J581,I5295,10472.0,10474.0,green,1
J581,I5343,10558.0,10560.0,green,2
J581,I5599,11029.0,11033.0,green,1
J495,I1736,3090.0,3092.0,brown,1
J495,I2025,3763.0,3766.0,green,1
J495,I3305,6506.0,6508.0,green,2
J495,I4969,9884.0,9889.0,green,1
J182,I354,510.0,512.0,green,1
J182,I3393,6709.0,6712.0,brown,1
J182,I4169,8329.0,8332.0,brown,1
J729,I2328,4338.0,4339.0,brown,1
J729,I2616,4949.0,4950.0,brown,1
J729,I2872,5541.0,5542.0,brown,1
J729,I4472,8889.0,8893.0,brown,1
J729,I5369,10608.0,10610.0,green,1
J729,I5977,11642.0,11643.0,green,1
J1654,I3702,7355.0,7357.0,green,2
J1654,I3862,7663.0,7665.0,green,2
J1654,I4022,7989.0,7996.0,green,2
J548,I1217,2076.0,2087.0,green,3
J548,I1729,3075.0,3077.0,green,2
J369,I4250,8475.0,8483.0,green,1
J369,I4506,8950.0,8953.0,green,2
J369,I6106,11847.0,11848.0,green,1
J1691,I5973,11634.0,11636.0,green,2
J1691,I6069,11780.0,11782.0,green,1
J1691,I6149,11915.0,11917.0,green,1
J1262,I3145,6149.0,6150.0,brown,1
J1262,I3273,6422.0,6423.0,brown,1
J1262,I3594,7134.0,7137.0,green,1
J1262,I4074,8120.0,8132.0,green,1
J1801,I902,1472.0,1473.0,brown,1
J1801,I2343,4369.0,4375.0,green,1
J367,I3551,7046.0,7047.0,brown,1
J367,I4960,9853.0,9854.0,green,1
J367,I5280,10434.0,10440.0,green,2
J367,I5894,11512.0,11513.0,green,1
J367,I5908,11537.0,11546.0,green,1
J1637,I3911,7763.0,7772.0,green,3
J1637,I3942,7846.0,7847.0,brown,1
J1637,I4038,8022.0,8026.0,brown,1
J360,I1057,1776.0,1777.0,green,1
J360,I1217,2076.0,2087.0,green,3
J360,I2049,3809.0,3811.0,green,1
J1770,I5389,10642.0,10653.0,green,2
J1286,I1766,3151.0,3173.0,green,1
J1286,I4294,8557.0,8560.0,green,1
J1286,I5158,10202.0,10205.0,green,1
J1286,I5322,10522.0,10525.0,green,1
J1526,I3792,7521.0,7524.0,green,1
J735,I2578,4878.0,4881.0,green,1
J735,I4178,8348.0,8351.0,green,2
J735,I4401,8760.0,8761.0,brown,1
J735,I5906,11527.0,11533.0,green,1
J1069,I1730,3077.0,3079.0,green,1
J1069,I2850,5492.0,5502.0,green,1
J1069,I4209,8396.0,8398.0,brown,1
J1069,I4353,8676.0,8679.0,brown,2
J1999,I6145,11908.0,11909.0,green,1
J1999,I6149,11915.0,11917.0,green,1
J1999,I6169,11945.0,11946.0,green,1
J1999,I6207,11994.0,11995.0,green,1
J465,I319,456.0,459.0,brown,1
J465,I415,607.0,608.0,brown,1
J465,I3136,6129.0,6131.0,green,2
J465,I3216,6314.0,6317.0,green,1
J973,I2305,4289.0,4290.0,brown,1
J973,I2401,4483.0,4484.0,brown,1
J973,I3105,6059.0,6060.0,brown,1
J973,I5222,10331.0,10332.0,green,1
J973,I5314,10511.0,10512.0,green,1
J973,I5890,11508.0,11509.0,green,1
J1432,I1498,2630.0,2633.0,brown,1
J1432,I2811,5401.0,5406.0,green,1
J1432,I5315,10512.0,10513.0,green,1
J1432,I5347,10566.0,10567.0,green,1
J1432,I5355,10580.0,10581.0,green,1
J1432,I5379,10627.0,10632.0,green,1
J887,I2341,4363.0,4368.0,green,1
J887,I2532,4770.0,4772.0,brown,1
J887,I2724,5190.0,5193.0,brown,3
J887,I3044,5922.0,5925.0,brown,1
J1047,I2431,4554.0,4558.0,brown,2
J1047,I2880,5571.0,5576.0,green,1
J1047,I3968,7902.0,7905.0,green,2
J1686,I3179,6241.0,6242.0,green,1
J1686,I3307,6510.0,6511.0,brown,1
J1686,I4011,7972.0,7973.0,brown,1
J1686,I4235,8448.0,8449.0,brown,1
J1686,I4779,9505.0,9507.0,brown,1
J1686,I5507,10846.0,10851.0,green,1
J912,I645,1050.0,1052.0,brown,1
J1005,I3051,5931.0,5934.0,green,1
J1005,I4715,9393.0,9401.0,green,1
J1005,I5851,11438.0,11443.0,green,1
J1005,I6053,11758.0,11759.0,green,1
J1005,I6094,11823.0,11828.0,green,1
J576,I890,1455.0,1456.0,brown,1
J576,I2875,5555.0,5558.0,green,1
J26,I297,417.0,419.0,green,1
J26,I393,572.0,573.0,green,1
J26,I617,989.0,992.0,green,1
J26,I812,1327.0,1330.0,green,1
J26,I969,1601.0,1603.0,green,1
J26,I1000,1666.0,1672.0,green,1
J1966,I2668,5067.0,5072.0,green,4
J1851,I2218,4134.0,4137.0,brown,1
J1851,I2986,5795.0,5796.0,brown,1
J1851,I4903,9734.0,9740.0,green,1
J1697,I1272,2196.0,2198.0,brown,1
J1697,I5337,10547.0,10549.0,green,1
J1697,I5785,11334.0,11337.0,green,1
J1504,I1732,3081.0,3084.0,brown,2
J1504,I2213,4123.0,4126.0,green,1
J1504,I5727,11239.0,11241.0,green,2
J1545,I3256,6397.0,6398.0,green,1
J1545,I3480,6891.0,6894.0,green,2
J1340,I2757,5271.0,5276.0,green,1
J1340,I3653,7251.0,7261.0,green,1
J1435,I1953,3581.0,3584.0,brown,1
J1435,I2146,3990.0,3994.0,green,1
J1435,I2434,4561.0,4564.0,green,1
J1645,I2794,5364.0,5365.0,brown,1
J1645,I3627,7195.0,7204.0,green,2
J1645,I4298,8568.0,8569.0,brown,1
J1645,I4458,8867.0,8869.0,brown,2
J480,I1610,2848.0,2850.0,brown,1
J480,I1675,2972.0,2973.0,green,1
J480,I2395,4467.0,4474.0,green,2
J480,I2671,5077.0,5084.0,green,2
J245,I1419,2474.0,2476.0,green,2
J245,I1483,2599.0,2601.0,green,1
J1400,I2419,4522.0,4528.0,green,1
J1400,I2482,4662.0,4664.0,brown,1
J1400,I3123,6108.0,6110.0,green,1
J1781,I872,1423.0,1424.0,brown,1
J1781,I2281,4249.0,4251.0,green,1
J1781,I5512,10862.0,10865.0,brown,1
J1781,I5769,11308.0,11309.0,green,1
J1781,I5865,11461.0,11466.0,green,1
J1961,I4406,8767.0,8772.0,green,2
J1961,I5462,10769.0,10771.0,green,1
J1500,I4080,8140.0,8141.0,green,1
J1500,I4112,8204.0,8213.0,green,3
J611,I1575,2779.0,2781.0,green,1
J611,I1799,3235.0,3237.0,green,2
J611,I3431,6789.0,6791.0,green,1
J1918,I5450,10741.0,10742.0,green,1
J1918,I5498,10831.0,10832.0,green,1
J1918,I5834,11410.0,11412.0,green,1
J1918,I5906,11527.0,11533.0,green,2
J1025,I1576,2781.0,2782.0,green,1
J1025,I1608,2844.0,2847.0,green,2
J1025,I1864,3370.0,3371.0,green,1
J1025,I4648,9231.0,9242.0,green,1
J91,I86,118.0,119.0,green,1
J91,I182,251.0,253.0,green,1
J343,I1157,1974.0,1975.0,green,1
J343,I2437,4567.0,4574.0,green,1
J343,I3359,6632.0,6634.0,green,1
J636,I2075,3851.0,3855.0,green,1
J636,I2843,5479.0,5482.0,green,1
J636,I3194,6272.0,6273.0,brown,1
J1455,I3894,7734.0,7735.0,green,1
J1455,I3958,7877.0,7884.0,green,3
J1509,I3847,7630.0,7632.0,green,1
J1509,I3911,7763.0,7772.0,green,1
J728,I2539,4789.0,4790.0,green,1
J728,I3243,6368.0,6369.0,brown,1
J728,I3979,7920.0,7924.0,green,3
J728,I4251,8483.0,8484.0,brown,1
J1772,I2928,5684.0,5691.0,brown,3
J1772,I5265,10404.0,10407.0,green,1
J1772,I5873,11481.0,11484.0,green,1
J1772,I5913,11550.0,11551.0,green,1
J1133,I375,547.0,548.0,brown,1
J1133,I3544,7029.0,7033.0,green,1
J1133,I3928,7816.0,7821.0,green,3
J1133,I5816,11381.0,11383.0,green,1
J1699,I3923,7807.0,7808.0,green,1
J1699,I4691,9331.0,9338.0,green,1
J1699,I5811,11373.0,11374.0,green,1
J1699,I5939,11585.0,11588.0,green,3
J1859,I3674,7300.0,7301.0,brown,1
J1505,I4050,8052.0,8055.0,green,3
J1505,I4498,8932.0,8936.0,green,1
J1612,I2226,4145.0,4152.0,green,2
J1612,I2258,4200.0,4202.0,green,1
J1612,I4849,9627.0,9628.0,brown,1
J1995,I2840,5470.0,5473.0,green,1
J1995,I3127,6114.0,6116.0,brown,1
J1995,I3160,6191.0,6194.0,green,1
J1995,I3703,7357.0,7359.0,brown,2
J1995,I6173,11952.0,11953.0,green,1
J1161,I1013,1693.0,1697.0,green,1
J1161,I2325,4335.0,4336.0,green,1
J1161,I4741,9452.0,9453.0,green,1
J1054,I2527,4752.0,4757.0,brown,3
J45,I767,1252.0,1255.0,green,1
J45,I1119,1910.0,1912.0,green,2
J1468,I2055,3819.0,3822.0,brown,3
J1468,I2183,4069.0,4070.0,brown,1
J1468,I2535,4774.0,4776.0,brown,1
J1468,I5876,11486.0,11488.0,green,1
J1569,I4800,9540.0,9542.0,green,2
J1569,I5460,10760.0,10763.0,green,1
J1569,I5664,11141.0,11144.0,green,1
J1998,I4675,9302.0,9303.0,green,1
J1998,I6117,11860.0,11866.0,green,3
J171,I62,79.0,82.0,brown,2
J171,I1855,3354.0,3356.0,green,1
J171,I2079,3860.0,3862.0,green,1
J321,I818,1337.0,1340.0,green,3
J321,I882,1441.0,1442.0,green,1
J776,I1758,3133.0,3136.0,brown,2
J776,I2015,3726.0,3733.0,green,3
J776,I2110,3930.0,3931.0,brown,1
J1550,I1667,2957.0,2960.0,brown,1
J1550,I3588,7112.0,7114.0,green,1
J1550,I4868,9668.0,9672.0,green,2
J947,I1298,2251.0,2254.0,green,2
J947,I1394,2439.0,2440.0,green,1
J1792,I1937,3538.0,3545.0,green,2
J1792,I3121,6095.0,6102.0,green,1
J1792,I3697,7342.0,7347.0,green,2
J403,I776,1265.0,1267.0,brown,1
J403,I809,1322.0,1323.0,green,1
J403,I905,1475.0,1478.0,green,1
J403,I1097,1866.0,1873.0,green,2
J403,I2857,5513.0,5519.0,green,1
J521,I48,60.0,62.0,green,1
J521,I400,580.0,583.0,green,2
J521,I2816,5413.0,5417.0,green,3
J1490,I2083,3870.0,3875.0,green,1
J1490,I5507,10846.0,10851.0,green,3
J1764,I477,716.0,717.0,brown,1
J1764,I3614,7169.0,7174.0,green,1
J1764,I4222,8420.0,8421.0,green,1
J1764,I5735,11252.0,11253.0,green,1
J1764,I5766,11305.0,11306.0,green,1
J1173,I2405,4490.0,4494.0,green,1
J1173,I2436,4565.0,4567.0,brown,2
J1173,I2532,4770.0,4772.0,brown,1
J1173,I4229,8431.0,8436.0,green,2
J1121,I2495,4689.0,4690.0,green,1
J1121,I2655,5029.0,5034.0,green,1
J1121,I4039,8026.0,8033.0,green,1
J669,I1217,2076.0,2087.0,green,5
J1954,I3887,7719.0,7724.0,green,1
J1954,I3919,7799.0,7802.0,green,3
J1954,I4047,8045.0,8048.0,green,1
J1954,I6201,11987.0,11988.0,green,1
J1757,I6153,11920.0,11922.0,green,2
J1617,I3853,7645.0,7649.0,green,4
J517,I1749,3114.0,3116.0,green,1
J517,I4277,8529.0,8531.0,green,1
J1762,I4548,9029.0,9030.0,green,1
J1762,I4580,9097.0,9100.0,green,3
J1762,I4740,9445.0,9452.0,green,1
J823,I564,902.0,905.0,green,1
J823,I948,1558.0,1562.0,green,2
J823,I1076,1822.0,1824.0,green,1
J178,I377,549.0,550.0,brown,1
J178,I473,709.0,710.0,brown,1
J178,I1018,1705.0,1711.0,green,1
J178,I1082,1836.0,1838.0,green,1
J178,I3866,7671.0,7674.0,green,1
J178,I3880,7699.0,7700.0,green,1
J1776,I3834,7608.0,7609.0,brown,1
J1776,I4090,8160.0,8161.0,brown,1
J1776,I4986,9913.0,9917.0,brown,2
J1776,I5851,11438.0,11443.0,green,2
J909,I1900,3452.0,3459.0,brown,1
J909,I2221,4139.0,4141.0,green,1
J909,I3693,7329.0,7335.0,green,1
J1486,I681,1106.0,1108.0,brown,2
J1486,I970,1603.0,1606.0,green,2
J1486,I4714,9390.0,9393.0,green,2
J1221,I2509,4723.0,4725.0,green,2
J1221,I2573,4866.0,4869.0,green,2
J150,I602,962.0,963.0,green,1
J150,I1018,1705.0,1711.0,green,1
J1421,I581,928.0,929.0,brown,1
J1421,I1702,3022.0,3025.0,green,1
J1421,I1862,3365.0,3366.0,green,1
J1421,I2406,4494.0,4502.0,brown,1
J1421,I4870,9675.0,9679.0,green,1
J1564,I2699,5138.0,5143.0,green,3
J989,I2215,4128.0,4131.0,brown,2
J989,I2375,4428.0,4432.0,brown,1
J989,I3048,5928.0,5929.0,green,1
J1980,I5390,10653.0,10655.0,green,1
J1980,I5550,10934.0,10940.0,green,1
J1980,I5998,11676.0,11678.0,green,1
J1126,I3311,6516.0,6521.0,green,3
J148,I41,48.0,49.0,green,1
J148,I73,96.0,97.0,green,1
J148,I1369,2388.0,2399.0,green,2
J1842,I2774,5304.0,5315.0,green,1
J1842,I5558,10952.0,10953.0,green,1
J1255,I2586,4896.0,4897.0,green,1
J1255,I2650,5012.0,5013.0,brown,1
J1255,I2682,5099.0,5100.0,brown,1
J1255,I3482,6895.0,6905.0,green,2
J1255,I5146,10185.0,10186.0,green,1
J1912,I5502,10837.0,10839.0,green,1
J1912,I5630,11086.0,11088.0,green,1
J1912,I5722,11231.0,11232.0,green,1
J732,I703,1140.0,1141.0,green,1
J732,I1087,1852.0,1853.0,green,1
J732,I1279,2205.0,2210.0,green,1
J1229,I2844,5482.0,5484.0,green,1
J1229,I2876,5558.0,5563.0,green,3
J1229,I2940,5709.0,5714.0,green,2
J1906,I2071,3841.0,3842.0,brown,1
J1906,I6088,11811.0,11813.0,green,1
J1906,I6141,11901.0,11903.0,green,1
J1408,I1806,3254.0,3258.0,brown,1
J1408,I1807,3258.0,3263.0,green,2
J1408,I2191,4082.0,4083.0,green,1
J1408,I2223,4142.0,4143.0,green,1
J1408,I3911,7763.0,7772.0,green,1
J1729,I1626,2875.0,2876.0,brown,1
J1729,I2906,5642.0,5644.0,brown,1
J1729,I5275,10424.0,10426.0,green,1
J1729,I5519,10873.0,10876.0,green,1
J1402,I2765,5286.0,5288.0,green,2
J1402,I3149,6154.0,6158.0,green,4
J1499,I142,194.0,195.0,brown,1
J1499,I175,236.0,238.0,green,1
J1499,I431,630.0,636.0,green,3
J1499,I3471,6874.0,6879.0,green,1
J1725,I1080,1828.0,1835.0,green,3
J1816,I3491,6936.0,6937.0,brown,1
J1816,I3683,7313.0,7315.0,brown,2
J1816,I4068,8103.0,8106.0,green,2
J1816,I4740,9445.0,9452.0,green,1
J1380,I3100,6042.0,6046.0,green,4
J1380,I4620,9173.0,9175.0,green,1
J200,I209,288.0,291.0,green,2
J200,I881,1437.0,1441.0,green,2
J200,I3314,6530.0,6533.0,green,1
J64,I777,1267.0,1269.0,brown,1
J64,I3165,6212.0,6213.0,brown,1
J665,I604,966.0,968.0,brown,2
J665,I3549,7041.0,7045.0,green,1
J631,I1735,3088.0,3090.0,brown,1
J631,I1832,3313.0,3316.0,green,3
J631,I2664,5060.0,5064.0,green,1
J631,I2904,5639.0,5640.0,green,1
J1015,I1311,2275.0,2276.0,brown,1
J1015,I5056,10031.0,10034.0,green,3
J1015,I5088,10086.0,10087.0,green,1
J255,I354,510.0,512.0,green,1
J255,I2210,4115.0,4121.0,green,4
J255,I3558,7059.0,7062.0,green,1
J538,I232,319.0,320.0,green,1
J538,I296,413.0,417.0,green,4
J1882,I4098,8174.0,8177.0,green,1
J1882,I4130,8246.0,8248.0,green,1
J1882,I5122,10147.0,10149.0,green,1
J1649,I2708,5165.0,5168.0,green,3
J1649,I3092,6025.0,6029.0,green,1
J1401,I3628,7204.0,7207.0,green,3
J1401,I4332,8628.0,8631.0,green,1
J1401,I4620,9173.0,9175.0,green,1
J1401,I4648,9231.0,9242.0,green,1
J625,I664,1080.0,1082.0,green,2
J625,I4344,8658.0,8660.0,brown,1
J1979,I2279,4247.0,4248.0,brown,1
J1979,I2631,4969.0,4972.0,brown,1
J1979,I3015,5861.0,5864.0,brown,1
J1309,I1779,3196.0,3198.0,brown,1
J1309,I1876,3404.0,3406.0,green,1
J1309,I3763,7471.0,7473.0,brown,1
J1158,I2663,5057.0,5060.0,green,3
J1158,I3591,7123.0,7124.0,green,1
J1158,I3879,7696.0,7699.0,green,1
J1158,I4039,8026.0,8033.0,green,1
J1599,I2332,4344.0,4345.0,brown,1
J1599,I2461,4613.0,4615.0,green,1
J1599,I4220,8415.0,8418.0,brown,1
J1599,I4957,9847.0,9850.0,green,3
J123,I416,608.0,609.0,brown,1
J123,I1113,1902.0,1903.0,green,1
J123,I1426,2485.0,2490.0,green,1
J1483,I4218,8412.0,8413.0,brown,1
J1483,I4986,9913.0,9917.0,brown,1
J1483,I5083,10072.0,10074.0,green,1
J1737,I4187,8362.0,8364.0,green,2
J1828,I3348,6609.0,6614.0,green,3
J1828,I3380,6681.0,6682.0,green,1
J1828,I3444,6820.0,6823.0,brown,1
J1828,I4812,9562.0,9564.0,green,1
J904,I1504,2645.0,2650.0,green,5
J536,I504,771.0,777.0,green,4
J536,I3400,6724.0,6735.0,green,1
J93,I398,578.0,579.0,brown,1
J93,I559,892.0,897.0,green,1
J93,I1871,3390.0,3392.0,green,2
J93,I3343,6595.0,6597.0,green,1
J93,I4719,9410.0,9411.0,green,1
J1895,I3415,6764.0,6765.0,green,1
J1895,I3639,7226.0,7232.0,green,4
J1367,I1289,2224.0,2226.0,green,1
J1367,I1672,2966.0,2968.0,brown,1
J1367,I1992,3679.0,3681.0,brown,1
J1367,I4731,9428.0,9433.0,green,1
J1992,I1213,2071.0,2072.0,brown,1
J1992,I5790,11345.0,11347.0,green,1
J1992,I5886,11499.0,11501.0,green,1
J1992,I5918,11555.0,11556.0,green,1
J1992,I6078,11798.0,11800.0,green,1
J1992,I6190,11974.0,11975.0,green,1
J78,I287,401.0,402.0,green,1
J78,I447,668.0,670.0,green,2
J476,I2658,5043.0,5048.0,green,1
J476,I3170,6221.0,6226.0,green,3
J476,I4130,8246.0,8248.0,green,1
J476,I4673,9297.0,9300.0,brown,1
J1518,I1656,2940.0,2945.0,green,1
J1518,I2647,5005.0,5008.0,brown,1
J1518,I3896,7736.0,7740.0,green,1
J1518,I4088,8157.0,8159.0,green,1
J1909,I4622,9179.0,9183.0,brown,2
J1909,I4623,9183.0,9186.0,green,2
J1909,I5199,10287.0,10290.0,green,1
J1909,I6063,11770.0,11771.0,green,1
J1299,I2530,4762.0,4768.0,green,1
J1299,I2850,5492.0,5502.0,green,2
J1299,I3426,6779.0,6783.0,green,2
J954,I3088,6009.0,6010.0,green,1
J954,I3312,6521.0,6524.0,green,1
J954,I3600,7143.0,7144.0,brown,1
J1353,I2651,5013.0,5019.0,green,5
J1353,I3291,6468.0,6470.0,green,1
J1393,I3260,6403.0,6405.0,brown,1
J1393,I4188,8364.0,8366.0,brown,1
J1393,I4669,9281.0,9285.0,green,1
J1393,I5373,10615.0,10619.0,green,2
J1393,I5389,10642.0,10653.0,green,1
J347,I1875,3398.0,3404.0,green,3
J347,I3091,6018.0,6025.0,green,1
J347,I4827,9586.0,9588.0,green,2
J1804,I1031,1734.0,1735.0,brown,1
J1804,I1191,2030.0,2031.0,brown,1
J1804,I1479,2588.0,2590.0,brown,1
J1078,I1976,3646.0,3655.0,green,5
J1078,I2039,3793.0,3796.0,brown,1
J262,I261,366.0,368.0,brown,1
J262,I1766,3151.0,3173.0,green,3
J1354,I3854,7649.0,7650.0,green,1
J1354,I3918,7797.0,7799.0,green,2
J1163,I2098,3909.0,3911.0,brown,1
J1163,I3027,5887.0,5890.0,green,2
J1949,I2689,5110.0,5113.0,green,1
J1949,I6065,11772.0,11776.0,green,1
J1949,I6121,11869.0,11872.0,green,1
J841,I14,16.0,18.0,green,2
J841,I78,105.0,108.0,brown,1
J841,I1966,3624.0,3628.0,green,3
J310,I773,1261.0,1262.0,brown,1
J310,I837,1370.0,1372.0,brown,1
J310,I4842,9615.0,9620.0,green,1
J310,I4902,9730.0,9734.0,green,1
J1164,I136,187.0,188.0,brown,1
J1164,I521,808.0,810.0,green,1
J1164,I2569,4857.0,4860.0,green,2
J1164,I5257,10391.0,10392.0,green,1
J844,I680,1104.0,1106.0,brown,1
J844,I969,1601.0,1603.0,green,1
J844,I1097,1866.0,1873.0,green,1
J844,I1129,1928.0,1931.0,green,1
J844,I3881,7700.0,7705.0,green,1
J1186,I1802,3246.0,3247.0,green,1
J1186,I1898,3450.0,3451.0,green,1
J1186,I1962,3608.0,3611.0,green,2
J1186,I3658,7265.0,7272.0,green,1
J445,I1069,1806.0,1808.0,green,2
J445,I1101,1876.0,1877.0,brown,1
J445,I1229,2118.0,2120.0,green,2
J1710,I1136,1939.0,1940.0,green,1
J1710,I2320,4320.0,4322.0,green,1
J1710,I4784,9513.0,9515.0,green,1
J1710,I4880,9696.0,9697.0,green,1
J520,I290,406.0,407.0,brown,1
J520,I2275,4230.0,4233.0,green,1
J156,I347,502.0,503.0,green,1
J156,I507,780.0,782.0,green,2
J156,I2655,5029.0,5034.0,green,1
J436,I284,394.0,396.0,brown,1
J436,I3453,6837.0,6843.0,green,2
J436,I3485,6923.0,6930.0,green,1
J1813,I1210,2066.0,2068.0,green,2
J1019,I1726,3070.0,3071.0,brown,1
J1019,I1758,3133.0,3136.0,brown,1
J1019,I2302,4284.0,4287.0,brown,1
J1375,I2032,3777.0,3779.0,brown,1
J1375,I2033,3779.0,3780.0,green,1
J1375,I2129,3961.0,3962.0,green,1
J1375,I2641,4985.0,4989.0,green,1
J1375,I3250,6382.0,6386.0,brown,1
J1375,I5265,10404.0,10407.0,green,1
J555,I1910,3482.0,3483.0,brown,1
J555,I4182,8355.0,8357.0,brown,1
J555,I4919,9772.0,9773.0,green,1
J555,I5559,10953.0,10954.0,green,1
J1021,I937,1535.0,1537.0,green,1
J1021,I2697,5123.0,5131.0,green,1
J1021,I4857,9647.0,9648.0,green,1
J1714,I3630,7208.0,7211.0,green,1
J1714,I3917,7794.0,7797.0,brown,1
J1714,I5166,10222.0,10224.0,green,2
J108,I76,102.0,104.0,green,2
J108,I172,230.0,232.0,green,1
J108,I236,326.0,329.0,green,3
J1702,I2031,3774.0,3777.0,green,1
J1702,I2575,4870.0,4875.0,green,1
J1702,I3279,6431.0,6438.0,green,2
J1702,I5711,11217.0,11219.0,green,1
J956,I1025,1723.0,1725.0,brown,1
J410,I1295,2246.0,2248.0,brown,1
J410,I1455,2542.0,2543.0,brown,1
J410,I3344,6597.0,6603.0,green,1
J410,I5848,11435.0,11436.0,green,1
J667,I1100,1875.0,1876.0,green,1
J667,I1356,2363.0,2366.0,green,1
J667,I2604,4929.0,4930.0,green,1
J667,I2912,5657.0,5658.0,green,1
J1766,I6041,11740.0,11742.0,green,2
J1766,I6175,11954.0,11955.0,green,1
J1928,I5584,11011.0,11012.0,green,1
J1928,I5616,11055.0,11057.0,brown,1
J1928,I5712,11219.0,11220.0,green,1
J1928,I5808,11370.0,11371.0,green,1
J1928,I5840,11419.0,11421.0,green,1
J1928,I5968,11629.0,11630.0,green,1
J1461,I891,1456.0,1457.0,brown,1
J1461,I4476,8898.0,8903.0,green,1
J1461,I4572,9073.0,9077.0,green,2
J1461,I4892,9710.0,9715.0,green,1
J1331,I3332,6567.0,6573.0,green,6
J128,I264,371.0,372.0,brown,1
J128,I5161,10207.0,10210.0,green,1
J128,I5672,11154.0,11156.0,brown,1
J128,I5770,11309.0,11314.0,green,1
J511,I541,848.0,850.0,brown,2
J511,I702,1138.0,1140.0,green,1
J511,I1054,1768.0,1772.0,green,2
J511,I2206,4101.0,4104.0,green,1
J756,I539,839.0,845.0,green,3
J756,I2351,4390.0,4391.0,green,1
J919,I2797,5368.0,5369.0,brown,1
J919,I3054,5940.0,5942.0,green,1
J919,I3150,6158.0,6165.0,green,3
J708,I337,488.0,491.0,green,1
J708,I2145,3989.0,3990.0,green,1
J902,I937,1535.0,1537.0,green,1
J902,I2168,4030.0,4032.0,brown,2
J902,I2889,5600.0,5602.0,green,1
J1176,I2221,4139.0,4141.0,green,1
J1176,I2573,4866.0,4869.0,green,1
J1176,I3469,6871.0,6873.0,green,2
J1176,I4391,8745.0,8746.0,green,1
J1176,I5037,9996.0,9997.0,green,1
J170,I68,90.0,91.0,green,1
J170,I708,1150.0,1152.0,green,1
J170,I740,1196.0,1197.0,green,1
J170,I1380,2412.0,2414.0,green,1
J1551,I3768,7480.0,7482.0,brown,1
J1551,I4137,8264.0,8274.0,green,3
J1551,I4665,9275.0,9277.0,green,2
J1824,I5203,10297.0,10301.0,green,3
J1824,I5683,11171.0,11177.0,green,1
J169,I381,555.0,556.0,green,1
J169,I405,587.0,588.0,brown,1
J169,I605,968.0,970.0,brown,1
J169,I2589,4899.0,4903.0,green,1
J169,I2653,5020.0,5023.0,green,1
J169,I2674,5089.0,5090.0,green,1
J409,I864,1408.0,1409.0,green,1
J409,I5908,11537.0,11546.0,green,1
J482,I1600,2829.0,2830.0,brown,1
J482,I2209,4112.0,4115.0,green,1
J482,I5217,10318.0,10321.0,green,1
J482,I5633,11091.0,11092.0,green,1
J482,I5865,11461.0,11466.0,green,1
J482,I5985,11654.0,11655.0,green,1
J916,I1761,3138.0,3144.0,green,1
J916,I4448,8852.0,8853.0,brown,1
J1135,I3875,7686.0,7688.0,brown,1
J1135,I4140,8278.0,8281.0,green,3
J1153,I3241,6364.0,6365.0,green,1
J1153,I3593,7132.0,7134.0,green,1
J1153,I5001,9935.0,9938.0,green,2
J941,I2666,5065.0,5066.0,brown,1
J1024,I2471,4639.0,4641.0,green,2
J1024,I2823,5429.0,5432.0,brown,1
J1024,I3303,6500.0,6501.0,green,1
J1024,I5671,11153.0,11154.0,green,1
J1024,I6023,11718.0,11720.0,green,1
J547,I441,659.0,663.0,green,1
J547,I472,707.0,709.0,brown,1
J547,I952,1566.0,1567.0,brown,1
J547,I3300,6492.0,6493.0,brown,1
J547,I3460,6853.0,6855.0,brown,1
J547,I3492,6937.0,6938.0,brown,1
J1723,I2083,3870.0,3875.0,green,2
J1723,I5219,10322.0,10327.0,green,4
J622,I1279,2205.0,2210.0,green,1
J622,I1343,2334.0,2337.0,green,3
J462,I690,1120.0,1121.0,brown,1
J462,I2707,5162.0,5165.0,green,1
J462,I5779,11323.0,11327.0,green,2
J1701,I1589,2803.0,2808.0,green,1
J1701,I3541,7018.0,7024.0,green,1
J1701,I4709,9382.0,9384.0,green,1
J1701,I5275,10424.0,10426.0,green,1
J1701,I5499,10832.0,10834.0,green,1
J1655,I1238,2132.0,2133.0,brown,1
J1655,I1239,2133.0,2144.0,green,1
J1655,I1302,2258.0,2261.0,brown,1
J1655,I4727,9424.0,9425.0,green,1
J1642,I2492,4675.0,4677.0,brown,1
J1642,I2493,4677.0,4681.0,green,3
J1661,I2202,4097.0,4098.0,green,1
J1661,I2298,4277.0,4279.0,green,1
J1661,I2874,5553.0,5555.0,brown,1
J1661,I3482,6895.0,6905.0,green,2
J1661,I4570,9068.0,9072.0,green,1
J792,I743,1201.0,1203.0,green,2
J792,I1063,1785.0,1791.0,green,1
J792,I2136,3975.0,3976.0,green,1
J160,I1447,2527.0,2530.0,green,1
J160,I2023,3748.0,3754.0,green,1
J160,I2406,4494.0,4502.0,brown,2
J160,I3207,6294.0,6299.0,green,1
J160,I3487,6931.0,6932.0,green,1
J1790,I5310,10497.0,10499.0,green,1
J1790,I5479,10795.0,10797.0,green,2
J1790,I5630,11086.0,11088.0,green,1
J1785,I2727,5200.0,5205.0,green,1
J1785,I3110,6068.0,6070.0,brown,2
J1785,I3334,6576.0,6578.0,brown,1
J1785,I3366,6644.0,6646.0,brown,1
J1785,I3398,6720.0,6722.0,brown,1
J791,I1491,2622.0,2623.0,green,1
J791,I1587,2798.0,2801.0,green,3
J791,I1651,2932.0,2934.0,green,2
J1022,I2830,5449.0,5450.0,green,1
J1022,I3022,5871.0,5874.0,green,3
J1022,I3150,6158.0,6165.0,green,2
J655,I238,330.0,332.0,green,1
J655,I558,887.0,892.0,green,3
J655,I910,1491.0,1493.0,green,2
J1315,I1212,2070.0,2071.0,brown,1
J1315,I1404,2450.0,2452.0,brown,2
J1315,I5293,10466.0,10467.0,green,1
J1315,I5373,10615.0,10619.0,green,1
J1315,I5565,10960.0,10964.0,green,1
J1320,I2585,4893.0,4896.0,green,1
J1320,I2705,5151.0,5153.0,green,1
J1320,I3025,5876.0,5878.0,green,1
J1084,I181,248.0,251.0,brown,1
J1084,I261,366.0,368.0,brown,1
J1084,I645,1050.0,1052.0,brown,1
J1787,I2046,3804.0,3805.0,brown,1
J1787,I5983,11648.0,11650.0,green,1
J1149,I2381,4438.0,4440.0,green,2
J1800,I2662,5054.0,5057.0,green,3
J705,I1652,2934.0,2936.0,brown,1
J705,I4597,9124.0,9128.0,green,1
J496,I1619,2863.0,2865.0,brown,1
J496,I2580,4883.0,4885.0,green,1
J496,I2644,4991.0,4996.0,green,2
J496,I3092,6025.0,6029.0,green,1
J982,I3394,6712.0,6714.0,green,1
J982,I5025,9982.0,9983.0,brown,1
J587,I622,1002.0,1004.0,brown,2
J587,I3246,6374.0,6375.0,brown,1
J587,I4815,9566.0,9569.0,green,2
J936,I1414,2466.0,2468.0,green,1
J936,I1446,2526.0,2527.0,green,1
J936,I1606,2839.0,2843.0,green,1
J936,I3114,6074.0,6075.0,green,1
J1495,I3116,6080.0,6087.0,green,2
J1495,I3211,6306.0,6307.0,brown,1
J1495,I3372,6660.0,6665.0,green,2
J1495,I5810,11372.0,11373.0,green,1
J1756,I4264,8503.0,8507.0,green,1
J1756,I4328,8621.0,8624.0,green,3
J1756,I4648,9231.0,9242.0,green,2
J1574,I3173,6229.0,6232.0,green,2
J1574,I3205,6290.0,6291.0,green,1
J1574,I3301,6493.0,6496.0,green,1
J1574,I4869,9672.0,9675.0,green,1
J1629,I3101,6046.0,6052.0,green,2
J1629,I5501,10836.0,10837.0,green,1
J1629,I5565,10960.0,10964.0,green,1
J1667,I1735,3088.0,3090.0,brown,1
J1667,I2184,4070.0,4071.0,green,1
J1667,I5160,10206.0,10207.0,brown,1
J1667,I5832,11406.0,11408.0,green,1
J711,I1150,1964.0,1965.0,green,1
J711,I1614,2856.0,2857.0,green,1
J711,I1918,3493.0,3494.0,green,1
J711,I2494,4681.0,4689.0,green,1
J711,I2658,5043.0,5048.0,green,2
J578,I492,743.0,750.0,green,3
J578,I2340,4361.0,4363.0,green,2
J578,I2348,4382.0,4386.0,green,1
J179,I718,1167.0,1168.0,brown,1
J179,I3310,6514.0,6516.0,brown,1
J179,I5167,10224.0,10227.0,green,1
J179,I5487,10811.0,10814.0,green,1
J557,I2656,5034.0,5041.0,green,3
J557,I5408,10681.0,10682.0,green,1
J557,I5568,10969.0,10971.0,green,1
J1899,I1540,2719.0,2721.0,green,1
J1899,I1571,2772.0,2774.0,brown,1
J1899,I1667,2957.0,2960.0,brown,1
J1899,I4740,9445.0,9452.0,green,1
J1032,I1017,1704.0,1705.0,green,1
J1032,I2393,4460.0,4466.0,green,1
J992,I2959,5747.0,5751.0,brown,1
J992,I3152,6168.0,6179.0,green,3
J992,I3439,6813.0,6815.0,brown,2
J706,I1218,2087.0,2088.0,green,1
J706,I1474,2576.0,2578.0,brown,1
J1765,I1027,1726.0,1728.0,green,1
J1765,I2467,4627.0,4628.0,green,1
J1765,I4995,9928.0,9929.0,green,1
J1765,I5363,10597.0,10599.0,green,2
J1754,I3092,6025.0,6029.0,green,1
J1754,I3348,6609.0,6614.0,green,2
J1754,I4692,9338.0,9345.0,green,1
J1754,I4820,9573.0,9575.0,green,1
J1754,I5908,11537.0,11546.0,green,1
J1621,I3618,7178.0,7183.0,brown,2
J1621,I3778,7497.0,7499.0,brown,1
J1621,I4099,8177.0,8181.0,green,2
J1577,I2047,3805.0,3808.0,green,2
J1577,I2238,4168.0,4169.0,brown,1
J1577,I2270,4221.0,4222.0,brown,1
J1577,I2302,4284.0,4287.0,brown,1
J1577,I5499,10832.0,10834.0,green,1
J1685,I2468,4628.0,4630.0,green,1
J1685,I2500,4696.0,4698.0,green,2
J1685,I2564,4849.0,4850.0,green,1
J1685,I2692,5116.0,5117.0,green,1
J1640,I4074,8120.0,8132.0,green,1
J1640,I4106,8189.0,8194.0,green,1
J1640,I5370,10610.0,10613.0,green,1
J687,I1084,1839.0,1848.0,green,1
J687,I2172,4037.0,4041.0,green,2
J687,I2556,4832.0,4833.0,green,1
J687,I2588,4898.0,4899.0,green,1
J736,I2342,4368.0,4369.0,green,1
J736,I2534,4773.0,4774.0,brown,1
J736,I2694,5118.0,5119.0,green,1
J736,I2774,5304.0,5315.0,green,2
J446,I437,650.0,652.0,green,1
J446,I629,1013.0,1014.0,green,1
J446,I1077,1824.0,1826.0,brown,1
J446,I1529,2699.0,2700.0,green,1
J839,I535,834.0,836.0,brown,1
J839,I1251,2163.0,2165.0,brown,1
J839,I1252,2165.0,2170.0,green,1
J839,I1699,3018.0,3020.0,brown,1
J839,I3122,6102.0,6108.0,green,2
J161,I1170,1993.0,1995.0,green,2
J161,I1458,2546.0,2547.0,green,1
J161,I1746,3109.0,3111.0,green,1
J161,I1810,3265.0,3269.0,green,1
J161,I2322,4323.0,4330.0,green,1
J609,I4993,9925.0,9927.0,brown,1
J609,I5570,10973.0,10981.0,green,1
J609,I5666,11145.0,11147.0,green,2
J609,I5762,11299.0,11301.0,green,1
J609,I6130,11884.0,11885.0,green,1
J1880,I5397,10662.0,10664.0,green,1
J1880,I5493,10823.0,10826.0,green,2
J1880,I5941,11590.0,11591.0,green,1
J1996,I1762,3144.0,3146.0,brown,1
J1996,I1954,3584.0,3586.0,brown,1
J1996,I1986,3669.0,3670.0,brown,1
J1996,I5283,10447.0,10454.0,green,1
J1996,I5443,10731.0,10732.0,green,1
J1996,I5955,11610.0,11611.0,green,1
J184,I491,740.0,743.0,green,1
J184,I586,935.0,937.0,brown,2
J184,I1387,2423.0,2425.0,green,1
J184,I2735,5223.0,5231.0,green,2
J1324,I2581,4885.0,4888.0,green,1
J1324,I2900,5633.0,5635.0,brown,1
J1324,I3189,6262.0,6264.0,green,2
J1324,I4437,8816.0,8834.0,green,1
J860,I2649,5010.0,5012.0,green,1
J860,I2777,5327.0,5330.0,green,3
J1046,I1769,3176.0,3177.0,brown,1
J1046,I2542,4796.0,4799.0,green,1
J1046,I3342,6593.0,6595.0,green,1
J1782,I3284,6446.0,6448.0,brown,1
J1782,I5237,10353.0,10357.0,green,1
J1782,I5493,10823.0,10826.0,green,1
J1326,I2982,5784.0,5789.0,green,1
J1326,I3238,6354.0,6360.0,green,3
J1326,I4421,8792.0,8795.0,brown,1
J1326,I5542,10912.0,10918.0,green,1
J1395,I1045,1753.0,1754.0,brown,1
J1395,I1237,2131.0,2132.0,brown,1
J1395,I2933,5697.0,5699.0,brown,1
J1395,I3350,6616.0,6619.0,green,1
J1395,I5622,11074.0,11075.0,green,1
J1395,I5862,11457.0,11458.0,green,1
J605,I441,659.0,663.0,green,2
J1815,I3680,7310.0,7311.0,green,1
J1815,I6208,11995.0,11996.0,green,1
J1576,I4432,8810.0,8811.0,green,1
J1576,I4504,8943.0,8949.0,green,1
J1576,I4640,9214.0,9217.0,green,1
J383,I1749,3114.0,3116.0,green,1
J383,I4437,8816.0,8834.0,green,3
J1896,I4666,9277.0,9278.0,green,1
J1896,I4762,9479.0,9480.0,brown,1
J1896,I4826,9582.0,9586.0,green,2
J1896,I5082,10071.0,10072.0,green,1
J1896,I6042,11742.0,11743.0,green,1
J32,I163,218.0,220.0,green,1
J32,I2083,3870.0,3875.0,green,1
J684,I47,59.0,60.0,green,1
J684,I79,108.0,109.0,brown,1
J1805,I5245,10369.0,10370.0,green,1
J1805,I5357,10584.0,10589.0,green,2
J1805,I5405,10675.0,10676.0,brown,1
J250,I520,806.0,808.0,green,1
J250,I648,1054.0,1056.0,green,1
J250,I968,1596.0,1601.0,green,1
J225,I603,963.0,966.0,green,2
J225,I635,1024.0,1025.0,green,1
J225,I791,1292.0,1294.0,green,1
J225,I827,1355.0,1357.0,green,2
J146,I90,122.0,123.0,green,1
J146,I250,348.0,349.0,green,1
J146,I410,598.0,600.0,green,2
J146,I442,663.0,664.0,green,1
J146,I1050,1759.0,1761.0,green,1
J1791,I4112,8204.0,8213.0,green,4
J1310,I795,1302.0,1303.0,green,1
J1310,I955,1571.0,1575.0,green,4
J1310,I1244,2150.0,2154.0,brown,1
J374,I1244,2150.0,2154.0,brown,1
J374,I2077,3857.0,3858.0,green,1
J374,I2461,4613.0,4615.0,green,1
J374,I3101,6046.0,6052.0,green,1
J483,I1395,2440.0,2441.0,green,1
J483,I1459,2547.0,2549.0,green,2
J483,I1523,2690.0,2692.0,green,1
J483,I1879,3414.0,3418.0,green,1
J483,I1943,3563.0,3567.0,green,1
J314,I1011,1691.0,1692.0,brown,1
J1101,I1566,2757.0,2762.0,green,1
J1101,I2430,4548.0,4554.0,green,2
J1101,I3102,6052.0,6055.0,green,3
J52,I244,339.0,340.0,brown,1
J52,I2133,3967.0,3972.0,green,1
J52,I4709,9382.0,9384.0,green,1
J52,I5271,10415.0,10420.0,green,1
J52,I5365,10602.0,10603.0,green,1
J132,I432,636.0,637.0,green,1
J132,I1520,2677.0,2682.0,green,2
J132,I3152,6168.0,6179.0,green,1
J132,I3248,6376.0,6380.0,green,1
J1721,I3729,7418.0,7419.0,brown,1
J1721,I3825,7592.0,7593.0,brown,1
J508,I1515,2670.0,2671.0,green,1
J508,I3483,6905.0,6920.0,green,3
J508,I3499,6950.0,6952.0,green,1
J1294,I2228,4153.0,4155.0,green,1
J1294,I5540,10909.0,10910.0,green,1
J1294,I5620,11072.0,11073.0,green,1
J1385,I3169,6218.0,6221.0,green,3
J1385,I3329,6561.0,6563.0,green,1
J778,I2015,3726.0,3733.0,green,2
J778,I2023,3748.0,3754.0,green,1
J778,I2106,3925.0,3927.0,brown,1
J778,I2403,4488.0,4489.0,green,1
J1575,I2580,4883.0,4885.0,green,1
J1575,I2611,4940.0,4943.0,brown,1
J1575,I5927,11567.0,11568.0,green,1
J1575,I6166,11938.0,11941.0,green,2
J1727,I4786,9516.0,9519.0,green,2
J1727,I5650,11119.0,11124.0,green,1
J649,I478,717.0,719.0,brown,1
J649,I510,788.0,789.0,brown,1
J649,I1215,2073.0,2074.0,green,1
J649,I2911,5652.0,5657.0,green,1
J649,I3391,6701.0,6708.0,green,1
J444,I918,1508.0,1510.0,brown,1
J444,I1463,2556.0,2557.0,green,1
J444,I4695,9349.0,9350.0,green,1
J550,I1090,1857.0,1858.0,green,1
J550,I2210,4115.0,4121.0,green,1
J550,I2690,5113.0,5115.0,green,2
J550,I4722,9414.0,9417.0,green,1
J223,I1306,2265.0,2270.0,green,1
J223,I2890,5602.0,5604.0,green,1
J223,I3170,6221.0,6226.0,green,1
J223,I3225,6329.0,6330.0,brown,1
J223,I3577,7095.0,7096.0,brown,1
J779,I742,1198.0,1201.0,green,1
J779,I1814,3275.0,3277.0,green,1
J1387,I3489,6933.0,6934.0,green,1
J1387,I3521,6988.0,6990.0,green,1
J1387,I3681,7311.0,7312.0,green,1
J1387,I3841,7620.0,7622.0,green,1
J1972,I6105,11845.0,11847.0,green,2
J1972,I6121,11869.0,11872.0,green,2
J1936,I4491,8922.0,8923.0,green,1
J1936,I4683,9317.0,9318.0,brown,1
J1936,I4779,9505.0,9507.0,brown,1
J1936,I6066,11776.0,11777.0,green,1
J1730,I3726,7414.0,7415.0,green,1
J1730,I4046,8041.0,8045.0,green,4
J1730,I5486,10810.0,10811.0,green,1
J122,I806,1317.0,1318.0,green,1
J122,I1606,2839.0,2843.0,green,1
J122,I1702,3022.0,3025.0,green,1
J122,I2566,4852.0,4853.0,green,1
J122,I3878,7694.0,7696.0,green,2
J540,I1502,2642.0,2644.0,brown,2
J1000,I2803,5377.0,5389.0,green,2
J1000,I3699,7348.0,7351.0,green,2
J1000,I4379,8721.0,8723.0,green,1
J790,I1804,3248.0,3253.0,green,4
J1706,I1965,3616.0,3624.0,green,6
J1595,I4216,8410.0,8411.0,brown,1
J1595,I4295,8560.0,8562.0,green,1
J1595,I4344,8658.0,8660.0,brown,1
J1595,I4697,9353.0,9355.0,green,1
J638,I1970,3636.0,3637.0,green,1
J638,I2258,4200.0,4202.0,green,1
J638,I3922,7804.0,7807.0,brown,1
J638,I4250,8475.0,8483.0,green,3
J911,I2347,4381.0,4382.0,green,1
J911,I2379,4435.0,4436.0,brown,1
J911,I2667,5066.0,5067.0,green,1
J911,I3659,7272.0,7276.0,green,3
J1075,I2193,4085.0,4086.0,green,1
J1075,I2257,4199.0,4200.0,green,1
J1075,I2321,4322.0,4323.0,green,1
J1075,I2355,4400.0,4401.0,brown,1
J1075,I2417,4516.0,4518.0,green,2
J87,I365,527.0,535.0,green,1
J87,I561,898.0,900.0,green,2
J87,I705,1142.0,1147.0,green,2
J87,I849,1386.0,1387.0,green,1
J996,I1512,2662.0,2663.0,green,1
J1917,I4600,9134.0,9135.0,green,1
J1917,I4696,9350.0,9353.0,green,3
J1917,I4952,9828.0,9829.0,green,1
J1917,I5112,10133.0,10134.0,green,1
J1346,I3744,7441.0,7442.0,brown,1
J1346,I5413,10687.0,10690.0,green,2
J1346,I5481,10799.0,10802.0,green,1
J1109,I2518,4734.0,4735.0,brown,1
J1109,I4855,9643.0,9646.0,green,1
J1109,I4887,9705.0,9706.0,green,1
J903,I1621,2866.0,2868.0,brown,1
J903,I2966,5760.0,5762.0,green,2
J903,I4374,8712.0,8714.0,brown,1
J903,I4438,8834.0,8837.0,brown,1
J903,I4534,9005.0,9007.0,green,1
J1088,I1296,2248.0,2250.0,brown,1
J1088,I1393,2435.0,2439.0,green,1
J1088,I1425,2482.0,2485.0,green,1
J1088,I1489,2613.0,2617.0,green,3
J1302,I3405,6744.0,6746.0,green,1
J1302,I3437,6807.0,6812.0,green,1
J1302,I5101,10110.0,10111.0,green,1
J1872,I5698,11199.0,11203.0,green,4
J1872,I5730,11244.0,11247.0,green,1
J1650,I3658,7265.0,7272.0,green,1
J1650,I5326,10530.0,10531.0,green,1
J1650,I5546,10922.0,10925.0,green,2
J1656,I1462,2553.0,2556.0,green,3
J1656,I1814,3275.0,3277.0,green,1
J1656,I5430,10710.0,10715.0,green,1
J1656,I5846,11432.0,11433.0,green,1
J552,I3133,6123.0,6127.0,brown,1
J552,I3326,6555.0,6559.0,green,1
J552,I3390,6700.0,6701.0,green,1
J552,I4382,8729.0,8730.0,green,1
J676,I1869,3385.0,3387.0,green,2
J676,I1901,3459.0,3469.0,green,3
J676,I2973,5772.0,5774.0,green,1
J1424,I3336,6579.0,6580.0,green,1
J1424,I3368,6647.0,6651.0,green,1
J1424,I3944,7848.0,7849.0,brown,1
J1424,I4008,7968.0,7970.0,brown,1
J1424,I6122,11872.0,11874.0,green,1
J202,I995,1653.0,1654.0,green,1
J202,I1731,3079.0,3081.0,brown,2
J202,I3239,6360.0,6362.0,green,2
J324,I1175,2000.0,2001.0,green,1
J324,I1239,2133.0,2144.0,green,2
J252,I791,1292.0,1294.0,green,1
J252,I823,1350.0,1352.0,green,2
J252,I1207,2057.0,2058.0,brown,1
J252,I1335,2322.0,2323.0,brown,1
J252,I1847,3343.0,3344.0,green,1
J713,I1781,3199.0,3200.0,brown,1
J713,I1782,3200.0,3206.0,green,1
J713,I1813,3273.0,3275.0,brown,2
J713,I1877,3406.0,3409.0,green,1
J713,I2664,5060.0,5064.0,green,1
J1250,I3011,5856.0,5858.0,green,2
J1250,I4035,8018.0,8019.0,green,1
J210,I2306,4290.0,4292.0,brown,1
J210,I4642,9219.0,9220.0,brown,1
J210,I5379,10627.0,10632.0,green,3
J1628,I1998,3689.0,3691.0,brown,1
J1628,I2031,3774.0,3777.0,green,2
J1628,I2575,4870.0,4875.0,green,1
J1628,I3343,6595.0,6597.0,green,1
J1628,I4014,7976.0,7977.0,brown,1
J1844,I5350,10570.0,10573.0,green,2
J1844,I6054,11759.0,11760.0,green,1
J1615,I4025,7999.0,8000.0,brown,1
J1615,I4026,8000.0,8007.0,green,2
J1615,I4122,8228.0,8229.0,green,1
J1615,I4154,8305.0,8306.0,brown,1
J1615,I4638,9210.0,9213.0,green,1
J1568,I973,1610.0,1612.0,brown,2
J1568,I3630,7208.0,7211.0,green,1
J1568,I5230,10340.0,10343.0,green,1
J1568,I5614,11052.0,11054.0,green,1
J414,I1187,2023.0,2026.0,green,1
J414,I4315,8598.0,8601.0,green,1
J285,I433,637.0,642.0,green,4
J285,I4305,8578.0,8581.0,green,2
J1678,I2698,5131.0,5138.0,green,1
J1678,I5114,10135.0,10137.0,green,1
J1678,I5162,10210.0,10212.0,green,1
J1678,I5642,11105.0,11106.0,green,1
J481,I1467,2564.0,2568.0,green,4
J481,I1787,3214.0,3219.0,green,1
J1926,I5482,10802.0,10804.0,green,1
J1926,I5614,11052.0,11054.0,green,1
J760,I1789,3220.0,3221.0,green,1
J760,I1853,3351.0,3353.0,green,1
J760,I2237,4167.0,4168.0,brown,1
J760,I2653,5020.0,5023.0,green,1
J760,I2877,5563.0,5564.0,brown,1
J1063,I487,735.0,737.0,brown,2
J1063,I551,864.0,865.0,brown,1
J1063,I711,1158.0,1159.0,brown,1
J1863,I3392,6708.0,6709.0,green,1
J1863,I3456,6847.0,6848.0,brown,1
J1863,I3616,7175.0,7177.0,brown,1
J1863,I4832,9599.0,9600.0,green,1
J370,I55,68.0,69.0,green,1
J370,I1239,2133.0,2144.0,green,1
J1865,I4728,9425.0,9426.0,green,1
J1865,I4792,9527.0,9529.0,green,1
J1865,I5176,10241.0,10244.0,brown,1
J1866,I2928,5684.0,5691.0,brown,1
J1866,I5713,11220.0,11221.0,green,1
J1866,I6165,11936.0,11938.0,green,2
J1866,I6179,11958.0,11959.0,green,1
J1866,I6181,11960.0,11962.0,green,1
J1732,I3161,6194.0,6203.0,green,3
J1732,I3289,6462.0,6464.0,green,1
J1732,I4921,9774.0,9778.0,green,1
J1114,I3434,6798.0,6804.0,green,2
J1114,I4074,8120.0,8132.0,green,1
J1114,I4314,8595.0,8598.0,green,1
J1099,I2411,4508.0,4509.0,green,1
J1099,I2443,4586.0,4589.0,brown,1
J1099,I2459,4609.0,4611.0,brown,1
J1099,I2635,4976.0,4978.0,green,1
J1099,I3483,6905.0,6920.0,green,2
J221,I575,919.0,921.0,brown,1
J221,I1104,1880.0,1888.0,green,4
J221,I3248,6376.0,6380.0,green,1
J914,I3421,6774.0,6775.0,brown,1
J914,I3594,7134.0,7137.0,green,1
J914,I4026,8000.0,8007.0,green,2
J683,I1526,2696.0,2697.0,brown,1
J683,I3063,5963.0,5964.0,green,1
J415,I1531,2701.0,2702.0,brown,1
J415,I3792,7521.0,7524.0,green,1
J951,I1730,3077.0,3079.0,green,1
J951,I2882,5580.0,5581.0,green,1
J951,I3074,5983.0,5989.0,green,1
J1236,I2036,3785.0,3788.0,green,1
J1236,I3660,7276.0,7283.0,green,2
J1983,I5688,11183.0,11185.0,green,1
J1983,I5816,11381.0,11383.0,green,1
J1983,I6040,11738.0,11740.0,green,1
J1983,I6072,11790.0,11791.0,green,1
J1983,I6104,11842.0,11845.0,green,2
J537,I984,1635.0,1637.0,brown,1
J537,I4568,9065.0,9067.0,brown,1
J1558,I3725,7412.0,7414.0,green,2
J1558,I3757,7461.0,7463.0,brown,1
J1558,I4109,8197.0,8199.0,green,1
J1558,I4877,9692.0,9694.0,green,1
J1311,I2553,4822.0,4825.0,green,3
J1876,I2227,4152.0,4153.0,green,1
J1876,I2387,4453.0,4454.0,brown,1
J1876,I5523,10882.0,10883.0,green,1
J1876,I5619,11067.0,11072.0,green,1
J1253,I1971,3637.0,3640.0,green,2
J1253,I2803,5377.0,5389.0,green,1
J1253,I4507,8953.0,8954.0,green,1
J1560,I2996,5811.0,5814.0,brown,1
J1560,I3509,6970.0,6972.0,green,2
J1560,I3925,7810.0,7813.0,green,1
J1560,I4437,8816.0,8834.0,green,2
J1244,I1114,1903.0,1904.0,green,1
J1244,I3482,6895.0,6905.0,green,1
J1244,I5274,10423.0,10424.0,green,1
J1484,I4156,8307.0,8308.0,green,1
J1484,I4508,8954.0,8959.0,green,1
J1484,I5752,11278.0,11284.0,green,1
J921,I865,1409.0,1415.0,green,5
J921,I2848,5489.0,5490.0,brown,1
J613,I1801,3243.0,3246.0,green,3
J613,I1897,3449.0,3450.0,green,1
J613,I1961,3606.0,3608.0,green,2
J333,I949,1562.0,1564.0,green,1
J333,I997,1657.0,1663.0,green,1
J333,I1429,2495.0,2500.0,green,2
J738,I3350,6616.0,6619.0,green,1
J738,I4054,8068.0,8074.0,green,1
J738,I4566,9058.0,9060.0,green,1
J627,I1649,2922.0,2931.0,green,1
J627,I1681,2978.0,2979.0,green,1
J627,I1761,3138.0,3144.0,green,2
J1118,I3315,6533.0,6540.0,green,1
J1118,I3474,6883.0,6884.0,brown,1
J1118,I3762,7470.0,7471.0,brown,1
J1118,I3835,7609.0,7613.0,green,1
J1118,I3922,7804.0,7807.0,brown,1
J479,I1302,2258.0,2261.0,brown,1
J479,I1334,2321.0,2322.0,brown,1
J479,I2831,5450.0,5455.0,green,1
J422,I1976,3646.0,3655.0,green,3
J678,I2009,3710.0,3712.0,brown,1
J678,I2778,5330.0,5333.0,green,2
J678,I4794,9530.0,9532.0,green,2
J601,I1407,2455.0,2456.0,brown,1
J872,I642,1038.0,1043.0,green,1
J872,I4641,9217.0,9219.0,brown,1
J872,I4858,9648.0,9650.0,green,1
J19,I67,89.0,90.0,green,1
J19,I4579,9094.0,9097.0,green,2
J19,I4691,9331.0,9338.0,green,1
J19,I4771,9493.0,9495.0,green,2
J629,I116,162.0,163.0,brown,1
J629,I148,201.0,202.0,brown,1
J629,I1204,2049.0,2051.0,brown,1
J629,I3925,7810.0,7813.0,green,1
J1589,I4487,8915.0,8918.0,brown,3
J1589,I4551,9033.0,9037.0,brown,2
J1415,I954,1568.0,1571.0,brown,1
J1415,I1019,1711.0,1716.0,green,1
J1415,I4107,8194.0,8195.0,green,1
J1415,I4539,9014.0,9016.0,brown,1
J1072,I2396,4474.0,4475.0,brown,1
J1072,I2716,5177.0,5179.0,brown,1
J1072,I5309,10496.0,10497.0,green,1
J1072,I5565,10960.0,10964.0,green,2
J313,I322,461.0,462.0,green,1
J313,I390,568.0,569.0,brown,1
J313,I450,673.0,674.0,green,1
J313,I2146,3990.0,3994.0,green,1
J1270,I1930,3524.0,3525.0,green,1
J1270,I1994,3682.0,3684.0,green,1
J1270,I2090,3894.0,3895.0,green,1
J1270,I2474,4648.0,4650.0,green,1
J1270,I3850,7639.0,7641.0,green,1
J1306,I997,1657.0,1663.0,green,1
J1306,I1061,1782.0,1784.0,green,2
J1306,I3653,7251.0,7261.0,green,1
J1306,I4005,7960.0,7961.0,green,1
J1306,I4159,8310.0,8312.0,green,1
J327,I33,39.0,40.0,green,1
J327,I65,85.0,87.0,green,2
J327,I2209,4112.0,4115.0,green,1
J327,I4097,8169.0,8174.0,green,2
J1930,I303,428.0,429.0,brown,1
J1930,I2736,5231.0,5232.0,green,1
J1930,I6112,11854.0,11856.0,green,1
J1930,I6160,11930.0,11931.0,green,1
J1887,I1915,3488.0,3489.0,brown,1
J1887,I1947,3572.0,3573.0,brown,1
J1887,I5244,10366.0,10369.0,green,1
J1887,I5788,11339.0,11344.0,green,1
J1887,I5908,11537.0,11546.0,green,1
J1887,I5980,11645.0,11646.0,green,1
J564,I1259,2179.0,2180.0,green,1
J564,I1291,2231.0,2233.0,green,2
J564,I1355,2362.0,2363.0,green,1
J564,I2299,4279.0,4282.0,green,2
J1240,I3602,7145.0,7149.0,green,4
J1240,I3698,7347.0,7348.0,green,1
J1240,I3954,7869.0,7871.0,green,1
J302,I485,732.0,734.0,green,2
J302,I709,1152.0,1154.0,green,1
J302,I1049,1758.0,1759.0,green,1
J435,I3202,6282.0,6285.0,green,3
J435,I5090,10089.0,10090.0,green,1
J435,I5986,11655.0,11658.0,green,2
J515,I4129,8242.0,8246.0,green,3
J1293,I2012,3716.0,3717.0,green,1
J1293,I3004,5832.0,5836.0,green,1
J1293,I4476,8898.0,8903.0,green,1
J1293,I4956,9835.0,9847.0,green,1
J271,I911,1493.0,1496.0,green,3
J271,I975,1613.0,1614.0,brown,1
J271,I1007,1684.0,1686.0,green,2
J531,I1009,1687.0,1688.0,green,1
J531,I1649,2922.0,2931.0,green,3
J531,I1745,3104.0,3109.0,green,1
J531,I3647,7240.0,7242.0,green,1
J174,I297,417.0,419.0,green,1
J174,I1065,1794.0,1795.0,green,1
J174,I3049,5929.0,5930.0,brown,1
J741,I1967,3628.0,3634.0,green,5
J741,I3183,6248.0,6252.0,green,1
J824,I5667,11147.0,11148.0,green,1
J824,I5795,11352.0,11353.0,green,1
J824,I5907,11533.0,11537.0,green,3
J246,I850,1387.0,1388.0,green,1
J246,I978,1621.0,1623.0,green,2
J246,I1138,1942.0,1945.0,green,2
J246,I1234,2127.0,2129.0,green,1
J1841,I2134,3972.0,3974.0,brown,2
J1841,I4759,9475.0,9476.0,green,1
J1841,I4983,9909.0,9911.0,green,2
J1089,I792,1294.0,1296.0,green,1
J1089,I1144,1953.0,1957.0,green,1
J1089,I1656,2940.0,2945.0,green,1
J1089,I3160,6191.0,6194.0,green,1
J404,I3592,7124.0,7132.0,green,1
J404,I3716,7384.0,7388.0,green,1
J404,I3779,7499.0,7501.0,brown,1
J404,I3784,7508.0,7511.0,green,3
J361,I556,875.0,882.0,green,4
J361,I811,1325.0,1327.0,brown,1
J1175,I2102,3914.0,3915.0,brown,1
J1175,I2135,3974.0,3975.0,green,1
J1175,I2775,5315.0,5326.0,green,4
J419,I1428,2492.0,2495.0,green,3
J1487,I3302,6496.0,6500.0,green,1
J1643,I2104,3916.0,3919.0,brown,2
J1643,I2297,4276.0,4277.0,green,1
J1643,I5785,11334.0,11337.0,green,1
J1493,I2723,5188.0,5190.0,brown,1
J1493,I3172,6228.0,6229.0,green,1
J1493,I3512,6975.0,6977.0,green,2
J1493,I4260,8496.0,8498.0,green,1
J1493,I4868,9668.0,9672.0,green,1
J1893,I1444,2522.0,2525.0,green,2
J1893,I5668,11148.0,11149.0,green,1
J1893,I5764,11302.0,11303.0,green,1
J1893,I5924,11563.0,11565.0,green,1
J158,I373,545.0,546.0,brown,1
J158,I4662,9269.0,9272.0,green,2
J158,I5430,10710.0,10715.0,green,1
J320,I1369,2388.0,2399.0,green,3
J320,I3832,7603.0,7606.0,brown,1
J320,I4921,9774.0,9778.0,green,2
J799,I42,49.0,51.0,green,1
J799,I298,419.0,423.0,green,3
J799,I362,523.0,524.0,green,1
J799,I4042,8036.0,8037.0,green,1
J1241,I2088,3882.0,3887.0,green,2
J1241,I2248,4184.0,4188.0,green,2
J1199,I2338,4357.0,4360.0,green,3
J1923,I4240,8456.0,8459.0,green,3
J1923,I4272,8520.0,8523.0,green,1
J846,I1321,2293.0,2296.0,green,3
J846,I1353,2356.0,2360.0,green,1
J846,I1385,2420.0,2422.0,green,2
J201,I350,506.0,507.0,brown,1
J201,I378,550.0,551.0,brown,1
J201,I603,963.0,966.0,green,1
J201,I606,970.0,973.0,brown,1
J413,I2575,4870.0,4875.0,green,1
J413,I3790,7518.0,7520.0,brown,1
J413,I4271,8516.0,8520.0,green,4
J20,I281,391.0,392.0,brown,1
J20,I794,1299.0,1302.0,green,1
J20,I858,1397.0,1399.0,green,1
J41,I98,135.0,136.0,green,1
J41,I162,217.0,218.0,green,1
J41,I3026,5878.0,5887.0,green,1
J41,I3294,6481.0,6482.0,green,1
J206,I408,591.0,597.0,green,4
J206,I440,657.0,659.0,green,2
J553,I1718,3058.0,3060.0,green,2
J1793,I5969,11630.0,11631.0,green,1
J1793,I6065,11772.0,11776.0,green,1
J1793,I6129,11882.0,11884.0,green,1
J1975,I2705,5151.0,5153.0,green,1
J1975,I3025,5876.0,5878.0,green,1
J1975,I6129,11882.0,11884.0,green,1
J1975,I6161,11931.0,11932.0,green,1
J698,I2402,4484.0,4488.0,brown,1
J698,I3811,7564.0,7573.0,green,5
J899,I2213,4123.0,4126.0,green,1
J899,I2244,4177.0,4180.0,brown,1
J899,I3461,6855.0,6857.0,green,1
J761,I649,1056.0,1059.0,brown,1
J761,I1098,1873.0,1874.0,green,1
J761,I1514,2665.0,2670.0,green,3
J83,I328,470.0,475.0,green,1
J83,I1384,2418.0,2420.0,green,1
J502,I671,1089.0,1091.0,green,2
J502,I1279,2205.0,2210.0,green,1
J502,I2239,4169.0,4172.0,green,1
J219,I499,762.0,764.0,green,2
J219,I1171,1995.0,1997.0,green,2
J219,I1203,2047.0,2049.0,green,2
J1128,I1682,2979.0,2982.0,brown,1
J1128,I1971,3637.0,3640.0,green,1
J1128,I3650,7244.0,7246.0,brown,1
J1128,I3976,7916.0,7917.0,green,1
J1522,I4366,8695.0,8699.0,green,4
J1522,I4430,8804.0,8809.0,green,1
J1090,I2898,5627.0,5631.0,brown,2
J1090,I4851,9630.0,9635.0,green,1
J99,I1247,2157.0,2160.0,green,1
J99,I1528,2698.0,2699.0,green,1
J226,I182,251.0,253.0,green,1
J226,I1590,2808.0,2811.0,green,1
J226,I1782,3200.0,3206.0,green,1
J226,I2262,4208.0,4209.0,green,1
J1146,I1365,2376.0,2379.0,green,1
J1146,I1716,3055.0,3057.0,brown,1
J1146,I3381,6682.0,6685.0,green,1
J1146,I3463,6859.0,6863.0,green,1
J1146,I4305,8578.0,8581.0,green,1
J1977,I4574,9082.0,9090.0,green,1
J999,I1127,1922.0,1926.0,green,2
J999,I1863,3366.0,3370.0,green,1
J999,I3255,6394.0,6397.0,green,2
J906,I426,621.0,623.0,brown,2
J1535,I2984,5790.0,5794.0,green,1
J1535,I3400,6724.0,6735.0,green,3
J917,I3184,6252.0,6255.0,green,1
J917,I6022,11717.0,11718.0,green,1
J917,I6128,11881.0,11882.0,green,1
J917,I6170,11946.0,11949.0,green,1
J917,I6181,11960.0,11962.0,green,1
J1428,I1810,3265.0,3269.0,green,1
J1428,I1938,3545.0,3550.0,green,3
J1428,I4273,8523.0,8525.0,brown,2
J1873,I3242,6365.0,6368.0,green,2
J1873,I3434,6798.0,6804.0,green,1
J1873,I3754,7456.0,7459.0,green,1
J1371,I2581,4885.0,4888.0,green,2
J1523,I2039,3793.0,3796.0,brown,2
J1523,I2072,3842.0,3847.0,green,1
J1523,I4664,9274.0,9275.0,green,1
J1523,I5688,11183.0,11185.0,green,1
J10,I38,45.0,46.0,green,1
J10,I102,141.0,142.0,green,1
J10,I358,516.0,517.0,green,1
J10,I454,679.0,681.0,green,1
J10,I1766,3151.0,3173.0,green,1
J455,I1487,2609.0,2610.0,green,1
J455,I1551,2736.0,2737.0,brown,1
J455,I2559,4835.0,4837.0,brown,1
J455,I2895,5617.0,5619.0,green,1
